/*--------------------------------*- C++ -*----------------------------------*\
| =========                 |                                                 |
| \\      /  F ield         | OpenFOAM: The Open Source CFD Toolbox           |
|  \\    /   O peration     | Version:  2312                                  |
|   \\  /    A nd           | Website:  www.openfoam.com                      |
|    \\/     M anipulation  |                                                 |
\*---------------------------------------------------------------------------*/
FoamFile
{
    version     2.0;
    format      ascii;
    arch        "LSB;label=32;scalar=64";
    class       volScalarField;
    location    "10/phiEA";
    object      T;
}
// * * * * * * * * * * * * * * * * * * * * * * * * * * * * * * * * * * * * * //

dimensions      [0 0 0 1 0 0 0];

internalField   nonuniform List<scalar> 
20000
(
313.1266
313.1251
313.1257
313.1266
313.1219
313.1242
313.1252
313.1248
313.1258
313.1267
313.1163
313.1207
313.122
313.1232
313.1242
313.1253
313.124
313.1249
313.1259
313.1268
313.108
313.1149
313.1165
313.1196
313.1208
313.1221
313.1223
313.1233
313.1243
313.1254
313.1233
313.1241
313.125
313.126
313.1269
313.0969
313.1061
313.1081
313.1135
313.115
313.1166
313.1186
313.1197
313.121
313.1222
313.1216
313.1224
313.1234
313.1245
313.1255
313.1227
313.1234
313.1242
313.1251
313.1261
313.1271
313.0856
313.0944
313.0971
313.1042
313.1062
313.1083
313.1123
313.1136
313.1152
313.1167
313.1178
313.1187
313.1198
313.1211
313.1223
313.1209
313.1217
313.1225
313.1235
313.1246
313.1256
313.1219
313.1228
313.1235
313.1243
313.1252
313.1262
313.1272
313.076
313.0825
313.0858
313.092
313.0946
313.0972
313.1027
313.1044
313.1064
313.1085
313.1112
313.1124
313.1138
313.1153
313.1169
313.1169
313.1179
313.1189
313.12
313.1212
313.1225
313.12
313.121
313.1218
313.1227
313.1236
313.1247
313.1258
313.1208
313.122
313.1229
313.1236
313.1245
313.1254
313.1264
313.1274
313.0691
313.0723
313.0762
313.0795
313.0826
313.086
313.09
313.0922
313.0947
313.0974
313.1013
313.1028
313.1046
313.1066
313.1087
313.1102
313.1114
313.1126
313.114
313.1155
313.1171
313.116
313.1171
313.118
313.119
313.1201
313.1214
313.1227
313.1189
313.1201
313.1211
313.1219
313.1228
313.1238
313.1249
313.126
313.1195
313.1209
313.1221
313.123
313.1238
313.1246
313.1255
313.1266
313.1276
313.0655
313.065
313.0693
313.0688
313.0725
313.0764
313.077
313.0797
313.0828
313.0862
313.0882
313.0901
313.0924
313.0949
313.0977
313.1
313.1015
313.103
313.1048
313.1068
313.1089
313.109
313.1104
313.1115
313.1128
313.1142
313.1157
313.1174
313.1147
313.1161
313.1172
313.1181
313.1192
313.1203
313.1216
313.1229
313.1175
313.119
313.1202
313.1212
313.1221
313.123
313.124
313.1251
313.1262
313.1183
313.1196
313.121
313.1222
313.1231
313.1239
313.1248
313.1257
313.1268
313.1278
313.0655
313.0613
313.0657
313.0612
313.0652
313.0695
313.0659
313.069
313.0727
313.0766
313.0748
313.0772
313.0799
313.083
313.0864
313.0865
313.0884
313.0903
313.0926
313.0952
313.0979
313.0985
313.1002
313.1016
313.1032
313.105
313.107
313.1092
313.1076
313.1092
313.1105
313.1117
313.113
313.1144
313.116
313.1176
313.1132
313.1148
313.1162
313.1173
313.1183
313.1194
313.1205
313.1218
313.1231
313.1163
313.1176
313.1191
313.1204
313.1214
313.1222
313.1231
313.1242
313.1253
313.1264
313.1171
313.1184
313.1197
313.1211
313.1223
313.1233
313.1241
313.125
313.1259
313.127
313.1289
313.0691
313.0613
313.0657
313.0573
313.0615
313.066
313.058
313.0614
313.0654
313.0697
313.0634
313.0661
313.0692
313.0729
313.0768
313.0727
313.075
313.0774
313.0801
313.0833
313.0867
313.0846
313.0867
313.0885
313.0905
313.0928
313.0954
313.0982
313.0967
313.0987
313.1003
313.1019
313.1034
313.1053
313.1073
313.1095
313.1059
313.1077
313.1093
313.1107
313.1119
313.1132
313.1146
313.1163
313.1179
313.1119
313.1134
313.115
313.1164
313.1175
313.1185
313.1196
313.1208
313.1221
313.1234
313.1151
313.1164
313.1178
313.1192
313.1205
313.1215
313.1224
313.1234
313.1244
313.1255
313.1276
313.1159
313.1172
313.1185
313.1198
313.1213
313.1225
313.1235
313.1243
313.1252
313.1261
313.1282
313.1312
313.076
313.065
313.0693
313.0573
313.0615
313.066
313.054
313.0575
313.0617
313.0662
313.0553
313.0582
313.0617
313.0657
313.07
313.061
313.0636
313.0663
313.0695
313.0732
313.0771
313.0704
313.0729
313.0752
313.0776
313.0803
313.0836
313.087
313.0824
313.0848
313.0869
313.0888
313.0908
313.0931
313.0957
313.0985
313.0948
313.0969
313.0989
313.1006
313.1021
313.1037
313.1056
313.1076
313.1098
313.1044
313.1061
313.1079
313.1095
313.1109
313.1121
313.1134
313.1149
313.1165
313.1182
313.1106
313.112
313.1135
313.1151
313.1165
313.1177
313.1187
313.1198
313.121
313.1223
313.1248
313.1139
313.1152
313.1165
313.1179
313.1194
313.1207
313.1217
313.1226
313.1236
313.1246
313.1268
313.1302
313.1148
313.116
313.1173
313.1186
313.12
313.1214
313.1227
313.1237
313.1245
313.1254
313.1274
313.1306
313.1338
313.0856
313.0723
313.0762
313.0612
313.0652
313.0695
313.054
313.0575
313.0617
313.0662
313.0511
313.0542
313.0577
313.0619
313.0665
313.0526
313.0555
313.0585
313.0619
313.066
313.0703
313.0583
313.0612
313.0638
313.0666
313.0697
313.0735
313.0775
313.0678
313.0706
313.0731
313.0754
313.0778
313.0806
313.0839
313.0873
313.08
313.0826
313.085
313.0871
313.089
313.0911
313.0934
313.096
313.0988
313.093
313.095
313.0971
313.0991
313.1008
313.1024
313.104
313.1059
313.108
313.1101
313.103
313.1046
313.1063
313.1081
313.1097
313.1111
313.1124
313.1137
313.1152
313.1168
313.1199
313.1094
313.1108
313.1122
313.1137
313.1153
313.1168
313.1179
313.119
313.1201
313.1213
313.1238
313.1278
313.1128
313.114
313.1153
313.1167
313.1181
313.1196
313.1209
313.1219
313.1229
313.1238
313.126
313.1295
313.1329
313.1138
313.1149
313.1162
313.1175
313.1188
313.1202
313.1216
313.1229
313.1239
313.1247
313.1267
313.13
313.1333
313.1364
313.0969
313.0825
313.0858
313.0688
313.0725
313.0764
313.058
313.0614
313.0654
313.0697
313.0511
313.0542
313.0577
313.0619
313.0665
313.0483
313.0513
313.0544
313.058
313.0622
313.0668
313.0497
313.0528
313.0557
313.0587
313.0622
313.0663
313.0707
313.0554
313.0585
313.0614
313.064
313.0668
313.07
313.0738
313.0778
313.065
313.068
313.0708
313.0733
313.0757
313.0781
313.0809
313.0842
313.0877
313.0779
313.0802
313.0828
313.0852
313.0873
313.0893
313.0914
313.0937
313.0964
313.0992
313.0913
313.0932
313.0952
313.0973
313.0993
313.1011
313.1027
313.1044
313.1062
313.1083
313.1121
313.1016
313.1032
313.1048
313.1065
313.1083
313.11
313.1114
313.1127
313.114
313.1155
313.1186
313.1235
313.1082
313.1095
313.1109
313.1124
313.1139
313.1155
313.117
313.1182
313.1192
313.1203
313.1228
313.127
313.131
313.1117
313.1129
313.1142
313.1155
313.1169
313.1183
313.1198
313.1211
313.1222
313.1231
313.1252
313.1288
313.1324
313.1358
313.1128
313.1139
313.1151
313.1164
313.1177
313.119
313.1204
313.1218
313.1231
313.1241
313.1261
313.1294
313.1327
313.1361
313.1392
313.108
313.0944
313.0971
313.0795
313.0826
313.086
313.0659
313.069
313.0727
313.0766
313.0553
313.0582
313.0617
313.0657
313.07
313.0483
313.0513
313.0544
313.058
313.0622
313.0668
313.0453
313.0485
313.0515
313.0547
313.0583
313.0625
313.0671
313.0465
313.0499
313.0531
313.056
313.059
313.0625
313.0666
313.071
313.0523
313.0556
313.0587
313.0616
313.0643
313.0671
313.0704
313.0742
313.0782
313.0625
313.0652
313.0682
313.071
313.0736
313.076
313.0785
313.0813
313.0846
313.088
313.0759
313.0781
313.0805
313.083
313.0855
313.0876
313.0896
313.0917
313.094
313.0967
313.1012
313.0898
313.0915
313.0934
313.0954
313.0976
313.0996
313.1014
313.103
313.1047
313.1066
313.1104
313.1163
313.1003
313.1018
313.1034
313.105
313.1067
313.1086
313.1103
313.1117
313.113
313.1144
313.1174
313.1224
313.1276
313.1071
313.1083
313.1097
313.1111
313.1126
313.1141
313.1158
313.1172
313.1185
313.1195
313.122
313.1261
313.1304
313.1346
313.1107
313.1118
313.113
313.1143
313.1157
313.1171
313.1185
313.12
313.1214
313.1224
313.1246
313.1281
313.1318
313.1355
313.1389
313.112
313.113
313.1141
313.1153
313.1166
313.1179
313.1192
313.1206
313.1221
313.1233
313.1255
313.1289
313.1323
313.1357
313.139
313.1407
313.1163
313.1061
313.1081
313.092
313.0946
313.0972
313.077
313.0797
313.0828
313.0862
313.0634
313.0661
313.0692
313.0729
313.0768
313.0526
313.0555
313.0585
313.0619
313.066
313.0703
313.0453
313.0485
313.0515
313.0547
313.0583
313.0625
313.0671
313.042
313.0455
313.0487
313.0518
313.055
313.0586
313.0629
313.0675
313.0432
313.0467
313.0502
313.0533
313.0562
313.0593
313.0629
313.067
313.0714
313.0495
313.0525
313.0558
313.059
313.0619
313.0646
313.0675
313.0707
313.0745
313.0786
313.0602
313.0627
313.0655
313.0684
313.0713
313.0739
313.0763
313.0788
313.0816
313.0849
313.0902
313.074
313.0761
313.0783
313.0807
313.0833
313.0857
313.0879
313.09
313.0921
313.0944
313.0989
313.105
313.0883
313.0899
313.0918
313.0937
313.0957
313.0979
313.1
313.1018
313.1034
313.1051
313.1088
313.1148
313.1212
313.0991
313.1005
313.102
313.1036
313.1053
313.107
313.1089
313.1106
313.112
313.1133
313.1163
313.1214
313.1267
313.1321
313.1061
313.1072
313.1085
313.1099
313.1113
313.1128
313.1144
313.116
313.1175
313.1187
313.1212
313.1254
313.1297
313.1341
313.1383
313.1099
313.1108
313.112
313.1132
313.1145
313.1159
313.1173
313.1188
313.1203
313.1216
313.1239
313.1276
313.1313
313.135
313.1387
313.1406
313.1113
313.1121
313.1131
313.1143
313.1155
313.1168
313.1181
313.1195
313.1209
313.1223
313.1248
313.1283
313.1318
313.1353
313.1387
313.1405
313.141
313.1219
313.1149
313.1165
313.1042
313.1062
313.1083
313.09
313.0922
313.0947
313.0974
313.0748
313.0772
313.0799
313.083
313.0864
313.061
313.0636
313.0663
313.0695
313.0732
313.0771
313.0497
313.0528
313.0557
313.0587
313.0622
313.0663
313.0707
313.042
313.0455
313.0487
313.0518
313.055
313.0586
313.0629
313.0675
313.0385
313.0422
313.0457
313.049
313.0521
313.0553
313.059
313.0633
313.0679
313.0402
313.0434
313.047
313.0504
313.0536
313.0566
313.0597
313.0632
313.0674
313.0718
313.0469
313.0497
313.0527
313.0561
313.0593
313.0622
313.065
313.0679
313.0711
313.0749
313.0809
313.0581
313.0604
313.063
313.0657
313.0687
313.0716
313.0742
313.0766
313.0792
313.082
313.0872
313.0939
313.0723
313.0742
313.0763
313.0786
313.081
313.0836
313.0861
313.0883
313.0903
313.0924
313.0966
313.1028
313.1088
313.087
313.0885
313.0902
313.092
313.094
313.096
313.0982
313.1003
313.1021
313.1038
313.1074
313.1134
313.1199
313.127
313.0981
313.0993
313.1007
313.1022
313.1038
313.1055
313.1073
313.1092
313.1109
313.1124
313.1154
313.1205
313.1259
313.1316
313.1372
313.1052
313.1062
313.1074
313.1087
313.1101
313.1116
313.1131
313.1147
313.1163
313.1178
313.1205
313.1247
313.1291
313.1336
313.1381
313.1404
313.1091
313.11
313.111
313.1122
313.1134
313.1148
313.1162
313.1176
313.119
313.1205
313.1232
313.127
313.1308
313.1347
313.1384
313.1404
313.1409
313.1106
313.1114
313.1123
313.1133
313.1145
313.1157
313.117
313.1184
313.1197
313.1211
313.1239
313.1277
313.1314
313.135
313.1385
313.1404
313.1409
313.1415
313.1251
313.1207
313.122
313.1135
313.115
313.1166
313.1027
313.1044
313.1064
313.1085
313.0882
313.0901
313.0924
313.0949
313.0977
313.0727
313.075
313.0774
313.0801
313.0833
313.0867
313.0583
313.0612
313.0638
313.0666
313.0697
313.0735
313.0775
313.0465
313.0499
313.0531
313.056
313.059
313.0625
313.0666
313.071
313.0385
313.0422
313.0457
313.049
313.0521
313.0553
313.059
313.0633
313.0679
313.0354
313.0387
313.0424
313.046
313.0493
313.0524
313.0557
313.0594
313.0637
313.0684
313.0375
313.0404
313.0437
313.0472
313.0507
313.0539
313.0569
313.0601
313.0636
313.0678
313.0742
313.0445
313.0471
313.0499
313.053
313.0563
313.0596
313.0626
313.0654
313.0683
313.0715
313.0773
313.0847
313.0561
313.0583
313.0606
313.0632
313.066
313.069
313.0719
313.0746
313.077
313.0796
313.0843
313.091
313.0973
313.0708
313.0725
313.0745
313.0766
313.0789
313.0813
313.0839
313.0864
313.0887
313.0907
313.0947
313.1007
313.1068
313.1125
313.0858
313.0872
313.0887
313.0905
313.0923
313.0943
313.0964
313.0986
313.1007
313.1025
313.1061
313.1121
313.1187
313.1261
313.1343
313.0971
313.0982
313.0995
313.101
313.1025
313.1041
313.1059
313.1076
313.1095
313.1113
313.1145
313.1196
313.1252
313.131
313.1369
313.14
313.1044
313.1053
313.1064
313.1076
313.109
313.1104
313.1119
313.1134
313.115
313.1166
313.1196
313.1241
313.1286
313.1332
313.1378
313.1402
313.1408
313.1085
313.1092
313.1102
313.1112
313.1124
313.1137
313.115
313.1164
313.1179
313.1193
313.1222
313.1264
313.1304
313.1343
313.1382
313.1403
313.1408
313.1414
313.1101
313.1107
313.1115
313.1125
313.1135
313.1147
313.116
313.1173
313.1187
313.12
313.1228
313.1269
313.1309
313.1346
313.1382
313.1402
313.1407
313.1413
313.1419
313.1266
313.1242
313.1252
313.1196
313.1208
313.1221
313.1123
313.1136
313.1152
313.1167
313.1013
313.1028
313.1046
313.1066
313.1087
313.0865
313.0884
313.0903
313.0926
313.0952
313.0979
313.0704
313.0729
313.0752
313.0776
313.0803
313.0836
313.087
313.0554
313.0585
313.0614
313.064
313.0668
313.07
313.0738
313.0778
313.0432
313.0467
313.0502
313.0533
313.0562
313.0593
313.0629
313.067
313.0714
313.0354
313.0387
313.0424
313.046
313.0493
313.0524
313.0557
313.0594
313.0637
313.0684
313.0326
313.0357
313.039
313.0427
313.0463
313.0496
313.0528
313.0561
313.0598
313.0641
313.0708
313.0349
313.0377
313.0407
313.0439
313.0475
313.0511
313.0543
313.0573
313.0605
313.0641
313.0703
313.0782
313.0424
313.0447
313.0474
313.0502
313.0533
313.0567
313.06
313.063
313.0658
313.0687
313.074
313.0812
313.088
313.0544
313.0563
313.0585
313.0609
313.0635
313.0663
313.0694
313.0723
313.075
313.0774
313.0819
313.0883
313.0945
313.1003
313.0695
313.071
313.0728
313.0747
313.0769
313.0792
313.0816
313.0843
313.0868
313.0891
313.093
313.0989
313.1048
313.1106
313.1159
313.0848
313.086
313.0874
313.089
313.0908
313.0926
313.0946
313.0967
313.099
313.1011
313.1049
313.111
313.1177
313.1252
313.1338
313.1396
313.0963
313.0973
313.0985
313.0998
313.1013
313.1028
313.1045
313.1062
313.108
313.1099
313.1134
313.1189
313.1245
313.1304
313.1365
313.1399
313.1406
313.1038
313.1046
313.1055
313.1066
313.1079
313.1093
313.1107
313.1122
313.1137
313.1153
313.1185
313.1234
313.1281
313.1328
313.1375
313.14
313.1407
313.1413
313.108
313.1086
313.1094
313.1104
313.1115
313.1127
313.114
313.1153
313.1167
313.1182
313.1211
313.1255
313.1298
313.1339
313.1379
313.1401
313.1407
313.1413
313.1419
313.1097
313.1102
313.1109
313.1117
313.1127
313.1138
313.115
313.1163
313.1176
313.1189
313.1217
313.126
313.1302
313.1342
313.138
313.14
313.1406
313.1412
313.1418
313.1425
313.1257
313.1266
313.1232
313.1242
313.1253
313.1186
313.1197
313.121
313.1222
313.1112
313.1124
313.1138
313.1153
313.1169
313.1
313.1015
313.103
313.1048
313.1068
313.1089
313.0846
313.0867
313.0885
313.0905
313.0928
313.0954
313.0982
313.0678
313.0706
313.0731
313.0754
313.0778
313.0806
313.0839
313.0873
313.0523
313.0556
313.0587
313.0616
313.0643
313.0671
313.0704
313.0742
313.0782
313.0402
313.0434
313.047
313.0504
313.0536
313.0566
313.0597
313.0632
313.0674
313.0718
313.0326
313.0357
313.039
313.0427
313.0463
313.0496
313.0528
313.0561
313.0598
313.0641
313.0708
313.03
313.0328
313.0359
313.0393
313.043
313.0466
313.05
313.0532
313.0565
313.0602
313.0667
313.0749
313.0327
313.0351
313.0379
313.041
313.0442
313.0479
313.0514
313.0547
313.0578
313.0609
313.0667
313.0744
313.0817
313.0405
313.0426
313.045
313.0476
313.0505
313.0536
313.057
313.0604
313.0634
313.0662
313.0712
313.078
313.0847
313.091
313.0529
313.0546
313.0566
313.0588
313.0612
313.0638
313.0667
313.0698
313.0727
313.0754
313.0798
313.086
313.0919
313.0976
313.1029
313.0683
313.0697
313.0712
313.0731
313.075
313.0772
313.0795
313.082
313.0847
313.0872
313.0915
313.0974
313.1031
313.1088
313.1141
313.0839
313.0849
313.0862
313.0877
313.0893
313.0911
313.093
313.095
313.0972
313.0994
313.1036
313.11
313.1167
313.1244
313.1333
313.1395
313.1404
313.0957
313.0965
313.0975
313.0987
313.1001
313.1016
313.1032
313.1048
313.1066
313.1084
313.1121
313.118
313.1238
313.1299
313.1362
313.1397
313.1405
313.1412
313.1032
313.1039
313.1048
313.1058
313.1069
313.1082
313.1096
313.111
313.1125
313.1141
313.1173
313.1224
313.1275
313.1324
313.1372
313.1399
313.1405
313.1412
313.1418
313.1075
313.1081
313.1088
313.1096
313.1106
313.1117
313.113
313.1143
313.1156
313.1171
313.12
313.1246
313.1292
313.1335
313.1377
313.1399
313.1405
313.1411
313.1418
313.1424
313.1093
313.1098
313.1104
313.1111
313.112
313.113
313.1141
313.1153
313.1166
313.1179
313.1207
313.1252
313.1295
313.1337
313.1377
313.1398
313.1404
313.141
313.1417
313.1424
313.143
313.1248
313.1258
313.1267
313.1223
313.1233
313.1243
313.1254
313.1178
313.1187
313.1198
313.1211
313.1223
313.1102
313.1114
313.1126
313.114
313.1155
313.1171
313.0985
313.1002
313.1016
313.1032
313.105
313.107
313.1092
313.0824
313.0848
313.0869
313.0888
313.0908
313.0931
313.0957
313.0985
313.065
313.068
313.0708
313.0733
313.0757
313.0781
313.0809
313.0842
313.0877
313.0495
313.0525
313.0558
313.059
313.0619
313.0646
313.0675
313.0707
313.0745
313.0786
313.0375
313.0404
313.0437
313.0472
313.0507
313.0539
313.0569
313.0601
313.0636
313.0678
313.0742
313.03
313.0328
313.0359
313.0393
313.043
313.0466
313.05
313.0532
313.0565
313.0602
313.0667
313.0749
313.0277
313.0302
313.0331
313.0362
313.0396
313.0434
313.047
313.0505
313.0536
313.057
313.0629
313.0709
313.0784
313.0307
313.0329
313.0354
313.0382
313.0413
313.0446
313.0483
313.0519
313.0551
313.0582
313.0636
313.0708
313.078
313.0847
313.0389
313.0407
313.0429
313.0453
313.0479
313.0508
313.054
313.0574
313.0608
313.0638
313.0687
313.0753
313.0816
313.0877
313.0935
313.0517
313.0531
313.0548
313.0568
313.0591
313.0615
313.0642
313.0671
313.0702
313.0731
313.0778
313.0839
313.0896
313.0951
313.1003
313.0674
313.0685
313.0699
313.0715
313.0734
313.0754
313.0776
313.0799
313.0824
313.0851
313.0897
313.0959
313.1017
313.1072
313.1123
313.0832
313.0841
313.0852
313.0865
313.088
313.0897
313.0915
313.0934
313.0955
313.0976
313.102
313.1088
313.1159
313.1237
313.1329
313.1393
313.1402
313.141
313.0951
313.0958
313.0967
313.0978
313.099
313.1004
313.1019
313.1035
313.1052
313.107
313.1107
313.1169
313.1231
313.1294
313.1359
313.1395
313.1403
313.141
313.1417
313.1028
313.1034
313.1041
313.105
313.106
313.1072
313.1085
313.1099
313.1114
313.1129
313.1161
313.1214
313.1267
313.1319
313.137
313.1397
313.1403
313.141
313.1417
313.1424
313.1072
313.1076
313.1082
313.109
313.1099
313.1109
313.112
313.1133
313.1146
313.116
313.119
313.1237
313.1284
313.133
313.1374
313.1397
313.1403
313.141
313.1417
313.1424
313.143
313.109
313.1094
313.1099
313.1106
313.1113
313.1122
313.1133
313.1144
313.1156
313.1169
313.1198
313.1243
313.1288
313.1332
313.1374
313.1396
313.1402
313.1409
313.1415
313.1423
313.143
313.1436
313.124
313.1249
313.1259
313.1268
313.1216
313.1224
313.1234
313.1245
313.1255
313.1169
313.1179
313.1189
313.12
313.1212
313.1225
313.109
313.1104
313.1115
313.1128
313.1142
313.1157
313.1174
313.0967
313.0987
313.1003
313.1019
313.1034
313.1053
313.1073
313.1095
313.08
313.0826
313.085
313.0871
313.089
313.0911
313.0934
313.096
313.0988
313.0625
313.0652
313.0682
313.071
313.0736
313.076
313.0785
313.0813
313.0846
313.088
313.0469
313.0497
313.0527
313.0561
313.0593
313.0622
313.065
313.0679
313.0711
313.0749
313.0809
313.0349
313.0377
313.0407
313.0439
313.0475
313.0511
313.0543
313.0573
313.0605
313.0641
313.0703
313.0782
313.0277
313.0302
313.0331
313.0362
313.0396
313.0434
313.047
313.0505
313.0536
313.057
313.0629
313.0709
313.0784
313.0257
313.0279
313.0305
313.0334
313.0365
313.04
313.0438
313.0475
313.0509
313.0541
313.0597
313.0672
313.0745
313.0815
313.029
313.0309
313.0332
313.0357
313.0385
313.0416
313.045
313.0487
313.0523
313.0556
313.0609
313.0678
313.0745
313.081
313.0872
313.0376
313.0391
313.041
313.0431
313.0456
313.0483
313.0512
313.0544
313.0579
313.0612
313.0664
313.0729
313.0789
313.0846
313.0902
313.0506
313.0518
313.0533
313.0551
313.0571
313.0594
313.0619
313.0646
313.0675
313.0706
313.0757
313.082
313.0877
313.0929
313.0977
313.0666
313.0675
313.0688
313.0702
313.0718
313.0737
313.0758
313.078
313.0804
313.0829
313.0877
313.0942
313.1003
313.1058
313.1108
313.0826
313.0834
313.0843
313.0855
313.0868
313.0884
313.0901
313.0919
313.0939
313.0959
313.1003
313.1074
313.1149
313.123
313.1325
313.1391
313.14
313.1409
313.1417
313.0947
313.0953
313.0961
313.097
313.0981
313.0994
313.1008
313.1023
313.1039
313.1056
313.1094
313.1157
313.1222
313.1289
313.1356
313.1393
313.1401
313.1409
313.1416
313.1424
313.1025
313.1029
313.1036
313.1044
313.1053
313.1063
313.1076
313.1089
313.1103
313.1117
313.115
313.1204
313.1259
313.1314
313.1366
313.1395
313.1401
313.1409
313.1416
313.1423
313.143
313.1069
313.1073
313.1078
313.1085
313.1093
313.1102
313.1112
313.1124
313.1136
313.1149
313.118
313.1228
313.1277
313.1325
313.137
313.1395
313.1401
313.1408
313.1415
313.1422
313.1429
313.1436
313.1088
313.1091
313.1096
313.1101
313.1108
313.1116
313.1126
313.1136
313.1147
313.1159
313.1189
313.1235
313.1282
313.1327
313.137
313.1394
313.14
313.1407
313.1414
313.1421
313.1428
313.1435
313.1442
313.1233
313.1241
313.125
313.126
313.1269
313.1209
313.1217
313.1225
313.1235
313.1246
313.1256
313.116
313.1171
313.118
313.119
313.1201
313.1214
313.1227
313.1076
313.1092
313.1105
313.1117
313.113
313.1144
313.116
313.1176
313.0948
313.0969
313.0989
313.1006
313.1021
313.1037
313.1056
313.1076
313.1098
313.0779
313.0802
313.0828
313.0852
313.0873
313.0893
313.0914
313.0937
313.0964
313.0992
313.0602
313.0627
313.0655
313.0684
313.0713
313.0739
313.0763
313.0788
313.0816
313.0849
313.0902
313.0445
313.0471
313.0499
313.053
313.0563
313.0596
313.0626
313.0654
313.0683
313.0715
313.0773
313.0847
313.0327
313.0351
313.0379
313.041
313.0442
313.0479
313.0514
313.0547
313.0578
313.0609
313.0667
313.0744
313.0817
313.0257
313.0279
313.0305
313.0334
313.0365
313.04
313.0438
313.0475
313.0509
313.0541
313.0597
313.0672
313.0745
313.0815
313.0239
313.0259
313.0282
313.0308
313.0337
313.0369
313.0404
313.0442
313.0479
313.0514
313.0568
313.064
313.0709
313.0776
313.0841
313.0276
313.0292
313.0312
313.0334
313.036
313.0389
313.042
313.0454
313.0491
313.0528
313.0583
313.0652
313.0715
313.0776
313.0836
313.0365
313.0378
313.0394
313.0413
313.0435
313.0459
313.0487
313.0517
313.0548
313.0583
313.0639
313.0707
313.0766
313.082
313.0872
313.0497
313.0508
313.0521
313.0536
313.0554
313.0575
313.0598
313.0623
313.065
313.0679
313.0732
313.0799
313.0859
313.091
313.0956
313.0659
313.0667
313.0678
313.069
313.0705
313.0722
313.0741
313.0762
313.0784
313.0808
313.0855
313.0923
313.0987
313.1045
313.1095
313.0821
313.0828
313.0836
313.0846
313.0858
313.0872
313.0888
313.0905
313.0924
313.0943
313.0987
313.1059
313.1137
313.1222
313.132
313.1389
313.1399
313.1407
313.1416
313.1423
313.0943
313.0948
313.0955
313.0963
313.0973
313.0985
313.0998
313.1012
313.1027
313.1044
313.1082
313.1146
313.1212
313.1282
313.1352
313.1391
313.1399
313.1407
313.1415
313.1423
313.143
313.1022
313.1026
313.1031
313.1038
313.1046
313.1056
313.1067
313.1079
313.1092
313.1106
313.114
313.1195
313.1251
313.1308
313.1363
313.1392
313.14
313.1407
313.1414
313.1422
313.1429
313.1436
313.1067
313.107
313.1075
313.108
313.1087
313.1096
313.1105
313.1116
313.1127
313.114
313.117
313.122
313.127
313.1319
313.1367
313.1392
313.1399
313.1406
313.1414
313.1421
313.1428
313.1435
313.1442
313.1087
313.1089
313.1093
313.1098
313.1104
313.1111
313.112
313.1129
313.1139
313.1151
313.118
313.1228
313.1276
313.1322
313.1367
313.1391
313.1398
313.1405
313.1412
313.142
313.1427
313.1434
313.1441
313.1448
313.1227
313.1234
313.1242
313.1251
313.1261
313.1271
313.12
313.121
313.1218
313.1227
313.1236
313.1247
313.1258
313.1147
313.1161
313.1172
313.1181
313.1192
313.1203
313.1216
313.1229
313.1059
313.1077
313.1093
313.1107
313.1119
313.1132
313.1146
313.1163
313.1179
313.093
313.095
313.0971
313.0991
313.1008
313.1024
313.104
313.1059
313.108
313.1101
313.0759
313.0781
313.0805
313.083
313.0855
313.0876
313.0896
313.0917
313.094
313.0967
313.1012
313.0581
313.0604
313.063
313.0657
313.0687
313.0716
313.0742
313.0766
313.0792
313.082
313.0872
313.0939
313.0424
313.0447
313.0474
313.0502
313.0533
313.0567
313.06
313.063
313.0658
313.0687
313.074
313.0812
313.088
313.0307
313.0329
313.0354
313.0382
313.0413
313.0446
313.0483
313.0519
313.0551
313.0582
313.0636
313.0708
313.078
313.0847
313.0239
313.0259
313.0282
313.0308
313.0337
313.0369
313.0404
313.0442
313.0479
313.0514
313.0568
313.064
313.0709
313.0776
313.0841
313.0225
313.0241
313.0261
313.0285
313.0311
313.034
313.0373
313.0408
313.0447
313.0484
313.0542
313.0613
313.0678
313.074
313.0803
313.0265
313.0278
313.0295
313.0315
313.0338
313.0364
313.0393
313.0425
313.0459
313.0496
313.0555
313.0627
313.069
313.0747
313.0802
313.0356
313.0366
313.038
313.0397
313.0416
313.0438
313.0463
313.0491
313.0521
313.0553
313.061
313.0682
313.0744
313.0798
313.0846
313.0491
313.0499
313.051
313.0524
313.0539
313.0558
313.0579
313.0602
313.0627
313.0655
313.0706
313.0776
313.0838
313.0892
313.0938
313.0655
313.0661
313.067
313.0681
313.0694
313.0709
313.0726
313.0745
313.0766
313.0789
313.0835
313.0903
313.097
313.1031
313.1083
313.0818
313.0823
313.083
313.0839
313.085
313.0862
313.0877
313.0893
313.091
313.0929
313.0972
313.1045
313.1124
313.1213
313.1316
313.1387
313.1397
313.1406
313.1414
313.1422
313.1429
313.0941
313.0945
313.0951
313.0958
313.0966
313.0977
313.0989
313.1002
313.1016
313.1032
313.107
313.1135
313.1204
313.1275
313.1348
313.1389
313.1397
313.1406
313.1414
313.1421
313.1429
313.1436
313.102
313.1023
313.1028
313.1034
313.1041
313.105
313.106
313.1071
313.1083
313.1096
313.113
313.1186
313.1244
313.1302
313.1359
313.139
313.1397
313.1405
313.1413
313.142
313.1428
313.1435
313.1442
313.1066
313.1068
313.1072
313.1077
313.1083
313.109
313.1099
313.1109
313.1119
313.1131
313.1161
313.1212
313.1264
313.1315
313.1364
313.139
313.1397
313.1404
313.1412
313.1419
313.1427
313.1434
313.1441
313.1448
313.1086
313.1088
313.1091
313.1095
313.11
313.1107
313.1114
313.1123
313.1132
313.1143
313.1172
313.1221
313.127
313.1318
313.1364
313.1389
313.1395
313.1403
313.141
313.1418
313.1426
313.1433
313.144
313.1447
313.1454
313.1219
313.1228
313.1235
313.1243
313.1252
313.1262
313.1272
313.1189
313.1201
313.1211
313.1219
313.1228
313.1238
313.1249
313.126
313.1132
313.1148
313.1162
313.1173
313.1183
313.1194
313.1205
313.1218
313.1231
313.1044
313.1061
313.1079
313.1095
313.1109
313.1121
313.1134
313.1149
313.1165
313.1182
313.0913
313.0932
313.0952
313.0973
313.0993
313.1011
313.1027
313.1044
313.1062
313.1083
313.1121
313.074
313.0761
313.0783
313.0807
313.0833
313.0857
313.0879
313.09
313.0921
313.0944
313.0989
313.105
313.0561
313.0583
313.0606
313.0632
313.066
313.069
313.0719
313.0746
313.077
313.0796
313.0843
313.091
313.0973
313.0405
313.0426
313.045
313.0476
313.0505
313.0536
313.057
313.0604
313.0634
313.0662
313.0712
313.078
313.0847
313.091
313.029
313.0309
313.0332
313.0357
313.0385
313.0416
313.045
313.0487
313.0523
313.0556
313.0609
313.0678
313.0745
313.081
313.0872
313.0225
313.0241
313.0261
313.0285
313.0311
313.034
313.0373
313.0408
313.0447
313.0484
313.0542
313.0613
313.0678
313.074
313.0803
313.0213
313.0227
313.0244
313.0264
313.0288
313.0315
313.0345
313.0377
313.0413
313.0451
313.0513
313.0587
313.0651
313.071
313.0767
313.0255
313.0266
313.0281
313.0298
313.0318
313.0341
313.0368
313.0397
313.0429
313.0464
313.0525
313.06
313.0666
313.0722
313.0773
313.0348
313.0357
313.0369
313.0383
313.04
313.042
313.0442
313.0468
313.0495
313.0526
313.0581
313.0655
313.0721
313.0776
313.0824
313.0486
313.0492
313.0501
313.0513
313.0527
313.0543
313.0562
313.0583
313.0606
313.0632
313.0682
313.0751
313.0816
313.0873
313.092
313.0651
313.0656
313.0663
313.0673
313.0684
313.0697
313.0713
313.073
313.075
313.0771
313.0816
313.0884
313.0951
313.1015
313.1069
313.0815
313.082
313.0826
313.0833
313.0843
313.0854
313.0867
313.0881
313.0897
313.0915
313.0958
313.1032
313.1113
313.1204
313.131
313.1384
313.1395
313.1404
313.1413
313.1421
313.1428
313.1436
313.0939
313.0942
313.0947
313.0953
313.0961
313.097
313.0981
313.0993
313.1006
313.1021
313.1059
313.1125
313.1195
313.1269
313.1344
313.1386
313.1395
313.1404
313.1412
313.142
313.1428
313.1435
313.1442
313.1019
313.1021
313.1025
313.103
313.1037
313.1044
313.1053
313.1064
313.1075
313.1087
313.1121
313.1178
313.1237
313.1297
313.1356
313.1387
313.1395
313.1403
313.1411
313.1419
313.1427
313.1434
313.1441
313.1448
313.1065
313.1067
313.107
313.1074
313.108
313.1086
313.1094
313.1103
313.1112
313.1123
313.1153
313.1205
313.1258
313.131
313.136
313.1388
313.1394
313.1402
313.141
313.1418
313.1426
313.1433
313.144
313.1448
313.1454
313.1086
313.1087
313.109
313.1093
313.1098
313.1104
313.111
313.1118
313.1127
313.1136
313.1165
313.1214
313.1264
313.1313
313.1361
313.1387
313.1393
313.1401
313.1408
313.1416
313.1424
313.1432
313.1439
313.1447
313.1453
313.1462
313.1208
313.122
313.1229
313.1236
313.1245
313.1254
313.1264
313.1274
313.1175
313.119
313.1202
313.1212
313.1221
313.123
313.124
313.1251
313.1262
313.1119
313.1134
313.115
313.1164
313.1175
313.1185
313.1196
313.1208
313.1221
313.1234
313.103
313.1046
313.1063
313.1081
313.1097
313.1111
313.1124
313.1137
313.1152
313.1168
313.1199
313.0898
313.0915
313.0934
313.0954
313.0976
313.0996
313.1014
313.103
313.1047
313.1066
313.1104
313.1163
313.0723
313.0742
313.0763
313.0786
313.081
313.0836
313.0861
313.0883
313.0903
313.0924
313.0966
313.1028
313.1088
313.0544
313.0563
313.0585
313.0609
313.0635
313.0663
313.0694
313.0723
313.075
313.0774
313.0819
313.0883
313.0945
313.1003
313.0389
313.0407
313.0429
313.0453
313.0479
313.0508
313.054
313.0574
313.0608
313.0638
313.0687
313.0753
313.0816
313.0877
313.0935
313.0276
313.0292
313.0312
313.0334
313.036
313.0389
313.042
313.0454
313.0491
313.0528
313.0583
313.0652
313.0715
313.0776
313.0836
313.0213
313.0227
313.0244
313.0264
313.0288
313.0315
313.0345
313.0377
313.0413
313.0451
313.0513
313.0587
313.0651
313.071
313.0767
313.0204
313.0215
313.0229
313.0247
313.0268
313.0292
313.0319
313.0349
313.0382
313.0418
313.0481
313.0559
313.0626
313.0684
313.0737
313.0248
313.0257
313.0269
313.0284
313.0301
313.0322
313.0346
313.0372
313.0402
313.0434
313.0493
313.0571
313.0639
313.0698
313.0748
313.0343
313.035
313.036
313.0372
313.0386
313.0403
313.0424
313.0447
313.0472
313.05
313.0554
313.0626
313.0694
313.0753
313.0803
313.0482
313.0487
313.0495
313.0504
313.0516
313.053
313.0547
313.0566
313.0587
313.0611
313.0659
313.0728
313.0792
313.0851
313.0901
313.0649
313.0653
313.0659
313.0666
313.0676
313.0688
313.0702
313.0717
313.0735
313.0754
313.0799
313.0867
313.0934
313.0997
313.1054
313.0814
313.0817
313.0822
313.0829
313.0837
313.0847
313.0858
313.0871
313.0886
313.0902
313.0945
313.102
313.1102
313.1195
313.1305
313.1382
313.1393
313.1402
313.1411
313.1419
313.1427
313.1435
313.1442
313.0938
313.0941
313.0945
313.095
313.0957
313.0965
313.0974
313.0985
313.0997
313.1011
313.1049
313.1116
313.1187
313.1263
313.1341
313.1384
313.1393
313.1402
313.141
313.1418
313.1426
313.1434
313.1442
313.1449
313.1018
313.102
313.1023
313.1028
313.1033
313.104
313.1048
313.1057
313.1068
313.1079
313.1112
313.117
313.1231
313.1292
313.1352
313.1385
313.1393
313.1401
313.1409
313.1418
313.1425
313.1433
313.1441
313.1448
313.1454
313.1065
313.1066
313.1069
313.1072
313.1077
313.1083
313.109
313.1097
313.1106
313.1116
313.1146
313.1198
313.1252
313.1305
313.1357
313.1386
313.1392
313.14
313.1408
313.1416
313.1424
313.1432
313.1439
313.1447
313.1454
313.1463
313.1086
313.1087
313.1089
313.1092
313.1096
313.1101
313.1107
313.1114
313.1122
313.113
313.1159
313.1208
313.1259
313.1309
313.1358
313.1385
313.1391
313.1399
313.1406
313.1415
313.1423
313.1431
313.1438
313.1446
313.1453
313.1462
313.1472
313.1195
313.1209
313.1221
313.123
313.1238
313.1246
313.1255
313.1266
313.1276
313.1163
313.1176
313.1191
313.1204
313.1214
313.1222
313.1231
313.1242
313.1253
313.1264
313.1106
313.112
313.1135
313.1151
313.1165
313.1177
313.1187
313.1198
313.121
313.1223
313.1248
313.1016
313.1032
313.1048
313.1065
313.1083
313.11
313.1114
313.1127
313.114
313.1155
313.1186
313.1235
313.0883
313.0899
313.0918
313.0937
313.0957
313.0979
313.1
313.1018
313.1034
313.1051
313.1088
313.1148
313.1212
313.0708
313.0725
313.0745
313.0766
313.0789
313.0813
313.0839
313.0864
313.0887
313.0907
313.0947
313.1007
313.1068
313.1125
313.0529
313.0546
313.0566
313.0588
313.0612
313.0638
313.0667
313.0698
313.0727
313.0754
313.0798
313.086
313.0919
313.0976
313.1029
313.0376
313.0391
313.041
313.0431
313.0456
313.0483
313.0512
313.0544
313.0579
313.0612
313.0664
313.0729
313.0789
313.0846
313.0902
313.0265
313.0278
313.0295
313.0315
313.0338
313.0364
313.0393
313.0425
313.0459
313.0496
313.0555
313.0627
313.069
313.0747
313.0802
313.0204
313.0215
313.0229
313.0247
313.0268
313.0292
313.0319
313.0349
313.0382
313.0418
313.0481
313.0559
313.0626
313.0684
313.0737
313.0196
313.0205
313.0218
313.0232
313.025
313.0271
313.0296
313.0323
313.0354
313.0387
313.0448
313.0528
313.0598
313.0659
313.071
313.0243
313.025
313.0259
313.0272
313.0287
313.0305
313.0326
313.035
313.0377
313.0407
313.0464
313.054
313.0611
313.0672
313.0725
313.034
313.0345
313.0352
313.0363
313.0375
313.039
313.0408
313.0428
313.0451
313.0477
313.0529
313.06
313.0666
313.0727
313.078
313.048
313.0484
313.049
313.0497
313.0508
313.052
313.0535
313.0551
313.0571
313.0592
313.0639
313.0706
313.0769
313.0828
313.088
313.0647
313.065
313.0655
313.0662
313.067
313.068
313.0692
313.0706
313.0722
313.074
313.0783
313.0851
313.0917
313.0981
313.1038
313.0813
313.0816
313.082
313.0825
313.0832
313.0841
313.0851
313.0863
313.0876
313.0891
313.0933
313.1008
313.1092
313.1187
313.13
313.1379
313.139
313.14
313.1409
313.1418
313.1426
313.1434
313.1442
313.1449
313.0938
313.0939
313.0943
313.0947
313.0953
313.096
313.0969
313.0979
313.099
313.1002
313.104
313.1107
313.118
313.1257
313.1337
313.1381
313.139
313.14
313.1408
313.1417
313.1425
313.1433
313.1441
313.1448
313.1455
313.1018
313.102
313.1022
313.1026
313.1031
313.1037
313.1044
313.1052
313.1062
313.1072
313.1105
313.1163
313.1224
313.1287
313.1349
313.1383
313.1391
313.1399
313.1407
313.1416
313.1424
313.1432
313.144
313.1447
313.1454
313.1463
313.1065
313.1066
313.1068
313.1071
313.1075
313.108
313.1086
313.1093
313.1101
313.111
313.114
313.1192
313.1246
313.1301
313.1355
313.1384
313.139
313.1398
313.1406
313.1414
313.1423
313.1431
313.1438
313.1446
313.1453
313.1462
313.1472
313.1087
313.1087
313.1088
313.1091
313.1094
313.1099
313.1104
313.1111
313.1118
313.1125
313.1153
313.1203
313.1254
313.1305
313.1356
313.1383
313.1389
313.1397
313.1405
313.1413
313.1421
313.1429
313.1437
313.1445
313.1452
313.1461
313.1472
313.1481
313.1183
313.1196
313.121
313.1222
313.1231
313.1239
313.1248
313.1257
313.1268
313.1278
313.1151
313.1164
313.1178
313.1192
313.1205
313.1215
313.1224
313.1234
313.1244
313.1255
313.1276
313.1094
313.1108
313.1122
313.1137
313.1153
313.1168
313.1179
313.119
313.1201
313.1213
313.1238
313.1278
313.1003
313.1018
313.1034
313.105
313.1067
313.1086
313.1103
313.1117
313.113
313.1144
313.1174
313.1224
313.1276
313.087
313.0885
313.0902
313.092
313.094
313.096
313.0982
313.1003
313.1021
313.1038
313.1074
313.1134
313.1199
313.127
313.0695
313.071
313.0728
313.0747
313.0769
313.0792
313.0816
313.0843
313.0868
313.0891
313.093
313.0989
313.1048
313.1106
313.1159
313.0517
313.0531
313.0548
313.0568
313.0591
313.0615
313.0642
313.0671
313.0702
313.0731
313.0778
313.0839
313.0896
313.0951
313.1003
313.0365
313.0378
313.0394
313.0413
313.0435
313.0459
313.0487
313.0517
313.0548
313.0583
313.0639
313.0707
313.0766
313.082
313.0872
313.0255
313.0266
313.0281
313.0298
313.0318
313.0341
313.0368
313.0397
313.0429
313.0464
313.0525
313.06
313.0666
313.0722
313.0773
313.0196
313.0205
313.0218
313.0232
313.025
313.0271
313.0296
313.0323
313.0354
313.0387
313.0448
313.0528
313.0598
313.0659
313.071
313.0191
313.0198
313.0208
313.0221
313.0236
313.0254
313.0276
313.03
313.0328
313.0359
313.0417
313.0495
313.0568
313.0632
313.0686
313.0239
313.0244
313.0252
313.0262
313.0275
313.0291
313.0309
313.033
313.0355
313.0382
313.0437
313.0511
313.058
313.0644
313.0699
313.0338
313.0341
313.0347
313.0355
313.0366
313.0379
313.0394
313.0412
313.0433
313.0456
313.0506
313.0575
313.064
313.07
313.0755
313.0479
313.0481
313.0486
313.0492
313.0501
313.0511
313.0524
313.0539
313.0556
313.0575
313.0621
313.0686
313.0748
313.0805
313.0857
313.0647
313.0649
313.0653
313.0658
313.0665
313.0674
313.0684
313.0697
313.0711
313.0727
313.0769
313.0836
313.0902
313.0965
313.1022
313.0813
313.0815
313.0818
313.0823
313.0829
313.0836
313.0846
313.0856
313.0868
313.0882
313.0923
313.0998
313.1082
313.1179
313.1295
313.1377
313.1388
313.1398
313.1408
313.1416
313.1425
313.1433
313.1441
313.1448
313.1456
313.0938
313.0939
313.0942
313.0946
313.0951
313.0957
313.0965
313.0974
313.0984
313.0995
313.1032
313.1099
313.1173
313.1252
313.1334
313.1379
313.1388
313.1397
313.1406
313.1415
313.1424
313.1432
313.144
313.1447
313.1455
313.1465
313.1019
313.102
313.1022
313.1025
313.1029
313.1034
313.1041
313.1048
313.1057
313.1066
313.1098
313.1157
313.1219
313.1283
313.1347
313.1381
313.1389
313.1397
313.1405
313.1414
313.1422
313.1431
313.1438
313.1446
313.1453
313.1463
313.1473
313.1066
313.1066
313.1068
313.107
313.1074
313.1078
313.1084
313.109
313.1097
313.1105
313.1134
313.1187
313.1242
313.1297
313.1352
313.1382
313.1389
313.1396
313.1404
313.1413
313.1421
313.1429
313.1437
313.1445
313.1452
313.1462
313.1472
313.1481
313.1088
313.1088
313.1089
313.1091
313.1094
313.1098
313.1102
313.1108
313.1114
313.1121
313.1149
313.1199
313.125
313.1302
313.1354
313.1381
313.1388
313.1395
313.1403
313.1411
313.1419
313.1428
313.1436
313.1444
313.1451
313.1461
313.1471
313.1481
313.1489
313.1171
313.1184
313.1197
313.1211
313.1223
313.1233
313.1241
313.125
313.1259
313.127
313.1289
313.1139
313.1152
313.1165
313.1179
313.1194
313.1207
313.1217
313.1226
313.1236
313.1246
313.1268
313.1302
313.1082
313.1095
313.1109
313.1124
313.1139
313.1155
313.117
313.1182
313.1192
313.1203
313.1228
313.127
313.131
313.0991
313.1005
313.102
313.1036
313.1053
313.107
313.1089
313.1106
313.112
313.1133
313.1163
313.1214
313.1267
313.1321
313.0858
313.0872
313.0887
313.0905
313.0923
313.0943
313.0964
313.0986
313.1007
313.1025
313.1061
313.1121
313.1187
313.1261
313.1343
313.0683
313.0697
313.0712
313.0731
313.075
313.0772
313.0795
313.082
313.0847
313.0872
313.0915
313.0974
313.1031
313.1088
313.1141
313.0506
313.0518
313.0533
313.0551
313.0571
313.0594
313.0619
313.0646
313.0675
313.0706
313.0757
313.082
313.0877
313.0929
313.0977
313.0356
313.0366
313.038
313.0397
313.0416
313.0438
313.0463
313.0491
313.0521
313.0553
313.061
313.0682
313.0744
313.0798
313.0846
313.0248
313.0257
313.0269
313.0284
313.0301
313.0322
313.0346
313.0372
313.0402
313.0434
313.0493
313.0571
313.0639
313.0698
313.0748
313.0191
313.0198
313.0208
313.0221
313.0236
313.0254
313.0276
313.03
313.0328
313.0359
313.0417
313.0495
313.0568
313.0632
313.0686
313.0188
313.0193
313.0201
313.0211
313.0224
313.024
313.0259
313.028
313.0305
313.0333
313.0389
313.0465
313.0537
313.0602
313.0659
313.0237
313.0241
313.0247
313.0255
313.0266
313.0279
313.0295
313.0314
313.0335
313.036
313.0412
313.0484
313.0552
313.0614
313.0671
313.0337
313.0339
313.0344
313.035
313.0359
313.037
313.0383
313.0399
313.0417
313.0437
313.0485
313.0553
313.0616
313.0674
313.0728
313.0479
313.048
313.0484
313.0489
313.0496
313.0505
313.0516
313.0529
313.0544
313.0561
313.0604
313.0669
313.0729
313.0785
313.0835
313.0647
313.0648
313.0651
313.0656
313.0661
313.0669
313.0678
313.0689
313.0701
313.0716
313.0756
313.0823
313.0888
313.0951
313.1007
313.0814
313.0815
313.0817
313.0821
313.0826
313.0833
313.0841
313.085
313.0861
313.0873
313.0914
313.0989
313.1074
313.1172
313.1291
313.1374
313.1386
313.1396
313.1405
313.1415
313.1423
313.1432
313.144
313.1447
313.1455
313.1467
313.0939
313.0939
313.0941
313.0945
313.0949
313.0955
313.0962
313.0969
313.0978
313.0989
313.1025
313.1093
313.1167
313.1247
313.133
313.1377
313.1386
313.1395
313.1404
313.1413
313.1422
313.143
313.1439
313.1446
313.1454
313.1465
313.1474
313.102
313.102
313.1021
313.1024
313.1028
313.1032
313.1038
313.1045
313.1052
313.1061
313.1093
313.1152
313.1214
313.1279
313.1344
313.1379
313.1387
313.1395
313.1404
313.1412
313.1421
313.1429
313.1437
313.1445
313.1452
313.1463
313.1473
313.1481
313.1067
313.1067
313.1068
313.107
313.1073
313.1077
313.1082
313.1088
313.1094
313.1101
313.113
313.1183
313.1238
313.1294
313.135
313.138
313.1387
313.1394
313.1403
313.1411
313.1419
313.1428
313.1436
313.1444
313.1451
313.1461
313.1472
313.1481
313.1489
313.1089
313.1088
313.1089
313.1091
313.1093
313.1097
313.1101
313.1106
313.1112
313.1118
313.1145
313.1195
313.1247
313.1299
313.1352
313.138
313.1386
313.1393
313.1401
313.141
313.1418
313.1426
313.1434
313.1442
313.145
313.146
313.1471
313.148
313.1489
313.1496
313.1159
313.1172
313.1185
313.1198
313.1213
313.1225
313.1235
313.1243
313.1252
313.1261
313.1282
313.1312
313.1128
313.114
313.1153
313.1167
313.1181
313.1196
313.1209
313.1219
313.1229
313.1238
313.126
313.1295
313.1329
313.1071
313.1083
313.1097
313.1111
313.1126
313.1141
313.1158
313.1172
313.1185
313.1195
313.122
313.1261
313.1304
313.1346
313.0981
313.0993
313.1007
313.1022
313.1038
313.1055
313.1073
313.1092
313.1109
313.1124
313.1154
313.1205
313.1259
313.1316
313.1372
313.0848
313.086
313.0874
313.089
313.0908
313.0926
313.0946
313.0967
313.099
313.1011
313.1049
313.111
313.1177
313.1252
313.1338
313.1396
313.0674
313.0685
313.0699
313.0715
313.0734
313.0754
313.0776
313.0799
313.0824
313.0851
313.0897
313.0959
313.1017
313.1072
313.1123
313.0497
313.0508
313.0521
313.0536
313.0554
313.0575
313.0598
313.0623
313.065
313.0679
313.0732
313.0799
313.0859
313.091
313.0956
313.0348
313.0357
313.0369
313.0383
313.04
313.042
313.0442
313.0468
313.0495
313.0526
313.0581
313.0655
313.0721
313.0776
313.0824
313.0243
313.025
313.0259
313.0272
313.0287
313.0305
313.0326
313.035
313.0377
313.0407
313.0464
313.054
313.0611
313.0672
313.0725
313.0188
313.0193
313.0201
313.0211
313.0224
313.024
313.0259
313.028
313.0305
313.0333
313.0389
313.0465
313.0537
313.0602
313.0659
313.0186
313.0189
313.0195
313.0203
313.0214
313.0228
313.0244
313.0263
313.0285
313.031
313.0364
313.0438
313.0507
313.0571
313.063
313.0237
313.0239
313.0243
313.025
313.0258
313.027
313.0283
313.03
313.0319
313.034
313.039
313.046
313.0525
313.0586
313.0642
313.0337
313.0338
313.0341
313.0346
313.0353
313.0363
313.0374
313.0387
313.0403
313.0422
313.0467
313.0533
313.0594
313.065
313.0701
313.0479
313.048
313.0482
313.0486
313.0492
313.0499
313.0509
313.052
313.0533
313.0548
313.059
313.0653
313.0712
313.0766
313.0815
313.0648
313.0649
313.0651
313.0654
313.0659
313.0665
313.0673
313.0683
313.0694
313.0706
313.0746
313.0811
313.0876
313.0938
313.0993
313.1471
313.0815
313.0815
313.0817
313.082
313.0825
313.0831
313.0838
313.0846
313.0856
313.0867
313.0906
313.0981
313.1066
313.1166
313.1286
313.1372
313.1384
313.1394
313.1403
313.1413
313.1422
313.143
313.1439
313.1447
313.1455
313.1467
313.1475
313.094
313.094
313.0941
313.0944
313.0948
313.0953
313.0959
313.0966
313.0974
313.0983
313.1019
313.1087
313.1162
313.1242
313.1328
313.1375
313.1384
313.1394
313.1403
313.1412
313.142
313.1429
313.1437
313.1445
313.1453
313.1464
313.1474
313.1482
313.1021
313.1021
313.1022
313.1024
313.1027
313.1031
313.1037
313.1042
313.1049
313.1057
313.1088
313.1147
313.121
313.1275
313.1341
313.1377
313.1385
313.1393
313.1402
313.141
313.1419
313.1428
313.1436
313.1444
313.1452
313.1462
313.1472
313.1481
313.1489
313.1068
313.1068
313.1068
313.107
313.1073
313.1076
313.1081
313.1086
313.1092
313.1098
313.1126
313.1179
313.1234
313.1291
313.1348
313.1379
313.1385
313.1393
313.1401
313.1409
313.1418
313.1426
313.1435
313.1443
313.145
313.146
313.1471
313.1481
313.1489
313.1496
313.109
313.109
313.109
313.1091
313.1093
313.1097
313.11
313.1105
313.111
313.1116
313.1142
313.1192
313.1244
313.1297
313.135
313.1378
313.1385
313.1392
313.14
313.1408
313.1416
313.1425
313.1433
313.1441
313.1449
313.1459
313.147
313.148
313.1488
313.1496
313.1148
313.116
313.1173
313.1186
313.12
313.1214
313.1227
313.1237
313.1245
313.1254
313.1274
313.1306
313.1338
313.1117
313.1129
313.1142
313.1155
313.1169
313.1183
313.1198
313.1211
313.1222
313.1231
313.1252
313.1288
313.1324
313.1358
313.1061
313.1072
313.1085
313.1099
313.1113
313.1128
313.1144
313.116
313.1175
313.1187
313.1212
313.1254
313.1297
313.1341
313.1383
313.0971
313.0982
313.0995
313.101
313.1025
313.1041
313.1059
313.1076
313.1095
313.1113
313.1145
313.1196
313.1252
313.131
313.1369
313.14
313.0839
313.0849
313.0862
313.0877
313.0893
313.0911
313.093
313.095
313.0972
313.0994
313.1036
313.11
313.1167
313.1244
313.1333
313.1395
313.1404
313.0666
313.0675
313.0688
313.0702
313.0718
313.0737
313.0758
313.078
313.0804
313.0829
313.0877
313.0942
313.1003
313.1058
313.1108
313.0491
313.0499
313.051
313.0524
313.0539
313.0558
313.0579
313.0602
313.0627
313.0655
313.0706
313.0776
313.0838
313.0892
313.0938
313.0343
313.035
313.036
313.0372
313.0386
313.0403
313.0424
313.0447
313.0472
313.05
313.0554
313.0626
313.0694
313.0753
313.0803
313.0239
313.0244
313.0252
313.0262
313.0275
313.0291
313.0309
313.033
313.0355
313.0382
313.0437
313.0511
313.058
313.0644
313.0699
313.0186
313.0189
313.0195
313.0203
313.0214
313.0228
313.0244
313.0263
313.0285
313.031
313.0364
313.0438
313.0507
313.0571
313.063
313.0185
313.0187
313.0192
313.0198
313.0207
313.0218
313.0232
313.0249
313.0268
313.029
313.0341
313.0413
313.0479
313.0541
313.0599
313.0237
313.0238
313.0241
313.0246
313.0253
313.0262
313.0274
313.0288
313.0304
313.0324
313.0371
313.0439
313.0501
313.056
313.0613
313.0338
313.0338
313.034
313.0344
313.035
313.0357
313.0367
313.0378
313.0392
313.0408
313.0451
313.0515
313.0574
313.0628
313.0677
313.0481
313.0481
313.0482
313.0485
313.049
313.0496
313.0504
313.0513
313.0525
313.0538
313.0578
313.0639
313.0696
313.0749
313.0796
313.1474
313.065
313.065
313.0651
313.0654
313.0658
313.0663
313.067
313.0678
313.0687
313.0699
313.0737
313.0801
313.0865
313.0926
313.0981
313.1471
313.1477
313.0816
313.0816
313.0818
313.082
313.0824
313.0829
313.0835
313.0843
313.0851
313.0861
313.09
313.0975
313.106
313.116
313.1283
313.137
313.1382
313.1392
313.1402
313.1411
313.142
313.1429
313.1437
313.1446
313.1454
313.1466
313.1475
313.1483
313.0941
313.0941
313.0942
313.0944
313.0948
313.0952
313.0957
313.0964
313.0971
313.0979
313.1014
313.1082
313.1157
313.1238
313.1325
313.1374
313.1383
313.1392
313.1401
313.141
313.1419
313.1427
313.1436
313.1444
313.1452
313.1463
313.1473
313.1482
313.1489
313.1022
313.1022
313.1023
313.1024
313.1027
313.1031
313.1035
313.1041
313.1047
313.1054
313.1085
313.1143
313.1206
313.1272
313.1339
313.1376
313.1383
313.1392
313.14
313.1409
313.1417
313.1426
313.1435
313.1443
313.1451
313.1461
313.1472
313.1481
313.1489
313.1496
313.107
313.1069
313.1069
313.1071
313.1073
313.1076
313.108
313.1085
313.109
313.1096
313.1124
313.1176
313.1232
313.1289
313.1346
313.1377
313.1384
313.1391
313.1399
313.1408
313.1416
313.1425
313.1433
313.1441
313.1449
313.146
313.1471
313.148
313.1489
313.1496
313.1092
313.1091
313.1091
313.1092
313.1094
313.1097
313.11
313.1104
313.1109
313.1114
313.114
313.119
313.1242
313.1295
313.1348
313.1377
313.1384
313.1391
313.1398
313.1407
313.1415
313.1424
313.1432
313.144
313.1448
313.1458
313.147
313.148
313.1488
313.1496
313.1138
313.1149
313.1162
313.1175
313.1188
313.1202
313.1216
313.1229
313.1239
313.1247
313.1267
313.13
313.1333
313.1364
313.1107
313.1118
313.113
313.1143
313.1157
313.1171
313.1185
313.12
313.1214
313.1224
313.1246
313.1281
313.1318
313.1355
313.1389
313.1052
313.1062
313.1074
313.1087
313.1101
313.1116
313.1131
313.1147
313.1163
313.1178
313.1205
313.1247
313.1291
313.1336
313.1381
313.1404
313.0963
313.0973
313.0985
313.0998
313.1013
313.1028
313.1045
313.1062
313.108
313.1099
313.1134
313.1189
313.1245
313.1304
313.1365
313.1399
313.1406
313.0832
313.0841
313.0852
313.0865
313.088
313.0897
313.0915
313.0934
313.0955
313.0976
313.102
313.1088
313.1159
313.1237
313.1329
313.1393
313.1402
313.141
313.0659
313.0667
313.0678
313.069
313.0705
313.0722
313.0741
313.0762
313.0784
313.0808
313.0855
313.0923
313.0987
313.1045
313.1095
313.0486
313.0492
313.0501
313.0513
313.0527
313.0543
313.0562
313.0583
313.0606
313.0632
313.0682
313.0751
313.0816
313.0873
313.092
313.034
313.0345
313.0352
313.0363
313.0375
313.039
313.0408
313.0428
313.0451
313.0477
313.0529
313.06
313.0666
313.0727
313.078
313.0237
313.0241
313.0247
313.0255
313.0266
313.0279
313.0295
313.0314
313.0335
313.036
313.0412
313.0484
313.0552
313.0614
313.0671
313.0185
313.0187
313.0192
313.0198
313.0207
313.0218
313.0232
313.0249
313.0268
313.029
313.0341
313.0413
313.0479
313.0541
313.0599
313.0186
313.0187
313.019
313.0195
313.0202
313.0211
313.0223
313.0237
313.0254
313.0273
313.0321
313.0391
313.0455
313.0514
313.0569
313.0238
313.0238
313.024
313.0244
313.0249
313.0257
313.0267
313.0279
313.0293
313.031
313.0354
313.042
313.048
313.0536
313.0587
313.034
313.0339
313.0341
313.0343
313.0348
313.0354
313.0362
313.0371
313.0383
313.0397
313.0438
313.05
313.0556
313.0609
313.0656
313.1476
313.0483
313.0482
313.0483
313.0485
313.0489
313.0494
313.05
313.0508
313.0518
313.053
313.0568
313.0627
313.0683
313.0734
313.0779
313.1474
313.1479
313.0652
313.0651
313.0652
313.0654
313.0657
313.0662
313.0667
313.0674
313.0683
313.0693
313.0729
313.0793
313.0856
313.0916
313.097
313.1471
313.1477
313.1483
313.0819
313.0818
313.0819
313.0821
313.0824
313.0828
313.0834
313.084
313.0848
313.0857
313.0895
313.0969
313.1054
313.1155
313.1279
313.1369
313.138
313.139
313.14
313.1409
313.1418
313.1427
313.1436
313.1445
313.1453
313.1466
313.1475
313.1483
313.149
313.0943
313.0943
313.0943
313.0945
313.0948
313.0952
313.0956
313.0962
313.0969
313.0976
313.101
313.1078
313.1153
313.1235
313.1323
313.1372
313.1381
313.139
313.1399
313.1408
313.1417
313.1426
313.1435
313.1443
313.1451
313.1463
313.1473
313.1482
313.1489
313.1496
313.1024
313.1024
313.1024
313.1025
313.1027
313.1031
313.1035
313.104
313.1045
313.1051
313.1082
313.114
313.1203
313.127
313.1338
313.1375
313.1382
313.139
313.1399
313.1407
313.1416
313.1425
313.1433
313.1442
313.145
313.1461
313.1472
313.1481
313.1489
313.1496
313.1072
313.1071
313.1071
313.1072
313.1074
313.1076
313.108
313.1084
313.1089
313.1094
313.1121
313.1174
313.1229
313.1287
313.1345
313.1376
313.1383
313.139
313.1398
313.1406
313.1415
313.1423
313.1432
313.144
313.1448
313.1459
313.147
313.148
313.1488
313.1496
313.1094
313.1093
313.1093
313.1093
313.1095
313.1097
313.11
313.1104
313.1108
313.1113
313.1139
313.1188
313.124
313.1293
313.1347
313.1376
313.1382
313.139
313.1397
313.1405
313.1414
313.1422
313.1431
313.1439
313.1447
313.1458
313.1469
313.1479
313.1488
313.1496
313.1128
313.1139
313.1151
313.1164
313.1177
313.119
313.1204
313.1218
313.1231
313.1241
313.1261
313.1294
313.1327
313.1361
313.1392
313.1099
313.1108
313.112
313.1132
313.1145
313.1159
313.1173
313.1188
313.1203
313.1216
313.1239
313.1276
313.1313
313.135
313.1387
313.1406
313.1044
313.1053
313.1064
313.1076
313.109
313.1104
313.1119
313.1134
313.115
313.1166
313.1196
313.1241
313.1286
313.1332
313.1378
313.1402
313.1408
313.0957
313.0965
313.0975
313.0987
313.1001
313.1016
313.1032
313.1048
313.1066
313.1084
313.1121
313.118
313.1238
313.1299
313.1362
313.1397
313.1405
313.1412
313.0826
313.0834
313.0843
313.0855
313.0868
313.0884
313.0901
313.0919
313.0939
313.0959
313.1003
313.1074
313.1149
313.123
313.1325
313.1391
313.14
313.1409
313.1417
313.0655
313.0661
313.067
313.0681
313.0694
313.0709
313.0726
313.0745
313.0766
313.0789
313.0835
313.0903
313.097
313.1031
313.1083
313.0482
313.0487
313.0495
313.0504
313.0516
313.053
313.0547
313.0566
313.0587
313.0611
313.0659
313.0728
313.0792
313.0851
313.0901
313.0338
313.0341
313.0347
313.0355
313.0366
313.0379
313.0394
313.0412
313.0433
313.0456
313.0506
313.0575
313.064
313.07
313.0755
313.0237
313.0239
313.0243
313.025
313.0258
313.027
313.0283
313.03
313.0319
313.034
313.039
313.046
313.0525
313.0586
313.0642
313.0186
313.0187
313.019
313.0195
313.0202
313.0211
313.0223
313.0237
313.0254
313.0273
313.0321
313.0391
313.0455
313.0514
313.0569
313.0187
313.0187
313.0189
313.0192
313.0198
313.0206
313.0215
313.0227
313.0242
313.0259
313.0304
313.0371
313.0432
313.0489
313.0542
313.0241
313.024
313.0241
313.0243
313.0247
313.0253
313.0261
313.0271
313.0284
313.0298
313.034
313.0403
313.0461
313.0514
313.0563
313.1477
313.0343
313.0341
313.0342
313.0343
313.0347
313.0351
313.0358
313.0366
313.0376
313.0388
313.0427
313.0487
313.0541
313.0591
313.0636
313.1476
313.148
313.0486
313.0485
313.0484
313.0486
313.0488
313.0492
313.0498
313.0505
313.0513
313.0523
313.0559
313.0617
313.0672
313.0721
313.0764
313.1474
313.1478
313.1484
313.0655
313.0654
313.0654
313.0655
313.0657
313.0661
313.0666
313.0672
313.0679
313.0688
313.0723
313.0786
313.0848
313.0908
313.096
313.147
313.1477
313.1483
313.149
313.0821
313.082
313.082
313.0822
313.0824
313.0828
313.0833
313.0839
313.0846
313.0853
313.0891
313.0965
313.105
313.1151
313.1277
313.1367
313.1378
313.1389
313.1398
313.1408
313.1417
313.1426
313.1435
313.1444
313.1452
313.1465
313.1474
313.1482
313.149
313.1497
313.0946
313.0945
313.0945
313.0946
313.0948
313.0952
313.0956
313.0961
313.0967
313.0974
313.1008
313.1075
313.115
313.1232
313.1321
313.1371
313.138
313.1389
313.1398
313.1407
313.1416
313.1425
313.1433
313.1442
313.145
313.1462
313.1473
313.1481
313.1489
313.1496
313.1026
313.1025
313.1025
313.1026
313.1028
313.1031
313.1035
313.1039
313.1044
313.105
313.108
313.1138
313.1201
313.1268
313.1336
313.1373
313.1381
313.1389
313.1397
313.1406
313.1415
313.1423
313.1432
313.144
313.1449
313.146
313.1471
313.148
313.1489
313.1496
313.1074
313.1072
313.1072
313.1073
313.1075
313.1077
313.108
313.1084
313.1088
313.1093
313.112
313.1172
313.1228
313.1285
313.1344
313.1375
313.1382
313.1389
313.1397
313.1405
313.1414
313.1422
313.1431
313.1439
313.1447
313.1458
313.147
313.148
313.1488
313.1496
313.1096
313.1095
313.1094
313.1095
313.1096
313.1098
313.1101
313.1104
313.1108
313.1112
313.1137
313.1187
313.1239
313.1292
313.1346
313.1376
313.1382
313.1389
313.1396
313.1404
313.1413
313.1421
313.143
313.1438
313.1446
313.1457
313.1469
313.1479
313.1488
313.1496
313.112
313.113
313.1141
313.1153
313.1166
313.1179
313.1192
313.1206
313.1221
313.1233
313.1255
313.1289
313.1323
313.1357
313.139
313.1407
313.1091
313.11
313.111
313.1122
313.1134
313.1148
313.1162
313.1176
313.119
313.1205
313.1232
313.127
313.1308
313.1347
313.1384
313.1404
313.1409
313.1038
313.1046
313.1055
313.1066
313.1079
313.1093
313.1107
313.1122
313.1137
313.1153
313.1185
313.1234
313.1281
313.1328
313.1375
313.14
313.1407
313.1413
313.0951
313.0958
313.0967
313.0978
313.099
313.1004
313.1019
313.1035
313.1052
313.107
313.1107
313.1169
313.1231
313.1294
313.1359
313.1395
313.1403
313.141
313.1417
313.0821
313.0828
313.0836
313.0846
313.0858
313.0872
313.0888
313.0905
313.0924
313.0943
313.0987
313.1059
313.1137
313.1222
313.132
313.1389
313.1399
313.1407
313.1416
313.1423
313.0651
313.0656
313.0663
313.0673
313.0684
313.0697
313.0713
313.073
313.075
313.0771
313.0816
313.0884
313.0951
313.1015
313.1069
313.048
313.0484
313.049
313.0497
313.0508
313.052
313.0535
313.0551
313.0571
313.0592
313.0639
313.0706
313.0769
313.0828
313.088
313.0337
313.0339
313.0344
313.035
313.0359
313.037
313.0383
313.0399
313.0417
313.0437
313.0485
313.0553
313.0616
313.0674
313.0728
313.0237
313.0238
313.0241
313.0246
313.0253
313.0262
313.0274
313.0288
313.0304
313.0324
313.0371
313.0439
313.0501
313.056
313.0613
313.0187
313.0187
313.0189
313.0192
313.0198
313.0206
313.0215
313.0227
313.0242
313.0259
313.0304
313.0371
313.0432
313.0489
313.0542
313.019
313.0189
313.0189
313.0192
313.0196
313.0202
313.021
313.022
313.0232
313.0247
313.029
313.0354
313.0413
313.0467
313.0517
313.1478
313.0244
313.0242
313.0242
313.0244
313.0247
313.0251
313.0258
313.0266
313.0276
313.0289
313.0329
313.0389
313.0445
313.0496
313.0542
313.1477
313.148
313.0346
313.0344
313.0344
313.0344
313.0347
313.0351
313.0356
313.0363
313.0371
313.0381
313.0418
313.0476
313.0529
313.0576
313.0619
313.1476
313.148
313.1485
313.049
313.0487
313.0487
313.0487
313.0489
313.0492
313.0497
313.0502
313.0509
313.0518
313.0553
313.0609
313.0662
313.071
313.0751
313.1473
313.1478
313.1484
313.149
313.0659
313.0657
313.0656
313.0657
313.0658
313.0661
313.0666
313.0671
313.0677
313.0684
313.0719
313.078
313.0842
313.09
313.0952
313.147
313.1476
313.1483
313.149
313.1497
313.0824
313.0823
313.0823
313.0824
313.0825
313.0829
313.0833
313.0838
313.0844
313.0851
313.0888
313.0961
313.1046
313.1147
313.1274
313.1366
313.1377
313.1387
313.1397
313.1406
313.1415
313.1424
313.1433
313.1442
313.1451
313.1465
313.1474
313.1482
313.1489
313.1497
313.0948
313.0947
313.0947
313.0948
313.095
313.0952
313.0956
313.0961
313.0966
313.0972
313.1005
313.1073
313.1148
313.123
313.1319
313.137
313.1378
313.1387
313.1396
313.1405
313.1414
313.1423
313.1432
313.1441
313.1449
313.1461
313.1472
313.1481
313.1489
313.1496
313.1029
313.1027
313.1027
313.1028
313.1029
313.1032
313.1035
313.1039
313.1043
313.1049
313.1078
313.1136
313.1199
313.1266
313.1335
313.1373
313.138
313.1388
313.1396
313.1405
313.1413
313.1422
313.1431
313.1439
313.1448
313.1459
313.147
313.148
313.1488
313.1496
313.1076
313.1074
313.1074
313.1075
313.1076
313.1078
313.1081
313.1084
313.1088
313.1092
313.1119
313.1171
313.1226
313.1284
313.1343
313.1374
313.1381
313.1388
313.1396
313.1404
313.1413
313.1421
313.143
313.1438
313.1446
313.1457
313.1469
313.1479
313.1488
313.1496
313.1098
313.1097
313.1096
313.1097
313.1098
313.1099
313.1102
313.1105
313.1108
313.1112
313.1137
313.1186
313.1238
313.1291
313.1346
313.1375
313.1381
313.1388
313.1395
313.1403
313.1412
313.142
313.1429
313.1437
313.1445
313.1456
313.1468
313.1478
313.1488
313.1496
313.1113
313.1121
313.1131
313.1143
313.1155
313.1168
313.1181
313.1195
313.1209
313.1223
313.1248
313.1283
313.1318
313.1353
313.1387
313.1405
313.141
313.1085
313.1092
313.1102
313.1112
313.1124
313.1137
313.115
313.1164
313.1179
313.1193
313.1222
313.1264
313.1304
313.1343
313.1382
313.1403
313.1408
313.1414
313.1032
313.1039
313.1048
313.1058
313.1069
313.1082
313.1096
313.111
313.1125
313.1141
313.1173
313.1224
313.1275
313.1324
313.1372
313.1399
313.1405
313.1412
313.1418
313.0947
313.0953
313.0961
313.097
313.0981
313.0994
313.1008
313.1023
313.1039
313.1056
313.1094
313.1157
313.1222
313.1289
313.1356
313.1393
313.1401
313.1409
313.1416
313.1424
313.0818
313.0823
313.083
313.0839
313.085
313.0862
313.0877
313.0893
313.091
313.0929
313.0972
313.1045
313.1124
313.1213
313.1316
313.1387
313.1397
313.1406
313.1414
313.1422
313.1429
313.0649
313.0653
313.0659
313.0666
313.0676
313.0688
313.0702
313.0717
313.0735
313.0754
313.0799
313.0867
313.0934
313.0997
313.1054
313.0479
313.0481
313.0486
313.0492
313.0501
313.0511
313.0524
313.0539
313.0556
313.0575
313.0621
313.0686
313.0748
313.0805
313.0857
313.0337
313.0338
313.0341
313.0346
313.0353
313.0363
313.0374
313.0387
313.0403
313.0422
313.0467
313.0533
313.0594
313.065
313.0701
313.0238
313.0238
313.024
313.0244
313.0249
313.0257
313.0267
313.0279
313.0293
313.031
313.0354
313.042
313.048
313.0536
313.0587
313.019
313.0189
313.0189
313.0192
313.0196
313.0202
313.021
313.022
313.0232
313.0247
313.029
313.0354
313.0413
313.0467
313.0517
313.1478
313.0193
313.0191
313.0191
313.0192
313.0195
313.02
313.0206
313.0215
313.0225
313.0238
313.0278
313.034
313.0396
313.0448
313.0495
313.1478
313.1481
313.0248
313.0245
313.0244
313.0245
313.0247
313.0251
313.0256
313.0263
313.0271
313.0281
313.0319
313.0378
313.0431
313.048
313.0523
313.1477
313.148
313.1485
313.0351
313.0348
313.0346
313.0346
313.0348
313.0351
313.0355
313.036
313.0367
313.0376
313.0411
313.0467
313.0518
313.0563
313.0604
313.1475
313.1479
313.1485
313.1491
313.0494
313.0491
313.049
313.0489
313.0491
313.0493
313.0497
313.0501
313.0507
313.0514
313.0548
313.0603
313.0654
313.0701
313.074
313.1473
313.1478
313.1484
313.149
313.1497
313.0662
313.066
313.0659
313.0659
313.066
313.0662
313.0666
313.067
313.0676
313.0682
313.0716
313.0776
313.0837
313.0894
313.0945
313.1469
313.1476
313.1483
313.149
313.1497
313.0827
313.0826
313.0825
313.0826
313.0827
313.083
313.0834
313.0838
313.0844
313.085
313.0885
313.0959
313.1043
313.1145
313.1272
313.1365
313.1376
313.1386
313.1396
313.1405
313.1414
313.1423
313.1432
313.1441
313.145
313.1464
313.1474
313.1482
313.1489
313.1496
313.0951
313.0949
313.0949
313.095
313.0951
313.0954
313.0957
313.0961
313.0966
313.0971
313.1004
313.1071
313.1146
313.1229
313.1318
313.1369
313.1377
313.1386
313.1395
313.1404
313.1413
313.1422
313.1431
313.144
313.1448
313.1461
313.1472
313.1481
313.1489
313.1496
313.1031
313.103
313.1029
313.103
313.1031
313.1033
313.1036
313.1039
313.1043
313.1048
313.1077
313.1135
313.1198
313.1265
313.1334
313.1372
313.1379
313.1387
313.1395
313.1404
313.1412
313.1421
313.143
313.1438
313.1447
313.1458
313.147
313.148
313.1488
313.1496
313.1078
313.1077
313.1076
313.1076
313.1077
313.1079
313.1082
313.1085
313.1088
313.1092
313.1118
313.117
313.1225
313.1283
313.1342
313.1374
313.138
313.1387
313.1395
313.1403
313.1412
313.142
313.1429
313.1437
313.1445
313.1456
313.1468
313.1479
313.1488
313.1496
313.11
313.1099
313.1098
313.1099
313.1099
313.1101
313.1103
313.1106
313.1109
313.1112
313.1137
313.1186
313.1237
313.1291
313.1345
313.1375
313.1381
313.1387
313.1395
313.1403
313.1411
313.1419
313.1428
313.1436
313.1444
313.1455
313.1467
313.1478
313.1487
313.1496
313.1106
313.1114
313.1123
313.1133
313.1145
313.1157
313.117
313.1184
313.1197
313.1211
313.1239
313.1277
313.1314
313.135
313.1385
313.1404
313.1409
313.1415
313.108
313.1086
313.1094
313.1104
313.1115
313.1127
313.114
313.1153
313.1167
313.1182
313.1211
313.1255
313.1298
313.1339
313.1379
313.1401
313.1407
313.1413
313.1419
313.1028
313.1034
313.1041
313.105
313.106
313.1072
313.1085
313.1099
313.1114
313.1129
313.1161
313.1214
313.1267
313.1319
313.137
313.1397
313.1403
313.141
313.1417
313.1424
313.0943
313.0948
313.0955
313.0963
313.0973
313.0985
313.0998
313.1012
313.1027
313.1044
313.1082
313.1146
313.1212
313.1282
313.1352
313.1391
313.1399
313.1407
313.1415
313.1423
313.143
313.0815
313.082
313.0826
313.0833
313.0843
313.0854
313.0867
313.0881
313.0897
313.0915
313.0958
313.1032
313.1113
313.1204
313.131
313.1384
313.1395
313.1404
313.1413
313.1421
313.1428
313.1436
313.0647
313.065
313.0655
313.0662
313.067
313.068
313.0692
313.0706
313.0722
313.074
313.0783
313.0851
313.0917
313.0981
313.1038
313.0479
313.048
313.0484
313.0489
313.0496
313.0505
313.0516
313.0529
313.0544
313.0561
313.0604
313.0669
313.0729
313.0785
313.0835
313.0338
313.0338
313.034
313.0344
313.035
313.0357
313.0367
313.0378
313.0392
313.0408
313.0451
313.0515
313.0574
313.0628
313.0677
313.0241
313.024
313.0241
313.0243
313.0247
313.0253
313.0261
313.0271
313.0284
313.0298
313.034
313.0403
313.0461
313.0514
313.0563
313.1477
313.0193
313.0191
313.0191
313.0192
313.0195
313.02
313.0206
313.0215
313.0225
313.0238
313.0278
313.034
313.0396
313.0448
313.0495
313.1478
313.1481
313.0197
313.0194
313.0193
313.0194
313.0196
313.0199
313.0204
313.0211
313.022
313.023
313.0269
313.0328
313.0382
313.0431
313.0475
313.1478
313.1481
313.1485
313.0253
313.0249
313.0247
313.0247
313.0248
313.0251
313.0255
313.026
313.0267
313.0276
313.0312
313.0369
313.042
313.0466
313.0507
313.1477
313.148
313.1485
313.1491
313.0356
313.0352
313.035
313.0349
313.035
313.0352
313.0355
313.036
313.0365
313.0372
313.0406
313.046
313.0509
313.0553
313.0591
313.1475
313.1479
313.1484
313.1491
313.1497
313.0499
313.0495
313.0493
313.0492
313.0493
313.0494
313.0497
313.0501
313.0506
313.0512
313.0544
313.0598
313.0648
313.0693
313.0731
313.1472
313.1477
313.1484
313.149
313.1497
313.0666
313.0664
313.0662
313.0662
313.0662
313.0664
313.0667
313.0671
313.0675
313.0681
313.0713
313.0773
313.0833
313.0889
313.0939
313.1469
313.1475
313.1483
313.149
313.1497
313.083
313.0829
313.0828
313.0828
313.0829
313.0831
313.0835
313.0839
313.0843
313.0849
313.0884
313.0957
313.1041
313.1143
313.1271
313.1364
313.1375
313.1385
313.1394
313.1404
313.1413
313.1422
313.1431
313.144
313.1449
313.1463
313.1473
313.1481
313.1489
313.1496
313.0953
313.0952
313.0951
313.0952
313.0953
313.0955
313.0958
313.0962
313.0966
313.0971
313.1003
313.107
313.1145
313.1227
313.1317
313.1368
313.1376
313.1385
313.1394
313.1403
313.1412
313.1421
313.143
313.1439
313.1447
313.146
313.1471
313.148
313.1489
313.1496
313.1033
313.1032
313.1032
313.1032
313.1033
313.1035
313.1037
313.104
313.1044
313.1048
313.1077
313.1134
313.1197
313.1264
313.1333
313.1371
313.1378
313.1386
313.1394
313.1403
313.1411
313.142
313.1429
313.1437
313.1446
313.1457
313.1469
313.1479
313.1488
313.1496
313.108
313.1079
313.1078
313.1078
313.1079
313.1081
313.1083
313.1086
313.1089
313.1092
313.1118
313.117
313.1225
313.1282
313.1341
313.1374
313.138
313.1387
313.1394
313.1402
313.1411
313.1419
313.1428
313.1436
313.1444
313.1456
313.1468
313.1478
313.1487
313.1496
313.1102
313.1101
313.11
313.1101
313.1101
313.1102
313.1104
313.1107
313.1109
313.1113
313.1137
313.1185
313.1237
313.129
313.1345
313.1375
313.138
313.1387
313.1394
313.1402
313.141
313.1418
313.1427
313.1435
313.1443
313.1454
313.1467
313.1478
313.1487
313.1496
313.1101
313.1107
313.1115
313.1125
313.1135
313.1147
313.116
313.1173
313.1187
313.12
313.1228
313.1269
313.1309
313.1346
313.1382
313.1402
313.1407
313.1413
313.1419
313.1075
313.1081
313.1088
313.1096
313.1106
313.1117
313.113
313.1143
313.1156
313.1171
313.12
313.1246
313.1292
313.1335
313.1377
313.1399
313.1405
313.1411
313.1418
313.1424
313.1025
313.1029
313.1036
313.1044
313.1053
313.1063
313.1076
313.1089
313.1103
313.1117
313.115
313.1204
313.1259
313.1314
313.1366
313.1395
313.1401
313.1409
313.1416
313.1423
313.143
313.0941
313.0945
313.0951
313.0958
313.0966
313.0977
313.0989
313.1002
313.1016
313.1032
313.107
313.1135
313.1204
313.1275
313.1348
313.1389
313.1397
313.1406
313.1414
313.1421
313.1429
313.1436
313.0814
313.0817
313.0822
313.0829
313.0837
313.0847
313.0858
313.0871
313.0886
313.0902
313.0945
313.102
313.1102
313.1195
313.1305
313.1382
313.1393
313.1402
313.1411
313.1419
313.1427
313.1435
313.1442
313.0647
313.0649
313.0653
313.0658
313.0665
313.0674
313.0684
313.0697
313.0711
313.0727
313.0769
313.0836
313.0902
313.0965
313.1022
313.0479
313.048
313.0482
313.0486
313.0492
313.0499
313.0509
313.052
313.0533
313.0548
313.059
313.0653
313.0712
313.0766
313.0815
313.034
313.0339
313.0341
313.0343
313.0348
313.0354
313.0362
313.0371
313.0383
313.0397
313.0438
313.05
313.0556
313.0609
313.0656
313.1476
313.0244
313.0242
313.0242
313.0244
313.0247
313.0251
313.0258
313.0266
313.0276
313.0289
313.0329
313.0389
313.0445
313.0496
313.0542
313.1477
313.148
313.0197
313.0194
313.0193
313.0194
313.0196
313.0199
313.0204
313.0211
313.022
313.023
313.0269
313.0328
313.0382
313.0431
313.0475
313.1478
313.1481
313.1485
313.0202
313.0199
313.0197
313.0196
313.0197
313.02
313.0204
313.0209
313.0216
313.0225
313.0262
313.0319
313.0371
313.0417
313.0458
313.1477
313.1481
313.1485
313.1491
313.0258
313.0254
313.0251
313.025
313.0251
313.0252
313.0255
313.026
313.0265
313.0272
313.0307
313.0362
313.0411
313.0455
313.0493
313.1476
313.148
313.1485
313.1491
313.1497
313.0361
313.0357
313.0354
313.0353
313.0352
313.0354
313.0356
313.036
313.0364
313.037
313.0403
313.0455
313.0502
313.0544
313.058
313.1475
313.1479
313.1484
313.149
313.1497
313.0503
313.05
313.0497
313.0496
313.0496
313.0497
313.0499
313.0502
313.0506
313.0511
313.0542
313.0595
313.0644
313.0687
313.0723
313.1472
313.1477
313.1483
313.149
313.1497
313.067
313.0668
313.0666
313.0665
313.0665
313.0666
313.0669
313.0672
313.0676
313.068
313.0712
313.0771
313.083
313.0886
313.0934
313.1468
313.1475
313.1482
313.1489
313.1497
313.0834
313.0832
313.0831
313.0831
313.0832
313.0834
313.0836
313.084
313.0844
313.0849
313.0884
313.0956
313.104
313.1141
313.1269
313.1363
313.1374
313.1384
313.1393
313.1403
313.1412
313.1421
313.143
313.1439
313.1448
313.1463
313.1473
313.1481
313.1489
313.1496
313.0956
313.0955
313.0954
313.0954
313.0955
313.0957
313.096
313.0963
313.0967
313.0971
313.1003
313.1069
313.1144
313.1226
313.1316
313.1367
313.1376
313.1385
313.1393
313.1402
313.1411
313.142
313.1429
313.1438
313.1447
313.1459
313.147
313.148
313.1488
313.1496
313.1036
313.1034
313.1034
313.1034
313.1035
313.1036
313.1039
313.1041
313.1045
313.1049
313.1077
313.1134
313.1197
313.1263
313.1333
313.1371
313.1378
313.1385
313.1394
313.1402
313.141
313.1419
313.1428
313.1436
313.1445
313.1457
313.1469
313.1479
313.1488
313.1496
313.1082
313.1081
313.108
313.108
313.1081
313.1083
313.1085
313.1087
313.109
313.1093
313.1118
313.117
313.1225
313.1282
313.1341
313.1373
313.1379
313.1386
313.1394
313.1402
313.141
313.1418
313.1427
313.1435
313.1444
313.1455
313.1467
313.1478
313.1487
313.1496
313.1104
313.1103
313.1102
313.1103
313.1103
313.1104
313.1106
313.1108
313.1111
313.1113
313.1138
313.1186
313.1237
313.129
313.1345
313.1375
313.138
313.1386
313.1394
313.1401
313.141
313.1418
313.1426
313.1434
313.1443
313.1454
313.1466
313.1477
313.1487
313.1496
313.1097
313.1102
313.1109
313.1117
313.1127
313.1138
313.115
313.1163
313.1176
313.1189
313.1217
313.126
313.1302
313.1342
313.138
313.14
313.1406
313.1412
313.1418
313.1425
313.1072
313.1076
313.1082
313.109
313.1099
313.1109
313.112
313.1133
313.1146
313.116
313.119
313.1237
313.1284
313.133
313.1374
313.1397
313.1403
313.141
313.1417
313.1424
313.143
313.1022
313.1026
313.1031
313.1038
313.1046
313.1056
313.1067
313.1079
313.1092
313.1106
313.114
313.1195
313.1251
313.1308
313.1363
313.1392
313.14
313.1407
313.1414
313.1422
313.1429
313.1436
313.0939
313.0942
313.0947
313.0953
313.0961
313.097
313.0981
313.0993
313.1006
313.1021
313.1059
313.1125
313.1195
313.1269
313.1344
313.1386
313.1395
313.1404
313.1412
313.142
313.1428
313.1435
313.1442
313.0813
313.0816
313.082
313.0825
313.0832
313.0841
313.0851
313.0863
313.0876
313.0891
313.0933
313.1008
313.1092
313.1187
313.13
313.1379
313.139
313.14
313.1409
313.1418
313.1426
313.1434
313.1442
313.1449
313.0647
313.0648
313.0651
313.0656
313.0661
313.0669
313.0678
313.0689
313.0701
313.0716
313.0756
313.0823
313.0888
313.0951
313.1007
313.0481
313.0481
313.0482
313.0485
313.049
313.0496
313.0504
313.0513
313.0525
313.0538
313.0578
313.0639
313.0696
313.0749
313.0796
313.1474
313.0343
313.0341
313.0342
313.0343
313.0347
313.0351
313.0358
313.0366
313.0376
313.0388
313.0427
313.0487
313.0541
313.0591
313.0636
313.1476
313.148
313.0248
313.0245
313.0244
313.0245
313.0247
313.0251
313.0256
313.0263
313.0271
313.0281
313.0319
313.0378
313.0431
313.048
313.0523
313.1477
313.148
313.1485
313.0202
313.0199
313.0197
313.0196
313.0197
313.02
313.0204
313.0209
313.0216
313.0225
313.0262
313.0319
313.0371
313.0417
313.0458
313.1477
313.1481
313.1485
313.1491
313.0208
313.0203
313.0201
313.02
313.02
313.0201
313.0204
313.0209
313.0214
313.0221
313.0256
313.0312
313.0361
313.0405
313.0444
313.1477
313.148
313.1485
313.1491
313.1497
313.0264
313.0259
313.0256
313.0254
313.0254
313.0255
313.0257
313.026
313.0265
313.027
313.0303
313.0356
313.0404
313.0445
313.0481
313.1476
313.1479
313.1485
313.1491
313.1497
313.0366
313.0362
313.0359
313.0357
313.0356
313.0356
313.0358
313.0361
313.0364
313.0369
313.04
313.0452
313.0497
313.0537
313.0571
313.1474
313.1478
313.1484
313.149
313.1497
313.0508
313.0504
313.0502
313.05
313.0499
313.05
313.0501
313.0503
313.0507
313.0511
313.0541
313.0593
313.064
313.0682
313.0717
313.1471
313.1477
313.1483
313.149
313.1497
313.0675
313.0672
313.067
313.0669
313.0668
313.0669
313.0671
313.0673
313.0677
313.0681
313.0712
313.077
313.0828
313.0883
313.0931
313.1467
313.1474
313.1482
313.1489
313.1496
313.0837
313.0835
313.0834
313.0834
313.0835
313.0836
313.0838
313.0841
313.0845
313.085
313.0883
313.0955
313.1039
313.114
313.1268
313.1362
313.1373
313.1383
313.1392
313.1402
313.1411
313.142
313.1429
313.1438
313.1447
313.1462
313.1472
313.1481
313.1489
313.1496
313.0959
313.0957
313.0957
313.0957
313.0958
313.0959
313.0962
313.0964
313.0968
313.0972
313.1003
313.1069
313.1143
313.1226
313.1316
313.1367
313.1375
313.1384
313.1393
313.1401
313.141
313.1419
313.1428
313.1437
313.1446
313.1458
313.147
313.1479
313.1488
313.1496
313.1038
313.1037
313.1036
313.1036
313.1037
313.1038
313.1041
313.1043
313.1046
313.1049
313.1077
313.1134
313.1197
313.1263
313.1333
313.1371
313.1377
313.1385
313.1393
313.1401
313.141
313.1418
313.1427
313.1436
313.1444
313.1456
313.1468
313.1478
313.1487
313.1496
313.1084
313.1083
313.1083
313.1083
313.1083
313.1084
313.1086
313.1088
313.1091
313.1094
313.1119
313.117
313.1225
313.1282
313.1341
313.1373
313.1379
313.1386
313.1393
313.1401
313.1409
313.1418
313.1426
313.1435
313.1443
313.1454
313.1467
313.1478
313.1487
313.1496
313.1105
313.1105
313.1104
313.1105
313.1105
313.1106
313.1108
313.111
313.1112
313.1115
313.1138
313.1186
313.1237
313.129
313.1345
313.1375
313.138
313.1386
313.1393
313.1401
313.1409
313.1417
313.1426
313.1434
313.1442
313.1453
313.1466
313.1477
313.1487
313.1496
313.1093
313.1098
313.1104
313.1111
313.112
313.113
313.1141
313.1153
313.1166
313.1179
313.1207
313.1252
313.1295
313.1337
313.1377
313.1398
313.1404
313.141
313.1417
313.1424
313.143
313.1069
313.1073
313.1078
313.1085
313.1093
313.1102
313.1112
313.1124
313.1136
313.1149
313.118
313.1228
313.1277
313.1325
313.137
313.1395
313.1401
313.1408
313.1415
313.1422
313.1429
313.1436
313.102
313.1023
313.1028
313.1034
313.1041
313.105
313.106
313.1071
313.1083
313.1096
313.113
313.1186
313.1244
313.1302
313.1359
313.139
313.1397
313.1405
313.1413
313.142
313.1428
313.1435
313.1442
313.0938
313.0941
313.0945
313.095
313.0957
313.0965
313.0974
313.0985
313.0997
313.1011
313.1049
313.1116
313.1187
313.1263
313.1341
313.1384
313.1393
313.1402
313.141
313.1418
313.1426
313.1434
313.1442
313.1449
313.0813
313.0815
313.0818
313.0823
313.0829
313.0836
313.0846
313.0856
313.0868
313.0882
313.0923
313.0998
313.1082
313.1179
313.1295
313.1377
313.1388
313.1398
313.1408
313.1416
313.1425
313.1433
313.1441
313.1448
313.1456
313.0648
313.0649
313.0651
313.0654
313.0659
313.0665
313.0673
313.0683
313.0694
313.0706
313.0746
313.0811
313.0876
313.0938
313.0993
313.1471
313.0483
313.0482
313.0483
313.0485
313.0489
313.0494
313.05
313.0508
313.0518
313.053
313.0568
313.0627
313.0683
313.0734
313.0779
313.1474
313.1479
313.0346
313.0344
313.0344
313.0344
313.0347
313.0351
313.0356
313.0363
313.0371
313.0381
313.0418
313.0476
313.0529
313.0576
313.0619
313.1476
313.148
313.1485
313.0253
313.0249
313.0247
313.0247
313.0248
313.0251
313.0255
313.026
313.0267
313.0276
313.0312
313.0369
313.042
313.0466
313.0507
313.1477
313.148
313.1485
313.1491
313.0208
313.0203
313.0201
313.02
313.02
313.0201
313.0204
313.0209
313.0214
313.0221
313.0256
313.0312
313.0361
313.0405
313.0444
313.1477
313.148
313.1485
313.1491
313.1497
313.0214
313.0209
313.0206
313.0204
313.0203
313.0204
313.0206
313.0209
313.0214
313.0219
313.0253
313.0306
313.0354
313.0396
313.0432
313.1476
313.148
313.1485
313.1491
313.1497
313.027
313.0265
313.0261
313.0259
313.0257
313.0258
313.0259
313.0261
313.0265
313.027
313.0301
313.0353
313.0398
313.0438
313.0472
313.1475
313.1479
313.1484
313.1491
313.1497
313.0372
313.0367
313.0364
313.0362
313.036
313.036
313.0361
313.0363
313.0365
313.0369
313.0399
313.0449
313.0494
313.0532
313.0565
313.1474
313.1478
313.1484
313.149
313.1497
313.0513
313.0509
313.0507
313.0505
313.0503
313.0503
313.0504
313.0506
313.0508
313.0511
313.0541
313.0592
313.0638
313.0679
313.0712
313.1471
313.1476
313.1483
313.149
313.1497
313.0679
313.0676
313.0674
313.0673
313.0672
313.0672
313.0674
313.0676
313.0678
313.0682
313.0712
313.077
313.0827
313.0881
313.0928
313.1467
313.1474
313.1482
313.1489
313.1496
313.0841
313.0839
313.0838
313.0837
313.0838
313.0839
313.0841
313.0844
313.0847
313.0851
313.0884
313.0955
313.1039
313.1139
313.1268
313.1362
313.1373
313.1382
313.1392
313.1401
313.141
313.1419
313.1428
313.1437
313.1447
313.1461
313.1471
313.148
313.1488
313.1496
313.0962
313.096
313.096
313.096
313.096
313.0962
313.0964
313.0966
313.0969
313.0973
313.1004
313.1069
313.1143
313.1225
313.1316
313.1367
313.1375
313.1383
313.1392
313.1401
313.1409
313.1418
313.1427
313.1436
313.1445
313.1458
313.1469
313.1479
313.1488
313.1496
313.104
313.1039
313.1039
313.1039
313.1039
313.1041
313.1042
313.1045
313.1047
313.1051
313.1078
313.1135
313.1197
313.1263
313.1333
313.1371
313.1377
313.1385
313.1393
313.1401
313.1409
313.1418
313.1426
313.1435
313.1443
313.1455
313.1468
313.1478
313.1487
313.1496
313.1086
313.1085
313.1085
313.1085
313.1085
313.1087
313.1088
313.109
313.1092
313.1095
313.112
313.1171
313.1225
313.1282
313.1341
313.1373
313.1379
313.1386
313.1393
313.1401
313.1409
313.1417
313.1426
313.1434
313.1442
313.1454
313.1466
313.1477
313.1487
313.1496
313.1106
313.1106
313.1106
313.1107
313.1107
313.1108
313.111
313.1112
313.1114
313.1116
313.1139
313.1187
313.1238
313.1291
313.1345
313.1375
313.138
313.1386
313.1393
313.1401
313.1409
313.1417
313.1425
313.1433
313.1441
313.1453
313.1466
313.1477
313.1486
313.1496
313.109
313.1094
313.1099
313.1106
313.1113
313.1122
313.1133
313.1144
313.1156
313.1169
313.1198
313.1243
313.1288
313.1332
313.1374
313.1396
313.1402
313.1409
313.1415
313.1423
313.143
313.1436
313.1067
313.107
313.1075
313.108
313.1087
313.1096
313.1105
313.1116
313.1127
313.114
313.117
313.122
313.127
313.1319
313.1367
313.1392
313.1399
313.1406
313.1414
313.1421
313.1428
313.1435
313.1442
313.1019
313.1021
313.1025
313.103
313.1037
313.1044
313.1053
313.1064
313.1075
313.1087
313.1121
313.1178
313.1237
313.1297
313.1356
313.1387
313.1395
313.1403
313.1411
313.1419
313.1427
313.1434
313.1441
313.1448
313.0938
313.0939
313.0943
313.0947
313.0953
313.096
313.0969
313.0979
313.099
313.1002
313.104
313.1107
313.118
313.1257
313.1337
313.1381
313.139
313.14
313.1408
313.1417
313.1425
313.1433
313.1441
313.1448
313.1455
313.0814
313.0815
313.0817
313.0821
313.0826
313.0833
313.0841
313.085
313.0861
313.0873
313.0914
313.0989
313.1074
313.1172
313.1291
313.1374
313.1386
313.1396
313.1405
313.1415
313.1423
313.1432
313.144
313.1447
313.1455
313.1467
313.065
313.065
313.0651
313.0654
313.0658
313.0663
313.067
313.0678
313.0687
313.0699
313.0737
313.0801
313.0865
313.0926
313.0981
313.1471
313.1477
313.0486
313.0485
313.0484
313.0486
313.0488
313.0492
313.0498
313.0505
313.0513
313.0523
313.0559
313.0617
313.0672
313.0721
313.0764
313.1474
313.1478
313.1484
313.0351
313.0348
313.0346
313.0346
313.0348
313.0351
313.0355
313.036
313.0367
313.0376
313.0411
313.0467
313.0518
313.0563
313.0604
313.1475
313.1479
313.1485
313.1491
313.0258
313.0254
313.0251
313.025
313.0251
313.0252
313.0255
313.026
313.0265
313.0272
313.0307
313.0362
313.0411
313.0455
313.0493
313.1476
313.148
313.1485
313.1491
313.1497
313.0214
313.0209
313.0206
313.0204
313.0203
313.0204
313.0206
313.0209
313.0214
313.0219
313.0253
313.0306
313.0354
313.0396
313.0432
313.1476
313.148
313.1485
313.1491
313.1497
313.022
313.0215
313.0211
313.0209
313.0207
313.0207
313.0208
313.021
313.0214
313.0219
313.0251
313.0302
313.0348
313.0388
313.0423
313.1476
313.148
313.1485
313.1491
313.1497
313.0276
313.0271
313.0267
313.0264
313.0262
313.0262
313.0262
313.0264
313.0266
313.027
313.03
313.0351
313.0395
313.0433
313.0465
313.1475
313.1479
313.1484
313.149
313.1497
313.0378
313.0373
313.037
313.0367
313.0365
313.0364
313.0364
313.0365
313.0367
313.037
313.0399
313.0448
313.0491
313.0529
313.0559
313.1473
313.1477
313.1483
313.149
313.1497
313.0518
313.0515
313.0512
313.0509
313.0508
313.0507
313.0508
313.0509
313.051
313.0513
313.0541
313.0591
313.0637
313.0677
313.0709
313.147
313.1476
313.1482
313.1489
313.1497
313.0683
313.068
313.0678
313.0677
313.0676
313.0676
313.0677
313.0678
313.0681
313.0683
313.0713
313.077
313.0826
313.088
313.0926
313.1466
313.1473
313.1481
313.1489
313.1496
313.0844
313.0842
313.0841
313.0841
313.0841
313.0842
313.0844
313.0846
313.0849
313.0852
313.0885
313.0956
313.1039
313.1139
313.1268
313.1362
313.1372
313.1382
313.1391
313.14
313.1409
313.1418
313.1427
313.1436
313.1446
313.1461
313.1471
313.148
313.1488
313.1496
313.0964
313.0963
313.0962
313.0962
313.0963
313.0964
313.0966
313.0968
313.0971
313.0975
313.1005
313.107
313.1143
313.1225
313.1316
313.1367
313.1375
313.1383
313.1392
313.14
313.1409
313.1418
313.1426
313.1435
313.1444
313.1457
313.1469
313.1479
313.1488
313.1496
313.1042
313.1041
313.1041
313.1041
313.1042
313.1043
313.1045
313.1047
313.1049
313.1052
313.1079
313.1135
313.1197
313.1263
313.1333
313.1371
313.1377
313.1384
313.1392
313.14
313.1409
313.1417
313.1426
313.1434
313.1443
313.1455
313.1467
313.1478
313.1487
313.1496
313.1086
313.1086
313.1086
313.1087
313.1087
313.1089
313.109
313.1092
313.1094
313.1097
313.1121
313.1171
313.1225
313.1282
313.1341
313.1373
313.1379
313.1386
313.1393
313.1401
313.1409
313.1417
313.1425
313.1433
313.1442
313.1453
313.1466
313.1477
313.1487
313.1496
313.1107
313.1108
313.1108
313.1109
313.111
313.1112
313.1114
313.1115
313.1118
313.1141
313.1188
313.1238
313.1291
313.1345
313.1375
313.138
313.1386
313.1393
313.1401
313.1408
313.1417
313.1425
313.1433
313.1441
313.1452
313.1465
313.1476
313.1486
313.1496
313.1088
313.1091
313.1096
313.1101
313.1108
313.1116
313.1126
313.1136
313.1147
313.1159
313.1189
313.1235
313.1282
313.1327
313.137
313.1394
313.14
313.1407
313.1414
313.1421
313.1428
313.1435
313.1442
313.1066
313.1068
313.1072
313.1077
313.1083
313.109
313.1099
313.1109
313.1119
313.1131
313.1161
313.1212
313.1264
313.1315
313.1364
313.139
313.1397
313.1404
313.1412
313.1419
313.1427
313.1434
313.1441
313.1448
313.1018
313.102
313.1023
313.1028
313.1033
313.104
313.1048
313.1057
313.1068
313.1079
313.1112
313.117
313.1231
313.1292
313.1352
313.1385
313.1393
313.1401
313.1409
313.1418
313.1425
313.1433
313.1441
313.1448
313.1454
313.0938
313.0939
313.0942
313.0946
313.0951
313.0957
313.0965
313.0974
313.0984
313.0995
313.1032
313.1099
313.1173
313.1252
313.1334
313.1379
313.1388
313.1397
313.1406
313.1415
313.1424
313.1432
313.144
313.1447
313.1455
313.1465
313.0815
313.0815
313.0817
313.082
313.0825
313.0831
313.0838
313.0846
313.0856
313.0867
313.0906
313.0981
313.1066
313.1166
313.1286
313.1372
313.1384
313.1394
313.1403
313.1413
313.1422
313.143
313.1439
313.1447
313.1455
313.1467
313.1475
313.0652
313.0651
313.0652
313.0654
313.0657
313.0662
313.0667
313.0674
313.0683
313.0693
313.0729
313.0793
313.0856
313.0916
313.097
313.1471
313.1477
313.1483
313.049
313.0487
313.0487
313.0487
313.0489
313.0492
313.0497
313.0502
313.0509
313.0518
313.0553
313.0609
313.0662
313.071
313.0751
313.1473
313.1478
313.1484
313.149
313.0356
313.0352
313.035
313.0349
313.035
313.0352
313.0355
313.036
313.0365
313.0372
313.0406
313.046
313.0509
313.0553
313.0591
313.1475
313.1479
313.1484
313.1491
313.1497
313.0264
313.0259
313.0256
313.0254
313.0254
313.0255
313.0257
313.026
313.0265
313.027
313.0303
313.0356
313.0404
313.0445
313.0481
313.1476
313.1479
313.1485
313.1491
313.1497
313.022
313.0215
313.0211
313.0209
313.0207
313.0207
313.0208
313.021
313.0214
313.0219
313.0251
313.0302
313.0348
313.0388
313.0423
313.1476
313.148
313.1485
313.1491
313.1497
313.0226
313.0221
313.0217
313.0214
313.0212
313.0211
313.0211
313.0213
313.0215
313.0219
313.025
313.03
313.0345
313.0383
313.0415
313.1476
313.1479
313.1484
313.149
313.1497
313.0282
313.0277
313.0273
313.027
313.0267
313.0266
313.0266
313.0267
313.0268
313.0271
313.0301
313.035
313.0392
313.0429
313.0459
313.1474
313.1478
313.1484
313.149
313.1497
313.0384
313.0379
313.0375
313.0372
313.037
313.0369
313.0368
313.0369
313.037
313.0372
313.04
313.0448
313.049
313.0526
313.0556
313.1473
313.1477
313.1483
313.149
313.1497
313.0524
313.052
313.0517
313.0514
313.0513
313.0512
313.0512
313.0512
313.0513
313.0515
313.0543
313.0592
313.0637
313.0676
313.0707
313.147
313.1475
313.1482
313.1489
313.1496
313.0687
313.0684
313.0682
313.0681
313.068
313.068
313.0681
313.0682
313.0683
313.0686
313.0715
313.0771
313.0827
313.088
313.0925
313.1466
313.1473
313.1481
313.1489
313.1496
313.0847
313.0845
313.0844
313.0844
313.0844
313.0845
313.0847
313.0849
313.0851
313.0854
313.0887
313.0957
313.1039
313.1139
313.1268
313.1362
313.1372
313.1382
313.1391
313.14
313.1409
313.1417
313.1426
313.1436
313.1445
313.146
313.1471
313.148
313.1488
313.1496
313.0966
313.0965
313.0965
313.0965
313.0966
313.0967
313.0969
313.0971
313.0973
313.0976
313.1006
313.1071
313.1144
313.1226
313.1316
313.1367
313.1375
313.1383
313.1391
313.14
313.1408
313.1417
313.1426
313.1435
313.1444
313.1457
313.1468
313.1478
313.1487
313.1496
313.1043
313.1043
313.1043
313.1043
313.1044
313.1045
313.1047
313.1049
313.1051
313.1054
313.108
313.1136
313.1198
313.1264
313.1333
313.1371
313.1377
313.1384
313.1392
313.14
313.1408
313.1417
313.1425
313.1434
313.1442
313.1454
313.1467
313.1477
313.1487
313.1496
313.1087
313.1088
313.1089
313.109
313.1091
313.1092
313.1094
313.1096
313.1098
313.1123
313.1172
313.1226
313.1283
313.1342
313.1374
313.1379
313.1386
313.1393
313.14
313.1408
313.1416
313.1425
313.1433
313.1441
313.1453
313.1466
313.1477
313.1486
313.1496
313.1108
313.111
313.1111
313.1112
313.1114
313.1116
313.1117
313.1119
313.1142
313.1189
313.1239
313.1292
313.1346
313.1375
313.138
313.1386
313.1393
313.1401
313.1408
313.1416
313.1424
313.1433
313.1441
313.1452
313.1465
313.1476
313.1486
313.1495
313.1087
313.1089
313.1093
313.1098
313.1104
313.1111
313.112
313.1129
313.1139
313.1151
313.118
313.1228
313.1276
313.1322
313.1367
313.1391
313.1398
313.1405
313.1412
313.142
313.1427
313.1434
313.1441
313.1448
313.1065
313.1067
313.107
313.1074
313.108
313.1086
313.1094
313.1103
313.1112
313.1123
313.1153
313.1205
313.1258
313.131
313.136
313.1388
313.1394
313.1402
313.141
313.1418
313.1426
313.1433
313.144
313.1448
313.1454
313.1018
313.102
313.1022
313.1026
313.1031
313.1037
313.1044
313.1052
313.1062
313.1072
313.1105
313.1163
313.1224
313.1287
313.1349
313.1383
313.1391
313.1399
313.1407
313.1416
313.1424
313.1432
313.144
313.1447
313.1454
313.1463
313.0939
313.0939
313.0941
313.0945
313.0949
313.0955
313.0962
313.0969
313.0978
313.0989
313.1025
313.1093
313.1167
313.1247
313.133
313.1377
313.1386
313.1395
313.1404
313.1413
313.1422
313.143
313.1439
313.1446
313.1454
313.1465
313.1474
313.0816
313.0816
313.0818
313.082
313.0824
313.0829
313.0835
313.0843
313.0851
313.0861
313.09
313.0975
313.106
313.116
313.1283
313.137
313.1382
313.1392
313.1402
313.1411
313.142
313.1429
313.1437
313.1446
313.1454
313.1466
313.1475
313.1483
313.0655
313.0654
313.0654
313.0655
313.0657
313.0661
313.0666
313.0672
313.0679
313.0688
313.0723
313.0786
313.0848
313.0908
313.096
313.147
313.1477
313.1483
313.149
313.0494
313.0491
313.049
313.0489
313.0491
313.0493
313.0497
313.0501
313.0507
313.0514
313.0548
313.0603
313.0654
313.0701
313.074
313.1473
313.1478
313.1484
313.149
313.1497
313.0361
313.0357
313.0354
313.0353
313.0352
313.0354
313.0356
313.036
313.0364
313.037
313.0403
313.0455
313.0502
313.0544
313.058
313.1475
313.1479
313.1484
313.149
313.1497
313.027
313.0265
313.0261
313.0259
313.0257
313.0258
313.0259
313.0261
313.0265
313.027
313.0301
313.0353
313.0398
313.0438
313.0472
313.1475
313.1479
313.1484
313.1491
313.1497
313.0226
313.0221
313.0217
313.0214
313.0212
313.0211
313.0211
313.0213
313.0215
313.0219
313.025
313.03
313.0345
313.0383
313.0415
313.1476
313.1479
313.1484
313.149
313.1497
313.0233
313.0228
313.0223
313.022
313.0217
313.0216
313.0216
313.0216
313.0218
313.022
313.025
313.0299
313.0342
313.0379
313.0409
313.1475
313.1479
313.1484
313.149
313.1497
313.0288
313.0283
313.0279
313.0276
313.0273
313.0271
313.0271
313.0271
313.0272
313.0274
313.0302
313.035
313.0391
313.0426
313.0455
313.1474
313.1478
313.1484
313.149
313.1497
313.0389
313.0385
313.0381
313.0378
313.0376
313.0374
313.0373
313.0373
313.0374
313.0375
313.0402
313.0449
313.049
313.0525
313.0553
313.1472
313.1477
313.1483
313.149
313.1497
313.0529
313.0525
313.0522
313.0519
313.0517
313.0516
313.0516
313.0516
313.0517
313.0518
313.0545
313.0593
313.0637
313.0675
313.0706
313.1469
313.1475
313.1482
313.1489
313.1496
313.0691
313.0689
313.0687
313.0685
313.0684
313.0684
313.0684
313.0685
313.0687
313.0688
313.0717
313.0772
313.0828
313.088
313.0925
313.1465
313.1473
313.1481
313.1488
313.1496
313.085
313.0848
313.0848
313.0847
313.0847
313.0848
313.085
313.0852
313.0854
313.0857
313.0889
313.0958
313.104
313.114
313.1268
313.1362
313.1372
313.1382
313.139
313.1399
313.1408
313.1417
313.1426
313.1435
313.1445
313.146
313.147
313.1479
313.1488
313.1496
313.0968
313.0968
313.0968
313.0968
313.0968
313.097
313.0971
313.0973
313.0976
313.0979
313.1008
313.1072
313.1145
313.1226
313.1316
313.1367
313.1375
313.1383
313.1391
313.14
313.1408
313.1417
313.1425
313.1434
313.1443
313.1456
313.1468
313.1478
313.1487
313.1496
313.1044
313.1045
313.1045
313.1046
313.1048
313.1049
313.1051
313.1053
313.1056
313.1082
313.1138
313.1199
313.1264
313.1333
313.1371
313.1377
313.1384
313.1392
313.14
313.1408
313.1416
313.1425
313.1433
313.1442
313.1454
313.1466
313.1477
313.1487
313.1496
313.1089
313.109
313.1091
313.1093
313.1094
313.1096
313.1098
313.11
313.1124
313.1174
313.1227
313.1283
313.1342
313.1374
313.1379
313.1386
313.1393
313.14
313.1408
313.1416
313.1424
313.1433
313.1441
313.1452
313.1465
313.1476
313.1486
313.1496
313.111
313.1112
313.1114
313.1116
313.1118
313.1119
313.1121
313.1144
313.1191
313.124
313.1292
313.1346
313.1375
313.138
313.1386
313.1393
313.1401
313.1408
313.1416
313.1424
313.1432
313.144
313.1452
313.1465
313.1476
313.1486
313.1495
313.1086
313.1088
313.1091
313.1095
313.11
313.1107
313.1114
313.1123
313.1132
313.1143
313.1172
313.1221
313.127
313.1318
313.1364
313.1389
313.1395
313.1403
313.141
313.1418
313.1426
313.1433
313.144
313.1447
313.1454
313.1065
313.1066
313.1069
313.1072
313.1077
313.1083
313.109
313.1097
313.1106
313.1116
313.1146
313.1198
313.1252
313.1305
313.1357
313.1386
313.1392
313.14
313.1408
313.1416
313.1424
313.1432
313.1439
313.1447
313.1454
313.1463
313.1019
313.102
313.1022
313.1025
313.1029
313.1034
313.1041
313.1048
313.1057
313.1066
313.1098
313.1157
313.1219
313.1283
313.1347
313.1381
313.1389
313.1397
313.1405
313.1414
313.1422
313.1431
313.1438
313.1446
313.1453
313.1463
313.1473
313.094
313.094
313.0941
313.0944
313.0948
313.0953
313.0959
313.0966
313.0974
313.0983
313.1019
313.1087
313.1162
313.1242
313.1328
313.1375
313.1384
313.1394
313.1403
313.1412
313.142
313.1429
313.1437
313.1445
313.1453
313.1464
313.1474
313.1482
313.0819
313.0818
313.0819
313.0821
313.0824
313.0828
313.0834
313.084
313.0848
313.0857
313.0895
313.0969
313.1054
313.1155
313.1279
313.1369
313.138
313.139
313.14
313.1409
313.1418
313.1427
313.1436
313.1445
313.1453
313.1466
313.1475
313.1483
313.149
313.0659
313.0657
313.0656
313.0657
313.0658
313.0661
313.0666
313.0671
313.0677
313.0684
313.0719
313.078
313.0842
313.09
313.0952
313.147
313.1476
313.1483
313.149
313.1497
313.0498
313.0495
313.0493
313.0492
313.0493
313.0494
313.0497
313.0501
313.0506
313.0512
313.0544
313.0598
313.0648
313.0693
313.0731
313.1472
313.1477
313.1484
313.149
313.1497
313.0366
313.0362
313.0359
313.0357
313.0356
313.0356
313.0358
313.0361
313.0364
313.0369
313.04
313.0452
313.0497
313.0537
313.0571
313.1474
313.1478
313.1484
313.149
313.1497
313.0276
313.0271
313.0267
313.0264
313.0262
313.0262
313.0262
313.0264
313.0266
313.027
313.03
313.0351
313.0395
313.0433
313.0465
313.1475
313.1479
313.1484
313.149
313.1497
313.0233
313.0228
313.0223
313.022
313.0217
313.0216
313.0216
313.0216
313.0218
313.022
313.025
313.0299
313.0342
313.0379
313.0409
313.1475
313.1479
313.1484
313.149
313.1497
313.0239
313.0234
313.023
313.0226
313.0223
313.0221
313.022
313.022
313.0221
313.0223
313.0252
313.03
313.0341
313.0377
313.0406
313.1475
313.1478
313.1484
313.149
313.1497
313.0295
313.029
313.0285
313.0282
313.0279
313.0277
313.0276
313.0275
313.0275
313.0277
313.0304
313.0351
313.0391
313.0425
313.0453
313.1474
313.1478
313.1483
313.149
313.1497
313.0395
313.0391
313.0387
313.0384
313.0381
313.0379
313.0378
313.0378
313.0378
313.0378
313.0405
313.0451
313.0491
313.0525
313.0552
313.1472
313.1476
313.1482
313.1489
313.1496
313.0533
313.053
313.0527
313.0524
313.0522
313.0521
313.0521
313.0521
313.0521
313.0522
313.0548
313.0595
313.0638
313.0676
313.0705
313.1469
313.1474
313.1481
313.1489
313.1496
313.0694
313.0692
313.0691
313.0689
313.0688
313.0688
313.0688
313.0689
313.069
313.0692
313.072
313.0774
313.0829
313.0881
313.0925
313.1465
313.1472
313.148
313.1488
313.1496
313.0851
313.0851
313.0851
313.0851
313.0851
313.0852
313.0853
313.0855
313.0857
313.086
313.0891
313.096
313.1041
313.114
313.1268
313.1362
313.1372
313.1381
313.139
313.1399
313.1408
313.1417
313.1425
313.1435
313.1444
313.1459
313.147
313.1479
313.1488
313.1496
313.0969
313.097
313.097
313.0971
313.0972
313.0974
313.0976
313.0978
313.0981
313.101
313.1074
313.1146
313.1227
313.1316
313.1367
313.1375
313.1383
313.1391
313.1399
313.1408
313.1416
313.1425
313.1434
313.1443
313.1456
313.1468
313.1478
313.1487
313.1496
313.1046
313.1047
313.1048
313.105
313.1052
313.1053
313.1055
313.1058
313.1084
313.1139
313.12
313.1265
313.1334
313.1371
313.1377
313.1385
313.1392
313.14
313.1408
313.1416
313.1425
313.1433
313.1441
313.1453
313.1466
313.1477
313.1487
313.1496
313.1091
313.1093
313.1095
313.1096
313.1098
313.11
313.1102
313.1126
313.1175
313.1228
313.1284
313.1342
313.1374
313.138
313.1386
313.1393
313.14
313.1408
313.1416
313.1424
313.1432
313.1441
313.1452
313.1465
313.1476
313.1486
313.1495
313.1113
313.1115
313.1118
313.1119
313.1121
313.1123
313.1146
313.1192
313.1241
313.1293
313.1347
313.1376
313.1381
313.1387
313.1393
313.1401
313.1408
313.1416
313.1424
313.1432
313.144
313.1451
313.1464
313.1476
313.1486
313.1495
313.1086
313.1087
313.109
313.1093
313.1098
313.1104
313.111
313.1118
313.1127
313.1136
313.1165
313.1214
313.1264
313.1313
313.1361
313.1387
313.1393
313.1401
313.1408
313.1416
313.1424
313.1432
313.1439
313.1447
313.1453
313.1462
313.1065
313.1066
313.1068
313.1071
313.1075
313.108
313.1086
313.1093
313.1101
313.111
313.114
313.1192
313.1246
313.1301
313.1355
313.1384
313.139
313.1398
313.1406
313.1414
313.1423
313.1431
313.1438
313.1446
313.1453
313.1462
313.1472
313.102
313.102
313.1021
313.1024
313.1028
313.1032
313.1038
313.1045
313.1052
313.1061
313.1093
313.1152
313.1214
313.1279
313.1344
313.1379
313.1387
313.1395
313.1404
313.1412
313.1421
313.1429
313.1437
313.1445
313.1452
313.1463
313.1473
313.1481
313.0941
313.0941
313.0942
313.0944
313.0948
313.0952
313.0957
313.0964
313.0971
313.0979
313.1014
313.1082
313.1157
313.1238
313.1325
313.1374
313.1383
313.1392
313.1401
313.141
313.1419
313.1427
313.1436
313.1444
313.1452
313.1463
313.1473
313.1482
313.1489
313.0821
313.082
313.082
313.0822
313.0824
313.0828
313.0833
313.0839
313.0846
313.0853
313.0891
313.0965
313.105
313.1151
313.1277
313.1367
313.1378
313.1389
313.1398
313.1408
313.1417
313.1426
313.1435
313.1444
313.1452
313.1465
313.1474
313.1482
313.149
313.1497
313.0662
313.066
313.0659
313.0659
313.066
313.0662
313.0666
313.067
313.0676
313.0682
313.0716
313.0776
313.0837
313.0894
313.0945
313.1469
313.1476
313.1483
313.149
313.1497
313.0503
313.05
313.0497
313.0496
313.0496
313.0497
313.0499
313.0502
313.0506
313.0511
313.0542
313.0595
313.0644
313.0687
313.0723
313.1472
313.1477
313.1483
313.149
313.1497
313.0372
313.0367
313.0364
313.0362
313.036
313.036
313.0361
313.0363
313.0365
313.0369
313.0399
313.0449
313.0494
313.0532
313.0565
313.1474
313.1478
313.1484
313.149
313.1497
313.0282
313.0277
313.0273
313.027
313.0267
313.0266
313.0266
313.0267
313.0268
313.0271
313.0301
313.035
313.0392
313.0429
313.0459
313.1474
313.1478
313.1484
313.149
313.1497
313.0239
313.0234
313.023
313.0226
313.0223
313.0221
313.022
313.022
313.0221
313.0223
313.0252
313.03
313.0341
313.0377
313.0406
313.1475
313.1478
313.1484
313.149
313.1497
313.0246
313.0241
313.0236
313.0233
313.0229
313.0227
313.0226
313.0225
313.0225
313.0226
313.0254
313.0301
313.0341
313.0375
313.0403
313.1474
313.1478
313.1484
313.149
313.1497
313.0301
313.0296
313.0292
313.0288
313.0285
313.0283
313.0282
313.028
313.028
313.028
313.0307
313.0353
313.0392
313.0425
313.0452
313.1473
313.1477
313.1483
313.149
313.1497
313.04
313.0396
313.0393
313.0389
313.0387
313.0385
313.0384
313.0383
313.0382
313.0383
313.0408
313.0453
313.0493
313.0526
313.0552
313.1471
313.1476
313.1482
313.1489
313.1496
313.0537
313.0534
313.0532
313.053
313.0528
313.0526
313.0526
313.0525
313.0525
313.0526
313.0551
313.0598
313.064
313.0677
313.0706
313.1469
313.1474
313.1481
313.1489
313.1496
313.0697
313.0696
313.0695
313.0693
313.0693
313.0692
313.0693
313.0693
313.0694
313.0695
313.0723
313.0777
313.0831
313.0882
313.0925
313.1465
313.1472
313.148
313.1488
313.1496
313.0853
313.0853
313.0854
313.0854
313.0855
313.0856
313.0858
313.086
313.0862
313.0894
313.0962
313.1043
313.1141
313.1268
313.1362
313.1372
313.1381
313.139
313.1399
313.1408
313.1416
313.1425
313.1434
313.1444
313.1459
313.147
313.1479
313.1487
313.1496
313.0971
313.0972
313.0973
313.0975
313.0977
313.0979
313.0981
313.0983
313.1012
313.1076
313.1147
313.1228
313.1317
313.1367
313.1375
313.1383
313.1391
313.1399
313.1408
313.1416
313.1425
313.1433
313.1442
313.1455
313.1467
313.1478
313.1487
313.1496
313.1048
313.105
313.1052
313.1054
313.1056
313.1058
313.106
313.1086
313.1141
313.1201
313.1266
313.1334
313.1372
313.1378
313.1385
313.1392
313.14
313.1408
313.1416
313.1424
313.1433
313.1441
313.1453
313.1466
313.1477
313.1486
313.1496
313.1094
313.1096
313.1098
313.11
313.1102
313.1104
313.1128
313.1177
313.1229
313.1285
313.1343
313.1375
313.138
313.1386
313.1393
313.14
313.1408
313.1416
313.1424
313.1432
313.144
313.1452
313.1465
313.1476
313.1486
313.1495
313.1116
313.1119
313.1121
313.1123
313.1125
313.1148
313.1194
313.1242
313.1294
313.1347
313.1376
313.1381
313.1387
313.1394
313.1401
313.1408
313.1416
313.1424
313.1432
313.144
313.1451
313.1464
313.1476
313.1486
313.1495
313.1086
313.1087
313.1089
313.1092
313.1096
313.1101
313.1107
313.1114
313.1122
313.113
313.1159
313.1208
313.1259
313.1309
313.1358
313.1385
313.1391
313.1399
313.1406
313.1415
313.1423
313.1431
313.1438
313.1446
313.1453
313.1462
313.1472
313.1066
313.1066
313.1068
313.107
313.1074
313.1078
313.1084
313.109
313.1097
313.1105
313.1134
313.1187
313.1242
313.1297
313.1352
313.1382
313.1389
313.1396
313.1404
313.1413
313.1421
313.1429
313.1437
313.1445
313.1452
313.1462
313.1472
313.1481
313.1021
313.1021
313.1022
313.1024
313.1027
313.1031
313.1037
313.1042
313.1049
313.1057
313.1088
313.1147
313.121
313.1275
313.1341
313.1377
313.1385
313.1393
313.1402
313.141
313.1419
313.1428
313.1436
313.1444
313.1452
313.1462
313.1472
313.1481
313.1489
313.0943
313.0943
313.0943
313.0945
313.0948
313.0952
313.0956
313.0962
313.0969
313.0976
313.101
313.1078
313.1153
313.1235
313.1323
313.1372
313.1381
313.139
313.1399
313.1408
313.1417
313.1426
313.1435
313.1443
313.1451
313.1463
313.1473
313.1482
313.1489
313.1496
313.0824
313.0823
313.0823
313.0824
313.0825
313.0829
313.0833
313.0838
313.0844
313.0851
313.0888
313.0961
313.1046
313.1147
313.1274
313.1366
313.1377
313.1387
313.1397
313.1406
313.1415
313.1424
313.1433
313.1442
313.1451
313.1465
313.1474
313.1482
313.1489
313.1497
313.0666
313.0664
313.0662
313.0662
313.0662
313.0664
313.0667
313.0671
313.0675
313.0681
313.0713
313.0773
313.0833
313.0889
313.0939
313.1469
313.1475
313.1483
313.149
313.1497
313.0508
313.0504
313.0502
313.05
313.0499
313.05
313.0501
313.0503
313.0507
313.0511
313.0541
313.0593
313.064
313.0682
313.0717
313.1471
313.1477
313.1483
313.149
313.1497
313.0378
313.0373
313.037
313.0367
313.0365
313.0364
313.0364
313.0365
313.0367
313.037
313.0399
313.0448
313.0491
313.0529
313.0559
313.1473
313.1477
313.1483
313.149
313.1497
313.0288
313.0283
313.0279
313.0276
313.0273
313.0271
313.0271
313.0271
313.0272
313.0274
313.0302
313.035
313.0391
313.0426
313.0455
313.1474
313.1478
313.1484
313.149
313.1497
313.0246
313.0241
313.0236
313.0233
313.0229
313.0227
313.0226
313.0225
313.0225
313.0226
313.0254
313.0301
313.0341
313.0375
313.0403
313.1474
313.1478
313.1484
313.149
313.1497
313.0253
313.0247
313.0243
313.0239
313.0236
313.0233
313.0232
313.0231
313.023
313.023
313.0257
313.0303
313.0342
313.0375
313.0402
313.1474
313.1478
313.1483
313.149
313.1497
313.0307
313.0302
313.0298
313.0294
313.0291
313.0289
313.0287
313.0286
313.0285
313.0285
313.0311
313.0356
313.0394
313.0426
313.0452
313.1473
313.1477
313.1483
313.1489
313.1496
313.0405
313.0402
313.0398
313.0395
313.0393
313.0391
313.0389
313.0388
313.0388
313.0387
313.0412
313.0457
313.0495
313.0527
313.0552
313.1471
313.1476
313.1482
313.1489
313.1496
313.054
313.0538
313.0536
313.0535
313.0533
313.0531
313.0531
313.053
313.053
313.053
313.0555
313.0601
313.0643
313.0679
313.0707
313.1468
313.1474
313.1481
313.1489
313.1496
313.0698
313.0698
313.0697
313.0697
313.0697
313.0697
313.0697
313.0698
313.0699
313.0726
313.078
313.0833
313.0884
313.0927
313.1464
313.1472
313.148
313.1488
313.1496
313.0855
313.0856
313.0857
313.0858
313.086
313.0861
313.0863
313.0866
313.0896
313.0964
313.1044
313.1143
313.1269
313.1362
313.1373
313.1382
313.139
313.1399
313.1407
313.1416
313.1425
313.1434
313.1443
313.1458
313.1469
313.1479
313.1487
313.1496
313.0973
313.0975
313.0977
313.0979
313.0981
313.0984
313.0986
313.1015
313.1077
313.1149
313.1229
313.1317
313.1368
313.1375
313.1383
313.1391
313.1399
313.1408
313.1416
313.1425
313.1433
313.1442
313.1455
313.1467
313.1477
313.1487
313.1496
313.1051
313.1054
313.1056
313.1058
313.106
313.1062
313.1088
313.1142
313.1202
313.1267
313.1335
313.1372
313.1378
313.1385
313.1392
313.14
313.1408
313.1416
313.1424
313.1433
313.1441
313.1453
313.1466
313.1476
313.1486
313.1495
313.1097
313.11
313.1102
313.1104
313.1106
313.113
313.1178
313.1231
313.1286
313.1344
313.1375
313.138
313.1386
313.1393
313.1401
313.1408
313.1416
313.1424
313.1432
313.144
313.1452
313.1465
313.1476
313.1486
313.1495
313.112
313.1123
313.1125
313.1127
313.1149
313.1195
313.1244
313.1295
313.1348
313.1377
313.1382
313.1387
313.1394
313.1401
313.1409
313.1416
313.1424
313.1432
313.144
313.1451
313.1464
313.1475
313.1486
313.1495
313.1087
313.1087
313.1088
313.1091
313.1094
313.1099
313.1104
313.1111
313.1118
313.1125
313.1153
313.1203
313.1254
313.1305
313.1356
313.1383
313.1389
313.1397
313.1405
313.1413
313.1421
313.1429
313.1437
313.1445
313.1452
313.1461
313.1472
313.1481
313.1067
313.1067
313.1068
313.107
313.1073
313.1077
313.1082
313.1088
313.1094
313.1101
313.113
313.1183
313.1238
313.1294
313.135
313.138
313.1387
313.1394
313.1403
313.1411
313.1419
313.1428
313.1436
313.1444
313.1451
313.1461
313.1472
313.1481
313.1489
313.1022
313.1022
313.1023
313.1024
313.1027
313.1031
313.1035
313.1041
313.1047
313.1054
313.1085
313.1143
313.1206
313.1272
313.1339
313.1376
313.1383
313.1392
313.14
313.1409
313.1417
313.1426
313.1435
313.1443
313.1451
313.1461
313.1472
313.1481
313.1489
313.1496
313.0946
313.0945
313.0945
313.0946
313.0948
313.0952
313.0956
313.0961
313.0967
313.0974
313.1008
313.1075
313.115
313.1232
313.1321
313.1371
313.138
313.1389
313.1398
313.1407
313.1416
313.1425
313.1433
313.1442
313.145
313.1462
313.1473
313.1481
313.1489
313.1496
313.0827
313.0826
313.0825
313.0826
313.0827
313.083
313.0834
313.0838
313.0844
313.085
313.0885
313.0959
313.1043
313.1145
313.1272
313.1365
313.1376
313.1386
313.1396
313.1405
313.1414
313.1423
313.1432
313.1441
313.145
313.1464
313.1474
313.1482
313.1489
313.1496
313.067
313.0668
313.0666
313.0665
313.0665
313.0666
313.0669
313.0672
313.0676
313.068
313.0712
313.0771
313.083
313.0886
313.0934
313.1468
313.1475
313.1482
313.1489
313.1497
313.0513
313.0509
313.0507
313.0505
313.0503
313.0503
313.0504
313.0506
313.0508
313.0511
313.0541
313.0592
313.0638
313.0679
313.0712
313.1471
313.1476
313.1483
313.149
313.1497
313.0384
313.0379
313.0375
313.0372
313.037
313.0369
313.0368
313.0369
313.037
313.0372
313.04
313.0448
313.049
313.0526
313.0556
313.1473
313.1477
313.1483
313.149
313.1497
313.0295
313.029
313.0285
313.0282
313.0279
313.0277
313.0276
313.0275
313.0275
313.0277
313.0304
313.0351
313.0391
313.0425
313.0453
313.1474
313.1478
313.1483
313.149
313.1497
313.0253
313.0247
313.0243
313.0239
313.0236
313.0233
313.0232
313.0231
313.023
313.023
313.0257
313.0303
313.0342
313.0375
313.0402
313.1474
313.1478
313.1483
313.149
313.1497
313.0259
313.0254
313.0249
313.0246
313.0242
313.024
313.0238
313.0236
313.0235
313.0235
313.0261
313.0306
313.0344
313.0376
313.0402
313.1474
313.1477
313.1483
313.149
313.1497
313.0311
313.0308
313.0304
313.0301
313.0298
313.0295
313.0293
313.0292
313.0291
313.029
313.0315
313.0359
313.0397
313.0428
313.0452
313.1473
313.1477
313.1482
313.1489
313.1496
313.0408
313.0406
313.0404
313.0401
313.0399
313.0397
313.0395
313.0394
313.0393
313.0392
313.0417
313.046
313.0498
313.0529
313.0554
313.1471
313.1475
313.1482
313.1489
313.1496
313.0541
313.054
313.0539
313.0538
313.0537
313.0536
313.0535
313.0535
313.0535
313.0559
313.0605
313.0646
313.0681
313.0708
313.1468
313.1474
313.1481
313.1488
313.1496
313.07
313.07
313.0701
313.0701
313.0701
313.0701
313.0702
313.0703
313.073
313.0783
313.0836
313.0886
313.0928
313.1464
313.1471
313.148
313.1488
313.1496
313.0858
313.086
313.0861
313.0863
313.0865
313.0867
313.0869
313.0899
313.0967
313.1046
313.1144
313.127
313.1363
313.1373
313.1382
313.139
313.1399
313.1407
313.1416
313.1425
313.1434
313.1443
313.1458
313.1469
313.1478
313.1487
313.1496
313.0977
313.0979
313.0982
313.0984
313.0986
313.0989
313.1017
313.1079
313.115
313.123
313.1318
313.1368
313.1376
313.1384
313.1391
313.1399
313.1408
313.1416
313.1424
313.1433
313.1442
313.1455
313.1467
313.1477
313.1487
313.1496
313.1054
313.1058
313.106
313.1062
313.1065
313.109
313.1144
313.1204
313.1268
313.1335
313.1373
313.1379
313.1385
313.1393
313.14
313.1408
313.1416
313.1424
313.1433
313.1441
313.1453
313.1466
313.1476
313.1486
313.1495
313.1101
313.1104
313.1106
313.1108
313.1132
313.118
313.1232
313.1287
313.1344
313.1376
313.1381
313.1387
313.1394
313.1401
313.1408
313.1416
313.1424
313.1432
313.144
313.1452
313.1465
313.1476
313.1486
313.1495
313.1123
313.1126
313.1129
313.1151
313.1197
313.1245
313.1296
313.1349
313.1377
313.1382
313.1388
313.1394
313.1401
313.1409
313.1416
313.1424
313.1432
313.144
313.1451
313.1464
313.1475
313.1486
313.1495
313.1088
313.1088
313.1089
313.1091
313.1094
313.1098
313.1102
313.1108
313.1114
313.1121
313.1149
313.1199
313.125
313.1302
313.1354
313.1381
313.1388
313.1395
313.1403
313.1411
313.1419
313.1428
313.1436
313.1444
313.1451
313.1461
313.1471
313.1481
313.1489
313.1068
313.1068
313.1068
313.107
313.1073
313.1076
313.1081
313.1086
313.1092
313.1098
313.1126
313.1179
313.1234
313.1291
313.1348
313.1379
313.1385
313.1393
313.1401
313.1409
313.1418
313.1426
313.1435
313.1443
313.145
313.146
313.1471
313.1481
313.1489
313.1496
313.1024
313.1024
313.1024
313.1025
313.1027
313.1031
313.1035
313.104
313.1045
313.1051
313.1082
313.114
313.1203
313.127
313.1338
313.1375
313.1382
313.139
313.1399
313.1407
313.1416
313.1425
313.1433
313.1442
313.145
313.1461
313.1472
313.1481
313.1489
313.1496
313.0948
313.0947
313.0947
313.0948
313.095
313.0952
313.0956
313.0961
313.0966
313.0972
313.1005
313.1073
313.1148
313.123
313.1319
313.137
313.1378
313.1387
313.1396
313.1405
313.1414
313.1423
313.1432
313.1441
313.1449
313.1461
313.1472
313.1481
313.1489
313.1496
313.083
313.0829
313.0828
313.0828
313.0829
313.0831
313.0835
313.0839
313.0843
313.0849
313.0884
313.0957
313.1041
313.1143
313.1271
313.1364
313.1375
313.1385
313.1394
313.1404
313.1413
313.1422
313.1431
313.144
313.1449
313.1463
313.1473
313.1481
313.1489
313.1496
313.0675
313.0672
313.067
313.0669
313.0668
313.0669
313.0671
313.0673
313.0677
313.0681
313.0712
313.077
313.0828
313.0883
313.0931
313.1467
313.1474
313.1482
313.1489
313.1496
313.0518
313.0515
313.0512
313.0509
313.0508
313.0507
313.0508
313.0509
313.051
313.0513
313.0541
313.0591
313.0637
313.0677
313.0709
313.147
313.1476
313.1482
313.1489
313.1497
313.0389
313.0385
313.0381
313.0378
313.0376
313.0374
313.0373
313.0373
313.0374
313.0375
313.0402
313.0449
313.049
313.0525
313.0553
313.1472
313.1477
313.1483
313.149
313.1497
313.0301
313.0296
313.0292
313.0288
313.0285
313.0283
313.0282
313.028
313.028
313.028
313.0307
313.0353
313.0392
313.0425
313.0452
313.1473
313.1477
313.1483
313.149
313.1497
313.0259
313.0254
313.0249
313.0246
313.0242
313.024
313.0238
313.0236
313.0235
313.0235
313.0261
313.0306
313.0344
313.0376
313.0402
313.1474
313.1477
313.1483
313.149
313.1497
313.0264
313.026
313.0256
313.0252
313.0249
313.0246
313.0244
313.0243
313.0241
313.024
313.0266
313.031
313.0347
313.0378
313.0403
313.1473
313.1477
313.1483
313.1489
313.1496
313.0315
313.0313
313.031
313.0307
313.0304
313.0302
313.03
313.0298
313.0297
313.0296
313.032
313.0363
313.04
313.043
313.0454
313.1472
313.1476
313.1482
313.1489
313.1496
313.0409
313.0408
313.0406
313.0404
313.0402
313.0401
313.04
313.0398
313.0398
313.0422
313.0465
313.0502
313.0532
313.0556
313.1471
313.1475
313.1481
313.1489
313.1496
313.0543
313.0543
313.0542
313.0542
313.0541
313.054
313.054
313.0539
313.0564
313.0609
313.0649
313.0684
313.0711
313.1468
313.1473
313.148
313.1488
313.1496
313.0703
313.0704
313.0704
313.0705
313.0706
313.0706
313.0707
313.0734
313.0786
313.0839
313.0888
313.093
313.1464
313.1471
313.1479
313.1488
313.1496
313.0861
313.0864
313.0866
313.0868
313.087
313.0872
313.0902
313.0969
313.1048
313.1145
313.1271
313.1363
313.1373
313.1382
313.1391
313.1399
313.1407
313.1416
313.1425
313.1433
313.1443
313.1458
313.1469
313.1478
313.1487
313.1496
313.0981
313.0984
313.0986
313.0989
313.0991
313.102
313.1082
313.1152
313.1231
313.1319
313.1369
313.1376
313.1384
313.1392
313.14
313.1408
313.1416
313.1424
313.1433
313.1442
313.1455
313.1467
313.1477
313.1487
313.1496
313.1058
313.1062
313.1064
313.1067
313.1092
313.1146
313.1205
313.1269
313.1336
313.1373
313.1379
313.1386
313.1393
313.14
313.1408
313.1416
313.1424
313.1433
313.1441
313.1453
313.1465
313.1476
313.1486
313.1495
313.1104
313.1108
313.111
313.1134
313.1182
313.1233
313.1288
313.1345
313.1376
313.1381
313.1387
313.1394
313.1401
313.1409
313.1416
313.1424
313.1432
313.144
313.1452
313.1464
313.1476
313.1486
313.1495
313.1127
313.113
313.1153
313.1198
313.1246
313.1297
313.135
313.1378
313.1383
313.1388
313.1395
313.1402
313.1409
313.1417
313.1424
313.1432
313.144
313.1451
313.1464
313.1475
313.1486
313.1495
313.1089
313.1088
313.1089
313.1091
313.1093
313.1097
313.1101
313.1106
313.1112
313.1118
313.1145
313.1195
313.1247
313.1299
313.1352
313.138
313.1386
313.1393
313.1401
313.141
313.1418
313.1426
313.1434
313.1442
313.145
313.146
313.1471
313.148
313.1489
313.1496
313.107
313.1069
313.1069
313.1071
313.1073
313.1076
313.108
313.1085
313.109
313.1096
313.1124
313.1176
313.1232
313.1289
313.1346
313.1377
313.1384
313.1391
313.1399
313.1408
313.1416
313.1425
313.1433
313.1441
313.1449
313.146
313.1471
313.148
313.1489
313.1496
313.1026
313.1025
313.1025
313.1026
313.1028
313.1031
313.1035
313.1039
313.1044
313.105
313.108
313.1138
313.1201
313.1268
313.1336
313.1373
313.1381
313.1389
313.1397
313.1406
313.1415
313.1423
313.1432
313.144
313.1449
313.146
313.1471
313.148
313.1489
313.1496
313.0951
313.0949
313.0949
313.095
313.0951
313.0954
313.0957
313.0961
313.0966
313.0971
313.1004
313.1071
313.1146
313.1229
313.1318
313.1369
313.1377
313.1386
313.1395
313.1404
313.1413
313.1422
313.1431
313.144
313.1448
313.1461
313.1472
313.1481
313.1489
313.1496
313.0834
313.0832
313.0831
313.0831
313.0832
313.0834
313.0836
313.084
313.0844
313.0849
313.0884
313.0956
313.104
313.1141
313.1269
313.1363
313.1374
313.1384
313.1393
313.1403
313.1412
313.1421
313.143
313.1439
313.1448
313.1463
313.1473
313.1481
313.1489
313.1496
313.0679
313.0676
313.0674
313.0673
313.0672
313.0672
313.0674
313.0676
313.0678
313.0682
313.0712
313.077
313.0827
313.0881
313.0928
313.1467
313.1474
313.1482
313.1489
313.1496
313.0524
313.052
313.0517
313.0514
313.0513
313.0512
313.0512
313.0512
313.0513
313.0515
313.0543
313.0592
313.0637
313.0676
313.0707
313.147
313.1475
313.1482
313.1489
313.1496
313.0395
313.0391
313.0387
313.0384
313.0381
313.0379
313.0378
313.0378
313.0378
313.0378
313.0405
313.0451
313.0491
313.0525
313.0552
313.1472
313.1476
313.1482
313.1489
313.1496
313.0307
313.0302
313.0298
313.0294
313.0291
313.0289
313.0287
313.0286
313.0285
313.0285
313.0311
313.0356
313.0394
313.0426
313.0452
313.1473
313.1477
313.1483
313.1489
313.1496
313.0264
313.026
313.0256
313.0252
313.0249
313.0246
313.0244
313.0243
313.0241
313.024
313.0266
313.031
313.0347
313.0378
313.0403
313.1473
313.1477
313.1483
313.1489
313.1496
313.0267
313.0265
313.0262
313.0259
313.0255
313.0253
313.0251
313.0249
313.0247
313.0246
313.0271
313.0314
313.0351
313.0381
313.0404
313.1473
313.1477
313.1483
313.1489
313.1496
313.0316
313.0315
313.0313
313.031
313.0308
313.0306
313.0304
313.0303
313.0302
313.0326
313.0368
313.0404
313.0434
313.0456
313.1472
313.1476
313.1482
313.1489
313.1496
313.0411
313.0411
313.0409
313.0408
313.0407
313.0405
313.0404
313.0403
313.0427
313.047
313.0506
313.0536
313.0559
313.147
313.1475
313.1481
313.1489
313.1496
313.0546
313.0546
313.0546
313.0546
313.0545
313.0545
313.0544
313.0569
313.0613
313.0653
313.0687
313.0713
313.1468
313.1473
313.148
313.1488
313.1496
313.0706
313.0708
313.0709
313.071
313.071
313.0711
313.0737
313.079
313.0842
313.0891
313.0933
313.1464
313.1471
313.1479
313.1488
313.1496
313.0865
313.0869
313.0871
313.0873
313.0875
313.0905
313.0972
313.1051
313.1147
313.1272
313.1364
313.1374
313.1382
313.1391
313.1399
313.1407
313.1416
313.1424
313.1433
313.1443
313.1458
313.1469
313.1478
313.1487
313.1496
313.0985
313.0988
313.0991
313.0994
313.1022
313.1084
313.1154
313.1232
313.132
313.1369
313.1377
313.1384
313.1392
313.14
313.1408
313.1416
313.1424
313.1433
313.1442
313.1455
313.1467
313.1477
313.1486
313.1496
313.1063
313.1066
313.1069
313.1094
313.1148
313.1207
313.127
313.1337
313.1374
313.1379
313.1386
313.1393
313.1401
313.1408
313.1416
313.1424
313.1433
313.1441
313.1453
313.1465
313.1476
313.1486
313.1495
313.1108
313.1112
313.1135
313.1183
313.1235
313.1289
313.1346
313.1377
313.1382
313.1388
313.1394
313.1401
313.1409
313.1417
313.1424
313.1432
313.144
313.1451
313.1464
313.1476
313.1486
313.1495
313.1131
313.1154
313.12
313.1248
313.1298
313.135
313.1379
313.1383
313.1389
313.1395
313.1402
313.1409
313.1417
313.1425
313.1432
313.144
313.1451
313.1464
313.1475
313.1486
313.1495
313.109
313.109
313.109
313.1091
313.1093
313.1097
313.11
313.1105
313.111
313.1116
313.1142
313.1192
313.1244
313.1297
313.135
313.1378
313.1385
313.1392
313.14
313.1408
313.1416
313.1425
313.1433
313.1441
313.1449
313.1459
313.147
313.148
313.1488
313.1496
313.1072
313.1071
313.1071
313.1072
313.1074
313.1076
313.108
313.1084
313.1089
313.1094
313.1121
313.1174
313.1229
313.1287
313.1345
313.1376
313.1383
313.139
313.1398
313.1406
313.1415
313.1423
313.1432
313.144
313.1448
313.1459
313.147
313.148
313.1488
313.1496
313.1029
313.1027
313.1027
313.1028
313.1029
313.1032
313.1035
313.1039
313.1043
313.1049
313.1078
313.1136
313.1199
313.1266
313.1335
313.1373
313.138
313.1388
313.1396
313.1405
313.1413
313.1422
313.1431
313.1439
313.1448
313.1459
313.147
313.148
313.1488
313.1496
313.0953
313.0952
313.0951
313.0952
313.0953
313.0955
313.0958
313.0962
313.0966
313.0971
313.1003
313.107
313.1145
313.1227
313.1317
313.1368
313.1376
313.1385
313.1394
313.1403
313.1412
313.1421
313.143
313.1439
313.1447
313.146
313.1471
313.148
313.1489
313.1496
313.0837
313.0835
313.0834
313.0834
313.0835
313.0836
313.0838
313.0841
313.0845
313.085
313.0883
313.0955
313.1039
313.114
313.1268
313.1362
313.1373
313.1383
313.1392
313.1402
313.1411
313.142
313.1429
313.1438
313.1447
313.1462
313.1472
313.1481
313.1489
313.1496
313.0683
313.068
313.0678
313.0677
313.0676
313.0676
313.0677
313.0678
313.0681
313.0683
313.0713
313.077
313.0826
313.088
313.0926
313.1466
313.1473
313.1481
313.1489
313.1496
313.0529
313.0525
313.0522
313.0519
313.0517
313.0516
313.0516
313.0516
313.0517
313.0518
313.0545
313.0593
313.0637
313.0675
313.0706
313.1469
313.1475
313.1482
313.1489
313.1496
313.04
313.0396
313.0393
313.0389
313.0387
313.0385
313.0384
313.0383
313.0382
313.0383
313.0408
313.0453
313.0493
313.0526
313.0552
313.1471
313.1476
313.1482
313.1489
313.1496
313.0311
313.0308
313.0304
313.0301
313.0298
313.0295
313.0293
313.0292
313.0291
313.029
313.0315
313.0359
313.0397
313.0428
313.0452
313.1473
313.1477
313.1482
313.1489
313.1496
313.0267
313.0265
313.0262
313.0259
313.0255
313.0253
313.0251
313.0249
313.0247
313.0246
313.0271
313.0314
313.0351
313.0381
313.0404
313.1473
313.1477
313.1483
313.1489
313.1496
313.0268
313.0267
313.0265
313.0262
313.0259
313.0257
313.0255
313.0254
313.0252
313.0277
313.0319
313.0355
313.0384
313.0407
313.1473
313.1477
313.1482
313.1489
313.1496
313.0318
313.0317
313.0316
313.0314
313.0312
313.031
313.0309
313.0308
313.0331
313.0373
313.0409
313.0438
313.046
313.1472
313.1476
313.1482
313.1489
313.1496
313.0414
313.0414
313.0413
313.0412
313.0411
313.041
313.0409
313.0432
313.0474
313.051
313.054
313.0562
313.147
313.1475
313.1481
313.1488
313.1496
313.0549
313.055
313.055
313.055
313.055
313.0549
313.0573
313.0618
313.0657
313.0691
313.0717
313.1467
313.1473
313.148
313.1488
313.1496
313.071
313.0712
313.0713
313.0714
313.0715
313.0741
313.0794
313.0845
313.0894
313.0935
313.1463
313.1471
313.1479
313.1487
313.1496
313.087
313.0873
313.0876
313.0879
313.0909
313.0975
313.1053
313.1149
313.1273
313.1364
313.1374
313.1383
313.1391
313.1399
313.1408
313.1416
313.1425
313.1433
313.1443
313.1458
313.1469
313.1478
313.1487
313.1496
313.099
313.0993
313.0996
313.1025
313.1086
313.1155
313.1234
313.1321
313.137
313.1377
313.1385
313.1392
313.14
313.1408
313.1416
313.1425
313.1433
313.1442
313.1455
313.1467
313.1477
313.1486
313.1496
313.1067
313.107
313.1096
313.115
313.1208
313.1271
313.1338
313.1374
313.138
313.1387
313.1394
313.1401
313.1409
313.1417
313.1425
313.1433
313.1441
313.1453
313.1465
313.1476
313.1486
313.1495
313.1112
313.1137
313.1185
313.1236
313.129
313.1347
313.1377
313.1382
313.1388
313.1395
313.1402
313.1409
313.1417
313.1425
313.1432
313.144
313.1452
313.1464
313.1476
313.1486
313.1495
313.1155
313.1201
313.1249
313.1299
313.1351
313.1379
313.1384
313.1389
313.1396
313.1403
313.141
313.1417
313.1425
313.1432
313.144
313.1451
313.1464
313.1475
313.1486
313.1495
313.1092
313.1091
313.1091
313.1092
313.1094
313.1097
313.11
313.1104
313.1109
313.1114
313.114
313.119
313.1242
313.1295
313.1348
313.1377
313.1384
313.1391
313.1398
313.1407
313.1415
313.1424
313.1432
313.144
313.1448
313.1458
313.147
313.148
313.1488
313.1496
313.1074
313.1072
313.1072
313.1073
313.1075
313.1077
313.108
313.1084
313.1088
313.1093
313.112
313.1172
313.1228
313.1285
313.1344
313.1375
313.1382
313.1389
313.1397
313.1405
313.1414
313.1422
313.1431
313.1439
313.1447
313.1458
313.147
313.148
313.1488
313.1496
313.1031
313.103
313.1029
313.103
313.1031
313.1033
313.1036
313.1039
313.1043
313.1048
313.1077
313.1135
313.1198
313.1265
313.1334
313.1372
313.1379
313.1387
313.1395
313.1404
313.1412
313.1421
313.143
313.1438
313.1447
313.1458
313.147
313.148
313.1488
313.1496
313.0956
313.0955
313.0954
313.0954
313.0955
313.0957
313.096
313.0963
313.0967
313.0971
313.1003
313.1069
313.1144
313.1226
313.1316
313.1367
313.1376
313.1385
313.1393
313.1402
313.1411
313.142
313.1429
313.1438
313.1447
313.1459
313.147
313.148
313.1488
313.1496
313.0841
313.0839
313.0838
313.0837
313.0838
313.0839
313.0841
313.0844
313.0847
313.0851
313.0884
313.0955
313.1039
313.1139
313.1268
313.1362
313.1373
313.1382
313.1392
313.1401
313.141
313.1419
313.1428
313.1437
313.1447
313.1461
313.1471
313.148
313.1488
313.1496
313.0687
313.0684
313.0682
313.0681
313.068
313.068
313.0681
313.0682
313.0683
313.0686
313.0715
313.0771
313.0827
313.088
313.0925
313.1466
313.1473
313.1481
313.1489
313.1496
313.0533
313.053
313.0527
313.0524
313.0522
313.0521
313.0521
313.0521
313.0521
313.0522
313.0548
313.0595
313.0638
313.0676
313.0705
313.1469
313.1474
313.1481
313.1489
313.1496
313.0405
313.0402
313.0398
313.0395
313.0393
313.0391
313.0389
313.0388
313.0388
313.0387
313.0412
313.0457
313.0495
313.0527
313.0552
313.1471
313.1476
313.1482
313.1489
313.1496
313.0315
313.0313
313.031
313.0307
313.0304
313.0302
313.03
313.0298
313.0297
313.0296
313.032
313.0363
313.04
313.043
313.0454
313.1472
313.1476
313.1482
313.1489
313.1496
313.0268
313.0267
313.0265
313.0262
313.0259
313.0257
313.0255
313.0254
313.0252
313.0277
313.0319
313.0355
313.0384
313.0407
313.1473
313.1477
313.1482
313.1489
313.1496
313.027
313.0269
313.0268
313.0266
313.0264
313.0262
313.026
313.0259
313.0282
313.0325
313.036
313.0389
313.041
313.1473
313.1476
313.1482
313.1489
313.1496
313.0321
313.0321
313.032
313.0318
313.0317
313.0315
313.0314
313.0337
313.0379
313.0414
313.0442
313.0463
313.1472
313.1476
313.1482
313.1489
313.1496
313.0417
313.0418
313.0417
313.0417
313.0416
313.0415
313.0438
313.048
313.0515
313.0544
313.0566
313.147
313.1474
313.1481
313.1488
313.1496
313.0552
313.0554
313.0555
313.0555
313.0554
313.0578
313.0622
313.0662
313.0695
313.072
313.1467
313.1473
313.148
313.1488
313.1496
313.0714
313.0717
313.0718
313.0719
313.0745
313.0797
313.0849
313.0897
313.0938
313.1463
313.1471
313.1479
313.1487
313.1496
313.0875
313.0879
313.0881
313.0912
313.0978
313.1055
313.1151
313.1274
313.1365
313.1375
313.1383
313.1392
313.14
313.1408
313.1416
313.1425
313.1433
313.1443
313.1458
313.1468
313.1478
313.1487
313.1496
313.0994
313.0998
313.1027
313.1088
313.1157
313.1235
313.1321
313.137
313.1378
313.1385
313.1393
313.1401
313.1408
313.1416
313.1425
313.1433
313.1442
313.1455
313.1467
313.1477
313.1486
313.1495
313.1071
313.1098
313.1151
313.121
313.1272
313.1339
313.1375
313.1381
313.1387
313.1394
313.1401
313.1409
313.1417
313.1425
313.1433
313.1441
313.1453
313.1465
313.1476
313.1486
313.1495
313.1137
313.1186
313.1237
313.1291
313.1347
313.1378
313.1383
313.1389
313.1395
313.1402
313.141
313.1417
313.1425
313.1433
313.144
313.1452
313.1464
313.1476
313.1486
313.1495
313.1201
313.125
313.13
313.1352
313.138
313.1384
313.139
313.1396
313.1403
313.141
313.1417
313.1425
313.1433
313.144
313.1451
313.1464
313.1475
313.1486
313.1495
313.1094
313.1093
313.1093
313.1093
313.1095
313.1097
313.11
313.1104
313.1108
313.1113
313.1139
313.1188
313.124
313.1293
313.1347
313.1376
313.1382
313.139
313.1397
313.1405
313.1414
313.1422
313.1431
313.1439
313.1447
313.1458
313.1469
313.1479
313.1488
313.1496
313.1076
313.1074
313.1074
313.1075
313.1076
313.1078
313.1081
313.1084
313.1088
313.1092
313.1119
313.1171
313.1226
313.1284
313.1343
313.1374
313.1381
313.1388
313.1396
313.1404
313.1413
313.1421
313.143
313.1438
313.1446
313.1457
313.1469
313.1479
313.1488
313.1496
313.1033
313.1032
313.1032
313.1032
313.1033
313.1035
313.1037
313.104
313.1044
313.1048
313.1077
313.1134
313.1197
313.1264
313.1333
313.1371
313.1378
313.1386
313.1394
313.1403
313.1411
313.142
313.1429
313.1437
313.1446
313.1457
313.1469
313.1479
313.1488
313.1496
313.0959
313.0957
313.0957
313.0957
313.0958
313.0959
313.0962
313.0964
313.0968
313.0972
313.1003
313.1069
313.1143
313.1226
313.1316
313.1367
313.1375
313.1384
313.1393
313.1401
313.141
313.1419
313.1428
313.1437
313.1446
313.1458
313.147
313.1479
313.1488
313.1496
313.0844
313.0842
313.0841
313.0841
313.0841
313.0842
313.0844
313.0846
313.0849
313.0852
313.0885
313.0956
313.1039
313.1139
313.1268
313.1362
313.1372
313.1382
313.1391
313.14
313.1409
313.1418
313.1427
313.1436
313.1446
313.1461
313.1471
313.148
313.1488
313.1496
313.0691
313.0689
313.0687
313.0685
313.0684
313.0684
313.0684
313.0685
313.0687
313.0688
313.0717
313.0772
313.0828
313.088
313.0925
313.1465
313.1473
313.1481
313.1488
313.1496
313.0537
313.0534
313.0532
313.053
313.0528
313.0526
313.0526
313.0525
313.0525
313.0526
313.0551
313.0598
313.064
313.0677
313.0706
313.1469
313.1474
313.1481
313.1489
313.1496
313.0408
313.0406
313.0404
313.0401
313.0399
313.0397
313.0395
313.0394
313.0393
313.0392
313.0417
313.046
313.0498
313.0529
313.0554
313.1471
313.1475
313.1482
313.1489
313.1496
313.0316
313.0315
313.0313
313.031
313.0308
313.0306
313.0304
313.0303
313.0302
313.0326
313.0368
313.0404
313.0434
313.0456
313.1472
313.1476
313.1482
313.1489
313.1496
313.027
313.0269
313.0268
313.0266
313.0264
313.0262
313.026
313.0259
313.0282
313.0325
313.036
313.0389
313.041
313.1473
313.1476
313.1482
313.1489
313.1496
313.0273
313.0273
313.0272
313.027
313.0268
313.0266
313.0265
313.0289
313.033
313.0365
313.0393
313.0414
313.1472
313.1476
313.1482
313.1489
313.1496
313.0324
313.0324
313.0324
313.0323
313.0321
313.032
313.0343
313.0385
313.0419
313.0447
313.0468
313.1472
313.1476
313.1482
313.1489
313.1496
313.0421
313.0422
313.0422
313.0421
313.042
313.0443
313.0485
313.052
313.0549
313.057
313.147
313.1474
313.1481
313.1488
313.1496
313.0557
313.0558
313.0559
313.0559
313.0583
313.0627
313.0666
313.0699
313.0724
313.1467
313.1473
313.148
313.1488
313.1496
313.0719
313.0721
313.0723
313.0749
313.0801
313.0852
313.09
313.0941
313.1463
313.1471
313.1479
313.1487
313.1496
313.088
313.0884
313.0914
313.098
313.1058
313.1152
313.1275
313.1366
313.1375
313.1384
313.1392
313.14
313.1408
313.1416
313.1425
313.1433
313.1443
313.1458
313.1468
313.1478
313.1487
313.1496
313.0999
313.1029
313.109
313.1159
313.1236
313.1322
313.1371
313.1378
313.1386
313.1393
313.1401
313.1409
313.1417
313.1425
313.1433
313.1442
313.1455
313.1467
313.1477
313.1486
313.1495
313.1098
313.1152
313.1211
313.1273
313.1339
313.1375
313.1381
313.1388
313.1395
313.1402
313.1409
313.1417
313.1425
313.1433
313.1441
313.1453
313.1465
313.1476
313.1486
313.1495
313.1186
313.1238
313.1292
313.1348
313.1379
313.1383
313.1389
313.1396
313.1403
313.141
313.1417
313.1425
313.1433
313.144
313.1452
313.1464
313.1476
313.1486
313.1495
313.125
313.1301
313.1352
313.138
313.1385
313.139
313.1397
313.1403
313.1411
313.1418
313.1425
313.1433
313.144
313.1451
313.1464
313.1475
313.1486
313.1495
313.1096
313.1095
313.1094
313.1095
313.1096
313.1098
313.1101
313.1104
313.1108
313.1112
313.1137
313.1187
313.1239
313.1292
313.1346
313.1376
313.1382
313.1389
313.1396
313.1404
313.1413
313.1421
313.143
313.1438
313.1446
313.1457
313.1469
313.1479
313.1488
313.1496
313.1078
313.1077
313.1076
313.1076
313.1077
313.1079
313.1082
313.1085
313.1088
313.1092
313.1118
313.117
313.1225
313.1283
313.1342
313.1374
313.138
313.1387
313.1395
313.1403
313.1412
313.142
313.1429
313.1437
313.1445
313.1456
313.1468
313.1479
313.1488
313.1496
313.1036
313.1034
313.1034
313.1034
313.1035
313.1036
313.1039
313.1041
313.1045
313.1049
313.1077
313.1134
313.1197
313.1263
313.1333
313.1371
313.1378
313.1385
313.1394
313.1402
313.141
313.1419
313.1428
313.1436
313.1445
313.1457
313.1469
313.1479
313.1488
313.1496
313.0962
313.096
313.096
313.096
313.096
313.0962
313.0964
313.0966
313.0969
313.0973
313.1004
313.1069
313.1143
313.1225
313.1316
313.1367
313.1375
313.1383
313.1392
313.1401
313.1409
313.1418
313.1427
313.1436
313.1445
313.1458
313.1469
313.1479
313.1488
313.1496
313.0847
313.0845
313.0844
313.0844
313.0844
313.0845
313.0847
313.0849
313.0851
313.0854
313.0887
313.0957
313.1039
313.1139
313.1268
313.1362
313.1372
313.1382
313.1391
313.14
313.1409
313.1417
313.1426
313.1436
313.1445
313.146
313.1471
313.148
313.1488
313.1496
313.0694
313.0692
313.0691
313.0689
313.0688
313.0688
313.0688
313.0689
313.069
313.0692
313.072
313.0774
313.0829
313.0881
313.0925
313.1465
313.1472
313.148
313.1488
313.1496
313.054
313.0538
313.0536
313.0535
313.0533
313.0531
313.0531
313.053
313.053
313.053
313.0555
313.0601
313.0643
313.0679
313.0707
313.1468
313.1474
313.1481
313.1489
313.1496
313.0409
313.0408
313.0406
313.0404
313.0402
313.0401
313.04
313.0398
313.0398
313.0422
313.0465
313.0502
313.0532
313.0556
313.1471
313.1475
313.1481
313.1489
313.1496
313.0318
313.0317
313.0316
313.0314
313.0312
313.031
313.0309
313.0308
313.0331
313.0373
313.0409
313.0438
313.046
313.1472
313.1476
313.1482
313.1489
313.1496
313.0273
313.0273
313.0272
313.027
313.0268
313.0266
313.0265
313.0289
313.033
313.0365
313.0393
313.0414
313.1472
313.1476
313.1482
313.1489
313.1496
313.0276
313.0277
313.0276
313.0275
313.0273
313.0271
313.0295
313.0336
313.0371
313.0398
313.0419
313.1472
313.1476
313.1482
313.1489
313.1496
313.0328
313.0329
313.0328
313.0327
313.0326
313.0349
313.039
313.0425
313.0452
313.0473
313.1472
313.1475
313.1481
313.1489
313.1496
313.0425
313.0426
313.0426
313.0426
313.0449
313.049
313.0525
313.0554
313.0575
313.147
313.1474
313.1481
313.1488
313.1496
313.0561
313.0563
313.0564
313.0588
313.0632
313.067
313.0703
313.0728
313.1467
313.1473
313.148
313.1488
313.1496
313.0723
313.0726
313.0753
313.0805
313.0855
313.0903
313.0944
313.1463
313.1471
313.1479
313.1487
313.1496
313.0885
313.0917
313.0983
313.106
313.1154
313.1276
313.1366
313.1376
313.1384
313.1392
313.14
313.1408
313.1417
313.1425
313.1434
313.1443
313.1458
313.1468
313.1478
313.1487
313.1496
313.103
313.1091
313.1161
313.1238
313.1323
313.1372
313.1379
313.1386
313.1394
313.1401
313.1409
313.1417
313.1425
313.1433
313.1442
313.1455
313.1467
313.1477
313.1486
313.1495
313.1153
313.1212
313.1274
313.134
313.1376
313.1382
313.1388
313.1395
313.1402
313.141
313.1417
313.1425
313.1433
313.1441
313.1453
313.1465
313.1476
313.1486
313.1495
313.1239
313.1293
313.1349
313.1379
313.1384
313.139
313.1396
313.1403
313.141
313.1418
313.1425
313.1433
313.1441
313.1452
313.1465
313.1476
313.1486
313.1495
313.1301
313.1353
313.1381
313.1385
313.1391
313.1397
313.1404
313.1411
313.1418
313.1426
313.1433
313.1441
313.1451
313.1464
313.1475
313.1486
313.1495
313.1098
313.1097
313.1096
313.1097
313.1098
313.1099
313.1102
313.1105
313.1108
313.1112
313.1137
313.1186
313.1238
313.1291
313.1346
313.1375
313.1381
313.1388
313.1395
313.1403
313.1412
313.142
313.1429
313.1437
313.1445
313.1456
313.1468
313.1478
313.1488
313.1496
313.108
313.1079
313.1078
313.1078
313.1079
313.1081
313.1083
313.1086
313.1089
313.1092
313.1118
313.117
313.1225
313.1282
313.1341
313.1374
313.138
313.1387
313.1394
313.1402
313.1411
313.1419
313.1428
313.1436
313.1444
313.1456
313.1468
313.1478
313.1487
313.1496
313.1038
313.1037
313.1036
313.1036
313.1037
313.1038
313.1041
313.1043
313.1046
313.1049
313.1077
313.1134
313.1197
313.1263
313.1333
313.1371
313.1377
313.1385
313.1393
313.1401
313.141
313.1418
313.1427
313.1436
313.1444
313.1456
313.1468
313.1478
313.1487
313.1496
313.0964
313.0963
313.0962
313.0962
313.0963
313.0964
313.0966
313.0968
313.0971
313.0975
313.1005
313.107
313.1143
313.1225
313.1316
313.1367
313.1375
313.1383
313.1392
313.14
313.1409
313.1418
313.1426
313.1435
313.1444
313.1457
313.1469
313.1479
313.1488
313.1496
313.085
313.0848
313.0848
313.0847
313.0847
313.0848
313.085
313.0852
313.0854
313.0857
313.0889
313.0958
313.104
313.114
313.1268
313.1362
313.1372
313.1382
313.139
313.1399
313.1408
313.1417
313.1426
313.1435
313.1445
313.146
313.147
313.1479
313.1488
313.1496
313.0697
313.0696
313.0695
313.0693
313.0693
313.0692
313.0693
313.0693
313.0694
313.0695
313.0723
313.0777
313.0831
313.0882
313.0925
313.1465
313.1472
313.148
313.1488
313.1496
313.0541
313.054
313.0539
313.0538
313.0537
313.0536
313.0535
313.0535
313.0535
313.0559
313.0605
313.0646
313.0681
313.0708
313.1468
313.1474
313.1481
313.1488
313.1496
313.0411
313.0411
313.0409
313.0408
313.0407
313.0405
313.0404
313.0403
313.0427
313.047
313.0506
313.0536
313.0559
313.147
313.1475
313.1481
313.1489
313.1496
313.0321
313.0321
313.032
313.0318
313.0317
313.0315
313.0314
313.0337
313.0379
313.0414
313.0442
313.0463
313.1472
313.1476
313.1482
313.1489
313.1496
313.0276
313.0277
313.0276
313.0275
313.0273
313.0271
313.0295
313.0336
313.0371
313.0398
313.0419
313.1472
313.1476
313.1482
313.1489
313.1496
313.028
313.0281
313.0281
313.0279
313.0278
313.0301
313.0342
313.0377
313.0404
313.0424
313.1472
313.1476
313.1482
313.1489
313.1496
313.0332
313.0333
313.0333
313.0332
313.0355
313.0396
313.043
313.0457
313.0478
313.1471
313.1475
313.1481
313.1488
313.1496
313.0429
313.0431
313.0431
313.0455
313.0496
313.053
313.0559
313.058
313.147
313.1474
313.1481
313.1488
313.1496
313.0566
313.0568
313.0592
313.0636
313.0675
313.0707
313.0732
313.1467
313.1473
313.148
313.1488
313.1496
313.0728
313.0756
313.0808
313.0859
313.0907
313.0947
313.1463
313.1471
313.1479
313.1487
313.1496
313.0918
313.0985
313.1062
313.1156
313.1277
313.1367
313.1376
313.1385
313.1393
313.1401
313.1409
313.1417
313.1425
313.1434
313.1443
313.1458
313.1468
313.1478
313.1487
313.1496
313.1092
313.1162
313.1239
313.1324
313.1372
313.1379
313.1387
313.1394
313.1402
313.1409
313.1417
313.1425
313.1434
313.1442
313.1455
313.1467
313.1477
313.1486
313.1495
313.1213
313.1275
313.1341
313.1377
313.1382
313.1389
313.1396
313.1403
313.141
313.1418
313.1425
313.1433
313.1441
313.1453
313.1465
313.1476
313.1486
313.1495
313.1293
313.1349
313.138
313.1385
313.139
313.1397
313.1404
313.1411
313.1418
313.1426
313.1433
313.1441
313.1452
313.1465
313.1476
313.1486
313.1495
313.1353
313.1381
313.1386
313.1392
313.1398
313.1404
313.1411
313.1419
313.1426
313.1433
313.1441
313.1452
313.1464
313.1475
313.1486
313.1495
313.11
313.1099
313.1098
313.1099
313.1099
313.1101
313.1103
313.1106
313.1109
313.1112
313.1137
313.1186
313.1237
313.1291
313.1345
313.1375
313.1381
313.1387
313.1395
313.1403
313.1411
313.1419
313.1428
313.1436
313.1444
313.1455
313.1467
313.1478
313.1487
313.1496
313.1082
313.1081
313.108
313.108
313.1081
313.1083
313.1085
313.1087
313.109
313.1093
313.1118
313.117
313.1225
313.1282
313.1341
313.1373
313.1379
313.1386
313.1394
313.1402
313.141
313.1418
313.1427
313.1435
313.1444
313.1455
313.1467
313.1478
313.1487
313.1496
313.104
313.1039
313.1039
313.1039
313.1039
313.1041
313.1042
313.1045
313.1047
313.1051
313.1078
313.1135
313.1197
313.1263
313.1333
313.1371
313.1377
313.1385
313.1393
313.1401
313.1409
313.1418
313.1426
313.1435
313.1443
313.1455
313.1468
313.1478
313.1487
313.1496
313.0966
313.0965
313.0965
313.0965
313.0966
313.0967
313.0969
313.0971
313.0973
313.0976
313.1006
313.1071
313.1144
313.1226
313.1316
313.1367
313.1375
313.1383
313.1391
313.14
313.1408
313.1417
313.1426
313.1435
313.1444
313.1457
313.1468
313.1478
313.1487
313.1496
313.0851
313.0851
313.0851
313.0851
313.0851
313.0852
313.0853
313.0855
313.0857
313.086
313.0891
313.096
313.1041
313.114
313.1268
313.1362
313.1372
313.1381
313.139
313.1399
313.1408
313.1417
313.1425
313.1435
313.1444
313.1459
313.147
313.1479
313.1488
313.1496
313.0698
313.0698
313.0697
313.0697
313.0697
313.0697
313.0697
313.0698
313.0699
313.0726
313.078
313.0833
313.0884
313.0927
313.1464
313.1472
313.148
313.1488
313.1496
313.0543
313.0543
313.0542
313.0542
313.0541
313.054
313.054
313.0539
313.0564
313.0609
313.0649
313.0684
313.0711
313.1468
313.1473
313.148
313.1488
313.1496
313.0414
313.0414
313.0413
313.0412
313.0411
313.041
313.0409
313.0432
313.0474
313.051
313.054
313.0562
313.147
313.1475
313.1481
313.1488
313.1496
313.0324
313.0324
313.0324
313.0323
313.0321
313.032
313.0343
313.0385
313.0419
313.0447
313.0468
313.1472
313.1476
313.1482
313.1489
313.1496
313.028
313.0281
313.0281
313.0279
313.0278
313.0301
313.0342
313.0377
313.0404
313.0424
313.1472
313.1476
313.1482
313.1489
313.1496
313.0285
313.0285
313.0285
313.0284
313.0308
313.0348
313.0382
313.0409
313.0429
313.1472
313.1476
313.1482
313.1489
313.1496
313.0337
313.0338
313.0338
313.0361
313.0402
313.0436
313.0463
313.0483
313.1471
313.1475
313.1481
313.1488
313.1496
313.0434
313.0435
313.046
313.0501
313.0536
313.0564
313.0584
313.147
313.1474
313.1481
313.1488
313.1496
313.057
313.0596
313.064
313.0679
313.0712
313.0736
313.1467
313.1473
313.148
313.1488
313.1496
313.0758
313.0811
313.0862
313.091
313.095
313.1463
313.1471
313.1479
313.1487
313.1496
313.0986
313.1064
313.1158
313.1278
313.1368
313.1377
313.1385
313.1393
313.1401
313.1409
313.1417
313.1425
313.1434
313.1443
313.1458
313.1469
313.1478
313.1487
313.1496
313.1163
313.124
313.1325
313.1373
313.138
313.1387
313.1395
313.1402
313.141
313.1418
313.1426
313.1434
313.1442
313.1455
313.1467
313.1477
313.1486
313.1495
313.1276
313.1341
313.1377
313.1383
313.1389
313.1396
313.1403
313.1411
313.1418
313.1426
313.1434
313.1441
313.1453
313.1465
313.1476
313.1486
313.1495
313.135
313.138
313.1385
313.1391
313.1397
313.1404
313.1411
313.1419
313.1426
313.1434
313.1441
313.1452
313.1465
313.1476
313.1486
313.1495
313.1382
313.1386
313.1392
313.1398
313.1405
313.1412
313.1419
313.1426
313.1434
313.1441
313.1452
313.1464
313.1475
313.1486
313.1495
313.1102
313.1101
313.11
313.1101
313.1101
313.1102
313.1104
313.1107
313.1109
313.1113
313.1137
313.1185
313.1237
313.129
313.1345
313.1375
313.138
313.1387
313.1394
313.1402
313.141
313.1418
313.1427
313.1435
313.1443
313.1454
313.1467
313.1478
313.1487
313.1496
313.1084
313.1083
313.1083
313.1083
313.1083
313.1084
313.1086
313.1088
313.1091
313.1094
313.1119
313.117
313.1225
313.1282
313.1341
313.1373
313.1379
313.1386
313.1393
313.1401
313.1409
313.1418
313.1426
313.1435
313.1443
313.1454
313.1467
313.1478
313.1487
313.1496
313.1042
313.1041
313.1041
313.1041
313.1042
313.1043
313.1045
313.1047
313.1049
313.1052
313.1079
313.1135
313.1197
313.1263
313.1333
313.1371
313.1377
313.1384
313.1392
313.14
313.1409
313.1417
313.1426
313.1434
313.1443
313.1455
313.1467
313.1478
313.1487
313.1496
313.0968
313.0968
313.0968
313.0968
313.0968
313.097
313.0971
313.0973
313.0976
313.0979
313.1008
313.1072
313.1145
313.1226
313.1316
313.1367
313.1375
313.1383
313.1391
313.14
313.1408
313.1417
313.1425
313.1434
313.1443
313.1456
313.1468
313.1478
313.1487
313.1496
313.0853
313.0853
313.0854
313.0854
313.0855
313.0856
313.0858
313.086
313.0862
313.0894
313.0962
313.1043
313.1141
313.1268
313.1362
313.1372
313.1381
313.139
313.1399
313.1408
313.1416
313.1425
313.1434
313.1444
313.1459
313.147
313.1479
313.1487
313.1496
313.07
313.07
313.0701
313.0701
313.0701
313.0701
313.0702
313.0703
313.073
313.0783
313.0836
313.0886
313.0928
313.1464
313.1471
313.148
313.1488
313.1496
313.0546
313.0546
313.0546
313.0546
313.0545
313.0545
313.0544
313.0569
313.0613
313.0653
313.0687
313.0713
313.1468
313.1473
313.148
313.1488
313.1496
313.0417
313.0418
313.0417
313.0417
313.0416
313.0415
313.0438
313.048
313.0515
313.0544
313.0566
313.147
313.1474
313.1481
313.1488
313.1496
313.0328
313.0329
313.0328
313.0327
313.0326
313.0349
313.039
313.0425
313.0452
313.0473
313.1472
313.1475
313.1481
313.1489
313.1496
313.0285
313.0285
313.0285
313.0284
313.0308
313.0348
313.0382
313.0409
313.0429
313.1472
313.1476
313.1482
313.1489
313.1496
313.0289
313.029
313.029
313.0314
313.0355
313.0388
313.0415
313.0435
313.1472
313.1476
313.1482
313.1489
313.1496
313.0341
313.0343
313.0367
313.0408
313.0442
313.0468
313.0488
313.1471
313.1475
313.1481
313.1488
313.1496
313.0438
313.0464
313.0506
313.0541
313.0569
313.0589
313.147
313.1474
313.1481
313.1488
313.1496
313.0598
313.0644
313.0683
313.0716
313.074
313.1467
313.1473
313.148
313.1488
313.1496
313.0812
313.0864
313.0913
313.0952
313.1463
313.1471
313.1479
313.1487
313.1496
313.1065
313.1159
313.1279
313.1368
313.1378
313.1386
313.1394
313.1402
313.141
313.1418
313.1426
313.1434
313.1443
313.1458
313.1469
313.1478
313.1487
313.1496
313.1241
313.1326
313.1374
313.1381
313.1388
313.1395
313.1403
313.141
313.1418
313.1426
313.1434
313.1442
313.1455
313.1467
313.1477
313.1486
313.1495
313.1342
313.1378
313.1383
313.139
313.1397
313.1404
313.1411
313.1419
313.1426
313.1434
313.1442
313.1453
313.1466
313.1476
313.1486
313.1495
313.138
313.1386
313.1391
313.1398
313.1405
313.1412
313.1419
313.1426
313.1434
313.1441
313.1452
313.1465
313.1476
313.1486
313.1495
313.1387
313.1392
313.1399
313.1405
313.1412
313.1419
313.1427
313.1434
313.1441
313.1452
313.1465
313.1476
313.1486
313.1495
313.1104
313.1103
313.1102
313.1103
313.1103
313.1104
313.1106
313.1108
313.1111
313.1113
313.1138
313.1186
313.1237
313.129
313.1345
313.1375
313.138
313.1386
313.1394
313.1401
313.141
313.1418
313.1426
313.1434
313.1443
313.1454
313.1466
313.1477
313.1487
313.1496
313.1086
313.1085
313.1085
313.1085
313.1085
313.1087
313.1088
313.109
313.1092
313.1095
313.112
313.1171
313.1225
313.1282
313.1341
313.1373
313.1379
313.1386
313.1393
313.1401
313.1409
313.1417
313.1426
313.1434
313.1442
313.1454
313.1466
313.1477
313.1487
313.1496
313.1043
313.1043
313.1043
313.1043
313.1044
313.1045
313.1047
313.1049
313.1051
313.1054
313.108
313.1136
313.1198
313.1264
313.1333
313.1371
313.1377
313.1384
313.1392
313.14
313.1408
313.1417
313.1425
313.1434
313.1442
313.1454
313.1467
313.1477
313.1487
313.1496
313.0969
313.097
313.097
313.0971
313.0972
313.0974
313.0976
313.0978
313.0981
313.101
313.1074
313.1146
313.1227
313.1316
313.1367
313.1375
313.1383
313.1391
313.1399
313.1408
313.1416
313.1425
313.1434
313.1443
313.1456
313.1468
313.1478
313.1487
313.1496
313.0855
313.0856
313.0857
313.0858
313.086
313.0861
313.0863
313.0866
313.0896
313.0964
313.1044
313.1143
313.1269
313.1362
313.1373
313.1382
313.139
313.1399
313.1407
313.1416
313.1425
313.1434
313.1443
313.1458
313.1469
313.1479
313.1487
313.1496
313.0703
313.0704
313.0704
313.0705
313.0706
313.0706
313.0707
313.0734
313.0786
313.0839
313.0888
313.093
313.1464
313.1471
313.1479
313.1488
313.1496
313.0549
313.055
313.055
313.055
313.055
313.0549
313.0573
313.0618
313.0657
313.0691
313.0717
313.1467
313.1473
313.148
313.1488
313.1496
313.0421
313.0422
313.0422
313.0421
313.042
313.0443
313.0485
313.052
313.0549
313.057
313.147
313.1474
313.1481
313.1488
313.1496
313.0332
313.0333
313.0333
313.0332
313.0355
313.0396
313.043
313.0457
313.0478
313.1471
313.1475
313.1481
313.1488
313.1496
313.0289
313.029
313.029
313.0314
313.0355
313.0388
313.0415
313.0435
313.1472
313.1476
313.1482
313.1489
313.1496
313.0294
313.0295
313.0319
313.0361
313.0394
313.0421
313.044
313.1472
313.1476
313.1482
313.1489
313.1496
313.0346
313.0371
313.0413
313.0447
313.0474
313.0493
313.1471
313.1475
313.1481
313.1488
313.1496
313.0467
313.051
313.0545
313.0574
313.0594
313.147
313.1474
313.1481
313.1488
313.1496
313.0646
313.0686
313.072
313.0744
313.1467
313.1473
313.148
313.1488
313.1496
313.0866
313.0915
313.0955
313.1464
313.1471
313.1479
313.1487
313.1496
313.116
313.128
313.1369
313.1378
313.1387
313.1394
313.1402
313.141
313.1418
313.1426
313.1434
313.1443
313.1458
313.1469
313.1478
313.1487
313.1496
313.1326
313.1374
313.1381
313.1388
313.1396
313.1403
313.1411
313.1418
313.1426
313.1434
313.1443
313.1455
313.1467
313.1477
313.1486
313.1495
313.1378
313.1384
313.139
313.1397
313.1404
313.1411
313.1419
313.1426
313.1434
313.1442
313.1453
313.1466
313.1476
313.1486
313.1495
313.1386
313.1392
313.1398
313.1405
313.1412
313.1419
313.1427
313.1434
313.1442
313.1452
313.1465
313.1476
313.1486
313.1495
313.1393
313.1399
313.1406
313.1413
313.142
313.1427
313.1434
313.1442
313.1452
313.1465
313.1476
313.1486
313.1495
313.1105
313.1105
313.1104
313.1105
313.1105
313.1106
313.1108
313.111
313.1112
313.1115
313.1138
313.1186
313.1237
313.129
313.1345
313.1375
313.138
313.1386
313.1393
313.1401
313.1409
313.1417
313.1426
313.1434
313.1442
313.1453
313.1466
313.1477
313.1487
313.1496
313.1086
313.1086
313.1086
313.1087
313.1087
313.1089
313.109
313.1092
313.1094
313.1097
313.1121
313.1171
313.1225
313.1282
313.1341
313.1373
313.1379
313.1386
313.1393
313.1401
313.1409
313.1417
313.1425
313.1433
313.1442
313.1453
313.1466
313.1477
313.1487
313.1496
313.1044
313.1045
313.1045
313.1046
313.1048
313.1049
313.1051
313.1053
313.1056
313.1082
313.1138
313.1199
313.1264
313.1333
313.1371
313.1377
313.1384
313.1392
313.14
313.1408
313.1416
313.1425
313.1433
313.1442
313.1454
313.1466
313.1477
313.1487
313.1496
313.0971
313.0972
313.0973
313.0975
313.0977
313.0979
313.0981
313.0983
313.1012
313.1076
313.1147
313.1228
313.1317
313.1367
313.1375
313.1383
313.1391
313.1399
313.1408
313.1416
313.1425
313.1433
313.1442
313.1455
313.1467
313.1478
313.1487
313.1496
313.0858
313.086
313.0861
313.0863
313.0865
313.0867
313.0869
313.0899
313.0967
313.1046
313.1144
313.127
313.1363
313.1373
313.1382
313.139
313.1399
313.1407
313.1416
313.1425
313.1434
313.1443
313.1458
313.1469
313.1478
313.1487
313.1496
313.0706
313.0708
313.0709
313.071
313.071
313.0711
313.0737
313.079
313.0842
313.0891
313.0933
313.1464
313.1471
313.1479
313.1488
313.1496
313.0552
313.0554
313.0555
313.0555
313.0554
313.0578
313.0622
313.0662
313.0695
313.072
313.1467
313.1473
313.148
313.1488
313.1496
313.0425
313.0426
313.0426
313.0426
313.0449
313.049
313.0525
313.0554
313.0575
313.147
313.1474
313.1481
313.1488
313.1496
313.0337
313.0338
313.0338
313.0361
313.0402
313.0436
313.0463
313.0483
313.1471
313.1475
313.1481
313.1488
313.1496
313.0294
313.0295
313.0319
313.0361
313.0394
313.0421
313.044
313.1472
313.1476
313.1482
313.1489
313.1496
313.0298
313.0324
313.0366
313.04
313.0427
313.0446
313.1472
313.1476
313.1482
313.1489
313.1496
313.0375
313.0417
313.0452
313.0479
313.0499
313.1471
313.1475
313.1481
313.1488
313.1496
313.0512
313.0549
313.0578
313.0599
313.147
313.1474
313.1481
313.1488
313.1496
313.0689
313.0723
313.0748
313.1467
313.1473
313.148
313.1488
313.1496
313.0916
313.0957
313.1464
313.1471
313.1479
313.1487
313.1496
313.1281
313.1369
313.1379
313.1387
313.1395
313.1403
313.141
313.1418
313.1426
313.1435
313.1443
313.1458
313.1469
313.1478
313.1487
313.1496
313.1374
313.1382
313.1389
313.1396
313.1404
313.1411
313.1419
313.1427
313.1435
313.1443
313.1455
313.1467
313.1477
313.1486
313.1495
313.1384
313.1391
313.1398
313.1405
313.1412
313.1419
313.1427
313.1434
313.1442
313.1454
313.1466
313.1476
313.1486
313.1495
313.1392
313.1399
313.1405
313.1413
313.142
313.1427
313.1434
313.1442
313.1453
313.1465
313.1476
313.1486
313.1495
313.1399
313.1406
313.1413
313.142
313.1427
313.1435
313.1442
313.1452
313.1465
313.1476
313.1486
313.1495
313.1106
313.1106
313.1106
313.1107
313.1107
313.1108
313.111
313.1112
313.1114
313.1116
313.1139
313.1187
313.1238
313.1291
313.1345
313.1375
313.138
313.1386
313.1393
313.1401
313.1409
313.1417
313.1425
313.1433
313.1441
313.1453
313.1466
313.1477
313.1486
313.1496
313.1087
313.1088
313.1089
313.109
313.1091
313.1092
313.1094
313.1096
313.1098
313.1123
313.1172
313.1226
313.1283
313.1342
313.1374
313.1379
313.1386
313.1393
313.14
313.1408
313.1416
313.1425
313.1433
313.1441
313.1453
313.1466
313.1477
313.1486
313.1496
313.1046
313.1047
313.1048
313.105
313.1052
313.1053
313.1055
313.1058
313.1084
313.1139
313.12
313.1265
313.1334
313.1371
313.1377
313.1385
313.1392
313.14
313.1408
313.1416
313.1425
313.1433
313.1441
313.1453
313.1466
313.1477
313.1487
313.1496
313.0973
313.0975
313.0977
313.0979
313.0981
313.0984
313.0986
313.1015
313.1077
313.1149
313.1229
313.1317
313.1368
313.1375
313.1383
313.1391
313.1399
313.1408
313.1416
313.1425
313.1433
313.1442
313.1455
313.1467
313.1477
313.1487
313.1496
313.0861
313.0864
313.0866
313.0868
313.087
313.0872
313.0902
313.0969
313.1048
313.1145
313.1271
313.1363
313.1373
313.1382
313.1391
313.1399
313.1407
313.1416
313.1425
313.1433
313.1443
313.1458
313.1469
313.1478
313.1487
313.1496
313.071
313.0712
313.0713
313.0714
313.0715
313.0741
313.0794
313.0845
313.0894
313.0935
313.1463
313.1471
313.1479
313.1487
313.1496
313.0557
313.0558
313.0559
313.0559
313.0583
313.0627
313.0666
313.0699
313.0724
313.1467
313.1473
313.148
313.1488
313.1496
313.0429
313.0431
313.0431
313.0455
313.0496
313.053
313.0559
313.058
313.147
313.1474
313.1481
313.1488
313.1496
313.0341
313.0343
313.0367
313.0408
313.0442
313.0468
313.0488
313.1471
313.1475
313.1481
313.1488
313.1496
313.0298
313.0324
313.0366
313.04
313.0427
313.0446
313.1472
313.1476
313.1482
313.1489
313.1496
313.0328
313.0371
313.0405
313.0432
313.0452
313.1472
313.1476
313.1482
313.1489
313.1496
313.0421
313.0456
313.0484
313.0504
313.1472
313.1475
313.1481
313.1488
313.1496
313.0552
313.0582
313.0603
313.147
313.1474
313.1481
313.1488
313.1496
313.0725
313.0751
313.1468
313.1473
313.148
313.1488
313.1496
313.0959
313.1464
313.1471
313.1479
313.1487
313.1496
313.137
313.1379
313.1388
313.1395
313.1403
313.1411
313.1419
313.1427
313.1435
313.1444
313.1458
313.1469
313.1478
313.1487
313.1496
313.1382
313.1389
313.1397
313.1404
313.1412
313.1419
313.1427
313.1435
313.1443
313.1455
313.1467
313.1477
313.1486
313.1495
313.1391
313.1398
313.1405
313.1412
313.142
313.1427
313.1435
313.1442
313.1454
313.1466
313.1476
313.1486
313.1495
313.1399
313.1406
313.1413
313.142
313.1427
313.1435
313.1442
313.1453
313.1465
313.1476
313.1486
313.1495
313.1406
313.1413
313.1421
313.1428
313.1435
313.1442
313.1453
313.1465
313.1476
313.1486
313.1495
313.1107
313.1108
313.1108
313.1109
313.111
313.1112
313.1114
313.1115
313.1118
313.1141
313.1188
313.1238
313.1291
313.1345
313.1375
313.138
313.1386
313.1393
313.1401
313.1408
313.1417
313.1425
313.1433
313.1441
313.1452
313.1465
313.1476
313.1486
313.1496
313.1089
313.109
313.1091
313.1093
313.1094
313.1096
313.1098
313.11
313.1124
313.1174
313.1227
313.1283
313.1342
313.1374
313.1379
313.1386
313.1393
313.14
313.1408
313.1416
313.1424
313.1433
313.1441
313.1452
313.1465
313.1476
313.1486
313.1496
313.1048
313.105
313.1052
313.1054
313.1056
313.1058
313.106
313.1086
313.1141
313.1201
313.1266
313.1334
313.1372
313.1378
313.1385
313.1392
313.14
313.1408
313.1416
313.1424
313.1433
313.1441
313.1453
313.1466
313.1477
313.1486
313.1496
313.0977
313.0979
313.0982
313.0984
313.0986
313.0989
313.1017
313.1079
313.115
313.123
313.1318
313.1368
313.1376
313.1384
313.1391
313.1399
313.1408
313.1416
313.1424
313.1433
313.1442
313.1455
313.1467
313.1477
313.1487
313.1496
313.0865
313.0869
313.0871
313.0873
313.0875
313.0905
313.0972
313.1051
313.1147
313.1272
313.1364
313.1374
313.1382
313.1391
313.1399
313.1407
313.1416
313.1424
313.1433
313.1443
313.1458
313.1469
313.1478
313.1487
313.1496
313.0714
313.0717
313.0718
313.0719
313.0745
313.0797
313.0849
313.0897
313.0938
313.1463
313.1471
313.1479
313.1487
313.1496
313.0561
313.0563
313.0564
313.0588
313.0632
313.067
313.0703
313.0728
313.1467
313.1473
313.148
313.1488
313.1496
313.0434
313.0435
313.046
313.0501
313.0536
313.0564
313.0584
313.147
313.1474
313.1481
313.1488
313.1496
313.0346
313.0371
313.0413
313.0447
313.0474
313.0493
313.1471
313.1475
313.1481
313.1488
313.1496
313.0328
313.0371
313.0405
313.0432
313.0452
313.1472
313.1476
313.1482
313.1489
313.1496
313.0374
313.041
313.0437
313.0457
313.1472
313.1476
313.1482
313.1489
313.1496
313.0459
313.0488
313.0509
313.1472
313.1475
313.1481
313.1488
313.1496
313.0584
313.0607
313.147
313.1474
313.1481
313.1488
313.1496
313.0753
313.1468
313.1473
313.148
313.1488
313.1496
313.1464
313.1471
313.1479
313.1487
313.1496
313.1379
313.1388
313.1396
313.1404
313.1411
313.1419
313.1427
313.1435
313.1444
313.1459
313.1469
313.1478
313.1487
313.1496
313.139
313.1397
313.1405
313.1412
313.142
313.1427
313.1435
313.1443
313.1456
313.1467
313.1477
313.1486
313.1495
313.1398
313.1405
313.1413
313.142
313.1428
313.1435
313.1443
313.1454
313.1466
313.1477
313.1486
313.1495
313.1406
313.1413
313.142
313.1428
313.1435
313.1442
313.1453
313.1465
313.1476
313.1486
313.1495
313.1414
313.1421
313.1428
313.1435
313.1442
313.1453
313.1465
313.1476
313.1486
313.1495
313.1108
313.111
313.1111
313.1112
313.1114
313.1116
313.1117
313.1119
313.1142
313.1189
313.1239
313.1292
313.1346
313.1375
313.138
313.1386
313.1393
313.1401
313.1408
313.1416
313.1424
313.1433
313.1441
313.1452
313.1465
313.1476
313.1486
313.1495
313.1091
313.1093
313.1095
313.1096
313.1098
313.11
313.1102
313.1126
313.1175
313.1228
313.1284
313.1342
313.1374
313.138
313.1386
313.1393
313.14
313.1408
313.1416
313.1424
313.1432
313.1441
313.1452
313.1465
313.1476
313.1486
313.1495
313.1051
313.1054
313.1056
313.1058
313.106
313.1062
313.1088
313.1142
313.1202
313.1267
313.1335
313.1372
313.1378
313.1385
313.1392
313.14
313.1408
313.1416
313.1424
313.1433
313.1441
313.1453
313.1466
313.1476
313.1486
313.1495
313.0981
313.0984
313.0986
313.0989
313.0991
313.102
313.1082
313.1152
313.1231
313.1319
313.1369
313.1376
313.1384
313.1392
313.14
313.1408
313.1416
313.1424
313.1433
313.1442
313.1455
313.1467
313.1477
313.1487
313.1496
313.087
313.0873
313.0876
313.0879
313.0909
313.0975
313.1053
313.1149
313.1273
313.1364
313.1374
313.1383
313.1391
313.1399
313.1408
313.1416
313.1425
313.1433
313.1443
313.1458
313.1469
313.1478
313.1487
313.1496
313.0719
313.0721
313.0723
313.0749
313.0801
313.0852
313.09
313.0941
313.1463
313.1471
313.1479
313.1487
313.1496
313.0566
313.0568
313.0592
313.0636
313.0675
313.0707
313.0732
313.1467
313.1473
313.148
313.1488
313.1496
313.0438
313.0464
313.0506
313.0541
313.0569
313.0589
313.147
313.1474
313.1481
313.1488
313.1496
313.0375
313.0417
313.0452
313.0479
313.0499
313.1471
313.1475
313.1481
313.1488
313.1496
313.0374
313.041
313.0437
313.0457
313.1472
313.1476
313.1482
313.1489
313.1496
313.0413
313.0442
313.0462
313.1472
313.1476
313.1482
313.1489
313.1496
313.0491
313.0513
313.1472
313.1475
313.1481
313.1488
313.1496
313.061
313.147
313.1474
313.1481
313.1488
313.1496
313.1468
313.1473
313.148
313.1488
313.1496
313.1464
313.1471
313.1479
313.1487
313.1496
313.1388
313.1396
313.1404
313.1412
313.142
313.1427
313.1436
313.1444
313.1459
313.1469
313.1478
313.1487
313.1496
313.1397
313.1405
313.1412
313.142
313.1428
313.1436
313.1444
313.1456
313.1467
313.1477
313.1487
313.1496
313.1406
313.1413
313.142
313.1428
313.1435
313.1443
313.1454
313.1466
313.1477
313.1486
313.1495
313.1413
313.1421
313.1428
313.1435
313.1443
313.1453
313.1466
313.1476
313.1486
313.1495
313.1421
313.1428
313.1436
313.1443
313.1453
313.1465
313.1476
313.1486
313.1495
313.111
313.1112
313.1114
313.1116
313.1118
313.1119
313.1121
313.1144
313.1191
313.124
313.1292
313.1346
313.1375
313.138
313.1386
313.1393
313.1401
313.1408
313.1416
313.1424
313.1432
313.144
313.1452
313.1465
313.1476
313.1486
313.1495
313.1094
313.1096
313.1098
313.11
313.1102
313.1104
313.1128
313.1177
313.1229
313.1285
313.1343
313.1375
313.138
313.1386
313.1393
313.14
313.1408
313.1416
313.1424
313.1432
313.144
313.1452
313.1465
313.1476
313.1486
313.1495
313.1054
313.1058
313.106
313.1062
313.1065
313.109
313.1144
313.1204
313.1268
313.1335
313.1373
313.1379
313.1385
313.1393
313.14
313.1408
313.1416
313.1424
313.1433
313.1441
313.1453
313.1466
313.1476
313.1486
313.1495
313.0985
313.0988
313.0991
313.0994
313.1022
313.1084
313.1154
313.1232
313.132
313.1369
313.1377
313.1384
313.1392
313.14
313.1408
313.1416
313.1424
313.1433
313.1442
313.1455
313.1467
313.1477
313.1486
313.1496
313.0875
313.0879
313.0881
313.0912
313.0978
313.1055
313.1151
313.1274
313.1365
313.1375
313.1383
313.1392
313.14
313.1408
313.1416
313.1425
313.1433
313.1443
313.1458
313.1468
313.1478
313.1487
313.1496
313.0723
313.0726
313.0753
313.0805
313.0855
313.0903
313.0944
313.1463
313.1471
313.1479
313.1487
313.1496
313.057
313.0596
313.064
313.0679
313.0712
313.0736
313.1467
313.1473
313.148
313.1488
313.1496
313.0467
313.051
313.0545
313.0574
313.0594
313.147
313.1474
313.1481
313.1488
313.1496
313.0421
313.0456
313.0484
313.0504
313.1472
313.1475
313.1481
313.1488
313.1496
313.0413
313.0442
313.0462
313.1472
313.1476
313.1482
313.1489
313.1496
313.0445
313.0466
313.1472
313.1476
313.1482
313.1489
313.1496
313.0516
313.1472
313.1476
313.1481
313.1488
313.1496
313.147
313.1475
313.1481
313.1488
313.1496
313.1468
313.1473
313.148
313.1488
313.1496
313.1464
313.1471
313.1479
313.1487
313.1496
313.1396
313.1404
313.1412
313.142
313.1428
313.1436
313.1445
313.1459
313.1469
313.1478
313.1487
313.1496
313.1405
313.1413
313.142
313.1428
313.1436
313.1444
313.1456
313.1468
313.1477
313.1487
313.1496
313.1413
313.1421
313.1428
313.1436
313.1443
313.1454
313.1466
313.1477
313.1486
313.1495
313.1421
313.1428
313.1436
313.1443
313.1454
313.1466
313.1476
313.1486
313.1495
313.1428
313.1436
313.1443
313.1453
313.1466
313.1476
313.1486
313.1495
313.1113
313.1115
313.1118
313.1119
313.1121
313.1123
313.1146
313.1192
313.1241
313.1293
313.1347
313.1376
313.1381
313.1387
313.1393
313.1401
313.1408
313.1416
313.1424
313.1432
313.144
313.1451
313.1464
313.1476
313.1486
313.1495
313.1097
313.11
313.1102
313.1104
313.1106
313.113
313.1178
313.1231
313.1286
313.1344
313.1375
313.138
313.1386
313.1393
313.1401
313.1408
313.1416
313.1424
313.1432
313.144
313.1452
313.1465
313.1476
313.1486
313.1495
313.1058
313.1062
313.1064
313.1067
313.1092
313.1146
313.1205
313.1269
313.1336
313.1373
313.1379
313.1386
313.1393
313.14
313.1408
313.1416
313.1424
313.1433
313.1441
313.1453
313.1465
313.1476
313.1486
313.1495
313.099
313.0993
313.0996
313.1025
313.1086
313.1155
313.1234
313.1321
313.137
313.1377
313.1385
313.1392
313.14
313.1408
313.1416
313.1425
313.1433
313.1442
313.1455
313.1467
313.1477
313.1486
313.1496
313.088
313.0884
313.0914
313.098
313.1058
313.1152
313.1275
313.1366
313.1375
313.1384
313.1392
313.14
313.1408
313.1416
313.1425
313.1433
313.1443
313.1458
313.1468
313.1478
313.1487
313.1496
313.0728
313.0756
313.0808
313.0859
313.0907
313.0947
313.1463
313.1471
313.1479
313.1487
313.1496
313.0598
313.0644
313.0683
313.0716
313.074
313.1467
313.1473
313.148
313.1488
313.1496
313.0512
313.0549
313.0578
313.0599
313.147
313.1474
313.1481
313.1488
313.1496
313.0459
313.0488
313.0509
313.1472
313.1475
313.1481
313.1488
313.1496
313.0445
313.0466
313.1472
313.1476
313.1482
313.1489
313.1496
313.0469
313.1473
313.1476
313.1482
313.1489
313.1496
313.1472
313.1476
313.1481
313.1488
313.1496
313.147
313.1475
313.1481
313.1488
313.1496
313.1468
313.1473
313.148
313.1488
313.1496
313.1464
313.1471
313.1479
313.1487
313.1496
313.1405
313.1412
313.142
313.1428
313.1436
313.1445
313.1459
313.1469
313.1478
313.1487
313.1496
313.1413
313.1421
313.1428
313.1436
313.1444
313.1456
313.1468
313.1478
313.1487
313.1496
313.1421
313.1428
313.1436
313.1444
313.1455
313.1467
313.1477
313.1486
313.1495
313.1429
313.1436
313.1443
313.1454
313.1466
313.1476
313.1486
313.1495
313.1436
313.1443
313.1454
313.1466
313.1476
313.1486
313.1495
313.1116
313.1119
313.1121
313.1123
313.1125
313.1148
313.1194
313.1242
313.1294
313.1347
313.1376
313.1381
313.1387
313.1394
313.1401
313.1408
313.1416
313.1424
313.1432
313.144
313.1451
313.1464
313.1476
313.1486
313.1495
313.1101
313.1104
313.1106
313.1108
313.1132
313.118
313.1232
313.1287
313.1344
313.1376
313.1381
313.1387
313.1394
313.1401
313.1408
313.1416
313.1424
313.1432
313.144
313.1452
313.1465
313.1476
313.1486
313.1495
313.1063
313.1066
313.1069
313.1094
313.1148
313.1207
313.127
313.1337
313.1374
313.1379
313.1386
313.1393
313.1401
313.1408
313.1416
313.1424
313.1433
313.1441
313.1453
313.1465
313.1476
313.1486
313.1495
313.0994
313.0998
313.1027
313.1088
313.1157
313.1235
313.1321
313.137
313.1378
313.1385
313.1393
313.1401
313.1408
313.1416
313.1425
313.1433
313.1442
313.1455
313.1467
313.1477
313.1486
313.1495
313.0885
313.0917
313.0983
313.106
313.1154
313.1276
313.1366
313.1376
313.1384
313.1392
313.14
313.1408
313.1417
313.1425
313.1434
313.1443
313.1458
313.1468
313.1478
313.1487
313.1496
313.0758
313.0811
313.0862
313.091
313.095
313.1463
313.1471
313.1479
313.1487
313.1496
313.0646
313.0686
313.072
313.0744
313.1467
313.1473
313.148
313.1488
313.1496
313.0552
313.0582
313.0603
313.147
313.1474
313.1481
313.1488
313.1496
313.0491
313.0513
313.1472
313.1475
313.1481
313.1488
313.1496
313.0469
313.1473
313.1476
313.1482
313.1489
313.1496
313.1473
313.1476
313.1482
313.1489
313.1496
313.1472
313.1476
313.1481
313.1488
313.1496
313.1471
313.1475
313.1481
313.1488
313.1496
313.1468
313.1473
313.148
313.1488
313.1496
313.1465
313.1472
313.1479
313.1487
313.1496
313.1413
313.1421
313.1428
313.1437
313.1445
313.1459
313.147
313.1478
313.1487
313.1496
313.1421
313.1429
313.1436
313.1444
313.1457
313.1468
313.1478
313.1487
313.1496
313.1429
313.1436
313.1444
313.1455
313.1467
313.1477
313.1486
313.1495
313.1436
313.1443
313.1454
313.1466
313.1477
313.1486
313.1495
313.1443
313.1454
313.1466
313.1476
313.1486
313.1495
313.112
313.1123
313.1125
313.1127
313.1149
313.1195
313.1244
313.1295
313.1348
313.1377
313.1382
313.1387
313.1394
313.1401
313.1409
313.1416
313.1424
313.1432
313.144
313.1451
313.1464
313.1475
313.1486
313.1495
313.1104
313.1108
313.111
313.1134
313.1182
313.1233
313.1288
313.1345
313.1376
313.1381
313.1387
313.1394
313.1401
313.1409
313.1416
313.1424
313.1432
313.144
313.1452
313.1464
313.1476
313.1486
313.1495
313.1067
313.107
313.1096
313.115
313.1208
313.1271
313.1338
313.1374
313.138
313.1387
313.1394
313.1401
313.1409
313.1417
313.1425
313.1433
313.1441
313.1453
313.1465
313.1476
313.1486
313.1495
313.0999
313.1029
313.109
313.1159
313.1236
313.1322
313.1371
313.1378
313.1386
313.1393
313.1401
313.1409
313.1417
313.1425
313.1433
313.1442
313.1455
313.1467
313.1477
313.1486
313.1495
313.0918
313.0985
313.1062
313.1156
313.1277
313.1367
313.1376
313.1385
313.1393
313.1401
313.1409
313.1417
313.1425
313.1434
313.1443
313.1458
313.1468
313.1478
313.1487
313.1496
313.0812
313.0864
313.0913
313.0952
313.1463
313.1471
313.1479
313.1487
313.1496
313.0689
313.0723
313.0748
313.1467
313.1473
313.148
313.1488
313.1496
313.0584
313.0607
313.147
313.1474
313.1481
313.1488
313.1496
313.0516
313.1472
313.1476
313.1481
313.1488
313.1496
313.1473
313.1476
313.1482
313.1489
313.1496
313.1473
313.1476
313.1482
313.1489
313.1496
313.1472
313.1476
313.1482
313.1489
313.1496
313.1471
313.1475
313.1481
313.1488
313.1496
313.1468
313.1473
313.148
313.1488
313.1496
313.1465
313.1472
313.1479
313.1488
313.1496
313.1421
313.1429
313.1437
313.1445
313.146
313.147
313.1479
313.1487
313.1496
313.1429
313.1437
313.1445
313.1457
313.1468
313.1478
313.1487
313.1496
313.1436
313.1444
313.1455
313.1467
313.1477
313.1486
313.1496
313.1444
313.1454
313.1466
313.1477
313.1486
313.1495
313.1454
313.1466
313.1477
313.1486
313.1495
313.1123
313.1126
313.1129
313.1151
313.1197
313.1245
313.1296
313.1349
313.1377
313.1382
313.1388
313.1394
313.1401
313.1409
313.1416
313.1424
313.1432
313.144
313.1451
313.1464
313.1475
313.1486
313.1495
313.1108
313.1112
313.1135
313.1183
313.1235
313.1289
313.1346
313.1377
313.1382
313.1388
313.1394
313.1401
313.1409
313.1417
313.1424
313.1432
313.144
313.1451
313.1464
313.1476
313.1486
313.1495
313.1071
313.1098
313.1151
313.121
313.1272
313.1339
313.1375
313.1381
313.1387
313.1394
313.1401
313.1409
313.1417
313.1425
313.1433
313.1441
313.1453
313.1465
313.1476
313.1486
313.1495
313.103
313.1091
313.1161
313.1238
313.1323
313.1372
313.1379
313.1386
313.1394
313.1401
313.1409
313.1417
313.1425
313.1433
313.1442
313.1455
313.1467
313.1477
313.1486
313.1495
313.0986
313.1064
313.1158
313.1278
313.1368
313.1377
313.1385
313.1393
313.1401
313.1409
313.1417
313.1425
313.1434
313.1443
313.1458
313.1469
313.1478
313.1487
313.1496
313.0866
313.0915
313.0955
313.1464
313.1471
313.1479
313.1487
313.1496
313.0725
313.0751
313.1468
313.1473
313.148
313.1488
313.1496
313.061
313.147
313.1474
313.1481
313.1488
313.1496
313.1472
313.1476
313.1481
313.1488
313.1496
313.1473
313.1476
313.1482
313.1489
313.1496
313.1473
313.1476
313.1482
313.1489
313.1496
313.1472
313.1476
313.1482
313.1489
313.1496
313.1471
313.1475
313.1481
313.1488
313.1496
313.1469
313.1474
313.148
313.1488
313.1496
313.1465
313.1472
313.148
313.1488
313.1496
313.1429
313.1437
313.1446
313.146
313.147
313.1479
313.1487
313.1496
313.1437
313.1445
313.1457
313.1468
313.1478
313.1487
313.1496
313.1444
313.1455
313.1467
313.1477
313.1487
313.1496
313.1454
313.1466
313.1477
313.1486
313.1495
313.1466
313.1477
313.1486
313.1495
313.1127
313.113
313.1153
313.1198
313.1246
313.1297
313.135
313.1378
313.1383
313.1388
313.1395
313.1402
313.1409
313.1417
313.1424
313.1432
313.144
313.1451
313.1464
313.1475
313.1486
313.1495
313.1112
313.1137
313.1185
313.1236
313.129
313.1347
313.1377
313.1382
313.1388
313.1395
313.1402
313.1409
313.1417
313.1425
313.1432
313.144
313.1452
313.1464
313.1476
313.1486
313.1495
313.1098
313.1152
313.1211
313.1273
313.1339
313.1375
313.1381
313.1388
313.1395
313.1402
313.1409
313.1417
313.1425
313.1433
313.1441
313.1453
313.1465
313.1476
313.1486
313.1495
313.1092
313.1162
313.1239
313.1324
313.1372
313.1379
313.1387
313.1394
313.1402
313.1409
313.1417
313.1425
313.1434
313.1442
313.1455
313.1467
313.1477
313.1486
313.1495
313.1065
313.1159
313.1279
313.1368
313.1378
313.1386
313.1394
313.1402
313.141
313.1418
313.1426
313.1434
313.1443
313.1458
313.1469
313.1478
313.1487
313.1496
313.0916
313.0957
313.1464
313.1471
313.1479
313.1487
313.1496
313.0753
313.1468
313.1473
313.148
313.1488
313.1496
313.147
313.1475
313.1481
313.1488
313.1496
313.1472
313.1476
313.1481
313.1488
313.1496
313.1473
313.1476
313.1482
313.1489
313.1496
313.1473
313.1476
313.1482
313.1489
313.1496
313.1472
313.1476
313.1482
313.1489
313.1496
313.1471
313.1475
313.1481
313.1488
313.1496
313.1469
313.1474
313.1481
313.1488
313.1496
313.1465
313.1472
313.148
313.1488
313.1496
313.1437
313.1446
313.146
313.147
313.1479
313.1487
313.1496
313.1445
313.1457
313.1468
313.1478
313.1487
313.1496
313.1455
313.1467
313.1477
313.1487
313.1496
313.1466
313.1477
313.1486
313.1495
313.1477
313.1486
313.1495
313.1131
313.1154
313.12
313.1248
313.1298
313.135
313.1379
313.1383
313.1389
313.1395
313.1402
313.1409
313.1417
313.1425
313.1432
313.144
313.1451
313.1464
313.1475
313.1486
313.1495
313.1137
313.1186
313.1237
313.1291
313.1347
313.1378
313.1383
313.1389
313.1395
313.1402
313.141
313.1417
313.1425
313.1433
313.144
313.1452
313.1464
313.1476
313.1486
313.1495
313.1153
313.1212
313.1274
313.134
313.1376
313.1382
313.1388
313.1395
313.1402
313.141
313.1417
313.1425
313.1433
313.1441
313.1453
313.1465
313.1476
313.1486
313.1495
313.1163
313.124
313.1325
313.1373
313.138
313.1387
313.1395
313.1402
313.141
313.1418
313.1426
313.1434
313.1442
313.1455
313.1467
313.1477
313.1486
313.1495
313.116
313.128
313.1369
313.1378
313.1387
313.1394
313.1402
313.141
313.1418
313.1426
313.1434
313.1443
313.1458
313.1469
313.1478
313.1487
313.1496
313.0959
313.1464
313.1471
313.1479
313.1487
313.1496
313.1468
313.1473
313.148
313.1488
313.1496
313.147
313.1475
313.1481
313.1488
313.1496
313.1472
313.1476
313.1482
313.1489
313.1496
313.1473
313.1476
313.1482
313.1489
313.1496
313.1473
313.1477
313.1482
313.1489
313.1496
313.1473
313.1476
313.1482
313.1489
313.1496
313.1471
313.1475
313.1481
313.1488
313.1496
313.1469
313.1474
313.1481
313.1488
313.1496
313.1465
313.1472
313.148
313.1488
313.1496
313.1446
313.146
313.147
313.1479
313.1487
313.1496
313.1457
313.1468
313.1478
313.1487
313.1496
313.1467
313.1477
313.1487
313.1496
313.1477
313.1486
313.1496
313.1486
313.1495
313.1155
313.1201
313.1249
313.1299
313.1351
313.1379
313.1384
313.1389
313.1396
313.1403
313.141
313.1417
313.1425
313.1432
313.144
313.1451
313.1464
313.1475
313.1486
313.1495
313.1186
313.1238
313.1292
313.1348
313.1379
313.1383
313.1389
313.1396
313.1403
313.141
313.1417
313.1425
313.1433
313.144
313.1452
313.1464
313.1476
313.1486
313.1495
313.1213
313.1275
313.1341
313.1377
313.1382
313.1389
313.1396
313.1403
313.141
313.1418
313.1425
313.1433
313.1441
313.1453
313.1465
313.1476
313.1486
313.1495
313.1241
313.1326
313.1374
313.1381
313.1388
313.1395
313.1403
313.141
313.1418
313.1426
313.1434
313.1442
313.1455
313.1467
313.1477
313.1486
313.1495
313.1281
313.1369
313.1379
313.1387
313.1395
313.1403
313.141
313.1418
313.1426
313.1435
313.1443
313.1458
313.1469
313.1478
313.1487
313.1496
313.1464
313.1471
313.1479
313.1487
313.1496
313.1468
313.1473
313.148
313.1488
313.1496
313.1471
313.1475
313.1481
313.1488
313.1496
313.1472
313.1476
313.1482
313.1489
313.1496
313.1473
313.1477
313.1482
313.1489
313.1496
313.1473
313.1477
313.1482
313.1489
313.1496
313.1473
313.1476
313.1482
313.1489
313.1496
313.1471
313.1475
313.1481
313.1489
313.1496
313.1469
313.1474
313.1481
313.1488
313.1496
313.1465
313.1472
313.148
313.1488
313.1496
313.146
313.147
313.1479
313.1487
313.1496
313.1469
313.1478
313.1487
313.1496
313.1477
313.1487
313.1496
313.1486
313.1496
313.1495
313.1201
313.125
313.13
313.1352
313.138
313.1384
313.139
313.1396
313.1403
313.141
313.1417
313.1425
313.1433
313.144
313.1451
313.1464
313.1475
313.1486
313.1495
313.1239
313.1293
313.1349
313.1379
313.1384
313.139
313.1396
313.1403
313.141
313.1418
313.1425
313.1433
313.1441
313.1452
313.1465
313.1476
313.1486
313.1495
313.1276
313.1341
313.1377
313.1383
313.1389
313.1396
313.1403
313.1411
313.1418
313.1426
313.1434
313.1441
313.1453
313.1465
313.1476
313.1486
313.1495
313.1326
313.1374
313.1381
313.1388
313.1396
313.1403
313.1411
313.1418
313.1426
313.1434
313.1443
313.1455
313.1467
313.1477
313.1486
313.1495
313.137
313.1379
313.1388
313.1395
313.1403
313.1411
313.1419
313.1427
313.1435
313.1444
313.1458
313.1469
313.1478
313.1487
313.1496
313.1464
313.1471
313.1479
313.1487
313.1496
313.1468
313.1473
313.148
313.1488
313.1496
313.1471
313.1475
313.1481
313.1488
313.1496
313.1472
313.1476
313.1482
313.1489
313.1496
313.1473
313.1477
313.1482
313.1489
313.1496
313.1473
313.1477
313.1482
313.1489
313.1496
313.1473
313.1476
313.1482
313.1489
313.1496
313.1471
313.1475
313.1482
313.1489
313.1496
313.1469
313.1474
313.1481
313.1488
313.1496
313.1465
313.1472
313.148
313.1488
313.1496
313.147
313.1479
313.1487
313.1496
313.1478
313.1487
313.1496
313.1487
313.1496
313.1496
313.125
313.1301
313.1352
313.138
313.1385
313.139
313.1397
313.1403
313.1411
313.1418
313.1425
313.1433
313.144
313.1451
313.1464
313.1475
313.1486
313.1495
313.1293
313.1349
313.138
313.1385
313.139
313.1397
313.1404
313.1411
313.1418
313.1426
313.1433
313.1441
313.1452
313.1465
313.1476
313.1486
313.1495
313.1342
313.1378
313.1383
313.139
313.1397
313.1404
313.1411
313.1419
313.1426
313.1434
313.1442
313.1453
313.1466
313.1476
313.1486
313.1495
313.1374
313.1382
313.1389
313.1396
313.1404
313.1411
313.1419
313.1427
313.1435
313.1443
313.1455
313.1467
313.1477
313.1486
313.1495
313.1379
313.1388
313.1396
313.1404
313.1411
313.1419
313.1427
313.1435
313.1444
313.1459
313.1469
313.1478
313.1487
313.1496
313.1464
313.1471
313.1479
313.1487
313.1496
313.1468
313.1473
313.148
313.1488
313.1496
313.1471
313.1475
313.1481
313.1488
313.1496
313.1473
313.1476
313.1482
313.1489
313.1496
313.1473
313.1477
313.1482
313.1489
313.1496
313.1474
313.1477
313.1482
313.1489
313.1496
313.1473
313.1476
313.1482
313.1489
313.1496
313.1472
313.1476
313.1482
313.1489
313.1496
313.1469
313.1474
313.1481
313.1488
313.1496
313.1472
313.148
313.1488
313.1496
313.1479
313.1487
313.1496
313.1487
313.1496
313.1496
313.1301
313.1353
313.1381
313.1385
313.1391
313.1397
313.1404
313.1411
313.1418
313.1426
313.1433
313.1441
313.1451
313.1464
313.1475
313.1486
313.1495
313.135
313.138
313.1385
313.1391
313.1397
313.1404
313.1411
313.1419
313.1426
313.1434
313.1441
313.1452
313.1465
313.1476
313.1486
313.1495
313.1378
313.1384
313.139
313.1397
313.1404
313.1411
313.1419
313.1426
313.1434
313.1442
313.1453
313.1466
313.1476
313.1486
313.1495
313.1382
313.1389
313.1397
313.1404
313.1412
313.1419
313.1427
313.1435
313.1443
313.1455
313.1467
313.1477
313.1486
313.1495
313.1388
313.1396
313.1404
313.1412
313.142
313.1427
313.1436
313.1444
313.1459
313.1469
313.1478
313.1487
313.1496
313.1464
313.1471
313.1479
313.1487
313.1496
313.1468
313.1473
313.148
313.1488
313.1496
313.1471
313.1475
313.1481
313.1488
313.1496
313.1473
313.1476
313.1482
313.1489
313.1496
313.1474
313.1477
313.1482
313.1489
313.1496
313.1474
313.1477
313.1482
313.1489
313.1496
313.1473
313.1477
313.1482
313.1489
313.1496
313.1472
313.1476
313.1482
313.1489
313.1496
313.1474
313.1481
313.1488
313.1496
313.148
313.1488
313.1496
313.1488
313.1496
313.1496
313.1353
313.1381
313.1386
313.1392
313.1398
313.1404
313.1411
313.1419
313.1426
313.1433
313.1441
313.1452
313.1464
313.1475
313.1486
313.1495
313.138
313.1386
313.1391
313.1398
313.1405
313.1412
313.1419
313.1426
313.1434
313.1441
313.1452
313.1465
313.1476
313.1486
313.1495
313.1384
313.1391
313.1398
313.1405
313.1412
313.1419
313.1427
313.1434
313.1442
313.1454
313.1466
313.1476
313.1486
313.1495
313.139
313.1397
313.1405
313.1412
313.142
313.1427
313.1435
313.1443
313.1456
313.1467
313.1477
313.1486
313.1495
313.1396
313.1404
313.1412
313.142
313.1428
313.1436
313.1445
313.1459
313.1469
313.1478
313.1487
313.1496
313.1465
313.1472
313.1479
313.1487
313.1496
313.1469
313.1474
313.148
313.1488
313.1496
313.1471
313.1475
313.1481
313.1488
313.1496
313.1473
313.1476
313.1482
313.1489
313.1496
313.1474
313.1477
313.1482
313.1489
313.1496
313.1474
313.1477
313.1482
313.1489
313.1496
313.1473
313.1477
313.1482
313.1489
313.1496
313.1476
313.1482
313.1489
313.1496
313.1481
313.1488
313.1496
313.1488
313.1496
313.1496
313.1382
313.1386
313.1392
313.1398
313.1405
313.1412
313.1419
313.1426
313.1434
313.1441
313.1452
313.1464
313.1475
313.1486
313.1495
313.1386
313.1392
313.1398
313.1405
313.1412
313.1419
313.1427
313.1434
313.1442
313.1452
313.1465
313.1476
313.1486
313.1495
313.1391
313.1398
313.1405
313.1412
313.142
313.1427
313.1435
313.1442
313.1454
313.1466
313.1476
313.1486
313.1495
313.1397
313.1405
313.1412
313.142
313.1428
313.1436
313.1444
313.1456
313.1467
313.1477
313.1487
313.1496
313.1405
313.1412
313.142
313.1428
313.1436
313.1445
313.1459
313.1469
313.1478
313.1487
313.1496
313.1465
313.1472
313.1479
313.1488
313.1496
313.1469
313.1474
313.1481
313.1488
313.1496
313.1471
313.1475
313.1481
313.1489
313.1496
313.1473
313.1476
313.1482
313.1489
313.1496
313.1474
313.1477
313.1482
313.1489
313.1496
313.1474
313.1477
313.1483
313.1489
313.1496
313.1477
313.1482
313.1489
313.1496
313.1482
313.1489
313.1496
313.1488
313.1496
313.1496
313.1387
313.1392
313.1399
313.1405
313.1412
313.1419
313.1427
313.1434
313.1441
313.1452
313.1465
313.1476
313.1486
313.1495
313.1392
313.1399
313.1405
313.1413
313.142
313.1427
313.1434
313.1442
313.1453
313.1465
313.1476
313.1486
313.1495
313.1398
313.1405
313.1413
313.142
313.1428
313.1435
313.1443
313.1454
313.1466
313.1477
313.1486
313.1495
313.1405
313.1413
313.142
313.1428
313.1436
313.1444
313.1456
313.1468
313.1477
313.1487
313.1496
313.1413
313.1421
313.1428
313.1437
313.1445
313.1459
313.147
313.1478
313.1487
313.1496
313.1465
313.1472
313.148
313.1488
313.1496
313.1469
313.1474
313.1481
313.1488
313.1496
313.1471
313.1475
313.1482
313.1489
313.1496
313.1473
313.1477
313.1482
313.1489
313.1496
313.1474
313.1477
313.1483
313.1489
313.1496
313.1477
313.1483
313.1489
313.1496
313.1482
313.1489
313.1496
313.1489
313.1496
313.1496
313.1393
313.1399
313.1406
313.1413
313.142
313.1427
313.1434
313.1442
313.1452
313.1465
313.1476
313.1486
313.1495
313.1399
313.1406
313.1413
313.142
313.1427
313.1435
313.1442
313.1453
313.1465
313.1476
313.1486
313.1495
313.1406
313.1413
313.142
313.1428
313.1435
313.1443
313.1454
313.1466
313.1477
313.1486
313.1495
313.1413
313.1421
313.1428
313.1436
313.1444
313.1456
313.1468
313.1478
313.1487
313.1496
313.1421
313.1429
313.1437
313.1445
313.146
313.147
313.1479
313.1487
313.1496
313.1465
313.1472
313.148
313.1488
313.1496
313.1469
313.1474
313.1481
313.1488
313.1496
313.1472
313.1476
313.1482
313.1489
313.1496
313.1473
313.1477
313.1482
313.1489
313.1496
313.1477
313.1483
313.1489
313.1496
313.1483
313.1489
313.1496
313.1489
313.1496
313.1496
313.1399
313.1406
313.1413
313.142
313.1427
313.1435
313.1442
313.1452
313.1465
313.1476
313.1486
313.1495
313.1406
313.1413
313.142
313.1428
313.1435
313.1442
313.1453
313.1465
313.1476
313.1486
313.1495
313.1413
313.1421
313.1428
313.1436
313.1443
313.1454
313.1466
313.1477
313.1486
313.1495
313.1421
313.1429
313.1436
313.1444
313.1457
313.1468
313.1478
313.1487
313.1496
313.1429
313.1437
313.1446
313.146
313.147
313.1479
313.1487
313.1496
313.1465
313.1472
313.148
313.1488
313.1496
313.1469
313.1474
313.1481
313.1488
313.1496
313.1472
313.1476
313.1482
313.1489
313.1496
313.1477
313.1482
313.1489
313.1496
313.1483
313.1489
313.1496
313.1489
313.1496
313.1496
313.1406
313.1413
313.1421
313.1428
313.1435
313.1442
313.1453
313.1465
313.1476
313.1486
313.1495
313.1413
313.1421
313.1428
313.1435
313.1443
313.1453
313.1466
313.1476
313.1486
313.1495
313.1421
313.1428
313.1436
313.1444
313.1455
313.1467
313.1477
313.1486
313.1495
313.1429
313.1437
313.1445
313.1457
313.1468
313.1478
313.1487
313.1496
313.1437
313.1446
313.146
313.147
313.1479
313.1487
313.1496
313.1465
313.1472
313.148
313.1488
313.1496
313.1469
313.1474
313.1481
313.1488
313.1496
313.1476
313.1482
313.1489
313.1496
313.1482
313.1489
313.1496
313.1489
313.1496
313.1496
313.1414
313.1421
313.1428
313.1435
313.1442
313.1453
313.1465
313.1476
313.1486
313.1495
313.1421
313.1428
313.1436
313.1443
313.1454
313.1466
313.1476
313.1486
313.1495
313.1429
313.1436
313.1444
313.1455
313.1467
313.1477
313.1486
313.1495
313.1437
313.1445
313.1457
313.1468
313.1478
313.1487
313.1496
313.1446
313.146
313.147
313.1479
313.1487
313.1496
313.1465
313.1472
313.148
313.1488
313.1496
313.1474
313.1481
313.1488
313.1496
313.1482
313.1489
313.1496
313.1489
313.1496
313.1496
313.1421
313.1428
313.1436
313.1443
313.1453
313.1465
313.1476
313.1486
313.1495
313.1429
313.1436
313.1443
313.1454
313.1466
313.1476
313.1486
313.1495
313.1436
313.1444
313.1455
313.1467
313.1477
313.1486
313.1496
313.1445
313.1457
313.1468
313.1478
313.1487
313.1496
313.146
313.147
313.1479
313.1487
313.1496
313.1472
313.148
313.1488
313.1496
313.1481
313.1488
313.1496
313.1489
313.1496
313.1496
313.1428
313.1436
313.1443
313.1453
313.1466
313.1476
313.1486
313.1495
313.1436
313.1443
313.1454
313.1466
313.1477
313.1486
313.1495
313.1444
313.1455
313.1467
313.1477
313.1487
313.1496
313.1457
313.1468
313.1478
313.1487
313.1496
313.147
313.1479
313.1487
313.1496
313.148
313.1488
313.1496
313.1488
313.1496
313.1496
313.1436
313.1443
313.1454
313.1466
313.1476
313.1486
313.1495
313.1444
313.1454
313.1466
313.1477
313.1486
313.1495
313.1455
313.1467
313.1477
313.1487
313.1496
313.1469
313.1478
313.1487
313.1496
313.1479
313.1487
313.1496
313.1488
313.1496
313.1496
313.1443
313.1454
313.1466
313.1476
313.1486
313.1495
313.1454
313.1466
313.1477
313.1486
313.1495
313.1467
313.1477
313.1487
313.1496
313.1478
313.1487
313.1496
313.1488
313.1496
313.1496
313.1454
313.1466
313.1477
313.1486
313.1495
313.1466
313.1477
313.1486
313.1495
313.1477
313.1487
313.1496
313.1487
313.1496
313.1496
313.1466
313.1477
313.1486
313.1495
313.1477
313.1486
313.1496
313.1487
313.1496
313.1496
313.1477
313.1486
313.1495
313.1486
313.1496
313.1496
313.1486
313.1495
313.1496
313.1495
)
;

boundaryField
{
    interconnectSides
    {
        type            zeroGradient;
    }
    anodeSides
    {
        type            zeroGradient;
    }
    interconnect1
    {
        type            zeroGradient;
    }
    phiEA_to_phiE0
    {
        type            zeroGradient;
    }
}


// ************************************************************************* //
