/*--------------------------------*- C++ -*----------------------------------*\
| =========                 |                                                 |
| \\      /  F ield         | OpenFOAM: The Open Source CFD Toolbox           |
|  \\    /   O peration     | Version:  2312                                  |
|   \\  /    A nd           | Website:  www.openfoam.com                      |
|    \\/     M anipulation  |                                                 |
\*---------------------------------------------------------------------------*/
FoamFile
{
    version     2.0;
    format      ascii;
    arch        "LSB;label=32;scalar=64";
    class       volVectorField;
    location    "1.5/phiI";
    object      i;
}
// * * * * * * * * * * * * * * * * * * * * * * * * * * * * * * * * * * * * * //

dimensions      [0 -2 0 0 0 1 0];

internalField   nonuniform List<vector> 
12000
(
(-5.353975e-05 -0.009909851 -6.918865)
(-4.72893e-05 -0.01605057 -6.880985)
(-5.965413e-05 -0.009847623 -6.916512)
(-6.380144e-05 -0.01144006 -29.62448)
(-4.962073e-05 -0.01676957 -6.847753)
(-5.994978e-05 -0.01601183 -6.879493)
(-5.408942e-05 -0.0189142 -29.45617)
(-2.775253e-06 -0.009913063 -6.91607)
(-7.163507e-05 -0.01134324 -29.61534)
(-9.348976e-05 -0.01668847 -67.12171)
(-4.239021e-05 -0.02692437 -6.789856)
(-6.217293e-05 -0.01672103 -6.846355)
(-5.59594e-05 -0.02042148 -29.31384)
(-8.887928e-06 -0.01607616 -6.878319)
(-7.136177e-05 -0.0188363 -29.45118)
(-7.065381e-05 -0.02852918 -66.74773)
(4.105967e-06 -0.009908711 -6.916175)
(-4.028536e-06 -0.01143759 -29.6134)
(-0.0001070319 -0.01646043 -67.10638)
(-0.0001307328 -0.02648194 -120.5267)
(-7.1721e-05 -0.0384246 -6.701717)
(-6.901631e-05 -0.02714604 -6.789837)
(-4.31281e-05 -0.03276696 -29.0665)
(-7.893873e-06 -0.01686062 -6.845286)
(-7.26818e-05 -0.02031239 -29.30949)
(-7.007336e-05 -0.03235522 -66.42644)
(5.155532e-06 -0.01606293 -6.878431)
(-1.299777e-05 -0.01892509 -29.44581)
(-0.0001042191 -0.02829565 -66.74394)
(-7.573821e-05 -0.04681546 -119.896)
(5.608016e-07 -0.009902557 -6.915764)
(2.916945e-06 -0.01143288 -29.61389)
(-8.010458e-06 -0.01666054 -67.1018)
(-0.0001551407 -0.02593214 -120.52)
(-0.000123272 -0.04201802 -138.992)
(-8.704851e-05 -0.04360066 -6.581061)
(-0.0001156566 -0.03887183 -6.700423)
(-7.730808e-05 -0.04676349 -28.69053)
(-2.013823e-05 -0.02745969 -6.787409)
(-7.926886e-05 -0.03298127 -29.0689)
(-3.568176e-05 -0.05181689 -65.8692)
(7.422227e-06 -0.01683342 -6.845392)
(-1.157772e-05 -0.02050097 -29.30471)
(-0.0001010718 -0.03200622 -66.42518)
(-6.695578e-05 -0.05554006 -119.324)
(1.798573e-06 -0.01604297 -6.878038)
(4.072284e-06 -0.01891166 -29.44632)
(-2.750495e-05 -0.02846992 -66.73026)
(-0.0001448142 -0.04617833 -119.916)
(1.437315e-06 -0.07673149 -138.3156)
(-1.890315e-07 -0.009896357 -6.915188)
(-3.450581e-06 -0.01142603 -29.61176)
(-2.29806e-06 -0.01665522 -67.10327)
(-1.41218e-05 -0.02637836 -120.5117)
(-0.0001622414 -0.04077018 -139.0242)
(0.0004354204 -0.5869156 -1026.084)
(-0.0001024445 -0.03868719 -6.464265)
(-0.000128473 -0.04390837 -6.579143)
(-9.496088e-05 -0.05307762 -28.17603)
(-3.542636e-05 -0.03901938 -6.696648)
(-0.0001360306 -0.04728258 -28.68803)
(-8.338747e-05 -0.07392489 -65.02444)
(1.169325e-05 -0.0274211 -6.787572)
(-2.892735e-05 -0.03340095 -29.05793)
(-0.0001049851 -0.05195135 -65.8871)
(2.143739e-05 -0.08874704 -118.3342)
(4.566487e-06 -0.01679521 -6.845034)
(6.465748e-06 -0.02047153 -29.30513)
(-2.437522e-05 -0.03236324 -66.41363)
(-0.0001269066 -0.05456924 -119.3517)
(3.250308e-05 -0.09473748 -137.6669)
(1.01308e-06 -0.01602291 -6.877479)
(-2.072725e-06 -0.01888958 -29.44425)
(-9.08998e-07 -0.02845894 -66.73171)
(-5.838577e-05 -0.04653261 -119.8878)
(-0.0001324393 -0.07517393 -138.3878)
(0.002717504 -1.097689 -1022.127)
(9.227019e-07 -0.009890578 -6.91464)
(-4.805059e-06 -0.01141913 -29.60874)
(-2.031345e-05 -0.01664662 -67.09677)
(-1.67387e-05 -0.02637426 -120.5162)
(-1.431462e-05 -0.0417175 -139.0146)
(-6.607852e-06 -0.5640586 -1026.995)
(0.004249767 -0.6414888 -1135.55)
(-0.0001132288 -0.02891738 -6.370805)
(-0.0001397612 -0.03894924 -6.461569)
(-0.000113354 -0.04708259 -27.67807)
(-2.940561e-05 -0.04384163 -6.57576)
(-0.0001495638 -0.05343866 -28.17117)
(-0.0001074454 -0.08393397 -63.86839)
(1.753954e-05 -0.03896392 -6.696759)
(-4.967286e-05 -0.04746651 -28.67127)
(-0.0001925256 -0.07464371 -65.0338)
(-4.382105e-05 -0.1265082 -116.8396)
(9.500599e-06 -0.02735844 -6.787283)
(1.125442e-05 -0.03336181 -29.05857)
(-5.992061e-05 -0.05273177 -65.85991)
(-0.0001182877 -0.0885184 -118.4073)
(0.0002401653 -0.1510218 -136.548)
(3.714896e-06 -0.01675644 -6.84451)
(9.770922e-07 -0.0204291 -29.30318)
(1.512794e-06 -0.03232992 -66.41453)
(-5.042985e-05 -0.05527431 -119.3302)
(-7.28783e-05 -0.09235142 -137.753)
(0.00342474 -1.392152 -1017.503)
(2.050026e-06 -0.016004 -6.876948)
(-3.465637e-06 -0.01886743 -29.44129)
(-1.858959e-05 -0.02843176 -66.72528)
(-1.533422e-05 -0.04654013 -119.892)
(-0.0001097435 -0.07583366 -138.3503)
(0.0006407719 -1.067788 -1023.444)
(0.0073759 -1.247103 -1132.854)
(3.454718e-06 -0.009885133 -6.914232)
(-3.038679e-06 -0.01141268 -29.60582)
(-2.445776e-05 -0.01663802 -67.08742)
(-6.748086e-05 -0.02636425 -120.4999)
(-4.860514e-05 -0.04172262 -139.024)
(0.0001441154 -0.580344 -1026.949)
(0.004189876 -0.6101508 -1138.222)
(0.017276 -0.7453953 -1904.044)
(-8.653295e-05 -0.01757422 -6.307358)
(-0.000149943 -0.02875837 -6.367524)
(-0.0001264269 -0.03518682 -27.27963)
(-2.417523e-05 -0.0389016 -6.458829)
(-0.0001612551 -0.04739757 -27.67005)
(-0.0001349949 -0.07441236 -62.75029)
(2.662698e-05 -0.0437951 -6.575983)
(-4.157437e-05 -0.0533296 -28.15635)
(-0.0002061924 -0.08445108 -63.87393)
(-7.564677e-05 -0.1436263 -114.7949)
(1.79027e-05 -0.03886989 -6.696588)
(1.7394e-05 -0.04740817 -28.67151)
(-9.924753e-05 -0.07493613 -64.99362)
(-0.0002557306 -0.1274816 -116.905)
(0.000167894 -0.2149701 -134.8685)
(9.542301e-06 -0.02728779 -6.78683)
(6.478726e-06 -0.03329158 -29.05685)
(7.689608e-06 -0.05269893 -65.86123)
(-0.0001263622 -0.09003432 -118.3537)
(-2.382209e-05 -0.1496756 -136.7032)
(0.007304598 -2.213936 -1009.55)
(4.913334e-06 -0.01670999 -6.844013)
(-4.887744e-07 -0.02038606 -29.30033)
(-1.489796e-05 -0.03227718 -66.40823)
(-1.445955e-05 -0.05524737 -119.3321)
(-8.900805e-05 -0.09364713 -137.7285)
(0.002043216 -1.346308 -1018.983)
(0.008468217 -1.650283 -1128.039)
(2.53444e-05 -0.01598309 -6.876559)
(-1.768964e-06 -0.0188465 -29.43842)
(-2.278926e-05 -0.02840485 -66.716)
(-6.551303e-05 -0.0465097 -119.8756)
(-4.834885e-05 -0.07591617 -138.3588)
(-0.001522965 -1.077024 -1023.14)
(0.005225004 -1.204936 -1136.104)
(0.02197581 -1.541304 -1900.08)
(4.584237e-05 -0.009671744 -6.914011)
(7.955622e-07 -0.01140649 -29.60356)
(-2.041344e-05 -0.01663002 -67.07808)
(-8.075944e-05 -0.02635465 -120.4755)
(-0.0001840304 -0.04171481 -138.9991)
(-0.0008718357 -0.5806651 -1027.098)
(0.001073157 -0.6309005 -1138.419)
(0.01972373 -0.6983099 -1911.174)
(0.04871356 -0.8839786 -2601.705)
(-8.996395e-05 -0.005872591 -6.275538)
(-0.0001560869 -0.01734171 -6.306085)
(-9.181674e-05 -0.02138293 -27.00916)
(-2.142093e-05 -0.02908031 -6.364955)
(-0.0001730276 -0.03497161 -27.2692)
(-0.0001552142 -0.05559411 -61.85604)
(6.574464e-05 -0.03886864 -6.458841)
(-3.457719e-05 -0.04731677 -27.65847)
(-0.0002166633 -0.07489079 -62.74954)
(-0.000118514 -0.127243 -112.82)
(6.229524e-05 -0.04335933 -6.576009)
(2.774433e-05 -0.05328659 -28.15702)
(-8.352732e-05 -0.08417412 -63.8394)
(-0.0002609643 -0.1443762 -114.8582)
(0.0001352577 -0.2438803 -132.5709)
(7.261429e-05 -0.03843601 -6.696302)
(1.602219e-05 -0.04730141 -28.67022)
(1.375628e-05 -0.07487742 -64.9931)
(-0.0002036639 -0.1279304 -116.83)
(-0.000214009 -0.216028 -135.0263)
(0.006879179 -3.145541 -997.7292)
(2.94895e-05 -0.02666955 -6.786468)
(6.15766e-06 -0.03321142 -29.05426)
(-7.991668e-06 -0.05260917 -65.85524)
(-6.612287e-06 -0.09004673 -118.3562)
(-0.0002422577 -0.1524271 -136.6364)
(0.003345043 -2.179662 -1011.743)
(0.01386995 -2.621529 -1119.787)
(4.069535e-05 -0.01648213 -6.843688)
(1.482743e-06 -0.02033297 -29.29757)
(-1.921723e-05 -0.03222403 -66.39904)
(-6.159917e-05 -0.05518691 -119.3156)
(-5.481138e-05 -0.0936705 -137.7319)
(-0.001071194 -1.364948 -1018.871)
(0.007590693 -1.585455 -1131.553)
(0.02394113 -2.166177 -1892.391)
(4.494782e-05 -0.01563173 -6.878285)
(3.047004e-05 -0.01882231 -29.43623)
(-1.878869e-05 -0.02837949 -66.70672)
(-7.892753e-05 -0.04648145 -119.8512)
(-0.00018267 -0.07589544 -138.3338)
(-0.0009049972 -1.079772 -1023.274)
(-0.001096584 -1.212681 -1135.998)
(0.02175551 -1.474885 -1908.253)
(0.05470929 -1.952546 -2597.149)
(5.156991e-05 -0.009894206 -6.918142)
(6.1199e-05 -0.01111601 -29.60217)
(-1.177269e-05 -0.01662186 -67.07051)
(-7.209006e-05 -0.02634608 -120.4503)
(-0.0002249561 -0.04170921 -138.9598)
(-0.00376093 -0.5806721 -1026.854)
(-0.0009655517 -0.6316745 -1138.802)
(0.005480898 -0.7246333 -1912.255)
(0.0616345 -0.8240822 -2617.127)
(0.1144484 -1.072564 -9224.272)
(-8.996391e-05 0.005872599 -6.275538)
(-0.0001549294 -0.005906945 -6.27405)
(-9.609931e-05 -0.00714513 -26.87351)
(-5.315502e-05 -0.01762384 -6.301255)
(-0.000180158 -0.02107989 -27.00752)
(-9.419139e-05 -0.03377989 -61.2491)
(7.051688e-05 -0.02904758 -6.365034)
(-3.08498e-05 -0.03537538 -27.25849)
(-0.0002327702 -0.05518657 -61.85024)
(-0.0001514795 -0.095026 -111.2418)
(6.742258e-05 -0.03846268 -6.461397)
(7.601558e-05 -0.04728925 -27.65793)
(-7.003835e-05 -0.07467696 -62.72472)
(-0.0002588746 -0.1280042 -112.8748)
(7.327019e-05 -0.2158664 -130.3561)
(7.511433e-05 -0.04330017 -6.578347)
(7.156599e-05 -0.05274308 -28.15649)
(2.771106e-05 -0.08415622 -63.83969)
(-0.0001696543 -0.1436532 -114.7972)
(-0.0001824345 -0.2448388 -132.7345)
(0.006779082 -3.564276 -981.5536)
(7.864871e-05 -0.03821464 -6.70041)
(8.755077e-05 -0.04675736 -28.66827)
(4.693856e-06 -0.07473556 -64.98775)
(-4.849093e-06 -0.1279065 -116.8262)
(-0.0003837528 -0.2165397 -134.9403)
(0.001490991 -3.151167 -1000.082)
(0.01407553 -3.718286 -1107.676)
(7.633449e-05 -0.02655064 -6.78799)
(3.390429e-05 -0.03241132 -29.05204)
(-1.027479e-05 -0.05250316 -65.84635)
(-5.362008e-05 -0.08993785 -118.3397)
(-4.621208e-05 -0.1526084 -136.6405)
(-0.003574513 -2.219257 -1011.269)
(0.009833884 -2.566285 -1124.35)
(0.0323825 -3.435673 -1879.325)
(4.232362e-05 -0.01620026 -6.846778)
(5.147726e-05 -0.02002944 -29.29564)
(-1.450126e-05 -0.0321522 -66.38982)
(-7.535869e-05 -0.05512864 -119.2909)
(-0.0001808003 -0.0936252 -137.7062)
(-0.001157629 -1.366606 -1018.919)
(-0.0003331241 -1.603813 -1131.883)
(0.02668663 -2.062644 -1901.09)
(0.0579065 -2.902662 -2587.453)
(2.954228e-05 -0.01601847 -6.880335)
(5.97761e-05 -0.01833987 -29.44367)
(4.511663e-05 -0.02834589 -66.69925)
(-7.022811e-05 -0.04645596 -119.8259)
(-0.0002240526 -0.07588422 -138.2941)
(-0.00376851 -1.079874 -1023.027)
(-0.001056358 -1.218527 -1136.342)
(0.002569236 -1.470856 -1908.915)
(0.06548877 -1.861672 -2613.995)
(0.1197585 -2.508729 -9213.049)
(6.386987e-06 -0.009892132 -6.918859)
(7.069169e-05 -0.0114209 -29.62121)
(0.0001147693 -0.01606125 -67.06518)
(-5.232947e-05 -0.0263362 -120.4289)
(-0.0002095108 -0.0417061 -138.9174)
(-0.004761165 -0.5807467 -1026.42)
(-0.005648852 -0.6317974 -1138.473)
(-0.000432742 -0.7269819 -1913.29)
(0.02104112 -0.844877 -2621.268)
(0.1622586 -1.020434 -9302.852)
(0.03957229 -0.141239 -1887.667)
(-8.653287e-05 0.01757422 -6.307358)
(-0.0001549295 0.005906955 -6.27405)
(-9.609927e-05 0.00714514 -26.87351)
(-5.207185e-05 -0.005860941 -6.269861)
(-0.0001773023 -0.007188034 -26.87097)
(-0.0001012088 -0.01128704 -60.94475)
(7.16348e-05 -0.01764775 -6.301346)
(-7.143146e-05 -0.02142535 -26.98707)
(-0.0002425947 -0.03324062 -61.26413)
(-3.754694e-05 -0.05772883 -110.1712)
(8.52944e-05 -0.02902137 -6.367679)
(8.142766e-05 -0.03533932 -27.25821)
(-6.272049e-05 -0.05585242 -61.82808)
(-0.0002800435 -0.09421863 -111.2889)
(2.196163e-05 -0.1611265 -128.5881)
(4.364566e-05 -0.03863884 -6.461238)
(7.685142e-05 -0.04677998 -27.66829)
(0.0001047416 -0.07468021 -62.72082)
(-0.0001406414 -0.1274307 -112.8387)
(-0.0001312425 -0.2170121 -130.5147)
(0.006080442 -3.151893 -966.0298)
(4.57013e-05 -0.04364949 -6.57966)
(8.940078e-05 -0.05267877 -28.16585)
(9.646708e-05 -0.08326378 -63.83565)
(1.416809e-05 -0.1437371 -114.7944)
(-0.0003093447 -0.2430389 -132.671)
(0.002646121 -3.572791 -984.0597)
(0.01441592 -4.206189 -1091.193)
(1.71518e-05 -0.03827445 -6.701102)
(9.744502e-05 -0.04646974 -28.68572)
(0.0001325433 -0.07383303 -64.97996)
(-3.717061e-05 -0.1277217 -116.8099)
(-6.328224e-05 -0.2166705 -134.9312)
(-0.005641739 -3.152065 -999.5823)
(0.009017786 -3.714073 -1112.637)
(0.03426774 -4.852554 -1860.393)
(5.609487e-05 -0.0269054 -6.791551)
(9.625413e-05 -0.03225212 -29.05841)
(4.490707e-05 -0.0510919 -65.83813)
(-6.36972e-05 -0.08980279 -118.3147)
(-0.0001749436 -0.1525108 -136.614)
(-0.001082311 -2.224855 -1011.326)
(-0.003383357 -2.606856 -1124.28)
(0.03126454 -3.335024 -1890.006)
(0.06968299 -4.602019 -2571.172)
(1.562352e-05 -0.01637083 -6.846936)
(5.505892e-05 -0.01967539 -29.30938)
(8.633822e-05 -0.03158729 -66.38281)
(-6.495178e-05 -0.05503496 -119.2652)
(-0.0002234063 -0.09359374 -137.6656)
(-0.003807112 -1.366699 -1018.662)
(-0.001600291 -1.607711 -1132.008)
(0.004187317 -2.07047 -1902.861)
(0.07505414 -2.754925 -2605.126)
(0.1242638 -3.891785 -9184.335)
(7.563161e-06 -0.01599133 -6.881049)
(4.041462e-05 -0.018884 -29.45324)
(0.0001113308 -0.02739881 -66.71604)
(6.351632e-05 -0.04641037 -119.8045)
(-0.00020845 -0.07588056 -138.2512)
(-0.004781479 -1.080245 -1022.588)
(-0.00568687 -1.219001 -1136.008)
(-0.0007053847 -1.486571 -1909.831)
(0.01820463 -1.817185 -2617.91)
(0.1691857 -2.414468 -9294.993)
(0.03830682 -0.3782375 -1885.082)
(-2.638025e-06 -0.009882476 -6.918275)
(6.842371e-06 -0.01141895 -29.62457)
(0.0001394526 -0.01665672 -67.11448)
(0.0002299636 -0.02518789 -120.4121)
(-0.0001674875 -0.04169896 -138.88)
(-0.004592894 -0.5808843 -1025.926)
(-0.007485585 -0.6320678 -1137.739)
(-0.01024662 -0.7273174 -1912.83)
(0.00313644 -0.8513617 -2623.555)
(0.06870046 -1.003842 -9344.62)
(0.07009961 -0.1541896 -1904.381)
(0.06177985 -0.1870991 -1869.916)
(-0.0001132287 0.02891737 -6.370805)
(-0.0001560869 0.01734171 -6.306085)
(-9.181665e-05 0.02138293 -27.00916)
(-5.207192e-05 0.005860949 -6.269861)
(-0.0001773024 0.007188045 -26.87097)
(-0.0001012088 0.01128705 -60.94475)
(6.808533e-05 -0.005895954 -6.269408)
(-6.995756e-05 -0.007116476 -26.85366)
(-0.0002325962 -0.01135748 -60.95775)
(-4.984823e-05 -0.01928784 -109.6344)
(8.940938e-05 -0.01764813 -6.303918)
(8.231254e-05 -0.02147029 -26.9868)
(-0.0001323964 -0.03377752 -61.2197)
(-0.000293012 -0.05671564 -110.2577)
(0.0002258066 -0.09786079 -127.3894)
(4.58879e-05 -0.02882792 -6.368736)
(9.989999e-05 -0.03531243 -27.26893)
(0.0001120253 -0.05580825 -61.82466)
(-0.0001244838 -0.09536524 -111.2597)
(-0.0001520576 -0.1596119 -128.7406)
(0.005430657 -2.351364 -953.6732)
(5.048483e-05 -0.0387551 -6.462496)
(4.790409e-05 -0.04700626 -27.66674)
(0.0001016093 -0.07383432 -62.74172)
(0.0001418726 -0.1275449 -112.8238)
(-0.000246204 -0.2155563 -130.4934)
(0.004270156 -3.165924 -968.5676)
(0.01385425 -3.71473 -1075.512)
(2.184419e-05 -0.04358211 -6.580465)
(5.394659e-05 -0.05314032 -28.17105)
(0.0001314832 -0.08318848 -63.85392)
(0.0001237649 -0.1421849 -114.7793)
(-3.987944e-05 -0.2434331 -132.6631)
(-0.00424822 -3.536174 -983.8095)
(0.0112046 -4.210116 -1096.513)
(0.03579997 -5.465091 -1834.716)
(3.868672e-06 -0.03875972 -6.700542)
(1.752994e-05 -0.04655782 -28.68841)
(0.0001568348 -0.07332015 -65.01875)
(0.0002032682 -0.1261334 -116.7859)
(-0.0001578335 -0.2164736 -134.9038)
(-0.001695957 -3.156944 -999.4492)
(-0.005585351 -3.703745 -1112.871)
(0.03406418 -4.822439 -1871.927)
(0.07430206 -6.460447 -2548.059)
(1.515208e-05 -0.02693551 -6.791595)
(7.020459e-05 -0.03275145 -29.07373)
(0.0001606431 -0.05079063 -65.85172)
(5.121864e-05 -0.0871525 -118.29)
(-0.0002117025 -0.1523796 -136.5721)
(-0.00382884 -2.224601 -1011.056)
(-0.001530395 -2.617407 -1124.436)
(0.0005594879 -3.361573 -1891.176)
(0.08347417 -4.445675 -2591.812)
(0.1376837 -6.175844 -9136.691)
(4.815119e-05 -0.01634424 -6.847942)
(2.015877e-05 -0.01992542 -29.30998)
(9.817844e-05 -0.03099766 -66.41598)
(0.000150015 -0.05391467 -119.2443)
(-0.0002042709 -0.09350255 -137.6215)
(-0.004854233 -1.367223 -1018.209)
(-0.005794533 -1.608472 -1131.662)
(-0.002131248 -2.081056 -1903.175)
(0.02147939 -2.722673 -2611.34)
(0.1852404 -3.719305 -9268.869)
(0.03865225 -0.6407572 -1878.561)
(-1.375529e-06 -0.01560088 -6.880509)
(8.18032e-06 -0.0188454 -29.45657)
(8.004073e-05 -0.02851257 -66.74143)
(0.0002216459 -0.04443377 -119.833)
(5.962878e-05 -0.07583251 -138.2136)
(-0.004611664 -1.080821 -1022.086)
(-0.007550665 -1.220007 -1135.264)
(-0.01035036 -1.487736 -1909.367)
(0.002431704 -1.854203 -2619.874)
(0.06847595 -2.279596 -9338.208)
(0.07134648 -0.3884331 -1902.885)
(0.05929388 -0.5442885 -1867.041)
(-7.721474e-07 -0.009879517 -6.917857)
(-6.674129e-06 -0.01140756 -29.62156)
(7.407714e-06 -0.01665583 -67.12348)
(0.0002962483 -0.0264209 -120.5178)
(0.0004435935 -0.03943557 -138.8483)
(-0.003893827 -0.580944 -1025.47)
(-0.007470333 -0.6324688 -1136.832)
(-0.01477205 -0.7280404 -1911.366)
(-0.01771599 -0.8517608 -2623.441)
(0.01654735 -1.020509 -9364.574)
(0.04386637 -0.1293582 -1910.413)
(0.1080765 -0.2124494 -1884.831)
(0.07147452 -0.2195615 -1180.899)
(-0.0001024444 0.03868719 -6.464265)
(-0.0001499429 0.02875836 -6.367524)
(-0.0001264268 0.03518681 -27.27963)
(-5.315513e-05 0.01762385 -6.301255)
(-0.0001801579 0.02107989 -27.00752)
(-9.419126e-05 0.03377989 -61.2491)
(6.808522e-05 0.005895962 -6.269408)
(-6.995765e-05 0.007116485 -26.85366)
(-0.0002325964 0.0113575 -60.95775)
(-4.984815e-05 0.01928786 -109.6344)
(9.121947e-05 -0.005896425 -6.271943)
(7.645825e-05 -0.007173063 -26.8507)
(-0.0001295439 -0.01118689 -60.92237)
(-0.0002627839 -0.01941196 -109.7174)
(0.0002047575 -0.03269305 -126.7886)
(4.879803e-05 -0.01758863 -6.305274)
(0.0001049176 -0.02147505 -26.99715)
(0.00011179 -0.0339072 -61.21613)
(-0.0002507633 -0.05755507 -110.1887)
(-0.0001646442 -0.09604526 -127.5912)
(0.008492233 -1.427735 -945.308)
(4.009208e-05 -0.02896997 -6.368699)
(4.984297e-05 -0.03505903 -27.27273)
(0.0001420251 -0.05578232 -61.84621)
(0.0001519317 -0.09531426 -111.2455)
(-0.0002099246 -0.1614577 -128.7306)
(0.00424012 -2.327698 -956.2026)
(0.01321088 -2.769095 -1063.102)
(2.861926e-05 -0.03869522 -6.463417)
(5.898833e-05 -0.04717581 -27.67157)
(5.603138e-05 -0.07422578 -62.73416)
(0.0001260063 -0.1260553 -112.8536)
(0.0001555729 -0.2159929 -130.4634)
(-0.003069933 -3.135928 -968.8205)
(0.01422936 -3.728512 -1080.989)
(0.03571859 -4.814417 -1810.455)
(8.253656e-06 -0.04353502 -6.579829)
(2.238461e-05 -0.05306381 -28.17415)
(7.767771e-05 -0.08403112 -63.86357)
(0.0001937084 -0.1421102 -114.8027)
(0.0001133557 -0.2408475 -132.6355)
(-0.001455749 -3.546073 -983.6938)
(-0.003543214 -4.153742 -1097.155)
(0.03879109 -5.455934 -1847.088)
(0.07792532 -7.224435 -2516.829)
(1.915986e-05 -0.03875295 -6.700029)
(-4.966941e-07 -0.04720869 -28.68534)
(1.49399e-05 -0.0735078 -65.02341)
(0.0002617174 -0.125155 -116.8513)
(0.0002696646 -0.2137897 -134.8615)
(-0.003732781 -3.155686 -999.1612)
(-0.002744739 -3.713137 -1112.62)
(-0.001191203 -4.776609 -1874.125)
(0.09398671 -6.389928 -2570.102)
(0.1456929 -8.605358 -9070.019)
(1.141976e-05 -0.02687014 -6.792571)
(1.912454e-05 -0.03280816 -29.07377)
(0.0001157196 -0.05180766 -65.88657)
(0.0002802147 -0.08653881 -118.3106)
(1.511392e-05 -0.1475828 -136.5281)
(-0.004808255 -2.224137 -1010.583)
(-0.005923078 -2.618161 -1124.069)
(-0.002001547 -3.385097 -1891.587)
(0.01870144 -4.414331 -2597.398)
(0.1989226 -5.98203 -9229.755)
(0.03797135 -1.031837 -1867.783)
(3.650646e-05 -0.01633241 -6.850147)
(6.075171e-05 -0.0198884 -29.31474)
(3.639012e-05 -0.03154413 -66.41696)
(0.0001855822 -0.05287044 -119.3078)
(0.000235442 -0.09135938 -137.5837)
(-0.004629344 -1.366989 -1017.69)
(-0.007726483 -1.610104 -1130.894)
(-0.01060761 -2.083097 -1902.701)
(-0.0007468955 -2.7456 -2611.97)
(0.0745636 -3.599742 -9319.261)
(0.07186447 -0.6460285 -1897.145)
(0.05972167 -0.9662175 -1859.999)
(-2.02591e-07 -0.0155999 -6.880103)
(-5.191347e-06 -0.01834497 -29.45375)
(9.219162e-06 -0.02842996 -66.75029)
(0.0001727421 -0.04685676 -119.8893)
(0.0004248889 -0.07185523 -138.242)
(-0.0002029466 -1.080627 -1021.624)
(-0.007538716 -1.221449 -1134.342)
(-0.01494869 -1.490222 -1907.885)
(-0.01788605 -1.855598 -2619.772)
(0.01486647 -2.349865 -9356.579)
(0.04593728 -0.3614281 -1909.386)
(0.1102727 -0.5665677 -1883.397)
(0.06888622 -0.6608325 -1179.004)
(4.612322e-07 -0.009876788 -6.917541)
(-3.730668e-06 -0.01140413 -29.61936)
(-2.34996e-05 -0.01663867 -67.11425)
(4.957335e-06 -0.02642447 -120.5386)
(0.0006149566 -0.04189117 -138.9974)
(0.007075553 -0.543991 -1025.052)
(-0.006639551 -0.6327737 -1135.946)
(-0.01552669 -0.7291208 -1909.403)
(-0.02890274 -0.8530889 -2621.198)
(-0.02667914 -1.020102 -9369.473)
(0.01541343 -0.1331152 -1910.779)
(0.06549984 -0.1659493 -1885.797)
(0.1236161 -0.246129 -1190.274)
(0.07824902 -0.235563 -596.4496)
(-8.704844e-05 0.04360066 -6.581061)
(-0.000139761 0.03894924 -6.461569)
(-0.0001133539 0.04708258 -27.67807)
(-2.142104e-05 0.0290803 -6.364955)
(-0.0001730275 0.0349716 -27.2692)
(-0.000155214 0.0555941 -61.85604)
(7.163399e-05 0.01764775 -6.301346)
(-7.143159e-05 0.02142535 -26.98707)
(-0.0002425946 0.03324062 -61.26413)
(-3.754676e-05 0.05772883 -110.1712)
(9.121956e-05 0.005896424 -6.271943)
(7.645812e-05 0.007173072 -26.8507)
(-0.000129544 0.0111869 -60.92237)
(-0.0002627842 0.01941198 -109.7174)
(0.0002047576 0.03269308 -126.7886)
(5.016843e-05 -0.005877898 -6.273442)
(0.0001071526 -0.007175015 -26.86086)
(9.686664e-05 -0.01132839 -60.91095)
(-0.0002446372 -0.01898536 -109.6706)
(-8.352814e-05 -0.03290796 -126.9867)
(0.008190919 -0.4769224 -941.1183)
(4.056362e-05 -0.01760541 -6.305016)
(5.307298e-05 -0.02139799 -27.00229)
(0.0001500102 -0.03392932 -61.23662)
(0.0001482395 -0.05791216 -110.1737)
(-0.0004280282 -0.09717464 -127.5354)
(0.004233644 -1.400591 -948.2468)
(0.0167838 -1.680715 -1054.727)
(3.381746e-05 -0.02892727 -6.369721)
(4.388775e-05 -0.03526092 -27.27168)
(5.627812e-05 -0.05532544 -61.85149)
(0.0002014318 -0.09530336 -111.276)
(0.000168629 -0.1614122 -128.7015)
(-0.002373277 -2.351794 -956.5851)
(0.01452004 -2.741196 -1068.635)
(0.03519727 -3.583284 -1791.339)
(1.472969e-05 -0.03863555 -6.462928)
(3.02127e-05 -0.04710728 -27.6751)
(8.276934e-05 -0.07458704 -62.74248)
(4.854125e-05 -0.1267723 -112.8282)
(0.0001046336 -0.2134787 -130.4882)
(0.0009212677 -3.146369 -968.4262)
(-0.001831109 -3.68203 -1082.524)
(0.04532654 -4.825725 -1823.246)
(0.07883163 -6.344113 -2487.642)
(2.502408e-05 -0.04347361 -6.579427)
(4.03237e-06 -0.05301376 -28.17059)
(1.938475e-05 -0.08393047 -63.86888)
(0.0001093788 -0.1437398 -114.8127)
(0.0002396766 -0.2408245 -132.6492)
(0.0001147866 -3.509889 -983.3873)
(-0.002526917 -4.169983 -1096.958)
(0.002418821 -5.353239 -1850.107)
(0.1027804 -7.194338 -2540.418)
(0.1522998 -9.532954 -8981.107)
(1.917248e-05 -0.03866114 -6.701679)
(2.359797e-05 -0.04721962 -28.68254)
(-1.985062e-05 -0.07473329 -65.01323)
(-6.304277e-06 -0.1255602 -116.8545)
(0.0003978868 -0.2119843 -134.93)
(0.00246442 -3.11757 -998.6682)
(-0.005973278 -3.7133 -1112.223)
(-0.004819912 -4.797384 -1873.563)
(0.01934919 -6.270229 -2578.084)
(0.2217634 -8.491007 -9167.86)
(0.03925364 -1.417969 -1853.024)
(6.788673e-07 -0.02722537 -6.792083)
(1.329045e-05 -0.03271721 -29.07837)
(3.314923e-05 -0.0519722 -65.88599)
(0.0002002056 -0.08872163 -118.3718)
(0.0004530938 -0.1463671 -136.5448)
(-0.001176436 -2.151487 -1010.048)
(-0.007833773 -2.619252 -1123.265)
(-0.010974 -3.387905 -1891.092)
(-0.0002607088 -4.457787 -2598.279)
(0.07612939 -5.823581 -9280.05)
(0.07411708 -1.03129 -1889.028)
(0.05770607 -1.566067 -1848.346)
(-5.260341e-07 -0.01632381 -6.849703)
(4.336517e-05 -0.01987455 -29.32389)
(0.0001023536 -0.03146687 -66.42996)
(7.363353e-05 -0.05413165 -119.3083)
(0.0003323827 -0.08957645 -137.6614)
(0.002762344 -1.332905 -1017.217)
(-0.007665822 -1.611354 -1129.937)
(-0.01538161 -2.087348 -1901.181)
(-0.01829634 -2.748239 -2611.889)
(0.009475579 -3.633871 -9334.328)
(0.04729396 -0.6157158 -1906.414)
(0.1103466 -0.9856232 -1877.304)
(0.06940214 -1.194806 -1174.362)
(9.88693e-07 -0.01559843 -6.879799)
(-3.068048e-06 -0.01834502 -29.45159)
(-2.131744e-05 -0.02756324 -66.74145)
(7.26485e-06 -0.04666172 -119.9097)
(0.0003681863 -0.0769537 -138.325)
(0.006737799 -1.014383 -1021.738)
(-0.002043703 -1.222004 -1133.441)
(-0.0157296 -1.493904 -1905.893)
(-0.02925455 -1.86006 -2617.516)
(-0.02679436 -2.348824 -9361.665)
(0.01510618 -0.3533822 -1909.075)
(0.0691982 -0.5229088 -1885.26)
(0.1256219 -0.6839066 -1189.444)
(0.07599955 -0.7219169 -595.7094)
(1.346345e-06 -0.009874251 -6.9173)
(-1.791319e-06 -0.01140094 -29.61766)
(-1.639919e-05 -0.01663396 -67.10728)
(-7.071647e-05 -0.02639797 -120.5145)
(-8.376706e-06 -0.04190863 -139.0305)
(0.01070195 -0.5844938 -1026.483)
(0.008414533 -0.5865407 -1135.071)
(-0.01464951 -0.730111 -1907.384)
(-0.03229521 -0.8553386 -2617.744)
(-0.05349842 -1.021642 -9361.68)
(-0.003394148 -0.1321965 -1911.136)
(0.02106152 -0.1750755 -1883.834)
(0.07245651 -0.2002206 -1189.414)
(0.1356795 -0.2589035 -603.4598)
(0.08683532 -0.233294 -161.0965)
(-7.172096e-05 0.0384246 -6.701717)
(-0.0001284729 0.04390837 -6.579143)
(-9.49608e-05 0.05307762 -28.17603)
(-2.417539e-05 0.0389016 -6.458829)
(-0.000161255 0.04739757 -27.67005)
(-0.0001349947 0.07441236 -62.75029)
(7.051661e-05 0.02904757 -6.365033)
(-3.084994e-05 0.03537538 -27.25849)
(-0.00023277 0.05518656 -61.85024)
(-0.0001514792 0.09502599 -111.2418)
(8.940954e-05 0.01764814 -6.303918)
(8.231162e-05 0.02147029 -26.9868)
(-0.0001323966 0.03377753 -61.2197)
(-0.000293012 0.05671565 -110.2577)
(0.0002258068 0.09786079 -127.3894)
(5.016857e-05 0.005877908 -6.273442)
(0.0001071527 0.007175014 -26.86086)
(9.686647e-05 0.0113284 -60.91095)
(-0.0002446374 0.01898538 -109.6706)
(-8.352849e-05 0.03290799 -126.9867)
(0.00819092 0.4769227 -941.1183)
(4.086945e-05 -0.005882745 -6.273078)
(5.459589e-05 -0.00715079 -26.86665)
(0.0001536796 -0.01133616 -60.93091)
(0.0001096401 -0.01934897 -109.6362)
(-0.0004147381 -0.03188233 -126.9667)
(0.005934598 -0.4800973 -944.0338)
(0.01643243 -0.5613352 -1050.54)
(3.710629e-05 -0.01758094 -6.306106)
(4.376566e-05 -0.02142763 -27.00017)
(6.026434e-05 -0.03379141 -61.24516)
(0.0002152062 -0.057979 -110.2017)
(0.0001561872 -0.09807727 -127.5048)
(-0.005504445 -1.410868 -948.3)
(0.01473197 -1.649778 -1060.731)
(0.03933776 -2.173095 -1778.472)
(1.965475e-05 -0.02888524 -6.369351)
(3.629574e-05 -0.03521144 -27.27559)
(5.084207e-05 -0.0557404 -61.845)
(4.31329e-05 -0.09442659 -111.2752)
(0.0002398025 -0.1614576 -128.7266)
(0.001074393 -2.351479 -956.2024)
(-0.0007869718 -2.764653 -1070.384)
(0.04645478 -3.551271 -1804.319)
(0.07864534 -4.712429 -2464.816)
(3.069955e-05 -0.03858131 -6.46266)
(1.16333e-05 -0.04703692 -27.67211)
(3.015871e-05 -0.07449522 -62.74839)
(0.0001119243 -0.1275633 -112.8344)
(-2.800692e-05 -0.2147426 -130.4417)
(-0.000186437 -3.110809 -968.5118)
(-0.0004583624 -3.698896 -1081.816)
(0.005409211 -4.740584 -1828.159)
(0.1147752 -6.351677 -2512.081)
(0.1547708 -8.339699 -8899.234)
(2.476933e-05 -0.04341979 -6.581185)
(3.033223e-05 -0.05294259 -28.16818)
(-1.582133e-05 -0.08387938 -63.85684)
(-5.872651e-06 -0.1436128 -114.8163)
(0.000117093 -0.2438499 -132.6489)
(0.001847435 -3.511103 -983.3233)
(-0.001687488 -4.130455 -1096.519)
(-0.004570392 -5.383437 -1849.72)
(0.02552916 -7.023126 -2549.693)
(0.2358186 -9.48184 -9084.865)
(0.04029446 -1.536693 -1833.054)
(3.848748e-06 -0.03861958 -6.701248)
(2.394817e-05 -0.04709681 -28.69036)
(3.866908e-05 -0.07482318 -65.00397)
(-7.786296e-05 -0.1280174 -116.8262)
(-8.956795e-05 -0.2127987 -134.9248)
(0.004659717 -3.089898 -999.0576)
(0.000709324 -3.670911 -1111.372)
(-0.0113716 -4.800755 -1873.03)
(-0.005734405 -6.306366 -2577.09)
(0.08269466 -8.258136 -9227.881)
(0.07866727 -1.402967 -1875.603)
(0.05974898 -2.146875 -1832.635)
(1.533085e-06 -0.02719674 -6.791676)
(-2.928867e-06 -0.0331763 -29.07579)
(1.910702e-05 -0.05178525 -65.8985)
(6.480337e-05 -0.08917745 -118.3686)
(0.0003232805 -0.150853 -136.612)
(0.005802126 -2.131529 -1010.051)
(-0.003489231 -2.533952 -1122.261)
(-0.01589433 -3.392836 -1889.513)
(-0.01892178 -4.462028 -2598.224)
(0.01108558 -5.882431 -9296.111)
(0.05039692 -0.9693059 -1897.802)
(0.1137981 -1.575793 -1869.147)
(0.06671546 -1.942347 -1166.691)
(7.973806e-07 -0.01631506 -6.849369)
(-3.656412e-06 -0.01986594 -29.32155)
(6.272183e-05 -0.03144588 -66.44937)
(0.0001846096 -0.0539509 -119.3389)
(0.0001515031 -0.09238477 -137.6603)
(0.00482758 -1.307218 -1017.796)
(0.001766961 -1.569682 -1129.007)
(-0.01616176 -2.092654 -1899.122)
(-0.03008796 -2.756034 -2609.605)
(-0.02710612 -3.632741 -9339.784)
(0.01641372 -0.5996423 -1904.322)
(0.07130936 -0.9355666 -1882.253)
(0.1264877 -1.221577 -1185.472)
(0.07654471 -1.316992 -593.6561)
(1.830532e-06 -0.01559656 -6.879568)
(-1.172589e-06 -0.01834424 -29.44993)
(-1.548394e-05 -0.0275677 -66.73455)
(-6.748415e-05 -0.0450606 -119.8861)
(-6.427822e-06 -0.07649642 -138.3572)
(0.006624903 -1.103418 -1022.579)
(0.007965045 -1.137677 -1133.223)
(-0.008615337 -1.496654 -1903.843)
(-0.03274687 -1.867576 -2614.023)
(-0.05402027 -2.354103 -9353.944)
(-0.003280043 -0.3506633 -1909.456)
(0.02023389 -0.5071015 -1881.968)
(0.07653627 -0.6340494 -1189.853)
(0.1370253 -0.7418279 -603.2698)
(0.08467555 -0.7241865 -161.0327)
(2.058261e-06 -0.009871953 -6.917122)
(-3.487483e-07 -0.01139794 -29.61632)
(-1.171251e-05 -0.01662948 -67.10174)
(-5.311382e-05 -0.02639189 -120.4957)
(-0.0001899048 -0.04187219 -138.9904)
(-0.0003649582 -0.5849468 -1026.87)
(0.01427055 -0.6377016 -1136.989)
(0.008864998 -0.668833 -1905.297)
(-0.03225436 -0.8576783 -2613.912)
(-0.06467158 -1.025293 -9345.758)
(-0.0151476 -0.1319685 -1909.431)
(-0.00783073 -0.1738841 -1883.38)
(0.02098899 -0.2053457 -1187.513)
(0.0788992 -0.2227077 -605.2515)
(0.1545463 -0.2558289 -164.2508)
(-4.239018e-05 0.02692437 -6.789856)
(-0.0001156566 0.03887183 -6.700423)
(-7.730803e-05 0.04676349 -28.69053)
(-2.94058e-05 0.04384163 -6.57576)
(-0.0001495638 0.05343866 -28.17117)
(-0.0001074453 0.08393397 -63.86839)
(6.574446e-05 0.03886864 -6.458841)
(-3.457738e-05 0.04731677 -27.65847)
(-0.0002166631 0.07489079 -62.74954)
(-0.0001185137 0.127243 -112.82)
(8.52946e-05 0.02902137 -6.367679)
(8.142735e-05 0.03533931 -27.25821)
(-6.272069e-05 0.05585242 -61.82808)
(-0.0002800431 0.09421861 -111.2889)
(2.196202e-05 0.1611265 -128.5881)
(4.879892e-05 0.01758863 -6.305274)
(0.0001049178 0.02147505 -26.99715)
(0.0001117887 0.0339072 -61.21613)
(-0.0002507636 0.05755508 -110.1887)
(-0.0001646442 0.09604526 -127.5912)
(0.008492235 1.427735 -945.308)
(4.086942e-05 0.005882754 -6.273078)
(5.459605e-05 0.007150803 -26.86665)
(0.0001536798 0.01133616 -60.93091)
(0.0001096399 0.01934899 -109.6362)
(-0.0004147384 0.03188236 -126.9667)
(0.005934593 0.4800976 -944.0338)
(0.01643243 0.5613355 -1050.54)
(3.8666e-05 -0.005874867 -6.274202)
(4.378706e-05 -0.00715982 -26.86401)
(6.215147e-05 -0.01129195 -60.94108)
(0.0002218663 -0.01937157 -109.6629)
(6.197774e-05 -0.03276947 -126.9046)
(-0.005257971 -0.4599648 -944.4898)
(0.01733968 -0.5652955 -1056.526)
(0.03890613 -0.7255238 -1772.047)
(2.276129e-05 -0.01755701 -6.305814)
(4.016862e-05 -0.0213991 -27.00434)
(4.816609e-05 -0.03387082 -61.23568)
(4.754504e-05 -0.05771053 -110.2073)
(0.0002633872 -0.09824459 -127.5261)
(0.0008080008 -1.428937 -947.9012)
(-0.004258255 -1.652985 -1062.19)
(0.04725977 -2.139513 -1792.311)
(0.08244687 -2.85476 -2449.521)
(3.072118e-05 -0.02884703 -6.369192)
(1.747195e-05 -0.03516153 -27.27308)
(3.881335e-05 -0.05567185 -61.85156)
(4.242972e-05 -0.09531456 -111.2512)
(-4.834299e-05 -0.1598396 -128.7103)
(0.001825745 -2.353082 -956.285)
(-0.0002928444 -2.76405 -1069.712)
(0.007291872 -3.56676 -1809.655)
(0.1172686 -4.687849 -2489.684)
(0.1551564 -6.179612 -8835.871)
(3.009934e-05 -0.03857874 -6.464521)
(3.694803e-05 -0.04697296 -27.67022)
(-4.945821e-06 -0.07439312 -62.73743)
(8.754623e-06 -0.1274454 -112.8381)
(0.0001091861 -0.2163668 -130.4352)
(-0.002270456 -3.129689 -967.9602)
(-0.002223509 -3.659874 -1081.764)
(-0.003968837 -4.771914 -1826.703)
(0.03056889 -6.210614 -2524.482)
(0.2535338 -8.349214 -9006.518)
(0.04082958 -1.338159 -1814.762)
(9.168976e-06 -0.04336449 -6.580891)
(3.052038e-05 -0.05288049 -28.17641)
(4.771778e-05 -0.08378125 -63.84812)
(-7.828861e-05 -0.1435901 -114.7825)
(-0.0001037273 -0.2437282 -132.6431)
(0.0003490293 -3.558045 -983.1495)
(-0.0001736192 -4.133621 -1096.113)
(-0.006776512 -5.343097 -1849.126)
(-0.005111827 -7.067071 -2549.152)
(0.09243483 -9.245936 -9149.259)
(0.0807482 -1.530901 -1857.249)
(0.06118643 -2.31355 -1810.933)
(5.014007e-06 -0.03857628 -6.700916)
(7.717305e-07 -0.0470475 -28.68798)
(4.043744e-05 -0.0745881 -65.02545)
(7.051767e-05 -0.1283444 -116.8006)
(-0.0002309069 -0.2175577 -134.876)
(-0.002767039 -3.10324 -998.8775)
(0.003418072 -3.638525 -1111.411)
(-0.005790588 -4.755627 -1871.373)
(-0.01975696 -6.313149 -2577.048)
(0.00283435 -8.298863 -9237.521)
(0.05368267 -1.359973 -1887.245)
(0.1212611 -2.126977 -1854.963)
(0.06937782 -2.664466 -1156.51)
(2.740191e-06 -0.02716999 -6.79138)
(-1.295825e-06 -0.03314315 -29.07358)
(-1.851366e-05 -0.0525916 -65.89029)
(2.944635e-05 -0.08875418 -118.3979)
(0.0001301986 -0.1520143 -136.6054)
(0.004175811 -2.207429 -1010.467)
(0.005090624 -2.509089 -1121.909)
(-0.01097426 -3.292268 -1887.359)
(-0.03128487 -4.472528 -2595.891)
(-0.02763309 -5.882543 -9302.089)
(0.01693492 -0.9635277 -1896.117)
(0.07700031 -1.466561 -1873.093)
(0.1306354 -1.956713 -1180.39)
(0.07347956 -2.142001 -590.3387)
(1.724527e-06 -0.0163063 -6.849116)
(-1.567468e-06 -0.01985682 -29.31974)
(-1.709404e-05 -0.03143922 -66.44194)
(8.762235e-05 -0.05391192 -119.369)
(0.0003244229 -0.0919607 -137.709)
(0.002707632 -1.358842 -1017.756)
(0.005010336 -1.540711 -1129.412)
(-0.00335278 -2.039937 -1897.005)
(-0.03375739 -2.76873 -2606.024)
(-0.05524972 -3.642227 -9332.203)
(-0.003062902 -0.5953247 -1904.749)
(0.02285086 -0.9039904 -1876.958)
(0.07898183 -1.150822 -1187.458)
(0.1389749 -1.348497 -601.5742)
(0.08519335 -1.327805 -160.6729)
(2.481957e-06 -0.01559466 -6.879401)
(2.231326e-07 -0.01834279 -29.44864)
(-1.084006e-05 -0.02757012 -66.72908)
(-5.192821e-05 -0.04507799 -119.8673)
(-0.0001858474 -0.07362696 -138.3175)
(-0.0003697435 -1.094569 -1022.956)
(0.009122332 -1.256863 -1134.408)
(0.008202051 -1.381586 -1902.904)
(-0.02549454 -1.874836 -2610.14)
(-0.06548451 -2.366302 -9337.952)
(-0.01518445 -0.350057 -1907.753)
(-0.007708546 -0.5035667 -1881.518)
(0.02054014 -0.6165381 -1186.319)
(0.0828298 -0.691497 -605.9373)
(0.1553702 -0.7437617 -164.3244)
(3.476593e-06 -0.009870017 -6.91703)
(9.715852e-07 -0.01139522 -29.61532)
(-8.040127e-06 -0.0166252 -67.09726)
(-4.13458e-05 -0.02638589 -120.4804)
(-0.0001485628 -0.04186698 -138.958)
(-0.004000224 -0.5845626 -1026.409)
(-0.0006891687 -0.6385095 -1137.689)
(0.02073721 -0.7377522 -1908.652)
(0.0009604038 -0.78783 -2609.738)
(-0.06850428 -1.029739 -9325.904)
(-0.02160608 -0.1325566 -1906.455)
(-0.02542452 -0.1738482 -1881.634)
(-0.01184536 -0.2042672 -1187.054)
(0.02182011 -0.2200058 -605.1703)
(0.09322893 -0.2258406 -166.3283)
(-4.962071e-05 0.01676957 -6.847753)
(-6.901629e-05 0.02714604 -6.789837)
(-4.312807e-05 0.03276695 -29.0665)
(-3.542652e-05 0.03901938 -6.696648)
(-0.0001360306 0.04728258 -28.68803)
(-8.338741e-05 0.07392489 -65.02444)
(2.662684e-05 0.0437951 -6.575983)
(-4.157459e-05 0.0533296 -28.15635)
(-0.0002061923 0.08445108 -63.87393)
(-7.564662e-05 0.1436263 -114.7949)
(6.742283e-05 0.03846268 -6.461397)
(7.601537e-05 0.04728925 -27.65793)
(-7.003862e-05 0.07467695 -62.72472)
(-0.0002588743 0.1280042 -112.8748)
(7.327055e-05 0.2158664 -130.3561)
(4.588824e-05 0.02882791 -6.368736)
(9.990022e-05 0.03531243 -27.26893)
(0.0001120249 0.05580824 -61.82466)
(-0.0001244841 0.09536523 -111.2597)
(-0.0001520572 0.1596119 -128.7406)
(0.005430661 2.351364 -953.6732)
(4.056363e-05 0.01760541 -6.305016)
(5.3074e-05 0.02139799 -27.00229)
(0.0001500105 0.03392932 -61.23662)
(0.0001482378 0.05791217 -110.1737)
(-0.0004280288 0.09717465 -127.5354)
(0.004233642 1.400591 -948.2468)
(0.01678381 1.680715 -1054.727)
(3.866602e-05 0.005874878 -6.274202)
(4.378702e-05 0.00715983 -26.86401)
(6.215168e-05 0.01129196 -60.94108)
(0.0002218666 0.01937157 -109.6629)
(6.197745e-05 0.03276949 -126.9046)
(-0.005257974 0.4599651 -944.4898)
(0.01733968 0.5652958 -1056.526)
(0.03890613 0.725524 -1772.047)
(2.423275e-05 -0.005867177 -6.273947)
(4.201085e-05 -0.007150611 -26.86831)
(4.693389e-05 -0.01131737 -60.9301)
(4.964828e-05 -0.01928328 -109.672)
(0.0002757061 -0.03282506 -126.9241)
(-0.001047053 -0.4774601 -943.7373)
(-0.00389269 -0.5354846 -1058.643)
(0.05186866 -0.7310532 -1785.875)
(0.08193594 -0.9526532 -2441.9)
(3.335615e-05 -0.01753521 -6.305726)
(2.117388e-05 -0.02137058 -27.00215)
(4.440936e-05 -0.03383067 -61.2427)
(3.25902e-05 -0.05791453 -110.1764)
(-4.564901e-05 -0.09772767 -127.5183)
(0.002174896 -1.432169 -947.9455)
(-0.0006813411 -1.679616 -1061.496)
(0.003731487 -2.120987 -1797.205)
(0.1191001 -2.830907 -2475.707)
(0.1567064 -3.738376 -8793.679)
(3.409059e-05 -0.02885878 -6.370546)
(3.539424e-05 -0.03511609 -27.27163)
(3.621099e-06 -0.05559816 -61.84152)
(2.117273e-05 -0.09522095 -111.2553)
(-3.279869e-05 -0.1616382 -128.6639)
(-0.002727464 -2.328335 -955.9716)
(7.498739e-05 -2.767068 -1069.651)
(-0.003731362 -3.564577 -1808.314)
(0.03379689 -4.679623 -2502.722)
(0.2576634 -6.190024 -8945.023)
(0.04092902 -0.9888451 -1800.662)
(1.432977e-05 -0.03848824 -6.464372)
(3.683636e-05 -0.04698652 -27.67883)
(5.696549e-05 -0.07430062 -62.72964)
(-6.260296e-05 -0.1272935 -112.8055)
(-8.730957e-05 -0.216254 -130.4279)
(5.328013e-05 -3.156817 -967.7212)
(-0.005067955 -3.682241 -1080.82)
(-0.007810622 -4.731687 -1826.763)
(-0.007748898 -6.25738 -2522.254)
(0.1002098 -8.161059 -9080.08)
(0.0814061 -1.34139 -1839.884)
(0.06197363 -2.013414 -1791.042)
(9.862324e-06 -0.04331503 -6.58068)
(7.113464e-06 -0.05281391 -28.17458)
(4.983098e-05 -0.08369696 -63.87023)
(8.198353e-05 -0.1434587 -114.7568)
(-0.0002477861 -0.2438299 -132.5846)
(-0.003204412 -3.557728 -982.9566)
(-0.001707449 -4.190151 -1095.522)
(-0.007163142 -5.35026 -1848.236)
(-0.01590024 -7.037355 -2549.09)
(0.004775149 -9.279008 -9160.723)
(0.05499967 -1.519477 -1869.863)
(0.1243916 -2.309374 -1835.115)
(0.07081154 -2.869693 -1142.232)
(5.980316e-06 -0.03853631 -6.700695)
(2.783012e-06 -0.04699639 -28.68605)
(-1.33846e-05 -0.07451638 -65.01754)
(7.647489e-05 -0.1278475 -116.8512)
(0.0001314293 -0.2185057 -134.8318)
(-0.005071278 -3.180126 -998.2925)
(-0.00537551 -3.65536 -1110.84)
(-0.002750862 -4.717542 -1871.004)
(-0.02152647 -6.276436 -2574.649)
(-0.02852893 -8.303793 -9244.093)
(0.01720632 -1.35084 -1883.477)
(0.08294919 -2.055854 -1862.368)
(0.1399272 -2.644468 -1171.256)
(0.07656673 -2.938098 -586.2489)
(3.5312e-06 -0.02714493 -6.791166)
(6.82324e-07 -0.0331119 -29.07191)
(-1.395826e-05 -0.05254618 -65.88301)
(-6.39589e-05 -0.09025962 -118.3762)
(4.580983e-05 -0.1510598 -136.6521)
(0.002302189 -2.230988 -1010.374)
(0.003728881 -2.606973 -1122.016)
(1.515206e-05 -3.260227 -1886.246)
(-0.02848461 -4.376861 -2592.18)
(-0.05721753 -5.896615 -9294.697)
(-0.002765284 -0.9582163 -1896.608)
(0.02357416 -1.452263 -1868.254)
(0.08605969 -1.820894 -1181.53)
(0.1435811 -2.159002 -599.6825)
(0.08196042 -2.155369 -160.139)
(2.357316e-06 -0.01629806 -6.84893)
(-4.162521e-08 -0.01984739 -29.31834)
(-1.203494e-05 -0.03143053 -66.43604)
(-5.613537e-05 -0.0539167 -119.3489)
(9.184292e-05 -0.09186978 -137.7367)
(0.004900964 -1.350621 -1018.318)
(0.003688346 -1.61288 -1129.238)
(0.00276315 -2.008016 -1897.192)
(-0.01930193 -2.713678 -2602.031)
(-0.06735765 -3.664704 -9316.052)
(-0.0152841 -0.594475 -1903.048)
(-0.007480084 -0.8984336 -1876.512)
(0.02281515 -1.120443 -1183.094)
(0.08552473 -1.259174 -605.0057)
(0.1577949 -1.361972 -164.0647)
(3.93953e-05 -0.01559357 -6.879319)
(1.477276e-06 -0.01834117 -29.44767)
(-7.219146e-06 -0.02757087 -66.72466)
(-4.017157e-05 -0.04509041 -119.852)
(-0.0001475594 -0.07367735 -138.2849)
(-0.003967181 -1.050807 -1022.492)
(-0.0007507777 -1.244186 -1135.09)
(0.01379758 -1.559708 -1904.982)
(9.716876e-05 -1.739397 -2607.567)
(-0.06329578 -2.380925 -9317.914)
(-0.02178371 -0.3520187 -1904.753)
(-0.02555041 -0.5035835 -1879.758)
(-0.01176941 -0.6133528 -1185.857)
(0.02214623 -0.6731138 -604.8236)
(0.09722377 -0.6952623 -166.6902)
(6.589308e-06 -0.009512785 -6.917049)
(3.182581e-06 -0.01139289 -29.61477)
(-4.151719e-06 -0.01662124 -67.0938)
(-3.167023e-05 -0.02637996 -120.4677)
(-0.0001201573 -0.04186123 -138.931)
(-0.003224261 -0.5845783 -1026.017)
(-0.006263625 -0.6383901 -1136.9)
(-0.00167072 -0.7394347 -1910.237)
(0.02404528 -0.8684449 -2613.856)
(-0.03160047 -0.9731862 -9303.013)
(-0.02515688 -0.1337354 -1902.943)
(-0.03473671 -0.1751398 -1879.173)
(-0.03148804 -0.2045828 -1185.96)
(-0.01380576 -0.2188951 -605.4409)
(0.02750688 -0.2170195 -166.8231)
(-4.728929e-05 0.01605057 -6.880985)
(-6.217292e-05 0.01672103 -6.846355)
(-5.595938e-05 0.02042148 -29.31384)
(-2.013835e-05 0.02745968 -6.787409)
(-7.926884e-05 0.03298127 -29.0689)
(-3.568172e-05 0.05181689 -65.8692)
(1.753942e-05 0.03896392 -6.696759)
(-4.967304e-05 0.04746651 -28.67127)
(-0.0001925256 0.07464371 -65.0338)
(-4.382096e-05 0.1265082 -116.8396)
(6.229549e-05 0.04335933 -6.576009)
(2.774416e-05 0.05328659 -28.15702)
(-8.352763e-05 0.08417412 -63.8394)
(-0.0002609642 0.1443762 -114.8582)
(0.0001352579 0.2438803 -132.5709)
(4.364586e-05 0.03863884 -6.461238)
(7.685171e-05 0.04677998 -27.66829)
(0.0001047413 0.0746802 -62.72082)
(-0.0001406418 0.1274307 -112.8387)
(-0.0001312421 0.2170121 -130.5147)
(0.006080445 3.151893 -966.0297)
(4.009207e-05 0.02896996 -6.368699)
(4.984335e-05 0.03505902 -27.27273)
(0.0001420255 0.05578232 -61.84621)
(0.0001519311 0.09531425 -111.2455)
(-0.0002099251 0.1614576 -128.7306)
(0.004240124 2.327698 -956.2026)
(0.01321088 2.769095 -1063.102)
(3.710576e-05 0.01758094 -6.306106)
(4.376566e-05 0.02142763 -27.00017)
(6.026576e-05 0.03379141 -61.24516)
(0.0002152066 0.057979 -110.2017)
(0.0001561849 0.09807727 -127.5048)
(-0.005504452 1.410868 -948.3)
(0.01473196 1.649778 -1060.731)
(0.03933776 2.173095 -1778.472)
(2.423242e-05 0.005867181 -6.273946)
(4.201087e-05 0.007150623 -26.86831)
(4.693382e-05 0.01131738 -60.9301)
(4.964858e-05 0.0192833 -109.672)
(0.0002757064 0.03282505 -126.9241)
(-0.001047056 0.4774604 -943.7373)
(-0.003892693 0.5354848 -1058.643)
(0.05186866 0.7310533 -1785.875)
(0.08193594 0.952653 -2441.9)
(3.46354e-05 -0.005860171 -6.273893)
(2.293204e-05 -0.007141432 -26.86626)
(4.709032e-05 -0.01130432 -60.93735)
(2.770061e-05 -0.01935075 -109.6374)
(-4.433573e-05 -0.03264947 -126.921)
(0.002375301 -0.4785236 -943.7633)
(-0.003409578 -0.5612254 -1057.376)
(0.004376614 -0.680279 -1792.065)
(0.1261082 -0.9608644 -2468.109)
(0.1561258 -1.246745 -8772.726)
(3.664407e-05 -0.01751794 -6.307124)
(3.849128e-05 -0.02134453 -27.00098)
(9.120052e-06 -0.03378821 -61.23328)
(2.939299e-05 -0.05785823 -110.181)
(-5.9873e-05 -0.09820679 -127.4616)
(-0.002757338 -1.42374 -947.7056)
(0.000484767 -1.684249 -1061.382)
(-0.004371649 -2.1658 -1795.836)
(0.03141982 -2.773567 -2488.159)
(0.2608043 -3.750519 -8906.932)
(0.03904221 -0.597394 -1791.299)
(2.251101e-05 -0.0287817 -6.371096)
(4.159488e-05 -0.03514623 -27.27764)
(4.847813e-05 -0.05553104 -61.83456)
(-4.975385e-05 -0.09510862 -111.224)
(-7.171147e-05 -0.1615337 -128.6561)
(-0.002302336 -2.358087 -955.3887)
(-0.005747296 -2.738066 -1068.943)
(-0.005329681 -3.570531 -1808.374)
(-0.007275618 -4.671398 -2500.794)
(0.1051723 -6.141299 -9020.462)
(0.08190922 -1.014405 -1826.284)
(0.0620956 -1.487324 -1775.706)
(1.449519e-05 -0.03844536 -6.464283)
(1.334649e-05 -0.04686241 -27.6776)
(5.905597e-05 -0.074386 -62.75231)
(9.460362e-05 -0.1271585 -112.7807)
(-0.0002280493 -0.2160484 -130.3697)
(-0.003098189 -3.156631 -967.498)
(-0.00221476 -3.71626 -1080.14)
(-0.01306156 -4.759473 -1824.954)
(-0.01752766 -6.228095 -2523.155)
(-0.001993583 -8.201326 -9087.313)
(0.05588904 -1.338353 -1855.161)
(0.1248773 -2.021652 -1816.223)
(0.07164431 -2.498442 -1129.176)
(1.046235e-05 -0.04326971 -6.580572)
(8.564197e-06 -0.05275474 -28.17313)
(-3.983472e-06 -0.08359556 -63.8634)
(8.987323e-05 -0.1433512 -114.8076)
(0.0001414191 -0.2436927 -132.5385)
(-0.005585106 -3.561443 -982.2586)
(-0.006110629 -4.191387 -1094.932)
(-0.008920348 -5.42013 -1846.792)
(-0.02332098 -7.049537 -2547.833)
(-0.02699234 -9.276052 -9167.796)
(0.01768302 -1.502993 -1866.843)
(0.08500165 -2.295608 -1843.64)
(0.1435975 -2.872687 -1158.269)
(0.07788389 -3.162722 -580.3516)
(6.521034e-06 -0.03849908 -6.700554)
(4.506679e-06 -0.04694889 -28.68468)
(-8.186584e-06 -0.07444255 -65.01073)
(-5.708571e-05 -0.1277417 -116.8295)
(0.0001494221 -0.2174535 -134.912)
(0.002179132 -3.200707 -997.7632)
(-0.008191627 -3.750956 -1109.754)
(-0.01330955 -4.74034 -1869.494)
(-0.02071383 -6.241947 -2573.445)
(-0.05186616 -8.292475 -9236.915)
(-0.002487461 -1.346305 -1884.035)
(0.02438206 -2.035907 -1854.754)
(0.09342334 -2.555513 -1174.858)
(0.1539458 -2.919516 -596.1654)
(0.08520397 -2.951069 -159.6671)
(3.92026e-06 -0.02712203 -6.791017)
(2.06716e-06 -0.03308241 -29.07065)
(-8.961382e-06 -0.05250237 -65.8773)
(-5.234188e-05 -0.09020042 -118.3559)
(-0.0001808886 -0.1537678 -136.6163)
(0.0006993546 -2.21297 -1010.912)
(0.003125321 -2.642324 -1121.773)
(6.72775e-05 -3.395556 -1885.887)
(-0.01691294 -4.345095 -2589.588)
(-0.06432534 -5.848823 -9278.288)
(-0.01553208 -0.9577392 -1894.907)
(-0.007186468 -1.44566 -1867.811)
(0.02356839 -1.802069 -1177.473)
(0.09344591 -2.008297 -602.6973)
(0.1627606 -2.173975 -163.9299)
(3.597239e-06 -0.01629192 -6.848831)
(1.216696e-06 -0.01983838 -29.31728)
(-8.116201e-06 -0.03142035 -66.43128)
(-4.345235e-05 -0.05391551 -119.3325)
(-0.0001576942 -0.09191405 -137.7021)
(0.0002611423 -1.348409 -1018.439)
(0.005910681 -1.601233 -1130.195)
(0.005068444 -2.123394 -1896.595)
(-0.008878042 -2.686553 -2601.065)
(-0.05834414 -3.630652 -9295.622)
(-0.02221107 -0.5988006 -1899.997)
(-0.02584744 -0.8987529 -1874.721)
(-0.01164018 -1.115548 -1182.625)
(0.0236593 -1.234894 -603.579)
(0.100137 -1.263893 -166.6398)
(4.397018e-05 -0.01559355 -6.881878)
(4.915282e-05 -0.01834033 -29.44717)
(-3.402306e-06 -0.02757083 -66.72127)
(-3.052549e-05 -0.04509871 -119.8393)
(-0.0001190355 -0.07371653 -138.2577)
(-0.003228941 -1.051892 -1022.095)
(-0.006276049 -1.191022 -1134.284)
(-0.001882081 -1.54017 -1906.53)
(0.01593889 -1.977849 -2609.935)
(-0.03242499 -2.266843 -9299.197)
(-0.02690077 -0.3561006 -1901.201)
(-0.03508395 -0.5078037 -1877.263)
(-0.03170743 -0.6144811 -1184.751)
(-0.01373677 -0.6698192 -605.1061)
(0.02846939 -0.6727201 -166.8782)
(7.918145e-06 -0.009496231 -6.917413)
(8.12788e-06 -0.01093554 -29.61478)
(1.321954e-06 -0.01661769 -67.09184)
(-2.035405e-05 -0.02637429 -120.4577)
(-9.561795e-05 -0.04185496 -138.9083)
(-0.002664163 -0.5845761 -1025.684)
(-0.00518834 -0.6385373 -1136.17)
(-0.012046 -0.7401042 -1908.649)
(-0.00444541 -0.8717386 -2616.722)
(0.008624446 -1.041596 -9300.871)
(-0.03023227 -0.1499869 -1898.993)
(-0.03968998 -0.1773194 -1876.541)
(-0.04144296 -0.2064652 -1184.536)
(-0.03514365 -0.2193148 -604.9618)
(-0.01253469 -0.2154546 -167.2105)
(-5.353974e-05 0.009909851 -6.918865)
(-5.994977e-05 0.01601183 -6.879493)
(-5.408941e-05 0.0189142 -29.45617)
(-7.893961e-06 0.01686062 -6.845286)
(-7.268179e-05 0.02031239 -29.30949)
(-7.007334e-05 0.03235522 -66.42644)
(1.169317e-05 0.0274211 -6.787572)
(-2.892749e-05 0.03340095 -29.05793)
(-0.0001049851 0.05195135 -65.8871)
(2.143743e-05 0.08874704 -118.3342)
(1.79029e-05 0.03886989 -6.696588)
(1.739387e-05 0.04740817 -28.67151)
(-9.924778e-05 0.07493613 -64.99362)
(-0.0002557305 0.1274816 -116.905)
(0.0001678941 0.2149701 -134.8685)
(7.511445e-05 0.04330017 -6.578347)
(7.156628e-05 0.05274308 -28.15649)
(2.771082e-05 0.08415622 -63.83969)
(-0.0001696547 0.1436532 -114.7972)
(-0.0001824342 0.2448388 -132.7345)
(0.006779083 3.564276 -981.5536)
(5.048474e-05 0.0387551 -6.462496)
(4.790432e-05 0.04700626 -27.66674)
(0.0001016097 0.07383432 -62.74172)
(0.0001418722 0.1275448 -112.8238)
(-0.0002462045 0.2155563 -130.4934)
(0.004270161 3.165924 -968.5676)
(0.01385425 3.71473 -1075.512)
(3.38182e-05 0.02892727 -6.36972)
(4.388772e-05 0.03526091 -27.27168)
(5.627865e-05 0.05532543 -61.85149)
(0.0002014323 0.09530336 -111.276)
(0.0001686282 0.1614122 -128.7015)
(-0.002373282 2.351794 -956.5851)
(0.01452004 2.741196 -1068.635)
(0.03519727 3.583284 -1791.339)
(2.275984e-05 0.01755702 -6.305814)
(4.0168e-05 0.02139911 -27.00434)
(4.816607e-05 0.03387083 -61.23568)
(4.754708e-05 0.05771053 -110.2073)
(0.0002633878 0.0982446 -127.5261)
(0.0008079758 1.428937 -947.9012)
(-0.004258263 1.652985 -1062.19)
(0.04725976 2.139513 -1792.311)
(0.08244686 2.85476 -2449.521)
(3.463544e-05 0.005860163 -6.273893)
(2.293166e-05 0.007141437 -26.86626)
(4.709034e-05 0.01130434 -60.93735)
(2.770047e-05 0.01935077 -109.6374)
(-4.433536e-05 0.0326495 -126.921)
(0.002375305 0.4785236 -943.7633)
(-0.00340958 0.5612256 -1057.376)
(0.004376611 0.680279 -1792.065)
(0.1261082 0.9608641 -2468.109)
(0.1561258 1.246744 -8772.726)
(4.010918e-05 -0.005854408 -6.275316)
(4.000688e-05 -0.007133043 -26.86523)
(1.174759e-05 -0.01129061 -60.92822)
(3.33714e-05 -0.01933228 -109.6422)
(-7.393618e-05 -0.03281264 -126.8587)
(-0.002770909 -0.4755571 -943.569)
(0.0007484531 -0.5627381 -1057.237)
(-0.008971774 -0.7236542 -1789.578)
(0.03251075 -0.8852947 -2482.497)
(0.2686182 -1.259952 -8886.161)
(0.03895463 -0.1991224 -1786.657)
(2.734961e-05 -0.0174751 -6.307755)
(4.464451e-05 -0.02132454 -27.00715)
(5.288779e-05 -0.03374931 -61.22686)
(-4.136044e-05 -0.05779279 -110.1505)
(-6.094992e-05 -0.09814034 -127.4537)
(-0.002850139 -1.432679 -947.0207)
(-0.005847388 -1.673583 -1060.767)
(-0.004826979 -2.173216 -1795.802)
(-0.008207836 -2.837588 -2486.24)
(0.1061824 -3.651656 -8980.619)
(0.08219354 -0.6226477 -1818.135)
(0.05818068 -0.8984169 -1765.522)
(1.801293e-05 -0.02872863 -6.371105)
(2.470004e-05 -0.03503816 -27.27977)
(6.610811e-05 -0.05563915 -61.84932)
(6.547144e-05 -0.09500733 -111.2001)
(-0.0002106994 -0.1613756 -128.5986)
(-0.002959996 -2.357496 -955.1489)
(-0.005153621 -2.775214 -1067.87)
(-0.01418803 -3.537131 -1806.916)
(-0.01574109 -4.681442 -2501.746)
(-0.0009151031 -6.116243 -9028.987)
(0.05640141 -0.9911656 -1841.992)
(0.1257073 -1.539264 -1801.423)
(0.07170302 -1.846096 -1119.128)
(1.4718e-05 -0.03840676 -6.464293)
(1.41536e-05 -0.04681066 -27.67665)
(5.569709e-06 -0.07413829 -62.74674)
(0.0001034807 -0.1274603 -112.8316)
(0.0001549914 -0.2158764 -130.3235)
(-0.005412409 -3.154432 -966.7915)
(-0.006128415 -3.717832 -1079.488)
(-0.009882424 -4.80344 -1823.355)
(-0.02915637 -6.259632 -2520.628)
(-0.02885367 -8.202119 -9097.576)
(0.01666148 -1.323218 -1850.913)
(0.08636427 -2.021548 -1828.381)
(0.1440698 -2.514067 -1145.882)
(0.07874477 -2.752745 -575.1059)
(1.064111e-05 -0.04322769 -6.580541)
(9.880936e-06 -0.0527002 -28.17221)
(3.748365e-07 -0.08350712 -63.85748)
(-4.287754e-05 -0.1431904 -114.7873)
(0.0001655293 -0.2436028 -132.6175)
(0.002162141 -3.560888 -981.6952)
(-0.009078662 -4.197944 -1093.661)
(-0.01471338 -5.425073 -1845.259)
(-0.02682632 -7.122556 -2545.152)
(-0.05346406 -9.290112 -9164.335)
(-0.003967815 -1.518527 -1867.447)
(0.02493501 -2.26454 -1836.897)
(0.0960564 -2.853782 -1162.653)
(0.1579773 -3.172306 -591.0447)
(0.08660305 -3.171262 -158.9025)
(6.494167e-06 -0.03846522 -6.700473)
(5.616452e-06 -0.04690441 -28.6837)
(-3.449755e-06 -0.07437281 -65.00552)
(-4.43554e-05 -0.1276352 -116.8095)
(-0.0001738772 -0.2173159 -134.8755)
(0.002624775 -3.181876 -998.6733)
(0.002815917 -3.783067 -1108.777)
(-0.01664136 -4.865833 -1867.082)
(-0.03140731 -6.270961 -2570.244)
(-0.0610508 -8.280455 -9227.575)
(-0.01895638 -1.362832 -1882.329)
(-0.006998352 -2.031086 -1854.302)
(0.02448825 -2.528961 -1168.728)
(0.1015391 -2.820104 -600.626)
(0.173647 -2.932288 -163.6327)
(4.135757e-06 -0.02710356 -6.79095)
(3.054862e-06 -0.03305531 -29.06973)
(-5.169976e-06 -0.0524602 -65.87277)
(-3.951296e-05 -0.09014089 -118.3395)
(-0.0001551646 -0.1537132 -136.5807)
(-0.003865039 -2.253904 -1010.52)
(0.0009424827 -2.616542 -1122.689)
(0.004168973 -3.457308 -1885.177)
(-0.01327218 -4.505821 -2587.9)
(-0.05845491 -5.837882 -9261.527)
(-0.02419433 -0.99497 -1891.777)
(-0.02648037 -1.447417 -1865.969)
(-0.01150854 -1.796622 -1176.994)
(0.02446622 -1.986681 -601.434)
(0.1085299 -2.016607 -166.4235)
(6.439904e-06 -0.01665066 -6.84885)
(3.278702e-06 -0.01983161 -29.31669)
(-4.187668e-06 -0.03140997 -66.42761)
(-3.309914e-05 -0.05390964 -119.319)
(-0.0001271974 -0.0919434 -137.6732)
(-0.003427515 -1.349677 -1018.019)
(-0.001134511 -1.596668 -1130.177)
(0.007391863 -2.105996 -1898.574)
(0.002784204 -2.852242 -2599.288)
(-0.04417504 -3.622571 -9281.052)
(-0.02862355 -0.6185971 -1896.36)
(-0.03590969 -0.9077693 -1872.153)
(-0.03221017 -1.11783 -1181.494)
(-0.01362316 -1.229848 -603.8872)
(0.02980923 -1.240977 -166.7688)
(9.219349e-06 -0.01559516 -6.882401)
(5.615118e-05 -0.01834035 -29.45819)
(8.050052e-05 -0.0275712 -66.7194)
(-1.923389e-05 -0.04510441 -119.8294)
(-9.439978e-05 -0.07374623 -138.2349)
(-0.002664899 -1.052774 -1021.758)
(-0.00522316 -1.192718 -1133.543)
(-0.01218968 -1.469608 -1904.905)
(-0.004931321 -1.957053 -2612.744)
(0.001773049 -2.515158 -9292.833)
(-0.03005147 -0.3871415 -1898.585)
(-0.04340021 -0.5153336 -1874.589)
(-0.04191444 -0.6206018 -1183.306)
(-0.03539855 -0.6712879 -604.6335)
(-0.01238286 -0.6679962 -167.2769)
(6.093117e-06 -0.009499776 -6.917692)
(1.049671e-05 -0.01091269 -29.61648)
(1.343366e-05 -0.0158295 -67.09149)
(-5.934351e-06 -0.02636864 -120.4521)
(-6.462049e-05 -0.04184838 -138.8904)
(-0.002154029 -0.5845564 -1025.4)
(-0.004345847 -0.6386514 -1135.54)
(-0.01041644 -0.7406449 -1907.014)
(-0.02230436 -0.8740649 -2614.387)
(-0.01300662 -1.047723 -9303.167)
(-0.02542297 -0.1322321 -1902.204)
(-0.04927406 -0.2122445 -1873.724)
(-0.04648816 -0.2093063 -1183.074)
(-0.04588537 -0.2214534 -603.9784)
(-0.03708343 -0.2155004 -167.1282)
(-5.965412e-05 0.009847623 -6.916512)
(-6.380143e-05 0.01144006 -29.62448)
(-8.887997e-06 0.01607616 -6.878319)
(-7.136177e-05 0.0188363 -29.45118)
(-7.06538e-05 0.02852918 -66.74773)
(7.422167e-06 0.01683342 -6.845392)
(-1.157782e-05 0.02050097 -29.30471)
(-0.0001010718 0.03200622 -66.42518)
(-6.695577e-05 0.05554006 -119.324)
(9.500739e-06 0.02735844 -6.787283)
(1.125433e-05 0.03336181 -29.05857)
(-5.992079e-05 0.05273177 -65.85991)
(-0.0001182877 0.0885184 -118.4073)
(0.0002401653 0.1510218 -136.548)
(7.261437e-05 0.038436 -6.696302)
(1.602242e-05 0.04730141 -28.67022)
(1.37561e-05 0.07487742 -64.9931)
(-0.0002036642 0.1279304 -116.83)
(-0.0002140089 0.216028 -135.0263)
(0.006879179 3.145541 -997.7292)
(4.570115e-05 0.04364949 -6.57966)
(8.940092e-05 0.05267876 -28.16585)
(9.646748e-05 0.08326378 -63.83565)
(1.416774e-05 0.1437371 -114.7944)
(-0.0003093453 0.2430389 -132.671)
(0.002646123 3.572791 -984.0597)
(0.01441592 4.206189 -1091.193)
(2.86195e-05 0.03869522 -6.463417)
(5.898823e-05 0.04717581 -27.67157)
(5.603169e-05 0.07422578 -62.73415)
(0.0001260069 0.1260553 -112.8536)
(0.0001555723 0.2159929 -130.4634)
(-0.003069938 3.135928 -968.8205)
(0.01422936 3.728512 -1080.989)
(0.03571859 4.814417 -1810.455)
(1.96546e-05 0.02888524 -6.369351)
(3.629657e-05 0.03521144 -27.27559)
(5.084201e-05 0.05574039 -61.845)
(4.313367e-05 0.09442658 -111.2752)
(0.0002398032 0.1614576 -128.7266)
(0.001074386 2.351478 -956.2024)
(-0.0007869764 2.764653 -1070.384)
(0.04645478 3.551271 -1804.319)
(0.07864534 4.712429 -2464.816)
(3.335608e-05 0.01753521 -6.305726)
(2.117221e-05 0.02137059 -27.00215)
(4.440847e-05 0.03383067 -61.2427)
(3.259009e-05 0.05791453 -110.1764)
(-4.564626e-05 0.09772768 -127.5183)
(0.002174904 1.432169 -947.9455)
(-0.0006813613 1.679617 -1061.496)
(0.003731479 2.120988 -1797.205)
(0.1191001 2.830907 -2475.707)
(0.1567063 3.738376 -8793.679)
(4.010933e-05 0.005854412 -6.275316)
(4.000693e-05 0.007133035 -26.86523)
(1.174706e-05 0.01129062 -60.92822)
(3.337141e-05 0.01933231 -109.6422)
(-7.393646e-05 0.03281267 -126.8587)
(-0.002770906 0.4755575 -943.569)
(0.0007484565 0.562738 -1057.237)
(-0.008971771 0.7236542 -1789.578)
(0.03251075 0.8852944 -2482.497)
(0.2686182 1.259951 -8886.161)
(0.03895463 0.1991219 -1786.657)
(2.83917e-05 -0.005825546 -6.27616)
(4.905606e-05 -0.007126304 -26.8715)
(5.509536e-05 -0.01127802 -60.92208)
(-3.731724e-05 -0.01931105 -109.6121)
(-5.565516e-05 -0.03279042 -126.8507)
(-0.003145201 -0.4786835 -942.8251)
(-0.005894857 -0.5588277 -1056.689)
(-0.004425208 -0.7260525 -1789.501)
(-0.01492659 -0.9480372 -2478.942)
(0.1078756 -1.176647 -8964.324)
(0.08087132 -0.2018023 -1813.548)
(0.05804076 -0.2994437 -1760.473)
(2.239352e-05 -0.01745916 -6.308009)
(3.08351e-05 -0.02127002 -27.00962)
(7.064715e-05 -0.03372216 -61.24183)
(7.164387e-05 -0.0577331 -110.1273)
(-0.0001990426 -0.09804677 -127.3967)
(-0.002856096 -1.432217 -946.7724)
(-0.005940957 -1.685923 -1059.553)
(-0.01443735 -2.158295 -1794.512)
(-0.01521486 -2.848406 -2487.076)
(-0.001946631 -3.713326 -8989.507)
(0.05854137 -0.6145649 -1833.335)
(0.1262932 -0.9490015 -1792.812)
(0.06645677 -1.115303 -1112.464)
(1.788991e-05 -0.02870274 -6.371205)
(1.842669e-05 -0.03497138 -27.27922)
(2.866481e-05 -0.05541546 -61.85312)
(0.0001141079 -0.09533876 -111.2304)
(7.183467e-05 -0.1612383 -128.5527)
(-0.005236366 -2.355702 -954.4388)
(-0.006065338 -2.775696 -1067.18)
(-0.01364388 -3.585101 -1804.676)
(-0.03073435 -4.652979 -2499.62)
(-0.02930374 -6.129972 -9039.625)
(0.01668446 -0.9848125 -1838.248)
(0.08716439 -1.49151 -1814.126)
(0.145053 -1.91782 -1136.19)
(0.07876371 -2.033581 -571.1519)
(1.453406e-05 -0.03837112 -6.464372)
(1.503945e-05 -0.04676377 -27.6762)
(8.895488e-06 -0.07405923 -62.7418)
(-2.766452e-05 -0.1269177 -112.8132)
(0.000182988 -0.2167513 -130.4011)
(0.002220713 -3.152903 -966.2105)
(-0.009004907 -3.716 -1078.194)
(-0.01504292 -4.809509 -1821.699)
(-0.02831383 -6.305431 -2517.759)
(-0.05666758 -8.230559 -9090.694)
(-0.003787832 -1.342646 -1852.383)
(0.02283813 -1.992426 -1819.742)
(0.09772209 -2.513797 -1152.993)
(0.158442 -2.773889 -586.2183)
(0.08758537 -2.756001 -158.321)
(1.002867e-05 -0.0431896 -6.580561)
(1.057762e-05 -0.05264942 -28.17167)
(4.614421e-06 -0.08342444 -63.85314)
(-3.150471e-05 -0.1430552 -114.7683)
(-0.0001547954 -0.2433651 -132.5817)
(0.002740693 -3.561405 -982.576)
(0.002599418 -4.19889 -1092.614)
(-0.01841517 -5.43819 -1842.484)
(-0.03364812 -7.133364 -2541.965)
(-0.06456675 -9.338992 -9151.036)
(-0.01861728 -1.51748 -1866.77)
(-0.01051879 -2.299499 -1836.414)
(0.0249618 -2.814593 -1157.131)
(0.1046915 -3.149792 -595.9286)
(0.1779756 -3.181455 -163.1324)
(6.0443e-06 -0.03843799 -6.700461)
(6.122038e-06 -0.04686378 -28.68305)
(2.293805e-08 -0.07430659 -65.0015)
(-3.164769e-05 -0.1275319 -116.7935)
(-0.0001464893 -0.2171861 -134.8392)
(-0.003849333 -3.180628 -998.2673)
(0.003710742 -3.757389 -1110.303)
(0.003376768 -4.924272 -1864.899)
(-0.03377191 -6.411506 -2565.783)
(-0.06921915 -8.313795 -9208.816)
(-0.02766126 -1.379886 -1881.309)
(-0.03391298 -2.069224 -1852.392)
(-0.01158197 -2.526257 -1168.227)
(0.02544047 -2.788806 -598.1324)
(0.1169128 -2.830312 -166.573)
(6.475286e-06 -0.02709755 -6.790963)
(3.922993e-06 -0.03303334 -29.06927)
(-1.553481e-06 -0.05242086 -65.86933)
(-2.914141e-05 -0.09008156 -118.326)
(-0.0001238841 -0.1536516 -136.5511)
(-0.003463292 -2.253933 -1010.083)
(-0.00602594 -2.664865 -1122.098)
(0.001362312 -3.415144 -1887.069)
(0.001447434 -4.601119 -2586.032)
(-0.04922987 -5.970992 -9245.658)
(-0.03015196 -1.012856 -1889.326)
(-0.04011737 -1.526437 -1863.295)
(-0.03320421 -1.801481 -1175.821)
(-0.01352214 -1.981168 -601.779)
(0.03073981 -1.993976 -166.6)
(7.50504e-06 -0.01666687 -6.849214)
(7.980522e-06 -0.02029068 -29.3167)
(1.327145e-06 -0.03140181 -66.42552)
(-2.134666e-05 -0.05390128 -119.3084)
(-0.0001009492 -0.09196042 -137.6489)
(-0.002828805 -1.350659 -1017.662)
(-0.005517773 -1.598899 -1129.398)
(-0.005357609 -2.093002 -1898.608)
(0.006903254 -2.836315 -2602.363)
(-0.01524378 -3.807694 -9264.166)
(-0.02909613 -0.6324867 -1895.108)
(-0.04700224 -0.9491622 -1869.393)
(-0.04302928 -1.130589 -1180)
(-0.03598339 -1.232753 -603.4276)
(-0.01209409 -1.233513 -167.1917)
(5.532468e-06 -0.01559768 -6.882655)
(1.232915e-05 -0.01834196 -29.46063)
(9.679965e-05 -0.02757116 -66.7447)
(0.0001387658 -0.04510844 -119.8239)
(-6.317541e-05 -0.07376858 -138.2169)
(-0.002150622 -1.053481 -1021.47)
(-0.004372997 -1.194136 -1132.903)
(-0.01053902 -1.472815 -1903.243)
(-0.02271613 -1.86611 -2610.343)
(-0.01393624 -2.517545 -9294.84)
(-0.02369564 -0.3457787 -1900.381)
(-0.04903554 -0.5817744 -1873.649)
(-0.05134482 -0.6303911 -1181.818)
(-0.04641595 -0.6782566 -603.6493)
(-0.03727697 -0.6683135 -167.2039)
(4.562837e-06 -0.00950184 -6.917806)
(7.665659e-06 -0.01091723 -29.61778)
(1.989086e-05 -0.01578411 -67.09605)
(2.47385e-05 -0.02492737 -120.4503)
(-2.757173e-05 -0.04184006 -138.8803)
(-0.001469555 -0.5845179 -1025.177)
(-0.003537135 -0.6387328 -1134.997)
(-0.008858059 -0.7411136 -1905.586)
(-0.02039622 -0.8753892 -2611.365)
(-0.03820185 -1.053058 -9292.667)
(-0.01426722 -0.1339933 -1906.316)
(-0.04200824 -0.1753273 -1881.133)
(-0.05747697 -0.2550472 -1181.549)
(-0.05128981 -0.2246357 -602.7223)
(-0.05009388 -0.2174011 -166.7018)
(-2.775314e-06 0.009913062 -6.91607)
(-7.163507e-05 0.01134324 -29.61534)
(-9.348976e-05 0.01668847 -67.12171)
(5.155493e-06 0.01606293 -6.878431)
(-1.299784e-05 0.01892509 -29.44581)
(-0.000104219 0.02829565 -66.74394)
(-7.573822e-05 0.04681546 -119.896)
(4.566591e-06 0.01679521 -6.845034)
(6.46568e-06 0.02047153 -29.30513)
(-2.437534e-05 0.03236324 -66.41363)
(-0.0001269066 0.05456924 -119.3517)
(3.250305e-05 0.09473748 -137.6669)
(9.542335e-06 0.02728779 -6.78683)
(6.478885e-06 0.03329158 -29.05685)
(7.689486e-06 0.05269893 -65.86123)
(-0.0001263624 0.09003432 -118.3537)
(-2.382206e-05 0.1496756 -136.7032)
(0.007304598 2.213936 -1009.55)
(7.864857e-05 0.03821464 -6.70041)
(8.755086e-05 0.04675736 -28.66827)
(4.694172e-06 0.07473556 -64.98775)
(-4.849349e-06 0.1279065 -116.8262)
(-0.0003837533 0.2165397 -134.9403)
(0.001490992 3.151167 -1000.082)
(0.01407553 3.718286 -1107.676)
(2.184433e-05 0.04358211 -6.580465)
(5.394642e-05 0.05314032 -28.17105)
(0.0001314834 0.08318848 -63.85392)
(0.0001237654 0.1421849 -114.7793)
(-3.987992e-05 0.2434331 -132.6631)
(-0.004248226 3.536174 -983.8095)
(0.0112046 4.210116 -1096.513)
(0.03579996 5.465092 -1834.716)
(1.472982e-05 0.03863554 -6.462928)
(3.021297e-05 0.04710728 -27.6751)
(8.276917e-05 0.07458704 -62.74248)
(4.854169e-05 0.1267723 -112.8282)
(0.0001046343 0.2134787 -130.4882)
(0.0009212622 3.146369 -968.4262)
(-0.001831114 3.68203 -1082.524)
(0.04532654 4.825725 -1823.246)
(0.07883162 6.344113 -2487.642)
(3.072046e-05 0.02884704 -6.369192)
(1.747177e-05 0.03516153 -27.27308)
(3.881448e-05 0.05567184 -61.85156)
(4.242955e-05 0.09531454 -111.2512)
(-4.834201e-05 0.1598396 -128.7103)
(0.001825752 2.353082 -956.285)
(-0.0002928494 2.76405 -1069.712)
(0.007291869 3.56676 -1809.655)
(0.1172686 4.687849 -2489.684)
(0.1551564 6.179612 -8835.871)
(3.664413e-05 0.01751794 -6.307124)
(3.84912e-05 0.02134454 -27.00098)
(9.117741e-06 0.03378822 -61.23327)
(2.93916e-05 0.05785823 -110.181)
(-5.987336e-05 0.0982068 -127.4616)
(-0.002757307 1.42374 -947.7056)
(0.0004847743 1.684249 -1061.382)
(-0.004371653 2.1658 -1795.836)
(0.03141981 2.773567 -2488.159)
(0.2608043 3.750519 -8906.932)
(0.0390422 0.5973939 -1791.299)
(2.839176e-05 0.005825541 -6.27616)
(4.905623e-05 0.007126309 -26.8715)
(5.509544e-05 0.01127801 -60.92208)
(-3.731795e-05 0.01931105 -109.6121)
(-5.565523e-05 0.03279045 -126.8507)
(-0.003145206 0.4786838 -942.8251)
(-0.005894856 0.558828 -1056.689)
(-0.004425206 0.7260525 -1789.501)
(-0.01492658 0.9480369 -2478.942)
(0.1078756 1.176646 -8964.324)
(0.08087132 0.2018018 -1813.548)
(0.05804075 0.2994428 -1760.473)
(2.103242e-05 -0.005843999 -6.276253)
(3.208842e-05 -0.007088963 -26.87491)
(7.820178e-05 -0.01126858 -60.9372)
(7.486455e-05 -0.0192916 -109.5893)
(-0.0001933598 -0.03275987 -126.794)
(-0.002803405 -0.47852 -942.5731)
(-0.006383518 -0.5632763 -1055.384)
(-0.01455756 -0.7201668 -1788.342)
(-0.0146348 -0.951503 -2479.723)
(-0.009043236 -1.240366 -8969.725)
(0.05876193 -0.2146151 -1830.307)
(0.1236512 -0.304092 -1787.817)
(0.06626224 -0.3717564 -1109.162)
(1.979522e-05 -0.01744492 -6.30816)
(2.398776e-05 -0.02125069 -27.01014)
(3.910784e-05 -0.03362858 -61.24638)
(0.0001209789 -0.05769914 -110.1575)
(7.878758e-05 -0.09796361 -127.351)
(-0.005112125 -1.431132 -946.0607)
(-0.006003517 -1.686036 -1058.842)
(-0.01491133 -2.177376 -1792.019)
(-0.03113628 -2.829597 -2485.193)
(-0.028967 -3.726454 -8999.941)
(0.01674418 -0.5974448 -1829.673)
(0.09149819 -0.9312744 -1804.912)
(0.1456829 -1.183892 -1130.704)
(0.07283814 -1.228422 -568.5649)
(1.742113e-05 -0.0286779 -6.371369)
(1.89097e-05 -0.03493981 -27.27915)
(1.551853e-05 -0.05530369 -61.849)
(2.371106e-05 -0.09483346 -111.2343)
(0.0001971487 -0.16214 -128.5956)
(0.0004164309 -2.354305 -953.8488)
(-0.008888163 -2.774092 -1065.871)
(-0.01518211 -3.588416 -1802.944)
(-0.03213792 -4.702932 -2495.953)
(-0.05823205 -6.125084 -9033.816)
(-0.005069973 -0.9864576 -1839.816)
(0.02259276 -1.482335 -1806.082)
(0.09871367 -1.855547 -1143.687)
(0.1594905 -2.116858 -582.4944)
(0.0876475 -2.033937 -157.9399)
(1.341811e-05 -0.03833898 -6.464492)
(1.531178e-05 -0.04672038 -27.67612)
(1.256244e-05 -0.07398656 -62.73842)
(-1.811541e-05 -0.1267927 -112.7955)
(-0.0001323565 -0.2155671 -130.3667)
(0.002890823 -3.172208 -967.061)
(0.002500794 -3.715328 -1077.102)
(-0.01860856 -4.808678 -1818.885)
(-0.03440648 -6.319111 -2514.396)
(-0.06624781 -8.254935 -9077.165)
(-0.01643107 -1.335374 -1850.669)
(-0.01036895 -2.034384 -1820.347)
(0.02198618 -2.476719 -1145.979)
(0.1065771 -2.774731 -592.5266)
(0.1781199 -2.778033 -162.7081)
(8.655123e-06 -0.04315843 -6.580629)
(1.038097e-05 -0.05260324 -28.17143)
(7.545207e-06 -0.08334676 -63.84999)
(-1.930712e-05 -0.1429263 -114.7533)
(-0.0001296224 -0.2431798 -132.5454)
(-0.003667741 -3.558595 -982.1618)
(0.003690741 -4.202383 -1094.072)
(0.002617565 -5.443227 -1840.165)
(-0.03676664 -7.154374 -2536.965)
(-0.07186718 -9.355875 -9132.441)
(-0.02572471 -1.496129 -1864.576)
(-0.03356038 -2.300852 -1835.814)
(-0.01660864 -2.862942 -1156.594)
(0.02594424 -3.104051 -593.7893)
(0.120323 -3.164538 -166.1852)
(7.448609e-06 -0.03842001 -6.700513)
(6.215128e-06 -0.04683112 -28.68281)
(2.994639e-06 -0.07424547 -64.99856)
(-2.152829e-05 -0.1274319 -116.7804)
(-0.0001147154 -0.2170542 -134.8091)
(-0.003429426 -3.17967 -997.8104)
(-0.006108294 -3.75676 -1109.68)
(0.005940172 -4.885095 -1868.016)
(-0.0001548998 -6.504035 -2561.671)
(-0.06725948 -8.417486 -9186.199)
(-0.02638177 -1.381655 -1878.299)
(-0.04729078 -2.10669 -1852.556)
(-0.04311015 -2.580007 -1167.002)
(-0.01366447 -2.786442 -598.5212)
(0.03178346 -2.795993 -166.3713)
(7.84709e-06 -0.02709346 -6.79135)
(8.087318e-06 -0.03302593 -29.06925)
(2.25789e-06 -0.05238828 -65.86748)
(-1.758237e-05 -0.09002449 -118.3155)
(-9.704131e-05 -0.1535848 -136.5262)
(-0.00284468 -2.253767 -1009.71)
(-0.00565507 -2.665915 -1121.279)
(-0.01132594 -3.473718 -1886.1)
(0.0005221457 -4.54298 -2588.948)
(-0.01692625 -6.082299 -9229.325)
(-0.02847007 -0.974865 -1887.523)
(-0.05032487 -1.562358 -1862.212)
(-0.04862267 -1.905831 -1174.261)
(-0.03712876 -1.987104 -601.3383)
(-0.01173251 -1.9852 -167.0587)
(5.925691e-06 -0.01666438 -6.849475)
(1.001611e-05 -0.02031225 -29.31843)
(1.338312e-05 -0.0321924 -66.42521)
(-6.116108e-06 -0.05389284 -119.3023)
(-6.827393e-05 -0.09196804 -137.6297)
(-0.002283929 -1.351394 -1017.357)
(-0.004620686 -1.600726 -1128.723)
(-0.01106281 -2.097726 -1896.864)
(-0.01389487 -2.803498 -2603.039)
(-0.002033315 -3.821201 -9266.027)
(-0.02174774 -0.6043318 -1893.167)
(-0.04712877 -0.9791874 -1870.395)
(-0.05600514 -1.18504 -1178.462)
(-0.04767563 -1.247245 -602.4397)
(-0.03773686 -1.234475 -167.138)
(3.845943e-06 -0.01559683 -6.882752)
(6.939809e-06 -0.01834516 -29.46181)
(2.365327e-05 -0.02757213 -66.75115)
(0.0001785606 -0.04510742 -119.8695)
(0.0002264873 -0.07378192 -138.2069)
(-0.001457405 -1.054026 -1021.245)
(-0.003555229 -1.195309 -1132.35)
(-0.008963474 -1.475587 -1901.791)
(-0.02069804 -1.871859 -2607.271)
(-0.03907554 -2.410672 -9284.043)
(-0.01457179 -0.3535641 -1904.439)
(-0.03837524 -0.4956006 -1879.01)
(-0.05727904 -0.7169743 -1181.741)
(-0.05675451 -0.6892526 -602.3852)
(-0.05059683 -0.6745739 -166.7832)
(4.221582e-06 -0.009506947 -6.917856)
(5.221332e-06 -0.01091995 -29.61827)
(1.320504e-05 -0.01579191 -67.09946)
(4.20282e-05 -0.02483066 -120.4607)
(4.678279e-05 -0.03930792 -138.8768)
(-0.0006826973 -0.5844192 -1025.056)
(-0.002403373 -0.63877 -1134.576)
(-0.007241953 -0.7415105 -1904.35)
(-0.01755956 -0.8765782 -2608.698)
(-0.03782829 -1.055679 -9279.856)
(-0.01071191 -0.1358928 -1906.194)
(-0.02240144 -0.1780852 -1888.209)
(-0.04828439 -0.2078954 -1187.803)
(-0.06324438 -0.2761241 -601.2729)
(-0.0570129 -0.2205477 -166.0469)
(4.105933e-06 0.009908711 -6.916175)
(-4.028602e-06 0.01143759 -29.6134)
(-0.0001070319 0.01646043 -67.10638)
(-0.0001307328 0.02648194 -120.5267)
(1.798659e-06 0.01604297 -6.878038)
(4.072241e-06 0.01891166 -29.44632)
(-2.750504e-05 0.02846992 -66.73026)
(-0.0001448142 0.04617833 -119.916)
(1.437258e-06 0.07673149 -138.3156)
(3.714918e-06 0.01675644 -6.84451)
(9.772094e-07 0.0204291 -29.30318)
(1.512705e-06 0.03232992 -66.41453)
(-5.043e-05 0.05527431 -119.3302)
(-7.28783e-05 0.09235142 -137.753)
(0.003424739 1.392152 -1017.503)
(2.948937e-05 0.02666955 -6.786468)
(6.157697e-06 0.03321142 -29.05426)
(-7.991455e-06 0.05260917 -65.85524)
(-6.612453e-06 0.09004673 -118.3562)
(-0.000242258 0.1524271 -136.6364)
(0.003345043 2.179662 -1011.743)
(0.01386995 2.621529 -1119.787)
(1.715189e-05 0.03827445 -6.701102)
(9.744485e-05 0.04646974 -28.68572)
(0.0001325434 0.07383302 -64.97996)
(-3.717017e-05 0.1277217 -116.8099)
(-6.328257e-05 0.2166705 -134.9312)
(-0.005641743 3.152065 -999.5823)
(0.009017786 3.714073 -1112.637)
(0.03426773 4.852554 -1860.393)
(8.253838e-06 0.04353502 -6.579829)
(2.238476e-05 0.0530638 -28.17415)
(7.767745e-05 0.08403112 -63.86356)
(0.0001937087 0.1421102 -114.8027)
(0.0001133565 0.2408475 -132.6355)
(-0.001455754 3.546073 -983.6938)
(-0.003543218 4.153742 -1097.155)
(0.03879109 5.455934 -1847.088)
(0.07792531 7.224436 -2516.829)
(3.069939e-05 0.03858131 -6.46266)
(1.163346e-05 0.04703691 -27.67211)
(3.015905e-05 0.07449522 -62.74839)
(0.000111924 0.1275633 -112.8344)
(-2.800635e-05 0.2147426 -130.4417)
(-0.0001864292 3.110809 -968.5118)
(-0.0004583664 3.698896 -1081.816)
(0.005409211 4.740584 -1828.159)
(0.1147752 6.351677 -2512.081)
(0.1547708 8.339699 -8899.234)
(3.409066e-05 0.02885878 -6.370546)
(3.539342e-05 0.0351161 -27.27163)
(3.620865e-06 0.05559816 -61.84152)
(2.117424e-05 0.09522093 -111.2553)
(-3.279916e-05 0.1616382 -128.6639)
(-0.002727454 2.328335 -955.9716)
(7.499305e-05 2.767068 -1069.651)
(-0.003731358 3.564577 -1808.314)
(0.03379689 4.679623 -2502.722)
(0.2576634 6.190024 -8945.023)
(0.04092902 0.9888455 -1800.662)
(2.734977e-05 0.0174751 -6.307755)
(4.464458e-05 0.02132454 -27.00715)
(5.28877e-05 0.03374931 -61.22686)
(-4.136373e-05 0.05779281 -110.1505)
(-6.095209e-05 0.09814034 -127.4537)
(-0.002850147 1.432679 -947.0207)
(-0.005847363 1.673583 -1060.767)
(-0.004826975 2.173216 -1795.802)
(-0.008207804 2.837588 -2486.24)
(0.1061824 3.651656 -8980.619)
(0.08219354 0.6226476 -1818.135)
(0.05818067 0.8984168 -1765.522)
(2.103254e-05 0.005844004 -6.276253)
(3.208849e-05 0.007088956 -26.87491)
(7.820202e-05 0.01126858 -60.9372)
(7.486469e-05 0.01929158 -109.5893)
(-0.0001933607 0.03275987 -126.794)
(-0.002803407 0.4785203 -942.5731)
(-0.006383526 0.5632765 -1055.384)
(-0.01455756 0.7201669 -1788.342)
(-0.0146348 0.9515032 -2479.723)
(-0.00904321 1.240365 -8969.724)
(0.05876193 0.2146147 -1830.307)
(0.1236512 0.304091 -1787.817)
(0.06626224 0.3717552 -1109.162)
(2.4067e-05 -0.005839159 -6.276432)
(2.210085e-05 -0.007113781 -26.8747)
(4.100978e-05 -0.01120255 -60.944)
(0.0001347818 -0.01927893 -109.6196)
(8.278514e-05 -0.03273247 -126.7485)
(-0.0050504 -0.4781627 -941.8608)
(-0.005969797 -0.563294 -1054.664)
(-0.01567424 -0.7274031 -1785.676)
(-0.03133374 -0.943309 -2478.056)
(-0.02825689 -1.244527 -8980.061)
(0.01814268 -0.1995244 -1825.377)
(0.09186604 -0.329989 -1802.124)
(0.1426005 -0.3782794 -1127.435)
(0.07260797 -0.4094394 -567.2924)
(1.917e-05 -0.01739742 -6.308375)
(2.122311e-05 -0.02123328 -27.01028)
(2.498508e-05 -0.0335987 -61.24479)
(4.271478e-05 -0.05752705 -110.1626)
(0.0002063452 -0.09793848 -127.393)
(0.0004526022 -1.43024 -945.4665)
(-0.008796902 -1.685039 -1057.523)
(-0.01523866 -2.179035 -1790.243)
(-0.03388915 -2.855381 -2481.184)
(-0.05859544 -3.707988 -8994.739)
(-0.005314692 -0.5975522 -1831.167)
(0.02255037 -0.8991522 -1796.829)
(0.1044664 -1.157073 -1137.766)
(0.1598703 -1.307191 -580.6495)
(0.08168722 -1.227923 -157.7155)
(1.832374e-05 -0.0286564 -6.371567)
(1.884413e-05 -0.03490956 -27.27942)
(1.86164e-05 -0.05525434 -61.84639)
(-7.456649e-06 -0.09463431 -111.2178)
(-1.8917e-05 -0.1610098 -128.5964)
(0.003023601 -2.373503 -954.293)
(-0.0003340886 -2.773151 -1064.751)
(-0.01866521 -3.587429 -1800.101)
(-0.03484599 -4.711211 -2492.482)
(-0.06812542 -6.151671 -9018.483)
(-0.01604833 -1.001468 -1838.382)
(-0.01288256 -1.487221 -1806.801)
(0.02137984 -1.84267 -1137.096)
(0.1076934 -2.05082 -588.9741)
(0.1791166 -2.1192 -162.4172)
(1.114998e-05 -0.03828816 -6.46464)
(1.449341e-05 -0.0466811 -27.6763)
(1.489487e-05 -0.07391899 -62.73619)
(-6.635995e-06 -0.1266756 -112.7818)
(-0.0001104779 -0.2153854 -130.3311)
(-0.003408666 -3.15039 -966.6485)
(0.003731893 -3.746448 -1078.493)
(0.002076519 -4.810571 -1816.472)
(-0.0373418 -6.318839 -2509.38)
(-0.0728285 -8.277369 -9058.151)
(-0.02557451 -1.318019 -1848.35)
(-0.02934644 -2.018038 -1818.334)
(-0.01664649 -2.534755 -1146.27)
(0.02269504 -2.731175 -589.6473)
(0.1223055 -2.787035 -166.0779)
(8.606746e-06 -0.04313851 -6.580733)
(9.351252e-06 -0.05256567 -28.17152)
(9.480696e-06 -0.0832755 -63.84787)
(-9.824448e-06 -0.1428036 -114.7413)
(-9.796448e-05 -0.2429974 -132.5155)
(-0.003280716 -3.556719 -981.6899)
(-0.006023788 -4.199977 -1093.416)
(0.005509747 -5.455334 -1843.13)
(-0.001870876 -7.165762 -2532.689)
(-0.0710034 -9.377613 -9108.817)
(-0.02608275 -1.499559 -1861.67)
(-0.04349203 -2.258954 -1834.405)
(-0.04307454 -2.868877 -1156.364)
(-0.01938698 -3.157704 -594.221)
(0.03254434 -3.109391 -166.1019)
(8.191133e-06 -0.03841664 -6.700922)
(9.310677e-06 -0.04680947 -28.68297)
(5.760476e-06 -0.0741961 -64.99715)
(-1.069594e-05 -0.1273377 -116.7705)
(-8.759023e-05 -0.2169214 -134.7839)
(-0.002792505 -3.178566 -997.422)
(-0.005738966 -3.756783 -1108.814)
(-0.01170213 -4.886773 -1866.969)
(0.007139326 -6.455644 -2566.482)
(-0.01953193 -8.527419 -9164.871)
(-0.02333632 -1.339617 -1874.322)
(-0.04256471 -2.10909 -1850.739)
(-0.05780464 -2.631553 -1167.615)
(-0.04812784 -2.847535 -598.1064)
(-0.01154759 -2.789907 -166.875)
(6.672515e-06 -0.02709068 -6.79162)
(1.04889e-05 -0.03302002 -29.07108)
(1.376437e-05 -0.05237647 -65.86712)
(-4.648521e-06 -0.08997456 -118.3097)
(-6.376642e-05 -0.153515 -136.5067)
(-0.002280827 -2.253433 -1009.392)
(-0.00472516 -2.666642 -1120.569)
(-0.01149028 -3.477757 -1884.265)
(-0.0202427 -4.605073 -2588.164)
(-0.007261721 -6.0325 -9230.233)
(-0.02180289 -0.9581343 -1885.599)
(-0.04624383 -1.486269 -1862.332)
(-0.06057752 -1.950952 -1174.022)
(-0.05399054 -2.102872 -600.35)
(-0.03870237 -1.988514 -167.0338)
(3.725847e-06 -0.01665547 -6.849588)
(7.425041e-06 -0.02030908 -29.31965)
(1.92663e-05 -0.0322322 -66.42988)
(2.527995e-05 -0.05533541 -119.3008)
(-2.797127e-05 -0.09196512 -137.619)
(-0.001556525 -1.351894 -1017.118)
(-0.003758192 -1.602193 -1128.141)
(-0.009414481 -2.101791 -1895.34)
(-0.0216047 -2.812587 -2599.826)
(-0.0286663 -3.755864 -9264.443)
(-0.01727614 -0.6166557 -1896.521)
(-0.03425326 -0.9241179 -1870.385)
(-0.0551818 -1.22606 -1179.884)
(-0.06198187 -1.308656 -601.1594)
(-0.05181256 -1.247866 -166.7288)
(3.64196e-06 -0.01560605 -6.882763)
(4.286037e-06 -0.01834437 -29.46223)
(1.193175e-05 -0.02757746 -66.75432)
(5.030332e-05 -0.04510445 -119.8839)
(0.0003201896 -0.0737763 -138.2602)
(0.003055946 -1.05432 -1021.123)
(-0.002402909 -1.196219 -1131.923)
(-0.007324605 -1.477959 -1900.533)
(-0.0178274 -1.876963 -2604.557)
(-0.03844475 -2.420129 -9271.014)
(-0.01098033 -0.3777993 -1904.258)
(-0.02289404 -0.5100376 -1886.038)
(-0.04360779 -0.6099824 -1186.413)
(-0.06304299 -0.7865942 -601.7625)
(-0.06263327 -0.6855684 -166.1292)
(4.464071e-05 -0.009507637 -6.917901)
(4.606189e-06 -0.01092658 -29.61841)
(7.09448e-06 -0.01579686 -67.10062)
(2.568419e-05 -0.02484475 -120.4683)
(8.997176e-05 -0.03910669 -138.8923)
(0.0007846226 -0.5471316 -1025.011)
(-0.001143972 -0.6386877 -1134.356)
(-0.004864531 -0.7417866 -1903.408)
(-0.01435398 -0.8776302 -2606.379)
(-0.03295304 -1.058077 -9268.279)
(-0.009470405 -0.1366597 -1903.183)
(-0.01627339 -0.1812293 -1888.541)
(-0.0251152 -0.2112431 -1193.406)
(-0.05257624 -0.2232787 -603.7177)
(-0.07148349 -0.2736321 -165.2418)
(5.608765e-07 0.009902557 -6.915764)
(2.916907e-06 0.01143288 -29.61389)
(-8.010535e-06 0.01666054 -67.1018)
(-0.0001551407 0.02593214 -120.52)
(-0.0001232721 0.04201802 -138.992)
(1.013089e-06 0.01602291 -6.877479)
(-2.07263e-06 0.01888958 -29.44425)
(-9.090516e-07 0.02845894 -66.73171)
(-5.838587e-05 0.04653261 -119.8878)
(-0.0001324393 0.07517393 -138.3878)
(0.002717503 1.097689 -1022.127)
(4.913227e-06 0.01670999 -6.844013)
(-4.887503e-07 0.02038606 -29.30033)
(-1.489781e-05 0.03227718 -66.40823)
(-1.445966e-05 0.05524737 -119.3321)
(-8.900818e-05 0.09364713 -137.7285)
(0.002043216 1.346308 -1018.983)
(0.008468215 1.650283 -1128.039)
(7.633455e-05 0.02655064 -6.78799)
(3.390414e-05 0.03241132 -29.05204)
(-1.027474e-05 0.05250316 -65.84635)
(-5.361979e-05 0.08993785 -118.3397)
(-4.621228e-05 0.1526084 -136.6405)
(-0.003574515 2.219257 -1011.269)
(0.009833884 2.566285 -1124.35)
(0.03238249 3.435673 -1879.325)
(3.868814e-06 0.03875972 -6.700542)
(1.753003e-05 0.04655782 -28.68841)
(0.0001568346 0.07332015 -65.01875)
(0.0002032684 0.1261333 -116.7859)
(-0.000157833 0.2164736 -134.9038)
(-0.00169596 3.156944 -999.4492)
(-0.005585353 3.703745 -1112.871)
(0.03406418 4.822439 -1871.927)
(0.07430206 6.460447 -2548.059)
(2.502398e-05 0.04347361 -6.579427)
(4.032577e-06 0.05301375 -28.17059)
(1.938494e-05 0.08393046 -63.86888)
(0.0001093784 0.1437398 -114.8127)
(0.0002396769 0.2408245 -132.6492)
(0.0001147938 3.509889 -983.3873)
(-0.002526921 4.169983 -1096.958)
(0.002418822 5.353239 -1850.107)
(0.1027804 7.194338 -2540.418)
(0.1522998 9.532954 -8981.107)
(3.00994e-05 0.03857874 -6.46452)
(3.694786e-05 0.04697296 -27.67022)
(-4.945601e-06 0.07439311 -62.73743)
(8.754987e-06 0.1274454 -112.8381)
(0.0001091856 0.2163668 -130.4352)
(-0.002270451 3.129689 -967.9602)
(-0.002223504 3.659874 -1081.764)
(-0.003968836 4.771914 -1826.703)
(0.0305689 6.210614 -2524.482)
(0.2535338 8.349215 -9006.518)
(0.04082957 1.338159 -1814.762)
(2.251123e-05 0.02878171 -6.371096)
(4.159495e-05 0.03514623 -27.27764)
(4.847702e-05 0.05553105 -61.83456)
(-4.975414e-05 0.09510862 -111.224)
(-7.170975e-05 0.1615337 -128.6561)
(-0.002302346 2.358087 -955.3887)
(-0.00574729 2.738066 -1068.943)
(-0.005329681 3.570531 -1808.374)
(-0.007275598 4.671398 -2500.794)
(0.1051723 6.141299 -9020.462)
(0.08190922 1.014405 -1826.284)
(0.06209559 1.487325 -1775.706)
(2.239381e-05 0.01745917 -6.308009)
(3.083528e-05 0.02127002 -27.00962)
(7.064723e-05 0.03372217 -61.24183)
(7.164381e-05 0.05773311 -110.1273)
(-0.0001990469 0.0980468 -127.3967)
(-0.002856127 1.432217 -946.7724)
(-0.005940971 1.685923 -1059.553)
(-0.01443735 2.158295 -1794.512)
(-0.01521486 2.848406 -2487.076)
(-0.001946537 3.713326 -8989.507)
(0.05854137 0.6145648 -1833.335)
(0.1262932 0.9490013 -1792.812)
(0.06645676 1.115303 -1112.464)
(2.406703e-05 0.005839158 -6.276431)
(2.210099e-05 0.007113788 -26.8747)
(4.100987e-05 0.01120254 -60.944)
(0.0001347822 0.01927894 -109.6196)
(8.27854e-05 0.03273244 -126.7485)
(-0.005050408 0.4781627 -941.8608)
(-0.005969802 0.5632941 -1054.664)
(-0.01567425 0.7274031 -1785.676)
(-0.03133376 0.9433086 -2478.056)
(-0.0282569 1.244527 -8980.061)
(0.01814269 0.199524 -1825.377)
(0.09186605 0.3299882 -1802.124)
(0.1426005 0.378278 -1127.435)
(0.07260796 0.409438 -567.2924)
(2.325765e-05 -0.005801291 -6.276923)
(2.670007e-05 -0.007107827 -26.87495)
(2.122937e-05 -0.01124955 -60.94058)
(4.568664e-05 -0.01915383 -109.6291)
(0.0002307425 -0.03272028 -126.7902)
(0.0004834761 -0.4778631 -941.2648)
(-0.00874998 -0.5629623 -1053.341)
(-0.01525954 -0.727912 -1783.88)
(-0.03504704 -0.9537885 -2473.784)
(-0.05878419 -1.235094 -8975.456)
(-0.005414434 -0.1995308 -1826.835)
(0.02530865 -0.3002722 -1792.192)
(0.1049239 -0.4083814 -1136.133)
(0.1567195 -0.4172917 -579.4041)
(0.08144996 -0.4091668 -157.6118)
(2.065164e-05 -0.01738657 -6.308616)
(2.097309e-05 -0.02117279 -27.01076)
(2.219827e-05 -0.03357135 -61.24261)
(9.722129e-06 -0.0574791 -110.1508)
(1.46429e-05 -0.09763071 -127.395)
(0.003110382 -1.430527 -945.893)
(-0.0003695354 -1.684365 -1056.388)
(-0.01867534 -2.178362 -1787.383)
(-0.03508589 -2.859809 -2477.651)
(-0.06986792 -3.733367 -8978.761)
(-0.01590545 -0.6018359 -1829.936)
(-0.01355395 -0.8995189 -1797.432)
(0.02134245 -1.117713 -1131.079)
(0.1141957 -1.277513 -586.7752)
(0.179101 -1.308427 -162.4488)
(1.533876e-05 -0.02860556 -6.371965)
(2.070647e-05 -0.0348832 -27.27992)
(2.045431e-05 -0.05520716 -61.84489)
(3.220896e-06 -0.09455381 -111.2052)
(-9.46324e-05 -0.1606673 -128.5614)
(-0.001304614 -2.352341 -954.2687)
(0.003790672 -2.803263 -1065.449)
(-0.003123865 -3.587967 -1797.628)
(-0.0376689 -4.710702 -2487.446)
(-0.07345293 -6.165747 -8999.228)
(-0.0240737 -0.9816613 -1835.475)
(-0.0286428 -1.516495 -1805.13)
(-0.01965452 -1.85198 -1137.472)
(0.02186469 -2.031809 -586.3656)
(0.1234461 -2.059912 -165.8079)
(9.500984e-06 -0.03827212 -6.464789)
(1.234719e-05 -0.04661709 -27.67672)
(1.584806e-05 -0.07385727 -62.73493)
(2.022916e-06 -0.1265661 -112.7712)
(-7.944814e-05 -0.21521 -130.302)
(-0.003075273 -3.148322 -966.1691)
(-0.005818155 -3.715457 -1077.819)
(0.005211147 -4.869724 -1819.292)
(-0.003197269 -6.325008 -2504.98)
(-0.07168172 -8.272715 -9034.897)
(-0.02594953 -1.321268 -1845.315)
(-0.04337852 -1.987312 -1816.702)
(-0.03783708 -2.509916 -1144.962)
(-0.01947703 -2.797011 -590.6512)
(0.02996868 -2.734097 -165.8732)
(8.360344e-06 -0.04313787 -6.581152)
(1.071906e-05 -0.05254188 -28.17189)
(1.054049e-05 -0.08321802 -63.84713)
(-4.64718e-07 -0.1426895 -114.7325)
(-7.119951e-05 -0.2428205 -132.4908)
(-0.002633408 -3.554769 -981.2893)
(-0.005696426 -4.198781 -1092.504)
(-0.01193554 -5.454906 -1841.997)
(0.005860142 -7.196935 -2537.237)
(-0.02252496 -9.392852 -9087.593)
(-0.02282646 -1.49247 -1857.18)
(-0.04218114 -2.26721 -1832.78)
(-0.05325409 -2.817442 -1155.791)
(-0.04835423 -3.166444 -594.4789)
(-0.01697674 -3.159567 -166.6541)
(7.897493e-06 -0.03841486 -6.701199)
(1.094489e-05 -0.04680478 -28.68491)
(1.588037e-05 -0.07416256 -64.99719)
(1.055658e-06 -0.12726 -116.7653)
(-5.446726e-05 -0.2167912 -134.7644)
(-0.002211466 -3.17735 -997.0908)
(-0.004774879 -3.75652 -1108.062)
(-0.01192582 -4.889876 -1865.024)
(-0.0212143 -6.46322 -2565.547)
(-0.0004846855 -8.499759 -9169.975)
(-0.02219578 -1.324716 -1870.476)
(-0.03617552 -2.026208 -1847.806)
(-0.05067467 -2.634599 -1166.832)
(-0.06388166 -2.906263 -598.4546)
(-0.04954149 -2.848504 -166.8885)
(3.442198e-06 -0.02707374 -6.791766)
(8.339291e-06 -0.03301664 -29.07235)
(2.024814e-05 -0.05236331 -65.87213)
(2.658885e-05 -0.08995254 -118.3082)
(-2.551983e-05 -0.1534446 -136.4961)
(-0.001525829 -2.252928 -1009.144)
(-0.003826845 -2.667076 -1119.956)
(-0.009777401 -3.481165 -1882.658)
(-0.02260353 -4.614845 -2584.787)
(-0.03378126 -6.085074 -9224.133)
(-0.01638436 -0.9841143 -1888.785)
(-0.03449637 -1.458185 -1862.21)
(-0.05445669 -1.858662 -1174.761)
(-0.067156 -2.151245 -599.8283)
(-0.05820259 -2.103517 -166.644)
(3.168803e-06 -0.01666841 -6.849564)
(4.090199e-06 -0.02029826 -29.32013)
(1.273177e-05 -0.03222648 -66.43315)
(4.147089e-05 -0.05541273 -119.3116)
(4.954401e-05 -0.09448798 -137.6159)
(-0.0006864937 -1.352033 -1016.988)
(-0.002547998 -1.603255 -1127.69)
(-0.007696693 -2.105236 -1894.017)
(-0.01862536 -2.820664 -2596.986)
(-0.03992957 -3.771518 -9250.871)
(-0.01335218 -0.6269507 -1900.172)
(-0.02859503 -0.9463781 -1876.715)
(-0.03871963 -1.161052 -1180.445)
(-0.06079698 -1.354981 -601.3753)
(-0.06805486 -1.3107 -166.0757)
(5.417151e-06 -0.01560736 -6.882803)
(3.849602e-06 -0.01835647 -29.4622)
(5.418764e-06 -0.02757689 -66.7553)
(2.334289e-05 -0.04511323 -119.8912)
(0.0001077402 -0.07375894 -138.2815)
(0.00486499 -1.054174 -1021.521)
(0.003155436 -1.196673 -1131.701)
(-0.004901116 -1.479792 -1899.574)
(-0.01457177 -1.881452 -2602.197)
(-0.03350958 -2.428714 -9259.239)
(-0.009641279 -0.3797731 -1901.196)
(-0.01671713 -0.5609355 -1886.316)
(-0.02570596 -0.6294339 -1191.986)
(-0.0473206 -0.6678172 -603.3587)
(-0.07112398 -0.7864163 -165.5609)
(7.307675e-06 -0.009899243 -6.920886)
(5.660725e-05 -0.01092752 -29.61852)
(5.265114e-06 -0.01580866 -67.10055)
(9.681257e-06 -0.02485415 -120.4706)
(5.179005e-05 -0.0391307 -138.9038)
(0.001644398 -0.5436339 -1025.173)
(0.001053449 -0.5957682 -1134.277)
(-0.002310248 -0.7417767 -1902.927)
(-0.009479981 -0.8784019 -2604.649)
(-0.02682963 -1.060258 -9258.142)
(-0.008518171 -0.1373747 -1900.528)
(-0.01433051 -0.1824721 -1885.498)
(-0.01871612 -0.2150843 -1193.731)
(-0.02690822 -0.2270752 -606.4447)
(-0.05984187 -0.2174559 -165.2239)
(-1.890192e-07 0.009896356 -6.915188)
(-3.450498e-06 0.01142603 -29.61176)
(-2.298106e-06 0.01665522 -67.10327)
(-1.412188e-05 0.02637836 -120.5117)
(-0.0001622415 0.04077018 -139.0242)
(0.0004354187 0.5869156 -1026.084)
(2.049938e-06 0.016004 -6.876948)
(-3.465629e-06 0.01886743 -29.44129)
(-1.858947e-05 0.02843176 -66.72528)
(-1.533428e-05 0.04654013 -119.892)
(-0.0001097436 0.07583366 -138.3503)
(0.0006407712 1.067788 -1023.444)
(0.007375898 1.247103 -1132.854)
(4.069538e-05 0.01648213 -6.843688)
(1.482619e-06 0.02033297 -29.29757)
(-1.921721e-05 0.03222403 -66.39904)
(-6.159898e-05 0.05518691 -119.3156)
(-5.48115e-05 0.0936705 -137.7319)
(-0.001071194 1.364948 -1018.871)
(0.007590693 1.585455 -1131.553)
(0.02394113 2.166177 -1892.391)
(5.609497e-05 0.0269054 -6.791551)
(9.625419e-05 0.03225212 -29.05841)
(4.490686e-05 0.05109189 -65.83813)
(-6.369716e-05 0.08980279 -118.3147)
(-0.0001749433 0.1525108 -136.614)
(-0.001082313 2.224855 -1011.326)
(-0.003383357 2.606856 -1124.28)
(0.03126453 3.335024 -1890.006)
(0.06968298 4.602019 -2571.172)
(1.915976e-05 0.03875295 -6.700029)
(-4.965363e-07 0.04720869 -28.68534)
(1.494001e-05 0.0735078 -65.02341)
(0.0002617171 0.125155 -116.8513)
(0.0002696647 0.2137897 -134.8615)
(-0.003732776 3.155686 -999.1612)
(-0.002744741 3.713137 -1112.62)
(-0.001191199 4.776609 -1874.125)
(0.0939867 6.389928 -2570.102)
(0.1456929 8.605358 -9070.019)
(2.476937e-05 0.04341979 -6.581185)
(3.033212e-05 0.05294259 -28.16818)
(-1.582106e-05 0.08387937 -63.85684)
(-5.872469e-06 0.1436128 -114.8163)
(0.0001170924 0.2438499 -132.6489)
(0.001847438 3.511103 -983.3233)
(-0.001687483 4.130455 -1096.519)
(-0.004570392 5.383437 -1849.72)
(0.02552917 7.023126 -2549.693)
(0.2358186 9.481841 -9084.865)
(0.04029446 1.536693 -1833.054)
(1.433e-05 0.03848824 -6.464372)
(3.683643e-05 0.04698652 -27.67883)
(5.696528e-05 0.07430062 -62.72964)
(-6.260264e-05 0.1272935 -112.8055)
(-8.730944e-05 0.216254 -130.4279)
(5.327035e-05 3.156817 -967.7212)
(-0.005067952 3.682241 -1080.82)
(-0.007810623 4.731687 -1826.763)
(-0.007748889 6.25738 -2522.254)
(0.1002098 8.161059 -9080.08)
(0.08140609 1.34139 -1839.884)
(0.06197362 2.013415 -1791.042)
(1.801324e-05 0.02872863 -6.371105)
(2.470029e-05 0.03503817 -27.27977)
(6.61082e-05 0.05563915 -61.84932)
(6.546992e-05 0.09500735 -111.2001)
(-0.0002106996 0.1613756 -128.5986)
(-0.002959983 2.357495 -955.1488)
(-0.005153637 2.775214 -1067.87)
(-0.01418803 3.537131 -1806.916)
(-0.01574111 4.681442 -2501.746)
(-0.0009150544 6.116244 -9028.987)
(0.05640142 0.9911659 -1841.992)
(0.1257073 1.539265 -1801.423)
(0.07170301 1.846097 -1119.128)
(1.97953e-05 0.01744492 -6.30816)
(2.398807e-05 0.02125069 -27.01014)
(3.910808e-05 0.03362858 -61.24638)
(0.000120979 0.05769915 -110.1575)
(7.878771e-05 0.09796362 -127.351)
(-0.005112172 1.431133 -946.0607)
(-0.006003553 1.686036 -1058.842)
(-0.01491136 2.177376 -1792.019)
(-0.03113632 2.829597 -2485.193)
(-0.02896702 3.726454 -8999.941)
(0.01674421 0.5974448 -1829.673)
(0.0914982 0.9312742 -1804.912)
(0.1456829 1.183892 -1130.704)
(0.07283813 1.228422 -568.5649)
(2.325762e-05 0.005801298 -6.276923)
(2.67001e-05 0.007107826 -26.87495)
(2.122955e-05 0.01124956 -60.94058)
(4.568674e-05 0.01915382 -109.6291)
(0.0002307429 0.03272029 -126.7902)
(0.0004834806 0.4778628 -941.2648)
(-0.008749984 0.5629621 -1053.341)
(-0.01525955 0.7279117 -1783.88)
(-0.03504707 0.9537882 -2473.784)
(-0.05878422 1.235093 -8975.456)
(-0.005414439 0.1995308 -1826.835)
(0.02530867 0.3002714 -1792.192)
(0.1049239 0.4083804 -1136.133)
(0.1567195 0.4172902 -579.4041)
(0.08144996 0.4091653 -157.6118)
(1.782369e-05 -0.005798291 -6.27718)
(2.621899e-05 -0.007059019 -26.87665)
(3.170153e-05 -0.01124006 -60.93864)
(1.755324e-06 -0.01924912 -109.6135)
(1.886591e-05 -0.03248963 -126.7978)
(0.003472558 -0.4778751 -941.6849)
(-0.0003683747 -0.5627269 -1052.198)
(-0.01867514 -0.7276809 -1781.012)
(-0.03519312 -0.955187 -2470.223)
(-0.07124065 -1.246839 -8958.861)
(-0.01584429 -0.2008686 -1825.817)
(-0.01389191 -0.3003275 -1792.741)
(0.02453341 -0.3732554 -1128.065)
(0.1147018 -0.4480863 -586.3178)
(0.1756386 -0.4175137 -162.3592)
(1.737394e-05 -0.01740241 -6.309108)
(2.358277e-05 -0.02115953 -27.01144)
(2.376977e-05 -0.03346774 -61.24153)
(8.958854e-06 -0.05743423 -110.1389)
(-6.45118e-05 -0.09755945 -127.3659)
(-0.0008058866 -1.425891 -945.8747)
(0.003828885 -1.685646 -1057.049)
(-0.00336225 -2.17844 -1784.875)
(-0.0378443 -2.859415 -2472.6)
(-0.07381831 -3.741077 -8959.373)
(-0.0237037 -0.5957746 -1826.769)
(-0.02847156 -0.9108642 -1796.048)
(-0.02071423 -1.118961 -1131.368)
(0.0221211 -1.232372 -584.1495)
(0.1300307 -1.286965 -165.6621)
(9.895563e-06 -0.02859415 -6.372141)
(1.76414e-05 -0.03481865 -27.28143)
(2.638712e-05 -0.05516543 -61.8443)
(1.114985e-05 -0.09447728 -111.1956)
(-6.455779e-05 -0.1605446 -128.5331)
(-0.002892425 -2.347393 -953.7862)
(-0.00281714 -2.773014 -1065.409)
(0.005032853 -3.643464 -1799.04)
(-0.01152149 -4.713807 -2482.962)
(-0.0721414 -6.162813 -8976.16)
(-0.02589376 -0.9838508 -1832.363)
(-0.040705 -1.479383 -1802.661)
(-0.03692429 -1.886343 -1136.445)
(-0.02244952 -2.044108 -587.4603)
(0.02928298 -2.033212 -165.7058)
(8.192682e-06 -0.03827523 -6.465203)
(1.177431e-05 -0.04659816 -27.67727)
(1.509622e-05 -0.07374973 -62.73487)
(9.8118e-06 -0.1264646 -112.7635)
(-5.356718e-05 -0.2150451 -130.2781)
(-0.002427477 -3.14624 -965.7634)
(-0.005557813 -3.713742 -1076.876)
(-0.01193808 -4.819179 -1818.102)
(0.004862572 -6.426091 -2509.295)
(-0.0248526 -8.28193 -9013.619)
(-0.02255346 -1.316686 -1840.85)
(-0.04217404 -1.994674 -1814.9)
(-0.0532941 -2.476448 -1144.214)
(-0.0426473 -2.765002 -590.2853)
(-0.01681335 -2.798135 -166.6456)
(9.599195e-06 -0.04313848 -6.581427)
(1.11464e-05 -0.052541 -28.1739)
(1.814884e-05 -0.08318203 -63.84764)
(8.759355e-06 -0.1425976 -114.7283)
(-3.961149e-05 -0.2426516 -132.4718)
(-0.002044151 -3.552819 -980.9485)
(-0.004706321 -4.197382 -1091.713)
(-0.01222489 -5.456111 -1839.94)
(-0.0221317 -7.202401 -2536.127)
(-0.003357406 -9.45974 -9091.512)
(-0.02273525 -1.490444 -1853.267)
(-0.03551036 -2.256371 -1828.96)
(-0.05027664 -2.831569 -1155.18)
(-0.05926084 -3.111412 -594.1454)
(-0.04962248 -3.166308 -166.9192)
(2.765969e-06 -0.03838737 -6.701405)
(9.82899e-06 -0.04680289 -28.68621)
(2.115524e-05 -0.07415226 -65.00255)
(3.077815e-05 -0.1272033 -116.7646)
(-1.645131e-05 -0.2166767 -134.7542)
(-0.001435953 -3.176027 -996.833)
(-0.003839102 -3.756021 -1107.412)
(-0.01013896 -4.892346 -1863.316)
(-0.02375203 -6.472396 -2561.965)
(-0.03582411 -8.522572 -9163.059)
(-0.01847145 -1.355688 -1875.349)
(-0.03539242 -2.001212 -1844.801)
(-0.0422436 -2.530212 -1165.232)
(-0.0562365 -2.909561 -597.6253)
(-0.06793476 -2.906575 -166.9375)
(2.120023e-06 -0.02710027 -6.791674)
(3.66268e-06 -0.03299599 -29.07298)
(1.420916e-05 -0.05235763 -65.87553)
(4.379285e-05 -0.08991972 -118.3199)
(5.363479e-05 -0.1533989 -136.4932)
(-0.000649099 -2.252152 -1009.012)
(-0.002557918 -2.667137 -1119.482)
(-0.007977936 -3.483968 -1881.262)
(-0.01950698 -4.623523 -2581.796)
(-0.0418958 -6.103954 -9209.885)
(-0.01221225 -0.9758555 -1891.194)
(-0.02625118 -1.506787 -1868.416)
(-0.03917121 -1.829242 -1175.223)
(-0.06003151 -2.052725 -599.7478)
(-0.07309801 -2.151749 -166.2167)
(4.54375e-06 -0.01667068 -6.849594)
(3.200517e-06 -0.02031531 -29.31994)
(4.939309e-06 -0.03220944 -66.43428)
(2.48236e-05 -0.05540071 -119.319)
(9.057961e-05 -0.09463132 -137.6324)
(0.0008610566 -1.388936 -1016.95)
(-0.001142542 -1.60362 -1127.455)
(-0.005152956 -2.10781 -1893.007)
(-0.01523232 -2.827746 -2594.511)
(-0.03484237 -3.785756 -9238.604)
(-0.009927188 -0.6304512 -1896.979)
(-0.02170074 -0.9659345 -1882.089)
(-0.03300281 -1.19028 -1185.602)
(-0.04202915 -1.283615 -600.844)
(-0.06818811 -1.35616 -165.7371)
(-2.910023e-05 -0.01600704 -6.882991)
(6.33469e-06 -0.01835842 -29.46228)
(3.897455e-06 -0.02759899 -66.75481)
(6.482187e-06 -0.04511316 -119.8932)
(4.773307e-05 -0.07377112 -138.2925)
(0.001961891 -1.053697 -1021.74)
(0.005821993 -1.196444 -1132.087)
(0.002587863 -1.480621 -1899.088)
(-0.009597594 -1.884885 -2600.435)
(-0.02728925 -2.436467 -9248.917)
(-0.008676684 -0.3816345 -1898.496)
(-0.01460725 -0.5638732 -1883.222)
(-0.01925625 -0.6934288 -1192.279)
(-0.02756224 -0.690905 -606.0564)
(-0.05431771 -0.655385 -165.3314)
(-3.266358e-05 -0.009871692 -6.918755)
(1.074699e-05 -0.0114294 -29.63154)
(9.616279e-05 -0.01581052 -67.1004)
(4.103855e-06 -0.02487671 -120.4693)
(1.137449e-05 -0.03914753 -138.9071)
(0.0009203881 -0.5439715 -1025.294)
(0.002349045 -0.5910376 -1134.539)
(0.001715187 -0.6927745 -1902.778)
(-0.004360452 -0.8785745 -2603.779)
(-0.01737206 -1.061878 -9250.819)
(-0.006864684 -0.138053 -1898.227)
(-0.01293673 -0.1836413 -1882.85)
(-0.01664386 -0.2165513 -1191.707)
(-0.02040299 -0.2313631 -606.4521)
(-0.03022535 -0.2220071 -165.7304)
(9.226232e-07 0.009890578 -6.91464)
(-4.805046e-06 0.01141912 -29.60874)
(-2.031335e-05 0.01664662 -67.09677)
(-1.673875e-05 0.02637426 -120.5162)
(-1.431463e-05 0.0417175 -139.0146)
(-6.608619e-06 0.5640586 -1026.995)
(0.004249765 0.6414888 -1135.55)
(2.534443e-05 0.01598309 -6.876559)
(-1.769064e-06 0.0188465 -29.43842)
(-2.278926e-05 0.02840485 -66.716)
(-6.551289e-05 0.0465097 -119.8756)
(-4.834889e-05 0.07591617 -138.3588)
(-0.001522964 1.077024 -1023.14)
(0.005225003 1.204936 -1136.104)
(0.0219758 1.541304 -1900.08)
(4.232371e-05 0.01620026 -6.846777)
(5.14773e-05 0.02002944 -29.29564)
(-1.450144e-05 0.0321522 -66.38982)
(-7.535866e-05 0.05512864 -119.2909)
(-0.0001808001 0.0936252 -137.7062)
(-0.00115763 1.366606 -1018.919)
(-0.0003331219 1.603813 -1131.883)
(0.02668663 2.062644 -1901.09)
(0.05790649 2.902662 -2587.453)
(1.515201e-05 0.02693551 -6.791595)
(7.02047e-05 0.03275145 -29.07373)
(0.0001606432 0.05079063 -65.85172)
(5.121835e-05 0.08715249 -118.29)
(-0.0002117025 0.1523796 -136.5721)
(-0.003828838 2.224601 -1011.056)
(-0.001530396 2.617407 -1124.436)
(0.0005594936 3.361573 -1891.176)
(0.08347417 4.445675 -2591.812)
(0.1376837 6.175844 -9136.691)
(1.917249e-05 0.03866114 -6.701679)
(2.359786e-05 0.04721962 -28.68254)
(-1.985042e-05 0.07473329 -65.01323)
(-6.304171e-06 0.1255602 -116.8545)
(0.0003978863 0.2119843 -134.93)
(0.002464421 3.11757 -998.6682)
(-0.005973276 3.7133 -1112.223)
(-0.004819911 4.797384 -1873.563)
(0.01934921 6.270229 -2578.084)
(0.2217634 8.491007 -9167.86)
(0.03925364 1.417969 -1853.024)
(9.169193e-06 0.04336449 -6.580891)
(3.052042e-05 0.05288048 -28.17641)
(4.771763e-05 0.08378125 -63.84812)
(-7.828825e-05 0.1435901 -114.7825)
(-0.0001037273 0.2437282 -132.6431)
(0.0003490204 3.558045 -983.1495)
(-0.0001736176 4.133621 -1096.113)
(-0.006776515 5.343097 -1849.126)
(-0.005111821 7.067071 -2549.152)
(0.09243485 9.245936 -9149.259)
(0.0807482 1.530901 -1857.249)
(0.06118642 2.31355 -1810.933)
(1.449541e-05 0.03844536 -6.464283)
(1.334675e-05 0.04686241 -27.6776)
(5.905605e-05 0.07438599 -62.75231)
(9.460339e-05 0.1271585 -112.7807)
(-0.0002280488 0.2160484 -130.3697)
(-0.003098194 3.156631 -967.498)
(-0.002214774 3.71626 -1080.14)
(-0.01306156 4.759473 -1824.954)
(-0.01752768 6.228095 -2523.155)
(-0.001993557 8.201326 -9087.313)
(0.05588905 1.338353 -1855.161)
(0.1248773 2.021652 -1816.223)
(0.0716443 2.498442 -1129.176)
(1.789005e-05 0.02870274 -6.371205)
(1.842704e-05 0.03497138 -27.27922)
(2.866513e-05 0.05541547 -61.85312)
(0.000114108 0.09533875 -111.2304)
(7.183284e-05 0.1612384 -128.5527)
(-0.005236365 2.355702 -954.4388)
(-0.006065337 2.775696 -1067.18)
(-0.01364392 3.5851 -1804.676)
(-0.03073438 4.652979 -2499.62)
(-0.02930378 6.129972 -9039.625)
(0.01668448 0.9848129 -1838.248)
(0.0871644 1.491511 -1814.126)
(0.145053 1.917821 -1136.19)
(0.0787637 2.033582 -571.1519)
(1.916997e-05 0.01739742 -6.308375)
(2.122321e-05 0.02123328 -27.01028)
(2.498547e-05 0.0335987 -61.24479)
(4.271506e-05 0.05752706 -110.1626)
(0.0002063452 0.09793849 -127.393)
(0.0004526082 1.43024 -945.4665)
(-0.008796938 1.68504 -1057.523)
(-0.01523871 2.179034 -1790.243)
(-0.03388921 2.85538 -2481.184)
(-0.05859555 3.707988 -8994.739)
(-0.005314702 0.5975522 -1831.167)
(0.02255045 0.8991521 -1796.829)
(0.1044664 1.157073 -1137.766)
(0.1598703 1.307191 -580.6495)
(0.08168721 1.227922 -157.7155)
(1.782351e-05 0.005798289 -6.27718)
(2.621896e-05 0.007059027 -26.87665)
(3.170157e-05 0.01124005 -60.93864)
(1.755545e-06 0.01924913 -109.6135)
(1.886598e-05 0.03248961 -126.7978)
(0.003472562 0.4778752 -941.6849)
(-0.0003683682 0.5627266 -1052.198)
(-0.01867513 0.7276804 -1781.012)
(-0.03519314 0.9551857 -2470.223)
(-0.0712407 1.246838 -8958.861)
(-0.01584431 0.200868 -1825.817)
(-0.01389191 0.3003277 -1792.741)
(0.02453344 0.3732543 -1128.065)
(0.1147018 0.4480851 -586.3178)
(0.1756387 0.4175121 -162.3592)
(2.075305e-05 -0.005829569 -6.27743)
(1.986205e-05 -0.007055373 -26.87739)
(3.288852e-05 -0.01115449 -60.94043)
(2.655824e-05 -0.01923322 -109.6019)
(-8.09154e-05 -0.03267764 -126.7634)
(-0.0007607174 -0.4742924 -941.7134)
(0.004249273 -0.5630376 -1052.845)
(-0.003448212 -0.7276754 -1778.487)
(-0.0379219 -0.9550451 -2465.164)
(-0.07398747 -1.249299 -8939.413)
(-0.02354571 -0.1989948 -1822.41)
(-0.02840414 -0.3042618 -1791.671)
(-0.02136076 -0.3735675 -1128.312)
(0.02537957 -0.4115345 -583.0407)
(0.1305529 -0.4518014 -165.7291)
(1.008881e-05 -0.01733242 -6.309302)
(2.012078e-05 -0.02118123 -27.01335)
(3.100768e-05 -0.03344691 -61.24131)
(1.650261e-05 -0.05724505 -110.1299)
(-5.613176e-05 -0.09749044 -127.338)
(-0.002450904 -1.425054 -945.439)
(-0.002241148 -1.680285 -1057.008)
(0.00491573 -2.182554 -1786.208)
(-0.0121071 -2.860829 -2468.067)
(-0.07241252 -3.739406 -8936.4)
(-0.02587086 -0.5970447 -1823.613)
(-0.03995106 -0.8976266 -1793.173)
(-0.03680009 -1.136926 -1130.555)
(-0.0237355 -1.234 -585.2151)
(0.03002998 -1.232988 -165.5982)
(7.680956e-06 -0.02859965 -6.372535)
(1.220021e-05 -0.03480545 -27.2821)
(2.405379e-05 -0.05505546 -61.84683)
(2.888672e-05 -0.09440807 -111.189)
(-3.960641e-05 -0.1604293 -128.51)
(-0.00225192 -2.345891 -953.3795)
(-0.005412776 -2.767356 -1064.446)
(-0.007002844 -3.593767 -1799.116)
(0.004193358 -4.804985 -2485.08)
(-0.03509937 -6.167767 -8954.808)
(-0.02242255 -0.981243 -1827.904)
(-0.04224444 -1.484498 -1800.75)
(-0.05036979 -1.843001 -1135.037)
(-0.04151045 -2.077688 -587.2851)
(-0.01950949 -2.044785 -166.5271)
(1.112749e-05 -0.0382789 -6.465465)
(1.090395e-05 -0.04660224 -27.67926)
(1.973646e-05 -0.07372203 -62.73578)
(1.60334e-05 -0.1262717 -112.7603)
(-2.415412e-05 -0.2148889 -130.26)
(-0.001841315 -3.144273 -965.4187)
(-0.004556024 -3.711892 -1076.057)
(-0.01232508 -4.818946 -1815.964)
(-0.02263707 -6.353877 -2508.051)
(-0.005609527 -8.424117 -9016.813)
(-0.02307987 -1.31599 -1836.871)
(-0.03532688 -1.989113 -1811.037)
(-0.05047462 -2.487528 -1143.48)
(-0.05935196 -2.732519 -589.8917)
(-0.04370272 -2.76263 -166.7258)
(1.528746e-06 -0.04310557 -6.581726)
(1.188831e-05 -0.05254228 -28.17519)
(2.152712e-05 -0.08317948 -63.85322)
(3.493431e-05 -0.1425393 -114.7284)
(-4.500433e-06 -0.2425136 -132.4623)
(-0.001269363 -3.550859 -980.6848)
(-0.003743012 -4.195904 -1091.027)
(-0.01037184 -5.456787 -1838.132)
(-0.02477514 -7.208519 -2532.334)
(-0.03800303 -9.481906 -9083.623)
(-0.01958773 -1.50844 -1857.901)
(-0.03658846 -2.256531 -1825.781)
(-0.0414332 -2.817304 -1152.875)
(-0.05563083 -3.130368 -593.4387)
(-0.06339462 -3.109672 -166.7656)
(-5.378822e-08 -0.03843398 -6.701185)
(2.71673e-06 -0.04676929 -28.68709)
(1.657221e-05 -0.07414984 -65.00604)
(4.594594e-05 -0.1271767 -116.7772)
(6.23487e-05 -0.2165797 -134.7524)
(-0.0005253889 -3.174671 -996.6992)
(-0.002513642 -3.755208 -1106.91)
(-0.008245812 -4.894268 -1861.829)
(-0.02051428 -6.480419 -2558.787)
(-0.04426705 -8.541307 -9147.958)
(-0.01288546 -1.366871 -1877.622)
(-0.03016988 -2.059942 -1853.567)
(-0.04048703 -2.504015 -1163.484)
(-0.04687662 -2.793202 -596.2447)
(-0.06184266 -2.909489 -166.4252)
(4.039705e-06 -0.02710595 -6.791685)
(1.803955e-06 -0.03303036 -29.07248)
(3.986783e-06 -0.05232495 -65.87698)
(2.747293e-05 -0.08990811 -118.3277)
(9.615398e-05 -0.1533173 -136.5112)
(0.0009565455 -2.251286 -1008.98)
(-0.00108288 -2.666527 -1119.238)
(-0.005287873 -3.485811 -1880.197)
(-0.01594492 -4.631109 -2579.185)
(-0.03661556 -6.121163 -9197)
(-0.01043986 -0.980926 -1887.843)
(-0.01895072 -1.484484 -1872.183)
(-0.02966128 -1.889436 -1180.309)
(-0.04256538 -2.021168 -599.2607)
(-0.06680985 -2.048537 -165.8455)
(9.116458e-06 -0.01668218 -6.849741)
(5.262818e-06 -0.0203187 -29.31997)
(2.609588e-06 -0.03224077 -66.4334)
(5.326236e-06 -0.05537155 -119.3213)
(5.058009e-05 -0.09460466 -137.6437)
(0.001683926 -1.391138 -1017.125)
(0.001193067 -1.645607 -1127.39)
(-0.002286064 -2.108765 -1892.494)
(-0.01002339 -2.833067 -2592.661)
(-0.02839537 -3.798601 -9227.831)
(-0.008945607 -0.6337513 -1894.162)
(-0.01503578 -0.9712692 -1878.854)
(-0.02551452 -1.2121 -1189.674)
(-0.03568338 -1.317884 -603.2387)
(-0.04834736 -1.272479 -165.0321)
(7.08524e-06 -0.01558918 -6.881043)
(-3.596548e-05 -0.01886994 -29.46314)
(9.206354e-06 -0.0276034 -66.75459)
(1.43152e-06 -0.0451567 -119.891)
(5.473165e-06 -0.07377145 -138.2954)
(0.0008629613 -1.053809 -1021.857)
(0.002789619 -1.195597 -1132.433)
(0.00735445 -1.480033 -1899.721)
(0.0001682539 -1.886324 -2599.552)
(-0.0176425 -2.442313 -9241.456)
(-0.006998957 -0.3834252 -1896.153)
(-0.01319483 -0.5667014 -1880.529)
(-0.0169763 -0.6967465 -1190.222)
(-0.02100081 -0.7611729 -606.0437)
(-0.03097624 -0.6818503 -165.8209)
(2.322666e-06 -0.009501693 -6.918853)
(-4.061682e-05 -0.01139461 -29.62264)
(2.385844e-05 -0.01667848 -67.13098)
(0.000173873 -0.02488079 -120.4677)
(-4.732038e-06 -0.03918961 -138.9032)
(8.444467e-05 -0.5442169 -1025.329)
(0.001307847 -0.5913975 -1134.737)
(0.004075654 -0.6854493 -1903.308)
(0.002886362 -0.8330225 -2603.553)
(-0.007604559 -1.062436 -9247.163)
(-0.004251368 -0.1385628 -1896.528)
(-0.01047683 -0.1847523 -1880.566)
(-0.01501687 -0.2179363 -1189.949)
(-0.01834968 -0.2329579 -605.1594)
(-0.02250042 -0.2267744 -165.7097)
(3.454737e-06 0.009885133 -6.914232)
(-3.038769e-06 0.01141268 -29.60582)
(-2.445775e-05 0.01663802 -67.08742)
(-6.748076e-05 0.02636425 -120.4999)
(-4.860516e-05 0.04172262 -139.024)
(0.0001441169 0.580344 -1026.949)
(0.004189874 0.6101508 -1138.222)
(0.017276 0.7453953 -1904.044)
(4.494787e-05 0.01563173 -6.878285)
(3.047006e-05 0.01882231 -29.43623)
(-1.878883e-05 0.02837949 -66.70672)
(-7.892754e-05 0.04648145 -119.8512)
(-0.0001826699 0.07589544 -138.3338)
(-0.0009049968 1.079772 -1023.274)
(-0.001096581 1.212681 -1135.998)
(0.02175551 1.474885 -1908.253)
(0.05470928 1.952546 -2597.149)
(1.562347e-05 0.01637083 -6.846936)
(5.505901e-05 0.01967539 -29.30938)
(8.633825e-05 0.03158729 -66.38281)
(-6.495203e-05 0.05503496 -119.2652)
(-0.0002234064 0.09359374 -137.6656)
(-0.003807112 1.366699 -1018.662)
(-0.00160029 1.607711 -1132.008)
(0.004187325 2.07047 -1902.861)
(0.07505414 2.754925 -2605.126)
(0.1242638 3.891785 -9184.335)
(1.141976e-05 0.02687014 -6.792571)
(1.912445e-05 0.03280816 -29.07377)
(0.0001157198 0.05180766 -65.88657)
(0.0002802148 0.08653881 -118.3106)
(1.511353e-05 0.1475828 -136.5281)
(-0.004808256 2.224137 -1010.583)
(-0.005923079 2.618161 -1124.069)
(-0.002001545 3.385097 -1891.587)
(0.01870146 4.414331 -2597.398)
(0.1989226 5.98203 -9229.755)
(0.03797135 1.031837 -1867.783)
(3.848911e-06 0.03861957 -6.701248)
(2.394818e-05 0.04709681 -28.69036)
(3.866893e-05 0.07482318 -65.00397)
(-7.786273e-05 0.1280174 -116.8262)
(-8.956798e-05 0.2127987 -134.9248)
(0.004659711 3.089897 -999.0576)
(0.0007093241 3.670911 -1111.372)
(-0.0113716 4.800755 -1873.03)
(-0.005734398 6.306366 -2577.09)
(0.08269469 8.258136 -9227.881)
(0.07866727 1.402967 -1875.603)
(0.05974897 2.146875 -1832.635)
(9.86241e-06 0.04331502 -6.580679)
(7.11371e-06 0.05281391 -28.17458)
(4.983104e-05 0.08369695 -63.87023)
(8.198336e-05 0.1434587 -114.7568)
(-0.0002477857 0.2438299 -132.5846)
(-0.003204417 3.557728 -982.9566)
(-0.00170746 4.190151 -1095.522)
(-0.007163146 5.35026 -1848.236)
(-0.01590026 7.037355 -2549.09)
(0.004775166 9.279009 -9160.723)
(0.05499968 1.519477 -1869.863)
(0.1243916 2.309374 -1835.115)
(0.07081153 2.869693 -1142.232)
(1.471813e-05 0.03840676 -6.464292)
(1.415384e-05 0.04681066 -27.67665)
(5.570031e-06 0.07413829 -62.74674)
(0.0001034808 0.1274603 -112.8316)
(0.0001549913 0.2158764 -130.3235)
(-0.005412403 3.154432 -966.7915)
(-0.006128432 3.717832 -1079.488)
(-0.00988245 4.80344 -1823.355)
(-0.02915639 6.259632 -2520.628)
(-0.02885371 8.202119 -9097.576)
(0.01666149 1.323219 -1850.913)
(0.08636428 2.021549 -1828.381)
(0.1440698 2.514067 -1145.882)
(0.07874475 2.752745 -575.1059)
(1.742116e-05 0.0286779 -6.371369)
(1.890986e-05 0.03493982 -27.27915)
(1.551896e-05 0.05530369 -61.849)
(2.371143e-05 0.09483348 -111.2343)
(0.0001971488 0.16214 -128.5956)
(0.0004164154 2.354305 -953.8488)
(-0.008888157 2.774092 -1065.871)
(-0.01518214 3.588416 -1802.943)
(-0.03213799 4.702932 -2495.953)
(-0.05823213 6.125084 -9033.816)
(-0.005069985 0.9864576 -1839.816)
(0.0225928 1.482336 -1806.082)
(0.09871369 1.855548 -1143.687)
(0.1594905 2.116859 -582.4944)
(0.08764749 2.033938 -157.9399)
(2.065102e-05 0.01738657 -6.308616)
(2.097306e-05 0.0211728 -27.01076)
(2.219843e-05 0.03357136 -61.2426)
(9.722593e-06 0.05747911 -110.1508)
(1.46431e-05 0.09763072 -127.395)
(0.00311038 1.430527 -945.893)
(-0.0003695231 1.684365 -1056.388)
(-0.01867534 2.178362 -1787.383)
(-0.03508596 2.859809 -2477.651)
(-0.06986805 3.733366 -8978.761)
(-0.0159055 0.6018358 -1829.936)
(-0.01355397 0.8995188 -1797.432)
(0.02134255 1.117713 -1131.079)
(0.1141957 1.277513 -586.7752)
(0.179101 1.308427 -162.4488)
(2.075369e-05 0.005829568 -6.27743)
(1.986184e-05 0.007055371 -26.87739)
(3.28885e-05 0.01115451 -60.94043)
(2.655833e-05 0.01923322 -109.6019)
(-8.09152e-05 0.03267765 -126.7634)
(-0.0007607179 0.4742921 -941.7134)
(0.004249275 0.5630376 -1052.845)
(-0.0034482 0.7276752 -1778.487)
(-0.03792186 0.9550438 -2465.164)
(-0.07398752 1.249296 -8939.413)
(-0.02354573 0.1989942 -1822.41)
(-0.02840416 0.3042607 -1791.671)
(-0.02136077 0.3735676 -1128.312)
(0.0253796 0.4115332 -583.0407)
(0.1305529 0.4518001 -165.7291)
(1.629445e-05 -0.005764494 -6.27807)
(2.430862e-05 -0.00709622 -26.87823)
(2.423261e-05 -0.01114885 -60.94034)
(3.342134e-05 -0.01907294 -109.5983)
(-2.45853e-05 -0.03265249 -126.7358)
(-0.002734601 -0.4774117 -941.2276)
(-0.002211525 -0.5587032 -1052.86)
(0.005402309 -0.7288546 -1779.788)
(-0.01234942 -0.9554526 -2460.608)
(-0.07253839 -1.248754 -8916.481)
(-0.02586273 -0.1994105 -1819.234)
(-0.03957582 -0.2997878 -1788.424)
(-0.03676232 -0.3805594 -1127.739)
(-0.02466127 -0.4119537 -584.092)
(0.03362289 -0.411711 -165.5456)
(7.096956e-06 -0.01733841 -6.309675)
(1.238288e-05 -0.02109285 -27.01408)
(2.792981e-05 -0.03348923 -61.24471)
(3.667889e-05 -0.05721093 -110.1238)
(-3.165233e-05 -0.09715671 -127.3152)
(-0.002157665 -1.424197 -945.0305)
(-0.004907161 -1.679547 -1056.097)
(-0.006338447 -2.176478 -1786.269)
(0.003755372 -2.870722 -2470.069)
(-0.0360518 -3.741763 -8914.995)
(-0.02235768 -0.5956729 -1819.155)
(-0.04231186 -0.9006247 -1791.198)
(-0.04938031 -1.118051 -1128.838)
(-0.0413931 -1.256888 -585.1738)
(-0.02077568 -1.233801 -166.4226)
(1.219783e-05 -0.0286051 -6.372776)
(1.022726e-05 -0.03481254 -27.28401)
(2.024678e-05 -0.05503706 -61.84794)
(3.226022e-05 -0.09420809 -111.1907)
(9.255987e-06 -0.1603213 -128.4927)
(-0.001673336 -2.344513 -953.0334)
(-0.004410832 -2.765946 -1063.613)
(-0.01232906 -3.5874 -1796.924)
(-0.01545001 -4.733957 -2485.771)
(-0.007138379 -6.287559 -8952.62)
(-0.02205973 -0.98092 -1823.876)
(-0.03529568 -1.481552 -1796.852)
(-0.0507096 -1.850753 -1134.225)
(-0.05653994 -2.033285 -586.53)
(-0.04233137 -2.076029 -166.6793)
(7.120356e-08 -0.03824925 -6.465854)
(1.372372e-05 -0.04660735 -27.6805)
(2.107468e-05 -0.07372877 -62.74137)
(3.762611e-05 -0.1262293 -112.7611)
(6.531054e-06 -0.2145529 -130.2513)
(-0.001085242 -3.142337 -965.1536)
(-0.003583238 -3.710146 -1075.348)
(-0.01043061 -4.818264 -1814.085)
(-0.02540997 -6.356814 -2504.1)
(-0.03953914 -8.353189 -9007.988)
(-0.02039819 -1.316101 -1841.324)
(-0.03744973 -1.990412 -1807.729)
(-0.0414582 -2.482488 -1141.136)
(-0.05588549 -2.745468 -589.1473)
(-0.06330863 -2.729235 -166.5768)
(-3.712545e-06 -0.04316541 -6.581307)
(1.055018e-06 -0.05250206 -28.17647)
(1.978999e-05 -0.08318293 -63.85671)
(4.695433e-05 -0.1425294 -114.7416)
(7.042826e-05 -0.2424204 -132.4615)
(-0.0003689522 -3.549175 -980.5511)
(-0.002386391 -4.194257 -1090.5)
(-0.008396302 -5.457177 -1836.555)
(-0.02140266 -7.213623 -2528.965)
(-0.04655483 -9.495599 -9067.629)
(-0.01368177 -1.521124 -1860.011)
(-0.03209333 -2.290483 -1834.316)
(-0.04220568 -2.820626 -1150.998)
(-0.045561 -3.110063 -591.734)
(-0.06082423 -3.129314 -166.2958)
(2.988293e-06 -0.03844569 -6.701161)
(-1.02041e-06 -0.04682894 -28.68603)
(2.08571e-06 -0.07409652 -65.00807)
(3.158668e-05 -0.1271722 -116.7852)
(0.0001014989 -0.2165099 -134.7719)
(0.001116417 -3.173182 -996.6776)
(-0.0009462702 -3.753997 -1106.657)
(-0.005394809 -4.89526 -1860.697)
(-0.01675018 -6.487422 -2556.005)
(-0.03874835 -8.558282 -9134.294)
(-0.01108737 -1.372288 -1874.073)
(-0.02002467 -2.078155 -1857.223)
(-0.03438731 -2.57887 -1170.56)
(-0.04408478 -2.764886 -594.7129)
(-0.05269027 -2.786021 -165.6933)
(8.971365e-06 -0.02711581 -6.791805)
(4.579104e-06 -0.03303817 -29.07242)
(-1.71345e-08 -0.0523861 -65.87533)
(3.160248e-06 -0.08985231 -118.3306)
(5.546396e-05 -0.1532911 -136.523)
(0.001795419 -2.249623 -1009.172)
(0.001364978 -2.665092 -1119.191)
(-0.002173097 -3.485835 -1879.662)
(-0.01041931 -4.636569 -2577.233)
(-0.02985643 -6.136731 -9185.654)
(-0.009423437 -0.9856855 -1884.884)
(-0.01586952 -1.492572 -1868.79)
(-0.02170766 -1.857853 -1183.173)
(-0.03190836 -2.089211 -601.5761)
(-0.04876069 -2.00592 -165.2125)
(7.187656e-06 -0.01628996 -6.850615)
(1.321183e-05 -0.02033285 -29.32065)
(7.456179e-06 -0.03224853 -66.43302)
(-1.341127e-06 -0.0554338 -119.3183)
(2.894179e-06 -0.09455452 -137.647)
(0.0009119219 -1.39063 -1017.247)
(0.002438641 -1.648235 -1127.676)
(0.002027075 -2.155309 -1892.372)
(-0.00428561 -2.835086 -2591.732)
(-0.01833599 -3.808215 -9220.022)
(-0.007225649 -0.6369148 -1891.715)
(-0.01360387 -0.9763951 -1876.037)
(-0.01747573 -1.218214 -1187.523)
(-0.02785995 -1.341166 -605.3598)
(-0.03967634 -1.311522 -165.3643)
(2.237814e-06 -0.0156085 -6.883809)
(1.036926e-05 -0.01833363 -29.45505)
(-5.701961e-05 -0.02848611 -66.75672)
(1.412051e-05 -0.04516743 -119.8892)
(-9.87441e-06 -0.07385563 -138.2904)
(-7.050852e-06 -1.053796 -1021.891)
(0.00124698 -1.195625 -1132.629)
(0.004784114 -1.478189 -1900.415)
(0.008517015 -1.885009 -2600.411)
(-0.005330098 -2.444753 -9237.726)
(-0.004341228 -0.3847443 -1894.424)
(-0.01069612 -0.5694497 -1878.204)
(-0.01532693 -0.699975 -1188.435)
(-0.01871577 -0.7647215 -604.7315)
(-0.02314084 -0.7566505 -165.7927)
(2.57136e-06 -0.009872543 -6.918812)
(2.548436e-06 -0.01091945 -29.62306)
(-6.553671e-05 -0.01661926 -67.112)
(5.691383e-05 -0.02647501 -120.525)
(0.0003029888 -0.03919861 -138.899)
(-0.0002909228 -0.5448829 -1025.267)
(4.574481e-06 -0.5916674 -1134.802)
(0.002282297 -0.6857703 -1903.714)
(0.007044993 -0.8223713 -2604.39)
(0.004735798 -1.038896 -9246.46)
(-0.001628904 -0.1388459 -1895.636)
(-0.006461381 -0.1855921 -1878.852)
(-0.01221376 -0.2192513 -1188.434)
(-0.01658375 -0.234468 -604.0041)
(-0.02023567 -0.2284715 -165.2267)
(4.584241e-05 0.009671744 -6.914011)
(7.955805e-07 0.01140649 -29.60356)
(-2.041356e-05 0.01663002 -67.07808)
(-8.075944e-05 0.02635465 -120.4755)
(-0.0001840304 0.04171481 -138.9991)
(-0.0008718352 0.5806651 -1027.098)
(0.001073161 0.6309005 -1138.419)
(0.01972373 0.6983099 -1911.174)
(0.04871356 0.8839786 -2601.705)
(2.954223e-05 0.01601847 -6.880335)
(5.977616e-05 0.01833987 -29.44367)
(4.511665e-05 0.02834589 -66.69925)
(-7.02283e-05 0.04645596 -119.8259)
(-0.0002240527 0.07588422 -138.2941)
(-0.003768511 1.079874 -1023.027)
(-0.001056357 1.218527 -1136.342)
(0.002569244 1.470856 -1908.915)
(0.06548877 1.861672 -2613.995)
(0.1197585 2.508729 -9213.049)
(4.815119e-05 0.01634424 -6.847942)
(2.01587e-05 0.01992541 -29.30998)
(9.817855e-05 0.03099766 -66.41598)
(0.000150015 0.05391467 -119.2442)
(-0.0002042713 0.09350255 -137.6215)
(-0.004854234 1.367223 -1018.209)
(-0.005794535 1.608472 -1131.662)
(-0.002131245 2.081056 -1903.175)
(0.02147941 2.722673 -2611.34)
(0.1852404 3.719305 -9268.869)
(0.03865225 0.6407572 -1878.561)
(6.789744e-07 0.02722537 -6.792083)
(1.329045e-05 0.0327172 -29.07837)
(3.314912e-05 0.0519722 -65.88598)
(0.0002002057 0.08872162 -118.3718)
(0.0004530938 0.1463671 -136.5448)
(-0.001176441 2.151487 -1010.048)
(-0.007833775 2.619252 -1123.265)
(-0.01097401 3.387905 -1891.092)
(-0.0002607013 4.457787 -2598.279)
(0.07612942 5.823581 -9280.05)
(0.07411708 1.03129 -1889.028)
(0.05770607 1.566067 -1848.346)
(5.014014e-06 0.03857627 -6.700916)
(7.719131e-07 0.0470475 -28.68798)
(4.043747e-05 0.0745881 -65.02545)
(7.051747e-05 0.1283443 -116.8006)
(-0.0002309067 0.2175576 -134.876)
(-0.002767043 3.10324 -998.8775)
(0.003418066 3.638525 -1111.411)
(-0.005790592 4.755627 -1871.373)
(-0.01975698 6.313149 -2577.048)
(0.002834365 8.298863 -9237.521)
(0.05368268 1.359973 -1887.245)
(0.1212611 2.126977 -1854.963)
(0.06937781 2.664467 -1156.51)
(1.046244e-05 0.0432697 -6.580572)
(8.564291e-06 0.05275474 -28.17313)
(-3.983156e-06 0.08359555 -63.8634)
(8.987332e-05 0.1433512 -114.8076)
(0.0001414191 0.2436927 -132.5385)
(-0.005585103 3.561443 -982.2586)
(-0.006110643 4.191387 -1094.931)
(-0.008920364 5.42013 -1846.792)
(-0.023321 7.049537 -2547.833)
(-0.02699238 9.276052 -9167.796)
(0.01768303 1.502993 -1866.843)
(0.08500166 2.295608 -1843.64)
(0.1435975 2.872687 -1158.269)
(0.07788388 3.162723 -580.3516)
(1.453414e-05 0.03837112 -6.464372)
(1.503962e-05 0.04676377 -27.6762)
(8.895787e-06 0.07405923 -62.7418)
(-2.766416e-05 0.1269177 -112.8132)
(0.0001829881 0.2167513 -130.4011)
(0.002220718 3.152903 -966.2105)
(-0.0090049 3.716 -1078.194)
(-0.01504297 4.809509 -1821.699)
(-0.02831388 6.305431 -2517.759)
(-0.05666764 8.23056 -9090.694)
(-0.003787846 1.342646 -1852.383)
(0.02283815 1.992427 -1819.742)
(0.09772211 2.513798 -1152.993)
(0.158442 2.77389 -586.2183)
(0.08758536 2.756002 -158.321)
(1.832381e-05 0.02865641 -6.371567)
(1.884418e-05 0.03490956 -27.27942)
(1.861665e-05 0.05525435 -61.84639)
(-7.456138e-06 0.09463431 -111.2178)
(-1.891676e-05 0.1610098 -128.5964)
(0.0030236 2.373503 -954.293)
(-0.0003340942 2.773151 -1064.751)
(-0.01866518 3.587429 -1800.101)
(-0.0348461 4.711211 -2492.482)
(-0.06812556 6.151672 -9018.483)
(-0.01604836 1.001469 -1838.382)
(-0.01288258 1.487221 -1806.801)
(0.02137988 1.842671 -1137.096)
(0.1076934 2.050821 -588.9741)
(0.1791166 2.119201 -162.4172)
(1.737594e-05 0.01740242 -6.309108)
(2.358203e-05 0.02115954 -27.01144)
(2.376979e-05 0.03346775 -61.24153)
(8.959122e-06 0.05743424 -110.1389)
(-6.451146e-05 0.09755946 -127.3659)
(-0.0008058882 1.425891 -945.8747)
(0.00382888 1.685646 -1057.049)
(-0.00336222 2.17844 -1784.875)
(-0.03784421 2.859414 -2472.6)
(-0.07381843 3.741076 -8959.373)
(-0.02370374 0.5957744 -1826.769)
(-0.02847165 0.9108639 -1796.048)
(-0.02071425 1.118961 -1131.368)
(0.02212121 1.232372 -584.1495)
(0.1300307 1.286964 -165.6621)
(1.629462e-05 0.005764519 -6.27807)
(2.430936e-05 0.007096219 -26.87823)
(2.423229e-05 0.01114885 -60.94034)
(3.342137e-05 0.01907295 -109.5983)
(-2.458514e-05 0.03265247 -126.7358)
(-0.002734601 0.4774118 -941.2276)
(-0.002211527 0.5587028 -1052.86)
(0.005402305 0.7288545 -1779.788)
(-0.0123494 0.9554525 -2460.608)
(-0.07253829 1.248752 -8916.481)
(-0.02586275 0.1994093 -1819.234)
(-0.03957585 0.2997867 -1788.424)
(-0.03676235 0.3805579 -1127.739)
(-0.02466128 0.4119539 -584.092)
(0.03362291 0.4117097 -165.5456)
(6.515953e-06 -0.00576751 -6.278423)
(2.027447e-05 -0.00701349 -26.88089)
(3.469861e-05 -0.01122221 -60.94115)
(2.347178e-05 -0.01906388 -109.5924)
(-1.265879e-06 -0.03236132 -126.7197)
(-0.001682924 -0.4770861 -940.8194)
(-0.00528797 -0.5627258 -1051.879)
(-0.00636224 -0.7234162 -1779.952)
(0.004193193 -0.9584734 -2462.559)
(-0.03647818 -1.249448 -8895.048)
(-0.02233055 -0.1989812 -1814.775)
(-0.04234965 -0.3007729 -1786.421)
(-0.04876945 -0.3733702 -1125.737)
(-0.04136432 -0.4217557 -584.1921)
(-0.02178851 -0.4118669 -166.3711)
(1.903001e-05 -0.01734406 -6.309895)
(9.473466e-06 -0.02110047 -27.01591)
(2.03786e-05 -0.03334046 -61.24594)
(3.858981e-05 -0.05729891 -110.127)
(2.165433e-05 -0.09710449 -127.2983)
(-0.001582483 -1.41925 -944.6817)
(-0.004342372 -1.678722 -1055.252)
(-0.01175936 -2.176202 -1784.168)
(-0.01486329 -2.866351 -2470.706)
(-0.008136572 -3.760722 -8912.632)
(-0.02209338 -0.5955161 -1815.097)
(-0.03530238 -0.8991332 -1787.277)
(-0.05088553 -1.1226 -1127.983)
(-0.05537345 -1.233377 -584.2632)
(-0.04211792 -1.258108 -166.6214)
(-1.088116e-06 -0.02852063 -6.373235)
(1.498319e-05 -0.03481976 -27.28515)
(1.987325e-05 -0.05504905 -61.85338)
(3.826573e-05 -0.09418243 -111.1917)
(3.513608e-05 -0.1599691 -128.4901)
(-0.0005946283 -2.343151 -952.769)
(-0.003438897 -2.764723 -1062.888)
(-0.01041365 -3.586604 -1795.002)
(-0.02576304 -4.72816 -2481.717)
(-0.03181711 -6.217994 -8948.028)
(-0.02090754 -0.9745794 -1826.402)
(-0.03553449 -1.482593 -1793.456)
(-0.0415849 -1.848279 -1131.853)
(-0.05617395 -2.04236 -585.766)
(-0.06047981 -2.030681 -166.4353)
(-7.654332e-06 -0.03830506 -6.465233)
(-8.506873e-07 -0.04657132 -27.68216)
(2.260213e-05 -0.07373867 -62.74474)
(4.628122e-05 -0.1262386 -112.7746)
(7.532464e-05 -0.2144913 -130.2511)
(-0.0002301668 -3.1374 -965.0206)
(-0.002228877 -3.708322 -1074.803)
(-0.008408277 -4.817648 -1812.442)
(-0.02194444 -6.358808 -2500.59)
(-0.04814216 -8.360834 -8991.317)
(-0.01439302 -1.339584 -1843.281)
(-0.03353973 -1.990261 -1816.041)
(-0.04350558 -2.486076 -1139.166)
(-0.0456253 -2.74001 -587.4685)
(-0.06086164 -2.741223 -166.1131)
(1.200204e-06 -0.04318157 -6.581226)
(-5.702692e-06 -0.05257792 -28.17453)
(-1.043838e-06 -0.08311927 -63.85961)
(3.704233e-05 -0.1425366 -114.7497)
(0.0001045609 -0.2423853 -132.4822)
(0.001258985 -3.54786 -980.5377)
(-0.000783068 -4.192691 -1090.237)
(-0.005416473 -5.4569 -1835.355)
(-0.01744927 -7.218154 -2526.008)
(-0.040803 -9.507761 -9053.154)
(-0.01175379 -1.525537 -1856.257)
(-0.02132224 -2.311161 -1837.841)
(-0.03675677 -2.866942 -1157.926)
(-0.04607206 -3.11422 -590.2207)
(-0.05055673 -3.102047 -165.5221)
(7.149084e-06 -0.03846235 -6.701222)
(3.15178e-06 -0.04684432 -28.68581)
(-5.083494e-06 -0.07420004 -65.00506)
(-8.521985e-07 -0.1270814 -116.7891)
(6.27442e-05 -0.2164978 -134.7842)
(0.001906863 -3.171688 -996.8875)
(0.001597642 -3.752095 -1106.625)
(-0.002019693 -4.89473 -1860.136)
(-0.01085545 -6.492268 -2553.925)
(-0.03160966 -8.573786 -9122.22)
(-0.01002574 -1.37736 -1870.937)
(-0.01693509 -2.086875 -1853.63)
(-0.02297329 -2.600952 -1173.355)
(-0.03717112 -2.850504 -598.0258)
(-0.0501586 -2.747286 -164.8905)
(6.058046e-06 -0.02712562 -6.792731)
(1.316508e-05 -0.03305145 -29.07299)
(6.16623e-06 -0.05240176 -65.8747)
(-6.713823e-06 -0.08996965 -118.326)
(-1.748352e-06 -0.1531965 -136.527)
(0.0009924671 -2.249106 -1009.299)
(0.002609062 -2.662543 -1119.506)
(0.002396011 -3.482922 -1879.578)
(-0.004084268 -4.638027 -2576.259)
(-0.01920415 -6.148225 -9177.411)
(-0.007632555 -0.9902308 -1882.308)
(-0.01438626 -1.500276 -1865.83)
(-0.01848465 -1.867296 -1180.918)
(-0.02355979 -2.054282 -602.9483)
(-0.03618996 -2.083228 -165.4951)
(2.192658e-06 -0.01669245 -6.850578)
(1.053903e-05 -0.01982739 -29.32485)
(2.860279e-05 -0.03227114 -66.4348)
(1.1169e-05 -0.05545273 -119.3161)
(-1.577829e-05 -0.09467642 -137.6408)
(-5.356616e-05 -1.389862 -1017.284)
(0.001315286 -1.647485 -1127.879)
(0.004306486 -2.158443 -1892.952)
(0.003517858 -2.875246 -2591.544)
(-0.007476881 -3.812084 -9216.084)
(-0.004483586 -0.6392783 -1889.903)
(-0.01104121 -0.981349 -1873.602)
(-0.01580557 -1.224143 -1185.653)
(-0.01926462 -1.347733 -603.9911)
(-0.03039573 -1.340683 -165.9561)
(-3.455394e-05 -0.01559048 -6.881093)
(2.437089e-06 -0.01835836 -29.46707)
(2.277379e-05 -0.0275556 -66.73961)
(-9.184282e-05 -0.04678386 -119.8936)
(2.066786e-05 -0.07388119 -138.2859)
(-0.0003756726 -1.05518 -1021.819)
(-0.0001060344 -1.195558 -1132.693)
(0.00222944 -1.477911 -1900.818)
(0.008118712 -1.881367 -2601.508)
(0.008451018 -2.44232 -9240.13)
(-0.003221737 -0.3854111 -1893.516)
(-0.006605702 -0.5714663 -1876.46)
(-0.01247755 -0.7031236 -1186.894)
(-0.01692573 -0.7681977 -603.5591)
(-0.02062427 -0.7604812 -165.3027)
(2.250725e-06 -0.009872927 -6.918985)
(3.106428e-06 -0.01139573 -29.62286)
(3.16392e-06 -0.01579514 -67.11287)
(-0.0001088204 -0.02636828 -120.4954)
(0.0001328869 -0.04201521 -138.969)
(0.004431767 -0.5450527 -1025.202)
(-0.0006394241 -0.5924951 -1134.671)
(-0.0002197552 -0.6860269 -1903.867)
(0.00403333 -0.8224566 -2605.048)
(0.01153533 -1.025418 -9249.464)
(0.00113743 -0.1544381 -1895.391)
(-0.002423908 -0.18603 -1877.936)
(-0.007555273 -0.2202523 -1187.297)
(-0.01349555 -0.2359067 -602.9995)
(-0.01839007 -0.2300728 -164.7808)
(5.156987e-05 0.009894205 -6.918142)
(6.119904e-05 0.01111601 -29.60217)
(-1.177268e-05 0.01662186 -67.07051)
(-7.209023e-05 0.02634608 -120.4503)
(-0.0002249561 0.04170921 -138.9598)
(-0.003760931 0.5806721 -1026.854)
(-0.0009655501 0.6316745 -1138.802)
(0.005480907 0.7246333 -1912.255)
(0.0616345 0.8240822 -2617.127)
(0.1144483 1.072564 -9224.272)
(7.563155e-06 0.01599133 -6.881049)
(4.041457e-05 0.018884 -29.45324)
(0.0001113309 0.02739881 -66.71604)
(6.351631e-05 0.04641038 -119.8045)
(-0.0002084502 0.07588056 -138.2512)
(-0.004781481 1.080245 -1022.588)
(-0.005686873 1.219001 -1136.008)
(-0.0007053804 1.486571 -1909.831)
(0.01820464 1.817185 -2617.91)
(0.1691857 2.414468 -9294.993)
(0.03830681 0.3782375 -1885.082)
(3.650652e-05 0.01633241 -6.850147)
(6.07517e-05 0.0198884 -29.31473)
(3.639003e-05 0.03154413 -66.41696)
(0.0001855823 0.05287044 -119.3078)
(0.0002354419 0.09135938 -137.5837)
(-0.004629347 1.366989 -1017.69)
(-0.007726486 1.610104 -1130.894)
(-0.01060762 2.083097 -1902.701)
(-0.0007468877 2.7456 -2611.97)
(0.07456363 3.599742 -9319.261)
(0.07186447 0.6460285 -1897.145)
(0.05972166 0.9662175 -1859.999)
(1.533065e-06 0.02719674 -6.791676)
(-2.92875e-06 0.03317629 -29.07579)
(1.910703e-05 0.05178525 -65.8985)
(6.480322e-05 0.08917745 -118.3686)
(0.0003232806 0.150853 -136.612)
(0.005802123 2.131529 -1010.051)
(-0.003489235 2.533952 -1122.261)
(-0.01589433 3.392836 -1889.513)
(-0.0189218 4.462028 -2598.224)
(0.01108559 5.882431 -9296.111)
(0.05039693 0.9693059 -1897.802)
(0.1137981 1.575793 -1869.147)
(0.06671545 1.942347 -1166.691)
(5.980355e-06 0.0385363 -6.700695)
(2.783017e-06 0.04699639 -28.68605)
(-1.338437e-05 0.07451638 -65.01754)
(7.647494e-05 0.1278475 -116.8512)
(0.0001314291 0.2185057 -134.8318)
(-0.005071278 3.180126 -998.2924)
(-0.00537552 3.65536 -1110.84)
(-0.002750869 4.717542 -1871.004)
(-0.02152648 6.276436 -2574.648)
(-0.02852897 8.303793 -9244.093)
(0.01720632 1.35084 -1883.477)
(0.0829492 2.055854 -1862.368)
(0.1399272 2.644468 -1171.256)
(0.07656672 2.938098 -586.2489)
(1.064121e-05 0.04322768 -6.580541)
(9.88104e-06 0.05270019 -28.17221)
(3.749429e-07 0.08350711 -63.85748)
(-4.287718e-05 0.1431904 -114.7873)
(0.0001655294 0.2436028 -132.6175)
(0.002162143 3.560888 -981.6952)
(-0.00907866 4.197944 -1093.661)
(-0.01471342 5.425073 -1845.259)
(-0.02682635 7.122556 -2545.152)
(-0.0534641 9.290112 -9164.335)
(-0.003967829 1.518527 -1867.447)
(0.02493502 2.26454 -1836.897)
(0.09605642 2.853782 -1162.653)
(0.1579773 3.172306 -591.0447)
(0.08660304 3.171262 -158.9025)
(1.341826e-05 0.03833898 -6.464492)
(1.531188e-05 0.04672038 -27.67612)
(1.25627e-05 0.07398656 -62.73842)
(-1.811508e-05 0.1267927 -112.7955)
(-0.0001323564 0.2155671 -130.3667)
(0.002890824 3.172207 -967.061)
(0.002500807 3.715328 -1077.102)
(-0.01860855 4.808678 -1818.885)
(-0.03440659 6.319112 -2514.396)
(-0.06624792 8.254936 -9077.165)
(-0.01643109 1.335374 -1850.669)
(-0.01036898 2.034384 -1820.347)
(0.02198621 2.47672 -1145.979)
(0.1065772 2.774732 -592.5266)
(0.1781199 2.778034 -162.7081)
(1.53396e-05 0.02860556 -6.371965)
(2.070653e-05 0.03488321 -27.27992)
(2.045442e-05 0.05520716 -61.84489)
(3.221319e-06 0.09455383 -111.2052)
(-9.463203e-05 0.1606673 -128.5614)
(-0.001304617 2.352341 -954.2687)
(0.003790669 2.803262 -1065.449)
(-0.003123838 3.587967 -1797.628)
(-0.03766884 4.710702 -2487.446)
(-0.07345319 6.165747 -8999.227)
(-0.02407375 0.9816616 -1835.475)
(-0.02864286 1.516496 -1805.13)
(-0.01965455 1.85198 -1137.472)
(0.02186475 2.03181 -586.3656)
(0.1234462 2.059913 -165.8079)
(1.00889e-05 0.01733242 -6.309302)
(2.012308e-05 0.02118124 -27.01335)
(3.100658e-05 0.03344692 -61.24131)
(1.650276e-05 0.05724507 -110.1299)
(-5.613128e-05 0.09749045 -127.338)
(-0.002450906 1.425054 -945.4389)
(-0.002241155 1.680285 -1057.008)
(0.004915717 2.182554 -1786.208)
(-0.01210704 2.860829 -2468.067)
(-0.07241228 3.739404 -8936.4)
(-0.02587089 0.5970442 -1823.613)
(-0.03995114 0.8976263 -1793.173)
(-0.03680022 1.136925 -1130.555)
(-0.02373553 1.234 -585.2151)
(0.0300301 1.232988 -165.5982)
(6.515361e-06 0.005767511 -6.278423)
(2.027468e-05 0.007013518 -26.88089)
(3.469965e-05 0.01122221 -60.94115)
(2.347123e-05 0.01906388 -109.5924)
(-1.265712e-06 0.03236134 -126.7197)
(-0.001682921 0.4770858 -940.8194)
(-0.005287973 0.5627258 -1051.879)
(-0.006362248 0.7234158 -1779.952)
(0.004193177 0.958473 -2462.559)
(-0.03647814 1.249448 -8895.048)
(-0.02233052 0.1989801 -1814.775)
(-0.04234968 0.3007707 -1786.421)
(-0.04876949 0.3733688 -1125.737)
(-0.04136436 0.421754 -584.1921)
(-0.02178852 0.4118671 -166.3711)
(2.585408e-05 -0.005770309 -6.278624)
(8.733729e-06 -0.007017305 -26.88263)
(3.385094e-05 -0.01108116 -60.94687)
(5.009242e-05 -0.01920487 -109.5905)
(-3.382672e-06 -0.03234792 -126.703)
(-0.001124259 -0.4726317 -940.526)
(-0.003784284 -0.5623937 -1051.031)
(-0.01233255 -0.7291062 -1777.712)
(-0.01500751 -0.9529845 -2463.346)
(-0.008043186 -1.25552 -8892.574)
(-0.02213239 -0.1989328 -1810.703)
(-0.03531156 -0.3003141 -1782.488)
(-0.05097661 -0.3748659 -1124.861)
(-0.0545071 -0.4118657 -583.1299)
(-0.04204483 -0.4227868 -166.6123)
(4.223653e-06 -0.01720187 -6.310834)
(2.362601e-05 -0.02110779 -27.01696)
(1.857418e-05 -0.03335319 -61.2512)
(3.822685e-05 -0.0570326 -110.128)
(4.48093e-05 -0.09728188 -127.2971)
(-0.0004346456 -1.418612 -944.4168)
(-0.003369794 -1.672973 -1054.515)
(-0.01043904 -2.175665 -1782.216)
(-0.02527451 -2.867042 -2466.781)
(-0.03179492 -3.765915 -8907.49)
(-0.02124435 -0.5983433 -1817.547)
(-0.03573924 -0.8997455 -1783.828)
(-0.04169185 -1.121396 -1125.592)
(-0.05638734 -1.23871 -583.4895)
(-0.05915587 -1.231772 -166.3426)
(-7.637778e-06 -0.02856357 -6.372456)
(-2.364285e-06 -0.03471354 -27.2871)
(2.444792e-05 -0.05506215 -61.85654)
(4.416228e-05 -0.09420231 -111.205)
(7.622738e-05 -0.1599383 -128.4901)
(0.000196935 -2.337932 -952.6856)
(-0.001665535 -2.763402 -1062.333)
(-0.008371067 -3.586159 -1793.316)
(-0.02223833 -4.728793 -2478.117)
(-0.04912477 -6.215268 -8930.908)
(-0.016147 -0.9972274 -1830.043)
(-0.03446147 -1.47056 -1798.973)
(-0.0413902 -1.850767 -1129.823)
(-0.04579302 -2.039716 -584.1024)
(-0.06100687 -2.039086 -165.9785)
(-7.316182e-07 -0.0382885 -6.465093)
(-1.069402e-05 -0.04664152 -27.67935)
(-4.468886e-06 -0.0736823 -62.74848)
(4.166826e-05 -0.1262578 -112.7825)
(0.0001041954 -0.2144963 -130.2724)
(0.001342946 -3.136638 -965.0114)
(-0.0006476626 -3.702601 -1074.531)
(-0.00537415 -4.816609 -1811.194)
(-0.01786972 -6.360856 -2497.501)
(-0.04222398 -8.366993 -8976.233)
(-0.01225362 -1.342456 -1839.372)
(-0.02247144 -2.033208 -1819.458)
(-0.03857858 -2.49115 -1145.94)
(-0.04759046 -2.744296 -585.9598)
(-0.05029933 -2.733209 -165.3736)
(3.897308e-06 -0.04320258 -6.581191)
(7.544651e-07 -0.05259876 -28.17406)
(-1.322395e-05 -0.08324835 -63.85456)
(-7.107559e-06 -0.1424291 -114.7552)
(7.201925e-05 -0.242396 -132.4947)
(0.001981958 -3.546963 -980.7634)
(0.00180184 -4.191144 -1090.216)
(-0.001862691 -5.455996 -1834.765)
(-0.01122284 -7.22103 -2523.796)
(-0.03330137 -9.519207 -9040.319)
(-0.01064725 -1.529642 -1852.937)
(-0.01804884 -2.318353 -1834.044)
(-0.02451474 -2.891899 -1160.641)
(-0.03985167 -3.168786 -593.4458)
(-0.05204158 -3.101882 -164.7771)
(4.08159e-06 -0.03849641 -6.702152)
(1.111777e-05 -0.04686714 -28.68612)
(3.446826e-06 -0.07422839 -65.004)
(-1.656895e-05 -0.1272744 -116.7818)
(-9.871211e-06 -0.2163459 -134.7894)
(0.001107429 -3.171391 -997.0202)
(0.002784524 -3.749731 -1106.972)
(0.002811443 -4.891839 -1860.083)
(-0.003929257 -6.493369 -2552.893)
(-0.02024509 -8.585128 -9113.426)
(-0.008147627 -1.382285 -1868.199)
(-0.0153836 -2.095168 -1850.493)
(-0.01977777 -2.611032 -1170.972)
(-0.02496189 -2.876211 -599.3361)
(-0.04225433 -2.84201 -165.3709)
(2.158406e-06 -0.02714687 -6.792608)
(9.274595e-06 -0.03305912 -29.07745)
(2.905354e-05 -0.05242613 -65.87627)
(8.665545e-06 -0.09000406 -118.3232)
(-2.668468e-05 -0.1534179 -136.5187)
(-0.0001348646 -2.247701 -1009.343)
(0.001423552 -2.661757 -1119.718)
(0.004624469 -3.478132 -1880.213)
(0.004239015 -4.632403 -2576.127)
(-0.007185532 -6.152451 -9173.241)
(-0.004753746 -0.993697 -1880.399)
(-0.01170957 -1.507661 -1863.267)
(-0.01675269 -1.876352 -1178.955)
(-0.02038141 -2.064463 -601.5178)
(-0.0261986 -2.052775 -165.8381)
(4.291821e-06 -0.01629075 -6.850659)
(2.365102e-06 -0.02034381 -29.32468)
(2.324847e-05 -0.03138784 -66.4465)
(6.656271e-05 -0.05548823 -119.3202)
(1.616066e-05 -0.09472155 -137.6357)
(-0.0004825449 -1.391893 -1017.199)
(-0.0001688839 -1.646517 -1127.949)
(0.002345546 -2.15708 -1893.369)
(0.007548347 -2.878029 -2592.455)
(0.005839821 -3.825819 -9215.473)
(-0.001618965 -0.6404891 -1888.949)
(-0.006810362 -0.9850529 -1871.771)
(-0.01288141 -1.229887 -1184.038)
(-0.01745335 -1.354142 -602.7691)
(-0.02122032 -1.347707 -165.4467)
(3.97187e-05 -0.01559121 -6.881271)
(-4.454556e-05 -0.01833547 -29.45523)
(2.953156e-06 -0.02759825 -66.76766)
(5.364003e-05 -0.04506984 -119.8675)
(-0.0001304407 -0.07672416 -138.2922)
(0.0002455125 -1.055687 -1021.749)
(-0.0007500605 -1.197336 -1132.548)
(-0.000359557 -1.477642 -1900.97)
(0.004026349 -1.880392 -2602.165)
(0.01296387 -2.436069 -9243.901)
(-0.0004288878 -0.384822 -1894.167)
(-0.0057133 -0.5723496 -1875.532)
(-0.00772644 -0.7054395 -1185.737)
(-0.013787 -0.771609 -602.5388)
(-0.01875344 -0.7642105 -164.851)
(-1.114033e-06 -0.009497887 -6.918385)
(5.26046e-07 -0.01139594 -29.62363)
(4.904148e-06 -0.01662137 -67.11239)
(3.990966e-06 -0.02484972 -120.4967)
(-0.0001640206 -0.04183182 -138.9418)
(0.002550346 -0.5868157 -1025.762)
(0.00504818 -0.592745 -1134.53)
(-0.001607429 -0.6871492 -1903.562)
(-0.0006193216 -0.8225478 -2605.339)
(0.006860286 -1.024948 -9251.918)
(0.002494079 -0.1545127 -1896.032)
(0.00192845 -0.2184039 -1877.649)
(-0.002855241 -0.2207437 -1186.684)
(-0.008336624 -0.2370042 -602.2745)
(-0.01490155 -0.2316114 -164.3894)
(6.386984e-06 0.009892132 -6.918859)
(7.069165e-05 0.0114209 -29.62121)
(0.0001147693 0.01606125 -67.06518)
(-5.23295e-05 0.0263362 -120.4289)
(-0.000209511 0.0417061 -138.9174)
(-0.004761167 0.5807467 -1026.42)
(-0.005648856 0.6317974 -1138.473)
(-0.0004327379 0.7269819 -1913.29)
(0.02104114 0.844877 -2621.268)
(0.1622586 1.020434 -9302.852)
(0.03957229 0.141239 -1887.667)
(-1.375472e-06 0.01560088 -6.880509)
(8.180313e-06 0.0188454 -29.45657)
(8.004066e-05 0.02851256 -66.74143)
(0.000221646 0.04443377 -119.833)
(5.962866e-05 0.07583251 -138.2136)
(-0.004611666 1.080821 -1022.086)
(-0.007550668 1.220007 -1135.264)
(-0.01035037 1.487736 -1909.367)
(0.002431713 1.854203 -2619.874)
(0.06847598 2.279596 -9338.208)
(0.07134648 0.3884331 -1902.885)
(0.05929388 0.5442885 -1867.041)
(-5.260617e-07 0.01632381 -6.849703)
(4.336524e-05 0.01987454 -29.32389)
(0.0001023536 0.03146687 -66.42996)
(7.363341e-05 0.05413165 -119.3083)
(0.0003323827 0.08957645 -137.6614)
(0.00276234 1.332905 -1017.217)
(-0.007665825 1.611354 -1129.937)
(-0.01538161 2.087348 -1901.181)
(-0.01829636 2.748239 -2611.889)
(0.009475593 3.633871 -9334.328)
(0.04729397 0.6157158 -1906.414)
(0.1103466 0.9856232 -1877.304)
(0.06940213 1.194806 -1174.362)
(2.74021e-06 0.02716999 -6.79138)
(-1.29585e-06 0.03314314 -29.07358)
(-1.851352e-05 0.0525916 -65.89029)
(2.944636e-05 0.08875418 -118.3979)
(0.0001301985 0.1520143 -136.6054)
(0.004175809 2.207429 -1010.467)
(0.005090617 2.509089 -1121.909)
(-0.01097426 3.292268 -1887.359)
(-0.03128488 4.472528 -2595.891)
(-0.02763314 5.882543 -9302.089)
(0.01693493 0.9635277 -1896.117)
(0.07700033 1.466561 -1873.093)
(0.1306354 1.956713 -1180.39)
(0.07347955 2.142001 -590.3387)
(6.521115e-06 0.03849908 -6.700554)
(4.506727e-06 0.04694889 -28.68468)
(-8.18659e-06 0.07444255 -65.01073)
(-5.708545e-05 0.1277417 -116.8295)
(0.0001494222 0.2174535 -134.912)
(0.002179132 3.200707 -997.7632)
(-0.00819163 3.750956 -1109.754)
(-0.01330958 4.74034 -1869.494)
(-0.02071384 6.241947 -2573.445)
(-0.05186619 8.292475 -9236.915)
(-0.002487474 1.346305 -1884.035)
(0.02438207 2.035907 -1854.754)
(0.09342336 2.555513 -1174.858)
(0.1539458 2.919517 -596.1654)
(0.08520396 2.951069 -159.6671)
(1.002875e-05 0.04318959 -6.580561)
(1.057773e-05 0.05264942 -28.17167)
(4.614586e-06 0.08342443 -63.85314)
(-3.150463e-05 0.1430552 -114.7683)
(-0.0001547952 0.2433651 -132.5817)
(0.002740694 3.561405 -982.576)
(0.002599426 4.19889 -1092.614)
(-0.01841517 5.43819 -1842.484)
(-0.03364821 7.133365 -2541.965)
(-0.06456682 9.338992 -9151.036)
(-0.01861729 1.51748 -1866.77)
(-0.01051882 2.299499 -1836.414)
(0.02496182 2.814593 -1157.131)
(0.1046915 3.149792 -595.9286)
(0.1779756 3.181455 -163.1324)
(1.115052e-05 0.03828815 -6.464639)
(1.449358e-05 0.0466811 -27.6763)
(1.489504e-05 0.07391899 -62.73619)
(-6.635546e-06 0.1266756 -112.7818)
(-0.0001104777 0.2153854 -130.3311)
(-0.003408671 3.15039 -966.6485)
(0.003731893 3.746447 -1078.493)
(0.002076556 4.810571 -1816.472)
(-0.03734178 6.318839 -2509.38)
(-0.07282874 8.27737 -9058.151)
(-0.02557455 1.318019 -1848.35)
(-0.02934648 2.018038 -1818.334)
(-0.01664652 2.534755 -1146.27)
(0.02269507 2.731175 -589.6473)
(0.1223056 2.787035 -166.0779)
(9.895639e-06 0.02859414 -6.372141)
(1.764236e-05 0.03481866 -27.28143)
(2.638712e-05 0.05516544 -61.84429)
(1.115015e-05 0.09447728 -111.1956)
(-6.455703e-05 0.1605446 -128.5331)
(-0.002892427 2.347393 -953.7862)
(-0.002817152 2.773014 -1065.409)
(0.005032843 3.643464 -1799.04)
(-0.0115214 4.713807 -2482.962)
(-0.07214125 6.162812 -8976.159)
(-0.02589386 0.9838511 -1832.363)
(-0.04070509 1.479384 -1802.661)
(-0.03692437 1.886344 -1136.445)
(-0.02244956 2.044108 -587.4603)
(0.02928304 2.033213 -165.7058)
(7.095093e-06 0.01733841 -6.309675)
(1.2383e-05 0.02109286 -27.01408)
(2.793302e-05 0.03348924 -61.24471)
(3.667708e-05 0.05721094 -110.1238)
(-3.165182e-05 0.09715672 -127.3152)
(-0.002157658 1.424197 -945.0305)
(-0.004907171 1.679547 -1056.097)
(-0.006338471 2.176478 -1786.269)
(0.003755341 2.870721 -2470.069)
(-0.03605166 3.741762 -8914.995)
(-0.02235757 0.5956719 -1819.155)
(-0.04231191 0.9006238 -1791.198)
(-0.04938042 1.11805 -1128.838)
(-0.04139324 1.256888 -585.1738)
(-0.02077571 1.233801 -166.4226)
(2.585392e-05 0.005770309 -6.278624)
(8.733046e-06 0.007017307 -26.88263)
(3.385126e-05 0.0110812 -60.94687)
(5.009392e-05 0.01920486 -109.5905)
(-3.383607e-06 0.03234791 -126.703)
(-0.001124254 0.4726319 -940.526)
(-0.00378428 0.5623932 -1051.031)
(-0.01233256 0.7291057 -1777.712)
(-0.01500753 0.9529839 -2463.346)
(-0.008043225 1.255519 -8892.574)
(-0.02213237 0.198933 -1810.703)
(-0.03531149 0.3003122 -1782.488)
(-0.05097665 0.3748629 -1124.861)
(-0.05450715 0.4118641 -583.1299)
(-0.04204487 0.4227851 -166.6123)
(9.044408e-06 -0.005699287 -6.280011)
(3.213707e-05 -0.007020896 -26.8836)
(1.732201e-05 -0.01108751 -60.95195)
(6.275058e-05 -0.01894888 -109.5998)
(6.330452e-05 -0.03261111 -126.6952)
(-0.0008353921 -0.4724773 -940.2597)
(-0.002830033 -0.5570555 -1050.357)
(-0.009774033 -0.7288342 -1775.749)
(-0.02606068 -0.960151 -2459.196)
(-0.03218289 -1.253697 -8887.698)
(-0.02159661 -0.2000184 -1813.115)
(-0.03586961 -0.3005126 -1779.015)
(-0.04174927 -0.3745023 -1122.462)
(-0.05649733 -0.4136197 -582.3522)
(-0.05811854 -0.4113293 -166.2969)
(-1.314652e-05 -0.01724275 -6.309942)
(4.391168e-06 -0.02092898 -27.02099)
(3.90679e-05 -0.03336602 -61.25415)
(4.187624e-05 -0.05705421 -110.1411)
(7.579866e-05 -0.0968228 -127.297)
(0.0003168677 -1.421614 -944.3408)
(-0.001510088 -1.672378 -1053.953)
(-0.008383867 -2.16898 -1780.497)
(-0.02247352 -2.867174 -2463.122)
(-0.04905117 -3.767821 -8890.635)
(-0.01674687 -0.6070144 -1821.104)
(-0.03508326 -0.9062144 -1789.221)
(-0.04177496 -1.122794 -1123.525)
(-0.0459286 -1.237429 -581.8341)
(-0.06113456 -1.236726 -165.8911)
(7.386417e-07 -0.02857557 -6.372516)
(-1.052322e-05 -0.03476732 -27.28362)
(-7.172868e-06 -0.05488449 -61.8609)
(4.45118e-05 -0.09422693 -111.2126)
(0.0001009715 -0.1599655 -128.5114)
(0.001358894 -2.337674 -952.6758)
(-0.000145008 -2.757335 -1062.119)
(-0.004731666 -3.585277 -1792.037)
(-0.01809999 -4.730125 -2474.941)
(-0.04309121 -6.217916 -8915.434)
(-0.01258433 -1.000704 -1826.032)
(-0.02581138 -1.512468 -1804.934)
(-0.03975008 -1.839775 -1134.464)
(-0.04530132 -2.042663 -582.5937)
(-0.05027133 -2.034884 -165.2607)
(1.28019e-07 -0.03830965 -6.464958)
(-1.814976e-06 -0.04661948 -27.67861)
(-2.170667e-05 -0.07379984 -62.74142)
(-1.366101e-05 -0.1261644 -112.7893)
(7.95505e-05 -0.2145296 -130.2848)
(0.001997849 -3.136453 -965.2468)
(0.001922305 -3.701834 -1074.515)
(-0.0017595 -4.809905 -1810.577)
(-0.01146286 -6.361815 -2495.19)
(-0.03448023 -8.373424 -8962.817)
(-0.01111386 -1.344989 -1835.916)
(-0.01890102 -2.037998 -1815.509)
(-0.02585734 -2.542772 -1148.595)
(-0.04192627 -2.752773 -589.1297)
(-0.05341775 -2.734961 -164.6621)
(1.157082e-06 -0.04325177 -6.58208)
(7.318658e-06 -0.05262754 -28.17394)
(-1.04236e-06 -0.08328525 -63.85286)
(-3.184181e-05 -0.1426641 -114.744)
(-2.195523e-05 -0.2422192 -132.5017)
(0.001247194 -3.54704 -980.8998)
(0.00291611 -4.189576 -1090.593)
(0.003172738 -5.453946 -1834.734)
(-0.003820758 -7.221766 -2522.701)
(-0.02126303 -9.527451 -9030.943)
(-0.008686796 -1.533756 -1850.031)
(-0.01642909 -2.325156 -1830.724)
(-0.0211332 -2.900087 -1158.128)
(-0.02667305 -3.19783 -594.6842)
(-0.04527315 -3.15919 -165.2265)
(2.687006e-06 -0.03851135 -6.701958)
(7.029893e-06 -0.04690279 -28.69065)
(2.64621e-05 -0.07427201 -65.00497)
(3.239968e-06 -0.1273318 -116.7781)
(-4.567729e-05 -0.2166983 -134.7777)
(-0.0002709197 -3.169194 -997.0741)
(0.001572592 -3.749212 -1107.194)
(0.004964963 -4.887195 -1860.781)
(0.004970929 -6.488777 -2552.807)
(-0.007093583 -8.589354 -9108.958)
(-0.00509771 -1.386093 -1866.167)
(-0.01256497 -2.103254 -1847.771)
(-0.01796277 -2.620693 -1168.895)
(-0.02181309 -2.886971 -597.8291)
(-0.02777804 -2.874164 -165.6833)
(5.193158e-06 -0.02712068 -6.792769)
(2.302146e-06 -0.03308655 -29.0769)
(2.164194e-05 -0.05242328 -65.88869)
(6.844197e-05 -0.09004869 -118.327)
(1.164116e-05 -0.1534934 -136.5126)
(-0.0006719241 -2.25125 -1009.238)
(-0.0002769548 -2.660055 -1119.798)
(0.00252096 -3.476635 -1880.65)
(0.008120788 -4.623759 -2577.12)
(0.007065732 -6.142875 -9172.785)
(-0.001596426 -0.9955449 -1879.397)
(-0.007246528 -1.51333 -1861.339)
(-0.01369124 -1.885033 -1177.258)
(-0.01850354 -2.07428 -600.2414)
(-0.0224067 -2.063544 -165.3071)
(1.634676e-06 -0.01629498 -6.850848)
(5.372002e-06 -0.01982875 -29.32501)
(2.766851e-06 -0.03228252 -66.44602)
(5.479861e-05 -0.05385012 -119.3477)
(0.0001517421 -0.09476623 -137.6419)
(0.000191078 -1.392787 -1017.123)
(-0.000900203 -1.649157 -1127.786)
(-0.0004549581 -2.155645 -1893.536)
(0.004226407 -2.875602 -2593.133)
(0.01246559 -3.826165 -9218.71)
(0.001384413 -0.6227434 -1888.727)
(-0.002361978 -0.9867534 -1870.795)
(-0.007956429 -1.234201 -1182.822)
(-0.01423297 -1.360385 -601.704)
(-0.01932595 -1.354533 -164.9783)
(3.569411e-05 -0.01559674 -6.883364)
(4.863025e-05 -0.01833556 -29.45603)
(-7.766275e-05 -0.02755958 -66.73991)
(3.534091e-06 -0.04514775 -119.9195)
(0.00012349 -0.07368925 -138.2689)
(-0.001361098 -1.09759 -1021.81)
(0.0002045514 -1.198104 -1132.401)
(-0.001771985 -1.480209 -1900.64)
(-0.0007740546 -1.879625 -2602.457)
(0.006964525 -2.43387 -9246.361)
(0.002531844 -0.3833601 -1895.044)
(-0.001457529 -0.5711234 -1876.433)
(-0.007096468 -0.7063236 -1185.116)
(-0.008525829 -0.774121 -601.8017)
(-0.01521315 -0.7679055 -164.454)
(4.025811e-05 -0.009504878 -6.917807)
(-5.866285e-06 -0.01091471 -29.62048)
(-7.270297e-06 -0.01662076 -67.11429)
(8.882395e-06 -0.02637288 -120.4959)
(4.769392e-06 -0.03913805 -138.9431)
(-0.001927529 -0.5841691 -1025.66)
(0.003750583 -0.6410827 -1135.156)
(0.005656537 -0.6876049 -1903.23)
(-0.003486567 -0.8239633 -2604.794)
(-0.00114179 -1.024595 -9253.209)
(0.001600284 -0.1541245 -1896.569)
(0.004098557 -0.2198907 -1878.324)
(0.00239266 -0.2625574 -1186.489)
(-0.003129342 -0.2375406 -601.8786)
(-0.009178371 -0.232792 -164.1195)
(-2.637979e-06 0.009882475 -6.918275)
(6.842366e-06 0.01141895 -29.62457)
(0.0001394525 0.01665672 -67.11448)
(0.0002299636 0.02518789 -120.4121)
(-0.0001674877 0.04169896 -138.88)
(-0.004592896 0.5808843 -1025.926)
(-0.007485588 0.6320678 -1137.739)
(-0.01024663 0.7273174 -1912.83)
(0.003136448 0.8513617 -2623.555)
(0.06870049 1.003842 -9344.62)
(0.07009961 0.1541896 -1904.381)
(0.06177985 0.1870991 -1869.916)
(-2.026113e-07 0.0155999 -6.880103)
(-5.191287e-06 0.01834497 -29.45375)
(9.219151e-06 0.02842996 -66.75029)
(0.000172742 0.04685676 -119.8893)
(0.0004248889 0.07185523 -138.242)
(-0.0002029501 1.080627 -1021.624)
(-0.007538718 1.221449 -1134.342)
(-0.0149487 1.490222 -1907.885)
(-0.01788607 1.855598 -2619.772)
(0.01486648 2.349865 -9356.579)
(0.04593729 0.3614281 -1909.386)
(0.1102727 0.5665677 -1883.397)
(0.06888621 0.6608325 -1179.004)
(7.973889e-07 0.01631506 -6.849369)
(-3.656445e-06 0.01986594 -29.32155)
(6.272191e-05 0.03144588 -66.44937)
(0.0001846096 0.0539509 -119.3389)
(0.000151503 0.09238477 -137.6603)
(0.004827578 1.307218 -1017.796)
(0.001766954 1.569682 -1129.007)
(-0.01616176 2.092654 -1899.122)
(-0.03008798 2.756034 -2609.605)
(-0.02710616 3.632741 -9339.784)
(0.01641372 0.5996423 -1904.322)
(0.07130938 0.9355666 -1882.253)
(0.1264877 1.221577 -1185.472)
(0.07654471 1.316992 -593.6561)
(3.531252e-06 0.02714493 -6.791166)
(6.823479e-07 0.0331119 -29.07191)
(-1.39583e-05 0.05254618 -65.88301)
(-6.395878e-05 0.09025961 -118.3762)
(4.580986e-05 0.1510598 -136.6521)
(0.002302189 2.230988 -1010.374)
(0.003728876 2.606973 -1122.016)
(1.513468e-05 3.260227 -1886.246)
(-0.02848461 4.376861 -2592.18)
(-0.05721755 5.896615 -9294.697)
(-0.002765297 0.9582163 -1896.608)
(0.02357417 1.452263 -1868.254)
(0.08605971 1.820894 -1181.53)
(0.1435811 2.159002 -599.6825)
(0.08196041 2.155369 -160.139)
(6.494187e-06 0.03846522 -6.700473)
(5.616542e-06 0.0469044 -28.6837)
(-3.449677e-06 0.0743728 -65.00552)
(-4.435544e-05 0.1276352 -116.8095)
(-0.0001738771 0.2173159 -134.8755)
(0.002624776 3.181875 -998.6733)
(0.00281592 3.783067 -1108.777)
(-0.01664137 4.865833 -1867.082)
(-0.03140737 6.270961 -2570.244)
(-0.06105083 8.280455 -9227.575)
(-0.01895639 1.362833 -1882.329)
(-0.006998376 2.031086 -1854.302)
(0.02448826 2.528961 -1168.728)
(0.1015391 2.820104 -600.626)
(0.173647 2.932288 -163.6327)
(8.655488e-06 0.04315843 -6.580629)
(1.038106e-05 0.05260323 -28.17143)
(7.545371e-06 0.08334675 -63.84999)
(-1.930682e-05 0.1429263 -114.7533)
(-0.0001296225 0.2431798 -132.5454)
(-0.003667744 3.558595 -982.1618)
(0.003690742 4.202383 -1094.072)
(0.002617589 5.443227 -1840.165)
(-0.03676665 7.154374 -2536.965)
(-0.07186736 9.355876 -9132.441)
(-0.02572474 1.496129 -1864.576)
(-0.03356041 2.300852 -1835.814)
(-0.01660867 2.862942 -1156.594)
(0.02594426 3.104051 -593.7893)
(0.120323 3.164538 -166.1852)
(9.501052e-06 0.03827211 -6.464789)
(1.23478e-05 0.04661708 -27.67672)
(1.584822e-05 0.07385726 -62.73493)
(2.023237e-06 0.1265661 -112.7712)
(-7.944731e-05 0.21521 -130.302)
(-0.003075276 3.148322 -966.1691)
(-0.005818169 3.715457 -1077.819)
(0.005211142 4.869724 -1819.291)
(-0.003197183 6.325008 -2504.98)
(-0.07168166 8.272716 -9034.896)
(-0.02594961 1.321268 -1845.315)
(-0.0433786 1.987312 -1816.702)
(-0.03783713 2.509916 -1144.962)
(-0.01947706 2.797011 -590.6512)
(0.02996871 2.734098 -165.8732)
(7.680304e-06 0.02859966 -6.372535)
(1.220032e-05 0.03480544 -27.28209)
(2.405509e-05 0.05505547 -61.84683)
(2.888648e-05 0.09440809 -111.189)
(-3.960569e-05 0.1604293 -128.51)
(-0.002251908 2.345891 -953.3794)
(-0.005412787 2.767356 -1064.446)
(-0.007002881 3.593767 -1799.115)
(0.00419333 4.804985 -2485.08)
(-0.03509914 6.167766 -8954.808)
(-0.02242249 0.9812428 -1827.904)
(-0.04224463 1.484498 -1800.75)
(-0.05036992 1.843002 -1135.037)
(-0.04151054 2.077689 -587.2851)
(-0.01950952 2.044785 -166.5271)
(1.902966e-05 0.01734407 -6.309895)
(9.471318e-06 0.02110048 -27.01591)
(2.037883e-05 0.03334047 -61.24593)
(3.859444e-05 0.05729892 -110.127)
(2.165133e-05 0.0971045 -127.2983)
(-0.001582472 1.419251 -944.6817)
(-0.004342361 1.678722 -1055.252)
(-0.01175939 2.176201 -1784.168)
(-0.01486334 2.86635 -2470.706)
(-0.008136639 3.760721 -8912.632)
(-0.02209334 0.5955158 -1815.096)
(-0.03530218 0.8991313 -1787.277)
(-0.05088561 1.122599 -1127.983)
(-0.05537357 1.233376 -584.2631)
(-0.04211807 1.258107 -166.6214)
(9.044559e-06 0.005699283 -6.280011)
(3.213689e-05 0.007020896 -26.8836)
(1.732106e-05 0.01108752 -60.95195)
(6.275112e-05 0.01894893 -109.5998)
(6.330655e-05 0.03261109 -126.6952)
(-0.0008354065 0.4724771 -940.2597)
(-0.002830025 0.5570556 -1050.357)
(-0.009774027 0.7288333 -1775.749)
(-0.02606071 0.9601498 -2459.196)
(-0.03218294 1.253697 -8887.698)
(-0.02159662 0.2000179 -1813.115)
(-0.03586958 0.300513 -1779.015)
(-0.04174918 0.3744998 -1122.462)
(-0.05649738 0.4136163 -582.3522)
(-0.05811859 0.4113276 -166.2969)
(1.944013e-06 -0.005722111 -6.278932)
(1.023022e-05 -0.006932224 -26.88955)
(5.306662e-05 -0.01109371 -60.95472)
(3.967377e-05 -0.01895976 -109.6127)
(0.0001189654 -0.03216307 -126.705)
(0.0005624778 -0.4766185 -940.1264)
(-0.002011597 -0.5569236 -1049.79)
(-0.007738004 -0.7222152 -1774.142)
(-0.02182785 -0.9600551 -2455.514)
(-0.0499361 -1.26051 -8870.174)
(-0.01691779 -0.2040322 -1816.795)
(-0.03586843 -0.3028601 -1784.351)
(-0.04199098 -0.3749488 -1120.378)
(-0.04600039 -0.4132339 -580.7006)
(-0.06120448 -0.4129614 -165.848)
(-3.748825e-06 -0.01710605 -6.309715)
(-1.762309e-05 -0.02098187 -27.01702)
(4.363917e-06 -0.03306715 -61.26332)
(7.087288e-05 -0.05707776 -110.1483)
(9.734544e-05 -0.09685521 -127.3183)
(0.001350628 -1.414957 -944.3282)
(-3.538317e-05 -1.676315 -1053.739)
(-0.004627846 -2.168657 -1779.196)
(-0.01829964 -2.860866 -2459.881)
(-0.04368905 -3.768779 -8874.913)
(-0.01294957 -0.6077248 -1817.204)
(-0.02696081 -0.9222736 -1795.138)
(-0.04055071 -1.132776 -1128.073)
(-0.04576554 -1.23908 -580.3246)
(-0.05029458 -1.234602 -165.1859)
(-3.3234e-06 -0.02859373 -6.37229)
(7.729152e-08 -0.03478283 -27.28376)
(-2.093909e-05 -0.05497374 -61.85232)
(-1.880853e-05 -0.0939107 -111.2204)
(8.375357e-05 -0.1600087 -128.5235)
(0.001964311 -2.337896 -952.9152)
(0.001950264 -2.757259 -1062.1)
(-0.001151271 -3.578159 -1791.523)
(-0.01088887 -4.730393 -2472.565)
(-0.03521401 -6.22198 -8901.629)
(-0.01141658 -1.001942 -1822.49)
(-0.01947702 -1.520012 -1800.886)
(-0.02985709 -1.890692 -1139.085)
(-0.04326293 -2.032242 -584.7017)
(-0.05047966 -2.036366 -164.5686)
(-1.871429e-06 -0.0383607 -6.465765)
(2.818413e-06 -0.04664825 -27.67806)
(-5.792612e-06 -0.07375921 -62.73908)
(-4.733244e-05 -0.1263743 -112.7746)
(-3.40965e-05 -0.214381 -130.2934)
(0.001355251 -3.136898 -965.3841)
(0.002967738 -3.701245 -1074.912)
(0.003390231 -4.80919 -1810.555)
(-0.003811281 -6.355259 -2494.04)
(-0.02204158 -8.377799 -8952.992)
(-0.009097635 -1.347693 -1832.883)
(-0.01722882 -2.042277 -1812.056)
(-0.02217541 -2.54816 -1145.986)
(-0.02816076 -2.811252 -590.2938)
(-0.04757131 -2.738774 -165.1128)
(4.202399e-06 -0.04326211 -6.581813)
(3.64393e-06 -0.05268177 -28.17838)
(2.109978e-05 -0.08334058 -63.85283)
(-5.641715e-06 -0.1427355 -114.7389)
(-7.392912e-05 -0.2426361 -132.4853)
(-0.000465257 -3.544554 -980.9669)
(0.00174616 -4.189534 -1090.823)
(0.005250027 -5.450504 -1835.494)
(0.00561027 -7.218887 -2522.647)
(-0.007131014 -9.531245 -9026.15)
(-0.005466565 -1.536995 -1847.871)
(-0.01347588 -2.332005 -1827.838)
(-0.01923516 -2.907895 -1155.935)
(-0.02331351 -3.206426 -593.0989)
(-0.02970284 -3.195883 -165.5026)
(5.549749e-06 -0.03847599 -6.70222)
(2.948348e-06 -0.04692347 -28.68979)
(1.868119e-05 -0.0743081 -65.0178)
(6.552417e-05 -0.1274171 -116.7809)
(1.325632e-06 -0.2168147 -134.77)
(-0.0009857167 -3.174643 -996.9395)
(-0.0004522684 -3.746642 -1107.288)
(0.002750703 -4.886028 -1861.238)
(0.008753841 -6.480092 -2553.894)
(0.008239096 -8.582402 -9108.616)
(-0.001655919 -1.388182 -1865.104)
(-0.007809424 -2.109567 -1845.721)
(-0.01472946 -2.63013 -1167.095)
(-0.01984537 -2.897354 -596.4856)
(-0.02392483 -2.885488 -165.1252)
(1.986975e-06 -0.0271343 -6.792952)
(6.561268e-06 -0.0330533 -29.07757)
(2.572931e-06 -0.0524719 -65.88733)
(5.288123e-05 -0.09001502 -118.3561)
(0.0001570778 -0.1535653 -136.5188)
(0.0001248058 -2.25266 -1009.15)
(-0.00115823 -2.664518 -1119.607)
(-0.0006159629 -3.474289 -1880.838)
(0.004518017 -4.62099 -2577.825)
(0.01340027 -6.12886 -9176.275)
(0.001642503 -0.9936524 -1879.214)
(-0.0022911 -1.516158 -1860.32)
(-0.008477411 -1.891744 -1175.979)
(-0.01513225 -2.083734 -599.1265)
(-0.02044265 -2.073905 -164.8201)
(-1.534303e-06 -0.01666808 -6.850171)
(-3.258371e-07 -0.01983274 -29.32587)
(9.01019e-06 -0.03139166 -66.4467)
(3.012232e-06 -0.05549614 -119.3466)
(0.0001258691 -0.09184741 -137.6837)
(0.002857545 -1.393084 -1017.19)
(0.0001702043 -1.650503 -1127.626)
(-0.002022462 -2.159555 -1893.169)
(-0.000906146 -2.873373 -2593.45)
(0.007294458 -3.822195 -9221.243)
(0.002737933 -0.6197809 -1889.417)
(0.002386298 -0.9503132 -1870.535)
(-0.00274066 -1.235987 -1182.169)
(-0.008778822 -1.365081 -600.9311)
(-0.01570122 -1.361248 -164.5659)
(7.128153e-07 -0.01559552 -6.882725)
(4.132171e-05 -0.01834413 -29.46459)
(7.612122e-05 -0.02755679 -66.74191)
(-0.0001431165 -0.04507967 -119.8678)
(3.744623e-06 -0.07382576 -138.3318)
(0.002341569 -1.052515 -1021.734)
(-0.0007950317 -1.246115 -1132.495)
(4.981578e-05 -1.481642 -1900.293)
(-0.003726044 -1.883145 -2601.873)
(-0.001268308 -2.432118 -9247.673)
(0.001673566 -0.3825528 -1895.579)
(0.004035519 -0.5684868 -1877.43)
(-0.002125907 -0.7046427 -1185.83)
(-0.007757307 -0.7750578 -601.3991)
(-0.009386715 -0.7706554 -164.1797)
(4.414684e-05 -0.009893409 -6.92039)
(4.809279e-05 -0.01092409 -29.61744)
(-2.595719e-05 -0.01578749 -67.10438)
(-3.113886e-05 -0.02636958 -120.4998)
(1.72422e-05 -0.04184214 -138.9424)
(5.52128e-05 -0.5440648 -1025.666)
(-0.001540454 -0.6382127 -1135.279)
(0.006694033 -0.743515 -1904.326)
(0.005023482 -0.8247928 -2604.16)
(-0.006688766 -1.026132 -9251.201)
(-0.0001135307 -0.1538255 -1896.838)
(0.002575802 -0.2191434 -1878.882)
(0.005075976 -0.2659302 -1186.932)
(0.002686402 -0.2831567 -601.7774)
(-0.003427342 -0.2334202 -163.9669)
(-7.721692e-07 0.009879517 -6.917857)
(-6.674082e-06 0.01140756 -29.62156)
(7.407705e-06 0.01665583 -67.12348)
(0.0002962483 0.0264209 -120.5178)
(0.0004435934 0.03943557 -138.8483)
(-0.003893831 0.580944 -1025.47)
(-0.007470334 0.6324688 -1136.832)
(-0.01477206 0.7280404 -1911.366)
(-0.01771601 0.8517608 -2623.441)
(0.01654736 1.020509 -9364.574)
(0.04386638 0.1293582 -1910.413)
(0.1080765 0.2124494 -1884.831)
(0.07147451 0.2195615 -1180.899)
(9.887058e-07 0.01559843 -6.879799)
(-3.068072e-06 0.01834502 -29.45159)
(-2.131738e-05 0.02756324 -66.74145)
(7.264831e-06 0.04666172 -119.9097)
(0.0003681863 0.0769537 -138.325)
(0.006737795 1.014383 -1021.738)
(-0.00204371 1.222004 -1133.441)
(-0.0157296 1.493904 -1905.893)
(-0.02925456 1.86006 -2617.516)
(-0.02679441 2.348824 -9361.665)
(0.01510619 0.3533822 -1909.075)
(0.06919822 0.5229088 -1885.26)
(0.1256219 0.6839066 -1189.444)
(0.07599954 0.7219169 -595.7094)
(1.724571e-06 0.0163063 -6.849116)
(-1.567457e-06 0.01985682 -29.31974)
(-1.709409e-05 0.03143922 -66.44194)
(8.762239e-05 0.05391192 -119.369)
(0.0003244229 0.0919607 -137.709)
(0.002707632 1.358842 -1017.756)
(0.005010331 1.540711 -1129.412)
(-0.003352796 2.039937 -1897.005)
(-0.03375739 2.76873 -2606.024)
(-0.05524974 3.642227 -9332.203)
(-0.003062914 0.5953247 -1904.749)
(0.02285087 0.9039904 -1876.958)
(0.07898185 1.150822 -1187.458)
(0.1389749 1.348497 -601.5742)
(0.08519334 1.327805 -160.6729)
(3.920243e-06 0.02712203 -6.791017)
(2.067216e-06 0.0330824 -29.07065)
(-8.96134e-06 0.05250237 -65.8773)
(-5.234196e-05 0.09020041 -118.3559)
(-0.0001808886 0.1537678 -136.6163)
(0.000699355 2.21297 -1010.912)
(0.003125323 2.642324 -1121.773)
(6.726414e-05 3.395556 -1885.887)
(-0.01691298 4.345095 -2589.588)
(-0.06432535 5.848823 -9278.287)
(-0.01553209 0.9577392 -1894.907)
(-0.00718649 1.44566 -1867.811)
(0.0235684 1.802069 -1177.473)
(0.09344593 2.008297 -602.6973)
(0.1627606 2.173975 -163.9299)
(6.044516e-06 0.03843798 -6.70046)
(6.122057e-06 0.04686378 -28.68305)
(2.305625e-08 0.07430659 -65.0015)
(-3.164754e-05 0.1275319 -116.7934)
(-0.0001464894 0.2171861 -134.8392)
(-0.003849336 3.180628 -998.2673)
(0.003710742 3.757389 -1110.303)
(0.003376781 4.924272 -1864.899)
(-0.03377193 6.411507 -2565.783)
(-0.06921927 8.313795 -9208.816)
(-0.02766128 1.379886 -1881.309)
(-0.03391301 2.069224 -1852.392)
(-0.01158201 2.526257 -1168.227)
(0.02544048 2.788806 -598.1324)
(0.1169128 2.830313 -166.573)
(8.606804e-06 0.04313851 -6.580733)
(9.351671e-06 0.05256566 -28.17152)
(9.480778e-06 0.08327549 -63.84787)
(-9.82419e-06 0.1428036 -114.7413)
(-9.796391e-05 0.2429974 -132.5155)
(-0.00328072 3.556719 -981.6899)
(-0.006023799 4.199977 -1093.416)
(0.005509745 5.455334 -1843.13)
(-0.001870819 7.165762 -2532.689)
(-0.0710034 9.377614 -9108.816)
(-0.02608282 1.499559 -1861.67)
(-0.04349209 2.258955 -1834.405)
(-0.04307458 2.868877 -1156.364)
(-0.01938702 3.157704 -594.221)
(0.03254436 3.109392 -166.1019)
(8.192291e-06 0.03827523 -6.465203)
(1.177441e-05 0.04659815 -27.67727)
(1.509704e-05 0.07374973 -62.73486)
(9.811831e-06 0.1264646 -112.7635)
(-5.356655e-05 0.2150451 -130.2781)
(-0.002427463 3.14624 -965.7634)
(-0.005557823 3.713742 -1076.876)
(-0.01193813 4.819179 -1818.102)
(0.004862555 6.426092 -2509.295)
(-0.02485242 8.28193 -9013.619)
(-0.02255343 1.316686 -1840.85)
(-0.0421742 1.994675 -1814.9)
(-0.05329421 2.476449 -1144.214)
(-0.04264737 2.765002 -590.2853)
(-0.01681339 2.798135 -166.6456)
(1.219735e-05 0.0286051 -6.372776)
(1.022652e-05 0.03481255 -27.28401)
(2.024703e-05 0.05503705 -61.84794)
(3.226198e-05 0.09420811 -111.1907)
(9.255058e-06 0.1603214 -128.4927)
(-0.001673322 2.344513 -953.0334)
(-0.004410815 2.765946 -1063.612)
(-0.0123291 3.5874 -1796.924)
(-0.0154501 4.733957 -2485.771)
(-0.007138442 6.287559 -8952.62)
(-0.02205965 0.9809195 -1823.876)
(-0.03529557 1.481552 -1796.852)
(-0.05070984 1.850754 -1134.225)
(-0.05654008 2.033286 -586.53)
(-0.04233147 2.07603 -166.6793)
(4.224902e-06 0.01720187 -6.310834)
(2.362558e-05 0.0211078 -27.01696)
(1.857119e-05 0.0333532 -61.2512)
(3.822738e-05 0.05703261 -110.128)
(4.481548e-05 0.09728189 -127.2971)
(-0.0004346902 1.418612 -944.4168)
(-0.003369775 1.672973 -1054.515)
(-0.01043903 2.175665 -1782.216)
(-0.02527459 2.867041 -2466.781)
(-0.03179504 3.765914 -8907.489)
(-0.02124437 0.598343 -1817.547)
(-0.03573915 0.899745 -1783.828)
(-0.04169159 1.121394 -1125.592)
(-0.05638743 1.238708 -583.4895)
(-0.059156 1.231771 -166.3426)
(1.944506e-06 0.005722125 -6.278931)
(1.023037e-05 0.006932219 -26.88955)
(5.306633e-05 0.01109371 -60.95472)
(3.967239e-05 0.01895976 -109.6127)
(0.0001189664 0.03216315 -126.705)
(0.0005624999 0.4766181 -940.1264)
(-0.002011615 0.5569234 -1049.79)
(-0.007737989 0.722215 -1774.142)
(-0.02182784 0.9600535 -2455.514)
(-0.04993617 1.260508 -8870.173)
(-0.01691781 0.204032 -1816.795)
(-0.03586846 0.3028593 -1784.351)
(-0.04199094 0.3749494 -1120.378)
(-0.04600029 0.413231 -580.7005)
(-0.06120453 0.4129578 -165.848)
(1.26699e-05 -0.005548401 -6.279681)
(5.125178e-07 -0.006962519 -26.88474)
(1.33479e-05 -0.01094761 -60.96826)
(9.537903e-05 -0.01897101 -109.6195)
(9.37534e-05 -0.03217996 -126.726)
(0.001991542 -0.4700246 -940.1907)
(0.0002142243 -0.5620152 -1049.504)
(-0.005301838 -0.72218 -1772.829)
(-0.01766764 -0.9530849 -2452.438)
(-0.04338362 -1.260647 -8854.349)
(-0.01283712 -0.2022685 -1812.691)
(-0.02723534 -0.3112696 -1790.467)
(-0.04170243 -0.3784519 -1124.885)
(-0.04602228 -0.4137607 -579.1904)
(-0.05031506 -0.4123084 -165.1488)
(-5.78977e-06 -0.01712343 -6.309423)
(-5.810955e-06 -0.0208186 -27.01591)
(-3.336311e-05 -0.03316084 -61.25364)
(2.177067e-06 -0.05654609 -110.1649)
(0.0001296914 -0.0968961 -127.33)
(0.001920929 -1.415313 -944.5692)
(0.001940491 -1.668783 -1053.714)
(-0.001097831 -2.174358 -1778.674)
(-0.01094113 -2.861154 -2457.461)
(-0.0357427 -3.7658 -8860.836)
(-0.01159665 -0.6082402 -1813.604)
(-0.02026532 -0.923436 -1791.268)
(-0.03139246 -1.154186 -1132.674)
(-0.04418171 -1.251219 -582.4143)
(-0.05081818 -1.235493 -164.5046)
(-7.432675e-06 -0.02863474 -6.373005)
(-1.363362e-06 -0.03480727 -27.2828)
(-2.483762e-06 -0.05500093 -61.85211)
(-4.504892e-05 -0.09406815 -111.203)
(-4.360316e-05 -0.1594657 -128.533)
(0.001409084 -2.338506 -953.051)
(0.002951653 -2.757251 -1062.508)
(0.003458394 -3.578582 -1791.494)
(-0.003190905 -4.723527 -2471.565)
(-0.02189329 -6.22412 -8891.506)
(-0.009369116 -1.003625 -1819.372)
(-0.01775633 -1.522076 -1797.349)
(-0.02288603 -1.901312 -1136.414)
(-0.03260298 -2.090008 -586.8331)
(-0.04903955 -2.020148 -164.8081)
(6.281514e-06 -0.03839555 -6.465448)
(8.783417e-08 -0.04670633 -27.6822)
(1.439313e-05 -0.0738141 -62.738)
(-1.496361e-05 -0.1262954 -112.7682)
(-0.0001016879 -0.214744 -130.2727)
(-0.000653055 -3.134902 -965.4615)
(0.001874388 -3.701683 -1075.147)
(0.005408575 -4.807335 -1811.359)
(0.006008092 -6.354667 -2493.997)
(-0.007324925 -8.37428 -8947.917)
(-0.005772205 -1.349831 -1830.625)
(-0.0141827 -2.046849 -1809.047)
(-0.02021221 -2.552965 -1143.71)
(-0.0244668 -2.816806 -588.6514)
(-0.03142943 -2.809869 -165.3439)
(5.973278e-06 -0.04321584 -6.582245)
(4.845937e-06 -0.05269699 -28.17717)
(1.398627e-05 -0.08340616 -63.86574)
(5.80024e-05 -0.1428455 -114.7399)
(-1.557474e-05 -0.2427745 -132.4757)
(-0.001432629 -3.550791 -980.7941)
(-0.0006951347 -4.186733 -1090.932)
(0.003000576 -5.450033 -1835.969)
(0.009324575 -7.211949 -2523.826)
(0.009271266 -9.52728 -9025.877)
(-0.001759765 -1.539049 -1846.742)
(-0.008425982 -2.337466 -1825.664)
(-0.01583957 -2.915801 -1154.031)
(-0.0212565 -3.214697 -591.6868)
(-0.02551251 -3.204843 -164.9166)
(3.780298e-06 -0.03850357 -6.702364)
(7.161149e-06 -0.04687738 -28.69089)
(3.561139e-06 -0.07434872 -65.01567)
(4.912641e-05 -0.1274371 -116.8113)
(0.0001554665 -0.2169688 -134.7752)
(-3.722838e-05 -3.176677 -996.8347)
(-0.00156881 -3.753265 -1107.056)
(-0.0008668594 -4.88273 -1861.455)
(0.004885999 -6.47769 -2554.63)
(0.01445782 -8.567979 -9112.397)
(0.001868121 -1.38713 -1864.95)
(-0.002364592 -2.112829 -1844.648)
(-0.009151921 -2.637563 -1165.739)
(-0.01628509 -2.907563 -595.3087)
(-0.02186723 -2.896404 -164.6153)
(9.392291e-07 -0.02709923 -6.79229)
(7.024827e-08 -0.03306867 -29.07843)
(1.124133e-05 -0.05241537 -65.88876)
(2.404277e-06 -0.09010593 -118.3534)
(0.0001242454 -0.1534585 -136.5627)
(0.002967842 -2.253502 -1009.221)
(9.652137e-05 -2.666558 -1119.425)
(-0.002436382 -3.480581 -1880.416)
(-0.00112735 -4.617627 -2578.182)
(0.007764403 -6.124215 -9178.908)
(0.002939028 -0.9907165 -1879.959)
(0.002857207 -1.512607 -1860.104)
(-0.002622817 -1.894885 -1175.299)
(-0.009357304 -2.09106 -598.3153)
(-0.01666339 -2.083987 -164.3903)
(1.327463e-06 -0.01664254 -6.849559)
(-6.716381e-06 -0.02031436 -29.32235)
(-8.938055e-06 -0.03139347 -66.44891)
(1.673496e-05 -0.05386148 -119.3477)
(2.32808e-06 -0.09475997 -137.6822)
(0.002379518 -1.349536 -1017.628)
(0.004138863 -1.650198 -1127.741)
(8.029615e-05 -2.162053 -1892.793)
(-0.004135363 -2.87894 -2592.81)
(-0.00141876 -3.818703 -9222.66)
(0.001749313 -0.6187998 -1889.967)
(0.004541449 -0.943612 -1871.262)
(0.002999472 -1.188741 -1181.99)
(-0.002998074 -1.366994 -600.505)
(-0.009678999 -1.366341 -164.2789)
(5.411532e-06 -0.01598608 -6.882531)
(-2.64033e-06 -0.01834421 -29.46127)
(5.560648e-05 -0.02757662 -66.75937)
(0.0001224464 -0.04506792 -119.8719)
(-0.000252124 -0.07371381 -138.2692)
(3.580629e-05 -1.054541 -1022.23)
(0.003407151 -1.193998 -1132.638)
(0.001388918 -1.535951 -1900.483)
(-0.0003363478 -1.885776 -2601.212)
(-0.007018699 -2.436412 -9245.542)
(-7.883562e-05 -0.3819467 -1895.85)
(0.002713257 -0.5670059 -1877.982)
(0.004850151 -0.7012373 -1186.514)
(-0.002390923 -0.7731653 -601.8515)
(-0.00803101 -0.7718586 -164.0237)
(6.80596e-06 -0.009892294 -6.92054)
(5.491102e-05 -0.01142214 -29.62838)
(7.077639e-05 -0.01580513 -67.09477)
(-8.32249e-05 -0.02483703 -120.4734)
(-9.476008e-05 -0.0418314 -138.9476)
(0.000301452 -0.5843655 -1025.666)
(6.113206e-05 -0.5914783 -1135.275)
(0.0002246776 -0.7406928 -1904.714)
(0.01170025 -0.8780991 -2605.734)
(0.001832168 -1.027578 -9248.395)
(-0.001638004 -0.1537621 -1896.361)
(-0.0002178978 -0.2185947 -1879.145)
(0.003120357 -0.2649621 -1187.3)
(0.005656156 -0.2883132 -602.0022)
(0.002778253 -0.2786863 -163.9363)
(4.612371e-07 0.009876788 -6.917541)
(-3.730694e-06 0.01140413 -29.61936)
(-2.349957e-05 0.01663867 -67.11424)
(4.95732e-06 0.02642447 -120.5386)
(0.0006149566 0.04189117 -138.9974)
(0.00707555 0.543991 -1025.052)
(-0.006639558 0.6327737 -1135.946)
(-0.01552669 0.7291208 -1909.403)
(-0.02890275 0.8530889 -2621.198)
(-0.02667918 1.020102 -9369.473)
(0.01541344 0.1331152 -1910.779)
(0.06549986 0.1659493 -1885.797)
(0.1236161 0.246129 -1190.274)
(0.07824902 0.235563 -596.4496)
(1.830555e-06 0.01559656 -6.879568)
(-1.172573e-06 0.01834424 -29.44993)
(-1.548397e-05 0.0275677 -66.73455)
(-6.748414e-05 0.0450606 -119.8861)
(-6.427856e-06 0.07649642 -138.3572)
(0.006624904 1.103418 -1022.579)
(0.007965039 1.137677 -1133.223)
(-0.008615351 1.496654 -1903.843)
(-0.03274687 1.867576 -2614.023)
(-0.0540203 2.354103 -9353.944)
(-0.003280055 0.3506633 -1909.456)
(0.0202339 0.5071015 -1881.968)
(0.07653629 0.6340494 -1189.853)
(0.1370253 0.7418279 -603.2698)
(0.08467555 0.7241865 -161.0327)
(2.357295e-06 0.01629806 -6.84893)
(-4.157939e-08 0.01984739 -29.31834)
(-1.203491e-05 0.03143053 -66.43604)
(-5.613545e-05 0.0539167 -119.3489)
(9.184278e-05 0.09186977 -137.7367)
(0.004900964 1.350621 -1018.318)
(0.003688348 1.61288 -1129.238)
(0.002763137 2.008016 -1897.192)
(-0.01930197 2.713678 -2602.031)
(-0.06735765 3.664704 -9316.052)
(-0.01528411 0.594475 -1903.048)
(-0.007480105 0.8984336 -1876.512)
(0.02281515 1.120443 -1183.094)
(0.08552475 1.259174 -605.0057)
(0.1577949 1.361972 -164.0647)
(4.135883e-06 0.02710356 -6.79095)
(3.054841e-06 0.03305531 -29.06973)
(-5.169917e-06 0.05246019 -65.87277)
(-3.951288e-05 0.09014088 -118.3395)
(-0.0001551647 0.1537132 -136.5807)
(-0.003865043 2.253904 -1010.52)
(0.0009424829 2.616542 -1122.689)
(0.004168981 3.457308 -1885.177)
(-0.01327221 4.505821 -2587.9)
(-0.05845499 5.837882 -9261.527)
(-0.02419434 0.99497 -1891.777)
(-0.02648039 1.447417 -1865.969)
(-0.01150856 1.796622 -1176.994)
(0.02446623 1.986681 -601.434)
(0.1085299 2.016607 -166.4235)
(7.448658e-06 0.03842 -6.700513)
(6.215379e-06 0.04683111 -28.68281)
(2.994649e-06 0.07424547 -64.99856)
(-2.152814e-05 0.1274319 -116.7804)
(-0.0001147152 0.2170542 -134.8091)
(-0.00342943 3.17967 -997.8104)
(-0.006108304 3.75676 -1109.68)
(0.005940172 4.885095 -1868.016)
(-0.0001548669 6.504035 -2561.671)
(-0.06725951 8.417487 -9186.198)
(-0.02638181 1.381655 -1878.298)
(-0.04729081 2.106691 -1852.556)
(-0.04311018 2.580007 -1167.002)
(-0.0136645 2.786442 -598.5212)
(0.03178347 2.795993 -166.3713)
(8.360054e-06 0.04313787 -6.581152)
(1.071913e-05 0.05254187 -28.17189)
(1.054106e-05 0.08321801 -63.84713)
(-4.647155e-07 0.1426895 -114.7325)
(-7.119912e-05 0.2428205 -132.4908)
(-0.002633398 3.554769 -981.2893)
(-0.005696435 4.198781 -1092.504)
(-0.01193557 5.454906 -1841.997)
(0.005860134 7.196935 -2537.237)
(-0.02252484 9.392852 -9087.593)
(-0.02282645 1.492471 -1857.18)
(-0.04218125 2.267211 -1832.78)
(-0.05325416 2.817442 -1155.791)
(-0.04835428 3.166444 -594.4789)
(-0.01697678 3.159567 -166.6541)
(1.112704e-05 0.0382789 -6.465465)
(1.09035e-05 0.04660224 -27.67926)
(1.973666e-05 0.07372202 -62.73577)
(1.603447e-05 0.1262717 -112.7603)
(-2.415459e-05 0.2148888 -130.26)
(-0.001841304 3.144273 -965.4187)
(-0.004556005 3.711892 -1076.057)
(-0.01232511 4.818946 -1815.964)
(-0.02263717 6.353877 -2508.051)
(-0.005609572 8.424118 -9016.813)
(-0.0230798 1.31599 -1836.871)
(-0.03532683 1.989114 -1811.037)
(-0.05047483 2.487528 -1143.479)
(-0.05935208 2.73252 -589.8917)
(-0.04370279 2.762631 -166.7258)
(-1.088207e-06 0.02852064 -6.373235)
(1.49826e-05 0.03481977 -27.28515)
(1.987225e-05 0.05504906 -61.85338)
(3.826632e-05 0.09418241 -111.1917)
(3.513811e-05 0.1599691 -128.4901)
(-0.0005946506 2.343152 -952.769)
(-0.003438876 2.764723 -1062.888)
(-0.01041362 3.586604 -1795.002)
(-0.02576313 4.728159 -2481.717)
(-0.03181729 6.217993 -8948.028)
(-0.02090757 0.9745793 -1826.402)
(-0.03553433 1.482592 -1793.456)
(-0.04158475 1.848279 -1131.853)
(-0.05617423 2.042361 -585.766)
(-0.06047997 2.030682 -166.4353)
(-1.314472e-05 0.01724276 -6.309941)
(4.392556e-06 0.02092898 -27.02099)
(3.906723e-05 0.03336603 -61.25415)
(4.187194e-05 0.05705422 -110.1411)
(7.579986e-05 0.09682281 -127.297)
(0.0003169348 1.421614 -944.3408)
(-0.001510142 1.672379 -1053.953)
(-0.00838383 2.16898 -1780.497)
(-0.02247349 2.867173 -2463.122)
(-0.04905134 3.767819 -8890.635)
(-0.01674692 0.607014 -1821.104)
(-0.0350833 0.9062139 -1789.221)
(-0.04177485 1.122794 -1123.525)
(-0.04592829 1.237426 -581.8341)
(-0.06113466 1.236725 -165.891)
(1.266905e-05 0.005548421 -6.27968)
(5.130825e-07 0.006962534 -26.88474)
(1.334803e-05 0.01094761 -60.96826)
(9.537854e-05 0.01897101 -109.6195)
(9.375155e-05 0.03217996 -126.726)
(0.001991557 0.4700253 -940.1907)
(0.0002142421 0.5620146 -1049.504)
(-0.005301864 0.7221796 -1772.829)
(-0.01766761 0.9530841 -2452.438)
(-0.0433836 1.260644 -8854.349)
(-0.01283714 0.2022674 -1812.691)
(-0.02723538 0.3112693 -1790.467)
(-0.04170247 0.3784508 -1124.885)
(-0.04602224 0.4137613 -579.1904)
(-0.05031495 0.4123052 -165.1488)
(-7.743289e-06 -0.005557954 -6.279323)
(1.41411e-05 -0.006750894 -26.8877)
(-5.998482e-06 -0.0110039 -60.95649)
(1.652771e-05 -0.01871499 -109.644)
(0.0001711337 -0.03219937 -126.7373)
(0.0018743 -0.470227 -940.4312)
(0.002686376 -0.5544342 -1049.559)
(-0.0008983071 -0.7288071 -1772.172)
(-0.01174434 -0.9532375 -2449.994)
(-0.03543409 -1.255974 -8840.674)
(-0.01193444 -0.2024422 -1809.069)
(-0.01990931 -0.3065642 -1786.326)
(-0.03170876 -0.3905579 -1129.641)
(-0.04559668 -0.4179937 -581.2693)
(-0.05103135 -0.4125998 -164.4722)
(-5.784142e-06 -0.01715025 -6.31007)
(-4.366871e-06 -0.02084121 -27.01465)
(-1.311539e-05 -0.03291763 -61.25039)
(-6.833259e-05 -0.05672441 -110.1456)
(-6.776851e-06 -0.09598337 -127.3499)
(0.0020845 -1.415895 -944.7029)
(0.002917722 -1.669015 -1054.129)
(0.003454008 -2.166097 -1778.633)
(-0.00328492 -2.868576 -2456.436)
(-0.02226049 -3.766932 -8850.518)
(-0.009537099 -0.6117105 -1810.426)
(-0.01806393 -0.9242707 -1787.673)
(-0.02401838 -1.155372 -1130.145)
(-0.03443244 -1.27701 -584.5025)
(-0.05004506 -1.247012 -164.759)
(5.367302e-06 -0.02863285 -6.372427)
(-6.872223e-06 -0.0348547 -27.2866)
(7.943272e-06 -0.05504691 -61.85005)
(-8.743316e-06 -0.09411999 -111.2007)
(-9.614599e-05 -0.1597339 -128.5092)
(-0.0007995324 -2.330659 -953.1333)
(0.001929623 -2.757911 -1062.744)
(0.005457802 -3.577737 -1792.325)
(0.006167484 -4.724843 -2471.513)
(-0.006968119 -6.220715 -8886.76)
(-0.00616661 -1.0048 -1817.049)
(-0.01465669 -1.524928 -1794.258)
(-0.02085924 -1.903445 -1134.086)
(-0.02525456 -2.102709 -585.1547)
(-0.03660457 -2.089238 -165.222)
(6.370528e-06 -0.03834908 -6.466065)
(7.464655e-06 -0.04675344 -27.68076)
(8.876362e-06 -0.073891 -62.75053)
(4.773706e-05 -0.1264047 -112.7671)
(-3.325915e-05 -0.2145984 -130.2614)
(-0.001856726 -3.140171 -965.2574)
(-0.000921955 -3.699581 -1075.267)
(0.003171946 -4.807591 -1811.845)
(0.009698388 -6.35022 -2495.245)
(0.009932527 -8.37394 -8947.654)
(-0.001892027 -1.353361 -1829.439)
(-0.008949576 -2.050525 -1806.78)
(-0.016704 -2.558165 -1141.729)
(-0.02233949 -2.821779 -587.1898)
(-0.02672683 -2.81556 -164.7372)
(6.417519e-06 -0.04325392 -6.582299)
(7.899422e-06 -0.05263664 -28.17902)
(6.670994e-06 -0.08343883 -63.86276)
(4.263816e-05 -0.1429145 -114.7714)
(0.000146609 -0.2429798 -132.4788)
(-0.0003041592 -3.553098 -980.67)
(-0.002131644 -4.19406 -1090.655)
(-0.001199899 -5.446713 -1836.216)
(0.005262194 -7.210549 -2524.591)
(0.01545671 -9.515189 -9029.95)
(0.002069079 -1.538673 -1846.606)
(-0.002521371 -2.340791 -1824.531)
(-0.009896123 -2.922184 -1152.596)
(-0.01751873 -3.223159 -590.4467)
(-0.0233623 -3.213478 -164.3829)
(6.909443e-06 -0.03843168 -6.701826)
(2.201455e-06 -0.04691011 -28.69161)
(1.274022e-05 -0.07426718 -65.01808)
(3.863863e-06 -0.1275203 -116.8072)
(0.0001206017 -0.216923 -134.8216)
(0.002998287 -3.178879 -996.902)
(-0.0001007065 -3.756062 -1106.848)
(-0.003058743 -4.891567 -1860.957)
(-0.001462161 -6.47338 -2555.036)
(0.008344385 -8.563701 -9115.144)
(0.003175815 -1.383946 -1865.759)
(0.003272437 -2.110788 -1844.467)
(-0.002684481 -2.641192 -1165.024)
(-0.01010623 -2.915634 -594.4497)
(-0.0178956 -2.907269 -164.1635)
(3.955518e-06 -0.02704988 -6.791751)
(-3.888271e-06 -0.03302801 -29.07494)
(-8.494876e-06 -0.05243466 -65.89106)
(2.11445e-05 -0.09000663 -118.3558)
(5.564814e-07 -0.15362 -136.5595)
(0.002378654 -2.251333 -1009.677)
(0.004289905 -2.667151 -1119.555)
(3.465978e-06 -3.484202 -1879.994)
(-0.00479172 -4.626173 -2577.455)
(-0.001673709 -6.119305 -9180.482)
(0.001853958 -0.9894891 -1880.528)
(0.004900638 -1.507301 -1860.891)
(0.003619705 -1.890136 -1175.146)
(-0.00286538 -2.094455 -597.8673)
(-0.01031509 -2.091848 -164.0895)
(5.514464e-06 -0.01663566 -6.849361)
(-1.928201e-06 -0.02028484 -29.31912)
(-2.848894e-05 -0.03223778 -66.438)
(-3.454027e-05 -0.05385351 -119.3524)
(3.160399e-05 -0.09187951 -137.6835)
(5.68716e-06 -1.392758 -1017.613)
(0.003437833 -1.599754 -1128.435)
(0.007228861 -2.159921 -1893.028)
(-0.0001679732 -2.883493 -2592.096)
(-0.007646515 -3.825861 -9220.351)
(-6.956809e-05 -0.618076 -1890.26)
(0.002838923 -0.9418848 -1871.828)
(0.005652968 -1.178544 -1182.465)
(0.003365023 -1.315283 -600.4031)
(-0.003341493 -1.368682 -164.113)
(6.693767e-06 -0.01598187 -6.882689)
(5.261862e-06 -0.01884437 -29.46012)
(-1.713781e-05 -0.02758241 -66.74906)
(6.646556e-05 -0.04511476 -119.8965)
(0.0001775324 -0.07367798 -138.2748)
(-0.003704808 -1.053014 -1021.738)
(3.223519e-05 -1.196391 -1133.169)
(0.005969445 -1.47583 -1900.901)
(0.006553073 -1.934975 -2601.501)
(-0.001227294 -2.440987 -9242.624)
(-0.001675299 -0.3820655 -1895.338)
(-0.0001447336 -0.5659891 -1878.243)
(0.003296331 -0.6993308 -1186.875)
(0.005265147 -0.7694001 -602.2135)
(-0.002330695 -0.7700774 -164.1724)
(7.854571e-06 -0.00989453 -6.920807)
(8.486283e-06 -0.01142068 -29.62901)
(8.937029e-05 -0.01666684 -67.1189)
(0.0001022839 -0.02487256 -120.4478)
(-0.0002287393 -0.03911904 -138.9033)
(-0.002095939 -0.5841214 -1025.713)
(0.0004391043 -0.6385066 -1135.291)
(7.434131e-05 -0.6858167 -1904.699)
(0.004683064 -0.8763615 -2606.43)
(0.0189801 -1.057565 -9252.995)
(-0.002301644 -0.1541303 -1895.744)
(-0.002585392 -0.2183862 -1878.628)
(-0.0002979851 -0.2642767 -1187.473)
(0.003474623 -0.2872335 -602.202)
(0.005863806 -0.2844992 -163.9905)
(1.346374e-06 0.00987425 -6.9173)
(-1.791312e-06 0.01140094 -29.61766)
(-1.639923e-05 0.01663396 -67.10728)
(-7.071648e-05 0.02639797 -120.5145)
(-8.376735e-06 0.04190863 -139.0305)
(0.01070195 0.5844937 -1026.483)
(0.008414526 0.5865407 -1135.071)
(-0.01464953 0.730111 -1907.384)
(-0.03229521 0.8553386 -2617.744)
(-0.05349844 1.021642 -9361.68)
(-0.00339416 0.1321965 -1911.136)
(0.02106153 0.1750755 -1883.834)
(0.07245653 0.2002206 -1189.414)
(0.1356795 0.2589035 -603.4598)
(0.08683532 0.233294 -161.0965)
(2.481917e-06 0.01559466 -6.879401)
(2.231535e-07 0.01834279 -29.44864)
(-1.084003e-05 0.02757012 -66.72907)
(-5.192826e-05 0.04507799 -119.8673)
(-0.0001858476 0.07362696 -138.3175)
(-0.0003697441 1.094569 -1022.956)
(0.009122334 1.256863 -1134.408)
(0.008202037 1.381586 -1902.904)
(-0.02549457 1.874836 -2610.14)
(-0.06548451 2.366302 -9337.952)
(-0.01518446 0.350057 -1907.753)
(-0.007708567 0.5035667 -1881.518)
(0.02054015 0.6165381 -1186.319)
(0.08282983 0.691497 -605.9373)
(0.1553702 0.7437617 -164.3244)
(3.597312e-06 0.01629192 -6.848831)
(1.216672e-06 0.01983838 -29.31728)
(-8.116158e-06 0.03142035 -66.43128)
(-4.34523e-05 0.05391551 -119.3325)
(-0.0001576944 0.09191405 -137.7021)
(0.0002611371 1.348409 -1018.439)
(0.00591068 1.601233 -1130.195)
(0.00506845 2.123394 -1896.595)
(-0.008878069 2.686553 -2601.065)
(-0.0583442 3.630652 -9295.622)
(-0.02221107 0.5988006 -1899.997)
(-0.02584745 0.8987529 -1874.721)
(-0.0116402 1.115548 -1182.625)
(0.0236593 1.234894 -603.579)
(0.1001371 1.263893 -166.6398)
(6.475326e-06 0.02709755 -6.790962)
(3.923141e-06 0.03303334 -29.06927)
(-1.553517e-06 0.05242085 -65.86933)
(-2.914137e-05 0.09008156 -118.326)
(-0.000123884 0.1536516 -136.5511)
(-0.003463295 2.253933 -1010.083)
(-0.006025949 2.664865 -1122.098)
(0.001362311 3.415144 -1887.069)
(0.001447455 4.601119 -2586.032)
(-0.04922992 5.970992 -9245.658)
(-0.03015198 1.012856 -1889.326)
(-0.04011739 1.526437 -1863.295)
(-0.03320424 1.801481 -1175.821)
(-0.01352218 1.981168 -601.779)
(0.03073982 1.993976 -166.6)
(8.190937e-06 0.03841664 -6.700922)
(9.310733e-06 0.04680946 -28.68297)
(5.760832e-06 0.07419609 -64.99715)
(-1.069597e-05 0.1273377 -116.7705)
(-8.75901e-05 0.2169214 -134.7839)
(-0.0027925 3.178566 -997.422)
(-0.005738972 3.756783 -1108.814)
(-0.01170215 4.886773 -1866.969)
(0.007139323 6.455644 -2566.482)
(-0.01953185 8.52742 -9164.871)
(-0.02333632 1.339618 -1874.322)
(-0.04256478 2.10909 -1850.739)
(-0.05780468 2.631554 -1167.615)
(-0.04812787 2.847535 -598.1064)
(-0.01154763 2.789907 -166.875)
(9.598863e-06 0.04313847 -6.581427)
(1.114607e-05 0.05254099 -28.1739)
(1.814898e-05 0.08318202 -63.84764)
(8.760144e-06 0.1425976 -114.7283)
(-3.961179e-05 0.2426516 -132.4718)
(-0.002044145 3.552818 -980.9485)
(-0.004706308 4.197382 -1091.713)
(-0.01222491 5.456111 -1839.94)
(-0.02213178 7.202401 -2536.127)
(-0.003357431 9.45974 -9091.512)
(-0.02273521 1.490444 -1853.267)
(-0.03551034 2.256372 -1828.959)
(-0.05027679 2.83157 -1155.18)
(-0.05926092 3.111413 -594.1454)
(-0.04962253 3.166308 -166.9192)
(7.090159e-08 0.03824925 -6.465854)
(1.372319e-05 0.04660735 -27.6805)
(2.10741e-05 0.07372876 -62.74137)
(3.762659e-05 0.1262293 -112.7611)
(6.5322e-06 0.2145529 -130.2513)
(-0.001085258 3.142337 -965.1536)
(-0.003583223 3.710146 -1075.348)
(-0.01043058 4.818264 -1814.085)
(-0.02541005 6.356814 -2504.1)
(-0.03953935 8.353189 -9007.988)
(-0.02039821 1.316101 -1841.324)
(-0.03744962 1.990412 -1807.729)
(-0.04145813 2.48249 -1141.136)
(-0.05588573 2.745469 -589.1473)
(-0.06330876 2.729235 -166.5768)
(-7.635022e-06 0.02856356 -6.372456)
(-2.364465e-06 0.03471355 -27.2871)
(2.444699e-05 0.05506217 -61.85654)
(4.416096e-05 0.09420233 -111.205)
(7.622879e-05 0.1599383 -128.49)
(0.0001969502 2.337932 -952.6856)
(-0.001665572 2.763403 -1062.333)
(-0.008371027 3.586159 -1793.316)
(-0.02223828 4.728793 -2478.117)
(-0.04912497 6.215267 -8930.908)
(-0.01614707 0.997227 -1830.043)
(-0.03446152 1.470559 -1798.973)
(-0.04138999 1.850766 -1129.823)
(-0.04579286 2.039715 -584.1024)
(-0.06100717 2.039087 -165.9785)
(-3.752713e-06 0.01710608 -6.309715)
(-1.762099e-05 0.02098187 -27.01702)
(4.365626e-06 0.03306716 -61.26332)
(7.087169e-05 0.05707778 -110.1483)
(9.73397e-05 0.09685523 -127.3183)
(0.001350651 1.414957 -944.3281)
(-3.532895e-05 1.676314 -1053.739)
(-0.004627924 2.168657 -1779.196)
(-0.01829956 2.860866 -2459.881)
(-0.04368899 3.768777 -8874.912)
(-0.01294963 0.607724 -1817.204)
(-0.0269609 0.9222729 -1795.138)
(-0.04055077 1.132776 -1128.073)
(-0.04576541 1.23908 -580.3246)
(-0.05029426 1.234599 -165.1859)
(-7.740777e-06 0.005557921 -6.279323)
(1.414015e-05 0.006750917 -26.8877)
(-5.997707e-06 0.01100392 -60.95649)
(1.652764e-05 0.01871498 -109.644)
(0.0001711328 0.03219937 -126.7373)
(0.001874279 0.4702269 -940.4312)
(0.002686394 0.5544347 -1049.559)
(-0.0008983054 0.7288059 -1772.172)
(-0.01174439 0.9532369 -2449.994)
(-0.03543403 1.255973 -8840.674)
(-0.01193443 0.2024411 -1809.069)
(-0.01990935 0.3065622 -1786.326)
(-0.0317088 0.3905574 -1129.641)
(-0.04559672 0.4179925 -581.2693)
(-0.0510313 0.4126004 -164.4722)
(-2.362926e-05 -0.005567909 -6.279925)
(-6.758941e-06 -0.006763041 -26.88616)
(1.78141e-05 -0.01067402 -60.96204)
(-2.57896e-05 -0.01882759 -109.6203)
(1.445892e-05 -0.03176654 -126.7664)
(0.002679652 -0.4705032 -940.5626)
(0.002873755 -0.5545992 -1049.977)
(0.004328008 -0.7201912 -1772.268)
(-0.003266761 -0.9607408 -2448.758)
(-0.02298489 -1.256341 -8830.255)
(-0.009862301 -0.205287 -1806.033)
(-0.01882163 -0.3068725 -1782.709)
(-0.02340416 -0.3829228 -1126.912)
(-0.03477993 -0.4329509 -583.4464)
(-0.05155127 -0.4167377 -164.7309)
(1.066519e-05 -0.0172854 -6.309742)
(-4.505683e-06 -0.02087257 -27.01819)
(3.25703e-06 -0.0329578 -61.24764)
(-2.926246e-05 -0.05635292 -110.1374)
(-0.0001386694 -0.09631539 -127.3241)
(-0.000254949 -1.402671 -944.8651)
(0.002706967 -1.669652 -1054.364)
(0.005466909 -2.165796 -1779.48)
(0.00619134 -2.861767 -2456.363)
(-0.00734502 -3.774566 -8845.631)
(-0.006333359 -0.6121932 -1808.06)
(-0.01494484 -0.9319349 -1784.522)
(-0.02122825 -1.156122 -1127.78)
(-0.02662799 -1.278102 -582.9147)
(-0.03865827 -1.27718 -165.1411)
(6.659697e-06 -0.02859091 -6.373208)
(6.169265e-06 -0.03485321 -27.284)
(-2.64405e-06 -0.05511247 -61.86201)
(3.737265e-05 -0.09421089 -111.1978)
(-2.187776e-05 -0.1598326 -128.5032)
(-0.001753698 -2.334471 -952.9082)
(-0.001100221 -2.749063 -1062.866)
(0.003228068 -3.578353 -1792.816)
(0.00990033 -4.722095 -2472.805)
(0.01024505 -6.223359 -8886.446)
(-0.002203868 -1.00837 -1815.995)
(-0.009790308 -1.526932 -1791.931)
(-0.01728554 -1.906626 -1132.055)
(-0.02305616 -2.104744 -583.6626)
(-0.02755153 -2.102464 -164.6025)
(9.063158e-06 -0.03838871 -6.466007)
(8.58482e-06 -0.04669313 -27.68341)
(1.102738e-05 -0.0739806 -62.74695)
(3.518117e-05 -0.1265028 -112.7988)
(0.0001323268 -0.2148049 -130.2621)
(-0.0005832286 -3.137949 -965.1163)
(-0.002649497 -3.705563 -1074.956)
(-0.001493579 -4.80547 -1812.112)
(0.005503699 -6.349913 -2496.031)
(0.01617139 -8.365392 -8951.955)
(0.002204255 -1.353658 -1829.31)
(-0.002739555 -2.058099 -1805.597)
(-0.01053549 -2.562409 -1140.236)
(-0.01847892 -2.827259 -585.9032)
(-0.02450499 -2.820683 -164.1863)
(1.624948e-05 -0.043163 -6.581983)
(5.369892e-06 -0.0526828 -28.17937)
(1.465205e-05 -0.08333158 -63.86689)
(9.142502e-06 -0.1429859 -114.7655)
(0.0001129686 -0.2430104 -132.5277)
(0.002935488 -3.556177 -980.7241)
(-0.0004293497 -4.19712 -1090.415)
(-0.003863012 -5.455899 -1835.637)
(-0.001891733 -7.206691 -2525.05)
(0.00891084 -9.512303 -9032.808)
(0.003416204 -1.535738 -1847.477)
(0.003647331 -2.339977 -1824.376)
(-0.00285481 -2.925958 -1151.844)
(-0.01093367 -3.230033 -589.539)
(-0.01921158 -3.222448 -163.9086)
(8.658016e-06 -0.03835049 -6.701443)
(3.203092e-06 -0.04682435 -28.68859)
(-5.342992e-06 -0.07431473 -65.02018)
(2.474904e-05 -0.1273699 -116.8112)
(2.204119e-06 -0.2170847 -134.8166)
(0.002366447 -3.177123 -997.385)
(0.004386469 -3.758389 -1106.98)
(-0.0002548861 -4.896232 -1860.476)
(-0.005731864 -6.484683 -2554.196)
(-0.002055266 -8.557989 -9116.918)
(0.001980427 -1.382673 -1866.348)
(0.00532873 -2.104962 -1845.324)
(0.004171723 -2.63837 -1164.894)
(-0.00293159 -2.919535 -593.9744)
(-0.01113584 -2.915917 -163.8452)
(7.012381e-06 -0.02702594 -6.791607)
(1.204383e-06 -0.03296947 -29.07197)
(-2.482737e-05 -0.0523793 -65.88003)
(-3.416656e-05 -0.09002603 -118.361)
(3.989338e-05 -0.1534602 -136.5619)
(-3.380403e-05 -2.253703 -1009.653)
(0.003458276 -2.664278 -1120.264)
(0.007471491 -3.483745 -1880.261)
(-0.0002274397 -4.632578 -2576.662)
(-0.008631924 -6.129834 -9177.901)
(-6.059564e-05 -0.9885796 -1880.855)
(0.003011151 -1.505105 -1861.477)
(0.006122542 -1.883174 -1175.66)
(0.00405904 -2.089116 -597.7714)
(-0.003248284 -2.095793 -163.9131)
(6.497424e-06 -0.01662654 -6.849541)
(5.437218e-06 -0.02027591 -29.31796)
(-1.623322e-05 -0.03219771 -66.42777)
(-9.009459e-05 -0.05542738 -119.3238)
(-0.0001013207 -0.09183978 -137.6901)
(0.0005206929 -1.350239 -1017.626)
(-1.615733e-05 -1.649797 -1128.414)
(0.0059708 -2.101476 -1894.388)
(0.01238683 -2.877623 -2592.457)
(-0.0008469806 -3.833711 -9217.216)
(-0.001778232 -0.6185312 -1889.701)
(-0.0001261171 -0.9408078 -1872.113)
(0.003451402 -1.176333 -1182.835)
(0.006301053 -1.302494 -600.6362)
(0.003433601 -1.317535 -164.0773)
(7.493312e-06 -0.01598916 -6.882943)
(8.356435e-06 -0.01883898 -29.46079)
(3.488454e-06 -0.0284467 -66.74492)
(-5.95849e-05 -0.04513739 -119.8694)
(3.546456e-05 -0.07378263 -138.2921)
(0.001954974 -1.052222 -1021.79)
(-0.004224709 -1.194781 -1132.645)
(1.994846e-05 -1.478644 -1901.806)
(0.01020431 -1.87801 -2602.24)
(0.01590743 -2.46295 -9243.541)
(-0.0005303677 -0.3831986 -1894.698)
(-0.002633663 -0.5660062 -1877.684)
(-0.0002029276 -0.6981117 -1187.046)
(0.003671152 -0.7672726 -602.4086)
(0.005408605 -0.7663879 -164.2658)
(-3.210707e-05 -0.009895902 -6.921176)
(1.04247e-05 -0.01142344 -29.63025)
(1.432509e-05 -0.01666418 -67.12023)
(0.0001524728 -0.02645626 -120.488)
(0.0001170972 -0.03918863 -138.8602)
(-0.004832384 -0.5438459 -1025.201)
(-0.003358233 -0.6381092 -1135.358)
(0.0007866894 -0.7412459 -1904.738)
(7.010305e-05 -0.8224374 -2606.382)
(0.01292067 -1.058549 -9255.978)
(0.003840149 -0.1361657 -1897.039)
(-0.004510732 -0.2189619 -1878.019)
(-0.003050177 -0.2639767 -1187.126)
(-0.0003238379 -0.2864709 -602.3202)
(0.003704239 -0.2833996 -164.0478)
(2.058217e-06 0.009871953 -6.917122)
(-3.487197e-07 0.01139794 -29.61632)
(-1.17125e-05 0.01662948 -67.10174)
(-5.311388e-05 0.02639189 -120.4957)
(-0.000189905 0.04187219 -138.9904)
(-0.0003649587 0.5849468 -1026.87)
(0.01427055 0.6377016 -1136.989)
(0.008864984 0.6688329 -1905.297)
(-0.03225438 0.8576783 -2613.912)
(-0.06467158 1.025293 -9345.758)
(-0.0151476 0.1319685 -1909.431)
(-0.007830751 0.1738841 -1883.38)
(0.02098899 0.2053456 -1187.513)
(0.07889922 0.2227077 -605.2515)
(0.1545463 0.2558289 -164.2508)
(3.939536e-05 0.01559357 -6.879319)
(1.477229e-06 0.01834117 -29.44767)
(-7.219139e-06 0.02757087 -66.72466)
(-4.017151e-05 0.04509041 -119.852)
(-0.0001475595 0.07367735 -138.2849)
(-0.003967186 1.050807 -1022.492)
(-0.0007507784 1.244186 -1135.09)
(0.01379758 1.559708 -1904.982)
(9.714132e-05 1.739397 -2607.567)
(-0.06329584 2.380926 -9317.914)
(-0.02178372 0.3520187 -1904.753)
(-0.02555043 0.5035835 -1879.758)
(-0.01176943 0.6133528 -1185.857)
(0.02214623 0.6731138 -604.8236)
(0.09722379 0.6952623 -166.6902)
(6.439938e-06 0.01665066 -6.84885)
(3.278788e-06 0.01983161 -29.31669)
(-4.187703e-06 0.03140997 -66.42761)
(-3.309913e-05 0.05390964 -119.319)
(-0.0001271973 0.0919434 -137.6732)
(-0.003427518 1.349677 -1018.019)
(-0.001134521 1.596668 -1130.177)
(0.007391862 2.105996 -1898.574)
(0.002784219 2.852242 -2599.288)
(-0.04417508 3.622572 -9281.052)
(-0.02862357 0.6185971 -1896.36)
(-0.0359097 0.9077693 -1872.153)
(-0.03221019 1.11783 -1181.494)
(-0.01362319 1.229848 -603.8872)
(0.02980924 1.240978 -166.7688)
(7.846964e-06 0.02709346 -6.79135)
(8.087361e-06 0.03302593 -29.06925)
(2.258106e-06 0.05238827 -65.86748)
(-1.758244e-05 0.09002448 -118.3155)
(-9.704138e-05 0.1535847 -136.5262)
(-0.002844677 2.253767 -1009.71)
(-0.005655074 2.665915 -1121.279)
(-0.01132596 3.473718 -1886.099)
(0.0005221441 4.54298 -2588.948)
(-0.01692621 6.082299 -9229.325)
(-0.02847008 0.9748652 -1887.523)
(-0.05032492 1.562358 -1862.212)
(-0.04862269 1.905831 -1174.261)
(-0.03712878 1.987104 -601.3383)
(-0.01173254 1.9852 -167.0587)
(7.897259e-06 0.03841485 -6.701199)
(1.094467e-05 0.04680477 -28.68491)
(1.588045e-05 0.07416255 -64.99719)
(1.056173e-06 0.12726 -116.7653)
(-5.446744e-05 0.2167912 -134.7644)
(-0.002211465 3.17735 -997.0908)
(-0.004774872 3.75652 -1108.062)
(-0.01192584 4.889876 -1865.024)
(-0.02121436 6.46322 -2565.547)
(-0.0004846966 8.49976 -9169.975)
(-0.02219576 1.324716 -1870.476)
(-0.03617552 2.026209 -1847.806)
(-0.05067477 2.634599 -1166.832)
(-0.0638817 2.906263 -598.4546)
(-0.04954153 2.848504 -166.8885)
(1.52853e-06 0.04310557 -6.581726)
(1.188791e-05 0.05254227 -28.17519)
(2.152667e-05 0.08317947 -63.85322)
(3.493459e-05 0.1425393 -114.7284)
(-4.49952e-06 0.2425136 -132.4623)
(-0.001269373 3.550859 -980.6848)
(-0.003743006 4.195904 -1091.027)
(-0.01037182 5.456788 -1838.132)
(-0.02477519 7.208519 -2532.334)
(-0.03800321 9.481907 -9083.623)
(-0.01958775 1.50844 -1857.901)
(-0.03658839 2.256531 -1825.781)
(-0.04143317 2.817305 -1152.875)
(-0.05563101 3.130369 -593.4387)
(-0.06339471 3.109672 -166.7656)
(-7.651245e-06 0.03830505 -6.465232)
(-8.510983e-07 0.04657131 -27.68216)
(2.260128e-05 0.07373867 -62.74474)
(4.628049e-05 0.1262386 -112.7745)
(7.532577e-05 0.2144913 -130.2511)
(-0.0002301608 3.1374 -965.0205)
(-0.002228906 3.708322 -1074.803)
(-0.008408252 4.817647 -1812.442)
(-0.02194439 6.358808 -2500.59)
(-0.04814233 8.360834 -8991.317)
(-0.01439309 1.339584 -1843.281)
(-0.03353977 1.990262 -1816.041)
(-0.04350543 2.486076 -1139.166)
(-0.04562522 2.740012 -587.4685)
(-0.0608619 2.741225 -166.1131)
(7.346615e-07 0.02857559 -6.372516)
(-1.051999e-05 0.03476731 -27.28361)
(-7.173434e-06 0.0548845 -61.8609)
(4.451013e-05 0.09422695 -111.2126)
(0.0001009701 0.1599655 -128.5114)
(0.001358922 2.337673 -952.6757)
(-0.0001450071 2.757336 -1062.119)
(-0.004731742 3.585277 -1792.037)
(-0.01809992 4.730124 -2474.941)
(-0.04309112 6.217915 -8915.434)
(-0.01258441 1.000703 -1826.032)
(-0.02581151 1.512467 -1804.934)
(-0.03975015 1.839775 -1134.464)
(-0.04530108 2.042662 -582.5937)
(-0.05027115 2.034883 -165.2607)
(-5.779585e-06 0.0171234 -6.309423)
(-5.815409e-06 0.02081863 -27.01591)
(-3.33601e-05 0.03316084 -61.25364)
(2.178863e-06 0.05654609 -110.1649)
(0.0001296892 0.09689612 -127.33)
(0.001920866 1.415313 -944.5692)
(0.001940525 1.668782 -1053.714)
(-0.001097825 2.174358 -1778.674)
(-0.01094125 2.861153 -2457.461)
(-0.03574255 3.765799 -8860.836)
(-0.01159663 0.6082393 -1813.604)
(-0.02026543 0.9234345 -1791.268)
(-0.03139257 1.154185 -1132.674)
(-0.04418178 1.251219 -582.4143)
(-0.05081804 1.235493 -164.5046)
(-2.363e-05 0.005568056 -6.279925)
(-6.756014e-06 0.006763003 -26.88616)
(1.78129e-05 0.01067405 -60.96204)
(-2.578849e-05 0.01882761 -109.6203)
(1.445808e-05 0.03176651 -126.7664)
(0.002679639 0.4705031 -940.5626)
(0.002873739 0.554599 -1049.977)
(0.004328036 0.7201909 -1772.267)
(-0.003266798 0.9607383 -2448.758)
(-0.02298497 1.25634 -8830.255)
(-0.009862278 0.2052862 -1806.033)
(-0.01882161 0.3068706 -1782.709)
(-0.02340422 0.3829202 -1126.912)
(-0.03477998 0.4329504 -583.4464)
(-0.05155131 0.4167364 -164.7309)
(-4.988004e-06 -0.005736387 -6.278646)
(-2.622832e-05 -0.006774789 -26.88951)
(-5.164211e-07 -0.0106947 -60.95863)
(2.082133e-05 -0.01828966 -109.6266)
(-7.826393e-05 -0.03198726 -126.7349)
(1.433843e-06 -0.4643068 -940.7942)
(0.00338128 -0.5549032 -1050.211)
(0.005445855 -0.7201641 -1773.122)
(0.007035077 -0.9530373 -2448.881)
(-0.007694452 -1.262306 -8824.767)
(-0.006127901 -0.2053928 -1803.644)
(-0.01567502 -0.3134989 -1779.767)
(-0.02232652 -0.383237 -1124.533)
(-0.02581571 -0.4231087 -581.7328)
(-0.03907025 -0.4333776 -165.1378)
(6.94466e-06 -0.01725382 -6.310659)
(1.300136e-05 -0.02103478 -27.01668)
(2.265618e-06 -0.03300234 -61.25914)
(2.97311e-05 -0.0564285 -110.1331)
(-6.038024e-05 -0.09580222 -127.3103)
(-0.00240986 -1.407879 -944.6266)
(-0.0004714409 -1.654652 -1054.568)
(0.00412051 -2.166427 -1779.972)
(0.01002014 -2.860143 -2457.682)
(0.01033191 -3.773642 -8845.237)
(-0.002362395 -0.6107736 -1806.974)
(-0.01008123 -0.9326854 -1782.15)
(-0.01763264 -1.167002 -1125.711)
(-0.02345667 -1.278705 -581.4005)
(-0.02899415 -1.278211 -164.5517)
(1.084569e-05 -0.02862714 -6.373043)
(9.095488e-06 -0.03479934 -27.28736)
(8.350991e-06 -0.0551131 -61.85559)
(1.487987e-05 -0.09430091 -111.2291)
(0.0001167735 -0.1600041 -128.5018)
(-0.0004055833 -2.336084 -952.8122)
(-0.002510473 -2.753272 -1062.536)
(-0.001727452 -3.568577 -1793.085)
(0.005563669 -4.722362 -2473.599)
(0.0166419 -6.217352 -8890.9)
(0.002290609 -1.009197 -1815.856)
(-0.0034282 -1.534718 -1790.95)
(-0.01173514 -1.908834 -1130.524)
(-0.01912434 -2.108015 -582.3457)
(-0.02525725 -2.104494 -164.0407)
(2.600569e-05 -0.03830479 -6.465945)
(8.587467e-06 -0.04674153 -27.68331)
(1.641031e-05 -0.07387429 -62.75294)
(1.674029e-05 -0.1266832 -112.7916)
(0.000103297 -0.2149011 -130.3124)
(0.002783759 -3.141112 -965.1544)
(-0.0007747807 -3.702952 -1074.69)
(-0.004565139 -4.812466 -1811.477)
(-0.002245588 -6.348097 -2496.522)
(0.009260011 -8.36404 -8954.896)
(0.00361093 -1.351202 -1830.228)
(0.003904645 -2.05848 -1805.452)
(-0.003113913 -2.573192 -1139.452)
(-0.01164625 -2.831772 -584.9595)
(-0.02023229 -2.826448 -163.6952)
(1.572573e-05 -0.04306298 -6.581867)
(1.45021e-05 -0.05257274 -28.17726)
(-5.372205e-07 -0.08340229 -63.8683)
(2.945413e-05 -0.142786 -114.7726)
(1.047839e-05 -0.2431565 -132.5204)
(0.00230802 -3.555393 -981.2398)
(0.004390808 -4.200614 -1090.541)
(-0.000698325 -5.460761 -1835.089)
(-0.006880592 -7.217516 -2524.09)
(-0.002536095 -9.507874 -9034.787)
(0.002095152 -1.534682 -1848.086)
(0.005770136 -2.334533 -1825.3)
(0.004671864 -2.924744 -1151.731)
(-0.003119494 -3.234099 -589.0351)
(-0.0120379 -3.229791 -163.5722)
(9.577957e-06 -0.038314 -6.701386)
(6.880174e-06 -0.04672619 -28.68626)
(-1.44375e-05 -0.07418741 -65.01001)
(-2.935278e-05 -0.1274376 -116.8164)
(4.782959e-05 -0.2168246 -134.8207)
(-2.7144e-05 -3.179689 -997.347)
(0.003486484 -3.75535 -1107.732)
(0.007738246 -4.898254 -1860.758)
(-0.0005500792 -6.49256 -2553.299)
(-0.009990488 -8.57105 -9113.985)
(-5.316211e-05 -1.381806 -1866.719)
(0.003218153 -2.102634 -1845.93)
(0.006683276 -2.630724 -1165.452)
(0.004677313 -2.916322 -593.8829)
(-0.003364691 -2.920398 -163.656)
(6.021123e-06 -0.02700925 -6.791826)
(7.305565e-06 -0.03293992 -29.07104)
(-1.160155e-05 -0.05229393 -65.87023)
(-8.590846e-05 -0.08995414 -118.3316)
(-0.000101375 -0.1534587 -136.5696)
(0.0006507007 -2.251675 -1009.667)
(-8.14647e-05 -2.666834 -1120.241)
(0.00604016 -3.479572 -1881.645)
(0.01275982 -4.629558 -2577.074)
(-0.0008744123 -6.140647 -9174.441)
(-0.001935185 -0.9891605 -1880.223)
(-0.0001052939 -1.503816 -1861.797)
(0.003663006 -1.880355 -1176.042)
(0.006827547 -2.081322 -598.0168)
(0.004108738 -2.090646 -163.8747)
(6.677678e-06 -0.01664238 -6.849764)
(8.122343e-06 -0.0202644 -29.31871)
(3.886567e-06 -0.03218232 -66.4236)
(-5.859437e-05 -0.05537664 -119.2965)
(-0.0002455557 -0.09466749 -137.6425)
(-0.002201494 -1.349204 -1017.69)
(0.0006984276 -1.600906 -1128.432)
(-7.888485e-05 -2.15948 -1894.344)
(0.01012773 -2.821985 -2594.53)
(0.0197657 -3.821845 -9218.369)
(-0.0004213863 -0.6204381 -1889.013)
(-0.002791103 -0.9413391 -1871.496)
(-0.0001833311 -1.175126 -1183.022)
(0.00384409 -1.300026 -600.8351)
(0.006505062 -1.304227 -164.1293)
(7.391671e-06 -0.01599363 -6.883306)
(9.98579e-06 -0.01884801 -29.46197)
(1.414482e-05 -0.02843728 -66.74635)
(-5.308784e-06 -0.04672325 -119.857)
(-0.0001697656 -0.07384814 -138.247)
(-0.0009226622 -1.054162 -1021.764)
(0.00135648 -1.193515 -1132.721)
(-0.004677521 -1.477382 -1900.915)
(-3.410398e-05 -1.880892 -2603.499)
(0.01612458 -2.431652 -9246.651)
(0.005477506 -0.3631828 -1894.9)
(-0.0007305318 -0.5677847 -1877.051)
(-0.003102539 -0.6980716 -1186.669)
(-0.0002166924 -0.7659211 -602.5257)
(0.00390629 -0.764214 -164.3214)
(-3.396213e-05 -0.009499482 -6.918526)
(-4.105459e-05 -0.01142506 -29.632)
(1.991585e-05 -0.01666864 -67.12354)
(2.710332e-05 -0.02645103 -120.4901)
(0.0002439112 -0.04198913 -138.9011)
(0.0006003895 -0.5449935 -1024.702)
(-0.007544027 -0.5913269 -1134.461)
(-0.006586822 -0.7404514 -1904.861)
(0.00140521 -0.8774169 -2606.44)
(-0.0001147739 -1.024844 -9255.53)
(0.004796914 -0.1378143 -1897.491)
(0.006446713 -0.1807573 -1879.711)
(-0.005784643 -0.264645 -1186.722)
(-0.003380886 -0.2861217 -602.1414)
(-0.0002199841 -0.2826013 -164.0942)
(3.476663e-06 0.009870017 -6.91703)
(9.715347e-07 0.01139522 -29.61532)
(-8.040107e-06 0.0166252 -67.09726)
(-4.134577e-05 0.02638589 -120.4804)
(-0.0001485629 0.04186698 -138.958)
(-0.004000229 0.5845626 -1026.409)
(-0.0006891694 0.6385095 -1137.689)
(0.02073722 0.7377522 -1908.652)
(0.0009603768 0.78783 -2609.738)
(-0.06850434 1.029739 -9325.904)
(-0.02160608 0.1325566 -1906.455)
(-0.02542453 0.1738482 -1881.634)
(-0.01184539 0.2042672 -1187.054)
(0.02182011 0.2200058 -605.1703)
(0.09322895 0.2258406 -166.3283)
(4.39702e-05 0.01559354 -6.881878)
(4.915289e-05 0.01834033 -29.44717)
(-3.402372e-06 0.02757083 -66.72127)
(-3.052553e-05 0.04509871 -119.8393)
(-0.0001190354 0.07371652 -138.2577)
(-0.003228943 1.051892 -1022.095)
(-0.006276058 1.191022 -1134.284)
(-0.001882082 1.54017 -1906.53)
(0.01593891 1.977849 -2609.935)
(-0.03242504 2.266843 -9299.197)
(-0.02690079 0.3561006 -1901.201)
(-0.03508396 0.5078037 -1877.263)
(-0.03170745 0.6144811 -1184.751)
(-0.0137368 0.6698192 -605.1061)
(0.0284694 0.6727201 -166.8782)
(7.504953e-06 0.01666687 -6.849214)
(7.980557e-06 0.02029068 -29.3167)
(1.32727e-06 0.03140181 -66.42552)
(-2.134672e-05 0.05390127 -119.3084)
(-0.0001009493 0.09196041 -137.6489)
(-0.002828803 1.350659 -1017.662)
(-0.005517776 1.598899 -1129.398)
(-0.00535763 2.093002 -1898.608)
(0.006903252 2.836315 -2602.363)
(-0.01524374 3.807694 -9264.166)
(-0.02909614 0.6324868 -1895.108)
(-0.04700228 0.9491623 -1869.393)
(-0.0430293 1.130589 -1180)
(-0.03598342 1.232753 -603.4276)
(-0.01209412 1.233513 -167.1917)
(6.672344e-06 0.02709068 -6.79162)
(1.048876e-05 0.03302002 -29.07108)
(1.376441e-05 0.05237646 -65.86711)
(-4.648196e-06 0.08997456 -118.3097)
(-6.376657e-05 0.153515 -136.5067)
(-0.00228083 2.253433 -1009.392)
(-0.004725156 2.666642 -1120.569)
(-0.01149029 3.477757 -1884.265)
(-0.02024275 4.605073 -2588.164)
(-0.007261727 6.0325 -9230.232)
(-0.02180287 0.9581344 -1885.599)
(-0.04624384 1.486269 -1862.332)
(-0.06057759 1.950953 -1174.022)
(-0.05399057 2.102873 -600.35)
(-0.03870239 1.988515 -167.0338)
(2.765859e-06 0.03838737 -6.701405)
(9.828711e-06 0.04680288 -28.68621)
(2.115492e-05 0.07415225 -65.00255)
(3.077827e-05 0.1272033 -116.7646)
(-1.645065e-05 0.2166767 -134.7542)
(-0.001435958 3.176026 -996.8329)
(-0.003839103 3.75602 -1107.412)
(-0.01013894 4.892346 -1863.316)
(-0.02375206 6.472396 -2561.965)
(-0.03582424 8.522572 -9163.058)
(-0.01847145 1.355689 -1875.349)
(-0.03539237 2.001212 -1844.801)
(-0.0422436 2.530213 -1165.232)
(-0.05623662 2.909562 -597.6253)
(-0.06793482 2.906575 -166.9375)
(-3.709848e-06 0.0431654 -6.581306)
(1.054729e-06 0.05250206 -28.17646)
(1.978937e-05 0.08318292 -63.8567)
(4.695374e-05 0.1425294 -114.7416)
(7.042887e-05 0.2424204 -132.4615)
(-0.0003689457 3.549175 -980.5511)
(-0.002386409 4.194257 -1090.5)
(-0.008396294 5.457177 -1836.555)
(-0.02140262 7.213623 -2528.965)
(-0.04655494 9.4956 -9067.629)
(-0.01368184 1.521125 -1860.011)
(-0.03209336 2.290483 -1834.316)
(-0.04220558 2.820626 -1150.998)
(-0.04556097 3.110065 -591.7339)
(-0.06082442 3.129315 -166.2957)
(-7.361271e-07 0.0382885 -6.465093)
(-1.069039e-05 0.04664151 -27.67935)
(-4.469735e-06 0.07368229 -62.74847)
(4.166676e-05 0.1262578 -112.7825)
(0.0001041948 0.2144963 -130.2724)
(0.001342968 3.136638 -965.0114)
(-0.0006476684 3.702601 -1074.531)
(-0.005374216 4.816609 -1811.194)
(-0.01786967 6.360856 -2497.501)
(-0.04222387 8.366994 -8976.232)
(-0.01225369 1.342456 -1839.372)
(-0.02247158 2.033208 -1819.458)
(-0.03857863 2.491151 -1145.94)
(-0.04759028 2.744296 -585.9598)
(-0.05029923 2.73321 -165.3736)
(-3.306995e-06 0.02859372 -6.37229)
(7.27196e-08 0.03478285 -27.28376)
(-2.093443e-05 0.05497372 -61.85231)
(-1.881029e-05 0.09391071 -111.2204)
(8.375047e-05 0.1600087 -128.5235)
(0.001964303 2.337896 -952.9152)
(0.001950305 2.757258 -1062.1)
(-0.001151315 3.578159 -1791.522)
(-0.01088903 4.730392 -2472.565)
(-0.03521385 6.221979 -8901.629)
(-0.01141655 1.001942 -1822.489)
(-0.01947716 1.520011 -1800.886)
(-0.02985726 1.890691 -1139.085)
(-0.043263 2.032242 -584.7017)
(-0.0504794 2.036364 -164.5686)
(-5.785236e-06 0.01715041 -6.31007)
(-4.354792e-06 0.02084118 -27.01465)
(-1.312142e-05 0.03291768 -61.25039)
(-6.832809e-05 0.05672441 -110.1456)
(-6.776327e-06 0.09598337 -127.3499)
(0.002084464 1.415895 -944.7029)
(0.002917672 1.669015 -1054.129)
(0.003454072 2.166096 -1778.633)
(-0.003285027 2.868574 -2456.436)
(-0.0222607 3.766931 -8850.518)
(-0.009537044 0.6117099 -1810.426)
(-0.0180639 0.924269 -1787.673)
(-0.02401854 1.15537 -1130.145)
(-0.03443257 1.277009 -584.5025)
(-0.05004514 1.247011 -164.759)
(-4.991815e-06 0.005736335 -6.278646)
(-2.622925e-05 0.006774961 -26.88951)
(-5.122325e-07 0.01069465 -60.95863)
(2.081995e-05 0.0182897 -109.6266)
(-7.826243e-05 0.03198725 -126.7349)
(1.409061e-06 0.4643063 -940.7942)
(0.003381262 0.554903 -1050.211)
(0.005445854 0.7201637 -1773.122)
(0.007035122 0.9530353 -2448.881)
(-0.007694565 1.262301 -8824.767)
(-0.006127925 0.2053925 -1803.644)
(-0.01567498 0.3134974 -1779.767)
(-0.0223265 0.3832345 -1124.533)
(-0.02581578 0.4231057 -581.7328)
(-0.0390703 0.4333771 -165.1378)
(7.152044e-06 -0.005724461 -6.279643)
(-6.033604e-06 -0.006980241 -26.88404)
(-3.154425e-05 -0.01071174 -60.9698)
(2.349402e-05 -0.01832699 -109.6212)
(1.567448e-05 -0.03116258 -126.7365)
(-0.001719544 -0.4679451 -940.5036)
(-0.000241749 -0.5479299 -1050.487)
(0.004881907 -0.7204695 -1773.612)
(0.0100692 -0.9524972 -2450.212)
(0.01077801 -1.259693 -8824.88)
(-0.002542781 -0.203005 -1802.372)
(-0.009546875 -0.3136337 -1777.372)
(-0.0186919 -0.3930074 -1122.626)
(-0.02478196 -0.4233999 -580.2109)
(-0.02813519 -0.4229675 -164.5055)
(1.155219e-05 -0.01728049 -6.310402)
(9.553212e-06 -0.02099462 -27.02062)
(2.028793e-05 -0.03324688 -61.25533)
(2.556063e-05 -0.05649224 -110.1639)
(0.0001050796 -0.09593884 -127.3073)
(-0.001012651 -1.402247 -944.4624)
(-0.003310784 -1.661051 -1054.228)
(-0.001009296 -2.149616 -1780.38)
(0.006397388 -2.860515 -2458.48)
(0.01696828 -3.769613 -8849.794)
(0.002330519 -0.6153989 -1806.82)
(-0.003703545 -0.928521 -1781.14)
(-0.01207523 -1.167689 -1124.153)
(-0.01950276 -1.291674 -580.0617)
(-0.02567376 -1.278769 -163.9823)
(3.384345e-05 -0.02856602 -6.373191)
(1.078048e-05 -0.03484357 -27.28682)
(1.774978e-05 -0.05501988 -61.8632)
(1.083464e-05 -0.09430757 -111.2163)
(6.875019e-05 -0.1601083 -128.5525)
(0.002596563 -2.338732 -952.8343)
(-0.0005574801 -2.755408 -1062.323)
(-0.004381439 -3.573194 -1792.422)
(-0.002533588 -4.713857 -2474.096)
(0.009339575 -6.216824 -8893.889)
(0.003775144 -1.007148 -1816.803)
(0.004079916 -1.536044 -1790.799)
(-0.004122451 -1.919929 -1129.899)
(-0.01310132 -2.110267 -581.3787)
(-0.02091537 -2.107879 -163.5389)
(2.300923e-05 -0.03821278 -6.466118)
(2.643228e-05 -0.04663899 -27.68225)
(4.485165e-06 -0.0739498 -62.75343)
(3.376201e-05 -0.1264861 -112.802)
(2.299184e-05 -0.2152505 -130.3034)
(0.002215759 -3.141478 -965.6941)
(0.004282124 -3.706658 -1074.803)
(-0.001171187 -4.809644 -1810.876)
(-0.007828974 -6.35547 -2495.487)
(-0.002897018 -8.362877 -8957.007)
(0.002163421 -1.350393 -1830.851)
(0.006133194 -2.053849 -1806.424)
(0.005016718 -2.573527 -1139.347)
(-0.003408316 -2.844862 -584.4331)
(-0.01280823 -2.831243 -163.3452)
(1.333916e-05 -0.04301951 -6.581934)
(1.550688e-05 -0.05245046 -28.17601)
(2.876046e-06 -0.08323306 -63.85991)
(-2.175292e-05 -0.1428965 -114.777)
(5.839612e-05 -0.2428035 -132.5279)
(7.508546e-05 -3.557808 -981.1825)
(0.00347557 -4.198521 -1091.347)
(0.007932907 -5.464607 -1835.368)
(-0.001131044 -7.225401 -2523.081)
(-0.01157268 -9.519032 -9031.498)
(-5.120157e-05 -1.534246 -1848.503)
(0.003400342 -2.332548 -1825.924)
(0.007262444 -2.917602 -1152.33)
(0.005237837 -3.232676 -588.9461)
(-0.00360359 -3.234354 -163.3697)
(4.990784e-06 -0.03828722 -6.701671)
(1.048175e-05 -0.04668131 -28.68568)
(-2.952793e-06 -0.07403735 -65.00139)
(-7.06039e-05 -0.1272448 -116.7879)
(-9.459213e-05 -0.2169012 -134.8291)
(0.0007910069 -3.176057 -997.3701)
(-9.935057e-05 -3.758469 -1107.693)
(0.006169608 -4.892316 -1862.218)
(0.01331686 -6.492962 -2553.741)
(-0.001266127 -8.583896 -9110.104)
(-0.002137265 -1.3823 -1865.992)
(-8.118504e-05 -2.10155 -1846.296)
(0.003916738 -2.62773 -1165.845)
(0.007455635 -2.907771 -594.1413)
(0.004699807 -2.917395 -163.6144)
(4.916675e-06 -0.02704099 -6.791982)
(7.535592e-06 -0.03291902 -29.07196)
(6.976399e-06 -0.05224633 -65.86657)
(-5.166816e-05 -0.08982992 -118.3045)
(-0.0002433726 -0.1533904 -136.5203)
(-0.002213163 -2.251028 -1009.745)
(0.0008441121 -2.665141 -1120.247)
(-0.0002160296 -3.482157 -1881.601)
(0.0102646 -4.624277 -2579.177)
(0.02029572 -6.133114 -9175.767)
(-0.0004073389 -0.9917295 -1879.465)
(-0.003028956 -1.504367 -1861.092)
(-0.0001625827 -1.878958 -1176.253)
(0.004079886 -2.078173 -598.2204)
(0.007026234 -2.08302 -163.9255)
(8.117254e-06 -0.01665229 -6.850112)
(8.988539e-06 -0.0202841 -29.31977)
(1.380715e-05 -0.0321628 -66.42525)
(-4.326937e-06 -0.05534765 -119.2842)
(-0.0001693433 -0.09462549 -137.5965)
(-0.005160747 -1.391877 -1017.142)
(-0.003490386 -1.599117 -1128.529)
(0.00110076 -2.103869 -1894.382)
(-0.0002330121 -2.877608 -2594.44)
(0.01590477 -3.790985 -9225.334)
(0.003875415 -0.6171947 -1889.269)
(-0.0005137938 -0.9443384 -1870.815)
(-0.003290678 -1.17572 -1182.604)
(-0.000194118 -1.298699 -600.9621)
(0.004088392 -1.301699 -164.1854)
(-3.080085e-05 -0.0155869 -6.883485)
(9.576216e-06 -0.01885333 -29.4637)
(1.923662e-05 -0.02845188 -66.74954)
(2.686702e-05 -0.04670536 -119.8594)
(-3.492748e-05 -0.0766456 -138.2244)
(-0.003667384 -1.055556 -1021.245)
(-0.003023389 -1.1963 -1132.348)
(-0.001063377 -1.474899 -1901.057)
(-0.003941958 -1.881072 -2602.234)
(-0.0003049088 -2.433897 -9249.975)
(0.003004905 -0.3825754 -1895.39)
(0.00994369 -0.5258851 -1877.268)
(-0.0007397905 -0.700155 -1186.249)
(-0.003437225 -0.7658434 -602.3303)
(-0.0001078067 -0.7627578 -164.3675)
(3.735005e-06 -0.009864209 -6.918735)
(-4.355476e-05 -0.01091704 -29.62045)
(-7.021718e-05 -0.01667098 -67.12834)
(4.281126e-05 -0.02645863 -120.4976)
(5.262147e-05 -0.04197897 -138.903)
(0.003161529 -0.5865616 -1024.916)
(-0.0008650592 -0.5928173 -1133.59)
(-0.01443734 -0.685926 -1902.997)
(-0.01235749 -0.8759031 -2606.607)
(0.002287948 -1.060464 -9255.573)
(-0.0002653159 -0.1539863 -1897.434)
(0.008867985 -0.1840889 -1879.907)
(0.008169256 -0.2137541 -1187.993)
(-0.006484157 -0.2868531 -601.8695)
(-0.003641052 -0.2822373 -164.0507)
(6.589336e-06 0.009512785 -6.917049)
(3.182663e-06 0.01139289 -29.61477)
(-4.151789e-06 0.01662124 -67.0938)
(-3.167025e-05 0.02637995 -120.4677)
(-0.0001201572 0.04186123 -138.931)
(-0.003224263 0.5845783 -1026.017)
(-0.006263635 0.6383901 -1136.9)
(-0.001670721 0.7394347 -1910.237)
(0.0240453 0.8684449 -2613.856)
(-0.03160052 0.9731862 -9303.013)
(-0.0251569 0.1337354 -1902.943)
(-0.03473671 0.1751398 -1879.173)
(-0.03148806 0.2045828 -1185.96)
(-0.01380579 0.2188951 -605.4409)
(0.02750689 0.2170195 -166.8231)
(9.219274e-06 0.01559516 -6.882401)
(5.615119e-05 0.01834035 -29.45819)
(8.050063e-05 0.0275712 -66.7194)
(-1.923399e-05 0.04510441 -119.8294)
(-9.439998e-05 0.07374623 -138.2349)
(-0.002664898 1.052774 -1021.758)
(-0.005223162 1.192718 -1133.543)
(-0.0121897 1.469608 -1904.905)
(-0.004931323 1.957053 -2612.744)
(0.001773077 2.515158 -9292.833)
(-0.03005149 0.3871415 -1898.585)
(-0.04340025 0.5153336 -1874.589)
(-0.04191445 0.6206019 -1183.306)
(-0.03539857 0.6712879 -604.6335)
(-0.0123829 0.6679962 -167.2769)
(5.925554e-06 0.01666438 -6.849475)
(1.001601e-05 0.02031225 -29.31843)
(1.338315e-05 0.0321924 -66.4252)
(-6.115918e-06 0.05389284 -119.3023)
(-6.827403e-05 0.09196804 -137.6297)
(-0.002283932 1.351394 -1017.357)
(-0.004620683 1.600726 -1128.723)
(-0.01106281 2.097726 -1896.864)
(-0.01389491 2.803498 -2603.039)
(-0.002033318 3.821201 -9266.027)
(-0.02174773 0.6043318 -1893.167)
(-0.04712878 0.9791876 -1870.395)
(-0.0560052 1.18504 -1178.462)
(-0.04767565 1.247245 -602.4397)
(-0.03773689 1.234475 -167.138)
(3.442119e-06 0.02707373 -6.791766)
(8.339087e-06 0.03301664 -29.07235)
(2.024793e-05 0.05236331 -65.87213)
(2.658889e-05 0.08995253 -118.3082)
(-2.551937e-05 0.1534446 -136.4961)
(-0.001525832 2.252928 -1009.144)
(-0.00382685 2.667076 -1119.956)
(-0.009777394 3.481165 -1882.658)
(-0.02260355 4.614845 -2584.787)
(-0.03378136 6.085074 -9224.133)
(-0.01638436 0.9841143 -1888.785)
(-0.03449634 1.458185 -1862.21)
(-0.0544567 1.858662 -1174.761)
(-0.06715608 2.151245 -599.8283)
(-0.05820262 2.103517 -166.644)
(-5.180883e-08 0.03843397 -6.701184)
(2.71658e-06 0.04676929 -28.68709)
(1.657179e-05 0.07414983 -65.00604)
(4.59455e-05 0.1271767 -116.7772)
(6.234888e-05 0.2165797 -134.7524)
(-0.0005253828 3.174671 -996.6992)
(-0.002513651 3.755208 -1106.91)
(-0.008245817 4.894268 -1861.829)
(-0.02051426 6.480419 -2558.787)
(-0.04426712 8.541308 -9147.957)
(-0.0128855 1.366871 -1877.622)
(-0.03016989 2.059943 -1853.567)
(-0.04048697 2.504015 -1163.484)
(-0.04687663 2.793203 -596.2447)
(-0.06184279 2.90949 -166.4252)
(1.196077e-06 0.04318155 -6.581226)
(-5.699532e-06 0.05257791 -28.17453)
(-1.044423e-06 0.08311926 -63.85961)
(3.704127e-05 0.1425366 -114.7497)
(0.0001045603 0.2423853 -132.4822)
(0.001258996 3.547859 -980.5376)
(-0.0007830686 4.192691 -1090.237)
(-0.005416516 5.4569 -1835.355)
(-0.01744925 7.218154 -2526.008)
(-0.04080292 9.507762 -9053.153)
(-0.01175383 1.525537 -1856.256)
(-0.02132235 2.311161 -1837.841)
(-0.0367568 2.866943 -1157.926)
(-0.04607193 3.11422 -590.2207)
(-0.0505567 3.102049 -165.5221)
(1.484871e-07 0.03830964 -6.464958)
(-1.820209e-06 0.04661948 -27.67861)
(-2.17014e-05 0.07379983 -62.74141)
(-1.366308e-05 0.1261644 -112.7893)
(7.954774e-05 0.2145296 -130.2848)
(0.001997849 3.136453 -965.2468)
(0.001922338 3.701834 -1074.515)
(-0.001759542 4.809905 -1810.577)
(-0.011463 6.361815 -2495.19)
(-0.03448012 8.373424 -8962.817)
(-0.01111383 1.344989 -1835.916)
(-0.01890114 2.037999 -1815.509)
(-0.02585753 2.542772 -1148.595)
(-0.04192633 2.752773 -589.1297)
(-0.05341756 2.734961 -164.6621)
(-7.43651e-06 0.02863486 -6.373005)
(-1.343787e-06 0.03480725 -27.2828)
(-2.489969e-06 0.05500097 -61.85211)
(-4.504183e-05 0.09406812 -111.203)
(-4.360821e-05 0.1594657 -128.533)
(0.001409032 2.338506 -953.051)
(0.002951659 2.757251 -1062.508)
(0.003458471 3.578581 -1791.494)
(-0.003191047 4.723527 -2471.565)
(-0.0218936 6.224119 -8891.506)
(-0.009369056 1.003625 -1819.372)
(-0.01775627 1.522075 -1797.349)
(-0.02288622 1.901311 -1136.414)
(-0.03260317 2.090007 -586.8331)
(-0.04903963 2.020148 -164.8081)
(1.065065e-05 0.01728534 -6.309741)
(-4.507119e-06 0.02087277 -27.01818)
(3.27496e-06 0.03295775 -61.24763)
(-2.927053e-05 0.05635299 -110.1374)
(-0.0001386629 0.09631536 -127.3241)
(-0.0002549822 1.402671 -944.865)
(0.002706917 1.669652 -1054.364)
(0.005466904 2.165796 -1779.48)
(0.006191462 2.861766 -2456.363)
(-0.007345351 3.774562 -8845.631)
(-0.006333421 0.6121927 -1808.06)
(-0.01494474 0.9319338 -1784.522)
(-0.0212282 1.15612 -1127.78)
(-0.02662817 1.2781 -582.9146)
(-0.03865842 1.277179 -165.1411)
(7.150767e-06 0.005724423 -6.279643)
(-6.03799e-06 0.006980178 -26.88404)
(-3.15458e-05 0.01071199 -60.9698)
(2.350029e-05 0.01832691 -109.6212)
(1.567357e-05 0.03116263 -126.7365)
(-0.001719527 0.4679444 -940.5035)
(-0.0002417945 0.5479291 -1050.487)
(0.004881877 0.7204692 -1773.612)
(0.01006923 0.9524964 -2450.212)
(0.01077809 1.259687 -8824.88)
(-0.002542834 0.2030033 -1802.372)
(-0.009546918 0.3136332 -1777.372)
(-0.01869184 0.3930054 -1122.626)
(-0.02478194 0.4233969 -580.2109)
(-0.02813526 0.4229642 -164.5055)
(1.165505e-05 -0.005734333 -6.279331)
(9.860944e-06 -0.006965152 -26.88832)
(-9.275684e-06 -0.01103274 -60.95738)
(-2.948125e-05 -0.01835213 -109.6516)
(9.536687e-05 -0.03122732 -126.7321)
(-5.03628e-05 -0.4573999 -940.4378)
(-0.002740163 -0.5526155 -1050.076)
(-0.000908637 -0.7127183 -1774.149)
(0.007124277 -0.9526882 -2451.009)
(0.01715915 -1.25818 -8829.486)
(0.001984756 -0.2071416 -1802.381)
(-0.004013598 -0.3077434 -1776.107)
(-0.01124154 -0.3930741 -1121.052)
(-0.02078189 -0.4352786 -578.9771)
(-0.02705048 -0.4232477 -163.9333)
(3.894372e-05 -0.01724572 -6.310686)
(1.16648e-05 -0.02102716 -27.0197)
(1.884432e-05 -0.03317866 -61.26427)
(3.305741e-05 -0.05687251 -110.1562)
(9.102765e-05 -0.09601833 -127.3581)
(0.00245196 -1.404291 -944.4728)
(-0.001310722 -1.656736 -1053.927)
(-0.005424652 -2.158193 -1779.704)
(-0.001890102 -2.845302 -2459.177)
(0.009737535 -3.769322 -8852.808)
(0.003905457 -0.6138553 -1807.784)
(0.00416827 -0.9382183 -1780.973)
(-0.004448912 -1.160709 -1123.508)
(-0.0134546 -1.292255 -579.0776)
(-0.02131227 -1.292201 -163.473)
(3.219855e-05 -0.02849776 -6.373601)
(3.60621e-05 -0.03476854 -27.28663)
(8.00425e-06 -0.05508892 -61.86279)
(3.708529e-05 -0.09413777 -111.2296)
(1.034216e-05 -0.1601287 -128.5362)
(0.001720765 -2.33951 -953.3881)
(0.004113983 -2.758548 -1062.421)
(-0.0009069525 -3.576529 -1791.914)
(-0.007687318 -4.718121 -2473.027)
(-0.003200852 -6.213953 -8896.037)
(0.002187581 -1.006488 -1817.432)
(0.006448034 -1.532133 -1791.797)
(0.005258871 -1.921498 -1129.79)
(-0.00464785 -2.123588 -580.95)
(-0.0143516 -2.110254 -163.18)
(1.718904e-05 -0.03814008 -6.466311)
(2.444708e-05 -0.04652588 -27.6822)
(2.162308e-05 -0.07378864 -62.74721)
(-1.348065e-05 -0.1266075 -112.8052)
(6.805112e-05 -0.2149034 -130.3147)
(0.0002425661 -3.147098 -965.6218)
(0.003424098 -3.706055 -1075.656)
(0.007966781 -4.814095 -1811.141)
(-0.001766633 -6.353918 -2494.385)
(-0.01281047 -8.369019 -8953.517)
(-3.401689e-05 -1.350605 -1831.297)
(0.003504212 -2.052256 -1807.062)
(0.007739066 -2.567433 -1139.975)
(0.005625116 -2.845146 -584.3444)
(-0.003933021 -2.845187 -163.1327)
(3.272098e-06 -0.04298687 -6.582318)
(1.513277e-05 -0.05239705 -28.17596)
(1.053769e-05 -0.08304126 -63.85352)
(-4.322304e-05 -0.1426262 -114.7509)
(-8.331572e-05 -0.2429566 -132.5362)
(0.0009807468 -3.552727 -981.2277)
(-9.136917e-06 -4.201535 -1091.286)
(0.006288157 -5.459306 -1836.934)
(0.01386119 -7.228647 -2523.53)
(-0.002001414 -9.531479 -9027.162)
(-0.002352906 -1.534122 -1847.679)
(-6.138513e-05 -2.332271 -1826.34)
(0.004135475 -2.915049 -1152.734)
(0.008104443 -3.224683 -589.2158)
(0.005232308 -3.233094 -163.325)
(1.466912e-06 -0.03834146 -6.701696)
(6.244816e-06 -0.04664791 -28.6869)
(1.213422e-05 -0.07396577 -64.99851)
(-3.812417e-05 -0.127009 -116.7622)
(-0.00022395 -0.2166402 -134.7796)
(-0.002138164 -3.17644 -997.4628)
(0.001031586 -3.754681 -1107.699)
(-0.0003137575 -4.896367 -1862.15)
(0.01055406 -6.483041 -2555.95)
(0.02125854 -8.580762 -9111.548)
(-0.0004466002 -1.38525 -1865.143)
(-0.003326467 -2.101703 -1845.475)
(-0.0001376934 -2.62668 -1166.088)
(0.004362705 -2.904428 -594.3493)
(0.007645296 -2.909039 -163.6633)
(8.166663e-06 -0.02706132 -6.79229)
(6.806609e-06 -0.03295868 -29.07274)
(1.288307e-05 -0.0522114 -65.86862)
(1.164498e-06 -0.0897485 -118.293)
(-0.0001602974 -0.1532376 -136.4736)
(-0.005215337 -2.250952 -1009.177)
(-0.003502481 -2.663567 -1120.371)
(0.001264835 -3.481985 -1881.608)
(-0.000513997 -4.62616 -2579.088)
(0.01611267 -6.12772 -9182.838)
(0.003971545 -0.9892158 -1879.758)
(-0.0004549856 -1.508385 -1860.34)
(-0.003574513 -1.879498 -1175.773)
(-0.000169862 -2.076649 -598.3629)
(0.004336841 -2.079798 -163.9823)
(9.417362e-06 -0.01663463 -6.850342)
(1.044151e-05 -0.02029618 -29.32144)
(1.768492e-05 -0.03219493 -66.42816)
(2.641298e-05 -0.0553117 -119.2869)
(-3.250776e-05 -0.09457043 -137.574)
(-0.003684255 -1.392034 -1016.608)
(-0.008027005 -1.649375 -1127.577)
(-0.006760674 -2.100086 -1894.565)
(0.001732778 -2.826843 -2594.491)
(-0.0006762609 -3.823154 -9224.764)
(0.002937905 -0.6357255 -1890.891)
(0.006463171 -0.9383885 -1871.086)
(-0.0004437115 -1.179248 -1182.153)
(-0.003645193 -1.29931 -600.7457)
(-7.569468e-05 -1.300202 -164.2351)
(-3.313702e-05 -0.01555972 -6.881065)
(-3.960422e-05 -0.01833302 -29.46446)
(1.736593e-05 -0.02845959 -66.75429)
(4.173931e-05 -0.04673016 -119.8666)
(5.241119e-05 -0.07661198 -138.2266)
(-0.0009730757 -1.096952 -1020.959)
(-0.005825642 -1.198436 -1131.449)
(-0.009224113 -1.479506 -1900.087)
(-0.006951565 -1.876411 -2602.43)
(-0.001011852 -2.437304 -9246.181)
(-0.0003187604 -0.3819468 -1896.442)
(0.005043792 -0.5671509 -1877.521)
(0.01283059 -0.6444493 -1186.387)
(-0.0008174479 -0.7681376 -602.0487)
(-0.003703184 -0.7626344 -164.3195)
(7.312176e-06 -0.009868184 -6.918741)
(4.609081e-06 -0.01138544 -29.62142)
(-7.521359e-05 -0.01579258 -67.10132)
(-0.0001255043 -0.0264618 -120.5088)
(9.379482e-05 -0.04199126 -138.9141)
(0.0008835911 -0.5863948 -1024.919)
(0.003014665 -0.6410031 -1133.583)
(-0.005582454 -0.6880919 -1901.182)
(-0.02668911 -0.8231596 -2603.549)
(-0.02137552 -1.057836 -9256.096)
(0.000470856 -0.1383477 -1897.448)
(-0.0003322343 -0.2188445 -1879.885)
(0.01153063 -0.2181614 -1187.956)
(0.009093487 -0.2297077 -602.6086)
(-0.00679548 -0.2830369 -163.944)
(7.918057e-06 0.009496231 -6.917413)
(8.127907e-06 0.01093554 -29.61478)
(1.322071e-06 0.01661769 -67.09184)
(-2.035415e-05 0.02637429 -120.4577)
(-9.561812e-05 0.04185495 -138.9083)
(-0.002664162 0.584576 -1025.684)
(-0.005188342 0.6385373 -1136.17)
(-0.01204601 0.7401042 -1908.649)
(-0.004445412 0.8717386 -2616.722)
(0.008624473 1.041596 -9300.871)
(-0.03023228 0.1499869 -1898.993)
(-0.03969001 0.1773194 -1876.541)
(-0.04144297 0.2064652 -1184.536)
(-0.03514367 0.2193148 -604.9618)
(-0.01253472 0.2154546 -167.2105)
(5.532355e-06 0.01559768 -6.882655)
(1.232906e-05 0.01834196 -29.46063)
(9.679965e-05 0.02757116 -66.7447)
(0.000138766 0.04510844 -119.8239)
(-6.317557e-05 0.07376857 -138.2169)
(-0.002150627 1.053481 -1021.47)
(-0.004372995 1.194136 -1132.903)
(-0.01053902 1.472815 -1903.243)
(-0.02271617 1.86611 -2610.343)
(-0.01393624 2.517545 -9294.84)
(-0.02369563 0.3457787 -1900.381)
(-0.04903556 0.5817745 -1873.649)
(-0.05134487 0.6303911 -1181.818)
(-0.04641596 0.6782566 -603.6493)
(-0.03727699 0.6683135 -167.2039)
(3.725775e-06 0.01665546 -6.849588)
(7.424879e-06 0.02030908 -29.31965)
(1.926616e-05 0.03223219 -66.42988)
(2.527995e-05 0.0553354 -119.3008)
(-2.7971e-05 0.09196512 -137.619)
(-0.001556526 1.351894 -1017.118)
(-0.003758199 1.602193 -1128.141)
(-0.009414477 2.101791 -1895.34)
(-0.02160471 2.812587 -2599.826)
(-0.02866638 3.755864 -9264.443)
(-0.01727614 0.6166558 -1896.521)
(-0.03425324 0.9241179 -1870.385)
(-0.05518182 1.22606 -1179.884)
(-0.06198193 1.308656 -601.1594)
(-0.05181258 1.247866 -166.7288)
(2.121379e-06 0.02710027 -6.791673)
(3.662569e-06 0.03299598 -29.07298)
(1.420885e-05 0.05235763 -65.87553)
(4.379256e-05 0.08991971 -118.3199)
(5.363477e-05 0.1533989 -136.4932)
(-0.0006490941 2.252152 -1009.012)
(-0.002557923 2.667137 -1119.482)
(-0.007977948 3.483968 -1881.262)
(-0.01950697 4.623523 -2581.796)
(-0.04189584 6.103954 -9209.885)
(-0.01221228 0.9758557 -1891.194)
(-0.02625119 1.506787 -1868.416)
(-0.03917117 1.829243 -1175.223)
(-0.06003153 2.052726 -599.7478)
(-0.0730981 2.151749 -166.2167)
(2.985191e-06 0.03844567 -6.701161)
(-1.018102e-06 0.04682893 -28.68602)
(2.085394e-06 0.07409651 -65.00807)
(3.158598e-05 0.1271722 -116.7852)
(0.0001014984 0.2165099 -134.7719)
(0.00111642 3.173182 -996.6776)
(-0.0009462673 3.753997 -1106.657)
(-0.00539483 4.89526 -1860.697)
(-0.01675019 6.487422 -2556.005)
(-0.03874831 8.558283 -9134.293)
(-0.0110874 1.372288 -1874.073)
(-0.02002475 2.078156 -1857.223)
(-0.03438733 2.57887 -1170.56)
(-0.0440847 2.764886 -594.7129)
(-0.05269027 2.786023 -165.6933)
(3.917234e-06 0.04320259 -6.581191)
(7.496587e-07 0.05259874 -28.17406)
(-1.321938e-05 0.08324834 -63.85455)
(-7.10897e-06 0.1424291 -114.7551)
(7.201735e-05 0.242396 -132.4947)
(0.001981955 3.546963 -980.7634)
(0.001801857 4.191144 -1090.216)
(-0.001862715 5.455996 -1834.765)
(-0.01122293 7.22103 -2523.796)
(-0.03330132 9.519208 -9040.319)
(-0.01064722 1.529643 -1852.937)
(-0.01804893 2.318354 -1834.044)
(-0.02451489 2.8919 -1160.641)
(-0.03985171 3.168786 -593.4458)
(-0.05204144 3.101882 -164.7771)
(-1.875866e-06 0.03836073 -6.465765)
(2.843008e-06 0.04664824 -27.67806)
(-5.799914e-06 0.0737592 -62.73908)
(-4.732436e-05 0.1263742 -112.7745)
(-3.41017e-05 0.214381 -130.2934)
(0.001355205 3.136898 -965.3841)
(0.002967749 3.701244 -1074.912)
(0.003390295 4.80919 -1810.555)
(-0.003811404 6.355259 -2494.039)
(-0.02204188 8.377799 -8952.992)
(-0.009097589 1.347693 -1832.883)
(-0.01722876 2.042278 -1812.056)
(-0.02217557 2.54816 -1145.986)
(-0.02816098 2.811252 -590.2938)
(-0.04757138 2.738775 -165.1128)
(5.344e-06 0.0286328 -6.372426)
(-6.876934e-06 0.03485485 -27.2866)
(7.972726e-06 0.05504689 -61.85005)
(-8.751531e-06 0.09412004 -111.2007)
(-9.613565e-05 0.1597338 -128.5092)
(-0.0007996437 2.330659 -953.1332)
(0.001929552 2.757911 -1062.744)
(0.005457848 3.577737 -1792.325)
(0.006167635 4.724842 -2471.513)
(-0.006968461 6.220714 -8886.759)
(-0.006166723 1.0048 -1817.049)
(-0.01465658 1.524928 -1794.258)
(-0.02085916 1.903444 -1134.086)
(-0.02525478 2.102708 -585.1547)
(-0.03660478 2.089237 -165.222)
(6.939166e-06 0.01725379 -6.310659)
(1.298433e-05 0.02103471 -27.01667)
(2.262964e-06 0.03300263 -61.25914)
(2.975911e-05 0.05642843 -110.1331)
(-6.038917e-05 0.09580231 -127.3103)
(-0.002409781 1.407879 -944.6265)
(-0.0004715308 1.654652 -1054.568)
(0.004120425 2.166426 -1779.972)
(0.01002024 2.860142 -2457.682)
(0.01033215 3.773638 -8845.237)
(-0.002362548 0.6107721 -1806.974)
(-0.01008134 0.9326845 -1782.15)
(-0.0176325 1.167 -1125.711)
(-0.02345661 1.278703 -581.4005)
(-0.02899434 1.278209 -164.5517)
(1.166283e-05 0.005734214 -6.27933)
(9.855787e-06 0.00696511 -26.88832)
(-9.281688e-06 0.01103264 -60.95737)
(-2.948413e-05 0.01835252 -109.6516)
(9.537582e-05 0.03122721 -126.7321)
(-5.035362e-05 0.4574003 -940.4378)
(-0.002740147 0.552614 -1050.076)
(-0.0009087416 0.7127169 -1774.149)
(0.007124222 0.9526876 -2451.009)
(0.01715926 1.258178 -8829.486)
(0.001984783 0.2071393 -1802.381)
(-0.004013699 0.3077403 -1776.107)
(-0.01124159 0.3930734 -1121.052)
(-0.02078182 0.4352763 -578.9771)
(-0.02705046 0.4232444 -163.9333)
(4.1299e-05 -0.005723353 -6.279679)
(1.180445e-05 -0.006977227 -26.88718)
(1.951398e-05 -0.01100736 -60.96707)
(-1.498104e-05 -0.01887725 -109.6297)
(6.790439e-06 -0.03126028 -126.7828)
(0.00232818 -0.4583359 -940.4389)
(-0.0003725034 -0.5422003 -1049.842)
(-0.005340752 -0.7194747 -1773.337)
(-0.002086245 -0.9455833 -2451.901)
(0.01019152 -1.258062 -8832.506)
(0.003996725 -0.2065118 -1803.352)
(0.003408207 -0.3166327 -1776.168)
(-0.004785557 -0.3840893 -1120.217)
(-0.01241609 -0.4352793 -577.983)
(-0.02264284 -0.4355708 -163.4608)
(3.295356e-05 -0.01720594 -6.311253)
(4.233873e-05 -0.02098436 -27.02008)
(9.485501e-06 -0.03322934 -61.26308)
(3.967437e-05 -0.05675055 -110.1718)
(5.036e-05 -0.09655999 -127.3483)
(0.0021052 -1.404998 -945.0348)
(0.00397944 -1.659104 -1054.014)
(-0.001915203 -2.158687 -1779.03)
(-0.008924151 -2.855933 -2458.095)
(-0.00298058 -3.762556 -8855.495)
(0.001833271 -0.6133236 -1808.415)
(0.006699664 -0.9352672 -1781.986)
(0.005384649 -1.173893 -1123.39)
(-0.004987905 -1.283182 -578.6368)
(-0.01471646 -1.292807 -163.1078)
(2.353369e-05 -0.02846661 -6.374146)
(3.598537e-05 -0.03468447 -27.28757)
(3.691927e-05 -0.05496969 -61.85843)
(-7.449419e-06 -0.09424903 -111.2315)
(7.557046e-05 -0.1598347 -128.5506)
(1.550791e-05 -2.339898 -953.2515)
(0.002864874 -2.758689 -1063.307)
(0.007886082 -3.580432 -1792.16)
(-0.001547243 -4.723396 -2472.062)
(-0.01294982 -6.216324 -8892.473)
(-2.643581e-05 -1.010706 -1817.887)
(0.003540868 -1.530783 -1792.437)
(0.008158265 -1.916323 -1130.432)
(0.005903471 -2.125241 -580.8574)
(-0.00524971 -2.124213 -162.9988)
(1.487613e-06 -0.03811084 -6.466794)
(1.988219e-05 -0.04643418 -27.68267)
(2.469936e-05 -0.07360894 -62.74333)
(-1.248158e-05 -0.126342 -112.7823)
(-7.027216e-05 -0.2150812 -130.3221)
(0.001153919 -3.142106 -965.6917)
(0.0001618388 -3.713034 -1075.576)
(0.00635743 -4.810884 -1812.799)
(0.01418373 -6.358592 -2494.829)
(-0.002827999 -8.372105 -8948.813)
(-0.002500532 -1.349783 -1830.414)
(-1.445012e-05 -2.053024 -1807.51)
(0.004255627 -2.565347 -1140.386)
(0.008638987 -2.83829 -584.621)
(0.005598984 -2.845564 -163.0857)
(-3.99885e-06 -0.04305452 -6.582131)
(4.074714e-06 -0.05235645 -28.1776)
(1.965497e-05 -0.08295624 -63.85175)
(-1.618472e-05 -0.142313 -114.7283)
(-0.0001842874 -0.2425557 -132.488)
(-0.002003141 -3.554252 -981.33)
(0.001289128 -4.195984 -1091.306)
(-0.0002879244 -5.46342 -1836.825)
(0.01089544 -7.218499 -2525.892)
(0.02231646 -9.532548 -9028.672)
(-0.000533341 -1.536921 -1846.732)
(-0.003632161 -2.331233 -1825.399)
(-0.0001189225 -2.915062 -1153.012)
(0.00460513 -3.221831 -589.4273)
(0.008284021 -3.225251 -163.371)
(8.2029e-06 -0.03837633 -6.701919)
(2.491814e-06 -0.04671589 -28.68711)
(1.076182e-05 -0.07391049 -65.00123)
(1.008672e-05 -0.1268886 -116.752)
(-0.0001410694 -0.2163029 -134.7332)
(-0.005053171 -3.173825 -996.8772)
(-0.003442104 -3.754138 -1107.856)
(0.001548837 -4.893149 -1862.146)
(-0.0007895024 -6.487928 -2555.828)
(0.01660297 -8.566675 -9118.973)
(0.004199018 -1.383228 -1865.459)
(-0.0004742842 -2.106275 -1844.63)
(-0.003925413 -2.626611 -1165.526)
(-0.0001398966 -2.903317 -594.5119)
(0.004634615 -2.905613 -163.7203)
(1.150152e-05 -0.02704012 -6.792568)
(1.051949e-05 -0.03298395 -29.07425)
(1.417668e-05 -0.05227676 -65.87091)
(2.494106e-05 -0.08968546 -118.2965)
(-2.296863e-05 -0.1531037 -136.4521)
(-0.003603648 -2.249774 -1008.626)
(-0.008184621 -2.66443 -1119.386)
(-0.006772281 -3.477817 -1881.849)
(0.001886841 -4.629956 -2579.086)
(-0.001207617 -6.127867 -9182.279)
(0.002989185 -0.9888844 -1881.402)
(0.006625487 -1.503611 -1860.648)
(-0.0003438119 -1.884197 -1175.274)
(-0.003958821 -2.077157 -598.1141)
(-3.776915e-05 -2.078049 -164.0373)
(7.308767e-06 -0.01622927 -6.850749)
(1.195689e-05 -0.02027467 -29.32242)
(1.870554e-05 -0.03221339 -66.43282)
(3.928884e-05 -0.0553669 -119.2937)
(5.200323e-05 -0.094505 -137.5767)
(-0.0009264342 -1.391154 -1016.327)
(-0.00586149 -1.650474 -1126.649)
(-0.01527446 -2.16063 -1892.591)
(-0.01256141 -2.819398 -2594.752)
(0.002534767 -3.800097 -9224.736)
(-0.0004236387 -0.6175974 -1890.8)
(0.004920383 -0.9779089 -1872.86)
(0.008177781 -1.171481 -1182.322)
(-0.0004855067 -1.303204 -600.4445)
(-0.003922703 -1.300737 -164.1818)
(6.887001e-06 -0.01555107 -6.88105)
(-4.271596e-05 -0.01829804 -29.45399)
(-6.864675e-05 -0.02756262 -66.75604)
(3.539588e-05 -0.04674066 -119.8778)
(9.229576e-05 -0.07665182 -138.2374)
(0.0008837215 -1.096417 -1020.965)
(-0.001771019 -1.246112 -1130.906)
(-0.01138531 -1.483399 -1898.218)
(-0.02176836 -1.883794 -2600.636)
(-0.01804127 -2.429308 -9246.809)
(0.002095316 -0.3841626 -1895.336)
(-0.0004218615 -0.5656644 -1878.981)
(0.006431314 -0.6994259 -1186.398)
(0.01432983 -0.7056038 -602.093)
(-0.001111946 -0.7651375 -164.2092)
(7.826518e-05 -0.009868464 -6.919049)
(8.571706e-06 -0.01139026 -29.62136)
(7.421626e-06 -0.016605 -67.1039)
(-0.0001367629 -0.02484895 -120.4587)
(-0.0002103809 -0.04199416 -138.9313)
(0.001746062 -0.5865608 -1025.033)
(0.001173289 -0.6407884 -1133.559)
(0.0015806 -0.7440535 -1900.894)
(-0.01580819 -0.8261408 -2600.572)
(-0.0457001 -1.026681 -9244.756)
(-0.004792159 -0.1377346 -1897.533)
(0.0008893996 -0.1849828 -1879.913)
(-0.000319386 -0.2645427 -1187.946)
(0.01288056 -0.2346377 -602.4199)
(0.009129086 -0.2256418 -164.1651)
(6.093004e-06 0.009499776 -6.917692)
(1.049661e-05 0.01091269 -29.61648)
(1.343368e-05 0.0158295 -67.09149)
(-5.934174e-06 0.02636864 -120.4521)
(-6.462063e-05 0.04184838 -138.8904)
(-0.002154033 0.5845564 -1025.4)
(-0.004345845 0.6386514 -1135.54)
(-0.01041645 0.7406449 -1907.014)
(-0.0223044 0.8740649 -2614.387)
(-0.01300663 1.047723 -9303.167)
(-0.02542296 0.1322321 -1902.204)
(-0.04927408 0.2122445 -1873.724)
(-0.0464882 0.2093063 -1183.074)
(-0.04588538 0.2214534 -603.9784)
(-0.03708345 0.2155004 -167.1282)
(3.845876e-06 0.01559683 -6.882752)
(6.939676e-06 0.01834516 -29.46181)
(2.365314e-05 0.02757213 -66.75115)
(0.0001785605 0.04510742 -119.8695)
(0.0002264875 0.07378192 -138.2069)
(-0.001457408 1.054026 -1021.245)
(-0.003555237 1.195309 -1132.35)
(-0.00896347 1.475587 -1901.791)
(-0.02069805 1.871859 -2607.271)
(-0.03907562 2.410672 -9284.042)
(-0.01457179 0.3535641 -1904.439)
(-0.03837522 0.4956006 -1879.01)
(-0.05727906 0.7169744 -1181.741)
(-0.05675456 0.6892526 -602.3852)
(-0.05059685 0.6745739 -166.7832)
(3.169741e-06 0.01666841 -6.849564)
(4.090096e-06 0.02029826 -29.32013)
(1.273153e-05 0.03222648 -66.43315)
(4.147069e-05 0.05541273 -119.3116)
(4.954391e-05 0.09448797 -137.6159)
(-0.0006864908 1.352033 -1016.988)
(-0.002548001 1.603255 -1127.69)
(-0.007696707 2.105236 -1894.017)
(-0.01862535 2.820664 -2596.986)
(-0.03992959 3.771518 -9250.871)
(-0.0133522 0.6269507 -1900.172)
(-0.02859503 0.9463782 -1876.715)
(-0.03871961 1.161052 -1180.445)
(-0.060797 1.354981 -601.3752)
(-0.06805493 1.3107 -166.0757)
(4.037553e-06 0.02710594 -6.791685)
(1.805522e-06 0.03303036 -29.07247)
(3.986548e-06 0.05232495 -65.87698)
(2.747245e-05 0.08990811 -118.3277)
(9.615361e-05 0.1533172 -136.5112)
(0.0009565443 2.251286 -1008.98)
(-0.001082877 2.666527 -1119.238)
(-0.005287884 3.485811 -1880.197)
(-0.01594494 4.631109 -2579.185)
(-0.03661554 6.121164 -9197)
(-0.01043988 0.9809263 -1887.843)
(-0.01895077 1.484484 -1872.183)
(-0.02966129 1.889437 -1180.309)
(-0.04256534 2.021168 -599.2607)
(-0.06680987 2.048537 -165.8455)
(7.16524e-06 0.03846237 -6.701221)
(3.148156e-06 0.0468443 -28.68581)
(-5.080202e-06 0.07420004 -65.00505)
(-8.529826e-07 0.1270814 -116.7891)
(6.274302e-05 0.2164978 -134.7842)
(0.001906859 3.171688 -996.8875)
(0.001597646 3.752095 -1106.625)
(-0.002019701 4.89473 -1860.135)
(-0.0108555 6.492268 -2553.925)
(-0.03160967 8.573786 -9122.22)
(-0.01002572 1.377361 -1870.937)
(-0.01693515 2.086876 -1853.63)
(-0.0229734 2.600952 -1173.355)
(-0.03717114 2.850504 -598.0258)
(-0.05015852 2.747286 -164.8905)
(1.152891e-06 0.0432517 -6.582081)
(7.342663e-06 0.05262755 -28.17394)
(-1.049134e-06 0.08328522 -63.85286)
(-3.183489e-05 0.1426641 -114.744)
(-2.195877e-05 0.2422192 -132.5017)
(0.001247163 3.547039 -980.8997)
(0.002916114 4.189576 -1090.593)
(0.003172772 5.453946 -1834.734)
(-0.003820834 7.221767 -2522.701)
(-0.02126324 9.527451 -9030.943)
(-0.00868677 1.533756 -1850.031)
(-0.01642903 2.325158 -1830.724)
(-0.02113331 2.900088 -1158.128)
(-0.02667323 3.19783 -594.6842)
(-0.0452732 3.159191 -165.2265)
(6.25315e-06 0.03839553 -6.465446)
(8.24424e-08 0.04670637 -27.6822)
(1.443074e-05 0.07381409 -62.73799)
(-1.497377e-05 0.1262953 -112.7682)
(-0.000101676 0.214744 -130.2726)
(-0.0006531632 3.134902 -965.4615)
(0.001874327 3.701683 -1075.147)
(0.00540862 4.807334 -1811.359)
(0.006008219 6.354667 -2493.997)
(-0.007325212 8.374281 -8947.917)
(-0.005772316 1.349831 -1830.625)
(-0.01418261 2.04685 -1809.047)
(-0.02021212 2.552966 -1143.71)
(-0.024467 2.816807 -588.6514)
(-0.03142966 2.809869 -165.3439)
(6.650026e-06 0.0285909 -6.373207)
(6.141807e-06 0.03485314 -27.28399)
(-2.651662e-06 0.0551127 -61.86201)
(3.741951e-05 0.09421085 -111.1978)
(-2.188635e-05 0.1598326 -128.5032)
(-0.00175357 2.33447 -952.9081)
(-0.001100403 2.749063 -1062.865)
(0.003227948 3.578353 -1792.816)
(0.009900465 4.722094 -2472.804)
(0.01024535 6.223358 -8886.445)
(-0.00220401 1.00837 -1815.995)
(-0.009790517 1.526931 -1791.931)
(-0.01728539 1.906625 -1132.055)
(-0.02305607 2.104743 -583.6626)
(-0.02755177 2.102463 -164.6025)
(1.157351e-05 0.01728035 -6.310398)
(9.536393e-06 0.02099459 -27.02062)
(2.026356e-05 0.03324677 -61.25532)
(2.555518e-05 0.0564927 -110.1639)
(0.0001051214 0.09593874 -127.3073)
(-0.001012707 1.402248 -944.4624)
(-0.003310706 1.661049 -1054.228)
(-0.001009553 2.149615 -1780.38)
(0.006397228 2.860515 -2458.48)
(0.01696858 3.769612 -8849.794)
(0.002330604 0.6153975 -1806.82)
(-0.003703838 0.9285182 -1781.14)
(-0.01207538 1.167687 -1124.153)
(-0.0195026 1.291672 -580.0617)
(-0.0256737 1.278766 -163.9823)
(4.130432e-05 0.005723606 -6.279678)
(1.181234e-05 0.006976945 -26.88717)
(1.949389e-05 0.01100731 -60.96707)
(-1.498916e-05 0.01887709 -109.6297)
(6.784963e-06 0.03126084 -126.7828)
(0.002328286 0.4583348 -940.4389)
(-0.0003724668 0.5422005 -1049.842)
(-0.005340736 0.7194707 -1773.337)
(-0.002086474 0.9455804 -2451.901)
(0.01019142 1.258061 -8832.506)
(0.003996773 0.2065113 -1803.352)
(0.003408256 0.3166283 -1776.168)
(-0.004785691 0.3840853 -1120.217)
(-0.01241616 0.4352785 -577.983)
(-0.02264277 0.4355683 -163.4608)
(5.391694e-05 -0.005710728 -6.280318)
(4.524182e-05 -0.00696367 -26.88783)
(9.764269e-06 -0.01102628 -60.96543)
(4.116886e-05 -0.01883235 -109.6466)
(-2.307005e-05 -0.03206931 -126.7578)
(0.001030648 -0.4586591 -941.0036)
(0.00385934 -0.5432548 -1049.921)
(-0.001262675 -0.7117936 -1772.769)
(-0.009898324 -0.9546541 -2450.606)
(-0.003632609 -1.254311 -8835.799)
(0.001595093 -0.2062752 -1803.982)
(0.006876491 -0.315428 -1777.185)
(0.004334136 -0.3962975 -1120.275)
(-0.005295569 -0.4241875 -577.4194)
(-0.01364382 -0.4355706 -163.0918)
(2.58485e-05 -0.01702855 -6.311615)
(3.664254e-05 -0.02093534 -27.02168)
(4.692276e-05 -0.03316094 -61.25995)
(-4.7465e-06 -0.05683206 -110.1727)
(8.126392e-05 -0.09635301 -127.3652)
(0.0006198018 -1.411244 -944.9549)
(0.00337828 -1.659441 -1054.92)
(0.007807547 -2.161507 -1779.262)
(-0.002780086 -2.866239 -2456.873)
(-0.01413406 -3.773389 -8851.926)
(-0.000373219 -0.6200632 -1809.038)
(0.002757906 -0.9341729 -1782.624)
(0.008493878 -1.169995 -1124.038)
(0.006050214 -1.298212 -578.5396)
(-0.005597257 -1.283327 -162.9222)
(9.823378e-08 -0.02841119 -6.374706)
(2.792954e-05 -0.03464659 -27.28957)
(4.387567e-05 -0.05483559 -61.85664)
(1.296809e-05 -0.09404958 -111.2115)
(-6.019081e-05 -0.1599986 -128.5572)
(0.001289726 -2.33574 -953.3415)
(-0.0001527399 -2.759144 -1063.146)
(0.005739456 -3.578707 -1793.885)
(0.01431087 -4.727803 -2472.488)
(-0.00290498 -6.22434 -8888.061)
(-0.002801011 -1.009589 -1816.976)
(1.382023e-05 -1.540053 -1792.893)
(0.004297926 -1.914514 -1130.842)
(0.009115004 -2.119386 -581.1345)
(0.005866798 -2.125912 -162.9495)
(-9.741391e-06 -0.0381718 -6.466388)
(1.810575e-06 -0.04639791 -27.68474)
(2.728961e-05 -0.07345497 -62.74268)
(7.23766e-06 -0.1260435 -112.7635)
(-0.0001371154 -0.2146679 -130.2765)
(-0.001832402 -3.144085 -965.7978)
(0.001524118 -3.707567 -1075.613)
(-0.0001499536 -4.820208 -1812.658)
(0.011189 -6.35106 -2497.328)
(0.02308944 -8.375945 -8950.349)
(-0.0006451272 -1.354139 -1829.387)
(-0.003825832 -2.050865 -1806.491)
(-6.331221e-05 -2.566631 -1140.687)
(0.004737407 -2.835931 -584.8347)
(0.00881264 -2.838767 -163.129)
(8.116714e-06 -0.0430989 -6.582213)
(-4.380081e-06 -0.05244136 -28.17691)
(7.126494e-06 -0.08288962 -63.85543)
(2.299156e-05 -0.1421709 -114.7198)
(-0.0001079247 -0.2420793 -132.4437)
(-0.004609762 -3.549512 -980.7347)
(-0.003318854 -4.196781 -1091.493)
(0.001949851 -5.457828 -1836.833)
(-0.0009397118 -7.223776 -2525.712)
(0.01724797 -9.51669 -9036.607)
(0.004483113 -1.535664 -1847.056)
(-0.0005657751 -2.335556 -1824.453)
(-0.004282309 -2.913405 -1152.363)
(-0.0001165707 -3.221929 -589.6125)
(0.004891749 -3.22231 -163.4281)
(1.382417e-05 -0.03834194 -6.702297)
(1.061804e-05 -0.04675972 -28.68827)
(7.081047e-06 -0.07402329 -65.00226)
(2.131424e-05 -0.1267902 -116.7567)
(-8.06008e-06 -0.2161106 -134.7127)
(-0.003398216 -3.170121 -996.3119)
(-0.008148181 -3.752508 -1106.824)
(-0.006760657 -4.88978 -1862.458)
(0.002296546 -6.487507 -2555.799)
(-0.00181071 -8.571958 -9118.318)
(0.003110469 -1.380715 -1867.18)
(0.007031032 -2.102202 -1844.957)
(-0.0003375972 -2.631915 -1164.966)
(-0.004344516 -2.903088 -594.2201)
(9.552089e-06 -2.904251 -163.7824)
(7.502103e-06 -0.02701727 -6.793066)
(1.458952e-05 -0.03295691 -29.07542)
(1.887331e-05 -0.0523174 -65.87526)
(3.344618e-05 -0.08979946 -118.3023)
(4.993407e-05 -0.1529917 -136.4556)
(-0.0007874162 -2.24795 -1008.349)
(-0.005833945 -2.664325 -1118.417)
(-0.01571537 -3.481416 -1879.802)
(-0.01256185 -4.620788 -2579.439)
(0.002626148 -6.139229 -9182.035)
(-0.0005751137 -0.9878435 -1881.313)
(0.005011075 -1.503374 -1862.449)
(0.008390484 -1.87792 -1175.465)
(-0.0003722373 -2.082324 -597.7839)
(-0.004252935 -2.078447 -163.9759)
(-2.729468e-05 -0.01622824 -6.850842)
(9.29961e-06 -0.01975425 -29.32425)
(2.052998e-05 -0.03217988 -66.43499)
(3.7494e-05 -0.05539468 -119.3049)
(8.888458e-05 -0.0945952 -137.5871)
(0.0008841601 -1.390143 -1016.337)
(-0.001691888 -1.649236 -1126.117)
(-0.01147855 -2.164349 -1890.663)
(-0.02807936 -2.88213 -2591.518)
(-0.02158387 -3.786934 -9225.59)
(0.0003913345 -0.6383083 -1890.815)
(-0.0005990874 -0.9391417 -1872.789)
(0.00627465 -1.224185 -1183.498)
(0.009101419 -1.294522 -600.4983)
(-0.0007934249 -1.304973 -164.0647)
(7.64261e-05 -0.01590579 -6.881352)
(8.038947e-06 -0.01828597 -29.45384)
(-7.459144e-05 -0.02750172 -66.73183)
(-0.0001252924 -0.04510017 -119.8811)
(7.392577e-05 -0.07666141 -138.2547)
(0.001730589 -1.096947 -1021.077)
(0.001177848 -1.245443 -1130.884)
(-0.003963499 -1.538069 -1897.013)
(-0.02148761 -1.890414 -2597.574)
(-0.04307787 -2.440326 -9239.056)
(-0.006441795 -0.3823389 -1895.444)
(0.004378659 -0.5698236 -1877.518)
(-0.0004307945 -0.6974248 -1187.517)
(0.007152385 -0.7673127 -601.9389)
(0.01439271 -0.702353 -164.2047)
(5.434726e-05 -0.009875134 -6.914889)
(9.501271e-05 -0.01139077 -29.62268)
(1.235831e-05 -0.01661265 -67.1033)
(1.281702e-05 -0.02634617 -120.4646)
(-0.0002362215 -0.03914612 -138.8711)
(-0.002882871 -0.5865562 -1025.218)
(0.002531446 -0.640957 -1133.739)
(0.001818159 -0.7437467 -1900.79)
(-0.00300009 -0.8800311 -2599.703)
(-0.03424239 -1.030352 -9233.798)
(-0.01016028 -0.1547557 -1894.959)
(-0.007805132 -0.1839365 -1879.996)
(0.001183916 -0.2192729 -1187.961)
(-0.0003554433 -0.2867568 -602.3843)
(0.0128534 -0.2305462 -164.0387)
(4.562794e-06 0.00950184 -6.917806)
(7.665525e-06 0.01091723 -29.61778)
(1.989071e-05 0.01578411 -67.09605)
(2.473848e-05 0.02492737 -120.4503)
(-2.757148e-05 0.04184006 -138.8803)
(-0.001469557 0.5845179 -1025.177)
(-0.003537142 0.6387328 -1134.997)
(-0.008858057 0.7411136 -1905.586)
(-0.02039623 0.8753892 -2611.365)
(-0.03820192 1.053058 -9292.667)
(-0.01426722 0.1339933 -1906.316)
(-0.04200822 0.1753273 -1881.133)
(-0.05747699 0.2550473 -1181.549)
(-0.05128985 0.2246357 -602.7223)
(-0.05009389 0.2174011 -166.7018)
(3.642655e-06 0.01560605 -6.882763)
(4.28594e-06 0.01834437 -29.46223)
(1.193155e-05 0.02757746 -66.75432)
(5.030315e-05 0.04510445 -119.8839)
(0.0003201894 0.0737763 -138.2602)
(0.003055948 1.05432 -1021.123)
(-0.002402911 1.196219 -1131.923)
(-0.00732462 1.477959 -1900.533)
(-0.01782739 1.876963 -2604.557)
(-0.03844477 2.42013 -9271.014)
(-0.01098035 0.3777993 -1904.258)
(-0.02289405 0.5100376 -1886.038)
(-0.04360777 0.6099825 -1186.413)
(-0.06304302 0.7865943 -601.7625)
(-0.06263332 0.6855685 -166.1291)
(4.542326e-06 0.01667067 -6.849594)
(3.201587e-06 0.02031531 -29.31994)
(4.939089e-06 0.03220944 -66.43428)
(2.482322e-05 0.0554007 -119.319)
(9.057936e-05 0.09463132 -137.6324)
(0.0008610539 1.388936 -1016.95)
(-0.001142539 1.60362 -1127.455)
(-0.005152961 2.10781 -1893.007)
(-0.01523235 2.827746 -2594.511)
(-0.03484236 3.785757 -9238.604)
(-0.0099272 0.6304514 -1896.979)
(-0.02170078 0.9659347 -1882.089)
(-0.03300282 1.19028 -1185.602)
(-0.04202912 1.283615 -600.844)
(-0.06818813 1.35616 -165.7371)
(8.983486e-06 0.02711583 -6.791805)
(4.576573e-06 0.03303816 -29.07242)
(-1.494664e-08 0.0523861 -65.87533)
(3.159676e-06 0.0898523 -118.3306)
(5.546317e-05 0.1532911 -136.523)
(0.001795416 2.249623 -1009.172)
(0.001364976 2.665092 -1119.191)
(-0.002173099 3.485835 -1879.662)
(-0.01041933 4.636569 -2577.233)
(-0.02985646 6.136731 -9185.653)
(-0.009423428 0.9856858 -1884.884)
(-0.01586956 1.492572 -1868.79)
(-0.02170773 1.857854 -1183.172)
(-0.03190837 2.089211 -601.5761)
(-0.04876064 2.00592 -165.2125)
(4.07827e-06 0.03849632 -6.702152)
(1.113727e-05 0.04686716 -28.68612)
(3.44167e-06 0.07422836 -65.004)
(-1.656406e-05 0.1272744 -116.7818)
(-9.873227e-06 0.2163459 -134.7894)
(0.001107411 3.171391 -997.0202)
(0.002784524 3.749731 -1106.972)
(0.002811452 4.891839 -1860.082)
(-0.003929294 6.49337 -2552.893)
(-0.0202452 8.585128 -9113.426)
(-0.008147617 1.382285 -1868.199)
(-0.01538357 2.095169 -1850.493)
(-0.01977785 2.611033 -1170.972)
(-0.02496201 2.876212 -599.3361)
(-0.04225435 2.842011 -165.3709)
(4.175443e-06 0.04326212 -6.581811)
(3.638887e-06 0.05268169 -28.17838)
(2.113671e-05 0.0833406 -63.85283)
(-5.651332e-06 0.1427355 -114.7389)
(-7.391913e-05 0.2426361 -132.4852)
(-0.0004653314 3.544554 -980.9669)
(0.00174612 4.189534 -1090.823)
(0.005250054 5.450504 -1835.494)
(0.005610341 7.218888 -2522.647)
(-0.007131204 9.531248 -9026.149)
(-0.005466646 1.536995 -1847.871)
(-0.01347583 2.332005 -1827.838)
(-0.01923509 2.907897 -1155.935)
(-0.02331365 3.206428 -593.0989)
(-0.02970303 3.195884 -165.5026)
(6.353915e-06 0.03834907 -6.466064)
(7.431069e-06 0.04675342 -27.68076)
(8.867878e-06 0.07389106 -62.75053)
(4.77982e-05 0.1264047 -112.7671)
(-3.327112e-05 0.2145984 -130.2614)
(-0.001856578 3.140171 -965.2572)
(-0.0009221268 3.699581 -1075.266)
(0.003171841 4.80759 -1811.845)
(0.009698505 6.35022 -2495.245)
(0.009932786 8.373941 -8947.654)
(-0.001892148 1.353361 -1829.439)
(-0.008949783 2.050525 -1806.78)
(-0.01670389 2.558165 -1141.729)
(-0.02233939 2.82178 -587.1898)
(-0.02672704 2.81556 -164.7372)
(1.087381e-05 0.02862698 -6.373038)
(9.068712e-06 0.03479932 -27.28736)
(8.311179e-06 0.05511301 -61.85558)
(1.486642e-05 0.09430128 -111.2291)
(0.0001168451 0.1600041 -128.5018)
(-0.0004056226 2.336085 -952.8122)
(-0.002510343 2.753272 -1062.536)
(-0.00172783 3.568577 -1793.085)
(0.005563445 4.722362 -2473.599)
(0.01664221 6.21735 -8890.9)
(0.002290719 1.009197 -1815.856)
(-0.003428468 1.534716 -1790.95)
(-0.01173541 1.908833 -1130.524)
(-0.01912416 2.108014 -582.3457)
(-0.02525715 2.104493 -164.0407)
(3.896059e-05 0.01724589 -6.310685)
(1.168624e-05 0.02102687 -27.01969)
(1.878419e-05 0.03317861 -61.26426)
(3.302205e-05 0.05687233 -110.1562)
(9.101634e-05 0.09601903 -127.3581)
(0.002452484 1.404289 -944.4728)
(-0.001310704 1.656737 -1053.927)
(-0.005424579 2.15819 -1779.704)
(-0.001890714 2.8453 -2459.177)
(0.009737224 3.76932 -8852.808)
(0.003905596 0.6138547 -1807.784)
(0.004168428 0.9382157 -1780.973)
(-0.004449302 1.160705 -1123.508)
(-0.01345477 1.292254 -579.0776)
(-0.0213121 1.292199 -163.473)
(5.391148e-05 0.005710831 -6.280318)
(4.525151e-05 0.006963921 -26.88782)
(9.771108e-06 0.01102538 -60.96542)
(4.111213e-05 0.0188323 -109.6466)
(-2.30791e-05 0.03206904 -126.7577)
(0.001030557 0.4586658 -941.0036)
(0.00385944 0.5432538 -1049.921)
(-0.001262563 0.711793 -1772.769)
(-0.009898304 0.954645 -2450.606)
(-0.003633082 1.254305 -8835.798)
(0.001595054 0.2062747 -1803.982)
(0.006876583 0.315427 -1777.185)
(0.0043342 0.3962916 -1120.275)
(-0.005295725 0.4241828 -577.4193)
(-0.0136439 0.4355698 -163.0918)
(6.72016e-05 -0.005513805 -6.281847)
(6.245426e-05 -0.006948091 -26.88972)
(5.156523e-05 -0.01100446 -60.96287)
(-4.121945e-06 -0.01886301 -109.6467)
(8.442241e-05 -0.03199395 -126.776)
(-0.0003201505 -0.4690738 -940.8244)
(0.002319368 -0.5434542 -1050.837)
(0.007724434 -0.7129734 -1772.989)
(-0.002935335 -0.9550729 -2449.538)
(-0.01672475 -1.264544 -8831.642)
(-0.0005486667 -0.2090276 -1804.799)
(0.002263571 -0.3149432 -1777.819)
(0.008728014 -0.3947114 -1120.923)
(0.004842839 -0.4381733 -577.4378)
(-0.005883738 -0.4240822 -162.8629)
(1.056523e-05 -0.01676928 -6.312546)
(3.099603e-05 -0.02071967 -27.02285)
(4.39922e-05 -0.03308267 -61.25952)
(2.967384e-05 -0.05671675 -110.1546)
(-5.525334e-05 -0.09647283 -127.3711)
(0.001390936 -1.408373 -945.0595)
(0.0005642802 -1.664687 -1054.83)
(0.006500538 -2.160673 -1781.031)
(0.01437466 -2.869249 -2457.285)
(-0.004147015 -3.79793 -8846.76)
(-0.002604572 -0.6184788 -1808.119)
(-0.0007416022 -0.9485459 -1783.31)
(0.003213578 -1.168527 -1124.446)
(0.009496546 -1.29381 -578.815)
(0.006007572 -1.298524 -162.8714)
(-1.436939e-05 -0.02837581 -6.374125)
(2.708773e-08 -0.03457335 -27.29196)
(4.096118e-05 -0.05477661 -61.85953)
(4.096309e-05 -0.09382581 -111.1959)
(-9.722807e-05 -0.1596812 -128.5142)
(-0.001689803 -2.337593 -953.4499)
(0.001709574 -2.754666 -1063.195)
(-0.0006437688 -3.579309 -1793.594)
(0.01066137 -4.722727 -2475.089)
(0.02357592 -6.228597 -8889.579)
(-0.0009622451 -1.011152 -1816.068)
(-0.004462104 -1.537539 -1791.836)
(-2.738667e-05 -1.92739 -1131.15)
(0.004787588 -2.11731 -581.3466)
(0.009288965 -2.120054 -162.9894)
(7.780731e-06 -0.0382145 -6.466319)
(-1.160442e-05 -0.04647463 -27.68311)
(3.289641e-06 -0.07339581 -62.74731)
(3.595097e-05 -0.125769 -112.7567)
(-7.16733e-05 -0.2142021 -130.2354)
(-0.004029975 -3.138826 -965.2057)
(-0.003142373 -3.709012 -1075.824)
(0.002316349 -4.81461 -1812.682)
(-0.0009327926 -6.362274 -2497.102)
(0.0178685 -8.362784 -8958.754)
(0.004730873 -1.353629 -1829.712)
(-0.0007096072 -2.059634 -1805.465)
(-0.00450104 -2.563544 -1139.981)
(-5.127678e-05 -2.83743 -585.0365)
(0.005035995 -2.836311 -163.1861)
(1.676107e-05 -0.04305871 -6.582745)
(1.058874e-05 -0.05249735 -28.17747)
(-4.355589e-06 -0.08303091 -63.85443)
(1.490885e-05 -0.1420539 -114.7262)
(1.321833e-05 -0.2418549 -132.4248)
(-0.003002652 -3.543709 -980.1658)
(-0.007805783 -4.19259 -1090.417)
(-0.006687849 -5.456126 -1837.217)
(0.00289575 -7.220236 -2525.681)
(-0.002314614 -9.522843 -9035.784)
(0.003288851 -1.532282 -1848.89)
(0.00755201 -2.332775 -1824.78)
(-0.0004222532 -2.918409 -1151.736)
(-0.004735105 -3.219881 -589.275)
(5.264545e-05 -3.222182 -163.4984)
(6.552973e-06 -0.03832375 -6.702879)
(1.764397e-05 -0.04671519 -28.68987)
(1.920245e-05 -0.07409574 -65.00587)
(2.121169e-05 -0.1269889 -116.7603)
(4.41412e-05 -0.215939 -134.7177)
(-0.0005805257 -3.167608 -996.0378)
(-0.005693722 -3.749683 -1105.811)
(-0.01606215 -4.891471 -1860.307)
(-0.01264761 -6.47835 -2556.269)
(0.00316338 -8.578051 -9117.914)
(-0.0007735167 -1.380747 -1867.067)
(0.005228849 -2.098001 -1846.846)
(0.008920792 -2.626526 -1165.163)
(-0.0003618759 -2.908891 -593.8523)
(-0.004658002 -2.903863 -163.7099)
(1.256091e-05 -0.02704769 -6.79311)
(9.654956e-06 -0.03292711 -29.07766)
(2.49815e-05 -0.05227183 -65.8778)
(3.779811e-05 -0.08986626 -118.3131)
(7.991205e-05 -0.1531823 -136.4649)
(0.0008624487 -2.24626 -1008.366)
(-0.001533912 -2.662383 -1117.885)
(-0.01161928 -3.484568 -1877.79)
(-0.02903812 -4.629508 -2576.085)
(-0.02156469 -6.121998 -9183.216)
(0.0003424422 -0.9924204 -1881.29)
(-0.000854598 -1.50113 -1862.376)
(0.006397449 -1.877688 -1176.662)
(0.009341387 -2.0753 -597.8421)
(-0.0007030693 -2.084057 -163.8488)
(3.780579e-05 -0.01617244 -6.848543)
(-3.596227e-05 -0.01975096 -29.32457)
(1.581993e-05 -0.03127714 -66.43956)
(3.837207e-05 -0.05534305 -119.3086)
(7.672155e-05 -0.09462916 -137.6045)
(0.001696154 -1.391367 -1016.446)
(0.001185989 -1.648007 -1126.1)
(-0.003811616 -2.162404 -1889.473)
(-0.02169353 -2.890584 -2588.367)
(-0.04783539 -3.833466 -9213.589)
(-0.004793084 -0.6351571 -1890.972)
(0.0007148995 -0.982265 -1872.838)
(-0.0006518306 -1.172407 -1183.448)
(0.006978994 -1.353714 -601.0578)
(0.009147028 -1.296303 -164.0593)
(5.315051e-05 -0.01593718 -6.877165)
(9.2863e-05 -0.01874337 -29.45511)
(1.140423e-05 -0.02747822 -66.73102)
(-0.0001382679 -0.04498794 -119.837)
(-0.0002173572 -0.07378097 -138.2588)
(0.001331135 -1.096928 -1021.264)
(0.002523555 -1.245983 -1131.064)
(0.001834437 -1.537154 -1896.913)
(-0.008311909 -1.941687 -2595.4)
(-0.03778743 -2.450346 -9227.818)
(-0.01192011 -0.3843037 -1893.939)
(-0.01134027 -0.5667209 -1877.624)
(0.005841207 -0.7027555 -1186.398)
(-0.000479576 -0.7651016 -602.5883)
(0.007106744 -0.7642242 -164.0919)
(-1.779138e-05 -0.009882915 -6.92414)
(6.785093e-05 -0.01139836 -29.60438)
(0.000149859 -0.01661454 -67.10632)
(1.840457e-05 -0.02635961 -120.4619)
(2.137318e-05 -0.04180272 -138.8796)
(-0.003388608 -0.5443601 -1024.751)
(-0.002974868 -0.6408827 -1134.046)
(0.004484535 -0.7438849 -1901.136)
(0.002732057 -0.8796236 -2599.387)
(-0.01319387 -1.061965 -9228.302)
(-0.01061052 -0.1550458 -1892.438)
(-0.01663619 -0.2201932 -1877.313)
(-0.009604714 -0.2179473 -1188.01)
(0.001329247 -0.2358751 -602.3614)
(-0.0005676998 -0.2828843 -164.0115)
(4.222293e-06 0.009506947 -6.917856)
(5.221263e-06 0.01091995 -29.61827)
(1.320484e-05 0.01579191 -67.09946)
(4.2028e-05 0.02483066 -120.4607)
(4.678268e-05 0.03930792 -138.8768)
(-0.0006826945 0.5844191 -1025.056)
(-0.002403375 0.63877 -1134.576)
(-0.007241968 0.7415105 -1904.35)
(-0.01755955 0.8765782 -2608.698)
(-0.03782831 1.055679 -9279.855)
(-0.01071193 0.1358929 -1906.194)
(-0.02240144 0.1780852 -1888.209)
(-0.04828437 0.2078954 -1187.803)
(-0.0632444 0.2761241 -601.2729)
(-0.05701295 0.2205477 -166.0469)
(5.416153e-06 0.01560736 -6.882802)
(3.850385e-06 0.01835647 -29.4622)
(5.418553e-06 0.02757689 -66.7553)
(2.334258e-05 0.04511323 -119.8912)
(0.0001077399 0.07375894 -138.2815)
(0.004864985 1.054174 -1021.521)
(0.003155438 1.196673 -1131.7)
(-0.00490112 1.479792 -1899.574)
(-0.01457179 1.881452 -2602.197)
(-0.03350957 2.428715 -9259.239)
(-0.009641288 0.3797731 -1901.196)
(-0.01671716 0.5609356 -1886.316)
(-0.02570596 0.6294339 -1191.986)
(-0.04732057 0.6678172 -603.3587)
(-0.07112401 0.7864165 -165.5609)
(9.125462e-06 0.01668219 -6.849741)
(5.261161e-06 0.0203187 -29.31997)
(2.611036e-06 0.03224077 -66.43339)
(5.325715e-06 0.05537155 -119.3213)
(5.057949e-05 0.09460466 -137.6437)
(0.001683924 1.391138 -1017.125)
(0.001193063 1.645607 -1127.39)
(-0.002286065 2.108765 -1892.494)
(-0.0100234 2.833067 -2592.661)
(-0.02839541 3.798601 -9227.831)
(-0.008945603 0.6337515 -1894.162)
(-0.0150358 0.9712695 -1878.854)
(-0.02551457 1.2121 -1189.674)
(-0.03568338 1.317884 -603.2387)
(-0.04834733 1.272479 -165.0321)
(6.055691e-06 0.02712553 -6.792731)
(1.317975e-05 0.03305146 -29.07299)
(6.162569e-06 0.05240174 -65.8747)
(-6.710681e-06 0.08996964 -118.326)
(-1.749773e-06 0.1531965 -136.527)
(0.0009924554 2.249106 -1009.299)
(0.00260906 2.662543 -1119.506)
(0.002396007 3.482922 -1879.578)
(-0.004084285 4.638027 -2576.259)
(-0.0192042 6.148225 -9177.411)
(-0.007632554 0.990231 -1882.308)
(-0.01438624 1.500276 -1865.83)
(-0.01848469 1.867297 -1180.918)
(-0.02355987 2.054282 -602.9483)
(-0.03618997 2.083229 -165.4951)
(2.665433e-06 0.03851139 -6.701957)
(7.025969e-06 0.04690268 -28.69066)
(2.649228e-05 0.07427203 -65.00497)
(3.232522e-06 0.1273317 -116.7781)
(-4.567044e-05 0.2166983 -134.7777)
(-0.0002709628 3.169194 -997.0741)
(0.001572568 3.749211 -1107.194)
(0.004964974 4.887195 -1860.781)
(0.004970953 6.488778 -2552.807)
(-0.007093684 8.589356 -9108.958)
(-0.005097758 1.386094 -1866.167)
(-0.01256495 2.103255 -1847.771)
(-0.01796273 2.620694 -1168.895)
(-0.02181317 2.886972 -597.8291)
(-0.02777817 2.874164 -165.6833)
(5.949701e-06 0.04321585 -6.582244)
(4.814018e-06 0.05269701 -28.17716)
(1.397854e-05 0.08340605 -63.86574)
(5.806295e-05 0.1428456 -114.7399)
(-1.558662e-05 0.2427745 -132.4757)
(-0.001432507 3.550791 -980.794)
(-0.0006952539 4.186733 -1090.932)
(0.003000507 5.450033 -1835.969)
(0.009324651 7.211949 -2523.826)
(0.009271423 9.527282 -9025.876)
(-0.001759849 1.539049 -1846.742)
(-0.008426134 2.337467 -1825.664)
(-0.0158395 2.915802 -1154.031)
(-0.02125642 3.214698 -591.6867)
(-0.02551266 3.204845 -164.9166)
(9.086879e-06 0.03838856 -6.466001)
(8.54742e-06 0.04669313 -27.68341)
(1.09781e-05 0.07398057 -62.74694)
(3.516674e-05 0.1265029 -112.7988)
(0.000132423 0.2148049 -130.2621)
(-0.0005833177 3.137949 -965.1162)
(-0.002649346 3.705563 -1074.956)
(-0.001493929 4.80547 -1812.112)
(0.005503503 6.349913 -2496.031)
(0.01617165 8.365391 -8951.955)
(0.002204355 1.353659 -1829.31)
(-0.002739781 2.0581 -1805.597)
(-0.01053576 2.562409 -1140.236)
(-0.01847879 2.82726 -585.9032)
(-0.02450488 2.820684 -164.1862)
(3.386891e-05 0.02856602 -6.37319)
(1.080794e-05 0.03484331 -27.28679)
(1.765781e-05 0.05501986 -61.8632)
(1.077567e-05 0.09430743 -111.2163)
(6.872627e-05 0.1601089 -128.5525)
(0.002597488 2.338731 -952.8342)
(-0.0005574243 2.755409 -1062.323)
(-0.004381314 3.573193 -1792.421)
(-0.00253438 4.713856 -2474.096)
(0.009339143 6.216822 -8893.888)
(0.003775268 1.007147 -1816.803)
(0.004080119 1.536044 -1790.799)
(-0.004122804 1.919927 -1129.899)
(-0.01310163 2.110266 -581.3786)
(-0.02091518 2.107878 -163.5389)
(3.293935e-05 0.017206 -6.311252)
(4.23683e-05 0.02098452 -27.02008)
(9.503338e-06 0.03322852 -61.26304)
(3.950867e-05 0.05675051 -110.1718)
(5.031473e-05 0.09655969 -127.3483)
(0.002105 1.405007 -945.0347)
(0.003979959 1.659103 -1054.014)
(-0.001914966 2.158687 -1779.03)
(-0.00892408 2.855926 -2458.094)
(-0.002981889 3.762551 -8855.494)
(0.001833158 0.613323 -1808.415)
(0.006699931 0.9352659 -1781.986)
(0.005384856 1.17389 -1123.39)
(-0.004988356 1.283178 -578.6368)
(-0.01471665 1.292806 -163.1078)
(6.719927e-05 0.005513862 -6.281847)
(6.2449e-05 0.006948201 -26.88972)
(5.15911e-05 0.01100466 -60.96286)
(-4.122372e-06 0.01886063 -109.6467)
(8.428812e-05 0.03199397 -126.776)
(-0.0003202042 0.4690697 -940.8243)
(0.002319246 0.5434605 -1050.837)
(0.007724507 0.712973 -1772.989)
(-0.002935079 0.9550709 -2449.537)
(-0.01672471 1.264525 -8831.641)
(-0.0005488419 0.2090255 -1804.799)
(0.002263499 0.3149423 -1777.819)
(0.008728135 0.3947101 -1120.923)
(0.004842914 0.4381665 -577.4378)
(-0.005883904 0.4240771 -162.8629)
(-3.63864e-06 -0.005297274 -6.28446)
(8.354235e-05 -0.006705645 -26.89583)
(8.520942e-05 -0.01097952 -60.96309)
(3.74547e-05 -0.01882593 -109.6296)
(-5.382986e-05 -0.03203955 -126.7814)
(0.001445691 -0.46804 -940.9367)
(-0.0003696002 -0.5538342 -1050.674)
(0.005724752 -0.7127532 -1774.779)
(0.01439788 -0.956204 -2449.937)
(-0.005742823 -1.279583 -8827.098)
(-0.003276176 -0.208012 -1803.677)
(-0.0009950783 -0.3206158 -1778.781)
(0.002525076 -0.3940648 -1121.327)
(0.009760382 -0.4363891 -577.7102)
(0.004783246 -0.4382159 -162.8539)
(-9.773753e-06 -0.01706594 -6.312258)
(1.310174e-05 -0.02037923 -27.02693)
(4.672917e-05 -0.03274748 -61.26032)
(3.902119e-05 -0.05658616 -110.1411)
(-7.093235e-05 -0.09628732 -127.3298)
(-0.001612305 -1.409728 -945.1697)
(0.00184649 -1.661658 -1054.887)
(0.00022736 -2.16196 -1780.872)
(0.01168293 -2.866161 -2459.955)
(0.02389437 -3.800617 -8848.26)
(-0.0008085475 -0.6243094 -1806.989)
(-0.003910599 -0.9441433 -1782.236)
(-0.001073017 -1.188436 -1124.93)
(0.003544174 -1.292133 -579.0248)
(0.00967228 -1.294108 -162.9084)
(7.149967e-06 -0.02841147 -6.373927)
(-1.744546e-05 -0.03453366 -27.28959)
(2.15505e-07 -0.05464121 -61.86488)
(6.067648e-05 -0.09373079 -111.1956)
(-1.493575e-05 -0.1593302 -128.4757)
(-0.003524287 -2.333426 -952.8659)
(-0.002980423 -2.756073 -1063.425)
(0.002608953 -3.574917 -1793.627)
(-0.001641599 -4.723495 -2474.637)
(0.01775292 -6.218773 -8898.35)
(0.004937297 -1.011033 -1816.385)
(-0.001379465 -1.539862 -1790.995)
(-0.005422486 -1.92389 -1130.415)
(-4.834228e-06 -2.132075 -581.5562)
(0.005096868 -2.117887 -163.0455)
(1.902417e-05 -0.03818143 -6.466997)
(1.023815e-05 -0.04652851 -27.68303)
(-1.640159e-05 -0.07352404 -62.7442)
(8.034462e-06 -0.1256662 -112.7648)
(3.418949e-05 -0.2137317 -130.2179)
(-0.002553898 -3.132942 -964.6421)
(-0.007274161 -3.703818 -1074.722)
(-0.006520147 -4.814022 -1813.125)
(0.003445867 -6.358407 -2497.072)
(-0.002603124 -8.37359 -8957.795)
(0.003479527 -1.350233 -1831.648)
(0.008017053 -2.058195 -1805.786)
(-0.0005824532 -2.575651 -1139.301)
(-0.004971569 -2.833764 -584.6679)
(0.0001367196 -2.837635 -163.263)
(5.099482e-06 -0.04304693 -6.583419)
(2.155846e-05 -0.05244514 -28.17973)
(1.940738e-05 -0.08312435 -63.85674)
(1.138628e-06 -0.1423036 -114.7263)
(3.340607e-05 -0.2416546 -132.4318)
(-0.0002903131 -3.540827 -979.8956)
(-0.005351649 -4.187263 -1089.365)
(-0.01608838 -5.454449 -1834.957)
(-0.01268527 -7.213036 -2526.276)
(0.003983761 -9.525072 -9035.271)
(-0.0009849757 -1.532567 -1848.735)
(0.005557099 -2.326855 -1826.795)
(0.00960572 -2.914696 -1151.929)
(-0.0004515729 -3.225342 -588.8669)
(-0.005065731 -3.219926 -163.414)
(1.541431e-05 -0.03836599 -6.702844)
(8.721254e-06 -0.04669008 -28.69248)
(3.047551e-05 -0.07401801 -65.00935)
(3.865644e-05 -0.1271133 -116.7699)
(6.000953e-05 -0.2162757 -134.7247)
(0.0007872373 -3.165074 -996.0652)
(-0.00131179 -3.747148 -1105.271)
(-0.0117074 -4.891866 -1858.194)
(-0.03014257 -6.48683 -2552.738)
(-0.02180758 -8.559226 -9119.527)
(0.0003868573 -1.384884 -1867.026)
(-0.001198672 -2.097625 -1846.743)
(0.006687011 -2.621128 -1166.422)
(0.009937845 -2.902838 -593.9084)
(-0.0007187591 -2.910149 -163.5699)
(7.464186e-05 -0.02659018 -6.793692)
(1.506402e-05 -0.03296272 -29.07777)
(1.678215e-05 -0.05221807 -65.88334)
(4.615972e-05 -0.08978811 -118.3173)
(7.707186e-05 -0.1532808 -136.4823)
(0.001587261 -2.248917 -1008.469)
(0.001171202 -2.660371 -1117.875)
(-0.003634333 -3.482769 -1876.59)
(-0.02218401 -4.638847 -2572.803)
(-0.04958457 -6.138619 -9170.737)
(-0.004796079 -0.9879447 -1881.517)
(0.0006138066 -1.509428 -1862.397)
(-0.0009688334 -1.874626 -1176.607)
(0.007119368 -2.075034 -598.4178)
(0.009390488 -2.077065 -163.8415)
(5.627245e-05 -0.01622713 -6.844258)
(4.344777e-05 -0.01968384 -29.31451)
(-6.525235e-05 -0.03126614 -66.43986)
(2.848379e-05 -0.05368033 -119.3181)
(7.119522e-05 -0.09456443 -137.6087)
(0.001356373 -1.391589 -1016.637)
(0.002504572 -1.649297 -1126.278)
(0.001863166 -2.160797 -1889.379)
(-0.008053723 -2.887768 -2586.203)
(-0.03819285 -3.848684 -9202.041)
(-0.01055269 -0.6214212 -1888.248)
(-0.007778936 -0.9768485 -1872.996)
(0.0009496111 -1.229602 -1183.488)
(-0.0007261514 -1.295539 -600.9955)
(0.006938961 -1.355622 -164.1783)
(-1.71779e-05 -0.01589043 -6.886331)
(6.631603e-05 -0.01877953 -29.43673)
(0.0001466875 -0.02827777 -66.7339)
(1.655546e-05 -0.04494214 -119.8339)
(-0.0002467792 -0.07358297 -138.2067)
(-0.003132929 -1.054565 -1021.301)
(0.001898843 -1.245739 -1131.376)
(0.004502342 -1.537604 -1897.257)
(0.002767599 -1.94053 -2595.088)
(-0.01625975 -2.477653 -9218.531)
(-0.008922923 -0.3861286 -1891.349)
(-0.02034768 -0.5697788 -1876.386)
(-0.01431683 -0.6988274 -1186.461)
(0.006562469 -0.7710229 -601.8786)
(-0.0006945683 -0.7619833 -164.2844)
(-1.97871e-05 -0.01140901 -29.6449)
(0.0001134905 -0.01662541 -67.06621)
(0.0002531002 -0.02636461 -120.4675)
(2.502671e-05 -0.04182713 -138.8737)
(0.0002818386 -0.5839195 -1024.838)
(-0.003730829 -0.5920894 -1133.562)
(-0.002354521 -0.7436013 -1901.756)
(0.007870809 -0.87965 -2599.87)
(0.003471705 -1.061513 -9226.256)
(-0.006382155 -0.1377838 -1891.533)
(-0.01800109 -0.2205553 -1874.67)
(-0.02056354 -0.2662066 -1186.251)
(-0.01067309 -0.2343963 -602.3703)
(0.001242103 -0.2318083 -163.9865)
(4.463987e-05 0.009507637 -6.917901)
(4.607002e-06 0.01092658 -29.6184)
(7.09431e-06 0.01579686 -67.10062)
(2.568387e-05 0.02484474 -120.4683)
(8.997149e-05 0.03910669 -138.8923)
(0.0007846195 0.5471316 -1025.011)
(-0.00114397 0.6386877 -1134.356)
(-0.004864534 0.7417866 -1903.408)
(-0.01435401 0.8776302 -2606.379)
(-0.03295303 1.058077 -9268.279)
(-0.009470413 0.1366597 -1903.183)
(-0.01627342 0.1812294 -1888.541)
(-0.0251152 0.2112431 -1193.406)
(-0.05257622 0.2232788 -603.7177)
(-0.07148352 0.2736322 -165.2418)
(-2.909387e-05 0.01600704 -6.88299)
(6.333549e-06 0.01835842 -29.46228)
(3.898476e-06 0.02759899 -66.75481)
(6.481685e-06 0.04511316 -119.8932)
(4.773258e-05 0.07377111 -138.2925)
(0.00196189 1.053697 -1021.74)
(0.005821987 1.196444 -1132.087)
(0.002587862 1.480621 -1899.088)
(-0.009597603 1.884885 -2600.435)
(-0.02728929 2.436467 -9248.917)
(-0.008676681 0.3816346 -1898.496)
(-0.01460727 0.5638733 -1883.222)
(-0.01925629 0.6934288 -1192.279)
(-0.02756224 0.690905 -606.0564)
(-0.05431768 0.6553851 -165.3314)
(7.185951e-06 0.01628989 -6.850615)
(1.322272e-05 0.02033287 -29.32065)
(7.453854e-06 0.03224852 -66.43302)
(-1.33915e-06 0.0554338 -119.3183)
(2.892935e-06 0.09455452 -137.647)
(0.0009119132 1.39063 -1017.247)
(0.00243864 1.648235 -1127.676)
(0.002027067 2.155309 -1892.372)
(-0.004285619 2.835086 -2591.732)
(-0.01833602 3.808215 -9220.022)
(-0.007225653 0.6369149 -1891.715)
(-0.01360386 0.9763954 -1876.037)
(-0.01747576 1.218214 -1187.523)
(-0.02786001 1.341167 -605.3597)
(-0.03967635 1.311522 -165.3643)
(2.142153e-06 0.0271469 -6.792607)
(9.271895e-06 0.03305902 -29.07746)
(2.907635e-05 0.05242615 -65.87626)
(8.660137e-06 0.09000403 -118.3232)
(-2.668051e-05 0.1534179 -136.5187)
(-0.0001348942 2.247701 -1009.343)
(0.001423537 2.661757 -1119.718)
(0.004624474 3.478132 -1880.213)
(0.004239013 4.632404 -2576.127)
(-0.007185583 6.152452 -9173.241)
(-0.004753774 0.9936971 -1880.399)
(-0.01170957 1.507661 -1863.267)
(-0.01675267 1.876353 -1178.955)
(-0.02038146 2.064463 -601.5178)
(-0.02619869 2.052775 -165.8381)
(5.521946e-06 0.038476 -6.702219)
(2.922791e-06 0.0469235 -28.68978)
(1.867544e-05 0.07430792 -65.0178)
(6.557402e-05 0.1274171 -116.7809)
(1.316118e-06 0.2168147 -134.77)
(-0.0009856369 3.174643 -996.9395)
(-0.0004523385 3.746641 -1107.288)
(0.002750664 4.886028 -1861.238)
(0.00875388 6.480092 -2553.893)
(0.008239161 8.582404 -9108.616)
(-0.001655969 1.388183 -1865.104)
(-0.007809516 2.109567 -1845.721)
(-0.01472943 2.630131 -1167.095)
(-0.01984532 2.897355 -596.4855)
(-0.02392493 2.88549 -165.1252)
(6.42815e-06 0.04325383 -6.582293)
(7.854305e-06 0.05263665 -28.17901)
(6.624192e-06 0.08343886 -63.86275)
(4.262556e-05 0.1429144 -114.7714)
(0.0001467055 0.2429798 -132.4788)
(-0.0003042603 3.553098 -980.6699)
(-0.002131525 4.19406 -1090.655)
(-0.001200145 5.446713 -1836.216)
(0.005262063 7.210549 -2524.591)
(0.01545689 9.515189 -9029.949)
(0.002069147 1.538674 -1846.606)
(-0.002521529 2.340793 -1824.531)
(-0.009896324 2.922184 -1152.596)
(-0.01751865 3.22316 -590.4467)
(-0.02336221 3.213479 -164.3829)
(2.603787e-05 0.0383046 -6.465943)
(8.608277e-06 0.04674133 -27.68328)
(1.629442e-05 0.07387429 -62.75293)
(1.666601e-05 0.1266831 -112.7916)
(0.0001032726 0.2149013 -130.3124)
(0.002785046 3.141112 -965.1544)
(-0.0007747834 3.702952 -1074.69)
(-0.004564996 4.812466 -1811.477)
(-0.002246312 6.348097 -2496.522)
(0.009259626 8.36404 -8954.896)
(0.003611035 1.351202 -1830.228)
(0.00390483 2.058481 -1805.452)
(-0.003114211 2.573193 -1139.452)
(-0.01164657 2.831772 -584.9595)
(-0.02023214 2.826449 -163.6952)
(3.218102e-05 0.02849775 -6.3736)
(3.610646e-05 0.03476851 -27.28662)
(8.023621e-06 0.05508828 -61.86272)
(3.683515e-05 0.09413776 -111.2296)
(1.02638e-05 0.1601285 -128.5361)
(0.001720396 2.339518 -953.388)
(0.004114932 2.758547 -1062.421)
(-0.0009066209 3.576529 -1791.914)
(-0.007687198 4.718119 -2473.026)
(-0.003202458 6.213951 -8896.036)
(0.002187425 1.006488 -1817.432)
(0.006448266 1.532132 -1791.797)
(0.005259139 1.921497 -1129.79)
(-0.00464826 2.123586 -580.9499)
(-0.01435194 2.110253 -163.18)
(2.58424e-05 0.0170286 -6.311615)
(3.662921e-05 0.0209354 -27.02167)
(4.699911e-05 0.03316102 -61.25993)
(-4.750468e-06 0.05682995 -110.1726)
(8.087607e-05 0.09635302 -127.3652)
(0.000619388 1.41124 -944.9548)
(0.003378001 1.65945 -1054.92)
(0.007807977 2.161506 -1779.262)
(-0.002779408 2.866238 -2456.872)
(-0.01413396 3.773376 -8851.925)
(-0.0003737137 0.6200614 -1809.038)
(0.002757698 0.9341717 -1782.624)
(0.008494233 1.169994 -1124.038)
(0.006050455 1.298208 -578.5396)
(-0.005597734 1.283322 -162.9221)
(-3.641236e-06 0.005297292 -6.28446)
(8.35398e-05 0.006705711 -26.89583)
(8.520601e-05 0.01097965 -60.96308)
(3.751828e-05 0.01882583 -109.6295)
(-5.385515e-05 0.03203406 -126.7814)
(0.001443264 0.4680421 -940.9367)
(-0.0003695708 0.5538292 -1050.674)
(0.005724548 0.7127576 -1774.779)
(0.0143979 0.9562042 -2449.937)
(-0.005742312 1.279579 -8827.098)
(-0.003276155 0.2080049 -1803.677)
(-0.0009954016 0.320612 -1778.781)
(0.002524982 0.3940636 -1121.327)
(0.009760523 0.4363876 -577.7102)
(0.004783328 0.4382087 -162.8539)
(-4.652091e-05 -0.005655865 -6.281538)
(-4.856006e-06 -0.006422736 -26.90728)
(0.0001360298 -0.01059239 -60.9748)
(0.0001084196 -0.01878422 -109.617)
(-5.863752e-05 -0.03197926 -126.741)
(-0.001585265 -0.4685657 -941.0478)
(0.001919399 -0.552756 -1050.734)
(-0.0004814461 -0.7207328 -1774.503)
(0.01173617 -0.9551242 -2452.642)
(0.02411689 -1.280391 -8828.566)
(-0.001555104 -0.2155865 -1802.711)
(-0.004912363 -0.3174392 -1777.412)
(-0.001299614 -0.4019493 -1122.026)
(0.002708552 -0.435657 -577.9169)
(0.009936835 -0.4364268 -162.8885)
(6.311691e-06 -0.01709079 -6.311959)
(-1.211983e-05 -0.02076855 -27.0257)
(2.169321e-05 -0.03213203 -61.26992)
(7.235363e-05 -0.05604151 -110.1364)
(-2.296069e-05 -0.09608282 -127.2931)
(-0.003189498 -1.407257 -944.592)
(-0.002882186 -1.662691 -1055.133)
(0.002822133 -2.159162 -1780.907)
(-0.0007567617 -2.859176 -2459.705)
(0.01887556 -3.794108 -8857.284)
(0.005083205 -0.6241622 -1807.299)
(-0.0009097039 -0.9521404 -1781.102)
(-0.004558353 -1.181084 -1124.181)
(-0.00120116 -1.315433 -579.352)
(0.003847192 -1.292373 -162.9634)
(2.04456e-05 -0.02839047 -6.374705)
(9.495207e-06 -0.03457846 -27.28896)
(-2.618782e-05 -0.05459255 -61.86009)
(2.412568e-06 -0.09346171 -111.2049)
(7.731262e-05 -0.1591901 -128.4659)
(-0.001763499 -2.328966 -952.3082)
(-0.006788652 -2.751784 -1062.312)
(-0.006324377 -3.574592 -1794.122)
(0.003891678 -4.720876 -2474.602)
(-0.003462932 -6.219796 -8896.767)
(0.003862595 -1.008112 -1818.396)
(0.008416014 -1.539212 -1791.299)
(-0.001547805 -1.926536 -1129.88)
(-0.006088867 -2.127954 -581.1708)
(0.0002000407 -2.132663 -163.1265)
(3.674002e-06 -0.03817768 -6.467725)
(2.462279e-05 -0.04648554 -27.68592)
(1.905359e-05 -0.07361404 -62.7451)
(-2.007603e-05 -0.1258939 -112.7612)
(2.15986e-05 -0.2135593 -130.2266)
(-1.198364e-05 -3.126215 -964.3742)
(-0.004940837 -3.698127 -1073.643)
(-0.01580427 -4.810086 -1810.792)
(-0.01255941 -6.353124 -2497.777)
(0.004742013 -8.374776 -8957.183)
(-0.001160825 -1.348435 -1831.46)
(0.005912004 -2.052084 -1807.909)
(0.01021764 -2.57365 -1139.485)
(-0.00062679 -2.848142 -584.2279)
(-0.005312779 -2.833742 -163.17)
(1.698376e-05 -0.04308753 -6.583292)
(7.26106e-06 -0.05242763 -28.18276)
(3.769914e-05 -0.08303246 -63.86173)
(3.948049e-05 -0.1424666 -114.7339)
(2.643453e-05 -0.24208 -132.4349)
(0.0006386794 -3.537937 -979.9364)
(-0.001005931 -4.184441 -1088.813)
(-0.01160007 -5.451646 -1832.746)
(-0.03096973 -7.217131 -2522.551)
(-0.0220248 -9.508342 -9037.369)
(0.0004800819 -1.536259 -1848.691)
(-0.001576676 -2.326958 -1826.64)
(0.007124063 -2.907035 -1153.272)
(0.01070958 -3.221144 -588.916)
(-0.0008319847 -3.225825 -163.2603)
(7.058653e-05 -0.03827951 -6.703652)
(1.850421e-05 -0.04673917 -28.69226)
(1.599203e-05 -0.07396877 -65.0158)
(5.645749e-05 -0.1269724 -116.7757)
(7.893422e-05 -0.216474 -134.7412)
(0.001323443 -3.169837 -996.1535)
(0.001096026 -3.744187 -1105.271)
(-0.003418343 -4.889923 -1856.964)
(-0.02277087 -6.493922 -2549.294)
(-0.05189036 -8.57851 -9106.341)
(-0.004894348 -1.379502 -1867.343)
(0.000674575 -2.105336 -1846.761)
(-0.001399466 -2.620472 -1166.343)
(0.007446472 -2.896799 -594.516)
(0.009993895 -2.904089 -163.5595)
(7.986992e-05 -0.02668885 -6.789321)
(9.105339e-05 -0.03238244 -29.08021)
(2.272458e-05 -0.05227017 -65.88314)
(3.062019e-05 -0.0896859 -118.3285)
(8.367159e-05 -0.1531613 -136.4866)
(0.001355731 -2.250003 -1008.664)
(0.00240937 -2.663269 -1118.049)
(0.001870438 -3.480214 -1876.506)
(-0.007902756 -4.63809 -2570.604)
(-0.03927906 -6.156971 -9158.731)
(-0.01100121 -0.9928166 -1878.692)
(-0.007776146 -1.501624 -1862.625)
(0.0008178266 -1.885238 -1176.636)
(-0.001079069 -2.071594 -598.3492)
(0.007091197 -2.076664 -163.967)
(-1.087272e-05 -0.01590576 -6.852637)
(7.121874e-05 -0.01974564 -29.29575)
(6.157286e-05 -0.03116348 -66.41611)
(-0.0001253766 -0.05365413 -119.3171)
(4.875773e-05 -0.0916195 -137.6215)
(0.001128766 -1.391144 -1016.666)
(0.001892774 -1.649182 -1126.599)
(0.004536839 -2.162017 -1889.721)
(0.002828925 -2.885831 -2585.895)
(-0.01590403 -3.845444 -9192.712)
(-0.009048985 -0.6252592 -1885.588)
(-0.01727797 -0.9458544 -1870.151)
(-0.009555358 -1.222724 -1183.584)
(0.001066123 -1.359746 -600.9937)
(-0.0009460918 -1.297159 -164.142)
(-1.92238e-05 -0.01871431 -29.47685)
(0.000110857 -0.02832875 -66.69368)
(0.0002482447 -0.04642554 -119.8392)
(2.154592e-05 -0.07350268 -138.2002)
(-0.003715055 -1.051628 -1020.906)
(-0.00347972 -1.197336 -1131.425)
(0.00327867 -1.536693 -1897.887)
(0.00794467 -1.940654 -2595.566)
(0.003525156 -2.476455 -9216.482)
(-0.00464902 -0.368201 -1889.33)
(-0.01435917 -0.572896 -1873.662)
(-0.02549673 -0.7025557 -1185.809)
(-0.01596635 -0.7666404 -601.8939)
(0.006495974 -0.76801 -164.0396)
(-2.491458e-05 -0.01664492 -67.15696)
(0.0002058273 -0.02638006 -120.4019)
(0.0004236169 -0.04183733 -138.8804)
(0.0002515149 -0.5843159 -1024.751)
(0.0002813059 -0.6382031 -1133.697)
(-0.003766142 -0.6872927 -1900.931)
(0.0002408272 -0.8789445 -2600.837)
(0.0128327 -1.061355 -9227.575)
(0.0002469708 -0.1377929 -1891.106)
(-0.01087229 -0.1835901 -1874.17)
(-0.0223292 -0.2666084 -1184.515)
(-0.02286065 -0.2885906 -601.4386)
(-0.01111237 -0.2303128 -163.9791)
(7.313207e-06 0.009899245 -6.920886)
(5.66063e-05 0.01092752 -29.61852)
(5.266217e-06 0.01580866 -67.10055)
(9.680822e-06 0.02485415 -120.4706)
(5.178954e-05 0.0391307 -138.9038)
(0.001644396 0.5436339 -1025.173)
(0.001053444 0.5957682 -1134.277)
(-0.002310248 0.7417767 -1902.927)
(-0.009479987 0.8784019 -2604.649)
(-0.02682967 1.060258 -9258.142)
(-0.008518169 0.1373747 -1900.528)
(-0.01433053 0.1824722 -1885.497)
(-0.01871616 0.2150843 -1193.731)
(-0.02690822 0.2270752 -606.4447)
(-0.05984185 0.217456 -165.2239)
(7.083967e-06 0.01558914 -6.881043)
(-3.595786e-05 0.01886995 -29.46314)
(9.204826e-06 0.0276034 -66.75459)
(1.432828e-06 0.0451567 -119.891)
(5.471982e-06 0.07377145 -138.2954)
(0.0008629542 1.053809 -1021.857)
(0.002789618 1.195597 -1132.433)
(0.007354439 1.480033 -1899.721)
(0.0001682473 1.886324 -2599.552)
(-0.01764252 2.442313 -9241.456)
(-0.006998963 0.3834252 -1896.153)
(-0.01319483 0.5667015 -1880.529)
(-0.01697633 0.6967467 -1190.222)
(-0.02100086 0.761173 -606.0436)
(-0.03097624 0.6818504 -165.8209)
(2.180354e-06 0.01669247 -6.850577)
(1.053712e-05 0.01982732 -29.32485)
(2.861967e-05 0.03227116 -66.4348)
(1.116574e-05 0.05545271 -119.3161)
(-1.57759e-05 0.09467641 -137.6408)
(-5.359114e-05 1.389862 -1017.284)
(0.001315275 1.647485 -1127.879)
(0.004306489 2.158443 -1892.952)
(0.003517846 2.875246 -2591.544)
(-0.007476911 3.812084 -9216.084)
(-0.004483602 0.6392784 -1889.903)
(-0.01104122 0.9813492 -1873.602)
(-0.01580556 1.224143 -1185.653)
(-0.01926466 1.347734 -603.991)
(-0.03039579 1.340683 -165.9561)
(5.164656e-06 0.02712069 -6.792768)
(2.282866e-06 0.03308658 -29.0769)
(2.163831e-05 0.05242312 -65.8887)
(6.84799e-05 0.09004873 -118.327)
(1.163399e-05 0.1534934 -136.5126)
(-0.0006718795 2.25125 -1009.238)
(-0.000277002 2.660055 -1119.798)
(0.002520937 3.476635 -1880.65)
(0.008120807 4.623759 -2577.12)
(0.007065744 6.142876 -9172.785)
(-0.001596454 0.9955454 -1879.397)
(-0.007246579 1.51333 -1861.339)
(-0.01369123 1.885034 -1177.258)
(-0.01850352 2.074281 -600.2414)
(-0.02240676 2.063545 -165.3071)
(3.777886e-06 0.03850355 -6.702359)
(7.113726e-06 0.04687739 -28.69089)
(3.523673e-06 0.07434878 -65.01566)
(4.911771e-05 0.1274368 -116.8113)
(0.0001555468 0.2169689 -134.7752)
(-3.731596e-05 3.176676 -996.8347)
(-0.001568737 3.753265 -1107.056)
(-0.0008670065 4.88273 -1861.454)
(0.004885925 6.47769 -2554.63)
(0.01445791 8.56798 -9112.397)
(0.001868157 1.387131 -1864.949)
(-0.002364686 2.112831 -1844.648)
(-0.009152042 2.637564 -1165.739)
(-0.01628506 2.907563 -595.3087)
(-0.02186718 2.896406 -164.6153)
(1.628434e-05 0.04316275 -6.581981)
(5.374597e-06 0.05268272 -28.17934)
(1.452658e-05 0.0833316 -63.86689)
(9.072098e-06 0.142986 -114.7655)
(0.0001129487 0.2430101 -132.5277)
(0.002936795 3.556177 -980.724)
(-0.0004293828 4.197119 -1090.415)
(-0.003862909 5.4559 -1835.636)
(-0.001892249 7.206693 -2525.05)
(0.008910576 9.512304 -9032.807)
(0.003416277 1.535738 -1847.477)
(0.003647459 2.339979 -1824.376)
(-0.00285502 2.92596 -1151.844)
(-0.01093391 3.230034 -589.539)
(-0.01921149 3.222449 -163.9086)
(2.299684e-05 0.03821272 -6.466117)
(2.648666e-05 0.04663875 -27.68224)
(4.489641e-06 0.07394945 -62.75335)
(3.34579e-05 0.1264861 -112.802)
(2.289013e-05 0.2152505 -130.3034)
(0.002215404 3.141482 -965.694)
(0.004283498 3.706658 -1074.803)
(-0.001170929 4.809644 -1810.875)
(-0.007828849 6.355471 -2495.487)
(-0.002898492 8.362878 -8957.006)
(0.002163278 1.350393 -1830.851)
(0.006133389 2.053849 -1806.424)
(0.005016961 2.573529 -1139.347)
(-0.003408664 2.844863 -584.4331)
(-0.01280857 2.831243 -163.3452)
(2.35279e-05 0.02846663 -6.374146)
(3.596997e-05 0.03468445 -27.28756)
(3.703316e-05 0.05496954 -61.85841)
(-7.467628e-06 0.09424751 -111.2313)
(7.498873e-05 0.1598348 -128.5506)
(1.473257e-05 2.339896 -953.2513)
(0.002864409 2.758698 -1063.307)
(0.00788695 3.580431 -1792.16)
(-0.00154636 4.723395 -2472.061)
(-0.01294967 6.216321 -8892.471)
(-2.702285e-05 1.010705 -1817.886)
(0.003540583 1.530782 -1792.437)
(0.008158571 1.916322 -1130.431)
(0.005903783 2.125241 -580.8574)
(-0.005250152 2.124211 -162.9987)
(1.055785e-05 0.0167693 -6.312546)
(3.098958e-05 0.02071973 -27.02285)
(4.398507e-05 0.03308272 -61.25952)
(2.985857e-05 0.05671652 -110.1545)
(-5.532985e-05 0.09646806 -127.3709)
(0.001383966 1.408375 -945.0595)
(0.000564092 1.664683 -1054.83)
(0.006500048 2.160681 -1781.03)
(0.01437482 2.869249 -2457.285)
(-0.00414555 3.797926 -8846.76)
(-0.00260453 0.618474 -1808.118)
(-0.0007425203 0.9485425 -1783.31)
(0.003213304 1.168526 -1124.446)
(0.009496956 1.293808 -578.815)
(0.006007833 1.29852 -162.8714)
(-4.652161e-05 0.005655822 -6.281538)
(-4.859067e-06 0.006422757 -26.90728)
(0.0001360268 0.01059248 -60.9748)
(0.000108424 0.01878431 -109.617)
(-5.849789e-05 0.03197826 -126.741)
(-0.001585999 0.4684677 -941.0474)
(0.001916179 0.5527608 -1050.734)
(-0.0004811837 0.7207254 -1774.503)
(0.0117358 0.9551239 -2452.642)
(0.02411678 1.280392 -8828.566)
(-0.001554936 0.2155851 -1802.711)
(-0.004912326 0.3174259 -1777.412)
(-0.001300039 0.4019443 -1122.026)
(0.002708442 0.4356557 -577.9169)
(0.009936984 0.4364252 -162.8885)
(5.69282e-06 -0.005664719 -6.281185)
(-5.9474e-05 -0.006885248 -26.89456)
(-8.590469e-06 -0.01008677 -61.00185)
(0.0002330396 -0.01813201 -109.6311)
(8.8327e-05 -0.03191381 -126.705)
(-0.003032575 -0.467753 -940.4733)
(-0.002842187 -0.553173 -1050.989)
(0.002933244 -0.7197714 -1774.537)
(-0.0007928506 -0.9557246 -2452.216)
(0.02042193 -1.277934 -8837.724)
(0.005196146 -0.2154379 -1803.013)
(-0.002172317 -0.3303215 -1776.485)
(-0.005526824 -0.396266 -1121.052)
(-0.001356749 -0.4451689 -578.3734)
(0.002958231 -0.4356761 -162.9422)
(3.919268e-05 -0.01708049 -6.31279)
(8.472573e-06 -0.02079953 -27.02464)
(-1.896652e-05 -0.03283568 -61.26727)
(3.975989e-05 -0.0548626 -110.1544)
(0.000100364 -0.09525186 -127.277)
(-0.001962144 -1.404672 -944.0375)
(-0.006465879 -1.660101 -1054.014)
(-0.006177249 -2.158946 -1781.444)
(0.004212284 -2.857907 -2459.659)
(-0.002942414 -3.775297 -8856.244)
(0.003761565 -0.6220331 -1809.362)
(0.008697208 -0.9516252 -1781.396)
(-0.0007929017 -1.188199 -1123.429)
(-0.005011459 -1.30545 -578.9579)
(-0.0009963534 -1.316303 -163.0878)
(3.032407e-06 -0.02820981 -6.375455)
(2.653039e-05 -0.03455129 -27.29228)
(1.797281e-05 -0.05466679 -61.85979)
(-3.738893e-05 -0.0934135 -111.1984)
(1.167738e-05 -0.1586679 -128.4758)
(0.0006161179 -2.327367 -952.0978)
(-0.004086713 -2.747444 -1061.214)
(-0.0154739 -3.570805 -1791.747)
(-0.01232014 -4.71652 -2475.401)
(0.005367519 -6.221849 -8896.044)
(-0.001113049 -1.00846 -1818.018)
(0.006755903 -1.533891 -1793.501)
(0.010748 -1.925559 -1130.05)
(-0.001794116 -2.130807 -580.8235)
(-0.006474275 -2.128327 -163.0287)
(1.94449e-05 -0.03820213 -6.46754)
(5.819106e-06 -0.04647885 -27.68921)
(4.350008e-05 -0.07353844 -62.75154)
(3.927888e-05 -0.1260514 -112.7665)
(-9.253686e-06 -0.2139487 -130.2259)
(0.0004704522 -3.123803 -964.4259)
(-0.0007246707 -3.690609 -1073.077)
(-0.01139089 -4.806147 -1808.504)
(-0.03129488 -6.352733 -2493.91)
(-0.02197781 -8.361158 -8959.719)
(0.0005705885 -1.351626 -1831.413)
(-0.001900208 -2.04714 -1807.714)
(0.007595486 -2.565733 -1140.9)
(0.01139967 -2.845815 -584.2709)
(-0.001023829 -2.848851 -163.0056)
(6.277232e-05 -0.0430066 -6.584274)
(2.040497e-05 -0.05247421 -28.18216)
(1.467539e-05 -0.08299438 -63.86922)
(7.041661e-05 -0.1422979 -114.7422)
(8.112967e-05 -0.2423472 -132.4495)
(0.0008612392 -3.543981 -980.0003)
(0.0009350069 -4.181149 -1088.824)
(-0.003135029 -5.449729 -1831.475)
(-0.0232273 -7.220254 -2518.94)
(-0.05404482 -9.521976 -9023.385)
(-0.004999952 -1.530945 -1849.108)
(0.0008172813 -2.334044 -1826.678)
(-0.001874036 -2.907002 -1153.155)
(0.00794023 -3.212576 -589.5638)
(0.01077327 -3.221571 -163.2462)
(8.134357e-05 -0.03843995 -6.698977)
(8.626739e-05 -0.04663666 -28.69564)
(2.800955e-05 -0.07403919 -65.01488)
(3.03526e-05 -0.1268715 -116.7886)
(0.0001017716 -0.2162369 -134.7469)
(0.001385901 -3.172347 -996.348)
(0.002142884 -3.749478 -1105.433)
(0.001808133 -4.886274 -1856.892)
(-0.007784557 -6.494091 -2547.02)
(-0.04072716 -8.5957 -9093.751)
(-0.01167121 -1.386025 -1864.37)
(-0.007952144 -2.09581 -1847.078)
(0.0008941019 -2.63033 -1166.378)
(-0.001560028 -2.896044 -594.4341)
(0.007431645 -2.897908 -163.6932)
(1.691186e-05 -0.02630889 -6.789584)
(9.466684e-05 -0.0324962 -29.06115)
(0.0001450959 -0.05128543 -65.88849)
(3.563077e-05 -0.08976962 -118.3265)
(5.24545e-05 -0.1529768 -136.5013)
(0.00128563 -2.248661 -1008.687)
(0.001880431 -2.664028 -1118.383)
(0.004506541 -3.483261 -1876.84)
(0.002873644 -4.635082 -2570.301)
(-0.01590411 -6.159098 -9149.164)
(-0.009394613 -0.9979489 -1875.929)
(-0.01806892 -1.510075 -1859.68)
(-0.009545418 -1.875306 -1176.775)
(0.0009189531 -2.083452 -598.3467)
(-0.001307148 -2.073129 -163.928)
(-1.05868e-05 -0.0194008 -29.33244)
(0.0001230813 -0.03124591 -66.37523)
(9.257026e-05 -0.05348798 -119.2725)
(-0.0002315925 -0.09157193 -137.6173)
(0.0006715819 -1.347425 -1016.785)
(0.00142361 -1.649537 -1126.622)
(0.003178811 -2.160831 -1890.373)
(0.008094168 -2.886596 -2586.364)
(0.003611515 -3.84356 -9190.648)
(-0.004614439 -0.6255111 -1883.568)
(-0.01456843 -0.9528201 -1867.353)
(-0.02136771 -1.180813 -1181.716)
(-0.01061741 -1.352063 -601.0236)
(0.0009733546 -1.36179 -164.126)
(-2.456761e-05 -0.02818845 -66.78345)
(0.0002011989 -0.0464978 -119.7736)
(0.0004167888 -0.07614838 -138.2066)
(0.0001950262 -1.050531 -1020.812)
(-0.004386118 -1.193915 -1131.035)
(-0.003589438 -1.482343 -1897.969)
(0.005601281 -1.938414 -2596.55)
(0.01299886 -2.476061 -9217.772)
(0.0002543816 -0.3682436 -1888.903)
(-0.007163363 -0.5346014 -1871.669)
(-0.01745961 -0.7065318 -1184.018)
(-0.02839956 -0.7707922 -601.6349)
(-0.01643728 -0.7635763 -164.0332)
(-2.778882e-05 -0.02641693 -120.5574)
(0.0003639471 -0.04185481 -138.82)
(0.006394135 -0.5844774 -1024.807)
(0.0001478295 -0.6387392 -1133.518)
(0.000196514 -0.7415047 -1901.182)
(-0.002383304 -0.8255549 -2599.619)
(0.005814173 -1.059962 -9230.896)
(0.00265697 -0.1376902 -1891.384)
(0.0007714801 -0.1835933 -1873.803)
(-0.01328952 -0.2172584 -1184.348)
(-0.02487332 -0.2890058 -600.5303)
(-0.02366932 -0.2848356 -163.7212)
(-3.266413e-05 0.009871683 -6.918755)
(1.075359e-05 0.0114294 -29.63154)
(9.616155e-05 0.01581052 -67.1004)
(4.10536e-06 0.02487671 -120.4693)
(1.137342e-05 0.03914753 -138.9071)
(0.0009203807 0.5439715 -1025.294)
(0.002349043 0.5910376 -1134.539)
(0.001715178 0.6927745 -1902.778)
(-0.004360458 0.8785745 -2603.779)
(-0.01737207 1.061878 -9250.819)
(-0.006864691 0.138053 -1898.227)
(-0.01293673 0.1836414 -1882.849)
(-0.01664388 0.2165514 -1191.707)
(-0.02040303 0.2313631 -606.4521)
(-0.03022535 0.2220072 -165.7304)
(2.232868e-06 0.01560852 -6.883809)
(1.036787e-05 0.01833358 -29.45505)
(-5.700801e-05 0.02848612 -66.75671)
(1.411856e-05 0.04516742 -119.8892)
(-9.873032e-06 0.07385563 -138.2904)
(-7.074215e-06 1.053796 -1021.891)
(0.001246971 1.195625 -1132.629)
(0.004784116 1.478189 -1900.415)
(0.008516998 1.885009 -2600.411)
(-0.005330119 2.444753 -9237.726)
(-0.004341238 0.3847443 -1894.424)
(-0.01069613 0.5694497 -1878.204)
(-0.01532692 0.6999751 -1188.435)
(-0.0187158 0.7647217 -604.7315)
(-0.0231409 0.7566507 -165.7926)
(4.265046e-06 0.0162908 -6.850659)
(2.350508e-06 0.02034383 -29.32468)
(2.324609e-05 0.03138771 -66.4465)
(6.659071e-05 0.05548826 -119.3202)
(1.61568e-05 0.09472152 -137.6357)
(-0.0004825233 1.391893 -1017.199)
(-0.0001689225 1.646517 -1127.949)
(0.002345529 2.15708 -1893.369)
(0.007548358 2.878029 -2592.455)
(0.005839811 3.825819 -9215.472)
(-0.001618982 0.6404893 -1888.949)
(-0.006810392 0.985053 -1871.771)
(-0.01288141 1.229887 -1184.038)
(-0.01745334 1.354143 -602.7691)
(-0.02122036 1.347708 -165.4467)
(1.977031e-06 0.02713434 -6.792947)
(6.515775e-06 0.03305331 -29.07757)
(2.544638e-06 0.05247196 -65.88732)
(5.287652e-05 0.09001477 -118.3561)
(0.0001571393 0.1535654 -136.5187)
(0.0001247354 2.25266 -1009.15)
(-0.001158193 2.664518 -1119.607)
(-0.0006160594 3.474289 -1880.837)
(0.004517973 4.62099 -2577.825)
(0.01340032 6.12886 -9176.275)
(0.001642519 0.9936529 -1879.214)
(-0.002291153 1.516159 -1860.32)
(-0.008477479 1.891745 -1175.979)
(-0.01513224 2.083734 -599.1265)
(-0.02044263 2.073906 -164.8201)
(6.94263e-06 0.03843148 -6.701823)
(2.191062e-06 0.04691015 -28.69158)
(1.262059e-05 0.07426719 -65.01808)
(3.807736e-06 0.1275204 -116.8072)
(0.0001205895 0.2169226 -134.8216)
(0.002999389 3.178879 -996.902)
(-0.0001007479 3.756061 -1106.847)
(-0.003058692 4.891568 -1860.957)
(-0.001462474 6.473381 -2555.036)
(0.00834423 8.563702 -9115.144)
(0.003175857 1.383947 -1865.758)
(0.003272506 2.110789 -1844.467)
(-0.002684606 2.641194 -1165.024)
(-0.01010637 2.915634 -594.4497)
(-0.01789556 2.907269 -164.1635)
(1.572438e-05 0.04306289 -6.581866)
(1.455884e-05 0.05257243 -28.17725)
(-5.585009e-07 0.08340229 -63.86823)
(2.913887e-05 0.1427861 -114.7726)
(1.038265e-05 0.2431567 -132.5204)
(0.002307752 3.55539 -981.2398)
(0.004392227 4.200614 -1090.541)
(-0.0006981483 5.46076 -1835.089)
(-0.006880522 7.21752 -2524.09)
(-0.002537162 9.507876 -9034.786)
(0.002095049 1.534682 -1848.086)
(0.005770272 2.334534 -1825.3)
(0.004672033 2.924746 -1151.731)
(-0.00311974 3.234102 -589.0351)
(-0.01203815 3.229792 -163.5722)
(1.718431e-05 0.03814006 -6.466311)
(2.443904e-05 0.0465258 -27.6822)
(2.175873e-05 0.07378822 -62.74719)
(-1.353297e-05 0.1266069 -112.8051)
(6.73563e-05 0.2149035 -130.3147)
(0.0002414999 3.147098 -965.6216)
(0.003423677 3.706059 -1075.656)
(0.007968181 4.814095 -1811.141)
(-0.001765837 6.353918 -2494.385)
(-0.01281035 8.369024 -8953.515)
(-3.456126e-05 1.350605 -1831.297)
(0.003503951 2.052256 -1807.062)
(0.007739323 2.567433 -1139.975)
(0.0056254 2.845147 -584.3444)
(-0.0039334 2.845188 -163.1327)
(8.818987e-08 0.0284112 -6.374706)
(2.792388e-05 0.03464662 -27.28957)
(4.387211e-05 0.05483553 -61.85662)
(1.324281e-05 0.09404907 -111.2114)
(-6.032507e-05 0.1599953 -128.557)
(0.00127931 2.335742 -953.3415)
(-0.0001532007 2.759142 -1063.145)
(0.005738764 3.578716 -1793.885)
(0.0143114 4.727802 -2472.488)
(-0.002903114 6.224338 -8888.06)
(-0.002800961 1.009588 -1816.975)
(1.273844e-05 1.540051 -1792.893)
(0.004297552 1.914513 -1130.842)
(0.009115359 2.119385 -581.1345)
(0.005867136 2.125912 -162.9495)
(-9.776443e-06 0.01706592 -6.312258)
(1.309304e-05 0.02037926 -27.02693)
(4.672245e-05 0.03274756 -61.26031)
(3.903816e-05 0.05658615 -110.141)
(-7.053018e-05 0.09628624 -127.3297)
(-0.001614458 1.409644 -945.1685)
(0.001837272 1.661662 -1054.888)
(0.0002278664 2.161954 -1780.872)
(0.01168201 2.866165 -2459.954)
(0.02389398 3.800617 -8848.259)
(-0.0008080387 0.6243078 -1806.989)
(-0.003910524 0.9441345 -1782.236)
(-0.001074226 1.188432 -1124.93)
(0.003543856 1.292131 -579.0247)
(0.009672713 1.294106 -162.9084)
(5.693572e-06 0.005664703 -6.281185)
(-5.947481e-05 0.006885196 -26.89456)
(-8.594893e-06 0.0100868 -61.00185)
(0.0002330369 0.01813213 -109.6311)
(8.835474e-05 0.03191374 -126.705)
(-0.003030164 0.4677262 -940.4731)
(-0.002843434 0.5530436 -1050.989)
(0.002928552 0.7197835 -1774.537)
(-0.0007921552 0.9557119 -2452.216)
(0.02042124 1.277925 -8837.723)
(0.005196066 0.2154375 -1803.013)
(-0.002172008 0.3303188 -1776.485)
(-0.005526776 0.3962485 -1121.052)
(-0.001357241 0.4451631 -578.3734)
(0.002958111 0.4356747 -162.9422)
(2.67656e-05 -0.005662037 -6.282035)
(7.719725e-06 -0.006896235 -26.89328)
(-0.0001016043 -0.01089526 -60.97227)
(-1.46343e-05 -0.01717809 -109.6819)
(0.0003768426 -0.03086619 -126.71)
(-0.0004608322 -0.4669251 -939.9197)
(-0.006314495 -0.552309 -1049.868)
(-0.006103037 -0.7197491 -1775.097)
(0.004376614 -0.9553682 -2452.161)
(-0.001782598 -1.265141 -8835.975)
(0.004538269 -0.2145746 -1805.101)
(0.008909273 -0.3299762 -1776.768)
(-0.002254105 -0.411155 -1120.468)
(-0.005764125 -0.4371264 -577.8489)
(-0.001107496 -0.4457362 -163.1058)
(-6.828348e-06 -0.01702768 -6.314624)
(4.972434e-05 -0.02078628 -27.02819)
(1.636748e-05 -0.03288624 -61.26604)
(-2.815017e-05 -0.05621243 -110.1504)
(7.384252e-05 -0.09308757 -127.2987)
(0.0009939131 -1.39413 -943.7656)
(-0.004422017 -1.657608 -1052.902)
(-0.01525012 -2.156521 -1779.045)
(-0.01208786 -2.85479 -2460.534)
(0.005811371 -3.77769 -8855.414)
(-0.001493212 -0.6176857 -1809.161)
(0.006417936 -0.947739 -1783.649)
(0.01111818 -1.187513 -1123.59)
(-0.0008435143 -1.310666 -578.474)
(-0.00535508 -1.305222 -162.9871)
(4.988818e-05 -0.02849552 -6.375272)
(5.273874e-06 -0.03432749 -27.29568)
(4.708346e-05 -0.05461944 -61.86718)
(3.765049e-05 -0.09354235 -111.2017)
(-3.84966e-05 -0.1586675 -128.4719)
(0.0003247593 -2.318879 -952.1548)
(-1.350074e-05 -2.746239 -1060.704)
(-0.01055338 -3.567724 -1789.402)
(-0.03138272 -4.714605 -2471.446)
(-0.02167907 -6.210316 -8898.964)
(0.0006515332 -1.01137 -1817.963)
(-0.001684695 -1.534542 -1793.048)
(0.008814618 -1.918673 -1131.514)
(0.01200295 -2.129623 -580.8582)
(-0.00223997 -2.131391 -162.896)
(5.255816e-05 -0.03784862 -6.468773)
(2.363059e-05 -0.04650547 -27.68838)
(1.335543e-05 -0.07352047 -62.7597)
(8.186976e-05 -0.1259126 -112.7773)
(8.153641e-05 -0.2142084 -130.2382)
(0.0003666019 -3.12934 -964.4656)
(0.0007465904 -3.68799 -1073.095)
(-0.002909084 -4.798219 -1807.188)
(-0.02353293 -6.35335 -2490.159)
(-0.05543339 -8.366961 -8945.12)
(-0.005046857 -1.346965 -1831.92)
(0.0009559707 -2.053354 -1807.77)
(-0.002280496 -2.558028 -1140.755)
(0.008473024 -2.836961 -584.9513)
(0.01147264 -2.846429 -162.9894)
(8.295914e-05 -0.0432175 -6.579177)
(7.691648e-05 -0.05237634 -28.18625)
(3.090065e-05 -0.08305898 -63.86751)
(2.982263e-05 -0.1422136 -114.7573)
(0.0001273328 -0.2420561 -132.4578)
(0.001427178 -3.547509 -980.1877)
(0.001650278 -4.187886 -1088.968)
(0.001638823 -5.445878 -1831.416)
(-0.007654556 -7.22113 -2516.57)
(-0.04219333 -9.534405 -9010.162)
(-0.01240286 -1.536746 -1845.969)
(-0.00815033 -2.32451 -1827.092)
(0.001076757 -2.916078 -1153.213)
(-0.002090686 -3.212499 -589.4627)
(0.007938526 -3.212879 -163.3884)
(2.716615e-05 -0.03820404 -6.69952)
(9.599722e-05 -0.04682528 -28.67538)
(0.0001381875 -0.073887 -65.02218)
(4.39581e-05 -0.1269808 -116.7853)
(5.327871e-05 -0.2160405 -134.7638)
(0.001542088 -3.169183 -996.3753)
(0.001913817 -3.751811 -1105.779)
(0.004291467 -4.892126 -1857.21)
(0.002842843 -6.489907 -2546.723)
(-0.01608005 -8.600595 -9083.78)
(-0.009884806 -1.391796 -1861.479)
(-0.01928203 -2.107498 -1843.987)
(-0.009769038 -2.618187 -1166.573)
(0.001004168 -2.907081 -594.4386)
(-0.001799475 -2.897057 -163.6511)
(1.765052e-05 -0.03209685 -29.06177)
(0.0001417559 -0.0514452 -65.84729)
(0.0002482532 -0.08799242 -118.3357)
(5.161856e-05 -0.1531167 -136.4958)
(0.0007134187 -2.245925 -1008.817)
(0.001549205 -2.663153 -1118.386)
(0.003124496 -3.482763 -1877.521)
(0.0082227 -4.637736 -2570.754)
(0.003680216 -6.156168 -9147.076)
(-0.004720235 -1.000135 -1873.87)
(-0.01517544 -1.519605 -1856.775)
(-0.0223853 -1.885859 -1174.842)
(-0.01060715 -2.072346 -598.3949)
(0.0008171033 -2.085286 -163.9139)
(-6.977495e-06 -0.03085435 -66.45659)
(0.0002311057 -0.05359533 -119.2063)
(0.0001429123 -0.09131333 -137.5629)
(-0.003595663 -1.346854 -1016.707)
(0.0006978064 -1.598945 -1126.787)
(0.001999176 -2.163683 -1890.394)
(0.005303001 -2.8832 -2587.383)
(0.01333363 -3.843554 -9191.879)
(0.0002646991 -0.625625 -1883.139)
(-0.007081723 -0.9529076 -1865.367)
(-0.01771459 -1.189877 -1179.878)
(-0.02375634 -1.304878 -600.028)
(-0.01108339 -1.354012 -164.122)
(-2.806493e-05 -0.04618272 -119.9272)
(0.0003565864 -0.07623551 -138.1465)
(0.006316283 -1.090075 -1020.867)
(8.638073e-05 -1.192859 -1130.845)
(-0.005317928 -1.478449 -1897.317)
(-0.002450142 -1.890178 -2596.609)
(0.008796925 -2.471668 -9221.156)
(0.00271066 -0.3679689 -1889.175)
(0.0007954986 -0.5346288 -1871.303)
(-0.008334799 -0.6552385 -1182.707)
(-0.01940366 -0.7751841 -600.6965)
(-0.02924528 -0.7680069 -163.9909)
(-2.605202e-05 -0.04192018 -138.9798)
(0.005309872 -0.5845922 -1024.521)
(0.007876011 -0.6388004 -1133.594)
(-0.000187036 -0.7423909 -1900.77)
(-0.0001027992 -0.879021 -2599.958)
(0.00122006 -1.030704 -9226.849)
(0.003382481 -0.1372686 -1892.127)
(0.004600507 -0.1833159 -1874.112)
(0.001319329 -0.2172287 -1184.102)
(-0.01481686 -0.2335915 -600.3853)
(-0.02602055 -0.2852782 -163.4757)
(2.318582e-06 0.009501702 -6.918853)
(-4.061729e-05 0.0113946 -29.62264)
(2.386845e-05 0.01667848 -67.13097)
(0.0001738715 0.02488079 -120.4677)
(-4.730237e-06 0.03918961 -138.9032)
(8.442303e-05 0.5442169 -1025.329)
(0.001307838 0.5913975 -1134.737)
(0.004075655 0.6854493 -1903.308)
(0.002886346 0.8330226 -2603.553)
(-0.00760458 1.062437 -9247.163)
(-0.004251375 0.1385628 -1896.528)
(-0.01047684 0.1847523 -1880.566)
(-0.01501687 0.2179364 -1189.949)
(-0.01834971 0.2329579 -605.1594)
(-0.02250047 0.2267744 -165.7097)
(-3.453598e-05 0.01559052 -6.881093)
(2.431706e-06 0.01835838 -29.46706)
(2.277221e-05 0.02755552 -66.73961)
(-9.182397e-05 0.04678388 -119.8936)
(2.066604e-05 0.07388118 -138.2859)
(-0.000375664 1.05518 -1021.819)
(-0.0001060699 1.195558 -1132.693)
(0.002229426 1.477911 -1900.818)
(0.00811872 1.881367 -2601.508)
(0.008450997 2.44232 -9240.13)
(-0.003221748 0.3854112 -1893.516)
(-0.006605721 0.5714664 -1876.46)
(-0.01247756 0.7031237 -1186.894)
(-0.01692572 0.7681979 -603.5591)
(-0.0206243 0.7604814 -165.3027)
(1.62136e-06 0.01629546 -6.850844)
(5.330583e-06 0.01982881 -29.325)
(2.745506e-06 0.03228256 -66.44601)
(5.479606e-05 0.05384991 -119.3477)
(0.0001517875 0.09476628 -137.6419)
(0.0001910496 1.392786 -1017.122)
(-0.0009001907 1.649157 -1127.786)
(-0.0004550337 2.155645 -1893.536)
(0.004226376 2.875602 -2593.133)
(0.01246562 3.826165 -9218.71)
(0.001384418 0.6227437 -1888.727)
(-0.00236201 0.9867539 -1870.795)
(-0.007956468 1.234201 -1182.822)
(-0.01423297 1.360385 -601.704)
(-0.01932594 1.354534 -164.9783)
(9.686995e-07 0.02709913 -6.792288)
(5.167652e-08 0.03306877 -29.07841)
(1.113398e-05 0.05241538 -65.88876)
(2.362086e-06 0.09010602 -118.3534)
(0.0001242408 0.1534581 -136.5627)
(0.002968695 2.253503 -1009.221)
(9.648068e-05 2.666557 -1119.425)
(-0.00243637 3.480581 -1880.416)
(-0.001127551 4.617627 -2578.182)
(0.00776431 6.124215 -9178.908)
(0.00293905 0.9907167 -1879.959)
(0.002857239 1.512608 -1860.104)
(-0.002622887 1.894886 -1175.299)
(-0.009357383 2.09106 -598.3153)
(-0.01666338 2.083987 -164.3903)
(8.666579e-06 0.03835041 -6.701442)
(3.255012e-06 0.04682413 -28.68858)
(-5.385208e-06 0.07431497 -65.02012)
(2.44619e-05 0.1273699 -116.8112)
(2.128893e-06 0.2170849 -134.8166)
(0.002366312 3.177118 -997.385)
(0.004387679 3.758389 -1106.98)
(-0.000254782 4.896232 -1860.476)
(-0.005731853 6.484686 -2554.195)
(-0.002055921 8.557991 -9116.917)
(0.001980363 1.382673 -1866.348)
(0.00532881 2.104963 -1845.324)
(0.004171815 2.638372 -1164.894)
(-0.002931737 2.919538 -593.9743)
(-0.01113599 2.915918 -163.8452)
(1.333706e-05 0.04301947 -6.581934)
(1.551238e-05 0.05245036 -28.17601)
(3.012443e-06 0.0832326 -63.85988)
(-2.184891e-05 0.1428967 -114.7769)
(5.76922e-05 0.2428035 -132.5279)
(7.409874e-05 3.55781 -981.1824)
(0.003475281 4.198518 -1091.347)
(0.007934417 5.464607 -1835.368)
(-0.001130433 7.225401 -2523.08)
(-0.01157264 9.51904 -9031.497)
(-5.160491e-05 1.534247 -1848.503)
(0.003400153 2.332549 -1825.924)
(0.007262624 2.917603 -1152.33)
(0.005238035 3.232678 -588.9461)
(-0.00360386 3.234357 -163.3697)
(1.477672e-06 0.03811083 -6.466794)
(1.987808e-05 0.04643416 -27.68267)
(2.471106e-05 0.07360881 -62.74332)
(-1.215894e-05 0.1263412 -112.7822)
(-7.048011e-05 0.2150799 -130.3219)
(0.001141595 3.142108 -965.6918)
(0.0001611032 3.713035 -1075.576)
(0.006356862 4.81089 -1812.799)
(0.01418488 6.358592 -2494.829)
(-0.002826231 8.372106 -8948.812)
(-0.002500507 1.349784 -1830.413)
(-1.545383e-05 2.053025 -1807.51)
(0.004255284 2.565347 -1140.386)
(0.008639286 2.83829 -584.621)
(0.005599295 2.845566 -163.0857)
(-1.4373e-05 0.02837581 -6.374125)
(1.532091e-08 0.03457336 -27.29196)
(4.095718e-05 0.05477665 -61.85953)
(4.100019e-05 0.09382566 -111.1958)
(-9.663126e-05 0.1596799 -128.5141)
(-0.00169329 2.337537 -953.4481)
(0.001695826 2.754669 -1063.195)
(-0.0006432162 3.579307 -1793.594)
(0.01066025 4.722736 -2475.088)
(0.02357566 6.228597 -8889.578)
(-0.0009616115 1.011151 -1816.068)
(-0.00446202 1.537537 -1791.836)
(-2.880709e-05 1.927388 -1131.149)
(0.004787154 2.117308 -581.3466)
(0.009289348 2.120053 -162.9894)
(6.313674e-06 0.01709079 -6.311959)
(-1.212309e-05 0.02076852 -27.0257)
(2.168064e-05 0.03213207 -61.26992)
(7.234975e-05 0.05604161 -110.1364)
(-2.28747e-05 0.09608262 -127.293)
(-0.003182589 1.407232 -944.5914)
(-0.002885806 1.66258 -1055.132)
(0.002808747 2.159173 -1780.907)
(-0.0007548803 2.859168 -2459.704)
(0.01887378 3.794102 -8857.283)
(0.005082869 0.6241621 -1807.299)
(-0.0009087639 0.9521375 -1781.102)
(-0.004558255 1.181072 -1124.181)
(-0.001202558 1.315428 -579.352)
(0.003846847 1.292371 -162.9634)
(2.676607e-05 0.005662022 -6.282035)
(7.72072e-06 0.006896215 -26.89328)
(-0.0001016054 0.01089518 -60.97227)
(-1.464074e-05 0.01717812 -109.6819)
(0.0003768432 0.03086632 -126.71)
(-0.0004601363 0.4669203 -939.9196)
(-0.006311394 0.552265 -1049.868)
(-0.006105501 0.7195608 -1775.096)
(0.004370428 0.9553937 -2452.161)
(-0.001781229 1.265117 -8835.974)
(0.004538025 0.214569 -1805.1)
(0.008909109 0.3299755 -1776.768)
(-0.002253699 0.4111515 -1120.468)
(-0.00576407 0.4371062 -577.8488)
(-0.001108025 0.4457299 -163.1058)
(1.13366e-05 -0.005788993 -6.283349)
(3.538765e-05 -0.006892758 -26.89691)
(1.519422e-05 -0.01091302 -60.97056)
(-0.0001809752 -0.01867599 -109.6278)
(-2.055155e-05 -0.02915122 -126.7711)
(0.004967592 -0.4527286 -939.797)
(-0.002837224 -0.551512 -1048.748)
(-0.01514507 -0.7189076 -1772.688)
(-0.01194955 -0.954307 -2453.079)
(0.006036788 -1.266168 -8835.078)
(-0.000893975 -0.2077307 -1804.72)
(0.007753325 -0.3284013 -1779.044)
(0.01138898 -0.410733 -1120.62)
(-0.002315448 -0.452094 -577.4776)
(-0.005950655 -0.4366911 -162.9675)
(7.742585e-06 -0.01699744 -6.312808)
(-6.736487e-06 -0.02071111 -27.03618)
(8.446699e-05 -0.03286347 -61.27392)
(3.499503e-05 -0.05629867 -110.1522)
(-3.026983e-05 -0.09557559 -127.2959)
(0.001194794 -1.361152 -943.9288)
(0.0004540847 -1.647348 -1052.302)
(-0.01120578 -2.154824 -1776.658)
(-0.03142848 -2.853222 -2456.528)
(-0.02131175 -3.769428 -8858.646)
(0.0007051097 -0.6199253 -1809.094)
(-0.002547386 -0.9421322 -1783.443)
(0.008247962 -1.182507 -1125.086)
(0.01242106 -1.309907 -578.5041)
(-0.00125369 -1.309523 -162.8076)
(-1.612845e-05 -0.02832702 -6.378337)
(6.124765e-05 -0.03467689 -27.29487)
(1.325259e-05 -0.05425734 -61.87566)
(8.886397e-05 -0.09345665 -111.2141)
(7.925869e-05 -0.1588779 -128.4823)
(-3.913843e-05 -2.320115 -952.1757)
(0.0005753928 -2.735568 -1060.72)
(-0.002129699 -3.568061 -1788.173)
(-0.02304223 -4.714848 -2467.588)
(-0.05627403 -6.211832 -8883.965)
(-0.005013367 -1.007332 -1818.548)
(0.001080992 -1.540211 -1793.112)
(-0.001877849 -1.919523 -1131.175)
(0.009932633 -2.121921 -581.5592)
(0.01208773 -2.13012 -162.8774)
(0.0001204559 -0.0389464 -6.463147)
(6.467618e-05 -0.04607042 -27.69355)
(3.674572e-05 -0.07355281 -62.75754)
(2.93072e-05 -0.125868 -112.7939)
(0.0001487185 -0.2139693 -130.2492)
(0.001442914 -3.132804 -964.6436)
(0.001118784 -3.694154 -1073.222)
(0.001423994 -4.795497 -1807.133)
(-0.007637097 -6.347624 -2487.692)
(-0.0434386 -8.374934 -8931.346)
(-0.01298158 -1.350814 -1828.655)
(-0.008253259 -2.044922 -1808.269)
(0.001253141 -2.566025 -1140.833)
(-0.002545312 -2.827389 -584.8356)
(0.008484071 -2.837445 -163.1378)
(4.049198e-05 -0.04256536 -6.580193)
(9.727435e-05 -0.052628 -28.16431)
(0.0001240998 -0.08290699 -63.87622)
(4.833767e-05 -0.1423088 -114.7527)
(5.491303e-05 -0.2418817 -132.4776)
(0.001923289 -3.543484 -980.2291)
(0.001967538 -4.191397 -1089.321)
(0.003812257 -5.453406 -1831.708)
(0.002681979 -7.217045 -2516.277)
(-0.01635563 -9.541006 -8999.696)
(-0.01045372 -1.542064 -1842.942)
(-0.02064508 -2.335228 -1823.84)
(-0.01002445 -2.903918 -1153.466)
(0.001208646 -3.222691 -589.4814)
(-0.002344855 -3.21269 -163.3425)
(2.939294e-05 -0.04655547 -28.67709)
(0.0001424921 -0.07416431 -64.97868)
(0.000238095 -0.1267444 -116.7975)
(6.334639e-05 -0.2162133 -134.7566)
(0.0007290852 -3.166065 -996.5224)
(0.001820225 -3.748751 -1105.772)
(0.003149544 -4.893293 -1857.923)
(0.008185194 -6.495632 -2547.149)
(0.00366645 -8.596525 -9081.653)
(-0.004904587 -1.395105 -1859.345)
(-0.01605392 -2.118571 -1840.951)
(-0.02395486 -2.632913 -1164.549)
(-0.01086006 -2.893484 -594.5101)
(0.0008941399 -2.908468 -163.6401)
(1.816429e-05 -0.0510331 -65.84598)
(0.0002234216 -0.08822016 -118.2699)
(0.0004222606 -0.1500268 -136.5059)
(0.0005776609 -2.2481 -1008.726)
(0.0007040057 -2.660186 -1118.553)
(0.001990044 -3.483763 -1877.492)
(0.005144453 -4.634355 -2571.822)
(0.01373331 -6.157928 -9148.215)
(0.0002710214 -1.000281 -1873.438)
(-0.007248691 -1.523091 -1854.758)
(-0.01848051 -1.898305 -1172.938)
(-0.02489598 -2.084074 -597.3629)
(-0.01109304 -2.07402 -163.9124)
(9.706165e-06 -0.05326366 -119.3428)
(0.000420586 -0.09142341 -137.5028)
(0.002273624 -1.343426 -1016.276)
(-0.004358359 -1.598623 -1126.608)
(0.0005640301 -2.105154 -1890.69)
(0.002680637 -2.891404 -2587.339)
(0.008152247 -3.836501 -9195.394)
(0.002817447 -0.6252436 -1883.398)
(0.0008352569 -0.9530405 -1865.003)
(-0.00820338 -1.189461 -1178.57)
(-0.01968885 -1.31497 -599.0701)
(-0.02460399 -1.307022 -163.8432)
(-2.760757e-05 -0.07559751 -138.3038)
(0.005216681 -1.090793 -1020.588)
(0.007825261 -1.238922 -1130.924)
(-0.0002562565 -1.47799 -1896.883)
(-0.005609673 -1.886607 -2595.666)
(0.0006584433 -2.452942 -9220.726)
(0.001556648 -0.3666657 -1889.93)
(0.004705361 -0.5338597 -1871.606)
(0.001360282 -0.6551637 -1182.464)
(-0.009253028 -0.7175671 -599.8503)
(-0.02054252 -0.7724555 -163.7368)
(-0.0005713789 -0.5855495 -1025.462)
(0.005918986 -0.6388141 -1133.508)
(0.01090354 -0.7421563 -1900.909)
(-0.0008735233 -0.8805359 -2599.21)
(-0.0008351741 -1.064643 -9227.78)
(0.00232892 -0.1557947 -1890.971)
(0.006651665 -0.1825592 -1874.9)
(0.005910067 -0.2168013 -1184.292)
(0.001491086 -0.2335526 -600.143)
(-0.01596469 -0.2297262 -163.3856)
(2.586374e-06 0.009872543 -6.918812)
(2.544049e-06 0.01091946 -29.62306)
(-6.553674e-05 0.01661924 -67.112)
(5.693e-05 0.02647501 -120.525)
(0.0003029877 0.03919861 -138.899)
(-0.0002909071 0.5448829 -1025.267)
(4.541292e-06 0.5916674 -1134.802)
(0.002282283 0.6857703 -1903.714)
(0.007045 0.8223713 -2604.39)
(0.004735776 1.038896 -9246.46)
(-0.001628915 0.1388459 -1895.636)
(-0.006461395 0.1855921 -1878.852)
(-0.01221377 0.2192513 -1188.434)
(-0.01658375 0.2344681 -604.0041)
(-0.0202357 0.2284715 -165.2267)
(3.970019e-05 0.01559164 -6.881271)
(-4.452847e-05 0.01833552 -29.45523)
(2.947052e-06 0.02759828 -66.76766)
(5.363882e-05 0.04506971 -119.8675)
(-0.0001304108 0.07672419 -138.2922)
(0.0002455111 1.055687 -1021.749)
(-0.0007500618 1.197336 -1132.548)
(-0.0003596246 1.477642 -1900.97)
(0.004026324 1.880392 -2602.165)
(0.01296389 2.436069 -9243.901)
(-0.0004288866 0.384822 -1894.167)
(-0.005713322 0.5723498 -1875.532)
(-0.007726465 0.7054397 -1185.737)
(-0.01378701 0.7716091 -602.5388)
(-0.01875344 0.7642107 -164.851)
(-1.509196e-06 0.01666804 -6.850168)
(-3.477047e-07 0.01983339 -29.32585)
(8.915818e-06 0.03139175 -66.4467)
(2.98079e-06 0.0554962 -119.3466)
(0.0001258682 0.09184706 -137.6837)
(0.002858173 1.393085 -1017.19)
(0.0001702053 1.650502 -1127.626)
(-0.002022475 2.159555 -1893.169)
(-0.0009062966 2.873374 -2593.45)
(0.007294393 3.822195 -9221.243)
(0.002737946 0.619781 -1889.417)
(0.00238631 0.9503136 -1870.535)
(-0.002740702 1.235988 -1182.169)
(-0.008778868 1.365081 -600.9311)
(-0.01570122 1.361249 -164.5659)
(3.969298e-06 0.02704984 -6.79175)
(-3.843545e-06 0.0330279 -29.07492)
(-8.546505e-06 0.05243497 -65.891)
(2.089569e-05 0.09000662 -118.3558)
(5.010277e-07 0.1536202 -136.5595)
(0.002378641 2.251328 -1009.677)
(0.004290852 2.667151 -1119.555)
(3.523285e-06 3.484202 -1879.994)
(-0.00479175 4.626174 -2577.454)
(-0.001674122 6.119307 -9180.481)
(0.001853918 0.9894892 -1880.528)
(0.004900681 1.507302 -1860.891)
(0.003619747 1.890137 -1175.146)
(-0.002865463 2.094457 -597.8673)
(-0.01031518 2.091849 -164.0895)
(9.578951e-06 0.03831395 -6.701386)
(6.897038e-06 0.0467261 -28.68625)
(-1.431796e-05 0.07418712 -65.00997)
(-2.947777e-05 0.1274384 -116.8163)
(4.720503e-05 0.2168245 -134.8207)
(-2.788848e-05 3.179692 -997.3469)
(0.003486374 3.755344 -1107.732)
(0.007739578 4.898254 -1860.758)
(-0.0005496712 6.49256 -2553.299)
(-0.009990523 8.571057 -9113.984)
(-5.341471e-05 1.381807 -1866.719)
(0.003218035 2.102634 -1845.93)
(0.006683381 2.630725 -1165.451)
(0.004677422 2.916325 -593.8828)
(-0.003364854 2.9204 -163.656)
(3.264862e-06 0.04298685 -6.582318)
(1.513195e-05 0.052397 -28.17596)
(1.057085e-05 0.08304109 -63.8535)
(-4.290491e-05 0.1426255 -114.7508)
(-8.359498e-05 0.2429574 -132.536)
(0.0009684216 3.552728 -981.2278)
(-9.784512e-06 4.201538 -1091.286)
(0.006287836 5.459305 -1836.934)
(0.01386258 7.228647 -2523.53)
(-0.00200002 9.53148 -9027.162)
(-0.002352903 1.534125 -1847.678)
(-6.213028e-05 2.332273 -1826.34)
(0.004135226 2.91505 -1152.734)
(0.008104654 3.224683 -589.2158)
(0.005232528 3.233096 -163.325)
(-9.744606e-06 0.03817181 -6.466388)
(1.799095e-06 0.04639789 -27.68474)
(2.728891e-05 0.07345493 -62.74267)
(7.307654e-06 0.1260433 -112.7634)
(-0.0001364203 0.2146665 -130.2764)
(-0.00183718 3.144066 -965.7958)
(0.001507936 3.70757 -1075.613)
(-0.0001495664 4.820211 -1812.657)
(0.01118815 6.351068 -2497.328)
(0.02308984 8.375946 -8950.349)
(-0.0006444971 1.354139 -1829.387)
(-0.003825798 2.050869 -1806.491)
(-6.463022e-05 2.566632 -1140.687)
(0.004737007 2.835931 -584.8347)
(0.008812965 2.838767 -163.129)
(7.152507e-06 0.02841147 -6.373927)
(-1.744985e-05 0.03453367 -27.28959)
(1.987857e-07 0.05464122 -61.86488)
(6.068037e-05 0.09373083 -111.1956)
(-1.478876e-05 0.1593299 -128.4757)
(-0.003514049 2.333402 -952.8649)
(-0.002986122 2.756 -1063.423)
(0.002589032 3.574925 -1793.628)
(-0.001638979 4.723495 -2474.636)
(0.01775094 6.218779 -8898.348)
(0.004936816 1.011033 -1816.385)
(-0.0013783 1.53986 -1790.994)
(-0.005422377 1.923888 -1130.414)
(-6.480731e-06 2.132072 -581.5562)
(0.005096396 2.117885 -163.0455)
(3.919394e-05 0.01708049 -6.31279)
(8.475213e-06 0.02079952 -27.02464)
(-1.897152e-05 0.03283564 -61.26726)
(3.974156e-05 0.05486266 -110.1544)
(0.0001003731 0.09525198 -127.277)
(-0.001960067 1.404666 -944.0372)
(-0.006457018 1.66006 -1054.013)
(-0.006184343 2.158786 -1781.441)
(0.004194681 2.85793 -2459.659)
(-0.002938321 3.775284 -8856.243)
(0.003760925 0.6220276 -1809.361)
(0.008696542 0.951625 -1781.396)
(-0.0007916697 1.188195 -1123.429)
(-0.005011342 1.305437 -578.9578)
(-0.0009978522 1.316297 -163.0878)
(1.133712e-05 0.005788994 -6.283349)
(3.538827e-05 0.006892743 -26.89691)
(1.519603e-05 0.01091299 -60.97056)
(-0.0001809766 0.01867586 -109.6278)
(-2.055974e-05 0.02915124 -126.7711)
(0.004967681 0.4527295 -939.797)
(-0.002836111 0.5515022 -1048.748)
(-0.01514075 0.7188241 -1772.688)
(-0.01195393 0.9540561 -2453.078)
(0.006029935 1.266213 -8835.078)
(-0.0008936117 0.2077215 -1804.72)
(0.007752878 0.3283903 -1779.044)
(0.01138876 0.4107319 -1120.62)
(-0.002314979 0.4520899 -577.4776)
(-0.005950596 0.4366694 -162.9675)
(2.177759e-06 -0.005480395 -6.283372)
(1.663468e-05 -0.007039613 -26.90291)
(6.498856e-05 -0.01090698 -60.97862)
(3.307984e-05 -0.01870591 -109.6288)
(-0.0003010028 -0.03181011 -126.7082)
(-0.0001885046 -0.4272512 -940.2602)
(0.004872669 -0.5364269 -1048.282)
(-0.009735038 -0.7183705 -1770.279)
(-0.03145046 -0.9536938 -2449.05)
(-0.02106987 -1.263247 -8838.485)
(0.0007325972 -0.2085597 -1804.645)
(-0.00154265 -0.3167387 -1778.617)
(0.009811839 -0.4087139 -1122.128)
(0.01271908 -0.4516572 -577.5024)
(-0.002668086 -0.4510699 -162.8287)
(-2.648525e-05 -0.01750476 -6.314913)
(8.923793e-06 -0.02067265 -27.02851)
(-5.418849e-06 -0.03270765 -61.29266)
(0.0001524886 -0.0562583 -110.1655)
(7.508077e-05 -0.09571332 -127.3049)
(-3.507299e-05 -1.399304 -943.9381)
(0.00152976 -1.608718 -1052.458)
(-0.00149951 -2.14768 -1775.251)
(-0.02416206 -2.853567 -2452.59)
(-0.05680454 -3.769485 -8843.403)
(-0.004936081 -0.6170249 -1809.742)
(0.001160401 -0.9464654 -1783.509)
(-0.003126451 -1.178193 -1124.934)
(0.009197718 -1.304326 -579.218)
(0.01251383 -1.308738 -162.7879)
(7.086529e-05 -0.02928541 -6.37473)
(-1.783627e-05 -0.03447487 -27.30774)
(9.707877e-05 -0.05480729 -61.87364)
(3.053081e-05 -0.09283705 -111.2314)
(0.0001615294 -0.1587335 -128.495)
(0.001416831 -2.322891 -952.3456)
(0.0006833172 -2.73837 -1060.836)
(0.001210547 -3.553354 -1788.104)
(-0.007015079 -4.718807 -2465.232)
(-0.04388932 -6.217424 -8869.759)
(-0.0133855 -1.009523 -1815.202)
(-0.008210926 -1.532872 -1793.684)
(0.001410737 -1.926875 -1131.267)
(-0.002006415 -2.12291 -581.3249)
(0.009992613 -2.122294 -163.0289)
(9.23652e-05 -0.03792654 -6.466931)
(0.0001430262 -0.04739773 -27.66938)
(0.0001054259 -0.07285874 -62.76874)
(5.947411e-05 -0.1259059 -112.7886)
(5.682537e-05 -0.2138703 -130.2709)
(0.002247131 -3.12951 -964.6989)
(0.001993852 -3.697647 -1073.58)
(0.003281457 -4.802336 -1807.406)
(0.002447394 -6.345405 -2487.388)
(-0.01680934 -8.376604 -8920.405)
(-0.01097763 -1.354979 -1825.511)
(-0.02175443 -2.052293 -1804.899)
(-0.01016221 -2.555269 -1141.137)
(0.001405349 -2.836406 -584.8664)
(-0.002814377 -2.827403 -163.089)
(4.461483e-05 -0.05184412 -28.16785)
(0.0001423747 -0.08329128 -63.8294)
(0.0002159878 -0.1420584 -114.7668)
(6.883829e-05 -0.242022 -132.4688)
(0.0007740637 -3.540584 -980.3994)
(0.002253027 -4.187258 -1089.314)
(0.003218225 -5.455989 -1832.449)
(0.007864491 -7.224574 -2516.67)
(0.003498704 -9.537489 -8997.511)
(-0.005148028 -1.545942 -1840.715)
(-0.01710152 -2.345785 -1820.667)
(-0.02572886 -2.917459 -1151.344)
(-0.01114895 -3.209058 -589.5775)
(0.001089444 -3.223314 -163.3355)
(3.427345e-05 -0.07379594 -64.97933)
(0.0002226718 -0.1271677 -116.7288)
(0.0004087493 -0.215868 -134.7694)
(0.0006991486 -3.168602 -996.4152)
(0.0007071412 -3.744986 -1105.957)
(0.002223084 -4.891503 -1857.858)
(0.005113615 -6.493619 -2548.275)
(0.01403647 -8.601385 -9082.667)
(0.0002708306 -1.395249 -1858.907)
(-0.00755459 -2.124088 -1838.873)
(-0.01959599 -2.647445 -1162.565)
(-0.02665645 -2.909873 -593.4307)
(-0.01137295 -2.894624 -163.6419)
(1.062933e-05 -0.08798299 -118.2593)
(0.0003403886 -0.1503124 -136.4477)
(0.006475871 -2.202957 -1008.799)
(0.0004462424 -2.663081 -1118.35)
(0.0004449299 -3.480784 -1877.788)
(0.002326866 -4.640031 -2571.684)
(0.007774363 -6.149505 -9151.928)
(0.002973008 -0.9998942 -1873.676)
(0.0008802034 -1.523292 -1854.397)
(-0.008382957 -1.902086 -1171.612)
(-0.02054724 -2.09794 -596.3782)
(-0.02577431 -2.086306 -163.6219)
(4.675801e-05 -0.09146973 -137.6378)
(0.006240373 -1.343947 -1016.007)
(0.003155434 -1.594932 -1126.153)
(-0.005548232 -2.10602 -1890.266)
(-3.791251e-05 -2.835655 -2587.738)
(0.003057239 -3.854191 -9194.55)
(0.00135877 -0.6230362 -1884.181)
(0.004913368 -0.9518605 -1865.292)
(0.001431495 -1.189451 -1178.328)
(-0.009105491 -1.314449 -598.2154)
(-0.02085261 -1.317173 -163.5857)
(-0.0006028376 -1.081009 -1021.508)
(0.005832499 -1.239216 -1130.853)
(0.01093608 -1.531938 -1897.027)
(-0.0009445732 -1.888146 -2594.88)
(-0.004501691 -2.451251 -9217.964)
(0.002030292 -0.3882384 -1889.861)
(0.002787817 -0.5315332 -1872.407)
(0.006051858 -0.6539671 -1182.648)
(0.001538187 -0.7174637 -599.6077)
(-0.01039128 -0.7149069 -163.4188)
(-0.00131569 -0.6398542 -1134.081)
(0.006217571 -0.7417085 -1901.063)
(0.01525013 -0.8796388 -2599.392)
(-0.002055176 -1.067193 -9224.927)
(-0.0002130136 -0.1401233 -1891.167)
(0.004931069 -0.2216966 -1873.414)
(0.008804256 -0.2158272 -1184.803)
(0.006593643 -0.2330619 -600.1674)
(0.0009927417 -0.2297177 -163.2556)
(2.250686e-06 0.009872907 -6.918985)
(3.120126e-06 0.01139573 -29.62286)
(3.159214e-06 0.01579516 -67.11286)
(-0.0001088189 0.02636826 -120.4954)
(0.0001329124 0.04201522 -138.969)
(0.004431776 0.5450527 -1025.202)
(-0.0006394165 0.5924951 -1134.671)
(-0.0002198189 0.6860269 -1903.867)
(0.004033306 0.8224566 -2605.048)
(0.01153535 1.025418 -9249.464)
(0.001137429 0.1544382 -1895.391)
(-0.002423929 0.1860301 -1877.936)
(-0.007555291 0.2202523 -1187.297)
(-0.01349556 0.2359067 -602.9995)
(-0.01839007 0.2300729 -164.7808)
(3.567316e-05 0.01559692 -6.883361)
(4.86023e-05 0.01833613 -29.45603)
(-7.765227e-05 0.02755967 -66.73991)
(3.529441e-06 0.0451478 -119.9195)
(0.0001234913 0.07368905 -138.2689)
(-0.001360692 1.09759 -1021.81)
(0.0002045803 1.198103 -1132.401)
(-0.001772011 1.480209 -1900.64)
(-0.0007741854 1.879625 -2602.457)
(0.006964471 2.43387 -9246.361)
(0.002531852 0.3833602 -1895.044)
(-0.001457525 0.5711236 -1876.433)
(-0.007096498 0.7063239 -1185.116)
(-0.008525859 0.7741211 -601.8017)
(-0.01521316 0.7679056 -164.454)
(1.343201e-06 0.01664253 -6.849558)
(-6.678832e-06 0.02031432 -29.32234)
(-8.992092e-06 0.03139469 -66.44886)
(1.652039e-05 0.05386165 -119.3477)
(2.288229e-06 0.09476008 -137.6822)
(0.002379562 1.349531 -1017.628)
(0.004139559 1.650199 -1127.741)
(8.038573e-05 2.162052 -1892.793)
(-0.004135417 2.878941 -2592.809)
(-0.001419058 3.818703 -9222.66)
(0.001749286 0.6187999 -1889.967)
(0.004541473 0.9436122 -1871.262)
(0.002999489 1.188742 -1181.99)
(-0.002998124 1.366994 -600.505)
(-0.009679052 1.366342 -164.2789)
(7.015438e-06 0.02702591 -6.791607)
(1.226743e-06 0.03296942 -29.07197)
(-2.472799e-05 0.05237918 -65.88)
(-3.430012e-05 0.09002684 -118.3608)
(3.936343e-05 0.1534602 -136.5619)
(-3.432039e-05 2.253705 -1009.653)
(0.003458326 2.664272 -1120.264)
(0.007472558 3.483745 -1880.261)
(-0.0002271728 4.632578 -2576.662)
(-0.008632006 6.129838 -9177.9)
(-6.075072e-05 0.9885801 -1880.855)
(0.003011078 1.505106 -1861.477)
(0.006122598 1.883175 -1175.66)
(0.004059091 2.089117 -597.7714)
(-0.003248377 2.095794 -163.9131)
(4.98718e-06 0.0382872 -6.701671)
(1.048463e-05 0.04668126 -28.68568)
(-2.904268e-06 0.07403723 -65.00138)
(-7.033192e-05 0.1272444 -116.7878)
(-9.490585e-05 0.2169032 -134.8289)
(0.0007802428 3.176057 -997.3702)
(-9.977737e-05 3.758472 -1107.693)
(0.006169581 4.892311 -1862.218)
(0.01331817 6.492962 -2553.741)
(-0.001265173 8.583896 -9110.103)
(-0.002137278 1.382302 -1865.992)
(-8.165205e-05 2.101551 -1846.296)
(0.003916584 2.627731 -1165.845)
(0.007455758 2.907772 -594.1413)
(0.004699931 2.917397 -163.6144)
(-4.000844e-06 0.04305454 -6.582131)
(4.06666e-06 0.05235642 -28.1776)
(1.96597e-05 0.08295615 -63.85174)
(-1.607891e-05 0.1423127 -114.7282)
(-0.0001836102 0.2425547 -132.4879)
(-0.002008893 3.554269 -981.328)
(0.001273066 4.195984 -1091.306)
(-0.0002874376 5.463425 -1836.825)
(0.01089506 7.218501 -2525.892)
(0.02231731 9.532548 -9028.672)
(-0.0005328424 1.536922 -1846.731)
(-0.003632166 2.331239 -1825.399)
(-0.0001199014 2.915064 -1153.011)
(0.00460484 3.221832 -589.4273)
(0.008284251 3.225252 -163.371)
(7.783076e-06 0.0382145 -6.466319)
(-1.160827e-05 0.04647465 -27.68311)
(3.273947e-06 0.07339578 -62.74731)
(3.59621e-05 0.1257689 -112.7567)
(-7.145885e-05 0.2142017 -130.2353)
(-0.004018107 3.138805 -965.2047)
(-0.003149794 3.708987 -1075.821)
(0.002293044 4.814616 -1812.682)
(-0.0009300356 6.362281 -2497.101)
(0.01786706 8.362795 -8958.752)
(0.004730367 1.353629 -1829.712)
(-0.0007084383 2.059634 -1805.464)
(-0.004501002 2.563548 -1139.981)
(-5.280738e-05 2.837431 -585.0365)
(0.005035559 2.836312 -163.1861)
(2.044738e-05 0.02839048 -6.374705)
(9.498622e-06 0.03457846 -27.28896)
(-2.619456e-05 0.05459256 -61.86009)
(2.388886e-06 0.09346172 -111.2049)
(7.734106e-05 0.1591901 -128.4659)
(-0.001760156 2.328959 -952.3079)
(-0.006775533 2.751749 -1062.31)
(-0.006335275 3.574489 -1794.118)
(0.003865495 4.720895 -2474.603)
(-0.003456926 6.219799 -8896.765)
(0.003861932 1.00811 -1818.396)
(0.008415034 1.539212 -1791.299)
(-0.001546283 1.926533 -1129.879)
(-0.006088735 2.127951 -581.1706)
(0.0001982621 2.13266 -163.1265)
(-6.82696e-06 0.01702769 -6.314624)
(4.972596e-05 0.02078628 -27.02819)
(1.637233e-05 0.03288623 -61.26604)
(-2.815791e-05 0.05621236 -110.1504)
(7.381922e-05 0.09308766 -127.2987)
(0.0009942807 1.394131 -943.7656)
(-0.004418749 1.657598 -1052.901)
(-0.01523784 2.156447 -1779.043)
(-0.01210041 2.85458 -2460.53)
(0.005791893 3.777731 -8855.415)
(-0.001492019 0.6176814 -1809.161)
(0.006416759 0.9477279 -1783.648)
(0.01111731 1.187512 -1123.59)
(-0.0008421 1.310662 -578.474)
(-0.00535495 1.305208 -162.9871)
(2.177851e-06 0.005480399 -6.283372)
(1.663524e-05 0.007039615 -26.90291)
(6.498964e-05 0.01090696 -60.97862)
(3.308327e-05 0.01870585 -109.6288)
(-0.0003010041 0.03180993 -126.7082)
(-0.0001885766 0.4272509 -940.2602)
(0.004872862 0.5364268 -1048.282)
(-0.009732969 0.7183482 -1770.278)
(-0.03144507 0.9535498 -2449.049)
(-0.02107675 1.262959 -8838.482)
(0.0007325726 0.2085697 -1804.645)
(-0.001541995 0.3167216 -1778.617)
(0.00981125 0.4086994 -1122.128)
(0.01271881 0.4516559 -577.5024)
(-0.002667585 0.4510655 -162.8287)
(-5.699758e-05 -0.00584463 -6.283214)
(1.681703e-06 -0.00665906 -26.90299)
(3.536456e-05 -0.01110787 -60.99386)
(0.0001270193 -0.01869516 -109.6424)
(7.213713e-05 -0.03185709 -126.7165)
(-0.004029541 -0.4665577 -939.8082)
(-6.581119e-05 -0.5074627 -1048.723)
(0.003078944 -0.7040914 -1769.103)
(-0.02339565 -0.9538218 -2445.071)
(-0.05705616 -1.263098 -8823.128)
(-0.004878748 -0.2075094 -1805.328)
(0.001201814 -0.3183297 -1778.681)
(-0.001988067 -0.3952647 -1121.802)
(0.01078666 -0.4494155 -578.2204)
(0.01281382 -0.4506375 -162.8075)
(6.862182e-05 -0.01740605 -6.31176)
(-3.05676e-05 -0.02130673 -27.03722)
(1.205117e-05 -0.03264229 -61.27554)
(2.527923e-07 -0.05591868 -110.2006)
(0.0002649053 -0.09564762 -127.3183)
(0.001361998 -1.401074 -944.1023)
(0.0005614299 -1.653842 -1052.522)
(0.002177012 -2.102623 -1775.439)
(-0.006259752 -2.855195 -2449.948)
(-0.04551923 -3.773061 -8828.886)
(-0.01364128 -0.6181087 -1806.349)
(-0.00808224 -0.941184 -1784.14)
(0.001508786 -1.183816 -1125.034)
(-0.003509304 -1.30212 -579.1035)
(0.009223343 -1.30307 -162.9412)
(0.0001424341 -0.02881304 -6.373337)
(8.064491e-05 -0.03562869 -27.29323)
(-2.079099e-05 -0.05450516 -61.90175)
(0.0001611565 -0.09374751 -111.2266)
(6.12127e-05 -0.1577192 -128.5176)
(0.002435623 -2.320974 -952.408)
(0.001970468 -2.741125 -1061.198)
(0.002852395 -3.5604 -1788.369)
(0.002187001 -4.700305 -2464.893)
(-0.01683508 -6.227816 -8858.954)
(-0.01165198 -1.012499 -1811.966)
(-0.02254262 -1.537192 -1790.24)
(-0.01011232 -1.917488 -1131.615)
(0.001580018 -2.13122 -581.364)
(-0.002252309 -2.123264 -162.9413)
(0.0001077592 -0.04618359 -27.68455)
(0.0002141081 -0.07491699 -62.71708)
(0.0001859467 -0.1247401 -112.8072)
(8.890367e-05 -0.2139076 -130.2614)
(0.0008297664 -3.127802 -964.8868)
(0.002626035 -3.694283 -1073.573)
(0.003262449 -4.80506 -1808.171)
(0.007475164 -6.352071 -2487.763)
(0.003226618 -8.37591 -8918.127)
(-0.005420516 -1.361221 -1823.194)
(-0.01808335 -2.060746 -1801.611)
(-0.0271798 -2.564577 -1138.944)
(-0.01130676 -2.824337 -584.985)
(0.001278472 -2.836831 -163.085)
(5.495648e-05 -0.08209554 -63.83336)
(0.0002188772 -0.1426779 -114.6936)
(0.0003761911 -0.2416259 -132.483)
(0.0007368538 -3.542511 -980.2779)
(0.0007626231 -4.183625 -1089.526)
(0.002694879 -5.452653 -1832.363)
(0.005165502 -7.224125 -2517.854)
(0.01407597 -9.544069 -8998.395)
(0.0002525306 -1.546277 -1840.267)
(-0.007976684 -2.352467 -1818.51)
(-0.02093719 -2.931376 -1149.279)
(-0.02865026 -3.224127 -588.4474)
(-0.01168764 -3.209368 -163.341)
(3.341521e-05 -0.126653 -116.7203)
(0.0003370395 -0.2164644 -134.7095)
(0.006336383 -3.164461 -996.4952)
(0.0005060285 -3.748207 -1105.726)
(0.0003784549 -4.886698 -1858.18)
(0.002351813 -6.496025 -2548.056)
(0.007573908 -8.593391 -9086.629)
(0.003167924 -1.395003 -1859.116)
(0.0009293818 -2.124342 -1838.512)
(-0.008732343 -2.653727 -1161.201)
(-0.02179742 -2.926076 -592.4148)
(-0.02757693 -2.911687 -163.3378)
(-2.391901e-05 -0.1507153 -136.4223)
(0.004628941 -2.205585 -1008.56)
(0.008096079 -2.611492 -1118.43)
(-6.517888e-05 -3.485637 -1877.309)
(-0.0004538013 -4.638117 -2572.075)
(0.00203945 -6.164397 -9150.656)
(0.001221301 -0.9968135 -1874.498)
(0.005223595 -1.521797 -1854.663)
(0.001518942 -1.902103 -1171.372)
(-0.009306642 -2.102072 -595.5038)
(-0.02175177 -2.100227 -163.3605)
(0.0005256247 -1.349227 -1016.735)
(0.007095267 -1.594466 -1126.109)
(0.005559677 -2.102278 -1889.492)
(-0.006297456 -2.839748 -2586.949)
(-0.001517612 -3.823028 -9195.639)
(-8.884296e-06 -0.6286616 -1884.029)
(0.002450383 -0.9479005 -1866.118)
(0.006332747 -1.187581 -1178.501)
(0.001619718 -1.314407 -597.9706)
(-0.01027199 -1.317187 -163.2604)
(-0.001357402 -1.227492 -1131.399)
(0.006182105 -1.530676 -1897.211)
(0.01545643 -1.94058 -2595.069)
(-0.002128326 -2.457226 -9214.944)
(0.001285255 -0.3896637 -1888.97)
(0.004374166 -0.5759132 -1872.397)
(0.003668383 -0.6509768 -1183.166)
(0.006753326 -0.7160936 -599.6261)
(0.001031033 -0.7149048 -163.2879)
(-0.003746875 -0.7428019 -1901.359)
(0.004228651 -0.878206 -2599.89)
(0.02095514 -1.065167 -9225.47)
(-0.0003593903 -0.1407707 -1890.423)
(-0.0001875115 -0.1879409 -1873.638)
(0.006693176 -0.2678122 -1183.661)
(0.009862475 -0.2319711 -600.3965)
(0.006498894 -0.2292796 -163.2187)
(-1.128029e-06 0.009498072 -6.918384)
(5.220514e-07 0.01139592 -29.62363)
(4.910052e-06 0.01662137 -67.11239)
(3.988296e-06 0.02484976 -120.4967)
(-0.0001640144 0.04183178 -138.9418)
(0.002550691 0.5868158 -1025.762)
(0.00504822 0.5927451 -1134.53)
(-0.001607443 0.6871492 -1903.562)
(-0.0006194448 0.8225478 -2605.339)
(0.006860236 1.024948 -9251.918)
(0.002494087 0.1545127 -1896.032)
(0.00192845 0.218404 -1877.649)
(-0.002855269 0.2207437 -1186.684)
(-0.008336645 0.2370043 -602.2745)
(-0.01490156 0.2316115 -164.3894)
(7.28756e-07 0.01559556 -6.882724)
(4.129921e-05 0.01834437 -29.46458)
(7.605853e-05 0.02755782 -66.7419)
(-0.0001431321 0.04507983 -119.8678)
(3.750072e-06 0.07382586 -138.3318)
(0.002341645 1.052512 -1021.734)
(-0.0007945858 1.246115 -1132.495)
(4.993041e-05 1.481642 -1900.293)
(-0.00372611 1.883146 -2601.872)
(-0.001268558 2.432118 -9247.673)
(0.001673544 0.3825529 -1895.579)
(0.004035535 0.5684869 -1877.43)
(-0.002125901 0.7046429 -1185.83)
(-0.007757341 0.7750581 -601.3991)
(-0.009386749 0.7706556 -164.1797)
(5.518652e-06 0.01663565 -6.849361)
(-1.904142e-06 0.02028482 -29.31912)
(-2.840706e-05 0.03223777 -66.43797)
(-3.467217e-05 0.05385591 -119.3523)
(3.115191e-05 0.09187977 -137.6835)
(5.356024e-06 1.39276 -1017.613)
(0.003437951 1.599748 -1128.435)
(0.007229647 2.159922 -1893.028)
(-0.0001677055 2.883493 -2592.096)
(-0.007646621 3.825862 -9220.35)
(-6.967297e-05 0.6180763 -1890.26)
(0.002838872 0.941885 -1871.828)
(0.005653 1.178544 -1182.465)
(0.003365044 1.315284 -600.4031)
(-0.003341549 1.368683 -164.113)
(6.020091e-06 0.02700924 -6.791826)
(7.310847e-06 0.03293989 -29.07104)
(-1.154734e-05 0.05229386 -65.87022)
(-8.568723e-05 0.08995406 -118.3315)
(-0.0001016881 0.1534605 -136.5694)
(0.0006416854 2.251674 -1009.667)
(-8.16919e-05 2.666837 -1120.241)
(0.006040375 3.479566 -1881.645)
(0.01276092 4.629559 -2577.074)
(-0.0008737675 6.140647 -9174.441)
(-0.001935207 0.9891622 -1880.223)
(-0.0001055794 1.503817 -1861.797)
(0.00366291 1.880356 -1176.042)
(0.006827614 2.081322 -598.0168)
(0.004108797 2.090648 -163.8746)
(1.466315e-06 0.03834148 -6.701696)
(6.241249e-06 0.04664789 -28.6869)
(1.21445e-05 0.07396569 -64.99851)
(-3.799801e-05 0.1270088 -116.7621)
(-0.0002233806 0.2166398 -134.7795)
(-0.00214419 3.176476 -997.4611)
(0.0010177 3.754679 -1107.699)
(-0.0003131451 4.896372 -1862.15)
(0.01055417 6.483038 -2555.95)
(0.02125956 8.580762 -9111.548)
(-0.00044626 1.385251 -1865.143)
(-0.003326498 2.101708 -1845.475)
(-0.0001383068 2.626682 -1166.088)
(0.004362523 2.904428 -594.3493)
(0.007645431 2.90904 -163.6633)
(8.11833e-06 0.0430989 -6.582213)
(-4.382359e-06 0.05244139 -28.17691)
(7.116615e-06 0.08288957 -63.85543)
(2.301209e-05 0.1421708 -114.7198)
(-0.0001076532 0.2420789 -132.4437)
(-0.004598288 3.549499 -980.7336)
(-0.003327326 4.196805 -1091.491)
(0.001926936 5.457829 -1836.834)
(-0.0009368538 7.223785 -2525.712)
(0.01724736 9.516698 -9036.605)
(0.004482756 1.535664 -1847.056)
(-0.0005648499 2.335557 -1824.453)
(-0.00428232 2.913412 -1152.363)
(-0.0001177105 3.221932 -589.6125)
(0.004891428 3.222311 -163.4281)
(1.902607e-05 0.03818143 -6.466997)
(1.024135e-05 0.0465285 -27.68303)
(-1.640727e-05 0.07352407 -62.7442)
(8.013744e-06 0.1256662 -112.7648)
(3.423291e-05 0.2137316 -130.2179)
(-0.002549426 3.132935 -964.6416)
(-0.007258997 3.703792 -1074.72)
(-0.006533674 4.81399 -1813.121)
(0.003415356 6.358418 -2497.073)
(-0.0025964 8.373603 -8957.793)
(0.00347902 1.350234 -1831.647)
(0.008015956 2.058196 -1805.786)
(-0.0005809178 2.575652 -1139.301)
(-0.004971523 2.833769 -584.6678)
(0.0001350589 2.837636 -163.2629)
(3.034227e-06 0.02820982 -6.375455)
(2.653268e-05 0.0345513 -27.29228)
(1.797916e-05 0.05466679 -61.85979)
(-3.739944e-05 0.09341351 -111.1984)
(1.164903e-05 0.1586679 -128.4758)
(0.000616858 2.327367 -952.0978)
(-0.004081587 2.747434 -1061.213)
(-0.01545574 3.570748 -1791.744)
(-0.01233914 4.716385 -2475.396)
(0.005338444 6.221882 -8896.046)
(-0.001111213 1.008461 -1818.018)
(0.006754703 1.533884 -1793.5)
(0.01074671 1.92556 -1130.05)
(-0.001792368 2.130804 -580.8234)
(-0.006474125 2.128323 -163.0287)
(7.742916e-06 0.01699745 -6.312808)
(-6.735001e-06 0.02071112 -27.03618)
(8.446983e-05 0.03286348 -61.27392)
(3.500425e-05 0.05629865 -110.1522)
(-3.028038e-05 0.09557551 -127.2959)
(0.001194588 1.361153 -943.9288)
(0.0004547693 1.647348 -1052.301)
(-0.01119979 2.154804 -1776.657)
(-0.0314132 2.853097 -2456.526)
(-0.02133145 3.769189 -8858.637)
(0.0007050346 0.6199345 -1809.095)
(-0.002545235 0.9421244 -1783.443)
(0.00824641 1.182492 -1125.085)
(0.01242006 1.309906 -578.504)
(-0.00125219 1.309518 -162.8076)
(-5.699801e-05 0.005844636 -6.283214)
(1.681799e-06 0.006659065 -26.90299)
(3.536519e-05 0.01110787 -60.99386)
(0.0001270213 0.01869515 -109.6424)
(7.214321e-05 0.03185699 -126.7165)
(-0.004029539 0.4665559 -939.8082)
(-6.583808e-05 0.5074618 -1048.723)
(0.003079409 0.7040885 -1769.103)
(-0.02339214 0.9537778 -2445.071)
(-0.05705065 1.262877 -8823.125)
(-0.004880082 0.207499 -1805.328)
(0.001202086 0.3183468 -1778.681)
(-0.00198722 0.3952422 -1121.802)
(0.01078598 0.4493988 -578.2203)
(0.01281352 0.4506359 -162.8075)
(6.63528e-05 -0.005785462 -6.280435)
(-6.848546e-05 -0.007112017 -26.90206)
(-9.841534e-07 -0.01049919 -60.99385)
(7.620889e-05 -0.01896087 -109.6741)
(0.0002396004 -0.03183974 -126.73)
(0.001324542 -0.4671486 -939.9701)
(-0.003995125 -0.5523668 -1048.33)
(0.0003299846 -0.6728633 -1769.711)
(-0.003067705 -0.9457263 -2442.777)
(-0.04633696 -1.264277 -8808.45)
(-0.01376433 -0.2078397 -1801.912)
(-0.007984561 -0.316414 -1779.346)
(0.00156119 -0.3973173 -1121.904)
(-0.002394991 -0.4359744 -577.9901)
(0.01075521 -0.4483659 -162.9606)
(0.0001362534 -0.0175294 -6.309768)
(7.754137e-05 -0.02117905 -27.02466)
(-4.135602e-05 -0.03368821 -61.29395)
(1.47734e-05 -0.05580132 -110.1701)
(1.530106e-05 -0.0949377 -127.3612)
(0.003851853 -1.400255 -944.1661)
(0.001914198 -1.655534 -1052.888)
(0.002372426 -2.156636 -1775.591)
(0.002838583 -2.813732 -2449.993)
(-0.01618425 -3.790391 -8817.177)
(-0.01177468 -0.6198935 -1803.044)
(-0.02304337 -0.9433672 -1780.652)
(-0.009948508 -1.177051 -1125.416)
(0.001687982 -1.308455 -579.1491)
(-0.003809095 -1.301868 -162.8955)
(0.0001659858 -0.03508971 -27.28521)
(0.000110163 -0.05627421 -61.87298)
(-1.646528e-05 -0.09328687 -111.2736)
(0.000251094 -0.1591496 -128.5089)
(0.000918469 -2.306943 -952.6036)
(0.002830729 -2.739284 -1061.187)
(0.003247708 -3.5624 -1789.156)
(0.007184886 -4.714493 -2465.269)
(0.002904429 -6.20906 -8856.506)
(-0.005935119 -1.016434 -1809.746)
(-0.01948178 -1.543257 -1786.861)
(-0.02821336 -1.922908 -1129.378)
(-0.01125278 -2.12068 -581.5017)
(0.001447536 -2.13191 -162.9396)
(0.0001537935 -0.07309947 -62.74646)
(0.0003376782 -0.1280952 -112.7261)
(0.0003299078 -0.2120487 -130.2808)
(0.001033106 -3.128098 -964.7589)
(0.00084192 -3.692151 -1073.808)
(0.003117525 -4.802387 -1808.066)
(0.005213576 -6.352087 -2489.004)
(0.01403024 -8.381258 -8918.95)
(0.0002151547 -1.361979 -1822.728)
(-0.008463336 -2.073314 -1799.376)
(-0.02220163 -2.575736 -1136.811)
(-0.03028414 -2.834677 -583.8182)
(-0.01186247 -2.82444 -163.0946)
(6.193473e-05 -0.1407549 -114.6887)
(0.0003252723 -0.2425754 -132.4201)
(0.00594135 -3.537232 -980.3585)
(0.0004865232 -4.18597 -1089.27)
(0.0004189971 -5.447656 -1832.729)
(0.002721738 -7.224294 -2517.567)
(0.007508094 -9.537583 -9002.64)
(0.003367058 -1.546135 -1840.446)
(0.0009568269 -2.353143 -1818.147)
(-0.009232168 -2.939229 -1147.867)
(-0.0233032 -3.239666 -587.4014)
(-0.02961661 -3.225064 -163.0226)
(6.253611e-06 -0.2158041 -134.6845)
(0.004571768 -3.171247 -996.2671)
(0.007984424 -3.744539 -1105.792)
(-0.0002098756 -4.891813 -1857.637)
(-0.0007273271 -6.490512 -2548.477)
(0.001546917 -8.605071 -9084.927)
(0.001105878 -1.391317 -1859.986)
(0.005629174 -2.122761 -1838.746)
(0.001622492 -2.653775 -1160.963)
(-0.009696767 -2.932955 -591.5095)
(-0.02305286 -2.927934 -163.0723)
(-0.001022932 -2.217676 -1008.191)
(0.00508135 -2.613049 -1118.446)
(0.01146578 -3.427267 -1877.442)
(-0.001242622 -4.646872 -2571.186)
(-0.002496822 -6.165294 -9151.694)
(-0.0004007648 -1.002534 -1874.267)
(0.002229633 -1.516168 -1855.526)
(0.006752497 -1.89966 -1171.528)
(0.001720164 -2.102044 -595.2563)
(-0.01052029 -2.105119 -163.0245)
(-2.464942e-05 -1.602458 -1126.432)
(0.007882187 -2.098868 -1889.732)
(0.01038883 -2.836539 -2585.833)
(-0.005828243 -3.833837 -9192.488)
(-0.0007059019 -0.647382 -1884.275)
(0.000128347 -0.9575409 -1866.032)
(0.003250281 -1.182497 -1179.034)
(0.007068923 -1.312261 -597.9774)
(0.001092578 -1.317325 -163.1273)
(-0.003791115 -1.515836 -1897.454)
(0.004333679 -1.936147 -2595.612)
(0.02144372 -2.488423 -9215.507)
(-0.0003643465 -0.3926549 -1888.19)
(0.003080584 -0.5789186 -1871.168)
(0.005975027 -0.7095559 -1183.161)
(0.004098131 -0.7127492 -599.8585)
(0.006656522 -0.7137029 -163.248)
(-0.009582237 -0.8790358 -2599.19)
(-0.003040223 -1.062126 -9226.811)
(0.003320008 -0.1401262 -1890.481)
(-0.0004301365 -0.1889476 -1872.835)
(-7.522077e-05 -0.2227704 -1183.804)
(0.007519072 -0.2903038 -599.6102)
(0.00964572 -0.2281521 -163.2585)
(4.025529e-05 0.009504927 -6.917807)
(-5.880184e-06 0.01091495 -29.62048)
(-7.29064e-06 0.01662073 -67.11429)
(8.860643e-06 0.02637287 -120.4959)
(4.777302e-06 0.0391381 -138.9431)
(-0.001927381 0.5841686 -1025.66)
(0.00375096 0.6410828 -1135.156)
(0.005656661 0.6876051 -1903.23)
(-0.003486621 0.8239634 -2604.794)
(-0.001142023 1.024595 -9253.208)
(0.001600264 0.1541245 -1896.569)
(0.004098571 0.2198907 -1878.324)
(0.00239266 0.2625575 -1186.489)
(-0.003129375 0.2375407 -601.8786)
(-0.009178396 0.232792 -164.1195)
(5.416165e-06 0.01598607 -6.88253)
(-2.616458e-06 0.01834427 -29.46126)
(5.558133e-05 0.02757705 -66.75934)
(0.0001223021 0.04506991 -119.8719)
(-0.0002522136 0.07371408 -138.2692)
(3.611861e-05 1.054542 -1022.23)
(0.003407307 1.193995 -1132.638)
(0.001389415 1.535951 -1900.483)
(-0.0003360685 1.885777 -2601.212)
(-0.007018817 2.436413 -9245.541)
(-7.891809e-05 0.3819468 -1895.85)
(0.002713217 0.567006 -1877.982)
(0.004850172 0.7012374 -1186.514)
(-0.002390915 0.7731656 -601.8515)
(-0.00803105 0.771859 -164.0237)
(6.49785e-06 0.01662654 -6.849541)
(5.443783e-06 0.02027589 -29.31796)
(-1.617868e-05 0.03219768 -66.42776)
(-8.991447e-05 0.05542743 -119.3237)
(-0.0001016199 0.09184428 -137.69)
(0.000513052 1.350242 -1017.626)
(-1.621825e-05 1.649798 -1128.414)
(0.005971113 2.10147 -1894.388)
(0.01238765 2.877624 -2592.457)
(-0.0008464093 3.833711 -9217.216)
(-0.001778257 0.6185321 -1889.701)
(-0.0001263083 0.9408083 -1872.113)
(0.003451336 1.176333 -1182.835)
(0.00630109 1.302494 -600.6361)
(0.003433627 1.317536 -164.0773)
(4.916988e-06 0.027041 -6.791982)
(7.535165e-06 0.03291901 -29.07196)
(6.990069e-06 0.05224628 -65.86657)
(-5.15386e-05 0.08982982 -118.3045)
(-0.0002429166 0.1533905 -136.5202)
(-0.002218958 2.251061 -1009.744)
(0.0008325754 2.665139 -1120.247)
(-0.0002153289 3.482161 -1881.601)
(0.01026509 4.624272 -2579.177)
(0.02029668 6.133114 -9175.767)
(-0.0004071099 0.9917299 -1879.465)
(-0.003029 1.50437 -1861.092)
(-0.0001629571 1.878959 -1176.253)
(0.004079773 2.078174 -598.2204)
(0.007026308 2.083021 -163.9255)
(8.203795e-06 0.03837633 -6.701919)
(2.491321e-06 0.04671592 -28.68711)
(1.075918e-05 0.07391046 -65.00123)
(1.011588e-05 0.1268885 -116.7519)
(-0.0001407761 0.2163026 -134.7331)
(-0.005043638 3.173823 -996.8762)
(-0.003450646 3.754186 -1107.854)
(0.001529286 4.893146 -1862.147)
(-0.0007867414 6.487936 -2555.828)
(0.0166032 8.566677 -9118.972)
(0.004198817 1.383228 -1865.459)
(-0.0004736553 2.106277 -1844.63)
(-0.003925457 2.626618 -1165.526)
(-0.000140613 2.903319 -594.5119)
(0.004634411 2.905614 -163.7203)
(1.676274e-05 0.04305871 -6.582745)
(1.0591e-05 0.05249735 -28.17747)
(-4.358522e-06 0.08303096 -63.85443)
(1.489869e-05 0.1420538 -114.7262)
(1.327726e-05 0.2418547 -132.4248)
(-0.002997427 3.543703 -980.1654)
(-0.007791199 4.192578 -1090.415)
(-0.006702465 5.456163 -1837.213)
(0.002865965 7.220238 -2525.682)
(-0.002307831 9.522859 -9035.783)
(0.003288589 1.532286 -1848.889)
(0.007551187 2.332776 -1824.78)
(-0.0004210394 2.918411 -1151.736)
(-0.004735115 3.21989 -589.2749)
(5.140087e-05 3.222185 -163.4984)
(3.675684e-06 0.03817768 -6.467725)
(2.462524e-05 0.04648555 -27.68592)
(1.905968e-05 0.07361405 -62.7451)
(-2.008423e-05 0.1258939 -112.7612)
(2.157774e-05 0.2135592 -130.2266)
(-1.099241e-05 3.126212 -964.3741)
(-0.004934261 3.698119 -1073.642)
(-0.01578336 4.810053 -1810.789)
(-0.0125823 6.353085 -2497.771)
(0.004708116 8.374795 -8957.185)
(-0.001158637 1.348439 -1831.459)
(0.005911089 2.052086 -1807.909)
(0.01021615 2.573652 -1139.485)
(-0.0006250217 2.848142 -584.2279)
(-0.005312718 2.833747 -163.17)
(4.988867e-05 0.02849553 -6.375272)
(5.275775e-06 0.0343275 -27.29567)
(4.708746e-05 0.05461946 -61.86718)
(3.76627e-05 0.09354236 -111.2017)
(-3.851096e-05 0.1586675 -128.4719)
(0.0003245466 2.318879 -952.1548)
(-1.228628e-05 2.746238 -1060.704)
(-0.01054422 3.567708 -1789.401)
(-0.03136015 4.714517 -2471.443)
(-0.02170864 6.210163 -8898.951)
(0.0006512951 1.011377 -1817.963)
(-0.00168135 1.534545 -1793.048)
(0.008813047 1.918664 -1131.513)
(0.01200148 2.129624 -580.8581)
(-0.002238109 2.131388 -162.896)
(-2.648638e-05 0.01750478 -6.314912)
(8.924153e-06 0.02067266 -27.02851)
(-5.417228e-06 0.03270767 -61.29266)
(0.0001524939 0.05625833 -110.1655)
(7.50972e-05 0.09571328 -127.3049)
(-3.517481e-05 1.399303 -943.9381)
(0.001529681 1.608718 -1052.458)
(-0.001498037 2.147677 -1775.251)
(-0.02415198 2.853531 -2452.589)
(-0.056789 3.769297 -8843.395)
(-0.004939882 0.6170176 -1809.74)
(0.001161177 0.9464813 -1783.509)
(-0.003123692 1.178183 -1124.934)
(0.009195916 1.30431 -579.2178)
(0.01251275 1.308737 -162.7879)
(6.635224e-05 0.00578545 -6.280435)
(-6.848598e-05 0.007112024 -26.90206)
(-9.840577e-07 0.0104992 -60.99385)
(7.620941e-05 0.01896088 -109.6741)
(0.0002396039 0.03183978 -126.73)
(0.00132463 0.4671474 -939.9701)
(-0.003995097 0.5523656 -1048.33)
(0.000330095 0.6728604 -1769.711)
(-0.003066751 0.9457184 -2442.777)
(-0.04633163 1.2642 -8808.449)
(-0.01376458 0.2077982 -1801.912)
(-0.00798687 0.3164073 -1779.345)
(0.001561499 0.397339 -1121.904)
(-0.002394031 0.4359482 -577.9901)
(0.01075447 0.4483477 -162.9606)
(0.000128081 -0.005860474 -6.277884)
(7.438486e-05 -0.007038157 -26.89109)
(-0.0001031644 -0.01123817 -60.99056)
(-1.041045e-05 -0.01793576 -109.6728)
(0.0001522458 -0.03211112 -126.7727)
(0.003749128 -0.4669406 -940.0334)
(0.001877632 -0.5529118 -1048.699)
(-0.002646446 -0.7225102 -1769.142)
(0.001052887 -0.9224048 -2443.297)
(-0.01702493 -1.270455 -8797.865)
(-0.01277971 -0.2084287 -1798.573)
(-0.02328616 -0.317094 -1775.837)
(-0.0098248 -0.3948652 -1122.305)
(0.001747159 -0.4382737 -578.0387)
(-0.002761061 -0.4355306 -162.8738)
(0.0001575249 -0.02134399 -27.01401)
(0.0001039979 -0.03346586 -61.26987)
(-5.200371e-05 -0.05763413 -110.1992)
(9.354263e-06 -0.09473663 -127.3244)
(0.0003451419 -1.38809 -944.51)
(0.004350852 -1.654839 -1052.871)
(0.003197781 -2.157654 -1776.396)
(0.006092185 -2.86675 -2450.18)
(0.002686949 -3.773897 -8815.708)
(-0.006171096 -0.6285876 -1800.578)
(-0.01956809 -0.9470067 -1777.205)
(-0.02886964 -1.179778 -1123.153)
(-0.01106978 -1.300864 -579.3016)
(0.001552274 -1.308414 -162.8962)
(0.0002366822 -0.05554436 -61.84859)
(0.0001542971 -0.09612576 -111.2347)
(1.772494e-05 -0.1585234 -128.559)
(0.003190469 -2.325844 -952.4827)
(0.0009631453 -2.724101 -1061.43)
(0.003318176 -3.561304 -1789.028)
(0.005209221 -4.714013 -2466.559)
(0.0140807 -6.232179 -8857.355)
(0.0001746503 -1.019503 -1809.243)
(-0.009536556 -1.550188 -1784.801)
(-0.02413138 -1.9309 -1127.191)
(-0.03144816 -2.126671 -580.3119)
(-0.01181636 -2.12109 -162.9527)
(0.0002255401 -0.1252562 -112.7638)
(0.0005132523 -0.2172839 -130.2101)
(0.005339725 -3.103292 -964.8785)
(0.0008113704 -3.692334 -1073.539)
(0.0005248344 -4.799427 -1808.469)
(0.003092934 -6.352297 -2488.656)
(0.007494254 -8.375741 -8923.474)
(0.003547585 -1.361651 -1822.893)
(0.0009428984 -2.074751 -1799.001)
(-0.009827562 -2.592617 -1135.354)
(-0.02472432 -2.847132 -582.7467)
(-0.03128954 -2.835247 -162.7655)
(4.154349e-05 -0.2396225 -132.3958)
(0.004341876 -3.549453 -980.1349)
(0.007614773 -4.18052 -1089.32)
(-0.0004148367 -5.45127 -1832.127)
(-0.0008085728 -7.217868 -2518.044)
(0.00151948 -9.546079 -9000.518)
(0.001017966 -1.542432 -1841.369)
(0.006066535 -2.351627 -1818.346)
(0.001702077 -2.939852 -1147.63)
(-0.01025585 -3.248286 -586.4616)
(-0.02461257 -3.240643 -162.754)
(-0.000692626 -3.164428 -995.8764)
(0.005031958 -3.750538 -1105.856)
(0.01145356 -4.890036 -1857.73)
(-0.001835035 -6.499537 -2547.468)
(-0.003231203 -8.599838 -9086.036)
(-0.0007271012 -1.397205 -1859.683)
(0.002051199 -2.11588 -1839.65)
(0.007304478 -2.651078 -1161.092)
(0.001840989 -2.932946 -591.2575)
(-0.01097087 -2.935675 -162.7221)
(-0.002047014 -2.630125 -1117.708)
(0.005470877 -3.425119 -1877.803)
(0.01638757 -4.593127 -2571.342)
(-0.003433091 -6.181128 -9148.077)
(-0.001044959 -1.004093 -1874.504)
(-0.0005640501 -1.525959 -1855.374)
(0.002991553 -1.892419 -1172.081)
(0.007541087 -2.099212 -595.245)
(0.001163384 -2.10534 -162.8883)
(-0.00213223 -2.109654 -1889.626)
(0.006660003 -2.827788 -2586.461)
(0.0187412 -3.832033 -9189.284)
(0.001013978 -0.6518609 -1883.483)
(-0.00109673 -0.9973291 -1866.333)
(0.0003539755 -1.19448 -1178.984)
(0.003632598 -1.306577 -598.2163)
(0.006966539 -1.315459 -163.0814)
(-0.009593524 -1.917153 -2594.814)
(-0.002700079 -2.478899 -9217.011)
(0.003479745 -0.3757984 -1888.25)
(-0.0004200043 -0.5841257 -1870.327)
(0.004301186 -0.7134945 -1182.194)
(0.006716888 -0.7784393 -599.7671)
(0.003852619 -0.7102543 -163.2886)
(-0.02182746 -1.062343 -9219.806)
(-0.004962887 -0.1391499 -1890.92)
(0.005226013 -0.1877661 -1872.884)
(-0.000408878 -0.2239563 -1183.264)
(-4.989141e-05 -0.2397224 -599.6429)
(0.007217136 -0.2868116 -162.9554)
(4.414655e-05 0.009893407 -6.92039)
(4.809241e-05 0.01092416 -29.61743)
(-2.596853e-05 0.01578791 -67.10437)
(-3.120368e-05 0.02636955 -120.4998)
(1.714511e-05 0.04184212 -138.9424)
(5.554704e-05 0.5440656 -1025.666)
(-0.001540214 0.6382121 -1135.279)
(0.006694451 0.7435151 -1904.326)
(0.005023766 0.8247929 -2604.16)
(-0.006688878 1.026133 -9251.201)
(-0.0001136057 0.1538256 -1896.838)
(0.002575765 0.2191435 -1878.882)
(0.005075995 0.2659303 -1186.932)
(0.002686403 0.2831567 -601.7774)
(-0.003427379 0.2334203 -163.9669)
(6.694916e-06 0.01598187 -6.882689)
(5.268909e-06 0.01884436 -29.46012)
(-1.708506e-05 0.02758251 -66.74905)
(6.644346e-05 0.04511559 -119.8964)
(0.0001772176 0.07368163 -138.2748)
(-0.003706938 1.053018 -1021.738)
(3.288977e-05 1.196393 -1133.169)
(0.00596981 1.475827 -1900.901)
(0.006553596 1.934975 -2601.501)
(-0.001226746 2.440988 -9242.624)
(-0.001675326 0.3820659 -1895.338)
(-0.0001448824 0.5659894 -1878.243)
(0.003296278 0.6993309 -1186.875)
(0.005265172 0.7694002 -602.2135)
(-0.002330684 0.7700778 -164.1724)
(6.678422e-06 0.01664239 -6.849764)
(8.123673e-06 0.0202644 -29.31871)
(3.901933e-06 0.03218229 -66.4236)
(-5.846897e-05 0.0553766 -119.2965)
(-0.0002451875 0.09466773 -137.6424)
(-0.002206927 1.349275 -1017.689)
(0.0006886665 1.60091 -1128.432)
(-7.809901e-05 2.159482 -1894.344)
(0.01012838 2.821979 -2594.53)
(0.01976643 3.821846 -9218.369)
(-0.0004212105 0.6204384 -1889.013)
(-0.002791151 0.9413406 -1871.496)
(-0.0001835811 1.175126 -1183.022)
(0.003844012 1.300027 -600.835)
(0.006505103 1.304228 -164.1293)
(8.167106e-06 0.02706133 -6.79229)
(6.807275e-06 0.03295869 -29.07274)
(1.288537e-05 0.05221138 -65.86862)
(1.198497e-06 0.08974842 -118.293)
(-0.0001600108 0.1532374 -136.4736)
(-0.005207788 2.250957 -1009.176)
(-0.003510524 2.66361 -1120.369)
(0.001248753 3.481981 -1881.608)
(-0.0005113928 4.626165 -2579.088)
(0.0161135 6.127718 -9182.838)
(0.003971441 0.9892158 -1879.758)
(-0.0004545651 1.508386 -1860.34)
(-0.003574573 1.879502 -1175.773)
(-0.0001703 2.076651 -598.3629)
(0.004336712 2.079798 -163.9823)
(1.382532e-05 0.03834195 -6.702297)
(1.061933e-05 0.04675973 -28.68827)
(7.08119e-06 0.07402333 -65.00226)
(2.13165e-05 0.1267902 -116.7567)
(-7.988707e-06 0.2161104 -134.7127)
(-0.003392869 3.170118 -996.3115)
(-0.008136177 3.75251 -1106.823)
(-0.006774786 4.88985 -1862.455)
(0.002271422 6.487502 -2555.8)
(-0.001804431 8.571972 -9118.318)
(0.00311043 1.380718 -1867.18)
(0.007030523 2.102202 -1844.957)
(-0.000336775 2.631917 -1164.966)
(-0.004344565 2.903095 -594.22)
(8.763548e-06 2.904254 -163.7824)
(5.100567e-06 0.04304692 -6.583419)
(2.15606e-05 0.05244515 -28.17973)
(1.941183e-05 0.08312436 -63.85674)
(1.135561e-06 0.1423037 -114.7263)
(3.340392e-05 0.2416544 -132.4318)
(-0.0002891107 3.540824 -979.8955)
(-0.0053443 4.187257 -1089.364)
(-0.01606842 5.454442 -1834.954)
(-0.01270909 7.213089 -2526.271)
(0.003950773 9.525075 -9035.274)
(-0.0009828538 1.532572 -1848.735)
(0.005556625 2.326862 -1826.794)
(0.009604593 2.914697 -1151.929)
(-0.0004501754 3.225344 -588.8669)
(-0.005065731 3.219935 -163.4139)
(1.944525e-05 0.03820213 -6.46754)
(5.82077e-06 0.04647885 -27.68921)
(4.350432e-05 0.07353845 -62.75153)
(3.929071e-05 0.1260514 -112.7665)
(-9.263162e-06 0.2139488 -130.2258)
(0.0004703848 3.123802 -964.4259)
(-0.0007231359 3.690606 -1073.077)
(-0.01137966 4.806137 -1808.503)
(-0.03126897 6.352693 -2493.906)
(-0.02201269 8.361115 -8959.704)
(0.0005702024 1.351631 -1831.413)
(-0.001896168 2.047149 -1807.714)
(0.007594288 2.565735 -1140.9)
(0.01139794 2.845817 -584.2709)
(-0.001021946 2.848851 -163.0056)
(-1.612975e-05 0.02832703 -6.378337)
(6.124818e-05 0.0346769 -27.29487)
(1.325449e-05 0.05425736 -61.87566)
(8.887128e-05 0.09345669 -111.2141)
(7.928055e-05 0.1588779 -128.4823)
(-3.927772e-05 2.320116 -952.1757)
(0.0005753846 2.735567 -1060.72)
(-0.002127348 3.568058 -1788.173)
(-0.0230271 4.714825 -2467.586)
(-0.05625103 6.211709 -8883.954)
(-0.005018979 1.007328 -1818.544)
(0.00108191 1.540224 -1793.113)
(-0.001873539 1.919527 -1131.175)
(0.009930803 2.12191 -581.5591)
(0.01208613 2.130121 -162.8774)
(6.862026e-05 0.01740605 -6.31176)
(-3.056892e-05 0.02130675 -27.03722)
(1.205158e-05 0.03264231 -61.27554)
(2.54003e-07 0.05591871 -110.2006)
(0.0002649144 0.0956477 -127.3183)
(0.001362234 1.401074 -944.1023)
(0.0005613805 1.653842 -1052.522)
(0.002177322 2.102622 -1775.439)
(-0.006256934 2.855188 -2449.948)
(-0.04550404 3.773001 -8828.882)
(-0.01364203 0.6180748 -1806.347)
(-0.008088807 0.9411811 -1784.137)
(0.001509681 1.183836 -1125.034)
(-0.003506214 1.302108 -579.1033)
(0.009221407 1.303053 -162.9411)
(0.0001280809 0.005860459 -6.277884)
(7.43842e-05 0.007038143 -26.89109)
(-0.0001031651 0.01123818 -60.99056)
(-1.04104e-05 0.01793578 -109.6728)
(0.0001522456 0.03211115 -126.7727)
(0.003749179 0.466942 -940.0334)
(0.001877726 0.5529106 -1048.699)
(-0.002646348 0.7225115 -1769.142)
(0.001053267 0.9223986 -2443.297)
(-0.0170232 1.27044 -8797.865)
(-0.01277874 0.2084084 -1798.573)
(-0.02328692 0.3170222 -1775.837)
(-0.009827822 0.3948545 -1122.305)
(0.001747523 0.4382975 -578.0387)
(-0.002760066 0.4355022 -162.8738)
(0.0001470007 -0.007135114 -26.87799)
(9.769247e-05 -0.01111708 -60.97004)
(-0.0001588388 -0.01921253 -109.6637)
(-3.796787e-05 -0.03047087 -126.7679)
(0.00242141 -0.4682082 -940.4154)
(0.004525228 -0.5527536 -1048.677)
(0.003170791 -0.7227762 -1769.959)
(0.001976829 -0.9634345 -2442.569)
(0.001635616 -1.273365 -8797.494)
(-0.008596316 -0.2176934 -1796.463)
(-0.02145476 -0.3183046 -1772.355)
(-0.02918992 -0.3957211 -1120.031)
(-0.0109326 -0.4355248 -578.1995)
(0.001610767 -0.437897 -162.8758)
(0.0002204491 -0.03377378 -61.23905)
(0.0001416634 -0.05722472 -110.1694)
(-4.199534e-05 -0.09782752 -127.3528)
(-0.0001829258 -1.385205 -944.1964)
(0.0004132186 -1.638917 -1053.256)
(0.004795916 -2.157557 -1776.245)
(0.005181983 -2.865811 -2451.509)
(0.01225364 -3.803218 -8816.12)
(-0.0003714174 -0.646246 -1800.431)
(-0.01005953 -0.9616784 -1774.837)
(-0.02411103 -1.184585 -1120.926)
(-0.03218639 -1.303874 -578.0976)
(-0.01163561 -1.300631 -162.9118)
(0.0003459102 -0.09514627 -111.1749)
(0.0002032588 -0.1628671 -128.5323)
(0.001033339 -2.319351 -952.8039)
(0.003036848 -2.743615 -1061.168)
(0.0006975014 -3.546087 -1789.442)
(0.003204361 -4.715303 -2466.151)
(0.007476746 -6.226691 -8862.125)
(0.003733195 -1.022019 -1809.412)
(0.0009164318 -1.558319 -1784.392)
(-0.01131195 -1.939443 -1125.878)
(-0.02698239 -2.135571 -579.2197)
(-0.03248038 -2.12738 -162.6164)
(0.0003008902 -0.21307 -130.2315)
(0.006852116 -3.1745 -964.6146)
(0.007007255 -3.666688 -1073.627)
(-0.0001059921 -4.799678 -1807.831)
(-0.0007335269 -6.348401 -2489.18)
(0.001613913 -8.382693 -8920.976)
(0.000964947 -1.358251 -1823.867)
(0.006467719 -2.073046 -1799.183)
(0.001720308 -2.594254 -1135.111)
(-0.01092252 -2.866815 -581.7777)
(-0.02607822 -2.847728 -162.4941)
(-0.0003601671 -3.511163 -979.7086)
(0.004714061 -4.192959 -1089.434)
(0.01121663 -5.44643 -1832.178)
(-0.002444293 -7.224356 -2516.917)
(-0.003666999 -9.53866 -9001.782)
(-0.0009872494 -1.54775 -1840.999)
(0.001921796 -2.344613 -1819.293)
(0.007901729 -2.937224 -1147.731)
(0.001936441 -3.248919 -586.2042)
(-0.01159456 -3.25005 -162.389)
(-0.001758388 -3.7452 -1105.058)
(0.005483112 -4.892057 -1858.199)
(0.0165765 -6.50202 -2547.549)
(-0.004833412 -8.616231 -9081.84)
(-0.001345589 -1.397374 -1859.939)
(-0.001148754 -2.126104 -1839.445)
(0.002794329 -2.642213 -1161.668)
(0.008164561 -2.929771 -591.2219)
(0.00124702 -2.935956 -162.5814)
(-0.004741143 -3.448953 -1876.114)
(0.004851369 -4.583759 -2572.156)
(0.02288965 -6.154336 -9148.464)
(-0.00098393 -1.008768 -1873.614)
(-0.001673743 -1.529095 -1855.671)
(-0.0005135033 -1.904445 -1171.993)
(0.003346503 -2.091105 -595.4928)
(0.007431998 -2.102866 -162.8332)
(-0.007531362 -2.83208 -2585.228)
(0.0005310661 -3.815417 -9191.101)
(0.005302417 -0.6526948 -1882.432)
(0.002625126 -1.004903 -1865.505)
(-0.001233732 -1.247439 -1179.19)
(0.0004105743 -1.319916 -598.1027)
(0.003366912 -1.309596 -163.1233)
(-0.02177376 -2.453894 -9209.561)
(-0.004824226 -0.3727513 -1888.72)
(0.005520898 -0.5481448 -1870.376)
(-0.0003837763 -0.7199387 -1181.63)
(0.004866391 -0.782814 -599.1277)
(0.006400961 -0.7765253 -163.2098)
(-0.007788543 -0.1388124 -1889.575)
(-0.008327657 -0.1859695 -1873.482)
(0.006549298 -0.2224223 -1183.286)
(-0.0004144249 -0.2410315 -599.3371)
(-0.0002061565 -0.2360398 -162.9399)
(6.807419e-06 0.009892294 -6.92054)
(5.491171e-05 0.01142214 -29.62838)
(7.078647e-05 0.01580525 -67.09476)
(-8.322348e-05 0.02483782 -120.4734)
(-9.49312e-05 0.04183138 -138.9475)
(0.0002992522 0.5843652 -1025.666)
(6.179422e-05 0.5914793 -1135.275)
(0.0002251423 0.7406922 -1904.714)
(0.0117007 0.8780992 -2605.734)
(0.001832708 1.027578 -9248.395)
(-0.001638037 0.1537622 -1896.361)
(-0.0002180323 0.2185948 -1879.145)
(0.00312031 0.2649621 -1187.3)
(0.005656178 0.2883132 -602.0022)
(0.002778257 0.2786864 -163.9363)
(7.494234e-06 0.01598916 -6.882943)
(8.358626e-06 0.01883898 -29.46079)
(3.504375e-06 0.02844668 -66.74492)
(-5.946546e-05 0.04513759 -119.8694)
(3.546591e-05 0.07378418 -138.2921)
(0.001949398 1.052278 -1021.79)
(-0.004227968 1.194785 -1132.645)
(2.149602e-05 1.478646 -1901.806)
(0.01020503 1.878006 -2602.24)
(0.01590792 2.46295 -9243.541)
(-0.000530217 0.3831987 -1894.698)
(-0.002633712 0.5660068 -1877.684)
(-0.0002031214 0.698112 -1187.046)
(0.00367109 0.7672728 -602.4086)
(0.005408632 0.7663881 -164.2658)
(8.117487e-06 0.01665229 -6.850112)
(8.989753e-06 0.02028411 -29.31977)
(1.381214e-05 0.03216279 -66.42525)
(-4.29074e-06 0.05534761 -119.2842)
(-0.0001690726 0.09462545 -137.5964)
(-0.005154693 1.391882 -1017.141)
(-0.003497843 1.599201 -1128.528)
(0.00108715 2.103872 -1894.382)
(-0.0002305097 2.877611 -2594.441)
(0.01590584 3.790981 -9225.334)
(0.003875352 0.6171948 -1889.269)
(-0.0005134774 0.9443388 -1870.815)
(-0.003290743 1.175722 -1182.604)
(-0.0001944099 1.2987 -600.9621)
(0.004088303 1.301699 -164.1854)
(1.150224e-05 0.02704013 -6.792568)
(1.052016e-05 0.03298396 -29.07425)
(1.41788e-05 0.05227678 -65.87091)
(2.495151e-05 0.08968544 -118.2965)
(-2.289112e-05 0.1531036 -136.452)
(-0.003598578 2.249773 -1008.626)
(-0.008175205 2.664438 -1119.384)
(-0.006785268 3.477878 -1881.846)
(0.001866311 4.629949 -2579.087)
(-0.001201918 6.127875 -9182.279)
(0.00298929 0.9888862 -1881.401)
(0.006625189 1.503611 -1860.648)
(-0.0003432654 1.884198 -1175.274)
(-0.003958888 2.077162 -598.114)
(-3.825355e-05 2.078051 -164.0373)
(6.553297e-06 0.03832375 -6.702879)
(1.764542e-05 0.0467152 -28.68987)
(1.920507e-05 0.07409576 -65.00586)
(2.121425e-05 0.1269889 -116.7603)
(4.41596e-05 0.215939 -134.7177)
(-0.0005791802 3.167605 -996.0377)
(-0.005686442 3.74968 -1105.81)
(-0.01604597 4.891483 -1860.305)
(-0.01266996 6.478443 -2556.265)
(0.003135776 8.578043 -9117.917)
(-0.0007716542 1.380751 -1867.067)
(0.005228772 2.098008 -1846.846)
(0.008920087 2.626526 -1165.163)
(-0.000360931 2.908893 -593.8523)
(-0.004658046 2.903871 -163.7099)
(1.6984e-05 0.04308753 -6.583292)
(7.261977e-06 0.05242762 -28.18276)
(3.770276e-05 0.08303248 -63.86173)
(3.948929e-05 0.1424667 -114.7339)
(2.643443e-05 0.2420802 -132.4349)
(0.0006388913 3.537936 -979.9364)
(-0.001004174 4.184437 -1088.813)
(-0.01158815 5.45164 -1832.745)
(-0.03094522 7.217134 -2522.547)
(-0.02206015 9.508403 -9037.355)
(0.0004796419 1.53626 -1848.692)
(-0.001572774 2.326967 -1826.64)
(0.00712344 2.907045 -1153.271)
(0.01070826 3.221145 -588.916)
(-0.0008304953 3.225828 -163.2603)
(5.255717e-05 0.03784861 -6.468773)
(2.363091e-05 0.04650546 -27.68838)
(1.335672e-05 0.07352047 -62.7597)
(8.187743e-05 0.1259126 -112.7773)
(8.15577e-05 0.2142084 -130.2382)
(0.000366549 3.129342 -964.4656)
(0.0007467926 3.687988 -1073.095)
(-0.002906283 4.798215 -1807.188)
(-0.02351496 6.353339 -2490.158)
(-0.05540701 8.366916 -8945.107)
(-0.00505322 1.346964 -1831.916)
(0.00095686 2.053362 -1807.77)
(-0.002275236 2.558038 -1140.755)
(0.008471616 2.836963 -584.9512)
(0.01147077 2.84643 -162.9894)
(7.086319e-05 0.02928542 -6.37473)
(-1.78378e-05 0.03447489 -27.30774)
(9.707935e-05 0.05480731 -61.87364)
(3.053169e-05 0.09283709 -111.2314)
(0.000161542 0.1587336 -128.495)
(0.001417146 2.322892 -952.3456)
(0.0006832492 2.738371 -1060.836)
(0.001211144 3.553353 -1788.104)
(-0.007010873 4.718801 -2465.231)
(-0.04386682 6.21739 -8869.754)
(-0.01338654 1.009504 -1815.2)
(-0.008220581 1.532872 -1793.68)
(0.001411758 1.926891 -1131.267)
(-0.002001584 2.122914 -581.3248)
(0.009990615 2.122282 -163.0289)
(0.0001362531 0.0175294 -6.309768)
(7.753955e-05 0.02117905 -27.02466)
(-4.135796e-05 0.03368823 -61.29395)
(1.477378e-05 0.05580135 -110.1701)
(1.529996e-05 0.09493775 -127.3612)
(0.003851983 1.400257 -944.1661)
(0.001914453 1.655534 -1052.888)
(0.002372549 2.156639 -1775.591)
(0.002839663 2.813729 -2449.993)
(-0.01617938 3.790376 -8817.176)
(-0.01177196 0.6198791 -1803.043)
(-0.0230456 0.943309 -1780.65)
(-0.009957098 1.177045 -1125.414)
(0.001689034 1.308477 -579.1491)
(-0.003805918 1.301854 -162.8954)
(0.0001470005 0.007135096 -26.87799)
(9.769153e-05 0.01111706 -60.97004)
(-0.00015884 0.01921255 -109.6637)
(-3.796803e-05 0.0304709 -126.7679)
(0.002421391 0.4682087 -940.4154)
(0.004525283 0.5527559 -1048.677)
(0.00317088 0.7227756 -1769.959)
(0.001977049 0.9634411 -2442.569)
(0.001636428 1.273354 -8797.494)
(-0.008595829 0.2176889 -1796.463)
(-0.02145308 0.318268 -1772.354)
(-0.02919087 0.3956264 -1120.03)
(-0.010936 0.4355124 -578.1991)
(0.001611306 0.4379205 -162.8758)
(0.0002020698 -0.01128815 -60.93343)
(0.0001283825 -0.01900354 -109.6401)
(-0.0002192646 -0.03258371 -126.7529)
(-0.0009287565 -0.4461967 -940.3202)
(0.002874505 -0.5512461 -1049.171)
(0.005716014 -0.7228282 -1769.795)
(0.005180053 -0.9629487 -2443.922)
(0.01160614 -1.280597 -8795.535)
(0.0002646 -0.2327798 -1796.636)
(-0.01458815 -0.3356132 -1770.488)
(-0.02653911 -0.3973328 -1117.782)
(-0.03254842 -0.4364771 -576.989)
(-0.01149914 -0.4350792 -162.8928)
(0.000313387 -0.05782968 -110.0969)
(0.0001789128 -0.09710571 -127.338)
(0.0001813799 -1.429251 -944.3453)
(-0.0006668181 -1.635677 -1052.833)
(0.0003493676 -2.134359 -1776.908)
(0.004128982 -2.867332 -2451.052)
(0.007481409 -3.798494 -8821.082)
(0.003598004 -0.6276539 -1800.406)
(-0.0001267409 -0.9971091 -1774.96)
(-0.01211428 -1.201877 -1119.391)
(-0.0268624 -1.309235 -576.9894)
(-0.03323452 -1.303812 -162.5709)
(0.0004633594 -0.1617055 -128.445)
(0.002440492 -2.377414 -952.827)
(0.002133048 -2.739402 -1061.402)
(0.001774922 -3.563123 -1788.809)
(-0.0005382576 -4.70453 -2466.685)
(0.00147845 -6.233141 -8859.295)
(0.0009501815 -1.018944 -1810.432)
(0.006867546 -1.560346 -1784.575)
(0.001718763 -1.952515 -1125.614)
(-0.01267775 -2.145023 -578.3451)
(-0.02840633 -2.136275 -162.3425)
(0.003113866 -3.119777 -964.4867)
(0.007357887 -3.744687 -1073.734)
(0.01068496 -4.777559 -1807.95)
(-0.002356595 -6.349596 -2487.972)
(-0.003777472 -8.377887 -8922.377)
(-0.001167618 -1.362522 -1823.437)
(0.001850658 -2.066572 -1800.171)
(0.008446448 -2.591475 -1135.196)
(0.001963554 -2.868583 -581.5138)
(-0.0123112 -2.868386 -162.1179)
(-0.001562241 -4.153829 -1088.534)
(0.005008297 -5.45643 -1832.767)
(0.01665797 -7.222474 -2516.922)
(-0.006191065 -9.550963 -8996.985)
(-0.001593479 -1.547119 -1841.292)
(-0.001627954 -2.353954 -1819.046)
(0.002662265 -2.928199 -1148.328)
(0.008841286 -3.245783 -586.1428)
(0.001304023 -3.250928 -162.2434)
(-0.004585803 -4.89109 -1856.366)
(0.005027646 -6.495025 -2548.535)
(0.02338647 -8.625899 -9081.912)
(-0.001457977 -1.402461 -1858.929)
(-0.002173248 -2.126837 -1839.771)
(-0.001237149 -2.654719 -1161.554)
(0.003129909 -2.919829 -591.4786)
(0.008050497 -2.933155 -162.5145)
(-0.009861069 -4.606398 -2568.939)
(0.001537437 -6.133886 -9150.93)
(0.00376583 -1.028493 -1873.636)
(-0.001506211 -1.53643 -1854.751)
(-0.001944817 -1.908537 -1172.202)
(-0.0005561611 -2.104481 -595.3566)
(0.003056737 -2.094485 -162.8771)
(-0.01916085 -3.790739 -9182.103)
(-0.004258648 -0.6482234 -1882.961)
(0.009371224 -1.006615 -1864.066)
(0.003710633 -1.256689 -1178.643)
(-0.001343539 -1.379355 -598.177)
(4.661591e-05 -1.323539 -163.0387)
(-0.00774547 -0.3689273 -1887.273)
(-0.008027348 -0.5425565 -1871.005)
(0.006933216 -0.672 -1181.651)
(-0.00038467 -0.7899717 -598.8051)
(0.004711355 -0.7809256 -162.9792)
(-0.0126543 -0.1848735 -1872.59)
(-0.009830553 -0.2200835 -1183.68)
(0.007171108 -0.2393098 -599.3225)
(-0.0005263763 -0.2375158 -162.8426)
(7.855577e-06 0.00989453 -6.920807)
(8.488845e-06 0.01142068 -29.62901)
(8.937509e-05 0.01666683 -67.11889)
(0.0001023236 0.02487276 -120.4478)
(-0.0002286993 0.03912046 -138.9033)
(-0.002099338 0.5841216 -1025.713)
(0.0004357847 0.6385061 -1135.291)
(7.585598e-05 0.6858179 -1904.699)
(0.004683888 0.8763608 -2606.43)
(0.01898052 1.057565 -9252.995)
(-0.002301503 0.1541303 -1895.744)
(-0.002585453 0.2183864 -1878.628)
(-0.0002981599 0.2642768 -1187.473)
(0.003474568 0.2872335 -602.2019)
(0.005863829 0.2844993 -163.9905)
(7.391804e-06 0.01599363 -6.883306)
(9.987229e-06 0.01884801 -29.46197)
(1.415108e-05 0.02843728 -66.74635)
(-5.272049e-06 0.04672323 -119.857)
(-0.0001695101 0.07384851 -138.247)
(-0.0009221689 1.054186 -1021.763)
(0.001348942 1.193581 -1132.72)
(-0.00468333 1.477386 -1900.916)
(-3.099086e-05 1.880894 -2603.499)
(0.01612577 2.431649 -9246.651)
(0.005477491 0.3631828 -1894.9)
(-0.0007302655 0.5677848 -1877.051)
(-0.003102605 0.6980725 -1186.669)
(-0.000216918 0.7659215 -602.5257)
(0.003906218 0.7642142 -164.3213)
(9.417775e-06 0.01663463 -6.850342)
(1.044188e-05 0.02029618 -29.32144)
(1.768796e-05 0.03219494 -66.42816)
(2.642774e-05 0.0553117 -119.2869)
(-3.242791e-05 0.09457036 -137.574)
(-0.003679539 1.392034 -1016.608)
(-0.00801948 1.649384 -1127.576)
(-0.006772573 2.10019 -1894.563)
(0.001715294 2.826842 -2594.491)
(-0.0006709935 3.823159 -9224.764)
(0.002938077 0.6357267 -1890.891)
(0.006462977 0.9383885 -1871.086)
(-0.0004433031 1.179249 -1182.153)
(-0.003645267 1.299312 -600.7457)
(-7.601735e-05 1.300203 -164.2351)
(7.501941e-06 0.02701727 -6.793066)
(1.459039e-05 0.03295691 -29.07542)
(1.887469e-05 0.05231742 -65.87526)
(3.34523e-05 0.0897995 -118.3023)
(4.996547e-05 0.1529916 -136.4556)
(-0.0007860135 2.247949 -1008.349)
(-0.00582717 2.664324 -1118.417)
(-0.01570288 3.481433 -1879.8)
(-0.01258206 4.620865 -2579.436)
(0.002603593 6.139217 -9182.037)
(-0.0005735082 0.9878456 -1881.313)
(0.005011251 1.503378 -1862.448)
(0.008390065 1.87792 -1175.465)
(-0.0003716118 2.082326 -597.7839)
(-0.004253 2.078453 -163.9759)
(1.541433e-05 0.03836599 -6.702844)
(8.721276e-06 0.04669007 -28.69248)
(3.047788e-05 0.07401802 -65.00935)
(3.86616e-05 0.1271133 -116.7699)
(6.001938e-05 0.2162759 -134.7247)
(0.0007877342 3.165073 -996.0652)
(-0.001309911 3.747145 -1105.27)
(-0.01169605 4.891865 -1858.193)
(-0.0301231 6.486857 -2552.735)
(-0.02184012 8.55933 -9119.515)
(0.0003864631 1.384882 -1867.027)
(-0.001195273 2.097632 -1846.742)
(0.006686907 2.621137 -1166.422)
(0.009937014 2.902838 -593.9083)
(-0.0007177518 2.910152 -163.5699)
(6.277169e-05 0.04300659 -6.584274)
(2.040515e-05 0.05247421 -28.18216)
(1.467543e-05 0.08299437 -63.86922)
(7.0423e-05 0.1422979 -114.7422)
(8.114544e-05 0.2423472 -132.4495)
(0.00086133 3.543984 -980.0004)
(0.0009355389 4.181147 -1088.824)
(-0.003132024 5.449725 -1831.475)
(-0.02320898 7.220252 -2518.938)
(-0.0540201 9.521995 -9023.373)
(-0.005006061 1.530946 -1849.105)
(0.000818081 2.334045 -1826.678)
(-0.001868967 2.907013 -1153.155)
(0.007939483 3.212588 -589.5637)
(0.01077184 3.221572 -163.2462)
(0.0001204541 0.0389464 -6.463147)
(6.467499e-05 0.04607041 -27.69355)
(3.67459e-05 0.0735528 -62.75754)
(2.930656e-05 0.125868 -112.7939)
(0.0001487316 0.2139694 -130.2492)
(0.001443218 3.132804 -964.6435)
(0.001118835 3.694157 -1073.222)
(0.001424954 4.795495 -1807.133)
(-0.0076323 6.347618 -2487.692)
(-0.04341257 8.374924 -8931.341)
(-0.01298272 1.350812 -1828.652)
(-0.008264083 2.044923 -1808.264)
(0.001254116 2.566035 -1140.834)
(-0.002539378 2.827402 -584.8354)
(0.008482505 2.837447 -163.1377)
(0.0001424337 0.02881305 -6.373337)
(8.064246e-05 0.0356287 -27.29323)
(-2.079328e-05 0.05450518 -61.90175)
(0.000161157 0.09374753 -111.2266)
(6.120946e-05 0.1577193 -128.5176)
(0.0024358 2.320975 -952.408)
(0.001970806 2.741126 -1061.198)
(0.002852567 3.560404 -1788.369)
(0.002188768 4.700303 -2464.893)
(-0.01682818 6.227804 -8858.953)
(-0.01164806 1.012493 -1811.965)
(-0.0225458 1.537161 -1790.238)
(-0.01012493 1.917487 -1131.611)
(0.001581215 2.131238 -581.3641)
(-0.002247357 2.123268 -162.9412)
(0.0001575245 0.02134399 -27.01401)
(0.0001039953 0.03346586 -61.26987)
(-5.200676e-05 0.05763416 -110.1992)
(9.354237e-06 0.09473668 -127.3244)
(0.0003450792 1.38809 -944.51)
(0.004350993 1.654842 -1052.871)
(0.00319802 2.157654 -1776.396)
(0.006092669 2.866757 -2450.18)
(0.002689266 3.773889 -8815.707)
(-0.006169827 0.6285834 -1800.578)
(-0.01956342 0.946981 -1777.204)
(-0.02887245 1.179701 -1123.152)
(-0.01107944 1.300857 -579.3005)
(0.001553807 1.308436 -162.8962)
(0.0002020696 0.01128812 -60.93343)
(0.0001283811 0.01900352 -109.6401)
(-0.0002192664 0.03258373 -126.7529)
(-0.0009287625 0.4461972 -940.3202)
(0.002874465 0.5512469 -1049.171)
(0.005716071 0.7228328 -1769.795)
(0.005180089 0.9629495 -2443.922)
(0.01160653 1.280613 -8795.535)
(0.0002648373 0.2327771 -1796.636)
(-0.01458726 0.3356049 -1770.488)
(-0.02653689 0.3972845 -1117.782)
(-0.03254951 0.43637 -576.9888)
(-0.01150255 0.4350712 -162.8927)
(0.0002792863 -0.01932407 -109.5566)
(0.0001519713 -0.03224184 -126.745)
(-0.002301227 -0.4756446 -940.1556)
(-0.001571962 -0.5281874 -1048.926)
(0.003342366 -0.7137548 -1770.667)
(0.006249687 -0.9635477 -2443.437)
(0.007515971 -1.278706 -8800.607)
(0.005809976 -0.2112332 -1795.893)
(0.001253295 -0.363744 -1771.046)
(-0.01754408 -0.4195278 -1116.645)
(-0.02958497 -0.4382859 -575.8725)
(-0.03360468 -0.4360922 -162.5496)
(0.0004014386 -0.09823858 -127.234)
(0.002054986 -1.418529 -944.4764)
(0.001189608 -1.684914 -1052.875)
(-0.002050867 -2.130995 -1776.01)
(-0.0003438939 -2.836646 -2451.964)
(0.001059877 -3.803314 -8818.001)
(0.0009630495 -0.6253792 -1801.461)
(0.006831963 -0.9582119 -1774.829)
(0.0004210201 -1.246423 -1119.538)
(-0.0137616 -1.327551 -575.9785)
(-0.02826609 -1.309162 -162.2948)
(0.005125159 -2.36505 -951.9249)
(0.00243765 -2.80178 -1061.826)
(0.005031358 -3.566549 -1789.141)
(-0.001862889 -4.711423 -2465.465)
(-0.003664526 -6.233536 -8860.738)
(-0.001302384 -1.022182 -1809.944)
(0.001848265 -1.554542 -1785.598)
(0.008988167 -1.951658 -1125.697)
(0.001972793 -2.162457 -578.0685)
(-0.01414168 -2.146122 -161.9991)
(0.002094783 -3.687147 -1073.058)
(0.007442136 -4.859299 -1808.545)
(0.01638266 -6.342468 -2488.083)
(-0.006765111 -8.382127 -8917.131)
(-0.001733469 -1.361684 -1823.76)
(-0.00196532 -2.074089 -1799.886)
(0.002598757 -2.583127 -1135.815)
(0.009459646 -2.86524 -581.4357)
(0.001302643 -2.870317 -161.9684)
(-0.004768516 -5.42265 -1830.697)
(0.004375389 -7.224239 -2518.106)
(0.02399678 -9.556128 -8996.743)
(-0.00191605 -1.551369 -1840.161)
(-0.002578807 -2.353253 -1819.42)
(-0.001822669 -2.939604 -1148.195)
(0.002986123 -3.235653 -586.4083)
(0.008727354 -3.248109 -162.1642)
(-0.009968381 -6.501912 -2545.025)
(0.00189798 -8.603844 -9085.028)
(0.003950175 -1.406239 -1858.88)
(-0.002306899 -2.134739 -1838.74)
(-0.002545173 -2.655733 -1161.785)
(-0.001363003 -2.93375 -591.324)
(0.002811076 -2.922841 -162.5603)
(-0.01912129 -6.135791 -9136.092)
(-0.002092435 -1.022169 -1874.303)
(0.006021167 -1.57783 -1854.77)
(-0.001737799 -1.917147 -1171.597)
(-0.002134466 -2.109055 -595.4363)
(-0.0009614315 -2.10864 -162.7846)
(-0.007382429 -0.6255118 -1881.212)
(-0.007154802 -0.9985704 -1864.75)
(0.01205612 -1.258791 -1177.528)
(0.004216052 -1.389608 -597.8613)
(-0.001557553 -1.383234 -163.0377)
(-0.01253113 -0.5366949 -1870.002)
(-0.009404267 -0.6647269 -1182.062)
(0.007602728 -0.7361479 -598.787)
(-0.00051345 -0.7886039 -162.875)
(-0.01520631 -0.2183021 -1183.244)
(-0.01098351 -0.2366752 -599.3934)
(0.006921046 -0.2357827 -162.8225)
(-3.210788e-05 0.009895902 -6.921176)
(1.042625e-05 0.01142344 -29.63025)
(1.433192e-05 0.01666418 -67.12023)
(0.0001524888 0.02645625 -120.488)
(0.0001172094 0.039189 -138.8602)
(-0.004831351 0.5438673 -1025.2)
(-0.003363198 0.6381096 -1135.357)
(0.000780849 0.7412449 -1904.739)
(7.310792e-05 0.8224386 -2606.382)
(0.01292194 1.058549 -9255.977)
(0.00384014 0.1361657 -1897.039)
(-0.004510484 0.2189619 -1878.018)
(-0.003050258 0.263977 -1187.126)
(-0.000324041 0.286471 -602.3202)
(0.003704175 0.2833996 -164.0478)
(-3.080095e-05 0.01558689 -6.883485)
(9.576431e-06 0.01885333 -29.4637)
(1.924005e-05 0.02845188 -66.74954)
(2.688376e-05 0.04670536 -119.8593)
(-3.484744e-05 0.07664557 -138.2244)
(-0.00366296 1.055562 -1021.245)
(-0.003022412 1.196329 -1132.347)
(-0.001075147 1.474978 -1901.057)
(-0.003951545 1.881073 -2602.235)
(-0.0002995387 2.433899 -9249.975)
(0.003005106 0.382576 -1895.39)
(0.009943612 0.5258851 -1877.268)
(-0.0007394488 0.7001551 -1186.249)
(-0.0034373 0.7658444 -602.3302)
(-0.000108055 0.7627582 -164.3675)
(7.30836e-06 0.01622927 -6.850749)
(1.195737e-05 0.02027467 -29.32242)
(1.870631e-05 0.0322134 -66.43282)
(3.929661e-05 0.05536692 -119.2937)
(5.204116e-05 0.09450499 -137.5767)
(-0.0009250172 1.391153 -1016.326)
(-0.00585525 1.650474 -1126.649)
(-0.01526454 2.160644 -1892.589)
(-0.0125798 2.819508 -2594.75)
(0.002515198 3.80009 -9224.738)
(-0.0004222309 0.6175984 -1890.8)
(0.004920677 0.9779116 -1872.86)
(0.008177506 1.171481 -1182.322)
(-0.0004850423 1.303205 -600.4445)
(-0.003922777 1.30074 -164.1818)
(1.256082e-05 0.02704769 -6.79311)
(9.65443e-06 0.03292711 -29.07766)
(2.498283e-05 0.05227184 -65.8778)
(3.780078e-05 0.08986629 -118.3131)
(7.992805e-05 0.1531823 -136.4649)
(0.0008631175 2.24626 -1008.366)
(-0.001532001 2.662381 -1117.885)
(-0.01160897 3.484568 -1877.789)
(-0.0290234 4.629538 -2576.083)
(-0.02159384 6.122079 -9183.207)
(0.0003419638 0.9924178 -1881.291)
(-0.0008516879 1.501134 -1862.376)
(0.006397673 1.877693 -1176.662)
(0.00934089 2.075299 -597.842)
(-0.0007024047 2.084058 -163.8487)
(7.058615e-05 0.03827951 -6.703652)
(1.850414e-05 0.04673916 -28.69226)
(1.599077e-05 0.07396877 -65.01579)
(5.646144e-05 0.1269725 -116.7757)
(7.894315e-05 0.2164741 -134.7412)
(0.00132368 3.169839 -996.1536)
(0.00109687 3.744186 -1105.271)
(-0.003415296 4.88992 -1856.964)
(-0.02275399 6.493924 -2549.293)
(-0.05187133 8.578558 -9106.331)
(-0.004899757 1.379503 -1867.34)
(0.0006752706 2.105333 -1846.761)
(-0.001395064 2.620481 -1166.343)
(0.007446321 2.89681 -594.516)
(0.009992988 2.90409 -163.5595)
(8.295781e-05 0.0432175 -6.579177)
(7.69157e-05 0.05237633 -28.18625)
(3.090058e-05 0.08305897 -63.86751)
(2.981979e-05 0.1422136 -114.7573)
(0.0001273433 0.2420562 -132.4579)
(0.001427399 3.547511 -980.1877)
(0.001650503 4.187889 -1088.968)
(0.001640202 5.445876 -1831.416)
(-0.007649661 7.221127 -2516.57)
(-0.04216762 9.534409 -9010.157)
(-0.01240401 1.536754 -1845.966)
(-0.008160541 2.32451 -1827.087)
(0.00107766 2.916079 -1153.213)
(-0.002084979 3.212513 -589.4626)
(0.007937655 3.212891 -163.3884)
(9.236478e-05 0.03792654 -6.466931)
(0.0001430241 0.04739774 -27.66938)
(0.0001054241 0.07285873 -62.76874)
(5.947374e-05 0.1259059 -112.7886)
(5.681869e-05 0.2138703 -130.2709)
(0.00224731 3.129512 -964.6989)
(0.001994174 3.697648 -1073.58)
(0.003281825 4.80234 -1807.406)
(0.002449776 6.345403 -2487.388)
(-0.01680176 8.376598 -8920.403)
(-0.01097336 1.35498 -1825.51)
(-0.021758 2.052293 -1804.895)
(-0.01017632 2.55527 -1141.133)
(0.001406481 2.836416 -584.8665)
(-0.002808302 2.827416 -163.089)
(0.0001659853 0.03508972 -27.28521)
(0.0001101595 0.05627423 -61.87298)
(-1.646893e-05 0.09328689 -111.2736)
(0.0002510938 0.1591497 -128.5089)
(0.0009183521 2.306944 -952.6036)
(0.002830917 2.739286 -1061.187)
(0.003248017 3.562401 -1789.156)
(0.007185567 4.7145 -2465.27)
(0.002908052 6.209055 -8856.506)
(-0.005933491 1.016431 -1809.746)
(-0.0194751 1.543247 -1786.86)
(-0.02821736 1.922867 -1129.376)
(-0.01126697 2.120679 -581.5)
(0.001449389 2.131928 -162.9396)
(0.0002204486 0.03377377 -61.23905)
(0.0001416595 0.05722472 -110.1694)
(-4.199999e-05 0.09782757 -127.3528)
(-0.000182936 1.385206 -944.1964)
(0.0004130966 1.638918 -1053.256)
(0.004796052 2.157561 -1776.245)
(0.005182077 2.865812 -2451.509)
(0.0122547 3.803232 -8816.12)
(-0.0003707264 0.646243 -1800.431)
(-0.01005723 0.9616706 -1774.836)
(-0.02410487 1.184551 -1120.925)
(-0.03218959 1.303787 -578.0971)
(-0.01164529 1.300628 -162.9116)
(0.0002792861 0.01932404 -109.5566)
(0.0001519693 0.03224181 -126.745)
(-0.00230125 0.475645 -940.1555)
(-0.001571973 0.5281881 -1048.926)
(0.003342279 0.7137561 -1770.667)
(0.006249721 0.9635557 -2443.437)
(0.007515876 1.27871 -8800.607)
(0.00581006 0.211238 -1795.893)
(0.001253727 0.3637393 -1771.046)
(-0.01754291 0.419517 -1116.645)
(-0.02958247 0.4382307 -575.8724)
(-0.03360594 0.4359845 -162.5496)
(0.0003404955 -0.03281903 -126.6274)
(0.001601603 -0.470973 -940.335)
(-0.001535395 -0.5602401 -1048.682)
(-0.003206291 -0.6930102 -1770.047)
(0.002744943 -0.9421232 -2444.643)
(0.004498463 -1.280411 -8797.389)
(0.0009779391 -0.2104048 -1796.968)
(0.01114777 -0.3216216 -1769.929)
(0.002335977 -0.4518139 -1117.148)
(-0.01935885 -0.4631495 -575.1096)
(-0.03103699 -0.4378999 -162.2725)
(0.00414549 -1.436201 -943.4272)
(0.001980791 -1.672306 -1053.443)
(0.004004715 -2.183908 -1776.004)
(-0.004751921 -2.834242 -2450.354)
(-0.002541773 -3.770337 -8820.715)
(-0.002160068 -0.6274605 -1800.928)
(0.001889039 -0.9540044 -1775.88)
(0.009257841 -1.195528 -1119.382)
(0.0005927942 -1.375537 -575.9392)
(-0.01538024 -1.327699 -161.906)
(0.004215472 -2.790587 -1060.346)
(0.002189624 -3.629894 -1790.109)
(0.01019781 -4.7302 -2465.849)
(-0.009120994 -6.220386 -8855.294)
(-0.001810812 -1.029076 -1810.27)
(-0.002201149 -1.560192 -1785.269)
(0.002620721 -1.944185 -1126.333)
(0.0100812 -2.157764 -577.9822)
(0.001294269 -2.165379 -161.8451)
(-0.001364379 -4.803518 -1806.805)
(0.005570679 -6.412396 -2489.283)
(0.02419545 -8.406358 -8917.115)
(-0.00246084 -1.364451 -1822.54)
(-0.002804363 -2.072783 -1800.296)
(-0.002231716 -2.592297 -1135.664)
(0.002918246 -2.85584 -581.7109)
(0.009350906 -2.86717 -161.8803)
(-0.01084371 -7.211084 -2514.157)
(0.0009740341 -9.541344 -9000.615)
(0.004244546 -1.556601 -1840.043)
(-0.003069406 -2.359795 -1818.28)
(-0.003018943 -2.93879 -1148.462)
(-0.002016589 -3.248358 -586.2379)
(0.00263715 -3.237556 -162.2121)
(-0.0197425 -8.623727 -9068.743)
(-0.001994964 -1.397438 -1859.671)
(0.006383335 -2.141648 -1838.692)
(-0.002722367 -2.664878 -1161.11)
(-0.002800873 -2.934894 -591.417)
(-0.001817605 -2.937693 -162.4596)
(-0.005446709 -1.004838 -1871.077)
(-0.002904807 -1.566172 -1855.603)
(0.007584358 -1.972049 -1171.603)
(-0.001894509 -2.118535 -595.078)
(-0.002409663 -2.11329 -162.7862)
(-0.01203185 -0.9556236 -1863.443)
(-0.008324137 -1.248371 -1177.972)
(0.01335513 -1.391872 -597.153)
(0.004064446 -1.394356 -162.9324)
(-0.01501111 -0.6573025 -1181.545)
(-0.01050593 -0.7279599 -598.8648)
(0.00735843 -0.7346057 -162.8525)
(-0.0168306 -0.2346879 -598.9432)
(-0.0125493 -0.2330906 -162.7628)
(-3.396229e-05 0.009499474 -6.918526)
(-4.105559e-05 0.01142506 -29.63201)
(1.991945e-05 0.01666864 -67.12354)
(2.712094e-05 0.02645103 -120.4901)
(0.0002439543 0.04198912 -138.9011)
(0.0006026546 0.544999 -1024.701)
(-0.00754244 0.5913521 -1134.461)
(-0.006595481 0.7404523 -1904.86)
(0.001395626 0.8774153 -2606.441)
(-0.0001096269 1.024845 -9255.53)
(0.004797101 0.1378143 -1897.491)
(0.006446654 0.1807573 -1879.711)
(-0.005784326 0.2646449 -1186.722)
(-0.003380978 0.286122 -602.1414)
(-0.0002202066 0.2826014 -164.0941)
(-3.31377e-05 0.01555972 -6.881065)
(-3.960441e-05 0.01833301 -29.46446)
(1.736639e-05 0.0284596 -66.7543)
(4.174775e-05 0.04673017 -119.8666)
(5.245195e-05 0.07661198 -138.2266)
(-0.0009716654 1.096952 -1020.959)
(-0.005819798 1.198443 -1131.448)
(-0.00922203 1.479542 -1900.085)
(-0.006969401 1.876493 -2602.43)
(-0.001026137 2.4373 -9246.183)
(-0.00031771 0.3819469 -1896.442)
(0.005044137 0.5671523 -1877.521)
(0.01283047 0.6444492 -1186.387)
(-0.0008170617 0.7681377 -602.0487)
(-0.00370326 0.7626356 -164.3194)
(-2.729493e-05 0.01622824 -6.850842)
(9.298824e-06 0.01975424 -29.32425)
(2.053061e-05 0.03217989 -66.435)
(3.749538e-05 0.0553947 -119.3049)
(8.890338e-05 0.09459523 -137.5871)
(0.0008849101 1.390143 -1016.337)
(-0.00168998 1.649235 -1126.116)
(-0.01146916 2.16435 -1890.662)
(-0.02806774 2.882152 -2591.516)
(-0.02161032 3.787017 -9225.583)
(0.0003905862 0.6383039 -1890.816)
(-0.0005965519 0.9391434 -1872.789)
(0.006275028 1.224189 -1183.498)
(0.009101092 1.294522 -600.4983)
(-0.0007929366 1.304974 -164.0647)
(7.464161e-05 0.02659017 -6.793692)
(1.506382e-05 0.03296271 -29.07777)
(1.678018e-05 0.05221807 -65.88334)
(4.616168e-05 0.08978812 -118.3173)
(7.707605e-05 0.1532808 -136.4823)
(0.001587587 2.248918 -1008.469)
(0.001172225 2.66037 -1117.875)
(-0.003631327 3.482768 -1876.59)
(-0.02216896 4.638849 -2572.802)
(-0.04957065 6.138664 -9170.729)
(-0.00480085 0.9879418 -1881.515)
(0.0006141359 1.509423 -1862.397)
(-0.0009650768 1.874631 -1176.607)
(0.007119597 2.07504 -598.4178)
(0.00938994 2.077065 -163.8415)
(8.134275e-05 0.03843995 -6.698977)
(8.62669e-05 0.04663665 -28.69564)
(2.80091e-05 0.07403918 -65.01488)
(3.034779e-05 0.1268715 -116.7886)
(0.0001017775 0.2162369 -134.7469)
(0.001386016 3.172348 -996.348)
(0.002143278 3.749481 -1105.433)
(0.001809849 4.886273 -1856.892)
(-0.007779806 6.494089 -2547.02)
(-0.04070406 8.595708 -9093.747)
(-0.01167238 1.386035 -1864.368)
(-0.007961026 2.095807 -1847.074)
(0.0008949298 2.630326 -1166.379)
(-0.001555085 2.896054 -594.4341)
(0.007431407 2.89792 -163.6931)
(4.049167e-05 0.04256536 -6.580193)
(9.727277e-05 0.052628 -28.16431)
(0.0001240985 0.08290698 -63.87622)
(4.833682e-05 0.1423088 -114.7527)
(5.490254e-05 0.2418817 -132.4776)
(0.001923425 3.543485 -980.2292)
(0.001967761 4.191398 -1089.321)
(0.003812855 5.45341 -1831.709)
(0.002684876 7.217044 -2516.277)
(-0.01634823 9.541003 -8999.695)
(-0.01044981 1.542068 -1842.941)
(-0.0206486 2.335246 -1823.837)
(-0.01003771 2.903919 -1153.463)
(0.001209686 3.222693 -589.4816)
(-0.002339034 3.212704 -163.3424)
(0.0001077587 0.0461836 -27.68455)
(0.0002141051 0.07491699 -62.71708)
(0.0001859437 0.1247401 -112.8072)
(8.890176e-05 0.2139076 -130.2614)
(0.0008295876 3.127803 -964.8868)
(0.00262622 3.694285 -1073.573)
(0.003262721 4.805062 -1808.171)
(0.007476167 6.352077 -2487.764)
(0.003231208 8.375908 -8918.126)
(-0.005418855 1.36122 -1823.194)
(-0.01807619 2.060749 -1801.61)
(-0.0271843 2.564577 -1138.942)
(-0.01132261 2.824338 -584.983)
(0.001280278 2.836842 -163.085)
(0.0002366815 0.05554437 -61.8486)
(0.0001542918 0.09612578 -111.2347)
(1.771922e-05 0.1585235 -128.559)
(0.00319045 2.325844 -952.4827)
(0.0009629363 2.724102 -1061.43)
(0.003318346 3.561308 -1789.028)
(0.005209315 4.714015 -2466.559)
(0.01408223 6.23219 -8857.356)
(0.0001756882 1.019501 -1809.243)
(-0.009533663 1.550183 -1784.801)
(-0.02412259 1.930887 -1127.19)
(-0.03145271 2.126625 -580.3111)
(-0.01183057 2.121091 -162.9523)
(0.0003133863 0.05782967 -110.0969)
(0.0001789073 0.09710572 -127.338)
(0.000181319 1.429252 -944.3452)
(-0.0006668406 1.635678 -1052.833)
(0.0003491054 2.13436 -1776.908)
(0.004129052 2.867339 -2451.052)
(0.007481138 3.798498 -8821.082)
(0.003598308 0.6276577 -1800.406)
(-0.0001254818 0.9971036 -1774.96)
(-0.01211124 1.201867 -1119.391)
(-0.02685545 1.309196 -576.9891)
(-0.03323819 1.303725 -162.5708)
(0.0003404951 0.03281898 -126.6274)
(0.00160158 0.4709727 -940.335)
(-0.001535419 0.5602406 -1048.682)
(-0.003206314 0.6930113 -1770.047)
(0.002744782 0.9421251 -2444.643)
(0.004498439 1.280423 -8797.389)
(0.0009778588 0.210406 -1796.968)
(0.01114791 0.3216302 -1769.929)
(0.002336537 0.4518077 -1117.147)
(-0.01935752 0.4631371 -575.1095)
(-0.03103448 0.4378426 -162.2725)
(0.003229159 -0.4796945 -939.1757)
(0.001389907 -0.5553254 -1049.287)
(0.001197782 -0.7251595 -1769.578)
(-0.006027779 -0.9329031 -2443.415)
(-0.0004848775 -1.245019 -8800.577)
(-0.00183063 -0.2111123 -1796.41)
(0.001921214 -0.3201136 -1770.997)
(0.01455436 -0.4000918 -1116.21)
(0.002837498 -0.4944304 -575.2985)
(-0.020852 -0.4632282 -161.9642)
(0.003011217 -1.693744 -1051.777)
(0.001618918 -2.169187 -1777.242)
(0.009285731 -2.877587 -2450.239)
(-0.009337261 -3.770901 -8813.846)
(-0.001417041 -0.6310244 -1801.627)
(-0.003801963 -0.9576148 -1775.515)
(0.002686597 -1.190171 -1120.031)
(0.01074011 -1.318636 -575.7257)
(-6.881844e-05 -1.375728 -161.8204)
(0.0008366882 -3.621248 -1787.161)
(0.001288022 -4.782216 -2467.297)
(0.01774419 -6.261356 -8856.218)
(-0.00400836 -1.018825 -1809.022)
(-0.00294166 -1.573258 -1785.679)
(-0.002504265 -1.951082 -1126.159)
(0.002949272 -2.149363 -578.2651)
(0.009984371 -2.158783 -161.7513)
(-0.009032255 -6.370839 -2485.743)
(-0.0007158971 -8.443378 -8921.243)
(0.004502099 -1.382298 -1822.521)
(-0.00412021 -2.077272 -1799.078)
(-0.003271829 -2.590596 -1135.957)
(-0.002474464 -2.866052 -581.5253)
(0.002545357 -2.857358 -161.931)
(-0.02175395 -9.572408 -8982.385)
(-0.002134138 -1.545562 -1840.976)
(0.006967428 -2.370406 -1818.165)
(-0.0036526 -2.946211 -1147.718)
(-0.003325897 -3.247477 -586.3487)
(-0.002525974 -3.251189 -162.103)
(-0.005735336 -1.405066 -1856.135)
(-0.002572311 -2.124952 -1839.641)
(0.008070702 -2.673736 -1161.076)
(-0.002991447 -2.944928 -591.006)
(-0.00315177 -2.938875 -162.4647)
(-0.008194215 -1.530241 -1852.463)
(-0.00273961 -1.956869 -1172.144)
(0.008338108 -2.180123 -595.0527)
(-0.002136494 -2.123946 -162.6619)
(-0.01441796 -1.192465 -1177.241)
(-0.009357199 -1.38014 -597.2417)
(0.01313404 -1.396795 -162.6877)
(-0.0166133 -0.7202799 -598.3525)
(-0.01211308 -0.7262639 -162.7935)
(-0.0181556 -0.2315571 -162.4967)
(3.735197e-06 0.009864209 -6.918735)
(-4.355501e-05 0.01091703 -29.62045)
(-7.021886e-05 0.01667098 -67.12834)
(4.282002e-05 0.02645863 -120.4976)
(5.266351e-05 0.04197897 -138.903)
(0.003162388 0.5865615 -1024.915)
(-0.0008617523 0.5928238 -1133.59)
(-0.01443458 0.6859562 -1902.996)
(-0.0123721 0.8759045 -2606.606)
(0.002273685 1.060461 -9255.575)
(-0.0002643288 0.1539862 -1897.434)
(0.008868295 0.184089 -1879.907)
(0.008169166 0.2137541 -1187.993)
(-0.006483799 0.2868531 -601.8695)
(-0.003641146 0.2822376 -164.0507)
(6.887101e-06 0.01555106 -6.88105)
(-4.271707e-05 0.01829804 -29.45399)
(-6.86473e-05 0.0275626 -66.75605)
(3.539661e-05 0.04674067 -119.8778)
(9.231564e-05 0.07665183 -138.2374)
(0.0008845042 1.096417 -1020.965)
(-0.001769125 1.246111 -1130.906)
(-0.01137654 1.483407 -1898.217)
(-0.02176465 1.883832 -2600.633)
(-0.01806647 2.429364 -9246.808)
(0.002092394 0.384159 -1895.337)
(-0.0004200545 0.5656645 -1878.981)
(0.006431757 0.6994278 -1186.398)
(0.01432968 0.7056038 -602.093)
(-0.001111543 0.7651377 -164.2092)
(3.780552e-05 0.01617243 -6.848543)
(-3.596266e-05 0.01975096 -29.32457)
(1.581768e-05 0.03127714 -66.43956)
(3.837269e-05 0.05534305 -119.3086)
(7.672325e-05 0.09462919 -137.6045)
(0.001696518 1.391367 -1016.446)
(0.00118709 1.648007 -1126.1)
(-0.003808655 2.162403 -1889.473)
(-0.02167994 2.890586 -2588.366)
(-0.04782446 3.833497 -9213.581)
(-0.004797407 0.6351329 -1890.97)
(0.0007145784 0.9822568 -1872.839)
(-0.0006485654 1.17241 -1183.448)
(0.006979402 1.353718 -601.0577)
(0.009146668 1.296303 -164.0593)
(7.986938e-05 0.02668885 -6.789321)
(9.105306e-05 0.03238244 -29.08021)
(2.272396e-05 0.05227017 -65.88314)
(3.06145e-05 0.0896859 -118.3285)
(8.367375e-05 0.1531613 -136.4866)
(0.001355773 2.250004 -1008.664)
(0.002409863 2.66327 -1118.049)
(0.00187232 3.480214 -1876.506)
(-0.00789818 4.638089 -2570.604)
(-0.03925875 6.156978 -9158.728)
(-0.01100226 0.9928241 -1878.69)
(-0.00778388 1.501615 -1862.622)
(0.0008182244 1.885232 -1176.636)
(-0.001074862 2.071599 -598.3492)
(0.007091366 2.076671 -163.967)
(2.716598e-05 0.03820404 -6.69952)
(9.599623e-05 0.04682528 -28.67538)
(0.0001381867 0.07388699 -65.02218)
(4.395666e-05 0.1269808 -116.7854)
(5.326542e-05 0.2160405 -134.7638)
(0.001542152 3.169183 -996.3754)
(0.001913913 3.751812 -1105.779)
(0.004292269 4.892128 -1857.21)
(0.002846056 6.489907 -2546.723)
(-0.01607312 8.600594 -9083.779)
(-0.009881484 1.3918 -1861.478)
(-0.01928534 2.107518 -1843.985)
(-0.009780501 2.618184 -1166.57)
(0.001005117 2.907076 -594.4388)
(-0.001794458 2.897068 -163.6511)
(4.461445e-05 0.05184412 -28.16785)
(0.0001423724 0.08329128 -63.8294)
(0.0002159856 0.1420584 -114.7668)
(6.883547e-05 0.242022 -132.4688)
(0.000773829 3.540584 -980.3994)
(0.002253156 4.187259 -1089.314)
(0.003218369 5.455992 -1832.449)
(0.007865794 7.224579 -2516.67)
(0.003503892 9.537489 -8997.51)
(-0.005146551 1.545943 -1840.715)
(-0.01709513 2.345794 -1820.666)
(-0.02573332 2.917484 -1151.341)
(-0.01116381 3.209059 -589.5756)
(0.001091044 3.223316 -163.3355)
(0.0001537927 0.07309948 -62.74646)
(0.0003376736 0.1280952 -112.7261)
(0.0003299027 0.2120487 -130.2808)
(0.00103306 3.128098 -964.7589)
(0.000841627 3.692151 -1073.808)
(0.003117674 4.80239 -1808.066)
(0.005213585 6.352091 -2489.004)
(0.01403227 8.381267 -8918.951)
(0.000216395 1.361979 -1822.728)
(-0.008460423 2.073313 -1799.376)
(-0.02219223 2.57574 -1136.81)
(-0.03028923 2.834678 -583.8172)
(-0.01187834 2.824441 -163.0942)
(0.0003459091 0.09514629 -111.1749)
(0.0002032512 0.1628671 -128.5323)
(0.001033262 2.319352 -952.8039)
(0.003036811 2.743615 -1061.168)
(0.0006970772 3.546088 -1789.442)
(0.003204419 4.715309 -2466.151)
(0.007476308 6.226695 -8862.125)
(0.003733667 1.022022 -1809.412)
(0.0009183096 1.558316 -1784.392)
(-0.01130814 1.939436 -1125.878)
(-0.02697247 2.135557 -579.2194)
(-0.03248558 2.127334 -162.6162)
(0.0004014375 0.09823857 -127.234)
(0.002054922 1.418529 -944.4764)
(0.001189544 1.684915 -1052.875)
(-0.002050921 2.130996 -1776.01)
(-0.0003443693 2.836648 -2451.964)
(0.001059779 3.803324 -8818.001)
(0.0009628248 0.6253802 -1801.461)
(0.006832509 0.9582186 -1774.829)
(0.0004226581 1.246416 -1119.538)
(-0.0137581 1.327539 -575.9785)
(-0.02825913 1.309122 -162.2948)
(0.003229154 0.4796941 -939.1757)
(0.001389886 0.5553252 -1049.287)
(0.001197759 0.7251601 -1769.578)
(-0.006027821 0.9329047 -2443.415)
(-0.0004851238 1.245022 -8800.577)
(-0.001830667 0.211114 -1796.41)
(0.001921061 0.3201157 -1770.997)
(0.01455455 0.4001029 -1116.21)
(0.002838126 0.4944236 -575.2985)
(-0.02085061 0.4632153 -161.9642)
(0.001936707 -0.5655887 -1047.498)
(0.0007530928 -0.7208327 -1770.873)
(0.007214526 -0.9545126 -2442.667)
(-0.01031144 -1.260262 -8794.959)
(-0.002391523 -0.2072546 -1797.314)
(-0.003580059 -0.3213437 -1770.611)
(0.00273065 -0.3981889 -1116.868)
(0.01628317 -0.4403364 -574.5915)
(0.002240958 -0.4927481 -161.9587)
(-0.0007299348 -2.196014 -1773.946)
(0.0006252489 -2.863694 -2452.104)
(0.01733056 -3.780499 -8813.357)
(-0.002260324 -0.6330899 -1800.006)
(-0.002269002 -0.9684237 -1776.427)
(-0.004544066 -1.1946 -1119.837)
(0.003023687 -1.312668 -576.0137)
(0.01085116 -1.317892 -161.6961)
(-0.006698687 -4.774073 -2462.276)
(-0.001867308 -6.288464 -8860.964)
(0.004372891 -1.027262 -1809.249)
(-0.006849649 -1.554489 -1784.453)
(-0.003435073 -1.967783 -1126.45)
(-0.002770551 -2.157036 -578.0625)
(0.002561938 -2.150049 -161.8038)
(-0.02368865 -8.430466 -8903.736)
(-0.003895047 -1.362922 -1823.435)
(0.007513258 -2.110067 -1799.126)
(-0.005083172 -2.595834 -1135.164)
(-0.003606314 -2.864103 -581.6483)
(-0.003029469 -2.868335 -161.814)
(-0.00634942 -1.57356 -1837.015)
(-0.00261896 -2.348088 -1819.245)
(0.008847833 -2.961032 -1147.643)
(-0.004028322 -3.255577 -585.8831)
(-0.003759643 -3.250303 -162.112)
(-0.008595825 -2.136017 -1836.199)
(-0.002181643 -2.651867 -1161.685)
(0.008890706 -2.954822 -590.9603)
(-0.003328046 -2.950288 -162.3162)
(-0.00936813 -1.908191 -1170.044)
(-0.003159627 -2.163009 -595.1874)
(0.008094232 -2.186058 -162.6362)
(-0.01601274 -1.318729 -596.5796)
(-0.01106305 -1.384812 -162.6287)
(-0.01798477 -0.7200873 -162.5006)
(7.312254e-06 0.009868184 -6.918741)
(4.609109e-06 0.01138544 -29.62142)
(-7.521426e-05 0.01579256 -67.10132)
(-0.0001255075 0.0264618 -120.5088)
(9.381522e-05 0.04199126 -138.9141)
(0.000884389 0.5863948 -1024.919)
(0.003015915 0.6410029 -1133.583)
(-0.005576707 0.6880995 -1901.182)
(-0.02668479 0.8231902 -2603.548)
(-0.02139834 1.057837 -9256.094)
(0.0004679425 0.1383471 -1897.448)
(-0.0003305414 0.2188442 -1879.885)
(0.01153103 0.2181616 -1187.956)
(0.009093374 0.2297077 -602.6086)
(-0.006795109 0.2830368 -163.944)
(7.642604e-05 0.01590579 -6.881352)
(8.039006e-06 0.01828597 -29.45384)
(-7.459413e-05 0.02750171 -66.73183)
(-0.000125294 0.04510013 -119.8811)
(7.392626e-05 0.07666143 -138.2547)
(0.001730968 1.096947 -1021.077)
(0.001178977 1.245443 -1130.884)
(-0.003960567 1.538068 -1897.012)
(-0.02147489 1.890422 -2597.574)
(-0.04307223 2.440357 -9239.049)
(-0.006445699 0.3823175 -1895.444)
(0.004373659 0.5698168 -1877.518)
(-0.0004284942 0.697425 -1187.517)
(0.007152869 0.767315 -601.9389)
(0.01439254 0.702353 -164.2047)
(5.627213e-05 0.01622713 -6.844258)
(4.344742e-05 0.01968384 -29.31451)
(-6.525328e-05 0.03126614 -66.43986)
(2.847789e-05 0.05368031 -119.3181)
(7.119493e-05 0.09456442 -137.6087)
(0.001356377 1.39159 -1016.638)
(0.002505107 1.649297 -1126.278)
(0.001865103 2.160797 -1889.379)
(-0.008049261 2.887768 -2586.203)
(-0.03817459 3.848688 -9202.038)
(-0.01055344 0.6214252 -1888.246)
(-0.007785895 0.9767956 -1872.994)
(0.000949193 1.229591 -1183.489)
(-0.0007225024 1.295542 -600.9955)
(0.006939325 1.355627 -164.1783)
(1.691177e-05 0.02630889 -6.789584)
(9.466618e-05 0.0324962 -29.06115)
(0.0001450953 0.05128542 -65.88849)
(3.562908e-05 0.08976962 -118.3265)
(5.244037e-05 0.1529768 -136.5013)
(0.001285637 2.248661 -1008.687)
(0.001880441 2.664029 -1118.383)
(0.004507453 3.483262 -1876.84)
(0.00287696 4.635082 -2570.301)
(-0.01589757 6.159098 -9149.163)
(-0.009391761 0.9979515 -1875.929)
(-0.01807176 1.510089 -1859.677)
(-0.009555346 1.875295 -1176.773)
(0.0009194162 2.083445 -598.3468)
(-0.001302903 2.073135 -163.928)
(2.939273e-05 0.04655548 -28.67709)
(0.0001424906 0.07416431 -64.97868)
(0.0002380934 0.1267444 -116.7975)
(6.334268e-05 0.2162133 -134.7566)
(0.0007288179 3.166065 -996.5224)
(0.001820266 3.748751 -1105.772)
(0.003149531 4.893295 -1857.923)
(0.008186726 6.495634 -2547.15)
(0.003671863 8.596527 -9081.652)
(-0.004903322 1.395106 -1859.345)
(-0.01604864 2.118579 -1840.95)
(-0.02395908 2.63294 -1164.548)
(-0.01087289 2.89348 -594.5086)
(0.000895465 2.908464 -163.6401)
(5.495587e-05 0.08209554 -63.83336)
(0.0002188735 0.1426779 -114.6936)
(0.0003761872 0.2416259 -132.483)
(0.0007367938 3.542511 -980.2779)
(0.0007622646 4.183625 -1089.526)
(0.002694945 5.452654 -1832.363)
(0.005165353 7.224129 -2517.854)
(0.01407837 9.544074 -8998.395)
(0.0002538199 1.546278 -1840.267)
(-0.007974153 2.352468 -1818.51)
(-0.02092884 2.931389 -1149.278)
(-0.0286553 3.224155 -588.4464)
(-0.01170251 3.209366 -163.3405)
(0.0002255389 0.1252562 -112.7638)
(0.0005132456 0.217284 -130.2101)
(0.005339653 3.103292 -964.8785)
(0.0008112993 3.692334 -1073.539)
(0.0005242787 4.799428 -1808.469)
(0.003092931 6.352301 -2488.656)
(0.007493642 8.375747 -8923.474)
(0.003548156 1.361653 -1822.893)
(0.0009451173 2.074751 -1799.001)
(-0.009823736 2.592615 -1135.354)
(-0.02471374 2.847138 -582.7463)
(-0.03129531 2.835249 -162.7653)
(0.0004633577 0.1617055 -128.445)
(0.002440401 2.377414 -952.827)
(0.002132963 2.739402 -1061.402)
(0.00177484 3.563124 -1788.809)
(-0.0005390054 4.704532 -2466.685)
(0.001478243 6.233149 -8859.295)
(0.0009498537 1.018945 -1810.432)
(0.006868403 1.56035 -1784.575)
(0.001721203 1.952511 -1125.614)
(-0.01267339 2.145015 -578.345)
(-0.02839642 2.13626 -162.3424)
(0.004145477 1.436201 -943.4272)
(0.001980734 1.672306 -1053.443)
(0.004004652 2.183909 -1776.004)
(-0.004752026 2.834243 -2450.354)
(-0.002542498 3.770339 -8820.715)
(-0.002160169 0.6274618 -1800.928)
(0.00188861 0.954006 -1775.88)
(0.009258535 1.195536 -1119.382)
(0.0005946387 1.375529 -575.9391)
(-0.0153766 1.327687 -161.906)
(0.001936703 0.5655884 -1047.498)
(0.000753085 0.7208329 -1770.873)
(0.007214509 0.954513 -2442.667)
(-0.01031151 1.260265 -8794.959)
(-0.002391562 0.2072544 -1797.314)
(-0.003580131 0.3213465 -1770.611)
(0.002730453 0.3981916 -1116.868)
(0.01628337 0.4403487 -574.5915)
(0.002241597 0.4927412 -161.9587)
(-0.002013569 -0.7330357 -1767.354)
(-0.0005723969 -0.9530958 -2444.603)
(0.01738703 -1.253929 -8792.606)
(-0.001933745 -0.2209253 -1796.044)
(-0.004422637 -0.3181773 -1771.844)
(-0.004637707 -0.3997074 -1116.662)
(0.003070291 -0.438229 -574.8831)
(0.01629259 -0.4397341 -161.6672)
(-0.008528869 -2.892626 -2446.534)
(-0.002597933 -3.773619 -8819.427)
(0.00476022 -0.609818 -1799.786)
(-0.003366942 -0.9721575 -1774.74)
(-0.002733582 -1.212387 -1120.519)
(-0.005052653 -1.317608 -575.7978)
(0.002626391 -1.311725 -161.7497)
(-0.02066495 -6.270609 -8838.818)
(-0.001843269 -1.015984 -1810.062)
(0.008091915 -1.565929 -1784.813)
(-0.008283232 -1.945217 -1125.658)
(-0.00379776 -2.175667 -578.1836)
(-0.003354552 -2.158277 -161.6793)
(-0.008719271 -1.378326 -1819.823)
(-0.005841386 -2.06568 -1800.112)
(0.009585126 -2.636243 -1135.221)
(-0.005724788 -2.869979 -581.1412)
(-0.004105978 -2.866291 -161.8255)
(-0.009554469 -2.399506 -1815.377)
(-0.002094671 -2.930585 -1148.327)
(0.009769256 -3.27313 -585.816)
(-0.004466203 -3.2597 -161.9373)
(-0.009774156 -2.663435 -1159.376)
(-0.002531445 -2.930151 -591.1182)
(0.008639492 -2.960547 -162.2843)
(-0.01041724 -2.108949 -593.6661)
(-0.004985345 -2.168591 -162.5868)
(-0.01749115 -1.325715 -162.2754)
(7.826512e-05 0.009868463 -6.919049)
(8.571738e-06 0.01139026 -29.62136)
(7.420938e-06 0.016605 -67.1039)
(-0.0001367647 0.02484891 -120.4587)
(-0.0002103874 0.04199416 -138.9313)
(0.001746447 0.5865608 -1025.033)
(0.00117443 0.6407884 -1133.558)
(0.001582776 0.7440533 -1900.894)
(-0.01579855 0.8261483 -2600.571)
(-0.04569413 1.026702 -9244.751)
(-0.004796801 0.1377345 -1897.532)
(0.0008844355 0.1849818 -1879.913)
(-0.0003172336 0.2645422 -1187.946)
(0.01288099 0.2346379 -602.4198)
(0.009128953 0.2256417 -164.1651)
(5.315026e-05 0.01593718 -6.877165)
(9.286291e-05 0.01874337 -29.45511)
(1.14041e-05 0.02747822 -66.73102)
(-0.0001382744 0.04498792 -119.837)
(-0.0002173614 0.07378089 -138.2588)
(0.00133112 1.096928 -1021.264)
(0.002524103 1.245983 -1131.064)
(0.001836383 1.537154 -1896.913)
(-0.008307493 1.941686 -2595.399)
(-0.03777028 2.450352 -9227.815)
(-0.01191869 0.3842968 -1893.937)
(-0.01134644 0.5666748 -1877.624)
(0.005834575 0.7027466 -1186.399)
(-0.0004770139 0.7651019 -602.5883)
(0.007107191 0.7642267 -164.0918)
(-1.087275e-05 0.01590576 -6.852637)
(7.121835e-05 0.01974564 -29.29575)
(6.157219e-05 0.03116348 -66.41611)
(-0.0001253788 0.05365412 -119.3171)
(4.874376e-05 0.09161947 -137.6215)
(0.001128735 1.391144 -1016.666)
(0.00189274 1.649182 -1126.599)
(0.004537789 2.162017 -1889.721)
(0.002832235 2.885832 -2585.895)
(-0.01589771 3.845445 -9192.71)
(-0.009046416 0.6252603 -1885.587)
(-0.0172801 0.9458612 -1870.149)
(-0.009564255 1.222654 -1183.583)
(0.001065671 1.359734 -600.9939)
(-0.0009424315 1.297162 -164.142)
(1.765039e-05 0.03209685 -29.06177)
(0.0001417548 0.0514452 -65.84729)
(0.000248252 0.08799241 -118.3357)
(5.161453e-05 0.1531167 -136.4958)
(0.0007131485 2.245925 -1008.817)
(0.001549176 2.663152 -1118.386)
(0.003124381 3.482765 -1877.521)
(0.008224334 4.637736 -2570.754)
(0.003685602 6.15617 -9147.075)
(-0.004719105 1.000136 -1873.87)
(-0.015171 1.51961 -1856.774)
(-0.02238892 1.885877 -1174.841)
(-0.01061823 2.072333 -598.3937)
(0.0008177861 2.08528 -163.9139)
(3.427309e-05 0.07379594 -64.97933)
(0.0002226693 0.1271677 -116.7288)
(0.0004087463 0.215868 -134.7694)
(0.0006990769 3.168602 -996.4152)
(0.000706753 3.744987 -1105.957)
(0.002223031 4.891503 -1857.858)
(0.005113295 6.493623 -2548.275)
(0.01403911 8.601386 -9082.668)
(0.0002720714 1.39525 -1858.907)
(-0.007552483 2.12409 -1838.872)
(-0.01958915 2.647456 -1162.565)
(-0.02666119 2.909904 -593.4299)
(-0.01138579 2.894618 -163.6415)
(6.19337e-05 0.1407549 -114.6887)
(0.0003252666 0.2425754 -132.4201)
(0.00594129 3.537232 -980.3585)
(0.0004864343 4.18597 -1089.27)
(0.0004183592 5.447657 -1832.729)
(0.002721612 7.224295 -2517.567)
(0.007507304 9.537589 -9002.64)
(0.003367678 1.546136 -1840.446)
(0.0009590915 2.353144 -1818.147)
(-0.009228856 2.939231 -1147.867)
(-0.02329382 3.23968 -587.401)
(-0.02962221 3.225092 -163.0224)
(0.0003008884 0.21307 -130.2315)
(0.006852034 3.1745 -964.6146)
(0.007007171 3.666688 -1073.627)
(-0.0001061209 4.799679 -1807.831)
(-0.0007344724 6.348403 -2489.18)
(0.001613575 8.382699 -8920.977)
(0.0009645662 1.358252 -1823.867)
(0.00646874 2.073049 -1799.183)
(0.001723186 2.594254 -1135.111)
(-0.01091816 2.866813 -581.7776)
(-0.02606766 2.847734 -162.494)
(0.005125139 2.365051 -951.9249)
(0.002437566 2.801781 -1061.826)
(0.005031267 3.566549 -1789.141)
(-0.001863044 4.711424 -2465.465)
(-0.003665651 6.233539 -8860.738)
(-0.00130254 1.022183 -1809.944)
(0.001847642 1.554543 -1785.598)
(0.008989278 1.951663 -1125.697)
(0.001975538 2.162452 -578.0685)
(-0.01413715 2.146114 -161.999)
(0.003011207 1.693744 -1051.777)
(0.001618897 2.169188 -1777.242)
(0.009285682 2.877587 -2450.239)
(-0.009337436 3.770903 -8813.846)
(-0.001417151 0.6310242 -1801.627)
(-0.003802157 0.9576169 -1775.515)
(0.002686045 1.190172 -1120.031)
(0.01074087 1.318645 -575.7257)
(-6.693867e-05 1.375719 -161.8204)
(-0.002013569 0.733036 -1767.354)
(-0.0005723686 0.9530968 -2444.603)
(0.01738703 1.253929 -8792.606)
(-0.001933757 0.2209255 -1796.044)
(-0.0044227 0.3181768 -1771.844)
(-0.0046378 0.399711 -1116.662)
(0.00307007 0.4382319 -574.8831)
(0.0162928 0.4397464 -161.6672)
(-0.009840821 -0.965227 -2438.695)
(-0.004067858 -1.258741 -8798.93)
(0.006148966 -0.2037834 -1795.28)
(-0.002582651 -0.3430217 -1770.619)
(-0.005690259 -0.3995599 -1117.576)
(-0.005504396 -0.4399294 -574.6598)
(0.002667384 -0.4375612 -161.7216)
(-0.02244041 -3.796418 -8795.399)
(-0.001883853 -0.6150537 -1800.953)
(0.008928511 -0.9248926 -1774.48)
(-0.003754812 -1.216872 -1119.368)
(-0.003241605 -1.341039 -576.1598)
(-0.005688475 -1.317006 -161.6198)
(-0.00795291 -1.005189 -1805.437)
(-0.00161029 -1.539808 -1785.513)
(0.01076772 -1.954627 -1125.972)
(-0.008967531 -2.152782 -577.6668)
(-0.004345575 -2.177101 -161.6897)
(-0.01407045 -2.097986 -1796.834)
(-0.006075803 -2.576219 -1135.81)
(0.01061084 -2.912702 -581.1607)
(-0.006287497 -2.873221 -161.6295)
(-0.01088545 -2.994965 -1145.73)
(-0.002423674 -3.237779 -585.9974)
(0.009514197 -3.277971 -161.8985)
(-0.01087651 -2.942843 -589.432)
(-0.004512835 -2.935431 -162.2351)
(-0.01202613 -2.117459 -161.9401)
(5.434705e-05 0.009875134 -6.914889)
(9.501262e-05 0.01139077 -29.62268)
(1.235814e-05 0.01661265 -67.1033)
(1.281426e-05 0.02634617 -120.4646)
(-0.0002362262 0.03914606 -138.8711)
(-0.00288299 0.5865563 -1025.218)
(0.002532001 0.640957 -1133.739)
(0.001820109 0.7437468 -1900.79)
(-0.002996411 0.880031 -2599.702)
(-0.03422735 1.030357 -9233.796)
(-0.01015908 0.1547478 -1894.958)
(-0.007812933 0.1839366 -1879.995)
(0.001177352 0.2192717 -1187.962)
(-0.000353048 0.2867563 -602.3843)
(0.0128538 0.2305465 -164.0387)
(-1.717793e-05 0.01589043 -6.886331)
(6.631571e-05 0.01877953 -29.43673)
(0.0001466873 0.02827777 -66.7339)
(1.655476e-05 0.04494213 -119.8339)
(-0.000246794 0.07358294 -138.2067)
(-0.003133019 1.054564 -1021.301)
(0.00189879 1.24574 -1131.376)
(0.004503301 1.537604 -1897.257)
(0.002770875 1.940531 -2595.087)
(-0.01625349 2.477653 -9218.53)
(-0.008920461 0.3861266 -1891.348)
(-0.02034511 0.5697632 -1876.384)
(-0.01432468 0.6987663 -1186.461)
(0.006555032 0.771013 -601.8788)
(-0.0006920155 0.7619837 -164.2844)
(-1.058684e-05 0.0194008 -29.33244)
(0.0001230806 0.03124591 -66.37523)
(9.256893e-05 0.05348797 -119.2725)
(-0.0002315974 0.09157192 -137.6173)
(0.0006713213 1.347424 -1016.785)
(0.001423537 1.649536 -1126.622)
(0.003178649 2.160832 -1890.373)
(0.008095822 2.886595 -2586.364)
(0.003616785 3.843561 -9190.647)
(-0.004613369 0.6255114 -1883.568)
(-0.01456447 0.9528224 -1867.352)
(-0.02137042 1.180823 -1181.715)
(-0.01062733 1.351985 -601.0227)
(0.0009730139 1.361778 -164.126)
(1.816405e-05 0.05103311 -65.84598)
(0.0002234197 0.08822016 -118.2699)
(0.0004222582 0.1500268 -136.5059)
(0.0005775859 2.2481 -1008.726)
(0.0007036232 2.660186 -1118.553)
(0.001989901 3.483762 -1877.492)
(0.005144035 4.634357 -2571.822)
(0.01373602 6.157927 -9148.216)
(0.0002721892 1.000282 -1873.438)
(-0.007246855 1.523093 -1854.758)
(-0.01847479 1.898312 -1172.938)
(-0.02490004 2.084095 -597.3621)
(-0.01110416 2.074005 -163.9121)
(3.341455e-05 0.1266531 -116.7203)
(0.0003370353 0.2164644 -134.7095)
(0.006336335 3.164461 -996.4952)
(0.0005059271 3.748207 -1105.726)
(0.0003777967 4.886698 -1858.18)
(0.002351536 6.496024 -2548.056)
(0.007572972 8.593395 -9086.629)
(0.003168548 1.395002 -1859.116)
(0.0009315154 2.124344 -1838.512)
(-0.008729608 2.65373 -1161.201)
(-0.02178974 2.926089 -592.4145)
(-0.02758206 2.911717 -163.3376)
(4.154181e-05 0.2396225 -132.3958)
(0.004341802 3.549453 -980.1349)
(0.007614699 4.18052 -1089.32)
(-0.0004149895 5.45127 -1832.127)
(-0.0008096211 7.217869 -2518.044)
(0.001518971 9.546081 -9000.518)
(0.001017575 1.542434 -1841.369)
(0.006067625 2.351627 -1818.346)
(0.001705001 2.939854 -1147.63)
(-0.01025208 3.248289 -586.4615)
(-0.0246032 3.240658 -162.7539)
(0.003113842 3.119777 -964.4867)
(0.007357808 3.744688 -1073.734)
(0.01068486 4.777559 -1807.95)
(-0.002356809 6.349597 -2487.972)
(-0.003778871 8.37789 -8922.377)
(-0.001167814 1.362524 -1823.437)
(0.001849943 2.066574 -1800.171)
(0.008447765 2.591479 -1135.196)
(0.00196679 2.868583 -581.5137)
(-0.01230666 2.868385 -162.1179)
(0.004215454 2.790587 -1060.346)
(0.002189581 3.629895 -1790.109)
(0.01019773 4.730201 -2465.849)
(-0.009121246 6.220387 -8855.294)
(-0.00181098 1.029076 -1810.27)
(-0.002201446 1.560194 -1785.269)
(0.002619921 1.944187 -1126.333)
(0.01008244 2.15777 -577.9823)
(0.001297064 2.165374 -161.8451)
(-0.0007299332 2.196014 -1773.946)
(0.0006253249 2.863695 -2452.104)
(0.01733056 3.780499 -8813.356)
(-0.002260361 0.6330899 -1800.006)
(-0.002269185 0.968423 -1776.427)
(-0.004544316 1.194603 -1119.837)
(0.003023068 1.31267 -576.0137)
(0.01085191 1.317901 -161.6961)
(-0.009840808 0.9652285 -2438.695)
(-0.00406775 1.258743 -8798.93)
(0.006148977 0.2037827 -1795.28)
(-0.002582671 0.3430221 -1770.619)
(-0.005690342 0.3995591 -1117.576)
(-0.005504501 0.4399333 -574.6598)
(0.002667156 0.4375639 -161.7216)
(-0.02338561 -1.26643 -8773.811)
(-0.001870717 -0.2068126 -1796.483)
(0.01162123 -0.3099559 -1769.635)
(-0.002664619 -0.4295072 -1116.794)
(-0.006654797 -0.4432849 -575.1418)
(-0.006323898 -0.4393793 -161.5888)
(-0.007747729 -0.6088449 -1795.837)
(-0.001573968 -0.9363082 -1775.624)
(0.01193782 -1.154947 -1119.206)
(-0.003963462 -1.345907 -575.3987)
(-0.003940391 -1.342421 -161.7078)
(-0.01291021 -1.519821 -1781.107)
(-0.0005437843 -1.920891 -1126.277)
(0.0121814 -2.158008 -577.8655)
(-0.009449725 -2.155868 -161.4845)
(-0.01668302 -2.617791 -1133.708)
(-0.006713735 -2.845331 -581.2614)
(0.01036225 -2.915122 -161.6204)
(-0.01211979 -3.308942 -584.1084)
(-0.004574276 -3.241642 -161.8479)
(-0.01265636 -2.951574 -161.514)
(-1.779138e-05 0.009882915 -6.92414)
(6.785066e-05 0.01139836 -29.60438)
(0.0001498588 0.01661453 -67.10632)
(1.84038e-05 0.02635961 -120.4619)
(2.136522e-05 0.04180272 -138.8796)
(-0.003388705 0.5443591 -1024.751)
(-0.002975042 0.6408828 -1134.046)
(0.004485498 0.7438849 -1901.136)
(0.002735318 0.8796237 -2599.387)
(-0.01318806 1.061965 -9228.301)
(-0.01060726 0.1550435 -1892.438)
(-0.01663411 0.2201759 -1877.312)
(-0.00961474 0.2179476 -1188.01)
(0.001321891 0.2358737 -602.3616)
(-0.0005653215 0.2828838 -164.0115)
(-1.922384e-05 0.01871431 -29.47685)
(0.0001108565 0.02832875 -66.69368)
(0.0002482442 0.04642554 -119.8392)
(2.154376e-05 0.07350267 -138.2002)
(-0.003715324 1.051627 -1020.906)
(-0.003479863 1.197335 -1131.425)
(0.003278491 1.536694 -1897.887)
(0.007946317 1.940654 -2595.566)
(0.00353032 2.476456 -9216.482)
(-0.00464796 0.3682012 -1889.33)
(-0.01435538 0.5728918 -1873.661)
(-0.02549319 0.702535 -1185.808)
(-0.01597508 0.7665718 -601.8939)
(0.006488556 0.7679999 -164.0397)
(-6.977584e-06 0.03085435 -66.45659)
(0.0002311045 0.05359533 -119.2063)
(0.0001429097 0.09131331 -137.5629)
(-0.00359575 1.346854 -1016.707)
(0.0006974418 1.598944 -1126.787)
(0.001998978 2.163682 -1890.394)
(0.005302549 2.883201 -2587.383)
(0.01333632 3.843552 -9191.88)
(0.000265804 0.6256255 -1883.139)
(-0.007080011 0.9529084 -1865.366)
(-0.01770952 1.18988 -1179.878)
(-0.02375938 1.304888 -600.0273)
(-0.01109337 1.353932 -164.1217)
(1.062886e-05 0.08798299 -118.2593)
(0.0003403853 0.1503124 -136.4477)
(0.006475831 2.202957 -1008.799)
(0.0004461385 2.663081 -1118.35)
(0.0004442974 3.480784 -1877.788)
(0.002326482 4.64003 -2571.684)
(0.007773375 6.149507 -9151.928)
(0.002973612 0.9998935 -1873.676)
(0.0008821774 1.523294 -1854.397)
(-0.008380593 1.902088 -1171.612)
(-0.02054084 2.097948 -596.3779)
(-0.02577861 2.086326 -163.6217)
(6.252464e-06 0.2158041 -134.6845)
(0.004571709 3.171247 -996.2671)
(0.007984363 3.744539 -1105.792)
(-0.0002100415 4.891812 -1857.637)
(-0.0007283808 6.490513 -2548.477)
(0.001546233 8.605071 -9084.928)
(0.00110551 1.391318 -1859.986)
(0.005630249 2.12276 -1838.746)
(0.001625231 2.653778 -1160.963)
(-0.009693667 2.932958 -591.5095)
(-0.02304518 2.927948 -163.0722)
(-0.0003601895 3.511163 -979.7086)
(0.004713985 4.192959 -1089.434)
(0.01121653 5.446431 -1832.178)
(-0.002444537 7.224356 -2516.917)
(-0.003668526 9.538663 -9001.782)
(-0.0009874715 1.54775 -1840.999)
(0.001921076 2.344615 -1819.293)
(0.00790313 2.937225 -1147.731)
(0.001939722 3.248922 -586.2042)
(-0.01159066 3.250052 -162.389)
(0.00209476 3.687147 -1073.058)
(0.007442087 4.859299 -1808.545)
(0.01638254 6.342469 -2488.083)
(-0.006765426 8.382129 -8917.131)
(-0.001733675 1.361685 -1823.76)
(-0.001965688 2.074091 -1799.886)
(0.002597842 2.58313 -1135.815)
(0.009461113 2.865244 -581.4357)
(0.001305935 2.870318 -161.9684)
(0.000836684 3.621248 -1787.161)
(0.001288096 4.782217 -2467.297)
(0.01774415 6.261357 -8856.218)
(-0.00400841 1.018825 -1809.022)
(-0.002941935 1.573257 -1785.679)
(-0.002504644 1.951084 -1126.159)
(0.002948374 2.149365 -578.2651)
(0.009985615 2.158789 -161.7513)
(-0.008528833 2.892627 -2446.534)
(-0.002597643 3.77362 -8819.427)
(0.004760248 0.6098174 -1799.786)
(-0.003367005 0.9721574 -1774.74)
(-0.002733819 1.212386 -1120.519)
(-0.005052934 1.31761 -575.7978)
(0.002625753 1.311727 -161.7497)
(-0.02338556 1.266434 -8773.811)
(-0.00187066 0.2068132 -1796.483)
(0.01162125 0.3099546 -1769.635)
(-0.002664644 0.4295076 -1116.794)
(-0.006654889 0.4432839 -575.1418)
(-0.006324006 0.4393829 -161.5888)
(-0.007422148 -0.203194 -1791.071)
(-0.001372183 -0.3156807 -1770.794)
(0.0153638 -0.3881176 -1116.067)
(-0.00272981 -0.4743533 -574.6244)
(-0.007445952 -0.4444538 -161.7066)
(-0.01226486 -0.9203257 -1770.625)
(-0.0004348228 -1.170067 -1119.837)
(0.0135841 -1.277102 -575.3018)
(-0.004481807 -1.347674 -161.4106)
(-0.01523231 -1.893447 -1123.381)
(-0.0006674647 -2.122006 -577.7378)
(0.01202057 -2.158765 -161.5437)
(-0.01855782 -2.89142 -579.6883)
(-0.008921062 -2.847403 -161.5347)
(-0.01408681 -3.31574 -161.0439)
(-1.978712e-05 0.01140901 -29.6449)
(0.0001134901 0.01662541 -67.06621)
(0.0002530997 0.02636461 -120.4675)
(2.502445e-05 0.04182713 -138.8737)
(0.0002816732 0.5839195 -1024.838)
(-0.00373098 0.5920882 -1133.562)
(-0.002354838 0.7436014 -1901.756)
(0.007872453 0.8796497 -2599.87)
(0.00347682 1.061513 -9226.256)
(-0.006380864 0.1377839 -1891.533)
(-0.01799557 0.2205506 -1874.669)
(-0.02056068 0.2661835 -1186.25)
(-0.01068428 0.2343967 -602.3703)
(0.00123474 0.231807 -163.9865)
(-2.45677e-05 0.02818846 -66.78345)
(0.0002011979 0.0464978 -119.7736)
(0.0004167877 0.07614838 -138.2066)
(0.0001949804 1.050531 -1020.812)
(-0.004386488 1.193915 -1131.035)
(-0.003589717 1.482341 -1897.969)
(0.005600829 1.938415 -2596.55)
(0.01300151 2.47606 -9217.773)
(0.0002554442 0.3682439 -1888.903)
(-0.007161675 0.5346017 -1871.668)
(-0.01745477 0.7065263 -1184.017)
(-0.02839557 0.7707689 -601.6343)
(-0.01644608 0.7635068 -164.0332)
(9.70598e-06 0.05326366 -119.3428)
(0.0004205839 0.09142341 -137.5028)
(0.002273581 1.343425 -1016.276)
(-0.004358476 1.598623 -1126.608)
(0.000563434 2.105154 -1890.69)
(0.002680192 2.891402 -2587.339)
(0.008151275 3.836502 -9195.395)
(0.002818025 0.6252429 -1883.398)
(0.000837103 0.9530415 -1865.003)
(-0.008201191 1.189462 -1178.57)
(-0.01968319 1.314974 -599.0698)
(-0.02460717 1.307032 -163.843)
(-2.391988e-05 0.1507153 -136.4223)
(0.004628891 2.205585 -1008.56)
(0.008096028 2.611492 -1118.43)
(-6.534557e-05 3.485637 -1877.309)
(-0.0004548021 4.638117 -2572.075)
(0.002038653 6.164396 -9150.657)
(0.001220968 0.9968138 -1874.498)
(0.00522462 1.521795 -1854.663)
(0.001521462 1.902105 -1171.372)
(-0.009303976 2.102074 -595.5037)
(-0.02174534 2.100236 -163.3604)
(-0.0006926422 3.164428 -995.8764)
(0.005031893 3.750538 -1105.856)
(0.01145347 4.890036 -1857.73)
(-0.001835292 6.499537 -2547.468)
(-0.003232727 8.599839 -9086.036)
(-0.0007273342 1.397206 -1859.683)
(0.002050532 2.115881 -1839.65)
(0.007305854 2.651077 -1161.092)
(0.001844055 2.932949 -591.2575)
(-0.01096767 2.935678 -162.7221)
(-0.001562263 4.153829 -1088.534)
(0.005008231 5.456431 -1832.767)
(0.01665784 7.222475 -2516.922)
(-0.006191414 9.550964 -8996.985)
(-0.001593703 1.54712 -1841.292)
(-0.001628361 2.353955 -1819.047)
(0.002661345 2.928202 -1148.328)
(0.008842847 3.245784 -586.1428)
(0.001307358 3.25093 -162.2434)
(-0.00136439 4.803518 -1806.805)
(0.005570719 6.412396 -2489.283)
(0.02419533 8.40636 -8917.115)
(-0.00246089 1.364452 -1822.54)
(-0.002804696 2.072784 -1800.296)
(-0.002232186 2.5923 -1135.664)
(0.002917223 2.855843 -581.7109)
(0.009352377 2.867173 -161.8803)
(-0.006698648 4.774074 -2462.276)
(-0.001866969 6.288465 -8860.964)
(0.004372914 1.027262 -1809.249)
(-0.006849737 1.554489 -1784.453)
(-0.003435428 1.967783 -1126.45)
(-0.002770974 2.157039 -578.0625)
(0.002561015 2.150051 -161.8038)
(-0.02244029 3.79642 -8795.399)
(-0.001883702 0.6150539 -1800.953)
(0.008928567 0.9248913 -1774.48)
(-0.003754893 1.216872 -1119.368)
(-0.003241865 1.341038 -576.1598)
(-0.005688763 1.317009 -161.6198)
(-0.007422127 0.2031954 -1791.071)
(-0.001372077 0.3156818 -1770.794)
(0.01536383 0.3881158 -1116.067)
(-0.002729837 0.4743537 -574.6244)
(-0.007446038 0.4444526 -161.7066)
(-0.01147462 -0.3071233 -1765.426)
(9.190959e-06 -0.3946629 -1116.704)
(0.01733444 -0.430292 -574.1601)
(-0.003251585 -0.4747011 -161.4964)
(-0.01421847 -1.146382 -1116.508)
(-0.0005369051 -1.293294 -575.3731)
(0.01349885 -1.278744 -161.3722)
(-0.01697083 -2.090558 -575.6789)
(-0.003033196 -2.123259 -161.3626)
(-0.02064874 -2.895642 -160.8354)
(-2.491463e-05 0.01664492 -67.15696)
(0.0002058264 0.02638006 -120.4019)
(0.0004236158 0.04183733 -138.8804)
(0.0002514676 0.5843159 -1024.751)
(0.0002810577 0.6382031 -1133.697)
(-0.003766431 0.6872912 -1900.931)
(0.0002402491 0.8789447 -2600.838)
(0.01283532 1.061354 -9227.576)
(0.0002480137 0.137793 -1891.106)
(-0.01087011 0.1835902 -1874.169)
(-0.02232205 0.2666021 -1184.515)
(-0.02285742 0.2885648 -601.4383)
(-0.01112364 0.230313 -163.9791)
(-2.806511e-05 0.04618272 -119.9272)
(0.0003565845 0.07623552 -138.1465)
(0.006316262 1.090075 -1020.867)
(8.631146e-05 1.192859 -1130.845)
(-0.005318522 1.478449 -1897.317)
(-0.002450669 1.890176 -2596.609)
(0.008795992 2.471669 -9221.157)
(0.002711217 0.3679685 -1889.175)
(0.0007972614 0.5346294 -1871.303)
(-0.00833265 0.6552391 -1182.707)
(-0.01939826 0.7751779 -600.6963)
(-0.02924135 0.7679833 -163.9907)
(4.675765e-05 0.09146973 -137.6378)
(0.006240341 1.343947 -1016.007)
(0.003155379 1.594931 -1126.153)
(-0.005548413 2.10602 -1890.266)
(-3.885262e-05 2.835655 -2587.738)
(0.003056386 3.85419 -9194.55)
(0.001358472 0.6230362 -1884.181)
(0.004914339 0.9518593 -1865.292)
(0.001433842 1.189453 -1178.328)
(-0.009103032 1.31445 -598.2153)
(-0.02084689 1.317177 -163.5857)
(-0.001022945 2.217677 -1008.191)
(0.005081293 2.613049 -1118.446)
(0.0114657 3.427267 -1877.442)
(-0.001242878 4.646872 -2571.186)
(-0.002498272 6.165295 -9151.694)
(-0.0004009969 1.002534 -1874.268)
(0.002229039 1.516169 -1855.526)
(0.006753803 1.899658 -1171.528)
(0.001722981 2.102046 -595.2562)
(-0.01051753 2.105122 -163.0245)
(-0.001758405 3.7452 -1105.058)
(0.005483044 4.892057 -1858.199)
(0.01657637 6.502021 -2547.549)
(-0.004833773 8.616232 -9081.84)
(-0.001345818 1.397374 -1859.939)
(-0.001149172 2.126104 -1839.445)
(0.002793479 2.642215 -1161.668)
(0.008166094 2.92977 -591.222)
(0.001250139 2.935959 -162.5814)
(-0.004768531 5.42265 -1830.697)
(0.004375374 7.224239 -2518.106)
(0.02399661 9.55613 -8996.743)
(-0.0019161 1.55137 -1840.161)
(-0.002579164 2.353255 -1819.42)
(-0.00182319 2.939605 -1148.195)
(0.002985095 3.235656 -586.4083)
(0.008728922 3.248109 -162.1642)
(-0.009032228 6.37084 -2485.743)
(-0.0007156413 8.443378 -8921.243)
(0.004502099 1.382299 -1822.521)
(-0.004120291 2.077273 -1799.078)
(-0.003272258 2.590598 -1135.957)
(-0.002474988 2.866055 -581.5253)
(0.002544307 2.857361 -161.931)
(-0.02066481 6.27061 -8838.819)
(-0.00184308 1.015984 -1810.062)
(0.008091966 1.565929 -1784.813)
(-0.008283347 1.945217 -1125.658)
(-0.003798148 2.175667 -578.1836)
(-0.003354983 2.158279 -161.6793)
(-0.007747671 0.6088456 -1795.837)
(-0.001573685 0.9363084 -1775.624)
(0.01193789 1.154946 -1119.206)
(-0.00396355 1.345907 -575.3987)
(-0.003940635 1.34242 -161.7078)
(-0.01147458 0.3071258 -1765.426)
(9.330051e-06 0.3946644 -1116.704)
(0.01733448 0.4302898 -574.1601)
(-0.003251611 0.4747015 -161.4964)
(-0.01309893 -0.3825265 -1113.102)
(0.0001281033 -0.436149 -574.2506)
(0.01726519 -0.4314503 -161.3266)
(-0.0157569 -1.265529 -573.0321)
(-0.002957624 -1.29401 -161.2569)
(-0.01917233 -2.093222 -160.4975)
(-2.778893e-05 0.02641693 -120.5574)
(0.0003639454 0.04185481 -138.82)
(0.006394114 0.5844774 -1024.807)
(0.0001477584 0.6387392 -1133.518)
(0.000196067 0.7415047 -1901.182)
(-0.002383841 0.8255534 -2599.619)
(0.005813186 1.059962 -9230.897)
(0.002657518 0.1376901 -1891.385)
(0.0007732043 0.1835935 -1873.802)
(-0.01328672 0.2172586 -1184.347)
(-0.02486533 0.2889987 -600.5301)
(-0.02366613 0.2848095 -163.7211)
(-2.760794e-05 0.07559752 -138.3038)
(0.005216651 1.090793 -1020.588)
(0.007825232 1.238922 -1130.924)
(-0.0002563816 1.47799 -1896.883)
(-0.005610596 1.886606 -2595.666)
(0.0006575345 2.45294 -9220.726)
(0.001556377 0.3666657 -1889.93)
(0.004706294 0.5338589 -1871.606)
(0.001362517 0.6551645 -1182.464)
(-0.00925062 0.7175677 -599.8502)
(-0.02053705 0.7724493 -163.7367)
(0.0005256192 1.349227 -1016.735)
(0.007095228 1.594466 -1126.109)
(0.005559597 2.102278 -1889.492)
(-0.006297726 2.839748 -2586.949)
(-0.00151898 3.823028 -9195.64)
(-9.110357e-06 0.6286615 -1884.029)
(0.002449857 0.9479006 -1866.118)
(0.006333983 1.18758 -1178.501)
(0.001622339 1.314409 -597.9706)
(-0.01026946 1.317189 -163.2604)
(-0.002047028 2.630125 -1117.708)
(0.005470809 3.425119 -1877.803)
(0.01638746 4.593127 -2571.342)
(-0.003433448 6.181128 -9148.077)
(-0.001045184 1.004093 -1874.504)
(-0.0005644579 1.525959 -1855.374)
(0.002990798 1.89242 -1172.081)
(0.007542542 2.09921 -595.245)
(0.001166254 2.105342 -162.8883)
(-0.004585816 4.89109 -1856.366)
(0.005027594 6.495025 -2548.536)
(0.0233863 8.625901 -9081.912)
(-0.001458027 1.402461 -1858.929)
(-0.00217361 2.126838 -1839.771)
(-0.001237681 2.65472 -1161.554)
(0.00312896 2.91983 -591.4786)
(0.008052041 2.933154 -162.5145)
(-0.0108437 7.211085 -2514.157)
(0.0009741611 9.541345 -9000.615)
(0.004244526 1.556602 -1840.043)
(-0.003069485 2.359796 -1818.28)
(-0.0030194 2.938792 -1148.462)
(-0.002017169 3.24836 -586.238)
(0.002636098 3.23756 -162.2121)
(-0.02368853 8.430466 -8903.737)
(-0.00389489 1.362922 -1823.435)
(0.007513264 2.110068 -1799.126)
(-0.005083278 2.595836 -1135.164)
(-0.003606784 2.864105 -581.6483)
(-0.003030003 2.868338 -161.814)
(-0.007952838 1.005189 -1805.437)
(-0.001609937 1.539808 -1785.513)
(0.01076779 1.954626 -1125.972)
(-0.008967659 2.152782 -577.6668)
(-0.004345939 2.177101 -161.6897)
(-0.01226476 0.9203269 -1770.625)
(-0.0004344535 1.170067 -1119.837)
(0.01358418 1.2771 -575.3018)
(-0.004481892 1.347674 -161.4106)
(-0.01309888 0.3825298 -1113.102)
(0.0001282639 0.4361506 -574.2506)
(0.01726523 0.4314479 -161.3266)
(-0.01448135 -0.4222537 -571.7268)
(-0.002226063 -0.4362965 -161.2267)
(-0.01800197 -1.26691 -160.2893)
(-2.60523e-05 0.04192018 -138.9798)
(0.005309844 0.5845922 -1024.521)
(0.007875981 0.6388004 -1133.594)
(-0.0001871634 0.7423909 -1900.77)
(-0.0001035719 0.879021 -2599.958)
(0.001219144 1.030703 -9226.849)
(0.003382265 0.1372686 -1892.127)
(0.004601421 0.1833156 -1874.113)
(0.001321512 0.2172289 -1184.102)
(-0.01481372 0.2335917 -600.3852)
(-0.02601246 0.2852712 -163.4757)
(-0.0006028432 1.081009 -1021.508)
(0.005832462 1.239216 -1130.853)
(0.01093603 1.531938 -1897.027)
(-0.0009447881 1.888146 -2594.88)
(-0.004503021 2.451251 -9217.965)
(0.002030088 0.3882387 -1889.861)
(0.002787343 0.5315332 -1872.407)
(0.006053041 0.6539661 -1182.648)
(0.001540682 0.7174646 -599.6076)
(-0.01038879 0.7149075 -163.4187)
(-2.465525e-05 1.602458 -1126.432)
(0.007882135 2.098868 -1889.732)
(0.01038872 2.836538 -2585.833)
(-0.00582861 3.833837 -9192.488)
(-0.0007061221 0.6473823 -1884.275)
(0.0001279554 0.9575408 -1866.033)
(0.003249613 1.182497 -1179.034)
(0.007070299 1.312259 -597.9775)
(0.001095254 1.317326 -163.1273)
(-0.004741156 3.448953 -1876.114)
(0.004851297 4.583759 -2572.156)
(0.02288949 6.154337 -9148.464)
(-0.0009839798 1.008768 -1873.614)
(-0.0016741 1.529096 -1855.671)
(-0.000514021 1.904445 -1171.993)
(0.003345661 2.091106 -595.4928)
(0.007433469 2.102864 -162.8332)
(-0.009968375 6.501912 -2545.025)
(0.001897999 8.603844 -9085.028)
(0.003950149 1.406239 -1858.88)
(-0.002306976 2.134739 -1838.74)
(-0.002545634 2.655735 -1161.785)
(-0.001363595 2.933751 -591.324)
(0.00281011 2.922842 -162.5603)
(-0.02175386 9.572408 -8982.385)
(-0.002134034 1.545562 -1840.976)
(0.006967395 2.370407 -1818.165)
(-0.003652702 2.946212 -1147.718)
(-0.003326398 3.24748 -586.3487)
(-0.002526563 3.251191 -162.103)
(-0.008719203 1.378326 -1819.823)
(-0.005841094 2.06568 -1800.112)
(0.009585134 2.636245 -1135.221)
(-0.005724905 2.869981 -581.1412)
(-0.004106422 2.866293 -161.8254)
(-0.01291008 1.51982 -1781.107)
(-0.0005433233 1.92089 -1126.277)
(0.01218147 2.158008 -577.8654)
(-0.009449849 2.155868 -161.4845)
(-0.01421834 1.146383 -1116.508)
(-0.0005364794 1.293294 -575.3731)
(0.01349894 1.278742 -161.3721)
(-0.01448129 0.4222574 -571.7268)
(-0.00222589 0.4362981 -161.2267)
(-0.01675794 -0.4226876 -160.191)
(-0.0005713834 0.5855495 -1025.462)
(0.005918952 0.6388141 -1133.508)
(0.01090349 0.7421563 -1900.909)
(-0.0008737412 0.8805359 -2599.21)
(-0.0008364003 1.064643 -9227.781)
(0.002328718 0.1557951 -1890.971)
(0.006651302 0.1825592 -1874.901)
(0.005911225 0.216801 -1184.293)
(0.001493522 0.2335528 -600.1429)
(-0.01596147 0.2297264 -163.3856)
(-0.001357408 1.227492 -1131.399)
(0.006182054 1.530676 -1897.211)
(0.01545635 1.94058 -2595.069)
(-0.002128662 2.457226 -9214.944)
(0.001285046 0.389664 -1888.97)
(0.004373822 0.575914 -1872.398)
(0.003667782 0.6509767 -1183.166)
(0.006754644 0.7160924 -599.6262)
(0.001033583 0.7149056 -163.2879)
(-0.002132235 2.109654 -1889.626)
(0.006659937 2.827788 -2586.461)
(0.01874105 3.832033 -9189.284)
(0.001013932 0.651861 -1883.483)
(-0.001097078 0.9973298 -1866.333)
(0.0003534799 1.19448 -1178.984)
(0.003631854 1.306577 -598.2163)
(0.006967933 1.315457 -163.0814)
(-0.009861069 4.606398 -2568.939)
(0.001537392 6.133886 -9150.93)
(0.003765804 1.028493 -1873.636)
(-0.001506287 1.53643 -1854.751)
(-0.001945268 1.908538 -1172.202)
(-0.0005567367 2.104481 -595.3567)
(0.003055882 2.094486 -162.8771)
(-0.01974245 8.623727 -9068.743)
(-0.00199491 1.397438 -1859.671)
(0.00638329 2.141649 -1838.692)
(-0.002722464 2.664879 -1161.11)
(-0.002801379 2.934896 -591.417)
(-0.001818204 2.937693 -162.4596)
(-0.006349367 1.57356 -1837.015)
(-0.002618766 2.348088 -1819.245)
(0.00884779 2.961034 -1147.643)
(-0.004028434 3.255578 -585.8831)
(-0.00376012 3.250305 -162.112)
(-0.01407033 2.097986 -1796.835)
(-0.006075425 2.576219 -1135.81)
(0.01061085 2.912704 -581.1607)
(-0.006287611 2.873223 -161.6295)
(-0.01523215 1.893446 -1123.381)
(-0.0006669325 2.122006 -577.7378)
(0.01202065 2.158764 -161.5437)
(-0.01575674 1.265531 -573.0321)
(-0.002957165 1.29401 -161.2569)
(-0.01675788 0.4226916 -160.191)
(-0.001315695 0.6398542 -1134.081)
(0.006217522 0.7417085 -1901.063)
(0.01525004 0.8796388 -2599.392)
(-0.002055516 1.067193 -9224.928)
(-0.000213262 0.1401233 -1891.167)
(0.004930731 0.2216975 -1873.414)
(0.008803803 0.2158271 -1184.803)
(0.006594932 0.2330615 -600.1674)
(0.000995234 0.2297179 -163.2556)
(-0.003791121 1.515836 -1897.454)
(0.004333611 1.936147 -2595.612)
(0.02144358 2.488423 -9215.508)
(-0.0003644113 0.392655 -1888.19)
(0.003080256 0.5789191 -1871.168)
(0.005974597 0.709557 -1183.161)
(0.004097462 0.7127491 -599.8585)
(0.006657859 0.7137018 -163.248)
(-0.007531359 2.83208 -2585.228)
(0.0005309974 3.815417 -9191.101)
(0.005302393 0.652695 -1882.432)
(0.002625059 1.004903 -1865.505)
(-0.001234171 1.247439 -1179.19)
(0.0004100235 1.319916 -598.1028)
(0.003366158 1.309597 -163.1233)
(-0.01912125 6.135791 -9136.092)
(-0.002092413 1.022169 -1874.303)
(0.006021122 1.577831 -1854.77)
(-0.001737895 1.917147 -1171.597)
(-0.002134962 2.109056 -595.4363)
(-0.0009620138 2.10864 -162.7846)
(-0.005735298 1.405066 -1856.135)
(-0.002572211 2.124952 -1839.641)
(0.008070642 2.673737 -1161.076)
(-0.002991554 2.944929 -591.006)
(-0.003152258 2.938877 -162.4647)
(-0.009554375 2.399506 -1815.377)
(-0.002094422 2.930585 -1148.327)
(0.009769207 3.273133 -585.816)
(-0.004466312 3.259702 -161.9373)
(-0.01668287 2.617791 -1133.708)
(-0.006713296 2.845331 -581.2614)
(0.01036226 2.915124 -161.6204)
(-0.01697064 2.090558 -575.6789)
(-0.003032619 2.123258 -161.3626)
(-0.0180018 1.266911 -160.2893)
(-0.00374688 0.7428019 -1901.359)
(0.004228584 0.878206 -2599.89)
(0.02095501 1.065167 -9225.47)
(-0.0003594555 0.1407707 -1890.423)
(-0.0001879239 0.1879409 -1873.638)
(0.006692752 0.2678133 -1183.661)
(0.009861972 0.2319711 -600.3965)
(0.006500203 0.2292792 -163.2187)
(-0.009593525 1.917153 -2594.814)
(-0.00270016 2.478899 -9217.011)
(0.003479713 0.3757985 -1888.25)
(-0.0004201109 0.5841259 -1870.327)
(0.004300776 0.7134952 -1182.194)
(0.00671641 0.7784406 -599.7672)
(0.00385194 0.7102543 -163.2886)
(-0.01916082 3.790739 -9182.103)
(-0.004258648 0.6482235 -1882.961)
(0.009371184 1.006616 -1864.066)
(0.00371055 1.256689 -1178.643)
(-0.001344023 1.379356 -598.177)
(4.60589e-05 1.323539 -163.0387)
(-0.005446684 1.004838 -1871.077)
(-0.002904767 1.566172 -1855.603)
(0.007584297 1.97205 -1171.603)
(-0.001894613 2.118535 -595.0781)
(-0.002410149 2.113291 -162.7862)
(-0.00859576 2.136017 -1836.199)
(-0.002181517 2.651867 -1161.685)
(0.008890638 2.954824 -590.9603)
(-0.00332815 2.950288 -162.3162)
(-0.01088534 2.994965 -1145.73)
(-0.002423384 3.237779 -585.9974)
(0.009514149 3.277973 -161.8985)
(-0.01855765 2.891419 -579.6884)
(-0.008920577 2.847403 -161.5347)
(-0.01917212 2.093222 -160.4975)
(-0.009582238 0.8790358 -2599.19)
(-0.003040307 1.062126 -9226.811)
(0.003319976 0.1401262 -1890.481)
(-0.0004302433 0.1889476 -1872.835)
(-7.574441e-05 0.2227704 -1183.804)
(0.007518602 0.2903051 -599.6103)
(0.009645209 0.228152 -163.2585)
(-0.02177374 2.453894 -9209.562)
(-0.004824234 0.3727513 -1888.72)
(0.005520841 0.5481449 -1870.376)
(-0.0003839116 0.719939 -1181.63)
(0.004865939 0.7828148 -599.1277)
(0.006400477 0.7765266 -163.2098)
(-0.007382414 0.6255118 -1881.212)
(-0.007154806 0.9985705 -1864.75)
(0.01205607 1.258792 -1177.528)
(0.004215961 1.389609 -597.8614)
(-0.001558031 1.383236 -163.0377)
(-0.008194173 1.530241 -1852.463)
(-0.002739563 1.956869 -1172.144)
(0.008338038 2.180124 -595.0527)
(-0.002136596 2.123947 -162.6619)
(-0.009774078 2.663435 -1159.376)
(-0.002531297 2.930151 -591.1182)
(0.008639423 2.960549 -162.2843)
(-0.01211965 3.308941 -584.1084)
(-0.004573948 3.241643 -161.8479)
(-0.02064855 2.895641 -160.8354)
(-0.02182744 1.062343 -9219.806)
(-0.004962897 0.1391499 -1890.92)
(0.005225957 0.1877661 -1872.884)
(-0.0004090133 0.2239563 -1183.264)
(-5.0471e-05 0.2397225 -599.6429)
(0.007216659 0.2868129 -162.9554)
(-0.007745459 0.3689273 -1887.273)
(-0.008027364 0.5425565 -1871.005)
(0.006933141 0.6720001 -1181.651)
(-0.000384819 0.789972 -598.8051)
(0.004710905 0.7809263 -162.9792)
(-0.01203182 0.9556234 -1863.443)
(-0.008324147 1.248371 -1177.972)
(0.01335507 1.391873 -597.153)
(0.004064357 1.394357 -162.9324)
(-0.009368081 1.908191 -1170.044)
(-0.003159571 2.16301 -595.1874)
(0.008094161 2.186059 -162.6362)
(-0.01087642 2.942842 -589.4321)
(-0.00451266 2.935432 -162.2351)
(-0.01408666 3.315739 -161.0439)
(-0.007788533 0.1388124 -1889.575)
(-0.008327677 0.1859695 -1873.482)
(0.006549224 0.2224223 -1183.286)
(-0.0004145737 0.2410315 -599.3371)
(-0.0002067357 0.2360399 -162.9399)
(-0.01253112 0.5366948 -1870.002)
(-0.009404293 0.6647269 -1182.062)
(0.007602642 0.7361481 -598.7871)
(-0.0005135972 0.7886042 -162.875)
(-0.01441794 1.192465 -1177.241)
(-0.009357208 1.38014 -597.2417)
(0.01313398 1.396796 -162.6877)
(-0.01041719 2.108948 -593.6661)
(-0.004985271 2.168592 -162.5868)
(-0.01265626 2.951574 -161.514)
(-0.01265429 0.1848735 -1872.59)
(-0.009830585 0.2200835 -1183.68)
(0.007171023 0.2393099 -599.3225)
(-0.0005265236 0.2375158 -162.8426)
(-0.01501109 0.6573024 -1181.545)
(-0.01050596 0.72796 -598.8648)
(0.007358342 0.7346059 -162.8525)
(-0.01601271 1.318729 -596.5796)
(-0.01106304 1.384813 -162.6287)
(-0.01202606 2.117458 -161.9401)
(-0.0152063 0.2183021 -1183.244)
(-0.01098354 0.2366752 -599.3934)
(0.006920959 0.2357827 -162.8225)
(-0.01661329 0.7202798 -598.3525)
(-0.0121131 0.726264 -162.7935)
(-0.01749111 1.325715 -162.2754)
(-0.01683059 0.2346879 -598.9432)
(-0.01254933 0.2330906 -162.7628)
(-0.01798475 0.7200872 -162.5006)
(-0.01815558 0.231557 -162.4967)
)
;

boundaryField
{
    cathodeSides
    {
        type            zeroGradient;
    }
    electrolyteSides
    {
        type            zeroGradient;
    }
    anodeSides
    {
        type            zeroGradient;
    }
    phiI_to_phiI0
    {
        type            zeroGradient;
    }
}


// ************************************************************************* //
