/*--------------------------------*- C++ -*----------------------------------*\
| =========                 |                                                 |
| \\      /  F ield         | OpenFOAM: The Open Source CFD Toolbox           |
|  \\    /   O peration     | Version:  2312                                  |
|   \\  /    A nd           | Website:  www.openfoam.com                      |
|    \\/     M anipulation  |                                                 |
\*---------------------------------------------------------------------------*/
FoamFile
{
    version     2.0;
    format      ascii;
    arch        "LSB;label=32;scalar=64";
    class       volScalarField;
    location    "40/air";
    object      d;
}
// * * * * * * * * * * * * * * * * * * * * * * * * * * * * * * * * * * * * * //

dimensions      [0 1 0 0 0 0 0];

internalField   nonuniform List<scalar> 
16000
(
0.0004977304
0.0004977304
0.0004977331
0.0004977288
0.0004977305
0.0004977331
0.0004977289
0.0004977352
0.0004977315
0.0004977273
0.0004977305
0.0004977332
0.000497729
0.0004977352
0.0004977316
0.0004977274
0.000497737
0.0004977336
0.00049773
0.0004977257
0.0004977305
0.0004977332
0.000497729
0.0004977352
0.0004977316
0.0004977274
0.000497737
0.0004977336
0.00049773
0.0004977258
0.0004977387
0.0004977354
0.000497732
0.0004977284
0.0004977241
0.0004977305
0.0004977332
0.000497729
0.0004977352
0.0004977316
0.0004977274
0.000497737
0.0004977336
0.00049773
0.0004977258
0.0004977387
0.0004977354
0.000497732
0.0004977284
0.0004977242
0.0004977405
0.0004977371
0.0004977338
0.0004977304
0.0004977268
0.0004977225
0.0004976547
0.0004977305
0.0004977332
0.000497729
0.0004977352
0.0004977316
0.0004977274
0.000497737
0.0004977336
0.00049773
0.0004977258
0.0004977388
0.0004977354
0.000497732
0.0004977284
0.0004977242
0.0004977405
0.0004977371
0.0004977338
0.0004977304
0.0004977268
0.0004977226
0.0004977423
0.0004977389
0.0004977355
0.0004977322
0.0004977288
0.0004977252
0.0004977209
0.0004976548
0.0004976571
0.0004974689
0.0004977305
0.0004977332
0.000497729
0.0004977352
0.0004977316
0.0004977274
0.000497737
0.0004977336
0.00049773
0.0004977258
0.0004977388
0.0004977354
0.000497732
0.0004977284
0.0004977242
0.0004977405
0.0004977371
0.0004977338
0.0004977304
0.0004977268
0.0004977226
0.0004977423
0.0004977389
0.0004977355
0.0004977322
0.0004977288
0.0004977252
0.000497721
0.0004977441
0.0004977407
0.0004977373
0.0004977339
0.0004977306
0.0004977272
0.0004977235
0.0004977193
0.0004976575
0.0004976601
0.0004975137
0.0004976614
0.0004974556
0.0004971071
0.0004977304
0.0004977332
0.000497729
0.0004977352
0.0004977316
0.0004977274
0.000497737
0.0004977336
0.00049773
0.0004977258
0.0004977388
0.0004977354
0.000497732
0.0004977284
0.0004977243
0.0004977405
0.0004977371
0.0004977338
0.0004977304
0.0004977268
0.0004977226
0.0004977423
0.0004977389
0.0004977355
0.0004977322
0.0004977288
0.0004977252
0.000497721
0.0004977441
0.0004977407
0.0004977373
0.0004977339
0.0004977306
0.0004977272
0.0004977236
0.0004977193
0.0004977459
0.0004977425
0.0004977391
0.0004977357
0.0004977323
0.000497729
0.0004977255
0.0004977219
0.0004977176
0.0004976626
0.000497661
0.0004975684
0.0004976645
0.0004974713
0.0004971696
0.0004976647
0.0004974464
0.0004970875
0.0004969479
0.0004977304
0.0004977331
0.0004977289
0.0004977352
0.0004977316
0.0004977274
0.000497737
0.0004977336
0.00049773
0.0004977258
0.0004977388
0.0004977354
0.000497732
0.0004977284
0.0004977243
0.0004977405
0.0004977371
0.0004977338
0.0004977304
0.0004977268
0.0004977226
0.0004977423
0.0004977389
0.0004977355
0.0004977322
0.0004977288
0.0004977252
0.000497721
0.0004977441
0.0004977407
0.0004977373
0.0004977339
0.0004977306
0.0004977272
0.0004977236
0.0004977194
0.0004977459
0.0004977425
0.0004977391
0.0004977357
0.0004977323
0.000497729
0.0004977255
0.0004977219
0.0004977177
0.0004977478
0.0004977443
0.0004977409
0.0004977375
0.0004977341
0.0004977307
0.0004977274
0.0004977239
0.0004977203
0.0004977159
0.000497674
0.0004976627
0.0004976121
0.0004976685
0.0004975328
0.0004972567
0.0004976713
0.0004974567
0.0004971029
0.0004969343
0.0004976622
0.0004974492
0.0004970634
0.0004969477
0.0004968941
0.0004977331
0.0004977288
0.0004977352
0.0004977316
0.0004977274
0.000497737
0.0004977336
0.00049773
0.0004977258
0.0004977388
0.0004977354
0.000497732
0.0004977284
0.0004977242
0.0004977405
0.0004977371
0.0004977338
0.0004977304
0.0004977268
0.0004977226
0.0004977423
0.0004977389
0.0004977355
0.0004977322
0.0004977288
0.0004977252
0.000497721
0.0004977441
0.0004977407
0.0004977373
0.0004977339
0.0004977306
0.0004977272
0.0004977236
0.0004977194
0.0004977459
0.0004977425
0.0004977391
0.0004977357
0.0004977323
0.000497729
0.0004977256
0.000497722
0.0004977177
0.0004977478
0.0004977443
0.0004977409
0.0004977375
0.0004977341
0.0004977307
0.0004977274
0.0004977239
0.0004977203
0.000497716
0.0004977497
0.0004977462
0.0004977427
0.0004977393
0.0004977359
0.0004977325
0.0004977291
0.0004977258
0.0004977223
0.0004977187
0.0004977046
0.000497675
0.000497633
0.000497665
0.0004975932
0.0004973346
0.0004976735
0.0004974953
0.0004971953
0.000496929
0.0004976667
0.0004974608
0.0004970802
0.0004969335
0.0004968641
0.00049766
0.0004974468
0.0004970653
0.0004969258
0.0004968855
0.0004967295
0.0004977352
0.0004977315
0.0004977273
0.000497737
0.0004977336
0.00049773
0.0004977258
0.0004977388
0.0004977354
0.000497732
0.0004977284
0.0004977242
0.0004977405
0.0004977371
0.0004977338
0.0004977304
0.0004977268
0.0004977226
0.0004977423
0.0004977389
0.0004977355
0.0004977322
0.0004977288
0.0004977252
0.000497721
0.0004977441
0.0004977407
0.0004977373
0.0004977339
0.0004977306
0.0004977272
0.0004977236
0.0004977194
0.0004977459
0.0004977425
0.0004977391
0.0004977357
0.0004977323
0.000497729
0.0004977256
0.000497722
0.0004977178
0.0004977478
0.0004977443
0.0004977409
0.0004977375
0.0004977341
0.0004977307
0.0004977274
0.0004977239
0.0004977203
0.0004977161
0.0004977497
0.0004977462
0.0004977427
0.0004977393
0.0004977359
0.0004977325
0.0004977291
0.0004977258
0.0004977223
0.0004977187
0.0004977077
0.0004977516
0.0004977481
0.0004977446
0.0004977411
0.0004977377
0.0004977343
0.0004977309
0.0004977275
0.0004977241
0.0004977207
0.0004977064
0.0004976445
0.0004976752
0.0004976157
0.0004973554
0.0004976724
0.0004975674
0.0004972994
0.0004969432
0.0004976724
0.0004975006
0.0004971325
0.0004969295
0.000496854
0.0004976673
0.0004974532
0.0004970781
0.0004969404
0.0004969039
0.0004968081
0.0004976549
0.0004974374
0.0004970587
0.0004969215
0.000496896
0.0004966254
0.0004967266
0.000497737
0.0004977336
0.00049773
0.0004977257
0.0004977387
0.0004977354
0.000497732
0.0004977284
0.0004977242
0.0004977405
0.0004977371
0.0004977338
0.0004977304
0.0004977268
0.0004977226
0.0004977423
0.0004977389
0.0004977355
0.0004977322
0.0004977288
0.0004977252
0.000497721
0.0004977441
0.0004977407
0.0004977373
0.0004977339
0.0004977306
0.0004977272
0.0004977236
0.0004977194
0.0004977459
0.0004977425
0.0004977391
0.0004977357
0.0004977323
0.000497729
0.0004977256
0.000497722
0.0004977178
0.0004977478
0.0004977443
0.0004977409
0.0004977375
0.0004977341
0.0004977307
0.0004977274
0.000497724
0.0004977204
0.0004977161
0.0004977497
0.0004977462
0.0004977427
0.0004977393
0.0004977359
0.0004977325
0.0004977291
0.0004977258
0.0004977223
0.0004977187
0.0004977092
0.0004977516
0.0004977481
0.0004977446
0.0004977411
0.0004977377
0.0004977343
0.0004977309
0.0004977275
0.0004977242
0.0004977207
0.0004977089
0.0004976601
0.0004977535
0.00049775
0.0004977464
0.000497743
0.0004977395
0.000497736
0.0004977326
0.0004977293
0.0004977259
0.0004977225
0.0004977075
0.0004976267
0.0004973495
0.0004976799
0.0004975988
0.0004973279
0.0004969522
0.0004976687
0.0004975565
0.0004972531
0.0004969313
0.0004968253
0.000497673
0.0004974847
0.0004971386
0.0004969329
0.0004968523
0.000496467
0.0004976623
0.000497454
0.0004970697
0.0004969362
0.0004968958
0.0004967262
0.000496819
0.0004976564
0.0004974367
0.0004970517
0.0004969134
0.0004969032
0.0004966348
0.0004966047
0.0004967008
0.0004977387
0.0004977354
0.000497732
0.0004977284
0.0004977241
0.0004977405
0.0004977371
0.0004977338
0.0004977304
0.0004977268
0.0004977226
0.0004977423
0.0004977389
0.0004977355
0.0004977322
0.0004977288
0.0004977252
0.000497721
0.0004977441
0.0004977407
0.0004977373
0.0004977339
0.0004977306
0.0004977272
0.0004977236
0.0004977194
0.0004977459
0.0004977425
0.0004977391
0.0004977357
0.0004977323
0.000497729
0.0004977256
0.000497722
0.0004977178
0.0004977478
0.0004977443
0.0004977409
0.0004977375
0.0004977341
0.0004977307
0.0004977274
0.000497724
0.0004977204
0.0004977161
0.0004977497
0.0004977462
0.0004977427
0.0004977393
0.0004977359
0.0004977325
0.0004977291
0.0004977258
0.0004977223
0.0004977187
0.0004977115
0.0004977516
0.0004977481
0.0004977446
0.0004977411
0.0004977377
0.0004977343
0.0004977309
0.0004977275
0.0004977242
0.0004977207
0.0004977119
0.000497665
0.0004977535
0.00049775
0.0004977464
0.000497743
0.0004977395
0.000497736
0.0004977326
0.0004977293
0.0004977259
0.0004977225
0.000497711
0.0004976431
0.000497375
0.0004977555
0.0004977519
0.0004977484
0.0004977448
0.0004977413
0.0004977379
0.0004977344
0.000497731
0.0004977277
0.0004977243
0.0004977106
0.0004976009
0.000497315
0.000496976
0.0004976769
0.0004975915
0.0004972989
0.0004969499
0.000496827
0.00049767
0.0004975564
0.0004972297
0.0004969285
0.0004968353
0.0004964639
0.0004976671
0.0004974951
0.0004971159
0.0004969402
0.0004968934
0.000496843
0.0004964226
0.0004976615
0.0004974498
0.0004970702
0.0004969319
0.0004969196
0.0004966914
0.0004967052
0.0004967867
0.0004976599
0.0004974384
0.0004970509
0.0004969097
0.0004968934
0.0004967024
0.0004965783
0.0004965885
0.0004966225
0.0004977405
0.0004977371
0.0004977338
0.0004977304
0.0004977268
0.0004977225
0.0004977423
0.0004977389
0.0004977355
0.0004977322
0.0004977288
0.0004977252
0.000497721
0.0004977441
0.0004977407
0.0004977373
0.0004977339
0.0004977306
0.0004977272
0.0004977236
0.0004977194
0.0004977459
0.0004977425
0.0004977391
0.0004977357
0.0004977323
0.000497729
0.0004977256
0.000497722
0.0004977178
0.0004977478
0.0004977443
0.0004977409
0.0004977375
0.0004977341
0.0004977307
0.0004977274
0.000497724
0.0004977204
0.0004977161
0.0004977497
0.0004977462
0.0004977427
0.0004977393
0.0004977359
0.0004977325
0.0004977291
0.0004977258
0.0004977223
0.0004977187
0.0004977107
0.0004977516
0.0004977481
0.0004977446
0.0004977411
0.0004977377
0.0004977343
0.0004977309
0.0004977275
0.0004977242
0.0004977207
0.0004977137
0.0004976438
0.0004977535
0.00049775
0.0004977464
0.000497743
0.0004977395
0.000497736
0.0004977326
0.0004977293
0.0004977259
0.0004977225
0.0004977125
0.0004976528
0.0004973867
0.0004977555
0.0004977519
0.0004977484
0.0004977448
0.0004977413
0.0004977379
0.0004977344
0.000497731
0.0004977277
0.0004977243
0.0004977144
0.0004976201
0.0004973443
0.0004969834
0.0004977575
0.0004977539
0.0004977503
0.0004977468
0.0004977432
0.0004977397
0.0004977363
0.0004977328
0.0004977294
0.000497726
0.0004977114
0.0004976065
0.0004972789
0.0004969618
0.0004968628
0.0004976784
0.0004975957
0.0004972831
0.0004969458
0.0004968365
0.0004968021
0.0004976681
0.0004975615
0.0004972339
0.0004969348
0.0004968301
0.0004964229
0.0004963953
0.0004976618
0.000497494
0.0004971295
0.000496941
0.0004969094
0.0004967815
0.0004968672
0.0004964289
0.0004976669
0.0004974524
0.0004970646
0.0004969328
0.0004969015
0.0004965305
0.0004966869
0.0004966859
0.0004967171
0.000497665
0.0004974432
0.000497054
0.0004969045
0.0004968952
0.0004966915
0.0004966765
0.000496552
0.0004965341
0.0004965411
0.0004977423
0.0004977389
0.0004977355
0.0004977322
0.0004977288
0.0004977252
0.0004977209
0.0004977441
0.0004977407
0.0004977373
0.0004977339
0.0004977306
0.0004977272
0.0004977236
0.0004977193
0.0004977459
0.0004977425
0.0004977391
0.0004977357
0.0004977323
0.000497729
0.0004977256
0.000497722
0.0004977177
0.0004977478
0.0004977443
0.0004977409
0.0004977375
0.0004977341
0.0004977307
0.0004977274
0.000497724
0.0004977204
0.0004977161
0.0004977497
0.0004977462
0.0004977427
0.0004977393
0.0004977359
0.0004977325
0.0004977291
0.0004977258
0.0004977223
0.0004977187
0.00049771
0.0004977516
0.0004977481
0.0004977446
0.0004977411
0.0004977377
0.0004977343
0.0004977309
0.0004977275
0.0004977242
0.0004977207
0.0004977144
0.0004976136
0.0004977535
0.00049775
0.0004977464
0.000497743
0.0004977395
0.0004977361
0.0004977326
0.0004977293
0.0004977259
0.0004977226
0.0004977155
0.0004976459
0.0004973424
0.0004977555
0.0004977519
0.0004977484
0.0004977448
0.0004977413
0.0004977379
0.0004977344
0.000497731
0.0004977277
0.0004977243
0.0004977157
0.0004976497
0.0004973601
0.0004969921
0.0004977575
0.0004977539
0.0004977503
0.0004977468
0.0004977432
0.0004977397
0.0004977363
0.0004977328
0.0004977294
0.000497726
0.0004977147
0.0004976161
0.0004973084
0.0004969744
0.0004968759
0.0004977596
0.0004977559
0.0004977523
0.0004977487
0.0004977452
0.0004977416
0.0004977381
0.0004977347
0.0004977312
0.0004977278
0.0004977125
0.0004976
0.0004972864
0.000496968
0.0004968734
0.0004968079
0.0004976736
0.0004975989
0.0004972935
0.0004969441
0.0004968604
0.0004965627
0.0004968089
0.0004976651
0.0004975568
0.0004972387
0.0004969331
0.000496886
0.0004969268
0.0004963711
0.0004963781
0.0004976694
0.0004975041
0.0004971307
0.00049694
0.0004969034
0.0004965331
0.0004967759
0.0004968323
0.000496423
0.0004976719
0.0004974566
0.000497073
0.0004969243
0.0004969086
0.0004966773
0.000496483
0.0004966837
0.0004966546
0.0004966585
0.000497666
0.000497446
0.0004970604
0.0004969189
0.0004968835
0.0004967592
0.0004966767
0.0004966489
0.0004965971
0.0004964649
0.0004964148
0.0004977441
0.0004977407
0.0004977373
0.0004977339
0.0004977306
0.0004977272
0.0004977235
0.0004977193
0.0004977459
0.0004977425
0.0004977391
0.0004977357
0.0004977323
0.000497729
0.0004977255
0.0004977219
0.0004977177
0.0004977478
0.0004977443
0.0004977409
0.0004977375
0.0004977341
0.0004977307
0.0004977274
0.0004977239
0.0004977203
0.0004977161
0.0004977497
0.0004977462
0.0004977427
0.0004977393
0.0004977359
0.0004977325
0.0004977291
0.0004977258
0.0004977223
0.0004977187
0.0004977107
0.0004977516
0.0004977481
0.0004977446
0.0004977411
0.0004977377
0.0004977343
0.0004977309
0.0004977275
0.0004977242
0.0004977207
0.0004977143
0.000497609
0.0004977535
0.00049775
0.0004977464
0.000497743
0.0004977395
0.0004977361
0.0004977326
0.0004977293
0.0004977259
0.0004977226
0.0004977149
0.0004976343
0.0004972997
0.0004977555
0.0004977519
0.0004977484
0.0004977448
0.0004977414
0.0004977379
0.0004977344
0.000497731
0.0004977277
0.0004977243
0.0004977174
0.000497644
0.0004973468
0.0004969873
0.0004977575
0.0004977539
0.0004977503
0.0004977468
0.0004977432
0.0004977397
0.0004977363
0.0004977328
0.0004977294
0.0004977261
0.0004977171
0.0004976284
0.0004973576
0.0004969831
0.0004968729
0.0004977596
0.0004977559
0.0004977523
0.0004977487
0.0004977452
0.0004977416
0.0004977381
0.0004977347
0.0004977312
0.0004977278
0.0004977155
0.000497613
0.0004972985
0.0004969782
0.0004968571
0.0004966523
0.0004977616
0.000497758
0.0004977543
0.0004977507
0.0004977471
0.0004977435
0.00049774
0.0004977365
0.0004977331
0.0004977296
0.0004977132
0.0004976147
0.0004972776
0.0004969723
0.0004968768
0.0004968515
0.0004968199
0.0004976768
0.0004975971
0.0004972985
0.000496939
0.0004968696
0.0004964694
0.0004965582
0.0004967427
0.0004976677
0.0004975582
0.0004972337
0.0004969294
0.0004968609
0.0004966275
0.0004969755
0.0004963996
0.0004964239
0.0004976757
0.0004975069
0.0004971484
0.0004969332
0.0004968952
0.0004967052
0.0004964435
0.0004967327
0.0004967098
0.0004963305
0.000497673
0.0004974573
0.0004970773
0.000496929
0.000496904
0.0004966051
0.0004966389
0.0004964753
0.0004966138
0.000496571
0.0004965189
0.0004976756
0.0004974454
0.0004970584
0.0004969198
0.0004969038
0.0004968561
0.0004967341
0.0004966492
0.0004966282
0.0004965578
0.0004963601
0.0004962868
0.0004977459
0.0004977425
0.0004977391
0.0004977357
0.0004977323
0.000497729
0.0004977255
0.0004977219
0.0004977176
0.0004977478
0.0004977443
0.0004977409
0.0004977375
0.0004977341
0.0004977307
0.0004977274
0.0004977239
0.0004977203
0.000497716
0.0004977497
0.0004977462
0.0004977427
0.0004977393
0.0004977359
0.0004977325
0.0004977291
0.0004977258
0.0004977223
0.0004977187
0.0004977093
0.0004977516
0.0004977481
0.0004977446
0.0004977411
0.0004977377
0.0004977343
0.0004977309
0.0004977275
0.0004977242
0.0004977207
0.0004977133
0.000497634
0.0004977535
0.00049775
0.0004977464
0.000497743
0.0004977395
0.0004977361
0.0004977326
0.0004977293
0.0004977259
0.0004977226
0.0004977154
0.0004976177
0.000497295
0.0004977555
0.0004977519
0.0004977484
0.0004977448
0.0004977414
0.0004977379
0.0004977344
0.000497731
0.0004977277
0.0004977243
0.0004977173
0.0004976316
0.000497325
0.0004969977
0.0004977575
0.0004977539
0.0004977503
0.0004977468
0.0004977432
0.0004977397
0.0004977363
0.0004977328
0.0004977294
0.0004977261
0.00049772
0.0004976341
0.0004973416
0.0004969864
0.0004969035
0.0004977596
0.0004977559
0.0004977523
0.0004977487
0.0004977452
0.0004977416
0.0004977381
0.0004977347
0.0004977312
0.0004977278
0.0004977173
0.0004976301
0.0004973205
0.0004969821
0.0004968782
0.0004965786
0.0004977616
0.000497758
0.0004977543
0.0004977507
0.0004977471
0.0004977436
0.00049774
0.0004977365
0.0004977331
0.0004977296
0.0004977162
0.0004976186
0.000497296
0.0004969811
0.0004968716
0.0004970332
0.0004965999
0.0004977637
0.00049776
0.0004977563
0.0004977527
0.0004977491
0.0004977455
0.0004977419
0.0004977384
0.0004977349
0.0004977314
0.0004977145
0.0004975977
0.000497294
0.0004969726
0.000496879
0.0004969811
0.000496817
0.000496767
0.0004976768
0.0004975843
0.0004972987
0.0004969401
0.000496851
0.0004966684
0.0004963724
0.0004965422
0.0004966298
0.0004976784
0.0004975759
0.0004972367
0.0004969265
0.0004968654
0.0004966497
0.0004965476
0.00049697
0.0004964546
0.0004963949
0.0004976785
0.000497498
0.0004971482
0.0004969199
0.0004968906
0.0004966851
0.0004966684
0.0004963686
0.0004966719
0.0004966167
0.0004961685
0.0004976792
0.0004974574
0.0004970719
0.0004969387
0.0004968942
0.0004966866
0.0004965425
0.0004965945
0.0004964751
0.0004965114
0.0004963972
0.0004963662
0.0004976687
0.0004974574
0.00049706
0.0004969125
0.000496907
0.0004965546
0.0004968452
0.0004966995
0.0004965849
0.0004965618
0.0004963614
0.0004962479
0.0004961973
0.0004977478
0.0004977443
0.0004977409
0.0004977375
0.0004977341
0.0004977307
0.0004977274
0.0004977239
0.0004977203
0.000497716
0.0004977497
0.0004977462
0.0004977427
0.0004977393
0.0004977359
0.0004977325
0.0004977291
0.0004977258
0.0004977223
0.0004977187
0.0004977082
0.0004977516
0.0004977481
0.0004977446
0.0004977411
0.0004977377
0.0004977343
0.0004977309
0.0004977275
0.0004977241
0.0004977207
0.0004977111
0.0004976559
0.0004977535
0.00049775
0.0004977464
0.000497743
0.0004977395
0.0004977361
0.0004977326
0.0004977293
0.0004977259
0.0004977225
0.000497713
0.0004976291
0.0004973291
0.0004977555
0.0004977519
0.0004977484
0.0004977448
0.0004977414
0.0004977379
0.0004977344
0.000497731
0.0004977277
0.0004977243
0.0004977167
0.0004976206
0.0004973034
0.0004969989
0.0004977575
0.0004977539
0.0004977503
0.0004977468
0.0004977432
0.0004977397
0.0004977363
0.0004977328
0.0004977294
0.0004977261
0.0004977187
0.0004976376
0.0004973172
0.0004969898
0.0004969135
0.0004977596
0.0004977559
0.0004977523
0.0004977487
0.0004977452
0.0004977416
0.0004977381
0.0004977347
0.0004977312
0.0004977278
0.0004977201
0.0004976345
0.0004973226
0.0004969847
0.0004968939
0.0004965345
0.0004977616
0.000497758
0.0004977543
0.0004977507
0.0004977471
0.0004977436
0.00049774
0.0004977365
0.0004977331
0.0004977296
0.0004977195
0.0004976359
0.0004973184
0.0004969899
0.0004968637
0.0004965737
0.0004965174
0.0004977637
0.00049776
0.0004977563
0.0004977527
0.0004977491
0.0004977455
0.0004977419
0.0004977384
0.0004977349
0.0004977314
0.000497719
0.0004976125
0.000497307
0.000496987
0.0004968995
0.0004969436
0.0004970761
0.000496541
0.0004977658
0.0004977621
0.0004977584
0.0004977547
0.0004977511
0.0004977475
0.0004977439
0.0004977403
0.0004977368
0.0004977333
0.0004977169
0.0004975953
0.0004972713
0.0004969636
0.000496897
0.0004966922
0.0004970042
0.0004967259
0.000496635
0.0004976822
0.0004976031
0.0004972719
0.0004969345
0.0004968565
0.0004967433
0.0004965971
0.0004962846
0.0004964371
0.0004965874
0.0004976807
0.0004975506
0.0004972684
0.000496918
0.0004968584
0.0004966978
0.0004966332
0.0004964386
0.000496915
0.0004963932
0.0004962406
0.0004976836
0.0004974929
0.0004971309
0.0004969276
0.000496877
0.000496666
0.0004966671
0.0004966127
0.000496389
0.0004966156
0.0004965155
0.0004960432
0.0004976731
0.0004974637
0.0004970697
0.0004969304
0.0004969124
0.0004967943
0.0004966531
0.0004965051
0.0004965715
0.0004964
0.0004963913
0.0004962401
0.0004962683
0.0004976746
0.0004974508
0.0004970707
0.0004969129
0.0004969033
0.0004967946
0.0004965001
0.0004967827
0.0004966815
0.0004965071
0.0004963786
0.000496209
0.0004961615
0.0004961347
0.0004977497
0.0004977462
0.0004977427
0.0004977393
0.0004977359
0.0004977325
0.0004977291
0.0004977258
0.0004977223
0.0004977187
0.0004977061
0.0004977516
0.0004977481
0.0004977446
0.0004977411
0.0004977377
0.0004977343
0.0004977309
0.0004977275
0.0004977241
0.0004977207
0.0004977102
0.0004976572
0.0004977535
0.00049775
0.0004977464
0.000497743
0.0004977395
0.0004977361
0.0004977326
0.0004977293
0.0004977259
0.0004977225
0.0004977131
0.0004976399
0.0004973676
0.0004977555
0.0004977519
0.0004977484
0.0004977448
0.0004977414
0.0004977379
0.0004977344
0.000497731
0.0004977277
0.0004977243
0.0004977159
0.0004976415
0.0004973163
0.00049699
0.0004977575
0.0004977539
0.0004977503
0.0004977468
0.0004977432
0.0004977397
0.0004977363
0.0004977328
0.0004977294
0.0004977261
0.0004977209
0.0004976392
0.0004973017
0.0004969989
0.0004969116
0.0004977596
0.0004977559
0.0004977523
0.0004977487
0.0004977452
0.0004977416
0.0004977381
0.0004977347
0.0004977312
0.0004977278
0.0004977206
0.0004976448
0.0004973269
0.0004969784
0.0004969079
0.0004967257
0.0004977616
0.000497758
0.0004977543
0.0004977507
0.0004977471
0.0004977436
0.00049774
0.0004977365
0.0004977331
0.0004977296
0.0004977217
0.0004976296
0.0004973199
0.0004969793
0.000496883
0.0004965203
0.0004964951
0.0004977637
0.00049776
0.0004977563
0.0004977527
0.0004977491
0.0004977455
0.0004977419
0.0004977384
0.0004977349
0.0004977315
0.0004977209
0.0004976135
0.0004973299
0.0004969827
0.0004968938
0.0004966857
0.0004965323
0.0004964854
0.0004977658
0.0004977621
0.0004977584
0.0004977547
0.0004977511
0.0004977475
0.0004977439
0.0004977403
0.0004977368
0.0004977333
0.0004977192
0.000497608
0.0004972875
0.0004969869
0.0004968938
0.000496444
0.0004969759
0.0004970295
0.0004965337
0.000497768
0.0004977642
0.0004977605
0.0004977568
0.0004977531
0.0004977495
0.0004977459
0.0004977423
0.0004977387
0.0004977352
0.0004977195
0.0004975932
0.0004972579
0.000496967
0.0004968803
0.000496538
0.0004966664
0.0004969352
0.0004966686
0.0004965689
0.0004976905
0.0004975864
0.000497307
0.0004969335
0.0004968295
0.0004967089
0.0004967019
0.0004965301
0.0004963164
0.0004963656
0.000496511
0.0004976851
0.0004975393
0.0004972158
0.0004969284
0.0004968564
0.0004967286
0.0004966495
0.0004966203
0.000496389
0.0004968689
0.0004962231
0.0004961086
0.0004976821
0.0004974886
0.0004971208
0.0004969345
0.0004968939
0.0004967506
0.0004966304
0.0004966459
0.0004965648
0.0004963825
0.0004964602
0.0004963942
0.0004959614
0.000497679
0.0004974562
0.0004970779
0.0004969246
0.0004969105
0.0004966057
0.0004967872
0.0004966135
0.000496531
0.0004965326
0.0004962176
0.0004962795
0.0004961396
0.000496206
0.0004976758
0.0004974518
0.0004970611
0.0004969263
0.0004968915
0.0004967035
0.0004967686
0.0004964437
0.0004967333
0.0004966335
0.0004963732
0.0004962164
0.0004961317
0.0004961
0.0004961008
0.0004976762
0.0004977516
0.0004977481
0.0004977446
0.0004977411
0.0004977377
0.0004977343
0.0004977309
0.0004977275
0.0004977241
0.0004977207
0.0004977078
0.0004976551
0.0004977535
0.00049775
0.0004977464
0.000497743
0.0004977395
0.0004977361
0.0004977326
0.0004977293
0.0004977259
0.0004977225
0.0004977109
0.0004976348
0.0004973702
0.0004977555
0.0004977519
0.0004977484
0.0004977448
0.0004977414
0.0004977379
0.0004977344
0.000497731
0.0004977277
0.0004977243
0.0004977147
0.0004976424
0.0004973382
0.0004969856
0.0004977575
0.0004977539
0.0004977503
0.0004977468
0.0004977432
0.0004977397
0.0004977363
0.0004977328
0.0004977294
0.0004977261
0.000497718
0.0004976381
0.0004973394
0.0004969833
0.0004968963
0.0004977596
0.0004977559
0.0004977523
0.0004977487
0.0004977452
0.0004977416
0.0004977381
0.0004977347
0.0004977312
0.0004977278
0.0004977205
0.0004976356
0.0004973319
0.0004969833
0.0004969074
0.0004969132
0.0004977616
0.000497758
0.0004977543
0.0004977507
0.0004977471
0.0004977436
0.00049774
0.0004977365
0.0004977331
0.0004977296
0.0004977224
0.0004976308
0.0004973412
0.000496976
0.0004969008
0.000496424
0.0004966992
0.0004977637
0.00049776
0.0004977564
0.0004977527
0.0004977491
0.0004977455
0.0004977419
0.0004977384
0.0004977349
0.0004977315
0.0004977237
0.0004976274
0.0004973169
0.0004969802
0.000496895
0.0004966571
0.000496458
0.0004964821
0.0004977658
0.0004977621
0.0004977584
0.0004977547
0.0004977511
0.0004977475
0.0004977439
0.0004977403
0.0004977368
0.0004977333
0.0004977227
0.000497626
0.0004972923
0.0004969801
0.0004968907
0.0004964889
0.0004966913
0.0004965271
0.0004965302
0.000497768
0.0004977642
0.0004977605
0.0004977568
0.0004977531
0.0004977495
0.0004977459
0.0004977423
0.0004977387
0.0004977352
0.0004977229
0.0004976038
0.0004972787
0.0004969713
0.0004968901
0.0004965629
0.0004964023
0.0004969363
0.0004969013
0.0004965216
0.0004977701
0.0004977664
0.0004977626
0.0004977589
0.0004977552
0.0004977515
0.0004977479
0.0004977443
0.0004977407
0.0004977371
0.0004977206
0.0004975934
0.0004972578
0.0004969555
0.0004968757
0.000496798
0.0004964888
0.0004966617
0.0004968303
0.0004966314
0.0004965089
0.0004976894
0.0004975677
0.0004972733
0.0004969383
0.0004968581
0.0004968421
0.0004966562
0.0004966272
0.0004965513
0.0004963597
0.0004963079
0.0004963968
0.0004976806
0.0004975387
0.0004971959
0.0004969338
0.0004968347
0.000496838
0.0004966682
0.0004965879
0.000496604
0.0004963609
0.0004967203
0.000496092
0.0004960276
0.0004976896
0.0004974827
0.0004971157
0.0004969328
0.000496903
0.0004967284
0.0004967353
0.0004965498
0.0004966318
0.0004965098
0.0004962156
0.0004963019
0.0004962978
0.0004959024
0.0004976814
0.0004974628
0.0004970682
0.0004969368
0.0004969102
0.0004967291
0.0004965561
0.0004967051
0.0004965967
0.0004964932
0.0004963889
0.0004960645
0.0004961911
0.0004960726
0.0004961732
0.0004976732
0.000497455
0.0004970623
0.0004969118
0.0004968969
0.0004967732
0.000496668
0.0004967174
0.0004964141
0.0004966936
0.0004964697
0.0004962378
0.0004961214
0.0004960783
0.0004960658
0.0004976678
0.0004976767
0.0004976438
0.0004977535
0.00049775
0.0004977464
0.000497743
0.0004977395
0.000497736
0.0004977326
0.0004977293
0.0004977259
0.0004977225
0.0004977076
0.0004976333
0.0004973657
0.0004977555
0.0004977519
0.0004977484
0.0004977448
0.0004977413
0.0004977379
0.0004977344
0.000497731
0.0004977277
0.0004977243
0.0004977121
0.0004976249
0.0004973282
0.0004969863
0.0004977575
0.0004977539
0.0004977503
0.0004977468
0.0004977432
0.0004977397
0.0004977363
0.0004977328
0.0004977294
0.0004977261
0.0004977169
0.0004976302
0.0004973409
0.0004969776
0.0004968772
0.0004977596
0.0004977559
0.0004977523
0.0004977487
0.0004977452
0.0004977416
0.0004977381
0.0004977347
0.0004977312
0.0004977278
0.0004977202
0.0004976455
0.000497329
0.0004969773
0.0004969069
0.0004967611
0.0004977616
0.000497758
0.0004977543
0.0004977507
0.0004977471
0.0004977436
0.00049774
0.0004977365
0.0004977331
0.0004977296
0.0004977213
0.0004976365
0.0004973206
0.0004969818
0.0004969098
0.0004965383
0.0004969062
0.0004977637
0.00049776
0.0004977564
0.0004977527
0.0004977491
0.0004977455
0.0004977419
0.0004977384
0.0004977349
0.0004977315
0.0004977239
0.0004976395
0.0004973225
0.0004969849
0.0004968986
0.0004968186
0.0004963238
0.0004966834
0.0004977658
0.0004977621
0.0004977584
0.0004977547
0.0004977511
0.0004977475
0.0004977439
0.0004977403
0.0004977368
0.0004977333
0.0004977245
0.0004976199
0.0004973083
0.0004969865
0.000496898
0.0004966733
0.0004966132
0.0004964245
0.0004964658
0.000497768
0.0004977642
0.0004977605
0.0004977568
0.0004977531
0.0004977495
0.0004977459
0.0004977423
0.0004977387
0.0004977352
0.0004977253
0.000497599
0.0004973106
0.0004969847
0.0004968835
0.0004965997
0.0004964167
0.0004966894
0.0004965506
0.0004965328
0.0004977701
0.0004977664
0.0004977626
0.0004977589
0.0004977552
0.0004977515
0.0004977479
0.0004977443
0.0004977407
0.0004977371
0.0004977247
0.0004976008
0.0004972778
0.0004969714
0.0004968921
0.0004966884
0.0004964884
0.0004964142
0.0004968524
0.0004968223
0.000496387
0.0004977723
0.0004977685
0.0004977647
0.000497761
0.0004977573
0.0004977536
0.0004977499
0.0004977463
0.0004977427
0.0004977391
0.0004977234
0.000497583
0.000497253
0.0004969645
0.0004968929
0.0004968614
0.000496788
0.0004964526
0.0004966974
0.0004967843
0.0004964991
0.0004964089
0.0004976893
0.0004975812
0.0004972356
0.0004969377
0.0004968323
0.0004966943
0.0004968549
0.000496571
0.000496626
0.0004965269
0.0004962268
0.0004962118
0.0004963075
0.0004976852
0.0004975437
0.0004971915
0.0004969345
0.0004968782
0.0004968068
0.000496815
0.0004965663
0.000496585
0.0004965519
0.0004962365
0.0004965595
0.0004960076
0.0004959695
0.0004976931
0.0004974845
0.0004971048
0.0004969483
0.0004968988
0.0004966818
0.0004966916
0.0004966732
0.0004964897
0.0004965978
0.0004963752
0.0004960584
0.0004962047
0.0004962357
0.0004958707
0.0004976787
0.0004974643
0.0004970734
0.000496927
0.000496909
0.0004967462
0.000496703
0.000496507
0.0004965979
0.0004965651
0.0004963114
0.0004962409
0.0004959709
0.0004961271
0.0004960365
0.0004976837
0.0004974526
0.0004970659
0.0004969157
0.0004968881
0.0004965675
0.0004967485
0.0004966354
0.000496675
0.0004963842
0.0004965398
0.0004963058
0.0004961408
0.0004960593
0.000496048
0.0004976692
0.0004976702
0.0004976215
0.0004976668
0.0004976266
0.0004973762
0.0004977555
0.0004977519
0.0004977484
0.0004977448
0.0004977413
0.0004977379
0.0004977344
0.000497731
0.0004977277
0.0004977243
0.0004977091
0.000497612
0.0004973298
0.0004969813
0.0004977575
0.0004977539
0.0004977503
0.0004977468
0.0004977432
0.0004977397
0.0004977363
0.0004977328
0.0004977294
0.0004977261
0.0004977141
0.0004976148
0.0004973114
0.0004969765
0.0004968794
0.0004977596
0.0004977559
0.0004977523
0.0004977487
0.0004977452
0.0004977416
0.0004977381
0.0004977347
0.0004977312
0.0004977278
0.0004977189
0.0004976385
0.0004973179
0.0004969765
0.0004968901
0.0004967468
0.0004977616
0.000497758
0.0004977543
0.0004977507
0.0004977471
0.0004977436
0.00049774
0.0004977365
0.0004977331
0.0004977296
0.0004977231
0.0004976286
0.0004973437
0.0004969728
0.0004968895
0.0004966523
0.0004967354
0.0004977637
0.00049776
0.0004977564
0.0004977527
0.0004977491
0.0004977455
0.0004977419
0.0004977384
0.0004977349
0.0004977315
0.0004977244
0.0004976506
0.0004973257
0.0004969828
0.0004968837
0.0004968802
0.0004964844
0.0004968582
0.0004977658
0.0004977621
0.0004977584
0.0004977547
0.0004977511
0.0004977475
0.0004977439
0.0004977403
0.0004977368
0.0004977333
0.0004977254
0.000497626
0.0004973294
0.0004970004
0.000496875
0.0004966835
0.0004967782
0.0004962735
0.0004966807
0.000497768
0.0004977642
0.0004977605
0.0004977568
0.0004977531
0.0004977495
0.0004977459
0.0004977423
0.0004977387
0.0004977352
0.0004977265
0.0004976073
0.0004972977
0.0004969842
0.0004968927
0.000496533
0.0004966292
0.0004965724
0.0004964382
0.0004964103
0.0004977701
0.0004977664
0.0004977626
0.0004977589
0.0004977552
0.0004977515
0.0004977479
0.0004977443
0.0004977407
0.0004977371
0.0004977265
0.0004976169
0.0004972667
0.0004969813
0.0004968989
0.0004968046
0.0004965752
0.0004963905
0.0004966481
0.0004965155
0.0004963846
0.0004977723
0.0004977685
0.0004977647
0.000497761
0.0004977573
0.0004977536
0.0004977499
0.0004977463
0.0004977427
0.0004977391
0.0004977261
0.000497595
0.0004972625
0.0004969868
0.0004969004
0.0004968282
0.0004966761
0.000496432
0.0004964153
0.0004968161
0.0004967347
0.0004962432
0.0004977745
0.0004977707
0.0004977669
0.0004977631
0.0004977594
0.0004977557
0.000497752
0.0004977483
0.0004977447
0.0004977411
0.0004977259
0.0004975991
0.0004972366
0.0004969597
0.000496902
0.0004967976
0.0004968751
0.0004967403
0.0004964234
0.0004966548
0.0004966619
0.000496366
0.0004963211
0.0004976922
0.0004975836
0.0004972571
0.0004969487
0.00049687
0.0004969303
0.0004966726
0.0004968095
0.0004965058
0.0004966147
0.0004963579
0.0004960809
0.0004961228
0.0004962437
0.0004976897
0.0004975485
0.0004972029
0.0004969404
0.0004968894
0.0004967263
0.0004967616
0.0004966922
0.0004965527
0.0004965501
0.0004963821
0.0004961012
0.0004964652
0.0004959458
0.0004959375
0.0004976886
0.0004974896
0.0004971015
0.0004969409
0.0004969015
0.0004968011
0.0004966405
0.0004965968
0.0004965981
0.0004964835
0.0004964343
0.0004962414
0.0004959713
0.0004961394
0.0004962032
0.000497687
0.000497462
0.0004970736
0.0004969309
0.0004969082
0.0004966916
0.000496717
0.0004966448
0.0004964926
0.0004965608
0.0004964132
0.0004961586
0.0004961432
0.0004959054
0.0004960913
0.0004976932
0.0004974642
0.0004970626
0.0004969162
0.0004968977
0.0004969388
0.0004965062
0.000496714
0.0004966198
0.0004965964
0.0004962428
0.0004963853
0.0004962013
0.0004960742
0.0004960279
0.0004976661
0.0004976739
0.0004975713
0.0004976668
0.0004975914
0.0004973415
0.0004976726
0.0004976101
0.0004973459
0.0004969586
0.0004977575
0.0004977539
0.0004977503
0.0004977468
0.0004977432
0.0004977397
0.0004977363
0.0004977328
0.0004977294
0.000497726
0.0004977106
0.0004975997
0.0004972957
0.0004969733
0.0004968579
0.0004977596
0.0004977559
0.0004977523
0.0004977487
0.0004977452
0.0004977416
0.0004977381
0.0004977347
0.0004977312
0.0004977278
0.0004977163
0.000497613
0.0004972934
0.0004969749
0.0004968743
0.0004966061
0.0004977616
0.000497758
0.0004977543
0.0004977507
0.0004977471
0.0004977436
0.00049774
0.0004977365
0.0004977331
0.0004977296
0.0004977193
0.0004976244
0.0004973307
0.0004969728
0.0004968891
0.0004967436
0.0004967361
0.0004977637
0.00049776
0.0004977564
0.0004977527
0.0004977491
0.0004977455
0.0004977419
0.0004977384
0.0004977349
0.0004977315
0.0004977233
0.0004976319
0.0004973152
0.0004969826
0.0004968915
0.0004969027
0.00049661
0.0004967119
0.0004977658
0.0004977621
0.0004977584
0.0004977547
0.0004977511
0.0004977475
0.0004977439
0.0004977403
0.0004977368
0.0004977333
0.0004977254
0.0004976261
0.0004973502
0.0004969849
0.0004968957
0.0004968986
0.0004968227
0.0004964907
0.0004967871
0.000497768
0.0004977642
0.0004977605
0.0004977568
0.0004977531
0.0004977495
0.0004977459
0.0004977423
0.0004977387
0.0004977352
0.000497727
0.000497633
0.0004973053
0.000496981
0.0004968995
0.0004965946
0.0004966304
0.0004966836
0.0004963281
0.0004966249
0.0004977701
0.0004977664
0.0004977626
0.0004977589
0.0004977552
0.0004977515
0.0004977479
0.0004977443
0.0004977407
0.0004977371
0.0004977292
0.0004976139
0.0004972764
0.0004969829
0.0004968911
0.0004968718
0.0004964774
0.0004965789
0.0004966016
0.0004964072
0.0004962592
0.0004977723
0.0004977685
0.0004977647
0.000497761
0.0004977573
0.0004977536
0.0004977499
0.0004977463
0.0004977427
0.0004977391
0.000497729
0.0004976178
0.0004972891
0.0004969851
0.0004968923
0.0004968177
0.0004967634
0.0004965533
0.0004964543
0.0004966034
0.000496362
0.0004962384
0.0004977745
0.0004977707
0.0004977669
0.0004977631
0.0004977594
0.0004977557
0.000497752
0.0004977483
0.0004977447
0.0004977411
0.0004977292
0.0004976196
0.0004972528
0.0004969714
0.0004968895
0.0004967489
0.0004968107
0.000496645
0.0004964605
0.0004963467
0.0004967008
0.000496622
0.0004961526
0.0004977768
0.0004977729
0.0004977691
0.0004977653
0.0004977615
0.0004977578
0.0004977541
0.0004977504
0.0004977467
0.0004977431
0.000497728
0.0004975975
0.0004972626
0.0004969625
0.0004969031
0.00049677
0.0004967735
0.0004968539
0.000496692
0.0004963717
0.0004964579
0.0004965125
0.0004962856
0.0004962606
0.0004976992
0.000497581
0.0004972626
0.0004969434
0.0004968804
0.0004966396
0.0004969444
0.0004966325
0.0004967483
0.0004964502
0.0004964271
0.0004962098
0.0004960061
0.0004960607
0.0004962095
0.0004976857
0.0004975522
0.0004972077
0.0004969333
0.0004968889
0.0004966651
0.0004967087
0.0004967174
0.000496507
0.000496562
0.0004963664
0.00049622
0.0004960116
0.0004964056
0.0004959129
0.0004976964
0.0004974861
0.0004971118
0.0004969431
0.0004969042
0.0004968162
0.000496789
0.0004965747
0.0004965279
0.0004965519
0.0004963624
0.0004962645
0.0004961482
0.000495912
0.0004961042
0.0004976965
0.0004974693
0.0004970753
0.0004969288
0.0004969104
0.0004967709
0.0004966809
0.0004966805
0.0004965988
0.0004964678
0.0004964504
0.0004962557
0.0004960737
0.0004960769
0.0004958704
0.000497688
0.0004974759
0.0004970745
0.0004969101
0.0004968985
0.0004966955
0.0004969467
0.0004964991
0.0004967044
0.0004965572
0.0004964049
0.0004960966
0.0004962907
0.0004961315
0.0004960387
0.0004976664
0.0004976714
0.000497521
0.0004976658
0.0004975284
0.0004972509
0.000497669
0.0004975604
0.0004972907
0.000496941
0.0004976727
0.0004975918
0.000497329
0.0004969479
0.0004968289
0.0004977596
0.0004977559
0.0004977523
0.0004977487
0.0004977452
0.0004977416
0.0004977381
0.0004977347
0.0004977312
0.0004977278
0.0004977137
0.0004975954
0.0004972778
0.0004969651
0.0004968617
0.000496664
0.0004977616
0.000497758
0.0004977543
0.0004977507
0.0004977471
0.0004977435
0.00049774
0.0004977365
0.0004977331
0.0004977296
0.0004977172
0.0004976196
0.0004972914
0.0004969682
0.0004968873
0.0004969217
0.0004965159
0.0004977637
0.00049776
0.0004977564
0.0004977527
0.0004977491
0.0004977455
0.0004977419
0.0004977384
0.0004977349
0.0004977315
0.0004977214
0.0004976222
0.0004973077
0.0004969743
0.0004968938
0.0004966475
0.0004967232
0.0004967051
0.0004977658
0.0004977621
0.0004977584
0.0004977547
0.0004977511
0.0004977475
0.0004977439
0.0004977403
0.0004977368
0.0004977333
0.000497726
0.0004976215
0.0004973176
0.0004969872
0.0004968721
0.000496873
0.0004969004
0.0004965784
0.0004967238
0.000497768
0.0004977642
0.0004977605
0.0004977568
0.0004977531
0.0004977495
0.0004977459
0.0004977423
0.0004977387
0.0004977352
0.0004977269
0.0004976434
0.0004973079
0.0004969791
0.0004968784
0.0004966799
0.0004969037
0.0004967022
0.0004965438
0.0004967026
0.0004977701
0.0004977664
0.0004977626
0.0004977589
0.0004977552
0.0004977515
0.0004977479
0.0004977443
0.0004977407
0.0004977371
0.000497729
0.0004976038
0.0004973164
0.0004969834
0.0004968827
0.000496469
0.0004965741
0.0004965498
0.0004966156
0.0004963325
0.0004964605
0.0004977723
0.0004977685
0.0004977647
0.000497761
0.0004977573
0.0004977536
0.0004977499
0.0004977463
0.0004977427
0.0004977391
0.0004977305
0.0004976198
0.0004972861
0.0004969836
0.0004968989
0.0004968459
0.0004968751
0.0004964695
0.0004965723
0.0004966166
0.0004962456
0.0004961183
0.0004977745
0.0004977707
0.0004977669
0.0004977631
0.0004977594
0.0004977557
0.000497752
0.0004977483
0.0004977447
0.0004977411
0.0004977302
0.0004976232
0.0004972889
0.0004969781
0.0004969167
0.000496681
0.000496814
0.0004966798
0.0004964965
0.0004964612
0.0004964748
0.0004962238
0.0004961513
0.0004977768
0.0004977729
0.0004977691
0.0004977653
0.0004977615
0.0004977578
0.0004977541
0.0004977504
0.0004977467
0.0004977431
0.0004977295
0.0004976092
0.0004972931
0.000496971
0.0004969118
0.0004967169
0.0004967275
0.0004967337
0.00049654
0.0004964627
0.0004961832
0.0004965555
0.0004965292
0.000496089
0.0004977791
0.0004977752
0.0004977713
0.0004977675
0.0004977637
0.0004977599
0.0004977562
0.0004977525
0.0004977488
0.0004977451
0.0004977291
0.0004975858
0.0004972574
0.0004969664
0.0004969142
0.0004967145
0.0004967335
0.0004967093
0.0004968216
0.0004966511
0.0004962301
0.0004963046
0.0004964148
0.0004962299
0.0004962275
0.0004976932
0.0004975802
0.0004972553
0.0004969409
0.0004968723
0.0004967169
0.0004965902
0.0004968688
0.0004965976
0.0004967173
0.0004963341
0.000496261
0.000496124
0.000495951
0.0004960273
0.0004976985
0.0004975534
0.0004972122
0.0004969411
0.0004968811
0.0004968077
0.0004966323
0.0004966683
0.0004967762
0.000496405
0.0004964089
0.0004962029
0.0004961295
0.0004959502
0.0004963731
0.0004977029
0.0004974826
0.000497105
0.0004969555
0.000496924
0.0004968728
0.0004967896
0.0004967298
0.0004965409
0.0004965111
0.0004964254
0.0004962099
0.0004961653
0.0004960813
0.0004958796
0.0004976919
0.0004974801
0.000497079
0.0004969334
0.0004969155
0.0004966654
0.0004967381
0.000496672
0.0004966569
0.0004965642
0.0004963189
0.0004963096
0.0004961557
0.0004960135
0.0004960413
0.0004976764
0.0004974672
0.0004970856
0.0004969227
0.0004969025
0.0004967422
0.0004966819
0.0004968857
0.0004965665
0.0004966702
0.0004963846
0.0004962333
0.0004960051
0.0004962254
0.0004960936
0.0004976669
0.0004974809
0.0004976618
0.0004974772
0.000497176
0.0004976646
0.0004974914
0.0004971805
0.0004969431
0.0004976669
0.0004975416
0.0004972402
0.0004969359
0.0004968207
0.0004976778
0.0004975958
0.0004972881
0.0004969368
0.0004968212
0.0004966857
0.0004977616
0.000497758
0.0004977543
0.0004977507
0.0004977471
0.0004977435
0.00049774
0.0004977365
0.0004977331
0.0004977296
0.0004977146
0.0004976082
0.0004972714
0.0004969685
0.0004968688
0.0004967916
0.0004966466
0.0004977637
0.00049776
0.0004977564
0.0004977527
0.0004977491
0.0004977455
0.0004977419
0.0004977384
0.0004977349
0.0004977314
0.0004977186
0.0004975931
0.0004972975
0.0004969757
0.000496878
0.0004967055
0.0004969424
0.0004964226
0.0004977658
0.0004977621
0.0004977584
0.0004977547
0.0004977511
0.0004977475
0.0004977439
0.0004977403
0.0004977368
0.0004977333
0.0004977222
0.0004976176
0.0004973033
0.0004969824
0.0004968887
0.0004966387
0.0004966124
0.0004966822
0.0004966764
0.000497768
0.0004977642
0.0004977605
0.0004977568
0.0004977531
0.0004977495
0.0004977459
0.0004977423
0.0004977387
0.0004977352
0.0004977269
0.0004976314
0.0004973055
0.0004969879
0.000496881
0.0004967954
0.0004968352
0.0004968093
0.0004965725
0.0004966883
0.0004977701
0.0004977664
0.0004977626
0.0004977589
0.0004977552
0.0004977515
0.0004977479
0.0004977443
0.0004977407
0.0004977371
0.0004977302
0.0004976142
0.0004973347
0.0004969896
0.0004968709
0.0004970048
0.0004966432
0.0004968424
0.0004966704
0.0004964954
0.0004965688
0.0004977723
0.0004977685
0.0004977647
0.000497761
0.0004977573
0.0004977536
0.0004977499
0.0004977463
0.0004977427
0.0004977391
0.0004977308
0.0004976245
0.000497274
0.0004969802
0.0004969093
0.0004968623
0.0004963842
0.00049659
0.0004965294
0.0004965837
0.0004961741
0.0004963127
0.0004977745
0.0004977707
0.0004977669
0.0004977631
0.0004977594
0.0004977557
0.000497752
0.0004977483
0.0004977447
0.0004977411
0.0004977325
0.000497612
0.0004972916
0.0004969838
0.0004969136
0.0004969282
0.0004968295
0.0004968043
0.000496492
0.0004965541
0.0004964609
0.0004960992
0.000496032
0.0004977768
0.0004977729
0.0004977691
0.0004977653
0.0004977615
0.0004977578
0.0004977541
0.0004977504
0.0004977467
0.0004977431
0.0004977338
0.0004976332
0.000497297
0.0004969761
0.000496911
0.0004967897
0.0004966324
0.0004967679
0.0004966498
0.0004964379
0.0004962869
0.0004963313
0.0004961426
0.0004960899
0.0004977791
0.0004977752
0.0004977713
0.0004977675
0.0004977637
0.0004977599
0.0004977562
0.0004977525
0.0004977488
0.0004977451
0.0004977319
0.0004976137
0.0004972791
0.0004969743
0.0004969124
0.0004967406
0.0004967291
0.0004966814
0.0004966753
0.0004964396
0.0004963157
0.0004960435
0.0004964614
0.0004964668
0.0004960536
0.0004977814
0.0004977775
0.0004977736
0.0004977697
0.0004977659
0.0004977621
0.0004977583
0.0004977546
0.0004977509
0.0004977472
0.0004977293
0.0004975853
0.0004972403
0.0004969741
0.0004968956
0.0004967121
0.0004966856
0.000496656
0.0004966653
0.0004967818
0.000496509
0.0004960975
0.0004962315
0.0004963516
0.0004961981
0.000497705
0.0004975797
0.0004972519
0.0004969403
0.0004968691
0.0004967823
0.0004967106
0.0004965334
0.0004967144
0.00049656
0.0004965734
0.00049621
0.0004961869
0.0004960653
0.0004959187
0.0004977008
0.000497527
0.0004972173
0.000496947
0.0004968848
0.0004967522
0.0004967965
0.0004965907
0.0004965997
0.0004967435
0.0004963363
0.0004962442
0.000496114
0.000496071
0.0004959153
0.0004977027
0.0004974955
0.0004970961
0.0004969389
0.0004969172
0.00049668
0.0004968789
0.0004967565
0.0004966647
0.0004965209
0.0004963723
0.0004962858
0.0004961139
0.0004961019
0.0004960447
0.0004976821
0.0004974741
0.0004970944
0.0004969313
0.0004969047
0.0004967373
0.0004966057
0.0004967311
0.0004965985
0.00049659
0.0004964102
0.0004961684
0.0004962161
0.000496086
0.0004959795
0.0004976867
0.0004974535
0.0004970752
0.0004969373
0.0004969058
0.0004967426
0.0004967295
0.0004966523
0.0004967923
0.0004965311
0.0004965172
0.0004962277
0.0004961257
0.0004959392
0.0004961906
0.000497656
0.0004974581
0.0004971213
0.0004976592
0.0004974516
0.0004971109
0.0004969507
0.0004976701
0.0004974784
0.0004971263
0.0004969439
0.000496861
0.0004976741
0.0004975545
0.0004972069
0.0004969323
0.0004968491
0.0004968293
0.0004976789
0.0004975969
0.0004972973
0.0004969385
0.0004968298
0.000496784
0.0004966221
0.0004977637
0.00049776
0.0004977564
0.0004977527
0.0004977491
0.0004977455
0.0004977419
0.0004977384
0.0004977349
0.0004977314
0.0004977164
0.0004975974
0.0004972817
0.0004969749
0.0004968748
0.0004969537
0.0004967603
0.0004966273
0.0004977658
0.0004977621
0.0004977584
0.0004977547
0.0004977511
0.0004977475
0.0004977439
0.0004977403
0.0004977368
0.0004977333
0.0004977203
0.0004976042
0.0004972603
0.0004969677
0.0004968815
0.0004969585
0.0004966688
0.0004968952
0.000496446
0.000497768
0.0004977642
0.0004977605
0.0004977568
0.0004977531
0.0004977495
0.0004977459
0.0004977423
0.0004977387
0.0004977352
0.0004977247
0.0004976219
0.0004972957
0.0004969804
0.0004968914
0.0004966788
0.0004966027
0.0004965867
0.0004966475
0.0004966459
0.0004977701
0.0004977664
0.0004977626
0.0004977589
0.0004977552
0.0004977515
0.0004977479
0.0004977443
0.0004977407
0.0004977371
0.0004977291
0.0004976259
0.0004973128
0.0004969945
0.0004968942
0.0004969408
0.0004967574
0.0004966979
0.0004966322
0.0004965228
0.0004965225
0.0004977723
0.0004977685
0.0004977647
0.000497761
0.0004977573
0.0004977536
0.0004977499
0.0004977463
0.0004977427
0.0004977391
0.0004977311
0.0004976231
0.0004972871
0.0004969853
0.0004969035
0.0004967922
0.0004970403
0.000496622
0.0004967156
0.0004966732
0.0004963104
0.0004964418
0.0004977745
0.0004977707
0.0004977669
0.0004977631
0.0004977594
0.0004977557
0.000497752
0.0004977483
0.0004977447
0.0004977411
0.0004977331
0.0004976125
0.0004973027
0.0004969959
0.0004969055
0.0004966636
0.0004968667
0.0004963771
0.0004965977
0.0004965337
0.0004964719
0.0004960304
0.0004962195
0.0004977768
0.0004977729
0.0004977691
0.0004977653
0.0004977615
0.0004977578
0.0004977541
0.0004977504
0.0004977467
0.0004977431
0.000497734
0.0004976217
0.0004972831
0.0004969811
0.000496905
0.0004968355
0.0004969287
0.0004967661
0.0004966758
0.0004964372
0.000496404
0.0004963025
0.0004960152
0.0004959708
0.0004977791
0.0004977752
0.0004977713
0.0004977675
0.0004977637
0.0004977599
0.0004977562
0.0004977525
0.0004977488
0.0004977451
0.0004977344
0.0004976175
0.000497315
0.0004969787
0.0004969066
0.0004966421
0.0004967601
0.0004966135
0.0004967008
0.0004966384
0.0004963294
0.0004961324
0.0004962416
0.0004960856
0.0004960564
0.0004977814
0.0004977775
0.0004977736
0.0004977697
0.0004977659
0.0004977621
0.0004977583
0.0004977546
0.0004977509
0.0004977472
0.000497733
0.0004976016
0.0004972868
0.0004969902
0.0004968933
0.0004968204
0.0004967
0.0004967433
0.000496642
0.0004966642
0.0004963447
0.0004961768
0.000495962
0.0004963987
0.0004964333
0.0004977837
0.0004977798
0.0004977759
0.000497772
0.0004977681
0.0004977643
0.0004977605
0.0004977567
0.000497753
0.0004977493
0.0004977344
0.0004975767
0.0004972414
0.0004969761
0.0004968949
0.0004968716
0.0004966818
0.0004966387
0.0004966156
0.000496634
0.0004966182
0.0004963619
0.0004960168
0.0004961768
0.000496319
0.0004977053
0.0004975693
0.0004972558
0.0004969542
0.00049688
0.00049678
0.000496769
0.0004966758
0.0004965163
0.0004966138
0.0004964184
0.0004964112
0.0004961241
0.0004961372
0.0004960323
0.0004977021
0.0004975436
0.0004971648
0.0004969446
0.0004968924
0.0004966051
0.0004967358
0.0004967322
0.0004965613
0.0004965223
0.0004965286
0.0004962321
0.0004961571
0.0004960535
0.0004960387
0.0004976952
0.0004974895
0.0004971173
0.0004969487
0.0004969243
0.0004965732
0.0004966425
0.0004968329
0.0004967689
0.0004966267
0.0004963754
0.0004962059
0.0004961938
0.0004960469
0.0004960679
0.0004976898
0.0004974643
0.0004970862
0.0004969547
0.0004969245
0.0004967544
0.0004967106
0.0004965368
0.0004967652
0.0004964857
0.0004964135
0.0004962471
0.0004960782
0.0004961501
0.0004960483
0.0004976869
0.0004974642
0.0004970607
0.000496922
0.0004969311
0.0004967529
0.0004967121
0.0004966898
0.0004966083
0.0004967165
0.0004963377
0.0004963555
0.0004961282
0.0004960538
0.0004959036
0.0004976553
0.0004974415
0.0004970803
0.0004969598
0.0004976651
0.0004974471
0.0004970717
0.0004969573
0.0004968764
0.0004976733
0.0004974833
0.0004971112
0.0004969294
0.0004968908
0.0004965961
0.0004976737
0.0004975534
0.0004972293
0.0004969318
0.0004968596
0.0004965871
0.0004968448
0.0004976819
0.0004975977
0.0004972927
0.0004969353
0.0004968312
0.0004966682
0.0004968059
0.0004965724
0.0004977658
0.0004977621
0.0004977584
0.0004977547
0.0004977511
0.0004977475
0.0004977439
0.0004977403
0.0004977368
0.0004977333
0.000497718
0.0004975943
0.0004972636
0.0004969598
0.0004968915
0.0004967207
0.0004969653
0.0004966985
0.0004966121
0.000497768
0.0004977642
0.0004977605
0.0004977568
0.0004977531
0.0004977495
0.0004977459
0.0004977423
0.0004977387
0.0004977352
0.0004977234
0.0004975993
0.0004972754
0.0004969791
0.0004968929
0.0004969677
0.0004969755
0.0004966486
0.0004968028
0.0004964614
0.0004977701
0.0004977664
0.0004977626
0.0004977589
0.0004977552
0.0004977515
0.0004977479
0.0004977443
0.0004977407
0.0004977371
0.0004977283
0.0004976293
0.0004973024
0.0004969806
0.0004968832
0.000496688
0.0004966463
0.0004965809
0.0004965749
0.0004966048
0.000496505
0.0004977723
0.0004977685
0.0004977647
0.000497761
0.0004977573
0.0004977536
0.0004977499
0.0004977463
0.0004977427
0.0004977391
0.000497731
0.0004976348
0.0004973068
0.0004969841
0.000496905
0.000496541
0.0004969728
0.0004967316
0.0004966114
0.0004965307
0.0004963588
0.0004963753
0.0004977745
0.0004977707
0.0004977669
0.0004977631
0.0004977594
0.0004977557
0.000497752
0.0004977483
0.0004977447
0.0004977411
0.0004977321
0.0004976272
0.0004972985
0.000496988
0.0004968921
0.0004966442
0.0004967901
0.0004970004
0.0004966318
0.000496638
0.0004965281
0.0004961664
0.0004963471
0.0004977768
0.0004977729
0.0004977691
0.0004977653
0.0004977615
0.0004977578
0.0004977541
0.0004977504
0.0004977467
0.0004977431
0.0004977356
0.0004976168
0.0004972826
0.0004969942
0.000496922
0.000496624
0.0004966218
0.000496829
0.0004964729
0.0004965465
0.0004963953
0.0004963395
0.0004959511
0.0004961545
0.0004977791
0.0004977752
0.0004977713
0.0004977675
0.0004977637
0.0004977599
0.0004977562
0.0004977525
0.0004977488
0.0004977451
0.0004977372
0.000497623
0.000497295
0.0004969962
0.000496909
0.000496894
0.0004968131
0.0004968585
0.0004967068
0.0004965992
0.0004962771
0.000496251
0.0004962225
0.000495956
0.0004959378
0.0004977814
0.0004977775
0.0004977736
0.0004977697
0.0004977659
0.0004977621
0.0004977583
0.0004977546
0.0004977509
0.0004977472
0.0004977371
0.0004976178
0.0004972887
0.0004969801
0.0004969102
0.0004967132
0.0004965891
0.0004966862
0.0004966621
0.0004966462
0.000496509
0.0004962041
0.0004960592
0.000496183
0.0004960541
0.0004977837
0.0004977798
0.0004977759
0.000497772
0.0004977681
0.0004977643
0.0004977605
0.0004977567
0.000497753
0.0004977493
0.0004977367
0.0004975967
0.0004972612
0.0004969862
0.0004969052
0.0004968175
0.0004968026
0.0004966574
0.0004966711
0.0004965996
0.0004965388
0.0004962418
0.0004961028
0.0004959056
0.0004963647
0.0004977861
0.0004977821
0.0004977782
0.0004977743
0.0004977704
0.0004977665
0.0004977627
0.0004977589
0.0004977551
0.0004977514
0.0004977353
0.0004975898
0.0004972232
0.0004969834
0.000496922
0.000496611
0.0004968524
0.0004966338
0.0004966032
0.0004965938
0.0004964859
0.0004964537
0.0004962684
0.0004959579
0.0004961443
0.0004977053
0.0004975724
0.0004972307
0.0004969446
0.0004968893
0.0004968475
0.0004967517
0.000496703
0.0004965933
0.0004964836
0.0004965387
0.0004962698
0.0004963264
0.0004960695
0.0004961099
0.0004976971
0.000497541
0.0004971913
0.0004969507
0.0004968803
0.0004964205
0.0004965351
0.000496683
0.0004966633
0.0004965166
0.0004963919
0.0004963737
0.0004961304
0.0004961025
0.0004960203
0.0004976989
0.0004974848
0.0004971027
0.0004969655
0.0004969338
0.0004967626
0.0004965256
0.0004966217
0.0004967446
0.0004967265
0.0004964939
0.0004962129
0.0004961023
0.0004961284
0.0004960117
0.0004976923
0.0004974689
0.0004970766
0.0004969437
0.0004969223
0.0004966589
0.0004967446
0.0004966675
0.0004965455
0.000496709
0.0004963533
0.0004962569
0.0004961465
0.0004960154
0.0004961148
0.0004976891
0.0004974645
0.0004970703
0.000496912
0.0004969047
0.0004965236
0.0004967259
0.0004967029
0.000496596
0.0004965519
0.0004965773
0.0004961872
0.00049625
0.0004960594
0.000496017
0.0004976634
0.0004974409
0.0004970574
0.0004969352
0.0004968995
0.0004976704
0.0004974523
0.0004970641
0.0004969322
0.0004969028
0.0004966197
0.0004976768
0.000497491
0.0004971153
0.0004969313
0.0004969012
0.0004965217
0.0004965904
0.0004976749
0.0004975592
0.0004972226
0.000496922
0.0004968761
0.0004965513
0.0004965549
0.0004968115
0.0004976802
0.0004975885
0.0004972969
0.0004969362
0.0004968476
0.0004968586
0.000496627
0.0004968091
0.0004966131
0.000497768
0.0004977642
0.0004977605
0.0004977568
0.0004977531
0.0004977495
0.0004977459
0.0004977423
0.0004977387
0.0004977352
0.0004977201
0.0004975984
0.0004972595
0.0004969605
0.0004968833
0.0004966439
0.0004967273
0.0004968956
0.0004966813
0.0004965946
0.0004977701
0.0004977664
0.0004977626
0.0004977589
0.0004977552
0.0004977515
0.0004977479
0.0004977443
0.0004977407
0.0004977371
0.0004977244
0.0004976074
0.0004972664
0.0004969748
0.0004969051
0.0004966119
0.0004969934
0.0004969131
0.0004966626
0.000496749
0.0004963089
0.0004977723
0.0004977685
0.0004977647
0.000497761
0.0004977573
0.0004977536
0.0004977499
0.0004977463
0.0004977427
0.0004977391
0.000497729
0.0004976301
0.0004973159
0.0004969841
0.0004969003
0.0004968921
0.0004966434
0.0004966193
0.000496573
0.0004965251
0.0004964541
0.0004963613
0.0004977745
0.0004977707
0.0004977669
0.0004977631
0.0004977594
0.0004977557
0.000497752
0.0004977483
0.0004977447
0.0004977411
0.0004977329
0.0004976476
0.0004973177
0.000496986
0.000496909
0.0004966155
0.0004965075
0.0004969549
0.0004967883
0.0004966265
0.0004964769
0.0004962115
0.0004962893
0.0004977768
0.0004977729
0.0004977691
0.0004977653
0.0004977615
0.0004977578
0.0004977541
0.0004977504
0.0004977467
0.0004977431
0.0004977345
0.000497623
0.0004973031
0.0004969912
0.0004969175
0.0004966375
0.0004966176
0.0004967625
0.0004968827
0.0004965888
0.0004965747
0.0004963696
0.0004960845
0.0004962814
0.0004977791
0.0004977752
0.0004977713
0.0004977675
0.0004977637
0.0004977599
0.0004977562
0.0004977525
0.0004977488
0.0004977451
0.0004977362
0.0004976155
0.0004972867
0.0004969959
0.0004969054
0.0004966725
0.000496591
0.0004965678
0.0004967817
0.0004964594
0.0004964074
0.0004962412
0.0004962465
0.000495892
0.0004961192
0.0004977814
0.0004977775
0.0004977736
0.0004977697
0.0004977659
0.0004977621
0.0004977583
0.0004977546
0.0004977509
0.0004977472
0.0004977389
0.0004976243
0.0004972984
0.0004969887
0.0004969092
0.0004968389
0.0004968998
0.0004967443
0.0004967886
0.0004966806
0.0004965057
0.0004961447
0.0004961588
0.0004961686
0.0004959241
0.0004977837
0.0004977798
0.0004977759
0.000497772
0.0004977681
0.0004977643
0.0004977605
0.0004977567
0.000497753
0.0004977493
0.0004977394
0.0004976242
0.0004972889
0.0004969906
0.000496905
0.0004967564
0.0004966808
0.0004965473
0.0004966394
0.0004966315
0.0004965092
0.0004963728
0.0004961123
0.000496006
0.0004961521
0.0004977861
0.0004977821
0.0004977782
0.0004977743
0.0004977704
0.0004977665
0.0004977627
0.0004977589
0.0004977551
0.0004977514
0.0004977383
0.0004976022
0.0004972508
0.0004969815
0.000496892
0.0004965098
0.0004968166
0.0004967484
0.0004966577
0.000496574
0.0004964488
0.0004963864
0.000496157
0.0004960502
0.0004958756
0.0004977885
0.0004977845
0.0004977805
0.0004977766
0.0004977727
0.0004977688
0.0004977649
0.0004977611
0.0004977573
0.0004977535
0.0004977373
0.0004975768
0.0004972408
0.000496975
0.0004968909
0.0004965024
0.0004965921
0.0004967731
0.0004965974
0.0004965617
0.000496442
0.0004963268
0.0004963649
0.0004962011
0.0004959245
0.0004977007
0.0004975762
0.0004972339
0.0004969665
0.0004968839
0.0004964433
0.0004968402
0.0004966757
0.0004966459
0.0004965209
0.0004963309
0.0004964419
0.0004961754
0.0004962751
0.0004960383
0.0004977008
0.0004975394
0.0004971858
0.0004969531
0.0004969145
0.0004964725
0.0004963354
0.0004965018
0.0004966308
0.0004966214
0.0004963664
0.000496258
0.0004962975
0.0004960647
0.0004960715
0.0004977014
0.0004974845
0.000497105
0.0004969551
0.0004969303
0.0004966979
0.0004967289
0.0004965112
0.0004966143
0.0004966661
0.0004965443
0.0004963404
0.0004961097
0.000496032
0.0004960927
0.0004976943
0.0004974707
0.0004970751
0.0004969332
0.0004969285
0.0004966282
0.0004966225
0.0004967108
0.0004966312
0.0004965369
0.0004965271
0.0004962348
0.0004961591
0.0004960766
0.0004959812
0.0004976935
0.0004974638
0.0004970717
0.0004969187
0.0004969198
0.0004969158
0.0004964398
0.0004966953
0.0004967094
0.0004965047
0.0004963898
0.0004964353
0.0004961045
0.000496181
0.0004960221
0.0004976666
0.0004974461
0.0004970575
0.0004969122
0.0004969162
0.0004966553
0.0004976717
0.0004974563
0.0004970686
0.0004969217
0.0004968997
0.0004964512
0.0004965937
0.0004976778
0.0004974919
0.0004971214
0.0004969377
0.0004969016
0.0004966544
0.0004964664
0.0004965916
0.0004976735
0.000497548
0.0004972339
0.0004969332
0.0004968572
0.0004965452
0.0004965287
0.0004965292
0.0004967325
0.0004976828
0.0004976078
0.0004972759
0.0004969384
0.0004968405
0.0004966964
0.0004968955
0.0004965574
0.0004967917
0.0004965945
0.0004977701
0.0004977664
0.0004977626
0.0004977589
0.0004977552
0.0004977515
0.0004977479
0.0004977443
0.0004977407
0.0004977371
0.0004977228
0.0004975952
0.0004972629
0.0004969614
0.0004968935
0.0004966942
0.0004965813
0.0004967241
0.0004967686
0.0004966786
0.0004964804
0.0004977723
0.0004977685
0.0004977647
0.000497761
0.0004977573
0.0004977536
0.0004977499
0.0004977463
0.0004977427
0.0004977391
0.0004977278
0.0004976265
0.000497277
0.0004969794
0.0004968983
0.0004967842
0.0004965651
0.000496945
0.0004968278
0.0004966152
0.0004966387
0.0004961625
0.0004977745
0.0004977707
0.0004977669
0.0004977631
0.0004977594
0.0004977557
0.000497752
0.0004977483
0.0004977447
0.0004977411
0.0004977304
0.000497649
0.000497314
0.0004969862
0.000496893
0.0004968587
0.0004969092
0.0004966216
0.0004966094
0.0004965232
0.0004963714
0.0004963051
0.0004962798
0.0004977768
0.0004977729
0.0004977691
0.0004977653
0.0004977615
0.0004977578
0.0004977541
0.0004977504
0.0004977467
0.0004977431
0.0004977334
0.0004976239
0.0004973374
0.0004969914
0.0004968971
0.0004966474
0.0004965524
0.0004965547
0.0004968787
0.0004967593
0.0004965156
0.0004963835
0.0004961214
0.0004962296
0.0004977791
0.0004977752
0.0004977713
0.0004977675
0.0004977637
0.0004977599
0.0004977562
0.0004977525
0.0004977488
0.0004977451
0.0004977362
0.000497623
0.0004973005
0.0004969896
0.0004969184
0.0004967593
0.0004966063
0.0004966295
0.0004967277
0.000496796
0.0004964278
0.0004964787
0.0004962812
0.0004960235
0.0004962458
0.0004977814
0.0004977775
0.0004977736
0.0004977697
0.0004977659
0.0004977621
0.0004977583
0.0004977546
0.0004977509
0.0004977472
0.0004977392
0.0004976462
0.000497284
0.0004969931
0.0004969188
0.0004966535
0.0004966436
0.0004965607
0.0004965384
0.0004967372
0.0004962799
0.0004962822
0.0004961535
0.0004961845
0.0004958577
0.0004977837
0.0004977798
0.0004977759
0.000497772
0.0004977681
0.0004977643
0.0004977605
0.0004977567
0.000497753
0.0004977493
0.0004977418
0.000497641
0.0004972928
0.0004969953
0.0004969075
0.0004967481
0.0004968269
0.0004968469
0.000496695
0.0004967519
0.0004965862
0.0004963923
0.0004960606
0.0004960949
0.0004961378
0.0004977861
0.0004977821
0.0004977782
0.0004977743
0.0004977704
0.0004977665
0.0004977627
0.0004977589
0.0004977551
0.0004977514
0.0004977407
0.0004976225
0.0004972908
0.0004969962
0.0004969151
0.0004966165
0.000496721
0.0004966441
0.0004965582
0.00049662
0.0004964499
0.0004963683
0.0004962876
0.0004960475
0.0004959748
0.0004977885
0.0004977845
0.0004977805
0.0004977766
0.0004977727
0.0004977688
0.0004977649
0.0004977611
0.0004977573
0.0004977535
0.0004977399
0.0004975994
0.0004972563
0.0004969848
0.0004969238
0.0004967315
0.000496463
0.0004967778
0.0004967041
0.0004966089
0.0004964687
0.0004962985
0.0004962932
0.000496099
0.00049602
0.0004977909
0.0004977869
0.0004977829
0.0004977789
0.000497775
0.0004977711
0.0004977672
0.0004977633
0.0004977595
0.0004977557
0.0004977379
0.0004975822
0.0004972222
0.0004969825
0.000496915
0.0004969727
0.0004964654
0.0004966304
0.000496725
0.0004965551
0.000496412
0.0004962821
0.0004962293
0.0004963075
0.0004961642
0.0004977053
0.0004975747
0.0004972421
0.0004969581
0.000496904
0.0004967389
0.0004964107
0.0004967413
0.0004965858
0.0004966283
0.0004964019
0.0004961818
0.0004963499
0.0004961104
0.0004962453
0.0004977042
0.0004975296
0.0004971877
0.0004969579
0.0004969058
0.0004968003
0.0004964286
0.0004963217
0.0004965542
0.0004965934
0.000496484
0.0004962187
0.0004961543
0.0004962419
0.00049603
0.0004977054
0.000497485
0.000497097
0.00049696
0.0004969355
0.0004965772
0.0004966615
0.0004967145
0.0004965257
0.0004965424
0.000496526
0.0004963831
0.0004962396
0.0004960394
0.0004959944
0.0004976989
0.0004974736
0.0004970794
0.0004969275
0.0004968971
0.0004965868
0.0004966003
0.0004965858
0.0004966232
0.0004965737
0.0004963574
0.0004963697
0.0004961435
0.0004960917
0.0004960388
0.0004976939
0.0004974697
0.00049707
0.0004969181
0.0004969101
0.0004968006
0.0004969034
0.0004963733
0.0004966978
0.0004966157
0.0004963946
0.000496232
0.0004963376
0.0004960457
0.0004961436
0.0004976663
0.0004974484
0.000497062
0.0004969121
0.0004968962
0.0004966138
0.0004966105
0.0004976695
0.0004974561
0.0004970734
0.0004969246
0.0004969092
0.0004966588
0.0004964164
0.0004966329
0.00049768
0.0004974816
0.0004971208
0.0004969311
0.00049689
0.0004968151
0.000496618
0.0004964369
0.0004965336
0.0004976788
0.0004975717
0.0004972139
0.0004969295
0.0004968774
0.0004969285
0.0004965106
0.0004965094
0.0004965049
0.0004966714
0.0004976811
0.0004976083
0.0004973152
0.0004969404
0.0004968449
0.0004969122
0.0004966857
0.000496882
0.0004965132
0.0004967541
0.0004964401
0.0004977723
0.0004977685
0.0004977647
0.000497761
0.0004977573
0.0004977536
0.0004977499
0.0004977463
0.0004977427
0.0004977391
0.0004977229
0.0004976008
0.0004972648
0.0004969625
0.0004968993
0.0004967177
0.0004966836
0.0004965411
0.0004966801
0.0004966786
0.0004965772
0.000496351
0.0004977745
0.0004977707
0.0004977669
0.0004977631
0.0004977594
0.0004977557
0.000497752
0.0004977483
0.0004977447
0.0004977411
0.0004977285
0.000497628
0.0004973069
0.0004969808
0.0004969066
0.0004968428
0.0004967734
0.0004965304
0.0004968642
0.000496787
0.0004964586
0.0004965061
0.0004960899
0.0004977768
0.0004977729
0.0004977691
0.0004977653
0.0004977615
0.0004977578
0.0004977541
0.0004977504
0.0004977467
0.0004977431
0.0004977327
0.0004976303
0.0004973423
0.0004969931
0.0004968957
0.0004969444
0.000496847
0.0004968554
0.0004966593
0.0004965631
0.0004963701
0.000496231
0.0004962153
0.0004962219
0.0004977791
0.0004977752
0.0004977713
0.0004977675
0.0004977637
0.0004977599
0.0004977562
0.0004977525
0.0004977488
0.0004977451
0.0004977368
0.0004976289
0.0004972976
0.0004969903
0.0004968987
0.0004969381
0.0004965896
0.0004965198
0.0004965924
0.000496811
0.0004965651
0.000496358
0.0004962868
0.0004960576
0.0004961975
0.0004977814
0.0004977775
0.0004977736
0.0004977697
0.0004977659
0.0004977621
0.0004977583
0.0004977546
0.0004977509
0.0004977472
0.000497739
0.0004976466
0.0004972965
0.0004969994
0.0004969076
0.0004966476
0.0004967404
0.00049661
0.0004966364
0.0004966886
0.0004966957
0.0004962855
0.0004963868
0.0004962243
0.0004959887
0.0004977837
0.0004977798
0.0004977759
0.000497772
0.0004977681
0.0004977643
0.0004977605
0.0004977567
0.000497753
0.0004977493
0.0004977397
0.0004976481
0.0004973305
0.0004969963
0.0004969233
0.0004967385
0.0004966042
0.000496633
0.0004965307
0.0004965078
0.0004965906
0.0004961494
0.0004962028
0.0004960932
0.0004961509
0.0004977861
0.0004977821
0.0004977782
0.0004977743
0.0004977704
0.0004977665
0.0004977627
0.0004977589
0.0004977551
0.0004977514
0.0004977426
0.0004976356
0.000497318
0.0004969902
0.0004969231
0.0004968619
0.0004967172
0.0004967651
0.0004967744
0.0004966619
0.0004966093
0.0004964639
0.0004963009
0.000495999
0.0004960602
0.0004977885
0.0004977845
0.0004977805
0.0004977766
0.0004977727
0.0004977688
0.0004977649
0.0004977611
0.0004977573
0.0004977535
0.0004977431
0.0004976179
0.0004972877
0.0004969863
0.0004969167
0.0004967901
0.0004965566
0.0004966543
0.000496639
0.0004965373
0.0004964779
0.0004963029
0.0004962807
0.0004962264
0.0004960118
0.0004977909
0.0004977869
0.0004977829
0.0004977789
0.000497775
0.0004977711
0.0004977672
0.0004977633
0.0004977595
0.0004977557
0.0004977422
0.0004975944
0.0004972559
0.0004969817
0.000496931
0.0004967576
0.0004967139
0.0004964859
0.0004967151
0.0004966612
0.0004964247
0.0004963602
0.0004962087
0.0004962307
0.0004960671
0.0004977934
0.0004977893
0.0004977853
0.0004977813
0.0004977773
0.0004977734
0.0004977695
0.0004977656
0.0004977617
0.0004977579
0.0004977398
0.000497581
0.0004972272
0.0004969834
0.0004969235
0.0004969966
0.0004969937
0.000496486
0.0004966692
0.0004967036
0.0004964015
0.0004962612
0.0004961907
0.0004961639
0.0004962745
0.0004977107
0.0004975646
0.0004972423
0.0004969613
0.0004969042
0.0004964005
0.0004966757
0.0004964421
0.0004965852
0.0004965261
0.0004965002
0.000496274
0.0004960877
0.0004962903
0.0004960756
0.000497703
0.0004975251
0.0004971679
0.0004969564
0.0004969102
0.0004966295
0.0004967843
0.0004964248
0.0004963777
0.000496519
0.0004964504
0.0004963362
0.0004961233
0.0004960801
0.00049621
0.0004977093
0.0004974874
0.0004970961
0.0004969491
0.0004969076
0.0004967509
0.0004965109
0.0004966149
0.0004967101
0.0004964672
0.0004963627
0.0004963807
0.000496281
0.0004961713
0.0004960024
0.0004976979
0.0004974769
0.0004970786
0.0004969358
0.0004969198
0.0004970376
0.0004965078
0.0004965854
0.0004965543
0.0004965318
0.0004964071
0.00049619
0.0004962655
0.0004960802
0.0004960554
0.0004977016
0.0004974688
0.0004970775
0.0004969169
0.0004969125
0.0004966746
0.0004967148
0.0004968751
0.000496384
0.0004966579
0.0004964086
0.0004962751
0.0004961381
0.0004962708
0.0004960129
0.0004976638
0.0004974469
0.0004970617
0.000496923
0.0004968865
0.0004967695
0.0004965605
0.0004965826
0.0004976706
0.0004974524
0.000497067
0.0004969362
0.0004968892
0.0004966966
0.000496636
0.0004964766
0.0004967055
0.000497684
0.0004974872
0.0004971047
0.0004969373
0.0004969088
0.0004968356
0.0004967986
0.0004965888
0.0004964512
0.0004964604
0.0004976844
0.000497574
0.000497255
0.0004969302
0.0004968689
0.0004965905
0.0004969396
0.0004965263
0.0004964645
0.0004964559
0.0004965571
0.0004976909
0.0004976036
0.0004973116
0.0004969435
0.0004968597
0.0004966692
0.0004969305
0.000496639
0.000496793
0.0004964887
0.0004965888
0.0004963083
0.0004977745
0.0004977707
0.0004977669
0.0004977631
0.0004977594
0.0004977557
0.000497752
0.0004977483
0.0004977447
0.0004977411
0.0004977249
0.0004976147
0.0004972675
0.0004969805
0.0004968925
0.0004967243
0.0004966932
0.0004966611
0.0004965863
0.0004966321
0.0004965796
0.0004964604
0.0004962738
0.0004977768
0.0004977729
0.0004977691
0.0004977653
0.0004977615
0.0004977578
0.0004977541
0.0004977504
0.0004977467
0.0004977431
0.0004977294
0.0004976116
0.0004973052
0.000496981
0.000496909
0.0004967613
0.000496842
0.0004967352
0.0004965263
0.000496806
0.0004966577
0.0004963242
0.0004964128
0.0004960394
0.0004977791
0.0004977752
0.0004977713
0.0004977675
0.0004977637
0.0004977599
0.0004977562
0.0004977525
0.0004977488
0.0004977451
0.0004977345
0.0004976147
0.0004973112
0.0004969829
0.0004968962
0.0004966551
0.0004969592
0.0004967482
0.0004967836
0.0004966273
0.000496411
0.0004962318
0.0004961444
0.000496153
0.0004961887
0.0004977814
0.0004977775
0.0004977736
0.0004977697
0.0004977659
0.0004977621
0.0004977583
0.0004977546
0.0004977509
0.0004977472
0.0004977378
0.000497624
0.0004973092
0.0004969873
0.0004968891
0.000496683
0.0004969553
0.0004965576
0.000496556
0.0004964985
0.000496694
0.0004964169
0.0004962667
0.0004962236
0.0004960229
0.0004977837
0.0004977798
0.0004977759
0.000497772
0.0004977681
0.0004977643
0.0004977605
0.0004977567
0.000497753
0.0004977493
0.0004977421
0.0004976505
0.0004973315
0.0004969919
0.0004969039
0.0004969087
0.0004966041
0.0004966974
0.0004966297
0.0004965579
0.0004965493
0.0004965809
0.0004962009
0.0004963259
0.000496191
0.0004977861
0.0004977821
0.0004977782
0.0004977743
0.0004977704
0.0004977665
0.0004977627
0.0004977589
0.0004977551
0.0004977514
0.0004977425
0.0004976642
0.0004973297
0.0004969892
0.000496928
0.0004967111
0.0004967148
0.0004965948
0.0004966206
0.0004964855
0.0004963662
0.0004964435
0.0004960878
0.0004961462
0.0004960604
0.0004977885
0.0004977845
0.0004977805
0.0004977766
0.0004977727
0.0004977688
0.0004977649
0.0004977611
0.0004977573
0.0004977535
0.0004977449
0.0004976193
0.0004973089
0.000496993
0.000496924
0.0004965693
0.000496857
0.000496703
0.0004966794
0.0004967252
0.0004965149
0.0004964548
0.0004963729
0.0004962346
0.0004959654
0.0004977909
0.0004977869
0.0004977829
0.0004977789
0.000497775
0.0004977711
0.0004977672
0.0004977633
0.0004977595
0.0004977557
0.0004977439
0.0004976115
0.0004972831
0.0004969955
0.0004969257
0.0004965985
0.0004967605
0.0004964909
0.0004966163
0.0004966106
0.0004963809
0.0004963217
0.0004962259
0.0004962206
0.0004961933
0.0004977934
0.0004977893
0.0004977853
0.0004977813
0.0004977773
0.0004977734
0.0004977695
0.0004977656
0.0004977617
0.0004977579
0.0004977436
0.0004976002
0.000497246
0.0004969937
0.0004969365
0.0004967051
0.0004967172
0.0004967344
0.0004965233
0.0004966698
0.0004965095
0.0004962667
0.0004962743
0.0004961472
0.0004961962
0.0004977959
0.0004977918
0.0004977877
0.0004977837
0.0004977797
0.0004977757
0.0004977718
0.0004977679
0.000497764
0.0004977601
0.0004977416
0.0004975692
0.0004972252
0.0004969767
0.0004969292
0.0004965061
0.0004970022
0.0004969528
0.0004964672
0.0004966002
0.0004965461
0.0004962485
0.000496168
0.0004961281
0.0004961277
0.0004977129
0.0004975564
0.0004972219
0.0004969486
0.0004969041
0.0004965834
0.0004963358
0.0004965915
0.000496437
0.0004965122
0.0004964345
0.0004963517
0.0004961873
0.0004960199
0.0004962603
0.0004977069
0.0004975419
0.00049716
0.0004969503
0.000496892
0.0004965785
0.000496601
0.0004967407
0.0004964205
0.0004963268
0.0004963348
0.000496298
0.0004962434
0.0004960552
0.0004960403
0.0004977083
0.0004974961
0.0004970973
0.0004969469
0.0004969185
0.0004967612
0.0004967107
0.0004964678
0.000496593
0.0004966072
0.0004962814
0.0004962037
0.0004962818
0.0004962079
0.0004961345
0.0004977051
0.0004974779
0.0004970831
0.0004969327
0.0004969179
0.0004967432
0.0004970689
0.0004964417
0.0004965451
0.0004964917
0.000496417
0.0004962482
0.0004961056
0.0004961957
0.0004960465
0.0004976932
0.0004974808
0.0004970756
0.0004969263
0.0004969147
0.0004967635
0.0004966566
0.0004965808
0.0004968753
0.0004963682
0.0004964768
0.0004962446
0.0004961768
0.0004960742
0.0004962354
0.0004976672
0.0004974462
0.0004970585
0.0004969213
0.0004969046
0.0004967769
0.0004967527
0.0004965222
0.0004966068
0.0004976751
0.0004974542
0.0004970649
0.0004969264
0.0004969134
0.0004969812
0.00049666
0.0004966511
0.0004965469
0.0004966383
0.0004976829
0.0004974922
0.0004971107
0.0004969374
0.0004969085
0.0004967785
0.0004968576
0.000496711
0.0004965714
0.0004964214
0.0004963495
0.0004976829
0.0004975526
0.000497254
0.0004969347
0.0004968738
0.0004966399
0.0004965396
0.0004968629
0.0004965332
0.0004963989
0.0004963142
0.0004964271
0.0004976911
0.0004975858
0.000497305
0.0004969398
0.0004968415
0.000496664
0.0004966728
0.0004968858
0.0004965807
0.0004967111
0.0004963786
0.0004964212
0.0004962298
0.0004977768
0.0004977729
0.0004977691
0.0004977653
0.0004977615
0.0004977578
0.0004977541
0.0004977504
0.0004977467
0.0004977431
0.000497727
0.0004975865
0.0004972858
0.0004969696
0.0004968846
0.0004968283
0.0004966941
0.0004966548
0.0004966276
0.0004965645
0.0004965143
0.0004964735
0.000496378
0.0004962234
0.0004977791
0.0004977752
0.0004977713
0.0004977675
0.0004977637
0.0004977599
0.0004977562
0.0004977525
0.0004977488
0.0004977451
0.0004977319
0.0004975899
0.0004972784
0.0004969815
0.0004968902
0.0004966747
0.000496742
0.0004967594
0.0004966906
0.000496488
0.0004966476
0.0004965069
0.0004962358
0.0004963501
0.0004960101
0.0004977814
0.0004977775
0.0004977736
0.0004977697
0.0004977659
0.0004977621
0.0004977583
0.0004977546
0.0004977509
0.0004977472
0.0004977373
0.0004976133
0.0004972831
0.0004969891
0.0004968829
0.0004967165
0.0004966482
0.0004968719
0.0004966593
0.0004967662
0.0004964524
0.000496272
0.0004961464
0.0004960832
0.0004961193
0.0004977837
0.0004977798
0.0004977759
0.000497772
0.0004977681
0.0004977643
0.0004977605
0.0004977567
0.000497753
0.0004977493
0.0004977419
0.0004976502
0.0004972972
0.0004969866
0.0004969144
0.0004967132
0.0004966812
0.0004969012
0.0004965706
0.0004965224
0.0004963363
0.0004965671
0.0004963389
0.0004962064
0.0004961889
0.0004977861
0.0004977821
0.0004977782
0.0004977743
0.0004977704
0.0004977665
0.0004977627
0.0004977589
0.0004977551
0.0004977514
0.0004977419
0.0004976548
0.0004973348
0.0004969891
0.0004969173
0.0004967754
0.0004969149
0.0004965771
0.0004966581
0.0004965656
0.0004963966
0.0004964052
0.0004964919
0.0004961423
0.0004962929
0.0004977885
0.0004977845
0.0004977805
0.0004977766
0.0004977727
0.0004977688
0.0004977649
0.0004977611
0.0004977573
0.0004977535
0.0004977446
0.0004976261
0.0004973614
0.0004969905
0.0004968937
0.0004966513
0.0004966715
0.0004966755
0.0004966569
0.0004965548
0.0004963435
0.0004962248
0.0004963551
0.0004960395
0.0004961152
0.0004977909
0.0004977869
0.0004977829
0.0004977789
0.000497775
0.0004977711
0.0004977672
0.0004977633
0.0004977595
0.0004977557
0.0004977467
0.0004976217
0.0004972822
0.0004969987
0.000496911
0.0004967257
0.0004964891
0.0004968076
0.0004967418
0.0004966158
0.0004965818
0.0004963601
0.0004963595
0.0004963113
0.0004961985
0.0004977934
0.0004977893
0.0004977853
0.0004977813
0.0004977773
0.0004977734
0.0004977695
0.0004977656
0.0004977617
0.0004977579
0.0004977464
0.0004976314
0.0004972675
0.0004969912
0.0004969156
0.0004966659
0.0004965246
0.00049669
0.0004964709
0.0004965878
0.0004964504
0.000496227
0.00049623
0.0004961719
0.0004961881
0.0004977959
0.0004977918
0.0004977877
0.0004977837
0.0004977797
0.0004977757
0.0004977718
0.0004977679
0.000497764
0.0004977601
0.0004977457
0.0004975927
0.0004972517
0.0004969915
0.0004969255
0.000496712
0.000496661
0.0004966348
0.0004967866
0.000496452
0.0004965441
0.0004963572
0.0004961792
0.0004962161
0.0004961138
0.0004977984
0.0004977943
0.0004977902
0.0004977861
0.0004977821
0.0004977781
0.0004977741
0.0004977702
0.0004977662
0.0004977623
0.0004977444
0.0004975702
0.0004972057
0.0004969804
0.0004969366
0.0004967665
0.0004964484
0.0004969209
0.0004969088
0.0004963627
0.0004964198
0.0004963802
0.0004961549
0.0004961036
0.0004960924
0.0004977157
0.0004975698
0.0004972057
0.0004969557
0.0004968773
0.0004965113
0.0004965195
0.0004963618
0.0004965844
0.0004963469
0.0004964332
0.0004963191
0.0004962595
0.0004961279
0.0004959831
0.0004977104
0.0004975481
0.0004971853
0.0004969568
0.0004969203
0.0004966191
0.0004965293
0.0004965834
0.0004966957
0.0004963646
0.0004961444
0.0004961929
0.0004962055
0.0004961802
0.0004960189
0.0004977147
0.0004974929
0.0004971127
0.0004969524
0.0004969396
0.0004968286
0.0004967414
0.0004966676
0.0004964976
0.0004965489
0.0004964027
0.0004961327
0.0004960999
0.0004962163
0.0004961682
0.0004976976
0.0004974857
0.0004970858
0.0004969395
0.0004969285
0.0004967481
0.000496704
0.0004970165
0.0004964535
0.0004964729
0.0004963251
0.0004962961
0.0004961494
0.0004960482
0.0004961583
0.0004976979
0.0004974728
0.0004970885
0.0004969256
0.0004969123
0.000496823
0.0004967306
0.000496631
0.0004965431
0.0004968117
0.0004961954
0.0004963095
0.0004961411
0.0004961083
0.0004960405
0.0004976691
0.0004974494
0.0004970574
0.0004969146
0.0004969034
0.0004964283
0.0004967792
0.0004966939
0.0004965106
0.0004965784
0.0004976742
0.0004974581
0.0004970668
0.0004969249
0.0004969158
0.0004966086
0.0004969993
0.0004966162
0.0004966733
0.0004964771
0.0004964231
0.0004976803
0.0004974885
0.000497117
0.0004969365
0.0004969193
0.0004966188
0.0004967335
0.0004968304
0.0004965572
0.0004965065
0.000496251
0.000496229
0.0004976816
0.0004975435
0.0004972142
0.0004969424
0.0004968434
0.0004967523
0.0004965944
0.0004964907
0.0004967251
0.0004964472
0.0004962417
0.0004961742
0.000496334
0.0004976936
0.0004975826
0.0004972626
0.0004969422
0.0004968493
0.0004965168
0.0004966208
0.000496668
0.0004968178
0.0004965503
0.0004965821
0.0004962529
0.0004963308
0.0004961752
0.0004977791
0.0004977752
0.0004977713
0.0004977675
0.0004977637
0.0004977599
0.0004977562
0.0004977525
0.0004977488
0.0004977451
0.0004977283
0.0004975855
0.0004972462
0.0004969641
0.0004968967
0.0004968087
0.0004968183
0.0004966325
0.0004966245
0.0004965854
0.0004963752
0.0004963848
0.0004963864
0.0004963187
0.0004961947
0.0004977814
0.0004977775
0.0004977736
0.0004977697
0.0004977659
0.0004977621
0.0004977583
0.0004977546
0.0004977509
0.0004977472
0.0004977347
0.0004975964
0.00049725
0.0004969792
0.0004969024
0.0004966159
0.0004966398
0.0004966952
0.0004966203
0.0004966469
0.0004963354
0.0004964843
0.0004964122
0.0004961723
0.0004963162
0.0004977837
0.0004977798
0.0004977759
0.000497772
0.0004977681
0.0004977643
0.0004977605
0.0004977567
0.000497753
0.0004977493
0.0004977386
0.0004976262
0.00049728
0.0004969874
0.0004968939
0.0004968516
0.0004966903
0.0004966855
0.0004967529
0.0004966604
0.0004966336
0.0004963062
0.0004961858
0.0004960854
0.0004960504
0.0004977861
0.0004977821
0.0004977782
0.0004977743
0.0004977704
0.0004977665
0.0004977627
0.0004977589
0.0004977551
0.0004977514
0.0004977423
0.0004976315
0.0004973362
0.0004969991
0.0004969091
0.0004968869
0.0004967034
0.0004966959
0.000496774
0.0004965104
0.0004963486
0.0004962211
0.0004964768
0.0004962839
0.0004961717
0.0004977885
0.0004977845
0.0004977805
0.0004977766
0.0004977727
0.0004977688
0.0004977649
0.0004977611
0.0004977573
0.0004977535
0.0004977449
0.0004976364
0.0004973426
0.0004969891
0.0004969036
0.000496792
0.0004967436
0.0004968658
0.0004965791
0.0004966199
0.0004963881
0.0004962697
0.0004963131
0.0004964333
0.0004961098
0.0004977909
0.0004977869
0.0004977829
0.0004977789
0.000497775
0.0004977711
0.0004977672
0.0004977633
0.0004977595
0.0004977557
0.0004977472
0.0004976426
0.0004972944
0.0004969918
0.0004969142
0.0004968925
0.00049661
0.0004966175
0.0004966536
0.0004966273
0.0004964012
0.0004962012
0.0004961412
0.0004962952
0.0004960091
0.0004977934
0.0004977893
0.0004977853
0.0004977813
0.0004977773
0.0004977734
0.0004977695
0.0004977656
0.0004977617
0.0004977579
0.0004977491
0.0004976215
0.0004972888
0.0004969958
0.0004969142
0.0004967063
0.0004966916
0.0004964289
0.0004967168
0.0004967131
0.0004964958
0.0004964256
0.0004962633
0.0004962947
0.0004962774
0.0004977959
0.0004977918
0.0004977877
0.0004977837
0.0004977797
0.0004977757
0.0004977718
0.0004977679
0.000497764
0.0004977601
0.0004977485
0.0004976247
0.0004973024
0.0004969905
0.000496925
0.0004967528
0.0004966327
0.0004964747
0.0004966219
0.0004964553
0.0004964426
0.0004962966
0.00049613
0.0004961675
0.0004961409
0.0004977984
0.0004977943
0.0004977902
0.0004977861
0.0004977821
0.0004977781
0.0004977741
0.0004977702
0.0004977662
0.0004977623
0.0004977475
0.0004976009
0.0004972411
0.0004969875
0.0004969322
0.0004966161
0.0004966574
0.0004966123
0.0004965838
0.0004967227
0.0004962843
0.0004963987
0.0004962632
0.0004961202
0.0004961838
0.0004978009
0.0004977968
0.0004977927
0.0004977886
0.0004977845
0.0004977805
0.0004977765
0.0004977725
0.0004977686
0.0004977646
0.000497746
0.0004975848
0.0004972082
0.0004969791
0.0004969171
0.0004966825
0.0004967065
0.0004964569
0.0004968352
0.0004968916
0.0004962124
0.0004962761
0.0004962945
0.0004960897
0.0004960687
0.0004977148
0.0004975714
0.0004972256
0.0004969649
0.0004968976
0.0004968857
0.000496485
0.0004964812
0.000496428
0.0004965521
0.0004961918
0.0004963144
0.0004962214
0.0004961944
0.0004960946
0.0004977156
0.0004975375
0.0004971951
0.0004969506
0.0004969186
0.0004965788
0.0004965998
0.0004965124
0.0004965592
0.0004966291
0.000496212
0.0004960069
0.0004961116
0.0004961416
0.0004961464
0.0004977088
0.0004975054
0.0004971048
0.0004969659
0.000496941
0.0004967225
0.0004968436
0.0004967597
0.0004966591
0.0004964874
0.0004963701
0.0004962381
0.0004960494
0.0004960288
0.0004961815
0.0004977012
0.0004974783
0.0004970939
0.0004969389
0.0004969302
0.000496735
0.0004967368
0.00049667
0.0004968932
0.0004964462
0.000496334
0.0004961725
0.0004961999
0.0004960818
0.0004960159
0.0004976995
0.0004974728
0.0004970797
0.0004969375
0.0004968999
0.0004967154
0.0004968091
0.0004967076
0.0004965896
0.000496519
0.0004966169
0.0004960282
0.0004962102
0.0004960718
0.0004960717
0.0004976692
0.0004974512
0.0004970609
0.0004969052
0.0004969021
0.0004965975
0.0004963403
0.0004967469
0.0004966347
0.0004964412
0.0004964009
0.0004976734
0.0004974579
0.0004970715
0.0004969281
0.0004969134
0.000496655
0.0004965926
0.0004969986
0.0004965975
0.0004965915
0.0004962765
0.0004962648
0.0004976828
0.0004974879
0.0004971109
0.0004969426
0.0004969148
0.0004966051
0.000496584
0.0004967075
0.0004967758
0.0004964536
0.0004963308
0.0004960885
0.0004961394
0.0004976831
0.0004975497
0.0004971995
0.0004969424
0.0004968522
0.0004966759
0.0004967428
0.0004965619
0.0004964841
0.0004966405
0.0004962823
0.0004960942
0.0004960808
0.0004962703
0.0004976922
0.0004975873
0.0004972587
0.0004969449
0.0004968476
0.0004968231
0.0004964411
0.0004965915
0.000496616
0.000496774
0.0004964232
0.0004964525
0.0004961669
0.0004962739
0.000496144
0.0004977814
0.0004977775
0.0004977736
0.0004977697
0.0004977659
0.0004977621
0.0004977583
0.0004977546
0.0004977509
0.0004977472
0.0004977314
0.0004975814
0.0004972444
0.0004969801
0.0004968987
0.0004967699
0.0004967804
0.0004967541
0.0004965854
0.0004965772
0.0004964365
0.0004962199
0.0004962987
0.0004963235
0.0004962867
0.0004977837
0.0004977798
0.0004977759
0.000497772
0.0004977681
0.0004977643
0.0004977605
0.0004977567
0.000497753
0.0004977493
0.0004977364
0.0004976015
0.0004972513
0.0004969919
0.0004969163
0.00049666
0.0004965665
0.0004966002
0.000496657
0.0004965631
0.0004965042
0.0004961927
0.0004963922
0.0004963493
0.0004961385
0.0004977861
0.0004977821
0.0004977782
0.0004977743
0.0004977704
0.0004977665
0.0004977627
0.0004977589
0.0004977551
0.0004977514
0.0004977409
0.0004976154
0.0004972995
0.0004969922
0.0004969154
0.0004968194
0.0004968361
0.0004966837
0.0004966574
0.0004967079
0.0004965509
0.0004964681
0.0004962211
0.0004961248
0.0004960523
0.0004977885
0.0004977845
0.0004977805
0.0004977766
0.0004977727
0.0004977688
0.0004977649
0.0004977611
0.0004977573
0.0004977535
0.0004977454
0.0004976386
0.0004973031
0.0004969899
0.0004969142
0.0004967709
0.0004968792
0.000496724
0.0004966663
0.0004966853
0.0004963459
0.0004962101
0.0004961382
0.0004964157
0.0004962539
0.0004977909
0.0004977869
0.0004977829
0.0004977789
0.000497775
0.0004977711
0.0004977672
0.0004977633
0.0004977595
0.0004977557
0.0004977479
0.000497642
0.0004973159
0.000497005
0.0004969071
0.0004968259
0.0004967821
0.0004967393
0.0004967841
0.000496533
0.0004964721
0.0004962434
0.000496187
0.0004962476
0.0004964011
0.0004977934
0.0004977893
0.0004977853
0.0004977813
0.0004977773
0.0004977734
0.0004977695
0.0004977656
0.0004977617
0.0004977579
0.0004977491
0.0004976136
0.0004973249
0.000496996
0.0004968921
0.0004966928
0.0004969142
0.0004965906
0.0004965986
0.0004966273
0.0004964324
0.0004962671
0.0004961118
0.000496082
0.0004962642
0.0004977959
0.0004977918
0.0004977877
0.0004977837
0.0004977797
0.0004977757
0.0004977718
0.0004977679
0.000497764
0.0004977601
0.000497751
0.0004976213
0.0004972895
0.0004970039
0.000496931
0.0004968309
0.0004966415
0.0004966285
0.0004964505
0.000496635
0.0004965264
0.0004963637
0.0004963257
0.0004961962
0.0004962606
0.0004977984
0.0004977943
0.0004977902
0.0004977861
0.0004977821
0.0004977781
0.0004977741
0.0004977702
0.0004977662
0.0004977624
0.0004977501
0.0004976338
0.0004972885
0.0004969915
0.0004969381
0.0004966736
0.00049671
0.0004965871
0.0004965264
0.0004965812
0.000496321
0.0004962911
0.0004962113
0.000496063
0.0004961329
0.0004978009
0.0004977968
0.0004977927
0.0004977886
0.0004977845
0.0004977805
0.0004977765
0.0004977725
0.0004977686
0.0004977646
0.00049775
0.0004976053
0.0004972521
0.000496993
0.0004969297
0.0004966171
0.0004965868
0.0004965676
0.0004966006
0.0004965599
0.0004965113
0.0004961579
0.0004963078
0.0004961987
0.0004960877
0.0004978035
0.0004977993
0.0004977952
0.0004977911
0.000497787
0.0004977829
0.0004977789
0.0004977749
0.0004977709
0.0004977669
0.000497748
0.000497578
0.00049723
0.0004969871
0.0004969406
0.0004967232
0.0004966293
0.0004966656
0.0004965165
0.0004967933
0.0004967542
0.0004960912
0.0004961871
0.0004962414
0.0004960545
0.000497718
0.0004975704
0.0004972264
0.0004969615
0.0004969111
0.000496687
0.0004968967
0.0004964638
0.0004964976
0.0004963675
0.000496381
0.0004960604
0.000496215
0.0004961556
0.0004961597
0.0004977071
0.0004975471
0.0004971755
0.0004969567
0.0004969185
0.000496707
0.0004965204
0.0004966004
0.0004965397
0.0004964918
0.0004964532
0.0004960672
0.0004959247
0.0004960535
0.000496106
0.0004977116
0.0004974966
0.0004971235
0.0004969561
0.0004969379
0.0004968001
0.0004966841
0.0004968304
0.000496819
0.0004966098
0.000496314
0.0004962029
0.0004961313
0.0004959867
0.000495991
0.0004977054
0.0004974795
0.0004970864
0.0004969454
0.0004969275
0.0004966994
0.000496704
0.0004967083
0.0004966719
0.0004967972
0.0004963008
0.0004961887
0.0004960785
0.0004961339
0.0004960455
0.0004977046
0.0004974744
0.0004970788
0.0004969274
0.0004969306
0.0004969414
0.0004967055
0.0004967931
0.0004967147
0.000496535
0.0004963685
0.0004964484
0.0004959339
0.0004961422
0.0004960356
0.0004976647
0.0004974469
0.0004970605
0.0004969159
0.0004968993
0.0004966612
0.0004965269
0.0004963093
0.0004966246
0.0004965886
0.0004962519
0.0004962403
0.0004976764
0.0004974546
0.0004970707
0.0004969351
0.0004969143
0.00049672
0.0004966073
0.0004965761
0.000496988
0.0004965503
0.0004963887
0.0004961248
0.0004961783
0.0004976855
0.0004974909
0.0004971117
0.0004969413
0.0004969183
0.0004967019
0.0004965583
0.0004965628
0.0004967255
0.0004967517
0.0004963644
0.0004961719
0.0004959882
0.0004960777
0.0004976816
0.00049756
0.0004972119
0.0004969431
0.0004968645
0.0004966789
0.0004966882
0.0004966873
0.0004965684
0.0004964555
0.000496542
0.0004961504
0.0004960127
0.0004960136
0.0004962365
0.0004976997
0.0004975751
0.0004972684
0.0004969459
0.0004968699
0.0004966303
0.0004968057
0.0004964381
0.0004966157
0.0004965528
0.000496647
0.0004962777
0.000496367
0.0004961066
0.0004962433
0.0004977837
0.0004977798
0.0004977759
0.000497772
0.0004977681
0.0004977643
0.0004977605
0.0004977567
0.000497753
0.0004977493
0.0004977334
0.0004975852
0.0004972302
0.0004969877
0.0004969093
0.0004967849
0.0004967561
0.0004967748
0.0004966544
0.0004965538
0.000496424
0.000496284
0.0004961438
0.0004962385
0.0004962888
0.0004977861
0.0004977821
0.0004977782
0.0004977743
0.0004977704
0.0004977665
0.0004977627
0.0004977589
0.0004977551
0.0004977514
0.0004977374
0.0004975994
0.0004972573
0.0004969818
0.0004969243
0.0004967121
0.0004966412
0.0004965876
0.0004965805
0.0004966259
0.000496488
0.0004963556
0.0004961035
0.0004963366
0.0004963144
0.0004977885
0.0004977845
0.0004977805
0.0004977766
0.0004977727
0.0004977688
0.0004977649
0.0004977611
0.0004977573
0.0004977535
0.0004977428
0.0004976276
0.0004972799
0.0004969983
0.0004969133
0.0004967329
0.000496799
0.0004967973
0.000496687
0.0004965292
0.0004965768
0.0004963955
0.000496372
0.0004961586
0.0004960921
0.0004977909
0.0004977869
0.0004977829
0.0004977789
0.000497775
0.0004977711
0.0004977672
0.0004977633
0.0004977595
0.0004977557
0.0004977467
0.0004976241
0.0004973152
0.0004970021
0.0004968885
0.0004966952
0.000496733
0.0004967917
0.0004967322
0.0004965886
0.0004965955
0.00049622
0.0004961349
0.0004960763
0.0004963826
0.0004977934
0.0004977893
0.0004977853
0.0004977813
0.0004977773
0.0004977734
0.0004977695
0.0004977656
0.0004977617
0.0004977579
0.0004977486
0.0004976359
0.0004973173
0.0004970015
0.0004969285
0.0004968326
0.0004968095
0.0004967242
0.0004967988
0.0004967199
0.0004963685
0.0004963201
0.0004961505
0.0004961273
0.0004962118
0.0004977959
0.0004977918
0.0004977877
0.0004977837
0.0004977797
0.0004977757
0.0004977718
0.0004977679
0.000497764
0.0004977601
0.0004977517
0.0004976234
0.0004972747
0.0004970039
0.0004969257
0.0004969493
0.0004966592
0.0004968761
0.0004965885
0.0004965738
0.0004964757
0.0004962804
0.0004961788
0.0004960482
0.0004960496
0.0004977984
0.0004977943
0.0004977902
0.0004977861
0.0004977821
0.0004977781
0.0004977741
0.0004977702
0.0004977662
0.0004977624
0.0004977525
0.0004976345
0.0004972867
0.000497012
0.0004969302
0.0004967013
0.0004968425
0.0004966
0.0004965903
0.0004964453
0.000496515
0.0004963666
0.0004962686
0.0004962599
0.0004961596
0.0004978009
0.0004977968
0.0004977927
0.0004977886
0.0004977845
0.0004977805
0.0004977765
0.0004977725
0.0004977686
0.0004977646
0.0004977534
0.0004976166
0.000497304
0.000496991
0.0004969192
0.0004966417
0.0004966277
0.0004966918
0.0004965454
0.0004965494
0.0004964757
0.0004961761
0.0004961991
0.0004961532
0.0004960283
0.0004978035
0.0004977993
0.0004977952
0.0004977911
0.000497787
0.0004977829
0.0004977789
0.0004977749
0.0004977709
0.000497767
0.000497752
0.0004976001
0.0004972571
0.0004969909
0.0004969394
0.0004966963
0.0004965464
0.0004965756
0.000496516
0.0004965677
0.0004964186
0.0004963549
0.0004960781
0.0004962499
0.0004961636
0.0004978061
0.0004978019
0.0004977977
0.0004977936
0.0004977895
0.0004977854
0.0004977813
0.0004977773
0.0004977733
0.0004977693
0.0004977513
0.000497571
0.0004972213
0.0004969905
0.0004969462
0.0004967471
0.0004967155
0.0004965612
0.0004967134
0.0004964771
0.0004966505
0.0004965924
0.0004960051
0.0004961251
0.0004962108
0.0004977148
0.0004975766
0.0004972256
0.0004969626
0.0004969204
0.0004968416
0.0004966788
0.0004968561
0.0004963572
0.0004964528
0.0004961812
0.0004962325
0.0004959728
0.0004961488
0.0004961207
0.0004977124
0.0004975538
0.0004971919
0.0004969598
0.000496907
0.0004966684
0.0004967029
0.0004964831
0.0004965743
0.000496507
0.0004963271
0.0004962864
0.000495976
0.0004958641
0.0004960225
0.0004977142
0.0004974982
0.0004971092
0.000496971
0.000496944
0.0004965643
0.0004967799
0.0004966582
0.0004967815
0.0004967519
0.0004964329
0.0004961526
0.0004961085
0.0004960601
0.0004959518
0.0004977083
0.0004974824
0.0004970901
0.0004969428
0.0004969393
0.0004966865
0.0004966718
0.0004966561
0.000496653
0.0004966159
0.0004966768
0.0004961519
0.0004960855
0.0004960125
0.0004960985
0.0004977055
0.000497479
0.0004970804
0.0004969321
0.0004969256
0.0004965955
0.0004969645
0.000496679
0.0004967805
0.000496654
0.0004963755
0.000496219
0.0004963474
0.0004958677
0.0004961056
0.0004976701
0.0004974434
0.0004970568
0.00049691
0.0004969009
0.0004967818
0.0004966381
0.0004964847
0.000496373
0.0004965093
0.0004964317
0.0004960879
0.0004961538
0.0004976773
0.0004974548
0.0004970673
0.0004969312
0.0004968985
0.0004967277
0.0004966916
0.0004965745
0.0004964846
0.0004968936
0.0004963769
0.0004962318
0.0004960401
0.0004961209
0.0004976825
0.0004974896
0.0004971165
0.0004969374
0.0004969108
0.0004966534
0.0004966697
0.0004965259
0.0004965513
0.0004966337
0.0004966044
0.0004962529
0.0004960743
0.0004959196
0.0004960444
0.0004976948
0.0004975403
0.0004972272
0.0004969319
0.0004968801
0.0004968162
0.0004966131
0.0004966947
0.0004966142
0.0004965135
0.0004962951
0.0004964165
0.0004960605
0.0004959554
0.0004959779
0.0004977017
0.0004975744
0.0004972462
0.0004969521
0.000496881
0.0004969408
0.0004965543
0.0004967145
0.0004965259
0.0004965749
0.0004964212
0.0004965056
0.0004961872
0.000496307
0.000496075
0.0004977861
0.0004977821
0.0004977782
0.0004977743
0.0004977704
0.0004977665
0.0004977627
0.0004977589
0.0004977551
0.0004977514
0.000497733
0.0004975909
0.0004972368
0.0004969706
0.0004968982
0.0004966908
0.0004967357
0.0004967046
0.0004968313
0.000496583
0.0004964135
0.0004962783
0.0004961918
0.000496092
0.0004962059
0.0004977885
0.0004977845
0.0004977805
0.0004977766
0.0004977727
0.0004977688
0.0004977649
0.0004977611
0.0004977573
0.0004977535
0.0004977412
0.0004976002
0.0004972561
0.0004969858
0.0004969167
0.0004966908
0.0004966589
0.0004966166
0.0004966415
0.0004965429
0.0004964843
0.0004963696
0.0004962614
0.0004960398
0.000496308
0.0004977909
0.0004977869
0.0004977829
0.0004977789
0.000497775
0.0004977711
0.0004977672
0.0004977633
0.0004977595
0.0004977557
0.0004977438
0.0004976172
0.0004972978
0.0004969939
0.0004969055
0.0004966625
0.0004966983
0.0004967679
0.0004967925
0.0004966189
0.0004963796
0.0004964254
0.0004963008
0.0004963095
0.0004961237
0.0004977934
0.0004977893
0.0004977853
0.0004977813
0.0004977773
0.0004977734
0.0004977695
0.0004977656
0.0004977617
0.0004977579
0.0004977488
0.0004976543
0.000497285
0.0004969896
0.00049693
0.0004970452
0.0004966652
0.000496666
0.0004967067
0.0004966489
0.0004964451
0.0004964877
0.0004961392
0.0004960776
0.0004960434
0.0004977959
0.0004977918
0.0004977877
0.0004977837
0.0004977797
0.0004977757
0.0004977718
0.0004977679
0.000497764
0.0004977601
0.0004977512
0.0004976299
0.0004973069
0.0004969952
0.0004969127
0.0004963244
0.0004968242
0.0004967472
0.0004966545
0.000496758
0.000496591
0.0004962216
0.0004962281
0.0004960785
0.0004960949
0.0004977984
0.0004977943
0.0004977902
0.0004977861
0.0004977821
0.0004977781
0.0004977741
0.0004977702
0.0004977662
0.0004977624
0.0004977535
0.0004976239
0.0004972913
0.0004970111
0.0004969182
0.0004969542
0.0004969533
0.0004966196
0.0004967932
0.0004965268
0.0004964195
0.0004963187
0.0004962059
0.000496115
0.0004960134
0.0004978009
0.0004977968
0.0004977927
0.0004977886
0.0004977845
0.0004977805
0.0004977765
0.0004977725
0.0004977686
0.0004977646
0.0004977554
0.0004976152
0.0004973041
0.0004970072
0.0004969352
0.0004966609
0.0004966818
0.0004968311
0.00049666
0.0004965692
0.0004963018
0.0004963837
0.0004962815
0.0004962037
0.0004962264
0.0004978035
0.0004977993
0.0004977952
0.0004977911
0.000497787
0.0004977829
0.0004977789
0.0004977749
0.0004977709
0.000497767
0.0004977559
0.0004976208
0.0004972755
0.0004969914
0.0004969318
0.0004967773
0.0004965911
0.0004965832
0.0004967477
0.000496506
0.0004964032
0.0004963491
0.0004960916
0.0004961351
0.0004961206
0.0004978061
0.0004978019
0.0004977977
0.0004977936
0.0004977895
0.0004977854
0.0004977813
0.0004977773
0.0004977733
0.0004977693
0.0004977548
0.0004975962
0.0004972488
0.0004969893
0.0004969282
0.000496649
0.0004966587
0.0004965154
0.0004965421
0.0004964859
0.000496411
0.0004962649
0.0004962719
0.0004960206
0.0004962164
0.0004978087
0.0004978045
0.0004978003
0.0004977961
0.000497792
0.0004977879
0.0004977838
0.0004977797
0.0004977757
0.0004977716
0.0004977527
0.000497583
0.0004972079
0.000496998
0.0004969378
0.0004967749
0.0004967226
0.0004967163
0.0004965338
0.0004966648
0.0004962898
0.0004964926
0.0004964958
0.0004959437
0.0004960931
0.0004977145
0.000497593
0.0004972327
0.0004969672
0.0004969191
0.0004966962
0.0004968294
0.0004966581
0.0004967979
0.0004962589
0.0004962815
0.0004960445
0.0004961497
0.0004959115
0.0004961131
0.0004977186
0.000497554
0.0004972027
0.0004969772
0.0004969268
0.0004967148
0.0004966026
0.0004967129
0.0004964907
0.0004965018
0.0004963328
0.0004961798
0.0004961823
0.0004959112
0.0004958307
0.0004977203
0.0004974959
0.0004971122
0.0004969565
0.0004969418
0.0004967499
0.0004964822
0.0004967353
0.000496646
0.0004967261
0.0004965356
0.0004962657
0.0004960679
0.0004960446
0.0004960217
0.0004977115
0.0004974856
0.0004970865
0.0004969516
0.000496932
0.0004967532
0.0004966499
0.0004966319
0.000496623
0.000496576
0.0004964346
0.0004965485
0.0004960632
0.0004960185
0.000495977
0.0004977018
0.0004974775
0.0004970827
0.0004969291
0.0004969172
0.000496862
0.0004965661
0.0004969366
0.0004965917
0.000496697
0.0004964713
0.0004962111
0.0004961275
0.0004962817
0.0004958301
0.0004976705
0.0004974454
0.000497055
0.0004969099
0.0004969062
0.0004966593
0.0004967491
0.0004965939
0.0004965281
0.0004963614
0.0004964131
0.0004962678
0.0004959918
0.0004960967
0.0004976724
0.0004974561
0.0004970636
0.0004969326
0.0004969027
0.0004968083
0.0004966682
0.0004966458
0.000496577
0.0004963733
0.0004966859
0.0004962141
0.00049614
0.0004959809
0.0004960914
0.0004976924
0.0004974769
0.0004971141
0.000496941
0.0004969184
0.0004966902
0.0004966112
0.0004966138
0.0004965128
0.0004964926
0.0004964179
0.000496433
0.0004961536
0.0004960085
0.0004958846
0.0004976955
0.0004975289
0.0004971964
0.0004969355
0.0004968887
0.0004967838
0.0004968352
0.0004965841
0.0004965957
0.0004965643
0.0004963319
0.000496146
0.0004963114
0.0004959968
0.0004959229
0.0004976952
0.0004975791
0.000497242
0.0004969451
0.0004968547
0.0004966267
0.0004969451
0.0004964762
0.0004965915
0.0004964843
0.0004963935
0.0004962828
0.0004964109
0.000496124
0.0004962737
0.0004977885
0.0004977845
0.0004977805
0.0004977766
0.0004977727
0.0004977688
0.0004977649
0.0004977611
0.0004977573
0.0004977535
0.0004977381
0.0004975688
0.0004972492
0.0004969788
0.0004969201
0.0004966905
0.0004966436
0.0004966311
0.0004966493
0.000496781
0.0004964752
0.0004962637
0.0004961895
0.0004961282
0.0004960627
0.0004977909
0.0004977869
0.0004977829
0.0004977789
0.000497775
0.0004977711
0.0004977672
0.0004977633
0.0004977595
0.0004977557
0.0004977414
0.0004976071
0.0004972521
0.0004969914
0.0004969224
0.0004966347
0.0004966349
0.0004965622
0.0004965819
0.0004965422
0.0004963872
0.0004963357
0.0004962753
0.000496196
0.0004960056
0.0004977934
0.0004977893
0.0004977853
0.0004977813
0.0004977773
0.0004977734
0.0004977695
0.0004977656
0.0004977617
0.0004977579
0.0004977459
0.0004976425
0.0004972761
0.0004969909
0.0004969145
0.000496722
0.0004966275
0.0004966357
0.000496773
0.0004967619
0.0004964609
0.0004962688
0.0004963389
0.0004962376
0.0004962757
0.0004977959
0.0004977918
0.0004977877
0.0004977837
0.0004977797
0.0004977757
0.0004977718
0.0004977679
0.000497764
0.0004977601
0.0004977514
0.0004976265
0.0004973406
0.0004969932
0.0004969165
0.0004964999
0.0004970781
0.0004966285
0.0004966299
0.000496685
0.0004964735
0.0004963116
0.0004963934
0.0004960764
0.000496044
0.0004977984
0.0004977943
0.0004977902
0.0004977861
0.0004977821
0.0004977781
0.0004977741
0.0004977702
0.0004977662
0.0004977624
0.0004977536
0.0004976367
0.0004972985
0.0004970038
0.000496926
0.0004968552
0.0004962006
0.0004967698
0.0004966508
0.0004966196
0.0004965591
0.0004964522
0.0004961323
0.0004961648
0.0004960375
0.0004978009
0.0004977968
0.0004977927
0.0004977886
0.0004977845
0.0004977805
0.0004977765
0.0004977725
0.0004977686
0.0004977646
0.0004977558
0.000497619
0.0004972928
0.0004970132
0.0004969457
0.0004965927
0.0004969531
0.000496871
0.0004965998
0.0004967397
0.0004963613
0.0004962649
0.0004962266
0.0004961527
0.0004960806
0.0004978035
0.0004977993
0.0004977952
0.0004977911
0.000497787
0.0004977829
0.0004977789
0.0004977749
0.0004977709
0.000497767
0.0004977575
0.0004976309
0.0004972701
0.000497008
0.000496931
0.0004965038
0.0004965935
0.0004966727
0.0004967547
0.0004966413
0.0004964253
0.000496162
0.000496288
0.0004962219
0.0004961689
0.0004978061
0.0004978019
0.0004977977
0.0004977936
0.0004977895
0.0004977854
0.0004977813
0.0004977773
0.0004977733
0.0004977693
0.0004977589
0.0004976297
0.000497283
0.000496998
0.0004969235
0.0004966224
0.000496758
0.000496554
0.0004965788
0.0004967217
0.0004963662
0.0004962579
0.0004962552
0.000496034
0.0004960997
0.0004978087
0.0004978045
0.0004978003
0.0004977961
0.000497792
0.0004977879
0.0004977838
0.0004977797
0.0004977757
0.0004977717
0.0004977562
0.000497607
0.0004972392
0.0004969963
0.0004969469
0.0004969894
0.0004965968
0.000496645
0.0004965726
0.0004964723
0.0004963389
0.0004962591
0.0004961733
0.0004962145
0.0004959901
0.0004978113
0.0004978071
0.0004978028
0.0004977987
0.0004977945
0.0004977904
0.0004977863
0.0004977822
0.0004977781
0.000497774
0.0004977562
0.0004975951
0.000497222
0.0004969967
0.0004969461
0.0004966834
0.0004967361
0.0004966851
0.0004967036
0.0004965007
0.0004964536
0.0004961369
0.0004963933
0.0004964364
0.0004959109
0.0004977184
0.0004975962
0.0004972615
0.0004969653
0.0004969185
0.0004966909
0.0004966351
0.0004967652
0.0004966093
0.0004967437
0.0004961793
0.0004961404
0.0004959645
0.0004960933
0.0004958785
0.0004977223
0.00049754
0.0004971979
0.0004969536
0.000496927
0.0004967206
0.0004967058
0.0004965369
0.0004967055
0.0004964534
0.0004963676
0.0004961762
0.0004960901
0.0004961128
0.0004958751
0.0004977229
0.0004975002
0.0004971074
0.0004969666
0.0004969407
0.0004966475
0.0004967082
0.0004964484
0.0004966967
0.0004965563
0.0004965681
0.0004963882
0.0004961622
0.0004960088
0.0004960104
0.0004977084
0.0004974871
0.0004970895
0.0004969432
0.000496911
0.0004967891
0.0004967102
0.0004966032
0.0004966002
0.0004965742
0.0004964118
0.0004962743
0.0004964546
0.0004960036
0.0004959829
0.00049771
0.0004974739
0.0004970824
0.0004969314
0.0004969225
0.0004966436
0.0004968271
0.0004965475
0.0004968759
0.0004964959
0.0004964962
0.0004963105
0.0004961115
0.0004960664
0.0004962461
0.0004976663
0.0004974457
0.0004970545
0.0004969053
0.0004968959
0.0004967067
0.0004966292
0.000496711
0.000496504
0.0004964967
0.0004961722
0.0004963038
0.0004961672
0.0004959281
0.000496065
0.0004976825
0.0004974507
0.000497063
0.0004969275
0.0004968937
0.0004967143
0.0004968267
0.0004966058
0.0004966146
0.0004965224
0.0004962427
0.0004965179
0.0004961166
0.000496077
0.0004959495
0.0004976967
0.0004974786
0.0004970919
0.0004969445
0.0004969096
0.0004966425
0.0004966614
0.0004965773
0.0004965732
0.0004964532
0.0004963187
0.0004962524
0.0004963337
0.0004960878
0.0004959731
0.0004976929
0.0004975449
0.0004971703
0.0004969335
0.0004968806
0.0004966918
0.0004967439
0.0004968051
0.0004966748
0.0004964609
0.000496423
0.000496182
0.0004960632
0.0004962416
0.0004959632
0.0004977035
0.0004975659
0.0004972484
0.0004969591
0.0004968655
0.0004969397
0.0004965922
0.0004968473
0.0004965123
0.0004965249
0.0004963052
0.0004962471
0.0004961908
0.0004963451
0.0004960898
0.0004977909
0.0004977869
0.0004977829
0.0004977789
0.000497775
0.0004977711
0.0004977672
0.0004977633
0.0004977595
0.0004977557
0.0004977365
0.0004975983
0.000497211
0.0004969915
0.0004969269
0.0004965344
0.0004966449
0.0004966202
0.0004965711
0.0004966083
0.0004965827
0.0004963513
0.0004961731
0.0004961269
0.0004960937
0.0004977934
0.0004977893
0.0004977853
0.0004977813
0.0004977773
0.0004977734
0.0004977695
0.0004977656
0.0004977617
0.0004977579
0.0004977436
0.0004975967
0.00049726
0.0004969803
0.0004969282
0.0004967665
0.0004966042
0.0004965798
0.0004965297
0.0004965418
0.0004963502
0.0004962357
0.0004962456
0.0004962129
0.0004961603
0.0004977959
0.0004977918
0.0004977877
0.0004977837
0.0004977797
0.0004977757
0.0004977718
0.0004977679
0.000497764
0.0004977601
0.0004977495
0.0004976231
0.0004973195
0.0004969893
0.0004969113
0.0004969756
0.0004967074
0.0004966167
0.000496621
0.0004967501
0.0004965897
0.0004963373
0.0004961836
0.0004962834
0.0004962032
0.0004977984
0.0004977943
0.0004977902
0.0004977861
0.0004977821
0.0004977781
0.0004977741
0.0004977702
0.0004977662
0.0004977624
0.0004977537
0.0004976403
0.0004972887
0.0004970014
0.0004969369
0.0004967525
0.0004964482
0.0004970123
0.0004966245
0.0004965985
0.0004965523
0.0004963385
0.0004962221
0.0004963274
0.0004960412
0.0004978009
0.0004977968
0.0004977927
0.0004977886
0.0004977845
0.0004977805
0.0004977765
0.0004977725
0.0004977686
0.0004977646
0.0004977556
0.0004976258
0.0004973035
0.0004970048
0.0004969318
0.000496636
0.0004968593
0.0004961244
0.0004967149
0.000496583
0.0004964867
0.000496412
0.0004963542
0.0004960697
0.0004961306
0.0004978035
0.0004977993
0.0004977952
0.0004977911
0.000497787
0.0004977829
0.0004977789
0.0004977749
0.0004977709
0.000497767
0.0004977583
0.0004976356
0.0004972757
0.0004970223
0.0004969299
0.000496679
0.0004965667
0.0004968582
0.0004967262
0.0004965623
0.0004966055
0.0004962189
0.0004961741
0.0004961628
0.0004961216
0.0004978061
0.0004978019
0.0004977977
0.0004977936
0.0004977895
0.0004977854
0.0004977813
0.0004977773
0.0004977733
0.0004977693
0.0004977607
0.0004976465
0.0004972989
0.0004970024
0.0004969314
0.0004966659
0.0004964524
0.0004965538
0.0004966424
0.0004966623
0.000496448
0.0004962711
0.0004960749
0.0004962285
0.0004961877
0.0004978087
0.0004978045
0.0004978003
0.0004977961
0.000497792
0.0004977879
0.0004977838
0.0004977797
0.0004977757
0.0004977717
0.0004977602
0.0004976325
0.0004972905
0.0004970095
0.000496936
0.0004967643
0.0004965776
0.0004966983
0.0004965511
0.0004965533
0.0004965401
0.0004962203
0.0004961783
0.0004961901
0.0004960008
0.0004978113
0.0004978071
0.0004978028
0.0004977987
0.0004977945
0.0004977904
0.0004977863
0.0004977822
0.0004977781
0.0004977741
0.0004977592
0.0004976149
0.0004972581
0.0004969961
0.0004969418
0.0004968469
0.0004969969
0.0004965554
0.0004966663
0.000496551
0.0004963395
0.000496182
0.0004961666
0.0004961103
0.0004961843
0.0004978139
0.0004978097
0.0004978055
0.0004978012
0.0004977971
0.0004977929
0.0004977888
0.0004977846
0.0004977806
0.0004977765
0.0004977577
0.0004976052
0.000497241
0.0004969934
0.0004969532
0.0004966486
0.0004966562
0.0004966873
0.0004966418
0.0004966373
0.0004963393
0.0004962953
0.0004960502
0.0004963274
0.0004964044
0.0004977247
0.0004975914
0.0004972668
0.0004969632
0.0004969266
0.0004965949
0.0004966575
0.0004965524
0.0004967009
0.0004965478
0.0004965811
0.0004960843
0.0004960567
0.0004959055
0.0004960632
0.0004977231
0.0004975498
0.0004971732
0.0004969605
0.000496917
0.0004965332
0.0004966862
0.0004966886
0.0004965471
0.00049664
0.0004962829
0.0004962519
0.0004960838
0.0004960284
0.0004960766
0.0004977211
0.000497504
0.0004971071
0.0004969674
0.0004969392
0.0004968547
0.0004966151
0.0004966616
0.000496514
0.0004966446
0.0004963542
0.0004964026
0.0004963137
0.0004960927
0.0004959747
0.0004977168
0.0004974825
0.000497092
0.0004969444
0.0004969372
0.000496929
0.0004967757
0.0004966852
0.0004965835
0.0004965529
0.0004964063
0.0004962543
0.0004961724
0.0004963946
0.0004959696
0.0004977115
0.0004974815
0.000497077
0.0004969317
0.0004969253
0.0004967462
0.0004966294
0.000496758
0.0004965229
0.0004968159
0.0004963729
0.0004963261
0.0004962077
0.0004960462
0.000496032
0.0004976765
0.0004974399
0.0004970536
0.0004969119
0.0004968857
0.000496744
0.000496672
0.0004966064
0.0004966996
0.0004964192
0.0004962968
0.0004960113
0.0004962073
0.0004960981
0.000495894
0.000497686
0.0004974616
0.0004970591
0.0004969228
0.0004969103
0.0004968841
0.0004967007
0.0004968299
0.0004966137
0.0004965685
0.0004963448
0.0004961178
0.0004964114
0.0004960489
0.0004960444
0.0004976899
0.0004974879
0.0004970914
0.0004969289
0.0004969133
0.0004966363
0.0004965938
0.0004966287
0.000496563
0.0004965335
0.0004962805
0.0004961633
0.0004961467
0.0004962683
0.0004960529
0.0004976988
0.0004975216
0.0004971951
0.0004969453
0.0004968696
0.0004965682
0.0004966369
0.0004967195
0.0004967523
0.0004966647
0.0004963393
0.0004962704
0.0004960969
0.0004960051
0.0004962047
0.0004977015
0.0004975854
0.0004972294
0.0004969509
0.0004968945
0.0004968413
0.0004969941
0.0004965452
0.0004967521
0.0004965304
0.0004964358
0.0004961852
0.0004961672
0.0004961283
0.0004963095
0.0004977934
0.0004977893
0.0004977853
0.0004977813
0.0004977773
0.0004977734
0.0004977695
0.0004977656
0.0004977617
0.0004977579
0.0004977394
0.0004975738
0.0004972559
0.0004969763
0.0004969211
0.0004966274
0.0004965083
0.0004966411
0.0004966452
0.0004965564
0.0004964629
0.0004964423
0.0004962538
0.0004961112
0.0004960929
0.0004977959
0.0004977918
0.0004977877
0.0004977837
0.0004977797
0.0004977757
0.0004977718
0.0004977678
0.000497764
0.0004977601
0.000497747
0.0004975968
0.0004972466
0.0004969853
0.0004969297
0.0004967082
0.0004967527
0.0004965874
0.0004965806
0.000496541
0.0004963988
0.0004962344
0.0004961441
0.0004961832
0.0004961803
0.0004977984
0.0004977943
0.0004977902
0.0004977861
0.0004977821
0.0004977781
0.0004977741
0.0004977702
0.0004977662
0.0004977623
0.0004977517
0.0004976335
0.0004972848
0.000496987
0.0004969338
0.0004966958
0.0004969911
0.0004967353
0.0004966096
0.0004966261
0.0004966016
0.000496418
0.0004962617
0.0004961243
0.0004962548
0.0004978009
0.0004977968
0.0004977927
0.0004977886
0.0004977845
0.0004977805
0.0004977765
0.0004977725
0.0004977686
0.0004977646
0.0004977552
0.0004976439
0.0004973103
0.0004969934
0.0004969111
0.0004966446
0.0004967325
0.0004964741
0.0004968501
0.0004966147
0.0004964596
0.0004963924
0.0004962597
0.0004961621
0.0004962922
0.0004978035
0.0004977993
0.0004977952
0.0004977911
0.000497787
0.0004977829
0.0004977789
0.0004977749
0.0004977709
0.000497767
0.0004977576
0.0004976341
0.0004972922
0.0004969995
0.0004969179
0.000496602
0.0004965775
0.0004968082
0.0004961655
0.0004966847
0.0004964985
0.0004963347
0.0004963364
0.0004962855
0.0004960361
0.0004978061
0.0004978019
0.0004977977
0.0004977936
0.0004977895
0.0004977854
0.0004977813
0.0004977773
0.0004977733
0.0004977693
0.0004977611
0.0004976406
0.0004973059
0.0004970081
0.0004969306
0.0004967322
0.0004966362
0.0004965376
0.0004967479
0.0004966294
0.0004964072
0.0004964576
0.0004961273
0.0004961104
0.0004961273
0.0004978087
0.0004978045
0.0004978003
0.0004977961
0.000497792
0.0004977879
0.0004977838
0.0004977797
0.0004977757
0.0004977717
0.0004977617
0.0004976449
0.0004973176
0.0004970154
0.0004969479
0.0004966318
0.0004966401
0.0004964606
0.0004965949
0.0004965637
0.0004965367
0.0004962951
0.000496179
0.000496013
0.000496197
0.0004978113
0.0004978071
0.0004978028
0.0004977987
0.0004977945
0.0004977904
0.0004977863
0.0004977822
0.0004977781
0.0004977741
0.0004977632
0.0004976312
0.0004972941
0.0004969998
0.0004969458
0.0004969428
0.0004967449
0.0004965598
0.0004965588
0.0004965035
0.0004964007
0.0004963921
0.0004961298
0.0004961214
0.0004961541
0.0004978139
0.0004978097
0.0004978055
0.0004978012
0.0004977971
0.0004977929
0.0004977888
0.0004977846
0.0004977806
0.0004977765
0.0004977625
0.000497622
0.0004972674
0.0004970055
0.0004969466
0.0004969049
0.0004967684
0.0004969213
0.0004965676
0.000496617
0.0004963683
0.0004962143
0.0004960864
0.0004961029
0.000496075
0.0004978166
0.0004978123
0.0004978081
0.0004978039
0.0004977996
0.0004977955
0.0004977913
0.0004977872
0.000497783
0.0004977789
0.0004977605
0.0004975995
0.0004972523
0.0004969941
0.0004969456
0.0004965953
0.0004965825
0.0004966269
0.0004966877
0.0004965724
0.0004964598
0.0004961765
0.000496209
0.0004959878
0.0004962929
0.000497731
0.0004975874
0.0004972557
0.0004969599
0.0004969007
0.0004967369
0.0004965553
0.0004966063
0.000496542
0.0004966664
0.0004963924
0.0004964183
0.0004959978
0.0004959973
0.0004958736
0.0004977215
0.0004975495
0.0004971875
0.0004969683
0.0004969189
0.0004967602
0.0004964592
0.0004966569
0.000496636
0.0004965219
0.000496454
0.0004961255
0.0004961758
0.0004960205
0.0004959956
0.0004977274
0.000497513
0.0004971122
0.0004969646
0.0004969397
0.0004966911
0.0004968277
0.000496579
0.000496652
0.0004964919
0.0004964737
0.0004961904
0.000496298
0.0004962592
0.0004960551
0.0004977201
0.0004974926
0.0004970861
0.0004969515
0.0004969375
0.000496725
0.0004969187
0.0004967406
0.0004966949
0.0004965492
0.0004963791
0.0004962403
0.0004961565
0.0004961018
0.0004963623
0.0004977132
0.0004974826
0.0004970865
0.0004969269
0.0004969143
0.0004967395
0.0004967081
0.0004966358
0.0004967215
0.0004964673
0.0004966616
0.0004962484
0.000496222
0.0004961373
0.0004960109
0.000497682
0.0004974516
0.0004970521
0.0004969075
0.0004968875
0.0004968916
0.0004967307
0.000496655
0.0004965968
0.0004966375
0.0004962974
0.0004961337
0.0004959286
0.0004961461
0.0004960605
0.0004976811
0.0004974653
0.0004970675
0.0004969211
0.0004969052
0.0004967161
0.0004968969
0.0004966887
0.0004967735
0.0004965718
0.000496398
0.0004961889
0.0004960277
0.0004963388
0.0004960125
0.0004976962
0.0004974751
0.000497106
0.0004969442
0.0004969215
0.0004966415
0.0004965993
0.0004965573
0.0004966175
0.0004965042
0.0004963724
0.0004961283
0.0004960686
0.0004960743
0.0004962329
0.0004976949
0.0004975356
0.0004971591
0.0004969465
0.0004969149
0.0004969769
0.0004964818
0.0004965631
0.0004967714
0.000496726
0.0004964816
0.0004962445
0.0004961757
0.0004960371
0.000495973
0.0004977055
0.000497572
0.0004972592
0.0004969479
0.0004968973
0.0004964649
0.0004968787
0.0004969748
0.0004965022
0.000496741
0.0004963664
0.0004963167
0.0004961154
0.0004961081
0.0004960954
0.0004977959
0.0004977918
0.0004977877
0.0004977837
0.0004977797
0.0004977757
0.0004977718
0.0004977678
0.000497764
0.0004977601
0.0004977435
0.0004975753
0.0004972163
0.0004969913
0.0004969352
0.0004964245
0.0004965786
0.0004965324
0.0004967209
0.0004965965
0.0004964395
0.0004963066
0.0004963681
0.0004961856
0.0004960774
0.0004977984
0.0004977943
0.0004977902
0.0004977861
0.0004977821
0.0004977781
0.0004977741
0.0004977702
0.0004977662
0.0004977623
0.0004977494
0.0004975969
0.0004972456
0.0004969896
0.0004969339
0.0004967241
0.0004966769
0.0004967243
0.0004965947
0.0004965559
0.0004963979
0.0004962474
0.0004961584
0.0004960792
0.0004961492
0.0004978009
0.0004977968
0.0004977927
0.0004977886
0.0004977845
0.0004977805
0.0004977765
0.0004977725
0.0004977686
0.0004977646
0.0004977531
0.0004976463
0.0004973007
0.0004969877
0.000496907
0.000496651
0.0004966515
0.0004969578
0.0004967755
0.0004965449
0.0004964766
0.0004964546
0.0004963145
0.000496205
0.0004960937
0.0004978035
0.0004977993
0.0004977952
0.0004977911
0.000497787
0.0004977829
0.0004977789
0.0004977749
0.0004977709
0.000497767
0.0004977573
0.0004976347
0.000497317
0.0004969981
0.000496933
0.0004965631
0.0004966014
0.0004966894
0.0004965111
0.0004967496
0.0004964648
0.0004963164
0.0004962971
0.0004962072
0.0004961313
0.0004978061
0.0004978019
0.0004977977
0.0004977936
0.0004977895
0.0004977854
0.0004977813
0.0004977773
0.0004977733
0.0004977693
0.0004977605
0.0004976356
0.0004973004
0.0004970174
0.0004969274
0.0004969421
0.0004965528
0.0004965169
0.0004966899
0.0004961918
0.0004965488
0.0004963931
0.0004962393
0.0004962793
0.000496248
0.0004978087
0.0004978045
0.0004978003
0.0004977961
0.000497792
0.0004977879
0.0004977838
0.0004977797
0.0004977757
0.0004977717
0.0004977636
0.000497653
0.000497306
0.0004970178
0.0004969509
0.0004966726
0.000496672
0.0004966016
0.000496459
0.0004967174
0.0004965354
0.0004962574
0.0004963665
0.0004960613
0.0004960757
0.0004978113
0.0004978071
0.0004978028
0.0004977987
0.0004977945
0.0004977904
0.0004977863
0.0004977822
0.0004977781
0.0004977741
0.000497764
0.0004976341
0.0004973132
0.0004970064
0.0004969255
0.0004967936
0.000496565
0.000496629
0.0004965035
0.0004965646
0.0004964079
0.0004964153
0.0004962154
0.0004961139
0.0004959804
0.000497814
0.0004978097
0.0004978055
0.0004978012
0.0004977971
0.0004977929
0.0004977888
0.0004977847
0.0004977806
0.0004977765
0.0004977651
0.0004976323
0.0004972906
0.0004970073
0.0004969299
0.0004965741
0.0004969518
0.0004966948
0.0004965573
0.0004964411
0.0004963338
0.0004962518
0.0004963059
0.0004960662
0.000496088
0.0004978166
0.0004978123
0.0004978081
0.0004978039
0.0004977996
0.0004977955
0.0004977913
0.0004977872
0.000497783
0.0004977789
0.0004977646
0.0004976142
0.0004972824
0.0004969996
0.0004969464
0.0004967891
0.0004968916
0.0004966264
0.0004967933
0.0004965448
0.0004964354
0.0004962182
0.0004961259
0.0004960212
0.0004960685
0.000497815
0.0004978107
0.0004978065
0.0004978023
0.000497798
0.0004977939
0.0004977897
0.0004977855
0.0004977814
0.0004977632
0.0004975864
0.0004972451
0.0004969935
0.0004969413
0.0004968283
0.0004965465
0.0004965255
0.0004966127
0.0004966562
0.0004964086
0.0004963058
0.000496078
0.0004961496
0.0004959535
0.0004977249
0.0004975807
0.0004972449
0.0004969657
0.0004969033
0.000496755
0.0004966974
0.000496549
0.0004965687
0.0004965341
0.0004965361
0.0004962409
0.0004963206
0.0004959353
0.0004959657
0.0004977257
0.0004975781
0.0004971848
0.000496973
0.0004969308
0.0004967038
0.0004967359
0.00049644
0.0004966548
0.0004965604
0.0004963373
0.0004962874
0.0004960276
0.0004961192
0.0004959878
0.0004977317
0.0004975115
0.0004971236
0.0004969689
0.0004969507
0.0004968264
0.0004966667
0.000496761
0.000496519
0.0004965973
0.0004962971
0.0004963028
0.0004960917
0.0004962272
0.0004962288
0.000497719
0.0004974955
0.0004970949
0.0004969469
0.0004969316
0.0004967795
0.0004966947
0.0004968625
0.0004967086
0.0004966184
0.0004963766
0.0004962074
0.0004961361
0.0004960936
0.0004960637
0.000497716
0.0004974838
0.000497089
0.0004969348
0.0004969089
0.0004968537
0.0004967256
0.0004966724
0.0004966341
0.0004966522
0.0004962878
0.0004965032
0.0004961562
0.0004961524
0.0004960994
0.0004976762
0.0004974582
0.0004970606
0.000496906
0.0004968993
0.0004968024
0.0004968984
0.0004966991
0.0004966502
0.0004965479
0.0004964598
0.000496166
0.0004960491
0.0004958725
0.0004961135
0.0004976853
0.0004974607
0.0004970736
0.0004969229
0.000496911
0.0004968524
0.0004966804
0.0004968725
0.0004966745
0.0004966893
0.0004963846
0.0004962311
0.0004960913
0.0004959674
0.0004963003
0.0004976967
0.0004974818
0.0004970885
0.0004969546
0.0004969293
0.0004968463
0.000496591
0.0004965602
0.0004965495
0.0004965805
0.0004963324
0.0004962104
0.0004960357
0.0004960019
0.0004960355
0.0004976988
0.0004975405
0.0004971777
0.0004969406
0.0004968884
0.0004966976
0.000497032
0.0004964011
0.0004965409
0.0004967138
0.0004965769
0.0004963424
0.0004961781
0.0004961116
0.000496004
0.0004977076
0.0004975682
0.0004972351
0.000496964
0.000496895
0.0004966294
0.0004963933
0.0004969009
0.000496807
0.0004964611
0.0004966234
0.0004962111
0.0004962188
0.0004960593
0.0004960739
0.0004977984
0.0004977943
0.0004977902
0.0004977861
0.0004977821
0.0004977781
0.0004977741
0.0004977702
0.0004977662
0.0004977623
0.0004977464
0.0004975956
0.0004972153
0.0004969866
0.0004969137
0.000496784
0.0004963259
0.0004965456
0.0004965172
0.0004967161
0.0004964232
0.0004962969
0.0004962092
0.0004963116
0.0004961491
0.0004978009
0.0004977968
0.0004977927
0.0004977886
0.0004977845
0.0004977805
0.0004977765
0.0004977725
0.0004977686
0.0004977646
0.0004977507
0.0004976252
0.000497245
0.0004969904
0.0004969454
0.0004965775
0.0004966964
0.0004966549
0.0004966739
0.0004965631
0.0004964011
0.0004962335
0.0004961554
0.0004960972
0.0004960439
0.0004978035
0.0004977993
0.0004977952
0.0004977911
0.000497787
0.0004977829
0.0004977789
0.0004977749
0.0004977709
0.000497767
0.0004977558
0.0004976358
0.0004973199
0.0004970023
0.0004969279
0.00049705
0.0004966105
0.0004966291
0.0004968713
0.0004967063
0.0004964031
0.0004963131
0.000496366
0.0004962483
0.0004961721
0.0004978061
0.0004978019
0.0004977977
0.0004977936
0.0004977895
0.0004977854
0.0004977813
0.0004977773
0.0004977733
0.0004977693
0.0004977608
0.0004976327
0.0004972991
0.0004970044
0.0004969253
0.0004968064
0.0004964874
0.0004965709
0.0004966471
0.0004964301
0.0004966806
0.0004963109
0.0004962278
0.0004962325
0.0004961797
0.0004978087
0.0004978045
0.0004978003
0.0004977961
0.000497792
0.0004977879
0.0004977838
0.0004977797
0.0004977757
0.0004977717
0.0004977621
0.000497645
0.0004972983
0.0004970108
0.0004969278
0.000496912
0.0004969653
0.0004965282
0.0004965038
0.0004966002
0.0004960596
0.0004963988
0.0004963017
0.0004961733
0.0004962457
0.0004978113
0.0004978071
0.0004978028
0.0004977987
0.0004977945
0.0004977904
0.0004977863
0.0004977822
0.0004977781
0.0004977741
0.0004977648
0.000497632
0.0004973236
0.000497004
0.0004969334
0.0004966668
0.0004966736
0.0004966296
0.0004965881
0.0004963825
0.000496608
0.0004964308
0.000496168
0.0004963049
0.0004960258
0.000497814
0.0004978097
0.0004978055
0.0004978012
0.0004977971
0.0004977929
0.0004977888
0.0004977847
0.0004977806
0.0004977765
0.0004977668
0.0004976365
0.0004972963
0.0004970099
0.0004969329
0.0004968632
0.0004967747
0.0004965198
0.0004966153
0.0004964697
0.0004963868
0.0004962719
0.0004963297
0.0004961562
0.000496078
0.0004978166
0.0004978123
0.0004978081
0.0004978039
0.0004977996
0.0004977955
0.0004977913
0.0004977872
0.000497783
0.000497779
0.0004977672
0.000497645
0.0004972949
0.0004970049
0.0004969363
0.0004968275
0.0004964977
0.0004968848
0.0004966495
0.0004964924
0.0004963638
0.0004961839
0.0004961632
0.0004962454
0.0004960315
0.000497815
0.0004978107
0.0004978065
0.0004978023
0.000497798
0.0004977939
0.0004977897
0.0004977855
0.0004977814
0.000497768
0.0004976258
0.00049726
0.0004970162
0.0004969475
0.0004966101
0.0004967692
0.0004968189
0.0004965831
0.0004967135
0.0004963747
0.0004962805
0.0004961323
0.000496061
0.0004959856
0.0004978134
0.0004978092
0.0004978049
0.0004978007
0.0004977964
0.0004977922
0.0004977881
0.0004977839
0.000497767
0.0004975984
0.0004972224
0.0004970004
0.0004969194
0.0004969239
0.0004968152
0.0004965386
0.0004965505
0.0004965789
0.0004964758
0.0004962579
0.0004962181
0.0004960101
0.0004961175
0.0004977352
0.0004976208
0.0004972304
0.0004969771
0.0004969019
0.0004968669
0.0004967288
0.0004966215
0.0004965536
0.0004965257
0.000496369
0.0004963858
0.0004961513
0.0004962554
0.0004959019
0.0004977284
0.0004975639
0.0004972326
0.0004969694
0.000496935
0.0004968538
0.000496647
0.0004966806
0.0004965093
0.0004965931
0.0004964101
0.0004961673
0.0004961929
0.0004959587
0.0004960865
0.000497733
0.000497522
0.0004971207
0.0004969625
0.0004969557
0.0004967687
0.0004967897
0.0004966206
0.0004967134
0.0004964481
0.0004964053
0.0004961409
0.000496198
0.0004960262
0.0004961892
0.0004977208
0.0004974939
0.0004970983
0.000496952
0.0004969379
0.000496737
0.0004967484
0.0004966349
0.0004968384
0.0004966684
0.0004964201
0.0004962108
0.0004961068
0.0004960657
0.0004960611
0.0004977158
0.0004974891
0.0004970893
0.0004969383
0.0004969305
0.0004970855
0.0004968614
0.0004966968
0.0004966699
0.000496588
0.0004964604
0.0004961167
0.0004964012
0.0004960936
0.0004961153
0.0004976826
0.000497455
0.000497067
0.0004969089
0.0004968934
0.0004966801
0.0004968
0.0004968783
0.0004966633
0.0004965636
0.0004963758
0.0004962974
0.0004960674
0.000495992
0.0004958421
0.0004976861
0.0004974649
0.0004970685
0.0004969313
0.0004969161
0.0004967362
0.0004968418
0.0004966448
0.0004967765
0.0004966158
0.0004965387
0.0004962236
0.0004961323
0.0004960227
0.0004959359
0.0004976982
0.0004974848
0.0004970945
0.0004969428
0.0004969173
0.0004967559
0.0004968248
0.0004965289
0.0004965292
0.0004964908
0.000496411
0.0004961758
0.0004961144
0.0004959704
0.000495966
0.0004977024
0.0004975385
0.0004971893
0.0004969501
0.0004969117
0.0004966908
0.0004966635
0.0004969838
0.0004964382
0.0004965033
0.0004964914
0.0004964072
0.0004962581
0.0004961286
0.0004960768
0.0004977097
0.0004975936
0.0004972262
0.0004969516
0.0004968933
0.0004966926
0.000496565
0.0004963747
0.0004968318
0.000496686
0.0004963275
0.0004964698
0.0004961364
0.0004961505
0.0004960262
0.0004978009
0.0004977968
0.0004977927
0.0004977886
0.0004977845
0.0004977805
0.0004977765
0.0004977725
0.0004977686
0.0004977646
0.0004977478
0.0004976081
0.0004972434
0.0004969807
0.0004969369
0.0004965119
0.0004967562
0.0004963052
0.0004965452
0.0004964202
0.0004965492
0.000496279
0.0004961996
0.0004961433
0.0004962787
0.0004978035
0.0004977993
0.0004977952
0.0004977911
0.000497787
0.0004977829
0.0004977789
0.0004977749
0.0004977709
0.0004977669
0.0004977529
0.0004976273
0.0004972837
0.0004969991
0.0004969261
0.0004967643
0.0004965181
0.0004966518
0.0004966518
0.0004965958
0.0004963876
0.0004962477
0.0004961441
0.0004960929
0.0004960627
0.0004978061
0.0004978019
0.0004977977
0.0004977936
0.0004977895
0.0004977854
0.0004977813
0.0004977773
0.0004977733
0.0004977693
0.0004977588
0.0004976379
0.0004973027
0.0004969956
0.0004969244
0.0004968205
0.0004970672
0.0004965697
0.0004966704
0.0004967704
0.0004965221
0.0004962761
0.0004962253
0.0004963082
0.0004962148
0.0004978087
0.0004978045
0.0004978003
0.0004977961
0.000497792
0.0004977879
0.0004977838
0.0004977797
0.0004977757
0.0004977717
0.0004977636
0.0004976434
0.0004972985
0.0004970061
0.0004969204
0.0004967278
0.0004967883
0.0004964587
0.0004965607
0.0004966067
0.0004962566
0.0004965861
0.000496229
0.0004961671
0.0004961967
0.0004978113
0.0004978071
0.0004978028
0.0004977987
0.0004977945
0.0004977904
0.0004977863
0.0004977822
0.0004977781
0.0004977741
0.0004977637
0.000497645
0.0004973162
0.0004970077
0.000496926
0.0004968154
0.0004969086
0.0004969224
0.0004965296
0.0004964788
0.0004965025
0.0004959299
0.0004963076
0.0004962381
0.0004961383
0.000497814
0.0004978097
0.0004978055
0.0004978012
0.0004977971
0.0004977929
0.0004977888
0.0004977847
0.0004977806
0.0004977765
0.0004977673
0.000497625
0.0004972928
0.0004970107
0.0004969433
0.0004966399
0.0004966246
0.0004966758
0.0004966754
0.0004965374
0.0004962687
0.0004964604
0.0004963425
0.0004961051
0.000496272
0.0004978166
0.0004978124
0.0004978081
0.0004978039
0.0004977996
0.0004977955
0.0004977913
0.0004977872
0.000497783
0.000497779
0.0004977694
0.0004976449
0.0004972994
0.0004970137
0.0004969366
0.0004965802
0.0004968795
0.000496728
0.0004965626
0.0004965628
0.0004962986
0.0004962439
0.0004961848
0.0004962731
0.0004961218
0.000497815
0.0004978108
0.0004978065
0.0004978023
0.000497798
0.0004977939
0.0004977897
0.0004977855
0.0004977814
0.000497769
0.0004976497
0.0004973097
0.0004970169
0.0004969396
0.0004966318
0.0004968264
0.000496443
0.0004967419
0.0004966182
0.0004963273
0.0004962694
0.0004960942
0.0004961008
0.0004962128
0.0004978134
0.0004978092
0.0004978049
0.0004978007
0.0004977964
0.0004977922
0.0004977881
0.0004977839
0.0004977692
0.0004976382
0.0004972781
0.0004970028
0.0004969341
0.0004969227
0.0004965662
0.0004967206
0.0004967546
0.0004965911
0.0004966131
0.0004962187
0.0004961875
0.0004960693
0.0004960252
0.0004978118
0.0004978076
0.0004978033
0.0004977991
0.0004977948
0.0004977906
0.0004977865
0.0004977684
0.0004976163
0.0004972368
0.000497003
0.0004969451
0.0004970507
0.0004969001
0.0004967502
0.0004965447
0.000496543
0.0004964063
0.0004963111
0.0004961619
0.000496157
0.0004959733
0.0004977351
0.0004975921
0.0004973106
0.0004969821
0.0004969271
0.0004970232
0.0004968303
0.0004966958
0.0004965692
0.000496487
0.0004963651
0.0004962023
0.0004962886
0.0004960894
0.000496222
0.0004977278
0.0004975854
0.0004972094
0.0004969649
0.0004969374
0.0004965887
0.0004968566
0.0004965551
0.0004966356
0.0004965008
0.0004963952
0.00049626
0.000496072
0.0004961304
0.000495923
0.0004977333
0.0004975171
0.0004971332
0.0004969695
0.0004969468
0.0004966061
0.0004967398
0.0004967589
0.0004965849
0.0004966532
0.0004963167
0.000496232
0.0004960551
0.0004961281
0.0004959922
0.0004977216
0.0004974965
0.0004970965
0.0004969603
0.0004969378
0.0004967951
0.0004967335
0.0004966986
0.000496593
0.0004967953
0.0004965029
0.000496259
0.0004961231
0.0004960406
0.0004960287
0.0004977189
0.0004974881
0.0004970911
0.0004969398
0.0004969322
0.0004967892
0.0004971165
0.000496847
0.0004966674
0.0004966226
0.0004964165
0.0004962884
0.0004960221
0.0004963314
0.0004960596
0.0004976823
0.0004974604
0.0004970626
0.0004969187
0.0004969011
0.0004967082
0.0004966515
0.0004967828
0.0004968489
0.0004966137
0.000496369
0.0004962105
0.000496193
0.0004960004
0.0004959606
0.000497689
0.0004974655
0.000497072
0.0004969266
0.0004969217
0.0004967882
0.0004966814
0.0004967872
0.0004966459
0.0004966722
0.000496442
0.000496389
0.0004961294
0.0004960664
0.0004959859
0.0004977014
0.0004974929
0.0004970996
0.0004969492
0.0004969283
0.0004966913
0.0004967245
0.0004967658
0.0004965157
0.0004964724
0.0004963157
0.0004962471
0.000496077
0.0004960485
0.000495935
0.0004977028
0.0004975566
0.0004971831
0.0004969483
0.0004969174
0.0004968865
0.0004967001
0.0004966037
0.0004967845
0.0004964642
0.0004963319
0.0004963392
0.000496312
0.0004961982
0.0004960984
0.0004977074
0.0004976098
0.0004972677
0.0004969561
0.000496905
0.0004965394
0.0004966432
0.0004964878
0.0004964363
0.000496722
0.0004966254
0.000496188
0.0004963729
0.0004960856
0.000496112
0.0004978035
0.0004977993
0.0004977952
0.0004977911
0.000497787
0.0004977829
0.0004977789
0.0004977749
0.0004977709
0.0004977669
0.0004977498
0.0004976119
0.0004972589
0.0004969874
0.0004969333
0.0004967728
0.0004964567
0.0004966859
0.0004964101
0.0004965015
0.0004962586
0.000496403
0.0004961856
0.000496133
0.0004961079
0.0004978061
0.0004978019
0.0004977977
0.0004977936
0.0004977895
0.0004977854
0.0004977813
0.0004977773
0.0004977733
0.0004977693
0.0004977561
0.0004976317
0.0004972884
0.0004969931
0.0004969499
0.0004968445
0.0004967089
0.0004964752
0.0004966102
0.0004965996
0.00049644
0.0004962268
0.0004961515
0.0004960823
0.0004960588
0.0004978087
0.0004978045
0.0004978003
0.0004977961
0.000497792
0.0004977879
0.0004977838
0.0004977797
0.0004977757
0.0004977717
0.0004977608
0.0004976475
0.0004973074
0.000497002
0.0004969217
0.0004965173
0.0004967997
0.0004969763
0.0004965444
0.0004966442
0.0004966364
0.0004963882
0.0004961872
0.0004961643
0.0004962757
0.0004978113
0.0004978071
0.0004978028
0.0004977987
0.0004977945
0.0004977904
0.0004977863
0.0004977822
0.0004977781
0.0004977741
0.0004977648
0.0004976392
0.0004973091
0.0004970159
0.0004969348
0.0004966692
0.0004967186
0.0004967418
0.0004965369
0.0004965113
0.0004964652
0.0004961276
0.0004964937
0.0004961725
0.0004961334
0.000497814
0.0004978097
0.0004978055
0.0004978012
0.0004977971
0.0004977929
0.0004977888
0.0004977847
0.0004977806
0.0004977765
0.0004977662
0.0004976297
0.0004973151
0.0004970189
0.0004969468
0.0004969755
0.0004967784
0.0004968201
0.0004968054
0.0004964865
0.0004963321
0.000496398
0.0004958651
0.0004962453
0.0004962032
0.0004978166
0.0004978124
0.0004978081
0.0004978039
0.0004977996
0.0004977955
0.0004977913
0.0004977872
0.000497783
0.000497779
0.0004977694
0.0004976259
0.0004972877
0.0004970184
0.0004969144
0.0004967724
0.0004965779
0.0004966027
0.0004966043
0.0004966664
0.0004963769
0.0004961498
0.0004963647
0.0004962801
0.000496071
0.000497815
0.0004978108
0.0004978065
0.0004978023
0.000497798
0.0004977939
0.0004977897
0.0004977855
0.0004977814
0.0004977735
0.000497638
0.0004973115
0.0004970145
0.0004969583
0.0004965501
0.0004965085
0.0004968571
0.0004966834
0.0004965586
0.0004964088
0.0004961475
0.0004961634
0.0004961242
0.000496243
0.0004978134
0.0004978092
0.0004978049
0.0004978007
0.0004977964
0.0004977922
0.0004977881
0.0004977839
0.0004977727
0.0004976735
0.0004973169
0.0004970071
0.0004969289
0.0004968752
0.0004965792
0.0004968034
0.0004964732
0.0004966446
0.0004964765
0.0004961888
0.0004961783
0.0004960304
0.0004960665
0.0004978119
0.0004978076
0.0004978033
0.0004977991
0.0004977948
0.0004977906
0.0004977865
0.0004977726
0.0004976281
0.0004972955
0.0004970068
0.0004969587
0.000496641
0.0004968897
0.000496552
0.0004966753
0.0004967084
0.0004964672
0.0004964904
0.0004961322
0.0004961219
0.0004960341
0.0004978103
0.000497806
0.0004978017
0.0004977975
0.0004977932
0.000497789
0.0004977718
0.0004976008
0.0004972626
0.0004970039
0.0004969639
0.0004967461
0.0004970824
0.0004968086
0.0004966782
0.0004964742
0.0004963676
0.0004962376
0.0004962179
0.0004960953
0.0004961242
0.0004977358
0.0004976154
0.0004972463
0.0004969913
0.0004969182
0.0004966042
0.0004970364
0.0004966986
0.0004966944
0.0004965275
0.0004963129
0.0004962066
0.0004961111
0.0004962242
0.0004960561
0.0004977319
0.0004975848
0.0004972389
0.0004969771
0.0004969124
0.0004967098
0.0004965396
0.0004968082
0.0004965327
0.0004965897
0.0004963281
0.0004962234
0.000496162
0.0004960066
0.0004960966
0.0004977342
0.0004975135
0.0004971264
0.0004969761
0.0004969642
0.0004966999
0.000496552
0.0004966912
0.0004967824
0.0004965752
0.0004964771
0.0004961819
0.0004961286
0.0004959902
0.0004960903
0.0004977243
0.0004974963
0.000497098
0.000496955
0.0004969482
0.0004967986
0.0004967483
0.0004967139
0.0004966658
0.0004965607
0.0004966099
0.0004963296
0.0004961591
0.0004960643
0.0004960056
0.0004977219
0.0004974898
0.0004970915
0.0004969363
0.0004969446
0.0004968426
0.0004967389
0.0004970598
0.000496799
0.0004966219
0.0004964505
0.0004962505
0.0004961793
0.00049596
0.0004962939
0.0004976835
0.0004974576
0.0004970665
0.0004969099
0.0004968962
0.0004967774
0.0004966938
0.0004966286
0.0004967093
0.0004967721
0.0004964508
0.0004962059
0.0004961117
0.0004961225
0.0004959656
0.0004976944
0.0004974692
0.0004970738
0.0004969276
0.0004969191
0.0004966581
0.0004967734
0.0004966113
0.0004967489
0.0004966163
0.0004965635
0.0004962866
0.000496291
0.0004960628
0.0004960315
0.0004977056
0.0004975006
0.0004971106
0.0004969506
0.0004969293
0.0004968152
0.0004966403
0.0004967026
0.0004967137
0.0004965009
0.0004963068
0.0004961613
0.0004961495
0.0004960078
0.0004960129
0.0004977053
0.0004975765
0.0004972098
0.0004969484
0.0004968987
0.0004966949
0.0004968771
0.000496711
0.0004965612
0.0004966662
0.0004963034
0.0004961683
0.0004962668
0.0004962525
0.0004961672
0.0004977162
0.0004976075
0.0004972924
0.0004969601
0.000496907
0.0004967534
0.0004964555
0.0004965883
0.0004964795
0.0004964339
0.0004965853
0.0004965275
0.0004960973
0.000496306
0.0004960559
0.0004978061
0.0004978019
0.0004977977
0.0004977936
0.0004977895
0.0004977854
0.0004977813
0.0004977773
0.0004977733
0.0004977693
0.0004977534
0.0004976009
0.0004972676
0.0004969852
0.0004969289
0.0004968394
0.0004967432
0.0004964766
0.000496634
0.0004964077
0.0004963387
0.0004961262
0.0004963088
0.0004961143
0.0004960979
0.0004978087
0.0004978045
0.0004978003
0.0004977961
0.000497792
0.0004977879
0.0004977838
0.0004977797
0.0004977757
0.0004977717
0.0004977576
0.0004976354
0.000497297
0.0004969966
0.0004969269
0.0004965535
0.0004968452
0.0004966259
0.0004964763
0.000496561
0.0004964315
0.0004962982
0.0004961404
0.000496086
0.0004960472
0.0004978113
0.0004978071
0.0004978028
0.0004977987
0.0004977945
0.0004977904
0.0004977863
0.0004977822
0.0004977781
0.0004977741
0.000497763
0.0004976381
0.0004973209
0.0004970094
0.0004969216
0.0004966434
0.0004964421
0.0004967198
0.0004967932
0.0004965024
0.0004964584
0.000496508
0.0004963113
0.0004961243
0.0004961293
0.000497814
0.0004978097
0.0004978055
0.0004978012
0.0004977971
0.0004977929
0.0004977888
0.0004977847
0.0004977806
0.0004977765
0.0004977666
0.0004976248
0.0004973018
0.0004970109
0.0004969319
0.0004967716
0.0004966645
0.0004967074
0.0004967044
0.0004965429
0.0004963495
0.0004963193
0.0004960437
0.0004964287
0.0004961396
0.0004978166
0.0004978124
0.0004978081
0.0004978039
0.0004977996
0.0004977955
0.0004977913
0.0004977872
0.000497783
0.000497779
0.0004977693
0.0004976227
0.0004972933
0.0004970182
0.0004969424
0.0004967606
0.0004969982
0.0004967536
0.0004967182
0.000496722
0.0004963336
0.0004961916
0.000496314
0.0004958144
0.0004962116
0.000497815
0.0004978108
0.0004978065
0.0004978023
0.000497798
0.0004977939
0.0004977897
0.0004977856
0.0004977814
0.0004977725
0.0004976307
0.0004972796
0.0004970276
0.0004969598
0.0004969587
0.0004967418
0.0004965523
0.0004966053
0.0004965234
0.0004965117
0.0004962277
0.0004960691
0.000496302
0.0004962465
0.0004978134
0.0004978092
0.0004978049
0.0004978007
0.0004977964
0.0004977922
0.0004977881
0.0004977839
0.0004977737
0.0004976599
0.0004972972
0.0004970205
0.0004969516
0.0004965675
0.0004965132
0.0004964891
0.0004967483
0.0004966416
0.000496383
0.0004962618
0.000496061
0.0004961023
0.0004960918
0.0004978119
0.0004978076
0.0004978033
0.0004977991
0.0004977948
0.0004977906
0.0004977865
0.0004977753
0.0004976511
0.000497359
0.0004970112
0.0004969451
0.000496922
0.0004968767
0.0004965584
0.0004967234
0.0004964774
0.0004965505
0.0004963253
0.000496102
0.0004961231
0.0004959956
0.0004978103
0.000497806
0.0004978017
0.0004977975
0.0004977932
0.000497789
0.0004977745
0.0004976382
0.0004972774
0.0004970074
0.0004969378
0.0004967164
0.0004965875
0.0004967796
0.0004965442
0.0004966292
0.0004965494
0.0004963186
0.0004963944
0.0004960722
0.0004960863
0.0004978087
0.0004978044
0.0004978001
0.0004977958
0.0004977916
0.0004977736
0.0004976142
0.000497239
0.0004970094
0.0004969627
0.0004967405
0.000496699
0.0004970334
0.0004967518
0.0004966426
0.0004963064
0.0004962137
0.0004961495
0.0004961546
0.0004960601
0.000497742
0.0004976184
0.0004972851
0.0004969863
0.000496901
0.0004970025
0.0004965309
0.0004969416
0.0004966087
0.0004966577
0.000496364
0.0004961672
0.000496112
0.00049605
0.0004961886
0.0004977414
0.0004975693
0.0004972396
0.0004969728
0.0004969254
0.000496753
0.0004966588
0.000496506
0.0004967501
0.000496545
0.000496422
0.0004961775
0.0004961228
0.0004960987
0.0004959701
0.0004977373
0.0004975135
0.00049712
0.0004969799
0.0004969588
0.000496658
0.0004966735
0.0004965338
0.0004966679
0.0004967214
0.0004964353
0.0004963132
0.0004960864
0.0004960608
0.0004959521
0.0004977283
0.0004975002
0.0004970994
0.0004969501
0.000496948
0.0004967009
0.0004968018
0.0004967033
0.0004966363
0.0004966067
0.0004963936
0.0004964371
0.0004962257
0.0004960911
0.0004960309
0.0004977225
0.0004974931
0.0004970953
0.0004969329
0.0004969329
0.0004966546
0.0004968285
0.0004966939
0.0004969448
0.0004967236
0.0004964444
0.000496285
0.0004961539
0.0004961073
0.0004959275
0.0004976898
0.0004974577
0.0004970629
0.0004969151
0.0004969127
0.0004967328
0.0004967547
0.0004966676
0.000496614
0.0004966043
0.000496578
0.0004962854
0.0004961011
0.0004960481
0.0004960849
0.0004976994
0.0004974743
0.0004970759
0.0004969336
0.0004969249
0.0004967323
0.0004966196
0.0004967265
0.000496612
0.0004967135
0.0004964589
0.0004964498
0.0004961955
0.0004962287
0.0004960253
0.0004977008
0.0004975117
0.0004971207
0.0004969509
0.0004969355
0.0004967938
0.0004967959
0.0004965936
0.0004967045
0.0004966422
0.0004963412
0.0004961512
0.000496065
0.0004960814
0.0004959705
0.0004977066
0.0004975617
0.0004972416
0.0004969552
0.0004969124
0.0004968194
0.0004966477
0.0004968146
0.0004966736
0.0004965225
0.0004966014
0.0004961399
0.0004960742
0.0004962145
0.0004962211
0.0004977209
0.0004975919
0.0004972898
0.0004969639
0.0004969
0.0004967065
0.0004967177
0.0004963795
0.0004965962
0.0004964665
0.0004962636
0.0004964621
0.0004964207
0.0004960318
0.00049627
0.0004978087
0.0004978045
0.0004978003
0.0004977961
0.000497792
0.0004977879
0.0004977838
0.0004977797
0.0004977757
0.0004977717
0.0004977539
0.0004976077
0.0004972505
0.0004969915
0.0004969266
0.0004966349
0.0004968217
0.000496693
0.000496551
0.0004966049
0.0004962043
0.0004961927
0.0004960376
0.0004962396
0.000496074
0.0004978113
0.0004978071
0.0004978028
0.0004977987
0.0004977945
0.0004977904
0.0004977863
0.0004977822
0.0004977781
0.0004977741
0.0004977593
0.0004976152
0.0004973016
0.000497001
0.0004969346
0.0004967208
0.0004964973
0.0004967974
0.0004965976
0.0004964494
0.0004964109
0.000496284
0.000496206
0.0004960795
0.0004960505
0.000497814
0.0004978097
0.0004978055
0.0004978012
0.0004977971
0.0004977929
0.0004977888
0.0004977847
0.0004977806
0.0004977765
0.0004977648
0.0004976351
0.0004973035
0.0004970113
0.0004969316
0.0004969821
0.0004965808
0.000496435
0.000496656
0.0004966769
0.00049635
0.000496301
0.0004964056
0.0004962518
0.0004960893
0.0004978166
0.0004978124
0.0004978081
0.0004978039
0.0004977996
0.0004977955
0.0004977913
0.0004977872
0.000497783
0.000497779
0.0004977697
0.0004976352
0.0004972807
0.0004970126
0.0004969443
0.0004969149
0.000496762
0.0004966769
0.0004966701
0.0004966659
0.0004963643
0.000496202
0.0004962284
0.0004959828
0.0004963931
0.000497815
0.0004978108
0.0004978065
0.0004978023
0.000497798
0.0004977939
0.0004977897
0.0004977856
0.0004977814
0.0004977718
0.0004976366
0.0004972789
0.0004970255
0.0004969516
0.0004966364
0.0004967327
0.0004969482
0.0004968059
0.0004966863
0.0004966149
0.0004961935
0.0004961089
0.0004962518
0.0004957834
0.0004978134
0.0004978092
0.0004978049
0.0004978007
0.0004977964
0.0004977922
0.0004977881
0.0004977839
0.000497775
0.0004976457
0.0004972864
0.0004970178
0.0004969354
0.0004965593
0.0004969965
0.0004966751
0.0004966176
0.0004965551
0.0004964141
0.0004963723
0.0004961345
0.0004960104
0.0004962672
0.0004978119
0.0004978076
0.0004978033
0.0004977991
0.0004977948
0.0004977906
0.0004977865
0.000497777
0.0004976677
0.0004973266
0.0004970176
0.0004969403
0.0004965747
0.0004964785
0.0004965498
0.0004965593
0.0004966509
0.0004964919
0.0004962282
0.0004961731
0.0004960028
0.0004960663
0.0004978103
0.000497806
0.0004978017
0.0004977975
0.0004977932
0.000497789
0.0004977781
0.0004976681
0.0004973171
0.0004970179
0.0004969393
0.0004966433
0.0004969455
0.0004968348
0.0004965931
0.0004966316
0.0004963197
0.0004964384
0.0004962343
0.0004960396
0.0004960942
0.0004978087
0.0004978044
0.0004978001
0.0004977958
0.0004977916
0.0004977765
0.0004976329
0.0004972909
0.0004970113
0.0004969499
0.0004968464
0.0004966743
0.0004965635
0.0004966658
0.0004964813
0.0004964723
0.0004963871
0.0004962243
0.0004963322
0.0004960403
0.0004978072
0.0004978028
0.0004977985
0.0004977942
0.0004977741
0.0004976105
0.0004972568
0.0004970118
0.0004969486
0.000496723
0.0004967086
0.0004966471
0.0004969713
0.0004967371
0.0004965082
0.0004961697
0.0004961413
0.0004960947
0.0004961212
0.0004977409
0.000497596
0.0004972911
0.0004969831
0.0004969387
0.0004963305
0.0004970237
0.0004964504
0.0004967688
0.0004966044
0.0004964817
0.000496199
0.0004960773
0.0004960463
0.0004960158
0.0004977417
0.0004975567
0.0004972118
0.0004969749
0.0004969154
0.0004968164
0.0004967312
0.0004966057
0.0004964909
0.000496723
0.0004964064
0.0004962557
0.0004960898
0.0004960574
0.0004960648
0.0004977399
0.0004975162
0.0004971215
0.0004969745
0.0004969614
0.0004966854
0.0004966072
0.0004966248
0.000496547
0.0004966382
0.0004965107
0.0004962663
0.0004962119
0.0004960213
0.0004960255
0.0004977277
0.0004975036
0.0004971021
0.0004969523
0.0004969444
0.0004968156
0.000496636
0.000496788
0.0004967221
0.0004965541
0.0004964329
0.0004962221
0.0004963336
0.0004961578
0.0004960546
0.0004974934
0.0004970989
0.0004969421
0.0004969392
0.0004968398
0.0004965358
0.0004967614
0.0004967103
0.0004968501
0.0004965699
0.0004962682
0.0004961773
0.0004960875
0.000496071
0.0004976949
0.000497469
0.0004970647
0.000496914
0.0004969055
0.0004967792
0.0004967328
0.0004967378
0.0004966075
0.0004965567
0.0004964851
0.000496409
0.0004961825
0.000496031
0.0004960153
0.0004976946
0.0004974806
0.0004970851
0.0004969318
0.0004969101
0.0004967394
0.0004967129
0.0004965859
0.000496684
0.0004965936
0.0004965495
0.000496305
0.0004963505
0.0004961321
0.0004961955
0.0004977093
0.000497506
0.0004971354
0.0004969554
0.0004969287
0.0004966092
0.000496777
0.0004967331
0.000496624
0.0004966434
0.0004964563
0.0004961793
0.0004960572
0.0004959982
0.0004960441
0.0004977121
0.0004975617
0.0004972153
0.000496956
0.0004969116
0.0004967372
0.0004968201
0.0004965842
0.0004967584
0.0004966013
0.0004963573
0.0004964936
0.00049605
0.0004960129
0.0004961843
0.0004977164
0.0004975877
0.0004972574
0.0004969609
0.0004968851
0.0004965471
0.0004966807
0.0004966569
0.0004963933
0.0004965769
0.0004962996
0.0004961061
0.0004963713
0.0004963498
0.0004959962
0.0004978113
0.0004978071
0.0004978028
0.0004977987
0.0004977945
0.0004977904
0.0004977863
0.0004977822
0.0004977781
0.000497774
0.0004977573
0.0004975991
0.0004972585
0.000496994
0.000496921
0.0004967778
0.0004965776
0.0004967661
0.0004966745
0.0004965078
0.0004964522
0.0004960499
0.0004961033
0.0004959742
0.0004962023
0.0004978139
0.0004978097
0.0004978055
0.0004978012
0.0004977971
0.0004977929
0.0004977888
0.0004977846
0.0004977806
0.0004977765
0.0004977623
0.0004976358
0.0004972688
0.0004970046
0.0004969145
0.0004966499
0.0004966935
0.000496487
0.0004967488
0.000496568
0.0004962931
0.0004962633
0.0004961947
0.000496142
0.0004960461
0.0004978166
0.0004978123
0.0004978081
0.0004978039
0.0004977996
0.0004977955
0.0004977913
0.0004977872
0.000497783
0.000497779
0.0004977676
0.0004976376
0.0004972951
0.0004970135
0.0004969232
0.0004967563
0.0004970032
0.0004965456
0.0004965205
0.0004966418
0.0004966058
0.000496199
0.0004962183
0.0004963356
0.0004962173
0.000497815
0.0004978108
0.0004978065
0.0004978023
0.000497798
0.0004977939
0.0004977897
0.0004977856
0.0004977814
0.0004977729
0.000497635
0.0004972944
0.0004970187
0.0004969466
0.0004967061
0.0004969299
0.0004967672
0.0004966464
0.0004966061
0.0004965144
0.0004962133
0.000496112
0.0004961647
0.0004959501
0.0004978134
0.0004978092
0.0004978049
0.0004978007
0.0004977964
0.0004977922
0.0004977881
0.0004977839
0.0004977743
0.0004976462
0.0004972967
0.0004970223
0.0004969544
0.0004964865
0.0004965811
0.0004966859
0.0004967975
0.0004967876
0.0004965684
0.0004964884
0.0004961054
0.0004960486
0.0004962173
0.0004978119
0.0004978076
0.0004978033
0.0004977991
0.0004977948
0.0004977906
0.0004977865
0.000497778
0.0004976558
0.0004973091
0.0004970218
0.0004969597
0.0004969848
0.0004965053
0.0004969909
0.0004966234
0.0004966196
0.0004963886
0.0004962989
0.0004962807
0.0004960696
0.0004959768
0.0004978103
0.000497806
0.0004978017
0.0004977975
0.0004977932
0.000497789
0.0004977797
0.0004976688
0.0004973408
0.0004970206
0.0004969595
0.0004966334
0.0004965236
0.0004963948
0.0004965796
0.0004965407
0.0004965579
0.0004963375
0.000496152
0.0004961134
0.0004959734
0.0004978087
0.0004978044
0.0004978001
0.0004977958
0.0004977916
0.0004977804
0.0004976577
0.0004973417
0.0004970253
0.0004969392
0.0004967041
0.0004966025
0.0004969214
0.0004967799
0.0004965585
0.0004965116
0.0004961698
0.000496343
0.0004961709
0.0004960057
0.0004978072
0.0004978028
0.0004977985
0.0004977942
0.0004977798
0.0004976342
0.0004972849
0.0004970141
0.0004969622
0.000496774
0.0004968539
0.0004966306
0.000496622
0.0004966082
0.0004963293
0.0004963164
0.0004962862
0.0004961611
0.0004962988
0.0004978056
0.0004978012
0.0004977969
0.0004977789
0.0004976051
0.0004972531
0.0004970152
0.0004969646
0.0004966534
0.0004966922
0.0004966745
0.0004966645
0.0004969465
0.0004965948
0.0004963515
0.0004960829
0.0004960883
0.0004960656
0.0004977466
0.0004976047
0.0004972488
0.0004969853
0.0004969218
0.000496585
0.0004962282
0.0004969515
0.0004964583
0.0004966615
0.0004964757
0.0004963175
0.0004961014
0.0004960139
0.0004960106
0.0004977426
0.0004975619
0.0004971856
0.000496982
0.0004969221
0.0004967639
0.0004968276
0.0004966606
0.0004966026
0.0004964461
0.000496574
0.0004962436
0.0004961576
0.0004960274
0.0004960245
0.0004977388
0.0004975203
0.0004971207
0.0004969812
0.0004969669
0.0004967099
0.0004966438
0.0004966091
0.0004965825
0.000496484
0.0004964672
0.0004963437
0.0004961641
0.000496142
0.0004959869
0.0004975041
0.0004971064
0.0004969504
0.0004969519
0.0004968688
0.000496805
0.0004965815
0.0004967377
0.0004966817
0.000496424
0.0004962716
0.0004961239
0.0004962633
0.0004961211
0.0004971009
0.0004969467
0.0004969364
0.0004968475
0.0004968238
0.0004964306
0.0004967033
0.0004966652
0.0004967098
0.0004964245
0.0004961677
0.0004961039
0.0004960511
0.0004976905
0.000497474
0.0004970752
0.0004969162
0.0004969008
0.0004967375
0.0004967116
0.0004967289
0.0004967361
0.0004965352
0.0004963845
0.0004963682
0.0004963128
0.0004961122
0.0004959947
0.0004976998
0.000497476
0.0004970911
0.0004969474
0.000496921
0.0004968296
0.0004966973
0.0004966707
0.0004965665
0.0004966386
0.0004964231
0.0004963848
0.0004962079
0.0004962832
0.0004960977
0.0004977145
0.0004975006
0.0004971278
0.0004969614
0.0004969343
0.000496677
0.0004965681
0.0004967273
0.0004966728
0.0004966112
0.0004964603
0.0004962811
0.000496087
0.0004959935
0.0004959623
0.0004977092
0.0004975551
0.0004972155
0.000496958
0.0004969002
0.0004966617
0.000496712
0.0004967719
0.0004965638
0.0004966994
0.0004964328
0.0004961871
0.0004963895
0.0004959882
0.0004959793
0.0004977181
0.0004975958
0.000497248
0.0004969676
0.0004968765
0.0004966451
0.0004965006
0.0004966327
0.0004966258
0.000496403
0.000496406
0.0004961354
0.0004960155
0.0004963094
0.0004963121
0.0004978139
0.0004978097
0.0004978055
0.0004978012
0.0004977971
0.0004977929
0.0004977888
0.0004977846
0.0004977806
0.0004977765
0.0004977584
0.0004976084
0.0004972421
0.0004969968
0.0004969285
0.0004967294
0.0004967503
0.0004965316
0.0004967256
0.0004966503
0.0004963201
0.0004962886
0.0004959797
0.0004960391
0.0004959406
0.0004978166
0.0004978123
0.0004978081
0.0004978039
0.0004977996
0.0004977955
0.0004977913
0.0004977872
0.000497783
0.000497779
0.0004977647
0.0004976155
0.000497298
0.0004970077
0.0004969277
0.0004968445
0.0004966049
0.0004966574
0.0004964975
0.000496732
0.0004964073
0.0004961431
0.0004961716
0.0004961317
0.0004961077
0.000497815
0.0004978108
0.0004978065
0.0004978023
0.000497798
0.0004977939
0.0004977897
0.0004977855
0.0004977814
0.0004977709
0.0004976449
0.0004973014
0.000497005
0.0004969296
0.0004967123
0.0004967245
0.0004969494
0.0004965805
0.0004965096
0.0004965092
0.0004965121
0.0004961044
0.0004961616
0.0004962996
0.0004978134
0.0004978092
0.0004978049
0.0004978007
0.0004977964
0.0004977922
0.0004977881
0.0004977839
0.0004977745
0.0004976342
0.0004972973
0.0004970111
0.000496959
0.0004967014
0.0004966778
0.0004968965
0.0004967465
0.0004965707
0.0004964574
0.0004963608
0.0004961373
0.0004960481
0.0004961302
0.0004978119
0.0004978076
0.0004978033
0.0004977991
0.0004977948
0.0004977906
0.0004977865
0.0004977762
0.000497645
0.0004973081
0.0004970241
0.0004969566
0.0004966222
0.0004963922
0.0004965925
0.0004966508
0.0004966814
0.0004966009
0.0004964192
0.0004963922
0.0004960425
0.0004960149
0.0004978103
0.000497806
0.0004978017
0.0004977975
0.0004977932
0.000497789
0.0004977798
0.0004976534
0.0004973209
0.0004970246
0.00049696
0.0004968542
0.0004970091
0.0004964809
0.0004969086
0.0004965895
0.000496446
0.0004962415
0.0004962146
0.0004962142
0.0004960343
0.0004978087
0.0004978044
0.0004978001
0.0004977959
0.0004977916
0.0004977816
0.0004976657
0.0004973401
0.0004970153
0.0004969558
0.0004966907
0.0004965812
0.0004965208
0.0004963977
0.000496489
0.0004963547
0.0004964518
0.000496242
0.0004960979
0.0004960809
0.0004978072
0.0004978028
0.0004977985
0.0004977942
0.0004977825
0.0004976579
0.0004973211
0.0004970191
0.0004969548
0.0004965405
0.0004966445
0.0004965747
0.0004968153
0.0004967339
0.0004963759
0.0004963832
0.0004960918
0.0004962764
0.000496136
0.0004978056
0.0004978012
0.0004977969
0.0004977823
0.0004976339
0.0004972868
0.0004970206
0.000496944
0.0004968227
0.0004967471
0.0004968244
0.0004966076
0.0004966361
0.0004965148
0.0004961955
0.0004962222
0.0004962163
0.0004961252
0.000497804
0.0004977996
0.0004977807
0.0004976158
0.0004972452
0.00049702
0.0004969552
0.0004966857
0.0004965961
0.0004966504
0.0004966489
0.0004966577
0.000496796
0.0004964295
0.0004962504
0.000496021
0.0004960562
0.0004977432
0.0004975955
0.0004972671
0.0004969885
0.0004969122
0.0004966386
0.0004965554
0.000496165
0.0004968486
0.0004964722
0.0004965749
0.0004963123
0.0004962247
0.0004960345
0.0004959801
0.0004977353
0.0004975695
0.0004971938
0.0004969896
0.0004969304
0.0004967548
0.000496716
0.0004967863
0.0004965879
0.0004965621
0.0004962957
0.0004964026
0.0004961461
0.0004960908
0.0004959932
0.000497528
0.0004971269
0.0004969754
0.0004969787
0.0004967714
0.0004966661
0.000496598
0.0004966305
0.0004965449
0.0004962987
0.0004962884
0.0004962504
0.0004960951
0.0004961046
0.0004971062
0.0004969627
0.0004969516
0.0004968324
0.0004968219
0.0004967357
0.000496608
0.000496663
0.0004965016
0.0004962836
0.0004961697
0.0004960572
0.0004962262
0.0004969519
0.0004969288
0.0004968162
0.0004967868
0.0004967815
0.0004964801
0.0004966783
0.0004964879
0.000496568
0.000496325
0.0004961008
0.0004960645
0.000497696
0.0004974658
0.0004970809
0.0004969291
0.0004969105
0.0004967965
0.0004967134
0.0004966079
0.0004967016
0.0004966656
0.0004964051
0.000496221
0.0004962667
0.0004962507
0.0004960742
0.0004977022
0.0004974766
0.0004970856
0.0004969536
0.0004969332
0.0004967655
0.0004968285
0.0004966311
0.0004966304
0.0004965143
0.0004964691
0.0004962582
0.0004962877
0.0004961388
0.0004962467
0.0004977145
0.0004974986
0.000497116
0.000496953
0.0004969344
0.000496769
0.000496623
0.0004965468
0.0004966839
0.0004966208
0.0004964187
0.0004962953
0.0004961717
0.0004960216
0.0004959597
0.000497709
0.0004975627
0.0004972007
0.0004969608
0.0004969085
0.0004966457
0.0004966024
0.0004966557
0.0004966367
0.0004965279
0.0004965184
0.0004962682
0.0004960842
0.0004963219
0.0004959547
0.0004977232
0.0004976062
0.000497265
0.0004969713
0.0004969086
0.0004967841
0.000496601
0.0004964844
0.0004965912
0.0004965768
0.0004962663
0.0004962481
0.0004960446
0.0004959543
0.000496277
0.0004978166
0.0004978123
0.0004978081
0.0004978039
0.0004977996
0.0004977955
0.0004977913
0.0004977872
0.000497783
0.000497779
0.0004977606
0.000497604
0.0004972543
0.0004969906
0.0004969284
0.0004969047
0.0004967041
0.0004967043
0.0004965508
0.0004966893
0.0004964901
0.0004961823
0.000496192
0.0004959298
0.0004960043
0.000497815
0.0004978107
0.0004978065
0.0004978023
0.000497798
0.0004977939
0.0004977897
0.0004977855
0.0004977814
0.0004977679
0.0004976192
0.000497266
0.0004970019
0.0004969484
0.0004967012
0.0004968642
0.0004965617
0.0004966453
0.0004964278
0.0004965863
0.0004962499
0.0004960532
0.000496107
0.0004960977
0.0004978134
0.0004978092
0.0004978049
0.0004978007
0.0004977964
0.0004977922
0.0004977881
0.0004977839
0.0004977724
0.0004976472
0.0004973076
0.0004970138
0.0004969469
0.000496694
0.0004966961
0.0004966955
0.0004968184
0.0004965509
0.000496331
0.0004963527
0.0004964158
0.0004960379
0.00049613
0.0004978119
0.0004978076
0.0004978033
0.0004977991
0.0004977948
0.0004977906
0.0004977865
0.0004977769
0.0004976369
0.0004972949
0.0004970251
0.0004969435
0.0004966332
0.0004966752
0.0004966543
0.0004967837
0.0004966578
0.0004964197
0.000496315
0.0004962666
0.0004960816
0.0004960134
0.0004978103
0.000497806
0.0004978017
0.0004977975
0.0004977932
0.000497789
0.000497779
0.000497651
0.0004973045
0.0004970209
0.0004969576
0.0004967603
0.0004965738
0.0004963138
0.0004966317
0.0004966094
0.0004965934
0.0004964423
0.0004963225
0.0004963287
0.0004960084
0.0004978087
0.0004978044
0.0004978001
0.0004977959
0.0004977916
0.000497782
0.0004976487
0.0004973188
0.0004970204
0.0004969436
0.0004968057
0.0004968234
0.0004969883
0.0004964737
0.0004968222
0.0004964432
0.000496293
0.000496151
0.000496154
0.0004961782
0.0004978072
0.0004978028
0.0004977985
0.0004977942
0.0004977853
0.0004976594
0.0004973328
0.000497019
0.0004969374
0.0004965653
0.0004966408
0.0004965866
0.0004965321
0.0004963963
0.0004963134
0.0004962056
0.0004963599
0.0004961756
0.0004960666
0.0004978056
0.0004978012
0.0004977969
0.0004977855
0.0004976777
0.0004973198
0.0004970211
0.0004969295
0.0004966203
0.0004964371
0.0004966278
0.0004965572
0.0004967278
0.00049658
0.0004962225
0.0004962853
0.0004960342
0.0004962403
0.000497804
0.0004977996
0.0004977853
0.0004976388
0.0004972798
0.0004970243
0.0004969563
0.0004968549
0.0004967923
0.0004966919
0.0004967176
0.000496552
0.0004964693
0.0004963915
0.0004961079
0.0004961569
0.0004961792
0.0004978024
0.0004977829
0.0004976044
0.0004972569
0.0004970194
0.0004969695
0.0004966879
0.0004966621
0.0004966012
0.00049662
0.0004965903
0.0004964875
0.0004966256
0.0004963314
0.0004961811
0.000495988
0.0004977465
0.0004976103
0.000497245
0.0004969931
0.0004969489
0.00049671
0.0004965699
0.0004965788
0.0004961991
0.0004968159
0.0004963093
0.0004964697
0.0004962162
0.0004961631
0.0004959982
0.0004975825
0.0004972052
0.0004969888
0.0004969639
0.0004967818
0.0004967586
0.0004966856
0.0004966364
0.0004965498
0.0004963848
0.0004961491
0.0004962993
0.0004960802
0.0004960548
0.0004971415
0.0004969843
0.0004969681
0.0004966205
0.000496742
0.0004966457
0.0004965768
0.0004965263
0.0004963744
0.0004961441
0.0004961814
0.0004961873
0.0004960578
0.0004969586
0.0004969513
0.000496776
0.0004968062
0.0004967791
0.0004966657
0.0004965847
0.0004964947
0.0004963498
0.0004961866
0.0004960981
0.0004960215
0.0004969362
0.0004968864
0.0004968111
0.000496705
0.0004967567
0.0004964812
0.0004965278
0.0004963316
0.0004964687
0.0004962538
0.0004960651
0.0004976992
0.000497472
0.0004970712
0.0004969358
0.0004969171
0.0004967104
0.0004967878
0.0004966725
0.0004965858
0.0004966424
0.0004964764
0.0004962679
0.0004961184
0.0004961972
0.0004962173
0.000497702
0.0004974786
0.0004970843
0.000496945
0.0004969362
0.0004966614
0.0004967435
0.0004967973
0.0004966011
0.0004965867
0.0004963576
0.0004962972
0.0004961613
0.000496222
0.0004961009
0.0004977145
0.0004974971
0.0004971112
0.0004969612
0.0004969303
0.0004966728
0.0004967358
0.0004965657
0.0004965398
0.0004966428
0.0004964614
0.0004962476
0.0004961895
0.0004960981
0.0004959851
0.0004977169
0.0004975705
0.0004972154
0.0004969659
0.0004969199
0.0004965665
0.0004965965
0.000496536
0.0004966068
0.0004965254
0.0004963521
0.000496344
0.0004961698
0.0004960137
0.0004962853
0.0004977301
0.0004975901
0.000497283
0.0004969612
0.0004969238
0.0004967244
0.0004967898
0.0004965709
0.0004964816
0.0004965582
0.0004963969
0.0004961223
0.0004961619
0.0004959831
0.0004959233
0.000497815
0.0004978107
0.0004978065
0.0004978023
0.000497798
0.0004977938
0.0004977897
0.0004977855
0.0004977814
0.0004977653
0.0004975907
0.000497253
0.0004969915
0.0004969484
0.0004968144
0.0004969114
0.0004966697
0.0004966809
0.0004965427
0.0004965342
0.0004963277
0.0004961106
0.0004961261
0.0004959014
0.0004978134
0.0004978092
0.0004978049
0.0004978007
0.0004977964
0.0004977922
0.0004977881
0.0004977839
0.0004977691
0.0004976271
0.0004972712
0.0004970094
0.0004969171
0.0004965774
0.0004966501
0.0004968514
0.0004965436
0.0004966218
0.0004962493
0.0004964195
0.0004961568
0.0004959899
0.0004960719
0.0004978119
0.0004978076
0.0004978033
0.0004977991
0.0004977948
0.0004977906
0.0004977865
0.0004977744
0.0004976357
0.0004973118
0.0004970092
0.0004969337
0.0004967246
0.0004966815
0.0004967073
0.0004966987
0.0004967196
0.0004963791
0.0004961835
0.0004962592
0.0004963496
0.000496002
0.0004978103
0.000497806
0.0004978017
0.0004977975
0.0004977932
0.000497789
0.0004977779
0.0004976347
0.0004972896
0.000497038
0.0004969405
0.0004968765
0.0004965965
0.0004966486
0.000496615
0.0004966848
0.0004964996
0.0004962811
0.0004962268
0.0004962007
0.0004960491
0.0004978087
0.0004978044
0.0004978001
0.0004977959
0.0004977916
0.0004977816
0.0004976448
0.0004973182
0.0004970214
0.0004969579
0.0004966028
0.0004967223
0.000496585
0.0004963237
0.0004965269
0.0004964561
0.0004964884
0.0004963544
0.0004962564
0.0004962956
0.0004978072
0.0004978028
0.0004977985
0.0004977942
0.0004977858
0.0004976565
0.0004973111
0.0004970305
0.0004969565
0.0004969332
0.0004967705
0.0004967441
0.0004968934
0.0004964244
0.0004966934
0.0004962871
0.0004962137
0.0004960867
0.0004961208
0.0004978056
0.0004978012
0.0004977969
0.0004977874
0.0004976926
0.0004973246
0.0004970255
0.0004969479
0.0004969484
0.0004965085
0.0004966012
0.0004966604
0.0004964644
0.0004962384
0.0004961843
0.0004961274
0.0004962968
0.0004961395
0.000497804
0.0004977996
0.0004977881
0.0004976634
0.0004973517
0.0004970206
0.0004969437
0.000496814
0.000496567
0.0004963396
0.0004966936
0.0004965043
0.0004966343
0.000496422
0.0004961376
0.0004962224
0.0004960006
0.0004978024
0.0004977862
0.0004976299
0.00049729
0.000497018
0.0004969551
0.0004967842
0.0004968301
0.0004967158
0.0004966466
0.0004966172
0.000496385
0.0004963081
0.0004962893
0.0004960459
0.0004961213
0.0004977838
0.0004976096
0.0004972393
0.0004970164
0.0004969662
0.0004965647
0.0004966484
0.0004966348
0.0004966476
0.0004965823
0.0004964243
0.0004963271
0.0004965249
0.0004962692
0.0004961435
0.0004976073
0.000497274
0.0004969931
0.0004969298
0.0004966747
0.0004966711
0.0004965196
0.0004965529
0.0004962464
0.0004967031
0.0004961391
0.000496376
0.0004961526
0.0004961292
0.0004972304
0.0004969878
0.000496948
0.0004966591
0.0004967329
0.0004967401
0.0004967317
0.0004965176
0.0004964098
0.000496228
0.0004960551
0.0004962308
0.0004960442
0.0004969865
0.0004969703
0.0004967553
0.0004965034
0.00049667
0.0004966508
0.0004965333
0.0004963169
0.0004962004
0.0004960483
0.0004961097
0.0004961526
0.0004969611
0.0004967567
0.0004967311
0.0004967299
0.0004968001
0.0004966535
0.0004964028
0.0004963323
0.0004962561
0.0004961237
0.0004960597
0.000496592
0.0004968453
0.0004967648
0.0004966934
0.000496715
0.0004962975
0.0004963571
0.0004962284
0.0004964019
0.0004962157
0.0004976961
0.0004974735
0.0004970782
0.0004969304
0.0004969283
0.0004968208
0.0004966776
0.000496762
0.0004966216
0.0004965607
0.0004964744
0.0004963088
0.0004961686
0.0004960485
0.0004961596
0.0004977
0.000497478
0.000497084
0.0004969486
0.0004969326
0.0004966585
0.0004966132
0.0004966892
0.0004967271
0.0004965747
0.0004964209
0.0004962108
0.0004961929
0.0004960945
0.0004961865
0.0004977162
0.0004974957
0.0004971053
0.0004969679
0.0004969447
0.0004967804
0.0004966373
0.0004966783
0.0004965669
0.0004964853
0.0004964821
0.0004962996
0.0004961588
0.0004961181
0.0004960588
0.0004977194
0.0004975493
0.0004972273
0.0004969586
0.0004969267
0.0004964931
0.000496534
0.0004965482
0.0004965362
0.000496562
0.0004964398
0.0004961861
0.0004962358
0.000496107
0.0004959764
0.0004977344
0.0004975835
0.0004972513
0.0004969649
0.0004969093
0.0004966634
0.0004967034
0.0004967596
0.000496599
0.0004964265
0.0004964171
0.0004962268
0.0004960433
0.0004961027
0.0004959499
0.0004978134
0.0004978092
0.0004978049
0.0004978007
0.0004977964
0.0004977922
0.0004977881
0.0004977839
0.0004977664
0.0004976029
0.0004972283
0.0004970035
0.0004969492
0.0004966878
0.0004968248
0.0004968608
0.0004966668
0.000496636
0.0004963826
0.0004963764
0.0004962345
0.0004960546
0.0004960903
0.0004978119
0.0004978076
0.0004978033
0.0004977991
0.0004977948
0.0004977906
0.0004977865
0.0004977713
0.0004976258
0.0004972828
0.0004970138
0.0004969502
0.0004968809
0.000496538
0.0004966041
0.0004967812
0.0004965116
0.0004964644
0.0004961015
0.0004963261
0.0004960922
0.0004959558
0.0004978103
0.000497806
0.0004978017
0.0004977975
0.0004977932
0.000497789
0.0004977767
0.0004976316
0.000497293
0.0004970215
0.000496942
0.0004967926
0.0004966902
0.000496705
0.0004967053
0.000496658
0.0004966185
0.0004962342
0.0004961002
0.0004961944
0.0004963137
0.0004978087
0.0004978044
0.0004978001
0.0004977958
0.0004977916
0.0004977818
0.0004976483
0.0004972863
0.0004970198
0.0004969728
0.0004967826
0.0004968708
0.00049659
0.0004966077
0.0004965385
0.000496583
0.0004963688
0.0004961958
0.0004961657
0.0004961647
0.0004978072
0.0004978028
0.0004977985
0.0004977942
0.0004977851
0.0004976551
0.000497306
0.0004970371
0.000496961
0.000496727
0.0004965292
0.0004966954
0.000496601
0.000496338
0.0004963346
0.0004963034
0.0004963928
0.0004962933
0.0004962205
0.0004978056
0.0004978012
0.0004977969
0.0004977885
0.0004976855
0.0004973194
0.0004970352
0.0004969441
0.0004967512
0.0004969386
0.0004966996
0.0004966942
0.0004967927
0.0004962666
0.0004965579
0.0004961921
0.0004961569
0.0004960517
0.000497804
0.0004977996
0.0004977897
0.0004976686
0.0004973796
0.0004970288
0.000496956
0.0004967031
0.0004969469
0.0004964977
0.0004966023
0.0004966215
0.0004963044
0.0004960815
0.0004960999
0.0004960714
0.0004962627
0.0004978024
0.0004977916
0.0004976615
0.0004973258
0.0004970248
0.0004969623
0.0004968653
0.0004967955
0.0004965527
0.0004963144
0.0004966468
0.0004963514
0.0004965212
0.000496328
0.0004960784
0.0004961883
0.0004977892
0.0004976358
0.0004972749
0.0004970265
0.0004969708
0.0004968213
0.0004967702
0.0004968082
0.0004966559
0.0004966061
0.0004965101
0.0004962323
0.000496224
0.0004962201
0.0004960129
0.0004976088
0.0004972431
0.0004970238
0.000496962
0.0004968391
0.0004965216
0.000496658
0.0004965737
0.0004965485
0.0004964274
0.0004962697
0.0004962413
0.0004964596
0.0004962357
0.0004972656
0.0004969952
0.0004969402
0.0004966813
0.0004966285
0.0004966294
0.0004965539
0.0004964255
0.0004961385
0.0004965527
0.0004960519
0.0004963144
0.0004961175
0.0004969751
0.0004969489
0.0004967008
0.0004966059
0.000496703
0.0004966445
0.000496684
0.0004964263
0.0004962518
0.0004961369
0.0004959906
0.0004961939
0.0004969495
0.0004967223
0.0004967275
0.0004963855
0.0004966138
0.0004965766
0.0004963619
0.0004961621
0.0004961028
0.0004959808
0.0004960709
0.0004966593
0.0004967515
0.0004967179
0.0004966823
0.000496732
0.0004965175
0.0004962444
0.0004962335
0.0004961904
0.0004960896
0.0004965788
0.0004968149
0.0004966526
0.0004966393
0.0004965309
0.0004961283
0.0004962561
0.0004961556
0.0004963662
0.0004976953
0.0004974697
0.0004970797
0.0004969319
0.0004969098
0.0004966083
0.0004968086
0.000496643
0.0004967234
0.0004965561
0.000496391
0.0004963062
0.0004962026
0.0004961003
0.0004960109
0.0004977042
0.0004974762
0.0004970834
0.0004969404
0.0004969196
0.0004966754
0.0004966038
0.0004965627
0.0004966448
0.0004966454
0.000496421
0.0004962487
0.0004961152
0.0004961218
0.0004960575
0.000497723
0.0004975004
0.0004971046
0.0004969605
0.0004969309
0.0004966741
0.0004967516
0.000496596
0.000496647
0.0004965449
0.0004963125
0.0004963162
0.0004961991
0.0004960949
0.00049608
0.0004977277
0.0004975642
0.0004971879
0.000496955
0.0004968963
0.0004965845
0.0004964127
0.0004965266
0.0004964953
0.0004965168
0.0004964016
0.0004963355
0.0004960918
0.0004961603
0.0004960739
0.0004977381
0.0004975883
0.0004972346
0.00049697
0.0004968965
0.0004966879
0.0004966261
0.0004966533
0.0004966778
0.0004965739
0.0004962689
0.0004962631
0.0004961267
0.0004959938
0.0004960695
0.0004978118
0.0004978076
0.0004978033
0.0004977991
0.0004977948
0.0004977906
0.0004977865
0.0004977682
0.0004976038
0.0004972417
0.0004970027
0.0004969267
0.0004966542
0.0004966463
0.0004968043
0.0004967863
0.0004966464
0.0004964639
0.0004962249
0.0004962794
0.0004961717
0.0004960205
0.0004978103
0.000497806
0.0004978017
0.0004977975
0.0004977932
0.000497789
0.0004977735
0.0004976253
0.0004972782
0.0004970186
0.0004969424
0.0004967512
0.0004969093
0.000496552
0.0004966086
0.000496711
0.0004963691
0.0004963047
0.0004960091
0.0004962657
0.0004960562
0.0004978087
0.0004978044
0.0004978001
0.0004977958
0.0004977916
0.0004977799
0.0004976403
0.000497286
0.0004970242
0.0004969439
0.0004966278
0.0004967519
0.0004966541
0.0004967307
0.0004966311
0.0004964904
0.0004965099
0.000496149
0.0004960408
0.0004961584
0.0004978072
0.0004978028
0.0004977985
0.0004977942
0.0004977842
0.0004976452
0.0004973111
0.0004970235
0.0004969672
0.0004963547
0.000496791
0.0004968314
0.0004965802
0.0004965414
0.0004963903
0.0004964657
0.0004962812
0.000496138
0.000496132
0.0004978056
0.0004978012
0.0004977969
0.0004977867
0.0004976643
0.0004973189
0.0004970341
0.0004969544
0.0004967562
0.000496689
0.0004964782
0.0004967023
0.0004964995
0.0004961973
0.0004962137
0.0004962105
0.0004963298
0.0004962591
0.000497804
0.0004977996
0.0004977916
0.0004976663
0.0004973609
0.0004970296
0.0004969651
0.0004969761
0.0004967144
0.0004968917
0.0004966613
0.0004966684
0.0004966828
0.0004961186
0.0004964616
0.0004961267
0.0004961234
0.0004978024
0.0004977901
0.0004976685
0.0004973316
0.0004970438
0.0004969676
0.0004965327
0.0004966706
0.0004968985
0.0004965163
0.0004965639
0.0004964187
0.0004961764
0.0004959996
0.0004960384
0.0004960399
0.000497794
0.0004976759
0.0004973204
0.0004970291
0.000496915
0.0004966253
0.000496848
0.0004967762
0.0004965826
0.0004963004
0.0004964414
0.0004962113
0.000496427
0.0004962645
0.0004960463
0.000497641
0.0004972867
0.0004970345
0.0004969694
0.0004968
0.0004967778
0.0004967279
0.0004968235
0.0004966139
0.0004964549
0.0004963979
0.0004961381
0.0004961657
0.0004961827
0.0004972428
0.000497019
0.0004969767
0.0004968493
0.0004967891
0.0004965207
0.000496711
0.0004964988
0.0004963419
0.000496271
0.0004961728
0.0004961819
0.0004964248
0.0004969956
0.0004969266
0.0004968335
0.0004966312
0.0004965799
0.0004966258
0.0004965341
0.0004962682
0.0004960039
0.0004964519
0.0004959933
0.0004962823
0.000496937
0.0004967886
0.0004966851
0.000496547
0.0004967548
0.0004965397
0.0004964703
0.0004963185
0.0004961499
0.0004960719
0.0004959561
0.0004968973
0.0004966558
0.0004966767
0.0004963857
0.0004965865
0.0004963933
0.0004961996
0.0004960627
0.0004960374
0.0004959447
0.0004966104
0.000496722
0.0004967365
0.0004966729
0.0004965289
0.0004963451
0.0004961559
0.0004961689
0.0004961555
0.0004965723
0.0004968282
0.0004965665
0.0004964532
0.0004963438
0.0004960225
0.0004961879
0.0004961167
0.0004976977
0.0004974684
0.0004970761
0.0004969303
0.0004969089
0.0004968925
0.0004965669
0.0004967551
0.0004966208
0.0004966628
0.0004964156
0.0004962274
0.0004962035
0.0004961335
0.0004960633
0.0004977119
0.0004974799
0.0004970798
0.0004969458
0.0004969314
0.0004969095
0.0004966409
0.0004965425
0.0004965131
0.000496617
0.0004965091
0.0004962542
0.0004961438
0.0004960457
0.0004960835
0.0004977244
0.000497511
0.0004971106
0.0004969632
0.0004969474
0.0004968605
0.0004966356
0.0004966938
0.0004965726
0.000496604
0.0004963724
0.0004961556
0.0004962136
0.0004961307
0.0004960584
0.0004977214
0.0004975528
0.0004972114
0.0004969608
0.0004968987
0.0004967886
0.0004965366
0.0004963546
0.0004965253
0.0004964154
0.0004963455
0.0004962365
0.0004962365
0.0004960269
0.0004961194
0.0004977315
0.0004976006
0.0004972435
0.0004969755
0.0004969231
0.0004966812
0.0004966396
0.0004965875
0.0004965921
0.0004966125
0.0004963842
0.0004961254
0.0004961648
0.0004960611
0.0004959666
0.0004978103
0.000497806
0.0004978017
0.0004977974
0.0004977932
0.000497789
0.0004977702
0.0004976107
0.0004972434
0.0004969999
0.0004969522
0.0004968655
0.0004966122
0.0004965996
0.0004967263
0.0004967438
0.0004964774
0.0004963005
0.000496132
0.000496212
0.0004961366
0.0004978087
0.0004978044
0.0004978001
0.0004977958
0.0004977916
0.0004977765
0.0004976246
0.0004972762
0.0004970142
0.0004969484
0.0004966707
0.0004967377
0.0004969158
0.0004965604
0.0004965813
0.0004965749
0.0004962257
0.0004962135
0.0004959437
0.0004962329
0.0004978072
0.0004978028
0.0004977985
0.0004977942
0.0004977818
0.0004976426
0.0004972986
0.0004970259
0.0004969489
0.0004966465
0.0004965969
0.0004967071
0.0004966305
0.0004966685
0.0004964779
0.0004963433
0.0004964187
0.0004960877
0.000496008
0.0004978056
0.0004978012
0.0004977969
0.0004977868
0.0004976607
0.000497304
0.0004970253
0.0004969731
0.0004966805
0.000496242
0.0004967915
0.0004967848
0.0004965094
0.0004963971
0.0004962534
0.000496365
0.0004962198
0.0004961067
0.000497804
0.0004977996
0.0004977881
0.000497673
0.0004973284
0.0004970319
0.0004969519
0.0004966695
0.0004967268
0.0004966392
0.0004965066
0.0004966536
0.0004963311
0.0004960492
0.0004961335
0.0004961459
0.0004962959
0.0004978024
0.0004977942
0.0004976703
0.0004973275
0.0004970344
0.0004969645
0.0004966789
0.000496989
0.0004966826
0.0004968161
0.0004966438
0.0004965201
0.0004965689
0.0004960256
0.000496399
0.0004960908
0.0004977939
0.000497707
0.0004973306
0.000497031
0.0004969322
0.0004966806
0.000496497
0.0004966527
0.0004968214
0.0004964598
0.0004963981
0.0004962636
0.0004960951
0.0004959406
0.0004960057
0.0004976826
0.0004973478
0.0004970289
0.00049696
0.0004971887
0.0004965806
0.0004968284
0.0004967781
0.0004965412
0.0004962071
0.000496293
0.0004961246
0.0004963655
0.0004962297
0.0004972851
0.0004970421
0.0004969797
0.0004966985
0.0004967687
0.0004967304
0.000496651
0.0004967676
0.0004964539
0.0004962997
0.0004963058
0.0004960723
0.0004961327
0.0004970254
0.0004969804
0.0004966762
0.0004968485
0.0004967252
0.0004965098
0.0004966584
0.0004963603
0.0004962068
0.0004961771
0.0004961059
0.0004961491
0.0004969237
0.0004966456
0.0004967812
0.0004966033
0.0004965555
0.0004965901
0.0004963507
0.0004961535
0.0004959301
0.0004963865
0.0004959603
0.0004969333
0.0004967823
0.0004966652
0.0004965218
0.0004967107
0.0004964009
0.0004963023
0.0004962199
0.0004960772
0.0004960357
0.0004969124
0.000496632
0.000496642
0.0004963778
0.000496428
0.0004962463
0.0004961026
0.0004959937
0.000496002
0.0004966163
0.0004966255
0.0004966404
0.0004965232
0.0004963683
0.0004962418
0.0004960912
0.0004961343
0.0004964741
0.0004967454
0.0004964647
0.0004962904
0.0004962327
0.0004959506
0.0004961507
0.0004977069
0.0004974708
0.0004970742
0.0004969216
0.0004969057
0.0004967303
0.0004969004
0.0004965571
0.0004966761
0.0004965587
0.0004965153
0.0004962756
0.0004961309
0.0004961386
0.0004960982
0.0004977139
0.0004974894
0.0004970835
0.0004969355
0.0004969322
0.0004967531
0.0004969167
0.0004966038
0.0004965303
0.0004964481
0.0004964755
0.0004963715
0.0004961484
0.0004960746
0.0004960085
0.0004977286
0.0004975055
0.0004971261
0.0004969647
0.0004969487
0.0004967431
0.0004968677
0.000496596
0.000496657
0.0004965334
0.0004964337
0.0004962015
0.0004960596
0.0004961433
0.0004960938
0.000497722
0.0004975933
0.0004971876
0.0004969652
0.0004969338
0.0004967466
0.0004967983
0.0004965108
0.0004963772
0.0004964621
0.0004962939
0.0004961831
0.0004961321
0.0004961699
0.0004959912
0.000497736
0.0004976136
0.0004972568
0.0004969919
0.0004969194
0.0004965523
0.0004966201
0.0004965667
0.0004965673
0.0004965407
0.0004965026
0.0004962224
0.0004960312
0.0004960972
0.0004960277
0.0004978087
0.0004978044
0.0004978001
0.0004977958
0.0004977916
0.0004977742
0.0004976064
0.0004972541
0.0004970055
0.0004969612
0.0004967683
0.0004968881
0.0004965718
0.0004965755
0.0004966562
0.0004966185
0.0004963136
0.0004962044
0.0004960686
0.0004961755
0.0004978072
0.0004978028
0.0004977985
0.0004977942
0.00049778
0.0004976307
0.0004972753
0.0004970201
0.0004969576
0.0004966544
0.000496668
0.0004967223
0.0004968532
0.000496477
0.0004964298
0.0004964319
0.0004961341
0.0004961513
0.0004959085
0.0004978056
0.0004978012
0.0004977969
0.000497785
0.0004976613
0.0004972982
0.0004970214
0.000496971
0.0004967713
0.0004965941
0.0004966035
0.000496708
0.0004965766
0.0004964805
0.0004963516
0.000496262
0.0004963525
0.0004960538
0.000497804
0.0004977996
0.0004977906
0.0004976705
0.0004973227
0.0004970334
0.0004969509
0.0004968093
0.0004966374
0.0004961962
0.0004967102
0.0004967289
0.0004963484
0.0004962602
0.0004961597
0.0004962975
0.0004961865
0.0004978024
0.0004977934
0.000497691
0.0004973444
0.0004970337
0.0004969672
0.0004969625
0.0004966084
0.0004966773
0.0004966074
0.0004965052
0.0004964859
0.0004962148
0.0004959719
0.0004960727
0.0004961107
0.0004977955
0.0004976834
0.0004973316
0.0004970347
0.0004969474
0.0004969228
0.0004966391
0.0004969401
0.0004966785
0.0004967575
0.0004965032
0.0004963608
0.0004964705
0.0004959586
0.0004963655
0.0004977095
0.0004974003
0.0004970336
0.0004969686
0.0004964547
0.0004966057
0.0004965357
0.0004966383
0.0004967376
0.0004962917
0.0004962454
0.000496182
0.0004960354
0.0004959061
0.0004973504
0.0004970476
0.0004969651
0.0004967974
0.0004972522
0.0004965547
0.000496833
0.000496734
0.0004963704
0.0004960999
0.0004962122
0.0004960629
0.0004963321
0.0004970286
0.0004969647
0.0004964515
0.0004966673
0.0004966736
0.0004967301
0.0004965804
0.0004965838
0.0004962869
0.0004962034
0.0004962406
0.0004960363
0.0004969873
0.0004967426
0.000496607
0.0004968213
0.0004967223
0.0004964343
0.0004964646
0.0004962244
0.0004961196
0.000496112
0.0004960698
0.0004969849
0.0004966071
0.0004967154
0.0004966336
0.0004965039
0.0004964244
0.0004961947
0.0004960641
0.0004958746
0.0004963518
0.0004969167
0.0004967368
0.0004966106
0.0004964835
0.0004964996
0.0004962572
0.0004962036
0.0004961499
0.0004960373
0.0004968723
0.0004966818
0.000496608
0.0004962286
0.0004962563
0.0004961491
0.0004960343
0.0004959573
0.0004966304
0.0004965323
0.0004964367
0.0004963447
0.0004962677
0.0004961715
0.0004960536
0.0004963769
0.0004965792
0.0004963317
0.0004961899
0.0004961601
0.0004959127
0.0004977084
0.0004974792
0.0004970766
0.0004969221
0.0004969067
0.0004967485
0.0004967009
0.0004968666
0.0004965579
0.0004966063
0.0004963888
0.0004963675
0.0004961789
0.0004960648
0.0004961049
0.000497718
0.0004974903
0.0004970934
0.0004969386
0.0004969334
0.0004966187
0.0004967306
0.00049687
0.0004965804
0.0004965054
0.0004963238
0.0004963136
0.00049627
0.0004960768
0.0004960384
0.0004977202
0.0004975272
0.0004971152
0.0004969758
0.0004969404
0.0004966828
0.0004967123
0.0004968422
0.0004965713
0.0004966119
0.0004963673
0.000496267
0.0004960955
0.0004959918
0.0004961057
0.0004977237
0.0004975865
0.0004972609
0.0004969764
0.0004969127
0.0004967959
0.000496738
0.0004967769
0.0004965179
0.0004963699
0.0004962577
0.0004961794
0.0004960891
0.0004960588
0.0004961339
0.0004977341
0.0004976123
0.0004972851
0.0004969801
0.0004969212
0.0004967921
0.0004965134
0.0004965559
0.0004965399
0.0004965201
0.0004964009
0.0004963728
0.000496145
0.0004959639
0.0004960608
0.0004978072
0.0004978028
0.0004977985
0.0004977942
0.0004977772
0.0004976174
0.0004972481
0.0004970071
0.0004969542
0.0004967986
0.0004967499
0.0004968703
0.0004965471
0.000496532
0.0004965292
0.0004964724
0.0004962267
0.0004961391
0.000496035
0.0004978056
0.0004978012
0.0004977969
0.0004977819
0.0004976426
0.0004972806
0.0004970231
0.0004969575
0.0004966622
0.0004965949
0.0004966854
0.0004966686
0.0004967672
0.0004963077
0.0004962858
0.0004963375
0.0004960686
0.0004961167
0.000497804
0.0004977996
0.0004977871
0.0004976616
0.0004973294
0.0004970263
0.0004969581
0.0004965493
0.0004967761
0.0004965945
0.0004965921
0.0004966773
0.0004964171
0.0004963282
0.0004962686
0.000496204
0.0004963165
0.0004978024
0.0004977931
0.000497675
0.0004973368
0.0004970305
0.0004969739
0.000497002
0.0004967709
0.0004966097
0.0004962624
0.0004966107
0.0004965722
0.0004962083
0.0004961705
0.0004960939
0.0004962621
0.0004977951
0.0004976741
0.0004973748
0.0004970396
0.0004969666
0.0004967701
0.0004969834
0.000496568
0.0004966394
0.000496565
0.0004963532
0.0004963424
0.0004961295
0.000495913
0.0004960407
0.0004977006
0.0004973542
0.000497036
0.0004969738
0.0004966301
0.0004968795
0.0004966046
0.0004968665
0.0004966233
0.0004966311
0.0004963457
0.0004962652
0.0004964022
0.0004959222
0.0004974012
0.0004970332
0.0004969611
0.0004966952
0.0004963916
0.0004965261
0.0004965646
0.0004965757
0.000496603
0.000496154
0.0004961536
0.0004961237
0.0004960027
0.0004970375
0.0004969511
0.0004966551
0.0004967462
0.000497207
0.0004965352
0.0004967746
0.000496574
0.0004962278
0.0004960251
0.0004961541
0.0004960292
0.0004969783
0.0004967359
0.0004963763
0.0004966471
0.0004965802
0.0004966802
0.00049645
0.0004964353
0.0004961845
0.0004961355
0.0004962055
0.0004966552
0.0004967043
0.0004965851
0.0004967625
0.0004966874
0.0004962722
0.00049631
0.0004961345
0.0004960545
0.0004960768
0.0004970163
0.0004966151
0.0004967322
0.000496596
0.000496331
0.0004962742
0.000496112
0.0004959974
0.0004958409
0.0004968445
0.0004966321
0.0004965312
0.0004963199
0.0004963416
0.0004961529
0.0004961355
0.0004961116
0.0004967242
0.0004966128
0.0004964367
0.0004960749
0.0004961572
0.0004960782
0.0004959974
0.000496514
0.0004964081
0.000496282
0.0004962371
0.000496199
0.000496133
0.0004962854
0.0004964563
0.0004962182
0.0004961218
0.000496121
0.0004977128
0.0004974811
0.0004970828
0.0004969202
0.0004969036
0.0004968141
0.0004967313
0.0004966888
0.0004967814
0.0004964841
0.0004964764
0.0004962341
0.0004962658
0.0004961132
0.0004960277
0.0004977137
0.0004974963
0.0004970941
0.0004969491
0.0004969357
0.0004967247
0.000496552
0.0004966978
0.0004967636
0.0004965276
0.0004963408
0.0004961937
0.0004962082
0.0004962006
0.0004960383
0.0004977302
0.0004975276
0.0004971449
0.0004969715
0.0004969366
0.000496805
0.0004966369
0.0004966672
0.0004967751
0.0004965141
0.0004964407
0.0004962
0.000496164
0.0004960228
0.0004959554
0.0004977368
0.0004975951
0.0004972459
0.0004969778
0.0004969467
0.0004967202
0.0004967483
0.0004966909
0.0004967131
0.0004964817
0.0004961891
0.0004960789
0.0004960874
0.0004960215
0.000496019
0.0004977396
0.0004976246
0.0004972787
0.0004969825
0.0004969382
0.0004966682
0.0004967932
0.0004965129
0.0004965782
0.0004965247
0.0004963484
0.0004962523
0.0004962746
0.0004960926
0.0004959281
0.0004978056
0.0004978012
0.0004977969
0.0004977793
0.0004976235
0.0004972624
0.0004970152
0.0004969571
0.0004967866
0.0004967694
0.0004967223
0.0004967685
0.0004965008
0.0004963693
0.0004963872
0.0004963749
0.0004961676
0.0004961034
0.000497804
0.0004977996
0.0004977847
0.0004976559
0.0004972964
0.0004970193
0.000496956
0.0004966681
0.0004966177
0.0004965734
0.000496634
0.0004965765
0.0004966256
0.000496173
0.0004961993
0.0004962738
0.0004960338
0.0004978024
0.0004977903
0.0004976621
0.0004973259
0.0004970291
0.000496967
0.0004968534
0.0004964812
0.0004967774
0.0004966402
0.0004965079
0.0004965415
0.0004962671
0.0004962417
0.0004962077
0.0004961705
0.0004977955
0.0004976815
0.0004973448
0.00049703
0.0004969681
0.0004966559
0.0004970171
0.0004966909
0.0004966006
0.0004962861
0.0004964963
0.0004964188
0.0004961165
0.000496108
0.0004960582
0.0004976845
0.0004973389
0.0004970337
0.0004969625
0.000496753
0.0004967351
0.0004969397
0.0004966137
0.0004966017
0.0004964109
0.0004962035
0.0004962553
0.0004960654
0.0004958766
0.0004973805
0.0004970448
0.0004969699
0.0004967188
0.0004966058
0.0004967769
0.0004965848
0.0004968169
0.000496444
0.0004964931
0.0004962493
0.0004961994
0.0004963655
0.0004970412
0.0004969207
0.0004968188
0.0004966661
0.0004964206
0.0004965185
0.0004964754
0.0004964196
0.0004964708
0.0004960695
0.0004960893
0.0004960903
0.0004969555
0.000496644
0.0004966278
0.000496694
0.000497074
0.000496478
0.0004965961
0.0004964329
0.0004961434
0.0004959729
0.0004961228
0.000496797
0.0004967288
0.0004963639
0.000496612
0.0004965609
0.000496518
0.0004963131
0.000496346
0.0004961148
0.0004960982
0.0004966063
0.0004966555
0.0004966435
0.0004966881
0.0004965295
0.0004961286
0.0004962183
0.0004960713
0.0004960199
0.0004970111
0.0004966626
0.0004967025
0.0004964121
0.0004961723
0.0004961871
0.0004960515
0.0004959617
0.0004967669
0.0004965434
0.000496379
0.0004961602
0.0004962559
0.0004960842
0.0004961004
0.0004966053
0.0004964051
0.0004962606
0.0004959748
0.0004960898
0.0004960406
0.0004963107
0.0004962726
0.0004961793
0.0004961638
0.0004961616
0.0004961709
0.0004963613
0.0004961401
0.0004960851
0.0004977097
0.0004974869
0.0004970851
0.0004969317
0.0004969195
0.0004968931
0.0004967887
0.0004967202
0.0004967174
0.0004966878
0.0004963003
0.0004963377
0.0004961379
0.0004961943
0.0004960784
0.0004977204
0.0004974937
0.0004971019
0.0004969507
0.0004969426
0.0004967472
0.0004966942
0.0004965017
0.0004966696
0.0004966691
0.0004963521
0.0004961761
0.0004960924
0.0004961351
0.0004961642
0.0004977349
0.0004975297
0.0004971511
0.0004969737
0.0004969509
0.0004966904
0.0004967979
0.0004966178
0.0004966319
0.0004966993
0.0004963344
0.0004962721
0.0004960968
0.0004960926
0.0004959853
0.0004977379
0.0004975765
0.0004972598
0.0004969696
0.0004969174
0.0004966073
0.0004967088
0.0004966394
0.00049664
0.0004966392
0.0004963084
0.0004960223
0.0004959824
0.00049602
0.0004959835
0.0004977385
0.0004976288
0.0004973024
0.0004969799
0.0004968964
0.000496651
0.000496598
0.0004967599
0.0004965074
0.0004965679
0.0004963725
0.0004961878
0.0004961565
0.0004962058
0.0004960628
0.000497804
0.0004977996
0.0004977822
0.0004976349
0.0004972717
0.0004970108
0.0004969686
0.0004966973
0.0004967695
0.0004967055
0.0004967008
0.0004966739
0.0004963406
0.0004962129
0.0004962897
0.0004963088
0.0004961345
0.0004978024
0.0004977877
0.0004976442
0.0004973202
0.0004970244
0.000496965
0.000496769
0.0004966115
0.0004965907
0.0004966341
0.0004965465
0.0004964278
0.0004964836
0.0004960857
0.00049614
0.0004962403
0.0004977938
0.0004976818
0.0004973242
0.0004970319
0.0004969528
0.0004967105
0.0004968392
0.0004964492
0.0004967176
0.0004965748
0.0004963557
0.0004964148
0.0004961722
0.0004961795
0.0004961733
0.0004976715
0.0004973533
0.000497041
0.0004969657
0.0004967717
0.0004966066
0.0004969627
0.0004966321
0.0004965453
0.0004961338
0.0004963735
0.0004963222
0.0004960506
0.0004960743
0.0004973549
0.0004970464
0.0004969295
0.0004967533
0.0004967138
0.0004966739
0.0004968727
0.0004966268
0.0004964507
0.0004962588
0.000496112
0.0004961923
0.0004960319
0.0004970394
0.0004969703
0.0004967775
0.0004966715
0.0004966015
0.0004967331
0.0004965445
0.0004966828
0.0004962876
0.0004963944
0.0004961848
0.0004961629
0.0004969319
0.0004970811
0.0004967717
0.0004966361
0.0004965233
0.0004965032
0.0004962856
0.0004962788
0.0004963674
0.0004960068
0.000496054
0.0004967352
0.0004965948
0.0004966234
0.0004967045
0.0004969922
0.0004963251
0.0004964495
0.0004963483
0.0004960801
0.0004959421
0.0004967679
0.0004967143
0.0004964007
0.0004965332
0.0004964575
0.0004963803
0.0004962206
0.0004962821
0.0004960771
0.0004965886
0.0004966232
0.0004965935
0.0004965233
0.000496388
0.0004960353
0.0004961537
0.0004960363
0.0004969263
0.0004966098
0.0004965146
0.0004962588
0.0004960815
0.0004961244
0.000496016
0.0004966805
0.0004964196
0.0004962383
0.0004960625
0.000496192
0.0004960479
0.0004965231
0.0004962519
0.0004961588
0.0004959099
0.0004960534
0.0004961669
0.0004961697
0.0004961079
0.0004961235
0.0004960719
0.000496291
0.0004960977
0.0004977147
0.0004974858
0.0004970919
0.0004969323
0.0004969209
0.0004966932
0.000496899
0.0004967675
0.0004967254
0.0004966742
0.000496557
0.0004961453
0.0004962381
0.0004960714
0.0004961559
0.0004977252
0.0004975
0.0004971008
0.000496958
0.0004969402
0.0004966373
0.0004967131
0.0004966579
0.0004965281
0.0004966176
0.0004965523
0.0004961892
0.0004960776
0.0004960222
0.0004960956
0.0004977341
0.0004975252
0.0004971461
0.0004969665
0.0004969471
0.0004968615
0.000496655
0.0004967433
0.0004966321
0.0004965736
0.0004965569
0.0004961679
0.0004961674
0.0004960258
0.0004960544
0.0004977334
0.000497585
0.0004972198
0.0004969707
0.0004969028
0.0004962389
0.0004965647
0.0004966822
0.0004965597
0.0004966134
0.0004964785
0.0004961435
0.0004959412
0.0004959178
0.0004959817
0.0004977445
0.00049763
0.0004973048
0.0004969858
0.0004969187
0.0004967809
0.0004965618
0.0004965757
0.000496711
0.0004964393
0.0004963798
0.0004962132
0.0004960949
0.0004960919
0.000496168
0.0004978024
0.0004977857
0.0004976366
0.0004972868
0.0004970226
0.0004969638
0.0004966227
0.0004966519
0.0004967286
0.0004966539
0.0004966532
0.0004965532
0.000496187
0.0004961181
0.0004962254
0.0004962731
0.0004977916
0.0004976577
0.000497297
0.0004970343
0.0004969655
0.0004967106
0.0004967536
0.0004965652
0.0004965896
0.0004966069
0.0004964279
0.0004962956
0.0004963875
0.000496023
0.000496107
0.0004976775
0.0004973574
0.0004970333
0.000496967
0.0004967956
0.0004966683
0.0004967888
0.0004964635
0.000496634
0.000496392
0.0004962289
0.0004963273
0.0004961062
0.0004961459
0.0004973367
0.0004970477
0.0004969487
0.0004968958
0.0004967371
0.0004965874
0.0004968306
0.000496593
0.0004963828
0.0004959867
0.0004962769
0.000496256
0.0004960151
0.0004970438
0.0004969728
0.0004970626
0.0004966969
0.0004966659
0.0004966344
0.0004968461
0.0004964707
0.0004962976
0.0004961653
0.0004960459
0.0004961569
0.0004969477
0.0004965963
0.0004967444
0.0004966276
0.0004965873
0.0004967206
0.0004963981
0.0004965351
0.0004961942
0.0004963246
0.0004961493
0.0004968223
0.0004971092
0.0004967392
0.0004966017
0.0004965232
0.0004963563
0.0004961406
0.000496187
0.0004962931
0.0004959718
0.0004967088
0.0004965673
0.0004965972
0.0004966724
0.0004968848
0.000496185
0.0004963608
0.0004962871
0.0004960445
0.0004967162
0.0004966758
0.0004963789
0.0004963827
0.0004963157
0.0004962897
0.0004961565
0.0004962464
0.00049659
0.0004965729
0.0004963898
0.0004963622
0.000496297
0.0004959686
0.000496118
0.00049681
0.0004964159
0.0004963571
0.0004961701
0.0004960203
0.0004960898
0.000496508
0.0004962843
0.0004961493
0.0004959937
0.0004961555
0.0004964216
0.0004961556
0.0004960903
0.0004958763
0.00049607
0.0004961013
0.0004960695
0.0004960029
0.0004962529
0.0004977184
0.0004974903
0.0004970951
0.0004969436
0.0004969228
0.0004967212
0.0004966599
0.0004968622
0.0004967841
0.0004966781
0.000496486
0.0004964299
0.0004960471
0.0004961715
0.0004960351
0.0004977262
0.0004975046
0.0004971068
0.0004969574
0.0004969456
0.0004967326
0.000496586
0.0004966689
0.0004966303
0.0004965138
0.000496455
0.0004964271
0.0004960935
0.0004960103
0.0004959843
0.0004977323
0.0004975298
0.0004971381
0.0004969738
0.0004969374
0.000496747
0.0004968398
0.0004966369
0.0004966778
0.0004965648
0.0004964022
0.0004964132
0.0004960675
0.0004960941
0.000495988
0.0004977384
0.0004975857
0.000497233
0.0004969833
0.0004968953
0.0004967162
0.0004961096
0.000496538
0.0004966536
0.0004965247
0.0004964619
0.0004963271
0.000496044
0.000495886
0.0004958834
0.0004977501
0.0004976375
0.0004973062
0.0004969954
0.0004968969
0.000496751
0.0004967727
0.0004964563
0.0004966767
0.0004966741
0.0004962755
0.0004962101
0.0004961222
0.0004960317
0.0004960577
0.0004977878
0.0004976362
0.0004972851
0.0004970201
0.0004969615
0.0004967032
0.000496539
0.0004966202
0.0004966886
0.0004966038
0.0004964828
0.0004964223
0.0004960932
0.0004960515
0.000496191
0.0004976666
0.0004973183
0.0004970312
0.0004969559
0.0004966714
0.0004966728
0.0004967307
0.0004965783
0.0004965428
0.000496406
0.0004963066
0.0004962036
0.0004963253
0.0004959891
0.000497351
0.0004970389
0.0004969679
0.0004969113
0.0004967878
0.0004966408
0.0004967434
0.0004964328
0.0004965003
0.0004962577
0.0004961404
0.0004962646
0.0004960707
0.0004970519
0.0004969565
0.0004968401
0.0004968563
0.000496687
0.0004965948
0.0004967308
0.0004964445
0.0004962382
0.0004959095
0.0004962132
0.0004962207
0.000496962
0.0004967176
0.0004970986
0.0004966419
0.000496646
0.0004966021
0.0004967075
0.0004963147
0.0004962052
0.0004960999
0.0004960103
0.0004970245
0.0004965336
0.000496694
0.0004966176
0.0004965271
0.0004965802
0.0004962541
0.0004964391
0.0004961304
0.000496287
0.0004968401
0.0004970505
0.0004967797
0.0004965523
0.0004963624
0.0004962104
0.0004960521
0.0004961222
0.0004962535
0.0004966778
0.0004966044
0.0004965119
0.0004965122
0.0004967589
0.0004960978
0.000496296
0.000496252
0.0004966732
0.000496627
0.0004962294
0.0004962512
0.0004962233
0.0004962248
0.0004961209
0.000496524
0.0004964092
0.0004962362
0.0004962655
0.0004962319
0.0004959317
0.0004966687
0.0004962659
0.0004962691
0.0004961064
0.0004959869
0.0004963489
0.0004961792
0.0004960871
0.0004959569
0.0004963207
0.0004960893
0.000496053
0.0004959995
0.0004960654
0.0004959652
0.0004977204
0.0004974945
0.0004970984
0.0004969533
0.0004969285
0.0004968466
0.0004966967
0.0004966293
0.0004967823
0.0004967293
0.0004965044
0.0004963279
0.0004963336
0.0004959783
0.0004961361
0.0004977239
0.000497505
0.0004971084
0.0004969654
0.0004969386
0.0004967962
0.000496709
0.0004965381
0.000496646
0.0004965719
0.0004963372
0.0004962961
0.000496326
0.0004960287
0.000495974
0.0004977394
0.0004975236
0.0004971496
0.0004969846
0.0004969468
0.0004968268
0.0004967358
0.0004967842
0.000496664
0.0004966432
0.0004963713
0.000496242
0.0004963148
0.0004959989
0.0004960548
0.0004977423
0.0004975985
0.0004972355
0.0004969849
0.0004969425
0.0004967498
0.0004966876
0.0004960908
0.0004965251
0.0004966161
0.0004963931
0.0004962926
0.0004962375
0.0004959773
0.0004958547
0.0004977541
0.0004976348
0.0004973165
0.0004969889
0.0004969105
0.000496816
0.0004967228
0.00049675
0.0004964497
0.0004966604
0.0004965199
0.0004961306
0.0004961249
0.00049606
0.0004959976
0.0004976356
0.0004972834
0.00049702
0.0004969623
0.0004966829
0.0004966652
0.0004964607
0.0004966243
0.0004966398
0.0004964358
0.0004963221
0.0004963265
0.0004960268
0.0004960153
0.0004973288
0.0004970369
0.0004969708
0.0004966079
0.0004966216
0.0004966354
0.0004966942
0.0004965602
0.0004963799
0.0004962529
0.0004962162
0.0004961384
0.0004962923
0.0004970503
0.0004969456
0.0004969247
0.0004968953
0.0004967424
0.0004966419
0.0004967057
0.0004962771
0.000496361
0.0004961725
0.0004960757
0.0004962307
0.0004969682
0.0004966426
0.0004968426
0.0004967423
0.0004966574
0.0004965376
0.0004966365
0.0004962867
0.0004961479
0.000495851
0.000496179
0.0004969513
0.0004966606
0.000497063
0.000496663
0.0004966043
0.0004964518
0.000496547
0.0004962267
0.0004961403
0.0004960641
0.0004970385
0.0004965097
0.0004966694
0.0004965757
0.0004963526
0.0004964248
0.0004961628
0.0004963741
0.0004960972
0.0004968124
0.0004969162
0.0004967462
0.0004964029
0.0004962317
0.0004961245
0.0004959908
0.0004960869
0.0004966479
0.0004966175
0.0004963433
0.0004963696
0.0004966668
0.0004960357
0.0004962592
0.0004966245
0.0004964758
0.0004960876
0.0004961636
0.00049616
0.0004961896
0.00049635
0.0004962534
0.0004961499
0.0004962044
0.0004961963
0.0004965351
0.0004961807
0.0004962052
0.0004960712
0.0004962474
0.000496104
0.0004960534
0.0004962489
0.0004960547
0.0004959613
0.000497719
0.000497497
0.0004971013
0.0004969494
0.0004969308
0.0004967719
0.0004968348
0.0004966649
0.0004966099
0.0004966894
0.0004965386
0.0004963489
0.0004962382
0.0004962676
0.0004959421
0.000497729
0.0004975025
0.0004971102
0.0004969632
0.00049695
0.0004969525
0.0004967436
0.0004966733
0.0004965249
0.0004965991
0.000496403
0.0004961777
0.0004961959
0.0004962551
0.0004959944
0.0004977485
0.0004975326
0.0004971381
0.0004969898
0.0004969604
0.0004967853
0.0004967703
0.0004967265
0.0004967494
0.0004966431
0.0004964972
0.0004962131
0.0004961451
0.0004962491
0.0004959626
0.000497748
0.0004976056
0.0004972539
0.0004969776
0.0004969409
0.0004966665
0.0004967461
0.0004966547
0.0004962125
0.0004964744
0.0004964511
0.0004962425
0.0004961943
0.0004961775
0.0004959433
0.0004976257
0.0004973066
0.0004969943
0.0004969047
0.0004966376
0.0004968381
0.0004966607
0.0004967232
0.0004964448
0.0004964439
0.0004963534
0.0004960396
0.0004960676
0.0004960257
0.0004972849
0.0004970308
0.0004969625
0.0004966824
0.0004966611
0.0004966285
0.0004964735
0.0004965763
0.000496473
0.0004962707
0.0004962283
0.0004962647
0.0004959908
0.0004970381
0.0004969509
0.0004967445
0.0004965387
0.000496583
0.0004966173
0.0004966353
0.0004963962
0.0004962335
0.0004961812
0.0004961554
0.0004961033
0.0004969602
0.0004969063
0.0004969127
0.0004967913
0.0004966758
0.0004965854
0.0004965532
0.0004961315
0.0004962635
0.0004961094
0.0004960407
0.0004967933
0.0004966287
0.0004968717
0.000496672
0.0004966151
0.000496368
0.0004965233
0.000496188
0.0004960839
0.0004958166
0.0004969248
0.0004966457
0.000496937
0.0004966507
0.0004964422
0.0004962982
0.0004964531
0.0004961655
0.0004961048
0.0004969698
0.0004965399
0.0004966461
0.0004964156
0.0004961959
0.0004963316
0.0004960968
0.0004963386
0.0004967212
0.0004968125
0.0004965672
0.0004962539
0.0004961674
0.000496064
0.00049596
0.0004966083
0.0004964701
0.0004962015
0.0004962776
0.000496606
0.0004960015
0.0004964711
0.0004963219
0.000495997
0.0004961
0.000496125
0.0004962029
0.0004961582
0.000496089
0.0004961724
0.0004964309
0.0004961165
0.0004961682
0.0004961799
0.0004960632
0.0004962098
0.0004977255
0.0004974969
0.000497104
0.0004969469
0.0004969327
0.0004966377
0.0004967623
0.0004967952
0.0004966443
0.0004965486
0.0004965435
0.0004963772
0.0004962555
0.0004961759
0.0004962326
0.0004977397
0.0004975077
0.0004971093
0.0004969651
0.0004969558
0.0004966553
0.0004969482
0.0004966832
0.0004966418
0.0004964907
0.0004964332
0.0004962459
0.000496094
0.0004961257
0.0004962165
0.0004977465
0.0004975389
0.0004971475
0.0004969809
0.000496959
0.0004966514
0.0004967655
0.0004966874
0.0004967057
0.0004966971
0.0004964683
0.0004963325
0.0004961168
0.000496079
0.0004962141
0.000497588
0.0004972639
0.0004969845
0.0004969246
0.0004966698
0.0004966243
0.0004967462
0.0004966712
0.0004962153
0.0004963034
0.0004962842
0.0004961432
0.000496129
0.0004961463
0.0004972867
0.0004969989
0.0004969151
0.0004969344
0.0004965691
0.0004968383
0.000496617
0.0004966795
0.0004962795
0.0004962919
0.0004962548
0.000495976
0.0004960362
0.0004970347
0.0004969716
0.0004967007
0.0004966223
0.0004966567
0.0004966038
0.0004964721
0.0004964007
0.0004963119
0.0004961744
0.0004961643
0.0004962327
0.0004969625
0.0004969776
0.0004967154
0.0004965136
0.0004965763
0.0004965746
0.0004964833
0.0004962397
0.0004961437
0.0004961292
0.0004961215
0.0004965102
0.0004969051
0.0004967994
0.0004966347
0.0004966332
0.000496406
0.0004963943
0.0004960415
0.0004961999
0.0004960752
0.0004967512
0.0004966391
0.0004968902
0.0004966724
0.0004964579
0.0004962246
0.0004964256
0.0004961197
0.0004960492
0.0004968013
0.0004966892
0.0004968311
0.0004964805
0.000496291
0.0004962074
0.0004963896
0.0004961315
0.0004968077
0.0004965153
0.0004965036
0.0004962682
0.0004961096
0.0004962696
0.0004960606
0.0004966789
0.0004967107
0.0004964205
0.0004961625
0.0004961178
0.0004960296
0.0004964812
0.0004963218
0.0004961165
0.0004962112
0.0004965723
0.0004963192
0.0004962296
0.0004959315
0.0004960647
0.0004961121
0.0004960919
0.0004960551
0.0004963636
0.0004960792
0.0004961434
0.0004977355
0.0004975022
0.0004971046
0.0004969537
0.0004969404
0.0004967505
0.0004965723
0.0004967533
0.0004967628
0.000496598
0.0004963733
0.0004964098
0.0004962806
0.0004961903
0.0004961414
0.0004977366
0.0004975176
0.0004971129
0.0004969677
0.0004969513
0.0004966858
0.0004966172
0.0004968831
0.0004966878
0.000496599
0.0004963308
0.0004962699
0.0004961488
0.0004960353
0.0004960875
0.0004975399
0.0004971528
0.0004969869
0.0004969551
0.0004966052
0.0004965966
0.0004967204
0.0004966804
0.000496642
0.000496519
0.000496304
0.0004962296
0.00049605
0.0004960438
0.00049723
0.000496991
0.0004969301
0.0004968484
0.000496624
0.0004965971
0.0004967509
0.0004966694
0.0004960264
0.0004961418
0.0004961887
0.0004960756
0.0004960934
0.0004970032
0.0004969236
0.0004966449
0.0004969543
0.0004965525
0.0004967648
0.00049659
0.0004965323
0.000496116
0.00049622
0.0004961891
0.0004959417
0.0004969624
0.0004965463
0.0004966702
0.000496584
0.0004966287
0.0004965474
0.0004963114
0.000496247
0.0004962204
0.0004961103
0.0004961301
0.0004965517
0.0004970015
0.0004966749
0.0004965649
0.0004965325
0.0004964157
0.0004963324
0.0004961469
0.0004960802
0.0004960988
0.0004964816
0.0004968441
0.0004966477
0.0004965549
0.0004964969
0.0004962513
0.0004962996
0.0004959781
0.000496166
0.0004966992
0.0004966355
0.0004968226
0.000496557
0.000496306
0.0004961361
0.0004963603
0.0004960819
0.0004967253
0.0004966235
0.000496724
0.0004963259
0.0004962019
0.000496144
0.0004963544
0.0004966929
0.0004963574
0.0004963546
0.0004961773
0.0004960488
0.0004962339
0.0004965866
0.000496603
0.0004963304
0.0004960997
0.0004960861
0.0004963462
0.0004962468
0.000496058
0.0004961758
0.0004962237
0.0004961648
0.0004958967
0.0004960482
0.0004960558
0.0004963295
0.0004977303
0.0004975149
0.00049711
0.0004969522
0.0004969331
0.0004967243
0.0004967029
0.0004965252
0.0004967486
0.0004967106
0.0004964262
0.0004962123
0.0004963193
0.0004962145
0.000496155
0.0004975172
0.0004971224
0.0004969667
0.0004969349
0.0004967405
0.0004966477
0.000496587
0.0004968337
0.0004966374
0.0004964442
0.0004961738
0.000496168
0.0004960808
0.0004960019
0.0004971541
0.0004969972
0.0004969662
0.0004968706
0.0004965692
0.000496559
0.0004966898
0.0004966313
0.0004964559
0.000496354
0.0004962101
0.0004961589
0.0004960138
0.0004969914
0.0004969277
0.0004967151
0.0004968499
0.0004965877
0.0004965968
0.0004967067
0.0004965003
0.0004958871
0.0004960436
0.000496126
0.0004960384
0.0004969284
0.0004968412
0.0004965723
0.0004968875
0.0004966453
0.0004966758
0.0004964423
0.0004963795
0.0004960276
0.0004961679
0.0004961539
0.0004968601
0.0004964972
0.0004966574
0.0004965948
0.0004965548
0.0004963834
0.00049616
0.0004961561
0.0004961594
0.0004960753
0.0004964922
0.000496935
0.0004966399
0.000496547
0.0004963714
0.0004962633
0.0004962368
0.0004960803
0.0004960459
0.0004964943
0.0004967538
0.0004965946
0.0004964751
0.0004963463
0.0004961555
0.0004962353
0.0004959446
0.000496703
0.0004966007
0.0004966614
0.0004964047
0.0004962137
0.0004960721
0.0004963251
0.0004967565
0.0004964219
0.0004966024
0.0004962455
0.0004961392
0.0004961089
0.0004966198
0.0004962151
0.0004962651
0.0004961126
0.0004960148
0.000496462
0.0004965112
0.0004962659
0.0004960656
0.0004962553
0.0004961942
0.0004960265
0.0004961568
0.0004961298
0.0004960133
0.0004975049
0.0004971196
0.0004969625
0.0004969272
0.0004967527
0.0004966824
0.0004966382
0.0004965599
0.0004966914
0.0004965375
0.000496261
0.000496112
0.0004962572
0.0004961782
0.0004971205
0.0004969818
0.0004969619
0.0004969313
0.0004967116
0.0004965951
0.0004965637
0.0004968081
0.0004964385
0.0004962861
0.0004960764
0.0004960991
0.0004960439
0.0004969931
0.0004969738
0.0004968136
0.0004968479
0.0004965313
0.0004965738
0.0004966561
0.0004964155
0.0004962772
0.0004962544
0.0004961466
0.0004961217
0.0004969541
0.0004967364
0.0004966948
0.0004968065
0.0004965817
0.0004965413
0.0004965254
0.0004963304
0.0004958196
0.0004959762
0.0004960931
0.0004968764
0.0004968009
0.0004965447
0.0004967407
0.0004966185
0.0004965386
0.0004962846
0.0004962876
0.0004959675
0.0004961389
0.0004968228
0.0004965284
0.0004966479
0.0004965397
0.0004964041
0.0004962334
0.0004960829
0.0004960934
0.0004961267
0.0004965059
0.0004968327
0.0004965951
0.0004963849
0.0004962265
0.0004961695
0.0004961742
0.000496043
0.0004964877
0.0004967088
0.0004965138
0.0004963648
0.0004962531
0.0004960864
0.0004961996
0.0004966911
0.0004964517
0.0004965286
0.0004963066
0.0004961482
0.0004960369
0.0004966572
0.0004962673
0.0004965032
0.0004961889
0.0004961049
0.0004965244
0.0004961299
0.0004962028
0.0004960774
0.0004963781
0.0004964479
0.0004962308
0.0004961939
0.000496163
0.0004961204
0.0004971128
0.0004969664
0.000496943
0.000496783
0.0004967125
0.0004966478
0.0004966403
0.0004965538
0.0004964965
0.0004963693
0.000496164
0.0004960422
0.0004962239
0.0004969728
0.0004969666
0.000496782
0.0004969469
0.0004966749
0.0004965523
0.0004965051
0.0004966461
0.0004962727
0.0004961879
0.0004960084
0.0004960618
0.0004969617
0.0004966719
0.0004967341
0.0004967789
0.0004964449
0.0004965484
0.0004964848
0.0004962359
0.0004961708
0.0004961857
0.0004961121
0.0004966762
0.0004966698
0.000496635
0.0004967508
0.0004965251
0.0004963601
0.0004963579
0.0004962407
0.0004957663
0.0004959402
0.0004968574
0.0004967755
0.0004966166
0.0004966594
0.0004964083
0.0004963998
0.0004961914
0.000496232
0.0004959327
0.000496806
0.0004965556
0.0004965822
0.0004963671
0.0004962665
0.0004961407
0.0004960272
0.0004960593
0.0004965677
0.0004968117
0.0004964455
0.0004962437
0.0004961391
0.0004961037
0.0004961408
0.0004964551
0.0004966141
0.0004963953
0.0004962706
0.0004961881
0.0004960499
0.0004965334
0.0004962993
0.000496439
0.0004962394
0.000496112
0.0004965024
0.0004961712
0.0004964395
0.0004961559
0.0004964285
0.0004960691
0.0004961678
0.0004963191
0.0004964146
0.0004961614
0.0004969638
0.0004969594
0.0004966386
0.0004967766
0.0004966578
0.0004966377
0.0004966319
0.0004963848
0.0004963255
0.0004962659
0.0004960999
0.0004960045
0.0004969625
0.0004966884
0.0004967485
0.0004969193
0.0004966432
0.0004965089
0.0004963416
0.0004964631
0.0004961779
0.0004961219
0.0004959717
0.0004967603
0.0004966189
0.0004966037
0.0004967261
0.0004963609
0.0004963758
0.0004963081
0.0004961482
0.0004961008
0.000496149
0.000496635
0.0004966298
0.0004965619
0.0004967111
0.0004963434
0.0004962034
0.0004962606
0.0004961807
0.000495734
0.0004968593
0.0004967892
0.0004965767
0.0004965725
0.0004962664
0.0004963115
0.0004961273
0.0004962026
0.0004968489
0.0004964521
0.0004964125
0.0004962269
0.0004961758
0.0004960744
0.0004959943
0.0004965132
0.0004966968
0.0004962995
0.0004961565
0.000496076
0.0004960681
0.0004963183
0.0004964955
0.0004963045
0.0004962058
0.0004961529
0.0004963745
0.0004962101
0.0004963732
0.0004962024
0.0004964091
0.0004961035
0.0004964055
0.0004963651
0.0004960365
0.0004962867
0.0004969376
0.0004965744
0.0004965648
0.0004967611
0.0004966358
0.0004965733
0.0004964626
0.0004962245
0.0004962347
0.000496196
0.000496067
0.0004967232
0.0004966326
0.0004966873
0.0004968741
0.0004965867
0.0004963543
0.0004961912
0.0004963513
0.0004961106
0.0004960865
0.0004967143
0.0004965922
0.0004965685
0.0004966761
0.0004962482
0.0004962084
0.0004962046
0.000496091
0.0004960626
0.0004966303
0.0004966892
0.0004965242
0.000496558
0.0004961861
0.0004961093
0.0004961934
0.0004961475
0.0004968903
0.0004966931
0.0004963708
0.0004964495
0.0004962016
0.0004962584
0.0004960918
0.0004967893
0.0004962746
0.000496265
0.0004961379
0.000496112
0.0004960382
0.0004963196
0.000496539
0.0004962121
0.0004960945
0.0004960409
0.00049617
0.0004964084
0.0004962398
0.0004961704
0.0004962829
0.0004961478
0.0004963369
0.0004963447
0.0004960676
0.0004963313
0.0004968422
0.0004965284
0.0004965137
0.0004967373
0.0004965979
0.0004963979
0.000496299
0.0004961349
0.0004961747
0.0004961581
0.0004966774
0.0004965893
0.0004966357
0.0004968269
0.0004964281
0.0004961934
0.0004960989
0.0004962775
0.000496073
0.0004966563
0.0004966035
0.0004965688
0.0004965093
0.0004961218
0.0004961067
0.0004961345
0.0004960583
0.0004966323
0.0004966503
0.0004963929
0.0004963937
0.0004960913
0.0004960422
0.0004961568
0.0004967999
0.000496504
0.0004962295
0.0004963435
0.0004961489
0.0004962299
0.0004965866
0.0004961522
0.0004961751
0.0004960713
0.0004960771
0.0004961702
0.0004964412
0.0004961508
0.000496062
0.0004960843
0.0004963465
0.0004962046
0.0004962204
0.0004961132
0.000496308
0.0004968217
0.0004965413
0.000496555
0.000496691
0.0004964418
0.000496245
0.0004962107
0.000496076
0.0004961414
0.0004966299
0.0004966008
0.0004965798
0.0004966626
0.0004962782
0.000496091
0.000496036
0.0004962373
0.000496648
0.0004965477
0.000496431
0.0004963489
0.0004960266
0.0004960379
0.0004960962
0.0004965387
0.0004964455
0.0004962434
0.0004962942
0.0004960244
0.0004960059
0.0004965982
0.0004963811
0.0004961597
0.0004962705
0.0004961149
0.0004964305
0.0004960719
0.0004961125
0.0004960344
0.0004960867
0.0004963763
0.000496117
0.0004960263
0.0004963126
0.0004961854
0.0004967699
0.000496556
0.0004965399
0.0004965333
0.0004962892
0.0004961482
0.0004961482
0.0004960437
0.0004966162
0.0004965683
0.000496419
0.0004964912
0.0004961829
0.0004960187
0.0004960028
0.0004966257
0.0004963652
0.000496275
0.0004962528
0.000495962
0.0004960015
0.0004963471
0.0004962958
0.0004961492
0.000496227
0.0004959887
0.00049646
0.0004963006
0.0004961078
0.000496231
0.0004963401
0.0004960122
0.0004960783
0.0004960286
0.0004963413
0.0004959937
0.0004966982
0.0004964586
0.0004963528
0.0004963726
0.0004961977
0.0004960806
0.0004961127
0.0004965711
0.0004963931
0.0004962586
0.0004963853
0.0004961155
0.0004959795
0.000496466
0.0004962052
0.0004961752
0.0004961859
0.0004959267
0.0004961925
0.000496216
0.0004960812
0.0004961905
0.0004963701
0.0004962368
0.0004960786
0.0004962792
0.0004959794
0.0004959963
0.0004966186
0.0004962558
0.0004961916
0.0004962731
0.0004961353
0.0004960441
0.0004964014
0.0004962306
0.0004961564
0.0004963156
0.000496079
0.0004963044
0.0004961054
0.0004961076
0.0004961492
0.0004960926
0.0004961566
0.0004960432
0.0004963023
0.0004962002
0.0004962464
0.0004964906
0.0004960963
0.0004961053
0.0004962064
0.0004961007
0.0004962417
0.0004961326
0.0004960858
0.0004962791
0.0004962033
0.0004960369
0.0004960703
0.0004960249
0.0004961225
0.0004962646
0.0004963614
0.0004959969
0.0004960413
0.0004961707
0.0004961422
0.0004960646
0.0004960477
0.0004961317
0.0004959997
0.0004959886
0.0004962643
0.0004959271
0.0004960036
0.0004960719
0.0004960273
0.0004960918
0.0004961986
0.0004958891
0.0004960333
0.0004961634
)
;

boundaryField
{
    airInlet
    {
        type            calculated;
        value           nonuniform List<scalar> 
100
(
0.0004977304
0.0004977288
0.0004977273
0.0004977257
0.0004977241
0.0004977225
0.0004977209
0.0004977193
0.0004977176
0.0004977159
0.0004977304
0.0004977289
0.0004977274
0.0004977258
0.0004977242
0.0004977226
0.000497721
0.0004977193
0.0004977177
0.000497716
0.0004977305
0.000497729
0.0004977274
0.0004977258
0.0004977242
0.0004977226
0.000497721
0.0004977194
0.0004977177
0.0004977161
0.0004977305
0.000497729
0.0004977274
0.0004977258
0.0004977242
0.0004977226
0.000497721
0.0004977194
0.0004977178
0.0004977161
0.0004977305
0.000497729
0.0004977274
0.0004977258
0.0004977243
0.0004977226
0.000497721
0.0004977194
0.0004977178
0.0004977161
0.0004977305
0.000497729
0.0004977274
0.0004977258
0.0004977243
0.0004977226
0.000497721
0.0004977194
0.0004977178
0.0004977161
0.0004977305
0.000497729
0.0004977274
0.0004977258
0.0004977242
0.0004977226
0.000497721
0.0004977194
0.0004977178
0.0004977161
0.0004977305
0.000497729
0.0004977274
0.0004977258
0.0004977242
0.0004977226
0.000497721
0.0004977194
0.0004977177
0.0004977161
0.0004977304
0.0004977289
0.0004977274
0.0004977258
0.0004977242
0.0004977226
0.000497721
0.0004977193
0.0004977177
0.000497716
0.0004977304
0.0004977288
0.0004977273
0.0004977257
0.0004977241
0.0004977225
0.0004977209
0.0004977193
0.0004977176
0.000497716
)
;
    }
    airOutlet
    {
        type            calculated;
        value           uniform 0.000497811;
    }
    cathodeSides
    {
        type            calculated;
        value           nonuniform List<scalar> 
1800
(
0.0004976547
0.0004976571
0.0004976614
0.0004976647
0.0004976622
0.00049766
0.0004976549
0.0004976564
0.0004976599
0.000497665
0.000497666
0.0004976756
0.0004976687
0.0004976746
0.0004976758
0.0004976732
0.0004976837
0.0004976932
0.000497688
0.0004976764
0.0004976867
0.0004976869
0.0004976891
0.0004976935
0.0004976939
0.0004977016
0.0004976932
0.0004976979
0.0004976995
0.0004977046
0.0004977055
0.0004977018
0.00049771
0.0004977115
0.0004977132
0.000497716
0.0004977158
0.0004977189
0.0004977219
0.0004977225
0.0004974689
0.0004974556
0.0004974464
0.0004974492
0.0004974468
0.0004974374
0.0004974367
0.0004974384
0.0004974432
0.000497446
0.0004974454
0.0004974574
0.0004974508
0.0004974518
0.000497455
0.0004974526
0.0004974642
0.0004974759
0.0004974672
0.0004974535
0.0004974642
0.0004974645
0.0004974638
0.0004974697
0.0004974688
0.0004974808
0.0004974728
0.0004974728
0.0004974744
0.000497479
0.0004974775
0.0004974739
0.0004974815
0.0004974826
0.0004974838
0.0004974891
0.0004974881
0.0004974898
0.0004974931
0.0004974934
0.0004971071
0.0004970875
0.0004970634
0.0004970653
0.0004970587
0.0004970517
0.0004970509
0.000497054
0.0004970604
0.0004970584
0.00049706
0.0004970707
0.0004970611
0.0004970623
0.0004970659
0.0004970626
0.0004970745
0.0004970856
0.0004970752
0.0004970607
0.0004970703
0.0004970717
0.00049707
0.0004970775
0.0004970756
0.0004970885
0.0004970797
0.0004970788
0.0004970804
0.0004970827
0.0004970824
0.000497077
0.0004970865
0.000497089
0.0004970893
0.0004970911
0.0004970915
0.0004970953
0.0004970989
0.0004971009
0.0004969479
0.0004969477
0.0004969258
0.0004969215
0.0004969134
0.0004969097
0.0004969045
0.0004969189
0.0004969198
0.0004969125
0.0004969129
0.0004969263
0.0004969118
0.0004969157
0.0004969162
0.0004969101
0.0004969227
0.0004969373
0.000496922
0.000496912
0.0004969187
0.0004969181
0.0004969169
0.0004969263
0.0004969256
0.0004969375
0.0004969274
0.0004969321
0.0004969291
0.0004969314
0.0004969317
0.0004969269
0.0004969348
0.0004969383
0.0004969398
0.0004969363
0.0004969329
0.0004969421
0.0004969467
0.0004969519
0.0004968941
0.0004968855
0.000496896
0.0004969032
0.0004968934
0.0004968952
0.0004968835
0.0004969038
0.000496907
0.0004969033
0.0004968915
0.0004968969
0.0004968881
0.0004968977
0.0004968985
0.0004969025
0.0004969058
0.0004969311
0.0004969047
0.0004969198
0.0004969101
0.0004969125
0.0004969147
0.0004969123
0.0004968999
0.0004969306
0.0004969256
0.0004969172
0.0004969225
0.0004969253
0.0004969143
0.0004969089
0.0004969305
0.0004969322
0.0004969446
0.0004969329
0.0004969392
0.0004969364
0.0004969288
0.0004969362
0.0004976547
0.0004974689
0.0004971071
0.0004969479
0.0004968941
0.0004976548
0.0004975137
0.0004971696
0.0004969343
0.0004968641
0.0004976575
0.0004975684
0.0004972567
0.000496929
0.000496854
0.0004976626
0.0004976121
0.0004973346
0.0004969432
0.0004968253
0.000497674
0.000497633
0.0004973554
0.0004969522
0.000496827
0.0004977046
0.0004976445
0.0004973495
0.000496976
0.0004968628
0.0004977077
0.0004976601
0.000497375
0.0004969834
0.0004968759
0.0004977092
0.000497665
0.0004973867
0.0004969921
0.0004968729
0.0004977115
0.0004976438
0.0004973424
0.0004969873
0.0004969035
0.0004977107
0.0004976136
0.0004972997
0.0004969977
0.0004969135
0.00049771
0.000497609
0.000497295
0.0004969989
0.0004969116
0.0004977107
0.000497634
0.0004973291
0.00049699
0.0004968963
0.0004977093
0.0004976559
0.0004973676
0.0004969856
0.0004968772
0.0004977082
0.0004976572
0.0004973702
0.0004969863
0.0004968794
0.0004977061
0.0004976551
0.0004973657
0.0004969813
0.0004968579
0.0004976762
0.0004976438
0.0004973762
0.0004969586
0.0004968289
0.0004976678
0.0004976215
0.0004973415
0.000496941
0.0004968207
0.0004976692
0.0004975713
0.0004972509
0.0004969431
0.000496861
0.0004976661
0.000497521
0.000497176
0.0004969507
0.0004968764
0.0004976664
0.0004974809
0.0004971213
0.0004969598
0.0004968995
0.0004976664
0.0004976669
0.000497656
0.0004976553
0.0004976634
0.0004976666
0.0004976663
0.0004976638
0.0004976672
0.0004976691
0.0004976692
0.0004976647
0.0004976701
0.0004976705
0.0004976663
0.0004976765
0.000497682
0.0004976762
0.0004976826
0.0004976823
0.0004976835
0.0004976898
0.0004976949
0.0004976905
0.000497696
0.0004976992
0.0004976961
0.0004976953
0.0004976977
0.0004977069
0.0004977084
0.0004977128
0.0004977097
0.0004977147
0.0004977184
0.0004977204
0.000497719
0.0004977255
0.0004977355
0.0004977303
0.0004974809
0.0004974581
0.0004974415
0.0004974409
0.0004974461
0.0004974484
0.0004974469
0.0004974462
0.0004974494
0.0004974512
0.0004974469
0.0004974434
0.0004974454
0.0004974457
0.0004974399
0.0004974516
0.0004974582
0.000497455
0.0004974604
0.0004974576
0.0004974577
0.000497469
0.000497474
0.0004974658
0.000497472
0.0004974735
0.0004974697
0.0004974684
0.0004974708
0.0004974792
0.0004974811
0.0004974869
0.0004974858
0.0004974903
0.0004974945
0.000497497
0.0004974969
0.0004975022
0.0004975149
0.0004975049
0.0004971213
0.0004970803
0.0004970574
0.0004970575
0.000497062
0.0004970617
0.0004970585
0.0004970574
0.0004970609
0.0004970605
0.0004970568
0.000497055
0.0004970545
0.0004970536
0.0004970521
0.0004970606
0.000497067
0.0004970626
0.0004970665
0.0004970629
0.0004970647
0.0004970752
0.0004970809
0.0004970712
0.0004970782
0.0004970797
0.0004970761
0.0004970742
0.0004970766
0.0004970828
0.0004970851
0.0004970919
0.0004970951
0.0004970984
0.0004971013
0.000497104
0.0004971046
0.00049711
0.0004971196
0.0004971128
0.0004969598
0.0004969352
0.0004969122
0.0004969121
0.000496923
0.0004969213
0.0004969146
0.0004969052
0.0004969159
0.00049691
0.0004969099
0.0004969053
0.0004969119
0.0004969075
0.000496906
0.0004969089
0.0004969187
0.0004969099
0.0004969151
0.000496914
0.0004969162
0.0004969291
0.0004969358
0.0004969304
0.0004969319
0.0004969303
0.0004969216
0.0004969221
0.0004969202
0.0004969317
0.0004969323
0.0004969436
0.0004969533
0.0004969494
0.0004969469
0.0004969537
0.0004969522
0.0004969625
0.0004969664
0.0004969638
0.0004968995
0.0004969162
0.0004968962
0.0004968865
0.0004969046
0.0004969034
0.0004969021
0.0004968993
0.0004969009
0.0004969062
0.0004968959
0.0004968857
0.0004968875
0.0004968993
0.0004968934
0.0004969011
0.0004968962
0.0004969127
0.0004969055
0.0004969008
0.0004969105
0.0004969171
0.0004969283
0.0004969098
0.0004969089
0.0004969057
0.0004969067
0.0004969036
0.0004969195
0.0004969209
0.0004969228
0.0004969285
0.0004969308
0.0004969327
0.0004969404
0.0004969331
0.0004969272
0.000496943
0.0004969594
0.0004969376
0.0004977225
0.0004974934
0.0004971009
0.0004969519
0.0004969362
0.0004977277
0.0004975041
0.0004971062
0.0004969586
0.0004969611
0.0004977388
0.000497528
0.0004971415
0.0004969865
0.0004969495
0.0004977353
0.0004975825
0.0004972304
0.0004969751
0.000496937
0.0004977465
0.0004976073
0.0004972656
0.0004969956
0.0004969237
0.0004977838
0.0004976088
0.0004972428
0.0004970254
0.0004969873
0.0004977892
0.000497641
0.0004972851
0.0004970286
0.0004969783
0.000497794
0.0004976826
0.0004973504
0.0004970375
0.0004969555
0.0004977939
0.0004977095
0.0004974012
0.0004970412
0.0004969319
0.0004977955
0.0004977006
0.0004973805
0.0004970394
0.0004969477
0.0004977951
0.0004976845
0.0004973549
0.0004970438
0.000496962
0.0004977955
0.0004976715
0.0004973367
0.0004970519
0.0004969682
0.0004977938
0.0004976775
0.000497351
0.0004970503
0.0004969602
0.0004977916
0.0004976666
0.0004973288
0.0004970381
0.0004969625
0.0004977878
0.0004976356
0.0004972849
0.0004970347
0.0004969624
0.0004977541
0.0004976257
0.0004972867
0.0004970032
0.0004969284
0.000497748
0.000497588
0.00049723
0.0004969914
0.0004969541
0.0004977465
0.0004975399
0.0004971541
0.0004969931
0.0004969617
0.0004977366
0.0004975172
0.0004971205
0.0004969728
0.0004969625
0.0004977303
0.0004975049
0.0004971128
0.0004969638
0.0004969376
0.0004967295
0.0004966254
0.0004966348
0.0004967024
0.0004966915
0.0004967592
0.0004968561
0.0004965546
0.0004967946
0.0004967035
0.0004967732
0.0004965675
0.0004969388
0.0004966955
0.0004967422
0.0004967426
0.0004967529
0.0004965236
0.0004969158
0.0004968006
0.0004966746
0.0004967635
0.000496823
0.0004967154
0.0004969414
0.0004965955
0.000496862
0.0004966436
0.0004967462
0.0004967395
0.0004968537
0.0004970855
0.0004967892
0.0004968426
0.0004966546
0.0004968398
0.0004968475
0.0004968162
0.0004968864
0.000496592
0.0004967266
0.0004966047
0.0004965783
0.0004966765
0.0004966767
0.0004967341
0.0004968452
0.0004965001
0.0004967686
0.000496668
0.0004967485
0.0004965062
0.0004969467
0.0004966819
0.0004967295
0.0004967121
0.0004967259
0.0004964398
0.0004969034
0.0004967148
0.0004966566
0.0004967306
0.0004968091
0.0004967055
0.0004969645
0.0004965661
0.0004968271
0.0004966294
0.0004967081
0.0004967256
0.0004968614
0.0004971165
0.0004967389
0.0004968285
0.0004965358
0.0004968238
0.0004967868
0.0004968111
0.0004968453
0.0004965788
0.0004967008
0.0004965885
0.000496552
0.0004966489
0.0004966492
0.0004966995
0.0004967827
0.0004964437
0.0004967174
0.0004966354
0.000496714
0.0004964991
0.0004968857
0.0004966523
0.0004966898
0.0004967029
0.0004966953
0.0004963733
0.0004968751
0.0004965808
0.000496631
0.0004967076
0.0004967931
0.000496679
0.0004969366
0.0004965475
0.000496758
0.0004966358
0.0004966724
0.0004966968
0.000496847
0.0004970598
0.0004966939
0.0004967614
0.0004964306
0.0004967815
0.000496705
0.0004967648
0.0004968149
0.0004965723
0.0004966225
0.0004965341
0.0004965971
0.0004966282
0.0004965849
0.0004966815
0.0004967333
0.0004964141
0.000496675
0.0004966198
0.0004967044
0.0004965665
0.0004967923
0.0004966083
0.000496596
0.0004967094
0.0004966978
0.000496384
0.0004968753
0.0004965431
0.0004965896
0.0004967147
0.0004967805
0.0004965917
0.0004968759
0.0004965229
0.0004967215
0.0004966341
0.0004966699
0.0004966674
0.000496799
0.0004969448
0.0004967103
0.0004967033
0.0004964801
0.0004967567
0.0004966934
0.0004966526
0.0004968282
0.0004964741
0.0004965411
0.0004964649
0.0004965578
0.0004965618
0.0004965071
0.0004966335
0.0004966936
0.0004963842
0.0004965964
0.0004965572
0.0004966702
0.0004965311
0.0004967165
0.0004965519
0.0004965047
0.0004966157
0.0004966579
0.0004963682
0.0004968117
0.000496519
0.000496535
0.000496654
0.000496697
0.0004964959
0.0004968159
0.0004964673
0.0004966522
0.000496588
0.0004966226
0.0004966219
0.0004967236
0.0004968501
0.0004966652
0.0004966783
0.0004964812
0.000496715
0.0004966393
0.0004965665
0.0004967454
0.0004963769
0.0004967295
0.0004967266
0.0004967008
0.0004966225
0.0004965411
0.0004968081
0.000496819
0.0004967867
0.0004967171
0.0004966585
0.000496467
0.0004964226
0.0004964289
0.000496423
0.0004963305
0.0004964639
0.0004963953
0.0004963781
0.0004964239
0.0004963949
0.0004968021
0.0004968089
0.0004967427
0.0004966298
0.0004965874
0.0004968079
0.0004968199
0.000496767
0.000496635
0.0004965689
0.0004966523
0.0004965999
0.000496541
0.0004965337
0.0004965216
0.0004965786
0.0004965174
0.0004964854
0.0004965302
0.0004965328
0.0004965345
0.0004964951
0.0004964821
0.0004964658
0.0004964103
0.0004967257
0.0004966992
0.0004966834
0.0004966807
0.0004966249
0.0004969132
0.0004969062
0.0004968582
0.0004967871
0.0004967026
0.0004967611
0.0004967354
0.0004967119
0.0004967238
0.0004966883
0.0004967468
0.0004967361
0.0004967051
0.0004966764
0.0004966459
0.0004966061
0.0004965159
0.0004964226
0.000496446
0.0004964614
0.000496664
0.0004966466
0.0004966273
0.0004966121
0.0004965946
0.0004966857
0.0004966221
0.0004965724
0.0004966131
0.0004965945
0.0004968293
0.0004968448
0.0004968115
0.0004967325
0.0004966714
0.0004965961
0.0004965904
0.0004965916
0.0004965336
0.0004964604
0.0004966197
0.0004965937
0.0004966329
0.0004967055
0.0004966383
0.0004966553
0.0004966105
0.0004965826
0.0004966068
0.0004965784
0.0004966553
0.0004966138
0.0004967695
0.0004967769
0.0004964283
0.0004965975
0.0004966612
0.0004967818
0.0004966593
0.0004967067
0.000496744
0.0004968916
0.0004968024
0.0004966801
0.0004967082
0.0004967774
0.0004967328
0.0004967792
0.0004967375
0.0004967965
0.0004967104
0.0004968208
0.0004966083
0.0004968925
0.0004967303
0.0004967485
0.0004968141
0.0004968931
0.0004966932
0.0004967212
0.0004968466
0.0004967719
0.0004966377
0.0004967505
0.0004967243
0.0004967527
0.000496783
0.0004966386
0.0004965744
0.0004968422
0.0004966105
0.0004965605
0.0004967527
0.0004967792
0.0004963403
0.0004965269
0.0004966381
0.0004967491
0.0004966292
0.000496672
0.0004967307
0.0004968984
0.0004968
0.0004966515
0.0004966938
0.0004967547
0.0004967328
0.0004967116
0.0004967134
0.0004967878
0.0004966776
0.0004968086
0.0004965669
0.0004969004
0.0004967009
0.0004967313
0.0004967887
0.000496899
0.0004966599
0.0004966967
0.0004968348
0.0004967623
0.0004965723
0.0004967029
0.0004966824
0.0004967125
0.0004967766
0.0004965648
0.0004965284
0.0004968217
0.0004965826
0.0004965222
0.0004966939
0.0004967469
0.0004963093
0.0004964847
0.0004965939
0.000496711
0.0004966064
0.000496655
0.0004966991
0.0004968783
0.0004967828
0.0004966286
0.0004966676
0.0004967378
0.0004967289
0.0004966079
0.0004966725
0.000496762
0.000496643
0.0004967551
0.0004965571
0.0004968666
0.0004966888
0.0004967202
0.0004967675
0.0004968622
0.0004966293
0.0004966649
0.0004967952
0.0004967533
0.0004965252
0.0004966382
0.0004966478
0.0004966578
0.0004967611
0.0004965137
0.0004965413
0.0004967699
0.0004966068
0.0004965106
0.0004966347
0.0004966246
0.000496373
0.0004965281
0.000496504
0.0004966996
0.0004965968
0.0004966502
0.0004966633
0.0004968489
0.0004967093
0.000496614
0.0004966075
0.0004967361
0.0004967016
0.0004965858
0.0004966216
0.0004967234
0.0004966208
0.0004966761
0.0004965579
0.0004967814
0.0004967174
0.0004967254
0.0004967841
0.0004967823
0.0004966099
0.0004966443
0.0004967628
0.0004967486
0.0004965599
0.0004966403
0.0004966377
0.0004966358
0.0004967373
0.000496555
0.000496556
0.0004966982
0.0004965784
0.0004964412
0.0004965886
0.0004965093
0.0004963614
0.0004964967
0.0004964192
0.0004966375
0.0004965479
0.0004965636
0.0004966137
0.0004967721
0.0004966043
0.0004965567
0.0004965352
0.0004966656
0.0004966424
0.0004965607
0.0004965561
0.0004966628
0.0004965587
0.0004966063
0.0004964841
0.0004966878
0.0004966742
0.0004966781
0.0004967293
0.0004966894
0.0004965486
0.000496598
0.0004967106
0.0004966914
0.0004965538
0.0004966319
0.0004965733
0.0004965979
0.000496691
0.0004965399
0.0004964586
0.0004966186
0.000496592
0.0004965788
0.0004965723
0.0004964741
0.0004963769
0.0004966593
0.0004966104
0.0004966163
0.0004966304
0.000496514
0.0004968973
0.0004969124
0.0004968723
0.0004967242
0.0004966053
0.0004969333
0.0004969167
0.0004968445
0.0004967669
0.0004966805
0.0004969849
0.0004970163
0.0004970111
0.0004969263
0.00049681
0.0004966552
0.0004966063
0.0004965886
0.00049659
0.000496524
0.000496797
0.0004967679
0.0004967162
0.0004966732
0.0004966245
0.0004967352
0.0004967088
0.0004966778
0.0004966479
0.0004966083
0.0004968223
0.0004968401
0.0004968124
0.0004967212
0.0004966789
0.0004970245
0.0004970385
0.0004969698
0.0004968077
0.0004966929
0.0004969513
0.0004969248
0.0004968013
0.0004967253
0.0004967565
0.0004967933
0.0004967512
0.0004966992
0.000496703
0.0004966911
0.0004965102
0.0004964816
0.0004964943
0.0004964877
0.0004964551
0.0004965517
0.0004964922
0.0004965059
0.0004965677
0.0004965132
0.0004968601
0.0004968228
0.000496806
0.0004968489
0.0004967893
0.0004968764
0.0004968574
0.0004968593
0.0004968903
0.0004967999
0.0004966762
0.000496635
0.0004966303
0.0004966323
0.0004965387
0.0004967603
0.0004967143
0.0004966563
0.000496648
0.0004966257
0.0004967232
0.0004966774
0.0004966299
0.0004966162
0.0004965711
0.0004968422
0.0004968217
0.0004967699
0.0004966982
0.0004966186
0.0004964148
0.0004963601
0.0004963614
0.0004963786
0.0004963732
0.0004964697
0.0004965398
0.0004962428
0.0004964049
0.0004963846
0.0004965172
0.0004963377
0.0004965773
0.0004963898
0.0004963946
0.0004964086
0.0004964768
0.0004961954
0.0004966169
0.0004963685
0.0004963755
0.0004964713
0.0004964962
0.0004963729
0.0004966616
0.0004962878
0.0004964604
0.0004964165
0.0004964505
0.0004964444
0.0004965699
0.0004967098
0.0004964879
0.0004965278
0.0004962975
0.0004965309
0.0004964532
0.0004964647
0.0004965792
0.0004962854
0.0004962868
0.0004962479
0.000496209
0.0004962164
0.0004962378
0.0004963058
0.0004963853
0.0004960966
0.0004962333
0.0004962277
0.0004963555
0.0004961872
0.0004964353
0.000496232
0.0004962751
0.0004962446
0.0004963095
0.0004960282
0.0004964484
0.000496219
0.0004962111
0.0004963105
0.0004963261
0.0004962484
0.0004965032
0.0004961167
0.0004962884
0.0004962505
0.000496285
0.0004962682
0.0004964245
0.000496568
0.0004963316
0.0004963571
0.0004961283
0.0004963438
0.0004962904
0.0004963317
0.0004964563
0.0004961709
0.0004961973
0.0004961615
0.0004961317
0.0004961214
0.0004961408
0.0004962013
0.0004962907
0.0004960051
0.0004961257
0.0004961282
0.00049625
0.0004961045
0.0004963376
0.0004961381
0.0004961768
0.0004961411
0.0004962102
0.0004959339
0.0004963474
0.0004961275
0.0004961115
0.0004962077
0.000496222
0.0004961562
0.0004964012
0.0004960221
0.0004961793
0.0004961539
0.0004961773
0.0004961677
0.000496325
0.0004964687
0.0004962284
0.0004962561
0.0004960225
0.0004962327
0.0004961899
0.0004962182
0.0004963613
0.0004960719
0.0004961347
0.0004961
0.0004960783
0.0004960593
0.0004960742
0.0004961315
0.0004962254
0.0004959392
0.0004960538
0.0004960594
0.000496181
0.0004960457
0.0004962708
0.0004960742
0.0004961083
0.0004960718
0.0004961422
0.0004958677
0.0004962817
0.0004960664
0.0004960462
0.0004961373
0.0004961524
0.0004960936
0.0004963314
0.00049596
0.0004961073
0.0004960875
0.0004961039
0.0004961008
0.0004962538
0.0004964019
0.0004961556
0.0004961879
0.0004959506
0.0004961601
0.0004961218
0.0004961401
0.000496291
0.0004960029
0.0004961008
0.0004960658
0.000496048
0.0004960279
0.0004960387
0.0004960936
0.0004961906
0.0004959036
0.000496017
0.0004960221
0.0004961436
0.0004960129
0.0004962354
0.0004960405
0.0004960717
0.0004960356
0.0004961056
0.0004958301
0.0004962461
0.000496032
0.0004960109
0.0004960994
0.0004961153
0.0004960596
0.0004962939
0.0004959275
0.000496071
0.0004960511
0.0004960645
0.0004960651
0.0004962157
0.0004963662
0.0004961167
0.0004961507
0.0004959127
0.000496121
0.0004960851
0.0004960977
0.0004962529
0.0004959652
0.0004964148
0.0004962868
0.0004961973
0.0004961347
0.0004961008
0.0004965189
0.0004963662
0.0004962683
0.000496206
0.0004961732
0.0004961685
0.0004960432
0.0004959614
0.0004959024
0.0004958707
0.0004962406
0.0004961086
0.0004960276
0.0004959695
0.0004959375
0.000496511
0.0004963968
0.0004963075
0.0004962437
0.0004962095
0.0004965089
0.0004964089
0.0004963211
0.0004962606
0.0004962275
0.000496387
0.0004962432
0.0004961526
0.000496089
0.0004960536
0.0004963846
0.0004962384
0.0004961513
0.0004960899
0.0004960564
0.0004962592
0.0004961183
0.000496032
0.0004959708
0.0004959378
0.0004964605
0.0004963127
0.0004962195
0.0004961545
0.0004961192
0.0004965688
0.0004964418
0.0004963471
0.0004962814
0.0004962458
0.0004965225
0.0004963753
0.0004962893
0.0004962296
0.0004961975
0.000496505
0.0004963613
0.0004962798
0.0004962219
0.0004961887
0.0004963089
0.0004961625
0.0004960899
0.0004960394
0.0004960101
0.0004964804
0.000496351
0.0004962738
0.0004962234
0.0004961947
0.0004964401
0.0004963083
0.0004962298
0.0004961752
0.000496144
0.0004965571
0.0004964271
0.000496334
0.0004962703
0.0004962365
0.0004963495
0.000496229
0.0004961394
0.0004960777
0.0004960444
0.0004964231
0.0004962648
0.0004961783
0.0004961209
0.0004960914
0.0004964009
0.0004962403
0.0004961538
0.0004960967
0.000496065
0.0004964009
0.0004962519
0.0004964317
0.0004964131
0.0004961722
0.0004962968
0.0004962974
0.0004964598
0.0004963758
0.000496369
0.0004964508
0.000496578
0.0004964851
0.0004963845
0.0004964051
0.0004964764
0.0004964744
0.000496391
0.0004964156
0.0004965153
0.0004963888
0.0004964764
0.0004963003
0.000496557
0.000496486
0.0004965044
0.0004965386
0.0004965435
0.0004963733
0.0004964262
0.0004965375
0.0004964965
0.0004963848
0.0004964626
0.0004963979
0.0004964418
0.0004965333
0.0004963528
0.0004962558
0.0004964906
0.0004962403
0.0004960879
0.0004962678
0.0004963038
0.0004960113
0.0004961337
0.000496166
0.0004962974
0.0004962105
0.0004962059
0.0004962854
0.000496409
0.0004963682
0.000496221
0.0004962679
0.0004963088
0.0004963062
0.0004962274
0.0004962756
0.0004963675
0.0004962341
0.0004963377
0.0004961453
0.0004964299
0.0004963279
0.0004963489
0.0004963772
0.0004964098
0.0004962123
0.000496261
0.0004963693
0.0004963255
0.0004962245
0.000496299
0.000496245
0.0004962892
0.0004963726
0.0004961916
0.0004960963
0.0004963614
0.0004961538
0.0004959918
0.0004961672
0.0004962073
0.0004959286
0.0004960491
0.0004960674
0.000496193
0.0004961117
0.0004961011
0.0004961825
0.0004963128
0.0004962667
0.0004961184
0.0004961686
0.0004962026
0.0004962035
0.0004961309
0.0004961789
0.0004962658
0.0004961379
0.0004962381
0.0004960471
0.0004963336
0.0004962382
0.0004962555
0.0004962806
0.0004963193
0.000496112
0.000496164
0.0004962659
0.0004962347
0.0004961349
0.0004962107
0.0004961482
0.0004961977
0.0004962731
0.0004961053
0.0004959969
0.0004962643
0.0004960967
0.0004959281
0.0004960981
0.0004961461
0.0004958725
0.000495992
0.0004960004
0.0004961225
0.0004960481
0.000496031
0.0004961122
0.0004962507
0.0004961972
0.0004960485
0.0004961003
0.0004961335
0.0004961386
0.0004960648
0.0004961132
0.0004961943
0.0004960714
0.0004961715
0.0004959783
0.0004962676
0.0004961759
0.0004961903
0.0004962145
0.0004962572
0.0004960422
0.0004960999
0.000496196
0.0004961747
0.000496076
0.0004961482
0.0004960806
0.0004961353
0.0004962064
0.0004960413
0.0004959271
0.0004961986
0.000496065
0.000495894
0.0004960605
0.0004961135
0.0004958421
0.0004959606
0.0004959656
0.0004960849
0.0004960153
0.0004959947
0.0004960742
0.0004962173
0.0004961596
0.0004960109
0.0004960633
0.0004960982
0.0004961049
0.0004960277
0.0004960784
0.0004961559
0.0004960351
0.0004961361
0.0004959421
0.0004962326
0.0004961414
0.000496155
0.0004961782
0.0004962239
0.0004960045
0.000496067
0.0004961581
0.0004961414
0.0004960437
0.0004961127
0.0004960441
0.0004961007
0.0004961707
0.0004960036
0.0004958891
0.0004961634
0.0004962854
0.0004961709
0.0004960719
0.0004960029
0.0004959652
0.0004963107
0.0004961669
0.00049607
0.0004959995
0.0004959613
0.0004965231
0.0004964216
0.0004963207
0.0004962489
0.0004962098
0.000496508
0.0004963489
0.0004962474
0.0004961799
0.0004961434
0.0004966687
0.0004965351
0.0004964309
0.0004963636
0.0004963295
0.00049635
0.0004962029
0.0004961121
0.0004960482
0.0004960133
0.0004964711
0.0004963192
0.0004962237
0.0004961568
0.0004961204
0.0004964812
0.0004963462
0.0004962553
0.0004961939
0.0004961614
0.0004965866
0.000496462
0.0004963781
0.0004963191
0.0004962867
0.0004966198
0.0004965244
0.0004964285
0.0004963651
0.0004963313
0.0004966572
0.0004965024
0.0004964091
0.0004963447
0.000496308
0.0004965334
0.0004963745
0.0004962829
0.0004962204
0.0004961854
0.0004963183
0.00049617
0.0004960843
0.0004960263
0.0004959937
0.0004963196
0.0004961702
0.0004960867
0.0004960286
0.0004959963
0.0004965866
0.0004964305
0.0004963401
0.0004962792
0.0004962464
0.0004965982
0.00049646
0.0004963701
0.0004963023
0.0004962646
0.0004963471
0.0004961925
0.0004960926
0.0004960249
0.0004959886
0.000496466
0.0004963044
0.0004962033
0.0004961317
0.0004960918
0.0004964014
0.0004962417
0.0004961422
0.0004960719
0.0004960333
0.0004964906
0.0004963614
0.0004962643
0.0004961986
0.0004961634
)
;
    }
    air_to_interconnect
    {
        type            calculated;
        value           nonuniform List<scalar> 
1600
(
0.0004977312
0.0004977304
0.0004977312
0.0004977339
0.0004977331
0.0004977288
0.0004977313
0.0004977339
0.000497736
0.0004977352
0.0004977315
0.0004977273
0.0004977313
0.000497734
0.000497736
0.0004977378
0.000497737
0.0004977336
0.00049773
0.0004977257
0.0004977313
0.000497734
0.000497736
0.0004977378
0.0004977396
0.0004977387
0.0004977354
0.000497732
0.0004977284
0.0004977241
0.0004977313
0.000497734
0.000497736
0.0004977378
0.0004977396
0.0004977413
0.0004977405
0.0004977371
0.0004977338
0.0004977304
0.0004977268
0.0004977225
0.000497655
0.0004977313
0.000497734
0.000497736
0.0004977378
0.0004977396
0.0004977413
0.0004977431
0.0004977423
0.0004977389
0.0004977355
0.0004977322
0.0004977288
0.0004977252
0.0004977209
0.0004976551
0.0004976574
0.0004977313
0.000497734
0.000497736
0.0004977378
0.0004977396
0.0004977413
0.0004977431
0.0004977449
0.0004977441
0.0004977407
0.0004977373
0.0004977339
0.0004977306
0.0004977272
0.0004977235
0.0004977193
0.0004976578
0.0004976605
0.0004976617
0.0004977312
0.000497734
0.000497736
0.0004977378
0.0004977396
0.0004977413
0.0004977431
0.0004977449
0.0004977467
0.0004977459
0.0004977425
0.0004977391
0.0004977357
0.0004977323
0.000497729
0.0004977255
0.0004977219
0.0004977176
0.0004976629
0.0004976613
0.0004976648
0.000497665
0.0004977312
0.0004977339
0.000497736
0.0004977378
0.0004977396
0.0004977413
0.0004977431
0.0004977449
0.0004977467
0.0004977486
0.0004977478
0.0004977443
0.0004977409
0.0004977375
0.0004977341
0.0004977307
0.0004977274
0.0004977239
0.0004977203
0.0004977159
0.0004976743
0.000497663
0.0004976688
0.0004976716
0.0004976626
0.0004977339
0.0004977304
0.000497736
0.0004977378
0.0004977396
0.0004977413
0.0004977431
0.0004977449
0.0004977467
0.0004977486
0.0004977505
0.0004977497
0.0004977462
0.0004977427
0.0004977393
0.0004977359
0.0004977325
0.0004977291
0.0004977258
0.0004977223
0.0004977187
0.0004976754
0.0004976653
0.0004976738
0.000497667
0.0004976603
0.000497736
0.0004977331
0.0004977288
0.0004977378
0.0004977396
0.0004977413
0.0004977431
0.0004977449
0.0004977467
0.0004977486
0.0004977505
0.0004977524
0.0004977516
0.0004977481
0.0004977446
0.0004977411
0.0004977377
0.0004977343
0.0004977309
0.0004977275
0.0004977241
0.0004977207
0.0004976755
0.0004976727
0.0004976727
0.0004976676
0.0004976552
0.0004977378
0.0004977352
0.0004977315
0.0004977273
0.0004977396
0.0004977413
0.0004977431
0.0004977449
0.0004977467
0.0004977486
0.0004977505
0.0004977524
0.0004977543
0.0004977535
0.00049775
0.0004977464
0.000497743
0.0004977395
0.000497736
0.0004977326
0.0004977293
0.0004977259
0.0004977225
0.0004976802
0.000497669
0.0004976734
0.0004976627
0.0004976567
0.0004977396
0.000497737
0.0004977336
0.00049773
0.0004977257
0.0004977413
0.0004977431
0.0004977449
0.0004977467
0.0004977486
0.0004977505
0.0004977524
0.0004977543
0.0004977563
0.0004977555
0.0004977519
0.0004977484
0.0004977448
0.0004977413
0.0004977379
0.0004977344
0.000497731
0.0004977277
0.0004977243
0.0004976772
0.0004976703
0.0004976674
0.0004976618
0.0004976602
0.0004977413
0.0004977387
0.0004977354
0.000497732
0.0004977284
0.0004977241
0.0004977431
0.0004977449
0.0004977467
0.0004977486
0.0004977505
0.0004977524
0.0004977543
0.0004977563
0.0004977583
0.0004977575
0.0004977539
0.0004977503
0.0004977468
0.0004977432
0.0004977397
0.0004977363
0.0004977328
0.0004977294
0.000497726
0.0004976787
0.0004976684
0.0004976621
0.0004976672
0.0004976653
0.0004977431
0.0004977405
0.0004977371
0.0004977338
0.0004977304
0.0004977268
0.0004977225
0.0004977449
0.0004977467
0.0004977486
0.0004977505
0.0004977524
0.0004977543
0.0004977563
0.0004977583
0.0004977604
0.0004977596
0.0004977559
0.0004977523
0.0004977487
0.0004977452
0.0004977416
0.0004977381
0.0004977347
0.0004977312
0.0004977278
0.0004976739
0.0004976654
0.0004976698
0.0004976722
0.0004976663
0.0004977449
0.0004977423
0.0004977389
0.0004977355
0.0004977322
0.0004977288
0.0004977252
0.0004977209
0.0004977467
0.0004977486
0.0004977505
0.0004977524
0.0004977543
0.0004977563
0.0004977583
0.0004977604
0.0004977624
0.0004977616
0.000497758
0.0004977543
0.0004977507
0.0004977471
0.0004977435
0.00049774
0.0004977365
0.0004977331
0.0004977296
0.0004976771
0.000497668
0.0004976761
0.0004976733
0.000497676
0.0004977467
0.0004977441
0.0004977407
0.0004977373
0.0004977339
0.0004977306
0.0004977272
0.0004977235
0.0004977193
0.0004977486
0.0004977505
0.0004977524
0.0004977543
0.0004977563
0.0004977583
0.0004977604
0.0004977624
0.0004977645
0.0004977637
0.00049776
0.0004977563
0.0004977527
0.0004977491
0.0004977455
0.0004977419
0.0004977384
0.0004977349
0.0004977314
0.0004976771
0.0004976788
0.0004976788
0.0004976795
0.000497669
0.0004977486
0.0004977459
0.0004977425
0.0004977391
0.0004977357
0.0004977323
0.000497729
0.0004977255
0.0004977219
0.0004977176
0.0004977505
0.0004977524
0.0004977543
0.0004977563
0.0004977583
0.0004977604
0.0004977624
0.0004977645
0.0004977666
0.0004977658
0.0004977621
0.0004977584
0.0004977547
0.0004977511
0.0004977475
0.0004977439
0.0004977403
0.0004977368
0.0004977333
0.0004976826
0.000497681
0.0004976839
0.0004976734
0.0004976749
0.0004977505
0.0004977478
0.0004977443
0.0004977409
0.0004977375
0.0004977341
0.0004977307
0.0004977274
0.0004977239
0.0004977203
0.000497716
0.0004977524
0.0004977543
0.0004977563
0.0004977583
0.0004977604
0.0004977624
0.0004977645
0.0004977666
0.0004977688
0.000497768
0.0004977642
0.0004977605
0.0004977568
0.0004977531
0.0004977495
0.0004977459
0.0004977423
0.0004977387
0.0004977352
0.0004976909
0.0004976854
0.0004976824
0.0004976794
0.0004976761
0.0004976765
0.0004977524
0.0004977497
0.0004977462
0.0004977427
0.0004977393
0.0004977359
0.0004977325
0.0004977291
0.0004977258
0.0004977223
0.0004977187
0.0004977543
0.0004977563
0.0004977583
0.0004977604
0.0004977624
0.0004977645
0.0004977666
0.0004977688
0.0004977709
0.0004977701
0.0004977664
0.0004977626
0.0004977589
0.0004977552
0.0004977515
0.0004977479
0.0004977443
0.0004977407
0.0004977371
0.0004976897
0.0004976809
0.0004976899
0.0004976817
0.0004976735
0.0004976682
0.000497677
0.0004977543
0.0004977516
0.0004977481
0.0004977446
0.0004977411
0.0004977377
0.0004977343
0.0004977309
0.0004977275
0.0004977241
0.0004977207
0.0004977563
0.0004977583
0.0004977604
0.0004977624
0.0004977645
0.0004977666
0.0004977688
0.0004977709
0.0004977731
0.0004977723
0.0004977685
0.0004977647
0.000497761
0.0004977573
0.0004977536
0.0004977499
0.0004977463
0.0004977427
0.0004977391
0.0004976896
0.0004976855
0.0004976934
0.000497679
0.000497684
0.0004976695
0.0004976706
0.0004976672
0.0004977563
0.0004977535
0.00049775
0.0004977464
0.000497743
0.0004977395
0.000497736
0.0004977326
0.0004977293
0.0004977259
0.0004977225
0.0004977583
0.0004977604
0.0004977624
0.0004977645
0.0004977666
0.0004977688
0.0004977709
0.0004977731
0.0004977753
0.0004977745
0.0004977707
0.0004977669
0.0004977631
0.0004977594
0.0004977557
0.000497752
0.0004977483
0.0004977447
0.0004977411
0.0004976926
0.0004976901
0.0004976889
0.0004976873
0.0004976935
0.0004976664
0.0004976742
0.0004976671
0.000497673
0.0004977583
0.0004977555
0.0004977519
0.0004977484
0.0004977448
0.0004977413
0.0004977379
0.0004977344
0.000497731
0.0004977277
0.0004977243
0.0004977604
0.0004977624
0.0004977645
0.0004977666
0.0004977688
0.0004977709
0.0004977731
0.0004977753
0.0004977776
0.0004977768
0.0004977729
0.0004977691
0.0004977653
0.0004977615
0.0004977578
0.0004977541
0.0004977504
0.0004977467
0.0004977431
0.0004976995
0.000497686
0.0004976967
0.0004976969
0.0004976883
0.0004976667
0.0004976717
0.0004976661
0.0004976694
0.000497673
0.0004977604
0.0004977575
0.0004977539
0.0004977503
0.0004977468
0.0004977432
0.0004977397
0.0004977363
0.0004977328
0.0004977294
0.000497726
0.0004977624
0.0004977645
0.0004977666
0.0004977688
0.0004977709
0.0004977731
0.0004977753
0.0004977776
0.0004977799
0.0004977791
0.0004977752
0.0004977713
0.0004977675
0.0004977637
0.0004977599
0.0004977562
0.0004977525
0.0004977488
0.0004977451
0.0004976935
0.0004976988
0.0004977032
0.0004976922
0.0004976768
0.0004976672
0.0004976621
0.0004976649
0.0004976673
0.0004976781
0.0004977624
0.0004977596
0.0004977559
0.0004977523
0.0004977487
0.0004977452
0.0004977416
0.0004977381
0.0004977347
0.0004977312
0.0004977278
0.0004977645
0.0004977666
0.0004977688
0.0004977709
0.0004977731
0.0004977753
0.0004977776
0.0004977799
0.0004977822
0.0004977814
0.0004977775
0.0004977736
0.0004977697
0.0004977659
0.0004977621
0.0004977583
0.0004977546
0.0004977509
0.0004977472
0.0004977054
0.0004977011
0.0004977031
0.0004976824
0.000497687
0.0004976563
0.0004976595
0.0004976705
0.0004976745
0.0004976792
0.0004977645
0.0004977616
0.000497758
0.0004977543
0.0004977507
0.0004977471
0.0004977435
0.00049774
0.0004977365
0.0004977331
0.0004977296
0.0004977666
0.0004977688
0.0004977709
0.0004977731
0.0004977753
0.0004977776
0.0004977799
0.0004977822
0.0004977845
0.0004977837
0.0004977798
0.0004977759
0.000497772
0.0004977681
0.0004977643
0.0004977605
0.0004977567
0.000497753
0.0004977493
0.0004977056
0.0004977024
0.0004976955
0.0004976901
0.0004976872
0.0004976556
0.0004976654
0.0004976736
0.0004976741
0.0004976822
0.0004977666
0.0004977637
0.00049776
0.0004977564
0.0004977527
0.0004977491
0.0004977455
0.0004977419
0.0004977384
0.0004977349
0.0004977314
0.0004977688
0.0004977709
0.0004977731
0.0004977753
0.0004977776
0.0004977799
0.0004977822
0.0004977845
0.0004977869
0.0004977861
0.0004977821
0.0004977782
0.0004977743
0.0004977704
0.0004977665
0.0004977627
0.0004977589
0.0004977551
0.0004977514
0.0004977056
0.0004976974
0.0004976992
0.0004976926
0.0004976894
0.0004976637
0.0004976707
0.0004976771
0.0004976752
0.0004976806
0.0004977688
0.0004977658
0.0004977621
0.0004977584
0.0004977547
0.0004977511
0.0004977475
0.0004977439
0.0004977403
0.0004977368
0.0004977333
0.0004977709
0.0004977731
0.0004977753
0.0004977776
0.0004977799
0.0004977822
0.0004977845
0.0004977869
0.0004977893
0.0004977885
0.0004977845
0.0004977805
0.0004977766
0.0004977727
0.0004977688
0.0004977649
0.0004977611
0.0004977573
0.0004977535
0.0004977011
0.0004977011
0.0004977017
0.0004976947
0.0004976938
0.0004976669
0.000497672
0.0004976782
0.0004976738
0.0004976832
0.0004977709
0.000497768
0.0004977642
0.0004977605
0.0004977568
0.0004977531
0.0004977495
0.0004977459
0.0004977423
0.0004977387
0.0004977352
0.0004977731
0.0004977753
0.0004977776
0.0004977799
0.0004977822
0.0004977845
0.0004977869
0.0004977893
0.0004977917
0.0004977909
0.0004977869
0.0004977829
0.0004977789
0.000497775
0.0004977711
0.0004977672
0.0004977633
0.0004977595
0.0004977557
0.0004977057
0.0004977045
0.0004977057
0.0004976993
0.0004976942
0.0004976667
0.0004976698
0.0004976803
0.0004976791
0.0004976814
0.0004977731
0.0004977701
0.0004977664
0.0004977626
0.0004977589
0.0004977552
0.0004977515
0.0004977479
0.0004977443
0.0004977407
0.0004977371
0.0004977753
0.0004977776
0.0004977799
0.0004977822
0.0004977845
0.0004977869
0.0004977893
0.0004977917
0.0004977942
0.0004977934
0.0004977893
0.0004977853
0.0004977813
0.0004977773
0.0004977734
0.0004977695
0.0004977656
0.0004977617
0.0004977579
0.000497711
0.0004977033
0.0004977096
0.0004976983
0.0004977019
0.0004976641
0.0004976709
0.0004976843
0.0004976847
0.0004976912
0.0004977753
0.0004977723
0.0004977685
0.0004977647
0.000497761
0.0004977573
0.0004977536
0.0004977499
0.0004977463
0.0004977427
0.0004977391
0.0004977776
0.0004977799
0.0004977822
0.0004977845
0.0004977869
0.0004977893
0.0004977917
0.0004977942
0.0004977967
0.0004977959
0.0004977918
0.0004977877
0.0004977837
0.0004977797
0.0004977757
0.0004977718
0.0004977679
0.000497764
0.0004977601
0.0004977132
0.0004977072
0.0004977086
0.0004977054
0.0004976935
0.0004976675
0.0004976754
0.0004976832
0.0004976832
0.0004976914
0.0004977776
0.0004977745
0.0004977707
0.0004977669
0.0004977631
0.0004977594
0.0004977557
0.000497752
0.0004977483
0.0004977447
0.0004977411
0.0004977799
0.0004977822
0.0004977845
0.0004977869
0.0004977893
0.0004977917
0.0004977942
0.0004977967
0.0004977992
0.0004977984
0.0004977943
0.0004977902
0.0004977861
0.0004977821
0.0004977781
0.0004977741
0.0004977702
0.0004977662
0.0004977623
0.000497716
0.0004977107
0.000497715
0.000497698
0.0004976982
0.0004976695
0.0004976745
0.0004976806
0.0004976819
0.0004976939
0.0004977799
0.0004977768
0.0004977729
0.0004977691
0.0004977653
0.0004977615
0.0004977578
0.0004977541
0.0004977504
0.0004977467
0.0004977431
0.0004977822
0.0004977845
0.0004977869
0.0004977893
0.0004977917
0.0004977942
0.0004977967
0.0004977992
0.0004978017
0.0004978009
0.0004977968
0.0004977927
0.0004977886
0.0004977845
0.0004977805
0.0004977765
0.0004977725
0.0004977686
0.0004977646
0.0004977151
0.0004977159
0.0004977092
0.0004977015
0.0004976999
0.0004976695
0.0004976737
0.0004976831
0.0004976834
0.0004976925
0.0004977822
0.0004977791
0.0004977752
0.0004977713
0.0004977675
0.0004977637
0.0004977599
0.0004977562
0.0004977525
0.0004977488
0.0004977451
0.0004977845
0.0004977869
0.0004977893
0.0004977917
0.0004977942
0.0004977967
0.0004977992
0.0004978017
0.0004978043
0.0004978035
0.0004977993
0.0004977952
0.0004977911
0.000497787
0.0004977829
0.0004977789
0.0004977749
0.0004977709
0.0004977669
0.0004977183
0.0004977075
0.0004977119
0.0004977057
0.0004977049
0.000497665
0.0004976767
0.0004976858
0.0004976819
0.0004977
0.0004977845
0.0004977814
0.0004977775
0.0004977736
0.0004977697
0.0004977659
0.0004977621
0.0004977583
0.0004977546
0.0004977509
0.0004977472
0.0004977869
0.0004977893
0.0004977917
0.0004977942
0.0004977967
0.0004977992
0.0004978017
0.0004978043
0.0004978069
0.0004978061
0.0004978019
0.0004977977
0.0004977936
0.0004977895
0.0004977854
0.0004977813
0.0004977773
0.0004977733
0.0004977693
0.0004977151
0.0004977127
0.0004977145
0.0004977087
0.0004977059
0.0004976704
0.0004976776
0.0004976828
0.0004976951
0.000497702
0.0004977869
0.0004977837
0.0004977798
0.0004977759
0.000497772
0.0004977681
0.0004977643
0.0004977605
0.0004977567
0.000497753
0.0004977493
0.0004977893
0.0004977917
0.0004977942
0.0004977967
0.0004977992
0.0004978017
0.0004978043
0.0004978069
0.0004978095
0.0004978087
0.0004978045
0.0004978003
0.0004977961
0.000497792
0.0004977879
0.0004977838
0.0004977797
0.0004977757
0.0004977716
0.0004977148
0.0004977189
0.0004977206
0.0004977118
0.0004977021
0.0004976708
0.0004976727
0.0004976927
0.0004976958
0.0004976955
0.0004977893
0.0004977861
0.0004977821
0.0004977782
0.0004977743
0.0004977704
0.0004977665
0.0004977627
0.0004977589
0.0004977551
0.0004977514
0.0004977917
0.0004977942
0.0004977967
0.0004977992
0.0004978017
0.0004978043
0.0004978069
0.0004978095
0.0004978121
0.0004978113
0.0004978071
0.0004978028
0.0004977987
0.0004977945
0.0004977904
0.0004977863
0.0004977822
0.0004977781
0.000497774
0.0004977187
0.0004977226
0.0004977232
0.0004977087
0.0004977103
0.0004976666
0.0004976828
0.000497697
0.0004976932
0.0004977038
0.0004977918
0.0004977885
0.0004977845
0.0004977805
0.0004977766
0.0004977727
0.0004977688
0.0004977649
0.0004977611
0.0004977573
0.0004977535
0.0004977942
0.0004977967
0.0004977992
0.0004978017
0.0004978043
0.0004978069
0.0004978095
0.0004978121
0.0004978147
0.0004978139
0.0004978097
0.0004978055
0.0004978012
0.0004977971
0.0004977929
0.0004977888
0.0004977846
0.0004977806
0.0004977765
0.000497725
0.0004977234
0.0004977215
0.0004977171
0.0004977118
0.0004976768
0.0004976864
0.0004976903
0.0004976991
0.0004977018
0.0004977942
0.0004977909
0.0004977869
0.0004977829
0.0004977789
0.000497775
0.0004977711
0.0004977672
0.0004977633
0.0004977595
0.0004977557
0.0004977967
0.0004977992
0.0004978017
0.0004978043
0.0004978069
0.0004978095
0.0004978121
0.0004978147
0.0004978174
0.0004978166
0.0004978123
0.0004978081
0.0004978039
0.0004977996
0.0004977955
0.0004977913
0.0004977872
0.000497783
0.0004977789
0.0004977313
0.0004977218
0.0004977277
0.0004977204
0.0004977136
0.0004976823
0.0004976814
0.0004976965
0.0004976953
0.0004977058
0.0004977967
0.0004977934
0.0004977893
0.0004977853
0.0004977813
0.0004977773
0.0004977734
0.0004977695
0.0004977656
0.0004977617
0.0004977579
0.0004977992
0.0004978017
0.0004978043
0.0004978069
0.0004978095
0.0004978121
0.0004978148
0.0004978174
0.000497815
0.0004978107
0.0004978065
0.0004978023
0.000497798
0.0004977939
0.0004977897
0.0004977855
0.0004977814
0.0004977252
0.0004977261
0.0004977321
0.0004977194
0.0004977163
0.0004976765
0.0004976856
0.0004976971
0.0004976991
0.0004977079
0.0004977992
0.0004977959
0.0004977918
0.0004977877
0.0004977837
0.0004977797
0.0004977757
0.0004977718
0.0004977678
0.000497764
0.0004977601
0.0004978017
0.0004978043
0.0004978069
0.0004978095
0.0004978121
0.0004978148
0.0004978174
0.0004978134
0.0004978092
0.0004978049
0.0004978007
0.0004977964
0.0004977922
0.0004977881
0.0004977839
0.0004977355
0.0004977287
0.0004977333
0.0004977211
0.0004977161
0.0004976829
0.0004976865
0.0004976985
0.0004977028
0.00049771
0.0004978017
0.0004977984
0.0004977943
0.0004977902
0.0004977861
0.0004977821
0.0004977781
0.0004977741
0.0004977702
0.0004977662
0.0004977623
0.0004978043
0.0004978069
0.0004978095
0.0004978121
0.0004978148
0.0004978174
0.0004978118
0.0004978076
0.0004978033
0.0004977991
0.0004977948
0.0004977906
0.0004977865
0.0004977355
0.0004977282
0.0004977337
0.0004977219
0.0004977193
0.0004976827
0.0004976893
0.0004977017
0.0004977031
0.0004977077
0.0004978043
0.0004978009
0.0004977968
0.0004977927
0.0004977886
0.0004977845
0.0004977805
0.0004977765
0.0004977725
0.0004977686
0.0004977646
0.0004978069
0.0004978095
0.0004978121
0.0004978148
0.0004978174
0.0004978103
0.000497806
0.0004978017
0.0004977975
0.0004977932
0.000497789
0.0004977361
0.0004977322
0.0004977345
0.0004977246
0.0004977222
0.0004976838
0.0004976947
0.0004977059
0.0004977056
0.0004977165
0.0004978069
0.0004978035
0.0004977993
0.0004977952
0.0004977911
0.000497787
0.0004977829
0.0004977789
0.0004977749
0.0004977709
0.0004977669
0.0004978095
0.0004978121
0.0004978148
0.0004978174
0.0004978087
0.0004978044
0.0004978001
0.0004977958
0.0004977916
0.0004977424
0.0004977418
0.0004977376
0.0004977286
0.0004977228
0.0004976901
0.0004976998
0.0004977011
0.0004977069
0.0004977212
0.0004978095
0.0004978061
0.0004978019
0.0004977977
0.0004977936
0.0004977895
0.0004977854
0.0004977813
0.0004977773
0.0004977733
0.0004977693
0.0004978121
0.0004978148
0.0004978174
0.0004978072
0.0004978028
0.0004977985
0.0004977942
0.0004977412
0.000497742
0.0004977402
0.000497728
0.0004976952
0.0004976949
0.0004977096
0.0004977124
0.0004977167
0.0004978121
0.0004978087
0.0004978045
0.0004978003
0.0004977961
0.000497792
0.0004977879
0.0004977838
0.0004977797
0.0004977757
0.0004977717
0.0004978147
0.0004978174
0.0004978056
0.0004978012
0.0004977969
0.000497747
0.0004977429
0.0004977391
0.0004976908
0.0004977001
0.0004977149
0.0004977095
0.0004977184
0.0004978147
0.0004978113
0.0004978071
0.0004978028
0.0004977987
0.0004977945
0.0004977904
0.0004977863
0.0004977822
0.0004977781
0.000497774
0.0004978174
0.000497804
0.0004977996
0.0004977436
0.0004977357
0.0004976963
0.0004977026
0.0004977148
0.0004977093
0.0004977236
0.0004978174
0.0004978139
0.0004978097
0.0004978055
0.0004978012
0.0004977971
0.0004977929
0.0004977888
0.0004977846
0.0004977806
0.0004977765
0.0004978024
0.0004977469
0.0004976995
0.0004977023
0.0004977148
0.0004977173
0.0004977305
0.0004978166
0.0004978123
0.0004978081
0.0004978039
0.0004977996
0.0004977955
0.0004977913
0.0004977872
0.000497783
0.000497779
0.0004976964
0.0004977003
0.0004977165
0.0004977197
0.0004977347
0.000497815
0.0004978107
0.0004978065
0.0004978023
0.000497798
0.0004977938
0.0004977897
0.0004977855
0.0004977814
0.0004976957
0.0004977046
0.0004977233
0.000497728
0.0004977385
0.0004978134
0.0004978092
0.0004978049
0.0004978007
0.0004977964
0.0004977922
0.0004977881
0.0004977839
0.000497698
0.0004977122
0.0004977247
0.0004977217
0.0004977319
0.0004978118
0.0004978076
0.0004978033
0.0004977991
0.0004977948
0.0004977906
0.0004977865
0.0004977073
0.0004977142
0.0004977289
0.0004977223
0.0004977363
0.0004978103
0.000497806
0.0004978017
0.0004977974
0.0004977932
0.000497789
0.0004977088
0.0004977184
0.0004977205
0.000497724
0.0004977344
0.0004978087
0.0004978044
0.0004978001
0.0004977958
0.0004977916
0.0004977131
0.000497714
0.0004977305
0.0004977371
0.0004977399
0.0004978072
0.0004978028
0.0004977985
0.0004977942
0.00049771
0.0004977208
0.0004977352
0.0004977383
0.0004977388
0.0004978056
0.0004978012
0.0004977969
0.000497715
0.0004977256
0.0004977344
0.0004977337
0.0004977448
0.000497804
0.0004977996
0.0004977187
0.0004977265
0.0004977327
0.0004977388
0.0004977504
0.0004978024
0.0004977208
0.0004977242
0.0004977397
0.0004977426
0.0004977544
0.0004977193
0.0004977293
0.0004977488
0.0004977483
0.0004977258
0.00049774
0.0004977468
0.0004977358
0.0004977369
0.0004977306
)
;
    }
    air_to_electrolyte
    {
        type            calculated;
        value           nonuniform List<scalar> 
800
(
0.0004961008
0.0004961732
0.0004960658
0.0004958707
0.0004960365
0.0004960479
0.0004959375
0.0004962032
0.0004960913
0.0004960278
0.0004962094
0.0004959128
0.0004961042
0.0004958704
0.0004960387
0.0004962275
0.0004960272
0.0004963731
0.0004958796
0.0004960413
0.0004960936
0.0004960536
0.0004961981
0.0004959187
0.0004959153
0.0004960446
0.0004959795
0.0004961906
0.0004960564
0.0004964333
0.000496319
0.0004960322
0.0004960386
0.0004960678
0.0004960483
0.0004959036
0.0004959377
0.0004960541
0.0004963647
0.0004961442
0.0004961099
0.0004960202
0.0004960117
0.0004961148
0.000496017
0.0004961191
0.0004959241
0.0004961521
0.0004958755
0.0004959245
0.0004960382
0.0004960714
0.0004960927
0.0004959812
0.0004960221
0.0004962458
0.0004958577
0.0004961378
0.0004959747
0.00049602
0.0004961642
0.0004962453
0.00049603
0.0004959944
0.0004960388
0.0004961435
0.0004961975
0.0004959886
0.0004961509
0.0004960602
0.0004960118
0.000496067
0.0004962744
0.0004960756
0.00049621
0.0004960024
0.0004960554
0.0004960128
0.0004961887
0.0004960228
0.0004961909
0.0004960604
0.0004959653
0.0004961933
0.0004961962
0.0004961277
0.0004962603
0.0004960403
0.0004961344
0.0004960464
0.0004962354
0.0004960101
0.0004961193
0.0004961889
0.0004962928
0.0004961151
0.0004961985
0.0004961881
0.0004961137
0.0004960924
0.0004959831
0.0004960189
0.0004961681
0.0004961583
0.0004960405
0.0004961946
0.0004963161
0.0004960504
0.0004961716
0.0004961098
0.0004960091
0.0004962774
0.0004961408
0.0004961838
0.0004960687
0.0004960946
0.0004961464
0.0004961815
0.0004960159
0.0004960716
0.000496144
0.0004962867
0.0004961385
0.0004960523
0.0004962539
0.000496401
0.0004962641
0.0004962606
0.0004961329
0.0004960876
0.0004960544
0.0004961597
0.0004961059
0.000495991
0.0004960454
0.0004960356
0.0004962365
0.0004962433
0.0004962887
0.0004963144
0.000496092
0.0004963826
0.0004962117
0.0004960496
0.0004961596
0.0004960282
0.0004961636
0.0004962108
0.0004961207
0.0004960225
0.0004959518
0.0004960985
0.0004961056
0.0004960444
0.0004959779
0.0004960749
0.0004962058
0.000496308
0.0004961237
0.0004960433
0.0004960949
0.0004960134
0.0004962264
0.0004961205
0.0004962164
0.000496093
0.000496113
0.0004958307
0.0004960217
0.0004959769
0.0004958301
0.0004960914
0.0004958846
0.0004959229
0.0004962737
0.0004960627
0.0004960056
0.0004962757
0.000496044
0.0004960375
0.0004960806
0.0004961688
0.0004960996
0.0004959901
0.0004959109
0.0004958785
0.0004958751
0.0004960104
0.0004959828
0.0004962461
0.000496065
0.0004959495
0.0004959731
0.0004959631
0.0004960898
0.0004960937
0.0004961603
0.0004962031
0.0004960412
0.0004961305
0.0004961216
0.0004961877
0.0004960007
0.0004961843
0.0004964044
0.0004960632
0.0004960766
0.0004959746
0.0004959695
0.0004960319
0.000495894
0.0004960444
0.0004960528
0.0004962047
0.0004963095
0.0004960929
0.0004961803
0.0004962548
0.0004962922
0.000496036
0.0004961273
0.000496197
0.0004961541
0.000496075
0.0004962929
0.0004958735
0.0004959956
0.0004960551
0.0004963623
0.0004960109
0.0004960605
0.0004960125
0.0004962329
0.000495973
0.0004960953
0.0004960773
0.0004961491
0.0004960937
0.0004961313
0.000496248
0.0004960756
0.0004959804
0.000496088
0.0004960685
0.0004959534
0.0004959657
0.0004959877
0.0004962287
0.0004960637
0.0004960994
0.0004961135
0.0004963003
0.0004960354
0.000496004
0.0004960738
0.000496149
0.0004960439
0.000496172
0.0004961796
0.0004962457
0.0004960258
0.000496078
0.0004960315
0.0004959856
0.0004961175
0.0004959018
0.0004960864
0.0004961892
0.0004960611
0.0004961152
0.0004958421
0.0004959359
0.000495966
0.0004960768
0.0004960262
0.0004962787
0.0004960627
0.0004962148
0.0004961967
0.0004961383
0.0004962719
0.0004961218
0.0004962127
0.0004960252
0.0004959733
0.0004962219
0.000495923
0.0004959922
0.0004960286
0.0004960595
0.0004959606
0.0004959859
0.000495935
0.0004960984
0.0004961119
0.0004961079
0.0004960588
0.0004962757
0.0004961334
0.0004962032
0.0004960709
0.0004962429
0.0004960665
0.000496034
0.0004961241
0.0004960561
0.0004960965
0.0004960903
0.0004960055
0.0004962939
0.0004959655
0.0004960315
0.0004960129
0.0004961672
0.0004960559
0.0004960978
0.0004960472
0.0004961292
0.0004961395
0.0004962116
0.0004962464
0.0004960918
0.0004959956
0.0004960863
0.00049606
0.0004961886
0.00049597
0.000495952
0.0004960309
0.0004959274
0.0004960848
0.0004960253
0.0004959705
0.0004962211
0.0004962699
0.000496074
0.0004960505
0.0004960892
0.0004963931
0.0004957834
0.0004962672
0.0004960663
0.0004960942
0.0004960403
0.0004961211
0.0004960158
0.0004960648
0.0004960255
0.0004960545
0.000496071
0.0004960153
0.0004961955
0.0004960441
0.0004961842
0.0004959962
0.0004962023
0.0004960461
0.0004962173
0.00049595
0.0004962173
0.0004959768
0.0004959733
0.0004960057
0.0004962988
0.0004960656
0.0004960106
0.0004960244
0.0004959869
0.0004961211
0.0004960511
0.0004959946
0.0004960976
0.0004959623
0.0004959793
0.0004963121
0.0004959405
0.0004961077
0.0004962995
0.0004961302
0.0004960149
0.0004960343
0.0004960809
0.0004961359
0.0004961252
0.0004960562
0.00049598
0.0004959932
0.0004961046
0.0004962262
0.0004960645
0.0004960742
0.0004962467
0.0004959597
0.0004959547
0.000496277
0.0004960043
0.0004960977
0.00049613
0.0004960134
0.0004960084
0.0004961781
0.0004960666
0.0004962403
0.0004961792
0.0004959879
0.0004959982
0.0004960548
0.0004960577
0.0004960215
0.000496065
0.0004962173
0.0004961009
0.0004959851
0.0004962852
0.0004959232
0.0004959014
0.0004960719
0.000496002
0.0004960491
0.0004962955
0.0004961208
0.0004961394
0.0004960006
0.0004961212
0.0004961435
0.0004961292
0.0004960442
0.0004961526
0.0004960597
0.0004962157
0.0004961596
0.0004961864
0.0004960588
0.0004959764
0.0004959499
0.0004960903
0.0004959558
0.0004963137
0.0004961647
0.0004962205
0.0004960517
0.0004962626
0.0004961883
0.0004960129
0.0004962357
0.0004961174
0.0004961939
0.0004960709
0.0004960896
0.0004963662
0.0004960109
0.0004960575
0.0004960799
0.0004960739
0.0004960695
0.0004960204
0.0004960561
0.0004961584
0.000496132
0.0004962591
0.0004961234
0.0004960399
0.0004960463
0.0004961827
0.0004964248
0.0004962823
0.000495956
0.0004959447
0.0004961555
0.0004961166
0.0004960633
0.0004960834
0.0004960584
0.0004961194
0.0004959666
0.0004961365
0.0004962329
0.000496008
0.0004961066
0.0004962958
0.0004960908
0.0004960057
0.0004962297
0.0004961326
0.000496149
0.0004959602
0.0004960356
0.000496002
0.0004961343
0.0004961507
0.0004960982
0.0004960085
0.0004960938
0.0004959912
0.0004960277
0.0004961755
0.0004959085
0.0004960538
0.0004961865
0.0004961106
0.0004963655
0.000495906
0.000496332
0.0004960363
0.0004960697
0.0004963517
0.0004960372
0.0004959572
0.0004960535
0.0004959127
0.0004961049
0.0004960384
0.0004961056
0.0004961339
0.0004960607
0.0004960349
0.0004961167
0.0004963165
0.000496262
0.0004960407
0.0004959222
0.0004960026
0.0004960292
0.0004962054
0.0004960767
0.0004958409
0.0004961116
0.0004959974
0.0004961329
0.000496121
0.0004960277
0.0004960383
0.0004959554
0.000496019
0.000495928
0.0004961034
0.0004960338
0.0004961704
0.0004960581
0.0004958765
0.0004963654
0.0004960903
0.0004961228
0.0004960982
0.0004960199
0.0004959617
0.0004961004
0.0004960406
0.0004961615
0.0004960851
0.0004960784
0.0004961642
0.0004959852
0.0004959835
0.0004960627
0.0004961344
0.0004962403
0.0004961733
0.0004960742
0.0004960319
0.0004961628
0.000496054
0.000495942
0.0004960771
0.0004960363
0.000496016
0.0004960479
0.0004960534
0.0004961235
0.0004960977
0.0004961559
0.0004960956
0.0004960543
0.0004959816
0.0004961679
0.0004962731
0.000496107
0.0004961459
0.0004960151
0.0004961569
0.0004961493
0.0004959718
0.0004960444
0.0004962463
0.000496118
0.0004960898
0.0004961555
0.0004958763
0.0004960695
0.0004962529
0.0004960351
0.0004959843
0.0004959879
0.0004958834
0.0004960576
0.000496191
0.0004959891
0.0004960706
0.0004962207
0.0004960103
0.000496287
0.0004962535
0.000496252
0.0004961209
0.0004959316
0.0004959868
0.0004959569
0.000496053
0.0004960653
0.0004959651
0.000496136
0.000495974
0.0004960547
0.0004958547
0.0004959975
0.0004960153
0.0004962923
0.0004962307
0.000496179
0.0004960641
0.0004960971
0.0004960868
0.0004962592
0.0004961895
0.0004961963
0.0004960712
0.0004960533
0.0004960547
0.0004959613
0.000495942
0.0004959944
0.0004959626
0.0004959432
0.0004960256
0.0004959907
0.0004961032
0.0004960407
0.0004958166
0.0004961048
0.0004963386
0.0004959599
0.0004960014
0.000496125
0.0004961723
0.0004961682
0.0004960632
0.0004962098
0.0004962326
0.0004962165
0.000496214
0.0004961463
0.0004960361
0.0004962326
0.0004961215
0.0004960752
0.0004960492
0.0004961315
0.0004960605
0.0004960295
0.0004965723
0.0004960646
0.0004960551
0.0004960792
0.0004961433
0.0004961414
0.0004960875
0.0004960437
0.0004960934
0.0004959417
0.0004961301
0.0004960988
0.0004961659
0.0004960819
0.0004963544
0.0004962338
0.0004960861
0.0004961758
0.0004958966
0.0004960558
0.0004963295
0.000496155
0.0004960019
0.0004960138
0.0004960384
0.0004961539
0.0004960753
0.0004960458
0.0004959445
0.000496325
0.0004961088
0.0004960148
0.0004960656
0.0004960265
0.0004961298
0.0004960133
0.0004961782
0.0004960438
0.0004961217
0.000496093
0.0004961389
0.0004961267
0.0004960429
0.0004961996
0.0004960369
0.0004961049
0.0004960774
0.0004962307
0.000496163
0.0004961203
0.0004962239
0.0004960618
0.0004961121
0.0004959402
0.0004959327
0.0004960593
0.0004961407
0.0004960499
0.000496112
0.0004961559
0.0004961678
0.0004964146
0.0004961614
0.0004960044
0.0004959716
0.000496149
0.000495734
0.0004962026
0.0004959943
0.000496068
0.0004961529
0.0004962024
0.0004964055
0.0004960364
0.0004962867
0.0004960669
0.0004960865
0.0004960626
0.0004961474
0.0004960917
0.0004960382
0.0004960409
0.0004961704
0.0004963369
0.0004960675
0.0004963313
0.0004961581
0.000496073
0.0004960583
0.0004961567
0.0004962299
0.0004960771
0.000496062
0.0004962045
0.0004961131
0.0004963079
0.0004961414
0.0004962372
0.0004960962
0.0004960059
0.0004961149
0.0004960344
0.000496117
0.0004963125
0.0004961854
0.0004960437
0.0004960028
0.0004960015
0.0004959887
0.000496231
0.0004960783
0.0004963413
0.0004959936
0.0004961127
0.0004959795
0.0004959267
0.0004961904
0.0004960786
0.0004959794
0.0004959962
0.0004960441
0.0004960789
0.0004961491
0.0004960432
0.0004962002
0.0004962464
0.0004961007
0.0004962791
0.0004960702
0.0004961225
0.0004962645
0.0004961707
0.0004960476
0.0004959997
0.0004959885
0.0004960036
0.0004960273
0.0004960918
0.0004958891
0.0004960333
0.0004961633
)
;
    }
}


// ************************************************************************* //
