/*--------------------------------*- C++ -*----------------------------------*\
| =========                 |                                                 |
| \\      /  F ield         | OpenFOAM: The Open Source CFD Toolbox           |
|  \\    /   O peration     | Version:  2312                                  |
|   \\  /    A nd           | Website:  www.openfoam.com                      |
|    \\/     M anipulation  |                                                 |
\*---------------------------------------------------------------------------*/
FoamFile
{
    version     2.0;
    format      ascii;
    arch        "LSB;label=32;scalar=64";
    class       volScalarField;
    location    "30";
    object      contErrCp;
}
// * * * * * * * * * * * * * * * * * * * * * * * * * * * * * * * * * * * * * //

dimensions      [1 -1 -3 -1 0 0 0];

internalField   nonuniform List<scalar> 
52000
(
0
0
0
0
0
0
0
0
0
0
0
0
0
0
0
0
0
0
0
0
0
0
0
0
0
0
0
0
0
0
0
0
0
0
0
0
0
0
0
0
0
0
0
0
0
0
0
0
0
0
0
0
0
0
0
0
0
0
0
0
0
0
0
0
0
0
0
0
0
0
0
0
0
0
0
0
0
0
0
0
0
0
0
0
0
0
0
0
0
0
0
0
0
0
0
0
0
0
0
0
0
0
0
0
0
0
0
0
0
0
0
0
0
0
0
0
0
0
0
0
0
0
0
0
0
0
0
0
0
0
0
0
0
0
0
0
0
0
0
0
0
0
0
0
0
0
0
0
0
0
0
0
0
0
0
0
0
0
0
0
0
0
0
0
0
0
0
0
0
0
0
0
0
0
0
0
0
0
0
0
0
0
0
0
0
0
0
0
0
0
0
0
0
0
0
0
0
0
0
0
0
0
0
0
0
0
0
0
0
0
0
0
0
0
0
0
0
0
0
0
0
0
0
0
0
0
0
0
0
0
0
0
0
0
0
0
0
0
0
0
-0.0001051281
0
0
0
0
0
0
0
0
0
0
0
0
0
0
0
0
0
0
0
0
0
0
0
0
0
0
0
0
0
0
0
0
0
0
0
0
0
0
0
0
0
0
0
0
0
0
0
0
0
0
0
0
0
0
0
0
0
0
0
0
0
0
0
0
0
-0.0002257324
0
0
0
0
0
0.008097826
0.0156253
0
0
0
0
0
0
0
0
0
0
0
0
0
0
0
0
0
0
0
0
0
0
0
0
0
0
0
0
0
0
0
0
0
0
0
0
0
0
0
0
0
0
0
0
0
0
0
0
0
0
0
0
0
0
0
0
0
0
0
0
0
0
0
0
0
0
0
0
0
0
0.00364887
0
0
0
0
0
0.002910684
1.444661e-05
0
0
0
0
0
-0.01842962
2.002056e-05
0.01571356
0
0
0
0
0
0
0
0
0
0
0
0
0
0
0
0
0
0
0
0
0
0
0
0
0
0
0
0
0
0
0
0
0
0
0
0
0
0
0
0
0
0
0
0
0
0
0
0
0
0
0
0
0
0
0
0
0
0
0
0
0
0
0
0
0
0
0
0
0
0
0
0
0
0
0
0.008103764
0
0
0
0
0
-0.01684629
1.177316e-05
0
0
0
0
0
-0.02188184
1.474926e-05
3.251474e-05
0
0
0
0
0
-0.02144399
2.25515e-05
4.503407e-05
0.01543622
0
0
0
0
0
0
0
0
0
0
0
0
0
0
0
0
0
0
0
0
0
0
0
0
0
0
0
0
0
0
0
0
0
0
0
0
0
0
0
0
0
0
0
0
0
0
0
0
0
0
0
0
0
0
0
0
0
0
0
0
0
0
0
0
0
0
0
0
0
0
0
0
0
0
0
0
0
0
0
0
0.007128767
0
0
0
0
0
-0.01847683
2.376357e-06
0
0
0
0
0
-0.01671188
4.303409e-06
3.215757e-05
0
0
0
0
0
-0.01645142
0.002002406
4.391372e-05
4.411253e-05
0
0
0
0
0
-0.01648163
0.007167504
4.405967e-05
0.002025389
0.01532462
0
0
0
0
0
0
0
0
0
0
0
0
0
0
0
0
0
0
0
0
0
0
0
0
0
0
0
0
0
0
0
0
0
0
0
0
0
0
0
0
0
0
0
0
0
0
0
0
0
0
0
0
0
0
0
0
0
0
0
0
0
0
0
0
0
0
0
0
0
0
0
0
0
0
0
0
0
0
0
0
0
0
0
0
0
0.006657603
0
0
0
0
0
-0.02408052
2.937688e-06
0
0
0
0
0
-0.01684989
-7.709401e-06
3.217919e-05
0
0
0
0
0
-0.01666401
-1.903195e-05
4.183004e-05
4.665831e-05
0
0
0
0
0
-0.0170601
0.002077004
4.596199e-05
6.155268e-05
7.653194e-05
0
0
0
0
0
-0.01690726
0.004106089
4.769369e-05
0.0001518364
0.002914171
0.0030348
0
0
0
0
0
0
0
0
0
0
0
0
0
0
0
0
0
0
0
0
0
0
0
0
0
0
0
0
0
0
0
0
0
0
0
0
0
0
0
0
0
0
0
0
0
0
0
0
0
0
0
0
0
0
0
0
0
0
0
0
0
0
0
0
0
0
0
0
0
1.21552e-08
0
0
0
0
0
0
0
0
0
0
0
0
0
0
0
0
0
0
0
0
0.006645437
0
0
0
0
0
-0.0237171
2.35167e-06
0
0
0
0
0
-0.01688253
0.0004331279
3.253344e-05
0
0
0
0
0
-0.0167761
-7.137884e-06
4.148128e-05
0.001207359
0
0
0
0
0
-0.0168232
0.002071626
4.30521e-05
6.102967e-05
8.173628e-05
0
0
0
0
0
-0.01737334
0.005723094
4.393974e-05
6.79983e-05
9.912012e-05
0.0001305564
0
0
0
0
0
-0.01666861
0.001762289
4.401875e-05
7.976292e-05
0.001259476
0.000927247
0.2925822
0
0
0
0
0
0
0
0
0
0
0
0
0
0
0
0
0
0
0
0
0
0
0
0
0
0
0
0
0
0
0
0
0
0
0
0
0
0
0
0
0
0
0
0
0
0
0
0
0
0
0
0
0
0
0
0
0
1.257934e-08
0
0
0
0
0
0
0
0
0
0
0
0
0
0
0
1.345459e-08
2.148233e-08
0
0
0
0
0
0
0
0
0
0
0
0
0
0
0
0
0
0
0
0
0.003566022
0
0
0
0
0
-0.0157853
1.616329e-06
0
0
0
0
0
-0.01378181
0.0004130994
3.243331e-05
0
0
0
0
0
-0.01404697
-3.412461e-05
4.303378e-05
0.00173059
0
0
0
0
0
-0.0137096
0.001886677
4.324114e-05
6.238495e-05
0.001087885
0
0
0
0
0
-0.01377734
0.005680367
4.299315e-05
6.995919e-05
9.8935e-05
0.0001399329
0
0
0
0
0
-0.01401192
0.002838709
4.340005e-05
7.817385e-05
0.0001046558
0.0001587288
0.2704444
0
0
0
0
0
-0.01316881
0.001312497
4.327698e-05
8.483304e-05
0.0008468755
0.0002498258
0.294623
-1.748531e-05
0
0
0
0
0
0
0
0
0
0
0
0
0
0
0
0
0
0
0
0
0
0
0
0
0
0
0
0
0
0
0
0
0
0
0
0
0
0
0
0
0
0
0
0
1.275457e-08
0
0
0
0
0
0
0
0
0
0
0
0
0
0
0
1.385751e-08
2.203027e-08
0
0
0
0
0
0
0
0
0
0
0
0
0
0
0
1.489723e-08
2.411942e-08
3.064204e-08
0
0
0
0
0
0
0
0
0
0
0
0
0
0
0
0
0
0
0
0
-0.0002280206
0
0
0
0
0
-0.01751447
1.150882e-05
0
0
0
0
0
-0.01531308
-3.806182e-05
3.200357e-05
0
0
0
0
0
-0.01492783
-0.0001625267
4.219728e-05
0.001730559
0
0
0
0
0
-0.01657718
-0.0001127594
4.249584e-05
6.236683e-05
0.001646163
0
0
0
0
0
-0.01483314
0.002387716
4.231249e-05
7.171353e-05
9.971292e-05
0.0001430214
0
0
0
0
0
-0.01520199
0.0009183387
4.26542e-05
7.641307e-05
0.0001049711
0.0001595759
0.2933331
0
0
0
0
0
-0.01527705
-0.001443707
4.192093e-05
8.276343e-05
0.001108987
0.0001718999
0.2876248
0.04404817
0
0
0
0
0
-0.01455198
-0.0005799868
4.339687e-05
8.565632e-05
0.000938282
0.0002041262
0.2987355
0.01470253
-1.036137e-05
0
0
0
0
0
0
0
0
0
0
0
0
0
0
0
0
0
0
0
0
0
0
0
0
0
0
0
0
0
0
1.262128e-08
0
0
0
0
0
0
0
0
0
0
0
0
0
0
0
1.395002e-08
2.185283e-08
0
0
0
0
0
0
0
0
0
0
0
0
0
0
0
1.532649e-08
2.457525e-08
3.14314e-08
0
0
0
0
0
0
0
0
0
0
0
0
0
0
0
1.601622e-08
2.663486e-08
3.447005e-08
3.972492e-08
0
0
0
0
0
0
0
0
0
0
0
0
0
0
0
0
0
0
0
0
-0.0001059255
0
0
0
0
0
0.003142871
1.421702e-05
0
0
0
0
0
-0.01404292
-2.95103e-06
3.201344e-05
0
0
0
0
0
-0.01128762
-9.837825e-05
4.070699e-05
0.001207295
0
0
0
0
0
-0.0109135
-5.320726e-05
4.124134e-05
6.219423e-05
0.001646153
0
0
0
0
0
-0.01379736
0.004944062
4.105554e-05
7.156223e-05
0.0001002147
0.0001595241
0
0
0
0
0
-0.01420762
0.003206593
4.155409e-05
7.605611e-05
0.0001055756
0.000160994
0.3037364
0
0
0
0
0
-0.01426304
-0.0004247124
4.114847e-05
8.046611e-05
0.0001841899
0.00016496
0.2897605
0.02054004
0
0
0
0
0
-0.01433656
-0.001054914
4.100675e-05
8.395892e-05
0.001152589
0.0001816808
0.2990784
0.02305154
-1.143573e-05
0
0
0
0
0
-0.01365367
-0.0001676615
4.289482e-05
8.59175e-05
0.0009363803
0.0001963964
0.2998786
0.01090309
-7.197488e-07
-1.291131e-05
0
0
0
0
0
0
0
0
0
0
0
0
0
0
0
1.274067e-08
0
0
0
0
0
0
0
0
0
0
0
0
0
0
0
1.373129e-08
2.064278e-08
0
0
0
0
0
0
0
0
0
0
0
0
0
0
0
1.54119e-08
2.41515e-08
3.112645e-08
0
0
0
0
0
0
0
0
0
0
0
0
0
0
0
1.648834e-08
2.709355e-08
3.507767e-08
4.089929e-08
0
0
0
0
0
0
0
0
0
0
0
0
0
0
0
1.678302e-08
2.849801e-08
3.796132e-08
4.466428e-08
4.881999e-08
0
0
0
0
0
0
0
0
0
0
0
0
0
0
0
0
0
0
0
0
0
0
0
0
0
0.01046372
0.01562513
0
0
0
0
0
-0.02195313
1.463053e-05
3.239212e-05
0
0
0
0
0
-0.0147293
-0.0001143926
4.162338e-05
4.659299e-05
0
0
0
0
0
-0.01741415
-0.0003024272
4.225646e-05
6.254673e-05
0.00108786
0
0
0
0
0
-0.01746779
-9.861696e-05
4.137299e-05
7.157566e-05
0.000100205
0.0001595204
0
0
0
0
0
-0.01684891
0.003244856
4.192422e-05
7.553268e-05
0.0001058246
0.0001622366
0.3094896
0
0
0
0
0
-0.01770751
-0.0005377487
4.128642e-05
7.920771e-05
0.0001084916
0.000165402
0.2917721
0.0107074
0
0
0
0
0
-0.01773536
-0.0008627326
4.088546e-05
8.203103e-05
0.0009184313
0.000175539
0.2990501
0.02115431
0.001065054
0
0
0
0
0
-0.01784076
-0.00141108
4.126769e-05
8.425963e-05
0.001112847
0.0002002294
0.3012399
0.01343112
0.0008261201
-1.010971e-05
0
0
0
0
0
-0.01703734
-0.0003972584
4.322664e-05
8.600584e-05
0.001031329
0.0001966009
0.3002477
0.009729305
0.0001093116
-2.886872e-07
-2.085819e-05
0
0
0
0
0
0
0
0
0
0
0
0
0
0
0
3.409494e-07
1.870371e-08
0
0
0
0
0
0
0
0
0
0
0
0
0
0
0
1.520332e-08
2.267328e-08
2.913206e-08
0
0
0
0
0
0
0
0
0
0
0
0
0
0
0
1.660421e-08
2.658738e-08
3.434153e-08
4.074208e-08
0
0
0
0
0
0
0
0
0
0
0
0
0
0
0
1.728162e-08
2.900034e-08
3.854163e-08
4.554112e-08
5.054283e-08
0
0
0
0
0
0
0
0
0
0
0
0
0
0
0
1.715332e-08
2.968903e-08
4.05018e-08
4.907767e-08
5.475508e-08
5.332863e-08
0
0
0
0
0
0
0
0
0
0
0
0
0
0
0
0
0
0
0
0
0
0
0
0
0
0
0
0
0
0
-0.02121906
2.028241e-05
0.01571347
0
0
0
0
0
-0.01327275
0.001667051
4.393549e-05
4.405484e-05
0
0
0
0
0
-0.01089747
0.000360678
4.176858e-05
6.126223e-05
8.170935e-05
0
0
0
0
0
-0.01588941
0.005846974
4.055034e-05
7.170149e-05
9.977664e-05
0.0001430124
0
0
0
0
0
-0.01602134
0.006681575
4.042083e-05
7.559221e-05
0.0001058402
0.0001622378
0.3094896
0
0
0
0
0
-0.01428404
0.001751848
4.122635e-05
7.855099e-05
0.0001084012
0.0001659556
0.2945807
0.004662312
0
0
0
0
0
-0.01603527
0.0009575598
4.043675e-05
8.107093e-05
0.0001100528
0.0001674412
0.2987594
0.01941367
0.0001943897
0
0
0
0
0
-0.01611878
0.0005231491
4.069955e-05
8.248585e-05
0.001077757
0.0001882636
0.3015856
0.01356212
0.000478309
-9.262169e-06
0
0
0
0
0
-0.01622492
-6.699921e-05
4.112829e-05
8.43834e-05
0.001086511
0.0001991805
0.3019331
0.01096814
0.0002635538
-4.647822e-07
-2.068843e-05
0
0
0
0
0
-0.01548948
0.001688859
4.305747e-05
8.599911e-05
0.001041639
0.0001971536
0.3003837
0.009272793
4.334886e-05
-6.132008e-08
-4.290087e-08
2.35973e-08
0
0
0
0
0
0
0
0
0
0
0
0
0
0
0
4.719838e-07
2.047002e-08
2.533632e-08
0
0
0
0
0
0
0
0
0
0
0
0
0
0
0
1.64513e-08
2.505187e-08
3.188681e-08
3.832784e-08
0
0
0
0
0
0
0
0
0
0
0
0
0
0
0
1.742136e-08
2.850163e-08
3.763521e-08
4.473219e-08
5.0838e-08
0
0
0
0
0
0
0
0
0
0
0
0
0
0
0
1.766382e-08
3.022281e-08
4.112209e-08
4.988524e-08
5.600063e-08
5.548965e-08
0
0
0
0
0
0
0
0
0
0
0
0
0
0
0
1.717364e-08
3.025556e-08
4.208251e-08
5.23553e-08
6.065811e-08
6.142692e-08
5.153206e-08
0
0
0
0
0
0
0
0
0
0
0
0
0
0
0
0
0
0
0
0
0
0
0
0
0
0
0
0
0
0
0
0
0
0
0
-0.02123224
0.000241101
4.498189e-05
0.01543617
0
0
0
0
0
-0.01487592
-0.0001127751
4.496246e-05
6.161337e-05
7.65063e-05
0
0
0
0
0
-0.01778284
0.0002518081
4.204866e-05
6.997443e-05
9.901172e-05
0.000139922
0
0
0
0
0
-0.02036418
0.00421992
4.282579e-05
7.606887e-05
0.0001055819
0.0001610116
0.3037364
0
0
0
0
0
-0.02023404
0.001142348
4.224856e-05
7.848148e-05
0.0001084182
0.0001659562
0.2945807
0.004662311
0
0
0
0
0
-0.01704407
-0.0007805008
4.100599e-05
8.055948e-05
0.0001098901
0.0001676845
0.2998969
0.0170133
-1.236236e-05
0
0
0
0
0
-0.01716845
-0.0002958982
4.101195e-05
8.165848e-05
0.0007226527
0.0001764139
0.3017018
0.01347814
0.0002267199
-7.068832e-06
0
0
0
0
0
-0.0175512
-0.0003109204
4.1342e-05
8.251372e-05
0.001073509
0.0001960077
0.3024311
0.01086293
0.0002355129
-5.127291e-07
-2.015711e-05
0
0
0
0
0
-0.01766965
-0.0006130526
4.174652e-05
8.434708e-05
0.001072105
0.0001976671
0.3021899
0.01019265
9.43157e-05
-1.158729e-07
-2.012037e-07
2.972993e-07
0
0
0
0
0
-0.01692645
0.000397166
4.378943e-05
8.593547e-05
0.00104354
0.0001974742
0.3004377
0.009079923
2.402609e-05
-3.747269e-08
-5.871138e-09
6.838236e-07
2.277201e-08
0
0
0
0
0
0
0
0
0
0
0
0
0
0
0
5.239709e-07
2.303746e-08
2.768854e-08
3.310861e-08
0
0
0
0
0
0
0
0
0
0
0
0
0
0
0
1.731037e-08
2.701396e-08
3.502574e-08
4.164327e-08
4.84033e-08
0
0
0
0
0
0
0
0
0
0
0
0
0
0
0
1.780937e-08
2.97457e-08
4.019299e-08
4.879851e-08
5.537289e-08
5.631925e-08
0
0
0
0
0
0
0
0
0
0
0
0
0
0
0
1.767149e-08
3.079708e-08
4.273717e-08
5.319293e-08
6.17765e-08
6.319047e-08
5.365876e-08
0
0
0
0
0
0
0
0
0
0
0
0
0
0
0
1.693558e-08
3.025593e-08
4.282452e-08
5.429487e-08
6.452117e-08
6.826724e-08
5.946064e-08
4.985651e-08
0
0
0
0
0
0
0
0
0
0
0
0
0
0
0
0
0
0
0
0
0
0
0
0
0
0
0
0
0
0
0
0
0
0
0
0
0
0
0
0
-0.01284582
0.006969791
4.30148e-05
0.002025376
0.01532459
0
0
0
0
0
-0.01120802
0.003593725
4.273555e-05
6.774727e-05
9.915093e-05
0.0001305453
0
0
0
0
0
-0.01622766
0.004712108
4.114117e-05
7.63938e-05
0.0001049664
0.0001595973
0.2933331
0
0
0
0
0
-0.01367008
0.004212047
4.177244e-05
7.936432e-05
0.0001085322
0.0001653954
0.2917721
0.0107074
0
0
0
0
0
-0.01341932
0.003329694
4.088769e-05
8.067686e-05
0.0001099045
0.0001676889
0.2998969
0.0170133
-1.236253e-05
0
0
0
0
0
-0.01417466
5.229853e-05
4.013886e-05
8.137141e-05
0.0004827968
0.0001727827
0.3021493
0.01234078
5.315652e-05
-7.042914e-06
0
0
0
0
0
-0.02396782
0.0001865314
4.058915e-05
8.17645e-05
0.0009792196
0.0001840407
0.302448
0.01108123
0.0002079927
-5.391253e-07
-5.711034e-08
0
0
0
0
0
-0.02422776
0.0005931801
4.101922e-05
8.253047e-05
0.001062446
0.0001967
0.3027933
0.009807714
8.770508e-05
-1.4423e-07
-1.342289e-07
2.634642e-09
0
0
0
0
0
-0.02439073
-4.771871e-06
4.144667e-05
8.436845e-05
0.001064705
0.0001967507
0.3022922
0.009915964
5.453332e-05
-7.432685e-08
-3.293168e-08
6.327465e-07
7.720604e-08
0
0
0
0
0
-0.02358674
0.00176592
4.349319e-05
8.594501e-05
0.001043858
0.0001976108
0.3004581
0.008994737
1.682318e-05
-2.485983e-08
-1.214535e-07
1.106369e-06
2.489704e-08
2.581094e-08
0
0
0
0
0
0
0
0
0
0
0
0
0
0
0
5.545046e-07
2.528412e-08
3.090744e-08
3.591064e-08
4.224923e-08
0
0
0
0
0
0
0
0
0
0
0
0
0
0
0
1.770455e-08
2.831203e-08
3.759876e-08
4.543434e-08
5.200809e-08
5.43385e-08
0
0
0
0
0
0
0
0
0
0
0
0
0
0
0
1.778617e-08
3.031001e-08
4.182141e-08
5.203755e-08
6.069974e-08
6.283022e-08
5.453522e-08
0
0
0
0
0
0
0
0
0
0
0
0
0
0
0
1.740158e-08
3.076274e-08
4.348377e-08
5.51706e-08
6.564232e-08
6.981484e-08
6.106139e-08
5.195144e-08
0
0
0
0
0
0
0
0
0
0
0
0
0
0
0
1.652713e-08
2.985885e-08
4.281391e-08
5.520266e-08
6.679664e-08
7.259496e-08
6.583677e-08
5.754411e-08
-3.324551e-08
0
0
0
0
0
0
0
0
0
0
0
0
0
0
0
0
0
0
0
0
0
0
0
0
0
0
0
0
0
0
0
0
0
0
0
0
0
0
0
0
0
0
0
0
0
-0.0147471
0.0006230866
4.716587e-05
0.0001515061
0.002914175
0.003034789
0
0
0
0
0
-0.0180076
-0.001179991
4.264272e-05
7.812863e-05
0.0001045778
0.0001587405
0.2704444
0
0
0
0
0
-0.02030725
-3.04609e-05
4.224984e-05
8.040094e-05
0.0001839658
0.000164942
0.2897605
0.02054003
0
0
0
0
0
-0.01502067
-0.0009820762
4.176337e-05
8.11843e-05
0.0001100807
0.0001674507
0.2987594
0.01941367
0.0001943892
0
0
0
0
0
-0.01500806
-0.001205872
4.133703e-05
8.136209e-05
0.0004828462
0.0001727869
0.3021493
0.01234078
5.315654e-05
-7.043016e-06
0
0
0
0
0
-0.01740841
-0.000962513
4.057972e-05
8.139463e-05
0.0008501206
0.0001782394
0.302764
0.01059097
0.0001588659
-5.52563e-07
-2.094626e-08
0
0
0
0
0
-0.02433241
0.006831572
4.086198e-05
8.168792e-05
0.001023727
0.000191295
0.3027937
0.009977951
8.87712e-05
-1.627076e-07
-5.780515e-08
2.247072e-07
0
0
0
0
0
-0.02430253
0.007097832
4.141256e-05
8.245858e-05
0.001056121
0.0001961154
0.3029545
0.009376282
4.256372e-05
-9.719532e-08
-5.074171e-08
7.129695e-07
1.27868e-07
0
0
0
0
0
-0.02445636
0.006563278
4.182986e-05
8.430692e-05
0.001061045
0.0001962509
0.3023328
0.009807436
4.22711e-05
-5.67403e-08
-9.22371e-08
9.451986e-07
9.89114e-08
6.358881e-08
0
0
0
0
0
-0.02334462
0.008073506
4.390814e-05
8.591352e-05
0.001044046
0.0001976126
0.3004661
0.00895794
1.38284e-05
-2.044078e-08
-1.649818e-07
1.259698e-06
2.670361e-08
2.807218e-08
3.250201e-08
0
0
0
0
0
0
0
0
0
0
0
0
0
0
0
5.797514e-07
2.680692e-08
3.371042e-08
3.965198e-08
4.522272e-08
4.838679e-08
0
0
0
0
0
0
0
0
0
0
0
0
0
0
0
1.762033e-08
2.886068e-08
3.92743e-08
4.861757e-08
5.683372e-08
5.962458e-08
5.273914e-08
0
0
0
0
0
0
0
0
0
0
0
0
0
0
0
1.745649e-08
3.019744e-08
4.254355e-08
5.401541e-08
6.444522e-08
6.885928e-08
6.075679e-08
5.286859e-08
0
0
0
0
0
0
0
0
0
0
0
0
0
0
0
1.694979e-08
3.029832e-08
4.342065e-08
5.608052e-08
6.795443e-08
7.415707e-08
6.721981e-08
5.910013e-08
-3.122243e-08
0
0
0
0
0
0
0
0
0
0
0
0
0
0
0
1.602451e-08
2.92082e-08
4.228572e-08
5.519425e-08
6.785355e-08
7.511456e-08
6.985108e-08
6.375529e-08
-7.625645e-08
-0.454108
0
0
0
0
0
0
0
0
0
0
0
0
0
0
0
0
0
0
0
0
0
0
0
0
0
0
0
0
0
0
0
0
0
0
0
0
0
0
0
0
0
0
0
0
0
0
0
0
0
0
-0.01050911
-0.0001402711
4.294002e-05
7.965882e-05
0.001259372
0.0009272512
0.2925822
0
0
0
0
0
-0.01628861
0.0003273326
4.070409e-05
8.270051e-05
0.001108831
0.0001718588
0.2876248
0.04404816
0
0
0
0
0
-0.01359863
0.003132694
4.119941e-05
8.219427e-05
0.0009183408
0.000175539
0.2990501
0.02115431
0.001065053
0
0
0
0
0
-0.01125882
-0.0006440997
4.010221e-05
8.176245e-05
0.0007226803
0.0001764203
0.3017018
0.01347813
0.00022672
-7.069074e-06
0
0
0
0
0
-0.01149216
-0.0007116591
3.977159e-05
8.147263e-05
0.0008501122
0.0001782443
0.302764
0.01059097
0.0001588653
-5.525956e-07
-2.100383e-08
0
0
0
0
0
-0.02428587
0.0003823984
3.996286e-05
8.138398e-05
0.0009934714
0.0001872665
0.3029494
0.009771727
7.09518e-05
-1.722587e-07
-6.278847e-08
2.454602e-07
0
0
0
0
0
-0.02438351
0.007344358
4.245462e-05
8.162902e-05
0.001039987
0.0001938474
0.3029558
0.009471197
4.669772e-05
-1.122279e-07
-6.116645e-08
7.053147e-07
1.596684e-07
0
0
0
0
0
-0.02421864
0.007188855
4.296826e-05
8.241428e-05
0.001052731
0.0001956162
0.303027
0.009191689
2.618041e-05
-7.727588e-08
-9.981569e-08
8.585059e-07
1.539888e-07
1.138024e-07
0
0
0
0
0
-0.02433896
0.00668628
4.325609e-05
8.430537e-05
0.001059143
0.0001959938
0.3023494
0.009764019
3.78118e-05
-5.08018e-08
-1.208167e-07
1.035384e-06
8.737206e-08
6.964941e-08
2.065744e-08
0
0
0
0
0
-0.02326517
0.007862341
4.548758e-05
8.588501e-05
0.00104409
0.0001976025
0.3004684
0.008941181
1.251209e-05
-1.872191e-08
-1.774202e-07
1.336933e-06
3.017469e-08
3.197238e-08
3.506485e-08
3.841958e-08
0
0
0
0
0
0
0
0
0
0
0
0
0
0
0
6.046227e-07
2.736794e-08
3.558393e-08
4.296712e-08
4.976592e-08
5.280748e-08
4.716095e-08
0
0
0
0
0
0
0
0
0
0
0
0
0
0
0
1.717684e-08
2.859703e-08
3.996021e-08
5.062503e-08
6.046514e-08
6.49978e-08
5.774226e-08
5.124614e-08
0
0
0
0
0
0
0
0
0
0
0
0
0
0
0
1.692719e-08
2.959779e-08
4.236344e-08
5.488815e-08
6.673889e-08
7.302519e-08
6.636323e-08
5.889346e-08
-1.079808e-08
0
0
0
0
0
0
0
0
0
0
0
0
0
0
0
1.639586e-08
2.9561e-08
4.279557e-08
5.600591e-08
6.901136e-08
7.671466e-08
7.122046e-08
6.513382e-08
-7.589279e-08
-0.4642781
0
0
0
0
0
0
0
0
0
0
0
0
0
0
0
1.54357e-08
2.843336e-08
4.143237e-08
5.456563e-08
6.785491e-08
7.628601e-08
7.219198e-08
6.763923e-08
-1.174877e-07
-0.5857309
41.54741
0
0
0
0
0
0
0
0
0
0
0
0
0
0
0
0
0
0
0
0
0
0
0
0
0
0
0
0
0
0
0
0
0
0
0
0
0
0
0
0
0
0
0
0
0
0
0
0
0
0
0
0
0
0
0
-0.01723867
-0.001287703
4.261806e-05
8.473914e-05
0.0008468154
0.0002497749
0.294623
-1.748738e-05
0
0
0
0
0
-0.0203813
-0.0005483128
4.177206e-05
8.388895e-05
0.00115258
0.0001816678
0.2990784
0.02305154
-1.143663e-05
0
0
0
0
0
-0.01500377
-0.001164412
4.18961e-05
8.251896e-05
0.001077794
0.0001882663
0.3015856
0.01356212
0.0004783091
-9.262539e-06
0
0
0
0
0
-0.02161788
-0.001836001
4.031215e-05
8.165484e-05
0.0009793622
0.0001840523
0.302448
0.01108123
0.000207991
-5.392737e-07
-5.727206e-08
0
0
0
0
0
-0.02226611
-0.001724237
4.008797e-05
8.131114e-05
0.0009934684
0.0001872669
0.3029494
0.009771725
7.095165e-05
-1.726624e-07
-6.285064e-08
2.454602e-07
0
0
0
0
0
-0.02340957
0.007210239
4.073879e-05
8.127176e-05
0.001024508
0.0001918398
0.3030333
0.009380219
3.993594e-05
-1.198452e-07
-6.624261e-08
6.982214e-07
1.755607e-07
0
0
0
0
0
-0.01377448
0.007287021
4.26705e-05
8.170479e-05
0.001047322
0.0001945491
0.3030316
0.009236229
2.925247e-05
-9.019458e-08
-1.040292e-07
8.193905e-07
1.907109e-07
1.484951e-07
0
0
0
0
0
-0.01364261
0.006867831
4.301445e-05
8.25219e-05
0.001050888
0.0001953358
0.303059
0.009110192
1.960466e-05
-7.053066e-08
-1.231772e-07
9.112479e-07
1.445105e-07
1.268109e-07
7.405967e-08
0
0
0
0
0
-0.01375719
0.006344919
4.331496e-05
8.441947e-05
0.001058149
0.0001958634
0.3023553
0.009745565
3.60195e-05
-4.998939e-08
-1.284335e-07
1.087532e-06
7.44371e-08
5.439396e-08
2.258462e-08
2.570759e-08
0
0
0
0
0
-0.01287034
0.007520866
4.550346e-05
8.598703e-05
0.001044108
0.0001975802
0.300468
0.008933852
1.191977e-05
-1.948545e-08
-1.765491e-07
1.396579e-06
3.252988e-08
3.567644e-08
3.960441e-08
4.236542e-08
3.77487e-08
0
0
0
0
0
0
0
0
0
0
0
0
0
0
0
6.290448e-07
2.677942e-08
3.624857e-08
4.51319e-08
5.344202e-08
5.775271e-08
5.127969e-08
4.602124e-08
0
0
0
0
0
0
0
0
0
0
0
0
0
0
0
1.650182e-08
2.774044e-08
3.956646e-08
5.144187e-08
6.276105e-08
6.898352e-08
6.273431e-08
5.610272e-08
-2.715436e-09
0
0
0
0
0
0
0
0
0
0
0
0
0
0
0
1.628525e-08
2.869369e-08
4.154508e-08
5.466761e-08
6.774563e-08
7.554067e-08
7.020858e-08
6.438474e-08
-4.274921e-08
-0.4047507
0
0
0
0
0
0
0
0
0
0
0
0
0
0
0
1.575127e-08
2.868615e-08
4.182121e-08
5.52582e-08
6.893588e-08
7.788655e-08
7.359173e-08
6.901172e-08
-1.152138e-07
-0.5964715
40.53479
0
0
0
0
0
0
0
0
0
0
0
0
0
0
0
1.479152e-08
2.752412e-08
4.042985e-08
5.354897e-08
6.714889e-08
7.634099e-08
7.328436e-08
6.98909e-08
-1.512807e-07
-0.6874503
43.83617
40.63365
0
0
0
0
0
0
0
0
0
0
0
0
0
0
0
0
0
0
0
0
0
0
0
0
0
0
0
0
0
0
0
0
0
0
0
0
0
0
0
0
0
0
0
0
0
0
0
0
0
0
0
0
0
0
0
0
0
0
0
0
-0.01555083
0.001929891
4.195653e-05
8.562158e-05
0.0009382029
0.0002040462
0.2987355
0.01470253
-1.036233e-05
0
0
0
0
0
-0.01371496
0.002376829
4.147457e-05
8.432935e-05
0.001112874
0.0002002216
0.3012399
0.01343111
0.00082612
-1.011016e-05
0
0
0
0
0
-0.01151959
-0.0006976123
4.041557e-05
8.256758e-05
0.001073514
0.0001960213
0.3024311
0.01086293
0.00023551
-5.129926e-07
-2.015731e-05
0
0
0
0
0
-0.0202144
0.004416132
3.944733e-05
8.165188e-05
0.00102371
0.0001912968
0.3027937
0.009977947
8.877073e-05
-1.639792e-07
-5.798215e-08
2.247074e-07
0
0
0
0
0
-0.02423969
0.005233432
3.936215e-05
8.127455e-05
0.001024504
0.000191838
0.3030333
0.009380218
3.993586e-05
-1.199483e-07
-6.656009e-08
6.982214e-07
1.755606e-07
0
0
0
0
0
-0.0241246
0.006536322
4.244632e-05
8.123092e-05
0.001039331
0.0001936566
0.3030718
0.009192758
2.668861e-05
-9.657384e-08
-1.0617e-07
8.026734e-07
2.087696e-07
1.659093e-07
0
0
0
0
0
-0.01524005
-0.0008661482
4.263779e-05
8.165538e-05
0.001047706
0.0001948044
0.303066
0.009126671
2.157813e-05
-8.250687e-08
-1.235948e-07
8.524642e-07
1.825793e-07
1.658156e-07
1.11413e-07
0
0
0
0
0
-0.01527864
-0.001017223
4.286524e-05
8.247892e-05
0.001049901
0.0001951774
0.3030724
0.009073799
1.679695e-05
-7.048576e-08
-1.308082e-07
9.434652e-07
1.302904e-07
1.136719e-07
7.171083e-08
1.240674e-08
0
0
0
0
0
-0.01536358
-0.001578909
4.321495e-05
8.439684e-05
0.001057645
0.0001957632
0.3023563
0.00973804
3.526232e-05
-5.271556e-08
-1.313328e-07
1.132399e-06
6.520843e-08
4.141326e-08
2.6845e-08
2.970541e-08
2.56281e-08
0
0
0
0
0
-0.01463247
-0.0006086064
4.530579e-05
8.600214e-05
0.00104416
0.0001975518
0.3004663
0.008931067
1.166025e-05
-2.294987e-08
-1.750009e-07
1.454675e-06
3.321849e-08
3.819453e-08
4.354179e-08
4.721456e-08
4.138059e-08
3.715029e-08
0
0
0
0
0
0
0
0
0
0
0
0
0
0
0
6.523317e-07
2.534215e-08
3.545514e-08
4.590275e-08
5.585148e-08
6.171371e-08
5.58781e-08
5.002985e-08
1.069686e-11
0
0
0
0
0
0
0
0
0
0
0
0
0
0
0
1.570072e-08
2.65158e-08
3.839269e-08
5.096619e-08
6.369378e-08
7.147743e-08
6.641812e-08
6.098768e-08
-2.685265e-08
-0.3644522
0
0
0
0
0
0
0
0
0
0
0
0
0
0
0
1.55468e-08
2.763249e-08
4.033401e-08
5.368335e-08
6.750317e-08
7.665249e-08
7.254496e-08
6.810978e-08
-7.076512e-08
-0.5108288
39.7576
0
0
0
0
0
0
0
0
0
0
0
0
0
0
0
1.504796e-08
2.766997e-08
4.067782e-08
5.409463e-08
6.809392e-08
7.786147e-08
7.468113e-08
7.12975e-08
-1.459772e-07
-0.6950766
42.19454
39.60052
0
0
0
0
0
0
0
0
0
0
0
0
0
0
0
1.411409e-08
2.652925e-08
3.924883e-08
5.236263e-08
6.60003e-08
7.565556e-08
7.331689e-08
7.093456e-08
-1.803668e-07
-0.7635128
45.07708
42.83803
39.56378
0
0
0
0
0
0
0
0
0
0
0
0
0
0
0
0
0
0
0
0
0
0
0
0
0
0
0
0
0
0
0
0
0
0
0
0
0
0
0
0
0
0
0
0
0
0
0
0
0
0
0
0
0
0
0
0
0
0
0
0
0
0
0
0
0
-0.01958726
0.0004666503
4.383858e-05
8.580387e-05
0.0009429518
0.0001963884
0.2998786
0.01090308
-7.203253e-07
-1.291181e-05
0
0
0
0
0
-0.01511
-0.001699095
4.228241e-05
8.437188e-05
0.001086518
0.0001991952
0.3019331
0.01096814
0.0002635497
-4.651579e-07
-2.068869e-05
0
0
0
0
0
-0.02185241
-0.001695378
4.069179e-05
8.243964e-05
0.001062431
0.0001967022
0.3027933
0.009807711
8.770421e-05
-1.463307e-07
-1.34507e-07
2.634535e-09
0
0
0
0
0
-0.02446575
0.003398338
4.182753e-05
8.148538e-05
0.001039982
0.0001938421
0.3029558
0.009471196
4.669749e-05
-1.125422e-07
-6.211839e-08
7.053146e-07
1.596684e-07
0
0
0
0
0
-0.02445112
0.007302227
4.196877e-05
8.110468e-05
0.001039327
0.0001936558
0.3030718
0.009192759
2.668872e-05
-9.661103e-08
-1.062532e-07
8.026732e-07
2.087697e-07
1.659094e-07
0
0
0
0
0
-0.01336383
0.007082107
4.226744e-05
8.132076e-05
0.001045831
0.0001943009
0.3030884
0.009103346
2.064695e-05
-8.831516e-08
-1.239091e-07
8.28457e-07
2.014234e-07
1.853734e-07
1.303753e-07
0
0
0
0
0
-0.01145915
-0.0004341643
4.002017e-05
8.156426e-05
0.001047881
0.000194884
0.3030808
0.009075684
1.808838e-05
-8.285844e-08
-1.302303e-07
8.717547e-07
1.675241e-07
1.54167e-07
1.126739e-07
4.840439e-08
0
0
0
0
0
-0.01158262
-0.0005171967
4.032084e-05
8.241591e-05
0.001049487
0.0001950438
0.303077
0.009057802
1.555711e-05
-7.449861e-08
-1.36163e-07
9.765558e-07
1.195431e-07
9.983674e-08
5.898634e-08
4.374683e-08
1.305187e-08
0
0
0
0
0
-0.01166345
-0.0009853624
4.084351e-05
8.436826e-05
0.001057475
0.0001956938
0.3023549
0.009735546
3.494295e-05
-5.842041e-08
-1.354519e-07
1.181015e-06
6.368029e-08
3.169583e-08
3.072444e-08
3.384443e-08
2.908248e-08
2.564878e-08
0
0
0
0
0
-0.0109462
-0.0001554285
4.254248e-05
8.588059e-05
0.001044187
0.0001975525
0.3004638
0.008930495
1.155658e-05
-2.74124e-08
-1.7653e-07
1.51234e-06
3.169222e-08
3.89413e-08
4.621823e-08
5.136758e-08
4.586759e-08
4.068445e-08
-1.327123e-09
0
0
0
0
0
0
0
0
0
0
0
0
0
0
0
6.739045e-07
2.338566e-08
3.359305e-08
4.499826e-08
5.67202e-08
6.4294e-08
5.955285e-08
5.45226e-08
-1.990548e-08
-0.3317712
0
0
0
0
0
0
0
0
0
0
0
0
0
0
0
1.478886e-08
2.510903e-08
3.674247e-08
4.956423e-08
6.316818e-08
7.250519e-08
6.873796e-08
6.455731e-08
-4.877793e-08
-0.4562579
39.25356
0
0
0
0
0
0
0
0
0
0
0
0
0
0
0
1.474403e-08
2.64197e-08
3.892657e-08
5.223398e-08
6.639436e-08
7.645195e-08
7.35766e-08
7.036051e-08
-9.343926e-08
-0.5952187
40.94317
38.8811
0
0
0
0
0
0
0
0
0
0
0
0
0
0
0
1.430898e-08
2.656364e-08
3.93487e-08
5.273501e-08
6.678062e-08
7.703708e-08
7.463936e-08
7.233923e-08
-1.718013e-07
-0.7677923
43.16124
41.15971
38.60768
0
0
0
0
0
0
0
0
0
0
0
0
0
0
0
1.342232e-08
2.548168e-08
3.795553e-08
5.095737e-08
6.466514e-08
7.45044e-08
7.264178e-08
7.096317e-08
-2.06597e-07
-0.8246044
45.76866
44.01864
41.61395
37.93099
0
0
0
0
0
0
0
0
0
0
0
0
0
0
0
0
0
0
0
0
0
0
0
0
0
0
0
0
0
0
0
0
0
0
0
0
0
0
0
0
0
0
0
0
0
0
0
0
0
0
0
0
0
0
0
0
0
0
0
0
0
0
0
0
0
0
0
0
0
0
-0.01292457
0.004067899
4.353483e-05
8.605145e-05
0.001030932
0.0001966227
0.3002477
0.009729302
0.0001093068
-2.891599e-07
-2.085846e-05
0
0
0
0
0
-0.01162056
-0.001135466
4.086984e-05
8.442916e-05
0.001072088
0.0001976703
0.3021899
0.01019264
9.431428e-05
-1.186879e-07
-2.015684e-07
2.972995e-07
0
0
0
0
0
-0.02034326
0.004706289
3.998115e-05
8.2409e-05
0.001056113
0.0001961084
0.3029545
0.009376282
4.256326e-05
-9.778867e-08
-5.230161e-08
7.129696e-07
1.278682e-07
0
0
0
0
0
-0.01728145
0.007306479
4.168514e-05
8.162659e-05
0.001047309
0.0001945474
0.3030316
0.00923623
2.925287e-05
-9.033966e-08
-1.042973e-07
8.193906e-07
1.907111e-07
1.484952e-07
0
0
0
0
0
-0.01711494
0.007327346
4.243899e-05
8.126685e-05
0.001045824
0.0001942992
0.3030884
0.009103349
2.064701e-05
-8.821878e-08
-1.239511e-07
8.284569e-07
2.014235e-07
1.853736e-07
1.303753e-07
0
0
0
0
0
-0.01521878
-0.0009732443
4.232902e-05
8.121251e-05
0.001046868
0.0001946169
0.3030947
0.009061149
1.782469e-05
-8.885122e-08
-1.298841e-07
8.420948e-07
1.860453e-07
1.745308e-07
1.336242e-07
6.80168e-08
0
0
0
0
0
-0.01934555
-0.001493184
4.020998e-05
8.129708e-05
0.00104803
0.0001948291
0.3030864
0.009052325
1.647872e-05
-8.756321e-08
-1.364508e-07
8.965879e-07
1.556749e-07
1.398717e-07
1.016001e-07
8.451377e-08
3.503206e-08
0
0
0
0
0
-0.01947869
-0.001570487
4.059115e-05
8.216747e-05
0.001049336
0.000194967
0.3030774
0.009051208
1.50058e-05
-8.192472e-08
-1.43207e-07
1.017903e-06
1.176051e-07
8.91561e-08
4.255064e-08
3.626714e-08
1.63291e-08
1.372304e-08
0
0
0
0
0
-0.01961436
-0.002321739
4.110207e-05
8.40919e-05
0.001057344
0.0001956913
0.3023524
0.009735398
3.482023e-05
-6.577995e-08
-1.423844e-07
1.232312e-06
7.201018e-08
2.978423e-08
3.350541e-08
3.795029e-08
3.297533e-08
2.898023e-08
-1.067298e-08
0
0
0
0
0
-0.01883945
-0.001014137
4.295346e-05
8.560282e-05
0.001044125
0.0001975622
0.3004611
0.008931002
1.152416e-05
-2.924126e-08
-1.805308e-07
1.567965e-06
2.85952e-08
3.735552e-08
4.704098e-08
5.41796e-08
4.972589e-08
4.507014e-08
-1.96094e-08
-0.3069683
0
0
0
0
0
0
0
0
0
0
0
0
0
0
0
6.940652e-07
2.11989e-08
3.108345e-08
4.287093e-08
5.575458e-08
6.525166e-08
6.195964e-08
5.807754e-08
-3.77206e-08
-0.4154185
38.942
0
0
0
0
0
0
0
0
0
0
0
0
0
0
0
1.380324e-08
2.352498e-08
3.486334e-08
4.76009e-08
6.160289e-08
7.2014e-08
6.969001e-08
6.679128e-08
-6.690757e-08
-0.5315358
40.09826
38.4133
0
0
0
0
0
0
0
0
0
0
0
0
0
0
0
1.390224e-08
2.510716e-08
3.732106e-08
5.055182e-08
6.47616e-08
7.535107e-08
7.336463e-08
7.134885e-08
-1.130284e-07
-0.6602661
41.70086
39.97441
37.94247
0
0
0
0
0
0
0
0
0
0
0
0
0
0
0
1.355381e-08
2.539946e-08
3.790098e-08
5.114938e-08
6.524609e-08
7.571925e-08
7.382767e-08
7.229289e-08
-1.948664e-07
-0.825815
43.73381
42.05553
40.06099
37.00315
0
0
0
0
0
0
0
0
0
0
0
0
0
0
0
1.272551e-08
2.440972e-08
3.659163e-08
4.941501e-08
6.307223e-08
7.315872e-08
7.151669e-08
7.031054e-08
-2.31391e-07
-0.8762841
46.2516
44.66456
42.71743
39.91083
36.13383
0
0
0
0
0
0
0
0
0
0
0
0
0
0
0
0
0
0
0
0
0
0
0
0
0
0
0
0
0
0
0
0
0
0
0
0
0
0
0
0
0
0
0
0
0
0
0
0
0
0
0
0
0
0
0
0
0
0
0
0
0
0
0
0
0
0
0
0
0
1.27407e-08
0
0
0
0
0
-0.01439452
-0.0006103401
4.441958e-05
8.602855e-05
0.001041621
0.0001971577
0.3003838
0.009272791
4.334712e-05
-6.455402e-08
-4.330715e-08
2.359727e-08
0
0
0
0
0
-0.02201867
-0.002397019
4.115015e-05
8.42794e-05
0.001064703
0.0001967427
0.3022922
0.009915965
5.453259e-05
-7.521169e-08
-3.501139e-08
6.327466e-07
7.720614e-08
0
0
0
0
0
-0.02433693
0.003395886
4.234469e-05
8.227812e-05
0.00105272
0.0001956136
0.303027
0.009191689
2.618106e-05
-7.759872e-08
-1.002985e-07
8.585061e-07
1.539887e-07
1.138024e-07
0
0
0
0
0
-0.01731807
0.0006404662
4.263486e-05
8.156087e-05
0.001047704
0.0001947988
0.303066
0.009126676
2.157833e-05
-8.223825e-08
-1.237402e-07
8.524639e-07
1.825794e-07
1.658156e-07
1.114129e-07
0
0
0
0
0
-0.01423705
0.0005173151
4.244755e-05
8.122839e-05
0.001046872
0.0001946151
0.3030947
0.00906115
1.782632e-05
-8.877726e-08
-1.298268e-07
8.420946e-07
1.860454e-07
1.74531e-07
1.336243e-07
6.801617e-08
0
0
0
0
0
-0.0115241
-0.0004259747
3.961871e-05
8.116973e-05
0.001047364
0.0001947191
0.3030962
0.009041679
1.650166e-05
-9.350405e-08
-1.364541e-07
8.629855e-07
1.73679e-07
1.601353e-07
1.234349e-07
1.050458e-07
5.435006e-08
0
0
0
0
0
-0.01764333
0.002609971
3.937989e-05
8.12655e-05
0.001048087
0.0001947664
0.3030873
0.009041995
1.573677e-05
-9.649491e-08
-1.448505e-07
9.329355e-07
1.533398e-07
1.285113e-07
8.509093e-08
7.815615e-08
4.26622e-08
2.05205e-08
0
0
0
0
0
-0.01777843
0.002531101
3.988828e-05
8.212959e-05
0.001049191
0.0001949853
0.3030757
0.009049077
1.476651e-05
-9.185921e-08
-1.530878e-07
1.064645e-06
1.272481e-07
8.726215e-08
3.148347e-08
2.779034e-08
2.0461e-08
1.684877e-08
-1.905581e-08
0
0
0
0
0
-0.0179254
0.001732566
4.044376e-05
8.409774e-05
0.001057194
0.0001956864
0.3023494
0.009736358
3.478584e-05
-6.995302e-08
-1.51078e-07
1.283576e-06
8.742617e-08
3.79449e-08
3.421389e-08
4.086234e-08
3.685196e-08
3.281234e-08
-2.92619e-08
-0.308382
0
0
0
0
0
-0.01707654
0.003471255
4.216846e-05
8.562884e-05
0.001044105
0.0001975325
0.3004582
0.008932048
1.153369e-05
-3.637029e-08
-1.846092e-07
1.619769e-06
2.742328e-08
3.407403e-08
4.544488e-08
5.509175e-08
5.234975e-08
4.879442e-08
-3.80195e-08
-0.3848757
38.788
0
0
0
0
0
0
0
0
0
0
0
0
0
0
0
7.128514e-07
1.876783e-08
2.829433e-08
4.000534e-08
5.345381e-08
6.4326e-08
6.284817e-08
6.0396e-08
-5.261993e-08
-0.4842498
39.53433
38.12617
0
0
0
0
0
0
0
0
0
0
0
0
0
0
0
1.277311e-08
2.182166e-08
3.275343e-08
4.536794e-08
5.941036e-08
7.04483e-08
6.920071e-08
6.770401e-08
-8.277327e-08
-0.5916384
40.71166
39.17582
37.51025
0
0
0
0
0
0
0
0
0
0
0
0
0
0
0
1.304166e-08
2.37309e-08
3.558464e-08
4.86328e-08
6.286236e-08
7.370588e-08
7.228879e-08
7.114346e-08
-1.307816e-07
-0.7132848
42.18458
40.66488
38.96207
36.34775
0
0
0
0
0
0
0
0
0
0
0
0
0
0
0
1.279277e-08
2.420714e-08
3.637525e-08
4.942017e-08
6.344973e-08
7.416538e-08
7.254428e-08
7.151627e-08
-2.166193e-07
-0.8747999
44.14994
42.57687
40.90253
38.41554
35.16844
0
0
0
0
0
0
0
0
0
0
0
0
0
0
0
1.20125e-08
2.332732e-08
3.519305e-08
4.778492e-08
6.13187e-08
7.153303e-08
7.0207e-08
6.92355e-08
-2.544428e-07
-0.9226209
46.66589
45.11053
43.3261
40.97308
38.13965
0
0
0
0
0
0
0
0
0
0
0
0
0
0
0
0
0
0
0
0
0
0
0
0
0
0
0
0
0
0
0
0
0
0
0
0
0
0
0
0
0
0
0
0
0
0
0
0
0
0
0
0
0
0
0
0
0
0
1.262126e-08
0
0
0
0
0
0
0
0
0
0
0
0
0
0
0
3.409495e-07
1.870368e-08
0
0
0
0
0
-0.010986
-0.0002167727
4.275985e-05
8.601837e-05
0.00104354
0.0001974654
0.3004377
0.009079926
2.402518e-05
-3.851732e-08
-8.266465e-09
6.838238e-07
2.27722e-08
0
0
0
0
0
-0.02050422
0.004050248
4.047814e-05
8.427039e-05
0.001061033
0.0001962488
0.3023328
0.009807436
4.227192e-05
-5.721964e-08
-9.292651e-08
9.451989e-07
9.891166e-08
6.358863e-08
0
0
0
0
0
-0.01719594
0.006938294
4.204323e-05
8.244828e-05
0.001050881
0.0001953306
0.303059
0.009110195
1.960496e-05
-7.011141e-08
-1.23444e-07
9.112481e-07
1.445107e-07
1.268107e-07
7.405972e-08
0
0
0
0
0
-0.01729768
0.0007672805
4.087149e-05
8.154688e-05
0.00104789
0.0001948808
0.3030808
0.009075686
1.809623e-05
-8.266331e-08
-1.300706e-07
8.717547e-07
1.675243e-07
1.54167e-07
1.126738e-07
4.840408e-08
0
0
0
0
0
-0.01722866
-0.0006779972
4.05509e-05
8.117242e-05
0.001047366
0.0001947235
0.3030962
0.009041678
1.650282e-05
-9.254868e-08
-1.364033e-07
8.629853e-07
1.736791e-07
1.601355e-07
1.234347e-07
1.050454e-07
5.43502e-08
0
0
0
0
0
-0.01960894
-0.001445663
4.003092e-05
8.0876e-05
0.00104762
0.0001946815
0.3030952
0.009033113
1.588381e-05
-1.035805e-07
-1.453089e-07
8.9689e-07
1.71136e-07
1.484838e-07
1.070166e-07
9.967897e-08
6.332981e-08
3.952978e-08
0
0
0
0
0
-0.02181257
0.001094975
4.147359e-05
8.112494e-05
0.001048071
0.0001947814
0.3030859
0.009037988
1.539889e-05
-1.090924e-07
-1.56715e-07
9.767671e-07
1.637607e-07
1.265554e-07
7.367402e-08
6.986119e-08
2.519483e-08
2.134637e-08
-2.970642e-08
0
0
0
0
0
-0.02173281
0.0009508664
4.190946e-05
8.207395e-05
0.001049057
0.0001949713
0.3030732
0.009049025
1.46741e-05
-9.723756e-08
-1.650129e-07
1.113045e-06
1.452294e-07
9.699776e-08
2.912216e-08
2.785208e-08
2.421333e-08
2.074409e-08
-3.512048e-08
-0.2844693
0
0
0
0
0
-0.02185023
0.0002590744
4.222201e-05
8.404028e-05
0.001057155
0.0001956415
0.3023462
0.009737814
3.479873e-05
-7.923474e-08
-1.581702e-07
1.332262e-06
1.068961e-07
5.340428e-08
3.205494e-08
4.166399e-08
3.959844e-08
3.655589e-08
-4.264902e-08
-0.383656
38.77279
0
0
0
0
0
-0.02096052
0.001939407
4.437485e-05
8.55525e-05
0.0010441
0.0001975242
0.3004551
0.008933371
1.154985e-05
-4.419759e-08
-1.941133e-07
1.668964e-06
4.350024e-08
2.9825e-08
4.207493e-08
5.356683e-08
5.319248e-08
5.13227e-08
-5.131137e-08
-0.4620085
39.19141
37.98767
0
0
0
0
0
0
0
0
0
0
0
0
0
0
0
7.303445e-07
1.618093e-08
2.520199e-08
3.682015e-08
5.034768e-08
6.20338e-08
6.194089e-08
6.124824e-08
-6.577627e-08
-0.5406999
40.03843
38.64261
37.24503
0
0
0
0
0
0
0
0
0
0
0
0
0
0
0
1.171984e-08
2.004482e-08
3.048688e-08
4.286214e-08
5.691022e-08
6.823349e-08
6.767965e-08
6.723513e-08
-9.739815e-08
-0.6411834
41.13271
39.71981
38.22247
35.91648
0
0
0
0
0
0
0
0
0
0
0
0
0
0
0
1.217305e-08
2.231994e-08
3.376197e-08
4.655596e-08
6.069301e-08
7.177411e-08
7.069265e-08
7.01135e-08
-1.477579e-07
-0.7581431
42.5492
41.09825
39.613
37.34792
34.46917
0
0
0
0
0
0
0
0
0
0
0
0
0
0
0
1.201295e-08
2.300297e-08
3.480995e-08
4.759434e-08
6.148624e-08
7.233206e-08
7.103643e-08
7.02855e-08
-2.36825e-07
-0.918665
44.51494
42.95275
41.39664
39.23014
36.61673
0
0
0
0
0
0
0
0
0
0
0
0
0
0
0
0
1.121863e-08
2.222874e-08
3.377917e-08
4.611155e-08
5.946132e-08
6.973273e-08
6.862898e-08
6.798015e-08
-2.755316e-07
-0.9638588
47.08643
45.49417
43.74883
41.56028
39.20244
0
0
0
0
0
0
0
0
0
0
0
0
0
0
0
0
0
0
0
0
0
0
0
0
0
0
0
0
0
0
0
0
0
0
0
0
0
0
0
0
0
0
0
0
0
0
1.27545e-08
0
0
0
0
0
0
0
0
0
0
0
0
0
0
0
1.373125e-08
2.064288e-08
0
0
0
0
0
0
0
0
0
0
0
0
0
0
0
4.719839e-07
2.046983e-08
2.533633e-08
0
0
0
0
0
-0.02129155
-0.00104854
4.312284e-05
8.585061e-05
0.00104385
0.0001976091
0.3004581
0.008994738
1.682419e-05
-2.540161e-08
-1.222713e-07
1.106369e-06
2.489709e-08
2.581074e-08
0
0
0
0
0
-0.02446881
0.002762543
4.260944e-05
8.41703e-05
0.001059136
0.0001959888
0.3023494
0.009764019
3.781223e-05
-5.027243e-08
-1.212023e-07
1.035384e-06
8.737215e-08
6.964937e-08
2.065753e-08
0
0
0
0
0
-0.01734272
0.0002732679
4.28702e-05
8.236995e-05
0.001049912
0.0001951806
0.3030724
0.0090738
1.679892e-05
-7.017223e-08
-1.305581e-07
9.434653e-07
1.302906e-07
1.136718e-07
7.171076e-08
1.240626e-08
0
0
0
0
0
-0.01947965
0.0007615919
4.086984e-05
8.137267e-05
0.001048039
0.0001948461
0.3030864
0.009052324
1.648465e-05
-8.463076e-08
-1.362985e-07
8.965878e-07
1.55675e-07
1.398718e-07
1.016005e-07
8.451438e-08
3.503218e-08
0
0
0
0
0
-0.01916622
0.0007485372
3.983917e-05
8.096674e-05
0.001047625
0.0001946856
0.3030952
0.009033109
1.588386e-05
-1.029441e-07
-1.447658e-07
8.968899e-07
1.711361e-07
1.48484e-07
1.070166e-07
9.967903e-08
6.333007e-08
3.953011e-08
0
0
0
0
0
-0.0191175
0.00298152
3.932418e-05
8.085856e-05
0.001047692
0.0001946977
0.3030929
0.009029874
1.559574e-05
-1.169462e-07
-1.588769e-07
9.393312e-07
1.819258e-07
1.465057e-07
9.547658e-08
9.171234e-08
4.683392e-08
4.176739e-08
-3.452859e-08
0
0
0
0
0
-0.01501059
0.004842618
4.124707e-05
8.137179e-05
0.001047996
0.0001947662
0.3030836
0.009036957
1.526022e-05
-1.150407e-07
-1.712847e-07
1.023539e-06
1.833801e-07
1.372949e-07
7.146283e-08
6.36658e-08
1.433804e-08
1.127749e-08
-4.621565e-08
-0.2904413
0
0
0
0
0
-0.01489675
0.004479343
4.15483e-05
8.229726e-05
0.001049047
0.0001949213
0.3030703
0.009049933
1.465452e-05
-1.062743e-07
-1.73914e-07
1.159851e-06
1.679407e-07
1.151561e-07
3.862415e-08
2.855998e-08
2.696171e-08
2.442921e-08
-5.137054e-08
-0.3540401
38.54341
0
0
0
0
0
-0.01502465
0.003835205
4.186801e-05
8.421596e-05
0.00105715
0.0001956369
0.3023429
0.009739491
3.481688e-05
-9.0138e-08
-1.696975e-07
1.379596e-06
1.276744e-07
7.310013e-08
2.781335e-08
3.957226e-08
4.034402e-08
3.919927e-08
-5.439747e-08
-0.4382293
39.06211
37.94651
0
0
0
0
0
-0.01417776
0.005284004
4.39682e-05
8.577295e-05
0.001044078
0.0001975265
0.300452
0.008934855
1.157867e-05
-4.506199e-08
-2.05788e-07
1.715469e-06
6.100033e-08
2.52833e-08
3.7647e-08
5.02631e-08
5.171776e-08
5.213513e-08
-6.281636e-08
-0.5182023
39.62777
38.3188
37.11739
0
0
0
0
0
0
0
0
0
0
0
0
0
0
0
7.46223e-07
1.351144e-08
2.191392e-08
3.328571e-08
4.688886e-08
5.891581e-08
5.972539e-08
6.038321e-08
-7.817817e-08
-0.5876711
40.41432
39.08233
37.73066
35.64688
0
0
0
0
0
0
0
0
0
0
0
0
0
0
0
1.065527e-08
1.82247e-08
2.812145e-08
4.016825e-08
5.410553e-08
6.569073e-08
6.553851e-08
6.577906e-08
-1.116951e-07
-0.6832273
41.4621
40.09018
38.73687
36.62164
33.99193
0
0
0
0
0
0
0
0
0
0
0
0
0
0
0
1.128153e-08
2.089225e-08
3.188934e-08
4.437157e-08
5.834321e-08
6.955726e-08
6.881934e-08
6.858289e-08
-1.637045e-07
-0.7981356
42.87513
41.42241
40.02536
37.98116
35.51357
0
0
0
0
0
0
0
0
0
0
0
0
0
0
0
0
1.114536e-08
2.17763e-08
3.322601e-08
4.571783e-08
5.940698e-08
7.032017e-08
6.925787e-08
6.883837e-08
-2.553005e-07
-0.9576815
44.88698
43.2838
41.75536
39.70844
37.43652
0
0
0
0
0
0
0
0
0
0
0
0
0
0
0
0
0
1.013888e-08
2.104869e-08
3.234625e-08
4.441678e-08
5.755221e-08
6.781737e-08
6.688454e-08
6.646875e-08
-2.946617e-07
-1.000211
47.4914
45.8877
44.11417
41.96872
39.78693
0
0
0
0
0
0
0
0
0
0
0
0
0
0
0
0
0
0
0
0
0
0
0
0
0
0
0
0
0
0
0
0
0
1.257923e-08
0
0
0
0
0
0
0
0
0
0
0
0
0
0
0
1.394991e-08
2.185268e-08
0
0
0
0
0
0
0
0
0
0
0
0
0
0
0
1.520329e-08
2.267346e-08
2.913217e-08
0
0
0
0
0
0
0
0
0
0
0
0
0
0
0
5.239709e-07
2.303727e-08
2.768854e-08
3.310863e-08
0
0
0
0
0
-0.0195644
0.005778137
4.225471e-05
8.586208e-05
0.001044036
0.0001976077
0.3004661
0.008957939
1.382901e-05
-1.983607e-08
-1.654389e-07
1.259698e-06
2.670371e-08
2.80723e-08
3.250206e-08
0
0
0
0
0
-0.01735093
0.006366858
4.235657e-05
8.431241e-05
0.001058147
0.0001958587
0.3023553
0.009745565
3.601967e-05
-4.953992e-08
-1.281067e-07
1.087532e-06
7.443699e-08
5.43941e-08
2.258473e-08
2.570702e-08
0
0
0
0
0
-0.01748561
0.0004548317
4.118222e-05
8.239903e-05
0.00104949
0.0001950877
0.303077
0.009057801
1.555844e-05
-7.322833e-08
-1.359166e-07
9.765558e-07
1.195433e-07
9.983683e-08
5.898624e-08
4.374762e-08
1.305186e-08
0
0
0
0
0
-0.01935563
0.002676131
4.075171e-05
8.134331e-05
0.001048096
0.0001947837
0.3030873
0.009041986
1.573646e-05
-9.45218e-08
-1.431875e-07
9.329355e-07
1.533399e-07
1.285113e-07
8.509118e-08
7.815595e-08
4.266217e-08
2.052055e-08
0
0
0
0
0
-0.01876922
0.002542732
4.063312e-05
8.083935e-05
0.0010477
0.0001946998
0.3030929
0.009029871
1.559541e-05
-1.168753e-07
-1.58571e-07
9.393311e-07
1.819259e-07
1.465058e-07
9.547649e-08
9.171303e-08
4.683429e-08
4.176685e-08
-3.452848e-08
0
0
0
0
0
-0.02174965
0.002551157
4.154346e-05
8.082521e-05
0.001047669
0.0001946841
0.3030903
0.009029166
1.548103e-05
-1.230488e-07
-1.741315e-07
9.853754e-07
2.023462e-07
1.577468e-07
9.3358e-08
8.56033e-08
3.137273e-08
3.087797e-08
-5.082628e-08
-0.2889503
0
0
0
0
0
-0.01536112
-0.0004684267
4.211387e-05
8.141219e-05
0.00104805
0.0001947171
0.3030808
0.009037347
1.52165e-05
-1.223435e-07
-1.810728e-07
1.069429e-06
2.081947e-07
1.572339e-07
8.209482e-08
6.453223e-08
1.727208e-08
1.513701e-08
-6.034454e-08
-0.3605685
38.41937
0
0
0
0
0
-0.01543268
-0.000592431
4.228161e-05
8.22502e-05
0.001049066
0.0001949283
0.3030671
0.009051333
1.464663e-05
-1.18631e-07
-1.861952e-07
1.206244e-06
1.921349e-07
1.381538e-07
5.673893e-08
3.411488e-08
2.75863e-08
2.708498e-08
-6.296415e-08
-0.4250203
38.88798
37.76407
0
0
0
0
0
-0.01551931
-0.001048718
4.257033e-05
8.415094e-05
0.001057171
0.000195638
0.3023397
0.009741254
3.485119e-05
-9.397866e-08
-1.830398e-07
1.425195e-06
1.503047e-07
9.420318e-08
2.221652e-08
3.540462e-08
3.829e-08
3.991772e-08
-6.476603e-08
-0.4911934
39.41337
38.18177
37.08298
0
0
0
0
0
-0.01478144
-0.0002694314
4.476636e-05
8.570047e-05
0.001043993
0.0001975513
0.3004488
0.008936422
1.162426e-05
-4.723001e-08
-2.137739e-07
1.759283e-06
7.933469e-08
2.553037e-08
3.281764e-08
4.589279e-08
4.853357e-08
5.072582e-08
-7.379611e-08
-0.5644318
39.97297
38.6828
37.43164
35.51017
0
0
0
0
0
0
0
0
0
0
0
0
0
0
0
7.603144e-07
1.081957e-08
1.852501e-08
2.95147e-08
4.304937e-08
5.542562e-08
5.67181e-08
5.826387e-08
-9.074386e-08
-0.6275896
40.7173
39.40822
38.14894
36.13324
33.67737
0
0
0
0
0
0
0
0
0
0
0
0
0
0
0
9.561846e-09
1.638102e-08
2.569399e-08
3.73538e-08
5.108622e-08
6.283097e-08
6.307897e-08
6.372627e-08
-1.253546e-07
-0.7206172
41.75788
40.37895
39.09143
37.12604
34.74474
0
0
0
0
0
0
0
0
0
0
0
0
0
0
0
0
1.029234e-08
1.943334e-08
2.999105e-08
4.212316e-08
5.586473e-08
6.715076e-08
6.667611e-08
6.678931e-08
-1.78422e-07
-0.8335672
43.20892
41.71419
40.33612
38.38151
36.15486
0
0
0
0
0
0
0
0
0
0
0
0
0
0
0
0
0
9.97243e-09
2.045692e-08
3.161477e-08
4.381523e-08
5.726757e-08
6.817755e-08
6.730703e-08
6.713595e-08
-2.720182e-07
-0.9920925
45.24673
43.62528
42.07268
40.05552
37.9135
0
0
0
0
0
0
0
0
0
0
0
0
0
0
0
0
0
0
8.026008e-09
1.956751e-08
3.082794e-08
4.270129e-08
5.561508e-08
6.584279e-08
6.503015e-08
6.479673e-08
-3.119974e-07
-1.032234
47.8673
46.26905
44.48953
42.32212
40.19221
0
0
0
0
0
0
0
0
0
0
0
0
0
0
0
0
0
0
0
1.215513e-08
0
0
0
0
0
0
0
0
0
0
0
0
0
0
0
1.385752e-08
2.203058e-08
0
0
0
0
0
0
0
0
0
0
0
0
0
0
0
1.541186e-08
2.415157e-08
3.11264e-08
0
0
0
0
0
0
0
0
0
0
0
0
0
0
0
1.645144e-08
2.505199e-08
3.188663e-08
3.832788e-08
0
0
0
0
0
0
0
0
0
0
0
0
0
0
0
5.545048e-07
2.528414e-08
3.090767e-08
3.591046e-08
4.224929e-08
0
0
0
0
0
-0.02350633
0.004282687
4.485203e-05
8.568661e-05
0.001044086
0.0001975962
0.3004684
0.008941181
1.251189e-05
-1.816662e-08
-1.770396e-07
1.336933e-06
3.017465e-08
3.197242e-08
3.506483e-08
3.84199e-08
0
0
0
0
0
-0.01744954
-0.0001955163
4.316924e-05
8.429372e-05
0.001057641
0.0001957805
0.3023563
0.009738039
3.526239e-05
-5.221573e-08
-1.309933e-07
1.132399e-06
6.520866e-08
4.141353e-08
2.684504e-08
2.970652e-08
2.562982e-08
0
0
0
0
0
-0.01951813
0.0006364298
4.119626e-05
8.224925e-05
0.001049344
0.0001950053
0.3030774
0.009051197
1.50056e-05
-8.12083e-08
-1.425054e-07
1.017903e-06
1.176053e-07
8.91563e-08
4.255053e-08
3.626602e-08
1.632743e-08
1.372346e-08
0
0
0
0
0
-0.01928629
0.002702082
4.150229e-05
8.1244e-05
0.001048087
0.0001947859
0.3030859
0.009037985
1.539796e-05
-1.091276e-07
-1.557681e-07
9.767671e-07
1.637607e-07
1.265554e-07
7.367419e-08
6.986084e-08
2.519365e-08
2.134685e-08
-2.970511e-08
0
0
0
0
0
-0.0191385
0.002165038
4.140387e-05
8.093326e-05
0.001047666
0.0001946864
0.3030903
0.009029165
1.548115e-05
-1.231025e-07
-1.741226e-07
9.853754e-07
2.023462e-07
1.577468e-07
9.33582e-08
8.56029e-08
3.137156e-08
3.087913e-08
-5.082489e-08
-0.2889503
0
0
0
0
0
-0.01476053
0.004803032
4.136578e-05
8.109999e-05
0.001047729
0.0001946367
0.3030873
0.009029668
1.544978e-05
-1.2991e-07
-1.837681e-07
1.030906e-06
2.281975e-07
1.785735e-07
1.045683e-07
8.669081e-08
2.056273e-08
1.778401e-08
-6.502007e-08
-0.3579859
38.33686
0
0
0
0
0
-0.01487474
-0.000345755
4.031854e-05
8.139813e-05
0.001048074
0.0001947321
0.3030777
0.009038451
1.518796e-05
-1.347912e-07
-1.925338e-07
1.115537e-06
2.346147e-07
1.82431e-07
1.020653e-07
7.752441e-08
1.784864e-08
1.788031e-08
-7.169905e-08
-0.4223705
38.81257
37.63708
0
0
0
0
0
-0.01501119
-0.0004211554
4.05478e-05
8.217247e-05
0.001049043
0.0001949258
0.3030639
0.00905294
1.466537e-05
-1.249393e-07
-2.008942e-07
1.251499e-06
2.185011e-07
1.626961e-07
7.986113e-08
5.430099e-08
2.512102e-08
2.769913e-08
-7.314676e-08
-0.4782517
39.27758
38.0421
36.89943
0
0
0
0
0
-0.01511042
-0.0008661743
4.093981e-05
8.40892e-05
0.001057108
0.0001956614
0.3023365
0.009742985
3.490024e-05
-9.865159e-08
-1.91856e-07
1.468877e-06
1.739721e-07
1.173237e-07
3.31727e-08
3.003192e-08
3.417265e-08
3.795947e-08
-7.506582e-08
-0.5358188
39.74356
38.48566
37.306
35.4754
0
0
0
0
0
-0.01445072
-0.0001054595
4.291574e-05
8.563858e-05
0.001043803
0.0001975039
0.3004455
0.008938087
1.164857e-05
-5.203272e-08
-2.23291e-07
1.799827e-06
9.810438e-08
4.473757e-08
2.751826e-08
4.111446e-08
4.432552e-08
4.768904e-08
-8.547125e-08
-0.603335
40.25684
38.97649
37.78139
35.83145
33.49847
0
0
0
0
0
0
0
0
0
0
0
0
0
0
0
7.722327e-07
8.144552e-09
1.511195e-08
2.560938e-08
3.893882e-08
5.154966e-08
5.335796e-08
5.538755e-08
-1.031488e-07
-0.6629665
40.99078
39.67101
38.46248
36.54452
34.21139
0
0
0
0
0
0
0
0
0
0
0
0
0
0
0
0
8.358267e-09
1.449301e-08
2.323064e-08
3.445909e-08
4.792654e-08
5.974455e-08
6.031959e-08
6.137264e-08
-1.381663e-07
-0.7536003
42.06317
40.64066
39.3697
37.47117
35.26069
0
0
0
0
0
0
0
0
0
0
0
0
0
0
0
0
0
8.97201e-09
1.786311e-08
2.805116e-08
3.984051e-08
5.330796e-08
6.46004e-08
6.434709e-08
6.473562e-08
-1.918003e-07
-0.8647695
43.53263
42.01729
40.61709
38.68296
36.55481
0
0
0
0
0
0
0
0
0
0
0
0
0
0
0
0
0
0
7.696592e-09
1.880906e-08
2.990158e-08
4.188069e-08
5.509425e-08
6.596849e-08
6.523482e-08
6.526766e-08
-2.872027e-07
-1.022267
45.58326
43.95793
42.40047
40.36277
38.25762
0
0
0
0
0
0
0
0
0
0
0
0
0
0
0
0
0
0
0
1.736648e-09
1.670664e-08
2.898979e-08
4.089669e-08
5.365418e-08
6.383124e-08
6.312e-08
6.301779e-08
-3.277807e-07
-1.060361
48.20851
46.6245
44.85342
42.68497
40.54178
0
0
0
0
0
0
0
0
0
0
0
0
0
0
0
0
0
0
0
0
1.345466e-08
2.148224e-08
0
0
0
0
0
0
0
0
0
0
0
0
0
0
0
1.532633e-08
2.457535e-08
3.143149e-08
0
0
0
0
0
0
0
0
0
0
0
0
0
0
0
1.660413e-08
2.658732e-08
3.43416e-08
4.07418e-08
0
0
0
0
0
0
0
0
0
0
0
0
0
0
0
1.731031e-08
2.701387e-08
3.502581e-08
4.164323e-08
4.84033e-08
0
0
0
0
0
0
0
0
0
0
0
0
0
0
0
5.797515e-07
2.680691e-08
3.371029e-08
3.965195e-08
4.522278e-08
4.838716e-08
0
0
0
0
0
-0.01641908
0.007669731
4.451342e-05
8.592054e-05
0.001044087
0.0001975891
0.300468
0.008933851
1.191956e-05
-1.931233e-08
-1.76124e-07
1.396579e-06
3.252968e-08
3.567654e-08
3.960425e-08
4.236562e-08
3.774751e-08
0
0
0
0
0
-0.01759275
-0.000145548
4.158277e-05
8.434389e-05
0.001057479
0.0001957134
0.3023549
0.009735539
3.494255e-05
-5.821889e-08
-1.352029e-07
1.181015e-06
6.368048e-08
3.169586e-08
3.072435e-08
3.38439e-08
2.908114e-08
2.564757e-08
0
0
0
0
0
-0.01944951
0.002491219
4.126405e-05
8.219272e-05
0.001049203
0.0001949925
0.3030757
0.00904908
1.476329e-05
-9.225243e-08
-1.5282e-07
1.064645e-06
1.272483e-07
8.726219e-08
3.14834e-08
2.779201e-08
2.046375e-08
1.685034e-08
-1.90559e-08
0
0
0
0
0
-0.01393648
0.002490023
4.159741e-05
8.137514e-05
0.001047999
0.0001947715
0.3030836
0.009036959
1.526084e-05
-1.153149e-07
-1.714237e-07
1.023539e-06
1.833802e-07
1.37295e-07
7.146304e-08
6.366529e-08
1.433713e-08
1.127873e-08
-4.621677e-08
-0.2904413
0
0
0
0
0
-0.01385653
0.002432891
4.128422e-05
8.109317e-05
0.001047728
0.0001946362
0.3030873
0.009029667
1.545088e-05
-1.297179e-07
-1.83869e-07
1.030906e-06
2.281972e-07
1.785738e-07
1.045683e-07
8.669045e-08
2.056459e-08
1.778503e-08
-6.502283e-08
-0.3579859
38.33686
0
0
0
0
0
-0.01431428
-0.0005188364
4.179917e-05
8.103644e-05
0.001047783
0.0001946508
0.3030842
0.009030792
1.542123e-05
-1.420096e-07
-1.951982e-07
1.076971e-06
2.557168e-07
2.048709e-07
1.254801e-07
1.003403e-07
1.903543e-08
1.254427e-08
-7.632924e-08
-0.4198373
38.76115
37.56163
0
0
0
0
0
-0.01761144
-0.0004725567
4.026213e-05
8.111602e-05
0.001048046
0.0001947166
0.3030746
0.009039885
1.519793e-05
-1.431504e-07
-2.073792e-07
1.160887e-06
2.634298e-07
2.092736e-07
1.274429e-07
9.962448e-08
1.489676e-08
1.839569e-08
-8.171422e-08
-0.4749986
39.19525
37.95997
36.77412
0
0
0
0
0
-0.01765045
-0.0005242129
4.051854e-05
8.189321e-05
0.001048906
0.000194935
0.3030608
0.00905459
1.470534e-05
-1.314242e-07
-2.115601e-07
1.295401e-06
2.460212e-07
1.895626e-07
1.046252e-07
7.93405e-08
2.041515e-08
2.531881e-08
-8.340316e-08
-0.5228609
39.60427
38.36145
37.16774
35.29402
0
0
0
0
0
-0.01779802
-0.000973719
4.09889e-05
8.382906e-05
0.001056958
0.000195552
0.3023336
0.009744607
3.492103e-05
-1.062586e-07
-2.01928e-07
1.510104e-06
1.981988e-07
1.41597e-07
5.668147e-08
3.750446e-08
2.884402e-08
3.402581e-08
-8.657759e-08
-0.5737228
40.02168
38.76687
37.5958
35.69855
33.4274
0
0
0
0
0
-0.01701164
-0.0001818832
4.304708e-05
8.541665e-05
0.001043724
0.0001974291
0.3004421
0.008939879
1.167852e-05
-5.702685e-08
-2.353061e-07
1.836773e-06
1.170513e-07
6.450659e-08
2.196936e-08
3.586861e-08
3.970727e-08
4.36678e-08
-9.743627e-08
-0.6376348
40.51448
39.21951
38.06547
36.1759
33.86535
0
0
0
0
0
0
0
0
0
0
0
0
0
0
0
0
7.813921e-07
7.262586e-09
1.165952e-08
2.163165e-08
3.466439e-08
4.738686e-08
4.962225e-08
5.217193e-08
-1.150257e-07
-0.6941797
41.27386
39.91088
38.71665
36.85045
34.63444
0
0
0
0
0
0
0
0
0
0
0
0
0
0
0
0
0
6.790279e-09
1.247175e-08
2.070769e-08
3.151691e-08
4.466781e-08
5.650655e-08
5.734072e-08
5.873019e-08
-1.498599e-07
-0.7826451
42.35975
40.91554
39.62281
37.74142
35.60595
0
0
0
0
0
0
0
0
0
0
0
0
0
0
0
0
0
0
6.45516e-09
1.592334e-08
2.598312e-08
3.750555e-08
5.07078e-08
6.196157e-08
6.188304e-08
6.250636e-08
-2.040682e-07
-0.8919466
43.83748
42.31366
40.90935
38.95519
36.85383
0
0
0
0
0
0
0
0
0
0
0
0
0
0
0
0
0
0
0
1.030026e-09
1.56722e-08
2.783285e-08
3.983587e-08
5.288311e-08
6.371365e-08
6.309489e-08
6.328021e-08
-3.010756e-07
-1.048837
45.88444
44.27068
42.71989
40.67986
38.56114
0
0
0
0
0
0
0
0
0
0
0
0
0
0
0
0
0
0
0
0
6.92553e-09
6.203128e-09
2.54502e-08
3.875423e-08
5.159881e-08
6.178573e-08
6.117272e-08
6.118387e-08
-3.423468e-07
-1.085303
48.51781
46.94809
45.19264
43.0366
40.89958
0
0
0
0
0
127458.4
0
0
0
0
0
0
0
0
0
0
0
0
0
0
0
1.489723e-08
2.411941e-08
3.0642e-08
0
0
0
0
0
0
0
0
0
0
0
0
0
0
0
1.648832e-08
2.709367e-08
3.507751e-08
4.089955e-08
0
0
0
0
0
0
0
0
0
0
0
0
0
0
0
1.742126e-08
2.850172e-08
3.76352e-08
4.473253e-08
5.083801e-08
0
0
0
0
0
0
0
0
0
0
0
0
0
0
0
1.770461e-08
2.831214e-08
3.759888e-08
4.543424e-08
5.200804e-08
5.433744e-08
0
0
0
0
0
0
0
0
0
0
0
0
0
0
0
6.046226e-07
2.736775e-08
3.558399e-08
4.29672e-08
4.97659e-08
5.280753e-08
4.71594e-08
0
0
0
0
0
-0.01659795
0.001105385
4.54015e-05
8.590081e-05
0.001044169
0.0001975605
0.3004663
0.008931064
1.165984e-05
-2.295856e-08
-1.749067e-07
1.454675e-06
3.321828e-08
3.81945e-08
4.354178e-08
4.721465e-08
4.137995e-08
3.715234e-08
0
0
0
0
0
-0.01967711
-6.065691e-05
4.167821e-05
8.416893e-05
0.00105735
0.0001956987
0.3023524
0.009735411
3.481674e-05
-6.624769e-08
-1.423687e-07
1.232312e-06
7.201005e-08
2.97842e-08
3.350535e-08
3.795084e-08
3.297654e-08
2.898071e-08
-1.067315e-08
0
0
0
0
0
-0.01921418
0.002462831
4.192177e-05
8.219977e-05
0.001049068
0.0001949758
0.3030732
0.009049036
1.467612e-05
-9.878582e-08
-1.65414e-07
1.113045e-06
1.452294e-07
9.699769e-08
2.912203e-08
2.785149e-08
2.421169e-08
2.074355e-08
-3.512086e-08
-0.2844693
0
0
0
0
0
-0.01513619
-0.0007970953
4.154267e-05
8.14347e-05
0.001048044
0.0001947174
0.3030808
0.009037345
1.522016e-05
-1.2169e-07
-1.814956e-07
1.069429e-06
2.081952e-07
1.572338e-07
8.209504e-08
6.453173e-08
1.72715e-08
1.513664e-08
-6.034628e-08
-0.3605685
38.41937
0
0
0
0
0
-0.01483215
-0.0007822009
4.12077e-05
8.10316e-05
0.001047779
0.0001946496
0.3030842
0.009030792
1.542143e-05
-1.412803e-07
-1.951333e-07
1.076971e-06
2.557169e-07
2.048711e-07
1.254799e-07
1.003412e-07
1.903615e-08
1.25445e-08
-7.633019e-08
-0.4198373
38.76115
37.56163
0
0
0
0
0
-0.01485392
-0.0006312847
3.98708e-05
8.090178e-05
0.001047759
0.0001946334
0.3030811
0.009032218
1.543189e-05
-1.517435e-07
-2.098687e-07
1.122467e-06
2.857465e-07
2.328663e-07
1.520027e-07
1.234366e-07
3.064448e-08
1.304912e-08
-8.629893e-08
-0.4725024
39.15158
37.9126
36.69859
0
0
0
0
0
-0.01707623
0.0008681437
3.989452e-05
8.094304e-05
0.001047868
0.0001947206
0.3030714
0.00904144
1.523389e-05
-1.511046e-07
-2.196314e-07
1.205253e-06
2.934705e-07
2.386606e-07
1.545563e-07
1.26976e-07
2.814321e-08
1.567808e-08
-9.194786e-08
-0.5193546
39.52001
38.28115
37.0872
35.17692
0
0
0
0
0
-0.01708792
0.0007038537
4.027331e-05
8.172636e-05
0.001048674
0.0001947804
0.3030577
0.009056223
1.471574e-05
-1.405256e-07
-2.231194e-07
1.337355e-06
2.741766e-07
2.176814e-07
1.318775e-07
1.058816e-07
1.415814e-08
2.077448e-08
-9.523391e-08
-0.5605567
39.88045
38.63829
37.47632
35.56575
33.26987
0
0
0
0
0
-0.01721893
-3.272371e-05
4.076214e-05
8.37119e-05
0.001056863
0.0001954093
0.3023308
0.009746068
3.494661e-05
-1.14318e-07
-2.140935e-07
1.548601e-06
2.226593e-07
1.665185e-07
8.146484e-08
6.271586e-08
2.312893e-08
2.892806e-08
-9.880329e-08
-0.6071258
40.27152
39.00511
37.8679
35.9897
33.69436
0
0
0
0
0
0
-0.01643952
0.00160982
4.284593e-05
8.536157e-05
0.001040536
0.0001974087
0.3004387
0.008941671
1.174419e-05
-6.504106e-08
-2.481186e-07
1.869314e-06
1.360778e-07
8.455198e-08
1.622392e-08
3.039186e-08
3.460289e-08
3.925807e-08
-1.091976e-07
-0.6677994
40.77886
39.44347
38.30141
36.45362
34.22041
0
0
0
0
0
0
0
0
0
0
0
0
0
0
0
0
0
7.860773e-07
1.671925e-08
1.530414e-08
1.763488e-08
3.028039e-08
4.305149e-08
4.561492e-08
4.860207e-08
-1.260381e-07
-0.7215565
41.54892
40.1641
38.94931
37.09758
34.94063
0
0
0
0
0
0
0
0
0
0
0
0
0
0
0
0
0
0
3.883522e-09
1.002443e-08
1.802521e-08
2.849893e-08
4.134929e-08
5.315558e-08
5.421672e-08
5.587965e-08
-1.607845e-07
-0.8077245
42.63895
41.18499
39.88892
37.98676
35.87384
0
0
0
0
0
0
0
0
0
0
0
0
0
0
0
0
0
0
0
-7.238469e-10
1.23342e-08
2.350328e-08
3.502456e-08
4.804326e-08
5.926748e-08
5.933252e-08
6.01445e-08
-2.153259e-07
-0.9159227
44.10542
42.59444
41.19523
39.23802
37.12239
0
0
0
0
0
0
0
0
0
0
0
0
0
0
0
0
0
0
0
0
9.636645e-09
4.526543e-09
2.391705e-08
3.741021e-08
5.055015e-08
6.141017e-08
6.091551e-08
6.123094e-08
-3.138817e-07
-1.072455
46.16011
44.55112
43.02026
40.9887
38.87323
0
0
0
0
0
128291.9
0
0
0
0
0
0
0
0
0
0
0
0
0
0
0
-9.605103e-09
5.539755e-08
1.10649e-08
3.462176e-08
4.918562e-08
5.963165e-08
5.919439e-08
5.93155e-08
-3.552006e-07
-1.107716
48.80188
47.2422
45.5015
43.36433
41.24582
0
0
0
0
0
104552.5
101766.3
0
0
0
0
0
0
0
0
0
0
0
0
0
0
0
1.601619e-08
2.663481e-08
3.446992e-08
3.972494e-08
0
0
0
0
0
0
0
0
0
0
0
0
0
0
0
1.728151e-08
2.900025e-08
3.854163e-08
4.554134e-08
5.054282e-08
0
0
0
0
0
0
0
0
0
0
0
0
0
0
0
1.780927e-08
2.974591e-08
4.019316e-08
4.879838e-08
5.537282e-08
5.631873e-08
0
0
0
0
0
0
0
0
0
0
0
0
0
0
0
1.762038e-08
2.886058e-08
3.92743e-08
4.861757e-08
5.683388e-08
5.962455e-08
5.274019e-08
0
0
0
0
0
0
0
0
0
0
0
0
0
0
0
6.290448e-07
2.67794e-08
3.624853e-08
4.513192e-08
5.344197e-08
5.775308e-08
5.127958e-08
4.602167e-08
0
0
0
0
0
-0.016823
0.001395441
4.351624e-05
8.589866e-05
0.001044189
0.0001975602
0.3004638
0.008930505
1.155342e-05
-2.790191e-08
-1.766078e-07
1.51234e-06
3.169241e-08
3.894149e-08
4.621832e-08
5.136742e-08
4.586913e-08
4.068549e-08
-1.327946e-09
0
0
0
0
0
-0.01957901
0.001774937
4.171971e-05
8.41685e-05
0.001057208
0.0001956898
0.3023494
0.00973638
3.479026e-05
-7.191544e-08
-1.515055e-07
1.283577e-06
8.74262e-08
3.794502e-08
3.421405e-08
4.08623e-08
3.685097e-08
3.281217e-08
-2.926225e-08
-0.308382
0
0
0
0
0
-0.01386926
0.002125821
4.192228e-05
8.230701e-05
0.001049052
0.0001949245
0.3030703
0.009049934
1.466136e-05
-1.04866e-07
-1.753174e-07
1.159852e-06
1.67941e-07
1.151561e-07
3.8624e-08
2.855942e-08
2.696149e-08
2.443068e-08
-5.137146e-08
-0.3540401
38.54341
0
0
0
0
0
-0.01394311
-0.0004124666
4.00939e-05
8.137858e-05
0.001048068
0.0001947306
0.3030777
0.009038451
1.518867e-05
-1.324729e-07
-1.922681e-07
1.115537e-06
2.34615e-07
1.824309e-07
1.020656e-07
7.752334e-08
1.784785e-08
1.788029e-08
-7.169848e-08
-0.4223705
38.81257
37.63708
0
0
0
0
0
-0.01416581
-0.0004790775
3.966364e-05
8.087972e-05
0.001047761
0.0001946325
0.3030811
0.00903222
1.543194e-05
-1.515339e-07
-2.093771e-07
1.122468e-06
2.857464e-07
2.328665e-07
1.520026e-07
1.23436e-07
3.064339e-08
1.304912e-08
-8.630106e-08
-0.4725024
39.15158
37.9126
36.69859
0
0
0
0
0
-0.01762526
-0.0004478768
3.95894e-05
8.055061e-05
0.001047567
0.0001946367
0.3030779
0.009033763
1.546837e-05
-1.603765e-07
-2.231135e-07
1.167154e-06
3.17037e-07
2.635181e-07
1.803101e-07
1.519776e-07
5.178064e-08
1.808065e-08
-9.654224e-08
-0.5169724
39.47696
38.24049
37.04009
35.10622
0
0
0
0
0
-0.01767187
0.0005585161
4.048338e-05
8.069839e-05
0.001047606
0.0001945468
0.3030682
0.009043061
1.523786e-05
-1.610869e-07
-2.325723e-07
1.247947e-06
3.241948e-07
2.69363e-07
1.843919e-07
1.559203e-07
5.365993e-08
1.558356e-08
-1.040176e-07
-0.5568583
39.79522
38.55617
37.3985
35.48849
33.1682
0
0
0
0
0
-0.0176434
0.00027003
4.082223e-05
8.152115e-05
0.001048534
0.0001945849
0.3030548
0.009057755
1.473905e-05
-1.51169e-07
-2.361344e-07
1.377151e-06
3.025955e-07
2.465132e-07
1.604981e-07
1.348748e-07
3.13713e-08
1.499099e-08
-1.080534e-07
-0.5937032
40.12715
38.87432
37.74457
35.87164
33.57128
0
0
0
0
0
0
-0.01776472
-0.0001790166
4.128864e-05
8.355419e-05
0.001056678
0.0001953563
0.3023284
0.009747136
3.499503e-05
-1.238533e-07
-2.267771e-07
1.58378e-06
2.472598e-07
1.917356e-07
1.069894e-07
8.914268e-08
1.694481e-08
2.343333e-08
-1.110901e-07
-0.6365279
40.52772
39.22172
38.09926
36.25664
34.0122
0
0
0
0
0
0
0
-0.01701825
0.001194821
4.362788e-05
8.522247e-05
0.001043437
0.0001973416
0.3004358
0.008943383
1.177282e-05
-6.197409e-08
-2.639719e-07
1.896011e-06
1.552264e-07
1.047452e-07
2.615111e-08
2.458162e-08
2.916748e-08
3.437982e-08
-1.202911e-07
-0.6941906
41.03717
39.67821
38.51927
36.68331
34.49835
0
0
0
0
0
0
0
0
0
0
0
0
0
0
0
0
0
0
7.881852e-07
2.720723e-08
2.778009e-08
1.361666e-08
2.582052e-08
3.859426e-08
4.143893e-08
4.476525e-08
-1.365086e-07
-0.7452258
41.80684
40.4125
39.19515
37.32323
35.18538
0
0
0
0
0
0
0
0
0
0
0
0
0
0
0
0
0
0
0
-4.196265e-09
5.67074e-09
1.485575e-08
2.529474e-08
3.793687e-08
4.973244e-08
5.098372e-08
5.288648e-08
-1.709644e-07
-0.8300265
42.88376
41.44022
40.14982
38.24426
36.11554
0
0
0
0
0
0
0
0
0
0
0
0
0
0
0
0
0
0
0
0
1.855695e-08
2.636552e-10
1.895877e-08
3.209279e-08
4.521128e-08
5.649481e-08
5.673231e-08
5.769969e-08
-2.25834e-07
-0.9371332
44.35454
42.84142
41.46606
39.51451
37.40022
0
0
0
0
0
129884.1
0
0
0
0
0
0
0
0
0
0
0
0
0
0
0
-1.080447e-08
6.36453e-08
8.660858e-09
3.281403e-08
4.780827e-08
5.896478e-08
5.868705e-08
5.913625e-08
-3.252091e-07
-1.093632
46.41405
44.80866
43.2896
41.27904
39.1767
0
0
0
0
0
105025.7
102422.3
0
0
0
0
0
0
0
0
0
0
0
0
0
0
0
-7.472152e-09
1.10675e-08
9.928693e-08
1.664921e-08
4.450374e-08
5.708323e-08
5.7109e-08
5.741534e-08
-3.661793e-07
-1.127078
49.06184
47.51301
45.78227
43.66272
41.56833
0
0
0
0
0
83595.93
83922.63
84192.74
0
0
0
0
0
0
0
0
0
0
0
0
0
0
0
1.678297e-08
2.849812e-08
3.796136e-08
4.466418e-08
4.881986e-08
0
0
0
0
0
0
0
0
0
0
0
0
0
0
0
1.766366e-08
3.022284e-08
4.112229e-08
4.988513e-08
5.600057e-08
5.548952e-08
0
0
0
0
0
0
0
0
0
0
0
0
0
0
0
1.778618e-08
3.031038e-08
4.182122e-08
5.203741e-08
6.069976e-08
6.282996e-08
5.453609e-08
0
0
0
0
0
0
0
0
0
0
0
0
0
0
0
1.717687e-08
2.859716e-08
3.996024e-08
5.062504e-08
6.046505e-08
6.499759e-08
5.774289e-08
5.124591e-08
0
0
0
0
0
0
0
0
0
0
0
0
0
0
0
6.523315e-07
2.534199e-08
3.545535e-08
4.590285e-08
5.585147e-08
6.171355e-08
5.587744e-08
5.002954e-08
1.083217e-11
0
0
0
0
0
-0.01876184
0.001619422
4.363504e-05
8.571506e-05
0.001044143
0.0001975648
0.3004611
0.00893102
1.152839e-05
-3.121928e-08
-1.809439e-07
1.567965e-06
2.85953e-08
3.735531e-08
4.704099e-08
5.417984e-08
4.972648e-08
4.506846e-08
-1.961039e-08
-0.3069683
0
0
0
0
0
-0.01931529
0.00180306
4.231061e-05
8.417134e-05
0.001057173
0.0001956462
0.3023462
0.009737818
3.480842e-05
-7.700022e-08
-1.59825e-07
1.332262e-06
1.068961e-07
5.34043e-08
3.205489e-08
4.166505e-08
3.959945e-08
3.655612e-08
-4.265065e-08
-0.383656
38.77279
0
0
0
0
0
-0.01529433
-0.0009068978
4.178128e-05
8.229611e-05
0.001049064
0.0001949296
0.3030671
0.009051333
1.464811e-05
-1.145972e-07
-1.855276e-07
1.206245e-06
1.921351e-07
1.38154e-07
5.673879e-08
3.411598e-08
2.758765e-08
2.708594e-08
-6.296407e-08
-0.4250203
38.88798
37.76407
0
0
0
0
0
-0.02353958
-0.0006962107
4.018863e-05
8.112662e-05
0.001048048
0.0001947153
0.3030746
0.009039887
1.519811e-05
-1.425358e-07
-2.058388e-07
1.160887e-06
2.634301e-07
2.092735e-07
1.274433e-07
9.9624e-08
1.489643e-08
1.839669e-08
-8.171407e-08
-0.4749986
39.19525
37.95997
36.77412
0
0
0
0
0
-0.0235229
-0.0006125319
3.97475e-05
8.054019e-05
0.001047568
0.0001946377
0.3030779
0.009033765
1.546842e-05
-1.603348e-07
-2.229843e-07
1.167154e-06
3.170369e-07
2.635183e-07
1.8031e-07
1.519784e-07
5.178209e-08
1.808185e-08
-9.654261e-08
-0.5169724
39.47696
38.24049
37.04009
35.10622
0
0
0
0
0
-0.02306493
0.001171948
3.953521e-05
8.033558e-05
0.00104727
0.0001944524
0.3030746
0.0090354
1.547027e-05
-1.707617e-07
-2.367577e-07
1.210296e-06
3.49036e-07
2.955184e-07
2.114578e-07
1.821588e-07
7.847312e-08
3.883458e-08
-1.08743e-07
-0.5545296
39.75295
38.51548
37.35857
35.44414
33.11136
0
0
0
0
0
-0.01987918
0.001125852
4.026203e-05
8.057609e-05
0.001047443
0.0001943167
0.3030652
0.009044654
1.526084e-05
-1.755488e-07
-2.461528e-07
1.288801e-06
3.552009e-07
3.008233e-07
2.156561e-07
1.875698e-07
8.091575e-08
4.067305e-08
-1.172859e-07
-0.5898274
40.0401
38.79123
37.66546
35.79567
33.49872
0
0
0
0
0
0
-0.02001189
0.0008153755
4.059025e-05
8.142388e-05
0.001048264
0.0001945126
0.3030524
0.009059002
1.477922e-05
-1.607403e-07
-2.503189e-07
1.414334e-06
3.311724e-07
2.756637e-07
1.899242e-07
1.651744e-07
5.874615e-08
1.889865e-08
-1.21114e-07
-0.6228537
40.37914
39.08783
37.9739
36.13485
33.88886
0
0
0
0
0
0
0
-0.02017406
6.701531e-05
4.111546e-05
8.349312e-05
0.001056422
0.0001951982
0.3023261
0.009747995
3.497806e-05
-1.244549e-07
-2.419198e-07
1.614663e-06
2.720726e-07
2.171356e-07
1.328779e-07
1.162517e-07
1.157216e-08
1.746431e-08
-1.228465e-07
-0.6622768
40.77831
39.44867
38.31009
36.48225
34.28167
0
0
0
0
0
0
0
0
-0.01937205
0.001690617
4.348367e-05
8.530642e-05
0.001043194
0.0001972684
0.3004329
0.008944874
1.180098e-05
-9.103071e-08
-2.717385e-07
1.912536e-06
1.747811e-07
1.251336e-07
4.732909e-08
4.546136e-08
2.355218e-08
2.918302e-08
-1.310708e-07
-0.7170593
41.27953
39.91015
38.74778
36.89471
34.72559
0
0
0
0
0
0
0
0
0
0
0
0
0
0
0
0
0
0
0
8.023088e-07
4.411136e-08
4.144656e-08
1.357351e-08
2.12497e-08
3.405327e-08
3.714165e-08
4.076666e-08
-1.464811e-07
-0.7663082
42.03445
40.64684
39.43638
37.56112
35.40736
0
0
0
0
0
0
0
0
0
0
0
0
0
0
0
0
0
0
0
0
3.876468e-08
1.215084e-08
9.286843e-09
2.154969e-08
3.430849e-08
4.619778e-08
4.768353e-08
4.979016e-08
-1.804926e-07
-0.8497931
43.11389
41.66429
40.39695
38.4966
36.36794
0
0
0
0
0
132244.3
0
0
0
0
0
0
0
0
0
0
0
0
0
0
0
-2.701223e-09
8.408426e-08
2.460398e-09
2.672306e-08
4.188443e-08
5.352817e-08
5.405343e-08
5.520317e-08
-2.351867e-07
-0.9561904
44.58569
43.07208
41.70434
39.77638
37.67133
0
0
0
0
0
105888
103674.1
0
0
0
0
0
0
0
0
0
0
0
0
0
0
0
-8.555386e-09
1.884492e-08
1.117782e-07
1.378273e-08
4.258451e-08
5.607249e-08
5.632625e-08
5.69974e-08
-3.349672e-07
-1.111872
46.6455
45.04657
43.53695
41.53941
39.46178
0
0
0
0
0
83943.92
84299.79
84727.02
0
0
0
0
0
0
0
0
0
0
0
0
0
0
0
-6.655703e-09
-5.724616e-09
3.118076e-08
1.378794e-07
2.309219e-08
5.2088e-08
5.465114e-08
5.540913e-08
-3.748156e-07
-1.143128
49.30445
47.76107
46.04082
43.93399
41.86191
0
0
0
0
0
67059.13
67595.03
69796.3
73308.69
0
0
0
0
0
0
0
0
0
0
0
0
0
0
0
1.715338e-08
2.968901e-08
4.05017e-08
4.907775e-08
5.475503e-08
5.33288e-08
0
0
0
0
0
0
0
0
0
0
0
0
0
0
0
1.767118e-08
3.079702e-08
4.273716e-08
5.319304e-08
6.17765e-08
6.319083e-08
5.365918e-08
0
0
0
0
0
0
0
0
0
0
0
0
0
0
0
1.74564e-08
3.019735e-08
4.254351e-08
5.40153e-08
6.444531e-08
6.885815e-08
6.075689e-08
5.286751e-08
0
0
0
0
0
0
0
0
0
0
0
0
0
0
0
1.650186e-08
2.774056e-08
3.95662e-08
5.144177e-08
6.276099e-08
6.898381e-08
6.273345e-08
5.610172e-08
-2.716285e-09
0
0
0
0
0
0
0
0
0
0
0
0
0
0
0
6.739047e-07
2.338582e-08
3.359314e-08
4.499817e-08
5.672016e-08
6.429484e-08
5.955317e-08
5.452267e-08
-1.990473e-08
-0.3317712
0
0
0
0
0
-0.01865768
0.003375051
4.366412e-05
8.572788e-05
0.001044129
0.0001975386
0.3004582
0.008932053
1.15427e-05
-3.396173e-08
-1.862521e-07
1.619769e-06
2.742339e-08
3.407398e-08
4.544498e-08
5.509123e-08
5.234988e-08
4.879511e-08
-3.801891e-08
-0.3848757
38.788
0
0
0
0
0
-0.01399195
0.001442811
4.229812e-05
8.424088e-05
0.001057162
0.0001956431
0.3023429
0.009739491
3.48193e-05
-8.485773e-08
-1.684437e-07
1.379597e-06
1.276745e-07
7.310042e-08
2.781331e-08
3.957231e-08
4.034378e-08
3.919729e-08
-5.439705e-08
-0.4382293
39.06211
37.94651
0
0
0
0
0
-0.01425659
-0.0004601393
4.034006e-05
8.21804e-05
0.001049047
0.0001949265
0.3030639
0.009052942
1.46656e-05
-1.237352e-07
-1.981819e-07
1.251499e-06
2.185015e-07
1.626963e-07
7.986087e-08
5.430255e-08
2.512073e-08
2.769793e-08
-7.314636e-08
-0.4782517
39.27758
38.0421
36.89943
0
0
0
0
0
-0.02207328
0.006726364
3.980694e-05
8.095116e-05
0.001047875
0.0001947231
0.3030714
0.009041445
1.523398e-05
-1.50987e-07
-2.192104e-07
1.205253e-06
2.934706e-07
2.386606e-07
1.545566e-07
1.269744e-07
2.814261e-08
1.567788e-08
-9.194766e-08
-0.5193546
39.52001
38.28115
37.0872
35.17692
0
0
0
0
0
-0.02209925
0.006811424
3.948809e-05
8.036215e-05
0.001047271
0.000194453
0.3030746
0.009035402
1.547033e-05
-1.707305e-07
-2.367278e-07
1.210296e-06
3.49036e-07
2.955186e-07
2.114577e-07
1.821595e-07
7.847264e-08
3.883401e-08
-1.087437e-07
-0.5545296
39.75295
38.51548
37.35857
35.44414
33.11136
0
0
0
0
0
-0.01778097
0.00629352
4.021324e-05
8.008489e-05
0.001047106
0.0001942061
0.3030715
0.00903705
1.549347e-05
-1.830862e-07
-2.506595e-07
1.251741e-06
3.813277e-07
3.283002e-07
2.440667e-07
2.151674e-07
1.069487e-07
6.508838e-08
-1.222453e-07
-0.5874853
39.99708
38.75092
37.62587
35.7573
33.46038
0
0
0
0
0
0
-0.01993783
0.003231402
4.030322e-05
8.037838e-05
0.001047122
0.0001942298
0.3030627
0.009046091
1.529629e-05
-1.850968e-07
-2.631081e-07
1.327419e-06
3.863776e-07
3.326203e-07
2.47773e-07
2.205838e-07
1.109256e-07
6.750737e-08
-1.309242e-07
-0.618862
40.28928
39.00298
37.89406
36.05725
33.81263
0
0
0
0
0
0
0
-0.02001289
0.003095569
4.065259e-05
8.125067e-05
0.001047927
0.0001943004
0.3030502
0.00906011
1.475257e-05
-1.637719e-07
-2.655935e-07
1.448147e-06
3.599975e-07
3.050086e-07
2.197435e-07
1.9623e-07
8.753181e-08
4.588982e-08
-1.336924e-07
-0.6484158
40.62653
39.31066
38.18176
36.3586
34.15436
0
0
0
0
0
0
0
0
-0.02016832
0.002407349
4.121558e-05
8.340142e-05
0.001056106
0.0001950309
0.3023233
0.009749293
3.492972e-05
-1.655913e-07
-2.524026e-07
1.638382e-06
2.974294e-07
2.42775e-07
1.590191e-07
1.436474e-07
3.729648e-08
1.109844e-08
-1.344434e-07
-0.6846468
41.01469
39.6732
38.53119
36.68704
34.50578
0
0
0
0
0
0
0
0
0
-0.01925937
0.003910595
4.367193e-05
8.524184e-05
0.001039458
0.0001972056
0.3004298
0.00894637
1.190838e-05
-1.464032e-07
-3.088428e-07
1.924223e-06
1.960008e-07
1.460012e-07
6.878249e-08
6.811073e-08
1.787504e-08
2.380578e-08
-1.415101e-07
-0.7374874
41.49515
40.12918
38.9736
37.11584
34.93324
0
0
0
0
0
0
0
0
0
0
0
0
0
0
0
0
0
0
0
0
8.594704e-07
9.602844e-08
6.299421e-08
2.96761e-08
1.64344e-08
2.939159e-08
3.275304e-08
3.665284e-08
-1.558237e-07
-0.7851183
42.25146
40.85398
39.66395
37.7944
35.64005
0
0
0
0
0
135252.5
0
0
0
0
0
0
0
0
0
0
0
0
0
0
0
1.604888e-08
1.262931e-07
3.142278e-08
1.498548e-08
3.00798e-08
4.241431e-08
4.427358e-08
4.66233e-08
-1.891214e-07
-0.8674222
43.32561
41.87592
40.61395
38.73553
36.61478
0
0
0
0
0
107149.9
105532.5
0
0
0
0
0
0
0
0
0
0
0
0
0
0
0
-1.065772e-08
3.913254e-08
1.407699e-07
6.227761e-09
3.576185e-08
5.001837e-08
5.118919e-08
5.263106e-08
-2.433371e-07
-0.9724357
44.79523
43.2869
41.92685
40.00681
37.92786
0
0
0
0
0
84555.1
84984.85
85746.52
0
0
0
0
0
0
0
0
0
0
0
0
0
0
0
-7.674238e-09
2.630556e-09
4.327408e-08
1.528945e-07
1.996704e-08
5.050135e-08
5.353321e-08
5.472101e-08
-3.427655e-07
-1.127001
46.86086
45.26363
43.76543
41.7785
39.71739
0
0
0
0
0
67342.87
67876.4
70107.98
73767.22
0
0
0
0
0
0
0
0
0
0
0
0
0
0
0
-6.334037e-09
-1.014923e-08
8.526262e-09
4.506793e-08
1.658304e-07
2.888636e-08
4.983432e-08
5.303545e-08
-3.802418e-07
-1.155292
49.5256
47.99353
46.27756
44.18378
42.12879
0
0
0
0
0
54022.29
54702.2
56624.65
61017.98
68306.48
0
0
0
0
0
0
0
0
0
0
0
0
0
0
0
1.717363e-08
3.025543e-08
4.208252e-08
5.235528e-08
6.065809e-08
6.142759e-08
5.153069e-08
0
0
0
0
0
0
0
0
0
0
0
0
0
0
0
1.740153e-08
3.076322e-08
4.348384e-08
5.517066e-08
6.564224e-08
6.98141e-08
6.106058e-08
5.195037e-08
0
0
0
0
0
0
0
0
0
0
0
0
0
0
0
1.692708e-08
2.95978e-08
4.236344e-08
5.488816e-08
6.673895e-08
7.30253e-08
6.636551e-08
5.889375e-08
-1.079741e-08
0
0
0
0
0
0
0
0
0
0
0
0
0
0
0
1.570065e-08
2.651589e-08
3.839259e-08
5.096614e-08
6.369372e-08
7.147781e-08
6.64183e-08
6.098813e-08
-2.685279e-08
-0.3644522
0
0
0
0
0
0
0
0
0
0
0
0
0
0
0
6.940653e-07
2.119892e-08
3.108319e-08
4.287073e-08
5.57546e-08
6.52524e-08
6.195869e-08
5.807723e-08
-3.771982e-08
-0.4154185
38.942
0
0
0
0
0
-0.01844801
0.003349883
4.441279e-05
8.568644e-05
0.001044125
0.0001975326
0.3004551
0.008933372
1.155241e-05
-3.879266e-08
-1.927002e-07
1.668964e-06
4.350022e-08
2.982499e-08
4.207499e-08
5.356777e-08
5.31937e-08
5.132262e-08
-5.131328e-08
-0.4620085
39.19141
37.98767
0
0
0
0
0
-0.01536898
-0.001465244
4.213942e-05
8.422312e-05
0.001057173
0.0001956429
0.3023397
0.009741255
3.485147e-05
-9.230827e-08
-1.794714e-07
1.425196e-06
1.503047e-07
9.420331e-08
2.221648e-08
3.540554e-08
3.829091e-08
3.99169e-08
-6.476364e-08
-0.4911934
39.41337
38.18177
37.08298
0
0
0
0
0
-0.02376676
-0.0006937597
4.050998e-05
8.189756e-05
0.001048907
0.0001949389
0.3030608
0.009054593
1.470554e-05
-1.312382e-07
-2.107354e-07
1.295401e-06
2.460216e-07
1.895626e-07
1.046251e-07
7.93418e-08
2.041516e-08
2.531875e-08
-8.340298e-08
-0.5228609
39.60427
38.36145
37.16774
35.29402
0
0
0
0
0
-0.0238185
0.005435636
4.19931e-05
8.072701e-05
0.001047607
0.0001945491
0.3030683
0.009043064
1.523805e-05
-1.609802e-07
-2.324899e-07
1.247947e-06
3.241951e-07
2.693631e-07
1.843922e-07
1.559188e-07
5.365964e-08
1.558415e-08
-1.040159e-07
-0.5568583
39.79522
38.55617
37.3985
35.48849
33.1682
0
0
0
0
0
-0.02346586
0.005512395
4.16336e-05
8.009225e-05
0.001047113
0.0001942058
0.3030715
0.009037051
1.549355e-05
-1.830264e-07
-2.506393e-07
1.251741e-06
3.813279e-07
3.283004e-07
2.440668e-07
2.151691e-07
1.069491e-07
6.508822e-08
-1.222455e-07
-0.5874853
39.99708
38.75092
37.62587
35.7573
33.46038
0
0
0
0
0
0
-0.02007453
0.001241036
4.131192e-05
7.99624e-05
0.001046732
0.000194116
0.3030689
0.009038615
1.552662e-05
-1.924162e-07
-2.659408e-07
1.291122e-06
4.137953e-07
3.614298e-07
2.775536e-07
2.495768e-07
1.383093e-07
9.313583e-08
-1.3618e-07
-0.6165005
40.24503
38.96169
37.85508
36.01881
33.77654
0
0
0
0
0
0
0
-0.02032413
0.003368553
4.061241e-05
8.016484e-05
0.001046697
0.0001939843
0.3030605
0.009047453
1.527051e-05
-1.884006e-07
-2.786443e-07
1.36318e-06
4.178161e-07
3.646224e-07
2.80307e-07
2.544191e-07
1.424008e-07
9.711042e-08
-1.441142e-07
-0.6443562
40.53484
39.22307
38.10031
36.28019
34.07494
0
0
0
0
0
0
0
0
-0.0203722
0.003134206
4.105856e-05
8.10934e-05
0.001047472
0.0001940722
0.3030474
0.0090615
1.4704e-05
-2.117324e-07
-2.788341e-07
1.476637e-06
3.894139e-07
3.346091e-07
2.49827e-07
2.275997e-07
1.171658e-07
7.429921e-08
-1.462243e-07
-0.6706543
40.86091
39.53207
38.3989
36.5606
34.37681
0
0
0
0
0
0
0
0
0
-0.02049338
0.00251886
4.164944e-05
8.328771e-05
0.001055651
0.0001949008
0.3023203
0.009750826
3.498127e-05
-2.46061e-07
-3.019834e-07
1.663925e-06
3.248416e-07
2.689544e-07
1.854631e-07
1.712087e-07
6.342178e-08
2.54972e-08
-1.457782e-07
-0.7045929
41.22634
39.88648
38.74999
36.90108
34.7073
0
0
0
0
0
0
0
0
0
0
-0.01960805
0.003881923
4.411345e-05
8.517931e-05
0.001042381
0.0001971736
0.3004268
0.008947891
1.198276e-05
-1.108723e-07
-3.906033e-07
1.974044e-06
2.284736e-07
1.686137e-07
9.083315e-08
9.094092e-08
1.22074e-08
1.83436e-08
-1.514391e-07
-0.7557286
41.70168
40.32448
39.18688
37.33418
35.14911
0
0
0
0
0
138473.8
0
0
0
0
0
0
0
0
0
0
0
0
0
0
0
8.238428e-07
2.29039e-07
1.314392e-07
5.50993e-08
1.095959e-08
2.448348e-08
2.823028e-08
3.244804e-08
-1.645065e-07
-0.8015854
42.44975
41.05264
39.86516
38.01443
35.86771
0
0
0
0
0
108741.3
107908.9
0
0
0
0
0
0
0
0
0
0
0
0
0
0
0
6.228684e-09
7.927547e-08
1.976493e-07
3.020698e-08
2.264224e-08
3.797227e-08
4.062498e-08
4.335027e-08
-1.967928e-07
-0.8824049
43.52018
42.07113
40.81887
38.94539
36.84828
0
0
0
0
0
85446.3
85989.19
87263.63
0
0
0
0
0
0
0
0
0
0
0
0
0
0
0
-9.677146e-09
2.236052e-08
7.257746e-08
1.867646e-07
1.154104e-08
4.349293e-08
4.780249e-08
4.987455e-08
-2.499784e-07
-0.9857932
44.98854
43.48167
42.13407
40.22197
38.1536
0
0
0
0
0
67824.82
68367.33
70672.47
74642.69
0
0
0
0
0
0
0
0
0
0
0
0
0
0
0
-7.3103e-09
-3.472296e-09
2.00385e-08
5.991826e-08
1.799946e-07
2.605487e-08
4.816012e-08
5.20292e-08
-3.478984e-07
-1.138424
47.05733
45.46653
43.97388
41.99936
39.95209
0
0
0
0
0
54263.8
54934.7
56860.8
61288.16
68731.03
0
0
0
0
0
0
0
0
0
0
0
0
0
0
-6.156682e-09
-9.681414e-09
3.492897e-10
1.607395e-08
4.541416e-08
2.622902e-07
2.743579e-08
4.838663e-08
-3.79671e-07
-1.162352
49.73047
48.20629
46.49949
44.41252
42.37455
0
0
0
0
0
43499.98
44516.41
46218.84
49772.03
56954.09
4.119845e-05
0
0
0
0
0
0
0
0
0
0
0
0
0
0
0
1.693548e-08
3.025598e-08
4.282452e-08
5.429495e-08
6.452117e-08
6.826688e-08
5.945985e-08
4.98573e-08
0
0
0
0
0
0
0
0
0
0
0
0
0
0
0
1.694983e-08
3.029846e-08
4.342061e-08
5.608046e-08
6.795439e-08
7.415695e-08
6.722064e-08
5.910147e-08
-3.122072e-08
0
0
0
0
0
0
0
0
0
0
0
0
0
0
0
1.628538e-08
2.869366e-08
4.154499e-08
5.466757e-08
6.774564e-08
7.554127e-08
7.02084e-08
6.438443e-08
-4.275013e-08
-0.4047507
0
0
0
0
0
0
0
0
0
0
0
0
0
0
0
1.478899e-08
2.5109e-08
3.674262e-08
4.956435e-08
6.316829e-08
7.250353e-08
6.873725e-08
6.455661e-08
-4.877755e-08
-0.4562579
39.25356
0
0
0
0
0
0
0
0
0
0
0
0
0
0
0
7.128516e-07
1.876791e-08
2.829419e-08
4.000535e-08
5.345387e-08
6.432618e-08
6.284771e-08
6.039578e-08
-5.261936e-08
-0.4842498
39.53433
38.12617
0
0
0
0
0
-0.01317835
0.002976577
4.434001e-05
8.581123e-05
0.00104408
0.000197536
0.300452
0.008934856
1.157895e-05
-4.332095e-08
-2.021338e-07
1.715469e-06
6.100048e-08
2.528323e-08
3.764702e-08
5.026319e-08
5.171547e-08
5.213438e-08
-6.281627e-08
-0.5182023
39.62777
38.3188
37.11739
0
0
0
0
0
-0.01435663
-0.0009080028
4.080116e-05
8.40888e-05
0.001057118
0.000195664
0.3023365
0.009742986
3.490049e-05
-9.844854e-08
-1.907236e-07
1.468878e-06
1.739725e-07
1.17324e-07
3.31728e-08
3.003181e-08
3.417115e-08
3.795848e-08
-7.506522e-08
-0.5358188
39.74356
38.48566
37.306
35.4754
0
0
0
0
0
-0.02216261
0.006720199
4.023856e-05
8.176656e-05
0.001048679
0.0001947826
0.3030577
0.009056226
1.471608e-05
-1.403709e-07
-2.230017e-07
1.337356e-06
2.741769e-07
2.176813e-07
1.318775e-07
1.058821e-07
1.415846e-08
2.077381e-08
-9.523352e-08
-0.5605567
39.88045
38.63829
37.47632
35.56575
33.26987
0
0
0
0
0
-0.01397317
0.006874116
4.155562e-05
8.07113e-05
0.001047462
0.0001943156
0.3030652
0.009044659
1.526105e-05
-1.754224e-07
-2.460901e-07
1.288801e-06
3.552011e-07
3.008233e-07
2.156564e-07
1.875683e-07
8.09159e-08
4.067344e-08
-1.172867e-07
-0.5898273
40.0401
38.79123
37.66546
35.79567
33.49872
0
0
0
0
0
0
-0.01368771
0.00656949
4.113202e-05
8.007687e-05
0.001046736
0.0001941193
0.3030689
0.009038615
1.5527e-05
-1.924006e-07
-2.659118e-07
1.291122e-06
4.137952e-07
3.614299e-07
2.775536e-07
2.495757e-07
1.383086e-07
9.313602e-08
-1.361796e-07
-0.6165006
40.24503
38.96169
37.85508
36.01881
33.77654
0
0
0
0
0
0
0
-0.01454309
0.003472033
3.990842e-05
7.984385e-05
0.001046275
0.0001938477
0.3030667
0.009040144
1.550212e-05
-2.001279e-07
-2.814724e-07
1.327867e-06
4.465331e-07
3.947691e-07
3.114712e-07
2.848338e-07
1.711631e-07
1.240766e-07
-1.496863e-07
-0.6419766
40.48983
39.18048
38.06051
36.24211
34.03707
0
0
0
0
0
0
0
0
-0.0157465
0.003541206
4.050811e-05
8.001756e-05
0.00104612
0.0001937187
0.3030578
0.009048931
1.523292e-05
-2.39698e-07
-2.929437e-07
1.394597e-06
4.498472e-07
3.968891e-07
3.131182e-07
2.885876e-07
1.74784e-07
1.281905e-07
-1.573331e-07
-0.666563
40.76813
39.44268
38.31484
36.48061
34.29603
0
0
0
0
0
0
0
0
0
-0.01567711
0.003313051
4.097443e-05
8.098046e-05
0.001046806
0.0001938835
0.3030445
0.009063086
1.477085e-05
-3.005094e-07
-3.364034e-07
1.511044e-06
4.210612e-07
3.647566e-07
2.802227e-07
2.59159e-07
1.472415e-07
1.035737e-07
-1.585199e-07
-0.6904832
41.07178
39.74338
38.61473
36.77086
34.57576
0
0
0
0
0
0
0
0
0
0
-0.01579064
0.002680098
4.158921e-05
8.324226e-05
0.001054889
0.0001947808
0.3023174
0.009752422
3.500421e-05
-1.935507e-07
-4.065136e-07
1.747083e-06
3.661589e-07
2.971167e-07
2.125181e-07
1.989613e-07
8.986038e-08
5.13192e-08
-1.567005e-07
-0.7224027
41.42867
40.07794
38.95787
37.11265
34.91628
0
0
0
0
0
140941.8
0
0
0
0
0
-0.01497737
0.004010223
4.407885e-05
8.512508e-05
0.001041487
0.0001971154
0.3004238
0.008949415
1.205229e-05
-1.044153e-07
-3.45522e-07
2.14564e-06
3.246793e-07
2.031695e-07
1.148538e-07
1.142736e-07
8.575336e-09
1.286221e-08
-1.608334e-07
-0.771642
41.8904
40.51268
39.37707
37.54034
35.36169
0
0
0
0
0
110439
110466.8
0
0
0
0
0
0
0
0
0
0
0
0
0
0
0
8.113927e-07
1.711386e-07
3.131397e-07
1.390303e-07
1.14429e-08
1.881241e-08
2.342752e-08
2.811017e-08
-1.724073e-07
-0.8157186
42.63222
41.23446
40.05809
38.209
36.08222
0
0
0
0
0
86572
87262.32
89212.99
0
0
0
0
0
0
0
0
0
0
0
0
0
0
0
2.149017e-09
6.118533e-08
1.277235e-07
2.507255e-07
-7.578919e-10
3.009249e-08
3.634349e-08
3.984278e-08
-2.032527e-07
-0.8946718
43.69749
42.25085
41.0079
39.14355
37.05337
0
0
0
0
0
68524.67
69084.32
71502.28
75948.9
0
0
0
0
0
0
0
0
0
0
0
0
0
0
0
-9.2358e-09
1.563671e-08
4.856279e-08
9.511381e-08
2.159937e-07
1.741997e-08
4.150982e-08
4.66113e-08
-2.545884e-07
-0.9956247
45.16591
43.66214
42.32197
40.42236
38.36431
0
0
0
0
0
54660.96
55325.97
57270.34
61776.71
69542.16
0
0
0
0
0
0
0
0
0
0
0
0
0
0
-7.098532e-09
-6.105487e-09
1.147844e-08
3.025589e-08
5.965723e-08
2.921078e-07
2.456245e-08
4.684245e-08
-3.481215e-07
-1.144962
47.23875
45.65247
44.16876
42.20091
40.16888
0
0
0
0
0
43714.44
44717
46416.74
49978.98
57205.25
0.0001524855
0
0
0
0
0
0
0
0
0
0
0
0
0
-5.961383e-09
-9.450825e-09
-2.852507e-09
6.070849e-09
8.454144e-09
1.214041e-07
2.006062e-07
2.681176e-08
-3.720707e-07
-1.15996
49.92096
48.40504
46.7027
44.62701
42.59963
0
0
0
0
0
34927.53
36256.04
37981.04
40882.76
46562.12
-0.0001200497
-1.484666e-05
0
0
0
0
0
0
0
0
0
0
0
0
0
0
0
1.652697e-08
2.985877e-08
4.281379e-08
5.520265e-08
6.679658e-08
7.259555e-08
6.583749e-08
5.75452e-08
-3.324526e-08
0
0
0
0
0
0
0
0
0
0
0
0
0
0
0
1.639561e-08
2.956131e-08
4.279577e-08
5.600611e-08
6.90112e-08
7.671533e-08
7.122112e-08
6.513299e-08
-7.589421e-08
-0.4642781
0
0
0
0
0
0
0
0
0
0
0
0
0
0
0
1.554665e-08
2.763264e-08
4.03338e-08
5.368315e-08
6.75031e-08
7.665293e-08
7.254388e-08
6.810978e-08
-7.07665e-08
-0.5108288
39.7576
0
0
0
0
0
0
0
0
0
0
0
0
0
0
0
1.380318e-08
2.352485e-08
3.486321e-08
4.760103e-08
6.160295e-08
7.201378e-08
6.969178e-08
6.679106e-08
-6.690681e-08
-0.5315358
40.09826
38.4133
0
0
0
0
0
0
0
0
0
0
0
0
0
0
0
7.303446e-07
1.618093e-08
2.520191e-08
3.682034e-08
5.034762e-08
6.203376e-08
6.194193e-08
6.124775e-08
-6.577621e-08
-0.5406999
40.03843
38.64261
37.24503
0
0
0
0
0
-0.01468573
-0.0005043797
4.419318e-05
8.574202e-05
0.001044003
0.0001975524
0.3004488
0.008936423
1.162451e-05
-4.7007e-08
-2.12595e-07
1.759283e-06
7.933481e-08
2.553057e-08
3.281772e-08
4.589304e-08
4.853374e-08
5.072792e-08
-7.379608e-08
-0.5644318
39.97297
38.6828
37.43164
35.51017
0
0
0
0
0
-0.02394023
-0.001192965
4.096587e-05
8.3856e-05
0.001056963
0.0001955512
0.3023336
0.009744609
3.492143e-05
-1.060527e-07
-2.017908e-07
1.510104e-06
1.981988e-07
1.415971e-07
5.668173e-08
3.750439e-08
2.884464e-08
3.402599e-08
-8.657718e-08
-0.5737228
40.02168
38.76687
37.5958
35.69855
33.4274
0
0
0
0
0
-0.02367408
0.00521403
4.235594e-05
8.154405e-05
0.001048565
0.0001945839
0.3030548
0.009057761
1.473938e-05
-1.509465e-07
-2.360272e-07
1.377152e-06
3.025956e-07
2.465134e-07
1.604981e-07
1.348749e-07
3.137209e-08
1.499182e-08
-1.080529e-07
-0.5937032
40.12715
38.87432
37.74457
35.87164
33.57128
0
0
0
0
0
0
-0.01557655
-0.000712502
4.174441e-05
8.04791e-05
0.001047126
0.0001942395
0.3030627
0.009046091
1.529741e-05
-1.849756e-07
-2.630145e-07
1.327419e-06
3.863776e-07
3.326203e-07
2.477734e-07
2.205821e-07
1.10926e-07
6.750825e-08
-1.309239e-07
-0.618862
40.28928
39.00298
37.89406
36.05725
33.81263
0
0
0
0
0
0
0
-0.01539907
-0.0007793053
4.114983e-05
7.982333e-05
0.001046272
0.0001938497
0.3030667
0.009040143
1.550236e-05
-1.999338e-07
-2.814466e-07
1.327867e-06
4.465331e-07
3.94769e-07
3.114713e-07
2.84834e-07
1.71164e-07
1.240755e-07
-1.496864e-07
-0.6419766
40.48983
39.18048
38.06051
36.24211
34.03707
0
0
0
0
0
0
0
0
-0.01995926
-0.0005158768
4.015576e-05
7.950058e-05
0.001045644
0.0001935655
0.3030641
0.009041673
1.547137e-05
-2.529463e-07
-2.995622e-07
1.36069e-06
4.798585e-07
4.283789e-07
3.456699e-07
3.204379e-07
2.049587e-07
1.565289e-07
-1.632589e-07
-0.664173
40.72269
39.39928
38.27386
36.44165
34.2576
0
0
0
0
0
0
0
0
0
-0.01566094
-0.0002311065
4.036688e-05
7.981098e-05
0.001045279
0.000193489
0.303055
0.009050527
1.531278e-05
-3.296828e-07
-3.554238e-07
1.434176e-06
4.841689e-07
4.296855e-07
3.462486e-07
3.229559e-07
2.076343e-07
1.601921e-07
-1.703202e-07
-0.68634
40.97869
39.6529
38.52898
36.68835
34.49324
0
0
0
0
0
0
0
0
0
0
-0.01577679
-0.000331249
4.08696e-05
8.082536e-05
0.001045734
0.0001936993
0.3030416
0.009064775
1.479549e-05
-2.381889e-07
-4.488768e-07
1.614851e-06
4.682871e-07
3.969787e-07
3.112091e-07
2.90934e-07
1.776509e-07
1.333081e-07
-1.705161e-07
-0.7081118
41.27231
39.93404
38.82074
36.97957
34.78113
0
0
0
0
0
142568.3
0
0
0
0
0
-0.01582985
-0.0006989232
4.152427e-05
8.311341e-05
0.001053652
0.0001946425
0.3023144
0.009754055
3.5026e-05
-1.824264e-07
-3.502697e-07
1.973717e-06
4.836972e-07
3.393736e-07
2.416691e-07
2.272031e-07
1.166865e-07
7.747471e-08
-1.671533e-07
-0.7379805
41.61414
40.26222
39.14451
37.31356
35.12217
0
0
0
0
0
111761
112431.2
0
0
0
0
0
-0.01513624
-8.315408e-05
4.404397e-05
8.507263e-05
0.001039942
0.0001970425
0.3004206
0.008950913
1.212904e-05
-1.03683e-07
-3.328466e-07
2.033919e-06
5.599417e-07
3.082604e-07
1.520655e-07
1.393537e-07
3.130033e-08
7.186372e-09
-1.695997e-07
-0.7853305
42.0632
40.68492
39.56033
37.72421
35.56218
0
0
0
0
0
87779.04
88631.15
91325.56
0
0
0
0
0
0
0
0
0
0
0
0
0
0
0
8.064079e-07
1.486939e-07
2.333049e-07
3.679111e-07
1.11616e-07
4.525572e-08
1.788901e-08
2.349946e-08
-1.793271e-07
-0.8272305
42.79891
41.40221
40.23468
38.39554
36.2719
0
0
0
0
0
69408.7
69995.61
72561.07
77635.89
0
0
0
0
0
0
0
0
0
0
0
0
0
0
0
2.356457e-10
5.328262e-08
1.020863e-07
1.587077e-07
2.815085e-07
5.005005e-08
2.874684e-08
3.571835e-08
-2.080828e-07
-0.9035299
43.86065
42.41513
41.18193
39.32637
37.24694
0
0
0
0
0
55237.09
55894.84
57869.84
62496.85
70755.14
0
0
0
0
0
0
0
0
0
0
0
0
0
0
-8.957347e-09
1.241399e-08
3.907637e-08
6.465081e-08
9.843564e-08
3.207731e-07
1.635198e-08
4.053894e-08
-2.554535e-07
-1.000776
45.32906
43.82858
42.49613
40.60413
38.56054
0
0
0
0
0
44054.04
45043.23
46746.88
50336.47
57659.29
7.045421e-05
0
0
0
0
0
0
0
0
0
0
0
0
0
-6.869399e-09
-7.655847e-09
7.812343e-09
1.981486e-08
2.35924e-08
1.521267e-07
2.15916e-07
2.411783e-08
-3.429958e-07
-1.142589
47.40659
45.82578
44.34742
42.38943
40.36675
0
0
0
0
0
35118.66
36436.72
38154.12
41057.91
46755.34
-2.43938e-05
-0.0002547852
0
0
0
0
0
0
0
0
0
0
0
0
-5.668707e-09
-9.193808e-09
-4.605267e-09
2.450301e-09
-5.033972e-09
8.155017e-08
6.246726e-08
1.93308e-07
-3.735234e-07
-1.144095
50.09294
48.59272
46.89274
44.8236
42.8108
0
0
0
0
0
27863.38
29497.2
31267.93
33833.39
38342.96
5.073464e-05
3.088513e-05
-8.699512e-05
0
0
0
0
0
0
0
0
0
0
0
0
0
0
0
1.60245e-08
2.920807e-08
4.228576e-08
5.519416e-08
6.785364e-08
7.511478e-08
6.985132e-08
6.375479e-08
-7.625758e-08
-0.454108
0
0
0
0
0
0
0
0
0
0
0
0
0
0
0
1.575132e-08
2.868606e-08
4.182131e-08
5.525832e-08
6.893587e-08
7.788593e-08
7.359144e-08
6.901031e-08
-1.152129e-07
-0.5964715
40.53479
0
0
0
0
0
0
0
0
0
0
0
0
0
0
0
1.474404e-08
2.641999e-08
3.892653e-08
5.223362e-08
6.639433e-08
7.645194e-08
7.357509e-08
7.036035e-08
-9.343813e-08
-0.5952187
40.94317
38.8811
0
0
0
0
0
0
0
0
0
0
0
0
0
0
0
1.277301e-08
2.182172e-08
3.27535e-08
4.536776e-08
5.941049e-08
7.04478e-08
6.920127e-08
6.770313e-08
-8.277197e-08
-0.5916384
40.71166
39.17582
37.51025
0
0
0
0
0
0
0
0
0
0
0
0
0
0
0
7.462229e-07
1.351163e-08
2.191405e-08
3.328577e-08
4.688879e-08
5.891474e-08
5.972555e-08
6.038128e-08
-7.817775e-08
-0.5876711
40.41432
39.08233
37.73066
35.64688
0
0
0
0
0
-0.01367188
-0.0001220095
4.268157e-05
8.564768e-05
0.001043804
0.0001975059
0.3004455
0.008938088
1.164906e-05
-5.178249e-08
-2.231448e-07
1.799827e-06
9.810452e-08
4.473756e-08
2.751827e-08
4.111503e-08
4.432492e-08
4.768909e-08
-8.547215e-08
-0.603335
40.25684
38.97649
37.78139
35.83145
33.49847
0
0
0
0
0
-0.02233768
0.006104552
4.074018e-05
8.37326e-05
0.001056894
0.0001954052
0.3023308
0.009746071
3.494704e-05
-1.140003e-07
-2.139454e-07
1.548601e-06
2.226592e-07
1.665188e-07
8.146505e-08
6.271633e-08
2.312928e-08
2.892639e-08
-9.880242e-08
-0.6071258
40.27152
39.00511
37.8679
35.9897
33.69436
0
0
0
0
0
0
-0.01387486
0.006416741
4.186784e-05
8.15576e-05
0.001048284
0.0001945275
0.3030524
0.009059005
1.478102e-05
-1.605296e-07
-2.501502e-07
1.414334e-06
3.311724e-07
2.756639e-07
1.89924e-07
1.651752e-07
5.874771e-08
1.889898e-08
-1.211152e-07
-0.6228538
40.37914
39.08783
37.9739
36.13485
33.88886
0
0
0
0
0
0
0
-0.008955076
-0.0003051186
3.89927e-05
8.026655e-05
0.001046688
0.000193989
0.3030605
0.009047451
1.527134e-05
-1.877942e-07
-2.785593e-07
1.36318e-06
4.178163e-07
3.646224e-07
2.803073e-07
2.544176e-07
1.424015e-07
9.711031e-08
-1.441147e-07
-0.6443562
40.53484
39.22307
38.10031
36.28019
34.07494
0
0
0
0
0
0
0
0
-0.009058601
-0.0003357805
3.840606e-05
7.957412e-05
0.001045639
0.0001935635
0.3030641
0.009041673
1.547127e-05
-2.528316e-07
-2.994306e-07
1.36069e-06
4.798586e-07
4.28379e-07
3.4567e-07
3.204385e-07
2.049584e-07
1.565279e-07
-1.632571e-07
-0.664173
40.72269
39.39928
38.27386
36.44165
34.2576
0
0
0
0
0
0
0
0
0
-0.01536145
0.003285645
3.851951e-05
7.929773e-05
0.001044712
0.0001933166
0.3030614
0.009043251
1.555773e-05
-3.42524e-07
-3.645301e-07
1.402661e-06
5.154855e-07
4.625087e-07
3.801946e-07
3.562466e-07
2.392359e-07
1.899278e-07
-1.766111e-07
-0.6839337
40.93317
39.60904
38.48724
36.64819
34.45353
0
0
0
0
0
0
0
0
0
0
-0.01545834
-0.0002273826
3.910263e-05
7.958225e-05
0.001043936
0.0001932641
0.3030522
0.009052228
1.534171e-05
-2.619809e-07
-4.700969e-07
1.549707e-06
5.349979e-07
4.64572e-07
3.799383e-07
3.575403e-07
2.408341e-07
1.926804e-07
-1.830941e-07
-0.7038746
41.17845
39.84322
38.73397
36.8954
34.69608
0
0
0
0
0
143536.1
0
0
0
0
0
-0.01548245
-0.0002840821
3.956409e-05
8.063706e-05
0.001043959
0.0001935052
0.3030385
0.00906657
1.481733e-05
-2.24492e-07
-3.864016e-07
1.867318e-06
5.996003e-07
4.446945e-07
3.443112e-07
3.231626e-07
2.084542e-07
1.633939e-07
-1.82025e-07
-0.7238073
41.45753
40.11635
39.00665
37.17867
34.98421
0
0
0
0
0
112650.9
113731.7
0
0
0
0
0
-0.0155774
-0.0006856819
4.035694e-05
8.299195e-05
0.001051538
0.0001944957
0.3023113
0.009755702
3.505564e-05
-1.789044e-07
-3.339408e-07
1.839644e-06
7.519483e-07
4.620977e-07
2.857228e-07
2.572709e-07
1.442707e-07
1.040409e-07
-1.770472e-07
-0.7513924
41.78421
40.43161
39.32417
37.49396
35.31738
0
0
0
0
0
88723.43
89705.01
92949.24
0
0
0
0
0
-0.01489622
-3.272283e-05
4.272224e-05
8.495039e-05
0.001037282
0.0001969483
0.3004174
0.008952348
1.220684e-05
-1.004379e-07
-3.275513e-07
1.99554e-06
4.503756e-07
5.675082e-07
2.687242e-07
1.783726e-07
5.629908e-08
2.130775e-08
-1.775645e-07
-0.7964848
42.22308
40.84297
39.72808
37.90133
35.74097
0
0
0
0
0
70359.6
70981.84
73710.32
79477.07
0
0
0
0
0
0
0
0
0
0
0
0
0
0
0
8.041766e-07
1.378979e-07
2.032793e-07
2.686174e-07
3.934786e-07
1.54599e-07
8.504147e-09
1.81735e-08
-1.849399e-07
-0.835441
42.95213
41.55584
40.39767
38.5663
36.45361
0
0
0
0
0
55963.6
56618.36
58637.53
63421.35
72329.29
0
0
0
0
0
0
0
0
0
0
0
0
0
0
-9.922487e-10
4.898142e-08
9.095219e-08
1.266903e-07
1.65879e-07
3.772202e-07
1.305772e-09
2.839662e-08
-2.099688e-07
-0.9078154
44.0109
42.56709
41.3411
39.49476
37.42551
0
0
0
0
0
44543.78
45516.95
47227.8
50861.03
58330.02
-9.608068e-05
0
0
0
0
0
0
0
0
0
0
0
0
0
-8.662225e-09
1.032144e-08
3.45085e-08
5.308148e-08
6.177272e-08
1.848084e-07
2.466683e-07
1.631587e-08
-2.532737e-07
-0.9973597
45.47892
43.98316
42.65682
40.77273
38.73858
0
0
0
0
0
35416.21
36719.56
38432.75
41348.39
47088.69
5.981343e-05
-3.134901e-05
0
0
0
0
0
0
0
0
0
0
0
0
-6.538129e-09
-9.383396e-09
5.675795e-09
1.560014e-08
1.155789e-08
1.117062e-07
7.799e-08
2.09662e-07
-3.484793e-07
-1.127575
47.55852
45.98905
44.5141
42.56245
40.55194
0
0
0
0
0
28037.79
29660.13
31425.96
33988.04
38507.12
-0.0001065134
-1.828534e-05
0.0002179499
0
0
0
0
0
0
0
0
0
0
0
-5.249602e-09
-8.778019e-09
-6.505368e-09
6.53051e-10
-8.477435e-09
6.949953e-08
2.130357e-08
5.780884e-08
-4.342461e-07
-1.118183
50.24881
48.76866
47.07259
45.0077
43.00455
0
0
0
0
0
21962.39
23906.27
25749.93
28066.74
31818.47
7.770949e-05
-3.161618e-05
-4.180205e-05
5.992746e-05
0
0
0
0
0
0
0
0
0
0
0
0
0
0
0
1.54357e-08
2.843353e-08
4.143224e-08
5.456554e-08
6.785492e-08
7.628613e-08
7.21925e-08
6.763785e-08
-1.174878e-07
-0.5857309
41.54741
0
0
0
0
0
0
0
0
0
0
0
0
0
0
0
1.50479e-08
2.766995e-08
4.067755e-08
5.409497e-08
6.8094e-08
7.786164e-08
7.468136e-08
7.129686e-08
-1.45976e-07
-0.6950766
42.19454
39.60052
0
0
0
0
0
0
0
0
0
0
0
0
0
0
0
1.390213e-08
2.510735e-08
3.732093e-08
5.055204e-08
6.476155e-08
7.534993e-08
7.336521e-08
7.134894e-08
-1.130265e-07
-0.6602661
41.70086
39.97441
37.94247
0
0
0
0
0
0
0
0
0
0
0
0
0
0
0
1.171989e-08
2.004477e-08
3.048663e-08
4.286204e-08
5.691019e-08
6.823368e-08
6.768092e-08
6.723383e-08
-9.739788e-08
-0.6411834
41.13271
39.71981
38.22247
35.91648
0
0
0
0
0
0
0
0
0
0
0
0
0
0
0
7.603144e-07
1.081975e-08
1.852491e-08
2.951471e-08
4.304936e-08
5.542578e-08
5.671884e-08
5.826374e-08
-9.074372e-08
-0.6275896
40.7173
39.40822
38.14894
36.13324
33.67737
0
0
0
0
0
-0.02308846
-0.0003164599
4.300791e-05
8.541975e-05
0.001043747
0.0001974274
0.3004421
0.008939881
1.167904e-05
-5.663736e-08
-2.351385e-07
1.836773e-06
1.170517e-07
6.450672e-08
2.196952e-08
3.58683e-08
3.970654e-08
4.366957e-08
-9.743674e-08
-0.6376348
40.51448
39.21951
38.06547
36.1759
33.86535
0
0
0
0
0
0
-0.02381058
0.004730229
4.269814e-05
8.356943e-05
0.001056707
0.000195374
0.3023284
0.009747137
3.499637e-05
-1.235928e-07
-2.26533e-07
1.583781e-06
2.472598e-07
1.917359e-07
1.069895e-07
8.914307e-08
1.69451e-08
2.34335e-08
-1.110894e-07
-0.6365279
40.52772
39.22172
38.09926
36.25664
34.0122
0
0
0
0
0
0
0
-0.0154438
-0.0008467675
4.195175e-05
8.135448e-05
0.001047928
0.0001943133
0.3030502
0.009060108
1.475379e-05
-1.629111e-07
-2.654497e-07
1.448148e-06
3.599976e-07
3.050087e-07
2.197433e-07
1.96232e-07
8.753245e-08
4.588971e-08
-1.336928e-07
-0.6484158
40.62653
39.31066
38.18176
36.3586
34.15436
0
0
0
0
0
0
0
0
-0.01935239
-0.002008537
3.908943e-05
7.981413e-05
0.001046106
0.0001937155
0.3030578
0.00904893
1.523265e-05
-2.393051e-07
-2.925525e-07
1.394597e-06
4.498475e-07
3.968891e-07
3.131185e-07
2.885861e-07
1.747841e-07
1.28189e-07
-1.573335e-07
-0.666563
40.76813
39.44268
38.31484
36.48061
34.29603
0
0
0
0
0
0
0
0
0
-0.01974099
-0.001944494
3.860183e-05
7.910848e-05
0.001044698
0.0001933146
0.3030614
0.009043252
1.555798e-05
-3.425803e-07
-3.644407e-07
1.402662e-06
5.154856e-07
4.625088e-07
3.801948e-07
3.562455e-07
2.392353e-07
1.899281e-07
-1.76611e-07
-0.6839337
40.93317
39.60904
38.48724
36.64819
34.45353
0
0
0
0
0
0
0
0
0
0
-0.01886498
-0.0002812188
3.978122e-05
7.894344e-05
0.001043233
0.0001930699
0.3030587
0.009044911
1.558849e-05
-2.723506e-07
-4.794996e-07
1.523437e-06
5.680282e-07
4.9872e-07
4.152651e-07
3.922793e-07
2.738635e-07
2.238308e-07
-1.897711e-07
-0.7014496
41.13276
39.79925
38.69182
36.85451
34.655
0
0
0
0
0
143984.3
0
0
0
0
0
-0.01810018
-0.0002766931
3.888085e-05
7.93201e-05
0.001041698
0.0001930334
0.3030493
0.009054044
1.53665e-05
-2.468702e-07
-4.044238e-07
1.812931e-06
6.742955e-07
5.15746e-07
4.157198e-07
3.9255e-07
2.744344e-07
2.255322e-07
-1.953622e-07
-0.7196977
41.36357
40.02475
38.91959
37.0935
34.89749
0
0
0
0
0
113194.5
114509.8
0
0
0
0
0
-0.01817157
-0.000354854
3.944419e-05
8.038881e-05
0.001040961
0.0001933025
0.3030352
0.009068505
1.484603e-05
-2.192239e-07
-3.678371e-07
1.722301e-06
8.822021e-07
5.793675e-07
3.934432e-07
3.571856e-07
2.399681e-07
1.939012e-07
-1.929928e-07
-0.7372017
41.62901
40.28519
39.18443
37.35834
35.17759
0
0
0
0
0
89370.65
90434.65
94028.53
0
0
0
0
0
-0.01829503
-0.0007530645
4.024278e-05
8.277849e-05
0.001047835
0.0001943338
0.302308
0.009757367
3.508676e-05
-1.738491e-07
-3.266219e-07
1.791467e-06
6.229518e-07
7.408655e-07
4.168868e-07
3.028004e-07
1.741908e-07
1.314106e-07
-1.862117e-07
-0.7623139
41.94125
40.58727
39.48941
37.66745
35.49257
0
0
0
0
0
71108.74
71761.41
74617.46
80886.05
0
0
0
0
0
-0.01754255
-8.018288e-05
4.272005e-05
8.477833e-05
0.001032006
0.0001968544
0.3004139
0.008953663
1.228193e-05
-9.688604e-08
-3.220424e-07
1.976694e-06
4.089087e-07
4.486207e-07
5.62399e-07
3.029532e-07
9.590628e-08
4.621313e-08
-1.844649e-07
-0.8043996
42.3695
40.98969
39.88208
38.06349
35.91305
0
0
0
0
0
56746.51
57404.71
59477.37
64433.54
74058.51
0
0
0
0
0
0
0
0
0
0
0
0
0
0
8.027496e-07
1.31221e-07
1.888277e-07
2.328809e-07
2.739566e-07
4.765064e-07
7.9447e-08
9.136895e-09
-1.881779e-07
-0.8391838
43.09339
41.69774
40.54702
38.72402
36.61995
0
0
0
0
0
45163.98
46118.91
47844.41
51537.33
59195.33
9.439607e-05
0
0
0
0
0
0
0
0
0
0
0
0
0
-2.205838e-09
4.589693e-08
8.481698e-08
1.132106e-07
1.28055e-07
2.447908e-07
3.046754e-07
1.932509e-09
-2.108141e-07
-0.9037901
44.14942
42.70849
41.48844
39.64893
37.59002
0
0
0
0
0
35847.12
37127.88
38838
41772.43
47578.87
-0.0001295971
0.0001394836
0
0
0
0
0
0
0
0
0
0
0
0
-8.259829e-09
8.329648e-09
3.153919e-08
4.773093e-08
4.864106e-08
1.438811e-07
1.124745e-07
2.414401e-07
-2.625715e-07
-0.9827089
45.61531
44.12798
42.80622
40.92851
38.90384
0
0
0
0
0
28302.16
29911.45
31670.89
34235.25
38778.83
-7.053063e-05
-0.0001069041
0.0001386164
0
0
0
0
0
0
0
0
0
0
0
-6.073014e-09
-1.065243e-08
3.652941e-09
1.328224e-08
7.239765e-09
9.905735e-08
3.76033e-08
7.424815e-08
-4.140573e-07
-1.103241
47.69439
46.14353
44.67139
42.72423
40.7221
0
0
0
0
0
22124.62
24056.63
25894.05
28209.26
31963.95
-0.0001048759
9.417746e-05
1.72066e-05
-0.0001271556
0
0
0
0
0
0
0
0
0
0
-4.694194e-09
-8.154693e-09
-9.764411e-09
-1.122798e-09
-9.662245e-09
6.611754e-08
7.71847e-09
1.610777e-08
-4.032911e-07
-1.094761
50.40865
48.93882
47.24194
45.18232
43.18631
0
0
0
0
0
17021.34
19219.1
21167.25
23310.31
26471.81
-1.327231e-05
-3.581249e-05
5.196075e-05
1.111485e-05
-5.988641e-05
0
0
0
0
0
0
0
0
0
0
0
0
0
0
0
1.479155e-08
2.752401e-08
4.042991e-08
5.354902e-08
6.714879e-08
7.634103e-08
7.328476e-08
6.989071e-08
-1.512808e-07
-0.6874503
43.83617
40.63365
0
0
0
0
0
0
0
0
0
0
0
0
0
0
0
1.430881e-08
2.656349e-08
3.934864e-08
5.273495e-08
6.678074e-08
7.703624e-08
7.463812e-08
7.233918e-08
-1.718013e-07
-0.7677923
43.16124
41.15971
38.60768
0
0
0
0
0
0
0
0
0
0
0
0
0
0
0
1.304163e-08
2.373112e-08
3.558465e-08
4.863285e-08
6.286248e-08
7.370545e-08
7.229034e-08
7.114317e-08
-1.307804e-07
-0.7132848
42.18458
40.66488
38.96207
36.34775
0
0
0
0
0
0
0
0
0
0
0
0
0
0
0
1.06553e-08
1.822474e-08
2.812153e-08
4.016833e-08
5.410555e-08
6.568965e-08
6.553773e-08
6.57777e-08
-1.11694e-07
-0.6832273
41.4621
40.09018
38.73687
36.62164
33.99193
0
0
0
0
0
0
0
0
0
0
0
0
0
0
0
7.722326e-07
8.144373e-09
1.511176e-08
2.560936e-08
3.893883e-08
5.154856e-08
5.335761e-08
5.538774e-08
-1.031494e-07
-0.6629665
40.99078
39.67101
38.46248
36.54452
34.21139
0
0
0
0
0
0
-0.0213211
0.007509229
4.280803e-05
8.536852e-05
0.001043624
0.0001974225
0.3004387
0.008941671
1.174519e-05
-6.4688e-08
-2.478323e-07
1.869313e-06
1.36078e-07
8.455193e-08
1.62239e-08
3.03909e-08
3.460406e-08
3.925883e-08
-1.091996e-07
-0.6677994
40.77886
39.44347
38.30141
36.45362
34.22041
0
0
0
0
0
0
0
-0.01398135
0.00589407
4.229882e-05
8.362403e-05
0.001056435
0.0001952187
0.3023261
0.009747993
3.497854e-05
-1.236437e-07
-2.417139e-07
1.614664e-06
2.720726e-07
2.171354e-07
1.32878e-07
1.162518e-07
1.157123e-08
1.746307e-08
-1.228473e-07
-0.6622768
40.77831
39.44867
38.31009
36.48225
34.28167
0
0
0
0
0
0
0
0
-0.009077831
-0.0004248734
3.934029e-05
8.114706e-05
0.001047456
0.0001940732
0.3030474
0.009061502
1.470352e-05
-2.112109e-07
-2.782654e-07
1.476637e-06
3.894141e-07
3.346091e-07
2.498266e-07
2.276009e-07
1.171654e-07
7.429879e-08
-1.462242e-07
-0.6706543
40.86091
39.53207
38.3989
36.5606
34.37681
0
0
0
0
0
0
0
0
0
-0.01789805
0.002790948
3.740613e-05
7.960892e-05
0.001045234
0.0001934829
0.303055
0.009050529
1.531349e-05
-3.298693e-07
-3.551664e-07
1.434176e-06
4.841689e-07
4.296853e-07
3.462489e-07
3.229539e-07
2.076356e-07
1.601917e-07
-1.703196e-07
-0.68634
40.97869
39.6529
38.52898
36.68835
34.49324
0
0
0
0
0
0
0
0
0
0
-0.01799101
0.003228879
3.711407e-05
7.893216e-05
0.001043208
0.0001930633
0.3030587
0.009044914
1.558872e-05
-2.722245e-07
-4.795364e-07
1.523437e-06
5.680279e-07
4.987201e-07
4.15265e-07
3.92278e-07
2.738643e-07
2.238308e-07
-1.897721e-07
-0.7014496
41.13276
39.79925
38.69182
36.85451
34.655
0
0
0
0
0
143984.3
0
0
0
0
0
-0.01558309
0.002269657
3.85446e-05
7.887096e-05
0.001040776
0.0001928188
0.3030559
0.009046651
1.561402e-05
-2.565617e-07
-4.124127e-07
1.790277e-06
7.109367e-07
5.51571e-07
4.524e-07
4.287114e-07
3.088981e-07
2.581024e-07
-2.024261e-07
-0.7172968
41.31799
39.98059
38.87736
37.05219
34.85558
0
0
0
0
0
113450.2
114871.5
0
0
0
0
0
-0.01795754
0.001443642
3.873897e-05
7.912288e-05
0.001037593
0.0001927907
0.3030461
0.009056028
1.539693e-05
-2.40401e-07
-3.845679e-07
1.662539e-06
9.617903e-07
6.575302e-07
4.681766e-07
4.293138e-07
3.087042e-07
2.588117e-07
-2.070969e-07
-0.7331099
41.53576
40.19348
39.09664
37.27288
35.08983
0
0
0
0
0
89769
90884.25
94678
0
0
0
0
0
-0.01795626
0.001256663
3.929976e-05
8.023571e-05
0.001033888
0.0001930934
0.3030315
0.009070686
1.487691e-05
-2.132032e-07
-3.5886e-07
1.668835e-06
7.428124e-07
8.656302e-07
5.348536e-07
4.076482e-07
2.737968e-07
2.251695e-07
-2.032369e-07
-0.74813
41.78619
40.44182
39.3491
37.5301
35.352
0
0
0
0
0
71628.42
72302.55
75239.32
81822.59
0
0
0
0
0
-0.01811389
0.000472803
4.015036e-05
8.265981e-05
0.001037899
0.000194164
0.3023045
0.009759065
3.511731e-05
-1.689721e-07
-3.195697e-07
1.765906e-06
5.736807e-07
6.07736e-07
7.170347e-07
4.407821e-07
2.202281e-07
1.611715e-07
-1.943878e-07
-0.7700389
42.08609
40.7314
39.64133
37.82687
35.66084
0
0
0
0
0
57369.71
58032.24
60147.11
65232.2
75368.94
0
0
0
0
-0.0173139
0.002055491
4.263377e-05
8.472154e-05
0.001017533
0.0001967257
0.3004097
0.008954764
1.235493e-05
-9.44758e-08
-3.16637e-07
1.964648e-06
3.87266e-07
4.050548e-07
4.306644e-07
6.284727e-07
2.218598e-07
8.575861e-08
-1.894743e-07
-0.8078862
42.50471
41.12463
40.02515
38.21251
36.07057
0
0
0
0
0
45834.37
46775.01
48522.41
52284.18
60149.03
-0.000142255
0
0
0
0
0
0
0
0
0
0
0
0
0
8.012828e-07
1.260049e-07
1.798018e-07
2.160611e-07
2.334618e-07
3.419838e-07
4.03968e-07
7.250026e-08
-1.914413e-07
-0.8347084
43.2239
41.82996
40.68513
38.86871
36.77364
0
0
0
0
0
36385.43
37649.45
39357.45
42319.95
48214.09
9.947477e-07
-2.372315e-05
0
0
0
0
0
0
0
0
0
0
0
0
-3.740573e-09
4.296221e-08
8.039259e-08
1.059568e-07
1.129285e-07
2.030505e-07
1.741174e-07
2.992915e-07
-2.235256e-07
-0.8905577
44.27457
42.84168
41.62574
39.79188
37.74078
0
0
0
0
0
28683.04
30276.02
32025.04
34595.49
39176.25
-4.697987e-06
0.0001000185
-4.153091e-05
0
0
0
0
0
0
0
0
0
0
0
-7.71383e-09
5.907587e-09
2.873885e-08
4.43558e-08
4.303259e-08
1.299905e-07
7.172338e-08
1.097182e-07
-3.316871e-07
-0.9575371
45.73648
44.26654
42.94647
41.07366
39.05673
0
0
0
0
0
22368.23
24282.86
26114.61
28428.61
32195.92
9.890746e-05
0.0001891581
9.315059e-05
-0.0001671068
0
0
0
0
0
0
0
0
0
0
-5.462476e-09
-9.938102e-09
1.028436e-09
1.105575e-08
5.144903e-09
9.50996e-08
2.46256e-08
3.442795e-08
-3.829221e-07
-1.081797
47.83427
46.29268
44.82065
42.87728
40.88155
0
0
0
0
0
17173.58
19360.28
21301.62
23441.25
26606.36
9.506888e-05
-1.748281e-05
1.009071e-05
7.854616e-05
7.064971e-05
0
0
0
0
0
0
0
0
0
-4.019755e-09
-7.301554e-09
-1.04736e-08
-4.156796e-09
-1.15726e-08
6.519444e-08
5.09108e-09
1.081676e-09
-3.963417e-07
-1.094969
50.60221
49.12221
47.40675
45.34727
43.35919
0
0
0
0
0
12781.83
15289.57
17311.26
19348.18
22055.01
0.0002240357
-6.236615e-05
-0.0001691241
-7.759295e-05
-7.201621e-06
1.092553e-05
0
0
0
0
0
0
0
0
0
0
0
0
0
0
0
1.411405e-08
2.652926e-08
3.924897e-08
5.236281e-08
6.600013e-08
7.56566e-08
7.331802e-08
7.093431e-08
-1.803678e-07
-0.7635128
45.07708
42.83803
39.56378
0
0
0
0
0
0
0
0
0
0
0
0
0
0
0
1.355373e-08
2.53994e-08
3.79008e-08
5.114959e-08
6.524592e-08
7.571822e-08
7.382904e-08
7.229456e-08
-1.948677e-07
-0.825815
43.73381
42.05553
40.06099
37.00315
0
0
0
0
0
0
0
0
0
0
0
0
0
0
0
1.2173e-08
2.232e-08
3.376175e-08
4.655628e-08
6.069295e-08
7.177298e-08
7.069223e-08
7.011158e-08
-1.477574e-07
-0.7581431
42.5492
41.09825
39.613
37.34792
34.46917
0
0
0
0
0
0
0
0
0
0
0
0
0
0
0
9.56185e-09
1.638094e-08
2.569389e-08
3.735362e-08
5.108608e-08
6.283103e-08
6.307916e-08
6.372781e-08
-1.253534e-07
-0.7206172
41.75788
40.37895
39.09143
37.12604
34.74474
0
0
0
0
0
0
0
0
0
0
0
0
0
0
0
0
7.813921e-07
7.262361e-09
1.165958e-08
2.163174e-08
3.466441e-08
4.738671e-08
4.962424e-08
5.217241e-08
-1.150257e-07
-0.6941797
41.27386
39.91088
38.71665
36.85045
34.63444
0
0
0
0
0
0
0
-0.02280019
0.005910075
4.521409e-05
8.524857e-05
0.001043443
0.0001973568
0.3004358
0.00894338
1.177269e-05
-6.126414e-08
-2.637218e-07
1.896011e-06
1.552265e-07
1.047451e-07
2.61512e-08
2.45815e-08
2.916879e-08
3.437988e-08
-1.202919e-07
-0.6941906
41.03717
39.67821
38.51927
36.68331
34.49835
0
0
0
0
0
0
0
0
-0.01550082
-0.001365118
4.243176e-05
8.347311e-05
0.001056085
0.0001950393
0.3023233
0.009749296
3.492891e-05
-1.652915e-07
-2.518605e-07
1.638382e-06
2.974295e-07
2.427751e-07
1.590194e-07
1.436481e-07
3.729648e-08
1.109869e-08
-1.344423e-07
-0.6846468
41.01469
39.6732
38.53119
36.68704
34.50578
0
0
0
0
0
0
0
0
0
-0.01960584
-0.002096674
3.951493e-05
8.075313e-05
0.001046763
0.0001938747
0.3030445
0.009063088
1.477197e-05
-3.008095e-07
-3.36063e-07
1.511044e-06
4.210617e-07
3.647565e-07
2.802224e-07
2.591601e-07
1.47242e-07
1.035738e-07
-1.585187e-07
-0.6904832
41.07178
39.74338
38.61473
36.77086
34.57576
0
0
0
0
0
0
0
0
0
0
-0.0248171
0.001405884
4.001993e-05
7.926296e-05
0.001043889
0.0001932473
0.3030522
0.009052232
1.534242e-05
-2.6156e-07
-4.702081e-07
1.549707e-06
5.349983e-07
4.645721e-07
3.799388e-07
3.575383e-07
2.40835e-07
1.926786e-07
-1.830941e-07
-0.7038745
41.17845
39.84322
38.73397
36.8954
34.69608
0
0
0
0
0
143536.1
0
0
0
0
0
-0.02465038
0.001553302
3.979229e-05
7.86347e-05
0.001040767
0.000192811
0.3030559
0.009046654
1.561411e-05
-2.564158e-07
-4.12313e-07
1.790277e-06
7.109367e-07
5.515711e-07
4.524e-07
4.287119e-07
3.088999e-07
2.581022e-07
-2.024254e-07
-0.7172968
41.31799
39.98059
38.87736
37.05219
34.85558
0
0
0
0
0
113450.2
114871.5
0
0
0
0
0
-0.01814965
-0.0002354094
3.934912e-05
7.860598e-05
0.0010354
0.000192557
0.3030531
0.0090485
1.5644e-05
-2.495092e-07
-3.91955e-07
1.637648e-06
9.995587e-07
6.966156e-07
5.064957e-07
4.668661e-07
3.445876e-07
2.92809e-07
-2.145573e-07
-0.730714
41.49026
40.14941
39.05424
37.23146
35.04745
0
0
0
0
0
89958.29
91096.97
94981.06
0
0
0
0
0
-0.01825389
0.001404119
3.929467e-05
7.893536e-05
0.001026272
0.0001925418
0.3030426
0.009058304
1.542952e-05
-2.338742e-07
-3.744718e-07
1.606118e-06
8.17054e-07
9.452962e-07
6.158622e-07
4.830587e-07
3.452415e-07
2.92813e-07
-2.181212e-07
-0.744071
41.69318
40.35066
39.26124
37.44392
35.26389
0
0
0
0
0
71951.63
72639.26
75625.86
82387.86
0
0
0
0
0
-0.01861026
0.001143054
3.991932e-05
8.006217e-05
0.001017893
0.0001928637
0.3030271
0.009073292
1.490989e-05
-2.077907e-07
-3.506644e-07
1.639075e-06
6.889199e-07
7.244649e-07
8.349667e-07
5.552633e-07
3.247262e-07
2.588026e-07
-2.124909e-07
-0.7558557
41.93149
40.58574
39.50191
37.68923
35.51859
0
0
0
0
0
57807.09
58474.09
60617.64
65781.63
76235.84
0
0
0
0
-0.01871414
0.0003984767
4.064322e-05
8.25405e-05
0.001017503
0.0001939429
0.3023002
0.009760788
3.514889e-05
-1.652361e-07
-3.128802e-07
1.748185e-06
5.465086e-07
5.581484e-07
5.758604e-07
7.66281e-07
3.59407e-07
2.070486e-07
-2.008352e-07
-0.7733511
42.22026
40.86485
39.78212
37.97358
35.81535
0
0
0
0
0
46370.34
47305.14
49069.62
52880.64
60895.72
3.706349e-05
0
0
0
-0.01793712
0.001923568
4.334308e-05
8.460415e-05
0.0009919535
0.0001964652
0.3004033
0.008955741
1.242621e-05
-9.230688e-08
-3.119183e-07
1.954863e-06
3.725089e-07
3.825474e-07
3.850795e-07
4.844609e-07
5.496066e-07
2.112362e-07
-1.955278e-07
-0.8032576
42.62968
41.25058
40.15692
38.35112
36.21539
0
0
0
0
0
36967.9
38220.01
39930.69
42927.97
48920.44
-7.583937e-05
0.0002778173
0
0
0
0
0
0
0
0
0
0
0
0
7.993335e-07
1.210216e-07
1.727327e-07
2.056982e-07
2.151693e-07
2.982995e-07
2.713386e-07
3.966869e-07
-2.091856e-07
-0.8213224
43.34122
41.95493
40.81405
39.00279
36.91477
0
0
0
0
0
29167.03
30735.27
32481.64
35060.65
39692.08
0.0002172856
1.387049e-06
4.042603e-05
0
0
0
0
0
0
0
0
0
0
0
-5.733238e-09
3.958751e-08
7.62129e-08
1.00796e-07
1.052114e-07
1.871971e-07
1.326327e-07
1.712334e-07
-2.948073e-07
-0.8640068
44.38666
42.96872
41.75538
39.92543
37.88077
0
0
0
0
0
22722.89
24609.39
26435.21
28746.36
32534.57
2.643389e-05
0.0001453365
0.0001371224
-3.028311e-05
0
0
0
0
0
0
0
0
0
0
-7.009241e-09
2.823239e-09
2.535099e-08
4.114267e-08
3.972799e-08
1.246716e-07
5.781628e-08
6.945026e-08
-3.006999e-07
-0.9366266
45.86142
44.40002
43.08105
41.21031
39.1995
0
0
0
0
0
17396.13
19571.48
21502.59
23640.53
26812.9
-4.998302e-05
-3.289979e-05
-0.0001947089
-9.33584e-05
2.840084e-05
0
0
0
0
0
0
0
0
0
-4.724786e-09
-8.977382e-09
-2.492663e-09
8.0041e-09
3.060721e-09
9.3655e-08
2.058717e-08
2.134719e-08
-3.754601e-07
-1.082221
48.00682
46.45532
44.96522
43.02298
41.03285
0
0
0
0
0
12927.46
15423.45
17438.45
19471.07
22178.99
-9.23272e-05
-0.0001054817
-1.153583e-05
-0.000229137
-0.0001177685
-8.217107e-07
0
0
0
0
0
0
0
0
-3.25788e-09
-6.245063e-09
-9.370813e-09
-9.813416e-09
-1.436178e-08
6.418756e-08
4.810388e-09
-1.522124e-09
-3.950257e-07
-1.0996
50.82066
49.33966
47.58776
45.5084
43.52322
0
0
0
0
0
9091.03
11911.08
14074.56
16005.04
18370.9
-8.102936e-05
-0.0001697564
-3.546869e-05
0.0001466214
9.772476e-06
1.079485e-05
-1.389523e-05
0
0
0
0
0
0
0
0
0
0
0
0
0
0
0
1.342244e-08
2.548185e-08
3.795568e-08
5.095733e-08
6.466516e-08
7.450387e-08
7.263975e-08
7.096163e-08
-2.065979e-07
-0.8246044
45.76866
44.01864
41.61395
37.93099
0
0
0
0
0
0
0
0
0
0
0
0
0
0
0
1.279264e-08
2.420704e-08
3.637532e-08
4.942027e-08
6.34496e-08
7.416552e-08
7.254528e-08
7.151563e-08
-2.166207e-07
-0.8747999
44.14994
42.57687
40.90253
38.41554
35.16844
0
0
0
0
0
0
0
0
0
0
0
0
0
0
0
1.128153e-08
2.089232e-08
3.18893e-08
4.437195e-08
5.834315e-08
6.955801e-08
6.882074e-08
6.858342e-08
-1.637035e-07
-0.7981356
42.87513
41.42241
40.02536
37.98116
35.51357
0
0
0
0
0
0
0
0
0
0
0
0
0
0
0
0
8.358288e-09
1.449294e-08
2.323057e-08
3.445908e-08
4.792653e-08
5.974455e-08
6.031927e-08
6.137348e-08
-1.381676e-07
-0.7536003
42.06317
40.64066
39.3697
37.47117
35.26069
0
0
0
0
0
0
0
0
0
0
0
0
0
0
0
0
0
7.860772e-07
1.671914e-08
1.530422e-08
1.763492e-08
3.028037e-08
4.305163e-08
4.561574e-08
4.860066e-08
-1.260389e-07
-0.7215565
41.54892
40.1641
38.94931
37.09758
34.94063
0
0
0
0
0
0
0
0
-0.01317848
0.006993281
4.476744e-05
8.538805e-05
0.001043194
0.0001972755
0.3004329
0.008944878
1.179993e-05
-9.095143e-08
-2.712565e-07
1.912537e-06
1.747811e-07
1.251335e-07
4.732905e-08
4.54601e-08
2.355242e-08
2.918188e-08
-1.310709e-07
-0.7170593
41.27953
39.91015
38.74778
36.89471
34.72559
0
0
0
0
0
0
0
0
0
-0.009148833
-0.0008684302
4.007753e-05
8.33454e-05
0.001055604
0.000194888
0.3023203
0.009750829
3.498267e-05
-2.464955e-07
-3.017754e-07
1.663926e-06
3.248416e-07
2.689544e-07
1.854629e-07
1.712088e-07
6.342155e-08
2.549691e-08
-1.457782e-07
-0.7045929
41.22634
39.88648
38.74999
36.90108
34.7073
0
0
0
0
0
0
0
0
0
0
-0.01809337
0.002799859
3.803858e-05
8.061013e-05
0.001045688
0.0001936767
0.3030416
0.009064778
1.479672e-05
-2.375293e-07
-4.490667e-07
1.614851e-06
4.682873e-07
3.969785e-07
3.112088e-07
2.90935e-07
1.776517e-07
1.333083e-07
-1.705156e-07
-0.7081119
41.27231
39.93404
38.82074
36.97957
34.78113
0
0
0
0
0
142568.3
0
0
0
0
0
-0.01415446
0.007682142
3.968161e-05
7.938138e-05
0.00104166
0.0001930148
0.3030492
0.00905405
1.53669e-05
-2.464278e-07
-4.041281e-07
1.812931e-06
6.742958e-07
5.157461e-07
4.157202e-07
3.925487e-07
2.744355e-07
2.255313e-07
-1.953607e-07
-0.7196977
41.36357
40.02475
38.91959
37.0935
34.89749
0
0
0
0
0
113194.5
114509.8
0
0
0
0
0
-0.01375375
0.007566831
3.921441e-05
7.872857e-05
0.001035391
0.0001925525
0.3030531
0.009048503
1.564408e-05
-2.494291e-07
-3.918515e-07
1.637648e-06
9.995586e-07
6.966156e-07
5.064958e-07
4.668659e-07
3.44588e-07
2.928074e-07
-2.145568e-07
-0.730714
41.49026
40.14941
39.05424
37.23146
35.04745
0
0
0
0
0
89958.29
91096.97
94981.06
0
0
0
0
0
-0.01461649
0.001543331
3.829462e-05
7.852283e-05
0.001023084
0.0001922879
0.3030502
0.009050543
1.567512e-05
-2.427337e-07
-3.812929e-07
1.579843e-06
8.525529e-07
9.841018e-07
6.571007e-07
5.22253e-07
3.825053e-07
3.282178e-07
-2.259813e-07
-0.7416848
41.64788
40.30663
39.21895
37.40234
35.22137
0
0
0
0
0
72105.9
72800.3
75809.82
82652.3
0
0
0
0
0
-0.02344951
0.001774519
3.92239e-05
7.882989e-05
0.001006463
0.0001922059
0.3030386
0.009061069
1.546517e-05
-2.282295e-07
-3.655565e-07
1.573716e-06
7.604141e-07
7.998724e-07
9.13487e-07
6.36678e-07
3.994333e-07
3.291311e-07
-2.281538e-07
-0.751827
41.83891
40.49476
39.41461
37.60297
35.42972
0
0
0
0
0
58081.9
58752.35
60913.49
66124.93
76758.85
0
0
0
0
-0.02368794
0.001764831
3.97558e-05
8.001446e-05
0.0009894458
0.0001924586
0.3030215
0.00907662
1.494835e-05
-2.034768e-07
-3.430543e-07
1.617564e-06
6.579403e-07
6.709371e-07
6.883569e-07
8.76485e-07
4.734297e-07
3.095107e-07
-2.200312e-07
-0.7591512
42.06612
40.71943
39.64249
37.837
35.67288
0
0
0
0
0
46751.68
47683.37
49460.21
53302.05
61407.97
-5.804575e-06
0
0
0
-0.02381728
0.0009412165
4.04537e-05
8.246989e-05
0.0009807724
0.0001934991
0.3022934
0.009762861
3.518229e-05
-1.614348e-07
-3.067739e-07
1.733235e-06
5.270287e-07
5.307442e-07
5.259227e-07
6.150085e-07
6.867104e-07
3.455726e-07
-2.089277e-07
-0.7685344
42.34424
40.98971
39.91266
38.10972
35.95759
0
0
0
0
0
37442.59
38683.92
40399.93
43420.21
49480.65
-0.0001225392
0.0001018413
0
0
-0.02310429
0.002422781
4.313565e-05
8.461832e-05
0.0009465323
0.0001959599
0.3003939
0.008957736
1.249806e-05
-9.066433e-08
-3.072535e-07
1.945418e-06
3.603459e-07
3.672856e-07
3.621382e-07
4.370195e-07
4.077351e-07
5.382274e-07
-2.203178e-07
-0.7898268
42.74151
41.36983
40.28021
38.47908
36.35022
0
0
0
0
0
29686.06
31238.75
32987.49
35579.22
40268.9
-0.0001201311
2.475875e-06
-1.99627e-05
0
0
0
0
0
0
0
0
0
0
0
7.965026e-07
1.155232e-07
1.660175e-07
1.97636e-07
2.042628e-07
2.794638e-07
2.280176e-07
2.665648e-07
-2.833787e-07
-0.7951411
43.44643
42.07398
40.93626
39.12831
37.04575
0
0
0
0
0
23156.63
25028.69
26842.76
29159.13
32974.11
4.093022e-05
-0.0003901263
2.24553e-05
-8.96551e-05
0
0
0
0
0
0
0
0
0
0
-8.251589e-09
3.548079e-08
7.144418e-08
9.589079e-08
9.990217e-08
1.797075e-07
1.168192e-07
1.302719e-07
-2.639803e-07
-0.8438079
44.50204
43.09149
41.87944
40.05192
38.01186
0
0
0
0
0
17713.62
19880.2
21793.28
23930.79
27112.6
-0.0001103483
-0.0001431052
7.050121e-05
-4.206404e-05
-2.18268e-05
0
0
0
0
0
0
0
0
0
-6.16589e-09
-1.067932e-09
2.103548e-08
3.712441e-08
3.651583e-08
1.219304e-07
5.246829e-08
5.563286e-08
-2.924531e-07
-0.9362715
46.01759
44.54851
43.21106
41.34188
39.33436
0
0
0
0
0
13139.02
15619.04
17628.2
19654.07
22367.23
0.0001026134
0.0001519863
-6.574356e-05
-8.760318e-05
-5.349596e-06
-4.538195e-06
0
0
0
0
0
0
0
0
-3.894186e-09
-7.799657e-09
-7.888054e-09
3.755647e-09
-1.103171e-10
9.214173e-08
1.906188e-08
1.726343e-08
-3.737446e-07
-1.086618
48.20246
46.65048
45.1255
43.16469
41.17755
0
0
0
0
0
9233.566
12040.35
14196.3
16122
18487.55
8.822963e-05
4.27896e-05
-4.94101e-05
6.700675e-05
0.0001581012
2.185541e-05
-3.350075e-06
0
0
0
0
0
0
0
-2.448665e-09
-5.037899e-09
-7.989004e-09
-1.082454e-08
-1.336074e-08
6.18489e-08
3.830979e-09
-1.513259e-09
-3.953682e-07
-1.104283
51.04558
49.56388
47.80726
45.68882
43.68457
0
0
0
0
0
5872.828
8969.061
11286.41
13196.24
15258.57
3.411537e-05
-4.690863e-05
8.435664e-05
0.0001022753
-5.928337e-06
7.320712e-06
-9.314626e-06
2.540142e-06
0
0
0
0
0
0
0
0
0
0
0
0
0
0
0
1.272545e-08
2.440965e-08
3.659155e-08
4.941496e-08
6.307214e-08
7.315782e-08
7.151742e-08
7.031254e-08
-2.31391e-07
-0.8762841
46.2516
44.66456
42.71743
39.91083
36.13383
0
0
0
0
0
0
0
0
0
0
0
0
0
0
0
1.201299e-08
2.300289e-08
3.481014e-08
4.759409e-08
6.148601e-08
7.233218e-08
7.103603e-08
7.028565e-08
-2.36825e-07
-0.918665
44.51494
42.95275
41.39664
39.23014
36.61673
0
0
0
0
0
0
0
0
0
0
0
0
0
0
0
0
1.029234e-08
1.943327e-08
2.999111e-08
4.212321e-08
5.58647e-08
6.7151e-08
6.667503e-08
6.678906e-08
-1.784217e-07
-0.8335672
43.20892
41.71419
40.33612
38.38151
36.15486
0
0
0
0
0
0
0
0
0
0
0
0
0
0
0
0
0
6.790155e-09
1.247168e-08
2.070776e-08
3.151698e-08
4.466776e-08
5.65064e-08
5.734088e-08
5.873095e-08
-1.498601e-07
-0.7826451
42.35975
40.91554
39.62281
37.74142
35.60595
0
0
0
0
0
0
0
0
0
0
0
0
0
0
0
0
0
0
7.881852e-07
2.72072e-08
2.778003e-08
1.361657e-08
2.582043e-08
3.859461e-08
4.143766e-08
4.476479e-08
-1.365088e-07
-0.7452258
41.80684
40.4125
39.19515
37.32323
35.18538
0
0
0
0
0
0
0
0
0
-0.01483987
-0.0004989505
4.497416e-05
8.530822e-05
0.001042869
0.0001971941
0.3004298
0.008946373
1.191002e-05
-1.469648e-07
-3.087765e-07
1.924223e-06
1.960006e-07
1.460011e-07
6.878246e-08
6.811018e-08
1.787678e-08
2.380604e-08
-1.415083e-07
-0.7374874
41.49515
40.12918
38.9736
37.11584
34.93324
0
0
0
0
0
0
0
0
0
0
-0.01975491
-0.003044086
4.025748e-05
8.301191e-05
0.00105485
0.0001947511
0.3023174
0.009752425
3.500578e-05
-1.927151e-07
-4.067884e-07
1.747083e-06
3.661591e-07
2.971169e-07
2.125182e-07
1.989614e-07
8.985958e-08
5.131822e-08
-1.566998e-07
-0.7224027
41.42867
40.07794
38.95787
37.11265
34.91628
0
0
0
0
0
140941.8
0
0
0
0
0
-0.02474455
0.001327272
4.063657e-05
8.03429e-05
0.001043915
0.0001934818
0.3030385
0.009066573
1.481815e-05
-2.238152e-07
-3.859248e-07
1.867318e-06
5.996006e-07
4.446949e-07
3.443111e-07
3.231645e-07
2.084547e-07
1.633921e-07
-1.820253e-07
-0.7238073
41.45753
40.11635
39.00665
37.17867
34.98421
0
0
0
0
0
112650.9
113731.7
0
0
0
0
0
-0.01558729
-0.0006478211
4.112953e-05
7.924003e-05
0.001037589
0.0001927766
0.3030461
0.009056033
1.539711e-05
-2.401203e-07
-3.842563e-07
1.66254e-06
9.617905e-07
6.575305e-07
4.681769e-07
4.293124e-07
3.087044e-07
2.588111e-07
-2.070969e-07
-0.7331099
41.53576
40.19348
39.09664
37.27288
35.08983
0
0
0
0
0
89769
90884.25
94678
0
0
0
0
0
-0.01555091
-0.0007585569
4.049889e-05
7.85179e-05
0.001023097
0.0001922857
0.3030502
0.009050543
1.567491e-05
-2.426933e-07
-3.81235e-07
1.579843e-06
8.52553e-07
9.841018e-07
6.571009e-07
5.222535e-07
3.825045e-07
3.282171e-07
-2.259797e-07
-0.7416848
41.64788
40.30663
39.21894
37.40234
35.22137
0
0
0
0
0
72105.9
72800.3
75809.82
82652.3
0
0
0
0
0
-0.01840435
-0.0004967553
3.884392e-05
7.82066e-05
0.001001607
0.0001918963
0.3030471
0.009052908
1.570827e-05
-2.370537e-07
-3.719966e-07
1.546122e-06
7.945911e-07
8.368473e-07
9.527305e-07
6.786861e-07
4.383165e-07
3.659053e-07
-2.364132e-07
-0.7494539
41.79399
40.45087
39.37237
37.56148
35.38699
0
0
0
0
0
58214.55
58886.18
61055.84
66288.94
77003.69
0
0
0
0
-0.02362237
0.006713031
3.912917e-05
7.869386e-05
0.0009716492
0.0001916827
0.3030336
0.009064694
1.550796e-05
-2.23566e-07
-3.574167e-07
1.549728e-06
7.269018e-07
7.43839e-07
7.639474e-07
9.529974e-07
5.540851e-07
3.830655e-07
-2.364775e-07
-0.7551614
41.97406
40.6288
39.5554
37.75124
35.58389
0
0
0
0
0
46994.24
47924.15
49709.06
53568.67
61728.28
-4.253732e-05
0
0
0
-0.02367056
0.006547508
3.972117e-05
7.983843e-05
0.000938774
0.0001918217
0.3030139
0.009081264
1.499648e-05
-1.987974e-07
-3.359518e-07
1.599065e-06
6.349988e-07
6.398596e-07
6.352312e-07
7.21205e-07
7.96237e-07
4.574611e-07
-2.295045e-07
-0.7543132
42.19129
40.84465
39.77329
37.97315
35.81617
0
0
0
0
0
37782.85
39019.88
40739.68
43773.92
49875.68
0.0001416977
-1.182174e-05
0
0
-0.02368247
0.005842901
4.029632e-05
8.22856e-05
0.0009143459
0.0001927609
0.3022835
0.009766773
3.522089e-05
-1.57711e-07
-3.005301e-07
1.718779e-06
5.10516e-07
5.110452e-07
4.986117e-07
5.641029e-07
5.377609e-07
6.717826e-07
-2.382715e-07
-0.7549352
42.45607
41.10791
40.03508
38.23636
36.08969
0
0
0
0
0
30109.56
31656.87
33404.84
36005.54
40732.99
-6.287666e-05
0.00010004
-0.0001046608
0
-0.02219888
0.006933345
4.300521e-05
8.44423e-05
0.0008663158
0.0001950848
0.3003789
0.008960048
1.257516e-05
-8.830858e-08
-3.024775e-07
1.934986e-06
3.487352e-07
3.547325e-07
3.468346e-07
4.140501e-07
3.608207e-07
3.990281e-07
-2.986968e-07
-0.7662803
42.84376
41.48323
40.39733
38.59919
36.47491
0
0
0
0
0
23625.97
25484.28
27295.6
29621.05
33467.53
4.831169e-05
7.081085e-05
0.0001095845
-0.0002638988
0
0
0
0
0
0
0
0
0
0
7.927176e-07
1.09082e-07
1.586516e-07
1.899488e-07
1.959117e-07
2.688125e-07
2.093257e-07
2.238596e-07
-2.514486e-07
-0.7756145
43.55862
42.1897
41.05315
39.2477
37.1687
0
0
0
0
0
18111.65
20261.34
22170.51
24302.42
27503.9
-0.0001309628
-0.0001280859
0.0002063464
5.293892e-05
0.0001184565
0
0
0
0
0
0
0
0
0
-8.97274e-09
3.045639e-08
6.566279e-08
9.01897e-08
9.478595e-08
1.748718e-07
1.093483e-07
1.146104e-07
-2.551724e-07
-0.8431291
44.64747
43.23167
41.99967
40.1734
38.13647
0
0
0
0
0
13440.72
15898.82
17906.65
19919.33
22641.87
-6.440383e-05
0.0001173635
8.307179e-05
-0.0004876866
-4.918764e-05
6.586241e-06
0
0
0
0
0
0
0
0
-5.22131e-09
-5.67873e-09
1.557033e-08
3.187962e-08
3.22185e-08
1.192124e-07
4.970961e-08
5.032641e-08
-2.899239e-07
-0.9394741
46.19608
44.72739
43.35793
41.46952
39.46481
0
0
0
0
0
9442.518
12228.67
14374.19
16296.06
18660.89
2.210748e-05
-0.0002053339
-6.192256e-05
-2.855184e-05
0.0001373801
4.602152e-06
6.977136e-06
0
0
0
0
0
0
0
-3.013707e-09
-6.460949e-09
-1.020667e-08
-2.042277e-09
-5.785001e-09
8.931413e-08
1.75142e-08
1.577042e-08
-3.737317e-07
-1.091065
48.40383
46.85042
45.32208
43.32504
41.31937
0
0
0
0
0
6014.376
9096.697
11404.86
13308.85
15369.82
1.371744e-05
2.601697e-05
-9.414726e-05
8.78243e-05
-2.026144e-05
-7.779567e-06
-1.101979e-05
8.150372e-06
0
0
0
0
0
0
-1.631582e-09
-3.746869e-09
-6.398456e-09
-9.17082e-09
-1.18915e-08
5.774307e-08
4.039545e-10
-2.474528e-09
-3.960074e-07
-1.108912
51.27054
49.79143
48.03149
45.91511
43.8681
0
0
0
0
0
2799.184
6416.146
8858.354
10773.35
12642.46
-1.726731e-05
8.648551e-06
0.0001054616
-8.129436e-05
-8.130861e-05
-7.711598e-06
-1.873334e-05
6.780327e-06
5.341705e-06
0
0
0
0
0
0
0
0
0
0
0
0
0
0
0
1.201244e-08
2.332748e-08
3.519313e-08
4.778513e-08
6.13188e-08
7.153287e-08
7.020873e-08
6.923533e-08
-2.544444e-07
-0.9226209
46.66589
45.11053
43.3261
40.97308
38.13965
0
0
0
0
0
0
0
0
0
0
0
0
0
0
0
0
1.11454e-08
2.17762e-08
3.322603e-08
4.57176e-08
5.940698e-08
7.031969e-08
6.925821e-08
6.883891e-08
-2.553004e-07
-0.9576815
44.88698
43.2838
41.75536
39.70844
37.43652
0
0
0
0
0
0
0
0
0
0
0
0
0
0
0
0
0
8.97196e-09
1.786321e-08
2.805133e-08
3.984052e-08
5.330809e-08
6.460109e-08
6.434724e-08
6.473549e-08
-1.917998e-07
-0.8647695
43.53263
42.01729
40.61709
38.68296
36.55481
0
0
0
0
0
0
0
0
0
0
0
0
0
0
0
0
0
0
3.883513e-09
1.002458e-08
1.802512e-08
2.849882e-08
4.134933e-08
5.315434e-08
5.421641e-08
5.587937e-08
-1.607842e-07
-0.8077245
42.63895
41.18499
39.88892
37.98676
35.87384
0
0
0
0
0
0
0
0
0
0
0
0
0
0
0
0
0
0
0
8.023089e-07
4.411145e-08
4.144657e-08
1.357352e-08
2.124963e-08
3.405314e-08
3.71419e-08
4.076938e-08
-1.464814e-07
-0.7663082
42.03445
40.64684
39.43638
37.56112
35.40736
0
0
0
0
0
0
0
0
0
0
-0.008547953
-0.0001311071
4.219037e-05
8.519588e-05
0.001042333
0.0001971369
0.3004268
0.008947897
1.198459e-05
-1.098754e-07
-3.909423e-07
1.974045e-06
2.284737e-07
1.686137e-07
9.083315e-08
9.094046e-08
1.22084e-08
1.834345e-08
-1.514394e-07
-0.7557286
41.70168
40.32448
39.18688
37.33418
35.14911
0
0
0
0
0
138473.8
0
0
0
0
0
-0.0182833
0.001983463
3.891498e-05
8.291687e-05
0.001053584
0.0001946127
0.3023144
0.009754056
3.502751e-05
-1.814782e-07
-3.496297e-07
1.973718e-06
4.836972e-07
3.393738e-07
2.416693e-07
2.272035e-07
1.166866e-07
7.747531e-08
-1.671526e-07
-0.7379805
41.61414
40.26222
39.14451
37.31356
35.12217
0
0
0
0
0
111761
112431.2
0
0
0
0
0
-0.01400495
0.007312408
4.018897e-05
8.048629e-05
0.001040927
0.00019328
0.3030352
0.009068506
1.48464e-05
-2.18656e-07
-3.673204e-07
1.722302e-06
8.822023e-07
5.793675e-07
3.93443e-07
3.571871e-07
2.399674e-07
1.93902e-07
-1.929909e-07
-0.7372017
41.62901
40.28519
39.18443
37.35834
35.17759
0
0
0
0
0
89370.65
90434.65
94028.53
0
0
0
0
0
-0.01101192
-0.0002643136
3.826071e-05
7.914492e-05
0.001026292
0.0001925359
0.3030426
0.009058303
1.542884e-05
-2.336951e-07
-3.742745e-07
1.606118e-06
8.170545e-07
9.452963e-07
6.158625e-07
4.830576e-07
3.452405e-07
2.928118e-07
-2.181206e-07
-0.744071
41.69318
40.35066
39.26124
37.44392
35.26389
0
0
0
0
0
71951.63
72639.26
75625.86
82387.86
0
0
0
0
0
-0.01121266
-0.0002684733
3.764542e-05
7.836073e-05
0.001001607
0.0001918987
0.3030471
0.009052904
1.570792e-05
-2.371983e-07
-3.719454e-07
1.546122e-06
7.945912e-07
8.368476e-07
9.527307e-07
6.786853e-07
4.383156e-07
3.659068e-07
-2.364137e-07
-0.7494539
41.79399
40.45087
39.37237
37.56148
35.38699
0
0
0
0
0
58214.55
58886.18
61055.84
66288.94
77003.69
0
0
0
0
-0.02364221
0.001840093
3.775498e-05
7.81054e-05
0.0009641412
0.0001913243
0.3030438
0.009055833
1.574684e-05
-2.323216e-07
-3.635849e-07
1.520879e-06
7.597823e-07
7.795678e-07
8.019194e-07
9.919376e-07
5.957756e-07
4.214497e-07
-2.451372e-07
-0.7528018
41.92941
40.58522
39.51329
37.70979
35.54122
0
0
0
0
0
47111.3
48041.25
49829.62
53697.46
61881.51
6.529684e-05
0
0
0
-0.02377689
0.006630035
4.010217e-05
7.843917e-05
0.0009108968
0.000190896
0.303027
0.009069786
1.55633e-05
-2.183786e-07
-3.496769e-07
1.528892e-06
7.015875e-07
7.102113e-07
7.08617e-07
7.956063e-07
8.718887e-07
5.369144e-07
-2.468991e-07
-0.7503455
42.10003
40.75446
39.68657
37.88757
35.72759
0
0
0
0
0
38000.02
39236.38
40958.52
44000.82
50125.92
0.0002627849
0.0001242736
0
0
-0.02313534
0.006094585
4.051858e-05
7.956706e-05
0.0008488357
0.0001908007
0.3030029
0.00908811
1.506202e-05
-1.937568e-07
-3.284743e-07
1.581155e-06
6.152259e-07
6.166873e-07
6.043704e-07
6.675533e-07
6.433731e-07
7.790001e-07
-2.617595e-07
-0.7406259
42.30431
40.96394
39.89614
38.10013
35.94833
0
0
0
0
0
30416.95
31962.07
33711.75
36316.46
41066.02
5.079435e-05
-5.34299e-05
4.304444e-05
0
-0.02249592
0.006572139
4.079954e-05
8.196282e-05
0.0007944587
0.0001914963
0.302268
0.009772468
3.527028e-05
-1.530312e-07
-2.93836e-07
1.703171e-06
4.94669e-07
4.943276e-07
4.79064e-07
5.370392e-07
4.875329e-07
5.256224e-07
-3.186007e-07
-0.7315039
42.55917
41.22133
40.15139
38.35562
36.21286
0
0
0
0
0
24013.89
25863.4
27677.68
30004.21
33870.94
-0.0002295945
0.000166893
2.403916e-06
0.0001218799
-0.0213271
0.006372578
4.489501e-05
8.412671e-05
0.0007253502
0.0001935512
0.3003529
0.008962967
1.265637e-05
-8.326584e-08
-2.966327e-07
1.922304e-06
3.36278e-07
3.427161e-07
3.343198e-07
3.992424e-07
3.381185e-07
3.528936e-07
-2.639133e-07
-0.7455178
42.95721
41.59592
40.5092
38.7137
36.59228
0
0
0
0
0
18545.45
20679.5
22585.89
24719.59
27944.66
1.807532e-05
-0.0001328585
0.0001658732
-1.897066e-05
7.19234e-05
0
0
0
0
0
0
0
0
0
7.880752e-07
1.014256e-07
1.500539e-07
1.814255e-07
1.878755e-07
2.609092e-07
1.98753e-07
2.054017e-07
-2.419075e-07
-0.7747861
43.69755
42.32641
41.16711
39.36234
37.28609
0
0
0
0
0
13818.92
16253.51
18253.93
20266.27
22995.15
-0.0001895275
6.979097e-05
0.0001396621
-2.948919e-06
-5.866201e-05
-1.011553e-05
0
0
0
0
0
0
0
0
-7.82033e-09
2.461908e-08
5.858599e-08
8.317194e-08
8.860265e-08
1.701771e-07
1.045498e-07
1.072306e-07
-2.519464e-07
-0.8456718
44.81492
43.39923
42.13888
40.29168
38.25677
0
0
0
0
0
9745.526
12498.01
14629.35
16552.3
18912.55
-0.0002347207
-3.269788e-05
-0.0001154297
-1.230005e-05
0.0003319623
-1.272634e-05
7.8213e-06
0
0
0
0
0
0
0
-4.223927e-09
-9.55321e-09
9.079242e-09
2.513453e-08
2.635272e-08
1.151865e-07
4.699837e-08
4.76223e-08
-2.891182e-07
-0.9427314
46.3795
44.9101
43.53817
41.61672
39.59244
0
0
0
0
0
6224.408
9284.997
11577.92
13473.24
15535.14
-2.740358e-06
7.263561e-05
0.0002198644
2.932072e-05
4.261139e-05
-8.691681e-06
-2.497e-06
-4.726918e-06
0
0
0
0
0
0
-2.125729e-09
-5.033644e-09
-8.432461e-09
-1.18506e-08
-1.512749e-08
8.468773e-08
1.462861e-08
1.42596e-08
-3.74039e-07
-1.095465
48.60432
47.05266
45.52259
43.52829
41.48241
0
0
0
0
0
2943.54
6544.07
8976.117
10883.46
12749.8
-0.0001042291
-9.314778e-05
-0.0001789246
0.0001727992
-3.214198e-05
9.220069e-06
1.435948e-05
-7.86669e-06
-1.407347e-06
0
0
0
0
0
-8.491901e-10
-2.436103e-09
-4.690021e-09
-7.255358e-09
-1.000315e-08
5.162832e-08
-6.162796e-09
-6.031349e-09
-3.963836e-07
-1.113173
51.49072
50.01888
48.25831
46.14386
44.10865
0
0
0
0
0
-295.5338
3967.086
6762.41
8663.668
10384.41
-4.288572e-05
4.888352e-05
-7.060264e-05
3.227104e-05
0.0001049194
7.560149e-06
1.308467e-07
6.311455e-06
-3.037869e-06
-1.298177e-06
0
0
0
0
0
0
0
0
0
0
0
0
0
0
0
1.121859e-08
2.222862e-08
3.377903e-08
4.611174e-08
5.946126e-08
6.973252e-08
6.862968e-08
6.797918e-08
-2.755324e-07
-0.9638588
47.08643
45.49417
43.74883
41.56028
39.20244
0
0
0
0
0
0
0
0
0
0
0
0
0
0
0
0
0
9.972363e-09
2.04567e-08
3.161491e-08
4.381519e-08
5.726749e-08
6.817744e-08
6.730821e-08
6.713497e-08
-2.720184e-07
-0.9920925
45.24673
43.62528
42.07268
40.05552
37.9135
0
0
0
0
0
0
0
0
0
0
0
0
0
0
0
0
0
0
6.455163e-09
1.592352e-08
2.598313e-08
3.750539e-08
5.070783e-08
6.19618e-08
6.18825e-08
6.250555e-08
-2.040675e-07
-0.8919466
43.83748
42.31366
40.90935
38.95519
36.85383
0
0
0
0
0
0
0
0
0
0
0
0
0
0
0
0
0
0
0
-4.196277e-09
5.670779e-09
1.485558e-08
2.529477e-08
3.793696e-08
4.9732e-08
5.09847e-08
5.288666e-08
-1.709639e-07
-0.8300265
42.88376
41.44022
40.14982
38.24426
36.11554
0
0
0
0
0
0
0
0
0
0
0
0
0
0
0
0
0
0
0
0
8.594705e-07
9.602849e-08
6.299422e-08
2.967603e-08
1.643435e-08
2.939122e-08
3.275297e-08
3.665184e-08
-1.558261e-07
-0.7851183
42.25146
40.85398
39.66395
37.7944
35.64005
0
0
0
0
0
135252.5
0
0
0
0
0
-0.01912566
-0.001458129
4.256955e-05
8.486741e-05
0.00104142
0.0001970743
0.3004238
0.008949416
1.205455e-05
-1.032959e-07
-3.447595e-07
2.145641e-06
3.246795e-07
2.031696e-07
1.148539e-07
1.142743e-07
8.576233e-09
1.286223e-08
-1.608345e-07
-0.771642
41.8904
40.51268
39.37707
37.54034
35.36169
0
0
0
0
0
110439
110466.8
0
0
0
0
0
-0.02489055
0.0006854657
4.123506e-05
8.271001e-05
0.001051487
0.0001944607
0.3023113
0.009755698
3.50563e-05
-1.779906e-07
-3.332325e-07
1.839645e-06
7.519487e-07
4.620979e-07
2.85723e-07
2.572716e-07
1.44271e-07
1.040417e-07
-1.770473e-07
-0.7513924
41.78421
40.43161
39.32417
37.49396
35.31738
0
0
0
0
0
88723.43
89705.01
92949.24
0
0
0
0
0
-0.01558525
-0.0008043909
4.149233e-05
8.032265e-05
0.001033895
0.0001930799
0.3030315
0.009070684
1.487574e-05
-2.12894e-07
-3.584662e-07
1.668835e-06
7.428131e-07
8.656305e-07
5.348533e-07
4.076502e-07
2.737961e-07
2.251692e-07
-2.032383e-07
-0.74813
41.78619
40.44182
39.3491
37.5301
35.352
0
0
0
0
0
71628.42
72302.55
75239.32
81822.59
0
0
0
0
0
-0.02189497
-0.001455052
3.842987e-05
7.871271e-05
0.001006481
0.0001922102
0.3030386
0.009061062
1.546414e-05
-2.286402e-07
-3.653874e-07
1.573716e-06
7.604146e-07
7.998728e-07
9.134875e-07
6.366771e-07
3.994334e-07
3.291327e-07
-2.28153e-07
-0.751827
41.83891
40.49476
39.41461
37.60297
35.42972
0
0
0
0
0
58081.9
58752.35
60913.49
66124.93
76758.85
0
0
0
0
-0.0224132
-0.001441693
3.785579e-05
7.797034e-05
0.0009641421
0.0001913247
0.3030438
0.009055828
1.574646e-05
-2.32543e-07
-3.636632e-07
1.520879e-06
7.597823e-07
7.795679e-07
8.019196e-07
9.919378e-07
5.957763e-07
4.214504e-07
-2.451373e-07
-0.7528018
41.92941
40.58522
39.51329
37.70979
35.54121
0
0
0
0
0
47111.3
48041.25
49829.62
53697.46
61881.51
-0.0001615735
0
0
0
-0.02280905
0.006797645
3.846406e-05
7.777289e-05
0.0008996152
0.0001904555
0.3030401
0.009059701
1.57947e-05
-2.268838e-07
-3.554875e-07
1.498864e-06
7.332407e-07
7.446148e-07
7.454432e-07
8.336367e-07
9.104652e-07
5.780754e-07
-2.560362e-07
-0.7479909
42.05568
40.71112
39.64479
37.84626
35.68494
0
0
0
0
0
38105.63
39341.65
41065.66
44111.25
50246.98
3.429267e-05
6.891956e-05
0
0
-0.003652111
0.006287208
3.974845e-05
7.82662e-05
0.0008062395
0.0001896425
0.303018
0.009077292
1.563947e-05
-2.125192e-07
-3.413883e-07
1.50873e-06
6.795747e-07
6.845894e-07
6.751892e-07
7.399465e-07
7.169652e-07
8.533815e-07
-2.810359e-07
-0.7366352
42.21392
40.87447
39.80989
38.01491
35.85988
0
0
0
0
0
30615.66
32159.43
33911.77
36518.13
41279.98
-0.0001254476
-0.0001664974
-0.000134395
0
-0.003368347
0.006601356
3.986308e-05
7.931894e-05
0.0006912841
0.0001890566
0.3029862
0.009098666
1.515762e-05
-1.877486e-07
-3.201974e-07
1.561989e-06
5.961973e-07
5.966715e-07
5.813119e-07
6.369981e-07
5.904722e-07
6.290023e-07
-3.417629e-07
-0.7171999
42.40913
41.0785
40.0136
38.21981
36.0718
0
0
0
0
0
24298.32
26143.71
27960.93
30288.16
34164.91
3.617177e-05
-7.852229e-06
-0.0001468912
-7.996358e-05
-0.00414987
0.002897966
3.946139e-05
8.158182e-05
0.0005804156
0.0001892325
0.3022422
0.009781319
3.533366e-05
-1.458615e-07
-2.858249e-07
1.684959e-06
4.778123e-07
4.782623e-07
4.624852e-07
5.18072e-07
4.608247e-07
4.762851e-07
-2.815722e-07
-0.711062
42.67605
41.33502
40.26351
38.46937
36.32922
0
0
0
0
0
18907.34
21032.1
22937.3
25073.83
28308.6
-0.0001092435
9.317732e-05
-2.75596e-05
0.0001397615
-8.231284e-05
0.007536496
4.101188e-05
8.510882e-05
0.0004776724
0.0001908577
0.3003045
0.008967085
1.274167e-05
-7.800046e-08
-2.816072e-07
1.906951e-06
3.220702e-07
3.297364e-07
3.222565e-07
3.873414e-07
3.23499e-07
3.305557e-07
-2.532632e-07
-0.7448202
43.09151
41.73148
40.62069
38.82354
36.70461
0
0
0
0
0
14230.98
16645.45
18640.06
20652.05
23394.24
0.0001004161
4.38881e-05
-5.254113e-05
-0.0002112588
-4.84082e-05
1.292983e-05
0
0
0
0
0
0
0
0
7.828904e-07
9.26976e-08
1.398391e-07
1.713808e-07
1.787516e-07
2.532559e-07
1.909514e-07
1.949999e-07
-2.378582e-07
-0.7769194
43.85846
42.4867
41.30346
39.4747
37.39945
0
0
0
0
0
10154.82
12839.42
14956.37
16874.13
19243.23
-0.000125811
0.0001059228
-4.218412e-05
1.684741e-05
-2.464738e-05
4.446371e-06
-5.106586e-06
0
0
0
0
0
0
0
-6.609088e-09
1.822539e-08
5.035778e-08
7.448846e-08
8.076571e-08
1.641891e-07
9.988687e-08
1.025234e-07
-2.50454e-07
-0.8482538
44.98579
43.57054
42.30786
40.43145
38.37495
0
0
0
0
0
6522.923
9559.301
11826.15
13709.62
15778.91
-0.0002348305
0.0002674186
0.000186321
3.392401e-05
6.905737e-05
-2.735379e-05
1.060375e-05
-1.368164e-05
0
0
0
0
0
0
-3.220541e-09
-7.883876e-09
1.85975e-09
1.705164e-08
1.862253e-08
1.093134e-07
4.298212e-08
4.497894e-08
-2.887107e-07
-0.9459563
46.56209
45.09412
43.72198
41.80319
39.74192
0
0
0
0
0
3163.377
6735.649
9150.771
11044.46
12906.32
-4.327501e-05
-0.0001003439
-0.0001672628
-0.0001144614
1.197666e-08
-3.78625e-06
-3.219188e-06
7.688317e-07
-2.269146e-07
0
0
0
0
0
-1.276217e-09
-3.587781e-09
-6.534212e-09
-9.710473e-09
-1.300278e-08
7.79928e-08
1.013004e-08
1.145549e-08
-3.741411e-07
-1.099487
48.80084
47.25391
45.7252
43.73341
41.69846
0
0
0
0
0
-145.2072
4099.045
6881.276
8773.652
10489.56
4.740995e-05
7.643722e-05
1.810598e-05
5.716366e-05
-5.133028e-05
5.235819e-06
-1.022507e-05
-2.522471e-06
2.477207e-06
-1.594503e-06
0
0
0
0
-1.319207e-10
-1.177396e-09
-2.949637e-09
-5.190574e-09
-7.799199e-09
4.226183e-08
-1.100182e-08
-1.198113e-08
-3.963389e-07
-1.116956
51.69751
50.24138
48.48479
46.3744
44.34926
0
0
0
0
0
-3720.907
1489.421
4744.394
6850.382
8418.295
5.158366e-05
5.997084e-05
7.302328e-07
0.0001687033
-5.517798e-05
-7.412385e-06
-1.130795e-05
-1.347231e-05
-1.033899e-05
8.402103e-07
0
0
0
0
0
0
0
0
0
0
0
0
0
0
0
0
1.013884e-08
2.104877e-08
3.234631e-08
4.441698e-08
5.755209e-08
6.781786e-08
6.688635e-08
6.646744e-08
-2.946609e-07
-1.000211
47.4914
45.8877
44.11417
41.96872
39.78693
0
0
0
0
0
0
0
0
0
0
0
0
0
0
0
0
0
0
7.696495e-09
1.880893e-08
2.990169e-08
4.188075e-08
5.509411e-08
6.596781e-08
6.52345e-08
6.526702e-08
-2.872024e-07
-1.022267
45.58326
43.95793
42.40047
40.36277
38.25762
0
0
0
0
0
0
0
0
0
0
0
0
0
0
0
0
0
0
0
-7.237764e-10
1.233419e-08
2.350348e-08
3.50247e-08
4.804313e-08
5.926832e-08
5.933261e-08
6.014387e-08
-2.153265e-07
-0.9159227
44.10542
42.59444
41.19523
39.23802
37.12239
0
0
0
0
0
0
0
0
0
0
0
0
0
0
0
0
0
0
0
0
3.876472e-08
1.215092e-08
9.286551e-09
2.154974e-08
3.43085e-08
4.619633e-08
4.768475e-08
4.978927e-08
-1.804929e-07
-0.8497931
43.11389
41.66429
40.39695
38.4966
36.36794
0
0
0
0
0
132244.3
0
0
0
0
0
0
0
0
0
0
0
0
0
0
0
8.238429e-07
2.290393e-07
1.314393e-07
5.509935e-08
1.095962e-08
2.448289e-08
2.823072e-08
3.244807e-08
-1.645053e-07
-0.8015854
42.44975
41.05264
39.86516
38.01443
35.86771
0
0
0
0
0
108741.3
107908.9
0
0
0
0
0
-0.01744322
0.003677275
4.102514e-05
8.486184e-05
0.001039884
0.0001969957
0.3004206
0.008950906
1.213006e-05
-1.02436e-07
-3.319954e-07
2.033919e-06
5.599418e-07
3.082606e-07
1.520656e-07
1.39354e-07
3.129997e-08
7.187264e-09
-1.695999e-07
-0.7853305
42.06319
40.68492
39.56033
37.72421
35.56218
0
0
0
0
0
87779.04
88631.15
91325.56
0
0
0
0
0
-0.01413059
0.006792656
4.085346e-05
8.284589e-05
0.001047802
0.0001943124
0.302308
0.009757363
3.508496e-05
-1.733118e-07
-3.259819e-07
1.791468e-06
6.229525e-07
7.408655e-07
4.16887e-07
3.028004e-07
1.741902e-07
1.314092e-07
-1.862121e-07
-0.7623139
41.94125
40.58727
39.48941
37.66745
35.49257
0
0
0
0
0
71108.74
71761.41
74617.46
80886.05
0
0
0
0
0
-0.01126848
-0.0003670059
3.87852e-05
8.022505e-05
0.001017916
0.0001928649
0.3030271
0.009073286
1.490814e-05
-2.084976e-07
-3.503381e-07
1.639075e-06
6.889204e-07
7.244656e-07
8.349664e-07
5.552645e-07
3.247246e-07
2.588036e-07
-2.124879e-07
-0.7558557
41.93149
40.58574
39.50191
37.68923
35.51859
0
0
0
0
0
57807.09
58474.09
60617.64
65781.63
76235.84
0
0
0
0
-0.0202194
0.005043345
3.706381e-05
7.856399e-05
0.0009716379
0.0001916865
0.3030336
0.009064685
1.550694e-05
-2.242546e-07
-3.576442e-07
1.549728e-06
7.269021e-07
7.438392e-07
7.639481e-07
9.529968e-07
5.54085e-07
3.830654e-07
-2.364785e-07
-0.7551614
41.97406
40.6288
39.5554
37.75124
35.58389
0
0
0
0
0
46994.24
47924.15
49709.06
53568.67
61728.28
-0.000130346
0
0
0
-0.0236507
0.005647657
3.661156e-05
7.775466e-05
0.0008995998
0.0001904541
0.3030401
0.009059698
1.579443e-05
-2.270661e-07
-3.556412e-07
1.498864e-06
7.33241e-07
7.44615e-07
7.454433e-07
8.336381e-07
9.104647e-07
5.780765e-07
-2.560361e-07
-0.7479909
42.05568
40.71112
39.64479
37.84626
35.68494
0
0
0
0
0
38105.63
39341.65
41065.66
44111.25
50246.98
-0.0001455014
0.0001184622
0
0
-0.0229936
0.005573761
3.940115e-05
7.75271e-05
0.0007903454
0.000189093
0.3030358
0.009065092
1.585739e-05
-2.205562e-07
-3.4671e-07
1.47757e-06
7.100735e-07
7.177125e-07
7.106586e-07
7.769078e-07
7.546623e-07
8.914134e-07
-2.91078e-07
-0.7342767
42.1701
40.83141
39.76836
37.97391
35.81734
0
0
0
0
0
30712.92
32256.13
34009.68
36617.27
41384.27
5.627958e-05
-8.901819e-06
-0.0001745984
0
-0.02237024
-0.004924873
3.902965e-05
7.788258e-05
0.0006305393
0.0001875363
0.3030053
0.009088651
1.575034e-05
-2.057184e-07
-3.320149e-07
1.48726e-06
6.583835e-07
6.622507e-07
6.495889e-07
7.068095e-07
6.62099e-07
7.013616e-07
-3.602669e-07
-0.7132883
42.32054
40.98986
39.92811
38.13503
35.98364
0
0
0
0
0
24483.44
26327.21
28146.15
30474.43
34355.89
-8.822696e-06
0.0001649982
1.927277e-05
2.68801e-05
-0.02351248
-0.02369344
3.827474e-05
7.892948e-05
0.0004235524
0.0001859974
0.3029605
0.009115191
1.530007e-05
-1.796207e-07
-3.105079e-07
1.539993e-06
5.760598e-07
5.774096e-07
5.613659e-07
6.144835e-07
5.603314e-07
5.770749e-07
-3.034572e-07
-0.6969428
42.53072
41.19399
40.12693
38.33467
36.1885
0
0
0
0
0
19174.68
21295.31
23201.12
25338.49
28578.2
6.290311e-05
-7.603005e-05
-1.711503e-05
7.34497e-05
3.147869e-05
-0.02749149
3.292784e-05
8.108999e-05
0.0002057783
0.0001851463
0.3021977
0.009795531
3.541665e-05
-1.379469e-07
-2.757222e-07
1.663573e-06
4.587977e-07
4.611228e-07
4.464776e-07
5.02141e-07
4.421313e-07
4.500486e-07
-2.699469e-07
-0.710371
42.81142
41.47407
40.37627
38.57947
36.44065
0
0
0
0
0
14576.45
16978.95
18971.07
20980.67
23731.87
-7.15525e-05
-1.622683e-05
-3.555788e-05
8.032358e-06
-0.0002127531
-3.048518e-06
3.923286e-05
8.28794e-05
0.000113487
0.0001861199
0.3002074
0.008973592
1.284898e-05
-7.332094e-08
-2.590074e-07
1.889114e-06
3.055248e-07
3.148423e-07
3.090309e-07
3.758007e-07
3.117679e-07
3.161992e-07
-2.481595e-07
-0.7468491
43.24816
41.88826
40.75637
38.9336
36.81305
0
0
0
0
0
10564.78
13216.6
15322.44
17235.44
19613.1
-0.0001167421
-0.0002583296
-0.000162164
0.0001194587
6.254084e-05
4.500299e-06
-7.683274e-07
0
0
0
0
0
0
0
7.773865e-07
8.325702e-08
1.282071e-07
1.593524e-07
1.677926e-07
2.443046e-07
1.833977e-07
1.873477e-07
-2.355183e-07
-0.7791008
44.0218
42.65103
41.46533
39.61168
37.51165
0
0
0
0
0
6895.775
9933.932
12144.14
14014.85
16086.38
-6.311272e-05
8.963539e-05
-2.432019e-05
0.0001220773
-9.435474e-05
-2.033515e-06
8.531812e-06
1.539147e-05
0
0
0
0
0
0
-5.390985e-09
1.161065e-08
4.132915e-08
6.43251e-08
7.088803e-08
1.562667e-07
9.394272e-08
9.796517e-08
-2.493951e-07
-0.8508587
45.15672
43.74171
42.48067
40.6062
38.51667
0
0
0
0
0
3476.556
7009.132
9406.249
11275.96
13131.71
-0.0001354359
0.000195725
-8.935148e-05
-0.0003097203
3.637199e-05
-6.088653e-06
1.975269e-05
1.470322e-05
-3.419824e-06
0
0
0
0
0
-2.261992e-09
-6.199238e-09
-6.606393e-09
8.005764e-09
9.414802e-09
1.013013e-07
3.714349e-08
4.104184e-08
-2.881626e-07
-0.9488854
46.74149
45.27722
43.90716
41.99156
39.93983
0
0
0
0
0
93.23448
4302.426
7060.573
8937.175
10643.22
-0.0001566591
0.0002211847
0.0001450201
0.0002507059
8.711949e-05
9.725103e-07
6.887911e-06
4.43436e-06
-2.179931e-06
-3.090269e-06
0
0
0
0
-4.981071e-10
-2.201662e-09
-4.605437e-09
-7.413173e-09
-1.054104e-08
6.754869e-08
1.939341e-09
6.925783e-09
-3.738156e-07
-1.103093
48.98596
47.45111
45.92664
43.93991
41.91429
0
0
0
0
0
-3562.525
1628.694
4868.079
6961.934
8523.512
-6.636732e-06
4.044201e-06
-8.39667e-05
7.346762e-05
1.54062e-05
4.653375e-06
-2.026363e-06
-9.894497e-06
-4.948923e-06
-5.27942e-06
0
0
0
0
4.836186e-10
-1.847782e-11
-1.276032e-09
-3.081819e-09
-5.416324e-09
3.032425e-08
-9.103077e-09
-1.058046e-08
-3.955576e-07
-1.120429
51.88907
50.45036
48.70624
46.60411
44.58937
0
0
0
0
0
-7954.461
-1282.711
2695.45
5100.204
6731.178
8.161884e-07
-6.903372e-05
7.334995e-05
0.0001426759
-0.0001881167
-2.962746e-05
-6.605697e-06
1.517656e-05
7.319538e-06
1.05441e-05
0
0
0
0
0
0
0
0
0
0
0
0
0
0
0
0
0
8.026045e-09
1.956756e-08
3.082798e-08
4.27013e-08
5.561503e-08
6.584373e-08
6.502901e-08
6.479505e-08
-3.11996e-07
-1.032234
47.8673
46.26905
44.48953
42.32212
40.19221
0
0
0
0
0
0
0
0
0
0
0
0
0
0
0
0
0
0
0
1.029804e-09
1.567196e-08
2.783285e-08
3.983574e-08
5.288309e-08
6.371309e-08
6.309574e-08
6.327972e-08
-3.010749e-07
-1.048837
45.88444
44.27068
42.71989
40.67986
38.56114
0
0
0
0
0
0
0
0
0
0
0
0
0
0
0
0
0
0
0
0
1.855703e-08
2.637098e-10
1.895893e-08
3.209266e-08
4.521126e-08
5.649404e-08
5.673126e-08
5.769935e-08
-2.258332e-07
-0.9371332
44.35454
42.84142
41.46606
39.51451
37.40022
0
0
0
0
0
129884.1
0
0
0
0
0
0
0
0
0
0
0
0
0
0
0
1.60489e-08
1.262931e-07
3.142281e-08
1.498557e-08
3.007978e-08
4.241432e-08
4.427452e-08
4.662274e-08
-1.891201e-07
-0.8674222
43.32561
41.87592
40.61395
38.73553
36.61478
0
0
0
0
0
107149.9
105532.5
0
0
0
0
0
0
0
0
0
0
0
0
0
0
0
8.113928e-07
1.71139e-07
3.131398e-07
1.390303e-07
1.144287e-08
1.88122e-08
2.342827e-08
2.811017e-08
-1.724078e-07
-0.8157186
42.63222
41.23446
40.05809
38.209
36.08222
0
0
0
0
0
86572
87262.32
89212.99
0
0
0
0
0
-0.02396005
0.002194533
4.395713e-05
8.465973e-05
0.001037235
0.0001969232
0.3004173
0.008952341
1.220459e-05
-9.973555e-08
-3.266977e-07
1.99554e-06
4.503761e-07
5.675084e-07
2.687242e-07
1.783717e-07
5.629846e-08
2.130744e-08
-1.775658e-07
-0.7964848
42.22308
40.84297
39.72808
37.90133
35.74096
0
0
0
0
0
70359.6
70981.84
73710.32
79477.07
0
0
0
0
0
-0.01563927
-0.001334653
4.21186e-05
8.272298e-05
0.001037905
0.0001941552
0.3023045
0.009759059
3.511484e-05
-1.69928e-07
-3.190531e-07
1.765907e-06
5.736811e-07
6.077367e-07
7.17035e-07
4.407826e-07
2.202284e-07
1.611709e-07
-1.943868e-07
-0.7700389
42.08609
40.7314
39.64133
37.82687
35.66084
0
0
0
0
0
57369.71
58032.24
60147.11
65232.2
75368.94
0
0
0
0
-0.02210853
-0.001575128
3.891795e-05
7.98713e-05
0.0009894571
0.0001924651
0.3030215
0.009076613
1.494663e-05
-2.045772e-07
-3.434183e-07
1.617565e-06
6.579405e-07
6.709374e-07
6.883572e-07
8.764856e-07
4.734299e-07
3.095127e-07
-2.200315e-07
-0.7591512
42.06612
40.71943
39.64249
37.837
35.67288
0
0
0
0
0
46751.68
47683.37
49460.21
53302.05
61407.97
0.0001640007
0
0
0
-0.02517586
0.003302647
3.956173e-05
7.818337e-05
0.0009108693
0.0001908925
0.3030271
0.009069782
1.556262e-05
-2.189849e-07
-3.501337e-07
1.528893e-06
7.015879e-07
7.102112e-07
7.086176e-07
7.956055e-07
8.71888e-07
5.36914e-07
-2.468995e-07
-0.7503455
42.10003
40.75446
39.68657
37.88757
35.72759
0
0
0
0
0
38000.02
39236.38
40958.52
44000.82
50125.92
-8.92006e-05
0.0001078405
0
0
-0.02500379
0.006329889
3.905128e-05
7.734192e-05
0.0007903324
0.0001890887
0.3030358
0.009065092
1.585743e-05
-2.206287e-07
-3.468391e-07
1.47757e-06
7.100737e-07
7.177127e-07
7.106586e-07
7.76906e-07
7.546611e-07
8.91414e-07
-2.910783e-07
-0.7342767
42.1701
40.83141
39.76836
37.97391
35.81734
0
0
0
0
0
30712.92
32256.13
34009.68
36617.27
41384.27
0.0001388779
0.0002507713
8.334423e-06
0
-0.01206376
0.007988639
3.844813e-05
7.727222e-05
0.0006110732
0.0001868358
0.3030305
0.009072852
1.594411e-05
-2.133394e-07
-3.367252e-07
1.454963e-06
6.877794e-07
6.941647e-07
6.837185e-07
7.423949e-07
6.987425e-07
7.385288e-07
-3.697499e-07
-0.7109628
42.27775
40.94731
39.88688
38.09428
35.9414
0
0
0
0
0
24574.39
26417.66
28237.46
30565.97
34449.9
0.0002127534
-0.0001189476
-0.0001341214
0.0001590901
-0.01397205
-0.005797002
3.380417e-05
7.74156e-05
0.000349547
0.0001839612
0.3029874
0.009105682
1.591441e-05
-1.971493e-07
-3.211107e-07
1.462836e-06
6.360434e-07
6.407619e-07
6.272211e-07
6.816948e-07
6.294053e-07
6.47511e-07
-3.212676e-07
-0.6931816
42.44511
41.10717
40.04231
38.25062
36.10073
0
0
0
0
0
19349.54
21468.67
23375.62
25512.63
28755.33
0.0001125592
-9.703537e-05
-0.0002530949
0.000165533
6.038777e-05
-0.01439468
2.044426e-05
7.857085e-05
0.0001078747
0.0001806216
0.3029214
0.009140437
1.551375e-05
-1.705621e-07
-2.989365e-07
1.514503e-06
5.534874e-07
5.570129e-07
5.421124e-07
5.951316e-07
5.381376e-07
5.474656e-07
-2.910738e-07
-0.6963219
42.66792
41.33781
40.24162
38.44599
36.30096
0
0
0
0
0
14832.76
17229.55
19221.78
21229.29
23984.11
-0.0001513093
-0.0001325889
-4.500573e-05
3.267094e-05
7.210878e-05
-1.151247e-05
-1.245418e-06
7.998218e-05
0.0001095417
0.0001777464
0.3020987
0.009817885
3.554005e-05
-1.298281e-07
-2.618568e-07
1.639559e-06
4.368862e-07
4.41729e-07
4.292481e-07
4.867048e-07
4.26453e-07
4.316961e-07
-2.637964e-07
-0.7123044
42.96884
41.63176
40.51559
38.69086
36.54922
0
0
0
0
0
10898.83
13539.06
15638.97
17547.36
19927.27
0.0001362779
4.703942e-05
6.944382e-05
0.0002169835
-4.603071e-05
-4.311548e-06
6.755912e-06
8.5645e-05
0.0001129376
0.000167938
0.2999993
0.008985123
1.300232e-05
-6.753572e-08
-2.191771e-07
1.869641e-06
2.869508e-07
2.974008e-07
2.936653e-07
3.628951e-07
3.004041e-07
3.04715e-07
-2.447868e-07
-0.748924
43.40745
42.04783
40.91467
39.06992
36.92279
0
0
0
0
0
7300.434
10313.73
12499.96
14359.64
16433.48
4.43041e-05
0.0001627382
0.0001634166
0.0001411093
-3.332329e-05
-2.358728e-06
-4.357482e-06
5.391998e-06
0
0
0
0
0
0
8.211397e-07
7.378714e-08
1.156051e-07
1.455651e-07
1.544877e-07
2.332451e-07
1.745365e-07
1.799476e-07
-2.336497e-07
-0.7812929
44.18451
42.81438
41.63146
39.77874
37.65014
0
0
0
0
0
3868.227
7354.43
9758.334
11574.63
13423.93
-0.0001468105
0.0001723207
-8.518744e-05
1.565397e-05
-5.556083e-05
-9.964606e-06
8.774882e-06
-2.126417e-05
-1.786451e-05
0
0
0
0
0
2.396582e-07
5.060518e-09
3.196488e-08
5.31206e-08
5.936739e-08
1.4602e-07
8.609337e-08
9.212752e-08
-2.482441e-07
-0.8531617
45.32455
43.91289
42.65353
40.78338
38.70163
0
0
0
0
0
433.6977
4593.455
7317.565
9177.098
10864.44
6.865698e-05
0.0001373151
-2.372846e-05
-5.952075e-05
0.0001937747
7.212992e-07
-9.587425e-06
1.310252e-05
-1.164782e-05
5.703529e-06
0
0
0
0
-1.376281e-09
-4.588944e-09
-8.355584e-09
-1.973081e-09
-1.169395e-09
8.954845e-08
2.915262e-08
3.528501e-08
-2.872031e-07
-0.9514846
46.90966
45.45707
44.09125
42.18064
40.13782
0
0
0
0
0
-3298.832
1852.738
5060.393
7130.83
8679.928
-0.0001839675
0.0001289141
-0.0002284802
-5.735619e-05
-0.000194829
-1.255818e-05
-7.664193e-06
-7.544306e-06
1.11607e-05
7.536615e-06
0
0
0
0
1.694804e-10
-9.26169e-10
-2.753552e-09
-5.073673e-09
-7.891509e-09
5.376282e-08
-1.165782e-08
-2.544909e-09
-3.727334e-07
-1.106398
49.15639
47.63699
46.12398
44.14481
42.12925
0
0
0
0
0
-7790.319
-1133.322
2827.297
5216.978
6838.089
-1.095927e-06
4.527713e-05
-8.791134e-05
0.0001350178
-3.02182e-05
-4.754537e-06
-3.554973e-06
-1.331605e-05
9.68819e-06
1.369797e-06
0
0
0
0
9.750593e-10
9.792958e-10
2.688664e-10
-1.051128e-09
-2.978666e-09
1.431694e-08
-6.878302e-09
-8.756909e-09
-3.939968e-07
-1.123117
52.06798
50.64408
48.91447
46.82862
44.82799
0
0
0
0
0
-14406.37
-4771.999
381.7244
3318.987
5101.34
-9.792471e-05
-2.513889e-05
6.082152e-05
-0.0001714974
-9.927822e-05
8.890543e-06
2.969822e-05
1.111741e-05
-2.022235e-05
1.995171e-06
0
0
0
0
0
0
0
0
0
0
0
0
0
0
0
0
0
0
1.736547e-09
1.670661e-08
2.898984e-08
4.089672e-08
5.365408e-08
6.383169e-08
6.311869e-08
6.301844e-08
-3.277798e-07
-1.060361
48.20851
46.62449
44.85342
42.68497
40.54178
0
0
0
0
0
0
0
0
0
0
0
0
0
0
0
0
0
0
0
0
9.636628e-09
4.526771e-09
2.391703e-08
3.741015e-08
5.055016e-08
6.141058e-08
6.091582e-08
6.12302e-08
-3.138814e-07
-1.072455
46.16011
44.55112
43.02026
40.9887
38.87323
0
0
0
0
0
128291.9
0
0
0
0
0
0
0
0
0
0
0
0
0
0
0
-2.701146e-09
8.408449e-08
2.460273e-09
2.672315e-08
4.188447e-08
5.352849e-08
5.405421e-08
5.52028e-08
-2.351866e-07
-0.9561904
44.58569
43.07208
41.70434
39.77638
37.67133
0
0
0
0
0
105888
103674.1
0
0
0
0
0
0
0
0
0
0
0
0
0
0
0
6.228665e-09
7.927577e-08
1.976494e-07
3.020725e-08
2.264214e-08
3.797234e-08
4.062496e-08
4.33503e-08
-1.967932e-07
-0.8824049
43.52018
42.07113
40.81887
38.94539
36.84828
0
0
0
0
0
85446.3
85989.19
87263.63
0
0
0
0
0
0
0
0
0
0
0
0
0
0
0
8.06408e-07
1.486939e-07
2.333051e-07
3.679112e-07
1.11616e-07
4.525602e-08
1.788885e-08
2.349898e-08
-1.793272e-07
-0.8272305
42.79891
41.40221
40.23468
38.39554
36.2719
0
0
0
0
0
69408.7
69995.61
72561.07
77635.89
0
0
0
0
0
-0.01332017
0.007882876
4.352765e-05
8.489804e-05
0.001031995
0.0001968397
0.3004139
0.008953656
1.227896e-05
-9.804401e-08
-3.213717e-07
1.976694e-06
4.089091e-07
4.486212e-07
5.623992e-07
3.029544e-07
9.590734e-08
4.621443e-08
-1.844654e-07
-0.8043996
42.3695
40.98969
39.88208
38.06349
35.91305
0
0
0
0
0
56746.51
57404.71
59477.36
64433.54
74058.51
0
0
0
0
-0.01133002
-0.0008540094
3.956964e-05
8.269619e-05
0.001017517
0.0001939411
0.3023002
0.009760784
3.514654e-05
-1.667658e-07
-3.133723e-07
1.748186e-06
5.465086e-07
5.581488e-07
5.758611e-07
7.662814e-07
3.594065e-07
2.070489e-07
-2.00834e-07
-0.7733511
42.22026
40.86485
39.78212
37.97358
35.81535
0
0
0
0
0
46370.34
47305.14
49069.62
52880.64
60895.72
8.826983e-05
0
0
0
-0.02027156
0.004919148
3.775124e-05
7.967549e-05
0.0009387468
0.0001918225
0.3030139
0.009081261
1.499553e-05
-1.997557e-07
-3.366992e-07
1.599066e-06
6.349993e-07
6.398599e-07
6.352312e-07
7.212072e-07
7.962385e-07
4.574605e-07
-2.295048e-07
-0.7543132
42.19129
40.84465
39.77329
37.97315
35.81617
0
0
0
0
0
37782.85
39019.88
40739.68
43773.92
49875.68
6.010511e-05
-0.0001219545
0
0
-0.01675342
0.007707498
3.89971e-05
7.816808e-05
0.0008061922
0.0001896324
0.303018
0.009077292
1.563973e-05
-2.127498e-07
-3.417711e-07
1.50873e-06
6.795755e-07
6.845898e-07
6.751898e-07
7.399439e-07
7.169658e-07
8.533825e-07
-2.810362e-07
-0.7366352
42.21392
40.87447
39.80989
38.01491
35.85988
0
0
0
0
0
30615.66
32159.43
33911.77
36518.13
41279.98
-6.905479e-05
1.183576e-05
-0.0001906038
0
-0.01642313
0.00978951
3.881095e-05
7.724061e-05
0.0006110552
0.0001868297
0.3030305
0.009072855
1.594422e-05
-2.132725e-07
-3.367797e-07
1.454963e-06
6.877798e-07
6.941652e-07
6.837185e-07
7.423941e-07
6.987443e-07
7.38528e-07
-3.697503e-07
-0.7109628
42.27775
40.94731
39.88688
38.09428
35.9414
0
0
0
0
0
24574.39
26417.66
28237.47
30565.97
34449.9
-4.486496e-05
-9.96622e-05
-0.0002116809
-2.044828e-05
-0.01759428
-0.01640056
3.719684e-05
7.681508e-05
0.0003325538
0.0001830792
0.3030236
0.009083924
1.606721e-05
-2.045312e-07
-3.253292e-07
1.429341e-06
6.643278e-07
6.715285e-07
6.600816e-07
7.159049e-07
6.646913e-07
6.836474e-07
-3.304459e-07
-0.6909366
42.40372
41.06568
40.00161
38.21015
36.0587
0
0
0
0
0
19435.68
21554.39
23462.14
25598.82
28842.51
-6.940295e-05
-0.0001119296
7.899934e-06
0.000143327
-0.0001059492
-0.03691368
1.298577e-05
7.700783e-05
0.0001066161
0.0001779758
0.3029637
0.009129601
1.615574e-05
-1.875684e-07
-3.084601e-07
1.43471e-06
6.111047e-07
6.181216e-07
6.056621e-07
6.598573e-07
6.046301e-07
6.153938e-07
-3.083425e-07
-0.6926584
42.58409
41.25393
40.1589
38.36279
36.21384
0
0
0
0
0
15001.13
17395.29
19388.48
21394.7
24150.34
-0.0001489515
5.25802e-05
1.540114e-05
0.0004292122
-0.0001194538
1.232092e-06
-0.001149849
7.848844e-05
0.0001070505
0.0001631366
0.3028273
0.009175657
1.583147e-05
-1.606176e-07
-2.867649e-07
1.486071e-06
5.276415e-07
5.341206e-07
5.216174e-07
5.764107e-07
5.190878e-07
5.256683e-07
-2.840328e-07
-0.6982517
42.82807
41.49722
40.38576
38.55934
36.41066
0
0
0
0
0
11121.95
13782.29
15880.08
17785.33
20164.99
-0.0002160967
0.0002073986
9.924657e-05
9.64974e-05
-4.310454e-05
1.901688e-05
1.714355e-05
8.062767e-05
0.0001104922
0.0001629001
0.3018959
0.009869023
3.572184e-05
-1.19843e-07
-2.445797e-07
1.613726e-06
4.125342e-07
4.192976e-07
4.096001e-07
4.698591e-07
4.112506e-07
4.163304e-07
-2.593649e-07
-0.7142754
43.12792
41.79197
40.67467
38.83073
36.66013
0
0
0
0
0
7641.351
10629.14
12808.97
14659.9
16732.46
0.0001108835
-0.0001240546
0.0001350651
-9.311414e-06
-0.0001569916
-8.570715e-07
9.445013e-06
1.100006e-05
0.01379588
0.0001651507
0.2994352
0.00900798
1.324385e-05
-6.208077e-08
-1.279277e-07
1.848563e-06
2.671038e-07
2.776892e-07
2.75486e-07
3.476056e-07
2.876754e-07
2.935824e-07
-2.419187e-07
-0.751015
43.56546
42.20682
41.07625
39.23278
37.06007
0
0
0
0
0
4291.992
7733.878
10119.65
11911.74
13755.71
-2.027712e-05
-0.0001194264
-7.840261e-05
1.147669e-05
-4.690709e-05
6.309528e-07
1.131164e-05
7.263004e-06
-1.521759e-05
0
0
0
0
0
2.420656e-06
6.518117e-08
1.026336e-07
1.305691e-07
1.392866e-07
2.195532e-07
1.636058e-07
1.712493e-07
-2.317289e-07
-0.7832018
44.34511
42.97706
41.79687
39.94895
37.82619
0
0
0
0
0
859.6246
4960.927
7645.247
9509.819
11150.9
-8.268739e-05
0.0003701642
-0.0001454093
0.0001169854
1.335954e-05
-3.067714e-06
1.24818e-05
-1.833703e-05
1.384059e-05
1.253408e-05
0
0
0
0
4.810019e-07
-9.902518e-10
2.266695e-08
4.145661e-08
4.674259e-08
1.319531e-07
7.592653e-08
8.438952e-08
-2.46697e-07
-0.8552207
45.48068
44.08089
42.82624
40.9601
38.88749
0
0
0
0
0
-2920.564
2174.084
5336.675
7373.586
8909.753
-9.881228e-05
-6.256482e-05
-0.0001481738
-5.364689e-06
-1.277287e-05
1.58095e-06
6.797534e-06
2.374528e-05
-1.484135e-05
4.923257e-07
0
0
0
0
-6.033908e-10
-3.10944e-09
-6.187863e-09
-9.569537e-09
-1.326703e-08
7.452469e-08
1.909598e-08
2.739138e-08
-2.855974e-07
-0.9538146
47.06549
45.6258
44.27201
42.36826
40.3345
0
0
0
0
0
-7502.745
-880.8874
3041.495
5399.424
6999.988
1.948793e-05
0.0001262852
-5.053984e-05
-2.587538e-05
-6.778861e-06
2.516888e-05
3.978706e-06
1.65113e-05
4.984678e-06
-1.139108e-05
0
0
0
0
7.010147e-10
1.700212e-10
-1.046849e-09
-2.824931e-09
-5.189352e-09
3.957443e-08
-9.45612e-09
-1.143694e-08
-3.709298e-07
-1.108866
49.31484
47.8082
46.31018
44.34537
42.34202
0
0
0
0
0
-14252.67
-4613.19
525.0518
3444.336
5213.498
-7.807325e-05
3.62803e-05
-3.503394e-05
0.0001039728
-0.0001078025
9.969164e-07
1.42597e-05
-1.067454e-05
6.938037e-06
-7.3874e-06
0
0
0
0
1.282709e-09
1.780615e-09
1.600654e-09
8.263679e-10
-6.295997e-10
-1.457026e-09
-4.471786e-09
-6.619728e-09
-3.908162e-07
-1.124947
52.2206
50.82486
49.10776
47.03998
45.06114
0
0
0
0
0
-25776.25
-10292.86
-2578.342
1294.153
3441.229
-2.546391e-05
9.828416e-06
0.0001302243
-8.446228e-05
2.538826e-05
7.028402e-06
-1.783858e-05
-1.576572e-05
2.123535e-06
1.469573e-05
0
0
0
0
0
0
0
0
0
0
0
0
0
0
0
0
0
0
0
6.925589e-09
6.203197e-09
2.545034e-08
3.875434e-08
5.159886e-08
6.178708e-08
6.117158e-08
6.118403e-08
-3.423464e-07
-1.085303
48.51781
46.94809
45.19264
43.0366
40.89958
0
0
0
0
0
127458.4
0
0
0
0
0
0
0
0
0
0
0
0
0
0
0
-1.080452e-08
6.364553e-08
8.661034e-09
3.281411e-08
4.780821e-08
5.89646e-08
5.868682e-08
5.913687e-08
-3.252089e-07
-1.093631
46.41405
44.80866
43.2896
41.27904
39.1767
0
0
0
0
0
105025.7
102422.3
0
0
0
0
0
0
0
0
0
0
0
0
0
0
0
-1.065775e-08
3.913279e-08
1.407697e-07
6.227719e-09
3.576181e-08
5.001848e-08
5.118841e-08
5.263101e-08
-2.433351e-07
-0.9724357
44.79523
43.2869
41.92685
40.00681
37.92786
0
0
0
0
0
84555.1
84984.85
85746.52
0
0
0
0
0
0
0
0
0
0
0
0
0
0
0
2.148827e-09
6.118534e-08
1.277235e-07
2.507257e-07
-7.578899e-10
3.009295e-08
3.634296e-08
3.984207e-08
-2.032526e-07
-0.8946718
43.69749
42.25085
41.0079
39.14355
37.05337
0
0
0
0
0
68524.67
69084.32
71502.28
75948.9
0
0
0
0
0
0
0
0
0
0
0
0
0
0
0
8.041765e-07
1.378979e-07
2.032795e-07
2.686177e-07
3.934787e-07
1.545995e-07
8.503461e-09
1.817364e-08
-1.84939e-07
-0.835441
42.95213
41.55584
40.39767
38.5663
36.45361
0
0
0
0
0
55963.6
56618.36
58637.53
63421.35
72329.29
0
0
0
0
-0.01499888
-0.0004892984
4.496155e-05
8.480922e-05
0.001017553
0.0001967162
0.3004098
0.008954762
1.235205e-05
-9.629592e-08
-3.172367e-07
1.964648e-06
3.872661e-07
4.05055e-07
4.306648e-07
6.284727e-07
2.218587e-07
8.575921e-08
-1.894747e-07
-0.8078862
42.50471
41.12463
40.02515
38.21251
36.07057
0
0
0
0
0
45834.37
46775.01
48522.41
52284.17
60149.03
9.71718e-05
0
0
0
-0.02226527
-0.00249255
3.969507e-05
8.231425e-05
0.0009807672
0.0001934998
0.3022934
0.009762862
3.518105e-05
-1.627747e-07
-3.077918e-07
1.733236e-06
5.270292e-07
5.307444e-07
5.259229e-07
6.150081e-07
6.867121e-07
3.455731e-07
-2.089285e-07
-0.7685344
42.34424
40.98971
39.91266
38.10972
35.95759
0
0
0
0
0
37442.6
38683.92
40399.93
43420.21
49480.65
-8.944994e-05
-8.692309e-05
0
0
-0.02501141
0.002730102
3.99884e-05
7.93346e-05
0.0008487822
0.0001907872
0.3030029
0.00908811
1.506272e-05
-1.941248e-07
-3.29098e-07
1.581156e-06
6.152269e-07
6.166878e-07
6.043701e-07
6.675541e-07
6.433729e-07
7.790005e-07
-2.617575e-07
-0.7406259
42.30431
40.96394
39.89614
38.10013
35.94833
0
0
0
0
0
30416.95
31962.07
33711.75
36316.46
41066.02
-9.886814e-06
-0.0001788794
-0.0001890396
0
-0.02463833
0.001722716
3.921407e-05
7.781542e-05
0.0006305214
0.000187517
0.3030053
0.009088654
1.57506e-05
-2.054611e-07
-3.321662e-07
1.487261e-06
6.583841e-07
6.622511e-07
6.495896e-07
7.068064e-07
6.621014e-07
7.013611e-07
-3.602685e-07
-0.7132883
42.32054
40.98986
39.92811
38.13503
35.98364
0
0
0
0
0
24483.44
26327.21
28146.15
30474.43
34355.89
9.204944e-05
-5.802681e-05
7.023504e-05
0.000184412
-0.01563207
-0.0121413
3.721218e-05
7.684616e-05
0.0003325598
0.0001830751
0.3030236
0.009083924
1.606691e-05
-2.0447e-07
-3.252895e-07
1.429342e-06
6.64328e-07
6.715286e-07
6.600816e-07
7.159042e-07
6.646906e-07
6.836461e-07
-3.304443e-07
-0.6909366
42.40372
41.06568
40.00161
38.21015
36.0587
0
0
0
0
0
19435.68
21554.39
23462.14
25598.82
28842.51
-1.916981e-05
2.88843e-05
3.006477e-05
0.0001990371
-4.802783e-05
-0.01619553
1.869846e-05
7.68229e-05
0.0001060868
0.0001770086
0.3030135
0.009098584
1.62424e-05
-1.948256e-07
-3.12296e-07
1.39993e-06
6.382031e-07
6.477431e-07
6.373249e-07
6.927557e-07
6.385505e-07
6.501897e-07
-3.172325e-07
-0.6904541
42.54377
41.21382
40.11928
38.32282
36.17206
0
0
0
0
0
15084.39
17477.42
19471.34
21476.98
24232.71
5.862992e-05
-6.071106e-05
0.0001120069
-0.0001112549
-2.470567e-05
6.21336e-06
0.004648419
7.729634e-05
0.0001058477
0.0001622209
0.3029083
0.009157478
1.649295e-05
-1.767102e-07
-2.952108e-07
1.403494e-06
5.826571e-07
5.928406e-07
5.828702e-07
6.387713e-07
5.831138e-07
5.910552e-07
-3.006438e-07
-0.6946379
42.74598
41.41498
40.30598
38.47803
36.32433
0
0
0
0
0
11267.58
13943.62
16040.94
17944.42
20323.38
-0.0001266266
-0.0001111917
-0.000119237
0.0001769437
-0.00018983
4.088103e-06
1.168981e-05
6.225297e-05
0.0001117436
0.0001607223
0.3025132
0.00924941
1.625813e-05
-1.48507e-07
-2.723752e-07
1.455824e-06
4.990041e-07
5.078445e-07
4.985001e-07
5.562867e-07
5.006463e-07
5.069724e-07
-2.786948e-07
-0.7002445
42.98873
41.66003
40.54646
38.70388
36.52342
0
0
0
0
0
7894.699
10844.03
13045.16
14890.17
16960.64
9.475177e-05
0.0002411512
-0.0001075955
6.002641e-07
-1.847525e-05
2.529124e-06
-5.659772e-06
-3.652384e-05
0.01513295
0.0001597096
0.3010354
0.009949281
3.614042e-05
-1.087075e-07
-2.13959e-07
1.58731e-06
3.865559e-07
3.943139e-07
3.866995e-07
4.503724e-07
3.946521e-07
4.014316e-07
-2.554758e-07
-0.7162369
43.28641
41.95065
40.83687
38.99388
36.80056
0
0
0
0
0
4646.683
8058.825
10424.48
12206.58
14044.16
1.442178e-05
6.386395e-05
3.44552e-06
-0.0002045653
-5.451487e-05
1.650306e-06
-6.100967e-06
-1.4158e-05
-7.62864e-06
0.0099201
0.2959724
0.009060169
1.371016e-05
-5.556688e-08
-7.574666e-08
1.905452e-06
2.474083e-07
2.564934e-07
2.548731e-07
3.292475e-07
2.726029e-07
2.810882e-07
-2.390201e-07
-0.7528097
43.72096
42.36447
41.23751
39.39813
37.23081
0
0
0
0
0
1318.519
5362.828
8009.368
9853.896
11475.74
1.179294e-05
2.538987e-05
-9.034856e-05
2.059755e-05
-7.289393e-05
-1.043489e-05
-1.80424e-06
-1.459268e-05
-1.82636e-05
0.001634483
0
0
0
0
1.988541e-06
6.776254e-07
8.981526e-08
1.150999e-07
1.227578e-07
2.018529e-07
1.500583e-07
1.604786e-07
-2.29397e-07
-0.784927
44.49375
43.1376
41.96148
40.11805
38.00413
0
0
0
0
0
-2446.88
2579.517
5688.496
7685.026
9229.379
-0.00015479
0.0001423778
-0.000337263
1.648212e-05
-4.782275e-05
4.366658e-06
-7.246307e-06
2.691767e-06
1.949633e-05
-6.886151e-06
0
0
0
0
5.062742e-07
-5.341242e-09
1.386553e-08
2.983959e-08
3.35315e-08
1.146278e-07
6.351738e-08
7.434483e-08
-2.444991e-07
-0.8570602
45.62674
44.23735
42.99568
41.13628
39.07106
0
0
0
0
0
-7086.357
-517.2076
3349.898
5662.223
7232.968
4.386544e-07
0.0001294302
4.340802e-05
0.0001960841
5.347728e-05
9.862797e-06
-6.970277e-06
-1.414843e-05
-2.906116e-06
1.180442e-05
0
0
0
0
4.736835e-08
-1.839542e-09
-4.193588e-09
-6.937589e-09
-1.010519e-08
5.878457e-08
7.182604e-09
1.740544e-08
-2.833151e-07
-0.9554853
47.20984
45.78228
44.44182
42.55229
40.52913
0
0
0
0
0
-13967.26
-4330.865
769.6206
3649.126
5388.824
-2.942854e-05
1.897666e-05
-8.385732e-05
-0.0001574682
0.0001112535
2.32026e-05
-1.685158e-05
1.665986e-05
-8.368772e-06
-7.365594e-06
0
0
0
0
1.036297e-09
1.049083e-09
4.22855e-10
-7.488116e-10
-2.589785e-09
2.413973e-08
-6.784267e-09
-9.05311e-09
-3.674805e-07
-1.110583
49.45054
47.96739
46.48198
44.53477
42.55012
0
0
0
0
0
-25671.77
-10137.48
-2423.061
1431.66
3561.924
4.79964e-05
3.008862e-05
3.201628e-06
9.466317e-05
-4.519101e-05
7.684212e-06
3.177353e-07
-1.044558e-05
-6.062458e-06
-1.379974e-06
0
0
0
0
1.589589e-09
2.320371e-09
2.674305e-09
2.446697e-09
1.5443e-09
9.637573e-10
-2.011004e-09
-4.30874e-09
-3.860747e-07
-1.126164
52.34709
50.97942
49.28818
47.23634
45.28094
0
0
0
0
0
-46422.79
-20429.43
-7423.076
-1327.544
1549.435
-0.0001668192
5.757866e-05
1.167493e-05
-9.479482e-05
-1.169921e-06
1.354558e-05
-2.178778e-05
9.947486e-06
2.364888e-05
-4.570436e-06
0
0
0
0
0
0
0
0
0
0
0
0
0
0
0
0
0
0
0
0
-9.605076e-09
5.539749e-08
1.10649e-08
3.462181e-08
4.918558e-08
5.963074e-08
5.919243e-08
5.931697e-08
-3.551999e-07
-1.107716
48.80188
47.2422
45.5015
43.36433
41.24582
0
0
0
0
0
104552.5
101766.3
0
0
0
0
0
0
0
0
0
0
0
0
0
0
0
-8.555518e-09
1.884487e-08
1.117784e-07
1.37828e-08
4.258428e-08
5.607262e-08
5.632613e-08
5.69978e-08
-3.34967e-07
-1.111872
46.6455
45.04657
43.53695
41.53941
39.46178
0
0
0
0
0
83943.92
84299.79
84727.02
0
0
0
0
0
0
0
0
0
0
0
0
0
0
0
-9.677076e-09
2.236059e-08
7.257763e-08
1.867647e-07
1.154106e-08
4.349362e-08
4.780373e-08
4.987496e-08
-2.499785e-07
-0.9857932
44.98854
43.48167
42.13407
40.22197
38.1536
0
0
0
0
0
67824.82
68367.32
70672.47
74642.69
0
0
0
0
0
0
0
0
0
0
0
0
0
0
0
2.355874e-10
5.328279e-08
1.020863e-07
1.587077e-07
2.815086e-07
5.00498e-08
2.874624e-08
3.571848e-08
-2.08082e-07
-0.9035299
43.86065
42.41513
41.18193
39.32637
37.24694
0
0
0
0
0
55237.09
55894.84
57869.84
62496.85
70755.14
0
0
0
0
0
0
0
0
0
0
0
0
0
0
8.027496e-07
1.312212e-07
1.888277e-07
2.32881e-07
2.73957e-07
4.765061e-07
7.944679e-08
9.136908e-09
-1.881779e-07
-0.8391838
43.09339
41.69774
40.54702
38.72402
36.61995
0
0
0
0
0
45163.98
46118.91
47844.41
51537.33
59195.33
6.714692e-05
0
0
0
-0.01075839
-0.0001139775
4.204211e-05
8.474295e-05
0.0009919483
0.0001964693
0.3004033
0.008955749
1.242487e-05
-9.386905e-08
-3.13131e-07
1.954864e-06
3.725092e-07
3.825476e-07
3.850797e-07
4.844614e-07
5.496063e-07
2.112376e-07
-1.95529e-07
-0.8032576
42.62968
41.25058
40.15692
38.35112
36.21539
0
0
0
0
0
36967.9
38220.01
39930.69
42927.97
48920.44
9.433825e-05
-0.0001574121
0
0
-0.0202809
0.004052017
3.85456e-05
8.215275e-05
0.0009142925
0.0001927425
0.3022835
0.009766774
3.522251e-05
-1.581739e-07
-3.013693e-07
1.71878e-06
5.105167e-07
5.110458e-07
4.98612e-07
5.641034e-07
5.377629e-07
6.717807e-07
-2.382718e-07
-0.7549352
42.45607
41.10791
40.03508
38.23636
36.08969
0
0
0
0
0
30109.56
31656.87
33404.84
36005.54
40732.99
2.417433e-06
0.0003236382
-7.220869e-06
0
-0.01658497
0.008402825
3.913746e-05
7.923663e-05
0.0006912461
0.0001890256
0.3029862
0.009098667
1.51583e-05
-1.871624e-07
-3.204177e-07
1.561989e-06
5.961978e-07
5.966721e-07
5.813119e-07
6.369992e-07
5.904732e-07
6.290037e-07
-3.417636e-07
-0.7171999
42.40913
41.0785
40.0136
38.21981
36.0718
0
0
0
0
0
24298.32
26143.71
27960.93
30288.16
34164.91
0.0001281586
5.301828e-05
0.0001155749
0.000264091
-0.01790058
-0.003949289
3.684755e-05
7.743309e-05
0.0003495516
0.0001839533
0.3029874
0.009105682
1.591347e-05
-1.969103e-07
-3.209671e-07
1.462837e-06
6.360438e-07
6.407622e-07
6.272219e-07
6.816944e-07
6.294067e-07
6.475102e-07
-3.21266e-07
-0.6931816
42.44511
41.10717
40.04231
38.25062
36.10073
0
0
0
0
0
19349.54
21468.67
23375.62
25512.63
28755.33
-4.510271e-05
-0.0002129549
0.0001343292
-3.685668e-05
-0.0001487872
-0.01974286
2.114668e-05
7.685435e-05
0.0001060879
0.0001770105
0.3030135
0.009098582
1.624199e-05
-1.949388e-07
-3.122549e-07
1.39993e-06
6.382033e-07
6.477435e-07
6.373249e-07
6.927563e-07
6.385515e-07
6.50191e-07
-3.172316e-07
-0.6904541
42.54377
41.21382
40.11928
38.32282
36.17206
0
0
0
0
0
15084.39
17477.42
19471.34
21476.98
24232.71
-8.050572e-05
2.090641e-05
-1.534733e-05
-2.071025e-05
-0.0001708861
-1.546469e-06
-0.02483475
7.682557e-05
0.0001053981
0.0001618288
0.3029831
0.009114043
1.647948e-05
-1.836687e-07
-2.987244e-07
1.367352e-06
6.08454e-07
6.212516e-07
6.133497e-07
6.704378e-07
6.157389e-07
6.245017e-07
-3.091791e-07
-0.6924565
42.70635
41.37588
40.26775
38.43914
36.28302
0
0
0
0
0
11345.87
14023.8
16121.03
18023.72
20402.27
0.0001264957
2.724544e-05
-2.223215e-05
-0.0002289805
0.0001975177
1.369771e-05
-1.72618e-05
-0.0005306726
0.0001143368
0.000159738
0.3026123
0.009198016
1.689148e-05
-1.635677e-07
-2.820014e-07
1.37036e-06
5.512292e-07
5.63952e-07
5.573314e-07
6.163168e-07
5.623351e-07
5.699246e-07
-2.946431e-07
-0.6966797
42.90781
41.57939
40.46826
38.62541
36.43886
0
0
0
0
0
8060.679
10985.74
13203.01
15044.55
17113.38
6.995501e-05
-2.174371e-07
0.0002679705
-2.217455e-05
-0.0001205366
-9.277369e-06
-1.145008e-05
5.956666e-06
0.01602674
0.0001587527
0.3013849
0.009367882
1.705915e-05
-1.342908e-07
-2.551533e-07
1.424917e-06
4.68613e-07
4.786655e-07
4.718108e-07
5.333335e-07
4.808085e-07
4.888735e-07
-2.739231e-07
-0.7021912
43.14889
41.82023
40.71118
38.86833
36.66818
0
0
0
0
0
4908.541
8303.462
10635.79
12433.42
14265.48
-8.022213e-05
-4.405484e-05
-0.0001170956
-0.0001208532
-6.838957e-05
-1.039404e-06
8.480801e-06
-2.28205e-05
1.732974e-05
0.01101922
0.2980644
0.009989431
3.719288e-05
-9.382765e-08
-1.280269e-07
1.561115e-06
3.600446e-07
3.675735e-07
3.610795e-07
4.274024e-07
3.754625e-07
3.851339e-07
-2.515799e-07
-0.7179261
43.4416
42.10873
40.99786
39.15954
36.97079
0
0
0
0
0
1699.563
5704.264
8325.316
10146.24
11759.56
-0.0001689292
-3.532678e-06
1.703613e-05
0.0001152335
0.000143547
4.874348e-06
7.759339e-06
1.959009e-06
1.462084e-05
-0.002450853
0.2784954
0.01037548
1.474011e-05
-4.415694e-08
-7.04845e-08
1.847094e-06
2.302343e-07
2.348064e-07
2.327482e-07
3.063454e-07
2.544681e-07
2.662541e-07
-2.356745e-07
-0.7544409
43.8653
42.51959
41.39734
39.56285
37.403
0
0
0
0
0
-1938.618
3020.335
6076.971
8033.571
9561.316
-0.0001704544
2.244139e-05
-2.55387e-05
0.0001460715
5.189682e-05
8.918724e-06
1.404042e-05
-1.556939e-05
-1.239811e-06
-0.000195065
-0.003070667
0
0
0
1.977949e-06
7.897201e-07
7.882736e-08
9.97794e-08
1.056369e-07
1.80783e-07
1.339986e-07
1.471013e-07
-2.263795e-07
-0.7864464
44.63277
43.28638
42.12384
40.28604
38.17937
0
0
0
0
0
-6564.086
-58.45764
3741.852
5998.611
7532.71
3.214641e-06
0.0002232173
-0.0001001152
0.0001382066
7.776844e-05
1.181156e-06
-3.530941e-06
2.862923e-05
-3.315544e-07
-1.107703e-05
0
0
0
0
1.291181e-05
-5.821332e-09
5.895252e-09
1.886448e-08
2.030012e-08
9.660916e-08
4.941745e-08
6.197046e-08
-2.416243e-07
-0.858265
45.76171
44.38386
43.15377
41.30897
39.25354
0
0
0
0
0
-13551.98
-3920.609
1123.199
3944.707
5641.636
-9.062602e-05
6.476984e-05
-2.32153e-05
-0.0001767814
-0.0001354068
-1.17767e-05
-5.858342e-07
4.432623e-06
2.1126e-06
-6.264185e-07
0
0
0
0
5.090138e-08
-8.242597e-10
-2.480707e-09
-4.512636e-09
-7.073656e-09
4.319945e-08
-1.086614e-08
5.020126e-09
-2.796536e-07
-0.9565627
47.33202
45.92731
44.59954
42.72537
40.71987
0
0
0
0
0
-25093.9
-9845.049
-2144.531
1667.63
3759.261
1.029326e-05
-4.686737e-05
-1.410095e-05
3.874337e-05
0.0001984429
5.239558e-06
-3.718677e-05
-7.888745e-07
-1.921494e-05
1.329063e-07
0
0
0
0
1.340454e-09
1.635151e-09
1.604336e-09
1.040391e-09
-1.874501e-10
4.11418e-09
-4.060095e-09
-6.488637e-09
-3.624326e-07
-1.111711
49.56306
48.10409
46.64188
44.7098
42.74685
0
0
0
0
0
-46539.07
-20310.68
-7266.229
-1176.729
1682.252
-5.341122e-05
-0.0001245039
-9.636545e-05
-1.544991e-05
-5.410128e-05
1.628531e-06
-1.540313e-05
-1.763613e-06
1.944368e-05
1.38043e-05
0
0
0
0
0
2.81553e-09
3.406992e-09
3.755698e-09
3.423185e-09
3.196016e-09
3.60623e-10
-1.942976e-09
-3.810393e-07
-1.12691
52.45249
51.10782
49.44323
47.41997
45.48543
0
0
0
0
0
-95151.52
-39518.15
-16638.6
-5725.714
-911.0581
-7.580158e-05
0.0002201535
1.225396e-05
0.0001483461
-1.860483e-05
1.244837e-05
-1.997752e-05
2.820696e-05
-7.237086e-06
-1.632405e-05
0
0
0
0
0
0
0
0
0
0
0
0
0
0
0
0
0
0
0
0
0
-7.472113e-09
1.106762e-08
9.928701e-08
1.664929e-08
4.450372e-08
5.708307e-08
5.711051e-08
5.741619e-08
-3.661799e-07
-1.127078
49.06183
47.51301
45.78227
43.66272
41.56833
0
0
0
0
0
83595.93
83922.63
84192.74
0
0
0
0
0
0
0
0
0
0
0
0
0
0
0
-7.674374e-09
2.630551e-09
4.327418e-08
1.528947e-07
1.996699e-08
5.050102e-08
5.353256e-08
5.472112e-08
-3.427664e-07
-1.127001
46.86086
45.26363
43.76543
41.7785
39.71739
0
0
0
0
0
67342.87
67876.4
70107.98
73767.22
0
0
0
0
0
0
0
0
0
0
0
0
0
0
0
-9.235908e-09
1.563662e-08
4.856286e-08
9.511386e-08
2.159938e-07
1.741972e-08
4.150899e-08
4.660973e-08
-2.545874e-07
-0.9956247
45.16591
43.66214
42.32197
40.42236
38.36431
0
0
0
0
0
54660.96
55325.97
57270.34
61776.71
69542.16
0
0
0
0
0
0
0
0
0
0
0
0
0
0
-9.923692e-10
4.89816e-08
9.095197e-08
1.266902e-07
1.658793e-07
3.772202e-07
1.305832e-09
2.839667e-08
-2.099679e-07
-0.9078154
44.01089
42.56709
41.3411
39.49476
37.42551
0
0
0
0
0
44543.78
45516.95
47227.8
50861.03
58330.02
-1.832993e-05
0
0
0
0
0
0
0
0
0
0
0
0
0
8.012828e-07
1.260049e-07
1.798017e-07
2.160611e-07
2.334619e-07
3.419835e-07
4.039686e-07
7.24997e-08
-1.914412e-07
-0.8347084
43.2239
41.82996
40.68513
38.86871
36.77364
0
0
0
0
0
36385.43
37649.45
39357.45
42319.95
48214.09
-3.551638e-05
-7.644502e-05
0
0
-0.02165746
-0.001133308
4.229415e-05
8.44396e-05
0.0009464898
0.0001959494
0.3003938
0.00895774
1.250092e-05
-9.11747e-08
-3.082428e-07
1.945418e-06
3.603464e-07
3.67286e-07
3.621382e-07
4.370199e-07
4.077359e-07
5.382279e-07
-2.203185e-07
-0.7898269
42.74151
41.36983
40.28021
38.47908
36.35022
0
0
0
0
0
29686.06
31238.75
32987.49
35579.22
40268.9
0.0001494662
-0.0001163893
-1.765311e-05
0
-0.02433104
0.003055955
4.015074e-05
8.173651e-05
0.0007944266
0.0001914491
0.302268
0.009772463
3.527147e-05
-1.520045e-07
-2.940873e-07
1.703172e-06
4.946694e-07
4.943282e-07
4.790643e-07
5.370395e-07
4.875327e-07
5.256226e-07
-3.186004e-07
-0.7315039
42.55917
41.22133
40.15139
38.35562
36.21286
0
0
0
0
0
24013.89
25863.4
27677.68
30004.21
33870.94
6.67665e-05
-4.549387e-05
-0.0002393667
7.129554e-06
-0.02586659
-0.01083402
3.824794e-05
7.883983e-05
0.0004235442
0.0001859839
0.3029605
0.009115188
1.529803e-05
-1.791414e-07
-3.101785e-07
1.539994e-06
5.760604e-07
5.7741e-07
5.613661e-07
6.144856e-07
5.603311e-07
5.770741e-07
-3.034572e-07
-0.6969428
42.53072
41.19399
40.12693
38.33467
36.1885
0
0
0
0
0
19174.68
21295.31
23201.12
25338.49
28578.2
8.936812e-05
-0.0002934823
-9.630573e-05
1.777104e-05
-8.002845e-05
-0.01317303
1.37472e-05
7.727218e-05
0.0001066228
0.000177978
0.3029637
0.009129595
1.615445e-05
-1.880051e-07
-3.08313e-07
1.434711e-06
6.111053e-07
6.181221e-07
6.056625e-07
6.598562e-07
6.0463e-07
6.153933e-07
-3.083422e-07
-0.6926584
42.58409
41.25393
40.1589
38.36279
36.21384
0
0
0
0
0
15001.13
17395.29
19388.48
21394.7
24150.34
3.95422e-05
7.603817e-05
0.0002359127
-0.0001497804
9.764031e-06
4.682416e-06
-0.01761886
7.68381e-05
0.0001054078
0.0001618284
0.3029831
0.009114039
1.64788e-05
-1.839234e-07
-2.988154e-07
1.367352e-06
6.084542e-07
6.212519e-07
6.133498e-07
6.70439e-07
6.157392e-07
6.245008e-07
-3.0918e-07
-0.6924565
42.70635
41.37588
40.26775
38.43914
36.28302
0
0
0
0
0
11345.87
14023.8
16121.03
18023.72
20402.27
-8.578792e-05
0.0001311346
-0.0001663256
0.0002012724
2.836334e-05
-7.465921e-07
1.098625e-05
8.653038e-07
0.0001159732
0.0001593715
0.3027272
0.009128124
1.675481e-05
-1.700552e-07
-2.850082e-07
1.332816e-06
5.756296e-07
5.910442e-07
5.865704e-07
6.467746e-07
5.937384e-07
6.020907e-07
-3.028245e-07
-0.6945164
42.86877
41.54094
40.431
38.58785
36.39855
0
0
0
0
0
8142.444
11061.9
13281.77
15121.61
17189.61
0.0001547874
-0.0002917118
-1.455084e-05
3.960211e-05
0.0001667245
-1.059791e-05
-2.90619e-05
-6.928182e-06
0.01606669
0.0001596185
0.301634
0.009237388
1.737142e-05
-1.476974e-07
-2.677848e-07
1.336694e-06
5.1792e-07
5.319844e-07
5.28009e-07
5.909087e-07
5.401796e-07
5.495165e-07
-2.892328e-07
-0.6986981
43.06915
41.74067
40.63453
38.79122
36.58624
0
0
0
0
0
5079.315
8464.998
10776.25
12585.65
14414.05
1.709234e-05
8.076453e-05
0.0001276019
-0.0001607561
1.742085e-05
1.041212e-05
2.094891e-05
4.755318e-06
-2.662608e-06
0.01220672
0.2985044
0.009600264
1.891184e-05
-1.146567e-07
-2.069518e-07
1.394773e-06
4.377017e-07
4.476499e-07
4.420228e-07
5.065743e-07
4.581938e-07
4.693819e-07
-2.691777e-07
-0.7038567
43.3053
41.97992
40.87366
39.03624
36.8392
0
0
0
0
0
1977.582
5959.177
8565.653
10350.57
11978.06
-5.614207e-06
8.091065e-05
5.289798e-05
9.306216e-05
0.0001354482
7.061e-06
1.604489e-05
-2.828637e-07
2.660337e-06
0.001091702
0.2792542
0.01116515
3.87693e-05
-6.806887e-08
-9.001316e-08
1.61909e-06
3.34484e-07
3.402033e-07
3.336419e-07
4.014213e-07
3.528016e-07
3.662511e-07
-2.472117e-07
-0.7194666
43.58528
42.26349
41.15815
39.3238
37.14265
0
0
0
0
0
-1520.997
3390.932
6411.034
8337.834
9843.231
2.621163e-05
0.0002669406
-8.321986e-05
-8.393675e-05
-9.590611e-05
-1.207692e-05
1.257688e-05
-4.406713e-06
-4.102391e-06
0.001622974
0.003997478
0.01746383
3.258369e-05
-3.239367e-08
-6.597494e-08
7.819419e-06
1.222759e-06
2.133665e-07
2.101133e-07
2.798289e-07
2.333333e-07
2.483823e-07
-2.315646e-07
-0.7558668
44.00023
42.66381
41.55455
39.7259
37.57319
0
0
0
0
0
-6005.519
437.4447
4171.427
6372.252
7869.364
4.879633e-05
7.326047e-05
0.0001543454
2.941201e-06
2.747462e-06
1.116241e-05
1.427269e-06
-1.335015e-05
-1.686974e-06
0.0006164764
0.000977418
-0.0003512774
0
0
1.93075e-06
8.103509e-07
7.137013e-08
8.52203e-08
8.861693e-08
1.590203e-07
1.160408e-07
1.31123e-07
-2.226183e-07
-0.7873685
44.76175
43.42563
42.27462
40.45152
38.35302
0
0
0
0
0
-13028.71
-3402.746
1571.925
4321.986
5965.973
-0.0001205962
8.82331e-05
-0.0002223906
6.198253e-05
7.301671e-05
-4.959806e-06
7.131797e-06
-1.536899e-05
-8.047152e-06
-2.331136e-06
0
0
0
0
1.527101e-05
1.306668e-07
-9.66363e-10
8.938812e-09
7.908107e-09
7.872118e-08
3.460311e-08
4.779257e-08
-2.374697e-07
-0.8590115
45.87503
44.51934
43.30196
41.47034
39.43223
0
0
0
0
0
-24196.27
-9417.811
-1738.71
2009.522
4044.346
-0.0001620049
0.0001132074
-1.565641e-05
-0.0001195863
0.0001003294
1.715622e-05
9.991395e-06
-2.351196e-05
2.128099e-06
-2.723423e-06
0
0
0
0
1.570963e-07
-1.516415e-10
-1.109476e-09
-2.427932e-09
-4.278166e-09
2.827433e-08
-8.77465e-09
-1.139452e-08
-2.747031e-07
-0.9571721
47.43465
46.05044
44.7459
42.88634
40.89949
0
0
0
0
0
-46739.08
-19712.81
-6968.908
-904.8022
1910.356
-3.881637e-06
1.316409e-05
0.0002286962
-0.0001682947
-7.265557e-05
-5.132311e-06
-5.246498e-06
3.330715e-05
-4.709466e-06
6.499993e-06
0
0
0
0
0
2.101529e-09
2.410371e-09
2.481242e-09
1.885706e-09
1.684283e-09
-1.440237e-09
-3.872803e-09
-3.570391e-07
-1.112366
49.65609
48.21778
46.77983
44.87283
42.92902
0
0
0
0
0
-95610.13
-39600.92
-16509.08
-5570.4
-764.7864
6.4675e-05
1.285308e-06
0.0002549697
0.0002144741
7.754931e-05
-4.412037e-06
3.188096e-06
-2.425721e-06
1.380847e-05
-5.415997e-06
0
0
0
0
0
0
4.130335e-09
4.66484e-09
4.944881e-09
5.102466e-09
2.554527e-09
3.319771e-10
-3.760005e-07
-1.127184
52.53825
51.21513
49.57286
47.57853
45.67706
0
0
0
0
0
8244.958
-87486.25
-34523.8
-14300.59
-5076.825
6.567252e-05
9.522134e-05
-0.0001420703
-0.0001986867
-0.0001675313
1.715762e-06
-1.693747e-05
9.963207e-06
-1.703533e-05
6.483013e-06
0
0
0
0
0
0
0
0
0
0
0
0
0
0
0
0
0
0
0
0
0
0
-6.655754e-09
-5.724755e-09
3.118074e-08
1.378795e-07
2.309217e-08
5.208765e-08
5.465149e-08
5.540792e-08
-3.748156e-07
-1.143128
49.30445
47.76107
46.04082
43.93399
41.86191
0
0
0
0
0
67059.13
67595.03
69796.3
73308.69
0
0
0
0
0
0
0
0
0
0
0
0
0
0
0
-7.310303e-09
-3.472375e-09
2.003849e-08
5.991833e-08
1.799947e-07
2.605527e-08
4.816122e-08
5.202955e-08
-3.478984e-07
-1.138424
47.05733
45.46653
43.97388
41.99936
39.95209
0
0
0
0
0
54263.8
54934.7
56860.8
61288.16
68731.03
0
0
0
0
0
0
0
0
0
0
0
0
0
0
-8.957459e-09
1.241393e-08
3.907659e-08
6.465106e-08
9.843581e-08
3.20772e-07
1.63518e-08
4.053977e-08
-2.554531e-07
-1.000776
45.32906
43.82858
42.49613
40.60413
38.56054
0
0
0
0
0
44054.04
45043.23
46746.88
50336.47
57659.29
-1.279192e-05
0
0
0
0
0
0
0
0
0
0
0
0
0
-2.2057e-09
4.589704e-08
8.481682e-08
1.132104e-07
1.280552e-07
2.447905e-07
3.046752e-07
1.932307e-09
-2.108146e-07
-0.9037901
44.14942
42.70849
41.48844
39.64893
37.59002
0
0
0
0
0
35847.12
37127.88
38838
41772.43
47578.87
-5.244072e-05
0.000171387
0
0
0
0
0
0
0
0
0
0
0
0
7.993336e-07
1.21022e-07
1.727331e-07
2.056986e-07
2.151694e-07
2.98299e-07
2.713393e-07
3.966859e-07
-2.091843e-07
-0.8213224
43.34122
41.95493
40.81405
39.00279
36.91477
0
0
0
0
0
29167.03
30735.27
32481.64
35060.65
39692.08
-0.0001564253
-2.818927e-05
-4.180747e-05
0
-0.01869435
0.005441389
4.08618e-05
8.42847e-05
0.0008662783
0.0001950488
0.3003789
0.008960033
1.257702e-05
-8.68066e-08
-3.027353e-07
1.934987e-06
3.487354e-07
3.547331e-07
3.46835e-07
4.140504e-07
3.608203e-07
3.990274e-07
-2.98696e-07
-0.7662803
42.84376
41.48323
40.39733
38.59919
36.47491
0
0
0
0
0
23625.97
25484.28
27295.6
29621.05
33467.53
-1.485432e-05
-0.0001508069
4.047798e-05
0.0001891771
-0.01729355
0.004730529
3.891687e-05
8.146066e-05
0.0005803808
0.0001892181
0.3022422
0.00978131
3.532954e-05
-1.450782e-07
-2.851911e-07
1.68496e-06
4.778131e-07
4.782628e-07
4.624859e-07
5.180732e-07
4.608253e-07
4.762853e-07
-2.815726e-07
-0.711062
42.67605
41.33502
40.26351
38.46937
36.32922
0
0
0
0
0
18907.34
21032.1
22937.3
25073.83
28308.6
6.49698e-05
3.837546e-06
4.046982e-05
0.0001404559
-5.397166e-05
-0.01778713
2.592551e-05
7.860343e-05
0.0001078666
0.000180621
0.3029214
0.009140428
1.551095e-05
-1.714582e-07
-2.986197e-07
1.514504e-06
5.534884e-07
5.570136e-07
5.421125e-07
5.951321e-07
5.381364e-07
5.474673e-07
-2.910729e-07
-0.6963219
42.66791
41.33781
40.24162
38.44599
36.30096
0
0
0
0
0
14832.76
17229.55
19221.78
21229.29
23984.11
-0.0001153251
-2.823467e-06
5.951306e-05
0.0001211359
-4.52091e-05
1.579964e-06
-0.02458245
7.740945e-05
0.0001058605
0.0001622203
0.3029083
0.00915747
1.649096e-05
-1.77679e-07
-2.955112e-07
1.403494e-06
5.826581e-07
5.928413e-07
5.828708e-07
6.387707e-07
5.831152e-07
5.91054e-07
-3.006424e-07
-0.6946379
42.74598
41.41498
40.30598
38.47803
36.32433
0
0
0
0
0
11267.58
13943.62
16040.94
17944.42
20323.38
-0.0001152063
-5.735102e-05
1.230717e-05
-2.30432e-05
0.0001105734
1.396952e-05
3.362015e-06
-0.0005946055
0.0001159703
0.0001593737
0.3027272
0.009128123
1.675465e-05
-1.705614e-07
-2.852152e-07
1.332816e-06
5.756298e-07
5.910444e-07
5.865707e-07
6.467736e-07
5.937372e-07
6.020902e-07
-3.028229e-07
-0.6945164
42.86877
41.54094
40.431
38.58785
36.39855
0
0
0
0
0
8142.444
11061.9
13281.77
15121.61
17189.61
4.157315e-05
-1.527445e-05
-0.000127095
0.0001608418
-0.0002089275
-5.101985e-06
2.064653e-05
-1.333287e-07
0.00882454
0.0001604861
0.3019221
0.009122636
1.699971e-05
-1.533503e-07
-2.721692e-07
1.297733e-06
5.408732e-07
5.576668e-07
5.559036e-07
6.201039e-07
5.703834e-07
5.804736e-07
-2.970779e-07
-0.6965583
43.03052
41.70279
40.59791
38.75453
36.54716
0
0
0
0
0
5163.132
8544.931
10851.64
12661.78
14488.27
0.0001669513
-0.000104415
0.0001887761
-0.0001435397
7.485564e-06
-1.141331e-05
6.857659e-07
2.187546e-05
2.078223e-05
0.01216136
0.2995371
0.009389984
1.813723e-05
-1.254899e-07
-2.404336e-07
1.303805e-06
4.841316e-07
4.98051e-07
4.954328e-07
5.614854e-07
5.151419e-07
5.277402e-07
-2.838777e-07
-0.7004183
43.22682
41.90142
40.79807
38.96053
36.75831
0
0
0
0
0
2157.299
6126.535
8725.346
10486.95
12124.86
9.76216e-06
0.0001060071
-0.0001411159
-5.786286e-06
-2.075163e-05
-1.132944e-06
-2.622525e-05
-2.838223e-05
2.120483e-06
-0.001753714
0.2778127
0.0109063
2.425866e-05
-8.099476e-08
-1.167913e-07
1.365498e-06
4.073602e-07
4.16055e-07
4.102782e-07
4.765194e-07
4.317997e-07
4.471243e-07
-2.639557e-07
-0.7053881
43.44988
42.13602
41.03553
39.20183
37.01289
0
0
0
0
0
-1220.547
3663.924
6662.717
8570.465
10040.54
5.117577e-06
9.580271e-05
-3.747328e-06
-1.171691e-05
-5.186377e-05
-1.978253e-06
-1.545932e-05
-1.735698e-05
1.230884e-06
0.000666984
0.005745234
0.01761764
5.650782e-05
-4.003261e-08
-8.33535e-08
1.741115e-06
3.138368e-07
3.133112e-07
3.055653e-07
3.718309e-07
3.271442e-07
3.4392e-07
-2.420089e-07
-0.7207841
43.72046
42.40699
41.31506
39.48709
37.31196
0
0
0
0
0
-5551.772
848.9619
4536.294
6695.373
8163.207
7.387828e-05
-0.0001158189
-0.0002132754
0.0001308026
-3.627406e-05
8.06376e-06
3.402731e-05
-1.667535e-05
1.28979e-05
-0.0005542447
-0.003787969
-0.007634095
0.02332726
-8.860334e-07
-6.305887e-08
7.95086e-06
1.265234e-06
1.941436e-07
1.87709e-07
2.526591e-07
2.100775e-07
2.273918e-07
-2.265766e-07
-0.7566912
44.12495
42.79874
41.701
39.88609
37.7413
0
0
0
0
0
-12467.87
-2845.564
2060.099
4737.447
6327.272
0.0001575222
-3.268517e-05
9.019363e-05
-0.0003013319
6.958996e-05
-7.656093e-06
-2.138024e-05
7.952321e-06
1.492077e-06
0.001654384
-0.0005270035
-0.0005788238
0.001046383
0
1.26811e-06
1.863079e-05
6.414729e-08
7.199972e-08
7.254669e-08
1.374894e-07
9.738601e-08
1.131252e-07
-2.175895e-07
-0.7878941
44.86921
43.55495
42.4159
40.60548
38.52388
0
0
0
0
0
-23826.4
-8876.269
-1223.84
2444.904
4408.864
-1.587581e-05
0.0001004533
-0.0001527648
0.000132816
1.035563e-05
-9.209058e-06
-1.546708e-05
-1.493139e-05
1.87227e-05
-3.010929e-06
0
0
0
0
1.645905e-05
1.332113e-07
-6.394079e-09
-3.011834e-10
-6.325776e-09
6.159315e-08
1.986589e-08
3.288407e-08
-2.321634e-07
-0.8593506
45.97021
44.63355
43.43918
41.62172
39.59949
0
0
0
0
0
-47032.99
-18792.57
-6533.301
-507.9369
2241.096
-0.0001129672
9.18067e-05
-0.0001328006
-9.732915e-05
0.0001439638
6.87781e-06
-2.384671e-05
1.452698e-05
1.620894e-05
-5.1376e-06
0
0
0
0
0
2.949011e-10
-1.818557e-10
-7.566836e-10
-1.87239e-09
9.582417e-09
-5.722214e-09
-8.335733e-09
-2.695206e-07
-0.9574502
47.51897
46.15428
44.87083
43.03584
41.0668
0
0
0
0
0
-96498.45
-39733.84
-15898.89
-5274.767
-500.8732
0.0001319493
1.137624e-05
-1.695538e-05
-0.0003537337
0.0001885635
1.022979e-05
-5.703596e-06
-8.185443e-06
-2.217132e-05
5.641457e-06
0
0
0
0
0
0
3.08133e-09
3.476246e-09
3.559379e-09
3.779651e-09
9.814325e-10
-1.358419e-09
-3.516309e-07
-1.112465
49.73256
48.31208
46.8953
45.01413
43.09884
0
0
0
0
0
8296.822
-87909.55
-34581.58
-14166.69
-4925.238
0.0001029067
-0.0001833699
-1.582052e-05
-0.0001110445
-5.302281e-05
1.847733e-07
1.242044e-05
4.147431e-06
1.98561e-05
-3.950818e-06
0
0
0
0
0
0
0
5.589421e-09
6.022828e-09
6.600491e-09
4.452807e-09
2.435804e-09
-3.709494e-07
-1.126968
52.60613
51.30266
49.68181
47.71194
45.84334
0
0
0
0
0
8445.386
7227.545
-81849.78
-31282.78
-13270.73
-0.0001037342
-7.556066e-05
8.474777e-07
1.872073e-05
0.0001443268
1.249181e-05
1.35361e-06
2.565417e-05
5.686801e-06
8.174863e-06
0
0
0
0
0
0
0
0
0
0
0
0
0
0
0
0
0
0
0
0
0
0
0
-6.334135e-09
-1.014906e-08
8.526444e-09
4.506821e-08
1.658303e-07
2.888573e-08
4.983463e-08
5.303655e-08
-3.80241e-07
-1.155292
49.5256
47.99353
46.27756
44.18378
42.12879
0
0
0
0
0
54022.29
54702.2
56624.65
61017.98
68306.48
0
0
0
0
0
0
0
0
0
0
0
0
0
0
-7.098677e-09
-6.105297e-09
1.147837e-08
3.025584e-08
5.96573e-08
2.921087e-07
2.456242e-08
4.684096e-08
-3.48121e-07
-1.144962
47.23875
45.65247
44.16876
42.20091
40.16888
0
0
0
0
0
43714.44
44717
46416.74
49978.98
57205.25
-9.841981e-05
0
0
0
0
0
0
0
0
0
0
0
0
0
-8.662326e-09
1.032166e-08
3.450848e-08
5.308155e-08
6.177271e-08
1.848076e-07
2.466692e-07
1.631607e-08
-2.532749e-07
-0.9973597
45.47892
43.98316
42.65682
40.77273
38.73858
0
0
0
0
0
35416.21
36719.56
38432.75
41348.39
47088.69
8.235142e-06
-4.834893e-05
0
0
0
0
0
0
0
0
0
0
0
0
-3.740415e-09
4.296214e-08
8.039252e-08
1.059569e-07
1.129286e-07
2.030506e-07
1.741174e-07
2.992924e-07
-2.235242e-07
-0.8905577
44.27457
42.84168
41.62574
39.79188
37.74078
0
0
0
0
0
28683.04
30276.02
32025.04
34595.49
39176.25
-1.409614e-05
0.0001290602
-9.861515e-05
0
0
0
0
0
0
0
0
0
0
0
7.965028e-07
1.155236e-07
1.660174e-07
1.976361e-07
2.042628e-07
2.794636e-07
2.280195e-07
2.665657e-07
-2.833786e-07
-0.7951411
43.44643
42.07398
40.93626
39.12831
37.04575
0
0
0
0
0
23156.63
25028.69
26842.76
29159.13
32974.11
0.0001228378
0.0002176123
6.105157e-05
-1.916809e-06
-0.02324034
0.003053633
4.452308e-05
8.384116e-05
0.0007253112
0.000193543
0.3003529
0.008962947
1.264952e-05
-8.222327e-08
-2.956749e-07
1.922305e-06
3.362783e-07
3.427166e-07
3.343202e-07
3.992435e-07
3.381187e-07
3.528943e-07
-2.639122e-07
-0.7455178
42.95721
41.59592
40.5092
38.7137
36.59228
0
0
0
0
0
18545.45
20679.5
22585.89
24719.59
27944.66
-0.0001012076
0.000204216
0.0001256018
-0.0001359909
-7.730534e-05
-0.01513232
3.180036e-05
8.104201e-05
0.0002057587
0.0001851407
0.3021977
0.009795511
3.541134e-05
-1.395676e-07
-2.751649e-07
1.663575e-06
4.587985e-07
4.611233e-07
4.464779e-07
5.021403e-07
4.421315e-07
4.50047e-07
-2.699472e-07
-0.710371
42.81142
41.47407
40.37627
38.57947
36.44065
0
0
0
0
0
14576.45
16978.95
18971.07
20980.67
23731.87
-7.335808e-05
1.640374e-05
-0.0001959073
0.0001273423
-0.0001023384
6.875708e-06
0.002877695
7.863778e-05
0.0001070706
0.0001631302
0.3028273
0.009175653
1.582768e-05
-1.624911e-07
-2.873584e-07
1.486072e-06
5.276424e-07
5.341215e-07
5.216175e-07
5.764116e-07
5.190904e-07
5.256695e-07
-2.840351e-07
-0.6982517
42.82807
41.49722
40.38576
38.55934
36.41066
0
0
0
0
0
11121.95
13782.29
15880.08
17785.33
20164.99
-8.826782e-06
0.0002132377
-0.0001535303
0.0001263797
-1.09162e-06
-5.045839e-06
3.057502e-06
-5.876796e-05
0.0001141074
0.0001597407
0.3026123
0.009198016
1.689132e-05
-1.651348e-07
-2.826771e-07
1.37036e-06
5.512299e-07
5.639526e-07
5.573324e-07
6.16314e-07
5.623339e-07
5.699254e-07
-2.946422e-07
-0.6966797
42.90781
41.57939
40.46826
38.62541
36.43886
0
0
0
0
0
8060.679
10985.74
13203.01
15044.55
17113.38
-0.0001258073
0.0001819988
-2.974887e-05
8.260514e-05
-9.514031e-05
-2.225265e-06
-3.757735e-05
-1.457508e-05
0.007598339
0.0001604686
0.3019221
0.009122634
1.699989e-05
-1.534437e-07
-2.724944e-07
1.297733e-06
5.408733e-07
5.576671e-07
5.559039e-07
6.201047e-07
5.703844e-07
5.804745e-07
-2.970764e-07
-0.6965583
43.03052
41.70279
40.59791
38.75453
36.54716
0
0
0
0
0
5163.132
8544.931
10851.64
12661.78
14488.28
1.759155e-05
-5.133554e-05
0.0001173313
5.419224e-05
-3.972593e-05
1.992962e-05
4.254243e-06
-2.771529e-05
-1.553945e-06
0.01200082
0.3004922
0.009133368
1.713772e-05
-1.298673e-07
-2.545828e-07
1.263508e-06
5.056314e-07
5.222762e-07
5.218954e-07
5.893096e-07
5.44094e-07
5.575132e-07
-2.913924e-07
-0.6982994
43.18897
41.86391
40.76201
38.92439
36.71992
0
0
0
0
0
2245.088
6208.976
8804.646
10560.15
12198.32
-3.468005e-05
-7.092894e-05
2.565418e-05
9.62309e-05
7.687287e-05
3.810061e-06
3.989454e-06
-5.372851e-06
1.164131e-05
-0.00162659
0.2782657
0.01008415
2.200596e-05
-8.76548e-08
-1.493266e-07
1.272904e-06
4.510111e-07
4.636044e-07
4.607403e-07
5.285865e-07
4.861116e-07
5.030855e-07
-2.78048e-07
-0.7019903
43.37258
42.05852
40.96098
39.12706
36.93312
0
0
0
0
0
-1028.565
3841.36
6828.85
8725.544
10172.36
0.0002259116
-8.478881e-05
-0.0001346436
1.789573e-05
-7.562577e-05
7.93666e-06
4.74717e-06
1.838768e-05
2.753753e-05
0.00099147
-0.0004125037
0.0176544
4.465408e-05
-4.373138e-08
-1.049719e-07
1.337644e-06
3.799287e-07
3.849824e-07
3.779532e-07
4.442675e-07
4.021113e-07
4.211056e-07
-2.578416e-07
-0.7066894
43.58606
42.28053
41.19381
39.36653
37.18325
0
0
0
0
0
-5229.323
1147.328
4807.206
6939.88
8388.022
0.0001636704
8.308627e-05
1.864683e-05
2.113919e-05
-4.551318e-05
3.984411e-06
-1.945e-05
8.525706e-06
2.332641e-06
-0.002320005
0.004201586
-0.01415001
0.02353541
-1.755362e-06
-7.826968e-08
1.818913e-06
1.152018e-06
2.879786e-07
2.780223e-07
3.395151e-07
2.991391e-07
3.186005e-07
-2.358093e-07
-0.7215053
43.84442
42.54213
41.46085
39.64684
37.47991
0
0
0
0
0
-12014.47
-2389.468
2468.6
5092.003
6639.815
4.633164e-05
-0.0002061868
-4.315758e-05
-1.150724e-05
-8.658346e-05
2.430466e-06
-9.355498e-06
-3.602011e-05
6.460864e-06
0.0004905958
0.001359185
0.006623089
0.01022215
0.03091515
-6.45464e-08
8.628451e-06
1.284607e-06
1.80907e-07
1.65881e-07
2.258566e-07
1.861395e-07
2.041594e-07
-2.20227e-07
-0.7571303
44.22814
42.92359
41.83817
40.03558
37.9063
0
0
0
0
0
-23451.35
-8293.292
-667.0993
2920.27
4811.165
0.0001030136
-0.000175571
-4.807868e-05
-0.0001508697
0.0001299115
5.649744e-06
1.862615e-05
2.415437e-06
-2.915606e-05
7.585786e-05
-0.002244469
-0.002525929
0.001941757
-0.001645182
-7.931609e-09
2.159846e-05
2.282842e-07
6.097278e-08
5.796794e-08
1.170032e-07
7.885056e-08
9.440648e-08
-2.114575e-07
-0.7880726
44.95918
43.66321
42.54726
40.74988
38.68314
0
0
0
0
0
-47333.2
-18361.36
-5978.761
-3.082685
2662.808
0.0001390217
1.312967e-05
5.470639e-05
4.534555e-05
1.851961e-05
-2.820592e-05
-1.546094e-05
9.140635e-06
2.415884e-05
1.180378e-06
0
0
0
0
0
2.824196e-07
-5.244151e-09
-6.874573e-09
-8.762081e-09
4.546541e-08
5.081699e-09
1.812463e-08
-2.266392e-07
-0.8594271
46.04875
44.72986
43.55555
41.76204
39.75656
0
0
0
0
0
-97828.31
-39927.32
-14966
-4840.926
-115.5088
3.714442e-05
8.606103e-05
-0.0001278322
0.0001105928
3.678575e-06
1.814613e-05
-3.551747e-06
1.628923e-05
-2.065134e-05
-7.004063e-06
0
0
0
0
0
0
3.28776e-10
3.890636e-10
5.991985e-11
9.96722e-12
-2.907562e-09
-5.408673e-09
-2.644064e-07
-0.9573966
47.58818
46.23993
44.97683
43.16416
41.22235
0
0
0
0
0
8351.609
-88721.84
-34665.02
-13557.5
-4636.574
0.0001789354
-0.0002460442
-8.604921e-06
-0.0001222217
0.0002150619
-3.654392e-06
-9.230381e-06
9.646792e-06
-2.310171e-06
4.626609e-06
0
0
0
0
0
0
0
4.33495e-09
4.73757e-09
5.419425e-09
3.07414e-09
9.618274e-10
-3.464379e-07
-1.112031
49.79231
48.38988
46.9917
45.13321
43.24676
0
0
0
0
0
8493.607
7277.071
-82248.54
-31325.95
-13138.03
-5.840056e-05
-0.0001210397
0.0002550792
9.870526e-05
-5.029434e-05
-9.752292e-06
-1.291569e-05
-1.359596e-05
-3.908635e-06
-6.142567e-06
0
0
0
0
0
0
0
0
7.120466e-09
7.618287e-09
6.007571e-09
4.251124e-09
-3.663018e-07
-1.125955
52.65973
51.36821
49.77134
47.82462
45.98416
0
0
0
0
0
8606.231
7501.513
6558.261
-77767.59
-29611.94
1.424741e-05
0.0001116571
1.473252e-05
5.625126e-05
2.33853e-05
-5.683041e-06
3.831451e-06
-1.490696e-05
-2.603856e-05
-4.53424e-06
0
0
0
0
0
0
0
0
0
0
0
0
0
0
0
0
0
0
0
0
0
0
0
-6.156645e-09
-9.681344e-09
3.493621e-10
1.607409e-08
4.541413e-08
2.622906e-07
2.743615e-08
4.838707e-08
-3.796724e-07
-1.162352
49.73047
48.20629
46.49949
44.41252
42.37455
0
0
0
0
0
43499.98
44516.41
46218.84
49772.03
56954.08
2.011175e-05
0
0
0
0
0
0
0
0
0
0
0
0
0
-6.869546e-09
-7.656026e-09
7.812225e-09
1.981488e-08
2.359239e-08
1.521273e-07
2.159151e-07
2.41167e-08
-3.429952e-07
-1.142589
47.40659
45.82578
44.34742
42.38943
40.36675
0
0
0
0
0
35118.66
36436.72
38154.12
41057.91
46755.34
2.048964e-05
0.0002066201
0
0
0
0
0
0
0
0
0
0
0
0
-8.259799e-09
8.329963e-09
3.153914e-08
4.773107e-08
4.864113e-08
1.438812e-07
1.124761e-07
2.41441e-07
-2.625719e-07
-0.9827089
45.61531
44.12798
42.80622
40.92851
38.90384
0
0
0
0
0
28302.16
29911.45
31670.89
34235.25
38778.83
-6.169952e-05
9.653437e-05
0.0001145977
0
0
0
0
0
0
0
0
0
0
0
-5.733003e-09
3.958783e-08
7.621302e-08
1.007962e-07
1.052114e-07
1.871956e-07
1.326322e-07
1.71235e-07
-2.948079e-07
-0.8640068
44.38666
42.96872
41.75538
39.92543
37.88077
0
0
0
0
0
22722.89
24609.39
26435.21
28746.36
32534.57
-6.584352e-05
-4.161701e-05
-6.510377e-05
-2.914075e-05
0
0
0
0
0
0
0
0
0
0
7.927179e-07
1.090826e-07
1.586521e-07
1.899494e-07
1.959119e-07
2.688129e-07
2.093262e-07
2.238583e-07
-2.514488e-07
-0.7756144
43.55862
42.1897
41.05315
39.2477
37.1687
0
0
0
0
0
18111.65
20261.34
22170.51
24302.42
27503.9
-0.0001603227
-7.723317e-05
-0.0002103855
-0.0001276949
7.251472e-05
0.0091998
4.051529e-05
8.506808e-05
0.0004776182
0.0001908471
0.3003045
0.008967061
1.273311e-05
-8.0407e-08
-2.808206e-07
1.906952e-06
3.220709e-07
3.297372e-07
3.222567e-07
3.873429e-07
3.234989e-07
3.305557e-07
-2.532624e-07
-0.7448202
43.09151
41.73148
40.62069
38.82354
36.70461
0
0
0
0
0
14230.98
16645.45
18640.06
20652.05
23394.24
8.04727e-05
7.914541e-05
-0.0001734303
-3.611186e-05
0.0001224701
-1.937031e-05
1.510034e-05
8.000009e-05
0.0001095529
0.0001777314
0.3020987
0.00981788
3.553374e-05
-1.329379e-07
-2.628831e-07
1.63956e-06
4.368871e-07
4.417299e-07
4.292489e-07
4.867046e-07
4.264559e-07
4.316951e-07
-2.637955e-07
-0.7123044
42.96884
41.63176
40.51559
38.69086
36.54922
0
0
0
0
0
10898.83
13539.06
15638.97
17547.36
19927.27
6.808651e-05
0.0001193252
-7.881189e-05
4.483335e-05
-7.608363e-05
-5.075184e-07
-2.644682e-05
6.391208e-05
0.0001116947
0.0001607285
0.3025132
0.009249413
1.625809e-05
-1.514094e-07
-2.736787e-07
1.455825e-06
4.990046e-07
5.078455e-07
4.985006e-07
5.562868e-07
5.006466e-07
5.069721e-07
-2.786935e-07
-0.7002445
42.98873
41.66003
40.54646
38.70388
36.52342
0
0
0
0
0
7894.699
10844.03
13045.16
14890.17
16960.64
-0.0001045717
-9.926327e-05
-0.0002303969
5.050587e-05
-1.260828e-05
-2.696558e-05
1.730397e-06
-1.310552e-05
0.01606375
0.0001595349
0.301634
0.009237385
1.737209e-05
-1.479059e-07
-2.688131e-07
1.336694e-06
5.179201e-07
5.319847e-07
5.280098e-07
5.909103e-07
5.401814e-07
5.495169e-07
-2.892347e-07
-0.6986981
43.06915
41.74067
40.63453
38.79122
36.58624
0
0
0
0
0
5079.315
8464.998
10776.25
12585.65
14414.05
6.462836e-05
0.0001739787
-9.385793e-05
9.013395e-05
-8.724451e-05
-6.65691e-06
8.549993e-06
2.073764e-05
8.082507e-06
0.01200027
0.3004922
0.009133367
1.713756e-05
-1.297248e-07
-2.546365e-07
1.263508e-06
5.056313e-07
5.222763e-07
5.218954e-07
5.893081e-07
5.440935e-07
5.575129e-07
-2.913925e-07
-0.6982994
43.18897
41.86391
40.76201
38.92439
36.71992
0
0
0
0
0
2245.088
6208.976
8804.646
10560.15
12198.32
0.0001550675
-2.073984e-05
5.306584e-05
-7.837805e-05
4.118057e-05
-5.766035e-06
-3.307913e-05
5.479091e-06
8.846724e-06
-0.0002045039
0.278719
0.009207375
1.804691e-05
-9.033566e-08
-1.781198e-07
1.231614e-06
4.711479e-07
4.863658e-07
4.85725e-07
5.549486e-07
5.137083e-07
5.316215e-07
-2.852453e-07
-0.6998734
43.33532
42.02174
40.92529
39.09143
36.89516
0
0
0
0
0
-935.3657
3928.303
6910.93
8802.703
10243.11
-0.0001234469
9.470121e-05
-0.0001522452
8.881391e-05
-0.0001989958
1.456152e-05
-3.727154e-06
1.240005e-05
1.543855e-05
-0.005114616
0.0002504554
0.01768445
3.019655e-05
-4.532166e-08
-1.274853e-07
1.240579e-06
4.202229e-07
4.298027e-07
4.254682e-07
4.933811e-07
4.5361e-07
4.74462e-07
-2.712871e-07
-0.7033317
43.50934
42.20399
41.12019
39.29273
37.10427
0
0
0
0
0
-5025.778
1338.799
4984.101
7101.723
8538.017
0.0002006561
-0.0001958546
0.0001324239
5.089644e-05
-3.902878e-05
-3.583357e-06
-1.275703e-05
-6.953858e-06
-1.528312e-05
-0.003499323
-0.001441366
-0.00497227
0.02357978
-2.188315e-06
-9.293573e-08
1.432822e-06
3.572774e-07
3.557758e-07
3.462236e-07
4.097888e-07
3.702296e-07
3.918064e-07
-2.506372e-07
-0.7073739
43.71047
42.41674
41.34064
39.52736
37.35236
0
0
0
0
0
-11695.63
-2063.595
2766.757
5356.244
6876.477
8.149596e-05
-0.0003084852
-9.935722e-05
-8.913978e-05
-8.765328e-05
5.426348e-06
-1.40176e-05
1.143263e-05
-4.922654e-08
-0.001966137
0.0001910654
-0.0162052
-0.001243581
0.03123616
-7.831223e-08
4.978794e-06
1.144748e-06
2.665248e-07
2.521097e-07
3.075878e-07
2.699935e-07
2.908334e-07
-2.287457e-07
-0.7218672
43.94631
42.66621
41.59826
39.79554
37.64411
0
0
0
0
0
-23143.93
-7819.789
-208.3318
3319.588
5154.685
-0.0001037227
-0.0001414223
0.0001289173
0.0003005961
3.833559e-05
-1.50557e-05
-4.784844e-06
9.3952e-07
1.027014e-05
0.004664066
-0.003515685
0.006720035
0.001818994
-0.008087522
-9.722223e-08
8.85778e-06
2.686835e-05
1.669374e-07
1.457794e-07
2.004024e-07
1.624748e-07
1.802308e-07
-2.127262e-07
-0.7572534
44.31485
43.02742
41.96527
40.17573
38.06055
0
0
0
0
0
-45886.53
-17918.1
-5379.711
544.2473
3123.971
7.958406e-05
-6.159644e-05
5.481611e-05
6.938793e-05
8.786327e-05
1.395613e-06
-1.032969e-05
-1.984723e-05
-6.274842e-06
-0.0001812134
0.003182838
-0.0003024889
-0.0006056869
-0.006681343
0.001300939
2.415088e-05
2.254558e-07
5.254603e-08
4.573744e-08
9.786909e-08
6.14e-08
7.580141e-08
-2.051212e-07
-0.7880308
45.03353
43.7542
42.65791
40.88425
38.83266
0
0
0
0
0
-99512.65
-40100.57
-14490.29
-4287.519
375.117
2.355285e-05
-0.0002430326
3.158654e-05
-5.731939e-05
9.861603e-06
-1.413801e-05
2.88375e-05
1.980857e-05
4.91774e-06
-1.199302e-05
0
0
0
0
0
0
-4.264938e-09
-5.473644e-09
-6.401876e-09
3.070646e-08
-9.830631e-09
2.116612e-09
-2.211857e-07
-0.8592209
46.11336
44.8097
43.65426
41.88177
39.90232
0
0
0
0
0
8418.126
-89937.32
-34784.54
-12630.08
-4212.798
0.0001583195
4.201976e-05
-4.507637e-05
0.000400251
2.242965e-05
-6.096383e-06
-3.308451e-05
-2.162748e-05
4.946209e-06
4.281449e-06
0
0
0
0
0
0
0
1.111587e-09
1.404145e-09
1.929229e-09
-4.838265e-10
-2.712446e-09
-2.59455e-07
-0.9570364
47.64254
46.31047
45.06485
43.27367
41.3566
0
0
0
0
0
8543.233
7332.184
-83006.19
-31380.38
-12542.42
3.572896e-05
-0.0001664955
8.341149e-05
6.475051e-05
2.756205e-05
2.779239e-06
2.412307e-05
5.067515e-06
-4.641441e-06
3.138152e-06
0
0
0
0
0
0
0
0
5.769545e-09
6.516543e-09
4.784854e-09
2.9616e-09
-3.418028e-07
-1.111109
49.83616
48.45115
47.07178
45.23335
43.37228
0
0
0
0
0
8651.494
7547.583
6606.524
-78149.89
-29649.63
-9.795446e-05
-6.950672e-05
0.000194539
-0.0001546214
-8.795565e-05
-3.31212e-06
1.469556e-06
7.278116e-07
1.786849e-05
-4.592976e-06
0
0
0
0
0
0
0
0
0
8.600066e-09
7.205572e-09
5.72411e-09
-3.629228e-07
-1.124406
52.68318
51.4234
49.83125
47.91798
46.10379
0
0
0
0
0
8747.186
7733.249
6891.345
6035.056
-74830.28
9.080936e-05
-0.0001229879
-0.0001250799
-0.0001120093
-6.189407e-05
2.306354e-05
1.610182e-05
-1.202541e-05
2.545071e-05
6.569156e-06
0
0
0
0
0
0
0
0
0
0
0
0
0
0
0
0
0
0
0
0
0
0
0
-5.961293e-09
-9.450881e-09
-2.85252e-09
6.070819e-09
8.454102e-09
1.214045e-07
2.006058e-07
2.681341e-08
-3.720711e-07
-1.15996
49.92096
48.40504
46.7027
44.62701
42.59963
0
0
0
0
0
34927.53
36256.04
37981.04
40882.76
46562.12
0.0002862112
-9.528339e-05
0
0
0
0
0
0
0
0
0
0
0
0
-6.538208e-09
-9.383468e-09
5.675745e-09
1.560031e-08
1.155768e-08
1.117064e-07
7.798799e-08
2.096623e-07
-3.484772e-07
-1.127575
47.55852
45.98905
44.5141
42.56245
40.55194
0
0
0
0
0
28037.79
29660.13
31425.96
33988.04
38507.12
8.706003e-05
-0.0001297945
-0.0001056131
0
0
0
0
0
0
0
0
0
0
0
-7.713873e-09
5.907884e-09
2.873884e-08
4.43559e-08
4.303249e-08
1.299906e-07
7.172304e-08
1.097174e-07
-3.316884e-07
-0.9575371
45.73648
44.26654
42.94647
41.07366
39.05673
0
0
0
0
0
22368.23
24282.86
26114.61
28428.61
32195.92
4.357178e-05
0.0001582905
-0.0001242566
-7.441096e-05
0
0
0
0
0
0
0
0
0
0
-8.251312e-09
3.54811e-08
7.144449e-08
9.589073e-08
9.990226e-08
1.797075e-07
1.168209e-07
1.302724e-07
-2.639829e-07
-0.8438079
44.50204
43.09149
41.87944
40.05192
38.01186
0
0
0
0
0
17713.62
19880.2
21793.28
23930.79
27112.6
-8.089299e-05
0.0002367925
0.0001328107
-7.404378e-05
9.385617e-05
0
0
0
0
0
0
0
0
0
7.880754e-07
1.01426e-07
1.500544e-07
1.814259e-07
1.878754e-07
2.609093e-07
1.987534e-07
2.054016e-07
-2.419069e-07
-0.774786
43.69755
42.32641
41.16711
39.36234
37.28609
0
0
0
0
0
13818.92
16253.51
18253.93
20266.27
22995.15
-5.921979e-05
6.044795e-06
-3.904766e-05
0.0001567016
5.484834e-05
1.857799e-05
3.902227e-05
8.285013e-05
0.0001135002
0.0001860968
0.3002074
0.008973591
1.284036e-05
-7.766989e-08
-2.605111e-07
1.889114e-06
3.055256e-07
3.148433e-07
3.090314e-07
3.758023e-07
3.117668e-07
3.16199e-07
-2.481607e-07
-0.7468491
43.24816
41.88826
40.75637
38.9336
36.81305
0
0
0
0
0
10564.78
13216.6
15322.44
17235.44
19613.1
4.547666e-05
-0.0001359326
9.738005e-05
-4.392591e-05
-1.180861e-05
-1.725093e-05
2.973875e-05
8.090508e-05
0.0001105077
0.0001629056
0.3018959
0.009869029
3.572183e-05
-1.242575e-07
-2.467289e-07
1.613726e-06
4.125348e-07
4.192987e-07
4.096011e-07
4.698584e-07
4.112519e-07
4.163299e-07
-2.593638e-07
-0.7142754
43.12792
41.79197
40.67467
38.83073
36.66013
0
0
0
0
0
7641.351
10629.14
12808.97
14659.9
16732.46
-9.002499e-05
-0.0003162709
3.963659e-06
0.00019348
7.599859e-05
1.14429e-05
-6.189512e-07
2.087475e-05
0.01602534
0.0001587161
0.3013849
0.009367879
1.706057e-05
-1.346173e-07
-2.570523e-07
1.424917e-06
4.686131e-07
4.786659e-07
4.718113e-07
5.33335e-07
4.808097e-07
4.888731e-07
-2.739233e-07
-0.7021912
43.14889
41.82023
40.71118
38.86833
36.66818
0
0
0
0
0
4908.541
8303.462
10635.79
12433.42
14265.48
-1.013204e-05
0.0001043002
2.42232e-05
0.0002561169
8.648617e-05
4.37257e-06
2.221344e-05
5.572474e-06
2.66895e-05
0.01215791
0.2995371
0.009389982
1.813663e-05
-1.250429e-07
-2.405751e-07
1.303805e-06
4.84132e-07
4.980509e-07
4.954335e-07
5.614841e-07
5.151419e-07
5.277387e-07
-2.838774e-07
-0.7004183
43.22682
41.90142
40.79807
38.96053
36.75831
0
0
0
0
0
2157.299
6126.535
8725.346
10486.95
12124.86
0.000146571
0.0001556645
-5.232404e-05
8.568737e-05
-0.000121738
4.047821e-06
-9.203209e-06
-9.453892e-06
-4.036648e-06
0.001374836
0.2787186
0.009207369
1.804699e-05
-9.041926e-08
-1.780238e-07
1.231614e-06
4.711479e-07
4.863661e-07
4.85725e-07
5.5495e-07
5.137094e-07
5.316225e-07
-2.85245e-07
-0.6998734
43.33532
42.02174
40.92529
39.09143
36.89516
0
0
0
0
0
-935.3657
3928.303
6910.93
8802.703
10243.11
2.246316e-05
-0.0001420921
-0.0001028307
-5.112795e-05
4.539216e-05
-1.958395e-05
5.311001e-07
1.142767e-05
-7.543389e-06
0.003228036
0.003968691
0.01770324
1.607994e-05
-4.575874e-08
-1.354555e-07
1.199011e-06
4.389023e-07
4.511971e-07
4.489628e-07
5.182411e-07
4.797639e-07
5.01657e-07
-2.781461e-07
-0.7012318
43.47238
42.16777
41.08522
39.25742
37.06671
0
0
0
0
0
-4927.842
1431.978
5071.003
7181.81
8612.694
4.703779e-05
9.496426e-05
-7.115311e-05
0.0001674176
-0.0001318211
2.363078e-05
-1.062399e-05
-2.760351e-07
-2.936822e-06
-0.002961117
0.004483584
0.01064494
0.02360845
-2.408059e-06
-1.151915e-07
1.227304e-06
3.957787e-07
3.979886e-07
3.908832e-07
4.574206e-07
4.187936e-07
4.423807e-07
-2.633686e-07
-0.7040299
43.63448
42.34059
41.26793
39.45455
37.27421
0
0
0
0
0
-11496.26
-1857.239
2958.817
5529.168
7033.239
-0.0001721381
-5.376996e-05
1.049317e-05
-0.0001525727
4.477653e-06
6.479266e-06
9.309209e-06
5.823168e-06
1.49956e-06
0.003836816
0.003422916
-0.0001043665
0.005948763
0.03131034
-9.229799e-08
1.701273e-06
3.279724e-07
3.295156e-07
3.165298e-07
3.737625e-07
3.37292e-07
3.603085e-07
-2.42491e-07
-0.7076927
43.81216
42.54134
41.47915
39.67686
37.51735
0
0
0
0
0
-22925.54
-7485.777
121.0533
3611.923
5410.879
1.992123e-05
-6.722922e-05
0.0001790224
0.000136035
6.255584e-05
2.12174e-06
3.487169e-06
6.57465e-07
-1.475161e-05
-0.0006384477
0.005674387
-0.009009402
0.01309514
0.01315195
-9.028273e-08
4.483448e-06
1.215571e-06
2.50462e-07
2.276802e-07
2.774306e-07
2.412614e-07
2.617644e-07
-2.205832e-07
-0.7219454
44.0317
42.76874
41.72465
39.93577
37.79724
0
0
0
0
0
-46080.23
-17555.25
-4890.987
996.6481
3511.665
-6.251395e-05
0.0001215884
0.0001603309
0.0001003288
-0.0002138614
7.192212e-06
2.387162e-05
1.45588e-06
8.133932e-06
0.004928155
-0.007370516
0.009895356
-0.0112679
0.002737686
-0.0003672246
6.469201e-06
3.428785e-05
3.309266e-07
1.295914e-07
1.765133e-07
1.40248e-07
1.565551e-07
-2.049991e-07
-0.7571682
44.38644
43.11506
42.07168
40.30573
38.2053
0
0
0
0
0
-101270
-38524.59
-13997.5
-3688.809
907.5368
-4.726784e-05
-0.0001075948
-4.704083e-05
0.0001079821
8.805426e-06
5.278053e-06
4.978369e-06
2.28197e-06
2.320447e-05
0.0008640462
0.005398906
-0.001322967
-0.002158561
0.002075243
0.00316682
0.00052354
3.833374e-07
4.522881e-08
3.631234e-08
8.03827e-08
4.566963e-08
5.823118e-08
-1.988844e-07
-0.7877589
45.09536
43.82976
42.75148
40.99819
38.97192
0
0
0
0
0
8492.815
-91474.17
-34864.07
-12135.9
-3672.04
-0.0001176313
0.0002029347
0.0001493082
-9.491578e-05
5.340641e-06
-3.073381e-06
9.010635e-06
-4.338077e-06
-1.164484e-05
-6.728803e-06
0
0
0
0
0
0
0
-5.003594e-09
-4.783285e-09
1.396077e-08
-6.867646e-09
-9.260888e-09
-2.159831e-07
-0.8587614
46.16403
44.87563
43.73663
41.98396
40.02744
0
0
0
0
0
8601.962
7400.781
-84138.72
-31456.6
-11637.37
6.726203e-05
-0.000127683
-0.0001753378
3.676218e-05
-0.0002521723
-1.42276e-05
7.153496e-06
3.465041e-05
1.993892e-05
-8.287117e-06
0
0
0
0
0
0
0
0
2.269899e-09
3.217216e-09
1.48217e-09
-3.94082e-10
-2.549867e-07
-0.9561451
47.68231
46.36624
45.13786
43.36534
41.47187
0
0
0
0
0
8697.965
7597.649
6662.448
-78869.13
-29693.5
5.007515e-05
-1.899564e-05
0.000137805
-1.570023e-05
-8.909375e-05
3.621826e-05
-7.386894e-06
-1.609732e-05
9.640414e-06
4.560235e-06
0
0
0
0
0
0
0
0
0
7.320837e-09
6.091283e-09
4.57816e-09
-3.384149e-07
-1.109856
49.85905
48.49693
47.13548
45.31714
43.47863
0
0
0
0
0
8789.515
7776.495
6936.226
6081.425
-75200.15
0.0001295139
0.0001871849
3.3619e-05
-0.0001572328
-1.347012e-05
1.678364e-05
1.117045e-05
1.096683e-05
-2.298701e-05
-5.072012e-06
0
0
0
0
0
0
0
0
0
0
8.495228e-09
6.845608e-09
-3.633918e-07
-1.1226
52.68706
51.44945
49.81288
47.99748
46.20373
0
0
0
0
0
8875.458
7938.16
7179.101
6390.186
5709.095
-8.062275e-05
-0.0001402459
0.0001180742
1.115548e-05
0.0001297079
-6.753835e-06
-3.352168e-05
-1.93989e-05
1.607404e-05
-6.092698e-06
0
0
0
0
0
0
0
0
0
0
0
0
0
0
0
0
0
0
0
0
0
0
0
-5.668557e-09
-9.193765e-09
-4.605195e-09
2.450244e-09
-5.033935e-09
8.155079e-08
6.246836e-08
1.933089e-07
-3.735251e-07
-1.144095
50.09294
48.59272
46.89274
44.8236
42.8108
0
0
0
0
0
27863.38
29497.2
31267.93
33833.39
38342.96
-3.314755e-05
-0.0001202985
1.571131e-05
0
0
0
0
0
0
0
0
0
0
0
-6.073221e-09
-1.065256e-08
3.652975e-09
1.328218e-08
7.239773e-09
9.905736e-08
3.760229e-08
7.425101e-08
-4.140577e-07
-1.103241
47.69439
46.14353
44.67139
42.72423
40.7221
0
0
0
0
0
22124.62
24056.63
25894.05
28209.26
31963.95
5.254932e-05
5.74658e-05
0.0002098579
9.864226e-05
0
0
0
0
0
0
0
0
0
0
-7.009275e-09
2.823679e-09
2.535111e-08
4.114265e-08
3.972797e-08
1.246715e-07
5.781696e-08
6.945129e-08
-3.006999e-07
-0.9366266
45.86142
44.40002
43.08105
41.21031
39.1995
0
0
0
0
0
17396.13
19571.48
21502.59
23640.53
26812.9
0.0001232682
1.405735e-06
-4.930704e-05
0.000121363
5.757723e-05
0
0
0
0
0
0
0
0
0
-8.972962e-09
3.045645e-08
6.566323e-08
9.01899e-08
9.478604e-08
1.748715e-07
1.093487e-07
1.146098e-07
-2.551721e-07
-0.8431291
44.64747
43.23167
41.99967
40.1734
38.13647
0
0
0
0
0
13440.72
15898.82
17906.65
19919.33
22641.87
8.298979e-05
0.000175876
-0.0002458436
-6.397803e-06
5.760473e-05
-1.907861e-05
0
0
0
0
0
0
0
0
7.828903e-07
9.269764e-08
1.398396e-07
1.713815e-07
1.787521e-07
2.532557e-07
1.909524e-07
1.949993e-07
-2.37859e-07
-0.7769194
43.85846
42.4867
41.30346
39.4747
37.39945
0
0
0
0
0
10154.82
12839.42
14956.37
16874.13
19243.23
2.310349e-05
0.0001388637
4.431025e-05
0.0001018763
-5.538397e-05
9.669134e-06
-2.491968e-05
8.564099e-05
0.0001129524
0.0001679436
0.2999993
0.00898513
1.300173e-05
-7.308959e-08
-2.22149e-07
1.869641e-06
2.86951e-07
2.974015e-07
2.936658e-07
3.628966e-07
3.004023e-07
3.047146e-07
-2.447869e-07
-0.748924
43.40745
42.04783
40.91467
39.06992
36.92279
0
0
0
0
0
7300.434
10313.73
12499.96
14359.64
16433.48
7.605006e-05
3.233022e-06
8.751878e-05
-2.954802e-05
1.417756e-05
-8.782939e-06
2.845331e-05
-1.137076e-05
0.01513255
0.0001597044
0.3010354
0.009949276
3.614281e-05
-1.092045e-07
-2.168765e-07
1.58731e-06
3.865562e-07
3.943143e-07
3.867004e-07
4.503731e-07
3.946538e-07
4.014313e-07
-2.55477e-07
-0.7162369
43.28641
41.95065
40.83687
38.99388
36.80056
0
0
0
0
0
4646.683
8058.825
10424.48
12206.58
14044.16
-0.0001149326
0.0001791713
0.0002953399
-0.0002689496
-0.0001472521
-1.237981e-05
-2.262107e-05
-3.005278e-06
-1.607118e-05
0.0122055
0.2985044
0.009600265
1.891064e-05
-1.138226e-07
-2.071785e-07
1.394773e-06
4.377019e-07
4.476501e-07
4.42023e-07
5.065752e-07
4.581966e-07
4.693822e-07
-2.691777e-07
-0.7038567
43.3053
41.97992
40.87366
39.03624
36.8392
0
0
0
0
0
1977.581
5959.177
8565.654
10350.57
11978.06
-2.096414e-05
-6.606065e-05
-5.647563e-05
0.0001284224
-0.0001792532
-8.75085e-07
-1.220907e-05
5.946852e-06
-2.306747e-06
-0.004107791
0.2782643
0.01008414
2.200619e-05
-8.79776e-08
-1.490182e-07
1.272905e-06
4.510112e-07
4.636045e-07
4.607408e-07
5.285848e-07
4.86111e-07
5.03086e-07
-2.780473e-07
-0.7019903
43.37258
42.05852
40.96098
39.12706
36.93312
0
0
0
0
0
-1028.565
3841.36
6828.85
8725.544
10172.36
0.0002233125
9.358577e-06
-0.0002870002
-6.448664e-06
-1.643288e-05
2.208371e-05
1.901118e-06
2.092613e-05
-9.104903e-06
-0.003921716
-0.004581881
0.01770317
1.607877e-05
-4.571543e-08
-1.355178e-07
1.199011e-06
4.389024e-07
4.511972e-07
4.489626e-07
5.182409e-07
4.797625e-07
5.016567e-07
-2.78146e-07
-0.7012318
43.47238
42.16777
41.08522
39.25742
37.06671
0
0
0
0
0
-4927.843
1431.978
5071.003
7181.81
8612.695
7.771723e-05
2.234101e-05
4.114898e-05
0.0002963174
1.184512e-05
-7.723935e-06
1.62276e-05
5.20999e-06
1.877347e-05
-8.505476e-05
-0.00446808
-0.003581588
0.02362166
-2.504832e-06
-1.240053e-07
1.1806e-06
4.12249e-07
4.181648e-07
4.129046e-07
4.807724e-07
4.434472e-07
4.68146e-07
-2.698591e-07
-0.7019297
43.59776
42.30467
41.2335
39.41991
37.23691
0
0
0
0
0
-11400.75
-1757.769
3052.485
5614.231
7110.85
-0.0001011324
-6.60099e-05
-2.65422e-05
-0.000114006
-0.0001110434
4.662401e-06
-1.657676e-05
3.003109e-06
-7.854523e-06
0.0002870872
-0.002784819
-0.0097627
-0.003848613
0.03135702
-1.009697e-07
1.323806e-06
3.638805e-07
3.69097e-07
3.584943e-07
4.20531e-07
3.832504e-07
4.079833e-07
-2.544546e-07
-0.7043471
43.73618
42.46577
41.4068
39.605
37.44012
0
0
0
0
0
-22787.01
-7276.626
330.2573
3800.553
5578.634
-5.90755e-05
0.0002003019
-0.0001931619
4.743328e-05
4.699026e-05
1.274859e-07
-5.377252e-06
1.228545e-05
1.862832e-06
0.001679805
-0.000356736
0.001794155
-0.007476455
0.0005072625
-9.53214e-08
2.292355e-06
1.204087e-06
3.106724e-07
2.893366e-07
3.396327e-07
3.044277e-07
3.276412e-07
-2.336995e-07
-0.7077551
43.89705
42.64375
41.60609
39.81797
37.67102
0
0
0
0
0
-46228.31
-17298.34
-4545.11
1322.136
3795.688
-0.0001211171
-0.0001198716
-0.0001092516
-9.120819e-05
-8.453631e-05
-1.944513e-06
3.302182e-06
-8.451901e-06
-1.28264e-06
0.001033945
0.0005404299
-0.01054453
0.009234125
-0.0056459
0.004308827
1.887914e-06
2.604315e-05
2.38889e-07
2.073042e-07
2.494625e-07
2.143245e-07
2.33075e-07
-2.115193e-07
-0.7218196
44.10282
42.85507
41.82982
40.06497
37.94174
0
0
0
0
0
-102565.4
-38612.89
-13593.6
-3199.327
1348.08
-0.0001380498
-1.285761e-05
1.312468e-05
-6.911625e-05
-0.0001385521
7.157237e-06
-2.425198e-05
-1.277792e-05
1.176113e-05
-0.002475654
-0.004893911
-0.003223707
-0.002609025
0.005237432
0.01074557
-0.007886153
4.53492e-05
3.263078e-07
1.168638e-07
1.547144e-07
1.202105e-07
1.342565e-07
-1.973943e-07
-0.7568347
44.44594
43.18776
42.162
40.41536
38.33972
0
0
0
0
0
8571.12
-93074.74
-33202.95
-11622.72
-3086.857
6.440551e-05
-1.620695e-05
0.0001079997
-9.430009e-05
-7.725555e-05
-1.642994e-05
-4.110127e-06
-1.459241e-05
8.977038e-06
-0.000211602
0.001170349
-9.743748e-05
0.00312312
-0.001372503
-0.0009833027
-0.0001999754
-0.001804766
5.860125e-08
2.728883e-08
6.391232e-08
3.277657e-08
4.22299e-08
-1.929652e-07
-0.7872979
45.14384
43.89288
42.8297
41.0952
39.09079
0
0
0
0
0
8668.26
7481.109
-85567.66
-31481.97
-11148.23
0.0001867189
-2.690634e-05
-0.0002842375
-6.564216e-05
9.083486e-05
1.406453e-06
-2.607129e-06
1.406738e-05
1.249738e-06
1.682018e-06
0
0
0
0
0
0
0
0
-4.108665e-09
-2.792618e-09
-4.48532e-09
-6.428248e-09
-2.113176e-07
-0.8579383
46.20214
44.9277
43.80511
42.0699
40.13491
0
0
0
0
0
8752.902
7658.61
6733.381
-79942.96
-29754.25
-5.942739e-05
-8.142036e-05
0.000147387
8.012011e-05
-1.965647e-05
-1.675181e-05
1.3683e-05
-1.304816e-05
-1.983099e-05
-1.084752e-05
0
0
0
0
0
0
0
0
0
4.023367e-09
2.943276e-09
1.470326e-09
-2.516559e-07
-0.954935
47.70468
46.40741
45.19617
43.442
41.56917
0
0
0
0
0
8832.365
7823.231
6987.085
6136.317
-75891.07
-8.167583e-05
9.186246e-05
7.860305e-05
-1.407822e-05
5.085147e-05
-2.113534e-05
-3.971432e-05
5.217767e-06
-3.446062e-06
-6.14283e-06
0
0
0
0
0
0
0
0
0
0
7.37694e-09
5.799779e-09
-3.387933e-07
-1.108221
49.866
48.5213
47.18488
45.38402
43.56832
0
0
0
0
0
8916.465
7978.565
7221.235
6433.295
5753.63
-3.559704e-05
-0.000142606
-0.0001864628
5.28294e-05
1.069008e-05
1.013255e-05
-1.326964e-05
-8.743633e-06
-1.245455e-05
2.246403e-05
0
0
0
0
0
0
0
0
0
0
0
7.864813e-09
-3.740695e-07
-1.121915
52.67126
51.45934
49.83109
48.11828
46.28492
0
0
0
0
0
8993.962
8123.414
7434.363
6699.83
6061.517
-3.737175e-05
0.0001089986
9.952669e-05
-0.0001274465
5.550317e-05
-2.686986e-06
1.580743e-05
6.699167e-06
1.648322e-07
-1.221977e-05
0
0
0
0
0
0
0
0
0
0
0
0
0
0
0
0
0
0
0
0
0
0
0
-5.249631e-09
-8.778198e-09
-6.505229e-09
6.530823e-10
-8.477484e-09
6.95002e-08
2.130366e-08
5.780696e-08
-4.34247e-07
-1.118183
50.24881
48.76866
47.07259
45.0077
43.00455
0
0
0
0
0
21962.39
23906.27
25749.93
28066.74
31818.47
8.379229e-05
0.0001082512
-0.0001108055
1.067191e-05
0
0
0
0
0
0
0
0
0
0
-5.462657e-09
-9.938079e-09
1.028776e-09
1.105591e-08
5.144775e-09
9.510001e-08
2.462655e-08
3.442786e-08
-3.829239e-07
-1.081797
47.83427
46.29268
44.82065
42.87728
40.88155
0
0
0
0
0
17173.58
19360.28
21301.62
23441.25
26606.36
-2.80363e-06
-0.0001691146
-0.0002081119
-0.0001408089
-9.950515e-05
0
0
0
0
0
0
0
0
0
-6.165852e-09
-1.067514e-09
2.103596e-08
3.712506e-08
3.651617e-08
1.219323e-07
5.246862e-08
5.563267e-08
-2.924537e-07
-0.9362715
46.01759
44.54851
43.21106
41.34188
39.33435
0
0
0
0
0
13139.02
15619.04
17628.2
19654.07
22367.23
-2.692753e-05
-6.209094e-05
-3.000648e-05
-0.0002513205
-6.565165e-05
-1.432023e-05
0
0
0
0
0
0
0
0
-7.820273e-09
2.461921e-08
5.858645e-08
8.317234e-08
8.860313e-08
1.701768e-07
1.045509e-07
1.072303e-07
-2.519453e-07
-0.8456718
44.81492
43.39923
42.13888
40.29168
38.25677
0
0
0
0
0
9745.526
12498.01
14629.36
16552.3
18912.55
-0.0001263126
1.872126e-05
-0.0003469258
0.0001349286
-5.658933e-05
-5.783562e-06
1.6228e-05
0
0
0
0
0
0
0
7.773864e-07
8.325683e-08
1.282072e-07
1.593529e-07
1.677932e-07
2.443044e-07
1.833992e-07
1.873465e-07
-2.35518e-07
-0.7791008
44.02179
42.65103
41.46533
39.61168
37.51166
0
0
0
0
0
6895.775
9933.932
12144.14
14014.85
16086.38
4.913889e-05
-9.912307e-05
2.638364e-05
2.309132e-06
-5.598248e-05
-5.071281e-07
4.025569e-06
6.178921e-06
0.01379575
0.0001651536
0.2994352
0.009007975
1.324656e-05
-6.277256e-08
-1.31654e-07
1.848563e-06
2.671038e-07
2.776896e-07
2.754867e-07
3.476074e-07
2.876754e-07
2.935845e-07
-2.419182e-07
-0.751015
43.56546
42.20682
41.07625
39.23278
37.06007
0
0
0
0
0
4291.992
7733.878
10119.65
11911.74
13755.71
-6.793197e-05
-7.675621e-05
-3.173736e-05
-0.0001785326
-5.649324e-05
2.169713e-05
1.62118e-05
-1.177873e-05
4.059467e-07
0.01101878
0.2980644
0.009989432
3.719101e-05
-9.25778e-08
-1.283708e-07
1.561115e-06
3.600448e-07
3.675735e-07
3.6108e-07
4.274027e-07
3.754638e-07
3.851338e-07
-2.515798e-07
-0.7179261
43.4416
42.10873
40.99786
39.15954
36.97079
0
0
0
0
0
1699.563
5704.264
8325.316
10146.24
11759.56
0.0002185943
1.057892e-05
2.426093e-05
-0.0001588659
0.0001926226
1.827426e-06
2.761168e-05
1.710773e-05
1.624409e-05
0.004752219
0.2778118
0.01090629
2.425899e-05
-8.156249e-08
-1.162195e-07
1.365498e-06
4.073603e-07
4.16055e-07
4.102779e-07
4.7652e-07
4.318004e-07
4.471251e-07
-2.639555e-07
-0.7053881
43.44988
42.13602
41.03554
39.20183
37.01289
0
0
0
0
0
-1220.547
3663.924
6662.717
8570.465
10040.54
5.53851e-05
-7.495184e-05
0.0001377977
-5.368603e-05
-4.584431e-05
2.842292e-05
-6.417005e-06
5.556506e-06
-1.374661e-05
-0.000153051
0.005055057
0.01768425
3.019371e-05
-4.518383e-08
-1.27687e-07
1.240579e-06
4.20223e-07
4.298028e-07
4.254687e-07
4.933772e-07
4.536105e-07
4.744619e-07
-2.712879e-07
-0.7033315
43.50934
42.20399
41.12019
39.29273
37.10427
0
0
0
0
0
-5025.778
1338.799
4984.101
7101.723
8538.017
-0.000111052
-0.0002502106
-0.0001267158
0.0002347538
4.189006e-05
-2.289966e-05
-6.955903e-06
-1.819935e-05
2.675578e-07
-0.002070882
0.002253128
0.01645002
0.02362164
-2.505219e-06
-1.239717e-07
1.1806e-06
4.122491e-07
4.181651e-07
4.129046e-07
4.807738e-07
4.434463e-07
4.681473e-07
-2.698597e-07
-0.7019297
43.59776
42.30467
41.2335
39.41991
37.23691
0
0
0
0
0
-11400.75
-1757.769
3052.485
5614.231
7110.85
-1.888236e-05
-0.0001437471
-0.0001012874
1.0251e-05
-0.0002234719
-3.153304e-06
1.822142e-05
-1.200358e-05
2.358049e-06
-0.001074246
0.006205849
0.01370753
0.000789448
0.03137809
-1.097489e-07
1.177451e-06
3.809832e-07
3.880655e-07
3.791522e-07
4.438673e-07
4.064185e-07
4.322665e-07
-2.605423e-07
-0.7022503
43.69944
42.43006
41.37268
39.57085
37.40341
0
0
0
0
0
-22720.04
-7176.365
431.2767
3892.643
5661.188
-0.0001844226
6.136831e-05
-5.141783e-05
5.655223e-05
7.560295e-05
-6.742138e-07
1.012108e-05
5.096645e-06
-9.905477e-06
-0.002144488
-0.004363206
-0.001486939
0.01207091
0.0006410294
-9.988892e-08
8.898291e-07
3.434481e-07
3.485222e-07
3.292375e-07
3.836921e-07
3.479552e-07
3.728299e-07
-2.448633e-07
-0.7044121
43.82096
42.56809
41.53429
39.74652
37.59466
0
0
0
0
0
-46305.83
-17136.39
-4328.143
1529.112
3979.036
2.936554e-06
0.0002233461
3.86244e-05
2.597068e-05
-7.749755e-05
2.845039e-06
-3.496942e-06
3.66852e-06
6.616587e-06
-0.002040169
-0.001875168
-0.001650629
0.01005622
0.002414194
-0.01571296
7.796357e-07
1.237963e-06
2.95762e-07
2.655544e-07
3.081819e-07
2.736178e-07
2.948655e-07
-2.241645e-07
-0.7076254
43.96827
42.72961
41.71116
39.94755
37.81615
0
0
0
0
0
-103377.5
-38689.26
-13307.71
-2852.485
1665.238
0.0001201616
-9.904706e-05
0.0001447438
0.000117466
8.086371e-05
-7.116463e-06
1.097396e-05
-1.761625e-05
7.771436e-06
0.002665185
0.003285114
-0.005646066
-7.488576e-05
-0.005521484
-0.0004476472
0.01266241
2.618158e-05
2.397662e-07
1.916884e-07
2.241805e-07
1.900281e-07
2.061125e-07
-2.025197e-07
-0.7214795
44.16187
42.92729
41.91887
40.1733
38.07509
0
0
0
0
0
8642.529
-94249.72
-33212.4
-11201.71
-2607.755
0.0001030738
7.278303e-05
6.444215e-05
1.156474e-05
-4.387513e-06
1.384252e-05
-1.045184e-05
3.173958e-05
7.75736e-06
-0.003453368
0.0003471559
-0.001055773
-0.008427087
-0.00138606
-0.00507781
-0.005164037
0.01243623
5.129514e-07
1.063986e-07
1.339162e-07
1.037202e-07
1.139762e-07
-1.901881e-07
-0.7562995
44.49323
43.24846
42.23742
40.50904
38.45391
0
0
0
0
0
8737.885
7568.086
-87053.31
-29794.66
-10640.7
-0.0001001802
8.65315e-05
5.7501e-05
-0.0001750825
6.732161e-05
1.714954e-06
1.875397e-05
-1.44133e-06
1.080893e-06
0.0004998658
-0.001708348
0.000152572
0.002620268
0.00159483
0.0008423286
-0.003167223
0.00271363
0.003023977
2.983233e-08
4.588501e-08
2.380317e-08
2.869123e-08
-1.876549e-07
-0.7865336
45.18057
43.94272
42.89544
41.17691
39.19271
0
0
0
0
0
8812.46
7730.331
6818.915
-81295.97
-29761.48
2.230463e-05
-3.681749e-05
6.713877e-05
0.0002358508
2.648962e-05
-6.657721e-06
6.028051e-06
2.442776e-05
-1.59299e-05
8.055657e-07
0
0
0
0
0
0
0
0
0
-2.214156e-09
-2.764479e-09
-4.163568e-09
-2.077271e-07
-0.8569238
46.22425
44.96726
43.85978
42.14192
40.22603
0
0
0
0
0
8883.337
7879.976
7050.353
6206.609
-76922.42
4.597665e-05
0.0001742596
0.0001499761
-0.0001840482
-2.155904e-05
6.871919e-06
9.323627e-06
2.132177e-06
2.559122e-05
8.807256e-06
0
0
0
0
0
0
0
0
0
0
3.989733e-09
2.845676e-09
-2.513104e-07
-0.9535105
47.7146
46.43132
45.24001
43.50387
41.65121
0
0
0
0
0
8957.031
8021.551
7268.593
6483.233
5806.751
-3.622756e-05
0.00022919
-0.0002565544
-0.0001154049
-8.57326e-05
-8.397237e-06
2.015593e-05
7.207066e-06
1.209906e-05
6.255987e-06
0
0
0
0
0
0
0
0
0
0
0
6.804254e-09
-3.490946e-07
-1.107512
49.85951
48.52945
47.21236
45.43076
43.64112
0
0
0
0
0
9032.955
8162.42
7473.706
6740.298
6102.903
3.913413e-05
-2.935569e-05
0.0001624914
8.973515e-05
-7.345243e-05
2.089762e-05
-1.317796e-05
2.865599e-05
1.696102e-05
1.121048e-06
0
0
0
0
0
0
0
0
0
0
0
0
-4.242948e-07
-1.124776
52.67474
51.44226
49.85528
48.16221
46.33009
0
0
0
0
0
9103.845
8292.255
7664.53
6974.7
6369.756
-0.0001931369
5.823119e-06
-6.403637e-05
-6.213528e-05
0.0001182143
5.199883e-06
1.149937e-06
-2.217851e-05
1.510773e-05
5.583407e-06
0
0
0
0
0
0
0
0
0
0
0
0
0
0
0
0
0
0
0
0
0
0
0
-4.694293e-09
-8.154676e-09
-9.764048e-09
-1.122802e-09
-9.662213e-09
6.611804e-08
7.717861e-09
1.610756e-08
-4.032905e-07
-1.094761
50.40865
48.93882
47.24194
45.18232
43.18631
0
0
0
0
0
17021.34
19219.1
21167.25
23310.31
26471.81
-3.907964e-05
-9.415529e-05
-7.613163e-05
0.0001193446
8.607955e-06
0
0
0
0
0
0
0
0
0
-4.725045e-09
-8.977507e-09
-2.492346e-09
8.004308e-09
3.060439e-09
9.365481e-08
2.058655e-08
2.134601e-08
-3.754586e-07
-1.082221
48.00682
46.45532
44.96522
43.02298
41.03285
0
0
0
0
0
12927.46
15423.45
17438.45
19471.07
22178.99
-0.0001001124
0.0002010365
0.0001442429
0.0001450696
2.000804e-05
5.193301e-06
0
0
0
0
0
0
0
0
-5.221393e-09
-5.678485e-09
1.557037e-08
3.187994e-08
3.221876e-08
1.192118e-07
4.970754e-08
5.032624e-08
-2.89924e-07
-0.9394741
46.19608
44.72739
43.35793
41.46952
39.46481
0
0
0
0
0
9442.518
12228.67
14374.19
16296.06
18660.89
8.50014e-05
0.0001525504
-6.599652e-05
-7.509403e-06
0.0001519666
-2.200993e-05
1.183792e-06
0
0
0
0
0
0
0
-6.609038e-09
1.822547e-08
5.035771e-08
7.448861e-08
8.076607e-08
1.641893e-07
9.988663e-08
1.025223e-07
-2.504552e-07
-0.8482538
44.98579
43.57054
42.30786
40.43145
38.37495
0
0
0
0
0
6522.923
9559.301
11826.15
13709.62
15778.91
3.861433e-05
6.639573e-05
0.0001467479
0.0001953798
-1.803574e-05
-6.626e-06
1.179567e-05
1.372958e-07
0
0
0
0
0
0
8.211357e-07
7.3787e-08
1.156048e-07
1.455652e-07
1.544881e-07
2.332463e-07
1.745383e-07
1.79947e-07
-2.336493e-07
-0.7812929
44.18451
42.81438
41.63146
39.77874
37.65014
0
0
0
0
0
3868.227
7354.43
9758.334
11574.63
13423.93
0.0001754208
-0.0001041895
0.0001365452
-0.0001666704
4.622856e-05
-1.778051e-05
-1.256912e-05
-3.49951e-06
-1.001509e-05
0.009919911
0.2959724
0.00906017
1.370793e-05
-5.414111e-08
-7.624176e-08
1.905452e-06
2.474083e-07
2.564934e-07
2.548733e-07
3.292489e-07
2.726016e-07
2.810889e-07
-2.390205e-07
-0.7528097
43.72096
42.36447
41.23751
39.39813
37.23081
0
0
0
0
0
1318.519
5362.828
8009.368
9853.896
11475.74
0.0001158645
0.0001413705
7.441835e-05
7.335291e-05
9.588779e-05
-1.38992e-05
-2.790604e-05
-5.133792e-06
-2.887031e-06
0.000471186
0.2792537
0.01116514
3.876967e-05
-6.88791e-08
-8.91731e-08
1.619091e-06
3.344842e-07
3.402031e-07
3.336422e-07
4.014218e-07
3.528027e-07
3.662508e-07
-2.472114e-07
-0.7194667
43.58528
42.26349
41.15815
39.3238
37.14265
0
0
0
0
0
-1520.997
3390.931
6411.034
8337.834
9843.231
-0.0002086673
-0.0002995767
6.019646e-05
-2.722327e-05
7.672898e-05
-3.399575e-06
4.489088e-06
-2.775026e-05
-5.81171e-06
-0.006735859
-0.003538869
0.01765424
4.46513e-05
-4.346666e-08
-1.053388e-07
1.337645e-06
3.79929e-07
3.849825e-07
3.779528e-07
4.442668e-07
4.021127e-07
4.211074e-07
-2.578433e-07
-0.7066892
43.58606
42.28053
41.19381
39.36653
37.18325
0
0
0
0
0
-5229.323
1147.328
4807.206
6939.88
8388.022
-7.087407e-05
-0.0001224626
-1.360947e-05
-8.4445e-05
0.0001036377
-1.677868e-05
-2.815072e-05
1.56397e-05
-1.062673e-06
-0.000444976
0.001614256
-0.01298591
0.02360839
-2.409004e-06
-1.150963e-07
1.227304e-06
3.95779e-07
3.979888e-07
3.908834e-07
4.57422e-07
4.187943e-07
4.423807e-07
-2.633684e-07
-0.7040298
43.63448
42.34059
41.26793
39.45455
37.27421
0
0
0
0
0
-11496.26
-1857.239
2958.817
5529.168
7033.239
-0.0001156491
6.30058e-05
0.0001232916
9.809957e-05
-9.409413e-05
8.174343e-06
2.59382e-05
-1.648603e-05
-1.777179e-05
-0.001266789
0.003136474
-0.001851094
-0.01189326
0.03137808
-1.099042e-07
1.177451e-06
3.809833e-07
3.880655e-07
3.791523e-07
4.438663e-07
4.064203e-07
4.322666e-07
-2.605444e-07
-0.7022503
43.69944
42.43006
41.37268
39.57085
37.40341
0
0
0
0
0
-22720.04
-7176.365
431.2767
3892.643
5661.188
5.687973e-05
-6.556172e-05
0.000243115
5.630389e-05
-1.080794e-05
2.655115e-08
1.054598e-06
-3.067698e-05
1.824166e-05
0.0004337472
6.303907e-05
-0.007402612
-0.006487854
-0.01385038
-1.06882e-07
1.276678e-06
3.591696e-07
3.661905e-07
3.486716e-07
4.076344e-07
3.699865e-07
3.956408e-07
-2.505408e-07
-0.7022959
43.78416
42.53236
41.50037
39.71264
37.55838
0
0
0
0
0
-46338.54
-17058.41
-4224.035
1629.125
4068.574
-0.0001312403
0.0001311068
-7.364527e-06
0.000129102
-2.70101e-05
-2.657863e-06
-5.942626e-06
-7.821689e-06
-4.374442e-06
0.001703831
0.01058257
0.00890017
0.0008004381
0.003614666
0.0007564641
4.503054e-07
1.162433e-06
3.3179e-07
3.031959e-07
3.496328e-07
3.144453e-07
3.377885e-07
-2.349863e-07
-0.7043052
43.89187
42.65379
41.63926
39.87668
37.74015
0
0
0
0
0
-103832.9
-38724.41
-13127.94
-2634.809
1866.984
-0.0002553544
5.507869e-05
-0.0001146563
-5.886606e-05
7.558867e-05
9.772376e-06
-1.789012e-05
-3.027974e-07
-5.247729e-06
0.00175329
-0.0001283318
0.003529723
0.001478604
0.005295945
0.002028791
0.0002900147
1.392665e-05
2.921841e-07
2.478226e-07
2.799365e-07
2.458448e-07
2.640581e-07
-2.14051e-07
-0.7072334
44.02762
42.80195
41.79978
40.05568
37.94969
0
0
0
0
0
8702.037
-94983.02
-33234.84
-10903.83
-2268.031
-0.000188869
-0.0001467102
0.0001070712
2.129839e-05
-7.293012e-05
-1.758165e-06
9.747683e-06
-4.241236e-05
4.93832e-06
-0.0006611359
0.0002053603
-0.0045851
0.01167052
0.003301156
0.003611448
-0.01858411
-0.01095087
7.226022e-07
1.797436e-07
2.009849e-07
1.699141e-07
1.816246e-07
-1.940254e-07
-0.7209576
44.20827
42.98752
41.99382
40.26565
38.18777
0
0
0
0
0
8799.659
7649.18
-88138.61
-29759.06
-10223.32
-0.0001200571
-0.0001660017
-9.156335e-05
4.776724e-05
-4.031722e-05
8.794977e-06
-1.006975e-06
-1.699601e-06
-3.143211e-05
-0.0002997609
0.007677486
-0.005056635
-0.006599565
0.006415346
0.004248036
0.005103943
-0.009160217
-0.009824673
1.103425e-07
1.084373e-07
9.192793e-08
9.684409e-08
-1.836747e-07
-0.7554288
44.52929
43.29708
42.30078
40.58786
38.55215
0
0
0
0
0
8875.129
7808.091
6913.496
-82701.96
-28106.79
-0.0001408614
8.614325e-05
-0.0001455754
-0.0001601155
0.0001803718
9.269058e-06
5.00271e-06
-8.74422e-06
7.467642e-06
-0.0003797935
0.004214776
0.002867348
-0.002557311
0.0006931179
-0.00464886
0.004465842
0.0009146362
0.001360502
0.001808999
3.138021e-08
1.979279e-08
1.853501e-08
-1.834814e-07
-0.785648
45.20307
43.98082
42.94787
41.24605
39.27924
0
0
0
0
0
8938.409
7944.501
7126.92
6292.584
-78222.44
0.000117831
7.629409e-05
-0.000201019
0.000104803
-0.0001086372
-1.299048e-06
9.718852e-06
-1.765021e-05
-7.220059e-06
2.370226e-06
0
0
0
0
0
0
0
0
0
0
-1.93874e-09
-2.543478e-09
-2.067152e-07
-0.8557055
46.23532
44.99091
43.90191
42.20001
40.30301
0
0
0
0
0
9003.29
8073.984
7327.263
6546.023
5874.982
-0.0001178019
2.297557e-05
-0.0003030263
-0.0001603315
9.17277e-05
1.186345e-05
7.855229e-07
6.786683e-06
-1.606898e-05
-1.683499e-05
0
0
0
0
0
0
0
0
0
0
0
3.744875e-09
-2.584358e-07
-0.9528756
47.7114
46.44278
45.26675
43.55106
41.71809
0
0
0
0
0
9071.651
8203.011
7517.188
6786.735
6151.207
-0.0001079435
-2.15503e-05
-0.0002837913
0.0001776201
5.127447e-05
-3.354262e-06
1.157816e-05
8.151473e-06
-3.800269e-06
-1.240412e-05
0
0
0
0
0
0
0
0
0
0
0
0
-3.904212e-07
-1.109848
49.86297
48.52388
47.22374
45.46061
43.69947
0
0
0
0
0
9141.13
8329.339
7702.39
7012.471
6408.603
-0.0001027707
-0.0003106433
0.0002304503
-5.187138e-05
-2.969075e-05
5.729441e-06
-1.550875e-05
8.374792e-06
-2.036743e-05
-9.647492e-06
0
0
0
0
0
0
0
0
0
0
0
0
0
-1.102984
52.77501
51.44679
49.92643
48.16826
46.3646
0
0
0
0
0
9210.693
8446.224
7873.165
7222.168
6643.343
6.678159e-05
8.91404e-05
2.563361e-05
0.0001427736
9.027474e-05
-2.243735e-06
-4.738923e-06
-1.137123e-05
1.003565e-05
-3.70712e-06
0
0
0
0
0
0
0
0
0
0
0
0
0
0
0
0
0
0
0
0
0
0
0
-4.019688e-09
-7.301408e-09
-1.047351e-08
-4.156299e-09
-1.157247e-08
6.51951e-08
5.090008e-09
1.083119e-09
-3.96342e-07
-1.094969
50.60221
49.12221
47.40675
45.34727
43.35919
0
0
0
0
0
12781.83
15289.57
17311.26
19348.18
22055.01
-9.005715e-06
1.307009e-05
0.0001412177
4.173095e-05
-1.95945e-05
1.327372e-05
0
0
0
0
0
0
0
0
-3.894199e-09
-7.799801e-09
-7.887737e-09
3.755747e-09
-1.100854e-10
9.214277e-08
1.906207e-08
1.726398e-08
-3.737435e-07
-1.086618
48.20246
46.65048
45.1255
43.16469
41.17755
0
0
0
0
0
9233.566
12040.35
14196.3
16122
18487.55
0.0001585881
8.867327e-05
-0.0002129245
-5.316648e-06
-3.654199e-05
-3.162399e-06
4.057028e-06
0
0
0
0
0
0
0
-4.224095e-09
-9.553509e-09
9.079318e-09
2.513496e-08
2.635333e-08
1.151867e-07
4.699893e-08
4.762325e-08
-2.891189e-07
-0.9427314
46.3795
44.9101
43.53817
41.61672
39.59244
0
0
0
0
0
6224.408
9284.997
11577.92
13473.24
15535.14
-0.0001707961
-0.0001465464
-3.913166e-05
0.0001465347
-1.317991e-05
2.526204e-05
3.283296e-05
1.021333e-05
0
0
0
0
0
0
-5.391156e-09
1.161074e-08
4.132918e-08
6.432506e-08
7.088846e-08
1.562674e-07
9.394317e-08
9.796465e-08
-2.493956e-07
-0.8508587
45.15672
43.74171
42.48067
40.6062
38.51667
0
0
0
0
0
3476.556
7009.132
9406.249
11275.96
13131.71
-5.187239e-05
-0.0001043744
7.080133e-05
-0.0002395364
-1.204208e-05
-6.186603e-06
8.825779e-06
-1.070526e-05
-1.008578e-05
0
0
0
0
0
2.420689e-06
6.518143e-08
1.026334e-07
1.305692e-07
1.392869e-07
2.195537e-07
1.636051e-07
1.712488e-07
-2.317302e-07
-0.7832018
44.34511
42.97706
41.79687
39.94895
37.82619
0
0
0
0
0
859.6245
4960.927
7645.247
9509.818
11150.9
8.124931e-05
-5.91619e-05
0.0001509193
-7.072592e-05
0.0001256556
-1.366999e-05
2.738803e-05
2.665763e-05
-2.74703e-05
7.170405e-06
0.2784952
0.01037547
1.474053e-05
-4.512346e-08
-6.952181e-08
1.847094e-06
2.302343e-07
2.348065e-07
2.327483e-07
3.063467e-07
2.544683e-07
2.662572e-07
-2.356745e-07
-0.754441
43.8653
42.51959
41.39734
39.56285
37.403
0
0
0
0
0
-1938.618
3020.335
6076.971
8033.571
9561.316
-0.0001394017
-6.667284e-05
-7.375485e-05
-0.0001208202
-5.871158e-05
4.322061e-06
5.121639e-06
8.798391e-06
-2.242164e-05
0.0005133822
0.001568121
0.01761755
5.650583e-05
-3.972902e-08
-8.388689e-08
1.741114e-06
3.138369e-07
3.133112e-07
3.055656e-07
3.718311e-07
3.271446e-07
3.439197e-07
-2.420074e-07
-0.7207839
43.72046
42.40699
41.31506
39.48709
37.31196
0
0
0
0
0
-5551.772
848.9621
4536.294
6695.373
8163.207
-0.0001254709
0.0001324167
6.971677e-05
6.352239e-05
-6.606644e-05
6.346726e-06
5.297296e-06
-1.287898e-05
1.646302e-05
-0.0003442013
0.01096279
-0.00270686
0.02357972
-2.189389e-06
-9.279047e-08
1.432824e-06
3.572777e-07
3.557757e-07
3.462235e-07
4.097902e-07
3.702291e-07
3.918066e-07
-2.506378e-07
-0.7073737
43.71047
42.41674
41.34064
39.52736
37.35236
0
0
0
0
0
-11695.63
-2063.595
2766.757
5356.244
6876.477
6.522829e-05
8.026424e-05
0.0001500434
0.0002318467
1.708112e-05
6.851462e-06
4.021321e-06
6.115815e-06
7.014226e-06
-0.006290664
0.0003914226
0.001421932
0.0004378434
0.031357
-1.01354e-07
1.323806e-06
3.638806e-07
3.690971e-07
3.584946e-07
4.205308e-07
3.832524e-07
4.079819e-07
-2.544524e-07
-0.7043471
43.73618
42.46577
41.4068
39.605
37.44012
0
0
0
0
0
-22787.01
-7276.626
330.2572
3800.554
5578.634
-3.936297e-05
2.551314e-05
8.686625e-05
5.922881e-07
-7.04431e-05
4.482852e-06
-8.724046e-06
-1.460204e-05
1.637102e-05
0.00077652
0.005291907
0.003024799
-0.01360837
0.008058369
-1.123856e-07
1.276678e-06
3.591697e-07
3.661907e-07
3.486716e-07
4.076333e-07
3.699862e-07
3.956406e-07
-2.505397e-07
-0.7022959
43.78416
42.53236
41.50037
39.71264
37.55838
0
0
0
0
0
-46338.54
-17058.41
-4224.035
1629.125
4068.574
0.0001141118
-3.309774e-05
0.0001053531
-0.0002954769
-1.241474e-05
-6.587817e-06
8.680439e-06
-8.964723e-06
2.977845e-05
-0.003037776
0.0006941078
-0.01132845
0.009088789
-0.006325641
0.006689335
3.537892e-07
3.389163e-07
3.489745e-07
3.216616e-07
3.723048e-07
3.355316e-07
3.595636e-07
-2.402499e-07
-0.7021992
43.8549
42.618
41.60533
39.84297
37.70406
0
0
0
0
0
-104035.6
-38737.55
-13041.55
-2530.339
1964.49
-0.000184939
0.0002061979
8.677079e-05
9.426183e-05
-7.31752e-05
-5.712056e-06
-4.713247e-06
2.637985e-05
1.592109e-05
0.0005597441
-0.00510532
-0.00214313
-0.001289344
-0.01080203
0.001986101
0.001577572
1.240673e-06
3.252762e-07
2.840351e-07
3.192016e-07
2.842163e-07
3.043062e-07
-2.247324e-07
-0.7038915
43.95181
42.72577
41.72771
39.98475
37.87421
0
0
0
0
0
8744.87
-95392.54
-33237.93
-10716.85
-2054.784
9.362153e-05
0.0002986173
-0.0001017568
-0.0001162205
-1.474862e-05
-3.292741e-06
2.653172e-06
2.920592e-05
1.170771e-05
-0.0004418175
-0.01208373
0.02070681
-0.007320057
-0.009258947
-0.003811236
0.0153418
-0.004089174
8.057353e-07
2.350689e-07
2.545965e-07
2.22797e-07
2.361183e-07
-2.044107e-07
-0.706671
44.07398
42.86247
41.87486
40.14755
38.06203
0
0
0
0
0
8851.617
7716.741
-88812.56
-29750.9
-9927.751
6.739703e-05
0.0003031507
9.808951e-06
0.0001093887
-0.0001577605
1.568867e-06
-2.179667e-05
1.730452e-05
4.124822e-05
0.001590821
0.001878328
0.004315927
-0.01061078
-0.01249792
-0.007475729
-0.01265698
0.004104619
0.005086601
1.813253e-07
1.766483e-07
1.553046e-07
1.609299e-07
-1.863389e-07
-0.7201421
44.24415
43.03519
42.05672
40.34395
38.28453
0
0
0
0
0
8931.231
7879.117
7002.888
-83724.71
-28056.15
-1.383261e-05
0.0001659563
0.0002585966
5.503347e-05
-6.608421e-05
-8.116426e-06
-1.518497e-05
-6.949573e-07
-1.72861e-06
0.004121027
-0.004812226
-0.01465814
0.01265254
0.003162711
0.002934845
-0.00241145
-0.001745873
0.001725325
-0.005356287
7.251833e-08
8.572278e-08
8.37298e-08
-1.78416e-07
-0.754362
44.55169
43.33452
42.35197
40.65455
38.6355
0
0
0
0
0
8994.1
8014.543
7211.657
6388.595
-79574.99
-4.182286e-05
0.0001153648
-2.959621e-05
2.370797e-05
0.0001067786
-1.805279e-06
-4.097251e-06
-1.209834e-05
-5.122152e-06
0.002360276
0.002461342
-0.005349265
0.005381781
0.006850832
0.003018003
0.003480194
-0.003447084
0.004674799
-0.006261699
-6.618765e-05
2.354824e-08
1.237309e-08
-1.817292e-07
-0.7846092
45.21544
44.00482
42.98851
41.30181
39.35298
0
0
0
0
0
9053.698
8133.396
7396.219
6623.06
5958.794
-4.817349e-05
6.86731e-05
-2.732089e-05
0.0001413398
-0.0001069199
-1.673872e-05
-1.777473e-05
3.163208e-06
2.605788e-05
-4.051691e-06
0
0
0
0
0
0
0
0
0
0
0
-1.811201e-09
-2.118744e-07
-0.8550848
46.23456
45.00347
43.92823
42.24542
40.36575
0
0
0
0
0
9115.549
8250.684
7571.242
6844.85
6212.144
4.945927e-05
8.988698e-05
-9.855261e-05
0.0002984403
2.86022e-05
-1.442935e-05
-1.713913e-05
-6.497409e-06
1.328732e-05
6.152868e-06
0
0
0
0
0
0
0
0
0
0
0
0
-2.895563e-07
-0.9544763
47.71297
46.44107
45.28103
43.58117
41.76987
0
0
0
0
0
9177.65
8367.882
7743.371
7055.068
6453.497
-0.000118295
0.0002001573
6.188619e-05
0.0001000364
-5.391692e-05
-4.397781e-06
1.305826e-05
-1.56383e-05
-1.202426e-05
-1.503004e-06
0
0
0
0
0
0
0
0
0
0
0
0
0
-1.089304
49.91937
48.52845
47.22018
45.47613
43.73525
0
0
0
0
0
9246.597
8481.645
7909.155
7258.456
6679.596
-1.996381e-05
0.0001321418
0.0001974028
-0.0002759072
-5.163973e-05
8.790721e-06
-1.026806e-05
1.062657e-05
-1.246446e-05
1.097053e-06
0
0
0
0
0
0
0
0
0
0
0
0
0
0
52.25751
51.54422
49.93277
48.0915
46.38153
0
0
0
0
0
9311.06
8591.79
8062.118
7445.922
6889.513
0.000138537
-0.0001394334
-6.221905e-05
9.555908e-05
-9.501979e-05
-1.266708e-05
6.926964e-06
-9.550436e-06
1.434255e-05
7.312127e-07
0
0
0
0
0
0
0
0
0
0
0
0
0
0
0
0
0
0
0
0
0
0
0
-3.257969e-09
-6.245071e-09
-9.370773e-09
-9.813017e-09
-1.436203e-08
6.418873e-08
4.808863e-09
-1.521395e-09
-3.950263e-07
-1.0996
50.82066
49.33966
47.58776
45.5084
43.52322
0
0
0
0
0
9091.03
11911.08
14074.56
16005.04
18370.9
6.41661e-05
0.0001879561
9.956432e-05
-7.099051e-05
-2.458901e-06
-5.416634e-06
-1.105241e-05
0
0
0
0
0
0
0
-3.013737e-09
-6.460447e-09
-1.020691e-08
-2.042235e-09
-5.784645e-09
8.931467e-08
1.751439e-08
1.577081e-08
-3.737333e-07
-1.091065
48.40383
46.85042
45.32208
43.32504
41.31937
0
0
0
0
0
6014.375
9096.697
11404.86
13308.85
15369.82
-1.839653e-05
-0.0001792912
-2.066555e-06
-3.726334e-05
-6.557882e-05
3.095681e-06
1.179747e-05
1.090011e-05
0
0
0
0
0
0
-3.220562e-09
-7.883935e-09
1.859493e-09
1.705174e-08
1.862268e-08
1.093135e-07
4.298336e-08
4.497845e-08
-2.887124e-07
-0.9459563
46.56209
45.09412
43.72198
41.80319
39.74192
0
0
0
0
0
3163.377
6735.649
9150.771
11044.46
12906.32
7.742834e-05
2.286389e-05
-5.400828e-05
-1.705666e-05
-5.943526e-05
1.713534e-05
-1.039158e-05
-1.964474e-05
-4.697151e-06
0
0
0
0
0
2.396371e-07
5.060729e-09
3.196476e-08
5.312065e-08
5.936755e-08
1.460206e-07
8.609321e-08
9.212815e-08
-2.48244e-07
-0.8531617
45.32455
43.91289
42.65353
40.78338
38.70163
0
0
0
0
0
433.6976
4593.455
7317.565
9177.098
10864.44
1.939591e-05
0.0001687448
2.989983e-05
-4.479025e-05
7.131718e-05
4.124398e-06
-2.046455e-05
-3.28545e-06
1.023337e-05
4.105022e-06
0
0
0
0
1.988539e-06
6.776175e-07
8.981513e-08
1.151001e-07
1.227575e-07
2.018515e-07
1.500591e-07
1.604803e-07
-2.293974e-07
-0.784927
44.49375
43.1376
41.96148
40.11805
38.00413
0
0
0
0
0
-2446.88
2579.517
5688.496
7685.026
9229.379
-3.148294e-05
-0.000163777
-9.105751e-06
-0.00015451
0.0001106441
3.064319e-06
9.590378e-06
-7.519243e-06
-2.144951e-05
1.74305e-05
0
0.01746377
3.258243e-05
-3.205504e-08
-6.662157e-08
7.819418e-06
1.222759e-06
2.133666e-07
2.101134e-07
2.798295e-07
2.333316e-07
2.483827e-07
-2.315655e-07
-0.7558665
44.00023
42.66381
41.55456
39.7259
37.57319
0
0
0
0
0
-6005.519
437.4448
4171.427
6372.252
7869.364
-0.0001772023
0.0001691297
-2.611174e-05
-0.0001164534
4.684022e-05
-3.341571e-06
-8.948094e-06
-6.091436e-06
1.829578e-05
-0.0005171846
-0.001917005
0.0007921044
0.02353537
-1.756231e-06
-7.809051e-08
1.818916e-06
1.152018e-06
2.879789e-07
2.780225e-07
3.395152e-07
2.991387e-07
3.186004e-07
-2.358089e-07
-0.7215051
43.84441
42.54213
41.46084
39.64684
37.47991
0
0
0
0
0
-12014.47
-2389.469
2468.6
5092.003
6639.815
-7.97097e-05
0.0001122046
1.224651e-05
-3.4427e-05
-0.0001307325
2.540502e-05
-7.343943e-06
-1.311694e-05
-3.920661e-06
0.002869856
-0.004303201
-0.006712292
0.009817989
0.03131031
-9.272342e-08
1.701257e-06
3.279727e-07
3.295159e-07
3.165298e-07
3.737626e-07
3.372901e-07
3.603104e-07
-2.424922e-07
-0.7076927
43.81216
42.54134
41.47915
39.67686
37.51735
0
0
0
0
0
-22925.54
-7485.777
121.0531
3611.923
5410.879
4.949775e-05
-4.505513e-05
-5.73848e-05
-0.0001492313
-0.000186718
4.107146e-06
-1.772472e-05
2.584191e-05
-1.428639e-05
0.001143758
0.007953263
0.0002703904
0.01628836
-0.0003009246
-1.134332e-07
8.89786e-07
3.434482e-07
3.485222e-07
3.292378e-07
3.836915e-07
3.479545e-07
3.728292e-07
-2.448626e-07
-0.7044121
43.82096
42.56809
41.53429
39.74652
37.59466
0
0
0
0
0
-46305.83
-17136.39
-4328.143
1529.112
3979.036
6.194684e-05
-8.558691e-05
0.0001149973
-2.337487e-05
-1.728682e-05
2.267403e-05
-2.517313e-05
1.316123e-05
6.554212e-06
0.001048827
0.009128795
0.004539919
0.001624315
0.00547333
-0.005120038
3.53789e-07
3.389162e-07
3.489746e-07
3.216616e-07
3.723043e-07
3.355321e-07
3.595651e-07
-2.402505e-07
-0.7021992
43.8549
42.618
41.60532
39.84297
37.70406
0
0
0
0
0
-104035.6
-38737.55
-13041.55
-2530.339
1964.49
-3.20902e-05
-0.0001862216
-3.422493e-05
-7.595695e-05
0.0001867051
5.025915e-06
-1.131384e-06
-7.81437e-06
-2.355261e-06
0.002986211
0.005756459
-0.009650499
0.01091733
0.009082666
0.005899179
0.001831555
1.180303e-06
3.413304e-07
3.017118e-07
3.406303e-07
3.040571e-07
3.252891e-07
-2.300579e-07
-0.7017689
43.91526
42.68983
41.69376
39.95101
37.83826
0
0
0
0
0
8767.042
-95574.45
-33236.22
-10627.1
-1952.436
-3.120995e-05
5.587129e-05
-5.972684e-05
-0.0002198199
-8.539708e-05
2.163059e-06
3.421227e-06
1.392935e-05
-1.893889e-05
-0.004229659
0.01400625
-0.004584722
0.0008134219
-0.001703942
-0.00313772
0.007556999
-0.007501722
3.441315e-07
2.705154e-07
2.921402e-07
2.591345e-07
2.739027e-07
-2.143391e-07
-0.7032862
43.99799
42.78686
41.80245
40.07646
37.98647
0
0
0
0
0
8889.326
7764.965
-89187.39
-29736.05
-9742.283
0.0001430165
-3.93581e-05
-0.0001485965
7.467906e-05
7.93389e-05
-8.243274e-06
4.261821e-06
-3.581186e-06
-1.149757e-05
0.000593208
-0.01068857
0.002677071
-0.01894373
0.01328045
0.01955008
-0.002961898
-0.005342061
0.00627823
2.357415e-07
2.293479e-07
2.05972e-07
2.125133e-07
-1.95672e-07
-0.7057866
44.10955
42.9101
41.93804
40.2259
38.1582
0
0
0
0
0
8977.788
7938.71
7077.346
-84357.52
-28037.52
2.733092e-05
-8.549575e-06
-0.0002890454
0.0002539366
-7.158516e-05
2.041545e-05
-5.571954e-06
2.364578e-05
-3.225519e-05
-0.003070942
0.0019147
0.007134408
-0.0132208
0.002964382
0.004679827
-0.000435377
0.007755686
0.006329705
-0.002203309
1.548168e-07
1.475917e-07
1.450333e-07
-1.800505e-07
-0.7191874
44.2661
43.07238
42.107
40.41011
38.36716
0
0
0
0
0
9043.931
8078.95
7290.474
6479.917
-80554.61
-0.0001681305
-1.811498e-05
-7.714905e-05
-0.0002625354
9.10367e-06
-5.569683e-06
-1.048272e-05
1.190522e-05
-8.410032e-06
0.001963924
-0.01157831
-0.003414612
-0.006585239
-0.01314558
-0.02155908
-0.00710048
-0.00672996
0.003819639
0.0009774372
0.003073907
9.601869e-08
7.608888e-08
-1.756361e-07
-0.7530383
44.56522
43.35849
42.39188
40.70896
38.70652
0
0
0
0
0
9104.828
8195.868
7472.571
6709.14
6052.661
8.43031e-05
9.809349e-05
1.19898e-05
-0.0001100179
7.046938e-05
2.498275e-06
-3.800707e-06
1.042235e-05
-3.941826e-06
0.00146607
-0.007025355
0.002547083
0.0003485503
-0.003282522
0.003266176
-0.003449538
-0.0003094463
0.001831032
-0.004290959
0.001688191
0
1.539111e-08
-1.855461e-07
-0.7841002
45.21626
44.01862
43.01505
41.34561
39.41309
0
0
0
0
0
9160.798
8305.049
7634.55
6914.248
6287.214
-2.799462e-05
1.126205e-05
-0.0001394095
-9.923093e-05
8.717662e-05
2.413383e-06
8.944639e-06
2.030663e-05
-6.76146e-06
-6.1067e-06
0
0
0
0
0
0
0
0
0
0
0
0
-2.368419e-07
-0.8561508
46.2355
45.00421
43.9434
42.27495
40.41542
0
0
0
0
0
9218.813
8412.885
7792.6
7108.532
6509.855
4.352179e-05
3.200669e-05
7.536987e-06
0.00024414
-0.0001130275
-2.730757e-06
1.793141e-05
1.604847e-05
-6.072037e-06
-8.326051e-06
0
0
0
0
0
0
0
0
0
0
0
0
0
-0.9411307
47.74993
46.44377
45.28208
43.59861
41.80415
0
0
0
0
0
9280.052
8517.941
7947.927
7298.565
6720.766
-5.139384e-05
0.0002114147
-1.663176e-05
-2.588025e-05
-2.549297e-06
-1.773542e-06
-3.283834e-06
-8.299277e-06
-6.926895e-06
-1.687113e-06
0
0
0
0
0
0
0
0
0
0
0
0
0
0
49.57388
48.58632
47.22641
45.48307
43.75419
0
0
0
0
0
9346.429
8625.892
8096.461
7480.415
6924.325
-2.782276e-05
-3.495947e-05
-8.039966e-05
1.231156e-05
0.0001015336
5.359031e-06
-1.301461e-05
-1.425618e-06
-1.70879e-05
9.594168e-06
0
0
0
0
0
0
0
0
0
0
0
0
0
0
0
51.02803
49.80511
48.09996
46.4017
0
0
0
0
0
9407.332
8726.551
8238.562
7647.964
7111.922
-3.318937e-06
-0.00019978
0.0002308112
0.0001451626
-0.0001122346
-1.641859e-06
2.701438e-05
-2.890076e-06
2.57891e-05
-4.823753e-06
0
0
0
0
0
0
0
0
0
0
0
0
0
0
0
0
0
0
0
0
0
0
-2.448735e-09
-5.038216e-09
-7.98881e-09
-1.082453e-08
-1.336075e-08
6.185035e-08
3.828893e-09
-1.511918e-09
-3.953684e-07
-1.104283
51.04558
49.56388
47.80726
45.68882
43.68457
0
0
0
0
0
5872.828
8969.061
11286.41
13196.24
15258.57
6.593009e-05
-9.134756e-06
-0.0002692952
3.169546e-05
-2.497394e-06
-2.199793e-06
-1.995489e-06
1.592093e-05
0
0
0
0
0
0
-2.125849e-09
-5.033397e-09
-8.432122e-09
-1.185081e-08
-1.512759e-08
8.468829e-08
1.462876e-08
1.425807e-08
-3.740401e-07
-1.095465
48.60432
47.05266
45.52259
43.52829
41.48241
0
0
0
0
0
2943.539
6544.07
8976.117
10883.46
12749.8
-8.073673e-05
-8.11749e-06
3.76683e-05
3.722934e-05
2.544879e-05
2.639447e-06
-8.523415e-06
2.477093e-06
-2.422266e-05
0
0
0
0
0
-2.261919e-09
-6.199141e-09
-6.606548e-09
8.005464e-09
9.415066e-09
1.013019e-07
3.714342e-08
4.104081e-08
-2.881627e-07
-0.9488854
46.74149
45.27722
43.90716
41.99156
39.93983
0
0
0
0
0
93.23445
4302.426
7060.573
8937.175
10643.22
-0.0001761024
-0.0001372089
0.0002305813
0.0002144583
-6.669445e-05
1.556456e-06
-3.287887e-05
-1.025627e-05
7.320242e-06
5.501784e-06
0
0
0
0
4.810021e-07
-9.900536e-10
2.266668e-08
4.145664e-08
4.674276e-08
1.319539e-07
7.592664e-08
8.439066e-08
-2.46697e-07
-0.8552208
45.48068
44.08089
42.82624
40.9601
38.88749
0
0
0
0
0
-2920.564
2174.084
5336.675
7373.586
8909.753
-9.422694e-05
-0.0001592228
-0.0002287072
1.387589e-05
-5.842536e-06
1.944191e-05
7.003639e-06
2.914394e-05
2.922662e-06
-8.040635e-06
0
0
0
0
1.977947e-06
7.897204e-07
7.882756e-08
9.977975e-08
1.056366e-07
1.807818e-07
1.340007e-07
1.471019e-07
-2.263806e-07
-0.7864461
44.63277
43.28638
42.12384
40.28604
38.17937
0
0
0
0
0
-6564.086
-58.45755
3741.852
5998.611
7532.71
-0.0001437442
9.962079e-05
0.0002258463
-1.104615e-06
8.366038e-05
-2.635225e-05
-5.579196e-06
-6.456312e-06
-2.855873e-06
1.197702e-05
0
0
0.02332722
-8.866035e-07
-6.286523e-08
7.950852e-06
1.265234e-06
1.941439e-07
1.877092e-07
2.526603e-07
2.100768e-07
2.273937e-07
-2.265775e-07
-0.756691
44.12494
42.79874
41.701
39.88609
37.7413
0
0
0
0
0
-12467.87
-2845.564
2060.099
4737.447
6327.272
0.0001343274
0.0001223257
-1.8749e-05
7.398953e-05
4.946127e-05
-1.583118e-05
1.480358e-05
3.08072e-07
5.99265e-06
-0.0003975089
0.001112793
-0.001082497
-0.001054648
0.03123614
-7.865861e-08
4.97879e-06
1.144747e-06
2.66525e-07
2.5211e-07
3.075886e-07
2.699936e-07
2.908337e-07
-2.287458e-07
-0.7218671
43.9463
42.6662
41.59826
39.79554
37.64411
0
0
0
0
0
-23143.93
-7819.789
-208.3321
3319.588
5154.685
-7.104635e-05
6.067341e-05
-9.696744e-05
-7.039427e-05
0.0001084527
1.110008e-05
-2.88969e-05
-8.129867e-07
2.148975e-05
0.000848081
-0.004961363
0.005246009
0.0001254655
-0.0003105605
-1.096039e-07
2.292311e-06
1.204101e-06
3.106725e-07
2.893368e-07
3.396327e-07
3.04428e-07
3.276436e-07
-2.337004e-07
-0.7077551
43.89704
42.64374
41.60609
39.81798
37.67102
0
0
0
0
0
-46228.31
-17298.34
-4545.11
1322.136
3795.688
-0.0001054279
1.036117e-05
-6.336686e-05
7.892728e-05
6.688932e-05
-5.856129e-06
4.832274e-06
7.686719e-06
-4.594711e-07
0.003596921
-0.007832234
0.001414073
-0.006967555
-0.007361126
-0.009493891
4.503018e-07
1.162438e-06
3.317903e-07
3.031963e-07
3.496314e-07
3.14445e-07
3.3779e-07
-2.34987e-07
-0.7043052
43.89187
42.65379
41.63926
39.87668
37.74015
0
0
0
0
0
-103832.9
-38724.41
-13127.94
-2634.809
1866.984
-0.0001143845
-0.0001352176
8.270968e-05
-0.0001384759
-2.662081e-05
-7.706623e-06
-1.190253e-05
1.953709e-05
-1.004297e-06
-0.00238476
-0.009507757
0.003039361
-0.007873376
-0.02731718
-0.01142474
0.01274637
1.180303e-06
3.413303e-07
3.017118e-07
3.406297e-07
3.040581e-07
3.252893e-07
-2.300582e-07
-0.7017689
43.91526
42.68983
41.69376
39.95101
37.83826
0
0
0
0
0
8767.042
-95574.45
-33236.22
-10627.1
-1952.436
-8.282467e-05
0.0001298044
1.940107e-05
6.583289e-05
2.241771e-05
-5.597943e-06
-6.595058e-06
2.135569e-05
8.299634e-06
0.0002540156
-0.0133468
0.006354857
0.009113031
-0.004231535
-0.01603197
-0.01671103
-0.0030874
3.571739e-07
2.877166e-07
3.123956e-07
2.77911e-07
2.936512e-07
-2.199382e-07
-0.7011485
43.96111
42.7513
41.76833
40.04268
37.95046
0
0
0
0
0
8908.989
7789.814
-89353.43
-29726.11
-9653.301
0.00020738
6.828315e-05
4.807683e-05
-3.24309e-05
0.0001259587
1.318214e-05
-8.749072e-07
4.674632e-06
-1.809583e-05
0.0007899202
0.01605719
-0.005826544
0.01002276
0.0006620686
-0.02117203
0.03011159
-0.02052182
0.003888311
2.706239e-07
2.655459e-07
2.40815e-07
2.48235e-07
-2.048059e-07
-0.7023535
44.03371
42.83433
41.86618
40.15448
38.08245
0
0
0
0
0
9011.28
7981.508
7130.215
-84708.61
-28016.67
-0.0001422755
-0.0001753213
-0.0001032161
-5.815643e-05
-5.269657e-05
3.152212e-06
2.10126e-05
-1.052152e-05
2.637043e-06
-6.383016e-06
0.001955572
0.002772408
0.006737349
0.009555008
-0.004037894
-0.002753558
0.013494
-0.009469758
0.008803138
2.129663e-07
1.971235e-07
1.944021e-07
-1.88436e-07
-0.7046805
44.13168
42.94692
41.98829
40.29229
38.24079
0
0
0
0
0
9085.469
8132.454
7356.509
6555.982
-81158.95
8.087181e-06
-7.918447e-05
-0.0001467225
0.0001291249
-0.000303591
1.987621e-06
-1.225918e-05
1.193975e-05
-1.868784e-06
0.002468967
0.005970469
0.01212718
-0.00506163
0.001472442
0.02641599
-0.008719786
0.007926915
-0.01374945
0.005696392
-0.006111989
1.47986e-07
1.356996e-07
-1.762397e-07
-0.7180568
44.27874
43.09577
42.14668
40.46356
38.43749
0
0
0
0
0
9148.527
8253.353
7543.96
6789.879
6142.11
8.649577e-05
-6.779728e-05
7.997022e-05
3.227616e-05
9.391525e-05
-3.634143e-06
-2.223858e-06
1.185012e-05
-4.283524e-06
-0.00179698
0.00196046
6.164066e-05
0.003698371
0.01210602
-0.002392043
0.01011858
0.004767765
0.01256088
-0.005765961
0.001114374
0
7.522332e-08
-1.778096e-07
-0.7521142
44.56718
43.37364
42.41829
40.75193
38.76504
0
0
0
0
0
9206.945
8362.312
7702.824
6991.808
6371.335
2.420338e-05
-0.0001387156
2.806411e-05
-8.069703e-05
0.0001317154
7.045388e-06
-4.601125e-06
6.120531e-06
-3.546865e-06
-0.002004577
-0.0007048403
0.003127227
-0.003112811
-0.00264166
-0.007706236
-0.005626703
-0.009526835
-0.002351085
0.002476555
0.001693274
0
0
-2.05206e-07
-0.7851574
45.21725
44.02088
43.03128
41.37521
39.4609
0
0
0
0
0
9260.961
8461.858
7850.526
7172.16
6577.478
-0.0001453198
-2.62795e-05
1.385554e-05
0.0001152018
7.139289e-05
-1.58751e-05
-3.589841e-06
1.294409e-05
-1.96648e-05
1.167224e-06
0
0
0
0
0
0
0
0
0
0
0
0
0
-0.8469968
46.26128
45.00627
43.94665
42.29308
40.44884
0
0
0
0
0
9318.791
8560.03
7994.213
7347.296
6772.592
-4.531978e-05
-6.345064e-05
-5.437912e-05
5.007214e-05
-9.170262e-05
-4.225e-06
9.424111e-06
1.436161e-05
-2.260125e-05
9.046338e-06
0
0
0
0
0
0
0
0
0
0
0
0
0
0
47.51959
46.48087
45.28646
43.60265
41.82522
0
0
0
0
0
9379.879
8659.311
8132.909
7518.296
6963.081
-0.0001278393
0.0001216915
-0.0001647568
-0.0001249053
5.202863e-05
1.349278e-05
1.127701e-05
7.249566e-06
-1.127354e-05
1.353303e-05
0
0
0
0
0
0
0
0
0
0
0
0
0
0
0
48.24529
47.28423
45.49159
43.75659
0
0
0
0
0
9441.798
8760.133
8271.622
7680.861
7145.012
8.74522e-05
0.0002352944
9.179814e-05
0.0001671615
-4.927494e-05
4.128901e-06
-2.342345e-05
7.322361e-06
-1.20622e-05
3.703856e-06
0
0
0
0
0
0
0
0
0
0
0
0
0
0
0
49.54688
48.37701
46.41289
0
0
0
0
0
9500.409
8852.91
8400.906
7835.677
7312.581
0.0001696151
0.0001764868
0.0001695331
-0.000156264
-5.059145e-05
7.760995e-06
2.194966e-06
-2.868987e-05
-1.445715e-05
-1.440593e-05
0
0
0
0
0
0
0
0
0
0
0
0
0
0
0
0
0
0
0
0
0
-1.63153e-09
-3.747157e-09
-6.398638e-09
-9.17058e-09
-1.18915e-08
5.774429e-08
4.026868e-10
-2.473064e-09
-3.960071e-07
-1.108912
51.27054
49.79143
48.03149
45.91511
43.8681
0
0
0
0
0
2799.184
6416.146
8858.354
10773.35
12642.46
-6.042153e-05
-0.0002178306
-8.711109e-05
9.7336e-05
-0.000134991
-1.478138e-06
-8.171556e-06
-1.694034e-06
-2.477932e-05
0
0
0
0
0
-1.276298e-09
-3.587891e-09
-6.533957e-09
-9.710089e-09
-1.300309e-08
7.7994e-08
1.012985e-08
1.145616e-08
-3.741383e-07
-1.099487
48.80084
47.25391
45.7252
43.73341
41.69846
0
0
0
0
0
-145.2072
4099.045
6881.276
8773.652
10489.56
-8.586205e-05
2.857398e-05
5.137363e-05
2.695439e-05
-7.288853e-05
8.414863e-06
1.809327e-05
-8.62959e-06
-6.440846e-06
8.659241e-06
0
0
0
0
-1.37638e-09
-4.588695e-09
-8.355514e-09
-1.973308e-09
-1.169682e-09
8.954996e-08
2.915342e-08
3.528617e-08
-2.872025e-07
-0.9514846
46.90966
45.45707
44.09125
42.18064
40.13782
0
0
0
0
0
-3298.832
1852.737
5060.393
7130.83
8679.928
-0.0001976683
0.000201823
0.0001774612
-0.0002364547
-0.0001179578
7.05377e-06
5.766369e-06
1.134311e-05
1.68448e-05
3.200398e-06
0
0
0
0
5.062742e-07
-5.341162e-09
1.38657e-08
2.983971e-08
3.353155e-08
1.146286e-07
6.351617e-08
7.434579e-08
-2.444994e-07
-0.85706
45.62674
44.23735
42.99568
41.13628
39.07106
0
0
0
0
0
-7086.357
-517.2075
3349.898
5662.223
7232.968
-6.10359e-05
2.472052e-05
0.0001733587
0.0001495655
-2.482652e-05
6.213387e-06
-1.032879e-05
-1.806746e-05
-5.438112e-06
-1.059471e-05
0
0
0
0
1.930751e-06
8.103512e-07
7.137056e-08
8.522034e-08
8.861687e-08
1.590194e-07
1.160423e-07
1.311228e-07
-2.226196e-07
-0.7873683
44.76174
43.42563
42.27462
40.45152
38.35302
0
0
0
0
0
-13028.71
-3402.746
1571.926
4321.986
5965.973
-0.0002226151
0.0003224194
-8.128282e-05
-0.0001091922
-5.013821e-05
-4.224092e-06
2.18419e-05
1.703869e-05
4.77192e-06
-6.156789e-07
0
0
0
0.03091513
-6.482052e-08
8.628442e-06
1.284608e-06
1.809072e-07
1.658812e-07
2.258569e-07
1.861373e-07
2.041592e-07
-2.202273e-07
-0.7571302
44.22814
42.92358
41.83817
40.03558
37.90631
0
0
0
0
0
-23451.35
-8293.292
-667.0996
2920.27
4811.164
3.68775e-05
-0.0003940861
7.759893e-06
-0.0001458762
-5.532079e-05
1.181609e-05
1.079613e-05
-6.911686e-07
2.854066e-05
-0.001253411
-4.771902e-05
0.003504213
-0.004070358
0.002848898
-1.018779e-07
4.483412e-06
1.215573e-06
2.504622e-07
2.276805e-07
2.774313e-07
2.412615e-07
2.617664e-07
-2.205826e-07
-0.7219454
44.0317
42.76874
41.72465
39.93577
37.79724
0
0
0
0
0
-46080.23
-17555.25
-4890.987
996.6478
3511.665
-8.465262e-06
0.0002145059
-7.24142e-05
3.638528e-05
2.432289e-05
-3.790476e-06
-1.00591e-05
1.817778e-05
-1.522799e-05
0.001075358
0.004760777
-0.007766767
-0.00298185
0.004761877
0.002691252
7.796034e-07
1.237968e-06
2.957619e-07
2.655544e-07
3.081823e-07
2.736194e-07
2.948677e-07
-2.241659e-07
-0.7076253
43.96827
42.72961
41.71115
39.94755
37.81615
0
0
0
0
0
-103377.5
-38689.26
-13307.71
-2852.485
1665.238
3.997794e-05
-0.0001568773
-0.000139405
7.961687e-05
-4.018536e-05
1.087339e-05
2.535894e-05
-2.47573e-06
1.629427e-05
-0.003309652
0.006570365
-0.005391849
0.004972922
0.01985975
-0.005349719
-0.01218486
1.240673e-06
3.252761e-07
2.840353e-07
3.192008e-07
2.842166e-07
3.043059e-07
-2.247345e-07
-0.7038915
43.95181
42.72577
41.72771
39.98475
37.87421
0
0
0
0
0
8744.87
-95392.54
-33237.93
-10716.85
-2054.784
-1.044283e-05
-2.173891e-06
1.855724e-05
2.383275e-06
6.651158e-05
1.333371e-05
1.904957e-06
-2.244927e-05
-5.23702e-06
0.00469083
0.004743934
0.003002904
-0.00838293
0.008496968
0.01619547
0.01147889
-0.005869813
3.571737e-07
2.877166e-07
3.123947e-07
2.779121e-07
2.936511e-07
-2.199378e-07
-0.7011485
43.96111
42.7513
41.76833
40.04268
37.95046
0
0
0
0
0
8908.989
7789.814
-89353.43
-29726.11
-9653.301
3.707488e-06
4.88138e-05
-3.323491e-05
0.0001348726
-1.090227e-05
-5.283711e-07
8.458687e-06
3.187926e-06
-4.81994e-06
-0.002666242
0.001939299
0.01241815
-0.001874504
-0.0142244
0.007667859
-0.007659816
0.01065523
-0.006802214
2.874259e-07
2.847047e-07
2.588247e-07
2.668798e-07
-2.100591e-07
-0.7001851
43.99704
42.79846
41.8324
40.12054
38.04634
0
0
0
0
0
9028.406
8003.689
7157.378
-84863.89
-28004.04
8.205376e-05
-0.0001535173
-0.0001536623
-1.14048e-05
8.311471e-05
1.736391e-07
-1.11773e-05
8.09085e-06
-1.897401e-06
0.0003181954
0.003302902
-0.003382093
-0.006583799
-0.0203192
0.001279886
0.005144772
-0.01389099
0.02065923
-0.007084134
2.50173e-07
2.311382e-07
2.285791e-07
-1.968698e-07
-0.70113
44.05581
42.87139
41.91628
40.22137
38.16466
0
0
0
0
0
9115.558
8170.638
7403.633
6609.868
-81493.73
-3.842101e-05
8.501696e-05
3.869233e-05
9.966172e-05
0.0001500304
1.087142e-05
5.473926e-06
-2.763999e-05
2.005949e-05
-0.002192724
0.0006197238
-0.01501595
-0.009537811
-0.006622213
-0.01390821
0.01418843
0.00354964
-0.00494042
-0.0156365
0.002381456
1.986618e-07
1.838273e-07
-1.837208e-07
-0.70327
44.14408
42.97039
42.02762
40.34569
38.31124
0
0
0
0
0
9185.257
8301.278
7603.31
6857.493
6216.615
-0.0001511186
-8.051675e-05
-9.601372e-05
4.393025e-05
-2.201143e-05
2.030094e-05
-1.901712e-05
-1.891693e-05
-8.723094e-06
-0.001670689
-0.008880942
0.005798844
0.01174334
0.01176794
0.01379103
-0.007475291
0.00263501
-0.009711879
-0.001805172
-0.0004812798
0
1.408691e-07
-1.773273e-07
-0.7170313
44.27962
43.1098
42.17257
40.50622
38.49487
0
0
0
0
0
9246.99
8413.193
7766.732
7064.893
6450.44
-0.0001292136
-5.378507e-05
0.00015113
6.370555e-06
-6.12235e-05
2.889982e-06
1.952372e-06
-9.873991e-06
-4.541724e-06
0.0002088683
-0.0003994798
-0.01104187
-0.0007049773
0.009895729
0.001270717
0.009524678
0.03082953
0.01448332
-0.005664456
0.00361345
0
0
-1.942258e-07
-0.7510459
44.56723
43.37734
42.4357
40.78129
38.8118
0
0
0
0
0
9302.391
8513.666
7913.038
7241.588
6653.262
-1.580588e-05
-2.624779e-05
9.885363e-05
-0.0001232808
-2.44588e-05
2.647272e-06
-7.094677e-06
2.882729e-06
1.511738e-06
-0.0003717495
0.00115874
-0.002398278
0.005830824
-0.002687341
0.004883807
0.006221392
-3.519417e-05
0.005238954
0.0002048913
0.0005643659
0
0
0
-0.7789382
45.23483
44.02292
43.03585
41.39423
39.49415
0
0
0
0
0
9358.701
8605.56
8046.528
7405.514
6834.566
6.105912e-05
7.954626e-05
0.0001288721
-8.056895e-05
-4.571663e-05
-3.747301e-07
1.718295e-05
-1.873416e-06
-2.884678e-05
1.137212e-05
0
0
0
0
0
0
0
0
0
0
0
0
0
0
46.11016
45.03232
43.95033
42.29906
40.47032
0
0
0
0
0
9416.812
8698.98
8176.114
7564.028
7010.33
-5.076606e-05
8.529233e-05
0.000153952
2.032748e-05
-0.0001225644
-2.80485e-06
1.4207e-05
-1.079032e-05
-3.650158e-05
1.677295e-05
0
0
0
0
0
0
0
0
0
0
0
0
0
0
0
46.2551
45.32228
43.60921
41.8323
0
0
0
0
0
9474.372
8793.422
8305.329
7716.441
7181.595
-5.847187e-05
0.0002117189
-0.0002967682
0.0001476449
2.168319e-05
-1.180567e-05
-8.147753e-06
-6.085363e-07
-4.585453e-06
1.217159e-05
0
0
0
0
0
0
0
0
0
0
0
0
0
0
0
46.96565
45.53039
43.76809
0
0
0
0
0
9533.9
8885.704
8433.446
7867.34
7344.135
0.0001133494
-4.742758e-05
-0.0002292389
4.042393e-05
-0.000151143
-3.317588e-06
-2.829856e-05
2.974667e-05
-3.086266e-06
1.509683e-05
0
0
0
0
0
0
0
0
0
0
0
0
0
0
0
47.73094
46.45715
0
0
0
0
0
9585.337
8971.999
8551.533
8007.918
7498.745
-0.0001283553
-0.000300475
-0.0002055859
-4.986596e-05
7.165425e-05
-1.538299e-05
-4.737144e-06
7.093131e-07
1.544796e-05
9.364867e-06
0
0
0
0
0
0
0
0
0
0
0
0
0
0
0
0
0
0
0
0
-8.491123e-10
-2.436154e-09
-4.689962e-09
-7.255411e-09
-1.000316e-08
5.163041e-08
-6.164354e-09
-6.029436e-09
-3.963826e-07
-1.113173
51.49072
50.01888
48.25831
46.14386
44.10865
0
0
0
0
0
-295.5338
3967.086
6762.41
8663.668
10384.41
9.623788e-05
7.986793e-05
0.0001869705
1.612423e-06
1.990606e-05
-5.341411e-06
1.504456e-06
1.802774e-05
1.191641e-05
1.271251e-05
0
0
0
0
-4.980705e-10
-2.201453e-09
-4.605322e-09
-7.412889e-09
-1.054086e-08
6.754833e-08
1.939372e-09
6.926946e-09
-3.738142e-07
-1.103093
48.98596
47.45111
45.92664
43.93991
41.91429
0
0
0
0
0
-3562.525
1628.694
4868.079
6961.934
8523.512
-5.002909e-05
0.0002423652
0.0001070459
-5.225387e-05
2.05837e-05
1.054916e-05
1.288534e-05
-3.613571e-06
8.630119e-06
-3.305527e-06
0
0
0
0
-6.035819e-10
-3.109231e-09
-6.187813e-09
-9.569596e-09
-1.326713e-08
7.452522e-08
1.909372e-08
2.73914e-08
-2.855975e-07
-0.9538143
47.06549
45.6258
44.27201
42.36826
40.3345
0
0
0
0
0
-7502.745
-880.8874
3041.495
5399.424
6999.988
-0.0001081328
0.0001926586
1.468116e-05
-0.0002037882
2.887824e-05
7.515606e-06
-1.872665e-05
-2.120521e-05
1.685254e-05
-8.070294e-06
0
0
0
0
1.29118e-05
-5.821063e-09
5.895304e-09
1.886466e-08
2.030015e-08
9.660961e-08
4.941569e-08
6.197041e-08
-2.416267e-07
-0.8582647
45.7617
44.38386
43.15377
41.30897
39.25354
0
0
0
0
0
-13551.99
-3920.609
1123.199
3944.707
5641.635
5.7891e-05
-9.051546e-05
2.809958e-05
5.6246e-05
-1.367261e-05
-8.039655e-06
1.427186e-06
-2.216884e-05
3.219175e-05
-4.178942e-06
0
0
0
0
1.268081e-06
1.863077e-05
6.414736e-08
7.199994e-08
7.254677e-08
1.374889e-07
9.738626e-08
1.131248e-07
-2.175902e-07
-0.787894
44.86921
43.55495
42.4159
40.60548
38.52388
0
0
0
0
0
-23826.4
-8876.269
-1223.84
2444.904
4408.864
-3.571472e-05
0.0003216447
-0.0003850449
0.0001048147
1.502172e-05
1.171306e-06
9.753186e-06
-9.733788e-07
-2.515288e-05
6.153793e-06
0
0
0
0
-1.067267e-07
8.857758e-06
2.686828e-05
1.669373e-07
1.457796e-07
2.00402e-07
1.624746e-07
1.802325e-07
-2.127261e-07
-0.7572534
44.31485
43.02742
41.96527
40.17573
38.06055
0
0
0
0
0
-45886.53
-17918.1
-5379.711
544.2471
3123.971
0.0001194164
-1.163594e-05
0.000270638
-0.0001819154
0.0001255033
1.841878e-06
-1.234208e-05
-5.767534e-06
-5.999164e-06
-0.001385969
0.0009515766
0.002869777
-0.00366119
-0.0006649156
0.00155192
1.887806e-06
2.604318e-05
2.388891e-07
2.073042e-07
2.494636e-07
2.143242e-07
2.330752e-07
-2.115221e-07
-0.7218196
44.10282
42.85506
41.82981
40.06496
37.94174
0
0
0
0
0
-102565.4
-38612.89
-13593.6
-3199.327
1348.08
0.0001049036
4.459901e-06
-0.0002561152
0.0001427908
5.953769e-05
9.189403e-06
2.841132e-07
1.130598e-05
-5.765056e-07
0.002234919
-0.01487268
-0.0111772
0.005011971
-0.01035284
0.01516145
0.007725513
1.392579e-05
2.921841e-07
2.478223e-07
2.799374e-07
2.458454e-07
2.640591e-07
-2.140529e-07
-0.7072334
44.02762
42.80195
41.79978
40.05568
37.94968
0
0
0
0
0
8702.037
-94983.01
-33234.84
-10903.83
-2268.031
-9.40669e-05
-4.844541e-05
0.0001370597
0.0001737079
3.686844e-05
-4.728141e-06
-1.686036e-05
-2.024269e-05
5.871757e-06
-0.004871336
0.009417829
-0.006013796
0.006575
-0.007208776
0.006331079
-0.001415995
0.0008140663
3.441315e-07
2.705153e-07
2.92138e-07
2.591343e-07
2.739024e-07
-2.143389e-07
-0.7032862
43.99799
42.78686
41.80245
40.07646
37.98646
0
0
0
0
0
8889.326
7764.966
-89187.39
-29736.05
-9742.283
-9.641251e-05
0.0001542047
0.0001320981
0.000180527
1.198119e-05
-1.609277e-05
-2.3658e-05
1.899348e-05
1.559354e-05
-0.001409634
-0.0148997
-0.003495176
-0.006723802
0.01096084
-0.001073508
-0.01549439
0.01082322
0.00324916
2.874259e-07
2.84705e-07
2.588249e-07
2.668798e-07
-2.100586e-07
-0.7001851
43.99704
42.79846
41.8324
40.12054
38.04634
0
0
0
0
0
9028.406
8003.689
7157.378
-84863.89
-28004.04
3.364831e-06
3.406776e-05
-9.328761e-05
-9.50615e-05
-4.17779e-05
-6.413438e-06
-1.327582e-05
-7.986415e-06
-1.462168e-05
0.00192258
-0.00240835
-0.0100033
-0.005747987
0.003786033
0.01134232
0.02121481
0.01248665
-0.01494754
-0.001100238
2.701614e-07
2.487156e-07
2.463803e-07
-2.017387e-07
-0.6989344
44.01946
42.83574
41.8822
40.18776
38.12839
0
0
0
0
0
9131.258
8190.142
7427.964
6637.518
-81641.7
-1.587456e-05
-0.0002754613
2.250008e-05
0.0001750313
-5.7438e-07
6.3965e-07
-1.228897e-05
-4.060408e-06
-5.358468e-06
0.001870073
-0.003480701
0.00637454
0.004616991
0.008215075
0.01587959
-0.003014882
0.004688803
0.006090227
0.003932904
0.003899185
2.335489e-07
2.170598e-07
-1.915916e-07
-0.699489
44.06819
42.89498
41.95586
40.27459
38.23554
0
0
0
0
0
9212.132
8335.663
7645.469
6905.611
6269.359
-1.737162e-06
0.0001439261
0.0001311888
-4.373946e-05
-2.105804e-05
1.385024e-05
-1.202877e-05
1.969463e-06
3.319699e-05
-0.004872052
0.01000007
-0.005412466
-0.02076482
-0.005169389
-0.006729143
-0.008737876
0.002684228
-0.006051156
0.004419479
0.004991726
0
1.887407e-07
-1.838725e-07
-0.7017791
44.14421
42.98403
42.05358
40.38801
38.36846
0
0
0
0
0
9279.631
8455.892
7820.023
7125.685
6516.685
-0.0001388542
0.0001849415
0.0001213381
0.0001844247
4.317275e-05
-9.295083e-06
-2.610941e-05
2.102014e-05
1.208842e-05
-0.002695908
0.004418441
0.01434829
0.006788525
-0.009580214
-0.01395213
-0.01833724
-0.002269507
-0.01154221
0.006782815
3.344003e-05
0
0
-1.904703e-07
-0.7166533
44.27586
43.11207
42.18898
40.53497
38.5411
0
0
0
0
0
9338.524
8560.254
7969.932
7307.097
6724.846
-7.653703e-05
-4.25576e-05
2.294665e-05
-0.0001445416
-4.42807e-05
5.132411e-06
3.985801e-06
-8.97206e-06
1.576851e-05
0.001659785
0.002789137
-0.007233635
-0.0009913536
0.005419591
-0.0151512
-0.01927192
0.003275152
-0.02420184
-0.006690286
-0.007378903
0
0
0
-0.7415184
44.57637
43.37883
42.44154
40.80136
38.84464
0
0
0
0
0
9396.984
8652.348
8103.172
7469.054
6902.422
1.883023e-05
-8.839969e-05
9.510084e-05
-3.298552e-05
0.0001018527
1.596597e-05
8.289513e-06
-4.338389e-06
5.456853e-06
-0.001476524
0.00241301
-0.004667068
0.002233141
-0.01083358
0.003089445
0.0005896015
0.005218996
0.002275546
0.0005713762
-0.0006109156
0
0
0
0
45.13935
44.04053
43.03944
41.40138
39.51634
0
0
0
0
0
9454.249
8742.102
8224.683
7616.67
7067.036
-0.0001202053
1.334497e-05
9.475421e-05
-0.0001208434
8.596645e-05
1.259275e-05
-2.521337e-05
-1.666555e-05
9.385446e-06
1.579666e-05
0
0
0
0
0
0
0
0
0
0
0
0
0
0
0
44.88467
43.97573
42.30491
40.47917
0
0
0
0
0
9510.472
8831.286
8346.097
7759.092
7225.914
-6.167192e-05
0.0001127259
-0.0002188297
9.656832e-06
3.646859e-06
1.672899e-05
-9.223856e-06
-9.299114e-06
1.021509e-05
1.324094e-05
0
0
0
0
0
0
0
0
0
0
0
0
0
0
0
45.11354
43.64563
41.84161
0
0
0
0
0
9564.282
8918.139
8466.912
7900.315
7378.489
8.341141e-05
-3.396269e-05
-8.332711e-05
0.0002302865
-9.261706e-06
8.755847e-06
3.140575e-05
-8.735395e-06
-7.994673e-06
-2.146185e-06
0
0
0
0
0
0
0
0
0
0
0
0
0
0
0
45.24186
43.83018
0
0
0
0
0
9618.671
9003.906
8583.368
8039.078
7529.114
-9.647605e-05
-0.0001045518
-6.416647e-05
0.0001382179
-3.691531e-06
1.882552e-05
1.736563e-05
1.977798e-05
-1.63494e-05
1.926813e-06
0
0
0
0
0
0
0
0
0
0
0
0
0
0
0
46.04368
0
0
0
0
0
9663.475
9079.683
8691.725
8167.027
7669.437
7.885613e-05
0.0001547395
0.0001907849
0.0001649629
-0.0001118079
-2.984065e-05
2.257604e-05
-3.078294e-06
1.184642e-05
-1.426662e-06
0
0
0
0
0
0
0
0
0
0
0
0
0
0
0
0
0
0
0
-1.319681e-10
-1.177567e-09
-2.949668e-09
-5.190655e-09
-7.799404e-09
4.226191e-08
-1.100289e-08
-1.197983e-08
-3.963382e-07
-1.116956
51.69751
50.24137
48.48479
46.3744
44.34926
0
0
0
0
0
-3720.907
1489.421
4744.394
6850.382
8418.295
-7.904953e-06
4.415207e-05
-7.174603e-05
-0.0001773443
4.978206e-05
4.135299e-06
4.532872e-06
6.201808e-06
1.939125e-06
-1.115499e-05
0
0
0
0
1.693545e-10
-9.26183e-10
-2.753759e-09
-5.07367e-09
-7.891483e-09
5.376163e-08
-1.165852e-08
-2.545949e-09
-3.727334e-07
-1.106398
49.1564
47.63699
46.12398
44.14481
42.12925
0
0
0
0
0
-7790.319
-1133.322
2827.297
5216.978
6838.089
-0.0002226795
0.0002346242
-0.0002619593
-0.0001041387
6.630555e-06
1.071003e-05
-8.765516e-07
-1.895903e-05
-1.522417e-05
1.79337e-06
0
0
0
0
4.736855e-08
-1.839409e-09
-4.193781e-09
-6.937634e-09
-1.010523e-08
5.878468e-08
7.180676e-09
1.740736e-08
-2.833139e-07
-0.955485
47.20984
45.78228
44.44182
42.55229
40.52913
0
0
0
0
0
-13967.26
-4330.865
769.6207
3649.125
5388.824
-0.0001544713
0.000142108
-7.842185e-05
-0.0002216509
7.895982e-05
7.656749e-06
-1.463374e-05
3.187423e-05
2.110892e-06
-6.584227e-06
0
0
0
0
1.527105e-05
1.30668e-07
-9.666161e-10
8.939006e-09
7.908143e-09
7.872116e-08
3.460207e-08
4.779337e-08
-2.374699e-07
-0.8590115
45.87503
44.51934
43.30197
41.47034
39.43223
0
0
0
0
0
-24196.27
-9417.811
-1738.71
2009.522
4044.345
9.990567e-07
-0.0001401884
0.0002564328
-2.702188e-05
-7.257915e-05
9.767863e-06
1.112157e-05
7.399977e-07
2.372414e-05
-1.881945e-05
0
0
0
0
-7.931998e-09
2.159849e-05
2.282849e-07
6.097296e-08
5.796812e-08
1.170041e-07
7.885142e-08
9.440706e-08
-2.114581e-07
-0.7880725
44.95917
43.6632
42.54725
40.74988
38.68314
0
0
0
0
0
-47333.2
-18361.36
-5978.761
-3.082911
2662.808
6.148475e-05
6.236411e-05
-9.094341e-05
0.000231239
-8.466008e-05
3.63373e-06
3.471466e-06
1.560415e-06
2.605534e-07
1.275816e-05
0
0
0
0
0
6.468956e-06
3.428769e-05
3.309272e-07
1.295916e-07
1.765124e-07
1.402484e-07
1.565552e-07
-2.050004e-07
-0.7571681
44.38644
43.11506
42.07168
40.30573
38.2053
0
0
0
0
0
-101270
-38524.59
-13997.5
-3688.809
907.5365
0.0001701722
-0.0001849801
-5.052151e-05
-5.057278e-05
0.0001180041
-9.684842e-07
3.554326e-06
-3.65434e-06
-1.097698e-05
0.0006559935
0.007760124
0.004010345
-0.0006242611
0.004787758
-0.001728601
-0.0062593
2.618085e-05
2.397662e-07
1.916886e-07
2.241808e-07
1.90028e-07
2.061134e-07
-2.025211e-07
-0.7214795
44.16187
42.92729
41.91887
40.17329
38.07508
0
0
0
0
0
8642.53
-94249.72
-33212.4
-11201.71
-2607.755
-0.000173905
-0.0002614569
6.90413e-05
0.0002050426
-0.0001719031
2.051906e-10
-1.207897e-05
1.126072e-05
-6.363494e-06
0.0005960882
-0.004461348
0.008312384
-0.00599452
-0.004869067
-0.008399585
-0.001833867
-0.006732916
8.057787e-07
2.350687e-07
2.545961e-07
2.227984e-07
2.36119e-07
-2.044119e-07
-0.706671
44.07398
42.86247
41.87486
40.14755
38.06203
0
0
0
0
0
8851.617
7716.742
-88812.55
-29750.9
-9927.751
-4.289576e-05
4.277174e-05
1.12454e-05
3.959222e-05
-0.0001225357
-1.621635e-05
4.810443e-06
-4.382316e-06
-1.267805e-05
-0.005243302
0.01177904
-0.006884693
-0.003547505
-0.01232049
-0.003324821
0.001020654
-0.0125933
0.005339763
2.706239e-07
2.655458e-07
2.408171e-07
2.482352e-07
-2.048053e-07
-0.7023535
44.03371
42.83433
41.86618
40.15448
38.08244
0
0
0
0
0
9011.28
7981.508
7130.216
-84708.61
-28016.67
-2.152713e-05
-9.107286e-05
-0.0001790489
-4.294676e-05
-0.0001499589
-5.152881e-06
3.252085e-05
2.3462e-05
-1.996026e-05
0.001565747
0.008418197
0.008959426
0.0004678002
-0.006357249
-0.0008451724
-0.01508733
0.002960475
-0.01154536
-0.003336444
2.701614e-07
2.487145e-07
2.46381e-07
-2.017386e-07
-0.6989344
44.01946
42.83574
41.8822
40.18776
38.12839
0
0
0
0
0
9131.258
8190.142
7427.964
6637.518
-81641.7
-2.011595e-05
-4.984811e-05
-2.487661e-05
0.0001425878
8.011513e-05
3.157456e-06
1.921878e-05
7.910198e-06
-1.306065e-06
0.002275224
-0.00415022
0.00420155
0.006489166
-0.004096862
0.006643181
-0.002414579
-0.009642512
-0.007827487
0.004809031
0.002377261
2.504132e-07
2.342788e-07
-1.960922e-07
-0.6972781
44.03224
42.85968
41.922
40.24068
38.19961
0
0
0
0
0
9226.132
8353.496
7666.993
6930.414
6296.412
-7.015825e-05
-8.007074e-06
7.277725e-05
-1.309242e-05
-3.003124e-05
-1.395182e-05
-1.571288e-05
5.802814e-06
9.074908e-06
-0.0002223935
-0.003802219
0.005400022
-0.01413866
0.01339979
-0.0002113652
-0.01458361
-0.007396231
-0.01156495
0.01112297
0.0002299045
0
2.21718e-07
-1.914978e-07
-0.6978226
44.06773
42.90889
41.98199
40.31707
38.29252
0
0
0
0
0
9302.708
8486.737
7858.043
7168.783
6563.793
3.805643e-05
-0.0001608997
-9.860712e-05
-0.0002188608
9.814183e-05
-5.578831e-06
-1.884366e-05
-7.551904e-06
-1.700162e-05
0.001479829
0.00245607
0.004309999
-0.006055525
-0.006680723
0.01380956
0.008741682
-0.001919995
0.007493697
-0.0006978549
-0.001721928
0
0
-1.958421e-07
-0.7002194
44.13803
42.98546
42.06961
40.41687
38.41423
0
0
0
0
0
9368.672
8598.47
8017.632
7361.741
6784.408
-0.0001091925
8.686896e-05
-0.0001312406
6.912792e-05
-6.848986e-05
1.87941e-05
6.845354e-06
3.410524e-05
3.051972e-07
0.00197066
0.008753797
0.005530142
0.003954122
-0.01133764
0.004696776
0.0339273
0.001795645
0.00403834
0.001283419
0.005322987
0
0
0
-0.7123148
44.2702
43.10958
42.19357
40.55393
38.57303
0
0
0
0
0
9430.419
8694.691
8155.229
7527.518
6966.609
-9.872309e-05
7.902137e-05
0.0001235659
2.5128e-05
0.0001514826
1.176832e-05
5.097208e-06
-4.284923e-06
6.987928e-06
-0.004556871
-0.004664877
0.009004666
0.007492363
0.01731637
0.003293455
0.00754902
-0.00641729
-0.01018471
-0.002509883
0.003858839
0
0
0
0
44.5152
43.3899
42.44455
40.80965
38.86771
0
0
0
0
0
9491.288
8785.583
8276.032
7674.287
7129.129
-7.957977e-05
-8.849291e-05
-2.738555e-06
4.895079e-05
3.789435e-05
-2.252534e-05
2.517805e-06
-6.223427e-07
-1.50191e-05
-0.0002356156
0.0027463
0.001303254
-0.001343236
-0.004087748
0.004956518
0.006426331
-0.002580707
-0.001535898
0.005205859
-0.002491633
0
0
0
0
0
43.94752
43.05691
41.40708
39.52622
0
0
0
0
0
9546.08
8871.911
8392.101
7807.936
7277.208
0.0001340153
5.44958e-05
-9.686002e-05
-0.0001433875
2.481514e-05
-6.54321e-07
-2.399745e-05
3.058237e-05
2.460244e-05
-4.066096e-06
0
0
0
0
0
0
0
0
0
0
0
0
0
0
0
43.83983
42.33132
40.48771
0
0
0
0
0
9599.272
8955.112
8505.864
7940.584
7419.81
-1.204882e-05
5.738042e-05
5.257436e-06
0.000266826
-3.683436e-05
-8.706648e-06
-1.472926e-05
2.595107e-06
-4.945465e-06
-3.586475e-06
0
0
0
0
0
0
0
0
0
0
0
0
0
0
0
43.44375
41.8811
0
0
0
0
0
9649.389
9034.306
8615.989
8071.767
7560.973
-0.000234945
-0.0001428681
1.66857e-05
-0.0001039886
3.352795e-05
-1.274255e-05
-5.174442e-06
-2.742772e-05
9.954643e-06
3.296281e-06
0
0
0
0
0
0
0
0
0
0
0
0
0
0
0
43.51673
0
0
0
0
0
9696.384
9111.429
8722.738
8197.54
7699.32
-9.463974e-05
0.0001425889
0.0001563079
-3.884823e-05
-0.000113212
-3.936514e-06
-3.08135e-05
6.703414e-06
-1.063029e-05
3.134486e-06
0
0
0
0
0
0
0
0
0
0
0
0
0
0
0
0
0
0
0
0
9737.035
9177.378
8817.97
8314.345
7826.921
-3.484705e-05
-9.1435e-05
-0.00010336
-0.0001386496
-6.607138e-05
1.472373e-05
3.881953e-05
-1.764778e-05
-6.205528e-06
-9.198125e-06
0
0
0
0
0
0
0
0
0
0
0
0
0
0
0
0
0
0
4.836356e-10
-1.840767e-11
-1.275843e-09
-3.08179e-09
-5.416494e-09
3.032543e-08
-9.102977e-09
-1.057877e-08
-3.955577e-07
-1.120429
51.88907
50.45036
48.70624
46.60411
44.58937
0
0
0
0
0
-7954.462
-1282.711
2695.45
5100.204
6731.178
-0.0002265281
-1.430313e-05
-1.609145e-05
-2.397088e-05
0.0001033671
2.941515e-06
4.382623e-06
1.45896e-05
-1.386593e-06
-4.552655e-06
0
0
0
0
7.0088e-10
1.701543e-10
-1.046814e-09
-2.824898e-09
-5.189474e-09
3.957493e-08
-9.455656e-09
-1.143607e-08
-3.709299e-07
-1.108866
49.31484
47.8082
46.31018
44.34537
42.34202
0
0
0
0
0
-14252.67
-4613.19
525.0518
3444.336
5213.498
5.215727e-05
0.0002601012
-0.0002556109
0.0001816762
2.601556e-05
7.090763e-06
-1.433401e-05
-1.174219e-05
1.038645e-05
8.494829e-07
0
0
0
0
5.090157e-08
-8.241989e-10
-2.480624e-09
-4.512559e-09
-7.073737e-09
4.319881e-08
-1.086778e-08
5.020964e-09
-2.796536e-07
-0.9565626
47.33201
45.92731
44.59955
42.72537
40.71987
0
0
0
0
0
-25093.9
-9845.049
-2144.531
1667.63
3759.261
-6.908992e-05
8.774299e-07
-0.0001589049
2.894548e-05
0.0001616421
1.708052e-05
-5.844551e-06
-5.581791e-06
-2.309889e-05
8.671334e-06
0
0
0
0
1.645868e-05
1.332122e-07
-6.394086e-09
-3.01027e-10
-6.325638e-09
6.159344e-08
1.98654e-08
3.288485e-08
-2.321628e-07
-0.8593506
45.9702
44.63355
43.43917
41.62173
39.59949
0
0
0
0
0
-47032.99
-18792.57
-6533.301
-507.9371
2241.097
3.419034e-05
-6.123235e-05
7.797649e-05
-0.000330514
2.993625e-05
3.038022e-06
-2.998122e-05
-4.395425e-06
-1.081897e-05
-1.178451e-05
0
0
0
0
0
2.415046e-05
2.254565e-07
5.2546e-08
4.573741e-08
9.78696e-08
6.139932e-08
7.580103e-08
-2.051212e-07
-0.7880308
45.03353
43.75419
42.65791
40.88424
38.83266
0
0
0
0
0
-99512.65
-40100.57
-14490.29
-4287.519
375.1166
-7.669994e-06
-1.616931e-05
-3.660112e-05
-8.267284e-05
-4.066345e-05
-4.498915e-06
-2.752409e-06
1.047849e-06
1.231111e-05
-3.510073e-06
0
0
0
0
0
0
4.534878e-05
3.263085e-07
1.168638e-07
1.547146e-07
1.202124e-07
1.342566e-07
-1.973945e-07
-0.7568347
44.44594
43.18776
42.162
40.41536
38.33972
0
0
0
0
0
8571.121
-93074.74
-33202.95
-11622.72
-3086.857
0.0001173388
-0.0002211337
6.054378e-05
-1.34986e-05
1.584408e-05
9.55859e-06
-1.625444e-05
-1.406234e-05
-7.619462e-06
0.0005418085
-0.0006376826
-0.00751222
0.00258835
0.0007136105
0.001133223
-0.004126487
0.005214892
7.22641e-07
1.797437e-07
2.009849e-07
1.699132e-07
1.816236e-07
-1.940261e-07
-0.7209576
44.20827
42.98752
41.99382
40.26565
38.18776
0
0
0
0
0
8799.659
7649.18
-88138.61
-29759.06
-10223.32
0.0001642742
8.332417e-05
0.0002706719
-0.0001770676
-0.0001291775
1.043141e-05
-3.762067e-06
1.052303e-05
-1.410183e-05
-0.0009704466
-0.00399004
0.002313501
0.01157237
0.00538584
0.007551918
0.0008055306
0.001895524
0.01026558
2.357415e-07
2.293465e-07
2.059733e-07
2.125127e-07
-1.956725e-07
-0.7057866
44.10955
42.9101
41.93804
40.2259
38.15819
0
0
0
0
0
8977.788
7938.71
7077.347
-84357.52
-28037.52
5.376612e-06
9.227763e-05
-3.260737e-05
-7.782717e-05
-2.572024e-05
3.439009e-06
1.663768e-06
-9.521095e-06
1.939267e-05
0.001333333
-0.001251183
-0.01728471
-0.006949795
0.007918871
0.01312942
0.007247424
-0.003379186
0.02019965
-0.0008567274
2.501736e-07
2.311377e-07
2.285788e-07
-1.968698e-07
-0.70113
44.05581
42.87139
41.91628
40.22137
38.16466
0
0
0
0
0
9115.558
8170.638
7403.633
6609.869
-81493.73
-5.699315e-05
0.0001398609
0.0001620501
0.0001480919
-6.733002e-05
-1.718425e-05
5.468468e-06
1.601784e-06
-1.5037e-05
0.002305275
0.001658936
0.002174817
0.005078422
-0.003942161
-0.007570183
-0.00345755
0.01161239
-0.0003752635
0.007354343
-6.892773e-05
2.504131e-07
2.342801e-07
-1.960935e-07
-0.6972781
44.03224
42.85968
41.922
40.24068
38.1996
0
0
0
0
0
9226.132
8353.496
7666.994
6930.414
6296.412
-0.0001427647
7.361835e-05
-2.731441e-05
-9.469757e-05
-8.081701e-05
9.593788e-06
-5.584349e-06
-9.882858e-06
-3.838693e-06
-0.00159502
0.003187495
0.003450182
0.006900718
-0.005698856
-0.003237527
0.004487258
0.00256248
0.0001661174
-0.00262298
-0.003339636
0
2.394362e-07
-1.959622e-07
-0.6952478
44.03169
42.87401
41.94846
40.28336
38.25627
0
0
0
0
0
9314.985
8502.705
7877.687
7190.782
6588.064
4.756177e-05
9.932666e-05
2.570416e-05
5.587117e-05
-1.879939e-05
-5.913933e-06
2.201932e-05
1.397197e-05
-3.834533e-06
-0.0002314079
-0.001545268
-0.001039231
0.0003551558
0.01190076
-0.01267991
-0.0001949022
0.01759185
-0.003725949
0.01293863
-0.003704557
0
0
-2.052539e-07
-0.6959708
44.06068
42.91016
41.99836
40.34594
38.33833
0
0
0
0
0
9390.788
8625.381
8051.829
7400.632
6826.611
-2.860889e-05
5.450977e-05
0.0002283096
-2.216087e-06
0.0001051066
-3.362275e-06
1.458227e-05
2.311585e-05
3.778083e-06
-0.0007872031
-0.01026998
-0.00401109
-0.01625862
0.001887532
0.01796445
0.004577766
-0.01137377
0.001290818
0.006214964
-0.006092599
0
0
0
-0.693105
44.12616
42.98071
42.07338
40.43555
38.4461
0
0
0
0
0
9458.512
8730.094
8198.103
7576.528
7020.161
-9.450408e-05
-1.884165e-05
1.843265e-05
0.0002435958
-8.807056e-05
1.379046e-06
-2.809612e-05
1.463473e-05
-4.551531e-05
-0.001405701
-0.003112037
-0.009001075
0.001624092
-0.005087888
-0.004154684
-0.003617262
-0.006212655
0.001800097
0.01133668
-0.002759005
0
0
0
0
44.2096
43.10403
42.19299
40.56083
38.59458
0
0
0
0
0
9522.485
8825.034
8323.548
7727.769
7186.454
4.072738e-05
0.0002639294
-5.274386e-05
-1.823934e-05
-2.241468e-05
8.669819e-06
-5.316787e-06
-1.972082e-05
5.425631e-06
-0.00369138
0.00730941
0.003825262
-0.008239656
0.006411027
-0.006018748
-0.01628742
0.006120903
0.008507008
-0.00154594
0.006922971
0
0
0
0
0
43.33497
42.45584
40.81472
38.87861
0
0
0
0
0
9581.388
8913.909
8439.991
7860.256
7333.525
-0.0001498812
0.0002259827
0.0001730766
9.182553e-05
-0.0001311316
-1.58517e-05
3.490427e-05
-6.090868e-06
3.939529e-07
0.0007128934
-0.001196943
-0.002905275
-0.001212512
0.0006274246
0.0002434826
-0.001213741
-0.007110648
-0.0007956473
0.0001699286
-0.002741746
0
0
0
0
0
42.9719
41.42584
39.53451
0
0
0
0
0
9634.47
8993.87
8549.333
7986.853
7467.395
-0.000137348
2.021362e-05
5.7247e-05
0.0001440014
3.212379e-05
4.318031e-06
-2.391006e-06
2.251564e-05
-1.589235e-05
-1.360824e-05
0
0
0
0
0
0
0
0
0
0
0
0
0
0
0
42.19913
40.51707
0
0
0
0
0
9682.486
9070.151
8653.99
8110.262
7599.995
-0.0001783361
0.000132444
5.003798e-05
0.0001245727
-9.392204e-05
-8.749026e-06
1.151433e-05
-3.239719e-06
6.971676e-06
1.404138e-05
0
0
0
0
0
0
0
0
0
0
0
0
0
0
0
41.67375
0
0
0
0
0
9726.868
9142.065
8753.438
8229.411
7730.889
6.565026e-05
0.0001480198
0.0001963383
0.0001540686
0.000109234
-2.482779e-06
8.974512e-06
-1.169686e-05
1.576861e-05
3.880133e-07
0
0
0
0
0
0
0
0
0
0
0
0
0
0
0
0
0
0
0
0
9769.197
9208.727
8848.811
8344.086
7856.193
0.0001070668
0.0001101329
-7.972077e-05
5.279009e-06
0.0001581445
4.190115e-06
1.527677e-05
2.764005e-05
-1.014746e-05
6.447263e-06
0
0
0
0
0
0
0
0
0
0
0
0
0
0
0
0
0
0
0
9800.148
9267.548
8931.7
8446.754
7972.521
-9.588205e-05
0.0001135085
2.075951e-06
-0.0001211051
0.0001462985
-9.987962e-06
-2.386735e-05
-2.99434e-05
7.544323e-06
-2.598134e-06
0
0
0
0
0
0
0
0
0
0
0
0
0
0
0
0
0
9.750957e-10
9.790855e-10
2.688788e-10
-1.051012e-09
-2.978775e-09
1.431746e-08
-6.878831e-09
-8.756904e-09
-3.939996e-07
-1.123117
52.06797
50.64409
48.91447
46.82862
44.82799
0
0
0
0
0
-14406.37
-4771.999
381.7245
3318.987
5101.34
8.044716e-05
0.0002605942
9.922571e-05
-0.0001238304
3.601257e-05
-1.146661e-05
-3.006326e-05
-9.482069e-06
-7.594478e-06
-6.05362e-06
0
0
0
0
1.036059e-09
1.049086e-09
4.228058e-10
-7.487262e-10
-2.589883e-09
2.413938e-08
-6.785251e-09
-9.05194e-09
-3.674807e-07
-1.110583
49.45053
47.96739
46.48198
44.53477
42.55011
0
0
0
0
0
-25671.77
-10137.48
-2423.061
1431.66
3561.924
-5.324822e-05
-6.399147e-05
3.260376e-05
4.974396e-05
-0.0001145118
-1.790345e-05
-5.982245e-06
2.042701e-06
1.493697e-05
-4.592457e-06
0
0
0
0
1.571111e-07
-1.512388e-10
-1.10942e-09
-2.428157e-09
-4.278223e-09
2.827371e-08
-8.772752e-09
-1.139348e-08
-2.74704e-07
-0.957172
47.43465
46.05043
44.74589
42.88634
40.89949
0
0
0
0
0
-46739.08
-19712.81
-6968.908
-904.8024
1910.356
-9.214056e-05
0.000162796
0.0001370323
9.137543e-05
-5.123805e-05
-5.27686e-06
-3.31295e-05
1.749314e-05
1.587424e-05
3.493893e-06
0
0
0
0
0
2.824417e-07
-5.244272e-09
-6.874422e-09
-8.762075e-09
4.546293e-08
5.081169e-09
1.812452e-08
-2.266388e-07
-0.8594271
46.04875
44.72986
43.55554
41.76204
39.75656
0
0
0
0
0
-97828.31
-39927.32
-14966
-4840.926
-115.5089
-0.0001254505
9.592056e-05
0.000228391
7.990204e-05
0.0001869536
9.334479e-06
4.387182e-06
3.107226e-05
1.059074e-05
5.461728e-06
0
0
0
0
0
0
3.833628e-07
4.522885e-08
3.631233e-08
8.038242e-08
4.566971e-08
5.823135e-08
-1.988841e-07
-0.7877589
45.09535
43.82976
42.75148
40.99818
38.97191
0
0
0
0
0
8492.816
-91474.17
-34864.07
-12135.9
-3672.041
0.0003242761
-3.957287e-05
-6.511182e-05
-7.324944e-05
3.264495e-05
-9.861102e-06
1.847941e-05
1.478225e-06
-1.47615e-05
-1.227112e-05
0
0
0
0
0
0
0
5.129792e-07
1.063987e-07
1.339163e-07
1.037205e-07
1.139764e-07
-1.901874e-07
-0.7562995
44.49324
43.24846
42.23742
40.50903
38.4539
0
0
0
0
0
8737.885
7568.087
-87053.31
-29794.66
-10640.7
1.061971e-05
-0.0001221626
9.753201e-05
7.084731e-05
6.089321e-05
1.637579e-06
-2.353069e-05
-1.091182e-05
5.471172e-07
0.00162907
-0.001519121
-0.00287904
-0.001013177
-0.001999019
-0.001196898
-0.0007414115
0.004837002
-0.004781407
1.813251e-07
1.76649e-07
1.553052e-07
1.609321e-07
-1.863372e-07
-0.7201421
44.24415
43.03519
42.05672
40.34394
38.28452
0
0
0
0
0
8931.231
7879.117
7002.889
-83724.71
-28056.15
-4.957655e-05
-0.0002737507
1.400445e-05
-6.736124e-05
4.457153e-05
-1.094636e-06
2.690614e-07
4.711892e-07
8.911303e-06
-0.000389915
-0.00334784
0.007521391
0.02329035
-0.00148715
-0.003720617
-0.01096795
-0.002328422
-0.009187691
-0.00934949
2.129658e-07
1.971254e-07
1.944032e-07
-1.884366e-07
-0.7046805
44.13168
42.94692
41.98829
40.29229
38.24079
0
0
0
0
0
9085.469
8132.454
7356.509
6555.983
-81158.95
-3.757391e-05
-7.345222e-05
-0.0001488388
0.0001061422
6.438181e-05
9.412237e-06
9.498099e-06
1.264404e-05
1.579673e-05
0.0009363859
0.0002516843
0.0006879904
0.001096673
0.006380612
0.006600732
-0.008802683
0.007280202
-0.008307713
0.002891251
0.000713314
2.335476e-07
2.170594e-07
-1.915922e-07
-0.699489
44.06819
42.89498
41.95586
40.27459
38.23554
0
0
0
0
0
9212.132
8335.663
7645.469
6905.611
6269.359
-0.0001048317
-3.543682e-07
-0.0001539782
-0.0001527134
-3.008136e-05
1.392959e-06
2.115987e-05
-5.007961e-06
-5.687149e-06
-0.002482338
-0.00351504
0.002852689
-0.005454125
-0.009421663
0.006438454
-0.0004423212
-0.0001209966
0.002227296
0.005998583
0.001599521
0
2.394356e-07
-1.959642e-07
-0.6952478
44.03169
42.87401
41.94846
40.28336
38.25627
0
0
0
0
0
9314.985
8502.705
7877.687
7190.782
6588.064
-0.000130136
0.000137991
-6.569285e-05
8.199482e-05
6.750171e-05
-4.279686e-06
-3.176365e-05
-1.384133e-06
-1.396082e-06
0.003443221
0.002214463
-0.01818677
-0.00806242
0.00630231
0.01865174
0.005646732
-0.001527278
-0.005379053
-0.01110074
-0.005885564
0
0
-2.120729e-07
-0.6933208
44.02441
42.87516
41.96524
40.31255
38.30227
0
0
0
0
0
9402.366
8639.544
8069.465
7420.694
6848.154
-0.0001286655
-0.0001336599
8.885422e-06
-0.0001575574
-7.252159e-05
-2.015984e-05
-4.576257e-06
-9.512242e-06
1.334809e-05
-0.002186948
0.004723014
0.007875191
0.005076073
-0.009334364
0.001695431
-0.0165083
0.01113447
0.0009275321
-0.0044201
0.002254087
0
0
0
-0.6904459
44.05062
42.90452
42.00208
40.36472
38.37005
0
0
0
0
0
9479.247
8755.752
8228.236
7611.551
7058.252
1.244821e-05
8.860081e-05
-0.0001870561
-0.0001993008
9.05846e-05
1.135734e-05
2.178185e-07
-2.365692e-05
-1.498841e-05
0.0002154693
0.001692874
0.007774
0.0002578005
0.001506925
0.01527073
-0.02909645
-0.01410965
0.007418956
-0.00732047
0.001769785
0
0
0
0
44.0763
42.96965
42.07084
40.44178
38.46718
0
0
0
0
0
9548.123
8858.211
8363.332
7771.903
7234.514
0.0001020256
0.000192774
0.0002278127
0.0001029276
-0.0001661566
-4.054631e-06
-9.530784e-06
1.416255e-05
-5.814652e-06
0.006893279
-0.001945937
-0.0002223369
0.002239621
-0.004299999
-0.004174152
0.01423114
-0.007296562
0.003754228
0.001025734
-0.003224384
0
0
0
0
0
43.0415
42.18935
40.56218
38.60351
0
0
0
0
0
9611.646
8950.991
8484.438
7909.164
7385.96
-1.500566e-05
1.417366e-05
-0.0001795104
9.224221e-05
-8.224048e-05
9.750096e-07
-2.88133e-05
3.791074e-06
3.256671e-06
0.0001403784
0.009838726
-0.01415599
-0.004408185
0.006762624
0.0006805807
-0.007197245
-0.0002025576
-0.001638302
-0.00292614
-0.0009364818
0
0
0
0
0
42.40618
40.82744
38.88619
0
0
0
0
0
9667.223
9034.012
8595.529
8035.726
7518.56
0.0001490105
0.0001549741
-0.0002291912
-9.968758e-05
-6.254817e-05
-4.653671e-06
1.317735e-05
-1.944429e-05
-2.045594e-05
-0.001240283
-0.00205823
-0.004641392
-0.001136897
-0.001336218
-0.000416203
0.0002466906
-0.006896535
0.005640938
0.0004900348
0.000779964
0
0
0
0
0
41.34242
39.55623
0
0
0
0
0
9716.521
9108.335
8695.548
8154.042
7645.072
-0.0001348223
0.0001171948
-0.0002689133
4.606777e-05
-9.710179e-05
7.177391e-06
-1.525797e-05
-7.371479e-06
-1.553315e-05
5.594218e-06
0
0
0
0
0
0
0
0
0
0
0
0
0
0
0
40.37884
0
0
0
0
0
9760.2
9176.104
8790.288
8266.953
7768.198
-0.0001200953
0.0001028962
-7.025519e-05
-5.217478e-05
-0.0002661752
-6.465888e-06
7.03415e-06
-1.547545e-05
8.244889e-06
-6.901776e-06
0
0
0
0
0
0
0
0
0
0
0
0
0
0
0
0
0
0
0
0
9797.951
9239.088
8879.661
8374.141
7886.975
9.413659e-05
7.712492e-05
-5.093706e-05
-0.0001119951
-0.0001534386
4.129578e-07
-4.103709e-06
-1.966535e-05
1.461663e-05
-5.284004e-06
0
0
0
0
0
0
0
0
0
0
0
0
0
0
0
0
0
0
0
9832.407
9298.183
8962.161
8476.324
8001.056
-5.393346e-05
-0.0001224772
-0.0001702853
0.0001132149
-0.000159359
-1.320822e-05
-2.093175e-05
-1.125501e-05
-5.140644e-06
5.024969e-07
0
0
0
0
0
0
0
0
0
0
0
0
0
0
0
0
0
0
9854.673
9344.681
9035.563
8565.676
8103.317
1.707659e-06
-3.918048e-06
-7.525667e-05
5.891111e-05
0.0001409987
2.961392e-06
-3.001387e-07
2.517652e-05
1.107714e-05
1.034251e-06
0
0
0
0
0
0
0
0
0
0
0
0
0
0
0
0
1.282778e-09
1.78063e-09
1.600601e-09
8.262434e-10
-6.297309e-10
-1.456557e-09
-4.472647e-09
-6.6205e-09
-3.908159e-07
-1.124947
52.2206
50.82486
49.10776
47.03998
45.06114
0
0
0
0
0
-25776.25
-10292.86
-2578.342
1294.153
3441.229
-0.0001602086
-7.477264e-06
-0.0001114181
-7.286311e-06
7.249193e-05
1.026423e-05
1.112991e-05
2.04852e-05
1.332767e-05
5.656316e-07
0
0
0
0
1.340668e-09
1.635473e-09
1.604146e-09
1.040533e-09
-1.875825e-10
4.11429e-09
-4.060132e-09
-6.487332e-09
-3.624333e-07
-1.111711
49.56306
48.10409
46.64188
44.70981
42.74685
0
0
0
0
0
-46539.07
-20310.68
-7266.229
-1176.729
1682.252
8.990549e-05
8.848861e-05
-5.478495e-05
-0.0001193071
-3.900044e-05
6.294276e-06
3.758108e-05
-2.042177e-06
1.500148e-05
-4.696797e-06
0
0
0
0
0
2.946801e-10
-1.817551e-10
-7.568172e-10
-1.872328e-09
9.582859e-09
-5.721579e-09
-8.336935e-09
-2.695206e-07
-0.9574501
47.51897
46.15428
44.87083
43.03584
41.0668
0
0
0
0
0
-96498.45
-39733.84
-15898.89
-5274.767
-500.8734
0.0002484094
2.488591e-06
-1.150767e-05
-4.201993e-05
1.590433e-06
1.744224e-05
-2.133652e-06
3.321413e-05
-2.687848e-05
-6.926639e-06
0
0
0
0
0
0
-4.265158e-09
-5.47365e-09
-6.401977e-09
3.070598e-08
-9.828144e-09
2.117342e-09
-2.21184e-07
-0.8592209
46.11336
44.8097
43.65426
41.88176
39.90232
0
0
0
0
0
8418.126
-89937.32
-34784.54
-12630.08
-4212.798
7.146767e-05
6.658472e-05
-0.000109851
-0.0002944277
-2.871133e-05
-5.546402e-06
-1.761991e-05
4.734602e-06
-7.495884e-06
-9.047582e-06
0
0
0
0
0
0
0
5.860076e-08
2.728876e-08
6.391246e-08
3.277643e-08
4.222897e-08
-1.929653e-07
-0.7872979
45.14384
43.89288
42.8297
41.09519
39.09079
0
0
0
0
0
8668.26
7481.11
-85567.66
-31481.97
-11148.23
1.299626e-05
-0.0002774709
0.0001108048
8.303349e-07
0.0001775944
5.811398e-06
9.361729e-06
1.173492e-07
-3.661551e-07
9.40667e-06
0
0
0
0
0
0
0
0
1.103424e-07
1.084366e-07
9.192723e-08
9.684447e-08
-1.836757e-07
-0.7554289
44.52929
43.29708
42.30078
40.58786
38.55215
0
0
0
0
0
8875.13
7808.091
6913.497
-82701.96
-28106.79
9.687662e-05
-7.90201e-05
8.082589e-05
3.044132e-05
-4.994911e-05
7.198502e-06
8.853304e-06
3.51406e-05
2.680873e-05
3.916721e-05
-0.003097255
0.0009485204
-0.005498726
0.001776569
0.000126037
0.00418539
-0.001616063
-0.005537951
-0.001478306
1.548169e-07
1.475907e-07
1.450325e-07
-1.800529e-07
-0.7191874
44.2661
43.07239
42.107
40.41011
38.36716
0
0
0
0
0
9043.931
8078.95
7290.474
6479.918
-80554.61
-7.755542e-05
6.56992e-05
0.0003029789
-9.890622e-06
-2.822031e-05
-4.109094e-06
6.304803e-06
-1.281732e-05
-8.590209e-06
-0.003251098
-0.008651888
0.007991258
-0.00113172
-0.01522774
0.001141619
-0.002751725
-0.01022681
0.001133149
0.0006212567
0.002546635
1.986623e-07
1.83826e-07
-1.837233e-07
-0.70327
44.14408
42.97039
42.02762
40.34569
38.31124
0
0
0
0
0
9185.258
8301.278
7603.31
6857.493
6216.616
4.776308e-05
0.00011666
0.0001166376
0.0001121512
-4.755273e-05
1.931913e-05
-1.005038e-06
-1.880915e-05
3.616282e-06
-0.001247927
-0.00398538
-0.000970972
-0.0009531837
0.002656204
-0.01644387
-0.01155551
-9.884407e-05
0.001288112
0.001232631
-0.006919382
0
2.217194e-07
-1.914985e-07
-0.6978226
44.06773
42.90889
41.98199
40.31707
38.29252
0
0
0
0
0
9302.708
8486.738
7858.043
7168.783
6563.793
-8.68853e-05
1.699962e-05
-5.807701e-05
9.273563e-05
9.651968e-05
2.852472e-06
-1.666512e-06
-3.791096e-06
1.121687e-05
-0.0005546481
2.380799e-06
0.004598645
0.004704437
-0.01455726
0.0008015138
-0.008296344
-0.007501588
0.007211038
-0.005589127
0.0006596763
0
0
-2.120721e-07
-0.6933208
44.02441
42.87516
41.96524
40.31255
38.30227
0
0
0
0
0
9402.367
8639.544
8069.465
7420.694
6848.154
-7.966528e-05
0.0002176496
0.0001387723
0.0001915269
-3.026745e-05
-8.166343e-06
8.721893e-06
1.626202e-05
7.727763e-06
0.001164818
-0.0001988261
0.001984532
0.01411571
0.0001724852
-0.007101344
-0.001698427
-0.003371003
-0.003028564
0.005817489
0.003189295
0
0
0
-0.6883919
44.01771
42.86966
41.96888
40.3317
38.33427
0
0
0
0
0
9490.134
8769.095
8243.989
7629.583
7077.893
4.699147e-05
0.0001160075
3.890822e-05
-9.494045e-05
0.000124054
6.309586e-06
3.932853e-05
1.200676e-05
3.697124e-06
-0.0001233485
0.002279998
-0.002199057
-0.002423205
0.003371842
0.01472206
0.01502249
0.0216966
-0.00171836
-0.006342853
0.001754966
0
0
0
0
44.01653
42.89577
41.99885
40.3706
38.39097
0
0
0
0
0
9567.534
8882.371
8391.962
7802.896
7268.827
8.357258e-05
-3.796295e-05
-0.0001282873
0.0002491607
7.928954e-05
-2.370679e-06
-1.726592e-05
-1.566909e-05
1.827705e-05
-0.003764229
0.002425653
0.002625523
-0.01921902
0.01758097
0.01315395
-0.008250468
0.01315316
0.001680405
0.005767119
0.000156222
0
0
0
0
0
42.92176
42.06222
40.44097
38.4752
0
0
0
0
0
9636.753
8981.673
8521.842
7950.149
7429.261
-5.081103e-05
-0.0001011459
-0.0003398563
-0.0003529573
-8.656622e-05
-1.210319e-05
-1.211308e-05
3.109246e-06
-2.379594e-05
0.00279584
-0.01289406
0.008377085
0.005397939
-0.01146192
-0.005355164
0.001720147
0.0001014257
0.01184587
-0.006737208
0.00219197
0
0
0
0
0
42.13373
40.5596
38.60656
0
0
0
0
0
9695.645
9069.924
8637.486
8081.556
7566.536
8.737379e-05
2.131425e-05
3.998025e-05
-6.75255e-05
-5.344193e-05
3.517853e-06
1.505225e-06
2.784136e-05
1.676026e-05
-0.003342748
0.004716057
0.001839018
0.00929126
0.003749324
0.002562282
0.0007001774
0.01650249
-0.003288603
0.005532265
-0.003389998
0
0
0
0
0
40.7779
38.90175
0
0
0
0
0
9748.885
9145.915
8739.772
8201.163
7692.888
4.055449e-05
-0.0001950207
-0.0001264942
7.891827e-05
3.729918e-05
-7.611266e-07
-5.785662e-06
9.145601e-06
-2.216375e-06
-0.000433369
-0.0005473843
0.004485285
-0.0003076585
-0.00362677
0.004873936
-0.002595134
0.005458415
0.003003534
0.004487202
-0.0001692271
0
0
0
0
0
39.46634
0
0
0
0
0
9792.204
9213.078
8831.126
8308.849
7810.869
4.685022e-05
5.590185e-05
-9.714916e-05
0.0002743673
-2.94889e-05
-1.499158e-05
-5.312569e-06
2.412315e-05
1.991747e-05
-1.250999e-07
0
0
0
0
0
0
0
0
0
0
0
0
0
0
0
0
0
0
0
0
9830.62
9273.24
8914.765
8410.549
7923.355
-9.306725e-05
0.0001313231
-3.770817e-05
-3.612602e-05
-1.082497e-05
3.597947e-05
2.452944e-05
4.423786e-06
2.35654e-05
-9.378722e-06
0
0
0
0
0
0
0
0
0
0
0
0
0
0
0
0
0
0
0
9861.857
9326.927
8992.697
8506.486
8030.102
0.0001515647
-0.0001304532
-0.0001966318
-1.047297e-05
8.956746e-05
7.049627e-06
1.663994e-05
-1.567546e-06
1.181779e-05
-1.802707e-06
0
0
0
0
0
0
0
0
0
0
0
0
0
0
0
0
0
0
9886.738
9375.405
9065.33
8594.883
8131.687
-1.686178e-06
0.0001538293
-5.395938e-05
0.0001296517
-7.222376e-05
-1.778208e-06
-1.087723e-05
6.180104e-06
1.627395e-06
-6.205466e-06
0
0
0
0
0
0
0
0
0
0
0
0
0
0
0
0
0
9901.475
9410.705
9124.299
8673.797
8220.691
1.112224e-05
-4.697795e-05
-8.836376e-05
-0.0001093963
-1.444013e-05
3.823975e-06
-9.589495e-06
1.065013e-05
-1.533072e-05
-3.035431e-06
0
0
0
0
0
0
0
0
0
0
0
0
0
0
0
1.589639e-09
2.320453e-09
2.674331e-09
2.446638e-09
1.544432e-09
9.653851e-10
-2.010603e-09
-4.308992e-09
-3.860743e-07
-1.126164
52.34709
50.97941
49.28817
47.23635
45.28094
0
0
0
0
0
-46422.79
-20429.43
-7423.076
-1327.544
1549.435
-1.179463e-05
0.0002028688
-3.30837e-05
3.423882e-05
-4.27545e-05
-1.112018e-06
-1.645066e-05
1.084109e-05
-4.267869e-07
-6.749546e-06
0
0
0
0
0
2.101205e-09
2.410497e-09
2.481466e-09
1.885506e-09
1.685359e-09
-1.439994e-09
-3.871378e-09
-3.570399e-07
-1.112366
49.65609
48.21778
46.77983
44.87282
42.92902
0
0
0
0
0
-95610.13
-39600.92
-16509.08
-5570.4
-764.7865
-1.928691e-05
-6.195246e-05
-3.776e-05
-7.374126e-05
6.871212e-05
1.445245e-05
9.625995e-06
-2.729123e-05
1.205125e-06
-1.286458e-05
0
0
0
0
0
0
3.286765e-10
3.890977e-10
6.000551e-11
1.041927e-11
-2.908019e-09
-5.409009e-09
-2.644063e-07
-0.9573966
47.58818
46.23993
44.97683
43.16416
41.22234
0
0
0
0
0
8351.609
-88721.84
-34665.02
-13557.5
-4636.574
2.379236e-05
-0.0001612879
5.29001e-05
-7.722272e-05
-8.955768e-06
-2.079441e-05
-3.645347e-05
-7.064093e-06
-2.093158e-05
1.985754e-05
0
0
0
0
0
0
0
-5.003601e-09
-4.783392e-09
1.39607e-08
-6.867054e-09
-9.26113e-09
-2.159837e-07
-0.8587615
46.16403
44.87562
43.73663
41.98396
40.02743
0
0
0
0
0
8601.963
7400.781
-84138.72
-31456.6
-11637.37
-9.360773e-05
-9.945056e-05
1.964224e-05
1.005683e-05
0.0001700038
8.038117e-06
8.644198e-06
3.462084e-07
-1.489009e-05
-1.287112e-07
0
0
0
0
0
0
0
0
2.983239e-08
4.58856e-08
2.380426e-08
2.86933e-08
-1.876544e-07
-0.7865336
45.18057
43.94272
42.89544
41.17691
39.19271
0
0
0
0
0
8812.46
7730.331
6818.915
-81295.97
-29761.48
3.437267e-05
-3.168892e-05
-3.550567e-05
-0.0001373996
6.371245e-05
-2.403282e-05
-1.724354e-05
-1.163372e-05
-1.857375e-06
-1.010229e-06
0
0
0
0
0
0
0
0
0
7.251903e-08
8.572286e-08
8.373086e-08
-1.784164e-07
-0.754362
44.55169
43.33452
42.35197
40.65455
38.6355
0
0
0
0
0
8994.1
8014.543
7211.657
6388.596
-79574.99
-8.513494e-05
-3.811567e-05
3.475732e-05
-2.702968e-05
-2.192491e-05
6.442421e-06
-2.603899e-05
3.426384e-06
-2.452488e-05
0.0008643605
0.003526073
-0.00101022
-0.005143806
0.006603774
-0.006658782
-0.0005670461
0.007400525
-0.002022652
0.0004033464
0.0004220433
1.479841e-07
1.357003e-07
-1.762395e-07
-0.7180568
44.27874
43.09577
42.14668
40.46356
38.43749
0
0
0
0
0
9148.527
8253.353
7543.96
6789.879
6142.11
0.0001971597
3.378833e-05
0.0001185118
-0.0002236303
-2.283392e-05
-5.552404e-06
-8.575577e-06
-4.178894e-06
1.085961e-05
0.005450754
0.006181025
0.002925397
-0.0005949824
-0.004157258
0.0006331017
0.01029051
-0.002267421
-0.002487164
0.01430431
0.0005050008
0
1.887412e-07
-1.838711e-07
-0.7017791
44.14421
42.98403
42.05358
40.38801
38.36846
0
0
0
0
0
9279.631
8455.893
7820.024
7125.685
6516.685
-8.58797e-05
-0.0001592396
-6.589907e-05
-0.000133641
-4.722466e-05
-2.576539e-06
-2.699028e-05
-1.164412e-05
9.070308e-06
-0.003652674
0.006507209
0.004549495
0.004678227
0.01314358
-0.006141499
0.01295818
0.007608886
0.005342628
0.006572526
0.002049217
0
0
-2.052556e-07
-0.6959708
44.06068
42.91016
41.99836
40.34594
38.33833
0
0
0
0
0
9390.789
8625.381
8051.83
7400.632
6826.611
4.325062e-06
0.0002437977
3.692205e-05
0.0001252644
-6.36033e-05
-2.236915e-05
-6.238722e-06
-5.080123e-06
1.187022e-06
-0.003177307
0.003273209
-0.007835142
-0.00673307
-0.002822042
0.01000033
-0.003681895
0.001161018
-0.003266622
-0.0030561
-0.001295078
0
0
0
-0.6883919
44.01771
42.86966
41.96888
40.3317
38.33427
0
0
0
0
0
9490.134
8769.095
8243.989
7629.583
7077.893
0.0001033462
5.406802e-05
-0.0002129175
-0.0003070302
-0.000267122
1.098839e-05
1.688503e-06
1.038872e-05
-8.718516e-06
0.0009586621
-0.008094039
-0.01325447
-0.004650775
-0.006397831
0.005219871
0.001235718
-0.011258
-0.004661677
0.002629836
-0.004958097
0
0
0
0
43.99547
42.86483
41.96574
40.33747
38.3555
0
0
0
0
0
9577.855
8894.964
8406.791
7819.053
7286.487
-0.0001299926
-0.0001201504
8.789196e-05
-2.844529e-05
9.005459e-05
4.853924e-06
-1.915117e-05
-8.163251e-06
-9.321326e-06
0.001804528
-0.00471853
0.00551316
0.01155596
-0.01144088
-0.01918053
-0.01060004
-0.009195596
-0.02355904
-0.005681908
0.003372251
0
0
0
0
0
42.86273
41.9922
40.36894
38.39832
0
0
0
0
0
9654.61
9004.441
8548.871
7979.557
7459.666
0.0001128644
-3.594001e-05
2.60233e-05
-1.010122e-05
-0.0001394742
-9.715916e-06
-9.46188e-06
3.357738e-06
6.385249e-06
0.0004355331
0.01147311
-0.00432082
-0.001657404
0.01160602
-0.00834147
0.005821145
0.001294294
-0.007921203
0.003339623
-0.007041512
0
0
0
0
0
42.02038
40.43315
38.47518
0
0
0
0
0
9719.755
9099.857
8672.348
8120.145
7606.757
0.0002640101
-0.0001085268
6.344309e-05
0.0002750036
0.00019972
-1.449069e-05
8.30675e-06
1.90976e-05
1.218254e-05
0.001664627
-0.006868169
0.01083472
-0.01169449
0.00974387
0.005879741
0.009978916
-0.003685409
0.003760381
-0.006829607
0.003826382
0
0
0
0
0
40.50339
38.60384
0
0
0
0
0
9775.087
9179.904
8780.358
8244.504
7737.866
-1.855652e-05
-2.839064e-06
0.0001376129
-6.848026e-05
5.883823e-05
6.014483e-06
-6.616087e-06
-5.895195e-06
-2.213359e-05
-0.005599895
-0.0006255595
-0.003126499
0.003091651
0.0006223077
-0.00240583
-0.0149975
-0.007988492
-0.007083566
-0.007607237
-0.001261601
0
0
0
0
0
38.84531
0
0
0
0
0
9823.352
9250.086
8872.767
8353.99
7856.961
6.579281e-05
-3.739791e-05
-5.913304e-05
0.0001779529
8.785438e-06
-5.864979e-06
6.515119e-06
8.451597e-06
2.808955e-06
0.001640321
-0.002449085
-0.00106557
-0.001121503
0.003137581
0.004078492
-0.003364644
-0.000161154
4.467796e-05
-0.002621606
-0.001439525
0
0
0
0
0
0
0
0
0
0
9862.808
9308.236
8954.344
8451.676
7964.202
-6.382663e-05
-0.000152396
6.403637e-05
5.37287e-05
-7.561184e-05
-2.593932e-06
2.156591e-05
1.795083e-05
4.470161e-06
-1.218917e-05
0
0
0
0
0
0
0
0
0
0
0
0
0
0
0
0
0
0
0
9892.897
9360.406
9027.807
8541.222
8065.386
1.105906e-05
3.3816e-05
-0.0001063925
0.0001537266
7.079938e-05
4.183201e-06
-3.623856e-05
-9.439058e-06
-2.428164e-05
-1.436678e-05
0
0
0
0
0
0
0
0
0
0
0
0
0
0
0
0
0
0
9916.287
9404.709
9094.335
8624.722
8160.824
-0.0001164954
-9.69233e-05
-5.062404e-06
0.000151569
-1.386923e-05
-3.797045e-06
-1.691657e-06
-1.124756e-05
3.648135e-06
2.4536e-06
0
0
0
0
0
0
0
0
0
0
0
0
0
0
0
0
0
9933.234
9441.251
9154.147
8702.337
8248.713
-2.815006e-05
-2.996615e-06
-0.000103805
0.0001859677
-4.832266e-05
5.248738e-06
1.966014e-05
1.998509e-05
9.692332e-07
9.9993e-06
0
0
0
0
0
0
0
0
0
0
0
0
0
0
0
0
9931.221
9466.08
9199.879
8766.107
8327.265
0.0001271697
1.604402e-05
8.28292e-05
0.0001182768
0.000115696
-7.77166e-06
-7.855079e-06
2.042049e-06
1.441235e-06
2.542199e-06
0
0
0
0
0
0
0
0
0
0
0
0
0
0
0
2.815416e-09
3.407011e-09
3.755493e-09
3.423121e-09
3.195815e-09
3.591595e-10
-1.944252e-09
-3.810391e-07
-1.12691
52.45249
51.10781
49.44323
47.41996
45.48543
0
0
0
0
0
-95151.52
-39518.15
-16638.6
-5725.714
-911.0583
0.0002172745
0.0001661496
3.614915e-05
2.265491e-05
1.231368e-05
7.360253e-06
-1.043585e-05
-6.370766e-08
-2.157018e-05
-4.123508e-06
0
0
0
0
0
0
3.081171e-09
3.476157e-09
3.559156e-09
3.78003e-09
9.795069e-10
-1.358522e-09
-3.516323e-07
-1.112465
49.73256
48.31208
46.8953
45.01413
43.09884
0
0
0
0
0
8296.823
-87909.55
-34581.58
-14166.69
-4925.238
-0.0001060096
-0.0001111004
-9.447447e-06
-0.0001439321
0.0001578337
-3.265119e-06
-2.180614e-05
-2.207197e-05
1.22876e-05
-6.306309e-06
0
0
0
0
0
0
0
1.111169e-09
1.40399e-09
1.929035e-09
-4.844116e-10
-2.71161e-09
-2.594557e-07
-0.9570364
47.64254
46.31047
45.06485
43.27367
41.35659
0
0
0
0
0
8543.233
7332.185
-83006.19
-31380.38
-12542.42
-6.099623e-05
3.983054e-05
-2.337744e-05
-0.0002245586
-1.839541e-05
-7.394938e-06
2.651933e-05
-4.05281e-06
1.424195e-05
-7.633289e-07
0
0
0
0
0
0
0
0
-4.108594e-09
-2.792469e-09
-4.485191e-09
-6.428263e-09
-2.113189e-07
-0.8579383
46.20214
44.9277
43.80511
42.0699
40.1349
0
0
0
0
0
8752.902
7658.61
6733.382
-79942.96
-29754.25
3.429689e-05
0.0001777244
-9.190313e-05
4.72695e-05
-5.038385e-06
4.145534e-06
-2.560849e-05
-8.431536e-06
-4.012237e-06
9.242425e-06
0
0
0
0
0
0
0
0
0
3.137992e-08
1.979225e-08
1.853382e-08
-1.834834e-07
-0.785648
45.20308
43.98082
42.94787
41.24605
39.27924
0
0
0
0
0
8938.41
7944.501
7126.92
6292.585
-78222.44
-7.942984e-05
-7.831898e-05
0.0002308934
-6.35123e-05
0.0001136099
-1.72346e-05
1.138962e-05
6.153491e-06
2.409407e-06
-5.933697e-06
0
0
0
0
0
0
0
0
0
0
9.60176e-08
7.608926e-08
-1.756371e-07
-0.7530383
44.56522
43.35849
42.39188
40.70896
38.70652
0
0
0
0
0
9104.828
8195.868
7472.572
6709.141
6052.662
-3.064047e-06
-0.0001238309
-0.0002683795
1.073758e-05
-3.10386e-05
-1.472993e-05
-1.381904e-05
3.231598e-05
-1.929345e-05
0.0002127409
-0.003326008
-0.001716711
-0.003011332
0.004299866
-0.005838269
0.0003134141
0.00099961
-0.006231491
-0.0009590409
-8.188011e-05
0
1.4087e-07
-1.773274e-07
-0.7170313
44.27962
43.1098
42.17257
40.50622
38.49487
0
0
0
0
0
9246.989
8413.194
7766.733
7064.893
6450.44
-8.608325e-05
-9.428635e-05
1.484623e-05
-0.0002289046
8.399276e-05
-1.949358e-06
1.542688e-05
1.346936e-05
6.765944e-06
-0.001503704
-0.007139733
0.002164158
0.008823998
-0.01386814
0.008965064
-0.004153892
-0.01201488
-0.01175721
-0.005882673
-0.00608604
0
0
-1.958443e-07
-0.7002194
44.13803
42.98546
42.06961
40.41687
38.41423
0
0
0
0
0
9368.673
8598.47
8017.633
7361.742
6784.408
-2.795038e-05
7.202768e-05
2.902719e-05
-5.195566e-05
6.282405e-05
5.559944e-06
2.365276e-06
8.31106e-06
8.146003e-06
0.001400811
0.00367518
0.0008904271
0.0008593334
0.0001511829
-0.005172761
-0.0008234499
-0.01741234
0.00368857
-0.003858008
-6.777541e-05
0
0
0
-0.6904459
44.05062
42.90452
42.00208
40.36472
38.37005
0
0
0
0
0
9479.248
8755.753
8228.236
7611.551
7058.252
0.0001231822
5.68661e-05
-0.0001917291
-3.932847e-05
-7.167038e-05
2.565788e-06
3.403967e-05
1.08063e-05
6.503897e-06
-0.001057384
0.01741951
-0.002409524
0.01077513
0.0185281
-0.004216769
-0.001911124
-0.006775178
-0.003173027
0.0129121
-0.0005145572
0
0
0
0
43.99547
42.86483
41.96574
40.33747
38.3555
0
0
0
0
0
9577.855
8894.964
8406.791
7819.053
7286.487
2.942775e-05
-5.261598e-05
9.585252e-05
7.368877e-05
0.000163022
3.754275e-06
-1.566357e-05
4.542975e-06
-9.736921e-06
-0.0006743169
-0.003593895
0.005105129
0.006828126
-0.005980131
0.005847357
-0.00656362
-0.004052226
0.02151079
0.002790242
0.0006307278
0
0
0
0
0
42.84559
41.96256
40.3359
38.36256
0
0
0
0
0
9663.817
9016.417
8562.897
7994.762
7475.503
0.0001421143
0.0001507222
9.351947e-05
-0.0003070157
4.653892e-05
-2.976239e-05
9.437394e-06
5.886686e-06
-3.102767e-05
0.0005434858
-0.0121499
0.0129195
-0.007683171
-0.02154189
0.01952589
0.0003396848
-0.006959351
0.002840969
-0.0099865
0.004274112
0
0
0
0
0
41.9671
40.36319
38.39682
0
0
0
0
0
9737.795
9121.059
8697.918
8147.938
7635.594
-4.90101e-05
-0.0001090273
3.518408e-05
3.841988e-05
5.479901e-05
-2.129694e-06
8.678128e-06
5.980889e-07
8.543322e-06
0.005824116
0.007739761
-0.008222687
-0.003833164
-0.01047284
0.005779172
-0.01281199
-0.002255428
0.002022677
0.006684399
0.003302406
0
0
0
0
0
40.38953
38.46579
0
0
0
0
0
9797.811
9208.687
8814.286
8280.589
7775.75
7.938249e-05
-0.0002187605
0.000229332
-9.542426e-05
-0.0001211352
-8.630237e-07
1.80827e-05
3.063343e-06
-1.939984e-06
-0.006668262
0.002525344
0.0005943207
-0.01508639
-0.002198597
-0.002477162
-0.003506034
0.007239346
-0.003040346
0.01008294
-9.240792e-07
0
0
0
0
0
38.5345
0
0
0
0
0
9849.408
9281.85
8911.344
8395.899
7899.519
-0.0001232027
6.747629e-05
-0.0002225958
-0.0001073236
-2.080225e-05
-1.364593e-05
-1.616138e-06
2.209398e-05
-4.792415e-06
0.002335034
0.009869715
0.005134002
-0.00284766
0.009304589
0.01222331
-0.004730093
0.01045985
-0.006932488
0.008213056
0.003097432
0
0
0
0
0
0
0
0
0
0
9891.938
9343.95
8995.252
8494.287
8008.366
-0.0001380205
-5.282217e-05
5.300011e-05
-2.025263e-05
-8.803108e-05
5.060916e-06
6.250988e-06
9.170597e-06
9.861359e-07
0.001023118
-0.001158063
-0.003852861
-0.001248603
0.004457032
0.0007630228
0.0006492306
0.0006615303
0.002080824
0.0006076938
0.0006140299
0
0
0
0
0
0
0
0
0
9924.323
9395.447
9065.441
8581.098
8105.468
-0.0001234328
4.469952e-05
0.0001550905
3.698146e-06
5.896492e-05
-7.121611e-06
-1.517127e-05
5.24804e-06
-1.359913e-05
-1.178173e-05
0
0
0
0
0
0
0
0
0
0
0
0
0
0
0
0
0
0
9948.058
9436.629
9128.757
8659.416
8194.504
-7.778384e-05
-6.30842e-05
-9.838984e-08
9.902286e-05
-9.03889e-05
4.06741e-06
-9.250595e-06
1.29926e-05
-1.490555e-05
1.684319e-05
0
0
0
0
0
0
0
0
0
0
0
0
0
0
0
0
0
9961.932
9470.615
9183.597
8730.723
8277.534
-2.730421e-05
0.000155343
-1.908787e-05
-2.832137e-05
-6.661668e-06
1.70181e-05
-1.512967e-05
1.455922e-05
7.085055e-06
-3.100322e-06
0
0
0
0
0
0
0
0
0
0
0
0
0
0
0
0
9962.997
9496.364
9229.558
8794.723
8354.645
7.944152e-05
0.000137132
1.923175e-05
8.045809e-05
-0.0001046358
9.231822e-06
-7.923633e-06
-3.483832e-05
-3.259226e-05
6.594931e-06
0
0
0
0
0
0
0
0
0
0
0
0
0
0
0
9956.719
9501.84
9262.414
8844.564
8418.237
-5.092487e-05
4.503252e-06
-0.0001161756
-0.0001596786
-3.123476e-05
1.034425e-05
5.503744e-06
3.99373e-06
2.334096e-06
-5.479472e-06
0
0
0
0
0
0
0
0
0
0
0
0
0
0
0
4.130462e-09
4.664899e-09
4.944853e-09
5.101966e-09
2.55349e-09
3.32498e-10
-3.759995e-07
-1.127184
52.53825
51.21513
49.57285
47.57852
45.67706
0
0
0
0
0
8244.959
-87486.25
-34523.8
-14300.59
-5076.825
-3.094145e-05
-0.0001175771
-0.0001704907
-0.000177712
-2.124023e-05
-9.680429e-06
-1.233677e-05
1.146994e-05
-5.255215e-06
1.456878e-05
0
0
0
0
0
0
0
4.335145e-09
4.737425e-09
5.420317e-09
3.074053e-09
9.62066e-10
-3.464392e-07
-1.112031
49.79231
48.38988
46.9917
45.13321
43.24675
0
0
0
0
0
8493.607
7277.071
-82248.54
-31325.95
-13138.03
-7.141508e-05
0.0001494708
0.0003450326
0.0001619476
0.0001003813
-4.927834e-06
9.352974e-06
2.849847e-05
1.183451e-05
-3.428003e-06
0
0
0
0
0
0
0
0
2.270096e-09
3.216665e-09
1.48211e-09
-3.944777e-10
-2.54988e-07
-0.9561451
47.68231
46.36624
45.13786
43.36534
41.47187
0
0
0
0
0
8697.965
7597.649
6662.448
-78869.13
-29693.5
6.557924e-05
3.751206e-05
-8.850469e-05
0.0001154914
0.0001957847
5.740468e-06
1.580291e-05
-6.133817e-06
9.541572e-06
-5.556561e-06
0
0
0
0
0
0
0
0
0
-2.214884e-09
-2.765226e-09
-4.163403e-09
-2.077292e-07
-0.8569238
46.22425
44.96726
43.85978
42.14192
40.22603
0
0
0
0
0
8883.337
7879.976
7050.353
6206.61
-76922.42
0.0001426056
-8.807233e-05
-0.0001370296
0.0001377904
2.389644e-05
1.98772e-06
-6.335176e-06
4.882032e-06
-1.583185e-05
6.848569e-06
0
0
0
0
0
0
0
0
0
0
2.354881e-08
1.237084e-08
-1.817294e-07
-0.7846093
45.21544
44.00482
42.98851
41.30181
39.35298
0
0
0
0
0
9053.698
8133.396
7396.219
6623.06
5958.795
7.298948e-05
0.0001098196
1.081565e-05
-0.0003163035
0.0001085875
1.582282e-05
1.225434e-05
1.326562e-06
-1.00778e-05
-3.017215e-06
0
0
0
0
0
0
0
0
0
0
0
7.522171e-08
-1.778088e-07
-0.7521142
44.56718
43.37364
42.41829
40.75193
38.76504
0
0
0
0
0
9206.945
8362.313
7702.824
6991.808
6371.336
8.600535e-05
-3.36377e-05
0.0001653863
0.0002364691
2.410932e-05
6.379099e-06
1.103176e-05
8.814138e-06
-2.440434e-05
0.0007741926
0.002622972
-0.002577408
-0.005265028
0.01057775
-0.005107064
0.006573182
0.004145988
-0.00061841
0.008166912
-0.001519563
0
0
-1.904701e-07
-0.7166533
44.27586
43.11207
42.18898
40.53497
38.5411
0
0
0
0
0
9338.525
8560.254
7969.932
7307.098
6724.846
-0.0001523291
0.000273076
-4.519107e-05
-0.000168437
0.0001014263
-1.475149e-05
1.143243e-05
4.242836e-06
1.760488e-05
0.001834167
0.000415949
-0.01201042
0.002699938
0.004143128
-0.002514632
-0.004511072
0.005627898
0.01323313
0.01670174
-0.001401325
0
0
0
-0.693105
44.12616
42.98071
42.07338
40.43555
38.4461
0
0
0
0
0
9458.514
8730.096
8198.102
7576.529
7020.162
-8.999184e-05
-5.987985e-05
-5.081401e-05
2.834249e-05
4.854216e-05
-4.818502e-07
-1.573126e-05
8.342242e-07
5.778919e-06
0.003363755
-0.006967853
-0.001056355
0.002190498
-0.01065882
-0.006067
-0.0007298802
0.007742392
0.01957292
-0.003531884
0.0002791387
0
0
0
0
44.01653
42.89577
41.99885
40.3706
38.39097
0
0
0
0
0
9567.535
8882.373
8391.963
7802.896
7268.828
-4.694503e-05
-0.0001823048
-3.609107e-05
5.286397e-05
3.067153e-05
-1.571726e-05
-7.061903e-06
-1.927046e-05
-1.127181e-05
0.005532515
0.0108595
-0.005877325
0.004665473
-0.0006133621
-0.02222491
0.01132033
0.005388817
-0.002644552
0.01123678
-0.00437758
0
0
0
0
0
42.84559
41.96256
40.3359
38.36256
0
0
0
0
0
9663.817
9016.417
8562.897
7994.762
7475.503
3.483466e-05
2.95391e-05
-8.514998e-05
-0.000214197
3.822722e-06
1.05069e-05
3.351921e-06
9.279197e-06
-3.519874e-06
0.001715965
0.006120603
-0.00320479
-0.004623051
0.01330699
0.004847243
6.508763e-07
-0.008992252
-0.001168218
0.001495887
-0.003062674
0
0
0
0
0
41.94589
40.33383
38.36121
0
0
0
0
0
9747.522
9131.951
8711.285
8162.334
7650.496
0.0001651166
-0.000105987
-0.0001618097
-8.0543e-05
0.0002615933
4.576015e-06
3.124612e-05
-2.435803e-05
1.409285e-05
-0.003461618
-0.003051003
0.005953269
-0.009991889
0.009297113
0.005480996
0.002413864
0.00346868
0.006797757
-0.001375872
0.006713468
0
0
0
0
0
40.33535
38.39021
0
0
0
0
0
9814.997
9229.847
8838.272
8306.927
7803.012
-4.812435e-05
0.000197271
7.716508e-05
-0.0001607677
-1.018731e-05
-1.523641e-05
-2.519795e-06
-4.956849e-06
1.783093e-05
0.003644476
-0.01376834
-0.00231186
0.004216509
0.01124326
-0.004430782
0.001661245
-0.003185631
0.009842347
-0.007165548
0.003132591
0
0
0
0
0
38.40899
0
0
0
0
0
9870.205
9309.21
8943.989
8430.983
7934.978
0.0002216403
-9.04812e-05
5.470044e-05
-0.0003310488
4.770838e-05
-2.504395e-06
8.087981e-06
5.055579e-06
9.343692e-06
0.0007575841
0.003042245
-0.009993235
0.003092231
-0.006602263
-0.01685021
0.01141667
0.002642982
0.003439301
-0.007080801
-0.001676742
0
0
0
0
0
0
0
0
0
0
9917.12
9375.37
9031.591
8534.194
8049.511
0.0001460968
0.0002148893
-9.72022e-05
0.0002040292
-2.951292e-05
2.485139e-06
3.126773e-05
-1.488112e-05
-1.69509e-05
-0.002679113
-0.002084594
-0.005729271
-0.005451995
-0.006149999
-0.009431259
-0.01100129
0.003517643
0.007305652
0.01132369
0.001348324
0
0
0
0
0
0
0
0
0
9953.621
9429.179
9104.98
8622.918
8147.187
3.819249e-05
0.0002294377
-0.0001771565
-0.0001074834
6.798057e-05
3.632762e-07
-7.111162e-06
-8.153032e-06
-3.062819e-05
-0.001058445
-0.001397155
0.005719493
0.00307719
0.0007233202
0.002043687
-0.004145485
-0.006778367
-0.001527634
-0.002802545
0.0007898981
0
0
0
0
0
0
0
0
9977.833
9470.868
9166.316
8697.41
8233.372
-6.367884e-05
9.398329e-05
-0.0001054255
-0.0002175939
-9.262448e-05
-2.945694e-06
1.075227e-05
4.036161e-05
-1.375239e-05
9.699149e-06
0
0
0
0
0
0
0
0
0
0
0
0
0
0
0
0
0
9992.26
9503.153
9216.511
8764.739
8311.157
0.0001103763
7.053351e-05
5.831713e-05
-4.893365e-05
-2.993195e-05
-1.217113e-06
-1.94686e-05
-4.87254e-06
-2.094411e-05
1.562801e-05
0
0
0
0
0
0
0
0
0
0
0
0
0
0
0
0
9992.019
9524.968
9259.034
8823.491
8382.076
7.397652e-05
1.283055e-05
-4.466471e-05
2.367654e-05
7.890813e-05
-1.271879e-05
-2.110793e-05
1.842306e-05
-5.170413e-06
-7.777177e-06
0
0
0
0
0
0
0
0
0
0
0
0
0
0
0
9987.761
9532.135
9291.861
8873.019
8445.69
0.00015276
-3.786932e-05
-0.0001131691
1.879951e-05
-0.0001007021
6.811605e-06
-1.604209e-05
6.044055e-06
2.336536e-05
2.262979e-05
0
0
0
0
0
0
0
0
0
0
0
0
0
0
0
9530.552
9303.189
8909.111
8495.506
-0.0001098749
3.813523e-05
-0.0002610024
8.433015e-05
3.625596e-05
9.275011e-07
-2.998599e-05
1.120668e-05
1.298999e-06
1.705235e-06
0
0
0
0
0
0
0
0
0
0
0
0
0
0
0
5.589256e-09
6.022793e-09
6.601026e-09
4.452634e-09
2.436641e-09
-3.709495e-07
-1.126968
52.60614
51.30266
49.6818
47.71193
45.84333
0
0
0
0
0
8445.386
7227.545
-81849.78
-31282.78
-13270.73
-5.423887e-05
-5.475426e-05
-0.0001318733
6.871642e-05
1.801682e-05
-1.682712e-06
2.055945e-05
-7.608549e-06
-6.842266e-06
9.100924e-06
0
0
0
0
0
0
0
0
5.769731e-09
6.515915e-09
4.783781e-09
2.960782e-09
-3.418017e-07
-1.111109
49.83616
48.45115
47.07178
45.23335
43.37228
0
0
0
0
0
8651.494
7547.583
6606.524
-78149.89
-29649.63
-9.248212e-05
7.107034e-05
-1.168419e-05
-0.0003720119
-0.0001463865
-5.345648e-06
-2.066327e-06
-1.874368e-05
7.208512e-07
-1.652806e-06
0
0
0
0
0
0
0
0
0
4.024955e-09
2.944581e-09
1.470043e-09
-2.516544e-07
-0.954935
47.70468
46.40741
45.19617
43.442
41.56917
0
0
0
0
0
8832.365
7823.231
6987.085
6136.317
-75891.07
-0.0002457803
-2.226359e-05
2.961446e-05
-5.681971e-05
-7.231549e-05
-1.707094e-05
-7.497518e-07
-1.900317e-05
3.0157e-06
-1.404788e-07
0
0
0
0
0
0
0
0
0
0
-1.93761e-09
-2.54271e-09
-2.06715e-07
-0.8557055
46.23532
44.99091
43.90191
42.20001
40.30301
0
0
0
0
0
9003.29
8073.984
7327.263
6546.024
5874.982
0.0001104215
-0.0001049909
7.454303e-05
0.0001641072
-4.243846e-05
-1.033859e-05
7.453009e-06
-6.818075e-06
2.798077e-05
1.670591e-05
0
0
0
0
0
0
0
0
0
0
0
1.539062e-08
-1.855423e-07
-0.7841002
45.21626
44.01862
43.01505
41.34561
39.41309
0
0
0
0
0
9160.798
8305.05
7634.55
6914.248
6287.214
1.409747e-06
-8.148028e-05
6.441277e-05
2.85928e-05
0.0002201419
3.124959e-06
-1.925346e-05
-9.723489e-06
4.174792e-06
2.631187e-06
0
0
0
0
0
0
0
0
0
0
0
0
-1.942239e-07
-0.7510459
44.56723
43.37734
42.4357
40.78129
38.8118
0
0
0
0
0
9302.392
8513.666
7913.039
7241.588
6653.262
6.414861e-05
-5.558388e-05
0.0001170729
-0.0001204655
-3.626152e-05
-2.989017e-05
-1.40246e-05
-2.101424e-05
-2.767747e-05
0.001562128
-0.000472162
0.006320278
-0.001694662
0.00121819
-0.0006913747
0.001468745
-0.004177957
-0.002989811
0.00295437
-0.001450526
0
0
0
-0.7123148
44.2702
43.10958
42.19357
40.55393
38.57303
0
0
0
0
0
9430.42
8694.692
8155.229
7527.518
6966.609
4.901533e-06
3.783621e-05
-0.0001355499
-8.571082e-05
0.0001691416
8.897124e-06
6.510916e-06
-1.457395e-05
-1.529237e-06
0.0001046936
0.005559211
0.005096457
0.01082942
0.0003810386
0.006875465
-0.008921038
0.007633008
0.003625183
-0.005432465
-0.002702256
0
0
0
0
44.0763
42.96965
42.07084
40.44178
38.46718
0
0
0
0
0
9548.124
8858.213
8363.333
7771.903
7234.514
0.0001878523
0.0001076033
7.062076e-05
0.0001371499
-4.847641e-05
-3.117488e-07
1.906422e-06
2.795983e-06
1.593472e-05
-0.003624204
-0.01053563
-0.007512722
-0.01761278
-0.0006579894
0.01308857
-0.005736535
-0.005682964
-0.007688179
-0.01149716
0.001381467
0
0
0
0
0
42.86273
41.9922
40.36894
38.39832
0
0
0
0
0
9654.611
9004.441
8548.872
7979.558
7459.666
4.469791e-05
8.410432e-05
6.25661e-05
0.0001505912
-1.265249e-06
7.66146e-06
-4.131451e-06
1.536054e-05
6.592819e-06
-0.000162563
-0.01055355
-0.003174823
-0.001375124
0.006752154
0.0009482041
0.01477996
-0.00154405
0.000456019
0.006742845
-0.0004457082
0
0
0
0
0
41.94589
40.33383
38.36121
0
0
0
0
0
9747.522
9131.951
8711.285
8162.335
7650.497
1.664999e-05
-3.440614e-05
-3.935915e-05
9.67386e-05
0.0001680386
-3.839106e-06
-8.414796e-06
-5.397459e-06
5.195256e-06
-0.001894134
-0.0002879467
-0.0005487133
0.01428014
-0.005095609
0.0007181702
-0.00557622
-0.002954184
0.01370334
-0.008628887
-0.004620821
0
0
0
0
0
40.31693
38.35939
0
0
0
0
0
9824.091
9241.099
8850.572
8320.658
7817.127
9.112115e-05
-3.962734e-05
-1.574815e-05
7.427551e-05
3.860619e-05
-4.656033e-06
2.772761e-06
-6.068641e-06
2.694375e-05
0.00122319
0.009012351
0.004280166
0.01250965
-0.007381608
-0.01509108
0.001891213
-0.007013168
-0.01223526
-0.001369979
-8.285603e-05
0
0
0
0
0
38.35068
0
0
0
0
0
9886.37
9329.494
8967.745
8455.766
7960.825
-0.0002423673
-1.062574e-05
-0.0003689503
-0.0001292716
4.92446e-05
-1.863153e-05
8.602479e-06
-1.97516e-06
-1.84619e-05
-0.005018437
-0.002124617
0.007165835
0.007436851
0.006116486
0.01744301
-0.004609689
-0.01119859
-0.007883282
-0.004433917
-0.0006697445
0
0
0
0
0
0
0
0
0
0
9938.564
9400.818
9062.771
8567.961
8083.975
0.0001239477
-0.0001833101
-2.724531e-05
-0.0002273839
0.0002607944
-3.878992e-07
2.283053e-05
-2.145592e-05
-1.783615e-05
0.003681142
0.0002550125
0.006553747
0.006006221
-0.007923645
0.009216091
0.005057555
-0.01719412
0.002748949
-0.009316611
0.002264747
0
0
0
0
0
0
0
0
0
9976.916
9459.637
9140.806
8660.633
8186.385
5.970873e-05
-0.0002472384
-0.000113129
0.0001667756
-0.0001009131
2.594425e-05
9.738208e-07
-2.081973e-05
1.27724e-06
0.001085757
0.008861714
-0.009313951
0.0002208003
0.0007997564
-0.004927371
0.01708248
0.007822974
0.01183452
-0.01447187
-0.002833772
0
0
0
0
0
0
0
0
10006.48
9504.6
9203.892
8737.859
8274.301
-4.894246e-05
4.956123e-05
-2.331059e-05
5.501896e-05
0.0001413005
-1.15046e-05
9.620299e-06
-2.427822e-06
2.082186e-05
0.000783674
-6.878972e-06
0.004215594
-0.001372239
0.007187888
-0.003163997
0.004454584
-0.0003248868
0.005920068
-0.005900255
0.001086926
0
0
0
0
0
0
0
10022.41
9535.832
9253.228
8802.606
8348.214
2.317225e-05
3.592902e-05
0.0001973653
9.99851e-05
0.0001849088
2.111306e-05
-1.189977e-05
-1.195927e-05
-2.905128e-05
-3.512336e-07
0
0
0
0
0
0
0
0
0
0
0
0
0
0
0
0
10023.51
9556.138
9292.472
8856.061
8415.043
-0.0001876308
-9.297021e-05
-0.0001154922
-3.415042e-05
0.0001341006
-7.589262e-07
-1.1232e-07
2.499537e-05
-1.509386e-05
6.948801e-06
0
0
0
0
0
0
0
0
0
0
0
0
0
0
0
10015.81
9561.01
9320.647
8901.797
8473.473
6.047712e-05
-0.0001257094
-0.0001660266
-0.0001148664
-3.729548e-06
-4.22468e-06
1.517414e-05
2.853327e-06
-1.194318e-05
-1.211743e-05
0
0
0
0
0
0
0
0
0
0
0
0
0
0
0
9560.175
9332.643
8937.357
8522.806
2.803353e-05
-0.0001801149
-0.00010769
-2.963993e-05
2.095563e-06
-4.843383e-06
-1.08389e-05
1.442762e-05
1.893585e-05
-5.314006e-06
0
0
0
0
0
0
0
0
0
0
0
0
0
0
0
9334.646
8951.365
8558.97
6.096836e-05
-2.947061e-05
8.275531e-06
0.0002247774
1.225569e-05
-9.007003e-08
1.161661e-05
2.799609e-05
-4.849236e-06
-5.756548e-06
0
0
0
0
0
0
0
0
0
0
0
0
0
0
0
7.120581e-09
7.619413e-09
6.006311e-09
4.251829e-09
-3.66302e-07
-1.125955
52.65973
51.36821
49.77134
47.82462
45.98415
0
0
0
0
0
8606.231
7501.513
6558.262
-77767.59
-29611.94
-0.0001076862
3.653907e-05
0.000226977
0.0002108914
-1.413314e-05
1.79376e-05
4.122276e-06
-3.916877e-05
1.522036e-05
2.506128e-06
0
0
0
0
0
0
0
0
0
7.318969e-09
6.090827e-09
4.579679e-09
-3.384139e-07
-1.109856
49.85905
48.49693
47.13548
45.31714
43.47863
0
0
0
0
0
8789.515
7776.495
6936.226
6081.425
-75200.15
8.377949e-06
0.000119812
-3.307436e-05
-0.0001386583
0.0001857373
6.263524e-06
3.244153e-06
8.79243e-06
2.449974e-05
-1.151659e-05
0
0
0
0
0
0
0
0
0
0
3.988359e-09
2.845383e-09
-2.513108e-07
-0.9535105
47.7146
46.43132
45.24001
43.50387
41.65121
0
0
0
0
0
8957.031
8021.551
7268.593
6483.233
5806.751
-0.0001664561
0.0001174641
3.154759e-05
-5.423775e-05
0.0001112544
1.206152e-05
1.762438e-05
-8.417953e-07
3.368137e-06
-5.007088e-06
0
0
0
0
0
0
0
0
0
0
0
-1.811192e-09
-2.118754e-07
-0.8550848
46.23456
45.00347
43.92823
42.24542
40.36575
0
0
0
0
0
9115.549
8250.684
7571.242
6844.85
6212.144
1.552447e-05
-1.794167e-05
6.189742e-05
-7.24754e-05
-0.0001502226
-8.050533e-06
-7.493594e-06
1.841803e-05
-1.739206e-05
-1.07196e-05
0
0
0
0
0
0
0
0
0
0
0
0
-2.052059e-07
-0.7851574
45.21725
44.02088
43.03128
41.37521
39.4609
0
0
0
0
0
9260.962
8461.858
7850.526
7172.161
6577.478
-0.0001524287
9.131802e-06
-6.093467e-05
-0.0002118093
4.857454e-06
-8.129528e-06
1.168608e-06
1.947811e-06
1.746817e-05
9.989503e-07
0
0
0
0
0
0
0
0
0
0
0
0
0
-0.7415184
44.57637
43.37883
42.44155
40.80136
38.84464
0
0
0
0
0
9396.986
8652.35
8103.172
7469.054
6902.423
5.765184e-05
8.392668e-06
-2.040582e-05
-0.0001759889
0.0001126669
-1.437434e-06
5.455699e-05
3.050797e-07
9.472215e-06
0.0009334392
-0.001396032
0.003700126
-0.005042659
0.0002602878
-0.005718073
0.002267624
-0.0005514396
-0.001766995
0.001125305
-0.002585466
0
0
0
0
44.2096
43.10403
42.19299
40.56083
38.59458
0
0
0
0
0
9522.486
8825.036
8323.55
7727.769
7186.454
-6.111549e-05
9.977452e-05
0.0001190001
-2.651812e-05
5.012537e-05
1.230134e-05
-8.072165e-06
1.016433e-05
1.651334e-05
-0.001716723
0.001869404
-0.001119004
0.004273623
-0.008051921
0.01032734
-0.004931784
0.004167829
0.01566784
-0.007978645
-0.00380661
0
0
0
0
0
42.92176
42.06222
40.44097
38.4752
0
0
0
0
0
9636.753
8981.674
8521.845
7950.151
7429.261
0.0001648053
-0.0002687449
4.982018e-05
0.0001122893
-8.335644e-05
-9.593644e-07
-9.186501e-06
1.002204e-05
-1.326289e-05
0.0009107624
0.006497347
-0.005339726
0.003357083
-0.003286491
0.001094926
0.002939656
-0.008129415
0.005020184
-0.00788129
-0.00128784
0
0
0
0
0
41.9671
40.36319
38.39682
0
0
0
0
0
9737.796
9121.059
8697.919
8147.939
7635.595
7.47427e-05
1.084774e-05
-0.0001279542
-6.291411e-05
-0.0002131677
7.666906e-06
-2.688724e-06
2.138784e-05
-6.208236e-06
0.002019777
0.0002031455
-0.01033667
0.001810604
0.001174802
-0.006425755
0.007921483
-0.007750618
-0.002508925
0.002620744
0.003224245
0
0
0
0
0
40.31693
38.35939
0
0
0
0
0
9824.091
9241.099
8850.572
8320.658
7817.127
-0.0002977174
-8.589538e-06
-7.779453e-05
4.379423e-05
2.69115e-05
-3.819709e-06
3.245027e-06
-3.597547e-06
2.380841e-05
-0.003322611
0.008263582
-0.002738075
-0.006133737
-0.001779505
0.008367067
-0.002918722
-0.0007699457
0.003799067
-0.01048499
0.0008602145
0
0
0
0
0
38.33856
0
0
0
0
0
9895.081
9340.131
8980.274
8468.464
7974.29
1.55055e-05
-0.0001110576
-9.499594e-05
-5.313967e-05
2.515408e-07
1.076942e-05
8.156731e-06
-4.45167e-06
-6.752216e-06
-0.004357866
-0.003947038
-0.003568276
-0.01751314
-0.01651361
-0.004743143
0.002066813
0.002339088
0.01010202
0.004330328
-0.001144746
0
0
0
0
0
0
0
0
0
0
9954.625
9420.062
9085.628
8592.43
8108.317
9.528439e-05
0.0001260507
3.264185e-05
0.0002579534
6.779544e-05
-1.322271e-05
9.094142e-06
5.325396e-06
9.778158e-06
0.0001325755
0.002039978
-0.006228942
-0.0001077261
0.01155794
-0.004641994
-0.006208915
0.01632644
0.01567036
0.003224097
-0.000954881
0
0
0
0
0
0
0
0
0
9997.331
9485.51
9170.078
8692.951
8219.558
2.618764e-05
-6.920044e-05
6.136108e-05
9.287983e-05
0.0001385991
-1.758511e-05
-7.181724e-06
-1.540265e-05
2.210404e-05
0.000385497
-0.01037725
-0.01498869
-0.008466161
0.004187651
-0.003062554
-0.008362754
0.002335298
0.01067293
0.002477266
0.003418086
0
0
0
0
0
0
0
0
10030.4
9533.197
9238.675
8774.992
8311.381
-7.527063e-05
-0.0001652347
0.0001447143
6.360273e-05
-0.0001288973
1.027047e-05
-1.784447e-05
-6.126758e-06
1.400449e-05
0.005086082
-0.001315479
-0.009544999
0.00671292
-0.01279664
-0.0004598891
-0.001818078
-0.00307776
-0.01162785
-0.0008562283
0.004684866
0
0
0
0
0
0
0
10049.39
9568.878
9290.66
8841.148
8387.809
2.054867e-05
0.0001380069
-0.0002273095
-0.0001533871
6.810663e-05
6.874291e-07
-6.287652e-06
-2.389682e-05
1.280924e-06
-0.001035999
-0.003234966
-0.003481903
-0.004446134
-0.0006900984
-0.004588018
0.00623742
-0.006737924
0.0008513358
-0.001318682
0.001321442
0
0
0
0
0
0
10052.67
9589.077
9327.695
8893.088
8451.959
0.0001383796
-0.0001033621
0.000138227
-0.0001499647
-5.810752e-05
4.518189e-06
-4.504218e-06
2.926089e-05
2.458213e-05
8.152349e-06
0
0
0
0
0
0
0
0
0
0
0
0
0
0
0
10046.01
9593.206
9352.774
8934.835
8505.053
3.571964e-05
8.057379e-05
-9.13721e-06
3.880563e-05
9.518086e-06
-2.633979e-05
-1.941869e-05
7.629548e-06
-4.425829e-06
1.403051e-05
0
0
0
0
0
0
0
0
0
0
0
0
0
0
0
9588.116
9361.658
8965.497
8550.595
-9.114123e-07
4.679882e-05
5.097264e-06
0.0002936092
9.524437e-06
-7.350037e-06
3.641321e-06
-7.855544e-06
-6.532784e-07
5.629905e-06
0
0
0
0
0
0
0
0
0
0
0
0
0
0
0
9363.472
8979.615
8586.072
1.39308e-05
-8.543593e-05
8.217292e-05
2.656531e-06
4.356197e-05
8.23477e-06
-3.567037e-08
-4.281847e-06
-2.146786e-07
-1.207493e-05
0
0
0
0
0
0
0
0
0
0
0
0
0
0
0
8983.411
8600.565
9.461338e-06
-0.0001107537
0.0001424529
-6.36623e-05
-1.124858e-05
-2.388304e-06
-7.588843e-06
-1.698797e-05
-2.128161e-05
1.236618e-06
0
0
0
0
0
0
0
0
0
0
0
0
0
0
0
8.599141e-09
7.204822e-09
5.724987e-09
-3.629234e-07
-1.124406
52.68318
51.4234
49.83125
47.91798
46.10379
0
0
0
0
0
8747.186
7733.249
6891.345
6035.056
-74830.28
-0.0001112582
0.0002173517
-3.197669e-05
-0.0001361091
-6.276656e-05
1.777562e-05
-1.310195e-05
-4.756341e-06
2.054324e-05
-8.64212e-06
0
0
0
0
0
0
0
0
0
0
7.378109e-09
5.801124e-09
-3.387939e-07
-1.108221
49.866
48.5213
47.18488
45.38402
43.56832
0
0
0
0
0
8916.465
7978.566
7221.235
6433.295
5753.63
-5.238609e-05
1.435985e-05
8.190382e-06
5.30538e-07
7.377127e-05
7.7081e-07
-4.274826e-06
-1.58487e-05
1.437058e-05
-1.077606e-05
0
0
0
0
0
0
0
0
0
0
0
3.745692e-09
-2.58437e-07
-0.9528756
47.7114
46.44278
45.26675
43.55106
41.71809
0
0
0
0
0
9071.651
8203.012
7517.188
6786.735
6151.207
5.032939e-05
0.0001151323
6.029266e-05
-0.0001487969
-2.323076e-05
-1.367508e-06
-1.953245e-05
-6.515757e-06
1.048457e-05
-3.325299e-06
0
0
0
0
0
0
0
0
0
0
0
0
-2.368412e-07
-0.8561508
46.2355
45.00421
43.9434
42.27495
40.41542
0
0
0
0
0
9218.814
8412.885
7792.6
7108.533
6509.855
5.131974e-05
5.440264e-05
-1.439602e-05
7.373991e-06
4.614813e-05
1.073627e-05
-5.723505e-06
2.319558e-05
-4.86226e-05
8.359659e-06
0
0
0
0
0
0
0
0
0
0
0
0
0
-0.7789382
45.23483
44.02292
43.03585
41.39423
39.49415
0
0
0
0
0
9358.703
8605.561
8046.527
7405.514
6834.566
-1.256367e-05
9.986319e-05
-8.363063e-05
0.0001152225
0.0001262904
-1.682781e-05
-1.08638e-05
4.576788e-06
8.358061e-06
-1.453825e-05
0
0
0
0
0
0
0
0
0
0
0
0
0
0
44.5152
43.3899
42.44455
40.80965
38.86771
0
0
0
0
0
9491.289
8785.585
8276.035
7674.287
7129.13
-0.0001417618
-3.658275e-05
-9.790573e-05
5.542763e-05
4.994736e-05
2.445849e-06
-8.079627e-06
-1.412237e-05
-4.701996e-07
-0.0003264079
-4.701998e-05
-0.0005944057
-0.006894873
0.006938141
-0.005220054
0.001640167
0.005211965
-0.01003667
0.005188016
0.001405175
0
0
0
0
0
43.0415
42.18935
40.56218
38.60351
0
0
0
0
0
9611.646
8950.992
8484.441
7909.166
7385.96
2.379077e-05
4.434394e-05
-0.0001623781
1.451645e-05
4.590351e-05
1.829214e-05
-8.573778e-06
-1.166885e-05
2.72671e-06
-0.005527512
0.0002800331
-0.009431434
-0.0008353197
0.002912755
-0.004092479
-0.01469106
0.02125419
-0.004184295
0.00103058
0.001818893
0
0
0
0
0
42.02038
40.43315
38.47518
0
0
0
0
0
9719.755
9099.858
8672.349
8120.147
7606.759
-8.655205e-05
-0.0002650665
0.0002648787
-0.0001176015
-0.0001446551
-2.063167e-06
1.942513e-05
2.038222e-05
-7.60001e-06
0.00174546
-0.004279621
0.01196902
0.006207818
0.002423742
0.01051038
-0.01664015
0.005899004
-0.01183834
0.006877736
-0.004471087
0
0
0
0
0
40.33535
38.39021
0
0
0
0
0
9814.997
9229.847
8838.272
8306.928
7803.014
0.0001948802
-4.624594e-05
8.419279e-05
0.0002107475
3.708978e-05
9.567292e-06
-1.490166e-05
-6.985976e-06
8.859292e-06
-0.001682722
-0.009331303
-0.006704852
0.001247168
0.005620281
0.0004516693
-0.003932733
-0.0006270656
0.00424366
0.007413036
0.001389737
0
0
0
0
0
38.33856
0
0
0
0
0
9895.081
9340.131
8980.275
8468.464
7974.29
0.000190925
0.000230235
9.327842e-05
0.0002614601
1.959639e-05
-7.425681e-06
4.762894e-06
2.211409e-05
1.62443e-06
-0.00190417
0.009762896
-0.02014179
0.003811644
0.01750034
-0.01968883
0.007883398
0.003128562
0.002673585
0.001118528
0.003208704
0
0
0
0
0
0
0
0
0
0
9963.107
9430.292
9097.554
8605.29
8120.787
-7.54822e-05
3.641841e-05
7.829894e-05
0.000159815
0.0001030608
-1.963799e-06
-1.845334e-05
-6.602697e-07
-1.057016e-05
-0.0006851105
0.005813643
0.01657526
0.007244966
0.002867932
0.008990359
0.009782346
0.005712033
-0.0005527052
-0.0009728217
-0.003607114
0
0
0
0
0
0
0
0
0
10013
9504.549
9191.875
8716.531
8243.57
0.0001979498
-5.893607e-05
7.284956e-05
0.0001021867
-3.609444e-05
9.527656e-06
2.544671e-05
-6.907351e-07
-6.9444e-06
0.002618676
0.00368751
0.01036291
0.001542467
-0.0003691479
-0.009699202
-0.01749739
0.005863337
-0.01510754
-0.0147552
-0.001641516
0
0
0
0
0
0
0
0
10049.45
9558.01
9268.188
8805.449
8343.149
0.0001135669
-9.438866e-05
0.0002055956
-4.793058e-05
-9.360033e-05
5.328168e-06
2.10016e-05
-9.283556e-07
-2.928813e-06
-0.002307147
0.004769529
-0.01431638
0.01240419
0.01155886
-0.01150312
0.0188377
0.005505623
0.006868475
-0.005307661
-0.001461673
0
0
0
0
0
0
0
10072.99
9597.918
9323.596
8877.225
8424.3
-0.0001012747
-2.702499e-06
0.0001925802
-5.123624e-05
-0.0001122456
4.305205e-06
6.82235e-07
-1.050717e-05
8.046781e-06
-0.006932125
-0.002505144
0.003170776
0.008851376
-0.007192301
-0.006728455
-0.004767044
0.008840608
-0.01014368
-0.00244745
-0.0006107499
0
0
0
0
0
0
10080.55
9620.528
9364.405
8931.422
8489.717
-0.0001612416
4.910589e-05
-4.881422e-05
0.0002419211
0.0001306771
-1.17998e-05
-2.757462e-05
2.221086e-05
9.300873e-06
0.00106623
-0.002694343
0.002321244
0.003819253
0.002648209
-0.005757057
-0.001022589
0.0002944544
0.004294977
0.003698074
0.002077941
0
0
0
0
0
10074.45
9625.198
9388.165
8970.438
8541.153
-4.710785e-05
2.592222e-05
0.000133615
-0.0001996676
-6.118123e-05
-2.819094e-06
-1.116885e-05
-2.47492e-05
-2.703849e-05
-8.219979e-06
0
0
0
0
0
0
0
0
0
0
0
0
0
0
0
9619.066
9394.695
8997.282
8582.614
8.705794e-06
4.002264e-06
-1.296818e-05
-6.445975e-05
-1.585786e-05
1.232239e-05
1.568492e-05
2.363939e-05
1.74243e-05
-4.901073e-06
0
0
0
0
0
0
0
0
0
0
0
0
0
0
0
9391.576
9007.959
8613.255
5.481154e-08
7.568715e-05
-0.0003384104
0.0001172628
-0.0001418871
-6.137014e-06
8.212531e-06
-9.270113e-06
9.615174e-06
5.883512e-06
0
0
0
0
0
0
0
0
0
0
0
0
0
0
0
9011.069
8627.669
-0.000144225
0.0001018078
-4.205265e-05
-4.239704e-05
9.007742e-05
1.332983e-05
-3.640334e-05
-1.582083e-05
2.682617e-05
-1.109073e-05
0
0
0
0
0
0
0
0
0
0
0
0
0
0
0
8631.94
-1.058698e-05
9.256467e-05
0.0001972667
-8.974101e-05
-2.227163e-05
-5.886897e-06
1.110742e-05
2.037566e-05
1.043644e-05
5.256174e-06
0
0
0
0
0
0
0
0
0
0
0
0
0
0
0
8.495841e-09
6.845695e-09
-3.633922e-07
-1.122601
52.68706
51.44945
49.81288
47.99748
46.20373
0
0
0
0
0
8875.458
7938.16
7179.101
6390.186
5709.095
0.0001664961
0.0001807021
-6.863389e-05
5.385586e-05
2.627979e-05
-9.806762e-06
-1.771613e-05
-1.923135e-07
5.251608e-06
1.518933e-06
0
0
0
0
0
0
0
0
0
0
0
6.803949e-09
-3.490946e-07
-1.107512
49.85951
48.52945
47.21236
45.43076
43.64112
0
0
0
0
0
9032.955
8162.42
7473.706
6740.298
6102.903
8.818848e-05
3.938588e-05
3.267254e-05
2.710543e-06
5.532331e-05
-6.774062e-06
-4.856926e-06
-1.38093e-05
1.053096e-05
-1.782214e-05
0
0
0
0
0
0
0
0
0
0
0
0
-2.89556e-07
-0.9544763
47.71297
46.44107
45.28103
43.58117
41.76987
0
0
0
0
0
9177.651
8367.882
7743.371
7055.068
6453.497
-8.642482e-05
5.826026e-06
3.650839e-06
-6.548139e-05
0.000128793
1.381705e-05
1.0421e-05
1.113575e-05
1.03744e-05
-6.283887e-06
0
0
0
0
0
0
0
0
0
0
0
0
0
-0.8469968
46.26128
45.00627
43.94665
42.29308
40.44884
0
0
0
0
0
9318.793
8560.031
7994.212
7347.296
6772.592
0.0001599944
4.18708e-05
-9.421846e-05
7.216333e-05
-5.939829e-05
-5.578177e-06
-1.126508e-05
1.632318e-05
-2.18348e-05
2.174793e-05
0
0
0
0
0
0
0
0
0
0
0
0
0
0
45.13935
44.04053
43.03944
41.40138
39.51634
0
0
0
0
0
9454.25
8742.104
8224.685
7616.67
7067.036
0.0001511371
0.0001066897
-7.435209e-05
-3.43428e-05
-0.0001009282
-1.191369e-05
2.333539e-05
1.713285e-05
1.976374e-07
-1.80059e-06
0
0
0
0
0
0
0
0
0
0
0
0
0
0
0
43.33497
42.45584
40.81472
38.87861
0
0
0
0
0
9581.388
8913.91
8439.994
7860.259
7333.524
5.273506e-05
6.044961e-05
-0.0002511374
1.828364e-05
-3.724225e-05
-9.63344e-08
-1.328489e-05
8.62706e-07
-2.045009e-05
0.002622903
-0.0002552395
0.00292131
0.000810604
0.00192851
-0.001207022
0.004199146
-0.0008760939
-0.0009734289
-0.001724311
-0.001299027
0
0
0
0
0
42.13373
40.5596
38.60656
0
0
0
0
0
9695.645
9069.924
8637.488
8081.558
7566.539
-8.431588e-05
7.178702e-05
-7.209014e-05
1.433901e-05
-0.0001364659
9.473044e-06
-1.537393e-05
2.088059e-05
4.364337e-06
0.003024499
0.008100256
-0.002975864
0.002525131
0.006901295
-0.004266047
0.01042507
-0.01165262
-0.008827729
0.0007648517
0.001447953
0
0
0
0
0
40.38953
38.46579
0
0
0
0
0
9797.811
9208.687
8814.286
8280.59
7775.752
-9.770053e-05
0.0001002678
0.0001703077
-3.065292e-05
3.86341e-05
9.577771e-06
-4.908964e-06
-2.589016e-05
-7.471668e-06
-0.0008859621
0.007310113
-0.009955311
-0.003678115
-0.01844153
0.01071503
-0.009981818
0.007355277
-0.003175129
0.008751466
-0.005238953
0
0
0
0
0
38.35068
0
0
0
0
0
9886.37
9329.494
8967.745
8455.766
7960.826
0.0001381252
-0.0001340004
4.6452e-05
-5.70176e-05
-0.000107177
7.388244e-06
4.188262e-06
2.106974e-05
2.07192e-05
-0.004944687
0.002592341
0.01806512
-0.0007946383
-0.004421187
0.007232495
-0.01224374
-0.0009230013
0.0005912243
-0.001418493
-0.002663171
0
0
0
0
0
0
0
0
0
0
9963.107
9430.292
9097.554
8605.29
8120.787
0.0001102433
-0.0002267101
-3.379768e-05
-8.419181e-05
-0.0001553696
-1.690033e-05
-6.827389e-06
-1.63141e-05
-2.495708e-05
0.001220335
0.006247155
-0.006179002
-0.007149953
0.01321199
-0.01107824
-0.008995433
-0.004081221
-0.001804505
0.01083995
0.001853873
0
0
0
0
0
0
0
0
0
10021.3
9514.519
9203.369
8728.807
8256.176
2.108457e-05
8.583987e-05
5.909709e-05
-8.007116e-05
-0.0001047552
-1.865412e-05
4.379078e-06
1.413762e-05
2.108506e-06
-0.0002862437
0.006225937
-0.0009506934
-0.0106218
0.005678439
0.006472811
-0.01063767
-0.01319223
-0.01010014
-0.003500363
-0.0003351958
0
0
0
0
0
0
0
0
10064.03
9576.585
9289.695
8827.984
8366.297
-1.238305e-05
-0.0003193584
-0.0001096997
-0.0001484859
-2.899957e-05
-1.544826e-05
5.014293e-07
-1.682236e-05
-4.030865e-06
-0.0002810968
-0.001882541
0.01131688
-0.008004617
0.001294394
0.002048912
-0.01213978
0.008995714
-0.00936884
0.005862281
-7.460156e-05
0
0
0
0
0
0
0
10093.18
9621.406
9352.017
8907.83
8454.271
5.37306e-05
-0.0001610656
-5.444098e-06
-0.0002195133
4.635875e-05
8.707574e-06
1.474183e-06
-1.324664e-05
3.577395e-06
0.001051708
0.003137241
-0.001954926
0.007200573
-0.002285136
0.006080102
0.01134701
-0.01669885
0.007719381
0.001635157
0.002600762
0
0
0
0
0
0
10103.99
9649.199
9397.64
8965.703
8525.177
0.0001508359
0.0001163846
9.220674e-05
-0.0001638411
2.561398e-05
1.413147e-05
5.787239e-06
-5.228612e-06
-6.355147e-07
0.001978243
0.017536
0.005340455
-0.001517087
0.002815775
0.01219888
0.002765056
-0.004128837
0.001167514
0.004083256
8.929495e-05
0
0
0
0
0
10102.13
9657.421
9423.333
9008.051
8578.687
0.0001659665
0.0001927116
5.378103e-05
4.80221e-06
-7.264625e-05
2.955825e-06
1.217957e-05
3.30927e-05
-1.256483e-05
0.0007309884
-0.001165392
0.001662992
0.0002612767
-0.003909896
-0.00208494
-0.001617135
-0.006011774
-0.007545541
0.004644303
-0.0006025063
0
0
0
0
0
9650.408
9429.173
9033.004
8617.349
9.794804e-06
3.64209e-05
-0.0001545689
-5.252083e-05
0.0001236788
1.184554e-05
1.330173e-05
-8.824982e-06
2.515402e-05
1.345899e-05
0
0
0
0
0
0
0
0
0
0
0
0
0
0
0
9423.409
9040.58
8644.073
7.04062e-05
5.385515e-05
0.0001373108
0.0001741921
0.000104607
5.524814e-06
-2.122307e-05
1.187604e-06
-2.6118e-07
-1.988744e-05
0
0
0
0
0
0
0
0
0
0
0
0
0
0
0
9038.536
8655.045
-7.834404e-05
4.888908e-05
-8.353707e-05
0.0003144549
-8.450198e-05
-1.46979e-05
2.551256e-05
-4.675259e-06
-6.028649e-06
-5.303261e-06
0
0
0
0
0
0
0
0
0
0
0
0
0
0
0
8658.482
-0.0001266093
0.0001140708
-7.706323e-05
0.0002340526
-1.032708e-06
1.592599e-05
-2.834834e-05
2.272788e-05
2.319206e-05
-8.666607e-06
0
0
0
0
0
0
0
0
0
0
0
0
0
0
0
2.861149e-06
-5.905338e-05
-0.0001512476
-0.0002027897
-1.017597e-05
-1.766375e-06
1.540843e-05
-2.691693e-05
-8.500773e-07
-2.446612e-06
0
0
0
0
0
0
0
0
0
0
0
0
0
0
0
7.865215e-09
-3.740699e-07
-1.121915
52.67126
51.45934
49.83109
48.11828
46.28492
0
0
0
0
0
8993.962
8123.414
7434.364
6699.83
6061.517
-7.456346e-05
-0.0002999696
-6.309786e-05
-7.875749e-05
8.227323e-06
-1.515247e-06
3.000395e-06
1.944209e-05
-1.663181e-07
9.682861e-07
0
0
0
0
0
0
0
0
0
0
0
0
-3.904213e-07
-1.109848
49.86297
48.52388
47.22374
45.46061
43.69947
0
0
0
0
0
9141.131
8329.338
7702.39
7012.471
6408.604
-7.211003e-05
-0.0001455367
6.094559e-05
3.171381e-05
-1.51077e-05
-8.050376e-07
8.582176e-06
-5.906315e-06
-6.313619e-06
7.277595e-07
0
0
0
0
0
0
0
0
0
0
0
0
0
-0.9411307
47.74993
46.44377
45.28208
43.59861
41.80415
0
0
0
0
0
9280.053
8517.943
7947.926
7298.566
6720.766
6.590466e-05
8.235431e-05
-6.452274e-05
9.725933e-06
-2.652853e-05
-2.323313e-06
-3.572526e-06
-1.96157e-05
1.059878e-06
-2.480876e-06
0
0
0
0
0
0
0
0
0
0
0
0
0
0
46.11016
45.03232
43.95033
42.29906
40.47032
0
0
0
0
0
9416.812
8698.982
8176.116
7564.028
7010.33
-8.17687e-05
-0.0001867288
-3.351753e-05
0.0001206546
-9.539836e-05
-2.615916e-06
2.021518e-06
2.353837e-06
-7.231234e-06
6.447604e-06
0
0
0
0
0
0
0
0
0
0
0
0
0
0
0
43.94752
43.05691
41.40708
39.52622
0
0
0
0
0
9546.08
8871.912
8392.104
7807.939
7277.207
-0.0001046062
-0.0002481647
-2.276391e-05
4.667612e-05
0.0001011599
2.419506e-05
9.950603e-06
-1.252742e-05
-1.459184e-05
1.318473e-06
0
0
0
0
0
0
0
0
0
0
0
0
0
0
0
42.40618
40.82744
38.88619
0
0
0
0
0
9667.223
9034.012
8595.531
8035.729
7518.562
2.915319e-05
-2.562214e-05
-7.87811e-05
0.0002898152
6.577608e-05
7.080159e-07
1.232424e-06
1.147227e-05
7.370659e-06
0.001329028
-0.00678812
0.0003946444
0.001288977
-0.004980199
-0.002466996
0.00189666
0.006445623
-0.002732792
-0.002573305
0.0007691356
0
0
0
0
0
40.50339
38.60384
0
0
0
0
0
9775.086
9179.904
8780.359
8244.506
7737.869
-0.0001989106
0.0001503742
9.489148e-05
3.736576e-05
7.116009e-05
4.134811e-06
1.497662e-05
1.023167e-05
-3.329167e-06
0.003172497
-0.01539194
0.01584076
0.001271311
0.002601337
-0.008009149
-0.00596594
-0.000640768
0.006461622
0.002955995
-0.0008660143
0
0
0
0
0
38.40899
0
0
0
0
0
9870.205
9309.21
8943.989
8430.983
7934.979
3.380459e-05
0.0001054949
0.0001206873
3.171095e-05
-7.739393e-05
1.761788e-06
-1.686184e-05
-1.088319e-05
1.22126e-05
-0.002905509
0.006583159
-0.005343519
0.01544315
0.003442644
0.01278993
0.0003892502
-0.001801634
0.00437012
-0.001290022
-0.0006052869
0
0
0
0
0
0
0
0
0
0
9954.625
9420.062
9085.628
8592.43
8108.317
-6.582718e-05
-4.745431e-05
2.051341e-05
-0.0001009504
-5.226918e-05
9.745277e-06
3.8791e-06
-7.827118e-06
-1.095077e-05
-0.002231383
0.004412391
0.00181525
-0.002106865
0.002554476
0.01103858
-0.004452646
0.003936817
0.008685623
-0.003997571
-0.002604729
0
0
0
0
0
0
0
0
0
10021.3
9514.519
9203.369
8728.807
8256.176
-3.899284e-05
-0.0001405899
-1.929674e-05
-2.093467e-05
-1.455325e-06
3.079588e-06
1.374439e-05
3.411753e-06
1.893603e-05
-0.001442726
-0.001871574
-0.007504027
0.003404344
0.008321101
-0.01028456
0.009741665
0.004653349
0.00573797
0.002462491
-0.00843637
0
0
0
0
0
0
0
0
10072.13
9586.309
9300.902
8839.827
8378.342
-4.349907e-05
-2.68303e-05
-8.749859e-05
-0.0002958924
5.968725e-05
4.528229e-06
1.02973e-05
-5.197023e-06
1.637097e-05
4.999542e-05
-0.006259448
-0.005125764
-0.0009869716
-0.007079842
-0.001942391
0.003385203
0.003824294
0.02074005
0.003537335
0.004932198
0
0
0
0
0
0
0
10108.16
9638.927
9372.996
8930.041
8476.407
0.0001769629
9.684579e-05
0.000168439
5.101205e-05
0.0001447704
3.958184e-06
1.858577e-05
-1.7536e-05
6.588153e-06
0.0008770763
0.002916784
0.001494888
-0.008841377
0.007081198
-0.001826502
-0.009847309
0.02539732
-0.004582489
0.01334598
-0.001754794
0
0
0
0
0
0
10123.37
9673.641
9424.759
8995.226
8555.262
-0.0002385936
-8.246965e-05
5.658853e-05
0.0001290614
1.246949e-05
-2.17909e-05
2.062851e-05
-1.594379e-05
1.828554e-05
0.001174712
0.000184317
-0.004820761
0.005049655
-0.0005684501
-0.005294326
-0.00134281
-0.0108054
-0.001447972
-0.008526672
-0.001148675
0
0
0
0
0
10127.01
9685.946
9456.146
9042.554
8612.414
9.451679e-05
-0.0001576736
-9.430142e-05
6.117858e-06
4.368961e-05
-2.105803e-05
-1.313021e-05
-1.471257e-05
-3.135941e-06
0.00242567
0.001243332
-0.01477601
-0.005930227
0.00188307
-0.005571823
0.003083893
0.007137373
0.006598272
-0.01204587
-0.001143866
0
0
0
0
0
9682.456
9465.011
9069.138
8654.182
1.638135e-05
-0.0001365127
2.894996e-05
-0.0001100874
3.33481e-05
1.036979e-05
-1.426241e-05
7.152151e-06
1.923408e-05
-0.000246321
-0.002146208
-0.003118938
0.0006393185
-0.004726753
-0.00139798
-0.003334012
-0.003228499
0.006423566
0.003344362
-0.002038985
0
0
0
0
0
9457.282
9075.428
8678.909
-0.0002128791
2.671764e-05
4.866216e-05
-9.070421e-05
5.559485e-05
-1.345814e-05
-1.211396e-05
-8.511363e-06
2.201869e-05
-1.242992e-05
0
0
0
0
0
0
0
0
0
0
0
0
0
0
0
9070.002
8686.653
0.0001282843
-0.0002072426
-4.764719e-05
-0.0002134789
-0.0001248064
2.108979e-06
-5.306467e-06
1.171628e-05
-2.111406e-05
-5.973775e-06
0
0
0
0
0
0
0
0
0
0
0
0
0
0
0
8685.013
1.559358e-05
0.0001203308
-4.310806e-05
-1.005839e-05
-0.0001185191
-5.841465e-06
1.267057e-05
-2.659315e-05
5.043121e-06
2.442098e-06
0
0
0
0
0
0
0
0
0
0
0
0
0
0
0
7.794499e-06
-2.552241e-05
-5.859451e-05
1.902489e-05
-0.0001083146
-4.397141e-06
-1.741805e-05
2.693418e-05
-1.519939e-05
-8.175153e-06
0
0
0
0
0
0
0
0
0
0
0
0
0
0
0
-0.0001050336
0.0001841274
4.06597e-05
6.292057e-05
-3.340208e-06
-7.319689e-07
-1.861752e-05
2.934018e-05
-1.146832e-05
0
0
0
0
0
0
0
0
0
0
0
0
0
0
0
-4.242956e-07
-1.124776
52.67474
51.44226
49.85528
48.16221
46.33009
0
0
0
0
0
9103.847
8292.254
7664.531
6974.701
6369.756
4.471753e-05
0.0002839626
0.0002368239
8.00682e-05
8.006415e-05
-8.303879e-06
-1.269329e-06
-6.196842e-06
-3.127615e-05
-2.947026e-06
0
0
0
0
0
0
0
0
0
0
0
0
0
-1.089304
49.91937
48.52845
47.22018
45.47613
43.73525
0
0
0
0
0
9246.598
8481.647
7909.155
7258.456
6679.597
-0.0001005602
9.065552e-05
7.220959e-05
-3.383201e-06
-0.0001486375
-8.70678e-06
1.413056e-05
-1.513025e-05
4.050976e-06
1.137764e-05
0
0
0
0
0
0
0
0
0
0
0
0
0
0
47.51959
46.48087
45.28646
43.60265
41.82522
0
0
0
0
0
9379.88
8659.313
8132.911
7518.295
6963.081
-9.808893e-06
-0.0001161442
-3.34821e-05
8.868726e-05
2.088718e-05
-8.535144e-06
3.176969e-06
-2.014822e-05
1.910174e-05
3.820775e-06
0
0
0
0
0
0
0
0
0
0
0
0
0
0
0
44.88467
43.97573
42.30491
40.47917
0
0
0
0
0
9510.472
8831.287
8346.1
7759.094
7225.914
-9.150642e-05
4.675819e-05
1.991024e-05
-0.0001453038
-0.0001048216
-1.297181e-06
1.722432e-05
1.045066e-05
-2.822079e-06
5.916288e-07
0
0
0
0
0
0
0
0
0
0
0
0
0
0
0
42.9719
41.42584
39.53451
0
0
0
0
0
9634.47
8993.87
8549.334
7986.856
7467.398
-2.14188e-05
8.056746e-05
0.0002171365
0.0001207692
-3.448677e-05
-6.455499e-06
-3.305778e-05
-3.254754e-06
-9.343575e-07
6.46026e-07
0
0
0
0
0
0
0
0
0
0
0
0
0
0
0
40.7779
38.90175
0
0
0
0
0
9748.885
9145.916
8739.772
8201.164
7692.89
0.0001518435
-2.672022e-05
2.630194e-05
0.0002157763
-7.383275e-05
-1.576271e-05
6.151627e-07
6.559884e-06
-9.072189e-06
-2.307273e-05
0.003238281
-0.003847432
-0.0004829323
-8.086445e-05
0.002843491
0.005383078
-0.006906023
0.00186932
0.0005908941
0.001318033
0
0
0
0
0
38.5345
0
0
0
0
0
9849.408
9281.85
8911.344
8395.899
7899.52
-5.641422e-05
0.0001840727
6.138687e-05
-8.2814e-05
-5.614232e-06
-3.244986e-06
8.651324e-06
-2.62661e-05
-2.56745e-05
-0.005000131
-0.001837688
0.008686923
-0.01300155
0.003543448
-0.00406449
-0.004933606
0.01442003
0.002153495
-0.009161412
-0.0005646336
0
0
0
0
0
0
0
0
0
0
9938.564
9400.818
9062.771
8567.961
8083.975
4.528805e-06
3.800669e-05
-1.699054e-05
-0.0002948358
-7.366787e-05
-4.182323e-06
-2.817015e-06
2.43121e-05
2.020494e-05
0.001664825
0.002186113
-0.01355484
0.009434486
-0.006680986
-0.0006677716
0.008363203
0.001988379
0.003808825
-0.009791423
0.001773824
0
0
0
0
0
0
0
0
0
10013
9504.549
9191.875
8716.531
8243.57
4.841602e-06
2.178147e-05
-0.0001377232
1.473875e-05
2.753955e-05
1.629761e-05
-1.952047e-05
-7.962559e-06
5.818926e-06
-0.004484011
0.004899883
0.004143461
-0.003046384
-0.001397562
-0.009641465
-0.02395138
0.001171201
-0.00691926
0.009090121
0.005774829
0
0
0
0
0
0
0
0
10072.13
9586.309
9300.902
8839.827
8378.342
0.0001775177
0.0001756164
-5.229834e-05
8.734812e-05
-2.670859e-05
-4.833079e-06
2.313623e-06
8.227759e-06
-1.73407e-06
0.0009472074
0.006738329
-0.003155935
0.00495042
-0.01354206
-7.843545e-05
-0.003155608
-0.003163628
-0.01665393
0.009119525
-0.001867658
0
0
0
0
0
0
0
10116.03
9648.435
9383.908
8941.592
8488.029
3.291062e-05
-7.858612e-05
8.497897e-05
7.083908e-05
0.0002901163
-2.305727e-06
-1.392892e-05
4.133199e-06
2.254129e-06
-0.001735806
0.002996872
0.007625162
0.007940025
0.006039824
0.0006637927
-0.004832143
0.003470038
-0.004843756
-0.01576885
-0.0008753853
0
0
0
0
0
0
10138.07
9691.492
9444.71
9016.891
8577.073
-0.0001835816
-0.0001980734
1.266365e-05
0.0001431527
7.047374e-05
-2.596628e-06
-2.737852e-05
-8.631752e-06
5.465823e-06
-0.002364351
0.008513558
-0.003558819
-0.001636015
0.00557941
0.001479773
0.000917302
0.02198172
-0.007123805
0.006272199
0.001735514
0
0
0
0
0
10145.89
9709.755
9484.076
9070.817
8641.45
4.225549e-05
0.0002054123
6.363426e-05
6.991284e-05
-9.637771e-05
1.084678e-05
8.682669e-06
-1.428232e-05
2.093251e-05
-0.005091235
-0.001161757
0.001438945
-0.0004690106
0.004099669
-0.00613916
0.001489389
-0.01316091
0.01480769
-0.001419381
-0.001718646
0
0
0
0
0
9712.218
9497.699
9103.205
8688.102
7.463824e-05
-6.128005e-05
0.0001033974
5.917103e-05
-2.660513e-05
2.653926e-05
7.946145e-06
6.985145e-06
-4.774262e-06
0.007952456
-0.01074473
-0.004244244
-0.0005483889
0.01046361
0.0006450738
0.01501443
0.002545566
-0.006798038
0.004856953
0.003615478
0
0
0
0
0
9492.967
9112.167
8714.323
1.312728e-05
9.962874e-07
0.0001768621
4.954389e-05
3.846257e-05
8.323862e-06
-7.699389e-06
2.198842e-05
-5.563836e-06
0.000158413
0.005551978
0.005514614
-0.002202192
-0.006566595
-0.002363818
0.001994689
-0.00168896
0.007064031
-0.003155993
-0.002634274
0
0
0
0
0
9104.284
8720.653
0.0001400858
0.000105815
-9.840092e-06
-0.0001723719
0.0001392219
-1.550033e-05
1.042359e-05
7.777998e-06
2.299979e-05
-1.615753e-05
0
0
0
0
0
0
0
0
0
0
0
0
0
0
0
8715.514
-8.511445e-05
-0.000467674
0.0001309674
-8.19116e-05
0.0001381817
3.385848e-06
-2.703958e-05
8.30963e-06
-3.861203e-06
1.381656e-05
0
0
0
0
0
0
0
0
0
0
0
0
0
0
0
8.085825e-05
-0.0001237408
-0.0001008705
4.133908e-05
6.952155e-05
1.930778e-05
2.424722e-06
-7.229415e-06
1.541594e-05
-1.151772e-06
0
0
0
0
0
0
0
0
0
0
0
0
0
0
0
-0.0001364682
-1.418183e-05
-9.286203e-05
1.849785e-05
-5.232951e-06
4.909156e-06
4.564083e-06
-4.348923e-06
5.24693e-06
0
0
0
0
0
0
0
0
0
0
0
0
0
0
0
0.0001483937
-0.0001796859
6.158912e-05
-1.702796e-05
9.873879e-06
3.457744e-06
5.848952e-06
-1.589414e-05
0
0
0
0
0
0
0
0
0
0
0
0
0
0
0
-1.102984
52.77501
51.44679
49.92643
48.16826
46.3646
0
0
0
0
0
9210.695
8446.226
7873.164
7222.169
6643.343
-2.821653e-05
3.021527e-05
-0.000401468
-8.590107e-05
-7.352245e-05
5.955851e-07
7.806536e-06
1.786846e-05
2.106471e-05
1.895365e-05
0
0
0
0
0
0
0
0
0
0
0
0
0
0
49.57388
48.58632
47.22641
45.48307
43.75419
0
0
0
0
0
9346.429
8625.894
8096.463
7480.415
6924.325
0.000188623
0.0001201831
8.036277e-05
4.525599e-05
-9.486055e-05
1.92613e-05
1.353319e-05
1.344755e-05
7.15735e-06
-7.927081e-06
0
0
0
0
0
0
0
0
0
0
0
0
0
0
0
46.2551
45.32228
43.60921
41.8323
0
0
0
0
0
9474.372
8793.423
8305.331
7716.444
7181.595
-1.494715e-05
-6.11764e-05
-1.190818e-05
-5.113518e-06
-4.310113e-05
-2.405149e-05
9.921819e-06
1.163213e-06
3.761854e-06
-6.377637e-06
0
0
0
0
0
0
0
0
0
0
0
0
0
0
0
43.83983
42.33132
40.48771
0
0
0
0
0
9599.272
8955.112
8505.865
7940.587
7419.812
4.231906e-05
0.0001093457
2.097024e-05
0.0001089748
0.0001153622
1.438856e-05
1.422562e-05
-1.002527e-05
-1.472393e-05
1.012743e-05
0
0
0
0
0
0
0
0
0
0
0
0
0
0
0
41.34242
39.55623
0
0
0
0
0
9716.521
9108.335
8695.548
8154.043
7645.075
-0.0001276984
9.185525e-05
-0.0001740148
-8.691528e-05
-0.0001494807
4.98462e-06
-9.739554e-06
-8.622628e-06
1.030108e-05
2.629166e-07
0
0
0
0
0
0
0
0
0
0
0
0
0
0
0
38.84531
0
0
0
0
0
9823.352
9250.086
8872.767
8353.991
7856.963
-5.391932e-05
-0.000122251
0.0001085575
5.264468e-05
-0.0001343937
6.410553e-06
1.887192e-05
2.018962e-06
-9.136769e-06
0.0005232885
-0.001184723
-0.0005861904
0.0008489514
0.002129122
0.00253848
-0.0005104848
-0.001622221
0.0009727181
0.004418012
0.0001383636
0
0
0
0
0
0
0
0
0
0
9917.12
9375.37
9031.591
8534.194
8049.511
3.059342e-05
0.0001396859
-0.0001113829
-0.0001599724
-1.672307e-05
2.21648e-06
7.55408e-06
-1.608973e-05
1.267769e-05
-0.002150162
0.009885511
-0.002662779
-0.006611069
-0.0006626799
0.0008940117
-0.001715269
0.006719598
-0.005337568
0.003217874
0.005313646
0
0
0
0
0
0
0
0
0
9997.331
9485.51
9170.078
8692.951
8219.558
3.765954e-05
-3.217522e-05
-0.0001320606
-9.621804e-05
0.000142772
1.573582e-06
-1.122648e-05
1.049335e-05
-1.453437e-05
-0.001683263
-0.0004485479
-0.01478723
0.008017782
-0.01392922
0.01521417
0.01538383
-0.005849929
0.006025356
-0.01927857
0.001167297
0
0
0
0
0
0
0
0
10064.03
9576.585
9289.695
8827.984
8366.297
-2.555535e-05
3.174885e-05
0.0001193225
6.680142e-05
-3.512527e-05
1.03242e-05
-7.208614e-06
1.110916e-05
6.031503e-06
0.002997009
0.01257038
0.003656103
0.00523662
0.002707921
-0.00382435
0.009651493
0.01445887
0.0005453323
-0.01606496
0.0001861251
0
0
0
0
0
0
0
10116.03
9648.435
9383.909
8941.592
8488.029
-0.0001511948
-0.0001778496
-0.0001440351
0.0002250352
3.683483e-05
4.994478e-06
1.714288e-05
-1.594797e-05
1.111798e-05
0.002274951
-0.006044118
-0.02744736
-0.02239589
-0.02434356
0.01041701
0.008881507
-0.01435388
0.001489888
0.008587098
-0.004678538
0
0
0
0
0
0
10145.84
9700.789
9455.393
9028.129
8588.409
-0.000155411
2.093553e-05
0.0001180795
-4.375502e-05
-5.173916e-05
-1.975134e-05
-6.432975e-06
2.589381e-05
6.831814e-06
0.002526309
-0.006134929
0.00153664
-0.0003887014
0.002660691
-0.00418608
0.004168088
-0.0002321052
0.00599699
-0.001878555
-0.0004864813
0
0
0
0
0
10158.53
9727.381
9504.299
9091.49
8662.724
5.374947e-05
0.0002499341
7.209672e-05
-0.000217713
-0.0002248932
-1.191193e-05
-1.228743e-05
2.157305e-05
-1.650686e-05
0.0005719171
0.002995209
-0.01435402
0.00771492
-0.01785872
-0.005564654
0.009385304
0.01305232
-0.009245473
-0.0001869603
-0.001019103
0
0
0
0
0
9735.461
9525.137
9132.191
8715.924
9.607794e-05
-0.0001071994
1.516776e-05
6.785761e-05
-2.984707e-05
-8.437305e-06
6.542406e-06
2.093329e-05
-2.337125e-06
-0.003681115
0.008140973
-0.0002580276
0.01068353
-0.004842704
-0.005682196
0.003454191
-0.002934072
0.01624078
-0.02310509
0.004878024
0
0
0
0
0
9526.731
9146.12
8747.814
3.061292e-05
-0.0001240501
-4.031394e-05
-0.0001393876
-4.275008e-05
-8.954803e-06
-2.80087e-05
8.523811e-06
-8.360642e-06
0.002866171
-0.02250128
0.008305197
0.01590969
0.02869497
0.006864163
0.004708621
0.002530331
-0.004253835
0.002367271
0.002231222
0
0
0
0
0
9140.886
8756.635
0.0001241202
-0.0001119513
6.784906e-05
-0.000145068
-8.219241e-05
2.27631e-06
-2.744178e-05
-3.554327e-06
-1.127441e-05
-0.0006925447
-0.006659665
-0.001715418
-0.005819494
0.0006077805
0.0004676744
0.003277836
-0.002050632
-0.0001907792
-0.0005067569
-0.0008115514
0
0
0
0
0
8748.973
-7.46387e-05
-3.129945e-05
5.072852e-05
1.108152e-05
9.737032e-05
1.305845e-05
2.854678e-05
-3.493769e-06
-4.252817e-06
-1.384338e-05
0
0
0
0
0
0
0
0
0
0
0
0
0
0
0
-0.0001001525
-9.377854e-07
0.0002942927
0.0001671673
5.157531e-05
-1.023306e-05
-8.567011e-07
2.00073e-05
1.396072e-06
-1.299834e-06
0
0
0
0
0
0
0
0
0
0
0
0
0
0
0
-0.00016418
7.437288e-05
-9.631823e-06
-0.0001153552
-6.859892e-06
-2.819459e-05
1.65802e-05
9.1985e-06
2.672063e-06
0
0
0
0
0
0
0
0
0
0
0
0
0
0
0
-3.121643e-07
0.0001543525
8.555075e-05
-8.749518e-06
4.556882e-06
-4.568905e-06
6.326461e-06
-1.972262e-06
0
0
0
0
0
0
0
0
0
0
0
0
0
0
0
-0.0002211682
3.199113e-05
-1.48973e-05
2.910345e-05
-1.153872e-06
-1.326608e-05
-1.669709e-07
0
0
0
0
0
0
0
0
0
0
0
0
0
0
0
52.25751
51.54422
49.93277
48.09151
46.38153
0
0
0
0
0
9311.06
8591.792
8062.12
7445.921
6889.513
-0.0001220869
3.46709e-05
-6.358379e-05
0.0003399826
0.0001081497
-7.84894e-06
1.337776e-06
-1.285026e-05
-7.113797e-06
-1.008837e-05
0
0
0
0
0
0
0
0
0
0
0
0
0
0
0
48.24529
47.28423
45.49159
43.75659
0
0
0
0
0
9441.799
8760.133
8271.625
7680.863
7145.012
0.0001612937
-0.0003154606
-0.0001354954
-0.0001986195
-1.644813e-05
1.271093e-05
-2.101308e-06
-7.368089e-06
-1.746583e-05
2.472578e-06
0
0
0
0
0
0
0
0
0
0
0
0
0
0
0
45.11354
43.64563
41.84161
0
0
0
0
0
9564.282
8918.139
8466.913
7900.317
7378.491
9.282318e-05
4.08646e-05
0.0002450663
9.714788e-05
-1.721288e-05
-4.810561e-06
1.471401e-05
-2.292173e-06
-5.501251e-06
7.29331e-06
0
0
0
0
0
0
0
0
0
0
0
0
0
0
0
42.19913
40.51707
0
0
0
0
0
9682.486
9070.151
8653.99
8110.263
7599.997
0.0002061663
-0.0001047375
-0.0001156955
0.0001351939
-7.478901e-05
-8.502608e-06
-2.03755e-05
-1.185771e-06
-1.281529e-05
1.50154e-05
0
0
0
0
0
0
0
0
0
0
0
0
0
0
0
39.46634
0
0
0
0
0
9792.204
9213.078
8831.126
8308.85
7810.87
-0.0002114648
-7.898515e-05
-0.0001022025
0.0003345137
4.691116e-05
-8.263141e-06
-3.3984e-06
-8.401478e-07
2.032729e-05
-1.182464e-05
0
0
0
0
0
0
0
0
0
0
0
0
0
0
0
0
0
0
0
0
9891.938
9343.95
8995.252
8494.287
8008.367
-1.47465e-06
0.0001176343
4.411622e-05
-0.0001444377
-6.525432e-05
5.201249e-06
-9.505699e-06
-5.359615e-06
-1.17832e-05
0.001570002
-0.001445601
0.004493461
0.004321512
0.003567939
-0.005430402
0.002580386
-0.003421352
-0.002400627
-0.003112594
-0.001415082
0
0
0
0
0
0
0
0
0
9976.916
9459.637
9140.806
8660.633
8186.385
-3.265373e-05
-8.290757e-05
-0.0002113061
9.704167e-05
0.0001639189
2.557668e-06
-7.049761e-06
-5.607255e-06
-7.166666e-07
0.002477037
0.00622332
-0.005853357
-0.01030337
0.005139599
-0.001583763
-0.001641092
-0.001520808
-0.0001732037
0.01086635
-0.00138541
0
0
0
0
0
0
0
0
10049.45
9558.01
9268.188
8805.449
8343.148
-5.118824e-05
-3.273753e-05
6.888176e-05
2.031987e-05
3.639792e-05
-1.431157e-05
7.402326e-06
2.156542e-05
-2.280431e-05
0.0005756821
-0.002073757
0.001453788
-0.00259952
0.003393265
0.009844466
-0.008234162
-0.02318021
-0.003117608
0.003490509
0.003184352
0
0
0
0
0
0
0
10108.16
9638.927
9372.996
8930.041
8476.407
-1.567486e-05
3.530305e-07
-2.48969e-05
-0.0002078973
3.407582e-05
-2.367531e-06
-1.138272e-06
-7.967834e-06
-3.981826e-06
-0.002051628
-0.006677328
0.02492202
0.01022657
0.01709908
5.422031e-05
-0.003047787
-0.01215455
0.003773065
-0.004973625
0.005836122
0
0
0
0
0
0
10145.84
9700.789
9455.393
9028.129
8588.409
-0.0001032701
0.0001909043
0.0001524781
3.884097e-05
-0.0001999913
-1.746013e-05
-2.902541e-05
-2.947326e-05
2.687984e-05
-0.003427992
0.003515741
0.002974613
0.01389923
0.002139974
0.01135681
-0.003706642
-0.002383467
0.001228586
-0.005344869
0.002581445
0
0
0
0
0
10165.1
9736.578
9514.778
9102.498
8673.751
6.956235e-05
0.0002749697
-0.0001557912
-6.678068e-05
-2.541582e-05
1.124461e-05
1.678445e-05
5.221652e-06
1.856534e-05
0.0004687126
-0.003631233
-0.0004789086
-0.0137698
0.01403084
0.0009193438
0.0008712853
-0.01548709
0.002806452
-0.01162328
0.003092276
0
0
0
0
0
9751.211
9545.177
9153.103
8736.243
0.000211581
-3.58658e-05
-0.0002468756
0.000117312
0.0001433506
4.932573e-06
1.183972e-05
2.622255e-05
5.041426e-06
0.001726244
0.001879288
0.005878733
-0.004150087
-0.01571655
0.01045524
-0.001370198
-0.006943418
-0.00855456
0.003707488
-0.001844025
0
0
0
0
0
9553.551
9174.695
8776.313
-4.83355e-05
-0.0002531338
2.959643e-05
-0.0001208323
-3.063064e-05
-5.332073e-06
2.096108e-05
-4.183114e-05
-1.272939e-05
0.002868268
0.01393338
-0.02091793
0.001547335
-0.01854507
-0.002571499
-0.004767838
-0.02505961
0.002534818
0.001257096
0.0008947745
0
0
0
0
0
9175.808
8790.018
-5.082687e-05
0.0001191204
-2.166647e-05
-3.5276e-05
8.013969e-05
9.418689e-06
2.383243e-05
8.589894e-06
9.558078e-06
-0.0006992707
0.003178077
0.005890619
0.01029676
-0.009193275
-0.008711992
-0.000361747
0.0005835389
-0.001439493
-0.007781759
0.0003080713
0
0
0
0
0
8784.827
-3.508371e-05
-0.0002673562
0.0002405501
-6.139162e-05
3.272505e-05
-1.206326e-05
-3.129713e-06
4.060905e-06
3.904933e-06
-0.002791035
0.001475202
0.006905978
-0.003663297
0.001390107
0.005952009
0.004439062
-0.005856563
0.003966889
-0.002575262
0.00169611
0
0
0
0
0
-0.0002285827
0.0001079974
-0.0001592104
-3.280562e-05
-6.186549e-05
6.119649e-06
-1.317761e-05
-2.233821e-05
4.72604e-06
3.383532e-06
0
0
0
0
0
0
0
0
0
0
0
0
0
0
0
0.0002075539
8.285732e-05
2.882681e-05
-0.000135366
-3.043626e-06
2.091174e-06
9.775617e-06
-1.467219e-05
-7.835236e-06
0
0
0
0
0
0
0
0
0
0
0
0
0
0
0
-1.255198e-05
-5.016376e-05
5.4876e-05
1.075286e-05
1.46352e-05
9.142167e-06
-1.989458e-05
1.548591e-06
0
0
0
0
0
0
0
0
0
0
0
0
0
0
0
-9.786906e-07
-8.752923e-05
3.773463e-06
6.649013e-06
-7.577112e-06
9.198939e-06
-4.374307e-06
0
0
0
0
0
0
0
0
0
0
0
0
0
0
0
0.0001083128
-3.916024e-06
2.28982e-05
-1.048012e-05
-2.260011e-06
9.737985e-06
0
0
0
0
0
0
0
0
0
0
0
0
0
0
0
51.02803
49.80511
48.09996
46.4017
0
0
0
0
0
9407.332
8726.552
8238.564
7647.966
7111.921
-0.00018109
0.0001995577
-0.0001507266
7.203217e-05
-7.767399e-05
-5.060593e-06
2.270747e-06
-1.061866e-05
1.593051e-05
-2.930074e-06
0
0
0
0
0
0
0
0
0
0
0
0
0
0
0
46.96565
45.53039
43.76809
0
0
0
0
0
9533.9
8885.704
8433.447
7867.342
7344.137
0.0001258575
-0.000214804
8.779035e-05
0.0001103769
0.0001093858
-6.944915e-06
-1.059769e-05
-4.638093e-06
7.912287e-06
3.336202e-06
0
0
0
0
0
0
0
0
0
0
0
0
0
0
0
43.44375
41.8811
0
0
0
0
0
9649.389
9034.306
8615.989
8071.768
7560.975
-7.791721e-05
3.209635e-05
-0.0001182994
-0.0002936389
-4.211404e-05
1.415813e-06
-1.215946e-05
4.980412e-06
1.571936e-05
1.148621e-06
0
0
0
0
0
0
0
0
0
0
0
0
0
0
0
40.37884
0
0
0
0
0
9760.2
9176.104
8790.288
8266.953
7768.2
-0.0001995893
-0.0002988488
0.0001057195
4.32621e-05
-0.0001601985
3.400217e-06
1.416147e-05
4.941942e-07
1.247591e-05
1.327395e-05
0
0
0
0
0
0
0
0
0
0
0
0
0
0
0
0
0
0
0
0
9862.808
9308.236
8954.343
8451.676
7964.203
-0.0001560178
8.717637e-05
-2.457387e-05
-4.548441e-05
-0.0001749837
-1.687991e-05
1.106784e-05
3.917096e-06
1.813916e-05
-4.953797e-06
0
0
0
0
0
0
0
0
0
0
0
0
0
0
0
0
0
0
0
9953.621
9429.179
9104.98
8622.918
8147.187
-6.035767e-06
-0.0002297392
-0.0001690989
6.959567e-05
7.553167e-05
4.556961e-06
-9.225502e-06
-6.174823e-06
-1.000398e-05
0.0008098404
-0.0039055
-0.00111466
0.0002980085
-0.004296178
-0.00400292
0.006922551
0.00136483
0.0009804308
-0.0001608748
0.0008767327
0
0
0
0
0
0
0
0
10030.4
9533.197
9238.675
8774.993
8311.381
7.547075e-05
8.733981e-05
8.189638e-05
0.0001398061
-5.649983e-05
-1.707447e-05
-2.940208e-05
1.769276e-06
3.032255e-06
0.003121519
-0.007699807
0.003441477
0.01154967
-0.002448001
-0.004619498
0.004770253
-0.006064868
0.008851262
-0.002844811
-0.001001564
0
0
0
0
0
0
0
10093.18
9621.406
9352.017
8907.83
8454.271
-3.607873e-05
9.756002e-05
6.232153e-05
-0.0001773315
3.764333e-05
2.04276e-05
1.842042e-05
-1.023266e-05
1.354964e-06
0.003584886
0.002491647
-0.008364058
-0.01763651
-0.0008201326
0.006670498
-0.008646571
0.009928976
0.009407178
0.00967288
-0.002026296
0
0
0
0
0
0
10138.07
9691.492
9444.71
9016.891
8577.073
-0.000170836
3.192834e-05
0.0001423745
-0.0001088034
0.0001159668
4.169229e-06
-1.030397e-05
-1.120068e-06
2.620086e-06
-0.001536284
0.00626697
0.006557213
-0.02722864
0.005962794
-0.01456757
-0.02139632
-0.009180015
-0.001895065
0.003207169
-0.002895084
0
0
0
0
0
10165.1
9736.578
9514.778
9102.498
8673.751
-0.0001500372
-6.840921e-05
-9.162286e-05
-0.0001910741
3.332682e-05
1.089544e-05
2.327904e-05
3.855437e-05
1.564216e-05
0.001140982
-0.004959153
0.006200981
0.01330176
0.002902957
0.007358522
-0.006079733
0.01584403
0.008041795
0.01087714
-0.004405145
0
0
0
0
0
9759.345
9555.558
9163.915
8747.046
9.939135e-05
6.605653e-05
-0.0002156902
8.191396e-05
-5.524292e-05
-3.543662e-07
-3.15228e-05
-5.206347e-06
5.232989e-06
-0.005812472
-0.00168219
-0.004164313
0.00560557
0.01370635
-0.01043171
0.001140299
-0.002927044
0.002997354
-0.007785037
0.005907576
0
0
0
0
0
9571.85
9195.448
8796.854
6.881256e-05
-0.0002349823
8.675182e-05
9.772107e-05
-0.0001108566
-6.969423e-06
-7.090259e-06
-2.053062e-06
-2.412384e-05
0.004861591
-0.00475017
0.0136475
-0.005141109
0.006470799
0.007589676
-0.002603109
0.01279208
0.003950172
-0.006331473
0.001883837
0
0
0
0
0
9203.754
8818.141
2.337544e-05
2.81615e-05
0.0003653223
0.0002079764
2.57326e-05
-2.436319e-05
1.323595e-05
-1.38884e-05
3.79189e-05
0.0007419731
-0.001749172
0.009143825
0.02062331
0.01040965
-0.006129237
-0.0104513
0.0005795263
0.01093228
-0.001542428
0.001555364
0
0
0
0
0
8819.121
0.0001314685
0.000220576
-0.0001739772
0.0002955089
8.899091e-05
4.185063e-06
1.331797e-05
-2.639522e-05
7.264722e-06
0.002994718
0.00149286
-0.0005140683
-0.004657751
-0.0001899017
-0.0135418
0.01093702
-0.002749123
0.006352766
0.006000378
0.001270003
0
0
0
0
0
8.193292e-05
-1.075752e-07
0.0001776546
-0.0001473897
5.075676e-05
-2.744914e-06
2.011284e-05
-6.517027e-07
1.465942e-05
-5.602102e-05
0.007226529
-0.001435009
-0.002180241
0.006019158
-0.001724769
-0.0007760652
-0.004278325
0.00753647
0.005306924
6.573828e-05
0
0
0
0
0
0.0001739864
-0.0001422022
1.669562e-05
-7.591846e-05
6.306217e-06
-1.950889e-05
6.854305e-06
1.999638e-05
1.08037e-06
0
0
0
0
0
0
0
0
0
0
0
0
0
0
0
-0.0002175148
-1.027798e-05
-0.0001065909
4.795089e-06
1.3321e-08
-8.634254e-06
-1.585444e-05
-7.416512e-07
0
0
0
0
0
0
0
0
0
0
0
0
0
0
0
0.0001898923
7.884889e-05
3.507624e-07
-1.575753e-05
-1.665995e-05
-1.617907e-07
9.406171e-06
0
0
0
0
0
0
0
0
0
0
0
0
0
0
0
3.188967e-05
-1.430541e-05
-8.392218e-06
-1.773873e-05
3.173855e-06
-5.45621e-06
0
0
0
0
0
0
0
0
0
0
0
0
0
0
0
1.676069e-05
1.073113e-05
-1.509644e-05
-5.048089e-06
3.717998e-06
0
0
0
0
0
0
0
0
0
0
0
0
0
0
0
49.54688
48.37701
46.41289
0
0
0
0
0
9500.409
8852.911
8400.907
7835.679
7312.583
7.141191e-05
0.0002118294
-0.0001129193
0.000130007
-9.204526e-05
1.159512e-05
4.320107e-06
1.603697e-06
1.467683e-05
-9.080949e-06
0
0
0
0
0
0
0
0
0
0
0
0
0
0
0
45.24186
43.83018
0
0
0
0
0
9618.671
9003.906
8583.369
8039.079
7529.116
-7.355152e-05
-0.0001157508
-1.813703e-07
0.0001043586
1.863448e-05
4.429029e-06
9.777243e-06
-2.641957e-06
1.26689e-06
-3.91342e-06
0
0
0
0
0
0
0
0
0
0
0
0
0
0
0
41.67375
0
0
0
0
0
9726.868
9142.065
8753.438
8229.412
7730.89
-0.0001737566
0.0001087538
-0.0001220355
3.064651e-06
8.993685e-05
2.801891e-05
5.913582e-06
2.247901e-05
-7.380745e-06
-1.542945e-05
0
0
0
0
0
0
0
0
0
0
0
0
0
0
0
0
0
0
0
0
9830.62
9273.24
8914.765
8410.549
7923.356
0.0001243031
0.000345965
9.386454e-05
-6.074096e-05
9.827898e-05
1.608916e-05
6.25205e-06
-2.668843e-05
-1.637418e-06
-9.409069e-06
0
0
0
0
0
0
0
0
0
0
0
0
0
0
0
0
0
0
0
9924.323
9395.447
9065.441
8581.098
8105.469
-9.497036e-05
0.0001465357
2.325942e-05
8.665793e-05
8.622679e-05
-2.584039e-05
2.390654e-05
1.611024e-05
-1.285404e-05
-2.962497e-06
0
0
0
0
0
0
0
0
0
0
0
0
0
0
0
0
0
0
10006.48
9504.6
9203.892
8737.859
8274.301
0.0001104222
-1.380629e-05
0.0002738395
8.923679e-05
-0.0001239626
1.117684e-05
-8.168756e-06
-4.322659e-06
2.612288e-05
0.001307116
-0.00145643
0.001890355
-0.002818228
0.002845828
-0.001416626
-0.001277652
-0.001030619
-0.002771475
0.0006184045
1.191058e-06
0
0
0
0
0
0
0
10072.99
9597.918
9323.596
8877.225
8424.3
0.0001006981
-3.0356e-06
-3.83962e-05
-9.508331e-05
-0.000115617
3.999478e-06
1.218082e-05
2.886591e-05
1.639613e-05
0.003025085
-0.01203607
0.002194039
0.004797397
-0.008911967
-0.002916772
0.008823914
-0.00339756
0.01174162
-0.0102354
0.0002027309
0
0
0
0
0
0
10123.37
9673.641
9424.759
8995.226
8555.262
-0.0001953212
-3.041694e-05
-0.0001163839
-6.361276e-05
0.0001775842
-3.054959e-06
-2.701238e-05
-8.302137e-06
-6.778259e-06
-0.0009598368
-0.01191171
-0.006836417
0.01229464
0.01074893
0.0001246897
0.01905041
0.008149708
-0.006078149
-0.007303869
-0.001710551
0
0
0
0
0
10158.53
9727.381
9504.299
9091.49
8662.724
6.785014e-05
-0.0001692393
-5.686278e-05
-0.0001190759
0.0001186343
-7.691218e-06
-9.971455e-07
1.736917e-05
-2.426089e-05
0.0003303565
-0.0009284079
-0.006382428
-0.01436328
0.007865207
-0.01487234
0.01735648
-0.008427597
-0.005577832
-0.006863999
-2.404219e-05
0
0
0
0
0
9759.345
9555.558
9163.915
8747.046
7.885683e-05
6.829547e-05
0.0002460362
4.276382e-05
0.0001250676
-6.557234e-06
5.022657e-06
-1.547085e-05
-2.017609e-05
0.0001312654
-0.009033296
0.007023817
-0.01055287
-0.01981201
-0.009440657
-0.01526121
0.00319806
7.571002e-05
-0.006011783
0.001481419
0
0
0
0
0
9581.274
9206.167
8807.469
0.0001424732
-8.546842e-05
4.482708e-05
0.0001151764
-9.328915e-06
3.146958e-05
9.342211e-06
2.60556e-05
-1.339981e-05
-0.001583814
-0.001889629
-0.001645117
-0.004454991
-0.002464583
0.0153977
0.004400649
0.005965939
-0.002865557
0.01406484
0.00120686
0
0
0
0
0
9222.875
8838.535
6.323596e-05
-0.0001713067
-5.870422e-05
-0.0001282563
4.465126e-05
-1.424176e-05
8.077322e-06
-1.56781e-07
1.522077e-05
0.003758596
-0.01235242
-0.02017912
-0.006856325
-0.02003531
0.0009196568
0.00257717
-0.007836448
-0.009009167
-0.006641582
-0.002255417
0
0
0
0
0
8846.629
8.362847e-05
-8.948652e-05
0.0001048856
-0.0002339824
-0.0002410989
-7.596849e-06
8.241088e-06
-1.522329e-05
-9.489365e-06
-0.004177406
-0.001664941
0.007288692
-0.0149538
-0.01526678
0.008002118
-0.008731919
0.008357862
-0.009636498
-0.004739369
0.00187172
0
0
0
0
0
2.14542e-05
-4.695034e-05
-0.0002353727
0.0001254644
-0.0002091157
1.165174e-05
1.186769e-05
-1.729649e-05
1.836438e-05
0.002145177
-0.003671688
-0.0001692059
0.0004802111
-0.003274408
0.007519517
0.008230391
3.551133e-05
-0.003261572
-0.01794473
-0.0002907441
0
0
0
0
0
4.672017e-05
5.336656e-07
-5.34254e-05
-6.405359e-06
-1.97009e-05
1.624241e-05
-2.656961e-05
5.238071e-06
-0.0005219996
0.0006186329
-0.006706238
0.001030896
0.004212972
-0.002662798
0.001211005
-0.005854292
1.994316e-05
0.0009927088
0.002417006
0
0
0
0
0
6.288949e-05
7.135525e-05
3.529212e-05
9.175751e-06
6.135062e-07
1.767509e-05
-4.531394e-07
-3.813288e-06
0
0
0
0
0
0
0
0
0
0
0
0
0
0
0
0.0002115382
-8.331574e-05
5.292884e-06
-1.823262e-05
-2.508472e-05
1.511328e-05
8.919067e-06
0
0
0
0
0
0
0
0
0
0
0
0
0
0
0
-0.0001310102
-4.051246e-06
-2.142296e-05
3.187855e-06
8.986957e-06
-3.656019e-06
0
0
0
0
0
0
0
0
0
0
0
0
0
0
0
-1.940647e-05
3.303882e-05
-3.722581e-06
1.371299e-05
-3.490089e-06
0
0
0
0
0
0
0
0
0
0
0
0
0
0
0
5.794539e-06
-1.692675e-05
-1.549348e-05
4.500948e-06
0
0
0
0
0
0
0
0
0
0
0
0
0
0
0
47.73094
46.45715
0
0
0
0
0
9585.337
8971.999
8551.533
8007.919
7498.748
-3.955577e-05
-4.749469e-05
7.641337e-05
8.055276e-05
-4.85531e-05
-1.328682e-07
-2.051652e-05
-8.020413e-06
9.917807e-06
-7.649171e-06
0
0
0
0
0
0
0
0
0
0
0
0
0
0
0
43.51673
0
0
0
0
0
9696.384
9111.428
8722.738
8197.54
7699.321
7.339737e-05
0.0001189373
-4.587862e-05
0.0001370244
-2.566415e-05
-2.423278e-06
1.146922e-05
6.729009e-06
2.938259e-07
7.500019e-06
0
0
0
0
0
0
0
0
0
0
0
0
0
0
0
0
0
0
0
0
9797.951
9239.088
8879.661
8374.141
7886.976
0.0001323011
0.0001910998
-0.0001678149
-2.665537e-05
4.608108e-05
6.334327e-06
-4.098056e-05
-2.863045e-05
-9.476532e-06
2.757377e-06
0
0
0
0
0
0
0
0
0
0
0
0
0
0
0
0
0
0
0
9892.897
9360.406
9027.807
8541.222
8065.386
2.173448e-05
-4.333588e-05
-0.0002099731
5.638836e-05
6.096631e-05
-1.939845e-05
-1.533326e-05
-1.67577e-05
1.274445e-05
2.586802e-06
0
0
0
0
0
0
0
0
0
0
0
0
0
0
0
0
0
0
9977.833
9470.868
9166.316
8697.41
8233.371
-2.461885e-05
-6.77474e-05
-9.463082e-05
-8.480353e-05
4.282106e-05
1.131816e-05
3.159601e-05
-1.496467e-06
-2.903703e-05
1.15661e-05
0
0
0
0
0
0
0
0
0
0
0
0
0
0
0
0
0
10049.39
9568.878
9290.66
8841.148
8387.808
0.0001199817
-2.785839e-05
-0.0002066363
-4.232889e-05
-1.927786e-05
1.727682e-05
-1.041295e-05
-1.037225e-05
-3.51592e-06
-1.183285e-05
-0.0003861564
0.006311103
-0.003038889
0.009110384
-0.002246327
0.001472671
0.005171753
0.002996937
-0.0002637114
0.0002736898
0
0
0
0
0
0
10103.99
9649.199
9397.64
8965.703
8525.177
1.367848e-05
-0.0001225185
5.180965e-05
9.56905e-05
0.0001432155
1.138556e-05
1.154371e-06
-2.398785e-07
-2.372609e-05
-0.001244236
-0.002774349
0.01013446
-9.416332e-05
-0.003147639
-0.0001392565
-0.01555031
-0.00215182
-0.003843112
-0.01049827
0.0005774384
0
0
0
0
0
10145.89
9709.755
9484.076
9070.817
8641.451
-0.0002018921
0.0001457036
4.529455e-05
8.927303e-05
3.167009e-05
-3.019707e-06
5.541224e-06
1.206537e-05
1.288908e-05
0.003644707
0.002208184
0.01819306
0.01813709
-0.009004263
0.003832157
0.00704985
-0.001763692
0.003074611
0.01305652
-0.001534507
0
0
0
0
0
9751.211
9545.177
9153.103
8736.243
0.0001913602
-7.085354e-05
0.0004202871
7.851708e-07
3.297559e-05
-1.118579e-05
-1.069709e-05
-2.218331e-05
-2.53241e-06
0.001451405
0.00941535
-0.0006467006
-0.002319045
-0.001959736
0.008299487
-0.00234754
-0.01686692
0.00891935
-0.0004660987
0.002458459
0
0
0
0
0
9581.274
9206.167
8807.469
-7.448528e-05
-2.576692e-05
5.775646e-05
-0.0001647871
-2.842055e-05
-1.651617e-05
5.859362e-07
-6.953166e-07
-3.414092e-06
-0.001288786
0.001944774
0.01201252
-0.001135041
-0.003364781
0.0003875161
-0.003389918
0.004386013
0.0027624
-0.006316439
0.005011891
0
0
0
0
0
9232.713
8849.06
0.000183287
-5.238828e-05
0.0001461641
-0.0001058741
-2.736095e-05
2.956162e-05
-3.60601e-05
-9.394526e-06
-2.554736e-05
0.001137507
0.005504881
0.02710364
-0.0004158164
0.006051129
-0.004186834
0.006662474
0.007728147
0.004925151
0.00238499
-0.004655226
0
0
0
0
0
8865.468
-0.0001703799
4.010763e-05
0.0001459976
-1.510152e-05
1.277574e-05
4.34945e-06
3.372555e-05
-6.271952e-06
8.362986e-07
-0.001044292
-0.008160474
0.007797978
0.02255297
0.01419852
0.005657317
0.01338927
0.001073484
0.01231004
0.001141969
0.0038655
0
0
0
0
0
-4.110879e-05
-2.999723e-05
0.0001002882
-0.0001679471
4.593057e-05
-1.451442e-05
-7.788995e-06
1.719635e-05
2.688113e-06
-0.0004909206
-0.0004962629
0.002974571
-0.004088422
0.0003820941
-0.009122567
-0.01301852
-0.006827334
-5.52371e-05
0.003421619
-0.004346822
0
0
0
0
0
2.664798e-05
-7.84876e-05
5.175033e-05
-3.318886e-05
1.170014e-05
-2.126121e-05
-1.502808e-05
1.060366e-06
-0.00129167
-0.002148871
0.001396729
-0.002193349
-0.005151955
0.006074214
-0.005418326
0.002521326
-0.006355189
-0.003000769
0.0006810156
0
0
0
0
0
-0.0001992388
-4.810559e-05
2.548799e-05
-1.663825e-06
9.698464e-06
-1.211797e-05
2.466039e-05
5.560731e-05
0.002835911
-0.0003876665
-0.0007944439
-0.0001421661
0.002481262
-0.001301162
-0.002316275
0.006759619
0.0002335682
-0.0009545455
0
0
0
0
0
-6.464594e-05
1.666129e-05
-3.395882e-06
-8.621762e-06
7.025117e-06
-9.981774e-06
4.627959e-06
0
0
0
0
0
0
0
0
0
0
0
0
0
0
0
-7.617879e-05
1.77504e-05
-1.349757e-05
9.382419e-06
1.211983e-05
-5.933023e-06
0
0
0
0
0
0
0
0
0
0
0
0
0
0
0
1.648675e-05
2.507393e-06
2.456456e-05
2.170878e-06
-9.809093e-07
0
0
0
0
0
0
0
0
0
0
0
0
0
0
0
2.598073e-05
-1.076824e-05
2.13589e-05
-4.517479e-06
0
0
0
0
0
0
0
0
0
0
0
0
0
0
0
-1.844034e-05
1.271984e-05
1.468568e-05
0
0
0
0
0
0
0
0
0
0
0
0
0
0
0
46.04368
0
0
0
0
0
9663.475
9079.683
8691.725
8167.027
7669.438
-0.0001635371
6.738928e-05
0.0001122541
-0.0002347268
-9.845321e-05
7.770546e-06
-4.424363e-06
1.184338e-05
6.793752e-06
-1.346688e-05
0
0
0
0
0
0
0
0
0
0
0
0
0
0
0
0
0
0
0
0
9769.197
9208.727
8848.811
8344.086
7856.193
-7.333331e-06
3.623369e-05
-0.0001576637
0.0003524514
-4.144665e-05
-1.458355e-05
-1.616336e-05
-1.039783e-05
1.842213e-05
4.254731e-06
0
0
0
0
0
0
0
0
0
0
0
0
0
0
0
0
0
0
0
9861.857
9326.927
8992.697
8506.486
8030.102
-0.0002022651
-9.120182e-05
-3.327329e-05
0.0001311178
0.000146065
8.033628e-07
-6.362431e-06
2.196143e-05
3.131066e-05
5.303689e-06
0
0
0
0
0
0
0
0
0
0
0
0
0
0
0
0
0
0
9948.058
9436.629
9128.757
8659.416
8194.504
3.291766e-05
-0.0001191395
-0.0001302257
6.269297e-05
-1.370193e-05
-1.520511e-05
1.377808e-05
4.113678e-06
1.203747e-05
-4.667061e-06
0
0
0
0
0
0
0
0
0
0
0
0
0
0
0
0
0
10022.41
9535.832
9253.228
8802.605
8348.214
-5.941498e-05
-5.022513e-05
0.0003035238
0.0001366655
8.79081e-05
-3.205359e-05
-2.715779e-05
1.022165e-05
-1.248462e-05
1.07812e-05
0
0
0
0
0
0
0
0
0
0
0
0
0
0
0
0
10080.55
9620.528
9364.405
8931.422
8489.717
0.000152719
-8.630647e-05
-9.220584e-05
0.0002081786
-8.98608e-05
8.163988e-06
-1.244249e-05
-1.78388e-06
4.04549e-05
0.0004501034
-0.0008557592
0.004506573
-0.001983441
0.0002014646
-0.005322128
0.00385506
0.0003720782
0.003350505
0.002565503
0.001763389
0
0
0
0
0
10127.01
9685.946
9456.146
9042.554
8612.414
-6.932481e-05
-2.43019e-05
8.314515e-05
-0.0001568473
-0.0001023561
-2.062088e-05
-1.632668e-05
-1.34979e-05
-3.314593e-06
0.006333738
-0.002162836
-0.01280174
0.002316369
-0.008185445
-0.002146004
0.002321953
0.007557929
-0.01165932
0.006272447
0.003602536
0
0
0
0
0
9735.461
9525.137
9132.191
8715.924
5.126889e-05
0.0003555802
-7.690201e-05
-0.0001325355
-8.208421e-05
-1.087322e-05
-3.976518e-07
1.800317e-06
3.980802e-06
-0.0002873035
-0.006232682
-0.003642145
-0.003093703
0.001690585
-0.01314277
0.008251015
-0.002375855
-0.002499553
0.008882104
-0.004432094
0
0
0
0
0
9571.85
9195.448
8796.854
-9.554709e-05
-0.000221253
-1.760598e-05
-0.0001943977
7.897667e-07
-1.313457e-05
2.23719e-05
1.154853e-06
2.710487e-05
-0.0008814986
0.001619174
-0.02286926
0.005439421
0.01138193
-0.007002938
-0.01280729
0.007078946
0.0036754
-0.005750081
0.001348036
0
0
0
0
0
9232.713
8849.06
1.416718e-06
7.584042e-05
2.987566e-05
-9.227711e-05
5.876554e-05
8.445668e-06
2.164626e-05
5.846337e-06
2.842901e-07
0.004139674
-0.002218282
-0.0105844
-0.006165537
0.008150227
0.02003352
-0.01279069
0.004578016
-0.01294119
0.003755612
0.00333145
0
0
0
0
0
8875.159
7.335006e-05
-0.0001856461
-5.75367e-05
-0.0001400798
8.408081e-05
8.559231e-06
-4.059588e-05
1.805923e-05
1.195621e-05
0.003011971
0.0003382727
0.006543078
-0.008999163
0.003411107
0.004610933
0.001217584
-0.01439407
-0.005889694
-0.003264152
0.003193394
0
0
0
0
0
7.111889e-05
8.107725e-05
-3.93707e-05
-0.0001688118
0.0001233435
-2.427023e-06
-2.145498e-06
-5.259612e-06
8.621401e-06
0.005520819
-3.187132e-05
-0.01302882
-0.007482053
-0.003763835
-0.01819734
0.009083471
0.008220855
0.006977142
-0.009971529
-0.001096389
0
0
0
0
0
9.275996e-06
8.502446e-05
-0.0001240768
9.907944e-05
1.849974e-05
2.855944e-05
3.090976e-05
-2.259892e-05
0.005102125
0.00229987
-0.001899252
0.008373097
0.004561535
-0.001391702
0.01290133
0.001923401
0.0134345
-0.008429338
-0.00100046
0
0
0
0
0
-2.03368e-05
6.005196e-05
2.098587e-05
7.748427e-06
-1.104835e-05
1.504154e-05
4.927633e-06
0.001288997
0.007452904
0.008973143
0.005749896
-0.004690626
-0.01249734
-0.0007578757
0.002314238
-0.01913799
0.008697432
0.002551245
0
0
0
0
0
0.0001220214
-6.108459e-06
6.347281e-06
8.255226e-06
-1.814368e-05
1.110173e-05
0.001307113
0.001738055
-0.0006407752
0.002220993
-0.001048562
0.00522497
0.001667922
0.001799879
0.002442268
0.005664133
-0.001641736
0
0
0
0
0
-3.618836e-05
-1.331127e-06
6.088443e-06
1.336106e-06
-1.581969e-06
-2.233461e-06
0
0
0
0
0
0
0
0
0
0
0
0
0
0
0
-1.245444e-05
-2.56368e-05
2.195682e-05
1.357464e-05
-6.739109e-06
0
0
0
0
0
0
0
0
0
0
0
0
0
0
0
-2.056935e-05
-1.257741e-06
-3.820305e-06
2.221216e-06
0
0
0
0
0
0
0
0
0
0
0
0
0
0
0
-6.443667e-06
-2.35377e-05
-1.224627e-05
0
0
0
0
0
0
0
0
0
0
0
0
0
0
0
-5.04574e-06
1.155864e-06
0
0
0
0
0
0
0
0
0
0
0
0
0
0
0
0
0
0
0
0
9737.035
9177.378
8817.969
8314.345
7826.921
8.520442e-05
0.0001152966
3.876808e-05
-0.0002035357
8.236205e-05
-4.460002e-06
3.160108e-06
-8.826235e-06
-1.486977e-05
-6.747068e-07
0
0
0
0
0
0
0
0
0
0
0
0
0
0
0
0
0
0
0
9832.407
9298.183
8962.161
8476.324
8001.057
1.482644e-06
0.0001748445
-0.0001894954
1.983931e-05
-0.0003719778
-2.483752e-05
9.811559e-06
1.433766e-05
-4.252838e-06
-2.436551e-05
0
0
0
0
0
0
0
0
0
0
0
0
0
0
0
0
0
0
9916.286
9404.709
9094.335
8624.722
8160.824
-0.0001201604
0.0003161085
2.742857e-05
-4.751137e-05
-2.163593e-05
-2.26481e-05
3.065951e-06
9.154516e-06
-1.013543e-07
-2.814455e-06
0
0
0
0
0
0
0
0
0
0
0
0
0
0
0
0
0
9992.26
9503.153
9216.511
8764.739
8311.157
-9.446544e-05
8.294464e-05
0.0001121478
0.0001608488
2.800153e-05
1.097332e-05
2.820389e-05
-1.079592e-05
-1.398495e-05
-1.895177e-06
0
0
0
0
0
0
0
0
0
0
0
0
0
0
0
0
10052.67
9589.077
9327.695
8893.088
8451.959
-0.0001365063
0.000123642
3.994529e-05
-0.0002197206
-0.0001489121
-1.221971e-06
4.01641e-05
1.935787e-05
-2.928612e-05
4.671756e-06
0
0
0
0
0
0
0
0
0
0
0
0
0
0
0
10102.13
9657.421
9423.333
9008.051
8578.687
-3.951298e-05
2.674251e-05
6.696278e-05
9.11323e-05
-4.952497e-05
-1.095918e-05
-1.2054e-05
1.602193e-05
-4.061044e-06
-0.0009517153
0.0007860414
0.004106412
-0.004030729
-0.002088302
-0.002962915
0.004664455
-0.002445648
0.003569136
-0.004833124
-0.002288237
0
0
0
0
0
9712.218
9497.699
9103.205
8688.102
6.451987e-05
-0.0001569286
-2.230941e-05
-6.488829e-05
3.634132e-05
9.020987e-06
8.406742e-06
1.677583e-05
1.529419e-05
0.002393042
-0.008572515
-0.004388979
0.0117801
-0.01010698
0.01238528
-0.01416592
0.001070322
-0.003927283
-0.003464379
0.002691182
0
0
0
0
0
9553.551
9174.695
8776.313
-0.0001200455
-4.565405e-05
-0.0003364766
0.0001011241
0.0001670625
1.298007e-05
1.089903e-05
-2.671781e-06
1.813173e-05
-0.001030379
0.0002877927
0.009946029
-0.00498599
-0.005642915
0.01289916
0.01928702
-0.004979507
0.01368477
-0.004883139
-0.004663206
0
0
0
0
0
9222.875
8838.535
2.530658e-05
0.0001850827
0.0001566904
0.0001332159
-4.544835e-05
9.907158e-06
2.676648e-05
-1.9764e-05
1.408928e-05
-0.002296298
0.002185025
-0.00121409
0.004932532
-0.002663856
-0.02506741
0.005445587
0.004457198
-0.001353639
0.004601781
0.004070447
0
0
0
0
0
8875.159
-0.0001597139
-0.0001742202
8.808982e-05
1.704923e-06
8.89672e-05
1.627598e-05
-2.659948e-05
-1.623065e-05
-1.154445e-05
-0.006570283
-0.01002091
0.002467127
0.002832259
-0.01092214
0.0001065203
-0.009509707
0.01760557
0.01803039
-0.003416329
-0.001960323
0
0
0
0
0
-7.211199e-05
0.0001221537
-8.801916e-05
5.809139e-05
7.285944e-05
-7.041264e-06
-2.003197e-05
3.03485e-06
-8.958683e-06
0.001457972
-0.008781113
0.008592883
0.004056633
-0.002433349
0.01199044
9.032599e-05
0.005451282
-0.009946295
0.01247163
0.006796982
0
0
0
0
0
-2.348358e-05
0.0001465103
2.594781e-05
0.0001161353
-1.801208e-05
-6.021551e-06
5.524976e-06
-7.161855e-06
0.0001905576
-0.01154907
-0.0006754907
-0.005443003
-0.00846339
0.002930712
0.001690423
-0.01115991
-0.01996471
-0.007805266
-0.0001763631
0
0
0
0
0
9.846058e-05
-0.0001978208
0.0001720553
7.575392e-06
-2.42304e-05
-7.221298e-06
-2.403759e-05
0.004168417
-0.01358627
0.000102983
-0.00986054
-0.002703809
0.007719558
-0.0004060574
-0.01400411
0.0122328
-0.007620983
0.004283714
0
0
0
0
0
-4.257394e-05
3.151979e-05
4.729721e-06
-1.949421e-05
3.285261e-06
-1.486558e-05
-0.002426217
-0.001091415
-0.01240222
-0.001543322
0.009375535
-0.001368802
0.007782967
0.006898155
-0.007405173
-0.00759621
-0.0003860582
0
0
0
0
0
-6.754646e-05
-2.456368e-06
-6.349041e-06
-1.629328e-05
2.717958e-05
-0.002008137
-0.007547573
-0.001112001
-0.003083961
-0.004016734
-0.0009723428
-0.00781669
0.001433762
0.002349411
-0.0007810987
-0.002874807
0
0
0
0
0
1.305779e-05
-9.424356e-06
6.637365e-06
2.286927e-06
9.55751e-06
0
0
0
0
0
0
0
0
0
0
0
0
0
0
0
1.754445e-06
3.073938e-05
-3.096382e-05
-1.069035e-05
0
0
0
0
0
0
0
0
0
0
0
0
0
0
0
1.746854e-05
1.911721e-05
-3.855572e-06
0
0
0
0
0
0
0
0
0
0
0
0
0
0
0
-6.642356e-06
8.531389e-06
0
0
0
0
0
0
0
0
0
0
0
0
0
0
0
6.571809e-06
0
0
0
0
0
0
0
0
0
0
0
0
0
0
0
0
0
0
0
9800.148
9267.548
8931.7
8446.753
7972.521
5.921502e-05
-0.0001092143
-0.0001432203
-0.0001168516
0.0001481232
5.941106e-06
-4.923499e-06
-6.587438e-06
1.269728e-05
8.935354e-06
0
0
0
0
0
0
0
0
0
0
0
0
0
0
0
0
0
0
9886.737
9375.405
9065.33
8594.883
8131.687
-0.0001263944
-6.835906e-05
-0.0001994816
0.00019809
9.540659e-05
2.062639e-05
4.119373e-05
8.962335e-06
-8.736226e-06
-7.493857e-06
0
0
0
0
0
0
0
0
0
0
0
0
0
0
0
0
0
9961.932
9470.615
9183.597
8730.723
8277.534
1.463691e-05
4.803835e-05
-0.0002331068
3.535847e-06
8.400876e-05
-1.448109e-05
1.362784e-05
-1.277002e-05
-4.676922e-06
-4.81098e-06
0
0
0
0
0
0
0
0
0
0
0
0
0
0
0
0
10023.51
9556.138
9292.472
8856.061
8415.043
-6.578125e-05
8.158964e-05
-5.117362e-06
1.833483e-05
3.502067e-05
-5.229159e-06
-1.936381e-05
-1.264393e-05
9.901419e-06
1.158619e-05
0
0
0
0
0
0
0
0
0
0
0
0
0
0
0
10074.45
9625.198
9388.165
8970.438
8541.153
-0.0001033879
0.0001263466
-9.299006e-05
0.0001326821
5.334795e-05
1.169951e-05
-1.14487e-05
-2.864177e-05
-4.353958e-06
8.703466e-06
0
0
0
0
0
0
0
0
0
0
0
0
0
0
0
9682.456
9465.011
9069.138
8654.182
3.992121e-05
0.0001032122
-5.92034e-06
4.990576e-05
-3.51397e-05
2.149478e-06
2.197566e-05
-1.088783e-06
-1.222691e-06
-0.00030422
0.002089255
2.745292e-05
-0.00511511
-0.0008371266
0.001701681
0.004291434
-0.007085031
-0.002332707
-0.001620637
-0.002161294
0
0
0
0
0
9526.731
9146.12
8747.814
0.0001728194
-1.005946e-05
7.559235e-05
7.877805e-05
5.239569e-05
2.388123e-06
-5.035064e-06
-4.81034e-06
-1.14454e-05
-0.005968578
-0.007702299
0.003552957
-0.001511156
-0.004777054
-0.00201589
-0.01273421
0.01048882
-0.006656106
-0.003313588
0.0004618117
0
0
0
0
0
9203.754
8818.141
5.767657e-05
3.520929e-05
-9.74408e-05
0.0001874644
-2.315558e-05
-1.739792e-06
-9.217049e-06
-1.085863e-06
1.015971e-05
-0.002911219
-0.01122038
0.01204273
-0.0008113662
-0.001857926
0.01200841
-0.0102113
-0.01494379
0.002398764
-0.01114974
-0.001832401
0
0
0
0
0
8865.468
7.211209e-05
-4.787326e-05
-0.0001645035
-0.0001568059
-0.0001002267
-2.301118e-06
-1.31488e-05
-2.424055e-05
-3.455352e-06
0.002627967
0.006260549
0.008128792
-0.0081309
0.003351691
-0.006755662
0.00133746
0.0008233774
-0.01413434
0.01758054
-0.003516656
0
0
0
0
0
0.0001823813
7.400227e-05
0.000257668
-0.0001915105
-5.905531e-06
5.496359e-06
-5.557273e-06
2.880256e-05
6.371576e-06
0.006036762
0.01674106
0.008671812
-0.01577383
0.003705606
0.0125196
-0.002886866
0.00903348
-0.002449182
-0.02171927
-0.005961521
0
0
0
0
0
-2.330576e-06
-0.0001524299
0.0001015762
-1.137565e-05
-7.340813e-07
-2.452593e-07
5.385842e-06
1.511726e-05
-0.002894385
0.01352573
0.006345542
0.008421094
-0.008594593
-0.009587829
-0.007865426
-0.0008050728
-0.00210906
0.01637309
-0.0006162589
0
0
0
0
0
5.719645e-05
-0.0001783914
-4.101008e-05
-9.736184e-06
1.746378e-05
1.233563e-05
-1.682117e-05
0.002648378
0.007101111
-0.003735616
0.004931442
0.002778884
0.01345749
-0.006111882
0.005572483
0.001294941
0.005180401
0.00049382
0
0
0
0
0
-0.0001783274
0.00013498
-1.957482e-05
-1.796986e-05
1.024665e-06
-2.832027e-08
0.002799554
-0.005894492
0.01643752
-0.003465939
-0.0001295589
0.00470214
-7.228903e-06
-0.00864599
0.01284944
0.005502125
0.0059854
0
0
0
0
0
3.813599e-05
-9.213298e-06
1.317429e-05
1.524761e-05
9.186077e-06
-0.003550222
0.01558614
-0.005567618
0.002464052
0.01117538
-0.003342311
0.008007153
-0.009060043
-0.00908635
-0.007581858
0.004039231
0
0
0
0
0
-1.097306e-05
-2.662814e-06
-1.457599e-06
2.2858e-05
-0.001457095
0.00393866
0.0009930959
0.003097648
-0.005743727
-0.001546851
0.004617032
-0.001068353
-0.003136405
-0.005652779
0.0005013522
0
0
0
0
0
-2.573528e-05
-8.819159e-06
-5.830686e-06
7.638486e-07
0
0
0
0
0
0
0
0
0
0
0
0
0
0
0
2.333264e-05
-2.230114e-05
1.500723e-05
0
0
0
0
0
0
0
0
0
0
0
0
0
0
0
-2.557761e-05
-4.96944e-06
0
0
0
0
0
0
0
0
0
0
0
0
0
0
0
4.312858e-06
0
0
0
0
0
0
0
0
0
0
0
0
0
0
0
0
0
0
0
0
0
0
0
0
0
0
0
0
0
0
0
0
0
9854.672
9344.681
9035.563
8565.676
8103.317
6.873781e-05
2.742653e-05
5.978804e-05
0.0001996692
0.0001042405
2.567653e-06
-4.868694e-06
1.39822e-05
-1.326074e-05
1.30963e-06
0
0
0
0
0
0
0
0
0
0
0
0
0
0
0
0
0
9933.234
9441.251
9154.146
8702.337
8248.713
6.109079e-05
0.0003234069
8.362804e-05
3.576303e-06
-8.614024e-05
-1.311093e-05
-1.597961e-05
-1.94516e-05
-2.005491e-05
6.048806e-07
0
0
0
0
0
0
0
0
0
0
0
0
0
0
0
0
9992.019
9524.968
9259.034
8823.491
8382.076
5.057111e-05
0.0001014331
0.0001180434
2.125699e-05
-1.003935e-05
-1.370802e-05
9.165945e-06
2.664272e-06
1.737166e-05
-6.906796e-06
0
0
0
0
0
0
0
0
0
0
0
0
0
0
0
10046.01
9593.206
9352.774
8934.835
8505.053
0.0001255746
0.0001120942
-0.0001405003
4.312444e-05
-9.021342e-05
-1.991574e-05
1.151698e-05
2.170757e-05
-1.932542e-06
-1.180402e-05
0
0
0
0
0
0
0
0
0
0
0
0
0
0
0
9650.408
9429.173
9033.004
8617.349
5.237659e-05
9.888622e-05
-2.744557e-05
-4.128017e-05
-0.0001521318
1.242141e-05
-8.824277e-06
1.21715e-05
7.346465e-06
-3.387206e-06
0
0
0
0
0
0
0
0
0
0
0
0
0
0
0
9492.967
9112.167
8714.323
-8.976851e-05
-0.0001554054
-0.0002354186
-9.015939e-05
-0.0001214369
-2.216019e-06
-1.49666e-05
-4.058109e-06
1.286917e-05
-0.001010139
0.001216678
-0.005494813
0.01002691
0.002440075
-0.000666443
0.001534408
-0.002267256
0.002698457
0.006375274
0.004023736
0
0
0
0
0
9175.808
8790.018
-5.508193e-05
-0.0001764688
0.0001070493
9.882498e-05
-8.721063e-05
-5.586406e-06
3.967232e-06
-1.123246e-06
1.842074e-05
-0.002623109
0.01018383
-0.002297536
0.006645637
0.007902988
0.009219234
0.001679698
0.007140125
-0.003070117
0.001243495
0.004532967
0
0
0
0
0
8846.629
1.609356e-05
2.511366e-05
-1.811084e-05
0.0002417913
-4.286435e-05
8.291605e-08
-8.664414e-06
5.954142e-06
-3.225517e-06
-0.004757882
-0.006081326
-0.001109078
-0.009857017
0.001677588
-0.007173903
-0.02083686
0.005525637
0.008000569
-0.002361703
0.001618931
0
0
0
0
0
-0.0001312981
1.969942e-05
-5.885319e-05
0.0001232577
6.903615e-05
8.27327e-06
-1.15537e-05
-1.246098e-06
2.907294e-05
-0.001435249
-0.01266312
-0.005829444
-0.002149853
0.0100125
-0.0004893963
0.01546814
-0.001945604
-0.005921259
0.005716082
-0.002637973
0
0
0
0
0
-0.0002646739
-6.769455e-05
-0.0001843604
0.0001000454
1.494766e-06
-1.645394e-05
-9.191648e-06
2.405612e-06
0.001403614
-0.01848514
-0.002421294
-0.003677482
0.0171109
0.006902942
-0.008175449
-0.0002051632
0.005976937
-0.0008298514
0.0005284337
0
0
0
0
0
8.642244e-05
-1.167672e-05
1.194097e-06
7.078568e-06
5.555973e-06
1.856804e-05
1.411996e-06
-0.001358096
0.0001713758
-0.003177239
-0.001783192
-0.01245067
0.002935757
0.006393453
0.005742899
-0.01497759
-0.002888146
-0.002620623
0
0
0
0
0
0.0001313502
6.511383e-05
1.093868e-05
9.257286e-06
3.111134e-06
-4.915144e-06
0.00297488
-0.001623742
-0.0195614
0.01443028
0.004664601
-0.0002632903
-0.01087794
0.01006455
-0.002778329
0.007489603
-0.008468299
0
0
0
0
0
4.566587e-05
4.439938e-06
3.859256e-06
6.764476e-07
-6.675278e-06
0.0001227691
-0.0117717
-0.001576289
0.01669102
0.002646814
0.001673242
-0.01481171
0.0104587
0.01535348
0.002913638
-0.003854799
0
0
0
0
0
5.377697e-06
1.896812e-05
-5.265013e-06
-1.272255e-05
0.004284672
0.0006058806
0.002560176
-0.005082384
0.01356442
0.005695947
-0.01211302
-0.004272384
0.01167841
0.007189382
0.003379508
0
0
0
0
0
2.937269e-05
1.616024e-05
-7.541396e-06
0.0005670395
0.006724901
-0.0101435
-0.0007655294
-0.001856338
0.004611817
-0.001911234
-0.004977005
0.007321368
-0.003514722
0.001255364
0
0
0
0
0
1.567907e-05
1.041208e-05
7.290601e-07
0
0
0
0
0
0
0
0
0
0
0
0
0
0
0
-7.761961e-06
3.262554e-06
0
0
0
0
0
0
0
0
0
0
0
0
0
0
0
1.39342e-05
0
0
0
0
0
0
0
0
0
0
0
0
0
0
0
0
0
0
0
0
0
0
0
0
0
0
0
0
0
0
0
0
0
0
0
0
0
0
0
0
0
0
0
0
0
0
9901.475
9410.705
9124.299
8673.797
8220.691
7.488673e-05
3.662484e-05
-3.743103e-05
-2.502542e-05
-0.000108142
3.466926e-07
-1.098778e-05
1.940503e-05
-4.007254e-06
1.11022e-05
0
0
0
0
0
0
0
0
0
0
0
0
0
0
0
0
9962.997
9496.364
9229.558
8794.723
8354.645
5.375678e-05
-0.0001093224
-0.0003959184
-7.172971e-05
7.186572e-05
1.544442e-05
6.455492e-06
1.080593e-05
-2.406164e-06
1.135585e-05
0
0
0
0
0
0
0
0
0
0
0
0
0
0
0
10015.81
9561.01
9320.647
8901.797
8473.473
-1.604908e-05
0.0001427082
-0.0001485947
-0.0001369315
-3.719357e-05
-4.198418e-06
-1.111334e-05
4.691363e-06
-5.280356e-06
-6.396658e-06
0
0
0
0
0
0
0
0
0
0
0
0
0
0
0
9619.066
9394.695
8997.282
8582.613
-8.547518e-06
-0.000137981
2.846079e-05
9.705569e-05
-0.000152381
1.547217e-06
2.313763e-05
-1.710587e-05
-4.172023e-06
1.706955e-06
0
0
0
0
0
0
0
0
0
0
0
0
0
0
0
9457.282
9075.428
8678.91
8.412947e-05
-9.83228e-05
-7.70747e-05
-0.0001135329
6.396138e-05
1.661655e-05
-1.154153e-05
9.708613e-07
-9.943819e-07
4.815936e-07
0
0
0
0
0
0
0
0
0
0
0
0
0
0
0
9140.886
8756.635
1.860183e-05
0.0001323346
3.936826e-06
0.0001571169
4.626932e-05
-1.111916e-06
-2.639957e-06
1.749322e-05
-4.695661e-06
-0.000824952
0.00145364
-0.001897856
0.004455021
-0.007560657
-0.002634941
0.003205267
0.001928412
0.00403526
0.001072283
-0.001056328
0
0
0
0
0
8819.121
4.415209e-05
-0.0001038871
0.0001281499
-0.0001182463
2.685984e-05
-6.858468e-06
8.586541e-06
5.226041e-06
2.73747e-05
0.002751111
0.01061399
-0.002225964
0.01371575
-0.008104864
-0.005890296
0.01493716
-0.01176999
-0.004218802
-0.01623139
0.005029913
0
0
0
0
0
-0.0001983347
-2.341429e-05
-2.44364e-05
0.000129295
-0.0002062235
-1.142841e-05
1.588906e-05
1.313139e-05
-7.161185e-06
0.001788404
0.01522126
0.001973407
0.006849194
0.001121011
0.004925002
0.002309038
0.01952232
0.004825393
3.628303e-05
0.00920417
0
0
0
0
0
0.0003576092
1.790227e-05
9.579772e-05
-9.209549e-05
2.136442e-06
-1.418725e-05
9.006729e-06
-1.276197e-05
-0.003661315
0.01466949
-0.00533065
0.008080362
0.007278235
-0.01032078
-0.007625228
-0.02150732
-0.008093736
-0.009189318
-0.000176946
0
0
0
0
0
6.721483e-05
-2.286507e-05
-3.435204e-05
5.134706e-06
-5.758292e-06
-3.137271e-07
1.406256e-06
-0.0006062843
-0.004169202
0.004106964
-0.0004650361
0.002506183
-0.01716302
-0.0005827467
-0.000518376
0.01249974
0.002036723
0.006397201
0
0
0
0
0
5.583762e-05
3.086559e-05
-1.605625e-05
-1.409471e-05
-2.151861e-05
-8.561483e-06
-0.0007564048
-8.849107e-05
0.01440695
-0.01218807
0.002244108
0.01156717
0.01010657
0.006851249
0.005922276
-0.006505952
0.006474066
0
0
0
0
0
-0.0001450682
-3.185081e-06
-2.521056e-05
1.464122e-05
1.450866e-06
0.001311302
0.008527672
0.007653509
0.001192148
-0.01136717
-0.0118812
-0.0148675
-0.01550303
-0.01807735
-0.003752208
-0.001609563
0
0
0
0
0
-1.551332e-05
-6.972702e-06
6.584883e-06
-7.607338e-06
0.001045407
0.002121093
-0.0004778922
0.01418433
-0.005070781
-0.01303727
-0.000609379
0.005510169
-0.001657462
-0.000171701
-0.0004865853
0
0
0
0
0
-1.519045e-05
-5.291789e-06
-5.35277e-06
0.005107391
-0.01872078
0.00725701
-0.001399886
-0.002722699
-0.001100006
-0.007927987
0.009625591
0.008828616
-0.008456219
-0.002430993
0
0
0
0
0
-7.997088e-06
-3.650519e-06
-0.0001433227
-0.003124425
-0.00401046
0.009726523
0.004261019
0.004005557
-0.00178808
0.0007729688
-0.001698517
-0.004433328
0.004392137
0
0
0
0
0
-3.431018e-05
4.419395e-06
0
0
0
0
0
0
0
0
0
0
0
0
0
0
0
3.82974e-06
0
0
0
0
0
0
0
0
0
0
0
0
0
0
0
0
0
0
0
0
0
0
0
0
0
0
0
0
0
0
0
0
0
0
0
0
0
0
0
0
0
0
0
0
0
0
0
0
0
0
0
0
0
0
0
0
0
0
9931.221
9466.08
9199.879
8766.107
8327.265
-0.0001495502
-0.0001098314
-1.002583e-05
-0.0001050288
5.934257e-05
-6.156639e-06
-4.554603e-07
1.988682e-05
-1.588661e-05
-3.646666e-06
0
0
0
0
0
0
0
0
0
0
0
0
0
0
0
9987.761
9532.135
9291.861
8873.019
8445.69
-8.02918e-05
-0.0001679592
0.0001735172
0.000238926
7.064771e-05
-6.929333e-06
5.910203e-07
-1.387461e-06
-1.630703e-06
5.021377e-06
0
0
0
0
0
0
0
0
0
0
0
0
0
0
0
9588.116
9361.658
8965.497
8550.595
-5.425074e-05
-0.0001140665
-8.474899e-05
3.105806e-05
0.0001201716
-3.835499e-06
2.090961e-05
2.351411e-05
-2.038068e-05
5.972429e-06
0
0
0
0
0
0
0
0
0
0
0
0
0
0
0
9423.409
9040.58
8644.073
6.729001e-05
7.281824e-05
1.801083e-05
-0.0002084479
-2.931944e-05
1.8228e-05
9.873362e-06
-1.640063e-05
-1.039005e-06
-2.360181e-06
0
0
0
0
0
0
0
0
0
0
0
0
0
0
0
9104.284
8720.653
5.62053e-05
-6.898002e-05
0.0001914481
0.0001422043
0.0001227085
1.983554e-06
-3.617719e-07
-1.710941e-05
9.907439e-06
-3.183651e-06
0
0
0
0
0
0
0
0
0
0
0
0
0
0
0
8784.827
-0.0001712034
-0.0001501557
0.0001154261
5.925031e-05
-0.0001009451
3.820143e-06
-4.022722e-06
-2.067896e-06
-2.895754e-06
0.0007398516
-0.000824209
-1.570801e-05
0.003524554
-0.006602227
0.00519953
-0.006691578
-0.00312878
0.0004572256
0.005978999
-0.001997853
0
0
0
0
0
0.0001175352
0.0001237018
6.353451e-05
-0.0001138021
4.416461e-05
-4.785348e-06
1.993865e-06
-1.575885e-05
-2.744868e-05
-0.002256585
-0.01445581
-0.001517873
0.005234867
-0.008924256
-0.002335365
-0.001317166
-0.01712427
0.008178471
0.008966093
0.0009107055
0
0
0
0
0
0.000222577
1.229736e-05
2.70933e-05
-0.0001011264
1.026004e-05
2.234178e-05
-1.416658e-05
-9.66372e-06
-0.00121204
-0.01082499
-0.00799042
0.008135875
-0.01438571
0.005610069
-0.0006099538
0.008960745
-0.002303214
0.003267035
-0.000395196
0
0
0
0
0
-0.0003213704
-6.346323e-05
-1.842734e-05
-1.014871e-05
-1.604346e-05
1.627949e-05
-2.525187e-06
0.00181308
0.0004853706
-0.005793673
0.009318061
-0.0126442
0.008640143
0.01028933
0.01243415
0.006212246
0.008687869
-0.002782892
0
0
0
0
0
5.323848e-05
6.422077e-05
1.635926e-06
7.582828e-07
2.121387e-05
-1.083742e-05
0.0005338524
-0.006176511
-0.004211682
0.0189413
-0.002356165
0.01303932
-0.006150761
-0.0146361
0.0007362081
-0.008073009
-0.005904122
0
0
0
0
0
1.178622e-05
1.40014e-05
1.318017e-05
4.727403e-06
5.689331e-06
0.001861539
-0.0006109733
0.006766292
-0.005738276
-0.006487122
-0.0008849095
0.009873956
0.01001899
0.008339255
0.004210509
0.007687213
0
0
0
0
0
1.99186e-05
-2.784308e-05
2.544587e-05
-1.984957e-05
-0.005997181
-0.005809192
-0.008585299
-0.01019164
-0.01532324
0.004511181
0.002231321
0.01327384
0.0002626598
-0.004792502
-0.002445507
0
0
0
0
0
2.537522e-05
3.900079e-06
-7.30971e-06
-0.003899894
-0.001768554
-0.004542038
-0.0147504
-0.01154663
-0.02872413
0.009549913
0.0005232605
-0.02119644
0.002162921
-0.004302327
0
0
0
0
0
2.179057e-05
-3.545895e-05
0.00459843
-0.01119414
0.01656028
-0.01587613
0.001848615
-0.007823725
0.005331892
-0.002035599
0.003507793
-0.003003347
0.002519685
0
0
0
0
0
-2.869856e-06
-0.001001134
0.003648778
0.002888799
0.007344069
-0.004959924
-0.008817423
-0.005950238
-0.004029004
0.003511915
0.0009869492
0.001721621
0
0
0
0
0
2.542969e-05
0
0
0
0
0
0
0
0
0
0
0
0
0
0
0
0
0
0
0
0
0
0
0
0
0
0
0
0
0
0
0
0
0
0
0
0
0
0
0
0
0
0
0
0
0
0
0
0
0
0
0
0
0
0
0
0
0
0
0
0
0
0
0
0
0
0
0
0
0
9956.719
9501.84
9262.414
8844.564
8418.237
0.0001063546
0.0001445333
-0.0001010675
1.958488e-05
5.434631e-05
-1.037549e-05
-1.616926e-06
-1.833694e-06
-1.207185e-05
-1.432779e-06
0
0
0
0
0
0
0
0
0
0
0
0
0
0
0
9560.175
9332.643
8937.357
8522.806
-0.0001457423
0.0001936188
7.182201e-05
-5.505717e-05
-0.0001066642
-9.43313e-06
8.703629e-06
-1.998815e-06
1.985332e-05
-3.064658e-06
0
0
0
0
0
0
0
0
0
0
0
0
0
0
0
9391.576
9007.959
8613.255
-0.0001846693
0.000172232
9.219848e-05
-9.352769e-05
-9.960292e-06
2.79825e-06
-1.765392e-06
-1.548654e-05
-8.606839e-06
1.326567e-05
0
0
0
0
0
0
0
0
0
0
0
0
0
0
0
9070.002
8686.653
-0.0001448148
0.0001502751
-0.00015651
4.031524e-05
0.0001530662
-2.910548e-06
-1.386106e-05
-8.500357e-06
2.160324e-05
1.090846e-05
0
0
0
0
0
0
0
0
0
0
0
0
0
0
0
8748.973
0.0001223323
-4.27047e-05
-7.530155e-06
-0.0001443297
-8.035143e-05
-1.170731e-05
-7.303354e-06
-7.637916e-06
2.70514e-05
-6.614764e-06
0
0
0
0
0
0
0
0
0
0
0
0
0
0
0
2.572555e-05
0.0002474232
0.0001981814
-0.0003075695
2.209679e-05
-2.094496e-06
1.249694e-06
3.259273e-06
-5.877961e-06
-0.001933079
-0.0001137164
-0.002240582
-0.002156197
-0.002290721
0.009440616
0.003988977
0.006760934
0.001167861
-0.0004844562
-0.002797853
0
0
0
0
0
-4.225066e-05
2.475071e-05
0.000125631
8.026619e-05
-7.35223e-06
2.424392e-05
1.326847e-05
2.050336e-05
-0.003244877
0.001670611
0.01630524
-0.00468043
0.007802459
0.01165966
0.009141548
0.005268472
0.01023996
-0.00231889
-0.0005218902
0
0
0
0
0
-1.260905e-05
-8.279477e-05
1.221027e-05
-1.298494e-06
1.283255e-05
-6.087362e-06
-3.388299e-06
0.0004564115
0.0005739359
0.01563828
-0.001751775
0.004406132
0.002170049
-0.01008961
-0.01149718
-0.007385274
-0.008066048
0.002878267
0
0
0
0
0
-4.085884e-05
-4.271779e-05
8.295904e-06
1.715119e-05
1.899868e-05
-3.653756e-06
0.002775144
-0.002646258
0.0120835
-0.0005145527
0.001441709
-0.00127045
0.0009927435
0.002638082
-0.01003487
0.01362563
-9.674568e-05
0
0
0
0
0
1.5638e-05
2.779897e-06
-1.248886e-05
-2.313086e-05
-9.1147e-06
0.004752666
-0.0003583022
0.00453969
0.00948548
-0.00441605
-0.005953171
-0.01434984
0.001198998
-0.006868746
-0.004726992
-0.002803446
0
0
0
0
0
-2.820745e-05
-8.361418e-06
-4.211514e-06
4.985802e-06
0.004799851
-0.006395408
-0.005745094
-0.003101007
0.009844209
0.01485721
0.002717862
-0.01543615
0.006835133
-0.008180103
-0.005344779
0
0
0
0
0
-1.646386e-05
3.777829e-05
4.223682e-06
-0.002052865
0.02315452
0.01576287
0.01865771
0.005787842
0.02480515
-0.005613855
0.00722058
0.009300781
0.004713393
-0.0002090407
0
0
0
0
0
-1.169322e-06
-8.464302e-06
0.000611878
0.0188063
-0.004447932
0.01002142
0.004376643
0.002140252
0.01988213
0.005336556
-0.0007159761
0.007157326
-0.001672598
0
0
0
0
0
-1.00906e-05
0.001573639
-0.01086604
-0.001436579
-0.01453651
0.003683702
0.001691851
0.01626144
-0.0004720534
0.0009996846
-0.002533341
-0.002467318
0
0
0
0
0
-0.000670074
0.002239826
-0.006764011
0.0006387024
-0.003331057
0.004128434
0.009651996
0.001794308
-0.0004155784
-0.003074133
0.001284486
0
0
0
0
0
0
0
0
0
0
0
0
0
0
0
0
0
0
0
0
0
0
0
0
0
0
0
0
0
0
0
0
0
0
0
0
0
0
0
0
0
0
0
0
0
0
0
0
0
0
0
0
0
0
0
0
0
0
0
0
0
0
0
0
0
0
0
0
0
0
9530.552
9303.189
8909.111
8495.506
-2.47636e-05
-6.916956e-05
3.281647e-05
0.0001624467
2.074743e-05
1.34122e-05
4.470556e-06
-2.705899e-06
-1.519637e-05
-3.40825e-07
0
0
0
0
0
0
0
0
0
0
0
0
0
0
0
9363.472
8979.615
8586.071
1.30464e-05
0.0001926444
-0.000123745
5.941321e-05
-2.078568e-05
-2.52955e-06
9.48532e-06
3.86091e-06
6.50737e-06
-1.037812e-05
0
0
0
0
0
0
0
0
0
0
0
0
0
0
0
9038.536
8655.045
-3.964763e-05
-3.773833e-05
-0.0001663248
6.971663e-05
6.076937e-05
1.19588e-05
-8.760786e-06
3.501724e-06
1.260973e-05
3.575456e-06
0
0
0
0
0
0
0
0
0
0
0
0
0
0
0
8715.514
5.163103e-05
8.204608e-05
-5.797363e-05
5.121183e-05
-5.612416e-05
1.520013e-07
-6.432064e-07
-1.132025e-05
-2.136107e-06
-1.286041e-05
0
0
0
0
0
0
0
0
0
0
0
0
0
0
0
0.0001718314
7.522626e-06
4.42279e-05
-1.07818e-05
5.344216e-05
5.444661e-06
1.052714e-05
9.99674e-06
-7.351993e-06
-3.650778e-06
0
0
0
0
0
0
0
0
0
0
0
0
0
0
0
-8.110617e-05
-0.0002383039
-5.408447e-05
0.0001859589
-1.025639e-06
-1.058125e-05
-4.230188e-06
-6.203684e-06
0.0008904325
0.003904239
-0.002361669
0.004070057
-0.002365642
-0.003220471
-0.003727591
-0.004183791
-0.001839335
0.0004489377
-0.001116225
0
0
0
0
0
-8.23933e-05
-0.0003452907
-6.633373e-05
-1.361966e-06
2.241525e-05
-3.145164e-05
-3.345911e-06
0.0004175726
0.01124079
-0.006931617
0.005298788
-0.003940938
-0.01187528
-0.003040547
-0.01179057
-0.006004976
0.0003668501
-0.004231126
0
0
0
0
0
-0.0002204478
0.0001008204
-6.068519e-06
7.696913e-06
-1.195404e-05
-3.275697e-06
0.002097237
0.0044709
-0.009909264
0.01110202
-0.002421203
-0.0009188585
-0.005905609
0.000301873
-0.003734573
0.003640518
0.001055873
0
0
0
0
0
0.0001571783
1.917732e-05
-7.093815e-06
-6.70388e-06
-2.381053e-05
0.0001169289
-0.007784061
-0.001524804
0.007441793
-0.009680063
-0.00730605
-0.003740205
0.0125403
-0.001984061
0.01861133
-0.004347709
0
0
0
0
0
-1.357133e-05
-1.19447e-05
2.343126e-05
8.972186e-06
0.001917494
-0.001463976
0.01071025
-0.001446913
-0.01258767
-0.01029437
-0.0006404908
0.01204293
-0.005588977
0.006139978
0.002970593
0
0
0
0
0
3.458551e-05
4.974969e-06
5.71229e-06
-0.003061703
-0.01687191
0.007659664
0.003912301
0.0113287
0.005906945
0.003337602
-0.01167403
-0.008421806
-0.01075332
0.0123688
0
0
0
0
0
-1.854068e-05
-1.028145e-05
0.001991188
-0.004797572
-0.01804895
-0.003006134
-0.004638639
-0.002113173
-0.007269697
-0.005719686
0.007536827
-0.01637254
-0.0004737736
0
0
0
0
0
-6.084614e-06
-0.003611276
0.01570964
-0.00764885
0.02303288
-0.008980441
-0.00514273
0.003169113
-0.008638692
-0.001959928
-0.007351693
0.002205119
0
0
0
0
0
-0.0009459914
-0.005011129
-0.001264119
0.003456887
0.009716827
0.006024159
-0.001027973
-0.006360725
-0.0003691866
-0.006117623
-0.0008181186
0
0
0
0
0
-0.0005019348
-0.00157818
0.003350911
-0.003173647
-0.002722964
-0.002044503
-0.004822411
-0.003520057
0.005630266
0.002431913
0
0
0
0
0
0
0
0
0
0
0
0
0
0
0
0
0
0
0
0
0
0
0
0
0
0
0
0
0
0
0
0
0
0
0
0
0
0
0
0
0
0
0
0
0
0
0
0
0
0
0
0
0
0
0
0
0
0
0
0
0
0
0
0
0
9334.646
8951.365
8558.97
0.0001151137
-1.581487e-06
9.42261e-05
1.916119e-05
-6.504548e-05
-1.440657e-06
-3.597302e-05
-6.16849e-06
1.501911e-05
7.155109e-06
0
0
0
0
0
0
0
0
0
0
0
0
0
0
0
9011.069
8627.669
4.30987e-05
-0.0001487852
-0.000191876
-1.283991e-05
-9.8461e-06
-3.731858e-06
2.908214e-06
5.191186e-06
-1.714735e-05
-5.965146e-06
0
0
0
0
0
0
0
0
0
0
0
0
0
0
0
8685.013
-5.682477e-06
1.072142e-05
0.0002177005
4.668274e-05
-3.713905e-05
1.700319e-05
-1.171247e-05
2.041055e-06
1.116722e-05
6.37572e-07
0
0
0
0
0
0
0
0
0
0
0
0
0
0
0
-9.26022e-05
2.692216e-05
7.277979e-05
-0.0001795438
-3.130814e-05
8.157083e-07
-1.205207e-05
1.326366e-05
1.891545e-05
5.832846e-07
0
0
0
0
0
0
0
0
0
0
0
0
0
0
0
-1.897499e-05
-0.0001515465
3.714502e-05
-3.676712e-05
-1.641741e-05
-8.410208e-06
-3.013969e-06
-3.278086e-06
-2.953109e-06
0
0
0
0
0
0
0
0
0
0
0
0
0
0
0
0.000135373
0.0001294342
-0.0001007394
-4.082704e-06
-9.743873e-06
8.739143e-06
-1.093831e-05
0.001533307
-0.003602418
-0.001314878
-0.005246875
-0.003209917
0.007157371
-0.001281892
0.003235691
-0.002655442
0.002119438
-0.001383441
0
0
0
0
0
5.078178e-05
0.0002578381
-1.1496e-05
3.834835e-06
-3.168629e-06
-1.358809e-05
-0.001351023
-0.00517213
-0.007020935
-0.0005961177
0.003515394
0.0007311782
0.00692886
0.008818165
0.006127527
-0.005183462
0.004083802
0
0
0
0
0
0.0001707357
-5.997088e-06
3.985881e-07
1.53384e-06
1.931158e-06
-0.0008312725
-0.005787645
-0.008061809
-8.137684e-05
-0.007333226
0.0179137
-0.01045268
-0.00368067
-0.007320806
-0.00574992
-0.001818111
0
0
0
0
0
2.223289e-06
-1.503796e-05
-5.725303e-06
4.255437e-06
0.001522596
0.001899142
0.01149181
0.02031793
-0.01525428
0.01801251
0.001205499
0.003809539
-0.004276729
0.01414582
-0.005525762
0
0
0
0
0
-9.625311e-06
1.289362e-05
1.046869e-05
-0.001603019
-0.001886143
0.00114892
-0.008704119
0.003754678
0.005113995
-0.005951601
0.02057819
0.001718429
-0.005102675
-0.008260247
0
0
0
0
0
5.498375e-07
-2.056028e-05
-0.004748949
-0.01025467
0.01553013
0.008840013
-0.0003382191
-0.007516725
-0.01683091
-0.004695598
-0.01786584
0.02103688
0.002308575
0
0
0
0
0
3.873503e-05
-3.158669e-05
-0.01533699
0.005513799
0.007698558
-0.000876634
-0.0005606395
0.005512233
-0.0009823952
0.0084125
0.0006000241
0.009233648
0
0
0
0
0
-0.000201119
0.01682191
-0.002733494
-0.001756395
-0.01656907
-0.000207658
-0.01343088
0.01258447
0.01406946
0.008182871
-0.000861715
0
0
0
0
0
0.001431548
0.01431955
0.0004951775
-0.005626546
0.01012846
-0.001678245
0.01665887
0.00222533
0.003341902
0.0009483559
0
0
0
0
0
0.001158498
-0.001505824
0.003824932
-0.0002438902
-0.0002325994
0.004353726
-0.005531987
-0.002809533
-0.001742339
0
0
0
0
0
0
0
0
0
0
0
0
0
0
0
0
0
0
0
0
0
0
0
0
0
0
0
0
0
0
0
0
0
0
0
0
0
0
0
0
0
0
0
0
0
0
0
0
0
0
0
0
0
0
0
0
0
0
0
0
8983.411
8600.565
0.000118903
-0.0001155839
-2.468191e-05
-0.0001761196
-6.498335e-05
2.405616e-06
3.979609e-06
1.861742e-05
1.740342e-05
-9.301961e-06
0
0
0
0
0
0
0
0
0
0
0
0
0
0
0
8658.482
0.0001036944
6.588966e-05
0.0001553811
0.0002476425
2.868861e-05
-3.017502e-06
5.43972e-06
9.776039e-07
9.841974e-06
5.909689e-06
0
0
0
0
0
0
0
0
0
0
0
0
0
0
0
8.923948e-05
7.232822e-05
5.963231e-05
-9.950682e-05
3.158786e-05
-2.038019e-05
-2.626261e-05
-5.033766e-06
1.306075e-05
-5.523633e-06
0
0
0
0
0
0
0
0
0
0
0
0
0
0
0
0.0001250863
-5.395645e-05
-9.490237e-05
0.0001268116
1.474771e-05
2.524388e-06
2.487281e-05
-1.762132e-05
-3.971613e-06
0
0
0
0
0
0
0
0
0
0
0
0
0
0
0
-0.0001949375
0.0001298639
-3.410972e-05
-1.220253e-07
1.733184e-05
-3.066443e-06
7.141847e-06
4.786455e-06
0
0
0
0
0
0
0
0
0
0
0
0
0
0
0
-9.960312e-05
5.076057e-05
-2.69944e-07
-5.280178e-06
4.063789e-07
-4.592001e-06
0.0006445256
-0.002849637
0.003797534
0.00359585
-0.006709807
-0.0008876301
-0.004182133
0.002459488
-0.0003892261
0.00568782
-0.003201446
0
0
0
0
0
-1.110191e-05
1.323871e-06
2.609916e-05
-8.365591e-07
-2.227116e-05
0.003850509
0.005301256
0.009678104
0.001076952
-0.007673996
-0.005658974
0.003486642
-0.003059954
-0.002301679
0.001191028
0.003843229
0
0
0
0
0
9.990751e-06
5.13327e-06
2.355051e-05
-1.436192e-05
-0.001173777
0.006302367
-0.007241843
-0.01126906
0.002853917
-0.0006994972
-0.009351531
-0.0001260341
6.892157e-05
0.004468138
0.002732097
0
0
0
0
0
-1.009945e-05
1.788618e-05
2.06586e-06
-0.001524386
-0.0009351379
-0.01266058
-0.01237509
-0.01991697
0.0006058004
-0.0003851119
-0.014976
-0.007370952
0.004282696
-0.00343152
0
0
0
0
0
1.181027e-05
-1.676525e-05
-0.001001444
0.008810109
0.007632521
-0.0167002
0.001438143
0.009813392
0.0008063667
0.003124136
0.01692421
-0.01349845
0.003941468
0
0
0
0
0
-1.76485e-05
-0.0005287212
0.01810881
0.003819817
-0.02756429
-0.01336354
0.0007792709
-0.01405421
-0.004667234
0.004777694
0.01123979
-0.007638208
0
0
0
0
0
-0.0006161044
-0.006766855
-0.01306716
-0.007009017
0.002565304
-0.00155553
0.003584817
0.0009850159
-0.00614634
-0.01057899
-0.001864863
0
0
0
0
0
0.001778453
-0.01934669
0.01411474
-0.00084251
-0.004572954
-0.001278376
0.004331628
-0.01922014
-0.01423121
-0.004704243
0
0
0
0
0
0.005398945
0.002594575
-0.01611054
-0.000409218
-0.01073377
0.00431157
-0.000394171
0.002877369
-0.004828104
0
0
0
0
0
0.00412858
-0.001988688
-0.0001645913
0.002292874
-0.002659146
-0.005850262
0.005763361
0.006420633
0
0
0
0
0
0
0
0
0
0
0
0
0
0
0
0
0
0
0
0
0
0
0
0
0
0
0
0
0
0
0
0
0
0
0
0
0
0
0
0
0
0
0
0
0
0
0
0
0
0
0
0
0
0
0
8631.94
0.0001334532
-0.0001711981
0.0001151653
-4.223887e-05
9.742037e-05
1.939256e-07
-1.589926e-05
-6.414699e-06
-3.929575e-07
-7.70094e-06
0
0
0
0
0
0
0
0
0
0
0
0
0
0
0
-4.656275e-05
-0.0001724275
-6.826004e-06
-0.0001286769
-7.163762e-05
7.958198e-06
2.151134e-05
-2.924574e-05
-3.274986e-06
-1.140932e-05
0
0
0
0
0
0
0
0
0
0
0
0
0
0
0
6.052162e-06
-0.0001207362
0.0001217806
5.287767e-05
5.49893e-06
1.791624e-05
1.740702e-06
5.193439e-06
-9.059735e-06
0
0
0
0
0
0
0
0
0
0
0
0
0
0
0
2.64763e-05
0.0001029362
-3.458827e-06
-7.022454e-06
-5.660592e-06
-1.051092e-05
-2.336435e-05
4.687627e-06
0
0
0
0
0
0
0
0
0
0
0
0
0
0
0
0.0001566436
-1.38582e-05
2.940411e-06
1.873341e-05
3.191814e-06
1.984954e-05
-5.278042e-06
0
0
0
0
0
0
0
0
0
0
0
0
0
0
0
3.004751e-05
-3.311886e-06
-1.759277e-07
-2.363984e-06
1.229776e-05
0.001586134
-0.0006795146
0.001935709
-0.004753526
-0.0008848203
0.0008701266
0.003363789
0.002908871
-0.002364423
-0.0008687207
0.0004582318
0
0
0
0
0
-2.208092e-05
-1.952698e-05
-1.477807e-05
-1.371579e-05
0.004359599
-0.0007726993
0.01537473
-0.002860837
-0.0003913134
-0.00677321
0.002933354
0.007203809
-0.0008301611
-0.0112542
0.0006074772
0
0
0
0
0
-1.14652e-05
-1.812624e-05
-2.144553e-05
0.0007892902
0.01020654
-0.002450314
0.001158176
0.02139582
0.009045061
0.001886674
0.004821067
0.001170238
0.006104285
0.0002710676
0
0
0
0
0
-1.076747e-05
-4.684157e-07
-0.001432787
0.002694875
-0.01261209
0.01115375
-0.003882228
0.02283783
-0.01198825
0.002852448
-0.002290641
0.01122635
-0.001006728
0
0
0
0
0
-4.761902e-06
-0.0008091725
-0.01815932
-0.003739265
0.01173055
0.01826287
-0.003983258
-0.007922644
0.01276261
0.00851067
-0.01849221
0.002435597
0
0
0
0
0
-0.0002205637
0.01194605
0.001687467
0.007790474
0.004893209
0.01021719
0.01239562
0.01112904
-0.002360512
0.00716277
0.006532905
0
0
0
0
0
0.001674315
-0.005242054
0.008988093
0.006838671
0.009971552
0.0001318828
-0.0002160374
-0.003609224
0.01522774
0.00436617
0
0
0
0
0
-0.001096734
-0.0113861
0.01099095
-0.002775335
0.007587624
-0.01091617
-0.01594844
0.004322933
0.003959897
0
0
0
0
0
-0.01617437
0.005982571
-0.002341
-0.00254863
0.0113328
0.01028353
0.002777921
-0.007986772
0
0
0
0
0
0.001270211
-0.004002351
0.003016201
0.002431636
0.002674003
0.0006355934
-0.004835733
0
0
0
0
0
0
0
0
0
0
0
0
0
0
0
0
0
0
0
0
0
0
0
0
0
0
0
0
0
0
0
0
0
0
0
0
0
0
0
0
0
0
0
0
0
0
0
0
0
0
-9.873592e-05
-7.099111e-06
0.0001320968
-7.457235e-06
0.0001685361
-4.537358e-06
8.161406e-06
2.349342e-05
4.565469e-06
-2.580668e-06
0
0
0
0
0
0
0
0
0
0
0
0
0
0
0
3.924789e-05
0.0001116179
6.56406e-06
8.609714e-05
-1.22141e-05
-1.09611e-05
-9.663316e-06
3.813499e-05
-2.80909e-06
0
0
0
0
0
0
0
0
0
0
0
0
0
0
0
-0.0002485311
-1.334132e-06
-0.0002227004
-1.476477e-05
-2.083284e-05
-1.107768e-05
2.252717e-05
-6.050228e-06
0
0
0
0
0
0
0
0
0
0
0
0
0
0
0
-0.0001236524
-0.0001515985
1.970148e-06
9.211944e-06
-1.458092e-05
-1.01478e-05
1.390184e-05
0
0
0
0
0
0
0
0
0
0
0
0
0
0
0
-2.546191e-05
2.569645e-05
2.190526e-05
-6.361731e-06
-1.689554e-05
-1.081187e-05
0
0
0
0
0
0
0
0
0
0
0
0
0
0
0
-1.207101e-06
8.164217e-06
4.06399e-07
-1.086041e-06
-0.001432416
-0.002791373
0.002968935
-0.002511819
0.0009047279
0.0003267149
-0.005728657
-0.00065697
-0.002763898
0.005678061
-0.0002519374
0
0
0
0
0
3.281935e-05
2.74264e-05
-1.498043e-07
-0.0005600262
-0.01077582
0.001854664
-0.01289368
-0.0006838504
-0.0114456
0.004733255
-0.005523197
0.002920507
-0.0003910683
0.01023553
0
0
0
0
0
6.481443e-06
-4.82569e-06
0.004838353
-0.0009879161
-0.009943009
-0.006300219
0.01145275
-0.02313643
0.002556136
-0.01054342
-0.008265897
-0.001997352
-0.002409261
0
0
0
0
0
1.917191e-05
-0.001219493
0.002350929
0.02036747
-1.034807e-05
0.001575035
0.00576087
-0.008087586
-0.0001117751
-0.01699912
0.003467497
-0.004527941
0
0
0
0
0
0.0003146082
0.005460943
0.01150728
-0.03418456
-0.01645133
-0.005013678
-0.01813232
-0.01230991
-0.0003241809
-0.01792092
0.001215195
0
0
0
0
0
0.002245915
0.002810075
-0.0009403762
0.002807145
-0.0104735
0.01788252
-0.003330095
-0.008239796
-0.01075023
0.001028289
0
0
0
0
0
-0.0130102
0.01637781
-0.01566314
0.003319554
-0.005601031
0.005175643
0.00416407
0.0163341
-0.00664567
0
0
0
0
0
-0.01008787
-0.0009898013
0.001946034
-0.002328603
-0.0132732
0.00521029
-0.0004800274
0.001395679
0
0
0
0
0
-0.004166028
-0.009511814
0.002789265
0.004237937
0.0004085858
-0.004894647
0.004409943
0
0
0
0
0
-0.002727008
0.004090842
-0.006618194
-0.00548676
0.0001327825
-5.482311e-05
0
0
0
0
0
0
0
0
0
0
0
0
0
0
0
0
0
0
0
0
0
0
0
0
0
0
0
0
0
0
0
0
0
0
0
0
0
0
0
0
0
0
0
0
0
6.55794e-05
-0.0001526351
8.18431e-05
2.162881e-05
-5.374498e-06
7.59143e-07
-6.103979e-06
-9.111623e-06
6.624618e-07
0
0
0
0
0
0
0
0
0
0
0
0
0
0
0
4.007454e-05
7.875231e-05
-4.842579e-05
-5.981893e-06
1.399137e-05
-1.725816e-05
-1.943531e-05
-7.41233e-06
0
0
0
0
0
0
0
0
0
0
0
0
0
0
0
0.0003435745
2.15361e-05
1.097816e-05
3.462738e-06
2.594921e-05
2.96176e-05
-1.511309e-05
0
0
0
0
0
0
0
0
0
0
0
0
0
0
0
7.092354e-05
-4.909175e-06
9.120059e-06
-1.04843e-05
2.034974e-05
2.421769e-06
0
0
0
0
0
0
0
0
0
0
0
0
0
0
0
2.261547e-05
-2.135144e-05
-5.590394e-05
-1.514672e-06
1.421975e-05
0
0
0
0
0
0
0
0
0
0
0
0
0
0
0
1.579526e-05
-1.290376e-05
1.190086e-05
0.001357828
0.002617646
0.001255162
0.0005236323
-0.001187272
0.00872588
0.001706016
0.002282498
-0.001232316
0.001030983
-0.004694592
0
0
0
0
0
-8.772349e-06
1.030142e-06
-0.001650171
0.0001374887
0.008502188
0.007059038
-0.00649063
-0.00114192
-0.005382238
-0.00565335
0.01650335
0.0003406827
0.0003669159
0
0
0
0
0
-1.023169e-05
-0.003395302
-0.01645957
-0.01368219
0.002818597
-0.001666499
0.01526089
0.01576328
0.001590063
0.0139632
0.008107699
0.0008090845
0
0
0
0
0
0.005749755
-0.004753041
0.01221045
0.005110487
0.009700391
0.003878821
-0.002361529
0.0006491483
0.001757178
0.02348394
0.00276881
0
0
0
0
0
0.008055545
-0.0192517
-0.01715719
0.003929253
0.004820817
-0.002121723
0.00363396
-0.0005394292
0.00175358
0.002696996
0
0
0
0
0
0.0012714
-0.01895193
0.0007069397
-0.0001912926
0.004996181
-0.005287936
0.01443061
-0.005752066
0.005425367
0
0
0
0
0
0.01749596
-0.006993026
-0.0035272
-0.003205443
0.0009412113
-0.0172246
-0.004944355
-0.00218793
0
0
0
0
0
0.0198741
0.009196688
-0.003546962
-0.008502705
-0.003943402
0.007952184
-0.001252678
0
0
0
0
0
0.007659611
0.01659285
9.108962e-05
0.008072705
-0.005905418
0.002132604
0
0
0
0
0
0.005989739
-0.002929013
0.005734367
0.000782944
-0.002560469
0
0
0
0
0
0
0
0
0
0
0
0
0
0
0
0
0
0
0
0
0
0
0
0
0
0
0
0
0
0
0
0
0
0
0
0
0
0
0
0
-7.526502e-05
7.545759e-05
-0.0001078124
-2.31128e-05
-9.202423e-07
1.097829e-05
9.367803e-06
-1.649333e-06
0
0
0
0
0
0
0
0
0
0
0
0
0
0
0
-8.824864e-05
-9.084981e-05
7.751541e-07
2.915091e-05
4.254279e-06
-1.112609e-05
6.466634e-06
0
0
0
0
0
0
0
0
0
0
0
0
0
0
0
-0.0001166713
-1.422578e-05
-1.791346e-05
9.231863e-06
4.741546e-06
-1.667846e-05
0
0
0
0
0
0
0
0
0
0
0
0
0
0
0
4.905479e-06
1.336224e-05
-3.275687e-05
-1.39068e-05
-1.834904e-05
0
0
0
0
0
0
0
0
0
0
0
0
0
0
0
-3.570558e-05
-2.258902e-06
2.4701e-05
8.896338e-07
0
0
0
0
0
0
0
0
0
0
0
0
0
0
0
-3.10862e-05
9.316525e-06
0.0002778952
-0.0009388394
0.001168063
-0.0006545618
-0.0006212096
-0.002074703
0.001872713
0.002479579
0.0003065887
-0.004313211
0.001294833
0
0
0
0
0
-1.279474e-05
-0.003215789
0.00562857
-0.003074448
0.00407042
-0.007831893
-0.009087817
-0.005765006
0.007507725
-0.004669393
-0.02069211
-0.0009806686
0
0
0
0
0
-0.001428235
0.004516649
-0.005820205
0.001228406
-0.007270815
-0.005870793
0.003665099
-0.001832327
0.001287403
-0.006199964
-0.001201661
0
0
0
0
0
-0.009690739
0.01630633
0.005148897
0.00034259
0.01021144
-0.03161701
-0.01998202
0.008999989
0.01101978
-0.001269885
0
0
0
0
0
-0.002278223
0.01928079
0.008770602
0.002345452
-0.002696027
0.008967329
-0.005102436
0.006627625
-0.004933422
0
0
0
0
0
-0.0004557755
0.01738946
0.005279268
0.005277931
0.008159828
0.005924483
-0.0128769
-0.001585331
0
0
0
0
0
-0.01171893
0.00633038
0.01778837
0.005671076
0.01305449
0.001191433
0.007326845
0
0
0
0
0
-0.006352598
-0.01975665
0.002026622
0.001390922
0.006772335
-0.005820978
0
0
0
0
0
-0.0172458
0.002116103
0.0004441656
-0.00406695
0.005038973
0
0
0
0
0
-2.366495e-05
0.002904072
-0.004404702
0.003271518
0
0
0
0
0
0
0
0
0
0
0
0
0
0
0
0
0
0
0
0
0
0
0
0
0
0
0
0
0
0
0
0
0
0
0
9.083574e-05
5.202558e-05
-6.510351e-06
2.723638e-05
-8.552298e-07
8.542054e-06
-6.658734e-06
0
0
0
0
0
0
0
0
0
0
0
0
0
0
0
4.34024e-05
1.040075e-05
1.93184e-05
-3.025885e-05
-1.186353e-05
1.026369e-05
0
0
0
0
0
0
0
0
0
0
0
0
0
0
0
2.148586e-06
1.258219e-05
1.314657e-05
-1.255407e-05
4.652886e-06
0
0
0
0
0
0
0
0
0
0
0
0
0
0
0
-1.469598e-05
-1.490584e-05
3.038547e-05
1.376417e-05
0
0
0
0
0
0
0
0
0
0
0
0
0
0
0
3.018325e-05
1.259751e-05
-8.191681e-06
0
0
0
0
0
0
0
0
0
0
0
0
0
0
0
4.540903e-05
-0.0004969805
7.618345e-05
-0.001558832
-0.007240064
0.0008191814
-0.001108749
0.002920584
-0.003310661
0.005872628
0.007091016
0.001496136
0
0
0
0
0
-0.005096788
-0.0006011681
0.008823558
0.009637609
0.003314358
0.003808581
-0.008821764
0.004633134
-0.01046013
-0.001505144
-0.002451938
0
0
0
0
0
0.002579097
-0.003961598
0.007706069
-0.008302944
-0.006622481
0.02902479
0.001151489
-0.005287526
-0.008358229
-0.0005948806
0
0
0
0
0
-0.002700329
-0.0155988
-0.01315062
0.006370025
-0.003870051
0.019294
0.01496837
0.002824129
0.001864371
0
0
0
0
0
-0.003071281
-0.008768718
0.001824079
-0.01733447
-0.005877049
0.0001433504
0.01769443
-0.001453645
0
0
0
0
0
0.005434794
-0.02039279
-0.01135192
-0.009819799
-0.01424459
-0.01053004
-0.002860186
0
0
0
0
0
-0.007709388
0.006032315
0.003883842
0.002009215
-0.01096983
0.001389687
0
0
0
0
0
0.008481558
0.006751308
0.0007262905
-0.002379841
-0.00807348
0
0
0
0
0
0.005780004
-0.01044236
-0.00904526
-2.097622e-05
0
0
0
0
0
0.002365736
-0.0006558112
-0.0007702278
0
0
0
0
0
0
0
0
0
0
0
0
0
0
0
0
0
0
0
0
0
0
0
0
0
0
0
0
0
0
-3.668388e-05
4.054236e-07
1.158571e-05
-5.883009e-06
3.098048e-06
-3.676828e-06
0
0
0
0
0
0
0
0
0
0
0
0
0
0
0
-5.280427e-06
-1.210106e-05
-1.854116e-05
8.864878e-06
-2.511199e-06
0
0
0
0
0
0
0
0
0
0
0
0
0
0
0
-1.147533e-05
-7.157701e-06
-1.166882e-06
1.929619e-05
0
0
0
0
0
0
0
0
0
0
0
0
0
0
0
1.698648e-05
-1.271637e-05
-1.256238e-05
0
0
0
0
0
0
0
0
0
0
0
0
0
0
0
-1.187851e-05
-5.231736e-06
0
0
0
0
0
0
0
0
0
0
0
0
0
0
0
-0.0008457928
0.001935606
-0.00683925
-0.006790562
0.0007655169
0.008452749
-0.001192529
-0.001386444
0.001565156
0.0002403242
0.0006598786
0
0
0
0
0
0.003956558
0.0001182084
-0.01451605
0.001895335
0.004047083
-0.01309874
0.01866689
0.004616672
0.01166696
0.001518791
0
0
0
0
0
0.00154317
0.01262575
0.002337565
-0.011967
-0.009356575
-0.01139679
-0.007712492
-0.004037195
-0.003116278
0
0
0
0
0
0.00693859
0.01628316
-0.007380772
0.008993321
0.01055592
-0.01592467
-0.0001652317
0.0002953189
0
0
0
0
0
0.0002014729
0.0001635468
-0.0004735236
0.005666692
0.002313022
-0.008387131
-0.00235049
0
0
0
0
0
0.0145198
0.0197278
-0.005737257
0.00536206
0.009765772
0.007339012
0
0
0
0
0
0.01336292
-0.005208476
-0.01304729
-0.002817956
0.009920973
0
0
0
0
0
-0.00139599
0.007213153
0.01048536
0.0002174405
0
0
0
0
0
-0.01747066
0.001744604
0.003157978
0
0
0
0
0
-0.003821276
0.00159771
0
0
0
0
0
0
0
0
0
0
0
0
0
0
0
0
0
0
0
0
0
0
0
0
0
-1.158049e-06
-9.68113e-06
-3.164981e-06
-3.261688e-06
5.322192e-06
0
0
0
0
0
0
0
0
0
0
0
0
0
0
0
1.423926e-05
1.674298e-05
9.456089e-06
-7.464078e-06
0
0
0
0
0
0
0
0
0
0
0
0
0
0
0
6.107538e-06
4.164924e-05
-2.090458e-07
0
0
0
0
0
0
0
0
0
0
0
0
0
0
0
-1.77247e-05
1.778156e-05
0
0
0
0
0
0
0
0
0
0
0
0
0
0
0
-9.239073e-06
0
0
0
0
0
0
0
0
0
0
0
0
0
0
0
-0.002856544
0.003693208
0.009993369
0.002568908
-0.003359886
-0.0005892179
0.001163713
-0.003868356
0.001440073
0.001313806
0
0
0
0
0
-0.0007935605
-0.01066275
0.007316939
0.006641375
0.00735522
0.0003100114
-0.009022736
-0.0009794797
-0.00324312
0
0
0
0
0
0.006153927
-0.01949918
0.007717017
0.001183611
-0.009257533
0.00974731
-0.009261843
-0.000606676
0
0
0
0
0
-0.006686832
-0.00156806
0.01714883
-0.008963482
0.01372421
0.02320159
-0.002039363
0
0
0
0
0
-0.02001019
-0.006038236
0.001597843
0.002226376
-0.007669729
0.002424123
0
0
0
0
0
-0.01480197
-0.001826605
0.008325307
0.005055922
-0.004420596
0
0
0
0
0
0.00280029
-0.01463915
0.004066838
0.001304594
0
0
0
0
0
0.00572008
-0.008357897
-0.003654421
0
0
0
0
0
0.01487891
-0.001068056
0
0
0
0
0
0.001504357
0
0
0
0
0
0
0
0
0
0
0
0
0
0
0
0
0
0
0
0
8.837726e-06
1.376216e-05
-2.544437e-06
4.773363e-06
0
0
0
0
0
0
0
0
0
0
0
0
0
0
0
-3.959081e-05
-2.044973e-05
-6.039422e-06
0
0
0
0
0
0
0
0
0
0
0
0
0
0
0
6.548685e-06
-3.472714e-05
0
0
0
0
0
0
0
0
0
0
0
0
0
0
0
9.813016e-06
0
0
0
0
0
0
0
0
0
0
0
0
0
0
0
0
0
0
0
0
0
0
0
0
0
0
0
0
0
0
0.003575666
-0.0004742821
-0.001613587
-0.0002766591
0.001114028
0.0007827555
-0.0001736541
0.003053187
-0.0008562529
0
0
0
0
0
-0.004113954
0.008927087
-0.008092809
0.005998735
0.00259145
-0.003073395
-9.159703e-05
-0.0009532097
0
0
0
0
0
-0.005132664
0.00860783
-0.01804768
0.001582555
0.0009258085
-0.01465437
0.003299613
0
0
0
0
0
0.01751931
-0.01189213
-0.00940794
0.01227001
0.005827213
-0.007479654
0
0
0
0
0
0.01291597
0.01332896
-0.005357928
-0.005086733
-0.001237494
0
0
0
0
0
-0.007099708
0.01295445
-0.02082245
-0.006209233
0
0
0
0
0
-0.005579659
0.006786101
-0.001086576
0
0
0
0
0
-0.01007823
0.001784154
0
0
0
0
0
-0.002336642
0
0
0
0
0
0
0
0
0
0
0
0
0
0
0
0
0
0
0
0
-8.405456e-06
-1.848248e-05
7.932169e-07
0
0
0
0
0
0
0
0
0
0
0
0
0
0
0
3.448336e-05
1.185133e-05
0
0
0
0
0
0
0
0
0
0
0
0
0
0
0
3.196355e-07
0
0
0
0
0
0
0
0
0
0
0
0
0
0
0
0
0
0
0
0
0
0
0
0
0
0
0
0
0
0
0
0
0
0
0
0
0
0
0
0
0
0
0
0
-0.001419469
-0.001754962
0.003418419
0.002806761
-0.003452322
-0.0005238954
-0.0007127576
-0.0005166917
0
0
0
0
0
0.008893357
0.002318417
0.00825868
-0.001348061
-0.01397076
0.006116595
0.00359821
0
0
0
0
0
-0.002489657
0.009021888
0.005740087
-0.01556971
-0.001040071
0.00302247
0
0
0
0
0
-0.01347155
0.003019282
0.0006435332
-0.008034341
-0.003131825
0
0
0
0
0
5.687619e-05
-0.01254343
0.0002779863
0.0003687177
0
0
0
0
0
0.009592023
-0.004313241
0.008541157
0
0
0
0
0
0.008321102
0.001843147
0
0
0
0
0
0.0003964065
0
0
0
0
0
0
0
0
0
0
0
0
0
0
0
0
0
0
0
0
1.596946e-05
1.142761e-05
0
0
0
0
0
0
0
0
0
0
0
0
0
0
0
-7.604153e-06
0
0
0
0
0
0
0
0
0
0
0
0
0
0
0
0
0
0
0
0
0
0
0
0
0
0
0
0
0
0
0
0
0
0
0
0
0
0
0
0
0
0
0
0
0
0
0
0
0
0
0
0
0
0
0
0
0
-0.00423297
-0.005629785
-0.004839082
-0.002264923
-0.001328946
-0.001965882
-9.969757e-05
0
0
0
0
0
-0.002544214
-0.003016423
-0.01370552
0.004517666
0.009540662
0.0005308651
0
0
0
0
0
0.008612806
0.002750619
0.01497501
-0.002134955
0.003672139
0
0
0
0
0
0.01107181
-0.003527581
0.002347316
0.003115885
0
0
0
0
0
0.003129134
0.007784676
0.0001133452
0
0
0
0
0
0.001192286
-0.0008134953
0
0
0
0
0
0.0003541742
0
0
0
0
0
0
0
0
0
0
0
0
0
0
0
0
0
0
0
0
-8.747123e-06
0
0
0
0
0
0
0
0
0
0
0
0
0
0
0
0
0
0
0
0
0
0
0
0
0
0
0
0
0
0
0
0
0
0
0
0
0
0
0
0
0
0
0
0
0
0
0
0
0
0
0
0
0
0
0
0
0
0
0
0
0
0
0
0
0
0
0
0
0
0.003295513
0.001029086
0.00742857
-0.003991677
-0.003115561
-0.000556133
0
0
0
0
0
-0.02167498
-0.01932416
0.004595833
0.002080194
0.0007197595
0
0
0
0
0
0.0002563787
0.001453453
-0.00314045
0.006263089
0
0
0
0
0
-0.008383011
-0.01089348
-0.002722479
0
0
0
0
0
-0.01493079
-0.0002414675
0
0
0
0
0
-0.005407629
0
0
0
0
0
0
0
0
0
0
0
0
0
0
0
0
0
0
0
0
0
0
0
0
0
0
0
0
0
0
0
0
0
0
0
0
0
0
0
0
0
0
0
0
0
0
0
0
0
0
0
0
0
0
0
0
0
0
0
0
0
0
0
0
0
0
0
0
0
0
0
0
0
0
0
0
0
0
0
0
0
0
0
0
0
0.008845591
0.003086749
-0.00566134
2.912973e-05
0.002311043
0
0
0
0
0
0.01030802
0.02030638
0.0007181841
-0.003976833
0
0
0
0
0
0.003890055
-0.005256954
0.004303393
0
0
0
0
0
0.01524182
0.007362608
0
0
0
0
0
0.002260343
0
0
0
0
0
0
0
0
0
0
0
0
0
0
0
0
0
0
0
0
0
0
0
0
0
0
0
0
0
0
0
0
0
0
0
0
0
0
0
0
0
0
0
0
0
0
0
0
0
0
0
0
0
0
0
0
0
0
0
0
0
0
0
0
0
0
0
0
0
0
0
0
0
0
0
0
0
0
0
0
-0.0002276444
0.002750556
0.0001822535
0.001552528
0
0
0
0
0
-0.009161934
-0.009256537
-0.0005052175
0
0
0
0
0
-0.01597831
-0.006663458
0
0
0
0
0
-0.003604719
0
0
0
0
0
0
0
0
0
0
0
0
0
0
0
0
0
0
0
0
0
0
0
0
0
0
0
0
0
0
0
0
0
0
0
0
0
0
0
0
0
0
0
0
0
0
0
0
0
0
0
0
0
0
0
0
0
0
0
0
0
0
0
0
0
0
0
0
0
0
0
0
0
0
0
-0.002727343
-0.002505528
8.712555e-05
0
0
0
0
0
0.01119283
0.006801346
0
0
0
0
0
0.009058784
0
0
0
0
0
0
0
0
0
0
0
0
0
0
0
0
0
0
0
0
0
0
0
0
0
0
0
0
0
0
0
0
0
0
0
0
0
0
0
0
0
0
0
0
0
0
0
0
0
0
0
0
0
0
0
0
0
0
0
0
0
0
0
0
0
0
0
0
0
0
0.000635273
-0.001628902
0
0
0
0
0
-0.006108939
0
0
0
0
0
0
0
0
0
0
0
0
0
0
0
0
0
0
0
0
0
0
0
0
0
0
0
0
0
0
0
0
0
0
0
0
0
0
0
0
0
0
0
0
0
0
0
0
0
0
0
0
0
0
0
0
0
0
0
0
0
0
0
0
0
-0.000658602
0
0
0
0
0
0
0
0
0
0
0
0
0
0
0
0
0
0
0
0
0
0
0
0
0
0
0
0
0
0
0
0
0
0
0
0
0
0
0
0
0
0
0
0
0
0
0
0
0
0
0
0
0
0
0
0
0
0
0
0
0
0
0
0
0
0
0
0
0
0
0
0
0
0
0
0
0
0
0
0
0
0
0
0
0
0
0
0
0
0
0
0
0
0
0
0
0
0
0
0
0
0
0
0
0
0
0
0
0
0
0
0
0
0
0
0
0
0
0
0
0
0
0
0
0
0
0
0
0
0
0
0
0
0
0
0
0
0
0
0
0
0
0
0
0
0
0
0
0
0
0
0
0
0
0
0
0
0
0
0
0
0
0
0
0
0
0
0
0
0
0
0
0
0
0
0
0
0
0
0
0
0
0
0
0
0
0
0
0
0
0
0
0
0
0
0
0
0
0
0
0
0
0
0
0
0
0
0
0
0
0
0
0
0
0
0
0
0
0
0
0
0
0
0
0
0
0
0
0
0
0
0
0
0
0
0
0
0
0
0
)
;

boundaryField
{
    interconnect0
    {
        type            calculated;
        value           uniform 0;
    }
    interconnectSides
    {
        type            calculated;
        value           uniform 0;
    }
    airInlet
    {
        type            calculated;
        value           uniform 0;
    }
    airOutlet
    {
        type            calculated;
        value           uniform 0;
    }
    cathodeSides
    {
        type            calculated;
        value           uniform 0;
    }
    electrolyteSides
    {
        type            calculated;
        value           uniform 0;
    }
    anodeSides
    {
        type            calculated;
        value           uniform 0;
    }
    fuelInlet
    {
        type            calculated;
        value           uniform 0;
    }
    fuelOutlet
    {
        type            calculated;
        value           uniform 0;
    }
    interconnect1
    {
        type            calculated;
        value           uniform 0;
    }
}


// ************************************************************************* //
