/*--------------------------------*- C++ -*----------------------------------*\
| =========                 |                                                 |
| \\      /  F ield         | OpenFOAM: The Open Source CFD Toolbox           |
|  \\    /   O peration     | Version:  2312                                  |
|   \\  /    A nd           | Website:  www.openfoam.com                      |
|    \\/     M anipulation  |                                                 |
\*---------------------------------------------------------------------------*/
FoamFile
{
    version     2.0;
    format      ascii;
    arch        "LSB;label=32;scalar=64";
    class       volVectorField;
    location    "70/phiEA";
    object      i;
}
// * * * * * * * * * * * * * * * * * * * * * * * * * * * * * * * * * * * * * //

dimensions      [0 -2 0 0 0 1 0];

internalField   nonuniform List<vector> 
20000
(
(-26.48695 -1779.53 -4349.769)
(-27.67643 -5766.134 -4363.652)
(-53.0195 -1791.424 -4377.573)
(-26.37573 -1778.974 -10408.1)
(-30.22807 -11062.06 -4391.245)
(-54.38243 -5803.545 -4391.703)
(-27.56422 -5764.475 -10453.11)
(-55.37035 -1793.159 -4403.38)
(-52.80506 -1790.859 -10467.74)
(-26.2484 -1777.729 -13114.38)
(-33.30518 -18216.93 -4435.158)
(-57.12764 -11118.35 -4419.736)
(-30.1141 -11059.2 -10543.53)
(-56.33213 -5807.216 -4418.095)
(-54.16466 -5801.859 -10513.29)
(-27.43569 -5760.717 -13194.17)
(-55.90971 -1801.042 -4425.55)
(-55.17844 -1792.57 -10525.7)
(-52.54911 -1789.602 -13178.74)
(-26.11831 -1775.783 -14837.85)
(-45.59666 -26179.52 -4412.034)
(-60.44698 -18370.62 -4450.18)
(-33.24509 -18216.1 -10684.86)
(-58.34315 -11122.71 -4446.084)
(-56.90829 -11116.01 -10604.53)
(-29.98405 -11052.79 -13355.85)
(-57.44172 -5833.273 -4440.252)
(-56.13794 -5805.507 -10572.59)
(-53.90451 -5798.074 -13259.15)
(-27.30429 -5754.816 -14952.76)
(-51.26825 -1808.479 -4444.561)
(-55.74498 -1800.454 -10575.85)
(-54.9379 -1791.283 -13245.88)
(-52.27907 -1787.642 -14902.82)
(-25.98854 -1773.133 -15048.16)
(-69.73073 -29861.63 -4213.563)
(-72.68187 -26543.78 -4424.756)
(-45.54578 -26188.39 -10635.64)
(-61.68696 -18372.48 -4477.188)
(-60.27886 -18370.42 -10708.46)
(-33.21078 -18213.25 -13602.19)
(-61.00838 -11171.9 -4469.037)
(-58.14595 -11120.35 -10663.79)
(-56.64659 -11110.54 -13421.44)
(-29.85175 -11042.88 -15186.6)
(-52.73858 -5858.202 -4459.103)
(-57.27768 -5831.534 -10622.8)
(-55.89408 -5801.692 -13327.87)
(-53.62988 -5792.151 -15018.4)
(-27.1731 -5746.767 -15186.84)
(-45.70365 -1815.745 -4460.677)
(-51.12774 -1807.897 -10618.91)
(-55.53687 -1799.164 -13304.64)
(-54.67481 -1789.291 -14974.59)
(-52.00216 -1784.979 -15108.43)
(-35.48879 -2427.751 -18467)
(-99.34893 -26913.97 -4082.113)
(-95.35982 -30399.15 -4233.986)
(-69.64904 -29874.83 -10064.04)
(-66.44407 -26528.65 -4452.785)
(-72.51887 -26552.43 -10652.49)
(-45.52928 -26204.36 -13548.71)
(-67.15393 -18451.63 -4500.744)
(-61.4847 -18372.21 -10769.26)
(-60.10937 -18368.7 -13612.79)
(-33.20268 -18208.39 -15534.88)
(-55.99328 -11219.83 -4488.313)
(-60.83947 -11169.48 -10715.94)
(-57.8975 -11114.84 -13490.21)
(-56.37084 -11101.87 -15252.54)
(-29.7203 -11029.51 -15469.81)
(-47.01615 -5880.524 -4475.661)
(-52.59694 -5856.452 -10665.57)
(-57.0698 -5827.67 -13386.89)
(-55.62699 -5795.734 -15091.85)
(-53.34813 -5784.085 -15247.79)
(-37.11152 -7869.189 -18673.59)
(-40.42974 -1821.604 -4474.943)
(-45.58212 -1815.146 -10655.39)
(-50.9501 -1806.613 -13355.19)
(-55.30772 -1797.164 -15038.06)
(-54.39694 -1786.593 -15178.28)
(-70.98324 -2443.979 -18537.85)
(-35.35804 -2423.462 -17100.5)
(-126.5072 -20421.43 -4016.775)
(-119.6548 -27481.73 -4117.403)
(-99.20777 -26921.84 -9692.575)
(-71.39206 -30331.36 -4262.602)
(-95.16366 -30411.45 -10106.23)
(-69.56198 -29899.35 -12631.75)
(-76.80646 -26640.83 -4476.816)
(-66.23583 -26537.24 -10715.45)
(-72.36265 -26567.87 -13548.87)
(-45.54515 -26227.2 -15479.17)
(-61.75585 -18530.46 -4520.279)
(-66.98157 -18451.32 -10823)
(-61.22878 -18370.41 -13683.43)
(-59.95393 -18365.32 -15533.05)
(-33.21811 -18201.55 -15885.16)
(-49.86214 -11262.07 -4504.779)
(-55.85031 -11217.38 -10759.82)
(-60.62426 -11163.89 -13551.76)
(-57.62468 -11106.12 -15326.14)
(-56.08841 -11089.96 -15530.77)
(-40.6051 -15106.22 -19096.08)
(-41.62749 -5899.787 -4489.98)
(-46.89265 -5878.76 -10703.11)
(-52.41736 -5852.566 -13437.24)
(-56.84021 -5821.649 -15155.79)
(-55.34455 -5787.63 -15319.26)
(-72.82316 -7920.352 -18745.36)
(-36.97889 -7856.118 -17338.41)
(-35.61104 -1827.723 -4487.126)
(-40.32395 -1821.003 -10687.72)
(-45.42838 -1813.837 -13398)
(-50.7543 -1804.616 -15092.75)
(-55.06425 -1794.455 -15240.6)
(-74.25755 -2446.151 -18621.53)
(-70.69913 -2439.67 -17166.39)
(-35.22526 -2418.235 -17294.45)
(-142.8037 -12548.43 -3985.559)
(-140.4481 -20855.97 -4068.231)
(-126.3014 -20425.29 -9515.504)
(-72.40988 -27364.85 -4138.755)
(-119.4283 -27488.36 -9782.222)
(-98.99034 -26935.91 -12047.31)
(-89.70519 -30458.81 -4286.221)
(-71.18312 -30343.92 -10168.87)
(-94.9405 -30433.97 -12674.47)
(-69.47816 -29934.88 -14221.12)
(-70.8565 -26754.16 -4497.044)
(-76.62942 -26649.41 -10770.4)
(-65.97244 -26552.67 -13621.67)
(-72.22706 -26589.96 -15464.2)
(-45.58912 -26256.91 -15831.89)
(-54.87727 -18600.26 -4537.301)
(-61.60962 -18530.11 -10867.66)
(-66.76032 -18449.45 -13747.23)
(-60.94694 -18366.95 -15608.64)
(-59.81433 -18360.23 -15873.04)
(-45.60158 -24951.64 -19698.09)
(-44.18213 -11298.44 -4519.543)
(-49.73722 -11259.61 -10797.29)
(-55.66792 -11211.75 -13603.69)
(-60.38557 -11155.07 -15393.02)
(-57.33556 -11094.17 -15602.46)
(-76.58085 -15191.12 -19167.54)
(-40.4734 -15085.2 -17825.96)
(-36.65168 -5918.048 -4502.763)
(-41.51908 -5898.003 -10735.6)
(-46.73604 -5874.848 -13481.39)
(-52.21893 -5846.512 -15210.41)
(-56.59558 -5813.471 -15382.2)
(-75.55113 -7925.165 -18830.91)
(-72.53388 -7907.271 -17405.32)
(-36.84388 -7840.171 -17579.22)
(-31.55784 -1832.01 -4498.101)
(-35.51841 -1827.097 -10715.28)
(-40.19016 -1819.689 -13436.02)
(-45.25881 -1811.811 -15139.07)
(-50.54605 -1801.906 -15294.39)
(-75.21364 -2456.915 -18696.87)
(-73.96542 -2441.809 -17243.17)
(-70.41259 -2434.421 -17361.35)
(-35.09045 -2412.071 -17487.95)
(-150.6794 -4217.135 -3972.335)
(-155.2153 -12790.15 -4038.499)
(-142.5919 -12550.2 -9435.388)
(-71.17627 -20777.03 -4079.186)
(-140.1984 -20859.13 -9655.804)
(-125.946 -20431.71 -11780.76)
(-102.4336 -27479.57 -4162.862)
(-72.22804 -27372.18 -9820.691)
(-119.1424 -27499.75 -12168.45)
(-98.72317 -26955.88 -13429.08)
(-83.00316 -30587.63 -4306.55)
(-89.52939 -30471.37 -10222.52)
(-70.9269 -30367.15 -12743.92)
(-94.71499 -30466.67 -14261.85)
(-69.39904 -29981.36 -14351.94)
(-62.76493 -26853.3 -4514.751)
(-70.70476 -26762.71 -10816.71)
(-76.4014 -26664.85 -13687.09)
(-65.68293 -26574.82 -15541.68)
(-72.11258 -26618.72 -15805.73)
(-62.60546 -36052.85 -19629.39)
(-48.55015 -18659.48 -4552.263)
(-54.74934 -18599.86 -10906.57)
(-61.42161 -18528.18 -13800.47)
(-66.51341 -18445.9 -15678.35)
(-60.64758 -18361.79 -15946.64)
(-81.88526 -25171.64 -19681.79)
(-45.62147 -24940.79 -18494.2)
(-38.90446 -11331.3 -4532.625)
(-44.07075 -11295.95 -10830.87)
(-49.57794 -11253.93 -13648.02)
(-55.46527 -11202.86 -15449.63)
(-60.13032 -11142.99 -15668.49)
(-78.27267 -15196.84 -19253.43)
(-76.29184 -15171.63 -17892.29)
(-40.33977 -15059.99 -18163.72)
(-32.36529 -5932.721 -4513.585)
(-36.55726 -5916.228 -10764.58)
(-41.38161 -5894.061 -13519.66)
(-46.56296 -5868.759 -15258.28)
(-52.00739 -5838.291 -15436.06)
(-77.31151 -7960.504 -18907.21)
(-75.2537 -7912.045 -17483.69)
(-72.24205 -7891.316 -17647.33)
(-36.70647 -7821.347 -17819.55)
(-28.14392 -1835.797 -4507.939)
(-31.47459 -1831.391 -10740.14)
(-35.40137 -1825.751 -13468.35)
(-40.04258 -1817.657 -15180.27)
(-45.07831 -1809.068 -15339.96)
(-69.06083 -2467.129 -18762)
(-74.95481 -2452.553 -17312.96)
(-73.67128 -2436.53 -17438.33)
(-70.12363 -2428.231 -17555.86)
(-34.95362 -2404.971 -25761.48)
(-150.7165 4217.613 -3972.16)
(-162.8431 -4296.263 -4025.861)
(-150.4653 -4217.671 -9402.93)
(-73.18699 -12772.38 -4051.479)
(-154.9516 -12791.84 -9580.497)
(-142.2232 -12552.93 -11667.56)
(-112.8238 -20863.75 -4103.548)
(-71.035 -20780.52 -9661.254)
(-139.8651 -20864.04 -11984.77)
(-125.4854 -20440.48 -13077.41)
(-95.0181 -27596.03 -4183.116)
(-102.2561 -27486.88 -9875.238)
(-72.03782 -27385.15 -12196.66)
(-118.8309 -27515.95 -13572.43)
(-98.41692 -26981.65 -13428.49)
(-73.36395 -30700.43 -4323.886)
(-82.8525 -30600.19 -10268.72)
(-89.30577 -30494.62 -12807.03)
(-70.65289 -30400.92 -14332.98)
(-94.49304 -30509.64 -14387.72)
(-95.08806 -41185.4 -17460.69)
(-55.33886 -26939.03 -4529.786)
(-62.63396 -26861.84 -10857.24)
(-70.50914 -26778.12 -13742.38)
(-76.14655 -26687.02 -15613.27)
(-65.37616 -26603.69 -15880.75)
(-98.78621 -36547.71 -19596.87)
(-62.65232 -36098.97 -18420.75)
(-42.79227 -18711.83 -4565.751)
(-48.43635 -18659.08 -10940.72)
(-54.58506 -18597.86 -13846.81)
(-61.21133 -18524.56 -15736.75)
(-66.2479 -18440.64 -16015.77)
(-82.80141 -25173.69 -19769.79)
(-81.74429 -25162.58 -18488.79)
(-45.62322 -24927.85 -18946.06)
(-34.36857 -11359.85 -4543.741)
(-38.80767 -11328.78 -10860.63)
(-43.92876 -11290.24 -13687.74)
(-49.40102 -11244.99 -15497.96)
(-55.24815 -11190.69 -15724.54)
(-82.14483 -15263.62 -19333.7)
(-77.96701 -15177.31 -17971)
(-76.00066 -15147.78 -18231.07)
(-40.20401 -15030.53 -18501.17)
(-28.89984 -5946.155 -4523.104)
(-32.28393 -5930.896 -10789.11)
(-36.43764 -5912.234 -13553.74)
(-41.22968 -5887.935 -15299.81)
(-46.37842 -5860.492 -15483.23)
(-71.0603 -7994.477 -18972.66)
(-77.0498 -7947.287 -17554.6)
(-74.95401 -7896.052 -17725.78)
(-71.94766 -7872.483 -17888.86)
(-36.56667 -7799.643 -26322.53)
(-25.18377 -1839.57 -4516.597)
(-28.06993 -1835.191 -10762.39)
(-31.3694 -1830.052 -13497.53)
(-35.27236 -1823.681 -15215.24)
(-39.88548 -1814.907 -15380.53)
(-61.59664 -2476.909 -18817.24)
(-68.83882 -2462.759 -17373.39)
(-74.69275 -2447.249 -17508.93)
(-73.37511 -2430.311 -17633.03)
(-69.83226 -2421.101 -25861.95)
(-16.74785 -1160.295 -17838.01)
(-142.8415 12548.18 -3985.46)
(-162.8291 4295.993 -4025.964)
(-150.5012 4218.138 -9402.533)
(-74.74795 -4293.273 -4040.101)
(-162.572 -4296.764 -9549.596)
(-150.0928 -4218.449 -11624.29)
(-120.0158 -12825.87 -4076.015)
(-73.03692 -12773.94 -9592.008)
(-154.5888 -12794.4 -11879.85)
(-141.7427 -12556.46 -12934.11)
(-104.8961 -20952.85 -4124.022)
(-112.6445 -20867.22 -9716.341)
(-70.93412 -20786.18 -11958.35)
(-139.488 -20870.67 -13328.96)
(-124.9399 -20451.51 -13025.53)
(-83.85957 -27698.5 -4200.582)
(-94.86722 -27603.33 -9921.125)
(-102.0318 -27499.82 -12260.33)
(-71.86053 -27403.61 -13588.6)
(-118.5043 -27537.06 -13579)
(-134.5661 -37040.82 -16119.82)
(-64.6147 -30798.58 -4339.109)
(-73.23371 -30713 -10308.1)
(-82.66083 -30623.46 -12861.43)
(-89.05936 -30528.44 -14401.13)
(-70.36976 -30445.28 -14454.28)
(-129.3335 -41905.01 -17503.31)
(-95.00533 -41257.67 -15948.3)
(-48.8352 -27013.95 -4543.159)
(-55.22523 -26947.56 -10891.63)
(-62.46523 -26877.24 -13790.73)
(-70.29021 -26800.28 -15673.96)
(-75.8723 -26715.94 -15951.83)
(-89.27798 -36527.33 -19685.84)
(-98.67146 -36592.81 -18403.09)
(-62.67608 -36154.68 -18865.15)
(-37.82814 -18758.79 -4577.152)
(-42.69272 -18711.41 -10971.54)
(-48.29024 -18657.05 -13887.42)
(-54.40151 -18594.15 -15787.57)
(-60.98474 -18519.21 -16073.92)
(-90.52019 -25281.7 -19854.22)
(-82.48411 -25164.58 -18569.13)
(-81.58552 -25151.21 -18949.67)
(-45.60703 -24912.73 -19399.3)
(-30.67282 -11385.93 -4553.783)
(-34.28393 -11357.31 -10885.9)
(-38.68433 -11323.02 -13722.93)
(-43.7711 -11281.24 -15541.24)
(-49.2115 -11232.76 -15772.41)
(-75.49655 -15328.92 -19402.09)
(-81.86979 -15243.93 -18045.85)
(-77.65842 -15153.42 -18309.9)
(-75.70711 -15119.54 -18569.63)
(-40.06591 -14996.8 -27477.68)
(-25.94191 -5958.011 -4531.942)
(-28.82641 -5944.321 -10810.7)
(-32.18081 -5926.891 -13582.6)
(-36.30547 -5906.044 -15336.77)
(-41.06766 -5879.623 -15524.21)
(-63.37424 -8024.861 -19029.9)
(-70.83366 -7981.195 -17615.6)
(-76.78385 -7931.188 -17797.74)
(-74.65205 -7877.182 -17967.39)
(-71.65069 -7850.765 -26425.36)
(-17.53671 -3770.726 -18346.65)
(-22.76862 -1843.379 -4524.119)
(-25.11904 -1838.956 -10781.99)
(-27.9765 -1833.865 -13523.62)
(-31.25349 -1827.988 -15246.84)
(-35.13509 -1820.89 -15414.95)
(-54.50417 -2484.905 -18866.42)
(-61.40399 -2472.502 -17424.75)
(-68.61364 -2457.441 -17570.17)
(-74.42746 -2441.001 -17704.44)
(-73.07694 -2423.155 -25974.53)
(-33.37384 -1168.184 -17908.34)
(-15.26012 -1033.546 -19120.85)
(-126.4978 20421.37 -4016.897)
(-155.2102 12790.36 -4038.631)
(-142.6288 12549.97 -9435.164)
(-74.75766 4293.942 -4039.809)
(-162.5585 4296.503 -9549.827)
(-150.1273 4218.902 -11623.83)
(-123.6942 -4311.969 -4064.72)
(-74.59251 -4293.74 -9565.139)
(-162.1942 -4297.489 -11838.85)
(-149.6071 -4219.42 -12881.61)
(-111.7712 -12881.08 -4096.704)
(-119.8349 -12827.42 -9647.535)
(-72.91883 -12776.22 -11862.8)
(-154.1707 -12797.68 -13197.04)
(-141.1715 -12560.76 -12865.75)
(-92.48636 -21031.28 -4141.633)
(-104.7437 -20956.31 -9762.732)
(-112.4179 -20872.85 -12022.54)
(-70.88391 -20793.88 -13273.38)
(-139.0812 -20879.06 -13296.47)
(-170.6079 -28063.53 -15543.65)
(-73.71027 -27787.26 -4215.758)
(-83.729 -27705.79 -9960.662)
(-94.67641 -27616.27 -12314.01)
(-101.7867 -27518.26 -13656.74)
(-71.70057 -27427.54 -13583.21)
(-162.1193 -37796.02 -16304.43)
(-134.2333 -37080.09 -14433.9)
(-56.91771 -30884.14 -4352.707)
(-64.49941 -30811.14 -10342.64)
(-73.06826 -30736.29 -12907.77)
(-82.44952 -30657.32 -14459.94)
(-88.79796 -30572.88 -14521.09)
(-96.16377 -41818.73 -17579.74)
(-129.1142 -41973.48 -15991.79)
(-94.9141 -41344.87 -15919.11)
(-43.22507 -27080.29 -4555.29)
(-48.73318 -27022.47 -10922.24)
(-55.07883 -26962.95 -13831.77)
(-62.27642 -26899.4 -15726.99)
(-70.05425 -26829.19 -16012.26)
(-103.7081 -36681.33 -19772.6)
(-88.95583 -36572.67 -18483.35)
(-98.53581 -36647.59 -18858.98)
(-62.67699 -36220.05 -19314.14)
(-33.77887 -18800.39 -4587.565)
(-37.74088 -18758.33 -10997.56)
(-42.56491 -18709.36 -13924.13)
(-48.12705 -18653.31 -15832.05)
(-54.20387 -18588.7 -16124.5)
(-83.35049 -25389.33 -19925.61)
(-90.23097 -25272.47 -18648.25)
(-82.16356 -25153.2 -19029.85)
(-81.40914 -25137.46 -19411.84)
(-45.57305 -24895.33 -28982.28)
(-27.53674 -11408.64 -4562.53)
(-30.59767 -11383.35 -10908.73)
(-34.17617 -11351.51 -13752.8)
(-38.54741 -11313.96 -15579.58)
(-43.6023 -11268.95 -15815.24)
(-67.25238 -15386.52 -19460.57)
(-75.26142 -15309.12 -18109.9)
(-81.58926 -15219.87 -18386.09)
(-77.34692 -15125.14 -18648.58)
(-75.41099 -15086.86 -27579.31)
(-19.29485 -7298.595 -19406.62)
(-23.46284 -5969.685 -4539.781)
(-25.8752 -5956.173 -10830.71)
(-28.73341 -5940.301 -13608.03)
(-32.06679 -5920.685 -15368.08)
(-36.16457 -5897.66 -15560.62)
(-56.11901 -8051.035 -19079.7)
(-63.17651 -8011.513 -17668.89)
(-70.60316 -7965.017 -17859.81)
(-76.51369 -7912.201 -18040.4)
(-74.34784 -7855.43 -26539.74)
(-34.25267 -3796.197 -18419.29)
(-15.98885 -3378.001 -19865.57)
(-20.79043 -1846.512 -4531.262)
(-22.70996 -1842.752 -10799.03)
(-25.03721 -1837.621 -13546.62)
(-27.87357 -1831.814 -15275.04)
(-31.1302 -1825.202 -15446.05)
(-48.01413 -2493.058 -18908.17)
(-54.33634 -2480.484 -17470.42)
(-61.2085 -2467.144 -17622.31)
(-68.3853 -2451.174 -17766.48)
(-74.15894 -2433.81 -26079.76)
(-34.96256 -1169.084 -17984.47)
(-30.31959 -1040.833 -19197.54)
(-13.68053 -862.4073 -19880.39)
(-99.32471 26914.1 -4082.037)
(-140.4416 20856.53 -4068.261)
(-126.2923 20425.23 -9515.78)
(-73.17959 12772.05 -4051.36)
(-154.9466 12792.06 -9580.798)
(-142.2589 12552.71 -11667.3)
(-123.7463 4311.676 -4064.922)
(-74.60183 4294.392 -9564.472)
(-162.1814 4297.241 -11839.12)
(-149.6401 4219.858 -12881.12)
(-115.2628 -4330.577 -4085.642)
(-123.512 -4312.413 -9620.9)
(-74.46273 -4294.374 -11828.45)
(-161.7554 -4298.394 -13147.41)
(-149.0295 -4220.569 -12808.94)
(-98.46874 -12929.53 -4114.609)
(-111.6168 -12882.62 -9694.452)
(-119.6061 -12829.68 -11927.55)
(-72.84613 -12779.14 -13153.05)
(-153.713 -12801.66 -13149.83)
(-192.8317 -17232.17 -15320.64)
(-81.20572 -21098.95 -4157.038)
(-92.3543 -21034.71 -9802.585)
(-104.5511 -20961.92 -12076.77)
(-112.1708 -20880.53 -13341.89)
(-70.88236 -20803.6 -13220.57)
(-190.2279 -28646.18 -15877.02)
(-170.0126 -28079.76 -13792.13)
(-64.94222 -27864.41 -4229.13)
(-73.59607 -27794.54 -9994.973)
(-83.56418 -27718.72 -12360.21)
(-94.46773 -27634.72 -13714.31)
(-101.529 -27542.19 -13649.43)
(-98.16521 -37649.77 -16302.33)
(-161.7901 -37830.17 -14597.94)
(-133.91 -37127.07 -14129.11)
(-50.40532 -30959.65 -4364.179)
(-56.81743 -30896.7 -10373.49)
(-64.35313 -30834.45 -12948.35)
(-72.88601 -30770.22 -14510.03)
(-82.22524 -30701.84 -14578.8)
(-121.4554 -41993.88 -17659.82)
(-95.88109 -41888.86 -16058.54)
(-128.8925 -42057.21 -15966.81)
(-94.81455 -41447.12 -15888.08)
(-38.54819 -27139.72 -4565.686)
(-43.13497 -27088.8 -10949.94)
(-48.60197 -27037.87 -13868.3)
(-54.91493 -26985.12 -15772.04)
(-62.07292 -26928.34 -16065.05)
(-95.7769 -36836.68 -19846.7)
(-103.41 -36726.78 -18564.44)
(-88.63257 -36627.75 -18938.15)
(-98.37945 -36712.12 -19319.35)
(-62.65522 -36295.13 -28858.05)
(-30.31482 -18837.55 -4596.761)
(-33.70043 -18799.92 -11021.33)
(-37.62897 -18756.23 -13955.06)
(-42.42215 -18705.59 -15872.28)
(-47.95139 -18647.82 -16168.73)
(-74.08767 -25484.5 -19987.71)
(-83.10224 -25379.99 -18715.6)
(-89.93429 -25260.95 -19110.76)
(-81.83975 -25139.45 -19491.86)
(-81.21529 -25121.22 -29015.4)
(-22.5156 -12343.68 -20813.38)
(-24.85063 -11429.66 -4570.757)
(-27.46885 -11406.05 -10928.64)
(-30.50185 -11377.5 -13779.77)
(-34.05655 -11342.41 -15612.12)
(-38.4008 -11301.6 -15853.19)
(-59.58583 -15436.06 -19512.81)
(-67.04718 -15366.62 -18164.77)
(-75.02086 -15284.92 -18451.54)
(-81.30322 -15191.41 -18726.11)
(-77.0325 -15092.44 -27694.35)
(-36.13653 -7348.384 -19480.29)
(-17.68972 -6675.183 -21465.67)
(-21.35215 -5978.831 -4547.196)
(-23.40183 -5967.819 -10848.5)
(-25.79069 -5952.144 -13631.55)
(-28.63064 -5934.075 -15395.7)
(-31.94509 -5912.28 -15591.52)
(-49.42114 -8075.677 -19123.9)
(-55.94538 -8037.627 -17715.31)
(-62.97541 -7995.26 -17913.96)
(-70.36879 -7945.94 -18103.52)
(-76.23933 -7890.321 -26647.68)
(-35.56501 -3798.353 -18496.43)
(-31.12094 -3402.297 -19946.18)
(-14.31239 -2832.8 -20834.34)
(-18.95268 -1848.996 -4537.886)
(-20.73537 -1845.874 -10815.21)
(-22.63577 -1841.4 -13566.65)
(-24.94692 -1835.559 -15299.93)
(-27.76412 -1829.039 -15473.78)
(-42.53921 -2498.975 -18945.85)
(-47.86754 -2488.592 -17509.31)
(-54.16593 -2475.11 -17668.62)
(-61.01018 -2460.836 -17819.4)
(-68.15381 -2443.959 -26171.35)
(-35.65288 -1174.208 -18057.38)
(-31.86589 -1041.56 -19276.23)
(-27.15875 -868.7259 -19961.34)
(-12.02206 -651.9659 -20487.17)
(-69.67119 29861.91 -4213.684)
(-119.6937 27482.37 -4117.318)
(-99.18359 26921.97 -9692.421)
(-71.18569 20776.53 -4079.163)
(-140.1926 20859.68 -9655.873)
(-125.9374 20431.66 -11781.07)
(-120.0618 12826.08 -4076.023)
(-73.03002 12773.63 -9591.736)
(-154.5839 12794.61 -11880.21)
(-141.7772 12556.26 -12933.84)
(-115.2361 4330.265 -4085.73)
(-123.5626 4312.128 -9621.353)
(-74.47155 4295.006 -11827.67)
(-161.7432 4298.157 -13147.68)
(-149.061 4220.992 -12808.47)
(-101.4969 -4346.618 -4103.609)
(-115.1072 -4331.016 -9668.372)
(-123.2812 -4313.017 -11893.55)
(-74.37373 -4295.145 -13112.08)
(-161.2723 -4299.464 -13096.21)
(-203.5995 -5789.775 -15243.5)
(-86.38466 -12971.19 -4130.052)
(-98.33535 -12931.05 -9735.012)
(-111.4213 -12884.86 -11982.44)
(-119.3564 -12832.58 -13222.2)
(-72.8182 -12782.67 -13086.4)
(-210.2237 -17562.09 -15671.73)
(-192.2023 -17238.19 -13549)
(-71.52069 -21158.02 -4170.526)
(-81.09015 -21102.37 -9837.399)
(-92.1877 -21040.3 -12123.27)
(-104.3408 -20969.57 -13399.94)
(-111.9117 -20890.24 -13286.98)
(-97.26427 -28544.57 -15775.91)
(-189.8109 -28659.45 -14083.07)
(-169.4442 -28098.92 -13378.22)
(-57.56672 -27933.29 -4240.981)
(-64.84133 -27871.7 -10025.19)
(-73.45217 -27807.47 -12400.23)
(-83.38413 -27737.17 -13763.81)
(-94.24814 -27658.67 -13705.48)
(-138.9225 -37807.03 -16380.65)
(-98.02734 -37687.06 -14596.25)
(-161.4699 -37872.37 -14288.46)
(-133.5959 -37181.73 -13822.64)
(-45.0187 -31027.56 -4374.773)
(-50.31706 -30972.22 -10399.51)
(-56.69023 -30920.02 -12984.59)
(-64.19213 -30868.4 -14553.84)
(-72.69264 -30814.82 -14627.97)
(-112.4873 -42170.87 -17729.09)
(-121.1827 -42064.2 -16131.45)
(-95.60512 -41974.21 -16030.6)
(-128.6683 -42156.31 -15939.89)
(-94.70686 -41564.53 -23053.8)
(-34.5655 -27192.68 -4575.045)
(-38.46917 -27148.23 -10973.73)
(-43.01912 -27104.21 -13901.23)
(-48.45533 -27060.05 -15812.16)
(-54.73818 -27014.08 -16109.92)
(-84.87194 -36972.7 -19911.4)
(-95.51918 -36882.18 -18634.16)
(-103.1049 -36782.01 -19020.91)
(-88.30811 -36692.64 -19397.46)
(-98.20251 -36786.47 -28884.63)
(-31.09512 -18593.21 -20856.71)
(-27.33794 -18870.68 -4605.276)
(-30.24397 -18837.05 -11042.34)
(-33.59975 -18797.79 -13983.35)
(-37.50401 -18752.39 -15906.16)
(-42.26844 -18700.06 -16208.76)
(-65.54062 -25565.52 -20041.98)
(-73.87128 -25475.04 -18774.2)
(-82.8467 -25368.36 -19180.06)
(-89.63012 -25247.07 -19574.57)
(-81.51267 -25123.24 -29131.53)
(-39.49898 -12461.68 -20858.91)
(-21.18701 -11952.71 -23774.97)
(-22.61484 -11447.39 -4577.791)
(-24.78959 -11427.04 -10947.35)
(-27.38228 -11400.17 -13803.37)
(-30.39539 -11368.34 -15641.5)
(-33.92848 -11329.99 -15885.41)
(-52.48013 -15480.74 -19559.09)
(-59.40337 -15416.07 -18213.68)
(-66.83724 -15342.31 -18507.73)
(-74.77487 -15256.31 -18792.97)
(-81.0117 -15158.51 -27809.36)
(-36.85028 -7351.058 -19557.91)
(-32.93726 -6727.165 -21552.31)
(-15.82937 -5734.834 -22979.14)
(-19.47195 -5987.929 -4553.533)
(-21.29714 -5976.969 -10865.32)
(-23.32443 -5963.752 -13652.5)
(-25.69731 -5945.903 -15421.17)
(-28.52103 -5925.643 -15618.78)
(-43.65827 -8095.695 -19161.46)
(-49.27007 -8062.184 -17756.45)
(-55.76878 -8021.304 -17961.19)
(-62.77096 -7976.097 -18158.54)
(-70.13057 -7923.957 -26741.27)
(-36.65735 -3815.074 -18571.76)
(-32.39152 -3404.178 -20025.66)
(-27.84899 -2854.288 -20921.1)
(-12.51847 -2138.502 -21612.44)
(-17.25831 -1851.705 -4543.73)
(-18.90281 -1848.37 -10830.2)
(-20.66575 -1844.507 -13585.64)
(-22.55389 -1839.318 -15321.66)
(-24.85075 -1832.771 -15498.27)
(-37.94013 -2504.248 -18979.43)
(-42.40783 -2494.51 -17544.29)
(-47.71868 -2483.172 -17708.16)
(-53.99295 -2468.781 -17866.35)
(-60.80904 -2453.578 -26249.62)
(-32.84507 -1179.128 -18121.12)
(-32.78043 -1046.09 -19354.45)
(-28.68613 -869.3097 -20040.72)
(-23.90659 -656.9299 -20571.59)
(-10.30362 -412.2999 -14288.91)
(-45.64664 26180.47 -4412.035)
(-95.4059 30398.7 -4233.583)
(-69.59159 29875.11 -10064.31)
(-72.43364 27364.46 -4138.841)
(-119.4665 27488.98 -9782.026)
(-98.96629 26936.04 -12047.16)
(-112.8441 20863.99 -4103.577)
(-71.04442 20780.03 -9661.196)
(-139.86 20864.58 -11984.85)
(-125.4772 20440.42 -13077.75)
(-111.7531 12881.07 -4096.741)
(-119.8803 12827.63 -9647.563)
(-72.91252 12775.92 -11862.47)
(-154.1659 12797.89 -13197.41)
(-141.2047 12560.57 -12865.5)
(-101.4764 4346.773 -4103.598)
(-115.0814 4330.709 -9668.567)
(-123.3299 4312.743 -11894.07)
(-74.38203 4295.753 -13111.26)
(-161.2608 4299.24 -13096.46)
(-203.6409 5790.337 -15242.97)
(-89.01003 -4360.654 -4119.142)
(-101.3629 -4347.059 -9709.088)
(-114.9101 -4331.613 -11949.12)
(-123.0293 -4313.752 -13181.65)
(-74.32579 -4296.046 -13042.38)
(-220.5554 -5897.867 -15598.87)
(-202.9619 -5791.315 -13467.03)
(-76.07661 -13007.58 -4143.729)
(-86.26818 -12972.7 -9769.928)
(-98.16684 -12933.27 -12029.82)
(-111.2077 -12887.72 -13280.96)
(-119.0945 -12836.09 -13153.41)
(-99.8836 -17535.45 -15584.84)
(-209.7496 -17567.69 -13857.65)
(-191.5971 -17245.18 -13097.99)
(-63.44802 -21210.29 -4182.449)
(-71.41904 -21161.44 -9867.86)
(-80.94462 -21107.95 -12163.81)
(-92.00612 -21047.93 -13449.65)
(-104.1201 -20979.25 -13343.36)
(-153.1607 -28663.37 -15854.06)
(-97.30194 -28559.35 -13996.97)
(-189.4086 -28675.79 -13655.81)
(-168.9022 -28121 -12963.55)
(-51.37703 -27994.84 -4251.441)
(-57.47748 -27940.56 -10051.95)
(-64.71431 -27884.64 -12435.44)
(-73.29514 -27825.92 -13806.65)
(-83.1948 -27761.14 -13753.65)
(-128.984 -37966.82 -16447.06)
(-138.6609 -37844.37 -14666.15)
(-97.89238 -37732.23 -14287.01)
(-161.1585 -37922.61 -13977.3)
(-133.2913 -37244.05 -19586.77)
(-40.33195 -31087.94 -4384.176)
(-44.93872 -31040.13 -10423.53)
(-50.20518 -30995.57 -13015.16)
(-56.5502 -30954.02 -14592.95)
(-64.02145 -30913.06 -14670.93)
(-99.45254 -42325.95 -17788.16)
(-112.2527 -42241.37 -16194.67)
(-120.9109 -42149.81 -16103.15)
(-95.33571 -42074.91 -16000.79)
(-128.4417 -42270.89 -23135.92)
(-46.74627 -21479.21 -15321.11)
(-31.22167 -27239.89 -4583.429)
(-34.49452 -27201.19 -10995.12)
(-38.36746 -27163.63 -13929.63)
(-42.88967 -27126.4 -15848.17)
(-48.29743 -27089.04 -16149.89)
(-74.84647 -37090.33 -19966.49)
(-84.64941 -37018.28 -18695.02)
(-95.2546 -36937.52 -19092.48)
(-102.7927 -36847.08 -19481.91)
(-87.98236 -36767.39 -28996.51)
(-48.06484 -18835.52 -20904.83)
(-29.59318 -19979.85 -24520.85)
(-24.84546 -18901.26 -4612.519)
(-27.27491 -18870.17 -11061.77)
(-30.15306 -18834.89 -14008.36)
(-33.48727 -18793.92 -15937.15)
(-37.3695 -18746.79 -16242.46)
(-57.77448 -25637.11 -20091.03)
(-65.34862 -25556.01 -18825.38)
(-73.64856 -25463.29 -19240.35)
(-82.58386 -25354.35 -19645.82)
(-89.31845 -25230.72 -29254.86)
(-39.0218 -12462.96 -20936.68)
(-36.58263 -12071.74 -23859.96)
(-19.11617 -11121.61 -26530.18)
(-20.70408 -11464.59 -4584.733)
(-22.55893 -11444.78 -10963.34)
(-24.71184 -11421.13 -13825.47)
(-27.28607 -11390.97 -15667.26)
(-30.28128 -11355.84 -15914.48)
(-46.36989 -15519.59 -19598.42)
(-52.3215 -15460.65 -18257)
(-59.21692 -15391.66 -18557.69)
(-66.62258 -15313.56 -18850.46)
(-74.52346 -15223.23 -27908.98)
(-38.94653 -7382.952 -19638.95)
(-33.53299 -6729.8 -21632.36)
(-29.46878 -5782.872 -23078.51)
(-13.71469 -4396.85 -24267.45)
(-17.75779 -5996.345 -4559.609)
(-19.4223 -5986.055 -10879.71)
(-21.22731 -5972.905 -13672.29)
(-23.23885 -5957.467 -15443.94)
(-25.59772 -5937.451 -15643.88)
(-38.97762 -8113.984 -19194.65)
(-43.5274 -8082.166 -17791.51)
(-49.11635 -8045.77 -18003)
(-55.58922 -8002.064 -18206.59)
(-62.56315 -7954.018 -26822.76)
(-33.79446 -3831.29 -18637.52)
(-33.67276 -3418.968 -20107.32)
(-29.11947 -2855.9 -21001.17)
(-24.44794 -2155.428 -21704.41)
(-10.63354 -1320.687 -15123.07)
(-15.78464 -1853.991 -4549.188)
(-17.2131 -1851.069 -10843.44)
(-18.83973 -1847.016 -13603.24)
(-20.589 -1842.408 -15342.21)
(-22.46667 -1836.509 -15519.7)
(-33.96102 -2509.35 -19009.12)
(-37.82345 -2499.788 -17575.45)
(-42.27464 -2489.086 -17743.61)
(-47.56757 -2476.798 -17906.53)
(-53.8174 -2461.5 -26318.97)
(-29.33374 -1183.702 -18175.8)
(-30.34795 -1050.483 -19423.29)
(-29.77057 -873.0594 -20122.05)
(-25.43773 -657.3794 -20651.53)
(-20.58438 -415.599 -14348.16)
(-76.3589 -2064.997 -45234.6)
(-33.40973 18216.76 -4434.566)
(-72.80088 26543.09 -4424.981)
(-45.59485 26189.31 -10635.63)
(-71.43072 30330.84 -4262.611)
(-95.21019 30411 -10105.32)
(-69.50715 29899.64 -12632.04)
(-102.4371 27479.92 -4162.88)
(-72.25139 27371.8 -9820.884)
(-119.1798 27500.34 -12168.22)
(-98.69936 26956.01 -13428.96)
(-104.8915 20952.78 -4124.01)
(-112.6647 20867.47 -9716.421)
(-70.9435 20785.7 -11958.27)
(-139.4838 20871.2 -13329.05)
(-124.9322 20451.46 -13025.84)
(-98.42961 12929.53 -4114.561)
(-111.599 12882.6 -9694.543)
(-119.6506 12829.89 -11927.61)
(-72.84041 12778.85 -13152.71)
(-153.7084 12801.86 -13150.18)
(-192.8756 17231.93 -15320.35)
(-88.99254 4360.938 -4119.137)
(-101.3428 4347.211 -9709.057)
(-114.8852 4331.312 -11949.34)
(-123.0759 4313.491 -13182.18)
(-74.33356 4296.631 -13041.59)
(-220.5404 5897.577 -15599.15)
(-203.0019 5791.863 -13466.59)
(-78.35719 -4372.697 -4132.81)
(-88.89323 -4361.091 -9744.221)
(-101.1935 -4347.657 -11996.7)
(-114.6947 -4332.34 -13241.14)
(-122.765 -4314.617 -13109.84)
(-101.9235 -5892.943 -15523.67)
(-220.0528 -5899.31 -13780.01)
(-202.3476 -5793.071 -13005.23)
(-67.52406 -13039.55 -4155.697)
(-75.97403 -13009.09 -9800.816)
(-86.12145 -12974.91 -12070.49)
(-97.98314 -12936.12 -13331.61)
(-110.9836 -12891.21 -13210.49)
(-163.008 -17608.68 -15663.6)
(-99.89747 -17540.61 -13781.64)
(-209.2931 -17574.21 -13394.58)
(-191.016 -17253.11 -12646.68)
(-56.6108 -21257.59 -4193.13)
(-63.35761 -21213.7 -9894.771)
(-71.2912 -21166.99 -12199.25)
(-80.7862 -21115.56 -13492.92)
(-91.81575 -21057.59 -13391.61)
(-142.522 -28785.43 -15920.53)
(-152.9004 -28678.15 -14066.15)
(-97.33192 -28577.15 -13575.7)
(-189.0209 -28695.2 -13227.96)
(-168.3865 -28145.96 -18157.1)
(-46.05375 -28049.21 -4260.919)
(-51.29727 -28002.1 -10075.58)
(-57.36515 -27953.48 -12466.61)
(-64.57581 -27903.11 -13844.32)
(-73.13015 -27849.9 -13795.31)
(-113.8626 -38107.37 -16504.13)
(-128.7607 -38004.24 -14725.56)
(-138.4052 -37889.64 -14355.21)
(-97.76032 -37785.26 -13976.11)
(-160.856 -37980.85 -19803.82)
(-65.09581 -18989.28 -12221.02)
(-36.41756 -31142.44 -4392.494)
(-40.26106 -31100.5 -10444.86)
(-44.83732 -31063.49 -13043.34)
(-50.08208 -31029.61 -14625.97)
(-56.40171 -30998.74 -14709.27)
(-87.58894 -42460.78 -17839.72)
(-99.25021 -42396.61 -16248.67)
(-112.0185 -42327.22 -16166.21)
(-120.6402 -42250.83 -16072.98)
(-95.07273 -42191.07 -23219.79)
(-63.01827 -21819.21 -15385.33)
(-45.28158 -23666.32 -15106.49)
(-28.40612 -27283.48 -4591.17)
(-31.15717 -27248.4 -11014.31)
(-34.4032 -27216.58 -13955.12)
(-38.25361 -27185.83 -15879.36)
(-42.7503 -27155.41 -16185.66)
(-66.03751 -37193.19 -20015.56)
(-74.65286 -37135.97 -18746.96)
(-84.42075 -37073.72 -19154.93)
(-94.98311 -37002.74 -19555.35)
(-102.4733 -36922.07 -29122.2)
(-42.27371 -18828.41 -20977.81)
(-45.10513 -20220.8 -24623.33)
(-26.99596 -22060.61 -29355.98)
(-22.75075 -18928.59 -4619.442)
(-24.7888 -18900.72 -11078.31)
(-27.19404 -18868 -14031.46)
(-30.05153 -18830.98 -15964.56)
(-33.36615 -18788.28 -16273.28)
(-51.08013 -25701.1 -20132.42)
(-57.60638 -25627.54 -18871.54)
(-65.15123 -25544.19 -19293.01)
(-73.41949 -25449.16 -19707.81)
(-82.31372 -25337.86 -29361.78)
(-42.98349 -12515.92 -21024.85)
(-35.53795 -12074.39 -23939.64)
(-32.91224 -11233.27 -26651.11)
(-16.34955 -9401.97 -29401.22)
(-18.77582 -11480.18 -4590.824)
(-20.65195 -11461.95 -10979.13)
(-22.48771 -11438.87 -13844.4)
(-24.62548 -11411.88 -15691.32)
(-27.18297 -11378.44 -15940.04)
(-41.38541 -15554.96 -19633.9)
(-46.23124 -15499.43 -18293.89)
(-52.15929 -15436.13 -18601.95)
(-59.02648 -15362.79 -18901.48)
(-66.4032 -15280.34 -27994.79)
(-35.91343 -7414.319 -19709.83)
(-35.70495 -6758.629 -21721.69)
(-30.07502 -5785.467 -23159.34)
(-25.72936 -4435.161 -24378.32)
(-11.39448 -2619.321 -17150.84)
(-16.21067 -6003.104 -4565.21)
(-17.71108 -5994.461 -10893.47)
(-19.35935 -5981.972 -13689.28)
(-21.15003 -5966.619 -15465.39)
(-23.14757 -5948.965 -15666.36)
(-34.98103 -8130.148 -19225.12)
(-38.85992 -8100.418 -17822.52)
(-43.39397 -8065.711 -18038.72)
(-48.95997 -8026.432 -18249.06)
(-55.4067 -7979.899 -26894)
(-30.17305 -3845.757 -18694.69)
(-31.18792 -3433.423 -20179.3)
(-30.51182 -2868.177 -21086.8)
(-25.76368 -2156.73 -21785.03)
(-20.94546 -1331.596 -15188.18)
(-78.12416 -6237.589 -47868.41)
(-14.41039 -1855.965 -4554.186)
(-15.74281 -1853.35 -10855.8)
(-17.15593 -1849.704 -13618.81)
(-18.77014 -1844.929 -15361.26)
(-20.50734 -1839.58 -15539.92)
(-30.70257 -2514.448 -19035.14)
(-33.85817 -2504.874 -17603.05)
(-37.70509 -2494.365 -17775.2)
(-42.13966 -2482.706 -17942.46)
(-47.41422 -2469.471 -26378.51)
(-25.97366 -1187.521 -18224.15)
(-27.15964 -1054.489 -19482.63)
(-27.71765 -876.7222 -20194.05)
(-26.64713 -660.1894 -20735.3)
(-22.13771 -415.9106 -14403.22)
(-153.3039 -2082.649 -45424.32)
(-70.9646 -1389.528 -26620.99)
(-30.20846 11060.82 -4391.198)
(-60.58509 18371.14 -4450.314)
(-33.34674 18215.92 -10683.52)
(-66.32113 26528.68 -4453.145)
(-72.63644 26551.76 -10653.01)
(-45.57713 26205.24 -13548.68)
(-89.70037 30459.82 -4286.402)
(-71.21945 30343.41 -10168.9)
(-94.98753 30433.53 -12673.42)
(-69.4261 29935.17 -14221.41)
(-95.02919 27595.9 -4183.18)
(-102.2597 27487.23 -9875.284)
(-72.06061 27384.77 -12196.88)
(-118.8676 27516.52 -13572.18)
(-98.39342 26981.79 -13428.4)
(-92.4489 21031.23 -4141.63)
(-104.7393 20956.24 -9762.7)
(-112.4381 20873.1 -12022.66)
(-70.8932 20793.41 -13273.28)
(-139.0778 20879.57 -13296.56)
(-170.598 28063.46 -15544.01)
(-86.34051 12971.35 -4130.005)
(-98.29656 12931.05 -9734.901)
(-111.4038 12884.84 -11982.56)
(-119.4 12832.77 -13222.27)
(-72.81305 12782.4 -13086.06)
(-210.2176 17562.36 -15672.14)
(-192.245 17237.97 -13548.75)
(-78.39712 4373.468 -4132.754)
(-88.87591 4361.373 -9744.206)
(-101.1739 4347.806 -11996.65)
(-114.671 4332.047 -13241.37)
(-122.8094 4314.368 -13110.34)
(-101.9335 5893.715 -15522.78)
(-220.0385 5899.032 -13780.25)
(-202.3863 5793.606 -13004.84)
(-69.58622 -4383.859 -4144.533)
(-78.25563 -4373.136 -9775.123)
(-88.74589 -4361.683 -12037.65)
(-101.0088 -4348.385 -13292.02)
(-114.4686 -4333.196 -13167.63)
(-168.0388 -5918.366 -15602.97)
(-101.9161 -5894.203 -13713.65)
(-219.5689 -5900.963 -13306.53)
(-201.7567 -5795.041 -12543.28)
(-60.23223 -13068.96 -4166.543)
(-67.4328 -13041.07 -9827.86)
(-75.84488 -13011.29 -12106.42)
(-85.9618 -12977.75 -13375.02)
(-97.79057 -12939.58 -13259.64)
(-151.9307 -17684.23 -15730.79)
(-162.7457 -17613.83 -13851.17)
(-99.90951 -17546.78 -13321.92)
(-208.854 -17581.66 -12931.24)
(-190.4588 -17261.99 -17635.53)
(-50.74446 -21298.84 -4202.654)
(-56.52998 -21260.99 -9918.887)
(-63.24391 -21219.25 -12230.54)
(-71.15212 -21174.6 -13530.74)
(-80.62026 -21125.21 -13433.56)
(-125.685 -28892.83 -15977.39)
(-142.2999 -28800.2 -14125.09)
(-152.6482 -28695.97 -13642.66)
(-97.35453 -28597.96 -13153.71)
(-188.6479 -28717.64 -18519.82)
(-81.62162 -14218.98 -10992.19)
(-41.64046 -28098.96 -4269.398)
(-45.98192 -28056.47 -10096.98)
(-51.19692 -28015.02 -12494.15)
(-57.24265 -27971.94 -13877.64)
(-64.43038 -27927.13 -13831.91)
(-100.0898 -38229.14 -16553.46)
(-113.6701 -38144.85 -14776.63)
(-128.5421 -38049.6 -14413.32)
(-138.1556 -37942.79 -14042.62)
(-97.63113 -37846.11 -19802.54)
(-78.88635 -19338.03 -12353.32)
(-62.62176 -20053.11 -10666.75)
(-33.13765 -31192.13 -4400.018)
(-36.35419 -31155 -10463.71)
(-40.17122 -31123.86 -13068.4)
(-44.72575 -31097.55 -14656.36)
(-49.95156 -31074.39 -14741.67)
(-77.16652 -42578.38 -17885.72)
(-87.41059 -42531.58 -16295.77)
(-99.04814 -42482.69 -16220.15)
(-111.7847 -42428.54 -16135.87)
(-120.3706 -42367.38 -23324.17)
(-46.18884 -21787.42 -15435.37)
(-60.6343 -23996.6 -15183.33)
(-43.67295 -27020.85 -13735.87)
(-25.95451 -27322.81 -4598.28)
(-28.34672 -27291.98 -11032)
(-31.07417 -27263.81 -13978.01)
(-34.301 -27238.79 -15907.33)
(-38.13085 -27214.86 -16216.75)
(-58.45337 -37284.25 -20059.33)
(-65.86511 -37238.9 -18793.21)
(-74.4537 -37191.51 -19208.36)
(-84.18591 -37139.09 -19619.4)
(-94.70461 -37077.92 -29232.2)
(-49.52221 -18907.19 -21067.85)
(-38.87538 -20220.37 -24695.99)
(-41.05913 -22306.17 -29519.43)
(-23.05507 -25097.57 -37142.2)
(-20.66269 -18953.76 -4625.761)
(-22.69778 -18928.05 -11094.13)
(-24.71605 -18898.51 -14051.16)
(-27.1037 -18864.07 -15989.86)
(-29.94223 -18825.28 -16300.57)
(-45.60666 -25757.94 -20170.2)
(-50.93293 -25691.45 -18910.63)
(-57.4335 -25615.66 -19340.39)
(-64.94844 -25529.98 -19761.95)
(-73.18405 -25432.53 -29454.82)
(-39.70012 -12568.72 -21102.36)
(-39.40292 -12125.17 -24039.68)
(-31.83306 -11237.51 -26731.91)
(-28.5131 -9495.373 -29555.01)
(-12.96448 -5971.707 -21522.62)
(-17.15025 -11493.64 -4596.107)
(-18.73032 -11477.53 -10993.01)
(-20.58541 -11456.01 -13863.05)
(-22.40861 -11429.62 -15711.98)
(-24.53297 -11399.29 -15963.84)
(-37.15011 -15585.88 -19665.15)
(-41.26173 -15534.71 -18327.13)
(-46.08937 -15474.83 -18639.7)
(-51.99349 -15407.16 -18946.67)
(-58.83206 -15329.44 -28070.79)
(-32.02509 -7442.008 -19771.08)
(-33.07979 -6787.102 -21800.91)
(-32.20453 -5810.008 -23254.68)
(-26.48622 -4437.502 -24459.98)
(-21.76759 -2642.631 -17231.41)
(-81.7927 -10419.28 -54256.55)
(-14.80839 -6010.001 -4570.09)
(-16.16875 -6001.227 -10906.17)
(-17.65195 -5990.362 -13705.43)
(-19.28975 -5975.663 -15483.89)
(-21.06752 -5958.114 -15687.49)
(-31.63118 -8145.875 -19252.45)
(-34.87425 -8116.549 -17850.91)
(-38.74002 -8083.917 -18070.35)
(-43.258 -8046.323 -18285.43)
(-48.80096 -8004.164 -26956.91)
(-26.72967 -3858.203 -18744.75)
(-27.89924 -3446.286 -20241.82)
(-28.41436 -2880.24 -21162.88)
(-27.20423 -2165.913 -21873.79)
(-22.34423 -1332.519 -15243.71)
(-155.2513 -6291.927 -48077.77)
(-72.17117 -4027.27 -27830.73)
(-13.32069 -1857.971 -4558.523)
(-14.37305 -1855.329 -10867.11)
(-15.68997 -1851.976 -13633.31)
(-17.09285 -1847.605 -15378.13)
(-18.69606 -1842.111 -15558.67)
(-28.02255 -2518.636 -19059.66)
(-30.60927 -2509.948 -17627.29)
(-33.75368 -2499.436 -17803.2)
(-37.58507 -2487.982 -17974.48)
(-42.00287 -2475.368 -26431.57)
(-22.89027 -1191.262 -18265.87)
(-24.07124 -1057.879 -19534.95)
(-24.86705 -880.0265 -20256.32)
(-24.97715 -662.9504 -20809.81)
(-23.43915 -417.6643 -14461.61)
(-166.4289 -2084.471 -45592.31)
(-143.5797 -1401.594 -26734.01)
(-65.05688 -855.2525 -28879.37)
(-27.63133 5765.287 -4363.736)
(-57.12344 11118.6 -4419.514)
(-30.0952 11057.99 -10543.45)
(-61.57432 18373.53 -4477.349)
(-60.41396 18370.92 -10708.76)
(-33.30877 18213.07 -13600.64)
(-76.74854 26641.65 -4476.421)
(-66.11537 26537.27 -10716.28)
(-72.47827 26567.23 -13549.49)
(-45.5916 26228.05 -15479.1)
(-83.03903 30587.73 -4306.699)
(-89.52402 30472.36 -10222.91)
(-70.96035 30366.66 -12743.97)
(-94.76248 30466.25 -14260.75)
(-69.34979 29981.65 -14352.21)
(-83.82802 27698.44 -4200.532)
(-94.87859 27603.2 -9921.269)
(-102.0356 27500.18 -12260.39)
(-71.88269 27403.22 -13588.83)
(-118.5403 27537.61 -13578.75)
(-134.5343 37041 -16119.74)
(-81.12807 21098.8 -4156.989)
(-92.31699 21034.67 -9802.583)
(-104.5469 20961.85 -12076.72)
(-112.1909 20880.78 -13342.04)
(-70.89152 20803.14 -13220.47)
(-190.2243 28646.87 -15877.12)
(-170.0031 28079.69 -13792.43)
(-76.07463 13008.17 -4143.655)
(-86.22413 12972.86 -9769.815)
(-98.12852 12933.27 -12029.69)
(-111.1907 12887.7 -13281.09)
(-119.1371 12836.28 -13153.5)
(-99.87719 17535.09 -15584.45)
(-209.7438 17567.96 -13857.99)
(-191.6386 17244.97 -13097.77)
(-69.59758 4383.764 -4144.932)
(-78.29394 4373.902 -9774.999)
(-88.72877 4361.962 -12037.62)
(-100.9896 4348.531 -13291.97)
(-114.4461 4332.91 -13167.84)
(-168.0972 5918.039 -15603.53)
(-101.9257 5894.953 -13712.91)
(-219.5552 5900.696 -13306.75)
(-201.7942 5795.564 -12542.93)
(-62.08154 -4393.432 -4155.668)
(-69.49478 -4384.29 -9801.62)
(-78.12759 -4373.73 -12073.64)
(-88.58546 -4362.405 -13335.73)
(-100.8152 -4349.242 -13217.01)
(-156.7077 -5943.835 -15670.96)
(-167.7742 -5919.592 -13783.62)
(-101.909 -5895.692 -13242.53)
(-219.1036 -5902.824 -12832.92)
(-201.1891 -5797.221 -17467.56)
(-53.99449 -13094.26 -4176.042)
(-60.15085 -13070.46 -9852.358)
(-67.31789 -13043.28 -12137.9)
(-75.7044 -13014.11 -13413.3)
(-85.79469 -12981.2 -13301.71)
(-133.8764 -17750.54 -15788.63)
(-151.706 -17689.35 -13910.56)
(-162.4923 -17619.98 -13389.02)
(-99.91971 -17553.94 -12861.91)
(-208.4322 -17590.01 -18029.26)
(-92.43038 -8682.438 -10556.79)
(-45.90473 -21337 -4211.262)
(-50.67194 -21302.24 -9940.369)
(-56.42841 -21266.52 -12258.59)
(-63.12025 -21226.85 -13564.09)
(-71.00651 -21184.24 -13470.2)
(-110.3614 -28985.56 -16026.79)
(-125.4937 -28907.6 -14175.51)
(-142.0846 -28818.03 -13699.78)
(-152.4041 -28716.79 -13218.44)
(-97.37004 -28621.72 -18421.4)
(-92.44237 -14492.32 -11202.57)
(-77.88187 -14619.22 -9060.348)
(-37.82402 -28144.08 -4277.225)
(-41.57524 -28106.21 -10116.11)
(-45.89164 -28069.39 -12519.05)
(-51.08749 -28033.49 -13907.1)
(-57.11401 -27995.95 -13864.27)
(-88.18279 -38335.1 -16596.81)
(-99.92207 -38266.67 -14820.78)
(-113.4818 -38190.3 -14463.27)
(-128.3284 -38102.89 -14099.42)
(-137.912 -38003.82 -19896.41)
(-48.15228 -19283.52 -12353.48)
(-76.39101 -20379.12 -10777.67)
(-60.65888 -21407.74 -8355.341)
(-30.3149 -31236.62 -4407.211)
(-33.07877 -31204.68 -10480.76)
(-36.27396 -31178.37 -13090.52)
(-40.07233 -31157.95 -14683.43)
(-44.6075 -31142.38 -14771.44)
(-68.34295 -42682.23 -17924.66)
(-77.01115 -42649.31 -16337.75)
(-87.23261 -42617.83 -16267.17)
(-98.84637 -42584.28 -16189.75)
(-111.5514 -42545.46 -23415.35)
(-58.77561 -21878 -15504.12)
(-43.88732 -23979.18 -15225.32)
(-58.26529 -27357.48 -13814.62)
(-42.13129 -32066.57 -10726.78)
(-23.65027 -27359.12 -4604.613)
(-25.90074 -27331.3 -11048.25)
(-28.27035 -27307.38 -13999.09)
(-30.9813 -27286.04 -15932.46)
(-34.19081 -27267.83 -16244.59)
(-52.13884 -37365.81 -20097.5)
(-58.30122 -37330.02 -18834.32)
(-65.68807 -37294.54 -19255.91)
(-74.24896 -37257.01 -19674.33)
(-83.94482 -37214.45 -29328.12)
(-45.85304 -18986.33 -21147.81)
(-45.8397 -20304.29 -24800.47)
(-35.188 -22314.14 -29593.72)
(-35.59555 -25355.39 -37387.38)
(-17.18857 -29530.38 -31913.91)
(-18.86689 -18977.34 -4631.254)
(-20.61545 -18953.21 -11108.56)
(-22.62975 -18925.83 -14069.98)
(-24.63471 -18894.53 -16011.47)
(-27.00641 -18858.36 -16325.71)
(-40.92593 -25808.63 -20203.69)
(-45.47422 -25748.24 -18946.22)
(-50.78144 -25679.48 -19380.64)
(-57.25584 -25601.38 -19810.56)
(-64.74024 -25513.28 -29536.05)
(-35.32251 -12615.31 -21169.85)
(-36.54854 -12175.73 -24129.36)
(-35.39489 -11284.4 -26842.93)
(-27.86523 -9500.631 -29637.86)
(-23.44667 -6029.647 -21642.39)
(-87.53514 -13671.01 -68502.52)
(-15.81965 -11506.74 -4601.28)
(-17.10843 -11491 -11005.01)
(-18.67228 -11471.57 -13879.52)
(-20.51146 -11446.73 -15732.28)
(-22.32388 -11417.03 -15984.32)
(-33.52916 -15614.41 -19694.17)
(-37.03841 -15565.57 -18356.46)
(-41.13513 -15510.01 -18673.69)
(-45.94428 -15445.75 -18985.28)
(-51.82411 -15373.67 -28138.08)
(-28.37442 -7465.814 -19825.12)
(-29.55247 -6812.236 -21869.64)
(-29.99528 -5834.297 -23340.17)
(-28.47143 -4456.176 -24560.44)
(-22.79042 -2644.333 -17287.81)
(-159.2753 -10513.39 -54517.44)
(-74.50538 -6082.877 -30459.85)
(-13.68396 -6017.196 -4574.319)
(-14.77195 -6008.117 -10917.24)
(-16.11557 -5997.135 -13720.38)
(-17.58668 -5984.032 -15501.36)
(-19.21546 -5967.131 -15705.79)
(-28.78943 -8158.413 -19278.08)
(-31.53343 -8132.22 -17876.37)
(-34.76563 -8100.011 -18099.21)
(-38.61794 -8064.478 -18317.68)
(-43.11951 -8023.998 -27010.9)
(-23.55184 -3869.765 -18788.87)
(-24.73242 -3457.351 -20296.65)
(-25.47905 -2890.954 -21228.98)
(-25.50066 -2174.973 -21953.12)
(-23.78805 -1338.123 -15305.77)
(-167.4718 -6297.303 -48247.36)
(-144.9189 -4062.678 -27953.91)
(-65.80649 -2398.734 -29780.97)
(-12.40337 -1859.598 -4562.88)
(-13.28592 -1857.339 -10876.92)
(-14.3259 -1853.96 -13646.58)
(-15.63171 -1849.867 -15393.82)
(-17.02569 -1844.774 -15575.29)
(-25.54792 -2522.117 -19082.36)
(-27.93547 -2514.116 -17650.07)
(-30.51447 -2504.485 -17827.85)
(-33.64756 -2493.034 -18002.89)
(-37.46339 -2480.637 -26478.85)
(-20.27382 -1194.137 -18302.84)
(-21.22779 -1061.101 -19580.41)
(-22.06264 -882.8422 -20311.13)
(-22.47645 -665.4246 -20874.39)
(-22.15421 -419.3995 -14513.69)
(-177.6698 -2093.078 -45775.77)
(-157.0732 -1402.92 -26822.96)
(-133.1074 -862.7486 -28998.82)
(-59.02018 -487.9258 -30234.96)
(-26.39414 1779.119 -4350.042)
(-54.27874 5803.43 -4391.678)
(-27.51956 5763.641 -10453.3)
(-58.29622 11123.88 -4445.966)
(-56.90436 11116.26 -10604.03)
(-29.96613 11051.61 -13355.8)
(-67.12243 18451.39 -4500.475)
(-61.37368 18373.24 -10769.63)
(-60.24066 18369.18 -13613.14)
(-33.29676 18208.21 -15533.25)
(-70.98152 26754.46 -4497.065)
(-76.57286 26650.21 -10769.49)
(-65.85521 26552.71 -13622.68)
(-72.34044 26589.35 -15464.87)
(-45.63405 26257.72 -15831.81)
(-73.32634 30700.3 -4323.851)
(-82.88924 30600.28 -10269.04)
(-89.29982 30495.59 -12807.44)
(-70.68335 30400.45 -14333.06)
(-94.54094 30509.24 -14386.68)
(-95.02383 41185.8 -17460.98)
(-73.59856 27787.12 -4215.853)
(-83.69733 27705.73 -9960.551)
(-94.68812 27616.15 -12314.18)
(-101.7906 27518.62 -13656.82)
(-71.72205 27427.16 -13583.42)
(-162.168 37796.75 -16304.13)
(-134.202 37080.27 -14433.84)
(-71.49214 21158.65 -4170.536)
(-81.01245 21102.23 -9837.281)
(-92.15058 21040.26 -12123.27)
(-104.3369 20969.5 -13399.88)
(-111.9317 20890.48 -13287.14)
(-97.27662 28543.96 -15775.8)
(-189.8081 28660.12 -14083.15)
(-169.435 28098.86 -13378.48)
(-67.53961 13040.4 -4155.67)
(-75.97197 13009.68 -9800.664)
(-86.07745 12975.07 -12070.35)
(-97.94538 12936.12 -13331.47)
(-110.967 12891.18 -13210.62)
(-163.0652 17608.93 -15663.72)
(-99.89156 17540.27 -13781.3)
(-209.2874 17574.48 -13394.9)
(-191.0564 17252.91 -12646.48)
(-62.07283 4393.934 -4155.675)
(-69.5059 4384.209 -9802.514)
(-78.16388 4374.49 -12073.51)
(-88.56851 4362.681 -13335.7)
(-100.7965 4349.383 -13216.95)
(-156.6783 5943.451 -15671.19)
(-167.8307 5919.277 -13784.08)
(-101.9182 5896.421 -13241.86)
(-219.0904 5902.566 -12833.13)
(-201.2255 5797.734 -17467.11)
(-55.64904 -4402.265 -4165.038)
(-61.99952 -4393.867 -9826.776)
(-69.3796 -4384.873 -12104.5)
(-77.9882 -4374.453 -13374.13)
(-88.41745 -4363.256 -13259.36)
(-138.0232 -5965.842 -15729.04)
(-156.4812 -5945.053 -13843.63)
(-167.5189 -5921.05 -13310.01)
(-101.9022 -5897.406 -12771.28)
(-218.6569 -5904.888 -17869.27)
(-97.73663 -2911.141 -10420.12)
(-48.87732 -13118 -4184.83)
(-53.92134 -13095.76 -9873.794)
(-60.04849 -13072.64 -12166.4)
(-67.19287 -13046.11 -13446.89)
(-75.5574 -13017.55 -13338.76)
(-117.4565 -17807.61 -15838.09)
(-133.6836 -17755.64 -13961.65)
(-151.4888 -17695.49 -13446.39)
(-162.2478 -17627.14 -12926.59)
(-99.92812 -17562.08 -17934.01)
(-102.0927 -8843.588 -10788.29)
(-88.25958 -8817.73 -8519.503)
(-41.66376 -21371.21 -4219.072)
(-45.83906 -21340.38 -9959.786)
(-50.58087 -21307.77 -12283.54)
(-56.31797 -21274.1 -13594.02)
(-62.99078 -21236.48 -13502.51)
(-97.20181 -29066.5 -16069.94)
(-110.1947 -29000.33 -14219.3)
(-125.3082 -28925.43 -13748.66)
(-141.8759 -28838.88 -13273.73)
(-152.1681 -28740.61 -18511.81)
(-48.73048 -14451.04 -11149.51)
(-89.57054 -14875.6 -9222.043)
(-75.15382 -15077.87 -6677.308)
(-34.52951 -28184.22 -4284.191)
(-37.76484 -28151.32 -10133.77)
(-41.49327 -28119.12 -12541.3)
(-45.7933 -28087.86 -13933.72)
(-50.97258 -28057.52 -13892.91)
(-78.16955 -38429.5 -16635.1)
(-88.0351 -38372.69 -14859.58)
(-99.75794 -38312.2 -14506.46)
(-113.2975 -38243.71 -14148.24)
(-128.1196 -38164.09 -19976.81)
(-67.70893 -19363.45 -12411.52)
(-47.03007 -20342.48 -10779.48)
(-74.37703 -21722.55 -8439.217)
(-59.26672 -22876.54 -5451.399)
(-27.60267 -31277.88 -4413.83)
(-30.25965 -31249.18 -10497.06)
(-33.00424 -31228.05 -13110.52)
(-36.18572 -31212.47 -14707.29)
(-39.96747 -31202.81 -14798)
(-61.02919 -42775.54 -17960.38)
(-68.20635 -42753.28 -16373.41)
(-76.85596 -42735.73 -16309.05)
(-87.05502 -42719.65 -16236.68)
(-98.64491 -42701.53 -23493.59)
(-54.55358 -21969.29 -15564.63)
(-56.16859 -24078.15 -15292.09)
(-41.83844 -27354.03 -13848.7)
(-56.12101 -32428.69 -10793.29)
(-41.0126 -39697.17 -4335.181)
(-21.57954 -27392.21 -4610.698)
(-23.6006 -27367.6 -11062.73)
(-25.83158 -27346.7 -14018.44)
(-28.185 -27329.61 -15955.57)
(-30.88119 -27315.12 -16269.64)
(-46.75123 -37438.48 -20131.66)
(-52.00443 -37411.64 -18870.3)
(-58.14499 -37385.74 -19298.05)
(-65.50635 -37360.16 -19723.18)
(-74.0386 -37332.52 -29410.55)
(-40.67355 -19055.73 -21217.53)
(-42.59208 -20388.02 -24895.28)
(-41.55078 -22406.23 -29717.47)
(-30.95378 -25373.65 -37468.46)
(-28.00857 -29810.86 -32143.81)
(-94.67885 -7424.324 -112979.6)
(-17.43335 -18998.05 -4636.541)
(-18.82376 -18976.75 -11121.09)
(-20.55486 -18950.97 -14087.18)
(-22.5537 -18921.84 -16032.11)
(-24.54703 -18888.77 -16347.24)
(-36.91474 -25853.95 -20234.48)
(-40.8065 -25798.87 -18977.78)
(-45.33807 -25736.21 -19417.21)
(-50.62566 -25665.11 -19851.98)
(-57.07337 -25584.6 -29608.84)
(-31.24849 -12655.2 -21228.75)
(-32.57532 -12220.29 -24207.51)
(-32.98679 -11330.97 -26943.94)
(-30.92192 -9540.049 -29760.39)
(-23.61795 -6034.116 -21700.46)
(-165.5367 -13799.87 -68894.34)
(-77.64201 -6509.73 -34875.33)
(-14.53114 -11519.89 -4606.129)
(-15.77956 -11504.08 -11016.78)
(-17.05517 -11485.04 -13893.7)
(-18.60772 -11462.26 -15750.28)
(-20.43221 -11434.08 -16004.4)
(-30.50931 -15638.72 -19719.23)
(-33.42889 -15594.03 -18383.63)
(-36.92413 -15540.81 -18703.72)
(-41.00563 -15480.83 -19020.02)
(-45.79599 -15412.17 -28195.68)
(-25.00401 -7487.196 -19872.95)
(-26.19326 -6833.863 -21930.03)
(-26.86045 -5855.732 -23414.51)
(-26.68656 -4474.679 -24651.22)
(-24.55503 -2655.368 -17358.7)
(-169.5644 -10522.13 -54690.32)
(-147.5 -6137.585 -30606.01)
(-67.1758 -3374.682 -31569.12)
(-12.7786 -6022.105 -4578.745)
(-13.64934 -6015.292 -10926.82)
(-14.72577 -6004.014 -13733.43)
(-16.05675 -5990.811 -15517.59)
(-17.51715 -5975.476 -15722.99)
(-26.25976 -8170.743 -19300.38)
(-28.70089 -8144.745 -17900.17)
(-31.43412 -8115.622 -18125.12)
(-34.65516 -8080.528 -18347.02)
(-38.49368 -8042.096 -27058.83)
(-20.81948 -3879.341 -18826.91)
(-21.80817 -3467.506 -20344.89)
(-22.60684 -2900.174 -21286.97)
(-22.93566 -2183.007 -22022.09)
(-22.48237 -1343.678 -15361.42)
(-179.3909 -6323.281 -48442.26)
(-157.7805 -4066.474 -28043.81)
(-133.9434 -2419.923 -29908.12)
(-59.45687 -1337.518 -30843.4)
(-11.33323 -1861.723 -4566.601)
(-12.37106 -1858.963 -10886.79)
(-13.24196 -1855.975 -13658.09)
(-14.27392 -1851.855 -15408.19)
(-15.56973 -1847.025 -15590.73)
(-23.26573 -2525.755 -19102.53)
(-25.46885 -2517.603 -17671.14)
(-27.84715 -2508.632 -17850.97)
(-30.4182 -2498.058 -18027.94)
(-33.53982 -2485.67 -26520.86)
(-18.08416 -1196.719 -18335.79)
(-18.79992 -1063.683 -19620.42)
(-19.47179 -885.4684 -20358.93)
(-19.96663 -667.5424 -20931.18)
(-20.0124 -420.9459 -14558.87)
(-169.0505 -2101.682 -45941.26)
(-167.9982 -1408.667 -26927.94)
(-147.0357 -863.6122 -29091.77)
(-122.3404 -492.2927 -30354.59)
(-53.09399 -246.8145 -30980.91)
(-52.9373 1791.491 -4377.5)
(-26.28431 1778.571 -10408.72)
(-56.25302 5807.148 -4417.573)
(-54.06339 5801.75 -10513.25)
(-27.39153 5759.898 -13194.39)
(-61.03608 11171.82 -4468.987)
(-58.09833 11121.49 -10663.53)
(-56.64309 11110.78 -13420.86)
(-29.83497 11041.74 -15186.58)
(-61.94279 18530.66 -4520.209)
(-66.95099 18451.09 -10822.39)
(-61.11979 18371.42 -13683.85)
(-60.08112 18365.77 -15533.4)
(-33.30817 18201.37 -15883.61)
(-62.72582 26852.61 -4514.584)
(-70.82886 26763 -10816.77)
(-76.3466 26665.63 -13686.02)
(-65.56926 26574.87 -15542.79)
(-72.22354 26618.13 -15806.37)
(-62.66516 36053.91 -19629.27)
(-64.41576 30798.75 -4339.186)
(-73.1964 30712.86 -10308.03)
(-82.69854 30623.55 -12861.75)
(-89.05292 30529.39 -14401.53)
(-70.39723 30444.82 -14454.37)
(-129.3996 41904.49 -17502.14)
(-94.94365 41258.07 -15948.54)
(-64.87556 27865.56 -4229.193)
(-73.48392 27794.41 -9995.189)
(-83.53235 27718.66 -12360.08)
(-94.47984 27634.6 -13714.48)
(-101.5329 27542.56 -13649.51)
(-98.19382 37649.25 -16302.57)
(-161.8383 37830.87 -14597.68)
(-133.879 37127.25 -14129.06)
(-63.46203 21210.79 -4182.412)
(-71.39045 21162.07 -9867.885)
(-80.86686 21107.81 -12163.66)
(-91.96922 21047.89 -13449.66)
(-104.1164 20979.18 -13343.31)
(-153.188 28663.71 -15854.26)
(-97.31412 28558.75 -13996.87)
(-189.4066 28676.46 -13655.89)
(-168.8935 28120.95 -12963.78)
(-60.24471 13069.53 -4166.53)
(-67.44811 13041.9 -9827.798)
(-75.8427 13011.89 -12106.27)
(-85.91779 12977.9 -13374.86)
(-97.75343 12939.58 -13259.5)
(-151.9086 17684.19 -15730.95)
(-162.802 17614.07 -13851.28)
(-99.90402 17546.45 -13321.59)
(-208.8485 17581.92 -12931.53)
(-190.4984 17261.8 -17635.26)
(-55.62456 4402.132 -4165.347)
(-61.99117 4394.369 -9826.795)
(-69.3904 4384.811 -12105.52)
(-78.02235 4375.207 -13374)
(-88.40065 4363.527 -13259.33)
(-137.9982 5966.03 -15728.97)
(-156.4529 5944.676 -13843.82)
(-167.5736 5920.746 -13310.43)
(-101.911 5898.116 -12770.68)
(-218.6442 5904.64 -17869.53)
(-97.74994 2911.348 -10419.9)
(-50.38852 -4409.733 -4174.081)
(-55.57539 -4402.693 -9847.939)
(-61.89626 -4394.455 -12133.77)
(-69.25428 -4385.585 -13407.08)
(-77.8422 -4375.302 -13296.56)
(-121.0522 -5985.052 -15778.82)
(-137.8294 -5967.062 -13894.9)
(-156.2625 -5946.504 -13367.92)
(-167.2727 -5922.736 -12836.28)
(-101.8956 -5899.341 -17783.59)
(-107.0805 -2964.337 -10657.5)
(-93.43769 -2943.115 -8355.261)
(-44.31232 -13139.1 -4192.721)
(-48.8106 -13119.49 -9893.624)
(-53.82942 -13097.96 -12191.31)
(-59.93721 -13075.45 -13477.28)
(-67.062 -13049.56 -13371.3)
(-103.4414 -17857.45 -15881.63)
(-117.2893 -17812.71 -14005.38)
(-133.4972 -17761.76 -13495.74)
(-151.2791 -17702.63 -12981.94)
(-162.0122 -17635.27 -18024.01)
(-49.99879 -8828.82 -10733.3)
(-98.8929 -8973.289 -8700.609)
(-85.18614 -8964.473 -6149.645)
(-38.01405 -21401.88 -4226.2)
(-41.60401 -21374.59 -9977.402)
(-45.7566 -21345.9 -12306.1)
(-50.4819 -21315.35 -13620.6)
(-56.20239 -21283.72 -13531.51)
(-86.2286 -29138.15 -16107.97)
(-97.05564 -29081.27 -14257.56)
(-110.0331 -29018.18 -13791.09)
(-125.1284 -28946.3 -13321.07)
(-141.674 -28862.72 -18589.17)
(-74.8876 -14510.79 -11203.9)
(-48.59486 -14844.24 -9186.404)
(-87.40013 -15323.15 -6790.337)
(-73.36069 -15501.5 -4110.028)
(-31.51963 -28221.07 -4290.661)
(-34.47577 -28191.46 -10149.5)
(-37.69046 -28164.21 -12561.86)
(-41.40399 -28137.59 -13957.49)
(-45.6901 -28111.9 -13918.77)
(-69.7639 -38513.95 -16669.03)
(-78.03891 -38467.12 -14893.83)
(-87.89058 -38418.3 -14544.44)
(-99.59738 -38365.72 -14190.48)
(-113.1175 -38305.05 -20045.93)
(-62.98934 -19444.64 -12461.56)
(-65.65314 -20426.19 -10829.39)
(-46.08356 -21699.09 -8442.005)
(-72.92445 -23188.83 -5504.646)
(-58.52898 -24054.44 -1917.929)
(-25.16925 -31315.31 -4419.441)
(-27.55375 -31290.43 -10512.08)
(-30.18964 -31272.57 -13129.64)
(-32.92228 -31262.17 -14728.88)
(-36.09216 -31257.37 -14821.4)
(-54.6823 -42858.48 -17992.26)
(-60.90561 -42846.68 -16406.03)
(-68.06985 -42839.85 -16344.72)
(-76.70096 -42837.76 -16278.45)
(-86.87783 -42837.18 -23561.7)
(-48.26662 -22049.36 -15616.72)
(-52.27142 -24177.31 -15351.64)
(-53.72255 -27466.43 -13908.58)
(-40.1291 -32439.86 -10817.91)
(-54.62023 -40110.57 -4363.148)
(-19.90514 -27422.15 -4615.893)
(-21.53442 -27400.69 -11076.62)
(-23.53677 -27382.98 -14035.72)
(-25.75423 -27368.92 -15976.78)
(-28.09309 -27358.69 -16292.64)
(-42.22506 -37503.38 -20162.41)
(-46.63061 -37484.34 -18902.48)
(-51.8662 -37467.42 -19335.05)
(-57.98465 -37451.46 -19766.37)
(-65.3199 -37435.82 -29483.83)
(-35.88503 -19115.77 -21277.68)
(-37.84017 -20461.52 -24978)
(-38.75179 -22497.41 -29831.86)
(-36.31399 -25478.03 -37623.84)
(-25.72966 -29842.12 -32206.6)
(-173.3124 -7495.761 -113814.9)
(-80.51783 -3064.596 -40911.02)
(-16.0444 -19018.19 -4641.505)
(-17.39235 -18997.47 -11133.17)
(-18.76845 -18974.47 -14102.06)
(-20.48716 -18946.96 -16050.97)
(-22.47177 -18916.05 -16367.79)
(-33.5539 -25895.59 -20260.97)
(-36.80823 -25844.16 -19006.75)
(-40.68377 -25786.79 -19449.65)
(-45.19818 -25721.78 -19889.53)
(-50.46557 -25648.24 -29671.05)
(-27.5535 -12690.42 -21281.31)
(-28.82947 -12258.61 -24275.69)
(-29.46904 -11371.97 -27032.07)
(-28.98305 -9579.057 -29873.07)
(-25.9863 -6059.04 -21789.96)
(-172.6781 -13811.38 -69074.82)
(-150.953 -6569.855 -35062.39)
(-68.82943 -3219.838 -34066.88)
(-13.51019 -11530.34 -4610.102)
(-14.49586 -11517.2 -11027.79)
(-15.72854 -11498.1 -13907.62)
(-16.99601 -11475.73 -15765.74)
(-18.53845 -11449.59 -16022.27)
(-27.92186 -15662.05 -19743.69)
(-30.41753 -15618.32 -18407.19)
(-33.32624 -15569.19 -18731.47)
(-36.80727 -15511.56 -19050.75)
(-40.87324 -15447.14 -28247.46)
(-22.10263 -7505.831 -19914.05)
(-23.0981 -6853.206 -21983.41)
(-23.82362 -5874.197 -23479.69)
(-23.97192 -4491 -24730.28)
(-23.20163 -2666.316 -17423.02)
(-182.8628 -10565.45 -54912.7)
(-159.118 -6143.217 -30697.93)
(-135.4667 -3404.911 -31711.95)
(-60.22251 -1796.976 -31967.38)
(-11.71056 -6028.264 -4582.752)
(-12.74487 -6020.216 -10936.86)
(-13.60551 -6011.162 -13744.71)
(-14.67465 -5997.675 -15531.76)
(-15.99397 -5982.258 -15738.99)
(-23.93673 -8182.153 -19321.26)
(-26.17991 -8157.041 -17921.03)
(-28.61082 -8128.129 -18149.26)
(-31.33325 -8096.075 -18373.37)
(-34.54285 -8058.096 -27102.31)
(-18.58309 -3888.053 -18860.74)
(-19.29065 -3476.054 -20386.69)
(-19.95032 -2908.564 -21337.96)
(-20.37329 -2189.928 -22082.6)
(-20.29993 -1348.597 -15409.82)
(-170.6726 -6349.232 -48618.95)
(-169.1498 -4083.126 -28153.89)
(-147.4741 -2422.327 -30001.9)
(-122.8265 -1349.542 -30968.12)
(-53.33376 -666.3172 -31389.03)
(-10.79833 -1863.371 -4569.896)
(-11.30517 -1861.077 -10895.21)
(-12.33022 -1857.595 -13669.69)
(-13.19349 -1853.874 -15420.65)
(-14.21861 -1849.017 -15604.87)
(-21.27549 -2528.827 -19121.25)
(-23.19399 -2521.227 -17689.89)
(-25.38864 -2512.122 -17872.32)
(-27.75761 -2502.185 -18051.39)
(-30.32046 -2490.668 -26557.98)
(-16.19577 -1199.126 -18365.12)
(-16.77044 -1066.008 -19656.08)
(-17.24685 -887.6275 -20400.86)
(-17.63864 -669.4912 -20980.82)
(-17.80526 -422.2748 -14598.59)
(-153.1745 -2109.299 -46085.51)
(-160.3158 -1414.436 -27026.04)
(-157.361 -867.1322 -29203.59)
(-136.596 -492.7872 -30450.25)
(-111.5779 -249.2122 -31097.06)
(-47.40506 -79.8053 -31317.58)
(-55.28866 1792.533 -4403.529)
(-52.72335 1790.923 -10467.57)
(-26.15874 1777.336 -13115.11)
(-57.57499 5833.506 -4440.062)
(-56.05949 5805.451 -10571.43)
(-53.80622 5797.972 -13259.13)
(-27.26064 5754.013 -14953)
(-56.1391 11219.36 -4488.203)
(-60.86713 11169.4 -10715.83)
(-57.84903 11115.96 -13489.93)
(-56.36783 11102.1 -15251.93)
(-29.70475 11028.4 -15469.82)
(-54.81955 18599.81 -4537.673)
(-61.794 18530.3 -10867.51)
(-66.73089 18449.24 -13746.52)
(-60.84013 18367.93 -15609.09)
(-59.93731 18360.66 -15873.37)
(-45.72026 24951.4 -19696.31)
(-55.08703 26939.53 -4529.923)
(-62.59439 26861.17 -10856.88)
(-70.63195 26778.4 -13742.47)
(-76.09369 26687.78 -15612.12)
(-65.26622 26603.75 -15881.83)
(-98.93533 36546.94 -19597.61)
(-62.7105 36099.99 -18420.61)
(-56.83779 30885.41 -4352.42)
(-64.30148 30811.31 -10342.83)
(-73.03117 30736.15 -12907.71)
(-82.48818 30657.41 -14460.23)
(-88.79112 30573.8 -14521.44)
(-96.19794 41818.12 -17579.86)
(-129.1806 41972.99 -15990.81)
(-94.85472 41345.27 -15919.32)
(-57.60335 27933.66 -4240.933)
(-64.77524 27872.84 -10025.32)
(-73.33948 27807.34 -12400.48)
(-83.35212 27737.11 -13763.69)
(-94.26064 27658.56 -13705.65)
(-138.928 37807.53 -16380.74)
(-98.05524 37686.55 -14596.46)
(-161.5175 37873.05 -14288.2)
(-133.5654 37181.91 -13822.61)
(-56.62355 21258.01 -4193.073)
(-63.37189 21214.2 -9894.682)
(-71.26253 21167.64 -12199.29)
(-80.70839 21115.43 -13492.76)
(-91.77907 21057.55 -13391.63)
(-142.5173 28785.33 -15920.47)
(-152.9276 28678.49 -14066.32)
(-97.34394 28576.56 -13575.61)
(-189.0196 28695.86 -13228.03)
(-168.378 28145.91 -18157.38)
(-54.00185 13094.89 -4176.074)
(-60.16309 13071.03 -9852.324)
(-67.33298 13044.08 -12137.83)
(-75.70207 13014.72 -13413.18)
(-85.75062 12981.35 -13301.55)
(-133.8263 17750.54 -15788.46)
(-151.6843 17689.3 -13910.69)
(-162.5477 17620.22 -13389.13)
(-99.91461 17553.62 -12861.6)
(-208.4269 17590.27 -18029.65)
(-92.44556 8682.394 -10556.65)
(-50.36645 4410.406 -4173.837)
(-55.55191 4402.574 -9848.619)
(-61.88841 4394.956 -12133.79)
(-69.26474 4385.542 -13408.13)
(-77.87418 4376.052 -13296.44)
(-121.0293 5985.419 -15778.78)
(-137.8049 5967.246 -13894.84)
(-156.2352 5946.133 -13368.09)
(-167.3258 5922.442 -12836.65)
(-101.9041 5900.034 -17782.83)
(-107.0763 2964.258 -10657.63)
(-93.44568 2943.267 -8355.137)
(-45.67724 -4417.156 -4181.879)
(-50.32116 -4410.173 -9868.353)
(-55.48273 -4403.272 -12158.39)
(-61.78397 -4395.171 -13438.26)
(-69.1231 -4386.424 -13328.5)
(-106.576 -6001.571 -15822.53)
(-120.8842 -5986.266 -13938.86)
(-137.6423 -5968.515 -13417.4)
(-156.0516 -5948.185 -12892.08)
(-167.0357 -5924.647 -17873.96)
(-50.91441 -2960.978 -10606.75)
(-103.7023 -2994.976 -8542.463)
(-90.24855 -2976.888 -5994.524)
(-40.41274 -13158.14 -4199.763)
(-44.25259 -13140.58 -9911.437)
(-48.72674 -13121.66 -12214.35)
(-53.72954 -13100.77 -13503.82)
(-59.8208 -13078.87 -13400.72)
(-91.81032 -17901.35 -15919.88)
(-103.2944 -17862.54 -14043.85)
(-117.1277 -17818.83 -13537.99)
(-133.3172 -17768.89 -13029.55)
(-151.0769 -17710.75 -18101.13)
(-79.8157 -8865.428 -10786.92)
(-49.99032 -8959.048 -8659.059)
(-96.51044 -9115.42 -6277.076)
(-83.16236 -9090.844 -3719.977)
(-34.73338 -21430.04 -4232.707)
(-37.95951 -21405.26 -9993.476)
(-41.52901 -21380.1 -12326.57)
(-45.66697 -21353.46 -13644.65)
(-50.37837 -21324.96 -13557.24)
(-76.93586 -29202.91 -16142.12)
(-86.09866 -29152.93 -14291.28)
(-96.91389 -29099.13 -13828.19)
(-109.8766 -29039.07 -13362.15)
(-124.9545 -28970.18 -18655.43)
(-69.8124 -14572.11 -11250.61)
(-73.01871 -14905.2 -9230.763)
(-48.38169 -15299.21 -6768.127)
(-85.93778 -15740.46 -4177.149)
(-72.46897 -15770.44 -1390.429)
(-28.78992 -28255.53 -4296.515)
(-31.47033 -28228.32 -10164.11)
(-34.40818 -28204.37 -12580.16)
(-37.6094 -28182.68 -13979.46)
(-41.31032 -28161.63 -13941.84)
(-62.53385 -38588.56 -16699.62)
(-69.64717 -38551.61 -14924.2)
(-77.91107 -38512.78 -14577.92)
(-87.74925 -38471.92 -14227.62)
(-99.4404 -38427.18 -20105.75)
(-55.63559 -19516.04 -12504.6)
(-61.21259 -20510.98 -10872.87)
(-63.97329 -21787.98 -8480.602)
(-45.37467 -23174.71 -5507.219)
(-72.14422 -24369 -1936.373)
(-23.23786 -31349.98 -4424.749)
(-25.12558 -31327.88 -10524.79)
(-27.49175 -31313.82 -13147.27)
(-30.11266 -31306.72 -14749.49)
(-32.83544 -31307.1 -14842.56)
(-49.38165 -42933.37 -18020.37)
(-54.57257 -42929.7 -16435.14)
(-60.78226 -42933.39 -16377.27)
(-67.93345 -42942.08 -16314.13)
(-76.54616 -42955.55 -23622.26)
(-42.51084 -22118.91 -15662.02)
(-46.29051 -24264.36 -15403.16)
(-50.11069 -27578.25 -13962.7)
(-51.60867 -32572.9 -10864.14)
(-39.00457 -40138.52 -4372.7)
(-18.37599 -27450.26 -4621.056)
(-19.8637 -27430.62 -11088.5)
(-21.47648 -27416.06 -14052.23)
(-23.46545 -27405.2 -15995.75)
(-25.67087 -27398 -16313.73)
(-38.41183 -37563.14 -20190.6)
(-42.11559 -37549.3 -18931.47)
(-46.50657 -37540.18 -19368.12)
(-51.72414 -37533.23 -19804.4)
(-57.82014 -37527.25 -29548.43)
(-31.65595 -19168.35 -21331.08)
(-33.40534 -20525.18 -25049.7)
(-34.4966 -22577.47 -29931.81)
(-34.01882 -25580.52 -37769.61)
(-29.50502 -29964.73 -32339.6)
(-176.3894 -7502.081 -114030.1)
(-154.1087 -3093.354 -41156.73)
(-70.10708 -1388.638 -36472.84)
(-14.94827 -19036.5 -4645.858)
(-16.00713 -19017.6 -11144.49)
(-17.33973 -18995.18 -14116.45)
(-18.70665 -18970.41 -16067.26)
(-20.41424 -18941.15 -16386.56)
(-30.71512 -25932.98 -20286.18)
(-33.45772 -25885.74 -19031.8)
(-36.69863 -25832.04 -19479.4)
(-40.55774 -25772.3 -19922.86)
(-45.05454 -25704.84 -29727.33)
(-24.36968 -12721.72 -21326.49)
(-25.43147 -12292.41 -24336.24)
(-26.09954 -11407.33 -27108.93)
(-25.97549 -9613.372 -29971.49)
(-24.54274 -6083.616 -21872.72)
(-188.0418 -13868.12 -69357.37)
(-160.8578 -6575.817 -35157.69)
(-137.3006 -3249.151 -34232.45)
(-61.08469 -1606.011 -33348.55)
(-12.53505 -11541.59 -4614.156)
(-13.47808 -11527.66 -11036.83)
(-14.45095 -11511.18 -13920.6)
(-15.67196 -11488.76 -15780.92)
(-16.9326 -11463.05 -16037.59)
(-25.33714 -15683.27 -19765.51)
(-27.83618 -15641.6 -18430.05)
(-30.32363 -15593.45 -18755.64)
(-33.22121 -15539.86 -19079.09)
(-36.68786 -15477.77 -28293.35)
(-19.72633 -7522.698 -19950.94)
(-20.42938 -6870.096 -22029.52)
(-21.02454 -5890.659 -23537.24)
(-21.28414 -4505.077 -24799.51)
(-20.92858 -2675.972 -17479.09)
(-173.9392 -10608.64 -55116.5)
(-171.3336 -6168.358 -30819.02)
(-148.2633 -3408.254 -31807.35)
(-123.6778 -1813.254 -32101.71)
(-53.74256 -869.5306 -32107.09)
(-11.0846 -6034.123 -4585.985)
(-11.6816 -6026.362 -10945.93)
(-12.70218 -6016.104 -13756.5)
(-13.55705 -6004.792 -15544.03)
(-14.62002 -5989.104 -15752.99)
(-21.85611 -8191.457 -19340.66)
(-23.86237 -8168.419 -17940.48)
(-26.09854 -8140.386 -18170.54)
(-28.51923 -8108.558 -18397.85)
(-31.23081 -8073.576 -27141.38)
(-16.67215 -3895.762 -18891.28)
(-17.21519 -3483.801 -20423.94)
(-17.65743 -2915.701 -21382.26)
(-17.99658 -2196.183 -22135.79)
(-18.05878 -1352.84 -15452.29)
(-154.5941 -6372.168 -48773.25)
(-161.403 -4099.828 -28257.05)
(-158.0678 -2432.199 -30117.46)
(-136.8462 -1350.892 -31064.45)
(-111.8381 -672.803 -31508.37)
(-47.52324 -211.3408 -31623.53)
(-10.3141 -1864.586 -4573.789)
(-10.76958 -1862.727 -10902.66)
(-11.26977 -1859.694 -13679.56)
(-12.28516 -1855.49 -15433.2)
(-13.14189 -1851.039 -15617.14)
(-19.43081 -2531.561 -19138.37)
(-21.20939 -2524.286 -17707.28)
(-23.12118 -2515.731 -17891.36)
(-25.30729 -2505.674 -18073.02)
(-27.66685 -2494.774 -26592.65)
(-14.63937 -1201.483 -18391.14)
(-15.02543 -1068.13 -19687.89)
(-15.38512 -889.5742 -20438.24)
(-15.62752 -671.1218 -21024.28)
(-15.74771 -423.481 -14633.35)
(-136.4488 -2115.878 -46212.34)
(-145.4885 -1419.539 -27112.79)
(-150.5655 -870.6794 -29309.86)
(-146.1883 -494.7946 -30565.42)
(-125.9527 -249.4166 -31194.35)
(-100.9963 -80.98708 -31428.42)
(-42.01015 59.14055 -31347.19)
(-55.95536 1801.134 -4425.345)
(-55.09728 1791.971 -10526.02)
(-52.4681 1789.664 -13178.55)
(-26.03055 1775.4 -14838.63)
(-52.87752 5857.956 -4459.402)
(-57.40767 5831.76 -10622.38)
(-55.81649 5801.648 -13326.56)
(-53.53472 5792.057 -15018.4)
(-27.12993 5745.98 -15187.08)
(-49.7196 11262.47 -4504.937)
(-55.9953 11216.93 -10759.56)
(-60.65196 11163.82 -13551.61)
(-57.57531 11107.2 -15325.86)
(-56.08596 11090.18 -15530.19)
(-40.58535 15104.74 -19096.1)
(-48.24407 18660.72 -4552.342)
(-54.69102 18599.43 -10907.41)
(-61.60274 18528.37 -13800.3)
(-66.4852 18445.71 -15677.6)
(-60.54302 18362.74 -15947.07)
(-82.04883 25172.2 -19682.16)
(-45.7364 24940.55 -18492.7)
(-48.73263 27014.33 -4542.691)
(-54.9746 26948.05 -10891.94)
(-62.42514 26876.59 -13790.36)
(-70.41149 26800.54 -15674.07)
(-75.82147 26716.67 -15950.71)
(-89.13178 36527.42 -19687.1)
(-98.81812 36592.07 -18403.69)
(-62.73286 36155.67 -18865)
(-50.49664 30960.18 -4364.162)
(-56.73789 30897.95 -10372.83)
(-64.15655 30834.62 -12948.59)
(-72.84904 30770.07 -14509.98)
(-82.26475 30701.93 -14579.05)
(-121.4457 41995.11 -17660.18)
(-95.9126 41888.27 -16058.67)
(-128.959 42056.73 -15965.92)
(-94.75724 41447.51 -15888.25)
(-51.38566 27995.22 -4251.443)
(-57.51435 27940.93 -10051.84)
(-64.64895 27885.76 -12435.58)
(-73.18191 27825.81 -13806.92)
(-83.1626 27761.07 -13753.54)
(-129.0017 37966.67 -16447.25)
(-138.6664 37844.88 -14666.23)
(-97.91961 37731.72 -14287.2)
(-161.2057 37923.27 -13977.05)
(-133.2612 37244.23 -19586.73)
(-50.78326 21299.38 -4202.652)
(-56.54259 21261.41 -9918.749)
(-63.25858 21219.75 -12230.43)
(-71.12338 21175.25 -13530.77)
(-80.5424 21125.09 -13433.4)
(-125.635 28892.78 -15977.41)
(-142.2956 28800.1 -14125.04)
(-152.6753 28696.3 -13642.82)
(-97.36639 28597.37 -13153.62)
(-188.6472 28718.28 -18519.91)
(-81.61872 14218.97 -10992.32)
(-48.87727 13117.94 -4184.767)
(-53.9289 13096.38 -9873.869)
(-60.06042 13073.21 -12166.35)
(-67.20778 13046.89 -13446.82)
(-75.55489 13018.16 -13338.66)
(-117.3959 17807.82 -15837.9)
(-133.634 17755.64 -13961.52)
(-151.4676 17695.43 -13446.52)
(-162.3023 17627.37 -12926.7)
(-99.92334 17561.77 -17933.59)
(-102.0911 8843.707 -10788.49)
(-88.26929 8817.737 -8519.414)
(-45.69093 4417.245 -4181.962)
(-50.29999 4410.834 -9867.801)
(-55.46053 4403.169 -12159.15)
(-61.77667 4395.672 -13438.29)
(-69.13322 4386.4 -13329.47)
(-106.6173 6002.594 -15822.4)
(-120.8614 5986.629 -13938.82)
(-137.6182 5968.695 -13417.34)
(-156.0253 5947.82 -12892.24)
(-167.0873 5924.363 -17874.43)
(-50.9172 2961.242 -10606.38)
(-103.7004 2994.951 -8542.547)
(-90.25353 2977.009 -5994.457)
(-41.65217 -4423.519 -4189.201)
(-45.61676 -4417.587 -9885.961)
(-50.23643 -4410.766 -12182.11)
(-55.38201 -4403.979 -13464.52)
(-61.66649 -4396.014 -13358.67)
(-94.63661 -6016.811 -15860.1)
(-106.4299 -6002.783 -13977.46)
(-120.722 -5987.715 -13459.82)
(-137.4618 -5970.198 -12939.76)
(-155.8486 -5950.092 -17951.58)
(-82.32173 -2973.521 -10660.46)
(-50.85672 -2991.19 -8502.402)
(-101.1949 -3027.562 -6126.969)
(-88.13989 -3005.19 -3608.767)
(-36.98116 -13175.48 -4206.371)
(-40.35814 -13159.62 -9927.321)
(-44.17753 -13142.75 -12235.06)
(-48.63561 -13124.45 -13528.36)
(-53.6251 -13104.2 -13426.4)
(-81.89733 -17941.53 -15954.46)
(-91.67941 -17906.45 -14077.65)
(-103.1523 -17868.65 -13575.16)
(-116.9716 -17825.96 -13070.32)
(-133.1436 -17777.02 -18167.44)
(-74.5166 -8903.161 -10833)
(-77.992 -8995.907 -8701.993)
(-49.94346 -9102.421 -6248.749)
(-94.92874 -9238.636 -3795.687)
(-82.15773 -9164.978 -1245.572)
(-31.75707 -21456.5 -4238.637)
(-34.68363 -21433.41 -10008.15)
(-37.89106 -21410.77 -12345.23)
(-41.44751 -21387.66 -13666.45)
(-45.57319 -21363.07 -13580.52)
(-68.96345 -29259.48 -16172.39)
(-76.81987 -29217.68 -14321.55)
(-85.97265 -29170.8 -13860.86)
(-96.77655 -29120.04 -13398.07)
(-109.7251 -29062.99 -18712.89)
(-61.59464 -14626.06 -11290.66)
(-68.20483 -14967.63 -9269.11)
(-71.57938 -15361.75 -6800.539)
(-48.18679 -15721.54 -4165.042)
(-85.19954 -16006.73 -1412.722)
(-26.54396 -28286.95 -4301.927)
(-28.74486 -28262.76 -10177.31)
(-31.40837 -28241.23 -12597.19)
(-34.33449 -28222.84 -13999.02)
(-37.52432 -28206.71 -13963.17)
(-56.53902 -38656.76 -16726.92)
(-62.42912 -38626.26 -14951.57)
(-69.53294 -38597.33 -14607.65)
(-77.78606 -38566.47 -14260.34)
(-87.61113 -38533.52 -20158.37)
(-48.91508 -19577.92 -12541.87)
(-54.10176 -20585.53 -10910.33)
(-59.75195 -21877.65 -8514.534)
(-62.75197 -23269.41 -5532.154)
(-44.98325 -24360.23 -1937.435)
(-21.46326 -31381.7 -4429.749)
(-23.19663 -31362.54 -10536.81)
(-25.07032 -31351.29 -13162.2)
(-27.42351 -31347.97 -14768.51)
(-30.03112 -31351.68 -14862.75)
(-44.92369 -43001.62 -18045.8)
(-49.28367 -43004.67 -16460.86)
(-54.46297 -43016.52 -16406.33)
(-60.65917 -43035.78 -16346.61)
(-67.79719 -43060.09 -23674.16)
(-37.46162 -22179.66 -15702.24)
(-40.77741 -24339.93 -15447.91)
(-44.41591 -27676.43 -14009.66)
(-48.22812 -32704.24 -10906.4)
(-50.18278 -40303.11 -4391.261)
(-17.09455 -27476.33 -4625.57)
(-18.33728 -27458.73 -11100.29)
(-19.81046 -27446 -14066.38)
(-21.41175 -27438.28 -16013.8)
(-23.38867 -27434.28 -16332.64)
(-35.10065 -37617.08 -20216.46)
(-38.31148 -37609.09 -18957.97)
(-42.00313 -37605.21 -19397.92)
(-46.37912 -37606.07 -19838.37)
(-51.57821 -37609.14 -29605.48)
(-28.02425 -19214.85 -21377.96)
(-29.47009 -20581 -25113.19)
(-30.47745 -22646.88 -30018.62)
(-30.36998 -25670.48 -37897.13)
(-27.82025 -30084.08 -32465.46)
(-194.1695 -7532.873 -114497.9)
(-162.4038 -3096.153 -41257)
(-138.7136 -1401.414 -36661.12)
(-61.69007 -658.6273 -34438.76)
(-13.8588 -19054.04 -4650.364)
(-14.91284 -19035.88 -11154.42)
(-15.95941 -19015.29 -14129.9)
(-17.28097 -18991.12 -16083.06)
(-18.64007 -18964.55 -16402.78)
(-27.90473 -25967.38 -20309.21)
(-30.62545 -25923.1 -19055.57)
(-33.35863 -25873.56 -19505.23)
(-36.58593 -25817.5 -19953.38)
(-40.42837 -25755.29 -29777.3)
(-21.75344 -12749.63 -21367.21)
(-22.50276 -12322.33 -24388.64)
(-23.03585 -11438.5 -27176.98)
(-23.0328 -9643.038 -30057.32)
(-22.09929 -6105.226 -21945.06)
(-178.8016 -13924.45 -69620.73)
(-174.1804 -6602.712 -35297.2)
(-149.1971 -3252.308 -34330.06)
(-124.6348 -1620.687 -33495.01)
(-54.18294 -748.4552 -32919.72)
(-11.72029 -11551.83 -4617.97)
(-12.50358 -11538.88 -11046.04)
(-13.43717 -11521.64 -13931.32)
(-14.40108 -11501.79 -15795.02)
(-15.61143 -11476.05 -16052.63)
(-23.14226 -15701.73 -19784.26)
(-25.26187 -15662.78 -18450.49)
(-27.74869 -15616.67 -18778.95)
(-30.22761 -15564.08 -19103.86)
(-33.1138 -15505.99 -28335.54)
(-17.70353 -7537.534 -19983.71)
(-18.23142 -6885.327 -22070.83)
(-18.60583 -5905.053 -23587.13)
(-18.80045 -4517.595 -24860.61)
(-18.61029 -2684.31 -17528.17)
(-157.4506 -10646.74 -55294.73)
(-163.4618 -6193.523 -30933.14)
(-159.3423 -3422.141 -31930.32)
(-137.2813 -1815.059 -32199.23)
(-112.2816 -878.0224 -32232.11)
(-47.7205 -266.2889 -32150.98)
(-10.53604 -6037.484 -4589.978)
(-11.05569 -6032.2 -10953.26)
(-11.64496 -6022.231 -13767.16)
(-12.65505 -6009.751 -15556.8)
(-13.50534 -5996.187 -15765.12)
(-19.98191 -8200.821 -19357.71)
(-21.78879 -8177.719 -17958.5)
(-23.78683 -8151.729 -18190.32)
(-26.01567 -8120.775 -18419.55)
(-28.42612 -8086.03 -27177.56)
(-15.06938 -3903.13 -18918.75)
(-15.44138 -3490.664 -20457.38)
(-15.75536 -2922.153 -21421.79)
(-15.93753 -2201.546 -22182.08)
(-15.97099 -1356.648 -15489.62)
(-137.6933 -6391.994 -48908.67)
(-146.4399 -4114.586 -28348.28)
(-151.2338 -2442.139 -30227.47)
(-146.5922 -1356.394 -31182.1)
(-126.0761 -673.3546 -31606.21)
(-101.109 -214.4952 -31736.39)
(-42.04825 167.0798 -31635.42)
(-9.457627 -1865.59 -4577.063)
(-10.28543 -1863.938 -10911.49)
(-10.73321 -1861.347 -13688.3)
(-11.23074 -1857.573 -15443.91)
(-12.23717 -1852.651 -15629.5)
(-17.95879 -2534.338 -19153.26)
(-19.37174 -2527.021 -17723.17)
(-21.14235 -2518.778 -17908.99)
(-23.04729 -2509.268 -18092.35)
(-25.2248 -2498.26 -26624.57)
(-13.35053 -1203.426 -18415.32)
(-13.57803 -1070.168 -19716.27)
(-13.78806 -891.33 -20471.62)
(-13.94013 -672.5913 -21063.04)
(-13.95806 -424.5075 -14663.76)
(-120.7926 -2121.744 -46323.52)
(-129.6881 -1423.95 -27189.18)
(-136.8608 -873.8152 -29404.59)
(-140.2159 -496.8257 -30676.19)
(-134.7674 -250.4463 -31310.61)
(-115.2415 -80.93289 -31526.41)
(-90.69534 58.75958 -31451.93)
(-36.93049 208.4321 -31087.51)
(-51.38623 1808.729 -4444.532)
(-55.79135 1800.545 -10575.38)
(-54.85744 1790.717 -13246.23)
(-52.19888 1787.7 -14902.63)
(-25.90275 1772.761 -15048.91)
(-46.79405 5881.035 -4475.712)
(-52.73491 5856.209 -10666.24)
(-57.19575 5827.888 -13386.41)
(-55.55035 5795.703 -15090.52)
(-53.25614 5784 -15247.81)
(-37.05287 7868.128 -18673.87)
(-43.87624 11299.61 -4519.181)
(-49.59569 11259.99 -10797.64)
(-55.81183 11211.31 -13603.37)
(-60.41337 11155 -15392.86)
(-57.28531 11095.21 -15602.21)
(-76.57821 15191.42 -19166.89)
(-40.45481 15083.77 -17825.95)
(-42.76549 18711.92 -4565.526)
(-48.13265 18660.29 -10940.9)
(-54.52598 18597.44 -13847.78)
(-61.38897 18524.74 -15736.58)
(-66.22093 18440.47 -16015.05)
(-82.6607 25174.97 -19770.28)
(-81.90387 25163.11 -18489.09)
(-45.73471 24927.61 -18944.68)
(-43.31857 27080.25 -4554.962)
(-48.63247 27022.86 -10921.16)
(-54.8299 26963.45 -13832.11)
(-62.23583 26898.77 -15726.65)
(-70.17383 26829.45 -16012.38)
(-103.6409 36682.32 -19771.3)
(-88.81318 36572.76 -18484.41)
(-98.68012 36646.87 -18859.51)
(-62.73245 36221.01 -19313.97)
(-45.00468 31028.26 -4374.708)
(-50.40749 30972.74 -10399.47)
(-56.61122 30921.25 -12983.8)
(-63.99709 30868.58 -14554.11)
(-72.65568 30814.67 -14627.94)
(-112.5424 42171 -17729.36)
(-121.1727 42065.41 -16131.73)
(-95.63427 41973.64 -16030.74)
(-128.7349 42155.84 -15939.08)
(-94.65139 41564.92 -23054.01)
(-46.10267 28049.85 -4260.926)
(-51.30569 28002.48 -10075.57)
(-57.40234 27953.86 -12466.48)
(-64.51124 27904.22 -13844.46)
(-73.01641 27849.8 -13795.56)
(-113.8182 38107.28 -16504.01)
(-128.7787 38004.1 -14725.73)
(-138.4109 37890.15 -14355.29)
(-97.78689 37784.76 -13976.29)
(-160.9028 37981.49 -19803.47)
(-65.083 18989.36 -12221.01)
(-45.93015 21337.01 -4211.284)
(-50.71041 21302.77 -9940.36)
(-56.44084 21266.94 -12258.42)
(-63.13537 21227.34 -13563.97)
(-70.97769 21184.89 -13470.24)
(-110.2545 28985.41 -16026.61)
(-125.4439 28907.54 -14175.52)
(-142.0806 28817.93 -13699.74)
(-152.4311 28717.13 -13218.59)
(-97.38174 28621.15 -18421.28)
(-92.44484 14492.59 -11202.61)
(-77.88022 14619.24 -9060.415)
(-44.32343 13139.25 -4192.701)
(-48.81076 13119.44 -9893.488)
(-53.83719 13098.56 -12191.4)
(-59.9488 13076.01 -13477.22)
(-67.0768 13050.32 -13371.22)
(-103.4377 17858.29 -15881.53)
(-117.2286 17812.91 -14005.22)
(-133.4482 17761.77 -13495.62)
(-151.2584 17702.57 -12982.06)
(-162.0658 17635.5 -18024.17)
(-49.99789 8828.709 -10733.07)
(-98.8932 8973.392 -8700.74)
(-85.19252 8964.506 -6149.592)
(-41.63313 4423.944 -4189.07)
(-45.62999 4417.678 -9886.135)
(-50.21639 4411.412 -12181.47)
(-55.36119 4403.894 -13465.28)
(-61.65977 4396.515 -13358.7)
(-94.6501 6016.802 -15861.19)
(-106.4692 6003.802 -13977.35)
(-120.6993 5988.074 -13459.79)
(-137.4381 5970.375 -12939.71)
(-155.823 5949.733 -17951.78)
(-82.34089 2973.424 -10660.69)
(-50.85825 2991.358 -8502.188)
(-101.1942 3027.569 -6127.018)
(-88.14325 3005.294 -3608.734)
(-38.10663 -4429.36 -4195.765)
(-41.59663 -4423.947 -9902.475)
(-45.54076 -4418.168 -12202.59)
(-50.14435 -4411.488 -13489.78)
(-55.27665 -4404.813 -13384.11)
(-84.42724 -6029.968 -15895.51)
(-94.50548 -6018.014 -14010.67)
(-106.2887 -6004.231 -13497.08)
(-120.5655 -5989.395 -12980.66)
(-137.2879 -5972.108 -18017.93)
(-76.89904 -2986.23 -10706.66)
(-80.50024 -3003.655 -8545.188)
(-50.80543 -3023.726 -6098.702)
(-99.53522 -3054.999 -3687.708)
(-87.0909 -3021.385 -1205.095)
(-33.82196 -13191.87 -4212.47)
(-36.93033 -13176.96 -9942.215)
(-40.28963 -13161.78 -12253.5)
(-44.09597 -13145.54 -13550.43)
(-48.5403 -13127.86 -13450.15)
(-73.41508 -17976.27 -15984.64)
(-81.78091 -17946.6 -14108.21)
(-91.55289 -17912.58 -13607.8)
(-103.0152 -17875.78 -13106.19)
(-116.8211 -17834.09 -18224.27)
(-65.69459 -8936.294 -10872.6)
(-72.94733 -9033.863 -8739.063)
(-76.61557 -9139.658 -6279.549)
(-49.89138 -9226.818 -3779.252)
(-94.13944 -9311.197 -1270.688)
(-29.28001 -21480.36 -4244.107)
(-31.71147 -21459.86 -10021.51)
(-34.62123 -21438.92 -12362.27)
(-37.8167 -21418.33 -13686.34)
(-41.36225 -21397.26 -13601.64)
(-62.38543 -29311.72 -16199.8)
(-68.85958 -29274.27 -14348.4)
(-76.70739 -29235.55 -13890.21)
(-85.85058 -29191.73 -13429.71)
(-96.64365 -29143.99 -18763.17)
(-54.09398 -14672.7 -11325.36)
(-60.20976 -15022.55 -9302.016)
(-66.96229 -15425.63 -6828.702)
(-70.59572 -15785.62 -4184.87)
(-48.07284 -15990.4 -1408.885)
(-24.52745 -28315.95 -4306.841)
(-26.50266 -28294.18 -10189.51)
(-28.68832 -28275.66 -12612.53)
(-31.34085 -28259.72 -14017.23)
(-34.2571 -28246.89 -13982.18)
(-51.35733 -38718.6 -16752.16)
(-56.44401 -38694.48 -14976)
(-62.32664 -38672.03 -14634.41)
(-69.42121 -38651.09 -14289.42)
(-77.66388 -38628.16 -20204.66)
(-43.09733 -19631.87 -12574.67)
(-47.57613 -20650.17 -10942.78)
(-52.83952 -21956.5 -8543.803)
(-58.68455 -23364.58 -5554.229)
(-62.09288 -24459.69 -1946.158)
(-19.93709 -31411.49 -4434.301)
(-21.42505 -31394.27 -10548.14)
(-23.14448 -31385.94 -13176.28)
(-25.00954 -31385.47 -14784.64)
(-27.35116 -31392.96 -14881.39)
(-41.08437 -43062.83 -18070.01)
(-44.83291 -43072.99 -16484.13)
(-49.18568 -43091.59 -16432.04)
(-54.3535 -43119.05 -16375.61)
(-60.53634 -43153.99 -23721.29)
(-33.18401 -22233.32 -15736.9)
(-35.94194 -24406.06 -15487.56)
(-39.13462 -27761.68 -14050.46)
(-42.77996 -32819.56 -10943.17)
(-46.94931 -40464.4 -4408.347)
(-15.83335 -27500.15 -4630.18)
(-17.05805 -27484.8 -11110.6)
(-18.28759 -27474.11 -14080.41)
(-19.75095 -27468.22 -16029.35)
(-21.34208 -27467.37 -16350.56)
(-31.97914 -37666.84 -20239.68)
(-35.00944 -37663.05 -18982.31)
(-38.20845 -37665.05 -19425.11)
(-41.88765 -37671.19 -19868.99)
(-46.2482 -37682.07 -29656.43)
(-25.00244 -19256.49 -21419.57)
(-26.09518 -20630.28 -25168.75)
(-26.89402 -22707.82 -30095.33)
(-26.86419 -25748.56 -38008.01)
(-24.96065 -30188.8 -32575.66)
(-184.532 -7563.357 -114943.3)
(-176.7071 -3108.814 -41421.59)
(-149.9041 -1402.768 -36760.87)
(-125.3058 -664.6811 -34595.07)
(-54.47608 -298.4274 -33493.32)
(-12.7955 -19069.48 -4654.12)
(-13.82575 -19053.4 -11164.71)
(-14.8674 -19033.55 -14141.7)
(-15.90616 -19011.2 -16097.77)
(-17.21771 -18985.25 -16418.5)
(-25.47958 -25999.4 -20329.15)
(-27.82477 -25957.47 -19077.28)
(-30.53323 -25910.89 -19529.68)
(-33.25662 -25858.96 -19979.99)
(-36.47011 -25800.44 -29823)
(-19.51752 -12774.48 -21403.42)
(-20.08335 -12349.07 -24435.68)
(-20.39199 -11466.03 -27236.12)
(-20.34406 -9669.172 -30133.17)
(-19.63241 -6123.937 -22008.13)
(-161.6997 -13974.05 -69851.43)
(-166.1407 -6629.552 -35429.58)
(-160.8526 -3265.558 -34463.37)
(-137.7658 -1622.291 -33593.96)
(-112.7593 -755.7903 -33051.3)
(-47.92635 -219.7784 -32728.6)
(-11.11258 -11558.69 -4621.481)
(-11.69099 -11549.1 -11054.71)
(-12.46353 -11532.83 -13942.2)
(-13.39166 -11512.25 -15806.75)
(-14.34765 -11489.03 -16066.54)
(-21.33411 -15719.51 -19802.61)
(-23.07345 -15681.22 -18468.15)
(-25.18474 -15637.8 -18799.84)
(-27.65938 -15587.23 -19127.63)
(-30.12947 -15530.17 -28372.59)
(-15.9806 -7551.152 -20013.69)
(-16.35802 -6898.777 -22107.62)
(-16.60227 -5918.005 -23631.79)
(-16.64758 -4528.552 -24913.69)
(-16.45746 -2691.708 -17571.47)
(-140.1931 -10679.69 -55450.8)
(-148.2409 -6215.735 -31034.04)
(-152.4378 -3436.103 -32047.73)
(-147.2949 -1822.45 -32321.48)
(-126.2857 -878.7421 -32330.9)
(-101.2967 -270.3199 -32267.32)
(-42.1085 235.5346 -32143.52)
(-9.736582 -6042.108 -4592.868)
(-10.50851 -6035.576 -10962.32)
(-11.01902 -6028.041 -13775.79)
(-11.60446 -6015.857 -15568.36)
(-12.60486 -6001.162 -15777.7)
(-18.45697 -8210.49 -19372.51)
(-19.92294 -8187.059 -17974.42)
(-21.72034 -8161.022 -18208.6)
(-23.71012 -8132.079 -18439.66)
(-25.93129 -8098.202 -27209.82)
(-13.71627 -3909.175 -18944.04)
(-13.95194 -3497.127 -20487.5)
(-14.13004 -2927.873 -21457.17)
(-14.21883 -2206.383 -22223.4)
(-14.15308 -1359.937 -15522.14)
(-121.8891 -6409.612 -49027.78)
(-130.5209 -4127.352 -28428.53)
(-137.4456 -2450.922 -30325.51)
(-140.5984 -1361.958 -31295.38)
(-134.9751 -676.1338 -31724.1)
(-115.2731 -214.3451 -31834.92)
(-90.69925 166.0963 -31741.6)
(-36.90555 584.9947 -31426.39)
(-8.978488 -1867.375 -4579.84)
(-9.43342 -1864.958 -10918.91)
(-10.24909 -1862.552 -13698.69)
(-10.69307 -1859.228 -15453.36)
(-11.18915 -1854.716 -15640.05)
(-16.72254 -2536.543 -19168.23)
(-17.90371 -2529.799 -17737.03)
(-19.31178 -2521.511 -17925.11)
(-21.07439 -2512.302 -18110.23)
(-22.97235 -2501.839 -26653.18)
(-12.1734 -1205.14 -18437.55)
(-12.37203 -1071.869 -19742.47)
(-12.45648 -892.994 -20501.49)
(-12.49555 -673.9088 -21097.66)
(-12.45016 -425.4313 -14690.89)
(-107.1028 -2126.844 -46420.8)
(-114.8586 -1427.867 -27256.43)
(-122.0849 -876.5275 -29488.16)
(-127.6591 -498.6192 -30775.58)
(-129.5497 -251.4936 -31423.44)
(-123.2792 -81.30278 -31642.34)
(-104.5609 59.10143 -31549.76)
(-80.73869 208.6815 -31185.85)
(-32.1763 398.0227 -30487.96)
(-45.51137 1816.047 -4460.547)
(-51.24542 1808.135 -10618.85)
(-55.58403 1799.254 -13304.08)
(-54.59515 1788.758 -14974.94)
(-51.92287 1785.033 -15108.25)
(-35.37353 2427.254 -18467.87)
(-41.37686 5900.038 -4489.597)
(-46.67327 5879.259 -10703.24)
(-52.55406 5852.327 -13438)
(-56.96191 5821.859 -15155.28)
(-55.26894 5787.611 -15318.01)
(-72.70077 7920.246 -18745.37)
(-36.92073 7855.072 -17338.66)
(-38.90103 11331.14 -4532.135)
(-43.76745 11297.1 -10830.05)
(-49.43767 11254.3 -13648.44)
(-55.60799 11202.43 -15449.29)
(-60.15825 11142.92 -15668.32)
(-78.2027 15198.22 -19253.14)
(-76.28974 15171.92 -17891.74)
(-40.32219 15058.58 -18163.69)
(-37.9331 18759.03 -4577.351)
(-42.66546 18711.5 -10970.99)
(-47.98972 18658.24 -13887.65)
(-54.34162 18593.75 -15788.59)
(-61.15875 18519.38 -16073.77)
(-90.48467 25281.49 -19853.37)
(-82.34555 25165.83 -18569.56)
(-81.7414 25151.72 -18949.94)
(-45.71538 24912.5 -19398.04)
(-38.56845 27139.97 -4565.328)
(-43.22802 27088.78 -10949.21)
(-48.50355 27038.26 -13867.01)
(-54.66799 26985.62 -15772.39)
(-62.03186 26927.73 -16064.76)
(-95.9387 36837.03 -19846.85)
(-103.3447 36727.74 -18563.34)
(-88.49317 36627.85 -18939.15)
(-98.52153 36711.43 -19319.82)
(-62.70946 36296.07 -28857.78)
(-40.39037 31088.35 -4383.998)
(-44.92534 31040.82 -10423.38)
(-50.29444 30996.07 -13015.1)
(-56.47183 30955.21 -14592.1)
(-63.82808 30913.24 -14671.2)
(-99.40177 42325.74 -17788.12)
(-112.3084 42241.49 -16194.91)
(-120.9008 42150.99 -16103.38)
(-95.36276 42074.35 -16000.95)
(-128.5082 42270.44 -23134.89)
(-46.72705 21479.38 -15321.19)
(-41.68252 28099.15 -4269.444)
(-46.03066 28057.11 -10096.99)
(-51.20508 28015.4 -12494.12)
(-57.28019 27972.32 -13877.5)
(-64.36662 27928.22 -13832.03)
(-99.9332 38229.01 -16553.75)
(-113.6256 38144.76 -14776.52)
(-128.5605 38049.47 -14413.48)
(-138.1613 37943.31 -14042.69)
(-97.65706 37845.62 -19802.78)
(-78.90785 19338.28 -12353.12)
(-62.61258 20053.19 -10666.75)
(-41.65297 21371.32 -4219.098)
(-45.86437 21340.39 -9959.836)
(-50.61891 21308.3 -12283.53)
(-56.3302 21274.52 -13593.82)
(-63.00641 21236.97 -13502.39)
(-97.16219 29067.4 -16069.98)
(-110.0879 29000.19 -14219.15)
(-125.2586 28925.38 -13748.66)
(-141.8722 28838.78 -13273.71)
(-152.1949 28740.94 -18512.01)
(-48.73553 14450.8 -11149.44)
(-89.576 14875.8 -9222.064)
(-75.15278 15077.9 -6677.339)
(-40.38204 13158.32 -4199.813)
(-44.26325 13140.74 -9911.393)
(-48.72717 13121.62 -12214.2)
(-53.73751 13101.36 -13503.92)
(-59.83202 13079.43 -13400.66)
(-91.83056 17902.37 -15919.8)
(-103.2905 17863.38 -14043.77)
(-117.0669 17819.03 -13537.84)
(-133.2688 17768.9 -13029.43)
(-151.0567 17710.69 -18101.29)
(-79.8384 8865.523 -10787.03)
(-49.99067 8958.981 -8658.889)
(-96.51211 9115.513 -6277.153)
(-83.16685 9090.889 -3719.949)
(-38.11052 4429.946 -4195.717)
(-41.57811 4424.369 -9902.178)
(-45.55342 4418.262 -12202.77)
(-50.1255 4412.117 -13489.11)
(-55.25726 4404.745 -13384.81)
(-84.41875 6030.654 -15895.55)
(-94.51867 6018.023 -14011.57)
(-106.3263 6005.246 -13496.98)
(-120.5429 5989.75 -12980.63)
(-137.2647 5972.282 -18017.86)
(-76.88998 2986.075 -10706.76)
(-80.51236 3003.611 -8545.317)
(-50.80638 3023.836 -6098.585)
(-99.53527 3055.024 -3687.733)
(-87.09356 3021.482 -1205.085)
(-34.87421 -4434.813 -4201.864)
(-38.05598 -4429.786 -9917.285)
(-41.52688 -4424.525 -12221.76)
(-45.45819 -4418.878 -13511.61)
(-50.04806 -4412.336 -13408.53)
(-75.67893 -6042.025 -15925.42)
(-84.30988 -6031.176 -14041.91)
(-94.37883 -6019.454 -13529.18)
(-106.1525 -6005.91 -13016.58)
(-120.4147 -5991.303 -18074.84)
(-67.76612 -2997.255 -10746.17)
(-75.33478 -3016.393 -8582.1)
(-79.13382 -3036.191 -6129.239)
(-50.76595 -3051.255 -3670.918)
(-98.70884 -3070.743 -1231.319)
(-31.17955 -13206.65 -4217.898)
(-33.77585 -13193.34 -9955.981)
(-36.86652 -13179.11 -12270.78)
(-40.21525 -13164.56 -13570.07)
(-44.01066 -13148.95 -13471.51)
(-66.45281 -18008.68 -16012.54)
(-73.31067 -17981.35 -14134.89)
(-81.66836 -17952.71 -13637.33)
(-91.43074 -17919.72 -13137.67)
(-102.883 -17883.91 -18274.23)
(-57.64972 -8964.876 -10906.57)
(-64.34698 -9067.207 -8770.894)
(-71.76056 -9177.965 -6306.238)
(-75.69246 -9264.427 -3797.804)
(-49.85876 -9300.07 -1265.305)
(-27.05119 -21502.85 -4249.157)
(-29.23793 -21483.72 -10033.84)
(-31.65429 -21465.35 -12377.77)
(-34.55345 -21446.47 -13704.49)
(-37.7389 -21427.93 -13620.88)
(-56.62089 -29358.62 -16224.66)
(-62.29133 -29326.49 -14372.7)
(-68.75886 -29292.15 -13916.22)
(-76.59844 -29256.49 -13458.11)
(-85.73247 -29215.7 -18807.43)
(-47.64735 -14713.41 -11355.74)
(-52.888 -15070.08 -9330.498)
(-59.13912 -15481.83 -6852.889)
(-66.11083 -15850.95 -4202.161)
(-70.09462 -16055.49 -1415.571)
(-22.76491 -28342.83 -4311.532)
(-24.48903 -28323.18 -10200.6)
(-26.45082 -28307.07 -12626.7)
(-28.62679 -28294.14 -14033.62)
(-31.26997 -28283.79 -13999.87)
(-46.88597 -38773.74 -16774.67)
(-51.27097 -38756.34 -14998.55)
(-56.35108 -38740.29 -14658.32)
(-62.22644 -38725.86 -14315.58)
(-69.31199 -38712.87 -20245.86)
(-38.20547 -19679.78 -12603.48)
(-41.92053 -20706.63 -10971.36)
(-46.47368 -22024.89 -8569.173)
(-51.91624 -23448.24 -5573.295)
(-58.1063 -24559.35 -1953.912)
(-18.48867 -31438.41 -4438.644)
(-19.90151 -31424.06 -10558.44)
(-21.37673 -31417.69 -13189.56)
(-23.08718 -31420.13 -14799.81)
(-24.94509 -31430.49 -14897.22)
(-37.42031 -43119.48 -18092.35)
(-40.99935 -43134.26 -16506.22)
(-44.74226 -43160 -16455.32)
(-49.0877 -43194.25 -16401.31)
(-54.24417 -43237.43 -23763.36)
(-29.62477 -22281.48 -15768.23)
(-31.84388 -24464.43 -15521.95)
(-34.50001 -27836.4 -14086.55)
(-37.7017 -32919.71 -10975.12)
(-41.66721 -40605.97 -4423.231)
(-14.66509 -27522.63 -4633.836)
(-15.80029 -27508.62 -11121.12)
(-17.01123 -27500.17 -14092.68)
(-18.2321 -27496.34 -16044.71)
(-19.68685 -27497.33 -16366.06)
(-29.18136 -37712.23 -20261.59)
(-31.89536 -37712.83 -19004.22)
(-34.91566 -37719.05 -19450.11)
(-38.10272 -37731.09 -19896.87)
(-41.76912 -37747.3 -29702.36)
(-22.41844 -19293.56 -21456.69)
(-23.2836 -20674.41 -25218.29)
(-23.82021 -22761.52 -30162.43)
(-23.71749 -25817.17 -38105.83)
(-22.12937 -30279.76 -32671.49)
(-166.7054 -7590.177 -115333.9)
(-168.512 -3121.42 -41578.73)
(-161.9966 -1408.484 -36904.14)
(-138.1022 -665.3372 -34695.12)
(-113.0772 -301.3587 -33629.63)
(-48.05873 -85.02501 -33120.12)
(-12.16698 -19083.48 -4657.159)
(-12.76832 -19068.85 -11173.27)
(-13.78339 -19051.03 -14153.94)
(-14.81669 -19029.43 -16110.69)
(-15.84888 -19005.31 -16433.12)
(-23.53314 -26027.77 -20348.45)
(-25.40658 -25989.43 -19096.16)
(-27.74239 -25945.23 -19551.98)
(-30.43844 -25896.25 -20005.11)
(-33.1517 -25841.84 -29863.02)
(-17.61066 -12796.78 -21436.42)
(-18.01609 -12372.85 -24477.55)
(-18.19698 -11490.65 -27289.11)
(-18.01776 -9692.208 -30199.24)
(-17.35892 -6140.417 -22063.84)
(-143.9048 -14016.99 -70052.77)
(-150.5831 -6653.214 -35546.59)
(-153.8627 -3278.851 -34591.08)
(-148.0777 -1628.896 -33721.88)
(-126.5106 -756.4104 -33151.15)
(-101.4917 -223.1607 -32848.77)
(-42.16609 220.6893 -32722.38)
(-10.3785 -11568.14 -4624.867)
(-11.08499 -11556.01 -11062.71)
(-11.65361 -11543.03 -13952.43)
(-12.41911 -11523.41 -15818.61)
(-13.3428 -11499.49 -16078.21)
(-19.60972 -15737.24 -19819.55)
(-21.26879 -15698.95 -18485.31)
(-23.00295 -15656.22 -18817.98)
(-25.10574 -15608.31 -19148.97)
(-27.56825 -15553.25 -28407.92)
(-14.53838 -7562.947 -20040.23)
(-14.76742 -6911.074 -22141.08)
(-14.89342 -5929.469 -23671.59)
(-14.85301 -4538.398 -24961.18)
(-14.58313 -2698.189 -17609.12)
(-124.0923 -10708.85 -55588.45)
(-132.096 -6234.956 -31122.65)
(-138.499 -3448.43 -32152.3)
(-141.2634 -1829.914 -32439.37)
(-135.3279 -882.3675 -32451.67)
(-115.3247 -270.1157 -32366.79)
(-90.69989 234.3562 -32252.17)
(-36.85543 820.6698 -32064.22)
(-9.257675 -6046.693 -4596.075)
(-9.712197 -6040.196 -10968.89)
(-10.4735 -6031.435 -13786.47)
(-10.97845 -6021.635 -15577.74)
(-11.56122 -6007.243 -15789.09)
(-17.22402 -8217.33 -19387.76)
(-18.40141 -8196.69 -17988.31)
(-19.8627 -8170.335 -18224.82)
(-21.65076 -8141.36 -18458.2)
(-23.63223 -8109.464 -27239.63)
(-12.51485 -3915.009 -18966.82)
(-12.69675 -3502.558 -20515.03)
(-12.76347 -2933.207 -21489.05)
(-12.75087 -2210.674 -22260.34)
(-12.62501 -1362.898 -15551.16)
(-108.0704 -6424.991 -49131.67)
(-115.5924 -4138.665 -28499.24)
(-122.5964 -2458.521 -30411.94)
(-127.9934 -1366.869 -31396.98)
(-129.7465 -678.9591 -31838.58)
(-123.3543 -215.3263 -31952.04)
(-104.511 167.0343 -31840.1)
(-80.64114 585.7454 -31525.98)
(-32.08881 1143.79 -30917.41)
(-8.557621 -1868.382 -4582.91)
(-8.955102 -1866.726 -10925.2)
(-9.40279 -1863.591 -13707.41)
(-10.20898 -1860.427 -15464.63)
(-10.65033 -1856.372 -15649.37)
(-15.2932 -2539.353 -19181.05)
(-16.67125 -2531.998 -17750.92)
(-17.84782 -2524.287 -17939.19)
(-19.25093 -2515.032 -18126.56)
(-21.0055 -2504.859 -26679.59)
(-11.08712 -1206.841 -18457.55)
(-11.28244 -1073.415 -19766.5)
(-11.34139 -894.3999 -20528.93)
(-11.28546 -675.1445 -21128.7)
(-11.16182 -426.2561 -14715.11)
(-95.52719 -2131.42 -46507.57)
(-101.8613 -1431.288 -27315.38)
(-108.1726 -878.93 -29561.85)
(-113.9617 -500.1693 -30863.45)
(-118.1344 -252.4138 -31525.28)
(-118.7488 -81.68457 -31755.67)
(-111.8414 59.25881 -31664.39)
(-93.99606 209.4076 -31282.61)
(-71.18511 398.8977 -30579.64)
(-27.76305 637.8833 -29458.05)
(-40.34089 1821.556 -4474.713)
(-45.39065 1815.44 -10655.11)
(-51.06729 1806.834 -13355.16)
(-55.35563 1797.252 -15037.45)
(-54.31814 1786.094 -15178.58)
(-70.87567 2444.048 -18537.64)
(-35.2447 2422.975 -17101.26)
(-36.65705 5916.388 -4502.239)
(-41.27076 5898.259 -10734.72)
(-46.52011 5875.333 -13481.59)
(-52.3542 5846.28 -15211.2)
(-56.713 5813.672 -15381.72)
(-75.44871 7925.153 -18829.5)
(-72.41444 7907.173 -17405.32)
(-36.78623 7839.14 -17579.46)
(-34.52553 11360.7 -4543.473)
(-38.80387 11328.61 -10859.49)
(-43.62884 11291.37 -13686.77)
(-49.26212 11245.34 -15498.41)
(-55.38962 11190.29 -15724.21)
(-82.18337 15263.54 -19333.48)
(-77.89632 15178.66 -17970.75)
(-75.99903 15148.07 -18230.57)
(-40.18729 15029.16 -18501.11)
(-33.73721 18799.85 -4587.33)
(-37.84589 18758.57 -10998.01)
(-42.53708 18709.45 -13923.42)
(-47.8301 18654.47 -15832.29)
(-54.14314 18588.31 -16125.49)
(-83.58474 25389.55 -19925.45)
(-90.19662 25272.27 -18647.5)
(-82.02706 25154.42 -19030.25)
(-81.56159 25137.95 -19412.08)
(-45.67855 24895.1 -28980.63)
(-34.64308 27192.93 -4574.995)
(-38.48832 27148.47 -10972.9)
(-43.11161 27104.19 -13900.4)
(-48.3593 27060.44 -15810.76)
(-54.49345 27014.58 -16110.24)
(-84.81514 36971.89 -19911.1)
(-95.6792 36882.52 -18634.3)
(-103.0414 36782.95 -19019.88)
(-88.17169 36692.74 -19398.39)
(-98.34246 36785.79 -28885.2)
(-31.11634 18593.55 -20856.51)
(-36.50062 31142.86 -4392.559)
(-40.31896 31100.91 -10444.45)
(-44.82477 31064.15 -13043.17)
(-50.17003 31030.1 -14625.9)
(-56.32406 30999.9 -14708.43)
(-87.32585 42461.03 -17840.04)
(-99.19936 42396.4 -16248.64)
(-112.0748 42327.34 -16166.43)
(-120.63 42251.99 -16073.16)
(-95.09794 42190.53 -23220.05)
(-63.05102 21819.05 -15384.81)
(-45.27094 23666.45 -15106.5)
(-37.79393 28144.15 -4277.215)
(-41.61737 28106.4 -10116.22)
(-45.9401 28070.02 -12519.05)
(-51.0954 28033.87 -13907.06)
(-57.15191 27996.33 -13864.14)
(-88.09634 38336.57 -16596.92)
(-99.76512 38266.54 -14821.02)
(-113.4371 38190.21 -14463.17)
(-128.3472 38102.77 -14099.56)
(-137.9178 38004.33 -19896.52)
(-48.16203 19283.3 -12353.61)
(-76.41023 20379.28 -10777.52)
(-60.65229 21407.8 -8355.341)
(-37.94814 21402.3 -4226.215)
(-41.59324 21374.7 -9977.46)
(-45.78176 21345.92 -12306.16)
(-50.51944 21315.88 -13620.58)
(-56.21439 21284.14 -13531.3)
(-86.2507 29138.82 -16107.83)
(-97.01596 29082.18 -14257.59)
(-109.9263 29018.04 -13790.96)
(-125.0791 28946.25 -13321.07)
(-141.6706 28862.63 -18589.16)
(-74.90021 14510.95 -11204.01)
(-48.59857 14844.07 -9186.356)
(-87.4072 15323.3 -6790.345)
(-73.35994 15501.54 -4110.04)
(-36.95747 13176.1 -4206.358)
(-40.32741 13159.81 -9927.435)
(-44.18764 13142.91 -12235.01)
(-48.63633 13124.43 -13528.21)
(-53.63325 13104.77 -13426.5)
(-81.91225 17942.28 -15954.39)
(-91.69961 17907.45 -14077.59)
(-103.1482 17869.5 -13575.08)
(-116.9107 17826.16 -13070.18)
(-133.0957 17777.02 -18167.29)
(-74.50878 8903.116 -10833.09)
(-78.00912 8995.988 -8702.08)
(-49.94429 9102.376 -6248.64)
(-94.93129 9238.722 -3795.728)
(-82.16137 9165.028 -1245.564)
(-34.91379 4435.436 -4201.804)
(-38.05959 4430.37 -9917.183)
(-41.50894 4424.943 -12221.42)
(-45.47023 4418.974 -13511.77)
(-50.03043 4412.949 -13407.89)
(-75.65405 6041.952 -15926.2)
(-84.30194 6031.861 -14041.94)
(-94.39174 6019.479 -13529.98)
(-106.1885 6006.922 -13016.48)
(-120.3922 5991.654 -18074.79)
(-67.75625 2997.326 -10746.13)
(-75.32969 3016.269 -8582.16)
(-79.14203 3036.18 -6129.309)
(-50.76663 3051.333 -3670.86)
(-98.7092 3070.777 -1231.327)
(-32.16113 -4440.279 -4207.27)
(-34.82819 -4435.239 -9931.053)
(-37.99232 -4430.362 -12238.96)
(-41.45115 -4425.23 -13532)
(-45.37186 -4419.715 -13429.67)
(-68.51943 -6052.358 -15954.07)
(-75.57373 -6043.225 -14068.34)
(-84.19655 -6032.619 -13559.29)
(-94.25665 -6021.127 -13047.56)
(-106.0212 -6007.819 -18124.82)
(-59.44611 -3006.846 -10780.07)
(-66.42577 -3027.479 -8613.681)
(-74.15931 -3048.991 -6155.65)
(-78.2223 -3063.751 -3689.236)
(-50.74433 -3067.083 -1225.754)
(-28.79871 -13220.68 -4223.063)
(-31.13718 -13208.12 -9968.216)
(-33.71796 -13195.49 -12286.78)
(-36.79723 -13181.89 -13588.45)
(-40.13753 -13167.95 -13490.52)
(-60.25297 -18037.61 -16037.65)
(-66.35754 -18013.75 -14159.55)
(-73.20974 -17987.47 -13663.11)
(-81.55967 -17959.84 -13166.17)
(-91.31297 -17927.86 -18318.08)
(-50.77315 -8989.815 -10936.43)
(-56.48012 -9096.023 -8798.239)
(-63.32755 -9211.628 -6329.147)
(-70.96343 -9303.084 -3813.919)
(-75.22889 -9337.912 -1271.504)
(-25.07114 -21523.08 -4253.884)
(-27.01208 -21506.21 -10045.23)
(-29.18516 -21489.21 -12392.08)
(-31.59221 -21472.89 -13721)
(-34.48256 -21456.07 -13638.46)
(-51.66088 -29400.68 -16247.3)
(-56.53537 -29373.4 -14394.74)
(-62.20006 -29344.38 -13939.78)
(-68.66129 -29313.12 -13483.3)
(-76.49301 -29280.48 -18847.18)
(-42.26689 -14749.46 -11382.48)
(-46.5888 -15111.59 -9355.476)
(-51.95555 -15530.51 -6873.814)
(-58.40526 -15908.41 -4217.02)
(-65.6763 -16121.76 -1421.412)
(-21.12499 -28367.29 -4315.86)
(-22.72883 -28350.05 -10211.18)
(-24.44079 -28336.07 -12639.6)
(-26.39438 -28325.54 -14048.74)
(-28.56227 -28318.21 -14015.78)
(-42.79739 -38824.37 -16795.62)
(-46.80733 -38811.51 -15018.71)
(-51.18647 -38802.18 -14680.35)
(-56.26025 -38794.17 -14338.95)
(-62.12852 -38787.73 -20282.88)
(-34.09592 -19722.7 -12629.17)
(-37.16455 -20756.64 -10996.41)
(-40.95195 -22084.7 -8591.531)
(-45.66702 -23520.83 -5589.825)
(-51.41568 -24646.95 -1960.614)
(-17.22574 -31464.41 -4442.472)
(-18.45599 -31450.98 -10568.29)
(-19.85647 -31447.47 -13201.63)
(-21.32364 -31451.9 -14814.14)
(-23.02648 -31465.16 -14912.09)
(-34.13038 -43171.01 -18111.39)
(-37.34462 -43190.97 -16526.58)
(-40.91461 -43221.37 -16477.33)
(-44.65174 -43262.78 -16424.59)
(-48.98976 -43312.79 -23800.72)
(-26.54897 -22324.26 -15796.2)
(-28.42264 -24516.76 -15552.89)
(-30.57114 -27902.26 -14117.97)
(-33.2416 -33007.59 -11003.35)
(-36.72735 -40728.95 -4436.166)
(-13.92901 -27544.45 -4637.392)
(-14.63624 -27531.1 -11129.49)
(-15.75779 -27524 -14105.18)
(-16.95899 -27522.4 -16058.15)
(-18.17238 -27525.46 -16381.32)
(-26.91828 -37753.35 -20280.64)
(-29.10532 -37758.25 -19024.76)
(-31.80936 -37768.86 -19472.65)
(-34.81928 -37785.14 -19922.54)
(-37.99426 -37807.27 -29744.1)
(-20.24611 -19326.81 -21490.18)
(-20.87692 -20713.67 -25262.46)
(-21.25391 -22809.61 -30222.39)
(-21.01278 -25877.54 -38191.45)
(-19.55613 -30359.75 -32755.98)
(-148.2747 -7613.415 -115673.8)
(-152.6557 -3132.526 -41717.51)
(-154.9399 -1414.208 -37041.73)
(-148.6214 -668.0459 -34827.51)
(-126.6597 -301.6063 -33730.21)
(-101.6166 -86.34881 -33242.89)
(-42.19935 93.09394 -33137.22)
(-11.48432 -19097.65 -4660.875)
(-12.13996 -19082.85 -11180.25)
(-12.73335 -19066.49 -14164.1)
(-13.73612 -19046.88 -16124.09)
(-14.76213 -19023.5 -16445.98)
(-21.66345 -26055.24 -20366.37)
(-23.46401 -26017.79 -19114.32)
(-25.33139 -25977.13 -19571.47)
(-27.6576 -25930.56 -20028.02)
(-30.3411 -25879.09 -29900.7)
(-16.00968 -12817.14 -21465.57)
(-16.25999 -12394.26 -24515.57)
(-16.32172 -11512.54 -27336.3)
(-16.07613 -9712.824 -30258.4)
(-15.38294 -6154.924 -22112.41)
(-127.3626 -14054.86 -70230.46)
(-134.1425 -6673.701 -35649.13)
(-139.7452 -3290.579 -34704.74)
(-142.0035 -1635.556 -33845.43)
(-135.7059 -759.5297 -33275.19)
(-115.3767 -222.9773 -32949.28)
(-90.69109 219.7808 -32833.76)
(-36.78822 773.916 -32879.08)
(-9.787142 -11576.17 -4627.901)
(-10.35282 -11565.42 -11070.4)
(-11.04982 -11549.98 -13961.93)
(-11.61207 -11533.57 -15829.74)
(-12.37156 -11510.6 -16089.95)
(-18.23729 -15751.57 -19833.87)
(-19.55173 -15716.63 -18501.15)
(-21.20211 -15673.91 -18835.51)
(-22.93078 -15626.71 -19167.59)
(-25.02489 -15574.27 -28439.73)
(-13.29617 -7574.086 -20065.28)
(-13.43162 -6921.858 -22170.99)
(-13.4455 -5939.921 -23707.69)
(-13.32203 -4547.125 -25003.52)
(-13.0091 -2704.007 -17642.8)
(-110.0206 -10734.43 -55708.4)
(-116.9802 -6251.951 -31200.8)
(-123.5173 -3459.098 -32244.39)
(-128.5748 -1836.501 -32545.06)
(-130.0805 -886.0494 -32569.06)
(-123.4785 -271.356 -32485.96)
(-104.4218 235.6161 -32351.88)
(-80.46123 821.8431 -32166.1)
(-31.92048 1688.222 -31806.86)
(-8.744156 -6050.195 -4599.059)
(-9.23291 -6044.77 -10976.15)
(-9.681283 -6036.049 -13794.24)
(-10.4347 -6025.047 -15589.32)
(-10.93515 -6012.986 -15798.37)
(-15.80131 -8225.637 -19401.58)
(-17.17037 -8203.54 -18002.46)
(-18.34479 -8179.925 -18239.04)
(-19.80118 -8150.643 -18474.73)
(-21.58005 -8118.728 -27267.03)
(-11.40102 -3920.402 -18987.76)
(-11.58568 -3507.723 -20540.12)
(-11.61138 -2937.763 -21518.1)
(-11.51466 -2214.648 -22293.63)
(-11.32079 -1365.527 -15577.09)
(-96.39202 -6438.79 -49224.41)
(-102.5101 -4148.567 -28561.19)
(-108.6231 -2465.245 -30488.18)
(-114.2538 -1371.115 -31486.78)
(-118.3056 -681.4412 -31941.89)
(-118.8195 -216.3387 -32066.57)
(-111.8106 167.4877 -31955.8)
(-93.85329 587.7693 -31623.68)
(-70.97062 1146.348 -31010.41)
(-27.60585 1903.893 -29947.51)
(-7.863824 -1869.241 -4585.763)
(-8.533931 -1867.736 -10932.16)
(-8.925479 -1865.337 -13714.81)
(-9.36895 -1861.485 -15474.07)
(-10.16627 -1857.564 -15660.45)
(-14.55285 -2541.624 -19192.37)
(-15.24858 -2534.79 -17762.88)
(-16.61916 -2526.481 -17953.25)
(-17.79113 -2517.805 -18140.87)
(-19.18919 -2507.584 -26703.72)
(-10.13626 -1208.279 -18475.96)
(-10.27658 -1074.902 -19788.23)
(-10.34282 -895.6938 -20554.11)
(-10.26737 -676.2008 -21157.13)
(-10.07747 -427.0209 -14736.85)
(-85.65122 -2135.492 -46585.06)
(-90.84962 -1434.356 -27367.95)
(-95.95098 -881.0332 -29626.55)
(-101.019 -501.5404 -30941.04)
(-105.5387 -253.2059 -31615.53)
(-108.4502 -82.01013 -31858.49)
(-107.9348 59.40893 -31777.09)
(-100.5463 210.1092 -31395.04)
(-83.64106 400.1677 -30674.23)
(-62.11156 639.4552 -29542.63)
(-21.69662 1012.286 -26802.71)
(-35.65005 1826.407 -4487.502)
(-40.23307 1820.961 -10687.18)
(-45.23806 1814.122 -13397.72)
(-50.87087 1804.821 -15092.74)
(-55.11282 1794.541 -15240)
(-74.15057 2445.505 -18621.85)
(-70.59257 2439.736 -17166.2)
(-35.11375 2417.758 -17295.17)
(-32.54248 5932.548 -4513.206)
(-36.56262 5914.603 -10763.38)
(-41.13631 5894.323 -13518.63)
(-46.35076 5869.23 -15258.51)
(-52.14114 5838.065 -15436.81)
(-77.46749 7960.768 -18906.65)
(-75.15231 7912.044 -17482.51)
(-72.12536 7891.225 -17647.3)
(-36.64936 7820.331 -17819.79)
(-30.68055 11385.05 -4553.589)
(-34.43971 11358.13 -10885.29)
(-38.68007 11322.84 -13721.56)
(-43.47497 11282.34 -15540.21)
(-49.07401 11233.1 -15772.85)
(-75.689 15328.4 -19401.72)
(-81.90845 15243.86 -18045.62)
(-77.58717 15154.74 -18309.66)
(-75.70587 15119.82 -18569.18)
(-40.04993 14995.45 -27477.57)
(-30.26511 18837.91 -4596.615)
(-33.66015 18799.38 -11020.8)
(-37.73389 18756.48 -13955.58)
(-42.39374 18705.68 -15871.46)
(-47.65826 18648.95 -16168.97)
(-74.00338 25483.98 -19988.84)
(-83.33298 25380.2 -18715.47)
(-89.90103 25260.78 -19110.03)
(-81.7052 25140.65 -19492.25)
(-81.36458 25121.69 -29015.7)
(-22.55482 12343.57 -20812.51)
(-31.25105 27241.22 -4583.575)
(-34.57009 27201.43 -10995)
(-38.38528 27163.86 -13928.63)
(-42.98154 27126.4 -15847.32)
(-48.20382 27089.43 -16148.53)
(-74.5137 37091.01 -19966.86)
(-84.59223 37017.49 -18694.79)
(-95.41289 36937.85 -19092.61)
(-102.7309 36848 -19480.95)
(-87.84866 36767.5 -28997.73)
(-48.12423 18835.28 -20905.08)
(-29.60676 19980.04 -24520.63)
(-33.09303 31192.67 -4400.182)
(-36.43589 31155.42 -10463.86)
(-40.22847 31124.27 -13067.91)
(-44.7141 31098.2 -14656.18)
(-50.03811 31074.87 -14741.59)
(-77.06094 42579.94 -17884.73)
(-87.14922 42531.82 -16296.04)
(-98.99721 42482.47 -16220.13)
(-111.8415 42428.65 -16136.08)
(-120.3603 42368.52 -23324.35)
(-46.19315 21787.22 -15435.56)
(-60.66368 23996.51 -15183.01)
(-43.66667 27020.93 -13735.84)
(-34.45846 28184.75 -4284.193)
(-37.73494 28151.39 -10133.76)
(-41.53545 28119.31 -12541.44)
(-45.8414 28088.48 -13933.71)
(-50.98024 28057.9 -13892.86)
(-78.22197 38430.02 -16634.95)
(-87.94944 38374.14 -14859.65)
(-99.60068 38312.08 -14506.69)
(-113.2527 38243.61 -14148.15)
(-128.1387 38163.96 -19977.02)
(-67.71207 19363.7 -12411.58)
(-47.0353 20342.31 -10779.58)
(-74.39461 21722.66 -8439.113)
(-59.26172 22876.59 -5451.397)
(-34.72257 21430.56 -4232.61)
(-37.89409 21405.68 -9993.513)
(-41.51826 21380.22 -12326.63)
(-45.69197 21353.48 -13644.7)
(-50.41535 21325.49 -13557.22)
(-76.95205 29203.49 -16141.87)
(-86.12125 29153.6 -14291.16)
(-96.87416 29100.04 -13828.21)
(-109.7697 29038.94 -13362.02)
(-124.9053 28970.12 -18655.42)
(-69.81221 14572.06 -11250.62)
(-73.02974 14905.36 -9230.843)
(-48.38434 15299.08 -6768.097)
(-85.94568 15740.59 -4177.151)
(-72.46834 15770.48 -1390.432)
(-33.88954 13192.2 -4212.377)
(-36.90721 13177.58 -9942.194)
(-40.25883 13161.98 -12253.64)
(-44.1055 13145.69 -13550.38)
(-48.54133 13127.85 -13450.01)
(-73.42643 17977.04 -15984.77)
(-81.79548 17947.35 -14108.15)
(-91.57304 17913.55 -13607.76)
(-103.0108 17876.63 -13106.11)
(-116.7602 17834.29 -18224.08)
(-65.67308 8936.301 -10872.52)
(-72.9428 9033.807 -8739.126)
(-76.62895 9139.734 -6279.611)
(-49.89237 9226.785 -3779.191)
(-94.14241 9311.281 -1270.701)
(-32.19984 4439.793 -4207.425)
(-34.86696 4435.857 -9930.924)
(-37.99554 4430.942 -12238.86)
(-41.43375 4425.644 -13531.65)
(-45.38327 4419.812 -13429.81)
(-68.49669 6053.179 -15953.36)
(-75.55016 6043.167 -14068.98)
(-84.1891 6033.304 -13559.32)
(-94.26932 6021.166 -13048.27)
(-106.0557 6008.827 -18124.7)
(-59.43519 3007.005 -10780.04)
(-66.41796 3027.531 -8613.656)
(-74.15646 3048.885 -6155.684)
(-78.22842 3063.76 -3689.27)
(-50.7449 3067.146 -1225.737)
(-29.70233 -4445.016 -4212.548)
(-32.1184 -4440.697 -9943.25)
(-34.77035 -4435.815 -12254.97)
(-37.92314 -4431.063 -13550.33)
(-41.37202 -4426.062 -13449.38)
(-62.11857 -6062.464 -15978.93)
(-68.42331 -6053.571 -14093.6)
(-75.47216 -6044.662 -13584.83)
(-84.08726 -6034.296 -13076.55)
(-94.13894 -6023.03 -18168.01)
(-52.34696 -3015.11 -10809.84)
(-58.28331 -3037.103 -8640.801)
(-65.41806 -3060.15 -6178.255)
(-73.37413 -3076.615 -3705.107)
(-77.76626 -3079.605 -1231.86)
(-26.66034 -13233.16 -4227.76)
(-28.75926 -13222.15 -9979.873)
(-31.08398 -13210.27 -12300.97)
(-33.65507 -13198.25 -13605.5)
(-36.72482 -13185.28 -13508.29)
(-54.95062 -18063.66 -16059.99)
(-60.16765 -18042.67 -14181.73)
(-66.26546 -18019.85 -13686.92)
(-73.11229 -17994.61 -13191.04)
(-81.45486 -17967.98 -18357.79)
(-45.06119 -9011.872 -10962.61)
(-49.74658 -9121.16 -8822.264)
(-55.59493 -9240.755 -6348.846)
(-62.64267 -9337.06 -3827.749)
(-70.56276 -9376.787 -1276.894)
(-23.31244 -21541.81 -4258.218)
(-25.03489 -21526.43 -10055.88)
(-26.96304 -21511.68 -12405.29)
(-29.12786 -21496.75 -13736.24)
(-31.5273 -21482.48 -13654.44)
(-47.20352 -29439.27 -16268)
(-51.58286 -29415.46 -14414.81)
(-56.45245 -29391.3 -13961.14)
(-62.11163 -29365.35 -13506.11)
(-68.56687 -29337.13 -18882.42)
(-37.71154 -14781.96 -11406.49)
(-41.32668 -15148.34 -9377.425)
(-45.77027 -15573.04 -6892.182)
(-51.31629 -15958.21 -4229.873)
(-58.03066 -16180.05 -1426.434)
(-19.74671 -28391.07 -4319.71)
(-21.09228 -28374.51 -10220.94)
(-22.68354 -28362.93 -12651.9)
(-24.38824 -28354.55 -14062.53)
(-26.33518 -28349.61 -14030.45)
(-39.09185 -38871.57 -16814.44)
(-42.72543 -38862.17 -15037.46)
(-46.73033 -38857.39 -14700.1)
(-51.10386 -38856.1 -14360.47)
(-56.17151 -38856.1 -20315.98)
(-30.56223 -19760.65 -12652.21)
(-33.16506 -20801.46 -11018.8)
(-36.30779 -22137.59 -8611.102)
(-40.24334 -23584.38 -5604.396)
(-45.22962 -24722.98 -1966.426)
(-16.28183 -31489.22 -4446.229)
(-17.1954 -31476.98 -10576.96)
(-18.4146 -31474.41 -13213.2)
(-19.80694 -31481.69 -14827.15)
(-21.2674 -31496.98 -14926.13)
(-31.50384 -43218.58 -18129.24)
(-34.06286 -43242.56 -16544.03)
(-37.26904 -43278.15 -16497.62)
(-40.83016 -43324.26 -16446.54)
(-44.56136 -43381.46 -23834.57)
(-23.98093 -22362.91 -15821.12)
(-25.47527 -24563.25 -15580.49)
(-27.28323 -27961.27 -14146.16)
(-29.45967 -33084.96 -11027.98)
(-32.38567 -40836.97 -4447.59)
(-13.08398 -27563.78 -4641.062)
(-13.9001 -27552.89 -11137.61)
(-14.59912 -27546.49 -14115.19)
(-15.71027 -27546.24 -16071.81)
(-16.90282 -27551.51 -16394.7)
(-24.8469 -37791.94 -20299.32)
(-26.8482 -37799.39 -19042.74)
(-29.02725 -37814.32 -19493.67)
(-31.72113 -37835 -19945.71)
(-34.7203 -37861.39 -29782.56)
(-18.41318 -19357.27 -21520.53)
(-18.85356 -20749 -25302.33)
(-19.05679 -22852.39 -30275.82)
(-18.74805 -25931.59 -38268.03)
(-17.33236 -30430.03 -32829.97)
(-131.2094 -7633.876 -115973.4)
(-135.9524 -3142.146 -41838.91)
(-140.6871 -1419.256 -37164.09)
(-142.5169 -670.7742 -34955.53)
(-135.9562 -302.8496 -33856.57)
(-115.4091 -86.27374 -33344.11)
(-90.67853 92.7613 -33250.48)
(-36.73244 329.8088 -33568.01)
(-10.74883 -19110.54 -4664.243)
(-11.45599 -19097 -11188.71)
(-12.10522 -19080.49 -14172.49)
(-12.69409 -19062.34 -16135.22)
(-13.68527 -19040.91 -16459.29)
(-20.1765 -26080.14 -20382.15)
(-21.60078 -26045.23 -19131.2)
(-23.39298 -26005.47 -19590.13)
(-25.25401 -25962.41 -20048.12)
(-27.57037 -25913.36 -29935.04)
(-14.64599 -12835.53 -21492.85)
(-14.78172 -12413.71 -24549.5)
(-14.73272 -11532.28 -27379.07)
(-14.4178 -9731.159 -30311.09)
(-13.72303 -6167.909 -22155.89)
(-112.9202 -14088.17 -70385.64)
(-118.7829 -6691.778 -35739.57)
(-124.6061 -3300.732 -34804.7)
(-129.2217 -1641.431 -33956.12)
(-130.4381 -762.6939 -33395.86)
(-123.6062 -224.0049 -33070.68)
(-104.3191 220.9029 -32934.87)
(-80.24321 775.1459 -32983.74)
(-31.70016 1724.484 -33160.65)
(-9.207728 -11583.05 -4630.935)
(-9.762871 -11573.44 -11077.31)
(-10.3201 -11559.34 -13971)
(-11.01074 -11540.57 -15840.13)
(-11.56754 -11520.73 -16100.96)
(-16.9071 -15766.77 -19848.22)
(-18.18402 -15730.95 -18514.67)
(-19.49229 -15691.53 -18851.66)
(-21.13406 -15644.34 -19185.48)
(-22.85693 -15592.63 -28467.61)
(-12.07826 -7584.258 -20087.92)
(-12.27573 -6931.924 -22198.89)
(-12.22612 -5949.161 -23740.11)
(-12.02639 -4555.067 -25041.86)
(-11.66631 -2709.169 -17672.84)
(-98.13338 -10757.35 -55815.63)
(-103.7391 -6266.861 -31269.23)
(-109.4343 -3468.527 -32325.65)
(-114.7616 -1842.197 -32638.4)
(-118.5963 -889.2836 -32674.95)
(-118.9363 -272.6349 -32602.55)
(-111.7526 236.275 -32469.46)
(-93.59627 824.6492 -32265.56)
(-70.56539 1692.109 -31902.52)
(-27.28947 3063.907 -31084.21)
(-8.082979 -6053.194 -4601.835)
(-8.721117 -6048.274 -10982.93)
(-9.201503 -6040.608 -13802.76)
(-9.647062 -6029.653 -15597.8)
(-10.39323 -6016.415 -15809.78)
(-14.94264 -8233.469 -19412.92)
(-15.75474 -8211.818 -18015.33)
(-17.1159 -8186.78 -18253.39)
(-18.28713 -8160.191 -18489.27)
(-19.73841 -8127.979 -27291.59)
(-10.41288 -3924.92 -19006.92)
(-10.55203 -3512.491 -20563.04)
(-10.5945 -2942.054 -21544.7)
(-10.47063 -2218.084 -22323.92)
(-10.22033 -1367.943 -15600.47)
(-86.43016 -6451.053 -49307.25)
(-91.42919 -4157.444 -28616.45)
(-96.34979 -2471.138 -30555.1)
(-101.2763 -1374.868 -31566.06)
(-105.6879 -683.5779 -32033.42)
(-108.5101 -217.2015 -32170.46)
(-107.9043 167.9221 -32069.58)
(-100.4063 589.7433 -31737.33)
(-83.37642 1149.987 -31106.27)
(-61.75558 1908.629 -30033.47)
(-21.43611 3202.969 -26969.64)
(-7.513408 -1870.574 -4588)
(-7.84346 -1868.598 -10938.64)
(-8.503854 -1866.351 -13723)
(-8.892735 -1863.208 -15482.11)
(-9.332862 -1858.641 -15669.75)
(-13.88906 -2543.251 -19205.78)
(-14.50725 -2537.059 -17773.43)
(-15.20315 -2529.255 -17965.44)
(-16.56628 -2519.992 -18155.11)
(-17.73365 -2510.351 -26724.91)
(-9.265849 -1209.607 -18492.77)
(-9.393783 -1076.17 -19808.14)
(-9.421779 -896.9167 -20576.92)
(-9.362816 -677.177 -21183.22)
(-9.160647 -427.6848 -14756.74)
(-77.31029 -2139.21 -46654.7)
(-81.4582 -1437.084 -27414.89)
(-85.57628 -882.9181 -29684.23)
(-89.62342 -502.7419 -31009.25)
(-93.5928 -253.9054 -31695.29)
(-96.96008 -82.28317 -31949.83)
(-98.71817 59.56416 -31879.83)
(-97.20442 210.8071 -31506.12)
(-89.48998 401.544 -30783.43)
(-73.61676 641.443 -29633.68)
(-49.37783 1014.891 -26875.25)
(-15.27856 846.9393 -23091.66)
(-31.63347 1831.626 -4498.123)
(-35.55641 1825.817 -10716.13)
(-40.09683 1819.655 -13435.35)
(-45.06987 1812.086 -15138.81)
(-50.66187 1802.096 -15294.4)
(-75.28094 2457.029 -18696.16)
(-73.85936 2441.194 -17243.41)
(-70.30706 2434.483 -17361.17)
(-34.98068 2411.603 -17488.62)
(-28.95918 5945.309 -4523.171)
(-32.45875 5930.734 -10788.24)
(-36.44297 5910.653 -13552.35)
(-40.98772 5888.203 -15298.71)
(-46.17008 5860.949 -15483.48)
(-71.24183 7994.178 -18973.5)
(-77.20184 7947.543 -17554.09)
(-74.8536 7896.06 -17724.7)
(-71.8335 7872.397 -17888.82)
(-36.51011 7798.64 -26322.86)
(-27.47709 11408.48 -4562.25)
(-30.60544 11382.48 -10908.31)
(-34.33027 11352.31 -13752.07)
(-38.54268 11313.77 -15578.07)
(-43.31019 11270.02 -15814.25)
(-67.06553 15386.97 -19461.08)
(-75.45251 15308.61 -18109.6)
(-81.62796 15219.8 -18385.84)
(-77.27526 15126.44 -18648.35)
(-75.41009 15087.14 -27578.73)
(-19.29001 7298.061 -19406.51)
(-27.39961 18871.51 -4604.635)
(-30.19589 18837.4 -11041.99)
(-33.56128 18797.27 -13982.72)
(-37.6087 18752.64 -15906.69)
(-42.23948 18700.14 -16207.91)
(-65.14342 25567.04 -20042.24)
(-73.78627 25474.54 -18775.15)
(-83.07412 25368.56 -19179.94)
(-89.59789 25246.91 -19573.86)
(-81.37996 25124.42 -29132.06)
(-39.5584 12461.84 -20859.05)
(-21.21049 11952.62 -23774.39)
(-28.34982 27283.94 -4590.99)
(-31.18707 27249.7 -11014.63)
(-34.47618 27216.83 -13954.96)
(-38.27009 27186.05 -15878.29)
(-42.84151 27155.42 -16184.86)
(-65.91198 37193.72 -20013.96)
(-74.32247 37136.65 -18747.27)
(-84.36323 37072.95 -19154.75)
(-95.13973 37003.06 -19555.47)
(-102.4131 36922.97 -29120.92)
(-42.21972 18828.48 -20978.48)
(-45.14886 20220.65 -24623.43)
(-27.00418 22060.71 -29355.76)
(-30.21742 31237.3 -4407.153)
(-33.03465 31205.22 -10481.13)
(-36.35391 31178.79 -13090.68)
(-40.12891 31158.35 -14682.9)
(-44.59677 31143 -14771.27)
(-68.4599 42682.87 -17924.55)
(-76.90636 42650.83 -16336.88)
(-86.9729 42618.08 -16267.43)
(-98.79537 42584.06 -16189.72)
(-111.6085 42545.57 -23415.63)
(-58.77039 21878.47 -15504.16)
(-43.88427 23979.06 -15225.51)
(-58.29074 27357.42 -13814.44)
(-42.12704 32066.62 -10726.75)
(-31.50113 28221.46 -4290.621)
(-34.40484 28191.98 -10149.5)
(-37.6608 28164.3 -12561.85)
(-41.44617 28137.78 -13957.64)
(-45.73778 28112.51 -13918.75)
(-69.77415 38514.48 -16668.95)
(-78.09165 38467.64 -14893.69)
(-87.80567 38419.74 -14544.48)
(-99.43989 38365.6 -14190.69)
(-113.0726 38304.95 -20045.82)
(-63.00042 19444.6 -12461.68)
(-65.65654 20426.42 -10829.42)
(-46.08581 21698.96 -8442.075)
(-72.94086 23188.92 -5504.586)
(-58.52473 24054.48 -1917.928)
(-31.86442 21456.86 -4238.659)
(-34.6728 21433.93 -10007.92)
(-37.82631 21411.18 -12345.27)
(-41.43678 21387.78 -13666.52)
(-45.59803 21363.09 -13580.58)
(-69.01348 29260.2 -16172.37)
(-76.83584 29218.26 -14321.34)
(-85.99571 29171.47 -13860.75)
(-96.7368 29120.95 -13398.08)
(-109.6182 29062.86 -18712.74)
(-61.57103 14626.03 -11290.65)
(-68.20693 14967.59 -9269.135)
(-71.58908 15361.89 -6800.591)
(-48.18873 15721.44 -4165.026)
(-85.20778 16006.85 -1412.722)
(-31.25636 13206.6 -4217.936)
(-33.84323 13193.68 -9955.771)
(-36.84412 13179.73 -12270.77)
(-40.18437 13164.76 -13570.21)
(-44.01962 13149.1 -13471.46)
(-66.45461 18008.69 -16012.38)
(-73.32218 17982.11 -14135)
(-81.68261 17953.46 -13637.27)
(-91.45086 17920.68 -13137.65)
(-102.8784 17884.76 -18274.13)
(-57.61889 8964.968 -10906.47)
(-64.3286 9067.216 -8770.841)
(-71.75834 9177.906 -6306.279)
(-75.70356 9264.501 -3797.84)
(-49.85979 9300.043 -1265.286)
(-29.65124 4444.484 -4212.613)
(-32.1566 4440.219 -9943.595)
(-34.80814 4436.425 -12254.83)
(-37.92593 4431.642 -13550.23)
(-41.35512 4426.471 -13449.04)
(-62.13345 6062.6 -15979.07)
(-68.40168 6054.376 -14093.01)
(-75.44977 6044.618 -13585.41)
(-84.08024 6034.98 -13076.57)
(-94.1514 6023.082 -18168.89)
(-52.35781 3015.598 -10809.78)
(-58.27268 3037.241 -8640.779)
(-65.41149 3060.19 -6178.239)
(-73.37248 3076.521 -3705.124)
(-77.77147 3079.622 -1231.87)
(-27.4702 -4448.804 -4217.405)
(-29.66179 -4445.434 -9955.15)
(-32.06474 -4441.263 -12269.14)
(-34.70749 -4436.517 -13567.38)
(-37.85081 -4431.891 -13467.11)
(-56.64194 -6071.163 -16002.05)
(-62.03238 -6063.666 -14115.57)
(-68.33052 -6055.02 -13609.16)
(-75.37423 -6046.333 -13101.2)
(-83.982 -6036.203 -18208.29)
(-46.475 -3022.693 -10835.63)
(-51.33103 -3045.404 -8664.613)
(-57.40881 -3069.83 -6197.677)
(-64.7447 -3087.842 -3718.694)
(-72.98097 -3092.508 -1237.155)
(-24.82939 -13244.67 -4232.148)
(-26.62399 -13234.62 -9990.457)
(-28.70975 -13224.29 -12314.52)
(-31.0262 -13213.04 -13620.61)
(-33.58933 -13201.63 -13524.78)
(-50.27683 -18087.42 -16080.85)
(-54.87293 -18068.72 -14201.5)
(-60.08514 -18048.77 -13708.35)
(-66.17657 -18026.97 -13214.02)
(-73.01831 -18002.75 -18392.46)
(-40.19751 -9031.897 -10986.34)
(-44.14682 -9143.446 -8843.319)
(-48.96992 -9266.161 -6366.149)
(-55.00005 -9366.478 -3839.648)
(-62.29836 -9410.959 -1281.52)
(-21.80787 -21560.12 -4262.304)
(-23.27876 -21545.16 -10065.65)
(-24.98944 -21531.9 -12417.66)
(-26.90978 -21519.21 -13750.31)
(-29.06795 -21506.34 -13669.18)
(-43.15793 -29475.47 -16286.8)
(-47.1324 -29454.06 -14433.16)
(-51.5072 -29433.36 -13980.59)
(-56.37213 -29412.28 -13526.8)
(-62.02605 -29389.38 -18914.35)
(-33.8043 -14810.47 -11427.78)
(-36.87227 -15181.41 -9397.151)
(-40.59991 -15610.69 -6908.307)
(-45.2091 -16001.74 -4241.16)
(-50.98995 -16230.58 -1430.777)
(-18.61197 -28413.11 -4323.646)
(-19.71557 -28398.27 -10229.63)
(-21.05117 -28387.4 -12663.25)
(-22.63423 -28381.4 -14075.66)
(-24.3331 -28378.62 -14043.85)
(-36.04405 -38914.64 -16831.79)
(-39.02643 -38909.38 -15054.3)
(-42.65503 -38908.1 -14718.44)
(-46.65498 -38911.38 -14379.79)
(-51.02312 -38918.09 -20346.41)
(-27.63099 -19795.25 -12672.84)
(-29.7284 -20841.14 -11038.84)
(-32.39893 -22184.99 -8628.62)
(-35.68098 -23640.5 -5617.146)
(-39.85912 -24789.58 -1971.55)
(-15.24044 -31511.24 -4449.706)
(-16.25289 -31501.77 -10585.48)
(-17.157 -31500.4 -13223.36)
(-18.36907 -31508.66 -14839.65)
(-19.75445 -31526.77 -14938.87)
(-29.09695 -43262.27 -18146.09)
(-31.44038 -43290.18 -16560.34)
(-33.99531 -43329.83 -16515.1)
(-37.19357 -43381.13 -16466.74)
(-40.746 -43443.08 -23866.37)
(-21.80704 -22398.11 -15843.71)
(-23.01491 -24605.27 -15605.21)
(-24.45603 -28013.71 -14171.3)
(-26.28925 -33154.27 -11050.05)
(-28.70331 -40931.98 -4457.564)
(-12.24123 -27582.01 -4644.271)
(-13.05646 -27572.23 -11146)
(-13.86296 -27568.24 -14124.86)
(-14.55752 -27568.73 -16082.83)
(-15.65906 -27575.38 -16408.25)
(-23.11031 -37827.68 -20315.73)
(-24.78175 -37838.01 -19060.29)
(-26.77617 -37855.5 -19512.19)
(-28.94715 -37880.5 -19967.22)
(-31.63064 -37911.32 -29817.35)
(-16.82663 -19384.78 -21548.5)
(-17.14204 -20781.22 -25338.37)
(-17.20966 -22890.95 -30324.07)
(-16.80983 -25979.67 -38336.24)
(-15.46259 -30492.95 -32896.16)
(-116.3323 -7651.883 -116235.8)
(-120.3765 -3150.625 -41945.97)
(-125.4287 -1423.627 -37271.58)
(-129.6704 -673.1801 -35070.16)
(-130.6748 -304.1099 -33979.56)
(-123.6872 -86.67243 -33467.03)
(-104.246 93.21957 -33352.61)
(-80.07703 330.3666 -33674.9)
(-31.51094 782.0283 -34686.67)
(-10.06092 -19122.19 -4667.183)
(-10.7236 -19109.88 -11196.38)
(-11.41977 -19094.63 -14182.52)
(-12.06629 -19076.33 -16144.53)
(-12.65158 -19056.37 -16470.36)
(-18.70434 -26103.97 -20398.43)
(-20.11697 -26070.09 -19146.11)
(-21.5363 -26032.87 -19607.47)
(-23.32004 -25990.72 -20067.26)
(-25.17443 -25945.15 -29965.3)
(-13.31451 -12852.44 -21517.71)
(-13.51384 -12431.36 -24581.02)
(-13.39179 -11550.19 -27417.43)
(-13.01469 -9747.702 -30358.79)
(-12.30608 -6179.459 -22194.62)
(-100.7216 -14117.98 -70524.45)
(-105.3371 -6707.664 -35818.82)
(-110.3933 -3309.693 -34892.9)
(-115.3265 -1646.513 -34053.81)
(-118.9075 -765.4728 -33504.66)
(-119.0563 -225.0636 -33189.53)
(-111.6812 221.5387 -33054.58)
(-93.2946 777.758 -33085.51)
(-70.04751 1728.579 -33260.22)
(-26.83153 3653.728 -33269)
(-8.550175 -11589.34 -4633.602)
(-9.184924 -11580.32 -11084.22)
(-9.731874 -11567.36 -13979.2)
(-10.28376 -11549.88 -15849.99)
(-10.96885 -11527.77 -16111.28)
(-15.80815 -15780.6 -19861.62)
(-16.85572 -15746.1 -18528.15)
(-18.12927 -15705.83 -18865.59)
(-19.43141 -15661.9 -19201.95)
(-21.06465 -15610.21 -28494.24)
(-11.03199 -7593.221 -20107.93)
(-11.16152 -6941.139 -22224.21)
(-11.16754 -5957.725 -23770.17)
(-10.93222 -4562.125 -25076.39)
(-10.5307 -2713.859 -17700.01)
(-87.99405 -10777.73 -55911.26)
(-92.52643 -6280.22 -31330.32)
(-97.06828 -3476.8 -32396.96)
(-101.7235 -1847.228 -32720.82)
(-105.941 -892.0683 -32768.72)
(-108.6089 -273.7234 -32708.29)
(-107.8468 236.9105 -32585.14)
(-100.1524 827.43 -32381.5)
(-82.88119 1697.453 -32001.02)
(-61.0455 3071.65 -31173.33)
(-20.86766 5982.609 -27356.74)
(-7.745161 -6057.058 -4604.194)
(-8.062441 -6051.28 -10989.24)
(-8.691797 -6044.113 -13810.77)
(-9.166788 -6034.195 -15607.02)
(-9.610493 -6021.012 -15818.2)
(-14.20166 -8238.19 -19426.72)
(-14.89621 -8219.611 -18025.99)
(-15.70721 -8195.026 -18266.48)
(-17.06061 -8167.046 -18503.82)
(-18.22842 -8137.482 -27313.28)
(-9.533096 -3929.36 -19024.23)
(-9.639533 -3516.572 -20583.91)
(-9.6494 -2946.01 -21568.95)
(-9.551783 -2221.296 -22351.71)
(-9.288341 -1370.059 -15621.72)
(-78.01189 -6462.218 -49381.92)
(-81.97913 -4165.335 -28665.79)
(-85.93239 -2476.419 -30614.77)
(-89.85121 -1378.159 -31635.77)
(-93.72403 -685.4644 -32114.31)
(-97.01138 -217.9248 -32262.75)
(-98.68761 168.3674 -32173.3)
(-97.06898 591.7076 -31849.63)
(-89.21481 1153.946 -31216.99)
(-73.19583 1914.553 -30126)
(-48.80483 3211.259 -27042.64)
(-15.06172 2578.913 -22850.08)
(-7.278699 -1871.558 -4590.479)
(-7.494545 -1869.926 -10943.69)
(-7.817725 -1867.217 -13730.64)
(-8.470602 -1864.225 -15490.98)
(-8.857806 -1860.341 -15677.7)
(-12.75427 -2544.75 -19217.04)
(-13.84365 -2538.679 -17785.83)
(-14.46103 -2531.521 -17976.17)
(-15.15689 -2522.748 -18167.51)
(-16.51261 -2512.532 -26745.9)
(-8.56086 -1210.951 -18507.63)
(-8.596637 -1077.359 -19826.34)
(-8.611853 -897.97 -20597.76)
(-8.530376 -678.0905 -21206.89)
(-8.352457 -428.2979 -14774.99)
(-70.23235 -2142.508 -46718.25)
(-73.51825 -1439.565 -27457.16)
(-76.72973 -884.5943 -29735.73)
(-79.93155 -503.8184 -31070.04)
(-83.05103 -254.5182 -31765.51)
(-86.02128 -82.52313 -32030.63)
(-88.32466 59.71455 -31971.31)
(-89.02843 211.4636 -31607.81)
(-86.65782 402.9193 -30891.74)
(-78.79567 643.6645 -29738.27)
(-59.30659 1018.016 -26957.48)
(-35.40163 849.1077 -23149.41)
(-10.14522 529.1238 -20344.62)
(-28.15115 1835.497 -4508.112)
(-31.55103 1831.023 -10740.15)
(-35.43816 1824.517 -13469.31)
(-39.94672 1817.63 -15179.52)
(-44.89094 1809.334 -15339.74)
(-69.21864 2467.371 -18762.04)
(-75.02255 2452.665 -17312.32)
(-73.56611 2435.941 -17438.52)
(-70.01915 2428.29 -17555.68)
(-34.8455 2404.511 -25762.39)
(-25.85066 5957.842 -4531.892)
(-28.88443 5943.49 -10810.85)
(-32.35259 5926.743 -13581.59)
(-36.31078 5904.513 -15335.28)
(-40.82923 5879.896 -15523.14)
(-63.09318 8025.471 -19030.21)
(-71.01362 7980.902 -17616.31)
(-76.93228 7931.435 -17797.24)
(-74.55259 7877.198 -17966.41)
(-71.53888 7850.685 -26425.27)
(-17.51144 3770.299 -18346.85)
(-24.91954 11429.19 -4570.487)
(-27.4095 11405.89 -10928)
(-30.50969 11376.65 -13779.31)
(-34.2087 11343.17 -15611.33)
(-38.3956 11301.39 -15851.71)
(-59.19021 15437.5 -19511.65)
(-66.86176 15367.05 -18165.23)
(-75.21055 15284.43 -18451.29)
(-81.34192 15191.34 -18725.83)
(-76.96057 15093.71 -27694.02)
(-36.13751 7348.494 -19479.99)
(-17.68708 6674.825 -21465.54)
(-24.8444 18901.23 -4612.508)
(-27.33604 18870.99 -11060.33)
(-30.10699 18835.23 -14007.91)
(-33.45081 18793.41 -15936.47)
(-37.47382 18747.04 -16242.95)
(-57.73414 25637.22 -20089.98)
(-64.95534 25557.5 -18825.58)
(-73.56294 25462.8 -19241.24)
(-82.80814 25354.54 -19645.71)
(-89.28719 25230.57 -29253.87)
(-38.96458 12463.44 -20936.99)
(-36.62261 12071.82 -23860.01)
(-19.12971 11121.54 -26529.76)
(-25.94638 27323.71 -4598.171)
(-28.29143 27292.43 -11031.56)
(-31.10479 27265.08 -13978.36)
(-34.3712 27239.03 -15907.14)
(-38.14602 27215.07 -16215.7)
(-58.57764 37284.28 -20058.43)
(-65.74181 37239.43 -18791.8)
(-74.12568 37192.19 -19208.65)
(-84.12807 37138.34 -19619.26)
(-94.85963 37078.23 -29232.36)
(-49.49947 18907.56 -21067.14)
(-38.83682 20220.45 -24696.47)
(-41.09028 22306.08 -29519.45)
(-23.05939 25097.61 -37141.99)
(-27.57844 31277.79 -4413.568)
(-30.16387 31249.86 -10496.94)
(-32.96071 31228.58 -13110.94)
(-36.26376 31212.9 -14707.46)
(-40.02335 31203.21 -14797.48)
(-61.01559 42776.38 -17960.17)
(-68.32193 42753.9 -16373.3)
(-76.75194 42737.22 -16308.21)
(-86.79689 42719.9 -16236.93)
(-98.59384 42701.32 -23493.56)
(-54.58358 21969.35 -15564.79)
(-56.16467 24078.49 -15292.03)
(-41.83233 27353.98 -13848.86)
(-56.14299 32428.64 -10793.19)
(-41.00907 39697.17 -4335.166)
(-28.90438 28256.19 -4296.469)
(-31.45203 28228.69 -10164)
(-34.33747 28204.88 -12580.17)
(-37.58003 28182.76 -13979.45)
(-41.35247 28161.82 -13941.99)
(-62.59868 38589.38 -16699.58)
(-69.65723 38552.14 -14924.12)
(-77.96408 38513.31 -14577.79)
(-87.66504 38473.34 -14227.63)
(-99.28277 38427.08 -20106.02)
(-55.61262 19515.99 -12504.54)
(-61.22545 20510.96 -10872.96)
(-63.97689 21788.18 -8480.615)
(-45.3752 23174.61 -5507.262)
(-72.16 24369.07 -1936.353)
(-29.38345 21480.41 -4244.142)
(-31.8183 21460.23 -10021.57)
(-34.61034 21439.43 -12361.97)
(-37.75271 21418.74 -13686.39)
(-41.35153 21397.38 -13601.69)
(-62.41931 29311.77 -16199.86)
(-68.90907 29274.98 -14348.38)
(-76.72316 29236.13 -13890)
(-85.87406 29192.4 -13429.6)
(-96.60387 29144.9 -18763.17)
(-54.04044 14672.67 -11325.28)
(-60.18762 15022.53 -9301.997)
(-66.96607 15425.6 -6828.727)
(-70.60451 15785.76 -4184.899)
(-48.07442 15990.31 -1408.88)
(-28.78113 13220.37 -4223.068)
(-31.21359 13208.07 -9968.311)
(-33.78507 13195.83 -12286.54)
(-36.7756 13182.5 -13588.45)
(-40.10653 13168.16 -13490.66)
(-60.26458 18037.81 -16037.59)
(-66.35966 18013.77 -14159.41)
(-73.2214 17988.21 -13663.22)
(-81.57364 17960.58 -13166.1)
(-91.33307 17928.8 -18318.07)
(-50.76956 8990.249 -10936.37)
(-56.449 9096.11 -8798.173)
(-63.3112 9211.638 -6329.114)
(-70.96266 9303.024 -3813.942)
(-75.23892 9337.985 -1271.515)
(-27.4742 4449.005 -4217.118)
(-29.61246 4444.905 -9955.314)
(-32.10228 4440.795 -12269.53)
(-34.74428 4437.119 -13567.25)
(-37.85314 4432.467 -13467.02)
(-56.61928 6071.719 -16001.67)
(-62.04666 6063.804 -14115.68)
(-68.30989 6055.811 -13608.63)
(-75.35288 6046.302 -13101.71)
(-83.97535 6036.886 -18208.32)
(-46.48024 3022.779 -10836.06)
(-51.33544 3045.874 -8664.577)
(-57.39832 3069.954 -6197.662)
(-64.73885 3087.875 -3718.685)
(-72.97985 3092.419 -1237.16)
(-25.59298 -4453.154 -4221.65)
(-27.43379 -4449.229 -9966.116)
(-29.61087 -4445.998 -12282.95)
(-32.00648 -4441.955 -13582.48)
(-34.64174 -4437.345 -13483.61)
(-51.8211 -6079.151 -16022.87)
(-56.56301 -6072.361 -14135.96)
(-61.94912 -6065.106 -13630.4)
(-68.24106 -6056.702 -13124.61)
(-75.27992 -6048.235 -18242.63)
(-41.45955 -3029.3 -10859.57)
(-45.56667 -3052.992 -8685.325)
(-50.56602 -3078.184 -6214.729)
(-56.82435 -3097.577 -3730.372)
(-64.40748 -3103.776 -1241.689)
(-23.2474 -13255.97 -4236.283)
(-24.7953 -13246.14 -10000.35)
(-26.57844 -13236.75 -12326.8)
(-28.65598 -13227.04 -13635.05)
(-30.96579 -13216.42 -13539.4)
(-45.98485 -18109.83 -16100.23)
(-50.20452 -18092.47 -14219.94)
(-54.79779 -18074.81 -13727.47)
(-60.00545 -18055.9 -13234.69)
(-66.09086 -18035.11 -18424.48)
(-36.03406 -9049.352 -11007.07)
(-39.38283 -9163.56 -8862.414)
(-43.45517 -9288.712 -6381.308)
(-48.44806 -9392.141 -3850.099)
(-54.70093 -9440.555 -1285.502)
(-20.52113 -21576.82 -4266.106)
(-21.77632 -21563.46 -10074.85)
(-23.23655 -21550.63 -12428.99)
(-24.9401 -21539.43 -13763.48)
(-26.85409 -21528.78 -13682.8)
(-39.79121 -29508.2 -16304.14)
(-43.09284 -29490.25 -14449.84)
(-47.0634 -29471.97 -13998.38)
(-51.43391 -29454.36 -13545.62)
(-56.29441 -29436.33 -18943.3)
(-30.57868 -14836.68 -11447.07)
(-33.05254 -15210.52 -9414.627)
(-36.22345 -15644.52 -6922.805)
(-40.10176 -16040.26 -4251.064)
(-44.92261 -16274.76 -1434.592)
(-17.37124 -28433.46 -4327.058)
(-18.58258 -28420.32 -10238.5)
(-19.67646 -28411.15 -12673.38)
(-21.00636 -28405.88 -14087.79)
(-22.58251 -28405.48 -14056.59)
(-33.30333 -38954.44 -16847.66)
(-35.98394 -38952.47 -15069.82)
(-38.96243 -38955.34 -14734.91)
(-42.58619 -38962.14 -14397.72)
(-46.58131 -38973.43 -20373.8)
(-25.09764 -19826.62 -12691.74)
(-26.8765 -20877.23 -11056.8)
(-29.04227 -22226.99 -8644.266)
(-31.83851 -23690.8 -5628.564)
(-35.34109 -24848.35 -1976.032)
(-14.31412 -31532.09 -4453.059)
(-15.21312 -31523.8 -10593.35)
(-16.21625 -31525.19 -13233.36)
(-17.11478 -31534.65 -14850.6)
(-18.32078 -31553.77 -14951.13)
(-27.02665 -43303.15 -18161.37)
(-29.03817 -43333.92 -16575.74)
(-31.377 -43377.5 -16531.39)
(-33.92776 -43432.91 -16484.24)
(-37.11823 -43500.07 -23895.63)
(-19.93277 -22429.76 -15864.8)
(-20.92091 -24643.48 -15627.61)
(-22.09627 -28061.13 -14193.89)
(-23.56611 -33215.87 -11069.73)
(-25.61326 -41017.06 -4466.499)
(-11.46875 -27599.43 -4647.251)
(-12.21648 -27590.46 -11153.36)
(-13.02101 -27587.6 -14134.86)
(-13.82142 -27590.45 -16093.45)
(-14.51257 -27597.87 -16419.27)
(-21.41071 -37860.44 -20332.3)
(-23.0491 -37873.77 -19075.75)
(-24.71487 -37894.16 -19530.17)
(-26.7022 -37921.74 -19986.28)
(-28.86497 -37956.87 -29849.47)
(-15.32824 -19410.13 -21573.89)
(-15.66218 -20810.39 -25371.57)
(-15.64357 -22926.02 -30367.67)
(-15.17977 -26023.07 -38397.85)
(-13.86411 -30548.93 -32955.11)
(-103.7666 -7667.997 -116470.7)
(-106.7502 -3158.082 -42039.83)
(-111.1177 -1427.482 -37366.43)
(-115.7182 -675.2614 -35171.26)
(-119.1135 -305.2166 -34090.41)
(-119.1322 -87.08293 -33587.4)
(-111.6273 93.49253 -33473.85)
(-93.07162 331.4705 -33778.67)
(-69.61286 783.9206 -34790.5)
(-26.34941 1855.83 -37330.32)
(-9.465338 -19133.15 -4669.85)
(-10.03849 -19121.54 -11203.11)
(-10.69125 -19107.5 -14191.62)
(-11.37949 -19090.45 -16155.47)
(-12.02423 -19070.36 -16479.73)
(-17.29689 -26125.18 -20412.02)
(-18.64889 -26093.88 -19161.37)
(-20.05583 -26057.7 -19622.82)
(-21.47 -26018.09 -20085.06)
(-23.24518 -25973.44 -29993.97)
(-12.15784 -12868.03 -21539.78)
(-12.2933 -12447.58 -24609.75)
(-12.23598 -11566.46 -27452.91)
(-11.82778 -9762.692 -30401.71)
(-11.10803 -6189.887 -22229.66)
(-90.31447 -14144.5 -70648.14)
(-93.95281 -6721.889 -35889.59)
(-97.91819 -3317.566 -34970.32)
(-102.2209 -1650.998 -34140.06)
(-106.2121 -767.8663 -33600.98)
(-108.7102 -225.9636 -33297.3)
(-107.7764 222.1556 -33172.42)
(-99.85133 780.3924 -33204.36)
(-82.25635 1734.009 -33362.78)
(-60.02997 3663.128 -33364.08)
(-19.87183 10129.03 -28127.37)
(-8.314067 -11596.87 -4635.835)
(-8.530575 -11586.62 -11090.3)
(-9.155782 -11574.24 -13987.37)
(-9.697374 -11557.89 -15858.95)
(-10.24481 -11537.04 -16121.02)
(-14.99041 -15790.31 -19874.23)
(-15.76 -15759.89 -18540.64)
(-16.80323 -15720.93 -18879.4)
(-18.07307 -15676.17 -19216.28)
(-19.36909 -15627.7 -28518.74)
(-10.16073 -7601.708 -20126.86)
(-10.19543 -6949.337 -22246.82)
(-10.16098 -5965.576 -23797.51)
(-9.980001 -4568.639 -25108.29)
(-9.568664 -2718.046 -17724.52)
(-79.42132 -10796.2 -55997.72)
(-82.96405 -6292.098 -31384.83)
(-86.57383 -3484.211 -32460.57)
(-90.24731 -1851.643 -32793.27)
(-93.94676 -894.5259 -32851.6)
(-97.09597 -274.6356 -32802.2)
(-98.63074 237.5532 -32690.59)
(-96.82337 830.199 -32496.11)
(-88.6983 1703.31 -32114.88)
(-72.36071 3081.163 -31269.3)
(-47.56046 5998.252 -27430.8)
(-14.61646 4406.462 -22276.32)
(-7.489172 -6061.2 -4606.525)
(-7.726398 -6055.145 -10994.58)
(-8.036388 -6047.127 -13818.21)
(-8.659291 -6037.699 -15615.74)
(-9.129767 -6025.534 -15827.27)
(-13.13433 -8244.483 -19437.03)
(-14.15713 -8224.345 -18038.74)
(-14.84903 -8202.781 -18277.4)
(-15.65872 -8175.259 -18517.12)
(-17.00449 -8144.333 -27334.78)
(-8.800564 -3933.869 -19039.65)
(-8.834991 -3520.507 -20602.95)
(-8.816389 -2949.446 -21590.97)
(-8.701156 -2224.256 -22377.01)
(-8.470677 -1372.023 -15641.23)
(-70.86552 -6472.163 -49449.74)
(-73.98786 -4172.502 -28710.26)
(-77.04952 -2481.114 -30668.04)
(-80.13493 -1381.107 -31697.89)
(-83.16723 -687.1175 -32185.52)
(-86.06617 -218.5603 -32344.38)
(-88.29609 168.7964 -32265.65)
(-88.90316 593.5538 -31952.45)
(-86.39217 1157.903 -31326.82)
(-78.35128 1921.189 -30232.32)
(-58.64053 3221.143 -27125.38)
(-34.92397 2585.534 -22907.2)
(-10.01147 1572.295 -20056.93)
(-6.83564 -1872.678 -4592.727)
(-7.259792 -1870.916 -10949.33)
(-7.470669 -1868.538 -13736.53)
(-7.789325 -1865.095 -15499.28)
(-8.435154 -1861.361 -15686.44)
(-12.10421 -2547.051 -19226.71)
(-12.71563 -2540.194 -17796.26)
(-13.79774 -2533.135 -17988.7)
(-14.41419 -2525.01 -18178.44)
(-15.10983 -2515.27 -26764.31)
(-7.970431 -1212.004 -18522.21)
(-7.939535 -1078.553 -19842.56)
(-7.889065 -898.9621 -20616.84)
(-7.797058 -678.8848 -21228.47)
(-7.61149 -428.867 -14791.56)
(-64.02799 -2145.542 -46776.54)
(-66.77212 -1441.78 -27495.54)
(-69.24467 -886.116 -29782.13)
(-71.66785 -504.7757 -31124.32)
(-74.06916 -255.0674 -31828.06)
(-76.34684 -82.73211 -32101.83)
(-78.39223 59.84979 -32052.3)
(-79.71318 212.0597 -31698.55)
(-79.47534 404.2006 -30991.27)
(-76.42039 645.8869 -29842.37)
(-63.53411 1021.552 -27051.59)
(-43.11865 851.7159 -23219.38)
(-23.8323 530.4612 -20391.95)
(-5.810981 271.5607 -18746.44)
(-25.13689 1839.706 -4516.434)
(-28.07791 1834.894 -10762.79)
(-31.44681 1829.703 -13497.48)
(-35.30789 1822.496 -15216.24)
(-39.78711 1814.887 -15379.79)
(-61.34172 2477.261 -18817.01)
(-68.99574 2462.987 -17373.44)
(-74.7608 2447.358 -17508.3)
(-73.27083 2429.747 -17633.17)
(-69.72885 2421.158 -25861.71)
(-16.70201 1160.107 -17838.53)
(-23.49452 5968.711 -4539.483)
(-25.78541 5956.009 -10830.61)
(-28.7897 5939.488 -13608.23)
(-32.23522 5920.551 -15366.99)
(-36.16985 5896.18 -15559.19)
(-55.79638 8051.416 -19078.45)
(-62.89919 8012.11 -17669.16)
(-70.78157 7964.732 -17860.45)
(-76.65881 7912.441 -18039.9)
(-74.24928 7855.453 -26538.46)
(-34.20805 3796.179 -18419.2)
(-15.96927 3377.692 -19865.73)
(-22.60998 11447.53 -4577.703)
(-24.85772 11426.59 -10946.72)
(-27.32343 11400.02 -13802.6)
(-30.40329 11367.5 -15641.03)
(-34.07846 11330.72 -15884.63)
(-52.47246 15480.44 -19557.33)
(-59.01184 15417.48 -18212.67)
(-66.65323 15342.73 -18508.18)
(-74.96313 15255.83 -18792.76)
(-81.05033 15158.44 -27808.91)
(-36.81361 7351.564 -19557.73)
(-32.93899 6727.237 -21552.1)
(-15.82744 5734.599 -22979.01)
(-22.69271 18928.91 -4618.994)
(-24.78696 18900.7 -11078.27)
(-27.25447 18868.79 -14029.8)
(-30.00758 18831.31 -15964.06)
(-33.3318 18787.78 -16272.63)
(-51.22262 25701.44 -20132.95)
(-57.5656 25627.65 -18870.57)
(-64.76177 25545.66 -19293.16)
(-73.33337 25448.68 -19708.63)
(-82.53503 25338.05 -29361.65)
(-42.97254 12515.9 -21024.23)
(-35.49408 12074.72 -23939.88)
(-32.93847 11233.31 -26651.11)
(-16.35651 9401.921 -29400.9)
(-23.65124 27359.18 -4604.719)
(-25.89146 27332.18 -11047.98)
(-28.2164 27307.82 -13998.53)
(-31.01276 27287.27 -15932.8)
(-34.25813 27268.07 -16244.39)
(-52.15817 37366.09 -20096.28)
(-58.42479 37330.06 -18833.56)
(-65.56684 37295.06 -19254.54)
(-73.92329 37257.68 -19674.59)
(-83.88672 37213.71 -29327.98)
(-45.92241 18986.46 -21147.91)
(-45.82625 20304.55 -24799.93)
(-35.15989 22314.23 -29594.09)
(-35.61594 25355.31 -37387.34)
(-17.18995 29530.37 -31913.76)
(-25.34176 31315.8 -4419.252)
(-27.53004 31290.35 -10511.48)
(-30.09601 31273.24 -13129.5)
(-32.87938 31262.68 -14729.31)
(-36.16824 31257.8 -14821.55)
(-54.7581 42859.03 -17991.66)
(-60.89286 42847.5 -16405.82)
(-68.18415 42840.46 -16344.59)
(-76.59771 42839.23 -16277.64)
(-86.62123 42837.43 -23562.03)
(-48.24073 22049.25 -15616.71)
(-52.301 24177.37 -15351.76)
(-53.72023 27466.67 -13908.5)
(-40.12206 32439.87 -10818.02)
(-54.63997 40110.52 -4363.115)
(-26.69854 28286.68 -4301.831)
(-28.85954 28263.41 -10177.2)
(-31.39033 28241.6 -12597.04)
(-34.2641 28223.35 -13999.02)
(-37.49527 28206.81 -13963.17)
(-56.59674 38657.03 -16727.11)
(-62.49348 38627.07 -14951.52)
(-69.54282 38597.86 -14607.57)
(-77.83929 38566.99 -14260.21)
(-87.52758 38534.92 -20158.33)
(-48.83585 19577.9 -12542.02)
(-54.07843 20585.48 -10910.29)
(-59.7657 21877.65 -8514.596)
(-62.75573 23269.58 -5532.156)
(-44.98301 24360.16 -1937.45)
(-27.03863 21502.44 -4249.196)
(-29.3413 21483.77 -10033.93)
(-31.76038 21465.72 -12377.86)
(-34.54248 21446.98 -13704.16)
(-37.67575 21428.34 -13620.93)
(-56.60619 29358.78 -16224.72)
(-62.32505 29326.55 -14372.75)
(-68.80784 29292.87 -13916.2)
(-76.61401 29257.07 -13457.93)
(-85.75633 29216.37 -18807.29)
(-47.62744 14713.87 -11355.73)
(-52.83469 15070.09 -9330.459)
(-59.11806 15481.82 -6852.873)
(-66.11566 15850.92 -4202.179)
(-70.10295 16055.62 -1415.58)
(-26.66447 13232.72 -4227.802)
(-28.74166 13221.83 -9979.888)
(-31.15989 13210.21 -12301.1)
(-33.72191 13198.6 -13605.25)
(-36.70398 13185.89 -13508.29)
(-54.90795 18063.96 -16060.14)
(-60.17872 18042.87 -14181.69)
(-66.26788 18019.88 -13686.79)
(-73.12409 17995.34 -13191.15)
(-81.46858 17968.71 -18357.7)
(-45.07115 9012.272 -10962.62)
(-49.74085 9121.596 -8822.22)
(-55.56374 9240.84 -6348.806)
(-62.62753 9337.07 -3827.732)
(-70.56267 9376.728 -1276.902)
(-25.6431 4452.541 -4221.804)
(-27.43744 4449.421 -9965.466)
(-29.56375 4445.473 -12283.16)
(-32.04327 4441.498 -13582.88)
(-34.67754 4437.939 -13483.49)
(-51.82374 6079.94 -16022.78)
(-56.54075 6072.913 -14135.65)
(-61.96287 6065.245 -13630.49)
(-68.22133 6057.481 -13124.14)
(-75.2595 6048.217 -18243.27)
(-41.45789 3029.637 -10859.58)
(-45.57097 3053.143 -8685.548)
(-50.56705 3078.641 -6214.708)
(-56.81393 3097.692 -3730.363)
(-64.40194 3103.805 -1241.686)
(-23.99111 -4456.941 -4225.847)
(-25.55921 -4453.568 -9975.683)
(-27.38807 -4449.803 -12295.69)
(-29.55559 -4446.688 -13597.17)
(-31.9456 -4442.773 -13498.22)
(-47.42814 -6086.632 -16042.26)
(-51.74884 -6080.344 -14154.35)
(-56.4868 -6073.797 -13650.05)
(-61.86882 -6066.78 -13145.1)
(-68.15492 -6058.615 -18275.15)
(-37.16387 -3035.297 -10880.07)
(-40.64832 -3059.646 -8704.401)
(-44.88348 -3085.801 -6229.594)
(-50.05435 -3105.981 -3740.624)
(-56.53161 -3113.544 -1245.586)
(-21.8603 -13266.51 -4240.153)
(-23.21538 -13257.42 -10009.68)
(-24.75251 -13248.27 -12338.27)
(-26.52901 -13239.5 -13648.1)
(-28.59977 -13230.41 -13553.38)
(-42.39337 -18130.12 -16117.41)
(-45.91915 -18114.88 -14237.05)
(-50.13464 -18098.57 -13745.28)
(-54.7252 -18081.94 -13253.16)
(-59.92857 -18064.04 -18453.27)
(-32.61223 -9065.492 -11026.19)
(-35.30391 -9181.206 -8879.1)
(-38.76627 -9308.996 -6395.057)
(-42.9905 -9414.931 -3859.254)
(-48.18568 -9466.375 -1288.998)
(-19.13344 -21592.6 -4269.665)
(-20.49168 -21580.16 -10083.42)
(-21.73676 -21568.92 -12439.67)
(-23.19072 -21558.16 -13775.54)
(-24.8885 -21549.01 -13695.55)
(-36.76024 -29538.96 -16320.17)
(-39.73113 -29522.98 -14465.21)
(-43.02973 -29508.16 -14014.55)
(-46.99654 -29492.98 -13562.85)
(-51.36299 -29478.43 -18969.62)
(-27.75288 -14860.28 -11464.56)
(-29.89698 -15237.17 -9430.474)
(-32.47135 -15674.36 -6935.646)
(-35.77869 -16074.84 -4259.97)
(-39.84749 -16313.85 -1437.939)
(-16.33245 -28452.04 -4330.405)
(-17.3442 -28440.66 -10246.2)
(-18.54571 -28433.2 -12683.68)
(-19.63388 -28429.62 -14098.63)
(-20.95931 -28429.96 -14068.36)
(-30.90673 -38991.27 -16862.73)
(-33.24736 -38992.29 -15084.04)
(-35.92511 -38998.45 -14750.08)
(-38.89986 -39009.41 -14413.82)
(-42.51891 -39024.26 -20399.19)
(-22.91267 -19854.71 -12708.83)
(-24.41031 -20909.96 -11073.21)
(-26.25598 -22265.15 -8658.321)
(-28.54038 -23735.4 -5638.752)
(-31.53467 -24901.02 -1980.047)
(-13.43151 -31552.15 -4456.208)
(-14.28811 -31544.65 -10600.95)
(-15.17855 -31547.23 -13242.6)
(-16.17595 -31559.42 -14861.39)
(-17.07002 -31579.77 -14961.87)
(-25.06567 -43340.23 -18176.1)
(-26.97175 -43374.83 -16589.72)
(-28.97946 -43421.32 -16546.77)
(-31.31369 -43480.66 -16500.52)
(-33.86021 -43551.96 -23921.11)
(-18.16424 -22458.97 -15884.18)
(-19.11426 -24677.96 -15648.37)
(-20.08064 -28104.17 -14214.34)
(-21.29339 -33271.57 -11087.43)
(-22.9606 -41092.7 -4474.464)
(-10.86139 -27615.72 -4649.978)
(-11.44593 -27607.87 -11160.17)
(-12.18458 -27605.83 -14143.65)
(-12.98131 -27609.82 -16104.4)
(-13.77668 -27619.57 -16429.85)
(-19.84612 -37891.29 -20345.87)
(-21.35473 -37906.56 -19091.28)
(-22.98632 -37929.94 -19546.06)
(-24.64625 -37960.44 -20004.7)
(-26.62625 -37998.17 -29878.12)
(-13.99006 -19433.28 -21597.13)
(-14.26865 -20837.23 -25401.81)
(-14.289 -22957.84 -30407.74)
(-13.79511 -26062.46 -38453.53)
(-12.51771 -30599.49 -33008.36)
(-93.04266 -7682.333 -116679.8)
(-95.21402 -3164.757 -42123.69)
(-98.56043 -1430.871 -37449.69)
(-102.5658 -677.0977 -35260.54)
(-106.3915 -306.17 -34188.52)
(-108.7742 -87.43157 -33696.54)
(-107.7235 93.75826 -33593.22)
(-99.62651 332.5964 -33899.97)
(-81.73867 786.3748 -34897.71)
(-58.9738 1860.651 -37436.36)
(-18.18506 17390.35 -29760.15)
(-9.229217 -19145.3 -4672.543)
(-9.443902 -19132.49 -11209.21)
(-10.00963 -19119.15 -14199.64)
(-10.65513 -19103.31 -16165.41)
(-11.33628 -19084.45 -16490.57)
(-16.4372 -26144.35 -20423.67)
(-17.24978 -26115.08 -19174.2)
(-18.59197 -26081.44 -19638.44)
(-19.99309 -26042.87 -20100.87)
(-21.40186 -26000.76 -30020.65)
(-11.2195 -12882.02 -21560.51)
(-11.22661 -12462.43 -24635.46)
(-11.13687 -11581.4 -27485.27)
(-10.8005 -9776.331 -30441.28)
(-10.09204 -6199.329 -22261.23)
(-81.51626 -14168.47 -70759.96)
(-84.24313 -6734.54 -35952.71)
(-87.33248 -3324.615 -35039.39)
(-90.68809 -1654.936 -34215.89)
(-94.18524 -769.9776 -33686.1)
(-97.18268 -226.7172 -33392.98)
(-98.56195 222.7718 -33279.83)
(-96.53224 783.0171 -33321.89)
(-88.04392 1740.004 -33481.41)
(-71.17516 3674.445 -33466.74)
(-45.3954 10155.86 -28203.5)
(-13.92475 6302.116 -21137.49)
(-7.969518 -11604.18 -4638.814)
(-8.29322 -11594.14 -11095.38)
(-8.50551 -11580.54 -13994.59)
(-9.12333 -11564.77 -15867.87)
(-9.660344 -11545.03 -16129.92)
(-14.00115 -15802.96 -19886.11)
(-14.94502 -15769.63 -18552.48)
(-15.71085 -15734.67 -18892.12)
(-16.74962 -15691.22 -19230.42)
(-18.01541 -15641.94 -28540.24)
(-9.349861 -7610.085 -20144.25)
(-9.383839 -6957.01 -22267.94)
(-9.28259 -5972.6 -23822.06)
(-9.085939 -4574.612 -25137.34)
(-8.729601 -2721.896 -17747.12)
(-72.14121 -10812.77 -56075.78)
(-74.87618 -6302.86 -31434.01)
(-77.62515 -3490.801 -32517.34)
(-80.48854 -1855.597 -32857.86)
(-83.3645 -896.6804 -32924.55)
(-86.14018 -275.4364 -32885.27)
(-88.24321 238.1671 -32784.46)
(-88.67628 832.7974 -32601.04)
(-85.89362 1709.162 -32227.86)
(-77.46827 3091.857 -31379.61)
(-57.19872 6016.704 -27514.71)
(-33.94536 4417.832 -22331.92)
(-9.747227 2557.44 -19453.97)
(-7.07778 -6063.967 -4608.987)
(-7.470001 -6059.267 -10999.88)
(-7.702593 -6050.99 -13824.49)
(-8.00755 -6040.722 -15623.84)
(-8.624537 -6029.037 -15835.89)
(-12.47458 -8250.659 -19448.01)
(-13.09495 -8230.625 -18048.45)
(-14.11184 -8207.525 -18290.26)
(-14.80108 -8182.973 -18528.31)
(-15.60928 -8152.51 -27354.49)
(-8.203282 -3937.25 -19054.67)
(-8.153388 -3524.444 -20620.06)
(-8.087011 -2952.718 -21611.16)
(-7.951214 -2226.852 -22399.98)
(-7.718512 -1373.831 -15659)
(-64.61048 -6481.307 -49511.99)
(-67.19686 -4178.914 -28750.57)
(-69.5331 -2485.373 -30716.06)
(-71.85041 -1383.729 -31753.36)
(-74.17291 -688.5992 -32248.96)
(-76.38655 -219.1139 -32416.32)
(-78.36655 169.1818 -32347.41)
(-79.6005 595.2291 -32044.19)
(-79.23171 1161.588 -31427.76)
(-75.99162 1927.827 -30338.14)
(-62.82665 3232.338 -27220.07)
(-42.56242 2593.476 -22976.42)
(-23.53584 1576.275 -20103.52)
(-5.743184 797.6194 -18522.99)
(-6.396378 -1873.979 -4594.743)
(-6.818582 -1872.028 -10954.43)
(-7.235726 -1869.536 -13743.21)
(-7.44427 -1866.408 -15505.65)
(-7.759071 -1862.235 -15694.62)
(-11.52396 -2548.454 -19237.3)
(-12.0668 -2542.473 -17805.31)
(-12.67638 -2534.662 -17999.25)
(-13.75135 -2526.617 -18191.09)
(-14.36673 -2517.527 -26780.52)
(-7.303567 -1213.28 -18535.17)
(-7.388775 -1079.498 -19858.27)
(-7.283823 -899.9495 -20633.94)
(-7.149633 -679.632 -21248.25)
(-6.957461 -429.3681 -14806.65)
(-58.35828 -2148.333 -46829.52)
(-60.86671 -1443.812 -27530.7)
(-62.87875 -887.4786 -29824.2)
(-64.67148 -505.644 -31173.23)
(-66.41073 -255.5557 -31883.93)
(-68.08978 -82.92024 -32165.25)
(-69.58876 59.9713 -32123.75)
(-70.77756 212.5904 -31778.96)
(-71.21059 405.3556 -31080.26)
(-70.17671 647.9522 -29938.35)
(-61.76541 1025.091 -27145.62)
(-46.25505 854.6699 -23299.25)
(-29.33883 532.0883 -20452.74)
(-13.77601 272.2386 -18787.69)
(-1.894208 82.22096 -18040.42)
(-22.90198 1842.635 -4524.358)
(-25.0719 1839.088 -10781.61)
(-27.98531 1833.574 -13524.1)
(-31.33188 1827.659 -15246.72)
(-35.16936 1819.755 -15415.88)
(-54.36635 2484.885 -18865.51)
(-61.15083 2472.844 -17424.57)
(-68.76964 2457.656 -17570.24)
(-74.49568 2441.108 -17703.83)
(-72.97353 2422.612 -25974.66)
(-33.3278 1168.201 -17908.18)
(-15.2265 1033.415 -19121.26)
(-21.37441 5978.017 -4546.869)
(-23.43461 5966.866 -10847.83)
(-25.70277 5951.986 -13631.44)
(-28.68501 5933.281 -15395.92)
(-32.11003 5912.158 -15590.46)
(-49.42836 8073.71 -19122.24)
(-55.62624 8038.012 -17714.2)
(-62.70164 7995.844 -17914.22)
(-70.54568 7945.66 -18104.11)
(-76.38145 7890.555 -26646.95)
(-35.52026 3798.396 -18495.75)
(-31.09073 3402.297 -19946.07)
(-14.29801 2832.588 -20834.47)
(-20.6414 11463.89 -4584.402)
(-22.55432 11444.9 -10963.14)
(-24.77899 11420.69 -13824.72)
(-27.22788 11390.83 -15666.44)
(-30.28925 11355.03 -15914.05)
(-46.57279 15520.56 -19597.51)
(-52.31341 15460.34 -18255.45)
(-58.82936 15393.04 -18556.74)
(-66.43997 15313.97 -18850.9)
(-74.71026 15222.77 -27908.73)
(-38.96521 7382.938 -19638.6)
(-33.49941 6730.144 -21632.22)
(-29.47031 5782.916 -23078.36)
(-13.71298 4396.708 -24267.33)
(-20.77872 18954.28 -4625.52)
(-22.64066 18928.36 -11093.09)
(-24.71333 18898.49 -14051.09)
(-27.16335 18864.84 -15988.12)
(-29.90043 18825.6 -16300.06)
(-45.56214 25757.27 -20169.43)
(-51.07487 25691.78 -18911.02)
(-57.39237 25615.77 -19339.4)
(-64.56269 25531.42 -19762.06)
(-73.09755 25432.07 -29455.91)
(-39.79609 12568.78 -21102.31)
(-39.39794 12125.19 -24039.13)
(-31.79984 11237.74 -26732.1)
(-28.52886 9495.385 -29554.98)
(-12.96667 5971.678 -21522.43)
(-21.70269 27391.7 -4610.304)
(-23.60271 27367.66 -11062.97)
(-25.82077 27347.55 -14018.09)
(-28.13251 27330.04 -15954.94)
(-30.91357 27316.3 -16269.94)
(-46.84008 37438.81 -20131.41)
(-52.02265 37411.9 -18869.24)
(-58.26784 37385.79 -19297.34)
(-65.38703 37360.68 -19721.87)
(-73.71525 37333.2 -29410.89)
(-40.64324 19055.44 -21217.51)
(-42.6483 20388.12 -24895.37)
(-41.54368 22406.4 -29717.04)
(-30.93327 25373.75 -37468.77)
(-28.0188 29810.79 -32143.76)
(-94.67774 7424.295 -112979.1)
(-23.41709 31349.8 -4424.947)
(-25.29625 31328.35 -10524.35)
(-27.4688 31313.75 -13146.58)
(-30.02133 31307.37 -14749.35)
(-32.79317 31307.6 -14842.97)
(-49.48362 42933.96 -18020.54)
(-54.64767 42930.24 -16434.62)
(-60.77028 42934.18 -16377.05)
(-68.04656 42942.68 -16313.99)
(-76.44368 42956.99 -23621.14)
(-42.39028 22119.04 -15662.21)
(-46.26423 24264.26 -15403.16)
(-50.13842 27578.31 -13962.78)
(-51.60773 32573.06 -10864.06)
(-38.99749 40138.58 -4372.741)
(-24.52765 28315.85 -4306.995)
(-26.65644 28293.91 -10189.3)
(-28.80319 28276.3 -12612.4)
(-31.32312 28260.08 -14017.05)
(-34.1871 28247.4 -13982.18)
(-51.31789 38718.74 -16752.17)
(-56.50162 38694.75 -14976.16)
(-62.39055 38672.83 -14634.36)
(-69.43094 38651.62 -14289.33)
(-77.71728 38628.68 -20204.48)
(-43.05881 19632.49 -12574.59)
(-47.49847 20650.19 -10942.87)
(-52.81613 21956.46 -8543.785)
(-58.69865 23364.58 -5554.266)
(-62.09673 24459.84 -1946.158)
(-25.0268 21522.95 -4253.907)
(-26.99957 21505.8 -10045.32)
(-29.28844 21489.25 -12392.18)
(-31.69745 21473.26 -13721.1)
(-34.47149 21456.58 -13638.12)
(-51.57532 29401.23 -16247.36)
(-56.52067 29373.56 -14394.79)
(-62.23364 29344.44 -13939.82)
(-68.7098 29313.83 -13483.29)
(-76.5084 29281.06 -18846.93)
(-42.28059 14749.78 -11382.4)
(-46.56923 15112.04 -9355.44)
(-51.9027 15530.55 -6873.796)
(-58.38489 15908.4 -4217.01)
(-65.68164 16121.73 -1421.419)
(-24.8512 13244.84 -4232.345)
(-26.62736 13234.2 -9990.559)
(-28.69213 13223.97 -12314.55)
(-31.10156 13212.97 -13620.75)
(-33.65587 13201.98 -13524.55)
(-50.24919 18088.25 -16080.87)
(-54.83016 18069.02 -14201.62)
(-60.09571 18048.97 -13708.32)
(-66.17927 18027.01 -13213.89)
(-73.03025 18003.47 -18392.62)
(-40.20318 9032.245 -10986.29)
(-44.1568 9143.773 -8843.345)
(-48.96267 9266.594 -6366.117)
(-54.96888 9366.564 -3839.627)
(-62.28379 9410.968 -1281.515)
(-23.98578 4456.423 -4225.967)
(-25.6077 4452.969 -9976.034)
(-27.39132 4449.982 -12294.94)
(-29.51082 4446.169 -13597.42)
(-31.98158 4442.326 -13498.59)
(-47.47608 6087.438 -16042.12)
(-51.75108 6081.132 -14154.28)
(-56.4649 6074.346 -13649.78)
(-61.88207 6066.92 -13145.18)
(-68.13598 6059.383 -18274.55)
(-37.15793 3035.343 -10880.38)
(-40.64812 3059.973 -8704.4)
(-44.88731 3085.987 -6229.706)
(-50.05367 3106.429 -3740.613)
(-56.52122 3113.656 -1245.583)
(-22.55233 -4460.538 -4229.816)
(-23.95844 -4457.353 -9985.153)
(-25.51683 -4454.127 -12306.79)
(-27.33841 -4450.504 -13610.74)
(-29.49782 -4447.503 -13512.42)
(-43.73657 -6094.063 -16059.43)
(-47.36244 -6087.826 -14171.47)
(-51.67905 -6081.777 -13667.82)
(-56.41332 -6075.468 -13164.03)
(-61.79146 -6068.686 -18303.7)
(-33.64266 -3040.539 -10899.37)
(-36.43752 -3065.645 -8720.852)
(-40.03845 -3092.506 -6243.224)
(-44.42686 -3113.633 -3749.573)
(-49.79797 -3121.979 -1249.007)
(-20.35134 -13276.28 -4243.767)
(-21.83036 -13267.96 -10018.4)
(-23.17517 -13259.55 -12349.11)
(-24.70603 -13251.02 -13660.31)
(-26.47737 -13242.86 -13566)
(-39.15372 -18149.29 -16133.83)
(-42.33298 -18135.17 -14252.24)
(-45.85566 -18120.97 -13761.8)
(-50.0672 -18105.7 -13270.35)
(-54.65517 -18090.08 -18479.04)
(-29.57549 -9079.992 -11043.39)
(-31.94697 -9197.409 -8894.48)
(-34.75145 -9326.862 -6407.081)
(-38.35193 -9435.392 -3867.556)
(-42.7569 -9489.309 -1292.061)
(-17.95861 -21606.62 -4272.989)
(-19.10591 -21595.93 -10091.45)
(-20.45475 -21585.62 -12449.62)
(-21.69381 -21576.43 -13786.91)
(-23.14281 -21567.73 -13707.22)
(-34.06959 -29566.7 -16335.16)
(-36.70439 -29553.74 -14479.42)
(-39.67288 -29540.9 -14029.44)
(-42.96859 -29529.18 -13578.52)
(-46.93182 -29517.06 -18993.75)
(-25.32165 -14881.46 -11480.45)
(-27.13438 -15261.22 -9444.846)
(-29.36994 -15701.61 -6947.294)
(-32.07297 -16105.39 -4267.859)
(-35.55167 -16348.92 -1440.949)
(-15.35212 -28469.9 -4333.601)
(-16.30628 -28459.25 -10253.75)
(-17.31025 -28453.54 -12692.63)
(-18.50558 -28451.67 -14109.6)
(-19.5892 -28453.7 -14078.91)
(-28.6863 -39024.87 -16876.66)
(-30.85427 -39029.13 -15097.51)
(-33.19258 -39038.3 -14764.01)
(-35.86755 -39052.55 -14428.65)
(-38.83872 -39071.57 -20421.97)
(-20.91451 -19880.51 -12724.65)
(-22.28374 -20939.37 -11088.12)
(-23.84489 -22299.73 -8671.124)
(-25.80218 -23775.87 -5647.914)
(-28.26826 -24947.74 -1983.628)
(-12.67779 -31570.93 -4459.058)
(-13.40751 -31564.7 -10608.08)
(-14.2552 -31568.08 -13251.5)
(-15.14055 -31581.49 -14871.36)
(-16.13322 -31604.54 -14972.45)
(-23.35475 -43375.9 -18189)
(-25.01514 -43411.97 -16603.18)
(-26.91692 -43462.28 -16560.73)
(-28.92082 -43524.57 -16515.87)
(-31.25048 -43599.8 -23944.75)
(-16.57555 -22485.62 -15901.22)
(-17.42552 -24709.69 -15667.41)
(-18.34077 -28143.14 -14233.22)
(-19.34758 -33322.09 -11103.46)
(-20.74675 -41161.1 -4481.637)
(-15.20603 18703.89 -6808.235)
(-10.53157 -27631.56 -4652.996)
(-10.83841 -27624.15 -11166.39)
(-11.41659 -27623.23 -14151.77)
(-12.14882 -27628.06 -16114.08)
(-12.93848 -27638.96 -16440.74)
(-18.83729 -37921.02 -20358.87)
(-19.79665 -37937.43 -19104.12)
(-21.29723 -37962.77 -19561.96)
(-22.92193 -37996.25 -20021.03)
(-24.57586 -38036.92 -29905.65)
(-12.90396 -19454.31 -21618.09)
(-13.02643 -20861.71 -25429.29)
(-13.01976 -22987.07 -30444.32)
(-12.59589 -26098.27 -38504.62)
(-11.37272 -30645.32 -33056.52)
(-83.98297 -7695.279 -116868.7)
(-85.37348 -3170.694 -42198.44)
(-87.9057 -1433.905 -37523.99)
(-90.99383 -678.7108 -35339.01)
(-94.34307 -307.0107 -34275.22)
(-97.23745 -87.72333 -33793.42)
(-98.51076 94.02181 -33702.03)
(-96.31499 333.7187 -34019.95)
(-87.49952 789.0974 -35021.7)
(-69.9517 1866.392 -37551.5)
(-41.75565 17437 -29840.6)
(-12.98028 7965.83 -18912.96)
(-8.741144 -19155.33 -4675.631)
(-9.206093 -19144.62 -11215.36)
(-9.416309 -19130.11 -14206.93)
(-9.977263 -19114.96 -16174.22)
(-10.61626 -19097.29 -16500.43)
(-15.49262 -26163.65 -20436.91)
(-16.39083 -26134.25 -19185.35)
(-17.20096 -26102.64 -19651.65)
(-18.53359 -26066.58 -20116.84)
(-19.92873 -26025.51 -30044.4)
(-10.33363 -12895.46 -21579.8)
(-10.35153 -12475.89 -24659.39)
(-10.17209 -11595.04 -27514.37)
(-9.835103 -9788.851 -30477.38)
(-9.208943 -6207.928 -22290.29)
(-74.04088 -14190.11 -70860.86)
(-76.03096 -6745.984 -36009.68)
(-78.30556 -3330.885 -35101.03)
(-80.882 -1658.463 -34283.49)
(-83.57577 -771.8294 -33761.03)
(-86.21604 -227.3784 -33477.63)
(-88.17961 223.3554 -33375.44)
(-88.40779 785.4762 -33429.51)
(-85.26223 1745.997 -33599.18)
(-76.21221 3687.218 -33584.72)
(-54.70186 10187.08 -28289.76)
(-32.43011 6318.478 -21190.04)
(-9.362462 3402.304 -18488.34)
(-7.466068 -11609.39 -4640.969)
(-7.94898 -11601.42 -11102.17)
(-8.266595 -11588.04 -14000.64)
(-8.477517 -11571.07 -15875.78)
(-9.088484 -11551.9 -16138.76)
(-13.20194 -15813.89 -19897.01)
(-13.95892 -15782.23 -18563.6)
(-14.89857 -15744.45 -18904.23)
(-15.66069 -15704.92 -19243.36)
(-16.6949 -15656.94 -28561.36)
(-8.697413 -7617.038 -20159.75)
(-8.642599 -6964.502 -22287.34)
(-8.539823 -5979.133 -23844.85)
(-8.301802 -4579.978 -25163.51)
(-7.952424 -2725.429 -17767.72)
(-65.78211 -10827.95 -56147.65)
(-68.00141 -6312.529 -31478.52)
(-70.05244 -3496.771 -32568.53)
(-72.16771 -1859.114 -32915.52)
(-74.34904 -898.6113 -32989.55)
(-76.45202 -276.1342 -32958.48)
(-78.31909 238.718 -32867.58)
(-79.39654 835.1526 -32694.67)
(-78.77475 1714.609 -32331.71)
(-75.13986 3102.554 -31489.43)
(-61.29433 6037.639 -27610.75)
(-41.42466 4431.401 -22399.37)
(-22.9508 2563.93 -19498.99)
(-5.6117 1269.285 -18080.51)
(-6.576267 -6067.505 -4611.299)
(-7.058686 -6062.037 -11005.48)
(-7.445572 -6055.087 -13830.76)
(-7.676203 -6044.581 -15630.65)
(-7.976745 -6032.068 -15843.89)
(-11.78443 -8255.46 -19458.49)
(-12.43501 -8236.778 -18058.63)
(-13.05478 -8213.789 -18300.23)
(-14.06579 -8187.724 -18541.29)
(-14.75238 -8160.184 -27371.19)
(-7.540112 -3941.139 -19068.51)
(-7.592126 -3527.538 -20636.42)
(-7.461963 -2955.954 -21629.4)
(-7.298085 -2229.303 -22421.06)
(-7.054454 -1375.433 -15675.12)
(-58.88754 -6489.704 -49568.68)
(-61.25669 -4184.795 -28787.51)
(-63.13987 -2489.191 -30759.56)
(-64.83618 -1386.106 -31803.35)
(-66.50385 -689.9163 -32305.62)
(-68.12526 -219.6122 -32480.39)
(-69.56592 169.5277 -32419.54)
(-70.67743 596.7202 -32125.49)
(-70.99239 1164.909 -31518.01)
(-69.78436 1933.994 -30435.71)
(-61.083 3243.541 -27314.7)
(-45.66375 2602.474 -23055.44)
(-28.99195 1581.11 -20163.42)
(-13.6248 799.6122 -18563.67)
(-1.873836 240.4364 -17863.52)
(-6.305698 -1874.477 -4596.737)
(-6.380338 -1873.317 -10959.02)
(-6.796872 -1870.636 -13749.22)
(-7.209029 -1867.414 -15512.93)
(-7.416089 -1863.538 -15700.88)
(-10.60326 -2549.656 -19247.21)
(-11.48623 -2543.876 -17815.11)
(-12.02881 -2536.919 -18008.48)
(-12.63651 -2528.155 -18201.76)
(-13.70445 -2519.127 -26799.12)
(-6.930948 -1214.37 -18546.57)
(-6.786492 -1080.587 -19872.45)
(-6.774665 -900.7435 -20650.34)
(-6.599455 -680.3693 -21266.04)
(-6.386294 -429.8369 -14820.49)
(-53.34624 -2150.834 -46877.74)
(-55.48208 -1445.68 -27562.72)
(-57.31024 -888.7273 -29862.69)
(-58.71627 -506.4227 -31217.54)
(-59.92318 -255.9986 -31934.25)
(-61.04879 -83.08693 -32221.9)
(-62.06276 60.07825 -32187.36)
(-62.84076 213.061 -31849.94)
(-63.25303 406.3826 -31159.17)
(-62.92312 649.8104 -30024.31)
(-56.83244 1028.376 -27232.7)
(-45.08168 857.629 -23379.49)
(-31.51361 533.93 -20522.15)
(-17.0798 273.0727 -18843.04)
(-4.510989 82.42469 -18078.94)
(-20.7649 1845.632 -4531.592)
(-22.84135 1842.03 -10799.56)
(-24.98984 1837.747 -13546.16)
(-27.88319 1831.529 -15275.55)
(-31.20955 1824.892 -15445.88)
(-48.05968 2491.561 -18909.21)
(-54.19637 2480.47 -17469.59)
(-60.95713 2467.477 -17622.15)
(-68.54034 2451.378 -17766.57)
(-74.22722 2433.915 -26078.88)
(-34.91542 1168.91 -17984.47)
(-30.28411 1040.842 -19197.39)
(-13.65678 862.3188 -19880.71)
(-19.50731 5987.161 -4553.542)
(-21.31817 5976.173 -10864.58)
(-23.35865 5962.824 -13651.72)
(-25.61144 5945.752 -15421.08)
(-28.57337 5924.869 -15619.01)
(-43.88019 8095.544 -19160.23)
(-49.27723 8060.265 -17755.02)
(-55.45295 8021.693 -17960.11)
(-62.50055 7976.669 -18158.8)
(-70.30596 7923.684 -26742.04)
(-36.71412 3815.161 -18571.28)
(-32.35433 3404.24 -20025.21)
(-27.82891 2854.295 -20920.98)
(-12.50874 2138.371 -21612.54)
(-18.86823 11479.38 -4590.379)
(-20.5907 11461.27 -10978.37)
(-22.48337 11438.98 -13844.14)
(-24.69159 11411.46 -15690.5)
(-27.12553 11378.3 -15939.23)
(-41.3964 15553.86 -19633.4)
(-46.43186 15500.36 -18293.09)
(-52.15081 15435.82 -18600.45)
(-58.64278 15364.16 -18900.58)
(-66.22196 15280.73 -27995.42)
(-35.99901 7414.148 -19709.74)
(-35.72105 6758.635 -21721.28)
(-30.04661 5785.695 -23159.23)
(-25.73025 4435.186 -24378.2)
(-11.39287 2619.255 -17150.76)
(-19.00659 18976.74 -4631.329)
(-20.72938 18953.7 -11108.01)
(-22.57379 18926.12 -14068.75)
(-24.63113 18894.52 -16011.37)
(-27.06524 18859.1 -16324.05)
(-40.87114 25809.05 -20203.07)
(-45.4317 25747.58 -18945.53)
(-50.92277 25679.82 -19380.95)
(-57.21443 25601.48 -19809.56)
(-64.35807 25514.7 -29536.15)
(-35.27778 12615.13 -21170.45)
(-36.62284 12175.77 -24129.35)
(-35.3938 11284.44 -26842.44)
(-27.84093 9500.778 -29638.02)
(-23.45367 6029.649 -21642.36)
(-87.5316 13670.9 -68502.04)
(-20.07558 27422.54 -4616.013)
(-21.65752 27400.19 -11075.73)
(-23.54023 27383.04 -14035.97)
(-25.7417 27369.75 -15976.37)
(-28.04214 27359.1 -16291.99)
(-42.27064 37504.96 -20162.73)
(-46.71677 37484.67 -18902.24)
(-51.88347 37467.68 -19334.05)
(-58.10677 37451.52 -19765.72)
(-65.20235 37436.34 -29482)
(-35.73549 19116.09 -21277.86)
(-37.80911 20461.33 -24978.07)
(-38.79648 22497.49 -29831.96)
(-36.31144 25478.13 -37623.46)
(-25.71513 29842.23 -32206.81)
(-173.3373 7495.757 -113814.7)
(-80.51309 3064.574 -40910.87)
(-21.42339 31382.03 -4429.821)
(-23.37482 31362.37 -10537.27)
(-25.23861 31351.74 -13161.64)
(-27.40148 31347.91 -14767.78)
(-29.94213 31352.33 -14862.62)
(-44.86645 43002.29 -18046.25)
(-49.38379 43005.26 -16461)
(-54.53736 43017.06 -16405.84)
(-60.64786 43036.56 -16346.38)
(-67.9092 43060.69 -23673.94)
(-37.41437 22180.26 -15701.56)
(-40.66935 24340.06 -15448.04)
(-44.38958 27676.37 -14009.68)
(-48.25364 32704.31 -10906.46)
(-50.18269 40303.2 -4391.23)
(-22.67043 28342.83 -4311.589)
(-24.48862 28323.08 -10200.95)
(-26.60353 28306.82 -12626.48)
(-28.74177 28294.76 -14033.46)
(-31.25258 28284.14 -13999.68)
(-46.79052 38774.43 -16774.66)
(-51.23186 38756.48 -14998.57)
(-56.40857 38740.56 -14658.46)
(-62.2899 38726.66 -14315.51)
(-69.3216 38713.39 -20245.72)
(-38.23287 19680.03 -12603.37)
(-41.88659 20707.13 -10971.23)
(-46.39841 22024.94 -8569.233)
(-51.89292 23448.2 -5573.287)
(-58.12047 24559.36 -1953.925)
(-23.32748 21542.38 -4258.247)
(-24.9906 21526.3 -10055.93)
(-26.9506 21511.29 -12405.42)
(-29.23104 21496.78 -13736.35)
(-31.63161 21482.85 -13654.54)
(-47.1882 29439.96 -16267.59)
(-51.49812 29416.01 -14414.86)
(-56.43775 29391.46 -13961.19)
(-62.14509 29365.41 -13506.15)
(-68.61494 29337.84 -18882.41)
(-37.71832 14782.25 -11406.35)
(-41.34225 15148.64 -9377.367)
(-45.75112 15573.47 -6892.142)
(-51.26393 15958.26 -4229.864)
(-58.01064 16180.04 -1426.431)
(-23.25732 13255.88 -4236.336)
(-24.81707 13246.3 -10000.8)
(-26.58083 13236.34 -12326.93)
(-28.63835 13226.72 -13635.08)
(-31.04058 13216.35 -13539.55)
(-46.07576 18110.32 -16099.97)
(-50.1776 18093.3 -14219.94)
(-54.75496 18075.13 -13727.58)
(-60.01555 18056.1 -13234.66)
(-66.09384 18035.16 -18424.29)
(-36.04072 9049.667 -11007.16)
(-39.38725 9163.883 -8862.368)
(-43.4652 9288.999 -6381.33)
(-48.43987 9392.57 -3850.08)
(-54.6698 9440.641 -1285.495)
(-22.54942 4459.879 -4229.846)
(-23.95361 4456.842 -9985.425)
(-25.56326 4453.546 -12307.2)
(-27.34128 4450.67 -13609.96)
(-29.45544 4446.99 -13512.68)
(-43.78493 6093.464 -16059.85)
(-47.4095 6088.625 -14171.36)
(-51.68093 6082.563 -13667.75)
(-56.39174 6076.014 -13163.78)
(-61.80427 6068.827 -18303.81)
(-33.63686 3040.868 -10899.08)
(-36.43578 3065.753 -8721.022)
(-40.03891 3092.824 -6243.22)
(-44.43047 3113.837 -3749.625)
(-49.79658 3122.423 -1249.004)
(-20.95671 -4463.832 -4233.463)
(-22.52187 -4460.95 -9994.102)
(-23.91743 -4457.911 -12317.79)
(-25.4708 -4454.811 -13622.56)
(-27.28651 -4451.329 -13525.55)
(-40.38347 -6100.547 -16076.09)
(-43.67578 -6095.248 -14186.65)
(-47.29896 -6089.26 -13684.33)
(-51.61172 -6083.446 -13181.15)
(-56.34257 -6077.372 -18330)
(-30.50505 -3045.543 -10916.41)
(-32.97964 -3070.965 -8736.207)
(-35.89162 -3098.528 -6255.028)
(-39.63095 -3120.381 -3757.757)
(-44.19815 -3129.653 -1251.995)
(-19.07548 -13284.74 -4247.121)
(-20.32347 -13277.73 -10026.56)
(-21.79277 -13270.08 -12359.24)
(-23.13149 -13262.3 -13671.87)
(-24.65744 -13254.39 -13577.8)
(-36.24863 -18166.35 -16148.66)
(-39.09753 -18154.33 -14266.75)
(-42.27459 -18141.26 -13776.48)
(-45.79436 -18128.09 -13286.28)
(-50.00219 -18113.84 -18502.98)
(-26.97334 -9093.014 -11058.83)
(-28.97712 -9212.033 -8908.309)
(-31.44386 -9343.199 -6418.149)
(-34.38024 -9453.454 -3874.821)
(-38.14361 -9509.882 -1294.838)
(-16.92068 -21620.03 -4276.158)
(-17.93263 -21609.95 -10098.94)
(-19.07139 -21601.39 -12458.93)
(-20.41462 -21593.13 -13797.51)
(-21.64889 -21585.99 -13718.22)
(-31.68002 -29592.38 -16348.9)
(-34.01785 -29581.49 -14492.71)
(-36.65024 -29571.66 -14043.22)
(-39.61646 -29561.93 -13592.93)
(-42.90943 -29553.26 -19015.67)
(-23.13735 -14900.89 -11495.03)
(-24.75702 -15282.84 -9457.89)
(-26.65627 -15726.24 -6957.854)
(-29.00867 -16133.24 -4275.014)
(-31.86961 -16379.94 -1443.615)
(-14.48569 -28486.94 -4336.472)
(-15.32785 -28477.11 -10260.96)
(-16.27339 -28472.13 -12701.41)
(-17.27325 -28472.01 -14119.18)
(-18.4635 -28475.75 -14089.54)
(-26.81027 -39057.42 -16889.16)
(-28.63847 -39062.75 -15109.98)
(-30.80296 -39075.15 -14777.17)
(-33.13901 -39092.43 -14442.28)
(-35.81127 -39114.75 -20442.97)
(-19.10597 -19904.44 -12738.84)
(-20.34156 -20966.38 -11101.88)
(-21.76592 -22330.9 -8682.793)
(-23.4314 -23812.55 -5656.248)
(-25.55615 -24990.11 -1986.85)
(-13.16971 12827.18 -4950.847)
(-12.2175 -31588.4 -4461.789)
(-12.65546 -31583.47 -10614.54)
(-13.37715 -31588.12 -13259.87)
(-14.21902 -31602.34 -14880.96)
(-15.10027 -31626.64 -14982.22)
(-22.0725 -43409.87 -18201.69)
(-23.30797 -43447.67 -16614.97)
(-24.96467 -43499.48 -16574.17)
(-26.86215 -43565.59 -16529.81)
(-28.86228 -43643.81 -23967.04)
(-15.29387 -22510.13 -15916.97)
(-15.90852 -24738.68 -15684.35)
(-16.72507 -28178.94 -14250.52)
(-17.66734 -33367.94 -11118.22)
(-18.84908 -41223.09 -4488.129)
(-35.37125 18754.04 -6825.04)
(-11.84511 8274.071 -14423.51)
(-9.956501 -27645.6 -4655.815)
(-10.50822 -27639.99 -11173.29)
(-10.80889 -27639.5 -14159.19)
(-11.38375 -27645.46 -16123)
(-12.11018 -27657.21 -16450.41)
(-17.69015 -37947.65 -20372.21)
(-18.78836 -37967.14 -19116.41)
(-19.74562 -37993.66 -19575.2)
(-21.23818 -38029.13 -20037.29)
(-22.85592 -38072.78 -29930.16)
(-11.90904 -19474.02 -21638.04)
(-12.01158 -20884.05 -25454.33)
(-11.88927 -23013.72 -30477.48)
(-11.47908 -26131.13 -38551.3)
(-10.37846 -30687.06 -33100.62)
(-76.28056 -7707 -117039.5)
(-77.05241 -3176.06 -42265.92)
(-78.81945 -1436.603 -37590.28)
(-81.1549 -680.1551 -35408.98)
(-83.71563 -307.7483 -34351.54)
(-86.26394 -87.97922 -33879.13)
(-88.13252 94.27018 -33798.88)
(-88.20776 334.769 -34129.83)
(-84.73718 791.8188 -35144.84)
(-74.91337 1872.886 -37683.73)
(-50.5263 17490.59 -29931.87)
(-30.36867 7986.626 -18959.48)
(-8.881201 3962.378 -17123.56)
(-8.186328 -19165.17 -4677.699)
(-8.720519 -19154.64 -11222.4)
(-9.176438 -19142.19 -14214.27)
(-9.385369 -19125.91 -16182.24)
(-9.942278 -19108.95 -16509.22)
(-14.51047 -26181.24 -20448.96)
(-15.44572 -26153.51 -19197.77)
(-16.34294 -26121.79 -19663.27)
(-17.15045 -26087.76 -20130.43)
(-18.47373 -26049.17 -30068.23)
(-9.617972 -12907.62 -21597.07)
(-9.539065 -12488.71 -24681.63)
(-9.37267 -11607.47 -27541.31)
(-8.984871 -9800.262 -30509.95)
(-8.389985 -6215.817 -22316.82)
(-67.52153 -14209.86 -70953.59)
(-69.0485 -6756.303 -36061.21)
(-70.66669 -3336.558 -35156.62)
(-72.52063 -1661.6 -34343.83)
(-74.53765 -773.4888 -33827.79)
(-76.51915 -227.9547 -33552.22)
(-78.26211 223.8787 -33460.1)
(-79.15538 787.7023 -33525.54)
(-78.19647 1751.569 -33707.45)
(-73.92872 3699.994 -33702.21)
(-58.63863 10222.58 -28388.5)
(-39.66706 6337.883 -21253.97)
(-22.10035 3410.965 -18530.83)
(-5.42564 1641.309 -17434.05)
(-7.007425 -11615.27 -4643.366)
(-7.447861 -11606.64 -11107.08)
(-7.92272 -11595.28 -14008.66)
(-8.236965 -11578.55 -15882.41)
(-8.447356 -11558.2 -16146.62)
(-12.42041 -15823.32 -19907.79)
(-13.16177 -15793.14 -18573.84)
(-13.91569 -15756.98 -18915.6)
(-14.85107 -15714.71 -19255.75)
(-15.60951 -15670.59 -28580.57)
(-8.054334 -7624.232 -20174.83)
(-8.038139 -6970.867 -22304.94)
(-7.869956 -5985.457 -23865.78)
(-7.634886 -4584.949 -25187.71)
(-7.267628 -2728.611 -17786.29)
(-59.95303 -10841.88 -56213.15)
(-61.99462 -6321.377 -31519.32)
(-63.61041 -3502.137 -32614.88)
(-65.1225 -1862.299 -32967.49)
(-66.66189 -900.3278 -33047.6)
(-68.18377 -276.7624 -33023.68)
(-69.5237 239.2115 -32940.9)
(-70.49622 837.2486 -32777.63)
(-70.58326 1719.515 -32424.57)
(-69.00525 3112.486 -31590.71)
(-59.60537 6058.584 -27706.74)
(-44.45399 4446.786 -22476.38)
(-28.30796 2571.795 -19557.04)
(-13.33173 1272.46 -18120.07)
(-1.834605 379.5684 -17521.39)
(-6.512185 -6070.077 -4612.92)
(-6.560535 -6065.56 -11010.73)
(-7.034381 -6057.86 -13837.38)
(-7.41844 -6048.649 -15637.49)
(-7.647961 -6035.92 -15850.61)
(-10.90099 -8259.624 -19468.21)
(-11.74714 -8241.574 -18068.38)
(-12.39487 -8219.918 -18310.54)
(-13.01383 -8193.971 -18551.51)
(-14.019 -8164.938 -27390.27)
(-7.116528 -3944.757 -19080.41)
(-6.991439 -3530.938 -20651.59)
(-6.942207 -2958.579 -21646.65)
(-6.733593 -2231.705 -22440.18)
(-6.478881 -1376.932 -15689.92)
(-53.82822 -6497.254 -49620.12)
(-55.83695 -4190.193 -28821.18)
(-57.54976 -2492.689 -30799.37)
(-58.86545 -1388.239 -31848.62)
(-60.0072 -691.1108 -32356.65)
(-61.08065 -220.0537 -32537.63)
(-62.04243 169.8324 -32483.76)
(-62.75189 598.0424 -32197.26)
(-63.0594 1167.862 -31598.04)
(-62.57215 1939.542 -30523.11)
(-56.20856 3253.938 -27402.32)
(-44.51091 2611.487 -23134.83)
(-31.14482 1586.583 -20231.82)
(-16.90205 802.0621 -18618.34)
(-4.46538 241.0324 -17901.61)
(-6.240911 -1876.044 -4598.691)
(-6.289906 -1873.83 -10963.52)
(-6.360025 -1871.911 -13754.67)
(-6.772759 -1868.502 -15519.46)
(-7.180466 -1864.553 -15708.09)
(-10.1354 -2551.431 -19254.82)
(-10.57093 -2545.082 -17824.28)
(-11.44809 -2538.323 -18018.39)
(-11.99024 -2530.39 -18211.17)
(-12.59603 -2520.672 -26814.86)
(-6.603423 -1215.136 -18559.4)
(-6.420388 -1081.547 -19884.95)
(-6.236247 -901.6249 -20665.31)
(-6.133796 -680.9734 -21283.01)
(-5.89349 -430.294 -14832.97)
(-49.00344 -2153.153 -46921.96)
(-50.71946 -1447.361 -27591.83)
(-52.24479 -889.8737 -29897.78)
(-53.50922 -507.1358 -31258.04)
(-54.39712 -256.3959 -31979.83)
(-55.08124 -83.23882 -32272.91)
(-55.64426 60.17463 -32244.19)
(-56.045 213.4791 -31913.14)
(-56.17022 407.2919 -31228.9)
(-55.91338 651.4618 -30100.61)
(-51.01471 1031.329 -27310.89)
(-41.57095 860.3776 -23454.21)
(-30.77451 535.7762 -20592.2)
(-18.36388 274.0161 -18906.32)
(-5.612559 82.67705 -18131.85)
(-18.97486 1848.73 -4537.942)
(-20.71057 1845.021 -10815.95)
(-22.76462 1840.704 -13567.23)
(-24.89938 1835.677 -15299.43)
(-27.77448 1828.76 -15474.27)
(-42.64912 2498.572 -18945.6)
(-47.91191 2487.143 -17510.13)
(-54.02409 2475.101 -17667.79)
(-60.76062 2461.161 -17819.27)
(-68.30787 2444.154 -26171.5)
(-35.68669 1174.25 -18056.82)
(-31.8269 1041.481 -19276.13)
(-27.13298 868.7311 -19961.21)
(-12.00661 651.9116 -20487.43)
(-17.76575 5994.683 -4559.616)
(-19.45632 5985.303 -10879.69)
(-21.24693 5972.13 -13671.44)
(-23.27463 5956.566 -15443.11)
(-25.51402 5937.306 -15643.79)
(-39.04687 8112.946 -19194.92)
(-43.74591 8082.027 -17790.43)
(-49.12341 8043.897 -18001.65)
(-55.27654 8002.454 -18205.54)
(-62.29593 7954.579 -26823.11)
(-33.87442 3831.181 -18637.92)
(-33.7122 3419.023 -20106.84)
(-29.08943 2855.961 -21000.85)
(-24.43545 2155.434 -21704.29)
(-10.62808 1320.626 -15123.14)
(-17.2487 11494.02 -4596.13)
(-18.82131 11476.75 -10991.98)
(-20.52602 11455.36 -13862.16)
(-22.40454 11429.72 -15711.69)
(-24.59799 11398.89 -15963.03)
(-37.07236 15585.71 -19664.2)
(-41.27277 15533.63 -18326.7)
(-46.28779 15475.73 -18638.93)
(-51.98464 15406.83 -18945.22)
(-58.45209 15330.78 -28069.54)
(-31.94162 7442.154 -19771.47)
(-33.15006 6787.001 -21800.91)
(-32.21768 5810.02 -23254.25)
(-26.4639 4437.642 -24459.9)
(-21.76764 2642.641 -17231.33)
(-81.77981 10419.1 -54256.34)
(-17.52656 18998.82 -4636.649)
(-18.96207 18976.17 -11121.27)
(-20.66602 18951.44 -14086.51)
(-22.49898 18922.12 -16030.78)
(-24.54266 18888.76 -16347.12)
(-36.9944 25854.94 -20232.59)
(-40.75366 25799.28 -18977.22)
(-45.29735 25735.57 -19416.54)
(-50.76632 25665.45 -19852.21)
(-57.03176 25584.7 -29607.37)
(-31.0757 12655.8 -21228.74)
(-32.53164 12220.17 -24207.95)
(-33.04327 11331 -26943.97)
(-30.92336 9540.079 -29759.93)
(-23.60153 6034.189 -21700.56)
(-165.551 13799.88 -68894.2)
(-77.63509 6509.664 -34875.2)
(-18.32368 27450.61 -4621.019)
(-20.03272 27431 -11088.77)
(-21.59946 27415.58 -14051.19)
(-23.47029 27405.26 -15996)
(-25.65653 27398.81 -16313.3)
(-38.34384 37563.7 -20189.84)
(-42.16202 37550.84 -18931.69)
(-46.5903 37540.52 -19367.86)
(-51.74058 37533.48 -19803.45)
(-57.94153 37527.32 -29547.57)
(-31.60565 19168.58 -21329.96)
(-33.27763 20525.45 -25049.8)
(-34.46607 22577.35 -29931.92)
(-34.05301 25580.59 -37769.71)
(-29.50612 29964.75 -32339.35)
(-176.2953 7502.159 -114030.6)
(-154.118 3093.354 -41156.64)
(-70.10064 1388.625 -36472.73)
(-19.84034 31411.84 -4434.319)
(-21.3859 31394.59 -10548.31)
(-23.32124 31385.78 -13176.83)
(-25.17523 31385.9 -14784.02)
(-27.33013 31392.9 -14880.7)
(-40.96515 43063.7 -18069.85)
(-44.77628 43073.64 -16484.5)
(-49.28411 43092.19 -16432.17)
(-54.42719 43119.58 -16375.16)
(-60.52563 43154.75 -23720.93)
(-33.23467 22233.57 -15736.74)
(-35.90134 24406.47 -15486.99)
(-39.03712 27761.81 -14050.54)
(-42.75382 32819.52 -10943.19)
(-46.9732 40464.49 -4408.367)
(-21.15771 28367.72 -4315.775)
(-22.63531 28350.05 -10211.31)
(-24.43963 28335.97 -12640.03)
(-26.5459 28325.3 -14048.52)
(-28.67728 28318.82 -14015.62)
(-42.77395 38824.84 -16795.37)
(-46.71235 38812.19 -15018.71)
(-51.14768 38802.33 -14680.37)
(-56.31758 38794.44 -14339.08)
(-62.19154 38788.51 -20282.78)
(-34.10018 19722.95 -12629.06)
(-37.19189 20756.87 -10996.31)
(-40.92132 22085.11 -8591.398)
(-45.59396 23520.89 -5589.858)
(-51.39244 24646.93 -1960.612)
(-21.8717 21559.88 -4262.269)
(-23.29403 21545.72 -10065.72)
(-24.94521 21531.78 -12417.72)
(-26.89742 21518.82 -13750.45)
(-29.17102 21506.36 -13669.29)
(-43.29979 29475.99 -16286.91)
(-47.11699 29454.74 -14432.81)
(-51.42323 29433.92 -13980.63)
(-56.35743 29412.45 -13526.85)
(-62.0594 29389.44 -18914.39)
(-33.82623 14810.81 -11427.77)
(-36.87786 15181.68 -9397.045)
(-40.61643 15610.96 -6908.269)
(-45.19031 16002.15 -4241.13)
(-50.9379 16230.64 -1430.775)
(-21.89016 13265.98 -4240.163)
(-23.22605 13257.33 -10009.8)
(-24.77424 13248.43 -12338.8)
(-26.53035 13239.11 -13648.25)
(-28.58214 13230.09 -13553.41)
(-42.49525 18130.01 -16117.58)
(-46.00975 18115.37 -14236.83)
(-50.10839 18099.39 -13745.27)
(-54.68234 18082.26 -13253.26)
(-59.93825 18064.24 -18453.24)
(-32.61507 9065.562 -11026.09)
(-35.31146 9181.475 -8879.175)
(-38.76997 9309.303 -6395.023)
(-43.00058 9415.198 -3859.268)
(-48.17704 9466.801 -1288.992)
(-20.94874 4463.044 -4233.449)
(-22.51949 4460.293 -9994.176)
(-23.91321 4457.408 -12318.11)
(-25.51503 4454.249 -13623)
(-27.28902 4451.483 -13524.81)
(-40.32817 6099.851 -16076.4)
(-43.72336 6094.659 -14186.99)
(-47.34521 6090.052 -13684.23)
(-51.61329 6084.23 -13181.09)
(-56.32127 6077.915 -18329.71)
(-30.50939 3045.619 -10916.46)
(-32.97758 3071.233 -8736.048)
(-35.89204 3098.672 -6255.117)
(-39.63169 3120.692 -3757.754)
(-44.20167 3129.865 -1252.01)
(-19.6358 -4466.512 -4236.736)
(-20.92903 -4464.245 -10002.34)
(-22.48359 -4461.507 -12328.18)
(-23.8729 -4458.594 -13634.28)
(-25.42268 -4455.62 -13536.98)
(-37.35793 -6105.807 -16091.5)
(-40.3259 -6101.73 -14201.35)
(-43.61705 -6096.673 -13699)
(-47.2377 -6090.929 -13197.08)
(-51.54685 -6085.347 -18353.85)
(-27.81413 -3049.878 -10932.05)
(-29.90823 -3075.951 -8749.88)
(-32.48156 -3103.911 -6265.989)
(-35.52691 -3126.43 -3764.862)
(-39.42687 -3136.426 -1254.725)
(-17.99207 -13293.05 -4250.26)
(-19.04951 -13286.19 -10034.11)
(-20.2885 -13279.84 -12368.72)
(-21.75194 -13272.82 -13682.65)
(-23.08582 -13265.66 -13588.99)
(-33.75642 -18182.17 -16162.53)
(-36.19704 -18171.38 -14279.87)
(-39.0432 -18160.41 -13790.49)
(-42.21821 -18148.39 -13300.44)
(-45.73527 -18136.23 -18525.16)
(-24.6726 -9104.917 -11073.13)
(-26.42786 -9225.148 -8920.768)
(-28.52394 -9357.978 -6428.107)
(-31.10593 -9469.931 -3881.502)
(-34.19361 -9528.061 -1297.269)
(-15.99556 -21633.02 -4279.139)
(-16.89608 -21623.37 -10106.08)
(-17.90007 -21615.4 -12467.62)
(-19.03391 -21608.89 -13807.44)
(-20.37265 -21602.7 -13728.48)
(-29.63488 -29617.4 -16361.84)
(-31.63199 -29607.17 -14504.9)
(-33.96768 -29599.41 -14056.1)
(-36.59779 -29592.68 -13606.27)
(-39.56187 -29586.03 -19035.83)
(-21.15452 -14919.04 -11508.29)
(-22.62121 -15302.67 -9469.878)
(-24.32038 -15748.4 -6967.44)
(-26.32855 -16158.43 -4281.5)
(-28.82427 -16408.18 -1446.033)
(-11.80625 8399.058 -3910.396)
(-13.90523 -28503.08 -4339.188)
(-14.46334 -28494.13 -10267.44)
(-15.29737 -28489.99 -12709.81)
(-16.23755 -28490.6 -14128.56)
(-17.23441 -28496.09 -14098.85)
(-25.26968 -39087.67 -16901.72)
(-26.76496 -39095.3 -15121.17)
(-28.59165 -39108.8 -14789.38)
(-30.7528 -39129.32 -14455.13)
(-33.08665 -39154.68 -20462.29)
(-17.61696 -19926.3 -12751.9)
(-18.58561 -20991.32 -11114.23)
(-19.87013 -22359.52 -8693.54)
(-21.38711 -23845.68 -5663.855)
(-23.20725 -25028.51 -1989.778)
(-30.97821 12861.18 -4962.598)
(-10.8195 7031.505 -11584.32)
(-11.58906 -31604.67 -4464.496)
(-12.19575 -31600.95 -10620.73)
(-12.62721 -31606.89 -13267.44)
(-13.34377 -31622.38 -14889.99)
(-14.18069 -31647.5 -14991.63)
(-20.65895 -43440.23 -18213.43)
(-22.02782 -43481.66 -16626.55)
(-23.26126 -43535.22 -16585.95)
(-24.91426 -43602.88 -16543.23)
(-26.80746 -43684.91 -23987.29)
(-14.12425 -22532.75 -15931.8)
(-14.67321 -24765.28 -15699.95)
(-15.27384 -28211.64 -14266.01)
(-16.11399 -33410.01 -11131.73)
(-17.20998 -41279.44 -4494.099)
(-43.23772 18811.66 -6845.602)
(-27.89779 8295.678 -14457.78)
(-8.351406 4046.616 -15436.35)
(-9.396663 -27660.04 -4658.206)
(-9.93566 -27654.04 -11179.74)
(-10.47817 -27655.34 -14167.4)
(-10.77588 -27661.73 -16131.15)
(-11.3483 -27674.6 -16459.31)
(-16.5594 -37972.68 -20384.09)
(-17.64333 -37993.8 -19128.92)
(-18.73809 -38023.37 -19587.86)
(-19.69304 -38060.06 -20050.95)
(-21.17757 -38105.71 -29954.44)
(-11.07281 -19492.22 -21655.92)
(-11.08472 -20904.93 -25477.92)
(-10.9588 -23038.09 -30507.86)
(-10.485 -26161.06 -38593.62)
(-9.45964 -30725.33 -33140.96)
(-69.56845 -7717.676 -117195.9)
(-69.9755 -3180.909 -42326.96)
(-71.13088 -1439.044 -37650.07)
(-72.76534 -681.4397 -35471.44)
(-74.6625 -308.4093 -34419.54)
(-76.56154 -88.20228 -33954.65)
(-78.21998 94.49268 -33884.64)
(-78.97586 335.719 -34227.89)
(-77.71598 794.3479 -35258.08)
(-72.6769 1879.38 -37815.49)
(-54.19386 17551.64 -30036.32)
(-37.282 8011.153 -19016.54)
(-21.03844 3972.488 -17162.46)
(-5.200465 1861.86 -16622.38)
(-7.738673 -19174.63 -4680.041)
(-8.168691 -19164.48 -11227.15)
(-8.694007 -19152.22 -14222.61)
(-9.143369 -19137.95 -16190.31)
(-9.351934 -19119.89 -16517.24)
(-13.59089 -26197.22 -20459.77)
(-14.46799 -26171.09 -19209.09)
(-15.39768 -26141.03 -19675.97)
(-16.29353 -26106.9 -20142.52)
(-17.09825 -26070.33 -30088.64)
(-8.914832 -12919.22 -21614.18)
(-8.87267 -12500.31 -24701.72)
(-8.640398 -11619.23 -27566.33)
(-8.27318 -9810.683 -30540.02)
(-7.666705 -6223 -22340.78)
(-61.54018 -14227.98 -71038.25)
(-62.9534 -6765.724 -36108.42)
(-64.16732 -3341.669 -35206.93)
(-65.44109 -1664.439 -34398.23)
(-66.83109 -774.964 -33887.41)
(-68.24374 -228.4735 -33618.65)
(-69.47305 224.3465 -33534.78)
(-70.28203 789.683 -33610.65)
(-70.06573 1756.585 -33804.27)
(-67.89802 3711.848 -33810.61)
(-57.04566 10258.08 -28487.19)
(-42.58465 6359.904 -21326.97)
(-27.31484 3421.428 -18585.9)
(-12.91738 1645.422 -17471.96)
(-1.779665 486.0459 -17039.1)
(-6.970378 -11621.02 -4645.137)
(-6.990755 -11612.52 -11112.54)
(-7.42459 -11600.52 -14014.51)
(-7.893494 -11585.74 -15891.13)
(-8.205168 -11565.65 -16153.23)
(-11.54691 -15831.96 -19917.41)
(-12.38262 -15802.56 -18583.92)
(-13.12068 -15767.87 -18926.09)
(-13.87147 -15727.2 -19267.37)
(-14.80253 -15680.4 -28599.07)
(-7.530762 -7630.786 -20188.42)
(-7.440423 -6977.307 -22321.86)
(-7.316692 -5990.917 -23884.94)
(-7.039136 -4589.729 -25209.96)
(-6.681596 -2731.551 -17803.45)
(-54.79982 -10854.48 -56272.34)
(-56.50899 -6329.496 -31556.53)
(-57.98106 -3507.046 -32657.3)
(-59.12491 -1865.163 -33014.55)
(-60.14983 -901.8837 -33099.9)
(-61.13317 -277.319 -33081.92)
(-62.00485 239.6467 -33006.19)
(-62.59105 839.1066 -32850.89)
(-62.69638 1723.875 -32506.92)
(-61.87535 3121.418 -31681.44)
(-54.85812 6078.012 -27795.63)
(-43.34339 4462.192 -22553.75)
(-30.41757 2580.702 -19623.33)
(-16.55769 1276.359 -18173.37)
(-4.377588 380.5101 -17558.62)
(-6.455686 -6074.151 -4615.326)
(-6.496077 -6068.141 -11014.42)
(-6.540492 -6061.364 -13843.57)
(-7.007445 -6051.426 -15644.7)
(-7.389381 -6039.959 -15857.4)
(-10.45324 -8264.896 -19476.39)
(-10.86793 -8245.742 -18077.42)
(-11.70925 -8224.707 -18320.45)
(-12.35415 -8200.074 -18561.95)
(-12.9721 -8171.164 -27405.58)
(-6.75994 -3947.137 -19093.6)
(-6.58524 -3534.077 -20664.84)
(-6.403409 -2961.374 -21662.72)
(-6.259208 -2233.7 -22458.17)
(-5.977654 -1378.386 -15703.37)
(-49.45723 -6504.24 -49667.38)
(-51.04297 -4195.064 -28851.76)
(-52.46293 -2495.9 -30835.67)
(-53.646 -1390.192 -31890.01)
(-54.47324 -692.1828 -32402.88)
(-55.10999 -220.456 -32589.17)
(-55.62605 170.1069 -32541.13)
(-55.96577 599.2173 -32261.16)
(-55.99841 1170.476 -31668.76)
(-55.60205 1944.472 -30600.68)
(-50.45691 3263.284 -27481)
(-41.04889 2619.857 -23208.77)
(-30.41824 1592.07 -20300.87)
(-18.1749 804.8333 -18680.84)
(-5.558793 241.7704 -17953.98)
(-5.918994 -1876.625 -4600.71)
(-6.225018 -1875.379 -10967.98)
(-6.269859 -1872.441 -13759.92)
(-6.33755 -1869.761 -15525.42)
(-6.74692 -1865.627 -15714.55)
(-9.811724 -2552.835 -19263.57)
(-10.10517 -2546.846 -17831.39)
(-10.53812 -2539.53 -18027.66)
(-11.40953 -2531.794 -18221.19)
(-11.95108 -2522.887 -26828.85)
(-6.082309 -1215.935 -18570.34)
(-6.10478 -1082.235 -19898.64)
(-5.883371 -902.4151 -20678.53)
(-5.658959 -681.6235 -21298.59)
(-5.472875 -430.6786 -14844.82)
(-45.21487 -2155.372 -46962.01)
(-46.59841 -1448.915 -27618.56)
(-47.76274 -890.9087 -29929.68)
(-48.78352 -507.7904 -31294.97)
(-49.56662 -256.7598 -32021.46)
(-49.99491 -83.37448 -32319.11)
(-50.20173 60.26032 -32295.37)
(-50.24817 213.8533 -31969.61)
(-50.09647 408.1007 -31290.97)
(-49.66141 652.9236 -30168.07)
(-45.35952 1033.954 -27380.36)
(-37.36152 862.8496 -23521.52)
(-28.42568 537.4928 -20657.77)
(-17.95684 274.9625 -18970.42)
(-6.037677 82.96236 -18192.4)
(-17.27334 1850.956 -4544.12)
(-18.92475 1848.106 -10830.31)
(-20.64187 1843.687 -13586.51)
(-22.67996 1838.65 -15322.23)
(-24.80314 1832.881 -15497.77)
(-37.95513 2503.872 -18980)
(-42.51849 2494.124 -17544.02)
(-47.76195 2481.766 -17708.87)
(-53.84951 2468.778 -17865.52)
(-60.56131 2453.896 -26249.46)
(-32.91683 1179.184 -18121.25)
(-32.81001 1046.117 -19353.91)
(-28.65488 869.2781 -20040.57)
(-23.88964 656.933 -20571.46)
(-10.2955 412.2746 -14289.07)
(-16.20141 6003.11 -4564.923)
(-17.72022 5992.832 -10893.49)
(-19.39167 5981.239 -13689.2)
(-21.16826 5965.868 -15464.5)
(-23.18495 5948.093 -15665.56)
(-34.8689 8129.956 -19225.01)
(-38.92723 8099.399 -17822.74)
(-43.60929 8065.581 -18037.69)
(-48.96691 8024.602 -18247.79)
(-55.097 7980.29 -26892.53)
(-30.05522 3845.983 -18694.91)
(-31.25391 3433.351 -20179.58)
(-30.53933 2868.212 -21086.32)
(-25.74061 2156.777 -21784.78)
(-20.93914 1331.599 -15188.09)
(-78.10074 6237.426 -47868.54)
(-15.95941 11507.43 -4601.089)
(-17.20586 11491.37 -11005.06)
(-18.76149 11470.8 -13878.28)
(-20.45411 11446.09 -15731.33)
(-22.32005 11417.11 -15984.03)
(-33.61701 15613.88 -19693.2)
(-36.96154 15565.41 -18355.63)
(-41.14622 15508.95 -18673.27)
(-46.14058 15446.63 -18984.54)
(-51.81493 15373.34 -28136.06)
(-28.2034 7466.374 -19824.39)
(-29.4818 6812.324 -21869.99)
(-30.05061 5834.24 -23340.22)
(-28.4816 4456.189 -24560)
(-22.77454 2644.4 -17287.76)
(-159.2709 10513.41 -54517.21)
(-74.49357 6082.782 -30459.77)
(-16.05314 19017.9 -4641.274)
(-17.48678 18998.22 -11133.41)
(-18.90495 18973.91 -14102.29)
(-20.59524 18947.4 -16050.24)
(-22.41832 18916.32 -16366.49)
(-33.54706 25895.59 -20260.81)
(-36.88709 25845.13 -19005.14)
(-40.6327 25787.19 -19449.11)
(-45.15908 25721.15 -19888.87)
(-50.60552 25648.57 -29671.26)
(-27.53202 12690.45 -21280.32)
(-28.68707 12259.05 -24275.58)
(-29.42869 11371.9 -27032.41)
(-29.02404 9579.076 -29873.13)
(-25.98949 6059.054 -21789.65)
(-172.5816 13811.56 -69075.07)
(-150.9564 6569.86 -35062.3)
(-68.82158 3219.801 -34066.78)
(-16.93313 27476.24 -4625.324)
(-18.28644 27459.07 -11100.21)
(-19.97766 27446.38 -14066.71)
(-21.53457 27437.81 -16012.72)
(-23.39484 27434.34 -16332.86)
(-35.07872 37618.15 -20215.93)
(-38.24497 37609.64 -18957.33)
(-42.05026 37606.72 -19398.08)
(-46.46064 37606.4 -19838.09)
(-51.59396 37609.38 -29604.2)
(-28.08105 19214.91 -21377.48)
(-29.43085 20581.15 -25112.2)
(-30.37048 22647.1 -30018.66)
(-30.34086 25670.42 -37897.26)
(-27.8444 30084.16 -32465.55)
(-194.1974 7532.894 -114497.2)
(-162.3224 3096.19 -41257.1)
(-138.7142 1401.415 -36661.03)
(-61.68315 658.6198 -34438.66)
(-18.51494 31439.4 -4438.749)
(-19.80463 31424.39 -10558.49)
(-21.33851 31418 -13189.78)
(-23.26228 31419.98 -14800.42)
(-25.10808 31430.91 -14896.6)
(-37.39275 43119.41 -18091.55)
(-40.8823 43135.13 -16506.06)
(-44.68622 43160.64 -16455.64)
(-49.1846 43194.85 -16401.43)
(-54.31716 43237.96 -23762.75)
(-29.62211 22281.78 -15767.97)
(-31.88733 24464.62 -15521.78)
(-34.46474 27836.65 -14086.1)
(-37.61249 32919.83 -10975.16)
(-41.64129 40605.96 -4423.241)
(-19.87692 28390.96 -4319.875)
(-21.12457 28374.94 -10220.76)
(-22.5912 28362.94 -12652.05)
(-24.38633 28354.45 -14062.99)
(-26.48541 28349.38 -14030.26)
(-39.24952 38872.38 -16814.25)
(-42.70235 38862.64 -15037.24)
(-46.63584 38858.08 -14700.08)
(-51.06537 38856.26 -14360.49)
(-56.22866 38856.37 -20316.15)
(-30.59147 19761 -12652.13)
(-33.16891 20801.68 -11018.69)
(-36.3345 22137.8 -8611.025)
(-40.21491 23584.72 -5604.3)
(-45.15787 24723.06 -1966.437)
(-20.59712 21576.19 -4266.075)
(-21.84039 21563.22 -10074.78)
(-23.25211 21551.18 -12429.08)
(-24.89593 21539.3 -13763.55)
(-26.84181 21528.4 -13682.95)
(-39.93243 29508.22 -16304.27)
(-43.23376 29490.77 -14449.92)
(-47.04795 29472.65 -13998.06)
(-51.35067 29454.91 -13545.66)
(-56.27971 29436.49 -18943.36)
(-30.59482 14836.74 -11447.09)
(-33.07177 15210.82 -9414.618)
(-36.22827 15644.78 -6922.731)
(-40.11871 16040.51 -4251.042)
(-44.90403 16275.16 -1434.582)
(-20.339 13275.4 -4243.786)
(-21.86036 13267.43 -10018.43)
(-23.1868 13259.45 -12349.26)
(-24.72773 13251.17 -13660.88)
(-26.47762 13242.49 -13566.14)
(-39.12954 18148.84 -16133.87)
(-42.4343 18135.06 -14252.39)
(-45.94593 18121.46 -13761.6)
(-50.04154 18106.51 -13270.33)
(-54.6123 18090.4 -18479.15)
(-29.57827 9080.088 -11043.38)
(-31.95165 9197.523 -8894.398)
(-34.75953 9327.106 -6407.131)
(-38.35523 9435.687 -3867.535)
(-42.767 9489.566 -1292.066)
(-19.63125 4466.056 -4236.748)
(-20.92113 4463.457 -10002.31)
(-22.48189 4460.852 -12328.27)
(-23.86934 4458.101 -13634.61)
(-25.46466 4455.078 -13537.4)
(-37.36099 6106.003 -16090.66)
(-40.27277 6101.04 -14201.6)
(-43.66393 6096.093 -13699.31)
(-47.28324 6091.716 -13196.98)
(-51.54816 6086.13 -18353.77)
(-27.80479 3050.136 -10931.91)
(-29.9103 3076.033 -8749.906)
(-32.48149 3104.145 -6265.905)
(-35.52838 3126.594 -3764.905)
(-39.42771 3136.735 -1254.724)
(-18.53972 -4469.39 -4239.941)
(-19.60989 -4466.927 -10009.71)
(-20.89426 -4464.802 -12337.75)
(-22.44202 -4462.189 -13645.32)
(-23.82637 -4459.402 -13548.32)
(-34.80646 -6111.671 -16104.94)
(-37.30609 -6107 -14214.92)
(-40.27037 -6103.153 -13713.18)
(-43.56039 -6098.334 -13211.23)
(-47.17868 -6092.832 -18376.01)
(-25.44579 -3053.857 -10946.26)
(-27.26933 -3080.296 -8762.35)
(-29.45936 -3108.904 -6275.796)
(-32.1489 -3131.862 -3771.441)
(-35.34426 -3142.494 -1257.097)
(-17.03433 -13300.93 -4253.26)
(-17.96752 -13294.5 -10041.19)
(-19.01697 -13288.31 -12377.47)
(-20.25054 -13282.57 -13692.76)
(-21.70923 -13276.17 -13599.42)
(-31.60462 -18197.62 -16175.67)
(-33.70787 -18187.21 -14292.11)
(-36.14716 -18177.46 -13803.18)
(-38.99072 -18167.53 -13313.96)
(-42.16385 -18156.53 -18544.91)
(-22.56894 -9116.098 -11086.36)
(-24.16851 -9237.156 -8932.278)
(-26.0146 -9371.23 -6437.095)
(-28.21926 -9484.856 -3887.516)
(-30.93607 -9544.628 -1299.504)
(-10.96404 4771.927 -3348.42)
(-15.30867 -21645.52 -4281.942)
(-15.97243 -21636.34 -10112.81)
(-16.86521 -21628.82 -12475.91)
(-17.86471 -21622.91 -13816.69)
(-18.99469 -21618.44 -13738.09)
(-27.8882 -29640.33 -16373.92)
(-29.58984 -29632.18 -14516.36)
(-31.58542 -29625.1 -14067.91)
(-33.91908 -29620.45 -13618.73)
(-36.54703 -29616.79 -19054.5)
(-19.50395 -14935.52 -11520.45)
(-20.68366 -15321.11 -9480.775)
(-22.22193 -15768.73 -6976.254)
(-24.021 -16181.12 -4287.389)
(-26.16126 -16433.74 -1448.225)
(-28.02047 8421.115 -3919.342)
(-10.01715 5194.204 -9816.934)
(-13.21948 -28517.85 -4341.82)
(-13.88383 -28510.28 -10273.56)
(-14.4353 -28507.01 -12717.34)
(-15.26415 -28508.47 -14137.54)
(-16.19993 -28514.7 -14107.96)
(-23.588 -39115.58 -16912.75)
(-25.22701 -39125.57 -15132.39)
(-26.72066 -39141.36 -14800.33)
(-28.54583 -39163 -14467.07)
(-30.70379 -39191.6 -20480.47)
(-16.27482 -19946.54 -12763.97)
(-17.13665 -21014.14 -11125.59)
(-18.15741 -22385.87 -8703.199)
(-19.52534 -23876.09 -5670.852)
(-21.18174 -25063.23 -1992.453)
(-38.1981 12900.69 -4977.435)
(-25.66053 7049.784 -11610.93)
(-7.848223 3614.037 -13929.54)
(-10.9954 -31621.03 -4466.866)
(-11.56875 -31617.22 -10626.88)
(-12.16815 -31624.38 -13274.71)
(-12.59612 -31641.14 -14898.15)
(-13.3084 -31667.54 -15000.47)
(-19.40026 -43468.85 -18224.71)
(-20.61685 -43512.06 -16637.29)
(-21.9832 -43569.23 -16597.5)
(-23.21464 -43638.67 -16555)
(-24.86392 -43722.29 -24006.77)
(-13.11707 -22553.79 -15945.28)
(-13.5498 -24789.94 -15714.59)
(-14.08408 -28241.62 -14280.26)
(-14.71889 -33448.4 -11143.89)
(-15.69843 -41331.12 -4499.563)
(-46.43021 18877.32 -6869.084)
(-34.42878 8321.152 -14501.01)
(-19.87069 4056.946 -15470.78)
(-4.958596 1886.019 -15726.22)
(-8.848662 -27673.69 -4660.659)
(-9.377286 -27668.47 -11185.22)
(-9.908781 -27669.42 -14175.1)
(-10.44459 -27677.57 -16140.14)
(-10.74034 -27690.87 -16467.44)
(-15.51859 -37996.54 -20395.03)
(-16.51694 -38018.85 -19140.13)
(-17.59526 -38050.07 -19600.68)
(-18.68646 -38089.77 -20063.98)
(-19.63887 -38136.68 -29974.98)
(-10.26235 -19509.01 -21673.45)
(-10.30199 -20924.15 -25499.23)
(-10.11305 -23060.84 -30536.28)
(-9.659624 -26188.47 -38632.45)
(-8.643067 -30760.15 -33177.54)
(-63.41092 -7727.469 -117338.9)
(-63.80117 -3185.33 -42382.84)
(-64.58842 -1441.245 -37704.18)
(-65.66206 -682.6021 -35527.75)
(-66.94307 -308.9968 -34480.27)
(-68.28161 -88.40311 -34021.93)
(-69.43561 94.69142 -33960.3)
(-70.12262 336.5642 -34314.8)
(-69.63588 796.6237 -35359.37)
(-66.75429 1885.404 -37937.09)
(-52.76407 17612.67 -30140.73)
(-40.04722 8039.009 -19081.73)
(-26.07628 3984.674 -17213.33)
(-12.41633 1866.53 -16658.22)
(-1.713907 546.7184 -16457.71)
(-7.668842 -19183.58 -4682.078)
(-7.721157 -19173.94 -11232.51)
(-8.145887 -19162.05 -14228.31)
(-8.664349 -19147.99 -16199.39)
(-9.107834 -19131.88 -16525.28)
(-12.78324 -26212.22 -20469.65)
(-13.55237 -26187.07 -19219.31)
(-14.42431 -26158.59 -19687.57)
(-15.3485 -26126.11 -20155.51)
(-16.24261 -26089.46 -30107.01)
(-8.266172 -12929.7 -21628.99)
(-8.223427 -12511.35 -24721.28)
(-8.032174 -11629.9 -27589.06)
(-7.629179 -9820.51 -30567.92)
(-7.053878 -6229.572 -22362.87)
(-56.24787 -14244.44 -71114.82)
(-57.38368 -6774.368 -36151.51)
(-58.49105 -3346.338 -35252.96)
(-59.41372 -1666.995 -34447.48)
(-60.30257 -776.3006 -33941.13)
(-61.18699 -228.9332 -33677.99)
(-61.95974 224.7596 -33601.28)
(-62.40096 791.4383 -33685.79)
(-62.23724 1761.043 -33890.15)
(-60.88536 3722.503 -33907.72)
(-52.51981 10290.99 -28578.58)
(-41.5398 6381.95 -21400.35)
(-29.36153 3433.281 -18648.81)
(-16.0711 1650.463 -17523.28)
(-4.254705 487.2529 -17075.12)
(-6.865281 -11626.83 -4647.837)
(-6.952492 -11618.25 -11116.58)
(-6.96944 -11606.39 -14020.96)
(-7.398661 -11591.01 -15897.55)
(-7.86214 -11572.8 -16161.85)
(-11.21286 -15842.14 -19925.55)
(-11.51389 -15811.19 -18592.95)
(-12.34398 -15777.28 -18936.38)
(-13.07865 -15738.06 -19278.11)
(-13.82626 -15692.82 -28616.38)
(-7.14091 -7635.728 -20201.63)
(-6.957263 -6983.187 -22336.98)
(-6.772885 -5996.356 -23903.22)
(-6.54067 -4593.905 -25230.4)
(-6.16264 -2734.361 -17819.23)
(-50.36877 -10866.08 -56326.92)
(-51.65598 -6336.844 -31590.29)
(-52.85597 -3511.55 -32695.99)
(-53.88378 -1867.782 -33057.57)
(-54.60248 -903.2814 -33147.25)
(-55.1574 -277.8258 -33134.38)
(-55.59239 240.0384 -33064.52)
(-55.82239 840.7578 -32916.11)
(-55.6763 1727.736 -32579.69)
(-54.984 3129.354 -31761.96)
(-49.24967 6095.471 -27875.44)
(-39.98116 4476.497 -22625.82)
(-29.71573 2589.628 -19690.26)
(-17.80879 1280.77 -18234.33)
(-5.455324 381.6751 -17609.93)
(-6.008509 -6076.321 -4617.181)
(-6.438643 -6072.185 -11019.9)
(-6.475511 -6063.955 -13847.97)
(-6.518189 -6054.908 -15651.42)
(-6.978663 -6042.737 -15864.52)
(-10.09758 -8270.398 -19484.7)
(-10.42267 -8251.004 -18085.05)
(-10.83429 -8228.877 -18329.63)
(-11.67077 -8204.855 -18572.02)
(-12.31285 -8177.24 -27420.98)
(-6.262958 -3950.132 -19104.53)
(-6.248895 -3536.306 -20678.98)
(-6.020693 -2963.946 -21676.87)
(-5.78276 -2235.773 -22474.96)
(-5.551244 -1379.624 -15715.99)
(-45.63109 -6510.907 -49710.44)
(-46.90167 -4199.559 -28879.85)
(-47.96171 -2498.801 -30868.66)
(-48.90815 -1391.985 -31927.75)
(-49.63643 -693.1644 -32445.1)
(-50.02093 -220.8154 -32635.85)
(-50.18532 170.3511 -32592.79)
(-50.17714 600.2685 -32318.26)
(-49.94328 1172.801 -31731.71)
(-49.38518 1948.836 -30669.27)
(-44.86482 3271.588 -27550.9)
(-36.89463 2627.385 -23275.37)
(-28.09956 1597.171 -20365.5)
(-17.77415 807.613 -18744.16)
(-5.980517 242.6048 -18013.91)
(-5.44198 -1876.94 -4602.913)
(-5.902106 -1875.966 -10972.57)
(-6.204718 -1873.968 -13765.23)
(-6.247642 -1870.308 -15531.08)
(-6.313546 -1866.871 -15720.46)
(-9.220513 -2554.29 -19271.42)
(-9.781101 -2548.257 -17839.52)
(-10.07443 -2541.285 -18034.92)
(-10.50483 -2533.003 -18230.55)
(-11.37056 -2524.29 -26843.62)
(-5.766899 -1216.942 -18580.21)
(-5.642206 -1082.988 -19910.45)
(-5.583313 -902.9981 -20692.71)
(-5.324298 -682.2114 -21312.37)
(-5.061639 -431.0776 -14855.74)
(-41.95931 -2157.315 -46999.85)
(-42.99445 -1450.394 -27643.02)
(-43.88494 -891.8634 -29958.96)
(-44.60101 -508.3822 -31328.57)
(-45.19218 -257.094 -32059.43)
(-45.54965 -83.4991 -32361.28)
(-45.56025 60.3388 -32341.7)
(-45.33063 214.1894 -32020.44)
(-44.91431 408.8238 -31346.43)
(-44.29222 654.2241 -30228.11)
(-40.29928 1036.276 -27441.84)
(-33.24275 865.0465 -23581.42)
(-25.57225 539.0374 -20717.03)
(-16.60509 275.8431 -19030.66)
(-5.907743 83.24865 -18253.86)
(-15.70232 1853.654 -4549.202)
(-17.2283 1850.337 -10844.33)
(-18.86136 1846.754 -13603.34)
(-20.56611 1841.624 -15343.13)
(-22.58982 1835.869 -15520.21)
(-33.89573 2509.489 -19008.52)
(-37.83902 2499.417 -17575.94)
(-42.38588 2488.716 -17743.32)
(-47.6098 2475.431 -17907.13)
(-53.67264 2461.5 -26317.78)
(-29.21966 1183.826 -18175.75)
(-30.40872 1050.503 -19423.44)
(-29.79441 873.0766 -20121.53)
(-25.41395 657.3697 -20651.37)
(-20.57554 415.6005 -14348.07)
(-76.32848 2064.931 -45234.98)
(-15.07283 6010.147 -4569.928)
(-16.16016 6001.233 -10905.51)
(-17.66249 5988.777 -13705.47)
(-19.3202 5974.95 -15483.74)
(-21.08443 5957.388 -15686.65)
(-31.68437 8144.713 -19251.52)
(-34.76423 8116.364 -17850.76)
(-38.80556 8082.916 -18070.54)
(-43.47034 8046.202 -18284.46)
(-48.80774 8002.373 -26955.17)
(-26.58965 3858.401 -18743.84)
(-27.80511 3446.436 -20242.03)
(-28.46683 2880.194 -21163.09)
(-27.22274 2165.934 -21873.32)
(-22.32804 1332.547 -15243.57)
(-155.229 6291.94 -48077.53)
(-72.15392 4027.187 -27830.73)
(-14.68443 11518.56 -4606.02)
(-15.91985 11504.77 -11016.36)
(-17.15119 11485.39 -13893.74)
(-18.69501 11461.5 -15748.94)
(-20.377 11433.47 -16003.48)
(-30.50433 15638.81 -19718.87)
(-33.5157 15593.52 -18382.75)
(-36.84815 15540.65 -18702.93)
(-41.01676 15479.79 -19019.61)
(-45.99022 15413.02 -28194.66)
(-24.99784 7487.015 -19871.71)
(-26.05327 6834.267 -21929.4)
(-26.80189 5855.785 -23414.82)
(-26.72747 4474.648 -24651.29)
(-24.5623 2655.376 -17358.4)
(-169.4672 10522.32 -54690.2)
(-147.4936 6137.594 -30605.92)
(-67.16532 3374.632 -31569.06)
(-14.82308 19035.21 -4645.682)
(-16.017 19017.3 -11143.98)
(-17.4357 18995.92 -14116.74)
(-18.84115 18969.87 -16067.52)
(-20.51905 18941.56 -16385.84)
(-30.64336 25933.34 -20284.66)
(-33.45024 25885.75 -19031.64)
(-36.77672 25832.99 -19477.89)
(-40.50825 25772.69 -19922.32)
(-45.01691 25704.21 -29726.4)
(-24.43561 12721.88 -21326.48)
(-25.41097 12292.42 -24335.23)
(-25.98445 11407.64 -27108.77)
(-25.93978 9613.334 -29971.78)
(-24.56951 6083.628 -21872.77)
(-188.0761 13868.16 -69356.52)
(-160.7755 6575.908 -35157.73)
(-137.2979 3249.154 -34232.36)
(-61.07694 1605.99 -33348.46)
(-15.86563 27500.78 -4629.576)
(-16.8989 27484.69 -11110.03)
(-18.23865 27474.43 -14080.33)
(-19.91619 27468.6 -16029.7)
(-21.46466 27466.92 -16349.53)
(-31.98911 37666.92 -20239.9)
(-34.98584 37664.1 -18981.82)
(-38.14331 37665.59 -19424.52)
(-41.93537 37672.67 -19869.09)
(-46.32774 37682.4 -29656.01)
(-25.00735 19256.57 -21418.82)
(-26.14433 20630.35 -25168.36)
(-26.86305 22707.88 -30094.42)
(-26.7775 25748.73 -38008.03)
(-24.93352 30188.79 -32575.76)
(-184.6775 7563.372 -114943.6)
(-176.7375 3108.823 -41421.25)
(-149.8342 1402.787 -36760.89)
(-125.3016 664.6818 -34594.98)
(-54.46933 298.4232 -33493.24)
(-17.42559 31464.76 -4442.485)
(-18.48228 31451.95 -10568.52)
(-19.75948 31447.79 -13201.69)
(-21.28645 31452.2 -14814.38)
(-23.19978 31465.03 -14912.68)
(-34.35059 43171.55 -18110.66)
(-37.31808 43190.91 -16525.9)
(-40.79956 43222.23 -16477.17)
(-44.59627 43263.41 -16424.87)
(-49.08527 43313.39 -23800.86)
(-26.58185 22324.5 -15795.84)
(-28.42268 24516.95 -15552.63)
(-30.60927 27902.39 -14117.82)
(-33.21021 33007.68 -11003.04)
(-36.64324 40729.08 -4436.18)
(-18.70832 28412.18 -4323.618)
(-19.84555 28398.17 -10230)
(-21.08295 28387.83 -12663.07)
(-22.54314 28381.41 -14075.82)
(-24.33044 28378.53 -14044.3)
(-36.2485 38914.33 -16831.59)
(-39.18397 38910.18 -15054.12)
(-42.63229 38908.57 -14718.21)
(-46.56101 38912.05 -14379.77)
(-50.98493 38918.25 -20346.45)
(-27.65851 19795.39 -12672.92)
(-29.75395 20841.42 -11038.75)
(-32.40264 22185.18 -8628.52)
(-35.70699 23640.69 -5617.096)
(-39.8318 24789.87 -1971.514)
(-19.10088 21591.7 -4269.714)
(-20.56734 21579.53 -10083.36)
(-21.80116 21568.69 -12439.58)
(-23.20661 21558.69 -13775.66)
(-24.84441 21548.88 -13695.61)
(-36.74351 29538.45 -16320.35)
(-39.8722 29523 -14465.32)
(-43.16977 29508.68 -14014.61)
(-46.98106 29493.66 -13562.55)
(-51.28042 29478.98 -18969.67)
(-27.7455 14860.37 -11464.59)
(-29.91243 15237.26 -9430.481)
(-32.48878 15674.64 -6935.638)
(-35.78306 16075.08 -4259.926)
(-39.8646 16314.09 -1437.932)
(-19.03795 13284.46 -4247.202)
(-20.31084 13276.85 -10026.6)
(-21.82297 13269.55 -12359.27)
(-23.14418 13262.19 -13672.03)
(-24.67913 13254.53 -13578.34)
(-36.24767 18165.86 -16148.83)
(-39.07339 18153.88 -14266.79)
(-42.37539 18141.14 -13776.63)
(-45.8843 18128.58 -13286.08)
(-49.97707 18114.65 -18502.94)
(-26.95203 9093.201 -11058.87)
(-28.97739 9212.127 -8908.309)
(-31.44973 9343.335 -6418.095)
(-34.38858 9453.684 -3874.849)
(-38.14673 9510.172 -1294.831)
(-18.50992 4469.023 -4240.009)
(-19.60501 4466.475 -10009.75)
(-20.88646 4464.015 -12337.72)
(-22.44102 4461.537 -13645.43)
(-23.82348 4458.918 -13548.63)
(-34.86135 6110.954 -16105.42)
(-37.30884 6107.184 -14214.24)
(-40.21919 6102.469 -13713.41)
(-43.60664 6097.764 -13211.51)
(-47.22356 6093.613 -18375.88)
(-25.44532 3054.24 -10946.22)
(-27.26139 3080.542 -8762.279)
(-29.46014 3108.99 -6275.81)
(-32.14986 3132.076 -3771.401)
(-35.34617 3142.667 -1257.11)
(-17.54774 -4471.691 -4242.992)
(-18.5147 -4469.8 -10016.94)
(-19.57741 -4467.487 -12346.31)
(-20.85649 -4465.485 -13655.54)
(-22.39857 -4462.996 -13559)
(-32.61921 -6116.857 -16118.26)
(-34.75835 -6112.848 -14226.83)
(-37.25601 -6108.433 -13726.25)
(-40.21689 -6104.814 -13224.89)
(-43.5058 -6100.23 -18395.72)
(-23.29112 -3057.605 -10959.45)
(-24.94518 -3084.286 -8773.735)
(-26.85994 -3113.274 -6284.711)
(-29.15936 -3136.87 -3777.343)
(-31.98234 -3147.952 -1259.291)
(-10.56098 1549.416 -3100.907)
(-16.28706 -13308.57 -4256.136)
(-17.01082 -13302.37 -10047.96)
(-17.9367 -13296.62 -12385.68)
(-18.98166 -13291.04 -13702.06)
(-20.21086 -13285.92 -13609.2)
(-29.72035 -18212.02 -16187.92)
(-31.55897 -18202.65 -14303.73)
(-33.66096 -18193.29 -13815.01)
(-36.09898 -18184.58 -13326.21)
(-38.94011 -18175.67 -18563.74)
(-20.80705 -9126.283 -11098.17)
(-22.11021 -9248.388 -8942.898)
(-23.78741 -9383.374 -6445.385)
(-25.73672 -9498.239 -3892.95)
(-28.06603 -9559.641 -1301.516)
(-26.18595 4784.379 -3355.862)
(-9.475683 3152.948 -8787.109)
(-14.54997 -21656.83 -4284.583)
(-15.2869 -21648.84 -10119.13)
(-15.94338 -21641.8 -12483.73)
(-16.83164 -21636.33 -13825.53)
(-17.82771 -21632.46 -13747.04)
(-26.00182 -29661.91 -16385.23)
(-27.84608 -29655.11 -14527.08)
(-29.54616 -29650.1 -14079.01)
(-31.54031 -29646.14 -13630.18)
(-33.87205 -29644.57 -19071.93)
(-18.016 -14950.94 -11531.74)
(-19.06951 -15337.91 -9490.747)
(-20.31973 -15787.57 -6984.266)
(-21.94815 -16201.93 -4292.806)
(-23.86816 -16456.76 -1450.215)
(-34.79125 8446.981 -3930.972)
(-23.90535 5207.642 -9838.814)
(-7.430313 2804.634 -12772.35)
(-12.57172 -28532.69 -4344.342)
(-13.19886 -28525.04 -10279.51)
(-13.85692 -28523.15 -12724.46)
(-14.40475 -28525.48 -14145.58)
(-15.22928 -28532.56 -14116.69)
(-22.17079 -39141.1 -16923.53)
(-23.54853 -39153.48 -15142.27)
(-25.18526 -39171.65 -14811.28)
(-26.67737 -39195.58 -14477.79)
(-28.50103 -39225.33 -20497.37)
(-15.10072 -19965.22 -12775.26)
(-15.82862 -21035.29 -11136.13)
(-16.741 -22409.98 -8712.077)
(-17.84414 -23904.02 -5677.148)
(-19.33842 -25095.1 -1994.913)
(-41.06469 12945.64 -4994.383)
(-31.84118 7071.429 -11645.41)
(-18.76099 3623.248 -13960)
(-4.727198 1703.499 -14875.05)
(-10.41537 -31636.42 -4469.374)
(-10.97588 -31633.58 -10632.26)
(-11.54292 -31640.67 -13281.94)
(-12.13773 -31658.67 -14906)
(-12.56315 -31686.31 -15008.48)
(-18.20762 -43496.34 -18235.32)
(-19.36026 -43540.71 -16647.58)
(-20.57482 -43599.69 -16608.24)
(-21.93865 -43672.72 -16566.52)
(-23.16811 -43758.15 -24023.87)
(-12.16805 -22573.03 -15958.24)
(-12.58064 -24812.72 -15727.93)
(-13.00489 -28269.47 -14293.6)
(-13.56972 -33483.6 -11155.06)
(-14.34094 -41378.23 -4504.488)
(-45.29001 18942.95 -6892.698)
(-37.01104 8350.087 -14550.39)
(-24.71529 4069.391 -15516.45)
(-11.8784 1890.752 -15759.76)
(-1.643803 551.9513 -15834.81)
(-8.725032 -27686.8 -4662.438)
(-8.831735 -27682.12 -11190.84)
(-9.352291 -27683.83 -14181.66)
(-9.878646 -27691.67 -16148.58)
(-10.40846 -27706.72 -16476.36)
(-14.68479 -38018.85 -20405.04)
(-15.47959 -38042.72 -19150.47)
(-16.47321 -38075.14 -19612.21)
(-17.54595 -38116.51 -20077.1)
(-18.63346 -38166.41 -29994.59)
(-9.526739 -19524.75 -21688.54)
(-9.551125 -20942.01 -25519.85)
(-9.395215 -23081.73 -30562.12)
(-8.914116 -26214.02 -38668.68)
(-7.956536 -30792.07 -33211.13)
(-57.95531 -7736.383 -117468.7)
(-58.15799 -3189.386 -42433.88)
(-58.87635 -1443.255 -37753.69)
(-59.61413 -683.6495 -35578.71)
(-60.40367 -309.529 -34534.99)
(-61.22097 -88.581 -34082.02)
(-61.9264 94.86702 -34027.66)
(-62.2595 337.3131 -34391.53)
(-61.85595 798.6463 -35449.21)
(-59.86306 1890.817 -38046.06)
(-48.6107 17669.2 -30237.43)
(-39.09237 8066.889 -19147.29)
(-28.04436 3998.484 -17271.46)
(-15.48304 1872.249 -16707.03)
(-4.107698 548.077 -16492.28)
(-7.564565 -19192.18 -4684.633)
(-7.650474 -19182.89 -11237.15)
(-7.698644 -19171.5 -14234.73)
(-8.120197 -19157.8 -16205.72)
(-8.632376 -19141.92 -16534.27)
(-12.44606 -26228.6 -20479.52)
(-12.74652 -26202.06 -19228.65)
(-13.51263 -26174.56 -19698.11)
(-14.37944 -26143.65 -20167.4)
(-15.29816 -26108.64 -30126.4)
(-7.845954 -12939.18 -21642.62)
(-7.642828 -12521.42 -24738.47)
(-7.444762 -11640.02 -27610.94)
(-7.088037 -9829.433 -30593.36)
(-6.506612 -6235.749 -22383.37)
(-51.71754 -14259.53 -71185.35)
(-52.45409 -6782.214 -36190.61)
(-53.32117 -3350.622 -35294.98)
(-54.1483 -1669.331 -34492.5)
(-54.74092 -777.5024 -33989.76)
(-55.20601 -229.3516 -33731.44)
(-55.55198 225.131 -33660.69)
(-55.65292 792.9985 -33752.69)
(-55.26892 1764.989 -33966.03)
(-54.10601 3731.971 -33993.91)
(-47.1598 10320.56 -28660.65)
(-38.33212 6402.414 -21468.72)
(-28.69577 3445.16 -18712.37)
(-17.29143 1656.168 -17581.99)
(-5.310553 488.7448 -17124.96)
(-6.288482 -11632.1 -4649.515)
(-6.847767 -11624.06 -11122.74)
(-6.929541 -11612.11 -14025.78)
(-6.945665 -11596.87 -15904.58)
(-7.370798 -11578.08 -16168.25)
(-10.743 -15851.89 -19936.01)
(-11.17841 -15821.34 -18600.67)
(-11.47991 -15785.91 -18945.63)
(-12.30448 -15747.45 -19288.61)
(-13.03571 -15703.66 -28632.42)
(-6.670537 -7641.646 -20213.95)
(-6.593272 -6987.883 -22351.8)
(-6.333407 -6001.331 -23919.53)
(-6.056796 -4598.017 -25249.83)
(-5.722079 -2736.841 -17833.74)
(-46.46917 -10877.08 -56377.15)
(-47.47491 -6343.607 -31621.32)
(-48.3203 -3515.628 -32731.14)
(-49.12491 -1870.186 -33096.81)
(-49.75492 -904.5605 -33190.51)
(-50.06386 -278.2791 -33181.87)
(-50.15496 240.3875 -33117.04)
(-50.04861 842.2351 -32974.38)
(-49.65608 1731.17 -32644.47)
(-48.83683 3136.378 -31833.16)
(-43.79419 6110.983 -27946.35)
(-35.93983 4489.359 -22690.76)
(-27.45656 2597.926 -19752.94)
(-17.42021 1285.194 -18296.11)
(-5.870515 382.9925 -17668.68)
(-5.563224 -6077.846 -4619.168)
(-5.993142 -6074.368 -11024.14)
(-6.416839 -6067.961 -13854.44)
(-6.452607 -6057.507 -15656.26)
(-6.494242 -6046.197 -15871.16)
(-9.53473 -8274.209 -19493.32)
(-10.06628 -8256.474 -18092.88)
(-10.39141 -8234.125 -18337.41)
(-10.80009 -8209.023 -18581.34)
(-11.6317 -8182.011 -27435.88)
(-5.936593 -3953.019 -19115.28)
(-5.801435 -3538.962 -20691.18)
(-5.705987 -2965.874 -21691.65)
(-5.427975 -2237.678 -22489.81)
(-5.137878 -1380.878 -15727.78)
(-42.34531 -6516.783 -49750.71)
(-43.27334 -4203.829 -28905.62)
(-44.07102 -2501.475 -30898.95)
(-44.71472 -1393.606 -31962.08)
(-45.25581 -694.0658 -32483.6)
(-45.57361 -221.1455 -32678.45)
(-45.54532 170.5745 -32639.57)
(-45.26656 601.2128 -32369.65)
(-44.77697 1174.88 -31787.96)
(-44.04592 1952.718 -30730.31)
(-39.86037 3278.937 -27612.76)
(-32.82864 2634.074 -23334.65)
(-25.28049 1601.761 -20423.92)
(-16.43774 810.1997 -18803.67)
(-5.852456 243.442 -18074.75)
(-5.098049 -1877.838 -4604.339)
(-5.427466 -1876.289 -10977.57)
(-5.880615 -1874.562 -13770.65)
(-6.182121 -1871.811 -15536.91)
(-6.223883 -1867.434 -15726.02)
(-8.628555 -2555.977 -19278.63)
(-9.192679 -2549.698 -17846.81)
(-9.750026 -2542.7 -18043.15)
(-10.04318 -2534.747 -18237.96)
(-10.47106 -2525.499 -26857.39)
(-5.478526 -1217.632 -18590.44)
(-5.342298 -1083.827 -19921.29)
(-5.176366 -903.6418 -20705.09)
(-5.04239 -682.6602 -21326.96)
(-4.748553 -431.441 -14865.42)
(-38.87792 -2159.232 -47034.84)
(-39.88788 -1451.704 -27665.8)
(-40.49016 -892.7695 -29985.86)
(-40.98056 -508.9275 -31359.4)
(-41.31995 -257.3961 -32093.98)
(-41.53219 -83.61408 -32399.73)
(-41.50444 60.40968 -32383.97)
(-41.13468 214.494 -32066.46)
(-40.51639 409.4741 -31396.35)
(-39.70996 655.3866 -30281.77)
(-35.94349 1038.343 -27496.55)
(-29.5439 866.9907 -23634.49)
(-22.76561 540.4104 -20769.84)
(-14.94817 276.636 -19085.22)
(-5.466117 83.51522 -18311.73)
(-14.67912 1855.947 -4554.074)
(-15.6625 1853.025 -10855.82)
(-17.1713 1848.99 -13619.83)
(-18.79145 1844.671 -15361.33)
(-20.48545 1838.832 -15540.81)
(-30.86788 2513.603 -19035.7)
(-33.79295 2505.006 -17602.52)
(-37.72116 2494 -17775.66)
(-42.2513 2482.349 -17942.14)
(-47.45546 2468.14 -26379.19)
(-25.89572 1187.54 -18223.36)
(-27.06442 1054.569 -19482.65)
(-27.76688 876.7273 -20194.21)
(-26.66468 660.1995 -20734.8)
(-22.12119 415.9107 -14403.1)
(-153.272 2082.654 -45424.07)
(-70.94379 1389.495 -26621.03)
(-13.84607 6015.913 -4574.72)
(-15.03365 6008.266 -10916.87)
(-16.1079 5997.141 -13719.6)
(-17.59862 5982.494 -15501.42)
(-19.24398 5966.439 -15705.6)
(-28.81113 8157.448 -19277.13)
(-31.58802 8131.085 -17875.57)
(-34.65758 8099.832 -18099.03)
(-38.68188 8063.495 -18317.85)
(-43.32904 8023.885 -27009.56)
(-23.55426 3869.059 -18787.85)
(-24.61542 3457.525 -20295.84)
(-25.40481 2891.049 -21229.17)
(-25.53993 2174.946 -21953.29)
(-23.79909 1338.133 -15305.45)
(-167.3738 6297.415 -48247)
(-144.9029 4062.685 -27953.81)
(-65.79316 2398.691 -29780.94)
(-13.44997 11529.5 -4610.523)
(-14.64669 11515.9 -11027.57)
(-15.86938 11498.77 -13907.14)
(-17.09042 11476.06 -15765.77)
(-18.62375 11448.85 -16020.96)
(-27.84877 15661.24 -19742.61)
(-30.41274 15618.4 -18406.87)
(-33.41207 15568.7 -18730.61)
(-36.73219 15511.4 -19050)
(-40.8844 15446.11 -28246.9)
(-22.18928 7506.151 -19913.43)
(-23.09007 6853.04 -21982.3)
(-23.71105 5874.479 -23479.14)
(-23.92498 4491.03 -24730.55)
(-23.22856 2666.304 -17423.08)
(-182.9078 10565.48 -54911.83)
(-159.0351 6143.317 -30697.89)
(-135.4588 3404.916 -31711.86)
(-60.21333 1796.949 -31967.31)
(-13.87994 19052.73 -4649.925)
(-14.78847 19034.62 -11154.04)
(-15.97064 19014.99 -14129.35)
(-17.37855 18991.84 -16083.36)
(-18.77245 18964.03 -16403.04)
(-28.04441 25967.89 -20308.36)
(-30.55491 25923.45 -19054.25)
(-33.35061 25873.57 -19505.06)
(-36.66328 25818.43 -19951.97)
(-40.3803 25755.67 -29776.53)
(-21.7414 12749.37 -21366.64)
(-22.55939 12322.45 -24388.44)
(-23.0174 11438.49 -27176.01)
(-22.94305 9643.235 -30057.12)
(-22.06892 6105.213 -21945.24)
(-178.9506 13924.46 -69620.88)
(-174.2141 6602.732 -35296.84)
(-149.1269 3252.355 -34330.05)
(-124.6288 1620.689 -33494.92)
(-54.17573 748.4441 -32919.64)
(-15.01667 27522.59 -4633.644)
(-15.83235 27509.23 -11119.77)
(-16.8549 27500.06 -14092)
(-18.18526 27496.65 -16044.62)
(-19.85005 27497.7 -16366.4)
(-29.34913 37711.64 -20260.41)
(-31.90645 37712.91 -19004.36)
(-34.89061 37720.08 -19449.61)
(-38.03884 37731.62 -19896.34)
(-41.81729 37748.75 -29702.42)
(-22.44894 19293.72 -21456.39)
(-23.28665 20674.43 -25217.68)
(-23.86163 22761.58 -30162.1)
(-23.69347 25817.12 -38104.93)
(-22.06367 30279.89 -32671.51)
(-166.4918 7590.163 -115334.2)
(-168.6329 3121.424 -41578.81)
(-162.0261 1408.488 -36903.83)
(-138.0425 665.3469 -34695.1)
(-113.0704 301.3592 -33629.54)
(-48.05249 85.02296 -33120.04)
(-16.42052 31488 -4446.356)
(-17.39516 31477.31 -10577)
(-18.44091 31475.36 -13213.46)
(-19.70991 31481.99 -14827.22)
(-21.2313 31497.26 -14926.37)
(-31.73925 43218.41 -18129.92)
(-34.28046 43243.09 -16543.39)
(-37.24345 43278.09 -16496.98)
(-40.71692 43325.11 -16446.37)
(-44.50646 43382.08 -23834.9)
(-24.02212 22363.2 -15821.18)
(-25.50226 24563.44 -15580.22)
(-27.28475 27961.37 -14145.94)
(-29.49395 33085.05 -11027.87)
(-32.35651 40836.9 -4447.472)
(-17.30514 28432.73 -4327.188)
(-18.67907 28419.39 -10238.45)
(-19.80617 28411.05 -12673.79)
(-21.03763 28406.31 -14087.62)
(-22.49268 28405.48 -14056.74)
(-33.29882 38954.31 -16848.18)
(-36.18711 38952.17 -15069.67)
(-39.11978 38956.12 -14734.73)
(-42.56378 38962.6 -14397.49)
(-46.48785 38974.1 -20373.76)
(-25.08002 19826.72 -12691.77)
(-26.90173 20877.38 -11056.85)
(-29.06495 22227.24 -8644.193)
(-31.84218 23690.97 -5628.496)
(-35.36667 24848.53 -1976.015)
(-17.87605 21606.53 -4273.042)
(-19.07301 21595.04 -10091.57)
(-20.52994 21584.99 -12449.54)
(-21.75857 21576.2 -13786.82)
(-23.15903 21568.25 -13707.34)
(-34.00921 29566.53 -16335.24)
(-36.68775 29553.24 -14479.59)
(-39.81376 29540.91 -14029.55)
(-43.1078 29529.69 -13578.56)
(-46.91634 29517.74 -18993.34)
(-25.28365 14881.72 -11480.47)
(-27.12698 15261.32 -9444.867)
(-29.38488 15701.72 -6947.293)
(-32.08926 16105.64 -4267.853)
(-35.55583 16349.16 -1440.934)
(-17.95692 13292.95 -4250.31)
(-19.01186 13285.91 -10034.3)
(-20.2755 13278.97 -12368.76)
(-21.78237 13272.28 -13682.68)
(-23.0996 13265.54 -13589.14)
(-33.78615 18182.36 -16163.15)
(-36.19507 18170.91 -14280)
(-39.01912 18159.96 -13790.55)
(-42.3185 18148.27 -13300.59)
(-45.82488 18136.72 -18524.9)
(-24.66254 9105.299 -11073.09)
(-26.40749 9225.356 -8920.788)
(-28.52266 9358.072 -6428.109)
(-31.11249 9470.078 -3881.472)
(-34.20206 9528.285 -1297.278)
(-17.54371 4471.884 -4242.788)
(-18.48576 4469.437 -10017.09)
(-19.57211 4467.04 -12346.35)
(-20.84879 4464.697 -13655.51)
(-22.39828 4462.346 -13559.1)
(-32.61605 6116.206 -16118.61)
(-34.81119 6112.15 -14227.24)
(-37.25846 6108.606 -13725.64)
(-40.16745 6104.135 -13225.09)
(-43.55147 6099.668 -18396.08)
(-23.31054 3057.969 -10959.38)
(-24.94394 3084.652 -8773.706)
(-26.8528 3113.512 -6284.677)
(-29.15944 3136.958 -3777.349)
(-31.98373 3148.157 -1259.279)
(-10.56085 -1549.378 -3100.906)
(-16.79548 -4474.484 -4245.77)
(-17.52442 -4472.11 -10023.82)
(-18.4833 -4470.354 -12354.69)
(-19.54215 -4468.172 -13664.64)
(-20.81699 -4466.292 -13568.88)
(-30.66483 -6121.785 -16130.78)
(-32.5728 -6118.033 -14238.58)
(-34.71183 -6114.266 -13737.78)
(-37.20769 -6110.102 -13237.46)
(-40.16544 -6106.708 -18414.72)
(-21.47716 -3061.273 -10971.22)
(-22.835 -3088.051 -8784.278)
(-24.56868 -3117.286 -6292.869)
(-26.58644 -3141.264 -3782.698)
(-29.00909 -3152.971 -1261.261)
(-25.30578 1553.448 -3107.69)
(-9.204402 1054.388 -8312.4)
(-15.46468 -13315.8 -4258.761)
(-16.26505 -13310.02 -10054.45)
(-16.98128 -13304.49 -12393.54)
(-17.90323 -13299.35 -13710.8)
(-18.94478 -13294.39 -13618.19)
(-27.66916 -18225.38 -16199.42)
(-29.67766 -18217.04 -14314.56)
(-31.51485 -18208.73 -13826.23)
(-33.61569 -18200.42 -13337.62)
(-36.05251 -18192.71 -18580.82)
(-19.21414 -9135.831 -11109.42)
(-20.3845 -9258.669 -8952.421)
(-21.76322 -9394.697 -6453.022)
(-23.53145 -9510.51 -3897.957)
(-25.59696 -9573.106 -1303.335)
(-32.67172 4799.074 -3365.76)
(-22.71803 3161.075 -8806.255)
(-7.134964 1762.858 -12004.57)
(-13.83472 -21667.97 -4287.148)
(-14.52914 -21660.16 -10125.08)
(-15.25958 -21654.28 -12491.08)
(-15.91178 -21649.3 -13833.86)
(-16.79652 -21645.89 -13755.6)
(-24.4041 -29681.14 -16395.77)
(-25.96249 -29676.69 -14537.11)
(-27.80522 -29673.04 -14089.41)
(-29.50385 -29671.14 -13640.92)
(-31.49667 -29670.28 -19087.95)
(-16.69741 -14964.91 -11542.25)
(-17.6121 -15353.58 -9500.032)
(-18.73369 -15804.79 -6991.588)
(-20.0703 -16221.18 -4297.728)
(-21.80837 -16477.89 -1452.046)
(-37.43896 8476.379 -3944.264)
(-29.80693 5223.629 -9867.846)
(-17.83824 2811.766 -12799.78)
(-4.531345 1344.268 -14169.02)
(-11.92899 -28546.24 -4346.832)
(-12.55168 -28539.88 -10285.21)
(-13.17288 -28537.92 -12731.41)
(-13.82753 -28541.62 -14153.2)
(-14.37268 -28549.58 -14124.5)
(-20.843 -39165.61 -16933.85)
(-22.13264 -39179.03 -15151.91)
(-23.50989 -39199.58 -14820.97)
(-25.14446 -39225.89 -14488.46)
(-26.63508 -39257.93 -20512.56)
(-14.02065 -19982.34 -12785.8)
(-14.68404 -21054.76 -11145.93)
(-15.4614 -22432.37 -8720.33)
(-16.45141 -23929.6 -5682.931)
(-17.67426 -25124.33 -1997.126)
(-40.12091 12990.6 -5011.469)
(-34.2579 7096.003 -11684.81)
(-23.42141 3634.362 -14001.02)
(-11.3637 1707.771 -14906.4)
(-1.576706 499.6291 -15238.72)
(-10.16578 -31651.83 -4471.507)
(-10.39681 -31648.97 -10637.96)
(-10.95107 -31657.03 -13288.29)
(-11.51441 -31674.97 -14913.83)
(-12.10542 -31703.86 -15016.18)
(-17.1885 -43522.09 -18244.92)
(-18.17068 -43568.21 -16657.26)
(-19.32038 -43628.38 -16618.5)
(-20.53285 -43703.25 -16577.26)
(-21.89418 -43792.25 -24040.57)
(-11.34024 -22591.37 -15969.64)
(-11.67366 -24833.76 -15740.72)
(-12.07216 -28295.11 -14305.77)
(-12.52941 -33516.32 -11165.5)
(-13.21972 -41421.43 -4509.012)
(-41.79056 19003.75 -6914.711)
(-36.1646 8379.045 -14600.18)
(-26.59691 4083.495 -15568.67)
(-14.85191 1896.545 -15805.82)
(-3.951023 553.3233 -15867.82)
(-8.655879 -27698.66 -4665.151)
(-8.707066 -27695.23 -11194.92)
(-8.809872 -27697.47 -14188.36)
(-9.324257 -27706.07 -16155.81)
(-9.846108 -27720.84 -16484.77)
(-14.22896 -38040.6 -20415.92)
(-14.64603 -38065.03 -19159.93)
(-15.43936 -38099.03 -19622.86)
(-16.4282 -38141.61 -20088.95)
(-17.49537 -38193.2 -30014.2)
(-9.031161 -19539.75 -21702.92)
(-8.880364 -20958.65 -25537.98)
(-8.7126 -23101.24 -30586.88)
(-8.278165 -26237.47 -38701.73)
(-7.342148 -30821.81 -33242.42)
(-53.29966 -7744.544 -117587.8)
(-53.16078 -3193.073 -42480.22)
(-53.67291 -1445.098 -37798.88)
(-54.33176 -684.6062 -35625.31)
(-54.83259 -310.0079 -34584.52)
(-55.2367 -88.74294 -34136.14)
(-55.5221 95.02481 -34087.84)
(-55.5268 337.9788 -34459.85)
(-54.93063 800.4366 -35528.6)
(-53.19945 1895.627 -38142.79)
(-43.66695 17719.96 -30324.27)
(-36.09502 8092.761 -19208.43)
(-27.42379 4012.32 -17330.23)
(-16.66618 1878.722 -16762.91)
(-5.137419 549.7552 -16540.33)
(-6.935777 -19201.49 -4686.592)
(-7.546508 -19191.48 -11243.02)
(-7.626819 -19180.45 -14240.24)
(-7.673435 -19167.24 -16212.79)
(-8.092316 -19151.72 -16540.63)
(-11.79836 -26242.38 -20490.46)
(-12.40749 -26218.39 -19237.94)
(-12.70873 -26189.54 -19707.74)
(-13.47168 -26159.61 -20178.25)
(-14.33337 -26126.15 -30144.17)
(-7.378727 -12948.6 -21656.54)
(-7.244728 -12530.58 -24754.66)
(-6.930877 -11649.3 -27630.38)
(-6.570625 -9837.885 -30617.7)
(-6.041019 -6241.367 -22402.09)
(-47.71447 -14273.75 -71250.74)
(-48.21825 -6789.416 -36226.54)
(-48.74481 -3354.507 -35333.14)
(-49.36618 -1671.475 -34533.57)
(-49.88179 -778.6016 -34034.19)
(-50.10787 -229.7261 -33779.83)
(-50.11853 225.4625 -33714.18)
(-49.89668 794.3942 -33812.46)
(-49.29284 1768.499 -34033.58)
(-48.05787 3740.349 -34070.13)
(-41.94101 10346.82 -28733.56)
(-34.46538 6420.812 -21530.34)
(-26.52309 3456.201 -18771.91)
(-16.9201 1661.889 -17641.5)
(-5.7166 490.4319 -17182.03)
(-5.862137 -11636.1 -4651.24)
(-6.274872 -11629.33 -11126.58)
(-6.825264 -11617.91 -14033.1)
(-6.90392 -11602.56 -15909.89)
(-6.92009 -11583.94 -16175.2)
(-10.07348 -15859.15 -19943.86)
(-10.70914 -15831.04 -18610.36)
(-11.14321 -15796.02 -18953.6)
(-11.445 -15756.07 -19298.07)
(-12.26413 -15713.03 -28648.05)
(-6.287565 -7646.886 -20225.41)
(-6.160221 -6993.145 -22365.59)
(-5.996611 -6005.458 -23935.56)
(-5.663826 -4601.784 -25267.16)
(-5.302194 -2739.259 -17847.52)
(-43.12143 -10886.91 -56423.41)
(-43.8013 -6350.01 -31649.92)
(-44.40585 -3519.381 -32763.42)
(-44.9125 -1872.362 -33132.49)
(-45.36385 -905.7351 -33229.96)
(-45.61311 -278.6952 -33225.22)
(-45.51771 240.7063 -33164.58)
(-45.15061 843.5624 -33026.84)
(-44.51947 1734.241 -32702.35)
(-43.55697 3142.627 -31896.53)
(-38.91052 6124.709 -28009.1)
(-31.98181 4500.789 -22748.55)
(-24.70526 2605.393 -19809.6)
(-16.11354 1289.311 -18354.18)
(-5.746065 384.3143 -17728.33)
(-5.270514 -6080.522 -4620.717)
(-5.549077 -6075.913 -11028.66)
(-5.973457 -6070.16 -13859.49)
(-6.392568 -6061.471 -15663.3)
(-6.428009 -6048.802 -15875.99)
(-8.876298 -8278.928 -19501.38)
(-9.504005 -8260.284 -18100.84)
(-10.03441 -8239.565 -18345.44)
(-10.35945 -8214.256 -18589.26)
(-10.76532 -8186.176 -27449.68)
(-5.607607 -3955.339 -19125.72)
(-5.488864 -3541.487 -20702.86)
(-5.307768 -2968.078 -21704.68)
(-5.13634 -2239.169 -22505.12)
(-4.814007 -1382.029 -15738.23)
(-39.24543 -6522.528 -49788.36)
(-40.14639 -4207.627 -28929.54)
(-40.66153 -2504.01 -30926.81)
(-41.0868 -1395.1 -31993.59)
(-41.378 -694.8811 -32518.64)
(-41.55404 -221.4501 -32717.3)
(-41.49096 170.7765 -32682.24)
(-41.07651 602.0687 -32416.18)
(-40.39248 1176.749 -31838.59)
(-39.48913 1956.188 -30784.87)
(-35.55212 3285.476 -27667.82)
(-29.1765 2639.994 -23387.16)
(-22.5068 1605.841 -20475.99)
(-14.7984 812.5286 -18857.58)
(-5.415452 244.2216 -18132.05)
(-5.117468 -1878.664 -4605.971)
(-5.085815 -1877.182 -10980.82)
(-5.408982 -1874.896 -13776.55)
(-5.856823 -1872.413 -15542.79)
(-6.157874 -1868.912 -15731.82)
(-8.505864 -2556.767 -19285.35)
(-8.602832 -2551.37 -17853.56)
(-9.164347 -2544.128 -18050.57)
(-9.718501 -2536.165 -18246.3)
(-10.01143 -2527.233 -26868.4)
(-5.055734 -1218.233 -18599.97)
(-5.06427 -1084.454 -19932.27)
(-4.89421 -904.3121 -20716.54)
(-4.689302 -683.1509 -21339.79)
(-4.486549 -431.7322 -14875.58)
(-36.39548 -2160.99 -47066)
(-36.98024 -1452.979 -27687.05)
(-37.55594 -893.5771 -30010.81)
(-37.8099 -509.4445 -31387.76)
(-37.96545 -257.6746 -32125.68)
(-37.97565 -83.71756 -32434.75)
(-37.84575 60.47352 -32422.51)
(-37.46872 214.7711 -32108.42)
(-36.76197 410.0629 -31441.54)
(-35.81962 656.4324 -30330.06)
(-32.22429 1040.19 -27545.45)
(-26.35186 868.7204 -23681.73)
(-20.23783 541.6255 -20816.68)
(-13.31255 277.3408 -19133.91)
(-4.922334 83.7553 -18364.21)
(-13.47958 1857.591 -4558.966)
(-14.64007 1855.313 -10866.86)
(-15.6122 1851.666 -13633.32)
(-17.10838 1846.911 -15379.21)
(-18.71703 1841.858 -15558.71)
(-27.99373 2517.654 -19060.67)
(-30.77175 2509.13 -17627.73)
(-33.68861 2499.56 -17802.68)
(-37.60156 2487.622 -17974.91)
(-42.11476 2475.023 -26431.06)
(-22.90602 1190.765 -18266.09)
(-23.99253 1057.91 -19534.17)
(-24.79023 880.0761 -20256.38)
(-25.01457 662.9503 -20809.97)
(-23.45031 417.6689 -14461.27)
(-166.3301 2084.501 -45591.98)
(-143.5581 1401.596 -26733.9)
(-65.04172 855.2356 -28879.36)
(-12.62431 6022.195 -4578.919)
(-13.81011 6014.031 -10927.74)
(-14.98391 6004.167 -13732.98)
(-16.05012 5990.816 -15516.74)
(-17.53046 5973.987 -15723.06)
(-26.29653 8169.819 -19300.1)
(-28.72146 8143.804 -17899.38)
(-31.48988 8114.512 -18124.36)
(-34.54896 8080.354 -18346.81)
(-38.55618 8041.128 -27059.03)
(-20.91052 3879.319 -18826.12)
(-21.80808 3467.043 -20344.02)
(-22.51018 2900.311 -21286.24)
(-22.87905 2183.063 -22022.28)
(-22.50864 1343.667 -15361.52)
(-179.4457 6323.311 -48441.35)
(-157.6971 4066.542 -28043.72)
(-133.9303 2419.927 -29908.02)
(-59.44619 1337.496 -30843.35)
(-12.47924 11540.55 -4614.388)
(-13.4165 11526.83 -11037.8)
(-14.59867 11509.91 -13920.38)
(-15.81328 11489.42 -15780.43)
(-17.02525 11463.36 -16037.6)
(-25.45172 15682.28 -19763.99)
(-27.76512 15640.81 -18429.08)
(-30.31899 15593.52 -18755.32)
(-33.30613 15539.38 -19078.23)
(-36.61367 15477.63 -28292.31)
(-19.73206 7522.266 -19950.59)
(-20.49898 6870.296 -22028.96)
(-21.01549 5890.528 -23536.23)
(-21.19659 4505.256 -24799.01)
(-20.89292 2675.985 -17479.27)
(-174.0893 10608.62 -55116.67)
(-171.3728 6168.379 -30818.66)
(-148.1927 3408.308 -31807.3)
(-123.669 1813.257 -32101.61)
(-53.73457 869.5165 -32107.02)
(-13.12544 19069.07 -4654.117)
(-13.8462 19052.12 -11163.7)
(-14.74421 19032.32 -14141.29)
(-15.91879 19010.9 -16097.22)
(-17.31691 18985.95 -16418.79)
(-25.6585 25998.71 -20329.44)
(-27.96128 25957.95 -19076.53)
(-30.46383 25911.23 -19528.42)
(-33.24815 25858.98 -19979.8)
(-36.54678 25801.35 -29821.12)
(-19.50004 12774.63 -21402.92)
(-20.07855 12348.87 -24435.16)
(-20.43865 11466.12 -27235.83)
(-20.32822 9669.144 -30132.22)
(-19.56695 6124.034 -22007.99)
(-161.477 13974.04 -69851.9)
(-166.2628 6629.555 -35429.65)
(-160.8839 3265.569 -34463.05)
(-137.7058 1622.316 -33593.93)
(-112.7516 755.7917 -33051.21)
(-47.91985 219.7729 -32728.52)
(-14.14885 27543.78 -4637.856)
(-14.98355 27531.05 -11129.06)
(-15.7895 27524.59 -14103.63)
(-16.80568 27522.28 -16057.42)
(-18.12776 27525.75 -16381.24)
(-27.13965 37753.84 -20281.04)
(-29.27271 37757.67 -19023.74)
(-31.82143 37768.95 -19472.73)
(-34.793 37786.15 -19922.03)
(-37.93154 37807.79 -29743.41)
(-20.27194 19327.39 -21490.11)
(-20.89713 20713.79 -25262.13)
(-21.25673 22809.59 -30221.87)
(-21.04635 25877.55 -38191.13)
(-19.53895 30359.55 -32755.33)
(-147.8559 7613.52 -115673.8)
(-152.4553 3132.524 -41717.63)
(-155.0393 1414.209 -37041.78)
(-148.6486 668.0484 -34827.23)
(-126.6088 301.6115 -33730.16)
(-101.6088 86.34936 -33242.8)
(-42.19377 -93.09463 -33137.14)
(-15.11047 31510.36 -4449.798)
(-16.39127 31500.57 -10585.78)
(-17.35656 31500.73 -13223.42)
(-18.39538 31509.57 -14839.89)
(-19.65744 31527.06 -14938.94)
(-29.04878 43262.64 -18146.38)
(-31.67395 43290.02 -16560.92)
(-34.21049 43330.34 -16514.47)
(-37.16886 43381.09 -16466.15)
(-40.6344 43443.92 -23866.11)
(-21.78247 22398.37 -15843.85)
(-23.04835 24605.52 -15605.21)
(-24.47847 28013.85 -14171.1)
(-26.29161 33154.29 -11049.89)
(-28.73533 40932.01 -4457.523)
(-16.20563 28452.08 -4330.495)
(-17.27763 28439.93 -10246.5)
(-18.64229 28432.27 -12683.63)
(-19.76331 28429.52 -14099.04)
(-20.99007 28430.4 -14068.22)
(-30.78505 38991.28 -16862.9)
(-33.24221 38992.16 -15084.49)
(-36.12704 38998.16 -14749.96)
(-39.05696 39010.18 -14413.64)
(-42.49682 39024.71 -20398.85)
(-22.86871 19855.02 -12708.8)
(-24.39497 20910.07 -11073.23)
(-26.27922 22265.29 -8658.342)
(-28.56109 23735.61 -5638.704)
(-31.53834 24901.17 -1980.023)
(-16.88737 21620.02 -4276.175)
(-17.85021 21609.86 -10099.06)
(-19.03806 21600.5 -12459.09)
(-20.48928 21592.5 -13797.43)
(-21.71405 21585.77 -13718.13)
(-31.70268 29593.08 -16349.05)
(-33.95754 29581.31 -14492.78)
(-36.63368 29571.16 -14043.38)
(-39.75712 29561.93 -13593.03)
(-43.04786 29553.78 -19015.71)
(-23.12975 14901.2 -11494.81)
(-24.72343 15283.08 -9457.896)
(-26.64889 15726.34 -6957.867)
(-29.02327 16133.36 -4275.012)
(-31.88535 16380.18 -1443.613)
(-17.01847 13300.68 -4253.244)
(-17.93275 13294.4 -10041.31)
(-18.97913 13288.03 -12377.7)
(-20.23712 13281.71 -13692.79)
(-21.73992 13275.63 -13599.44)
(-31.62483 18197.45 -16175.85)
(-33.73758 18187.39 -14292.65)
(-36.14425 18177 -13803.29)
(-38.96675 18167.08 -13314.02)
(-42.26366 18156.41 -18545.11)
(-22.61196 9116.357 -11086.22)
(-24.16121 9237.506 -8932.229)
(-25.99525 9371.448 -6437.102)
(-28.2171 9484.95 -3887.518)
(-30.94295 9544.78 -1299.494)
(-10.96362 -4771.888 -3348.417)
(-16.81962 4474.315 -4245.845)
(-17.52036 4472.294 -10023.37)
(-18.45542 4469.997 -12354.87)
(-19.53641 4467.73 -13664.7)
(-20.80939 4465.505 -13568.86)
(-30.66527 6120.897 -16130.9)
(-32.57027 6117.392 -14238.87)
(-34.76282 6113.586 -13738.15)
(-37.20987 6110.266 -13236.92)
(-40.11753 6106.034 -18414.98)
(-21.4973 3061.031 -10971.4)
(-22.85111 3088.381 -8784.231)
(-24.56723 3117.637 -6292.85)
(-26.57978 3141.498 -3782.683)
(-29.00887 3153.061 -1261.263)
(-25.30547 -1553.405 -3107.689)
(-9.204289 -1054.357 -8312.398)
(-15.92192 -4477.016 -4248.544)
(-16.77328 -4474.895 -10030.09)
(-17.49512 -4472.674 -12362.68)
(-18.44922 -4471.032 -13673.56)
(-19.50531 -4468.982 -13577.69)
(-28.50062 -6126.306 -16142.39)
(-30.62148 -6122.961 -14249.63)
(-32.52802 -6119.451 -13749.11)
(-34.66691 -6115.922 -13248.61)
(-37.16114 -6112.004 -18432.17)
(-19.82329 -3064.507 -10982.53)
(-21.05568 -3091.695 -8793.72)
(-22.49173 -3121.072 -6300.414)
(-24.31708 -3145.3 -3787.604)
(-26.44949 -3157.38 -1263.048)
(-31.65276 1558.221 -3116.825)
(-22.12222 1057.102 -8330.291)
(-6.982786 599.993 -11624.35)
(-14.71603 -13322.29 -4261.343)
(-15.44386 -13317.24 -10060.36)
(-16.23744 -13312.13 -12401.09)
(-16.94917 -13307.22 -13719.18)
(-17.86823 -13302.69 -13626.65)
(-25.93629 -18237 -16209.98)
(-27.62952 -18230.4 -14324.72)
(-29.63639 -18223.11 -13836.69)
(-31.47225 -18215.84 -13348.44)
(-33.57205 -18208.56 -18596.72)
(-17.79126 -9144.356 -11119.64)
(-18.82063 -9268.249 -8961.457)
(-20.06469 -9405.094 -6459.887)
(-21.53012 -9521.929 -3902.565)
(-23.40279 -9585.455 -1305.01)
(-35.1841 4815.764 -3377.079)
(-28.42835 3170.779 -8832.113)
(-17.18532 1767.333 -12030)
(-4.39034 856.9442 -13670.8)
(-13.16368 -21678.28 -4289.513)
(-13.815 -21671.29 -10130.88)
(-14.50297 -21665.6 -12497.98)
(-15.22989 -21661.78 -13841.7)
(-15.87869 -21658.85 -13763.67)
(-22.99216 -29699.57 -16405.85)
(-24.36699 -29695.92 -14546.45)
(-25.92434 -29694.61 -14099.13)
(-27.76563 -29694.09 -13650.99)
(-29.4629 -29695.28 -19102.97)
(-15.52692 -14977.85 -11551.94)
(-16.32313 -15367.83 -9508.649)
(-17.29994 -15820.81 -6998.417)
(-18.50349 -16238.79 -4302.224)
(-19.94299 -16497.41 -1453.71)
(-36.62583 8505.786 -3957.697)
(-32.09396 5241.77 -9901.048)
(-22.34454 2820.39 -12837.24)
(-10.92786 1347.637 -14198.57)
(-1.519629 396.1417 -14733.24)
(-11.59323 -28560.17 -4349.012)
(-11.91031 -28553.44 -10290.84)
(-12.5264 -28552.75 -12738.06)
(-13.14448 -28556.4 -14160.65)
(-13.79663 -28565.72 -14131.89)
(-19.67167 -39188.95 -16943.1)
(-20.80761 -39203.55 -15161.14)
(-22.09535 -39225.15 -14830.39)
(-23.47207 -39253.85 -14497.96)
(-25.10458 -39288.27 -20527.64)
(-13.1009 -19998.81 -12795.28)
(-13.63798 -21072.71 -11155.11)
(-14.34149 -22452.93 -8727.972)
(-15.19281 -23953.36 -5688.314)
(-16.29435 -25151.12 -1999.16)
(-37.07039 13032.29 -5027.442)
(-33.50908 7120.6 -11724.63)
(-25.2209 3646.956 -14047.97)
(-14.24798 1713.004 -14949.85)
(-3.801068 500.8708 -15270.24)
(-9.961855 -31665.1 -4473.841)
(-10.14791 -31664.37 -10642.79)
(-10.37328 -31672.42 -13294.99)
(-10.92369 -31691.32 -14920.71)
(-11.48409 -31720.19 -15023.88)
(-16.56154 -43546.21 -18254.19)
(-17.15398 -43593.99 -16666.03)
(-18.13382 -43655.91 -16628.15)
(-19.28062 -43731.98 -16587.49)
(-20.49096 -43822.86 -24056.17)
(-10.71406 -22608.77 -15980.73)
(-10.88397 -24853.59 -15752.03)
(-11.2044 -28318.93 -14317.39)
(-11.62879 -33546.38 -11175.03)
(-12.206 -41461.61 -4513.238)
(-37.57457 19058.35 -6934.555)
(-33.41929 8405.92 -14646.71)
(-26.02611 4097.625 -15621.53)
(-15.99514 1903.102 -15858.57)
(-4.952937 555.0176 -15913.96)
(-7.970537 -27710.78 -4667.629)
(-8.635114 -27707.09 -11201.13)
(-8.683844 -27710.58 -14193.27)
(-8.785273 -27719.71 -16163.16)
(-9.29397 -27735.23 -16491.99)
(-13.46214 -38060 -20426.23)
(-14.18971 -38086.8 -19170.09)
(-14.6063 -38121.35 -19632.63)
(-15.39791 -38165.52 -20099.93)
(-16.38191 -38218.34 -30031.98)
(-8.475447 -19553.43 -21717.11)
(-8.407691 -20974.42 -25555.25)
(-8.111101 -23119.33 -30608.95)
(-7.678112 -26259.43 -38733.17)
(-6.815378 -30849.07 -33271.01)
(-49.17777 -7752.205 -117698.7)
(-48.87422 -3196.453 -42522.78)
(-49.06582 -1446.772 -37839.93)
(-49.5336 -685.484 -35667.82)
(-49.96577 -310.4457 -34629.77)
(-50.13567 -88.88793 -34185.14)
(-50.09159 95.16578 -34142.04)
(-49.78361 338.5743 -34520.89)
(-48.99119 802.0293 -35599.27)
(-47.2536 1899.883 -38228.33)
(-38.8441 17765.05 -30401.42)
(-32.46535 8116.018 -19263.55)
(-25.35908 4025.18 -17385.34)
(-16.31573 1885.212 -16819.59)
(-5.532532 551.6532 -16595.38)
(-6.422232 -19209 -4688.341)
(-6.920943 -19200.77 -11247.53)
(-7.523054 -19189.04 -14247.27)
(-7.600327 -19176.19 -16218.82)
(-7.646226 -19161.16 -16547.68)
(-11.06266 -26255.79 -20498.35)
(-11.76337 -26232.17 -19248.15)
(-12.36805 -26205.82 -19717.27)
(-12.66986 -26174.58 -20188.18)
(-13.42951 -26142.11 -30160.48)
(-6.918522 -12957.23 -21669.34)
(-6.801593 -12539.56 -24770.58)
(-6.561733 -11657.8 -27648.88)
(-6.125453 -9845.646 -30639.45)
(-5.601387 -6246.682 -22419.95)
(-44.27556 -14286.62 -71310.58)
(-44.48744 -6796.208 -36259.77)
(-44.80129 -3358.077 -35368.19)
(-45.13268 -1673.418 -34570.91)
(-45.47958 -779.6109 -34074.71)
(-45.65361 -230.0697 -33824.01)
(-45.48459 225.7647 -33762.61)
(-45.01355 795.6485 -33866.27)
(-44.19379 1771.638 -34093.94)
(-42.86238 3747.803 -34137.97)
(-37.26645 10370.06 -28798.08)
(-30.67419 6437.159 -21585.17)
(-23.87021 3466.135 -18825.75)
(-15.65546 1667.213 -17697.48)
(-5.597209 492.1246 -17240)
(-5.62636 -11640.69 -4652.955)
(-5.848376 -11633.34 -11130.56)
(-6.25724 -11623.17 -14037.69)
(-6.800116 -11608.35 -15917.87)
(-6.876367 -11589.6 -16180.51)
(-9.458216 -15867.17 -19952.33)
(-10.04321 -15838.31 -18617.76)
(-10.67464 -15805.68 -18963.42)
(-11.10726 -15766.15 -19306.3)
(-11.40914 -15721.64 -28662.18)
(-5.915763 -7651.465 -20236.5)
(-5.804102 -6997.885 -22378.45)
(-5.604569 -6009.888 -23950.46)
(-5.356119 -4604.992 -25284.21)
(-4.957985 -2741.476 -17859.81)
(-39.97997 -10896.38 -56467.19)
(-40.63555 -6355.748 -31676.31)
(-40.97016 -3522.931 -32793.17)
(-41.2714 -1874.365 -33165.25)
(-41.47658 -906.7981 -33265.86)
(-41.59007 -279.0791 -33264.76)
(-41.46604 240.9947 -33207.96)
(-40.97124 844.7652 -33074.33)
(-40.16018 1737.002 -32754.44)
(-39.05074 3148.213 -31953.17)
(-34.70516 6136.922 -28064.95)
(-28.42521 4510.904 -22799.75)
(-21.99657 2612.029 -19860.1)
(-14.50825 1293.017 -18406.8)
(-5.317956 385.5449 -17784.52)
(-5.245148 -6083.129 -4622.405)
(-5.257565 -6078.578 -11032.18)
(-5.531031 -6071.727 -13864.85)
(-5.951508 -6063.687 -15668.84)
(-6.366535 -6052.722 -15882.95)
(-8.784644 -8282.506 -19507.32)
(-8.850376 -8264.98 -18108.33)
(-9.472916 -8243.372 -18353.48)
(-10.00198 -8219.664 -18597.5)
(-10.3268 -8191.392 -27461.44)
(-5.197165 -3957.392 -19135.37)
(-5.182435 -3543.58 -20714.25)
(-5.014138 -2970.156 -21717)
(-4.787469 -2240.815 -22518.79)
(-4.546652 -1382.972 -15748.95)
(-36.72253 -6527.804 -49821.92)
(-37.22482 -4211.306 -28951.93)
(-37.71477 -2506.275 -30952.6)
(-37.90781 -1396.515 -32022.6)
(-38.01974 -695.6322 -32550.79)
(-37.99557 -221.7243 -32752.67)
(-37.83347 170.9585 -32721.15)
(-37.41581 602.8472 -32458.61)
(-36.6495 1178.442 -31884.42)
(-35.62039 1959.31 -30833.96)
(-31.87339 3291.321 -27717.03)
(-26.02426 2645.261 -23433.91)
(-20.00822 1609.452 -20522.17)
(-13.17968 814.5989 -18905.69)
(-4.876982 244.9236 -18184.02)
(-4.834237 -1879.114 -4607.788)
(-5.10367 -1878.007 -10984.54)
(-5.070177 -1875.783 -13780.39)
(-5.388473 -1872.758 -15549.2)
(-5.831441 -1869.521 -15737.63)
(-8.414645 -2558.764 -19292.46)
(-8.480329 -2552.173 -17859.78)
(-8.576705 -2545.786 -18057.44)
(-9.135522 -2537.581 -18253.83)
(-9.686526 -2528.652 -26880.73)
(-4.836329 -1219.046 -18607.75)
(-4.690309 -1085.009 -19942.47)
(-4.631262 -904.8411 -20727.97)
(-4.426904 -683.6419 -21351.71)
(-4.186386 -432.042 -14884.56)
(-34.32535 -2162.502 -47098.18)
(-34.59857 -1454.15 -27706.26)
(-34.83272 -894.3578 -30034.11)
(-35.06307 -509.9067 -31414.03)
(-35.02748 -257.939 -32154.86)
(-34.89188 -83.81323 -32466.87)
(-34.60671 60.53246 -32457.62)
(-34.16739 215.0232 -32146.68)
(-33.48228 410.5988 -31482.72)
(-32.49699 657.3789 -30373.77)
(-29.06478 1041.852 -27589.45)
(-23.62462 870.2667 -23723.95)
(-18.05203 542.7065 -20858.38)
(-11.83652 277.9646 -19177.13)
(-4.384561 83.96875 -18411.08)
(-12.24509 1859.612 -4563.021)
(-13.44379 1856.961 -10877.95)
(-14.5906 1853.947 -13646.28)
(-15.5567 1849.574 -15393.82)
(-17.04136 1844.102 -15576.33)
(-25.57625 2521.777 -19082.39)
(-27.90757 2513.168 -17650.91)
(-30.6743 2503.69 -17828.23)
(-33.58269 2493.152 -18002.38)
(-37.48022 2480.282 -26479.43)
(-20.33029 1194.022 -18302.45)
(-21.23646 1060.798 -19580.32)
(-21.98918 882.8731 -20310.38)
(-22.41743 665.453 -20874.48)
(-22.17972 419.3985 -14513.79)
(-177.7283 2093.09 -45774.81)
(-156.9893 1402.943 -26822.84)
(-133.0913 862.75 -28998.72)
(-59.00853 487.917 -30234.92)
(-11.72544 6027.962 -4582.65)
(-12.59259 6020.295 -10937.26)
(-13.76451 6009.929 -13745.79)
(-14.92889 5997.832 -15531.28)
(-15.98848 5982.263 -15738.17)
(-23.95657 8180.173 -19321.34)
(-26.2149 8156.136 -17920.76)
(-28.63039 8127.209 -18148.54)
(-31.38997 8094.989 -18372.65)
(-34.43838 8057.927 -27101.94)
(-18.60758 3887.649 -18860.83)
(-19.36203 3476.061 -20386.01)
(-19.94766 2908.268 -21337.17)
(-20.29562 2190.022 -22081.92)
(-20.25968 1348.621 -15409.95)
(-170.8219 6349.211 -48619.23)
(-169.1942 4083.143 -28153.51)
(-147.4031 2422.366 -30001.82)
(-122.815 1349.544 -30968.03)
(-53.32496 666.3056 -31388.97)
(-11.90443 11551.05 -4617.831)
(-12.45001 11537.86 -11046.58)
(-13.3739 11520.83 -13932.46)
(-14.54544 11500.55 -15794.84)
(-15.75312 11476.69 -16052.16)
(-23.2671 15702.12 -19784.26)
(-25.37454 15661.8 -18449.19)
(-27.67948 15615.9 -18778.02)
(-30.22309 15564.14 -19103.55)
(-33.19788 15505.53 -28334.32)
(-17.67118 7537.49 -19983.08)
(-18.23721 6885.014 -22070.52)
(-18.6604 5905.176 -23586.62)
(-18.79092 4517.504 -24859.67)
(-18.54633 2684.397 -17527.84)
(-157.2138 10646.77 -55295.19)
(-163.5845 6193.517 -30933.21)
(-159.3764 3422.154 -31930)
(-137.2211 1815.088 -32199.17)
(-112.2725 878.0242 -32232.02)
(-47.71357 266.2819 -32150.91)
(-12.35373 19083.85 -4657.681)
(-13.09441 19068.44 -11173.27)
(-13.80301 19049.8 -14152.75)
(-14.69486 19028.24 -16110.3)
(-15.86289 19005 -16432.62)
(-23.67112 26028.71 -20348.78)
(-25.5834 25988.77 -19096.36)
(-27.87597 25945.68 -19551.26)
(-30.37011 25896.59 -20003.91)
(-33.14285 25841.86 -29862.73)
(-17.64557 12797.15 -21435.36)
(-18.00571 12372.95 -24477.07)
(-18.19638 11490.5 -27288.64)
(-18.05422 9692.261 -30198.91)
(-17.34602 6140.386 -22063.19)
(-143.489 14017.24 -70052.31)
(-150.3781 6653.217 -35546.73)
(-153.9625 3278.851 -34591.13)
(-148.1059 1628.902 -33721.59)
(-126.4596 756.4238 -33151.09)
(-101.4834 223.1621 -32848.68)
(-42.16036 -220.6912 -32722.31)
(-12.84951 27563.26 -4641.559)
(-14.11719 27552.23 -11138.69)
(-14.94096 27546.44 -14114.71)
(-15.74154 27546.8 -16070.2)
(-16.75259 27551.38 -16393.99)
(-24.78841 37792.32 -20299.24)
(-27.0676 37799.88 -19043.1)
(-29.19417 37813.76 -19492.71)
(-31.73404 37835.08 -19945.74)
(-34.693 37862.38 -29781.83)
(-18.38735 19357.48 -21520.15)
(-18.87888 20749.4 -25302.14)
(-19.07053 22852.46 -30275.48)
(-18.75131 25931.51 -38267.53)
(-17.35763 30429.99 -32829.74)
(-131.1099 7633.832 -115971.3)
(-135.5848 3142.197 -41838.7)
(-140.503 1419.256 -37164.18)
(-142.598 670.7743 -34955.56)
(-135.9805 302.8512 -33856.31)
(-115.366 86.27678 -33344.04)
(-90.67048 -92.76051 -33250.39)
(-36.72758 -329.8083 -33567.93)
(-14.16199 31532.56 -4453.19)
(-15.08313 31522.93 -10593.58)
(-16.35419 31524.01 -13233.74)
(-17.31401 31534.95 -14850.67)
(-18.34708 31554.66 -14951.35)
(-26.89372 43303.52 -18161.46)
(-28.99107 43334.29 -16575.99)
(-31.60881 43377.35 -16531.93)
(-34.14068 43433.41 -16483.65)
(-37.09433 43500.02 -23894.85)
(-19.88471 22430.13 -15864.62)
(-20.90085 24643.67 -15627.65)
(-22.12467 28061.32 -14193.86)
(-23.5854 33215.95 -11069.59)
(-25.61603 41016.99 -4466.437)
(-15.34386 28469.87 -4333.614)
(-16.17992 28459.29 -10253.95)
(-17.24312 28452.81 -12693.01)
(-18.60219 28450.76 -14109.58)
(-19.71835 28453.6 -14079.29)
(-28.72792 39025.47 -16876.52)
(-30.73378 39029.14 -15097.66)
(-33.18688 39038.17 -14764.43)
(-36.0683 39052.27 -14428.56)
(-38.99551 39072.32 -20421.71)
(-20.90512 19880.71 -12724.43)
(-22.24467 20939.64 -11088.07)
(-23.83128 22299.84 -8671.137)
(-25.82399 23776 -5647.921)
(-28.28797 24947.93 -1983.611)
(-15.98005 21632.66 -4279.086)
(-16.86319 21623.35 -10106.13)
(-17.81783 21615.31 -12467.77)
(-19.0001 21608.01 -13807.62)
(-20.44673 21602.06 -13728.41)
(-29.72472 29617.11 -16361.74)
(-31.65496 29607.85 -14505.03)
(-33.90745 29599.23 -14056.16)
(-36.58129 29592.19 -13606.43)
(-39.70228 29586.03 -19035.96)
(-21.21993 14919.3 -11508.28)
(-22.61448 15302.95 -9469.71)
(-24.2899 15748.64 -6967.437)
(-26.32122 16158.53 -4281.507)
(-28.8387 16408.3 -1446.032)
(-11.80551 -8399.015 -3910.392)
(-16.29135 13308.59 -4256.135)
(-16.99517 13302.14 -10047.92)
(-17.90246 13296.52 -12385.82)
(-18.9436 13290.77 -13702.31)
(-20.19699 13285.06 -13609.23)
(-29.76278 18211.27 -16187.95)
(-31.58023 18202.47 -14303.88)
(-33.69061 18193.47 -13815.5)
(-36.09523 18184.13 -13326.3)
(-38.91627 18175.21 -18563.82)
(-20.85455 9126.205 -11098.29)
(-22.15011 9248.651 -8942.808)
(-23.78174 9383.701 -6445.343)
(-25.71816 9498.461 -3892.951)
(-28.06348 9559.735 -1301.517)
(-26.18502 -4784.334 -3355.859)
(-9.475342 -3152.916 -8787.103)
(-15.92892 4476.925 -4248.578)
(-16.79646 4474.73 -10030.26)
(-17.49104 4472.848 -12362.19)
(-18.42244 4470.683 -13673.76)
(-19.49912 4468.546 -13577.75)
(-28.49033 6125.227 -16142.37)
(-30.62256 6122.076 -14249.73)
(-32.52607 6118.818 -13749.38)
(-34.71626 6115.259 -13248.94)
(-37.16305 6112.16 -18431.5)
(-19.80637 3064.195 -10982.65)
(-21.07281 3091.5 -8793.821)
(-22.50592 3121.381 -6300.385)
(-24.31561 3145.641 -3787.593)
(-26.44303 3157.613 -1263.043)
(-31.65206 -1558.171 -3116.824)
(-22.12196 -1057.067 -8330.289)
(-6.982707 -599.9713 -11624.34)
(-15.15667 -4479.126 -4250.902)
(-15.90139 -4477.424 -10036.35)
(-16.74534 -4475.451 -12369.98)
(-17.46325 -4473.364 -13682.07)
(-18.41361 -4471.835 -13586.31)
(-26.70505 -6129.997 -16152.75)
(-28.46115 -6127.482 -14259.88)
(-30.57963 -6124.378 -13759.77)
(-32.48485 -6121.107 -13259.52)
(-34.62358 -6117.813 -18447.74)
(-18.34542 -3067.196 -10992.87)
(-19.42902 -3094.934 -8802.741)
(-20.73861 -3124.713 -6307.188)
(-22.26223 -3149.105 -3792.138)
(-24.19106 -3161.432 -1264.685)
(-34.10074 1563.644 -3127.275)
(-27.73565 1060.349 -8354.686)
(-16.84863 601.5156 -11648.79)
(-4.316763 293.9354 -13414.43)
(-14.02893 -13329.02 -4263.75)
(-14.69607 -13323.74 -10066.2)
(-15.41767 -13319.35 -12407.95)
(-16.20744 -13314.86 -13727.23)
(-16.91556 -13310.56 -13634.76)
(-24.46212 -18248.39 -16219.92)
(-25.89944 -18242.03 -14334.05)
(-27.59121 -18236.47 -13846.51)
(-29.59654 -18230.23 -13358.54)
(-31.43117 -18223.98 -18611.78)
(-16.56548 -9152.311 -11129.14)
(-17.42969 -9276.838 -8969.702)
(-18.52288 -9414.747 -6466.39)
(-19.84977 -9532.43 -3906.714)
(-21.41293 -9596.933 -1306.551)
(-34.45127 4832.456 -3388.541)
(-30.62789 3181.788 -8861.704)
(-21.58187 1772.754 -12065.09)
(-10.61391 859.09 -13699.08)
(-1.478291 253.6838 -14368.52)
(-12.79579 -21688.97 -4291.832)
(-13.14495 -21681.6 -10136.21)
(-13.7902 -21676.73 -12504.74)
(-14.47449 -21673.1 -13849.05)
(-15.1988 -21671.32 -13771.27)
(-21.73591 -29717.33 -16415.34)
(-22.95693 -29714.35 -14555.38)
(-24.331 -29713.85 -14108.18)
(-25.88739 -29715.66 -13660.4)
(-27.7273 -29718.24 -19117.08)
(-14.52368 -14990.36 -11561)
(-15.17973 -15381.04 -9516.621)
(-16.03382 -15835.4 -7004.741)
(-17.08599 -16255.16 -4306.421)
(-18.38598 -16515.28 -1455.229)
(-33.87656 8533.075 -3970.287)
(-31.42122 5259.929 -9934.661)
(-24.07583 2830.162 -12880.13)
(-13.7364 1351.766 -14239.84)
(-3.67348 397.1259 -14763.5)
(-11.28374 -28572.54 -4351.213)
(-11.57571 -28567.36 -10295.76)
(-11.88681 -28566.31 -12744.64)
(-12.49879 -28571.22 -14167.77)
(-13.1146 -28580.51 -14139.16)
(-18.88304 -39211.09 -16951.86)
(-19.63907 -39226.89 -15169.41)
(-20.773 -39249.69 -14839.4)
(-22.05892 -39279.44 -14507.16)
(-23.43509 -39316.26 -20541.11)
(-12.34792 -20014.18 -12804.62)
(-12.74205 -21089.82 -11163.38)
(-13.32268 -22471.98 -8735.153)
(-14.09111 -23975.17 -5693.286)
(-15.0472 -25176 -2001.053)
(-33.35665 13069.74 -5041.863)
(-30.99157 7143.437 -11761.93)
(-24.69732 3659.572 -14095.55)
(-15.35304 1718.926 -14999.63)
(-4.776365 502.4045 -15314.55)
(-9.326269 -31678.11 -4475.938)
(-9.944133 -31677.66 -10648.09)
(-10.12523 -31687.79 -13300.65)
(-10.34736 -31706.72 -14927.96)
(-10.89457 -31736.55 -15030.65)
(-15.71186 -43568.64 -18263.43)
(-16.52767 -43618.15 -16674.51)
(-17.11949 -43681.72 -16636.91)
(-18.09705 -43759.55 -16597.11)
(-19.24097 -43851.65 -24071)
(-10.02596 -22624.54 -15991.13)
(-10.27813 -24872.37 -15762.95)
(-10.45069 -28341.21 -14327.74)
(-10.79473 -33574.45 -11184.11)
(-11.32744 -41498.48 -4517.097)
(-33.44297 19106.86 -6952.217)
(-30.07338 8430.08 -14688.73)
(-24.08003 4110.759 -15671.16)
(-15.66712 1909.677 -15912.12)
(-5.3364 556.9338 -15966.84)
(-7.294823 -27722.56 -4669.251)
(-7.954138 -27719.2 -11206.79)
(-8.608398 -27722.46 -14200.68)
(-8.657753 -27732.81 -16168.62)
(-8.758604 -27748.86 -16499.32)
(-12.70774 -38079.73 -20435.1)
(-13.42654 -38106.24 -19179.78)
(-14.14958 -38143.13 -19642.98)
(-14.56556 -38187.87 -20109.99)
(-15.35521 -38242.27 -30048.49)
(-7.941081 -19566.23 -21730.07)
(-7.884256 -20988.99 -25571.98)
(-7.671104 -23136.44 -30629.99)
(-7.156081 -26279.71 -38761.49)
(-6.322038 -30874.67 -33298.12)
(-45.63175 -7759.177 -117800.2)
(-45.09373 -3199.633 -42562.22)
(-45.0997 -1448.308 -37877.63)
(-45.28547 -686.2803 -35706.47)
(-45.5562 -310.8477 -34671.05)
(-45.67919 -89.02095 -34229.86)
(-45.46011 95.2942 -34191.1)
(-44.91155 339.1095 -34575.84)
(-43.92334 803.4531 -35662.42)
(-42.14522 1903.67 -38304.46)
(-34.5191 17804.94 -30469.69)
(-28.90061 8136.681 -19312.62)
(-22.82896 4036.751 -17435.2)
(-15.10188 1891.252 -16872.93)
(-5.419196 553.5572 -16651.32)
(-6.156976 -19215.82 -4690.134)
(-6.408066 -19208.28 -11251.55)
(-6.901642 -19198.28 -14252.72)
(-7.496617 -19184.78 -16226.55)
(-7.571748 -19170.1 -16553.69)
(-10.4519 -26268.73 -20507.03)
(-11.03177 -26245.56 -19255.67)
(-11.72741 -26219.61 -19727.69)
(-12.32772 -26190.81 -20197.95)
(-12.62991 -26157.07 -30175.42)
(-6.486987 -12965.13 -21681.2)
(-6.383126 -12547.82 -24785.28)
(-6.153812 -11666.04 -27666.7)
(-5.791721 -9852.807 -30660.25)
(-5.22881 -6251.565 -22435.95)
(-41.06234 -14298.85 -71367.44)
(-41.27143 -6802.341 -36290.34)
(-41.33512 -3361.446 -35400.56)
(-41.4766 -1675.205 -34605.19)
(-41.58218 -780.5251 -34111.58)
(-41.62702 -230.3869 -33864.29)
(-41.43608 226.0385 -33806.79)
(-40.84681 796.7848 -33914.98)
(-39.86636 1774.461 -34148.27)
(-38.42797 3754.466 -34198.59)
(-33.23914 10390.73 -28855.51)
(-27.26515 6451.624 -21633.76)
(-21.25591 3474.964 -18873.75)
(-14.0983 1672.006 -17748.21)
(-5.181542 493.7006 -17294.62)
(-5.57201 -11644.97 -4654.836)
(-5.611976 -11637.92 -11134.45)
(-5.830662 -11627.19 -14042.49)
(-6.237322 -11613.6 -15922.94)
(-6.773045 -11595.38 -16188.41)
(-9.395782 -15874.9 -19958.86)
(-9.430398 -15846.32 -18625.67)
(-10.01222 -15812.95 -18971.02)
(-10.63947 -15775.75 -19316.24)
(-11.07055 -15731.68 -28674.57)
(-5.511455 -7655.68 -20246.59)
(-5.46172 -7002.088 -22390.81)
(-5.278411 -6013.919 -23964.35)
(-5.008421 -4608.337 -25300.05)
(-4.68116 -2743.407 -17871.91)
(-37.38271 -10905.08 -56506.42)
(-37.68596 -6361.26 -31701.12)
(-38.00078 -3526.117 -32820.65)
(-38.07804 -1876.26 -33195.43)
(-38.11186 -907.7769 -33298.8)
(-38.02841 -279.425 -33300.75)
(-37.81076 241.2551 -33247.52)
(-37.32003 845.8594 -33117.63)
(-36.43864 1739.502 -32801.6)
(-35.22488 3153.239 -32004.13)
(-31.11399 6147.839 -28114.86)
(-25.35435 4519.903 -22845.32)
(-19.55556 2617.902 -19904.9)
(-12.92229 1296.312 -18453.76)
(-4.789707 386.6534 -17835.49)
(-4.940631 -6085.068 -4624.098)
(-5.231626 -6081.175 -11036.05)
(-5.240983 -6074.377 -13869.01)
(-5.510959 -6065.276 -15674.68)
(-5.927928 -6054.954 -15888.46)
(-8.69858 -8287.827 -19515.76)
(-8.758042 -8268.56 -18113.94)
(-8.823912 -8248.043 -18361.07)
(-9.44146 -8223.466 -18605.62)
(-9.968986 -8196.767 -27473.76)
(-4.988364 -3959.896 -19143.68)
(-4.815857 -3545.461 -20724.76)
(-4.73158 -2971.92 -21729)
(-4.516299 -2242.36 -22531.63)
(-4.247401 -1383.975 -15758.56)
(-34.63042 -6532.401 -49855.88)
(-34.81852 -4214.684 -28972.17)
(-34.98249 -2508.459 -30976.73)
(-35.15382 -1397.781 -32049.43)
(-35.07754 -696.3451 -32580.4)
(-34.91069 -221.9777 -32785.13)
(-34.59546 171.1264 -32756.59)
(-34.11915 603.5557 -32497.3)
(-33.37987 1179.983 -31926.19)
(-32.31616 1962.136 -30878.4)
(-28.7482 3296.579 -27761.3)
(-23.33089 2649.969 -23475.69)
(-17.8473 1612.664 -20563.27)
(-11.71864 816.4311 -18948.39)
(-4.344326 245.5478 -18230.42)
(-3.837356 -1879.728 -4609.373)
(-4.820632 -1878.462 -10988.69)
(-5.085971 -1876.604 -13784.83)
(-5.052726 -1873.638 -15553.4)
(-5.366536 -1869.877 -15743.95)
(-7.965709 -2559.606 -19299.49)
(-8.388525 -2554.147 -17866.44)
(-8.45435 -2546.601 -18063.73)
(-8.550175 -2539.225 -18260.84)
(-9.106207 -2530.057 -26891.87)
(-4.673042 -1219.753 -18616.34)
(-4.489279 -1085.709 -19951.05)
(-4.30452 -905.3153 -20738.58)
(-4.182305 -684.0449 -21363.52)
(-3.945266 -432.3423 -14892.91)
(-32.10903 -2164.04 -47126.92)
(-32.60825 -1455.178 -27725.23)
(-32.57778 -895.0749 -30055.3)
(-32.53073 -510.3521 -31438.55)
(-32.47731 -258.1751 -32181.87)
(-32.19112 -83.90568 -32496.44)
(-31.79566 60.58602 -32489.82)
(-31.24475 215.2535 -32181.55)
(-30.53348 411.087 -31520.28)
(-29.59495 658.2407 -30413.59)
(-26.36446 1043.356 -27629.28)
(-21.30629 871.6577 -23761.93)
(-16.18349 543.6729 -20895.65)
(-10.55844 278.5196 -19215.6)
(-3.898778 84.15765 -18452.7)
(-11.38902 1861.383 -4566.732)
(-12.21402 1858.976 -10887.12)
(-13.39852 1855.599 -13659.34)
(-14.53599 1851.845 -15407.87)
(-15.49759 1846.749 -15590.72)
(-23.28736 2524.857 -19103.73)
(-25.49682 2517.268 -17671.13)
(-27.8201 2507.715 -17851.73)
(-30.57555 2497.284 -18028.26)
(-33.47522 2485.783 -26520.14)
(-18.09398 1196.567 -18336.1)
(-18.85198 1063.626 -19619.95)
(-19.47486 885.2861 -20358.65)
(-19.90201 667.5666 -20930.46)
(-19.97064 420.958 -14558.94)
(-169.1987 2101.675 -45941.54)
(-168.0451 1408.674 -26927.56)
(-146.9645 863.6261 -29091.67)
(-122.3272 492.2935 -30354.49)
(-53.08468 246.8099 -30980.86)
(-11.20186 6033.097 -4586.182)
(-11.69639 6026.056 -10945.72)
(-12.55241 6016.168 -13756.98)
(-13.71409 6003.589 -15545.18)
(-14.87014 5989.264 -15752.52)
(-21.84999 8191.462 -19339.71)
(-23.88337 8166.487 -17940.53)
(-26.13193 8139.501 -18170.25)
(-28.5379 8107.66 -18397.2)
(-31.28829 8072.513 -27140.39)
(-16.62839 3895.7 -18890.98)
(-17.23216 3483.513 -20423.96)
(-17.71272 2915.717 -21381.65)
(-17.99151 2196.009 -22135.05)
(-17.99945 1352.89 -15451.84)
(-154.3442 6372.217 -48773.6)
(-161.5255 4099.819 -28257.13)
(-158.1047 2432.208 -30117.13)
(-136.7858 1350.914 -31064.38)
(-111.8275 672.8045 -31508.27)
(-47.51588 211.3351 -31623.47)
(-11.23275 11559.78 -4621.822)
(-11.8747 11548.33 -11054.42)
(-12.41274 11531.83 -13942.85)
(-13.32663 11511.46 -15807.97)
(-14.48852 11487.83 -16066.41)
(-21.52874 15720.36 -19802.08)
(-23.19653 15681.59 -18468.11)
(-25.29561 15636.84 -18798.64)
(-27.59186 15586.48 -19126.72)
(-30.12503 15530.21 -28372.14)
(-16.01851 7550.982 -20012.92)
(-16.33397 6898.759 -22107.06)
(-16.60797 5917.787 -23631.5)
(-16.68845 4528.623 -24913.2)
(-16.44779 2691.66 -17570.84)
(-139.7845 10679.95 -55449.86)
(-148.0284 6215.752 -31034.18)
(-152.5379 3436.1 -32047.78)
(-147.3246 1822.457 -32321.19)
(-126.2346 878.7582 -32330.83)
(-101.2876 270.3217 -32267.23)
(-42.10253 -235.5371 -32143.45)
(-11.18516 19098.23 -4661.322)
(-12.32491 19083.21 -11181.42)
(-13.05458 19066.09 -14164.11)
(-13.7549 19045.69 -16122.82)
(-14.64181 19022.34 -16445.63)
(-21.68427 26054.82 -20365.82)
(-23.6034 26018.72 -19114.6)
(-25.50621 25976.49 -19571.62)
(-27.78848 25930.99 -20027.32)
(-30.27376 25879.42 -29899.06)
(-16.00372 12817.16 -21465.36)
(-16.2895 12394.5 -24514.77)
(-16.31566 11512.6 -27335.84)
(-16.07811 9712.723 -30257.95)
(-15.40909 6154.945 -22112.17)
(-127.272 14054.75 -70228.58)
(-133.7771 6673.824 -35648.83)
(-139.5587 3290.583 -34704.83)
(-142.0847 1635.556 -33845.46)
(-135.7306 759.5336 -33274.93)
(-115.3336 222.9851 -32949.21)
(-90.68275 -219.7788 -32833.67)
(-36.78327 -773.915 -32879)
(-12.03135 27583.03 -4644.32)
(-12.82365 27571.72 -11147.14)
(-14.07654 27567.61 -14126.17)
(-14.89341 27568.68 -16082.34)
(-15.68982 27575.9 -16406.73)
(-22.90796 37827.49 -20314.92)
(-24.7254 37838.38 -19060.22)
(-26.99373 37855.99 -19512.53)
(-29.1135 37879.96 -19966.32)
(-31.64426 37911.39 -29817.31)
(-16.80865 19385.18 -21548.01)
(-17.12326 20781.38 -25338.11)
(-17.23259 22891.21 -30323.83)
(-16.81888 25979.69 -38335.88)
(-15.46657 30492.81 -32895.81)
(-116.4919 7651.899 -116235.1)
(-120.289 3150.601 -41945.14)
(-125.1056 1423.652 -37271.3)
(-129.5037 673.1811 -35070.22)
(-130.7404 304.11 -33979.57)
(-123.7083 86.6737 -33466.79)
(-104.2098 -93.21739 -33352.53)
(-80.06928 -330.3652 -33674.8)
(-31.50682 -782.0262 -34686.59)
(-13.45414 31552.1 -4456.238)
(-14.13623 31545.11 -10601.25)
(-15.0486 31546.38 -13242.89)
(-16.31336 31558.27 -14861.83)
(-17.26882 31580.06 -14961.95)
(-25.10172 43341.41 -18176.32)
(-26.83899 43375.19 -16589.77)
(-28.93338 43421.67 -16547.01)
(-31.54382 43480.52 -16501.02)
(-34.07104 43552.45 -23920.29)
(-18.15623 22458.97 -15883.74)
(-19.07538 24678.23 -15648.17)
(-20.06407 28104.32 -14214.34)
(-21.31852 33271.71 -11087.39)
(-22.97816 41092.72 -4474.412)
(-14.47992 28486.41 -4336.524)
(-15.31974 28477.07 -10260.99)
(-16.14767 28472.17 -12701.65)
(-17.20555 28471.28 -14119.6)
(-18.56007 28474.85 -14089.53)
(-26.98706 39057.29 -16889.59)
(-28.67966 39063.35 -15109.86)
(-30.68357 39075.16 -14777.31)
(-33.13283 39092.31 -14442.67)
(-36.0109 39114.48 -20442.87)
(-19.18244 19904.76 -12738.66)
(-20.33472 20966.55 -11101.68)
(-21.73074 22331.13 -8682.742)
(-23.41897 23812.66 -5656.254)
(-25.57722 24990.24 -1986.851)
(-13.16862 -12827.13 -4950.839)
(-15.30461 21645.41 -4281.929)
(-15.95704 21635.99 -10112.68)
(-16.8329 21628.81 -12475.97)
(-17.78268 21622.82 -13816.85)
(-18.9604 21617.57 -13738.28)
(-27.98905 29639.46 -16373.85)
(-29.68006 29631.89 -14516.29)
(-31.60865 29625.77 -14068.04)
(-33.85893 29620.27 -13618.8)
(-36.53061 29616.31 -19054.73)
(-19.57272 14935.5 -11520.53)
(-20.74372 15321.35 -9480.737)
(-22.21613 15768.99 -6976.14)
(-23.99252 16181.34 -4287.385)
(-26.15397 16433.83 -1448.227)
(-28.01888 -8421.065 -3919.336)
(-10.01657 -5194.172 -9816.924)
(-15.47542 13315.83 -4258.76)
(-16.26929 13310.03 -10054.45)
(-16.96591 13304.26 -12393.5)
(-17.86956 13299.25 -13710.95)
(-18.90648 13294.12 -13618.43)
(-27.6496 18224.21 -16199.45)
(-29.72034 18216.29 -14314.59)
(-31.53707 18208.54 -13826.37)
(-33.64525 18200.59 -13338.08)
(-36.04799 18192.28 -18580.93)
(-19.203 9135.603 -11109.48)
(-20.42848 9258.58 -8952.511)
(-21.80067 9394.959 -6452.964)
(-23.52672 9510.822 -3897.929)
(-25.57881 9573.329 -1303.335)
(-32.66959 -4799.022 -3365.756)
(-22.71726 -3161.039 -8806.248)
(-7.134727 -1762.836 -12004.56)
(-15.13276 4478.78 -4251.015)
(-15.90824 4477.334 -10036.44)
(-16.76734 4475.29 -12370.18)
(-17.45916 4473.527 -13681.57)
(-18.38792 4471.493 -13586.51)
(-26.69601 6129.408 -16152.81)
(-28.45095 6126.403 -14259.86)
(-30.5813 6123.496 -13759.86)
(-32.48344 6120.482 -13259.76)
(-34.67147 6117.165 -18448.18)
(-18.34508 3067.234 -10992.55)
(-19.41908 3094.653 -8802.815)
(-20.75395 3124.548 -6307.244)
(-22.27534 3149.402 -3792.123)
(-24.18962 3161.767 -1264.682)
(-34.10107 -1563.573 -3127.274)
(-27.7351 -1060.308 -8354.683)
(-16.84844 -601.4907 -11648.78)
(-4.316717 -293.9228 -13414.43)
(-14.47801 -4481.184 -4253.541)
(-15.13668 -4479.539 -10041.68)
(-15.87555 -4477.973 -12377.26)
(-16.71495 -4476.132 -13689.86)
(-17.4299 -4474.179 -13594.54)
(-25.20936 -6133.903 -16162.86)
(-26.66826 -6131.175 -14269.03)
(-28.42302 -6128.9 -13769.66)
(-30.5393 -6126.034 -13269.78)
(-32.44331 -6122.999 -18462.92)
(-17.09272 -3070.046 -11002.2)
(-17.98586 -3097.68 -8810.967)
(-19.13338 -3127.964 -6313.639)
(-20.52667 -3152.752 -3796.216)
(-22.14726 -3165.249 -1266.198)
(-33.40624 1569.051 -3137.87)
(-29.89169 1064.034 -8382.613)
(-21.18825 603.3618 -11682.71)
(-10.45002 294.6717 -13442.06)
(-1.456625 87.2464 -14177.93)
(-13.62797 -13335.43 -4266.103)
(-14.00989 -13330.46 -10071.63)
(-14.67095 -13325.86 -12414.76)
(-15.38918 -13322.07 -13734.53)
(-16.17605 -13318.21 -13642.56)
(-23.15729 -18259.18 -16229.45)
(-24.42711 -18253.41 -14342.84)
(-25.86381 -18248.1 -13855.51)
(-27.55423 -18243.58 -13368.01)
(-29.55812 -18238.36 -18625.86)
(-15.50795 -9160.014 -11138.13)
(-16.22694 -9284.877 -8977.342)
(-17.15587 -9423.428 -6472.332)
(-18.32283 -9542.16 -3910.64)
(-19.74171 -9607.497 -1307.94)
(-31.88767 4847.96 -3399.303)
(-30.00634 3192.802 -8891.708)
(-23.26505 1778.896 -12105.3)
(-13.3677 861.7226 -13738.82)
(-3.581048 254.3138 -14397.86)
(-12.3823 -21698.63 -4294.057)
(-12.77762 -21692.29 -10141.45)
(-13.12141 -21687.05 -12510.93)
(-13.76318 -21684.22 -13856.28)
(-14.44465 -21682.65 -13778.39)
(-20.80596 -29734.42 -16424.29)
(-21.7027 -29732.11 -14563.79)
(-22.92277 -29732.3 -14116.84)
(-24.29612 -29734.91 -13669.17)
(-25.85164 -29739.81 -19130.23)
(-13.6691 -15001.92 -11569.53)
(-14.19784 -15393.72 -9524.037)
(-14.91142 -15848.95 -7010.607)
(-15.83553 -16270.09 -4310.303)
(-16.9768 -16531.88 -1456.647)
(-30.50161 8557.614 -3981.671)
(-29.08182 5276.798 -9966.22)
(-23.59139 2839.949 -12923.66)
(-14.80919 1356.439 -14287.16)
(-4.6261 398.3419 -14806.25)
(-10.6501 -28584.38 -4353.324)
(-11.26649 -28579.73 -10300.74)
(-11.55363 -28580.23 -12750.35)
(-11.86114 -28584.8 -14174.82)
(-12.46974 -28595.32 -14146.08)
(-17.94892 -39231.39 -16960.48)
(-18.85158 -39249.04 -15177.27)
(-19.60714 -39273.04 -14847.5)
(-20.73917 -39304 -14515.96)
(-22.02335 -39341.88 -20554.13)
(-11.52781 -20028.36 -12813.05)
(-12.00878 -21105.85 -11171.45)
(-12.4473 -22490 -8741.625)
(-13.09188 -23995.43 -5697.966)
(-13.95542 -25198.82 -2002.8)
(-29.7035 13103.02 -5054.711)
(-27.90273 7163.975 -11795.66)
(-22.86374 3671.303 -14140.28)
(-15.04648 1724.863 -15050.21)
(-5.148688 504.1392 -15365.37)
(-8.602117 -31691.89 -4477.986)
(-9.30969 -31690.68 -10652.88)
(-9.921479 -31701.11 -13306.92)
(-10.10022 -31722.08 -14934.07)
(-10.31986 -31751.95 -15037.76)
(-14.90488 -43591.08 -18271.58)
(-15.68004 -43640.61 -16682.96)
(-16.49384 -43705.92 -16645.39)
(-17.08504 -43785.39 -16605.85)
(-18.06037 -43879.27 -24084.94)
(-9.412963 -22639.3 -16000.97)
(-9.6155 -24889.6 -15773.26)
(-9.864667 -28362.29 -14337.69)
(-10.07202 -33600.52 -11192.24)
(-10.51599 -41533.01 -4520.772)
(-29.72778 19149.76 -6967.871)
(-26.77963 8451.546 -14726.16)
(-21.68479 4122.579 -15716.09)
(-14.50773 1915.795 -15962.55)
(-5.22952 558.856 -16020.61)
(-7.043868 -27732.58 -4670.756)
(-7.282318 -27730.98 -11210.55)
(-7.932883 -27734.56 -14207.4)
(-8.578602 -27744.7 -16176.74)
(-8.629527 -27761.97 -16504.82)
(-11.97799 -38098.43 -20444.09)
(-12.67458 -38125.96 -19188.13)
(-13.39 -38162.61 -19652.92)
(-14.10855 -38209.67 -20120.55)
(-14.52383 -38264.65 -30063.63)
(-7.446895 -19578.38 -21742.16)
(-7.393179 -21002.56 -25587.4)
(-7.18924 -23152.36 -30650.11)
(-6.761114 -26298.9 -38788.47)
(-5.899207 -30898.21 -33322.66)
(-42.32745 -7765.766 -117896.2)
(-41.83333 -3202.516 -42598.45)
(-41.61076 -1449.756 -37912.49)
(-41.6188 -687.0119 -35741.96)
(-41.6521 -311.2119 -34708.6)
(-41.65037 -89.14371 -34270.66)
(-41.41391 95.41059 -34235.85)
(-40.75421 339.5943 -34625.58)
(-39.62236 804.7338 -35719.26)
(-37.78496 1907.055 -38372.5)
(-30.78931 17840.44 -30530.45)
(-25.69179 8154.963 -19356.11)
(-20.33243 4047.034 -17479.65)
(-13.60287 1896.69 -16921.3)
(-5.018402 555.3301 -16704.06)
(-6.048997 -19223.17 -4691.714)
(-6.143485 -19215.11 -11255.64)
(-6.389795 -19205.8 -14257.56)
(-6.87979 -19193.98 -16232.6)
(-7.467952 -19178.69 -16561.4)
(-10.34805 -26280.99 -20514.4)
(-10.42206 -26258.49 -19263.86)
(-10.99984 -26232.98 -19735.5)
(-11.69048 -26204.59 -20208.56)
(-12.2865 -26173.25 -30190.05)
(-6.099516 -12972.54 -21692.09)
(-5.990882 -12555.45 -24799.07)
(-5.778723 -11673.64 -27683.21)
(-5.428189 -9859.696 -30680.08)
(-4.936349 -6256.094 -22451.29)
(-38.36962 -14310.09 -71418.61)
(-38.28244 -6808.186 -36319.14)
(-38.33901 -3364.483 -35430.39)
(-38.26741 -1676.892 -34636.82)
(-38.21043 -781.3662 -34145.41)
(-38.0621 -230.6727 -33900.97)
(-37.78346 226.286 -33847.08)
(-37.2068 797.8187 -33959.39)
(-36.17194 1777.016 -34197.44)
(-34.66302 3760.461 -34253.15)
(-29.79955 10409.22 -28906.83)
(-24.31995 6464.493 -21677.01)
(-18.8985 3482.776 -18916.33)
(-12.55865 1676.267 -17793.49)
(-4.667594 495.1201 -17344.18)
(-5.231812 -11648.73 -4656.669)
(-5.557155 -11642.2 -11138.75)
(-5.59357 -11631.76 -14047.09)
(-5.810793 -11617.63 -15928.27)
(-6.215654 -11600.62 -16193.49)
(-9.254663 -15882.8 -19968.44)
(-9.366002 -15854.03 -18631.83)
(-9.401912 -15820.94 -18979.09)
(-9.980511 -15783.03 -19324.05)
(-10.60365 -15741.23 -28689.23)
(-5.338597 -7660.489 -20255.58)
(-5.099441 -7005.969 -22402.15)
(-4.967728 -6017.534 -23977.68)
(-4.71493 -4611.399 -25314.82)
(-4.380375 -2745.373 -17883.13)
(-35.24925 -10912.85 -56544.86)
(-35.23575 -6366.324 -31723.6)
(-35.25163 -3529.173 -32846.41)
(-35.31158 -1877.961 -33223.32)
(-35.16251 -908.7051 -33329.16)
(-34.9417 -279.7445 -33333.78)
(-34.57465 241.4948 -33283.54)
(-34.03183 846.8553 -33157.11)
(-33.18784 1741.778 -32844.59)
(-31.95717 3157.787 -32050.26)
(-28.06308 6157.661 -28159.78)
(-22.73025 4527.947 -22886.05)
(-17.44367 2623.126 -19944.77)
(-11.49031 1299.227 -18495.45)
(-4.266902 387.6388 -17881)
(-4.021959 -6087.105 -4625.677)
(-4.927541 -6083.112 -11039.91)
(-5.214241 -6076.961 -13873.62)
(-5.222468 -6067.91 -15679.23)
(-5.489433 -6056.564 -15894.24)
(-8.100097 -8290.906 -19522.49)
(-8.6706 -8273.836 -18121.76)
(-8.730912 -8251.624 -18366.85)
(-8.796911 -8228.114 -18613.32)
(-9.409632 -8200.563 -27485.7)
(-4.808324 -3962.414 -19152.46)
(-4.623209 -3547.671 -20733.95)
(-4.408985 -2973.521 -21740.08)
(-4.259056 -2243.696 -22544.12)
(-4.000959 -1384.912 -15767.57)
(-32.40681 -6537.043 -49886.63)
(-32.81411 -4217.678 -28992.02)
(-32.71322 -2510.464 -30998.69)
(-32.61618 -1399 -32074.51)
(-32.5237 -696.9824 -32607.79)
(-32.20847 -222.2225 -32815.02)
(-31.78561 171.2791 -32789.1)
(-31.20064 604.2028 -32532.55)
(-30.44011 1181.386 -31964.28)
(-29.43024 1964.708 -30918.89)
(-26.07712 3301.338 -27801.37)
(-21.0413 2654.205 -23513.28)
(-15.99993 1615.535 -20600.02)
(-10.45334 818.061 -18986.41)
(-3.863084 246.1002 -18271.64)
(-3.0422 -1880.96 -4609.848)
(-3.829115 -1879.076 -10992.31)
(-4.803177 -1877.065 -13789.75)
(-5.066227 -1874.455 -15558.26)
(-5.033947 -1870.75 -15748.12)
(-7.332361 -2560.108 -19307.11)
(-7.938767 -2554.994 -17872.95)
(-8.361959 -2548.551 -18070.54)
(-8.427927 -2540.049 -18267.2)
(-8.523243 -2531.687 -26902.28)
(-4.396652 -1220.399 -18624.13)
(-4.327348 -1086.348 -19960.36)
(-4.120737 -905.8857 -20747.69)
(-3.901788 -684.4094 -21374.46)
(-3.721125 -432.5989 -14901.16)
(-30.21993 -2165.48 -47153.69)
(-30.52605 -1456.208 -27742.65)
(-30.6862 -895.7122 -30075.91)
(-30.41793 -510.7612 -31460.97)
(-30.13911 -258.403 -32207.06)
(-29.84302 -83.98669 -32523.8)
(-29.3339 60.63301 -32519.48)
(-28.70601 215.4643 -32213.52)
(-27.92305 411.5325 -31554.5)
(-26.98955 659.026 -30449.9)
(-24.00656 1044.725 -27665.54)
(-19.32342 872.9165 -23796.3)
(-14.59431 544.5422 -20929.17)
(-9.465448 279.0156 -19250)
(-3.477857 84.32569 -18489.75)
(-10.86387 1862.976 -4570.268)
(-11.36003 1860.746 -10895.52)
(-12.17481 1857.607 -13670.09)
(-13.34857 1853.503 -15422.02)
(-14.47781 1849.01 -15604.56)
(-21.18004 2528.47 -19121.2)
(-23.21574 2520.349 -17690.91)
(-25.41624 2511.793 -17872.29)
(-27.73133 2501.296 -18052.08)
(-30.4755 2489.914 -26558.33)
(-16.16518 1199.158 -18364.65)
(-16.78058 1065.898 -19656.29)
(-17.29156 887.6011 -20400.36)
(-17.63708 669.3892 -20980.43)
(-17.75145 422.289 -14598.11)
(-152.9181 2109.323 -46085.74)
(-160.438 1414.433 -27026.13)
(-157.3995 867.1359 -29203.26)
(-136.5355 492.7953 -30450.17)
(-111.5663 249.2127 -31096.97)
(-47.39743 79.80309 -31317.52)
(-10.61181 6038.368 -4589.882)
(-11.17293 6031.195 -10953.72)
(-11.65958 6021.92 -13766.95)
(-12.50795 6009.8 -15557.33)
(-13.66029 5995.016 -15766.24)
(-20.31989 8201.043 -19357.15)
(-21.7838 8177.724 -17957.68)
(-23.80886 8149.842 -18190.36)
(-26.04763 8119.907 -18419.25)
(-28.44399 8085.151 -27176.73)
(-15.10109 3902.709 -18918.16)
(-15.40959 3490.627 -20457)
(-15.76769 2921.956 -21421.75)
(-15.97871 2201.56 -22181.52)
(-15.9637 1356.57 -15489.12)
(-137.2968 6392.167 -48907.42)
(-146.2204 4114.608 -28348.39)
(-151.3339 2442.136 -30227.53)
(-146.6233 1356.4 -31181.81)
(-126.0248 673.3671 -31606.13)
(-101.0991 214.4965 -31736.3)
(-42.04203 -167.082 -31635.36)
(-10.15437 11568.47 -4624.873)
(-11.20458 11557.07 -11063.49)
(-11.83679 11542.27 -13952.15)
(-12.37125 11522.42 -15819.3)
(-13.27602 11498.72 -16079.39)
(-19.79869 15735.63 -19819.44)
(-21.46355 15699.79 -18484.86)
(-23.1244 15656.57 -18817.92)
(-25.21492 15607.36 -19147.85)
(-27.50226 15552.52 -28406.66)
(-14.53646 7562.935 -20039.94)
(-14.79912 6910.975 -22140.38)
(-14.8766 5929.463 -23671.08)
(-14.85853 4538.259 -24960.9)
(-14.61109 2698.22 -17608.79)
(-124.0118 10708.69 -55586.66)
(-131.7351 6235.093 -31122.26)
(-138.3086 3448.44 -32152.4)
(-141.3448 1829.914 -32439.4)
(-135.3535 882.3722 -32451.41)
(-115.2814 270.1252 -32366.72)
(-90.69109 -234.3539 -32252.08)
(-36.85032 -820.6691 -32064.15)
(-10.51856 19110.8 -4663.797)
(-11.1607 19097.57 -11189.74)
(-12.28786 19080.85 -14173.84)
(-13.01006 19061.94 -16135.24)
(-13.70324 19039.77 -16458.06)
(-20.01341 26078.61 -20381.78)
(-21.62282 26044.81 -19130.75)
(-23.53356 26006.38 -19590.38)
(-25.42693 25961.78 -20048.21)
(-27.69878 25913.77 -29934.07)
(-14.61716 12835.66 -21491.88)
(-14.77533 12413.75 -24549.28)
(-14.75727 11532.44 -27378.42)
(-14.41456 9731.189 -30310.65)
(-13.72677 6167.852 -22155.59)
(-113.082 14088.22 -70384.86)
(-118.6995 6691.714 -35738.77)
(-124.2843 3300.795 -34804.38)
(-129.0537 1641.435 -33956.18)
(-130.5038 762.694 -33395.88)
(-123.6277 224.0082 -33070.45)
(-104.2829 -220.8973 -32934.79)
(-80.23527 -775.1425 -32983.65)
(-31.69596 -1724.479 -33160.57)
(-11.57343 27599.69 -4647.345)
(-12.00821 27591.46 -11153.44)
(-12.7905 27587.1 -14136.2)
(-14.03121 27589.84 -16094.87)
(-14.84226 27597.82 -16418.82)
(-21.4522 37861.12 -20330.56)
(-22.84969 37873.57 -19075.07)
(-24.66053 37894.51 -19530.11)
(-26.91802 37922.22 -19986.61)
(-29.03067 37956.34 -29848.27)
(-15.33813 19410.16 -21573.76)
(-15.64248 20810.65 -25371.08)
(-15.63 22926.13 -30367.47)
(-15.19925 26023.22 -38397.58)
(-13.86877 30548.88 -32954.86)
(-103.8048 7667.931 -116469.6)
(-106.8879 3158.092 -42039.41)
(-111.0387 1427.469 -37365.68)
(-115.4343 675.2746 -35170.95)
(-118.9642 305.2175 -34090.44)
(-119.1848 87.08317 -33587.39)
(-111.6454 -93.49099 -33473.63)
(-93.04159 -331.4682 -33778.58)
(-69.60578 -783.9177 -34790.41)
(-26.34607 -1855.825 -37330.23)
(-12.67142 31570.26 -4459.133)
(-13.43037 31564.65 -10608.16)
(-14.10367 31568.54 -13251.85)
(-15.01069 31580.66 -14871.71)
(-16.27005 31603.42 -14972.89)
(-23.62675 43376.27 -18189.09)
(-25.05116 43413.13 -16603.32)
(-26.78441 43462.61 -16560.77)
(-28.87571 43524.91 -16516.1)
(-31.479 43599.67 -23945.41)
(-16.67086 22485.8 -15900.73)
(-17.42227 24709.69 -15667.07)
(-18.30795 28143.33 -14233.04)
(-19.33351 33322.2 -11103.45)
(-20.77013 41161.18 -4481.618)
(-15.20452 -18703.83 -6808.222)
(-13.86746 28502.95 -4339.215)
(-14.45752 28493.62 -10267.55)
(-15.28946 28489.95 -12709.85)
(-16.11257 28490.65 -14128.82)
(-17.16616 28495.37 -14099.27)
(-25.40199 39086.45 -16901.73)
(-26.94146 39095.18 -15121.53)
(-28.63243 39109.4 -14789.26)
(-30.63444 39129.32 -14455.26)
(-33.08007 39154.56 -20462.81)
(-17.71115 19926.2 -12751.89)
(-18.65731 20991.56 -11114.07)
(-19.86518 22359.66 -8693.389)
(-21.35461 23845.88 -5663.817)
(-23.19544 25028.61 -1989.78)
(-30.97588 -12861.12 -4962.589)
(-10.81868 -7031.472 -11584.3)
(-14.57608 21656.9 -4284.611)
(-15.2825 21648.73 -10119.09)
(-15.92817 21641.44 -12483.56)
(-16.80001 21636.32 -13825.6)
(-17.74592 21632.37 -13747.2)
(-25.95419 29660.72 -16385.46)
(-27.94635 29654.24 -14527.02)
(-29.63674 29649.82 -14078.96)
(-31.56377 29646.8 -13630.3)
(-33.81198 29644.39 -19072.02)
(-18.00809 14950.73 -11531.88)
(-19.13501 15337.87 -9490.811)
(-20.3759 15787.8 -6984.223)
(-21.94305 16202.16 -4292.738)
(-23.84066 16456.98 -1450.213)
(-34.78753 -8446.924 -3930.966)
(-23.90405 -5207.605 -9838.802)
(-7.429918 -2804.612 -12772.34)
(-14.72176 13322.12 -4261.314)
(-15.4547 13317.28 -10060.37)
(-16.24155 13312.14 -12401.09)
(-16.9341 13306.99 -13719.13)
(-17.83518 13302.59 -13626.8)
(-25.88343 18236.63 -16210.26)
(-27.60952 18229.23 -14324.75)
(-29.6793 18222.36 -13836.72)
(-31.49537 18215.65 -13348.58)
(-33.6015 18208.72 -18597.32)
(-17.78539 9144.188 -11119.68)
(-18.81131 9268.029 -8961.519)
(-20.10611 9405.001 -6459.948)
(-21.56588 9522.186 -3902.533)
(-23.39849 9585.759 -1305.001)
(-35.18512 -4815.689 -3377.073)
(-28.42667 -3170.737 -8832.105)
(-17.18478 -1767.308 -12029.99)
(-4.390204 -856.9316 -13670.79)
(-14.45156 4481.275 -4253.358)
(-15.11364 4479.197 -10041.93)
(-15.88223 4477.886 -12377.37)
(-16.7357 4475.974 -13690.06)
(-17.42581 4474.33 -13594.09)
(-25.17542 6133.443 -16163.08)
(-26.65881 6130.592 -14269.09)
(-28.4129 6127.822 -13769.64)
(-30.54148 6125.154 -13269.87)
(-32.44239 6122.381 -18463.22)
(-17.11 3069.795 -11002.43)
(-17.98385 3097.678 -8810.803)
(-19.1271 3127.706 -6313.68)
(-20.541 3152.605 -3796.244)
(-22.15988 3165.539 -1266.193)
(-33.40666 -1569.014 -3137.869)
(-29.89195 -1063.977 -8382.61)
(-21.18788 -603.3328 -11682.7)
(-10.44991 -294.6572 -13442.06)
(-1.45661 -87.24224 -14177.93)
(-14.04482 -4483.352 -4255.787)
(-14.45847 -4481.599 -10047.64)
(-15.11151 -4480.097 -12383.47)
(-15.84743 -4478.647 -13697.62)
(-16.68312 -4476.938 -13602.1)
(-23.863 -6137.13 -16172.52)
(-25.17385 -6135.076 -14277.96)
(-26.63272 -6132.595 -13778.5)
(-28.38623 -6130.557 -13279.31)
(-30.50047 -6127.926 -18477.18)
(-16.01203 -3072.641 -11011.23)
(-16.75675 -3100.475 -8818.495)
(-17.71527 -3130.755 -6319.51)
(-18.93614 -3156.018 -3800.091)
(-20.42051 -3168.901 -1267.559)
(-30.93007 1574.091 -3147.828)
(-29.29575 1067.708 -8410.955)
(-22.8469 605.4555 -11721.59)
(-13.17514 295.5755 -13481.01)
(-3.53259 87.46321 -14206.8)
(-13.14232 -13341.51 -4268.359)
(-13.60954 -13336.88 -10076.95)
(-13.98595 -13332.56 -12421.07)
(-14.6436 -13328.59 -13741.81)
(-15.35934 -13325.4 -13649.62)
(-22.14585 -18269.66 -16238.61)
(-23.1237 -18264.2 -14351.26)
(-24.39325 -18259.49 -13864.02)
(-25.8294 -18255.21 -13376.7)
(-27.51858 -18251.72 -18639.05)
(-14.58482 -9167.194 -11146.55)
(-15.18907 -9292.609 -8984.566)
(-15.97092 -9431.561 -6477.838)
(-16.97179 -9550.931 -3914.23)
(-18.22226 -9617.279 -1309.253)
(-28.72283 4861.921 -3409.046)
(-27.78657 3203.043 -8919.919)
(-22.80822 1785.043 -12146.14)
(-14.41734 864.7026 -13784.41)
(-4.517209 255.0927 -14439.49)
(-11.73718 -21707.56 -4296.157)
(-12.365 -21701.94 -10146.48)
(-12.75472 -21697.72 -12517.03)
(-13.09579 -21694.54 -13862.89)
(-13.73485 -21693.77 -13785.41)
(-19.77318 -29749.96 -16432.67)
(-20.77475 -29749.2 -14571.73)
(-21.67053 -29750.06 -14124.99)
(-22.88971 -29753.37 -13677.55)
(-24.26238 -29759.07 -19142.51)
(-12.74436 -15012.73 -11577.48)
(-13.3635 -15405.51 -9531.061)
(-13.94611 -15861.89 -7016.046)
(-14.72753 -16283.97 -4313.909)
(-15.73432 -16547.03 -1457.959)
(-27.17255 8579.413 -3991.821)
(-26.19472 5291.979 -9994.789)
(-21.85099 2849.053 -12964.63)
(-14.52076 1361.123 -14335.27)
(-4.988963 399.7174 -14855.31)
(-9.896649 -28596.65 -4355.332)
(-10.63362 -28591.57 -10305.52)
(-11.2447 -28592.61 -12756.19)
(-11.52951 -28598.71 -14180.93)
(-11.83415 -28608.91 -14152.95)
(-17.06556 -39251.7 -16968.67)
(-17.91852 -39269.36 -15184.98)
(-18.82077 -39295.2 -14855.2)
(-19.57588 -39327.37 -14523.88)
(-20.70612 -39366.47 -20566.56)
(-10.82951 -20041.36 -12821.14)
(-11.21187 -21120.67 -11178.83)
(-11.72988 -22506.94 -8747.906)
(-12.23195 -24014.5 -5702.186)
(-12.9667 -25220.07 -2004.445)
(-26.41078 13132.45 -5066.106)
(-24.85505 7182.223 -11825.73)
(-20.59662 3681.863 -14180.81)
(-13.93906 1730.39 -15097.88)
(-5.047985 505.8789 -15417.06)
(-8.257451 -31704.13 -4479.525)
(-8.587769 -31704.45 -10657.53)
(-9.288542 -31714.16 -13312.59)
(-9.896366 -31735.44 -14940.86)
(-10.07364 -31767.3 -15043.75)
(-14.11877 -43612.21 -18280.12)
(-14.87437 -43663.06 -16690.42)
(-15.64824 -43728.43 -16653.82)
(-16.46003 -43809.66 -16614.33)
(-17.05062 -43905.16 -24097.63)
(-8.838084 -22653.42 -16010.22)
(-9.02648 -24905.65 -15782.94)
(-9.2265 -28381.8 -14347.1)
(-9.503819 -33625.2 -11200.03)
(-9.81407 -41564.93 -4524.066)
(-26.5168 19187.94 -6981.805)
(-23.81037 8470.535 -14759.35)
(-19.31777 4133.083 -15756.17)
(-13.0711 1921.305 -16008.3)
(-4.844553 560.6459 -16071.33)
(-6.96556 -27743.57 -4672.686)
(-7.030125 -27741 -11214)
(-7.265994 -27746.32 -14211.98)
(-7.908955 -27756.81 -16184.07)
(-8.546617 -27773.88 -16512.88)
(-11.79908 -38116.4 -20450.92)
(-11.94849 -38144.66 -19196.58)
(-12.64052 -38182.34 -19661.49)
(-13.35251 -38229.19 -20130.73)
(-14.06662 -38286.48 -30079.32)
(-7.03746 -19589.74 -21753.27)
(-6.938301 -21015.42 -25601.87)
(-6.745498 -23167.16 -30668.74)
(-6.33387 -26316.83 -38814.08)
(-5.567446 -30920.52 -33346.04)
(-39.53933 -7771.828 -117983.4)
(-38.80761 -3205.252 -42632.59)
(-38.59448 -1451.065 -37944.58)
(-38.39872 -687.7024 -35774.71)
(-38.27565 -311.5469 -34743.07)
(-38.08338 -89.25439 -34307.79)
(-37.76327 95.51586 -34276.66)
(-37.12251 340.0355 -34670.93)
(-35.95046 805.893 -35770.71)
(-34.08288 1910.1 -38433.72)
(-27.60299 17872.17 -30584.76)
(-22.917 8171.229 -19394.82)
(-18.07931 4056.132 -17519.1)
(-12.11922 1901.524 -16964.47)
(-4.521551 556.9271 -16751.92)
(-5.749659 -19229.75 -4693.272)
(-6.036446 -19222.46 -11259.27)
(-6.126102 -19212.64 -14262.42)
(-6.369258 -19201.5 -16237.97)
(-6.85598 -19187.84 -16567.48)
(-10.20545 -26292.76 -20523.85)
(-10.31684 -26270.74 -19270.8)
(-10.39136 -26245.89 -19743.92)
(-10.96685 -26217.94 -20216.66)
(-11.65257 -26187.03 -30205.82)
(-5.922127 -12980.39 -21702.66)
(-5.63284 -12562.58 -24811.76)
(-5.4278 -11680.71 -27698.79)
(-5.099648 -9866.062 -30698.48)
(-4.624764 -6260.428 -22465.84)
(-36.17736 -14320.42 -71467.68)
(-35.78006 -6813.557 -36345.27)
(-35.56898 -3367.383 -35458.4)
(-35.48709 -1678.412 -34666.01)
(-35.25348 -782.163 -34176.61)
(-34.97349 -230.9366 -33934.62)
(-34.54966 226.5134 -33883.78)
(-33.92861 798.7599 -33999.89)
(-32.94495 1779.342 -34242.26)
(-31.44717 3765.886 -34302.53)
(-26.87717 10425.85 -28953.01)
(-21.80279 6475.997 -21715.67)
(-16.8578 3489.726 -18954.23)
(-11.16772 1680.037 -17833.7)
(-4.158577 496.3822 -17388.45)
(-4.332793 -11653.06 -4658.153)
(-5.218542 -11645.97 -11142.94)
(-5.538035 -11636.04 -14052.22)
(-5.573058 -11622.18 -15933.28)
(-5.789323 -11604.66 -16198.85)
(-8.49679 -15889.97 -19974.72)
(-9.225295 -15861.91 -18640.7)
(-9.335676 -15828.63 -18985.43)
(-9.37276 -15791.01 -19332.27)
(-9.948085 -15748.51 -28700.94)
(-5.110284 -7665.018 -20265.83)
(-4.926736 -7010.258 -22412.42)
(-4.647152 -6020.881 -23989.95)
(-4.437924 -4614.171 -25328.97)
(-4.121648 -2747.181 -17893.6)
(-33.00429 -10920.55 -56580.57)
(-33.20551 -6370.876 -31745.38)
(-32.9575 -3531.981 -32869.87)
(-32.76452 -1879.593 -33249.41)
(-32.60245 -909.5363 -33357.21)
(-32.23708 -280.053 -33364.2)
(-31.76695 241.7131 -33316.59)
(-31.1208 847.7647 -33193.09)
(-30.26505 1743.851 -32883.77)
(-29.10324 3161.929 -32092.29)
(-25.45525 6166.549 -28200.43)
(-20.49943 4535.184 -22922.7)
(-15.63804 2627.797 -19980.42)
(-10.24975 1301.821 -18532.57)
(-3.7944 388.5109 -17921.43)
(-3.17112 -6090.022 -4626.531)
(-4.012229 -6085.154 -11043.51)
(-4.910769 -6078.897 -13878.22)
(-5.194798 -6070.479 -15684.29)
(-5.202541 -6059.182 -15898.76)
(-7.501354 -8293.138 -19529.52)
(-8.074686 -8276.928 -18128.04)
(-8.642193 -8256.857 -18374.77)
(-8.703257 -8231.692 -18619.25)
(-8.769375 -8205.186 -27497.08)
(-4.535751 -3964.269 -19160.74)
(-4.446245 -3549.836 -20743.7)
(-4.230893 -2975.347 -21749.88)
(-3.980489 -2244.916 -22555.67)
(-3.770227 -1385.739 -15776.32)
(-30.49344 -6541.353 -49915.39)
(-30.72484 -4220.657 -29010.34)
(-30.81314 -2512.256 -31019.96)
(-30.49538 -1400.119 -32097.43)
(-30.1828 -697.5966 -32633.35)
(-29.8591 -222.4372 -32842.66)
(-29.32461 171.4136 -32819.04)
(-28.66565 604.7951 -32564.87)
(-27.8377 1182.667 -31998.99)
(-26.83939 1967.053 -30955.8)
(-23.74481 3305.671 -27837.87)
(-19.08292 2658.038 -23547.29)
(-14.42872 1618.118 -20633.07)
(-9.371214 819.5181 -19020.4)
(-3.446031 246.5916 -18308.33)
(-1.50434 -1881.017 -4611.309)
(-3.034454 -1880.293 -10993.39)
(-3.818538 -1877.68 -13794.06)
(-4.783711 -1874.923 -15563.64)
(-5.045017 -1871.563 -15752.95)
(-6.880065 -2561.296 -19312.22)
(-7.308929 -2555.506 -17879.96)
(-7.911609 -2549.403 -18077.12)
(-8.33495 -2541.978 -18274.16)
(-8.401064 -2532.518 -26911.65)
(-4.118122 -1221.144 -18631.46)
(-4.076396 -1086.898 -19968.81)
(-3.962773 -906.4169 -20757.45)
(-3.734529 -684.8319 -21383.97)
(-3.486283 -432.8334 -14908.8)
(-28.46885 -2166.776 -47179.9)
(-28.7186 -1457.166 -27758.91)
(-28.74153 -896.3443 -30095.01)
(-28.63774 -511.1266 -31482.56)
(-28.17729 -258.6121 -32230.17)
(-27.70002 -84.06641 -32549.31)
(-27.19062 60.67887 -32546.9)
(-26.48277 215.6572 -32242.97)
(-25.65357 411.9405 -31585.89)
(-24.6833 659.7423 -30483)
(-21.89441 1045.973 -27698.6)
(-17.59256 874.0627 -23827.58)
(-13.23432 545.3288 -20959.5)
(-8.535545 279.4619 -19280.93)
(-3.117818 84.47591 -18522.88)
(-10.27654 1864.763 -4573.763)
(-10.83574 1862.34 -10903.51)
(-11.32345 1859.375 -13679.95)
(-12.13158 1855.5 -15433.65)
(-13.29538 1850.673 -15618.5)
(-19.78268 2531.557 -19138)
(-21.11673 2523.945 -17707.21)
(-23.14305 2514.872 -17892.31)
(-25.33452 2505.35 -18072.97)
(-27.64126 2493.911 -26593.53)
(-14.70561 1201.199 -18391.25)
(-14.99999 1068.142 -19687.44)
(-15.39447 889.4977 -20438.36)
(-15.66329 671.1109 -21023.78)
(-15.74212 423.4379 -14633.05)
(-136.0632 2115.937 -46210.98)
(-145.2652 1419.549 -27112.89)
(-150.6655 870.6781 -29309.92)
(-146.2203 494.7968 -30565.12)
(-125.9013 249.4213 -31194.27)
(-100.9858 80.98759 -31428.33)
(-42.00379 -59.14141 -31347.12)
(-9.562553 6042.659 -4593.349)
(-10.58314 6036.445 -10962.14)
(-11.13618 6027.061 -13776.37)
(-11.61885 6015.54 -15568.16)
(-12.46048 6001.195 -15778.23)
(-18.66688 8208.923 -19373.82)
(-20.25687 8187.285 -17973.93)
(-21.7164 8161.026 -18207.83)
(-23.73303 8130.234 -18439.69)
(-25.962 8097.35 -27209.35)
(-13.72161 3908.829 -18943.62)
(-13.98294 3496.853 -20486.98)
(-14.10779 2927.852 -21456.75)
(-14.22804 2206.26 -22223.33)
(-14.18119 1359.946 -15521.76)
(-121.8172 6409.431 -49026.31)
(-130.1661 4127.452 -28428.05)
(-137.2515 2450.933 -30325.59)
(-140.6798 1361.957 -31295.41)
(-135.0015 676.1375 -31723.84)
(-115.2298 214.3525 -31834.85)
(-90.68999 -166.0945 -31741.51)
(-36.9003 -584.9943 -31426.32)
(-9.607206 11576.01 -4627.892)
(-10.13009 11565.75 -11070.45)
(-11.16862 11551.01 -13962.86)
(-11.79466 11532.82 -15829.49)
(-12.32667 11509.64 -16090.63)
(-18.14366 15750.54 -19835.23)
(-19.73736 15715.06 -18501.08)
(-21.39686 15674.74 -18835.09)
(-23.05071 15627.04 -19167.5)
(-25.13248 15573.33 -28438.24)
(-13.27037 7573.803 -20064.5)
(-13.42972 6921.825 -22170.73)
(-13.47159 5939.866 -23707.06)
(-13.31146 4547.123 -25003.04)
(-13.01437 2703.939 -17642.62)
(-110.1857 10734.5 -55707.43)
(-116.9023 6251.862 -31200.04)
(-123.1981 3459.172 -32244.02)
(-128.4047 1836.507 -32545.11)
(-130.1462 886.0494 -32569.08)
(-123.5004 271.3599 -32485.72)
(-104.3854 -235.6095 -32351.8)
(-80.45301 -821.8394 -32166.01)
(-31.91617 -1688.218 -31806.79)
(-10.15071 19122.48 -4667.06)
(-10.49561 19110.15 -11195.38)
(-11.1293 19095.17 -14183.74)
(-12.2464 19076.68 -16145.94)
(-12.96211 19055.97 -16470.39)
(-18.72806 26102.47 -20397.01)
(-19.95544 26068.6 -19145.81)
(-21.55941 26032.46 -19607.07)
(-23.46159 25991.62 -20067.49)
(-25.34554 25944.54 -29965.35)
(-13.36689 12852.55 -21517.12)
(-13.49186 12431.44 -24580.2)
(-13.3862 11550.21 -27417.22)
(-13.03439 9747.797 -30358.23)
(-12.30481 6179.467 -22194.32)
(-100.7607 14117.82 -70523.6)
(-105.4757 6707.692 -35818.39)
(-110.3163 3309.658 -34892.17)
(-115.0433 1646.546 -34053.47)
(-118.7575 765.4754 -33504.69)
(-119.1089 225.0642 -33189.52)
(-111.6995 -221.5348 -33054.36)
(-93.26446 -777.7523 -33085.43)
(-70.04027 -1728.573 -33260.13)
(-26.82808 -3653.717 -33268.92)
(-10.8652 27616.07 -4650.51)
(-11.54867 27608.12 -11160.39)
(-11.97838 27606.8 -14143.71)
(-12.75347 27609.35 -16105.85)
(-13.98251 27618.97 -16431.26)
(-20.29071 37891.23 -20345.37)
(-21.39568 37907.21 -19089.8)
(-22.78966 37929.73 -19545.44)
(-24.59377 37960.78 -20004.65)
(-26.84043 37998.65 -29878.58)
(-14.06909 19433.07 -21596.45)
(-14.28039 20837.21 -25401.56)
(-14.27095 22957.99 -30407.26)
(-13.78589 26062.53 -38453.38)
(-12.53286 30599.55 -33008.17)
(-93.05173 7682.34 -116678.9)
(-95.25276 3164.722 -42123.27)
(-98.67827 1430.876 -37449.25)
(-102.4937 677.0909 -35259.85)
(-106.1428 306.1774 -34188.19)
(-108.6418 87.43241 -33696.54)
(-107.7652 -93.75776 -33593.2)
(-99.64166 -332.5939 -33899.76)
(-81.71423 -786.3712 -34897.61)
(-58.9677 -1860.645 -37436.26)
(-18.183 -17390.29 -29760.08)
(-12.11873 31588.25 -4461.783)
(-12.64924 31582.82 -10614.72)
(-13.40026 31588.08 -13259.97)
(-14.06793 31602.79 -14881.33)
(-14.97058 31625.83 -14982.59)
(-22.2594 43408.38 -18202.24)
(-23.57931 43448.03 -16615.05)
(-25.00063 43500.61 -16574.26)
(-26.72997 43565.91 -16529.84)
(-28.81807 43644.15 -23967.35)
(-15.40008 22510.1 -15917.33)
(-15.99035 24738.78 -15683.96)
(-16.72466 28178.92 -14250.27)
(-17.63851 33368.04 -11118.08)
(-18.83642 41223.17 -4488.122)
(-35.3681 -18753.97 -6825.025)
(-11.84402 -8274.038 -14423.48)
(-13.26583 28518.27 -4341.928)
(-13.84585 28510.15 -10273.62)
(-14.4294 28506.49 -12717.47)
(-15.25648 28508.43 -14137.57)
(-16.07576 28514.75 -14108.21)
(-23.49376 39114.59 -16913.25)
(-25.35917 39124.36 -15132.41)
(-26.89686 39141.24 -14800.66)
(-28.58625 39163.6 -14466.97)
(-30.58638 39191.6 -20480.63)
(-16.26983 19946.49 -12764.25)
(-17.22246 21014.08 -11125.63)
(-18.22466 22386.05 -8703.07)
(-19.5216 23876.2 -5670.757)
(-21.15062 25063.41 -1992.439)
(-38.1925 -12900.63 -4977.425)
(-25.6587 -7049.747 -11610.91)
(-7.84767 -3614.016 -13929.52)
(-13.84631 21667.5 -4287.145)
(-14.55521 21660.22 -10125.15)
(-15.2547 21654.17 -12491.03)
(-15.89681 21648.95 -13833.67)
(-16.76561 21645.87 -13755.68)
(-24.29224 29681.02 -16395.96)
(-25.91439 29675.5 -14537.31)
(-27.90495 29672.17 -14089.36)
(-29.59476 29670.86 -13640.88)
(-31.52032 29670.92 -19088.12)
(-16.6678 14964.83 -11542.3)
(-17.60475 15353.41 -9500.149)
(-18.79622 15804.75 -6991.636)
(-20.12389 16221.39 -4297.697)
(-21.80365 16478.12 -1452.024)
(-37.44075 -8476.294 -3944.254)
(-29.80407 -5223.586 -9867.831)
(-17.83733 -2811.742 -12799.76)
(-4.531118 -1344.256 -14169.01)
(-14.07321 13328.7 -4263.784)
(-14.70166 13323.56 -10066.13)
(-15.42867 13319.38 -12407.97)
(-16.21138 13314.87 -13727.22)
(-16.90083 13310.34 -13634.7)
(-24.41757 18248.25 -16220.09)
(-25.84633 18241.66 -14334.29)
(-27.5708 18235.31 -13846.54)
(-29.63966 18229.47 -13358.57)
(-31.45512 18223.79 -18611.97)
(-16.57955 9152.375 -11129.46)
(-17.41983 9276.723 -8969.71)
(-18.51505 9414.536 -6466.439)
(-19.88951 9532.337 -3906.75)
(-21.44785 9597.188 -1306.541)
(-34.45258 -4832.418 -3388.538)
(-30.62868 -3181.729 -8861.692)
(-21.58074 -1772.725 -12065.08)
(-10.61359 -859.0756 -13699.08)
(-1.478247 -253.6797 -14368.51)
(-14.06956 4482.828 -4255.487)
(-14.43367 4481.684 -10047.23)
(-15.08961 4479.758 -12383.75)
(-15.85394 4478.562 -13697.75)
(-16.70262 4476.784 -13602.29)
(-23.85739 6137.326 -16172.02)
(-25.1409 6134.623 -14278.15)
(-26.62288 6132.018 -13778.56)
(-28.37617 6129.479 -13279.3)
(-30.50312 6127.047 -18477.29)
(-16.01392 3072.366 -11011.38)
(-16.76745 3100.314 -8818.637)
(-17.7122 3130.731 -6319.429)
(-18.9317 3155.773 -3800.112)
(-20.43438 3168.762 -1267.568)
(-30.9272 -1574.036 -3147.827)
(-29.29605 -1067.677 -8410.953)
(-22.84707 -605.4156 -11721.58)
(-13.17492 -295.5585 -13481.01)
(-3.532555 -87.45846 -14206.8)
(-13.53154 -4485.599 -4258.097)
(-14.02659 -4483.777 -10052.71)
(-14.43388 -4482.16 -12390.41)
(-15.0841 -4480.78 -13704.26)
(-15.81795 -4479.444 -13609.61)
(-22.84068 -6140.904 -16181.42)
(-23.82966 -6138.313 -14286.47)
(-25.13958 -6136.491 -13787.12)
(-26.59841 -6134.254 -13287.84)
(-28.35078 -6132.449 -18490.43)
(-15.05431 -3075.105 -11019.71)
(-15.69291 -3103.085 -8825.696)
(-16.50358 -3133.528 -6324.927)
(-17.53435 -3158.841 -3803.614)
(-18.83743 -3172.175 -1268.852)
(-27.86544 1578.656 -3156.847)
(-27.1347 1071.137 -8437.623)
(-22.40426 607.5417 -11761.1)
(-14.21283 296.5995 -13525.7)
(-4.4601 87.73133 -14247.84)
(-12.49083 -13346.93 -4270.438)
(-13.12498 -13342.95 -10082.05)
(-13.58627 -13338.98 -12427.26)
(-13.95989 -13335.28 -13748.53)
(-14.61494 -13331.94 -13656.69)
(-21.02765 -18279.52 -16246.91)
(-22.11446 -18274.68 -14359.35)
(-23.09124 -18270.27 -13872.15)
(-24.36056 -18266.6 -13384.91)
(-25.79621 -18263.35 -18651.15)
(-13.57912 -9173.866 -11154.42)
(-14.28637 -9299.827 -8991.342)
(-14.94795 -9439.35 -6483.033)
(-15.79893 -9559.149 -3917.556)
(-16.87921 -9626.104 -1310.454)
(-25.59627 4874.322 -3417.739)
(-25.03575 3212.273 -8945.48)
(-21.1332 1790.767 -12184.62)
(-14.14195 867.6862 -13830.78)
(-4.873246 255.9738 -14487.29)
(-10.96258 -21717.03 -4298.23)
(-11.72049 -21710.87 -10151.23)
(-12.34318 -21707.37 -12522.9)
(-12.72974 -21705.21 -13869.4)
(-13.06893 -21704.1 -13791.82)
(-18.80157 -29765.21 -16440.94)
(-19.74321 -29764.74 -14579.17)
(-20.74447 -29767.14 -14132.68)
(-21.63937 -29771.13 -13685.43)
(-22.85773 -29777.54 -19154.24)
(-11.95991 -15022.43 -11584.9)
(-12.4596 -15416.5 -9537.586)
(-13.12711 -15873.96 -7021.212)
(-13.77365 -16297.16 -4317.246)
(-14.63367 -16561.12 -1459.178)
(-24.16622 8598.686 -4000.829)
(-23.34093 5305.468 -10020.28)
(-19.69032 2857.254 -13001.78)
(-13.45715 1365.485 -14380.65)
(-4.893509 401.0964 -14905.24)
(-9.465181 -28607.98 -4357.073)
(-9.881651 -28603.84 -10310.08)
(-10.61277 -28604.45 -12761.76)
(-11.22084 -28611.09 -14187.2)
(-11.50411 -28622.82 -14158.88)
(-16.19645 -39270.36 -16976.8)
(-17.03606 -39289.67 -15192.3)
(-17.88879 -39315.54 -14862.75)
(-18.7906 -39349.55 -14531.42)
(-19.5453 -39389.85 -20577.79)
(-10.18371 -20053.83 -12828.86)
(-10.52823 -21134.29 -11185.86)
(-10.95152 -22522.63 -8753.695)
(-11.52596 -24032.44 -5706.267)
(-12.11526 -25240 -2005.929)
(-23.559 13158.63 -5076.249)
(-22.10338 7198.362 -11852.41)
(-18.3529 3691.247 -14216.98)
(-12.56207 1735.369 -15141.14)
(-4.678124 507.4993 -15465.84)
(-8.109664 -31716.11 -4481.499)
(-8.2434 -31716.67 -10661.02)
(-8.569538 -31727.91 -13318.05)
(-9.26514 -31748.5 -14947.04)
(-9.869573 -31780.69 -15050.44)
(-13.78221 -43633.26 -18287.31)
(-14.09003 -43684.22 -16698.2)
(-14.84392 -43750.91 -16661.28)
(-15.61647 -43832.21 -16622.75)
(-16.42626 -43929.49 -24109.95)
(-8.344877 -22666.66 -16018.67)
(-8.479336 -24920.95 -15792.06)
(-8.660977 -28399.91 -14355.9)
(-8.887342 -33648.17 -11207.4)
(-9.258338 -41595.17 -4527.221)
(-23.77217 19222.06 -6994.258)
(-21.23935 8487.43 -14788.9)
(-17.17934 4142.374 -15791.75)
(-11.6476 1926.203 -16049.15)
(-4.365911 562.2588 -16117.37)
(-6.607289 -27753.18 -4674.584)
(-6.950245 -27751.98 -11218.43)
(-7.012322 -27756.36 -14216.13)
(-7.247419 -27768.56 -16189.21)
(-7.883028 -27785.99 -16520.14)
(-11.6809 -38132.77 -20460.75)
(-11.76811 -38162.64 -19203.13)
(-11.91799 -38201.05 -19670.17)
(-12.60556 -38248.93 -20139.53)
(-13.31405 -38306.04 -30094.57)
(-6.808304 -19600.83 -21764.54)
(-6.550524 -21027.45 -25615.21)
(-6.334622 -23181.18 -30686.29)
(-5.945972 -26333.49 -38837.83)
(-5.21479 -30941.43 -33368.14)
(-37.27804 -7777.463 -118066.4)
(-36.26343 -3207.768 -42663.64)
(-35.80812 -1452.311 -37974.73)
(-35.60879 -688.325 -35804.93)
(-35.31368 -311.864 -34774.86)
(-34.99356 -89.35653 -34341.86)
(-34.53117 95.61256 -34313.84)
(-33.85178 340.4372 -34712.29)
(-32.74322 806.9486 -35817.59)
(-30.92058 1912.856 -38489.14)
(-24.89536 17900.71 -30633.62)
(-20.54488 8185.769 -19429.42)
(-16.12736 4064.226 -17554.22)
(-10.77794 1905.8 -17002.81)
(-4.029036 558.3469 -16794.68)
(-4.940851 -19236.93 -4694.963)
(-5.736661 -19229.04 -11262.87)
(-6.020068 -19219.99 -14266.79)
(-6.106566 -19208.34 -16243.29)
(-6.347015 -19195.36 -16572.88)
(-9.372184 -26305.25 -20531.34)
(-10.17399 -26282.51 -19279.66)
(-10.28483 -26258.14 -19751.06)
(-10.3598 -26230.84 -20225.32)
(-10.93282 -26200.36 -30218.09)
(-5.622125 -12987.23 -21713.88)
(-5.452712 -12569.96 -24823.95)
(-5.104393 -11687.31 -27713.16)
(-4.793194 -9872.006 -30715.88)
(-4.34668 -6264.439 -22479.35)
(-33.88797 -14330.38 -71514.05)
(-33.71705 -6818.462 -36370.36)
(-33.24705 -3370.048 -35483.92)
(-32.92926 -1679.865 -34693.34)
(-32.68676 -782.878 -34205.42)
(-32.26641 -231.1913 -33965.63)
(-31.74444 226.7208 -33917.44)
(-31.02643 799.6193 -34036.79)
(-30.04362 1781.462 -34283.13)
(-28.63868 3770.827 -34347.52)
(-24.37881 10440.89 -28994.81)
(-19.66271 6486.347 -21750.44)
(-15.11274 3495.939 -18988.12)
(-9.962114 1683.39 -17869.49)
(-3.69831 497.4988 -17427.77)
(-3.50479 -11657.92 -4658.98)
(-4.323549 -11650.29 -11146.34)
(-5.201449 -11639.81 -14057.21)
(-5.516661 -11626.47 -15938.91)
(-5.551028 -11609.19 -16203.8)
(-7.912521 -15895.52 -19981.33)
(-8.472799 -15869.06 -18646.67)
(-9.195307 -15836.48 -18994.39)
(-9.304799 -15798.66 -19338.79)
(-9.34294 -15756.46 -28713.16)
(-4.80005 -7668.627 -20274.24)
(-4.711998 -7014.264 -22423.63)
(-4.47935 -6024.488 -24001.18)
(-4.159568 -4616.741 -25342.02)
(-3.879899 -2748.83 -17903.63)
(-31.04287 -10927.66 -56613.88)
(-31.1004 -6375.354 -31765.66)
(-31.04236 -3534.511 -32892.47)
(-30.63018 -1881.092 -33273.27)
(-30.2569 -910.3357 -33383.42)
(-29.8856 -280.3239 -33392.33)
(-29.30738 241.9065 -33347.04)
(-28.59256 848.5974 -33226.08)
(-27.67766 1745.743 -32919.49)
(-26.54128 3165.703 -32130.61)
(-23.17832 6174.644 -28237.45)
(-18.5911 4541.733 -22955.86)
(-14.10225 2631.998 -20012.48)
(-9.18867 1304.139 -18565.75)
(-3.38479 389.2866 -17957.43)
(-1.510035 -6091.731 -4627.546)
(-3.163646 -6088.057 -11045.46)
(-3.99976 -6080.944 -13882.49)
(-4.892049 -6072.414 -15689.33)
(-5.173857 -6061.735 -15903.8)
(-7.109834 -8296.708 -19535.03)
(-7.478182 -8279.177 -18134.57)
(-8.048855 -8259.957 -18381.16)
(-8.613357 -8236.883 -18627.27)
(-8.675079 -8208.76 -27505.98)
(-4.237323 -3966.448 -19168.69)
(-4.193734 -3551.518 -20752.64)
(-4.06079 -2977.107 -21760.25)
(-3.816437 -2246.273 -22565.95)
(-3.535749 -1386.5 -15784.42)
(-28.71827 -6545.272 -49943.23)
(-28.90173 -4223.421 -29027.45)
(-28.86343 -2514.026 -31039.73)
(-28.71038 -1401.122 -32119.47)
(-28.21686 -698.1603 -32656.8)
(-27.71527 -222.6483 -32868.43)
(-27.182 171.5442 -32846.73)
(-26.44551 605.3373 -32594.65)
(-25.57526 1183.84 -32030.82)
(-24.54604 1969.191 -30989.46)
(-21.65578 3309.62 -27871.13)
(-17.37348 2661.528 -23578.24)
(-13.08403 1620.456 -20662.97)
(-8.45054 820.8288 -19050.97)
(-3.089282 247.0309 -18341.14)
(-1.498496 -1880.368 -10996.69)
(-3.02467 -1878.878 -13795.37)
(-3.806644 -1875.538 -15568.35)
(-4.762806 -1872.038 -15758.28)
(-6.892241 -2562.406 -19318.1)
(-6.859757 -2556.687 -17884.73)
(-7.285223 -2549.924 -18084.18)
(-7.884235 -2542.833 -18280.81)
(-8.307501 -2534.427 -26922.03)
(-4.057195 -1221.591 -18637.97)
(-3.825369 -1087.522 -19976.84)
(-3.737367 -906.8659 -20766.3)
(-3.582624 -685.2285 -21394.1)
(-3.335191 -433.0936 -14915.48)
(-26.7581 -2167.974 -47204.21)
(-27.04649 -1458.04 -27774.52)
(-27.03278 -896.9312 -30112.84)
(-26.83275 -511.4875 -31502.66)
(-26.51689 -258.7986 -32252.3)
(-25.89408 -84.13917 -32572.77)
(-25.24232 60.71916 -32572.46)
(-24.54488 215.8369 -32270.2)
(-23.66604 412.3156 -31614.8)
(-22.67663 660.3986 -30513.35)
(-20.02507 1047.112 -27728.75)
(-16.04568 875.1073 -23856.1)
(-12.04748 546.0451 -20987.09)
(-7.739455 279.8657 -19308.91)
(-2.811449 84.61104 -18552.67)
(-9.332071 1866.329 -4576.931)
(-10.24989 1864.118 -10911.44)
(-10.80018 1860.968 -13689.31)
(-11.28313 1857.266 -15444.33)
(-12.08555 1852.66 -15629.95)
(-18.1673 2533.842 -19154.88)
(-19.72059 2527.02 -17722.84)
(-21.05234 2518.451 -17908.9)
(-23.06929 2508.427 -18093.23)
(-25.25165 2497.941 -26624.46)
(-13.34098 1203.113 -18415.77)
(-13.62858 1069.994 -19716.2)
(-13.7686 891.3334 -20471.17)
(-13.9482 672.5434 -21063.11)
(-13.98415 424.5048 -14663.41)
(-120.7258 2121.659 -46322.5)
(-129.338 1423.986 -27188.67)
(-136.6645 873.8197 -29404.66)
(-140.2973 496.8252 -30676.22)
(-134.7943 250.4477 -31310.34)
(-115.1981 80.93571 -31526.32)
(-90.6858 -58.75893 -31451.84)
(-36.92515 -208.432 -31087.44)
(-9.072636 6046.591 -4595.824)
(-9.538782 6040.742 -10969.98)
(-10.54677 6032.286 -13786.31)
(-11.09548 6020.681 -15578.39)
(-11.57535 6006.921 -15788.93)
(-17.02929 8217.357 -19388.39)
(-18.60916 8195.154 -17989.46)
(-20.19277 8170.562 -18224.36)
(-21.6478 8141.363 -18457.49)
(-23.65588 8107.657 -27239.65)
(-12.52443 3914.664 -18966.47)
(-12.69871 3502.332 -20514.76)
(-12.79068 2933.036 -21488.57)
(-12.73671 2210.663 -22259.91)
(-12.63187 1362.84 -15551.1)
(-108.2362 6425.028 -49130.59)
(-115.5194 4138.578 -28498.56)
(-122.2803 2458.577 -30411.52)
(-127.8213 1366.875 -31397.03)
(-129.8123 678.9588 -31838.6)
(-123.3766 215.3294 -31951.8)
(-104.4745 -167.029 -31840.02)
(-80.63264 -585.7426 -31525.9)
(-32.08439 -1143.787 -30917.35)
(-9.179072 11582.93 -4630.845)
(-9.583317 11573.29 -11077.3)
(-10.09915 11559.68 -13971.14)
(-11.12863 11541.57 -15841.12)
(-11.74952 11519.99 -16100.75)
(-16.84906 15765.48 -19848.99)
(-18.08892 15729.93 -18515.83)
(-19.67483 15689.98 -18851.64)
(-21.32868 15645.15 -19185.09)
(-22.97545 15592.95 -28467.45)
(-12.12427 7583.862 -20087.1)
(-12.25831 6931.741 -22198.19)
(-12.22433 5949.129 -23739.89)
(-12.04705 4555.038 -25041.28)
(-11.66134 2709.169 -17672.52)
(-98.17587 10757.15 -55815.06)
(-103.8791 6266.895 -31268.77)
(-109.3602 3468.479 -32324.95)
(-114.4798 1842.237 -32638.04)
(-118.4451 889.2871 -32674.97)
(-118.989 272.6354 -32602.54)
(-111.7711 -236.2705 -32469.24)
(-93.56596 -824.6427 -32265.48)
(-70.55793 -1692.102 -31902.43)
(-27.28589 -3063.898 -31084.13)
(-9.542183 19134.75 -4669.952)
(-10.12609 19121.82 -11202.85)
(-10.46613 19107.76 -14190.48)
(-11.09415 19090.96 -16156.78)
(-12.20169 19070.7 -16481.07)
(-17.71617 26124.64 -20412.05)
(-18.67192 26092.42 -19160.15)
(-19.89582 26056.24 -19622.57)
(-21.49405 26017.67 -20084.72)
(-23.38752 25974.32 -29994.27)
(-12.23439 12867.8 -21539.71)
(-12.33107 12447.59 -24609.22)
(-12.21962 11566.5 -27452.21)
(-11.82364 9762.711 -30401.51)
(-11.12283 6189.926 -22229.3)
(-90.31249 14144.51 -70647.25)
(-93.99227 6721.801 -35889.23)
(-98.03652 3317.58 -34969.87)
(-102.1498 1650.979 -34139.39)
(-105.9638 767.8854 -33600.64)
(-108.5773 225.9659 -33297.3)
(-107.8182 -222.1543 -33172.4)
(-99.8666 -780.3862 -33204.16)
(-82.23168 -1734.001 -33362.69)
(-60.02364 -3663.115 -33363.99)
(-19.86944 -10129 -28127.3)
(-10.35385 27630.98 -4652.981)
(-10.84266 27624.5 -11167.61)
(-11.51677 27623.48 -14152.04)
(-11.94487 27629 -16114.11)
(-12.71356 27638.5 -16442.16)
(-19.11477 37920.23 -20360.54)
(-20.2352 37937.36 -19103.71)
(-21.33767 37963.39 -19560.57)
(-22.72786 37996.04 -20020.47)
(-24.52511 38037.25 -29905.6)
(-13.00294 19454.52 -21618.37)
(-13.09605 20861.56 -25428.74)
(-13.03156 22987.02 -30444)
(-12.58152 26098.32 -38504.13)
(-11.3678 30645.36 -33056.42)
(-84.0792 7695.323 -116868)
(-85.37869 3170.697 -42198.03)
(-87.94357 1433.887 -37523.62)
(-91.09418 678.7138 -35338.56)
(-94.27723 307.0077 -34274.58)
(-97.02069 87.72813 -33793.09)
(-98.39478 -94.02077 -33702)
(-96.34762 -333.7177 -34019.92)
(-87.51189 -789.0922 -35021.5)
(-69.93252 -1866.384 -37551.38)
(-41.7515 -17436.94 -29840.52)
(-12.97894 -7965.801 -18912.92)
(-11.65325 31605.4 -4464.446)
(-12.09748 31600.8 -10620.72)
(-12.62118 31606.26 -13267.67)
(-13.36711 31622.34 -14890.1)
(-14.0301 31647.95 -14991.99)
(-20.48136 43439.15 -18213.89)
(-22.21402 43480.19 -16627.05)
(-23.53183 43535.56 -16586.02)
(-24.95015 43603.98 -16543.28)
(-26.67569 43685.22 -23987.31)
(-14.10665 22532.88 -15931.98)
(-14.76736 24765.3 -15700.2)
(-15.34589 28211.67 -14265.72)
(-16.11514 33409.93 -11131.57)
(-17.18334 41279.46 -4494.046)
(-43.22974 -18811.58 -6845.586)
(-27.89542 -8295.641 -14457.75)
(-8.350699 -4046.597 -15436.33)
(-12.58844 28532.18 -4344.44)
(-13.24493 28525.47 -10279.76)
(-13.81862 28523.02 -12724.53)
(-14.39877 28524.98 -14145.72)
(-15.22185 28532.53 -14116.72)
(-22.00152 39141.18 -16923.81)
(-23.45381 39152.5 -15142.71)
(-25.31726 39170.45 -14811.32)
(-26.85326 39195.46 -14478.09)
(-28.54111 39225.92 -20497.24)
(-15.04662 19965.22 -12775.34)
(-15.82278 21035.24 -11136.33)
(-16.82052 22409.96 -8712.12)
(-17.90805 23904.16 -5677.064)
(-19.33529 25095.19 -1994.88)
(-41.06741 -12945.55 -4994.366)
(-31.83705 -7071.386 -11645.39)
(-18.75972 -3623.224 -13959.98)
(-4.726884 -1703.487 -14875.03)
(-13.24256 21678.23 -4289.536)
(-13.82661 21670.83 -10130.86)
(-14.52901 21665.67 -12498.08)
(-15.22443 21661.67 -13841.64)
(-15.86398 21658.51 -13763.49)
(-22.95069 29699.54 -16405.93)
(-24.25539 29695.8 -14546.62)
(-25.8758 29693.44 -14099.33)
(-27.86487 29693.22 -13650.96)
(-29.55412 29695 -19102.93)
(-15.53956 14978.12 -11552.05)
(-16.29434 15367.76 -9508.685)
(-17.29313 15820.66 -6998.502)
(-18.56384 16238.74 -4302.254)
(-19.99529 16497.61 -1453.698)
(-36.62823 -8505.747 -3957.693)
(-32.09531 -5241.709 -9901.026)
(-22.34264 -2820.362 -12837.22)
(-10.92733 -1347.623 -14198.56)
(-1.519555 -396.1378 -14733.23)
(-13.65235 13334.21 -4266.156)
(-14.05384 13330.15 -10071.71)
(-14.67639 13325.68 -12414.68)
(-15.40035 13322.1 -13734.57)
(-16.17978 13318.21 -13642.55)
(-23.13751 18258.88 -16229.38)
(-24.38319 18253.27 -14342.99)
(-25.81048 18247.73 -13855.74)
(-27.53345 18242.42 -13368.05)
(-29.60143 18237.61 -18625.9)
(-15.52391 9159.893 -11138.24)
(-16.23951 9284.924 -8977.56)
(-17.14376 9423.341 -6472.33)
(-18.31603 9541.958 -3910.67)
(-19.78061 9607.405 -1307.951)
(-31.8789 -4847.905 -3399.3)
(-30.00727 -3192.771 -8891.702)
(-23.26557 -1778.856 -12105.29)
(-13.36707 -861.7058 -13738.81)
(-3.580942 -254.3092 -14397.86)
(-13.52505 4485.199 -4258.078)
(-14.05068 4483.243 -10052.05)
(-14.4111 4482.237 -12389.92)
(-15.06345 4480.445 -13704.55)
(-15.8243 4479.364 -13609.74)
(-22.86595 6140.698 -16181.63)
(-23.82407 6138.499 -14286.06)
(-25.10754 6136.044 -13787.29)
(-26.58824 6133.682 -13287.9)
(-28.34076 6131.371 -18490.43)
(-15.05776 3074.676 -11019.76)
(-15.6976 3102.85 -8825.782)
(-16.51085 3133.421 -6325.01)
(-17.53065 3158.806 -3803.577)
(-18.83377 3171.938 -1268.859)
(-27.86111 -1578.503 -3156.843)
(-27.13236 -1071.092 -8437.621)
(-22.40444 -607.5196 -11761.1)
(-14.21293 -296.5764 -13525.7)
(-4.460031 -87.72576 -14247.84)
(-12.86248 -4487.179 -4260.201)
(-13.51389 -4486.011 -10057.95)
(-14.0036 -4484.348 -12396.31)
(-14.40712 -4482.845 -13711.65)
(-15.05538 -4481.587 -13616.06)
(-21.65702 -6144.331 -16190.24)
(-22.80884 -6142.08 -14294.35)
(-23.79745 -6139.738 -13795.32)
(-25.10655 -6138.145 -13296.15)
(-26.56534 -6136.147 -18502.32)
(-13.99634 -3077.37 -11027.6)
(-14.75585 -3105.561 -8832.46)
(-15.45345 -3136.155 -6330.073)
(-16.3342 -3161.606 -3806.88)
(-17.44371 -3175.016 -1270.027)
(-24.83757 1582.708 -3164.896)
(-24.45174 1074.25 -8461.795)
(-20.76208 609.4933 -11798.35)
(-13.94424 297.6196 -13571.18)
(-4.812607 88.03498 -14294.97)
(-11.71074 -13352.76 -4272.634)
(-12.47373 -13348.37 -10086.75)
(-13.1031 -13345.05 -12433.23)
(-13.56089 -13341.71 -13755.15)
(-13.93259 -13338.61 -13663.19)
(-20.00817 -18288.5 -16255.23)
(-20.99779 -18284.54 -14366.7)
(-22.0841 -18280.76 -13879.96)
(-23.05992 -18277.38 -13392.76)
(-24.32901 -18274.75 -18662.61)
(-12.73024 -9179.714 -11161.65)
(-13.30249 -9306.532 -8997.672)
(-14.06059 -9446.635 -6487.914)
(-14.78602 -9566.998 -3920.691)
(-15.71248 -9634.373 -1311.567)
(-22.76903 4885.271 -3425.457)
(-22.31402 3220.473 -8968.295)
(-19.04766 1795.932 -12219.53)
(-13.10959 870.4678 -13874.54)
(-4.78159 256.8563 -14535.95)
(-10.45179 -21725.7 -4300.034)
(-10.94707 -21720.34 -10155.92)
(-11.69941 -21716.31 -12528.44)
(-12.31935 -21714.86 -13875.69)
(-12.70351 -21714.75 -13798.13)
(-17.89013 -29779.38 -16448.5)
(-18.77307 -29779.99 -14586.49)
(-19.71415 -29782.69 -14139.89)
(-20.71514 -29788.21 -13692.88)
(-21.60924 -29795.3 -19165.25)
(-11.26666 -15031.74 -11591.98)
(-11.69115 -15426.42 -9543.685)
(-12.23939 -15885.19 -7026.008)
(-12.96503 -16309.51 -4320.42)
(-13.68566 -16574.48 -1460.305)
(-21.55751 8615.831 -4008.848)
(-20.76081 5317.389 -10042.9)
(-17.54951 2864.542 -13034.95)
(-12.13059 1369.418 -14421.85)
(-4.536438 402.3814 -14952.38)
(-9.209717 -28618.59 -4358.983)
(-9.45058 -28615.16 -10314)
(-9.862702 -28616.72 -12767.12)
(-10.5899 -28622.94 -14193.19)
(-11.19568 -28635.21 -14165)
(-15.74574 -39289.41 -16983.83)
(-16.16903 -39308.35 -15199.56)
(-17.00723 -39335.86 -14869.9)
(-17.85972 -39369.92 -14538.8)
(-18.76109 -39412.06 -20588.48)
(-9.61569 -20065.65 -12835.86)
(-9.90303 -21147.32 -11192.54)
(-10.28107 -22537.07 -8759.179)
(-10.76095 -24049.11 -5710.047)
(-11.41543 -25258.78 -2007.362)
(-21.12012 13182.04 -5085.315)
(-19.71725 7212.719 -11876.17)
(-16.32368 3699.545 -14249.1)
(-11.19624 1739.795 -15179.77)
(-4.216892 508.9601 -15510.14)
(-7.758522 -31726.57 -4483.253)
(-8.094749 -31728.65 -10665.52)
(-8.225491 -31740.12 -13322.19)
(-8.549391 -31762.24 -14952.94)
(-9.240207 -31793.79 -15056.55)
(-13.50198 -43651.68 -18295.35)
(-13.75435 -43705.27 -16704.76)
(-14.0614 -43772.09 -16669.03)
(-14.81354 -43854.73 -16630.2)
(-15.58474 -43952.1 -24122.17)
(-8.036073 -22679.2 -16026.88)
(-8.006752 -24935.3 -15800.41)
(-8.139244 -28417.15 -14364.19)
(-8.342666 -33669.48 -11214.27)
(-8.656846 -41623.41 -4530.203)
(-21.439 19252.77 -7005.462)
(-19.04067 8502.533 -14815.31)
(-15.32488 4150.639 -15823.42)
(-10.35968 1930.535 -16085.43)
(-3.890999 563.6925 -16158.51)
(-5.705789 -27763.66 -4676.139)
(-6.59348 -27761.58 -11222.79)
(-6.930387 -27767.32 -14221.45)
(-6.992246 -27778.61 -16193.8)
(-7.227072 -27797.73 -16525.35)
(-10.77817 -38149.37 -20469.57)
(-11.64648 -38179.04 -19212.28)
(-11.73629 -38219.04 -19676.99)
(-11.8865 -38267.66 -20148.44)
(-12.5697 -38325.8 -30107.76)
(-6.450014 -19610.88 -21775.58)
(-6.325277 -21039.16 -25628.38)
(-5.977161 -23194.28 -30702.52)
(-5.58721 -26349.26 -38860.26)
(-4.89834 -30960.85 -33388.64)
(-34.92283 -7782.835 -118144.7)
(-34.17166 -3210.086 -42693.32)
(-33.46637 -1453.456 -38002.22)
(-33.04332 -688.9194 -35833.23)
(-32.74256 -312.1489 -34804.21)
(-32.28494 -89.45513 -34373.27)
(-31.72774 95.70076 -34347.93)
(-30.95618 340.8038 -34749.97)
(-29.85971 807.9103 -35860.34)
(-28.15896 1915.366 -38539.63)
(-22.57987 17926.55 -30677.84)
(-18.52787 8198.85 -19460.54)
(-14.45781 4071.462 -17585.62)
(-9.614567 1909.604 -17036.95)
(-3.583411 559.6029 -16832.67)
(-4.054975 -19243.48 -4696.436)
(-4.928193 -19236.21 -11266.75)
(-5.719751 -19226.56 -14271.17)
(-6.001455 -19215.69 -16248.14)
(-6.085403 -19202.21 -16578.17)
(-8.67631 -26315.57 -20538.02)
(-9.345776 -26294.95 -19286.74)
(-10.14171 -26269.89 -19760.12)
(-10.25201 -26243.08 -20232.66)
(-10.32736 -26213.24 -30231.07)
(-5.282278 -12993.79 -21722.93)
(-5.182745 -12576.57 -24836.62)
(-4.927987 -11694.01 -27726.88)
(-4.509227 -9877.555 -30731.96)
(-4.088353 -6268.195 -22492.14)
(-31.86051 -14339.6 -71557.14)
(-31.58723 -6823.218 -36393.9)
(-31.31435 -3372.472 -35508.4)
(-30.78037 -1681.2 -34718.34)
(-30.33613 -783.5642 -34232.35)
(-29.91279 -231.4152 -33994.29)
(-29.28661 226.9055 -33948.45)
(-28.50611 800.4062 -34070.64)
(-27.47524 1783.396 -34320.37)
(-26.11776 3775.329 -34388.53)
(-22.19768 10454.6 -29032.87)
(-17.83165 6495.713 -21781.91)
(-13.62838 3501.529 -19018.59)
(-8.930776 1686.389 -17901.49)
(-3.299112 498.492 -17462.78)
(-1.675234 -11661.9 -4660.409)
(-3.495768 -11655.13 -11148.26)
(-4.311545 -11644.13 -14061.28)
(-5.182286 -11630.25 -15944.37)
(-5.493654 -11613.49 -16209.4)
(-7.585158 -15901.72 -19987.36)
(-7.889078 -15874.62 -18652.89)
(-8.448046 -15843.62 -19000.58)
(-9.164699 -15806.49 -19347.85)
(-9.273371 -15764.09 -28722.94)
(-4.511423 -7672.483 -20282.9)
(-4.433734 -7017.623 -22433.15)
(-4.281013 -6027.852 -24013.12)
(-3.999984 -4619.458 -25354.04)
(-3.644501 -2750.362 -17912.88)
(-29.22419 -10934.22 -56645.72)
(-29.24823 -6379.5 -31784.59)
(-29.08273 -3536.994 -32913.55)
(-28.83687 -1882.443 -33296.15)
(-28.28406 -911.0696 -33407.45)
(-27.7404 -280.5899 -33418.57)
(-27.16602 242.0931 -33375.18)
(-26.37806 849.36 -33256.47)
(-25.42839 1747.476 -32952.24)
(-24.27354 3169.145 -32165.54)
(-21.13934 6182.021 -28271.19)
(-16.92548 4547.697 -22986.04)
(-12.78773 2635.8 -20041.49)
(-8.285874 1306.225 -18595.58)
(-3.034373 389.98 -17989.61)
(-1.505974 -6089.767 -11047.76)
(-3.154139 -6083.828 -13884.83)
(-3.985806 -6074.465 -15694.01)
(-4.871913 -6063.668 -15908.8)
(-7.069208 -8300.189 -19541.18)
(-7.088285 -8282.729 -18139.72)
(-7.45462 -8262.221 -18387.79)
(-8.022606 -8239.989 -18633.78)
(-8.584093 -8213.909 -27517.82)
(-4.186885 -3968.202 -19175.09)
(-3.93145 -3553.409 -20761.29)
(-3.832105 -2978.529 -21769.64)
(-3.655875 -2247.571 -22576.8)
(-3.385713 -1387.321 -15791.66)
(-27.00346 -6548.907 -49969)
(-27.21489 -4225.953 -29043.83)
(-27.14528 -2515.668 -31058.19)
(-26.90232 -1402.11 -32140.02)
(-26.554 -698.6643 -32679.23)
(-25.90765 -222.841 -32892.14)
(-25.2345 171.6595 -32872.53)
(-24.51033 605.8422 -32622.18)
(-23.59376 1184.919 -32060.14)
(-22.5506 1971.15 -31020.31)
(-19.80695 3313.222 -27901.47)
(-15.84597 2664.709 -23606.46)
(-11.91059 1622.584 -20690.18)
(-7.662308 822.0148 -19078.61)
(-2.785709 247.4261 -18370.63)
(-1.491161 -1878.975 -13799.21)
(-3.013827 -1876.715 -15569.84)
(-3.79374 -1872.654 -15762.96)
(-6.505602 -2563.066 -19324.56)
(-6.869496 -2557.792 -17890.21)
(-6.839076 -2551.097 -18089.05)
(-7.261243 -2543.362 -18287.9)
(-7.856642 -2535.284 -26931.82)
(-4.007353 -1222.441 -18645.32)
(-3.763403 -1087.959 -19983.88)
(-3.515341 -907.3642 -20774.78)
(-3.383174 -685.5644 -21403.27)
(-3.19083 -433.3386 -14922.57)
(-25.58633 -2169.229 -47225.77)
(-25.44847 -1458.85 -27789.04)
(-25.45497 -897.4693 -30129.86)
(-25.23315 -511.8223 -31521.45)
(-24.85234 -258.9831 -32272.96)
(-24.35899 -84.20217 -32595.14)
(-23.59458 60.75712 -32596.01)
(-22.78944 216.0027 -32295.55)
(-21.93187 412.6634 -31641.53)
(-20.91907 661.0026 -30541.3)
(-18.39653 1048.155 -27756.4)
(-14.67695 876.0598 -23882.11)
(-10.98867 546.6977 -21012.24)
(-7.044854 280.2334 -19334.36)
(-2.549118 84.73332 -18579.62)
(-8.871812 1867.068 -4579.871)
(-9.307641 1865.672 -10918.63)
(-10.21606 1862.735 -13698.65)
(-10.76094 1858.858 -15454.46)
(-11.24021 1854.422 -15640.48)
(-16.51702 2536.552 -19168.78)
(-18.11054 2529.308 -17738.47)
(-19.65765 2521.513 -17924.78)
(-20.98687 2511.987 -18110.11)
(-22.99447 2501.014 -26654.34)
(-12.18478 1205.006 -18437.42)
(-12.36613 1071.685 -19742.71)
(-12.49468 892.8896 -20501.31)
(-12.48238 673.9093 -21097.22)
(-12.45676 425.4084 -14690.91)
(-107.2664 2126.851 -46419.76)
(-114.7886 1427.829 -27255.81)
(-121.771 876.5481 -29487.72)
(-127.4857 498.6214 -30775.62)
(-129.6155 251.4935 -31423.46)
(-123.3017 81.30393 -31642.1)
(-104.5244 -59.09946 -31549.68)
(-80.73002 -208.6805 -31185.76)
(-32.17182 -398.0218 -30487.9)
(-8.694195 6050.013 -4599.107)
(-9.049601 6044.67 -10975.59)
(-9.50876 6036.587 -13795.51)
(-10.50659 6025.877 -15589.21)
(-11.05199 6012.06 -15799.03)
(-15.82031 8225.189 -19401.43)
(-16.97825 8203.553 -18003.04)
(-18.55043 8178.418 -18240.15)
(-20.12761 8150.872 -18474.29)
(-21.57801 8118.73 -27266.08)
(-11.41607 3919.685 -18987.74)
(-11.58964 3507.489 -20539.72)
(-11.61179 2937.621 -21517.91)
(-11.53661 2214.551 -22293.18)
(-11.31389 1365.522 -15576.8)
(-96.43793 6438.623 -49224.17)
(-102.6507 4148.589 -28560.71)
(-108.5518 2465.203 -30487.51)
(-113.9736 1371.146 -31486.39)
(-118.1533 681.4444 -31941.91)
(-118.8723 216.3391 -32066.57)
(-111.8294 -167.4842 -31955.58)
(-93.82284 -587.7644 -31623.59)
(-70.96295 -1146.343 -31010.33)
(-27.60217 -1903.887 -29947.45)
(-8.618066 11590.57 -4633.388)
(-9.157088 11580.21 -11084.03)
(-9.552911 11567.22 -13979.2)
(-10.06473 11550.22 -15850.21)
(-11.08573 11528.74 -16112.24)
(-16.05698 15779.61 -19861.42)
(-16.8004 15744.83 -18528.76)
(-18.03297 15704.83 -18866.66)
(-19.61107 15660.38 -19201.97)
(-21.25901 15611.01 -28493.72)
(-11.0844 7593.311 -20107.78)
(-11.19674 6940.847 -22223.6)
(-11.15569 5957.61 -23769.53)
(-10.93076 4562.101 -25076.18)
(-10.54597 2713.848 -17699.63)
(-87.98109 10777.73 -55910.33)
(-92.56751 6280.112 -31330.02)
(-97.18725 3476.817 -32396.5)
(-101.6539 1847.204 -32720.16)
(-105.6934 892.0913 -32768.37)
(-108.4753 273.7263 -32708.29)
(-107.8887 -236.9091 -32585.12)
(-100.1679 -827.4233 -32381.3)
(-82.85624 -1697.445 -32000.93)
(-61.03893 -3071.639 -31173.24)
(-20.86507 -5982.591 -27356.67)
(-9.067736 19144.95 -4672.928)
(-9.518712 19134.06 -11209.44)
(-10.0945 19119.42 -14199.37)
(-10.43308 19103.57 -16164.22)
(-11.05619 19084.94 -16491.85)
(-16.67733 26144.8 -20425.23)
(-17.66374 26114.55 -19174.22)
(-18.61442 26080.02 -19637.29)
(-19.83455 26041.44 -20100.66)
(-21.42674 26000.35 -30020.23)
(-11.29372 12882.39 -21560.66)
(-11.28953 12462.28 -24635.26)
(-11.16467 11581.37 -27484.79)
(-10.78923 9776.348 -30440.64)
(-10.0897 6199.336 -22261.09)
(-81.61268 14168.52 -70758.97)
(-84.24364 6734.545 -35952.29)
(-87.37079 3324.568 -35039.04)
(-90.78869 1654.944 -34215.43)
(-94.11991 769.9695 -33685.46)
(-96.96604 226.7296 -33392.64)
(-98.44559 -222.7692 -33279.8)
(-96.56496 -783.0147 -33321.86)
(-88.05644 -1739.993 -33481.22)
(-71.15546 -3674.429 -33466.64)
(-45.39064 -10155.82 -28203.43)
(-13.92321 -6302.094 -21137.45)
(-10.00141 27646.58 -4655.723)
(-10.333 27639.43 -11173.27)
(-10.81368 27639.86 -14160.62)
(-11.48106 27645.7 -16123.29)
(-11.90861 27658.12 -16450.41)
(-17.38541 37947.05 -20373.87)
(-19.062 37966.37 -19117.86)
(-20.17844 37993.59 -19574.83)
(-21.27814 38029.73 -20036)
(-22.66428 38072.56 -29929.43)
(-11.89202 19474.14 -21638.04)
(-12.09815 20884.22 -25454.57)
(-11.94867 23013.59 -30477.01)
(-11.49028 26131.02 -38550.91)
(-10.36956 30687.01 -33100.28)
(-76.26709 7707.006 -117039.2)
(-77.13658 3176.073 -42265.55)
(-78.82438 1436.604 -37589.87)
(-81.19099 680.1458 -35408.62)
(-83.80063 307.7506 -34351.08)
(-86.20418 87.97898 -33878.51)
(-87.94522 -94.26586 -33798.54)
(-88.10769 -334.7673 -34129.79)
(-84.76212 -791.8166 -35144.79)
(-74.92305 -1872.874 -37683.52)
(-50.51517 -17490.52 -29931.78)
(-30.36578 -7986.593 -18959.43)
(-8.880353 -3962.36 -17123.54)
(-11.06106 31620.89 -4467.067)
(-11.63211 31617.95 -10626.77)
(-12.07053 31624.23 -13274.7)
(-12.59032 31640.55 -14898.41)
(-13.33193 31667.51 -15000.59)
(-19.19437 43469.46 -18225.12)
(-20.43954 43511 -16637.73)
(-22.16867 43567.79 -16598)
(-23.48434 43638.99 -16555.07)
(-24.89972 43723.37 -24006.76)
(-13.05366 22553.88 -15945.28)
(-13.53852 24790.02 -15714.74)
(-14.16892 28241.68 -14280.42)
(-14.78406 33448.35 -11143.69)
(-15.70026 41330.98 -4499.501)
(-46.43413 -18877.2 -6869.057)
(-34.4233 -8321.109 -14500.98)
(-19.86908 -4056.923 -15470.76)
(-4.9582 -1886.008 -15726.2)
(-12.02903 28546.12 -4346.817)
(-12.56888 28539.38 -10285.44)
(-13.21858 28538.34 -12731.71)
(-13.7889 28541.49 -14153.27)
(-14.3666 28549.08 -14124.62)
(-20.8331 39165.57 -16933.89)
(-21.96419 39179.11 -15152.16)
(-23.41475 39198.6 -14821.39)
(-25.27624 39224.7 -14488.52)
(-26.81065 39257.81 -20512.95)
(-14.03913 19982.63 -12785.73)
(-14.63611 21054.74 -11145.98)
(-15.45576 22432.32 -8720.465)
(-16.52666 23929.6 -5682.964)
(-17.73637 25124.45 -1997.097)
(-40.12477 -12990.56 -5011.463)
(-34.25986 -7095.939 -11684.78)
(-23.41873 -3634.334 -14001)
(-11.36297 -1707.758 -14906.39)
(-1.576604 -499.6254 -15238.71)
(-12.84034 21687.95 -4291.87)
(-13.22366 21681.55 -10136.26)
(-13.80188 21676.28 -12504.71)
(-14.5005 21673.17 -13849.17)
(-15.1927 21671.22 -13771.22)
(-21.71609 29716.86 -16415.12)
(-22.91618 29714.32 -14555.46)
(-24.21964 29713.73 -14108.35)
(-25.83843 29714.5 -13660.6)
(-27.82608 29717.37 -19117.04)
(-14.57075 14990.24 -11561)
(-15.19277 15381.25 -9516.7)
(-16.00578 15835.34 -7004.764)
(-17.07963 16255.02 -4306.473)
(-18.44519 16515.23 -1455.239)
(-33.8614 -8533.016 -3970.28)
(-31.42287 -5259.898 -9934.652)
(-24.07671 -2830.122 -12880.11)
(-13.73533 -1351.75 -14239.83)
(-3.673306 -397.1213 -14763.49)
(-13.08285 13340.99 -4268.378)
(-13.63398 13335.66 -10077.06)
(-14.0295 13332.26 -12421.17)
(-14.64889 13328.4 -13741.72)
(-15.37069 13325.44 -13649.67)
(-22.15067 18269.66 -16238.6)
(-23.10424 18263.91 -14351.19)
(-24.34995 18259.34 -13864.16)
(-25.77586 18254.85 -13376.91)
(-27.49745 18250.56 -18639.11)
(-14.60733 9166.807 -11146.57)
(-15.20988 9292.47 -8984.643)
(-15.98223 9431.6 -6477.972)
(-16.95848 9550.857 -3914.227)
(-18.21597 9617.08 -1309.263)
(-28.70959 -4861.76 -3409.035)
(-27.7795 -3202.997 -8919.911)
(-22.80876 -1785.021 -12146.14)
(-14.41762 -864.6797 -13784.39)
(-4.517004 -255.0872 -14439.49)
(-12.85423 4487.315 -4260.021)
(-13.50691 4485.61 -10057.9)
(-14.02689 4483.802 -12395.56)
(-14.38645 4482.915 -13711.14)
(-15.03605 4481.257 -13616.32)
(-21.66556 6144.226 -16190.39)
(-22.83297 6141.877 -14294.52)
(-23.79189 6139.914 -13794.95)
(-25.07533 6137.704 -13296.31)
(-26.55487 6135.581 -18502.4)
(-13.99147 3076.836 -11027.6)
(-14.76143 3105.144 -8832.489)
(-15.45985 3135.945 -6330.121)
(-16.33975 3161.532 -3806.924)
(-17.43973 3174.976 -1270.016)
(-24.83601 -1582.478 -3164.891)
(-24.44824 -1074.125 -8461.787)
(-20.76045 -609.4605 -11798.34)
(-13.94433 -297.6064 -13571.18)
(-4.812637 -88.0275 -14294.97)
(-12.10347 -4489.233 -4262.326)
(-12.84556 -4487.596 -10062.7)
(-13.49159 -4486.566 -12402.42)
(-13.97853 -4485.045 -13717.95)
(-14.37912 -4483.655 -13623.22)
(-20.61215 -6147.283 -16197.84)
(-21.62751 -6145.499 -14302.13)
(-22.77808 -6143.497 -13802.94)
(-23.76638 -6141.401 -13304.04)
(-25.07477 -6140.035 -18513.89)
(-13.11561 -3079.229 -11034.69)
(-13.72254 -3107.835 -8838.759)
(-14.53177 -3138.647 -6334.909)
(-15.29363 -3164.249 -3809.97)
(-16.24933 -3177.781 -1271.118)
(-22.0977 1586.258 -3172.047)
(-21.79743 1077.013 -8483.376)
(-18.7149 611.2693 -11832.14)
(-12.92769 298.5758 -13614.11)
(-4.722936 88.33742 -14342.97)
(-11.13552 -13358.34 -4274.403)
(-11.69488 -13354.2 -10091.72)
(-12.45218 -13350.47 -12438.71)
(-13.0792 -13347.76 -13761.54)
(-13.53424 -13345.04 -13669.62)
(-19.07407 -18297.63 -16262.88)
(-19.97947 -18293.53 -14374.03)
(-20.96893 -18290.6 -13887.07)
(-22.05477 -18287.87 -13400.29)
(-23.02974 -18285.52 -18673.54)
(-12.00499 -9185.423 -11168.51)
(-12.47191 -9312.457 -9003.488)
(-13.09327 -9453.397 -6492.469)
(-13.90891 -9574.348 -3923.639)
(-14.70464 -9642.26 -1312.615)
(-20.31161 4895.007 -3432.33)
(-19.85082 3227.708 -8988.561)
(-16.98017 1800.521 -12250.71)
(-11.81923 872.9808 -13914.28)
(-4.433684 257.6796 -14581.91)
(-10.10632 -21733.74 -4301.937)
(-10.43696 -21729 -10159.99)
(-10.92753 -21725.77 -12533.93)
(-11.67637 -21723.79 -13881.62)
(-12.2943 -21724.4 -13804.25)
(-17.38971 -29793.99 -16455.93)
(-17.86313 -29794.18 -14593.2)
(-18.74542 -29797.94 -14146.98)
(-19.686 -29803.77 -13699.87)
(-20.68674 -29812.38 -19175.67)
(-10.6518 -15040.64 -11598.62)
(-11.01272 -15435.93 -9549.5)
(-11.48338 -15895.38 -7030.491)
(-12.08841 -16320.99 -4323.367)
(-12.88228 -16587.01 -1461.378)
(-19.32547 8631.16 -4016.016)
(-18.52008 5327.993 -10063.05)
(-15.61148 2870.981 -13064.42)
(-10.81378 1372.913 -14458.65)
(-4.089991 403.5408 -14995.21)
(-8.890128 -28627.95 -4360.62)
(-9.195529 -28625.78 -10318.33)
(-9.432152 -28628.03 -12771.69)
(-9.84194 -28635.21 -14198.95)
(-10.56576 -28647.06 -14170.84)
(-15.32301 -39306.43 -16991.1)
(-15.71985 -39327.4 -15205.86)
(-16.14221 -39354.56 -14876.99)
(-16.97909 -39390.24 -14545.78)
(-17.83132 -39432.46 -20598.94)
(-9.229044 -20076.9 -12842.53)
(-9.353983 -21159.63 -11198.64)
(-9.672473 -22550.85 -8764.384)
(-10.10066 -24064.45 -5713.615)
(-10.65759 -25276.24 -2008.693)
(-19.04631 13203.1 -5093.47)
(-17.67589 7225.555 -11897.4)
(-14.56191 3706.926 -14277.7)
(-9.959465 1743.707 -15214.11)
(-3.758862 510.2585 -15549.73)
(-6.748223 -31738.93 -4485.011)
(-7.744471 -31739.13 -10669.52)
(-8.075675 -31752.11 -13327.49)
(-8.205649 -31774.45 -14957.44)
(-8.527935 -31807.52 -15062.33)
(-12.64121 -43669.68 -18302.72)
(-13.47379 -43723.74 -16712.12)
(-13.72653 -43793.15 -16675.57)
(-14.03285 -43875.95 -16637.92)
(-14.78322 -43974.66 -24133.01)
(-7.625954 -22690.87 -16035)
(-7.704549 -24948.99 -15808.54)
(-7.685793 -28433.29 -14371.82)
(-7.842464 -33689.72 -11220.76)
(-8.126475 -41649.6 -4532.983)
(-19.44232 19280.55 -7015.599)
(-17.17082 8516.12 -14839.07)
(-13.73828 4158.028 -15851.74)
(-9.241619 1934.387 -16117.74)
(-3.460996 564.9605 -16195.07)
(-4.723337 -27771.26 -4677.52)
(-5.694047 -27772.06 -11226.37)
(-6.575528 -27776.92 -14226.67)
(-6.908055 -27789.55 -16199.68)
(-6.970446 -27807.8 -16529.97)
(-9.885395 -38165.46 -20476.07)
(-10.74975 -38195.64 -19220.48)
(-11.6115 -38235.47 -19686.3)
(-11.7036 -38285.66 -20155.53)
(-11.854 -38344.55 -30121.09)
(-6.091697 -19620.87 -21785.2)
(-6.000014 -21049.96 -25641.38)
(-5.761336 -23206.99 -30718.31)
(-5.269832 -26363.98 -38881.05)
(-4.605933 -30979.23 -33408.03)
(-32.82501 -7787.812 -118217.4)
(-32.01646 -3212.314 -42721.22)
(-31.52051 -1454.504 -38028.52)
(-30.88469 -689.4656 -35859.12)
(-30.38852 -312.422 -34831.64)
(-29.92996 -89.54185 -34402.29)
(-29.2712 95.77958 -34379.35)
(-28.44174 341.1396 -34784.53)
(-27.30713 808.7876 -35899.31)
(-25.68043 1917.653 -38585.65)
(-20.55876 17950.08 -30718.12)
(-16.80158 8210.688 -19488.71)
(-13.03757 4077.971 -17613.85)
(-8.619159 1913.005 -17067.47)
(-3.196664 560.72 -16866.49)
(-1.907686 -19249.11 -4697.992)
(-4.04286 -19242.74 -11270.14)
(-4.911795 -19233.73 -14275.8)
(-5.700621 -19222.26 -16253.04)
(-5.981097 -19209.56 -16583.06)
(-8.318893 -26324.98 -20544.5)
(-8.651835 -26305.28 -19293.08)
(-9.318516 -26282.3 -19767.41)
(-10.1086 -26254.83 -20241.93)
(-10.21839 -26225.47 -30242.1)
(-4.988788 -13000.15 -21732.33)
(-4.87912 -12582.84 -24847.3)
(-4.687975 -11700.13 -27740.93)
(-4.34181 -9883.109 -30747.29)
(-3.848123 -6271.699 -22503.97)
(-29.98366 -14348.2 -71597.98)
(-29.699 -6827.623 -36415.82)
(-29.34165 -3374.83 -35531.31)
(-28.9779 -1682.41 -34742.25)
(-28.35609 -784.1942 -34257.06)
(-27.76615 -231.6349 -34021.03)
(-27.14675 227.0827 -33977.12)
(-26.29827 801.1274 -34101.81)
(-25.24259 1785.168 -34354.53)
(-23.88639 3779.435 -34425.93)
(-20.24534 10467.09 -29067.57)
(-16.23367 6504.242 -21810.55)
(-12.35764 3506.586 -19046.16)
(-8.05324 1689.085 -17930.27)
(-2.957553 499.3801 -17494.08)
(-1.669519 -11659.08 -11151.49)
(-3.48422 -11648.93 -14063.62)
(-4.297933 -11634.56 -15948.87)
(-5.16159 -11617.27 -16214.83)
(-7.505198 -15907.61 -19994.19)
(-7.561394 -15880.8 -18658.54)
(-7.865069 -15849.18 -19006.96)
(-8.422535 -15813.61 -19354.25)
(-9.133472 -15771.9 -28736.28)
(-4.46878 -7676.141 -20289.96)
(-4.173655 -7021.118 -22442.77)
(-4.034527 -6030.76 -24023.48)
(-3.820228 -4621.994 -25366.62)
(-3.495325 -2751.954 -17921.43)
(-27.49792 -10940.32 -56675.17)
(-27.5351 -6383.326 -31802.61)
(-27.34791 -3539.294 -32933.24)
(-27.02318 -1883.767 -33317.52)
(-26.61704 -911.7281 -33430.42)
(-25.93006 -280.8327 -33442.7)
(-25.21994 242.2591 -33401.41)
(-24.44777 850.0697 -33284.57)
(-23.45821 1749.069 -32982.41)
(-22.30037 3172.299 -32197.58)
(-19.33488 6188.748 -28301.97)
(-15.43757 4553.131 -23013.55)
(-11.64072 2639.262 -20067.87)
(-7.512864 1308.112 -18622.58)
(-2.736178 390.6038 -18018.54)
(-1.500858 -6085.539 -13887.52)
(-3.143522 -6077.327 -15696.58)
(-3.97075 -6065.723 -15913.45)
(-6.656155 -8302.837 -19547.29)
(-7.046562 -8286.193 -18145.45)
(-7.066339 -8265.756 -18393.04)
(-7.430669 -8242.266 -18640.5)
(-7.995937 -8217.02 -27527.47)
(-4.136158 -3970.564 -19183.32)
(-3.87557 -3555.001 -20768.48)
(-3.603466 -2980.079 -21778.77)
(-3.453247 -2248.65 -22586.56)
(-3.236451 -1388.101 -15799.27)
(-25.82997 -6552.67 -49992.29)
(-25.61303 -4228.307 -29059.05)
(-25.55884 -2517.177 -31075.77)
(-25.2974 -1403.027 -32159.23)
(-24.88788 -699.1618 -32700.18)
(-24.3717 -223.0081 -32914.73)
(-23.58691 171.7681 -32896.3)
(-22.75746 606.3083 -32647.82)
(-21.86484 1185.918 -32087.25)
(-20.80275 1972.954 -31048.73)
(-18.1962 3316.522 -27929.29)
(-14.49442 2667.609 -23632.2)
(-10.86389 1624.524 -20714.97)
(-6.97459 823.0947 -19103.76)
(-2.525758 247.7836 -18397.32)
(-1.483135 -1876.835 -15573.97)
(-3.002212 -1873.808 -15764.49)
(-5.186483 -2563.912 -19330.25)
(-6.48324 -2558.457 -17896.18)
(-6.846475 -2552.197 -18094.61)
(-6.818024 -2544.527 -18292.87)
(-7.236989 -2535.82 -26942.2)
(-3.782302 -1222.879 -18652.1)
(-3.708171 -1088.643 -19991.98)
(-3.451654 -907.7471 -20782.16)
(-3.190959 -685.9292 -21412.09)
(-3.017758 -433.5498 -14928.98)
(-24.42875 -2170.411 -47248.36)
(-24.32397 -1459.685 -27802.41)
(-23.96955 -897.9699 -30145.72)
(-23.75867 -512.1301 -31539.31)
(-23.36801 -259.154 -32292.28)
(-22.8346 -84.26625 -32616.06)
(-22.18827 60.79582 -32618.39)
(-21.30033 216.1567 -32318.96)
(-20.36587 412.9859 -31666.4)
(-19.3842 661.5618 -30567.15)
(-16.96975 1049.115 -27781.86)
(-13.48298 876.9326 -23905.96)
(-10.05198 547.2929 -21035.19)
(-6.425889 280.5683 -19357.55)
(-2.320252 84.84465 -18604.11)
(-8.426276 1868.337 -4582.962)
(-8.847687 1866.43 -10925.26)
(-9.276786 1864.275 -13707.14)
(-10.17861 1860.612 -15464.6)
(-10.71912 1856.011 -15650.44)
(-15.3616 2538.964 -19181.56)
(-16.46775 2532.006 -17751.42)
(-18.05298 2523.802 -17940.58)
(-19.59385 2515.036 -18126.23)
(-20.92034 2504.556 -26679.38)
(-11.09884 1206.509 -18458.18)
(-11.29024 1073.32 -19766.28)
(-11.33776 894.2934 -20529.06)
(-11.31323 675.0867 -21128.45)
(-11.15499 426.2559 -14714.81)
(-95.574 2131.356 -46507.55)
(-102.0014 1431.294 -27314.9)
(-108.1029 878.9123 -29561.22)
(-113.6825 500.181 -30863.05)
(-117.9813 252.4151 -31525.3)
(-118.8016 81.68471 -31755.66)
(-111.8603 -59.25753 -31664.17)
(-93.96554 -209.4058 -31282.53)
(-71.17733 -398.8961 -30579.55)
(-27.75931 -637.8814 -29457.99)
(-7.971612 6054.119 -4601.664)
(-8.670838 6048.098 -10983.04)
(-9.020394 6040.509 -13802.11)
(-9.475611 6030.182 -15599.15)
(-10.46375 6017.225 -15809.72)
(-15.1026 8232.232 -19413.71)
(-15.77347 8211.366 -18015.22)
(-16.92623 8186.781 -18253.97)
(-18.4907 8158.712 -18490.34)
(-20.06139 8128.208 -27290.97)
(-10.41633 3924.918 -19006.38)
(-10.56882 3512.013 -20562.98)
(-10.59563 2941.902 -21544.28)
(-10.47045 2218.001 -22323.77)
(-10.2364 1367.903 -15600.17)
(-86.40996 6451.046 -49306.36)
(-91.4719 4157.355 -28616.23)
(-96.46913 2471.151 -30554.63)
(-101.2083 1374.848 -31565.42)
(-105.4409 683.596 -32033.05)
(-108.3758 217.2039 -32170.46)
(-107.9462 -167.9211 -32069.57)
(-100.422 -589.7384 -31737.13)
(-83.35125 -1149.981 -31106.18)
(-61.74881 -1908.621 -30033.39)
(-21.4334 -3202.959 -26969.58)
(-8.281586 11598.63 -4636.41)
(-8.595805 11587.84 -11089.81)
(-9.129023 11574.14 -13987.18)
(-9.519156 11557.76 -15858.96)
(-10.02779 11537.37 -16121.3)
(-15.14942 15791.61 -19875.37)
(-16.00808 15758.92 -18540.5)
(-16.75037 15719.68 -18879.92)
(-17.97581 15675.19 -19217.27)
(-19.5461 15626.21 -28518.83)
(-10.25591 7602.042 -20126.57)
(-10.23873 6949.364 -22246.59)
(-10.18802 5965.369 -23797.04)
(-9.972287 4568.57 -25107.7)
(-9.567718 2718.033 -17724.38)
(-79.51941 10796.18 -55996.67)
(-82.95885 6292.098 -31384.4)
(-86.61296 3484.153 -32460.26)
(-90.34825 1851.652 -32792.82)
(-93.88224 894.5154 -32850.97)
(-96.87953 274.6505 -32801.86)
(-98.5138 -237.5501 -32690.57)
(-96.85621 -830.1963 -32496.08)
(-88.71102 -1703.298 -32114.69)
(-72.3405 -3081.15 -31269.22)
(-47.55531 -5998.23 -27430.73)
(-14.61477 -4406.447 -22276.27)
(-8.725368 19155.47 -4675.061)
(-9.0473 19144.28 -11216.24)
(-9.488624 19131.64 -14207.2)
(-10.05921 19115.22 -16173.98)
(-10.39735 19097.55 -16499.3)
(-15.1148 26164.29 -20438.41)
(-16.6283 26134.69 -19186.73)
(-17.60984 26102.11 -19651.67)
(-18.55553 26065.19 -20115.77)
(-19.77161 26024.11 -30044.15)
(-10.34975 12895.27 -21579.63)
(-10.42431 12476.16 -24659.49)
(-10.22347 11594.94 -27514.1)
(-9.855649 9788.803 -30476.93)
(-9.202611 6207.927 -22289.87)
(-74.03207 14190.11 -70860.47)
(-76.11549 6746 -36009.27)
(-78.30832 3330.886 -35100.61)
(-80.91835 1658.439 -34283.14)
(-83.66091 771.8352 -33760.57)
(-86.15652 227.3776 -33477.02)
(-87.99216 -223.3445 -33375.1)
(-88.30724 -785.4721 -33429.47)
(-85.28736 -1745.992 -33599.14)
(-76.22218 -3687.195 -33584.53)
(-54.68894 -10187.04 -28289.68)
(-32.42681 -6318.452 -21189.99)
(-9.361493 -3402.29 -18488.31)
(-9.473709 27660.26 -4658.367)
(-9.979866 27655 -11179.53)
(-10.30617 27654.8 -14167.39)
(-10.78126 27662.08 -16132.67)
(-11.44255 27674.83 -16459.59)
(-16.28589 37973.89 -20384.06)
(-17.34163 37993.22 -19130.37)
(-19.0081 38022.61 -19589.26)
(-20.12043 38059.98 -20050.61)
(-21.21709 38106.29 -29952.7)
(-10.98891 19492.09 -21655.55)
(-11.07832 20905 -25477.96)
(-11.03412 23038.24 -30508.06)
(-10.53349 26160.92 -38593.16)
(-9.470352 30725.16 -33140.65)
(-69.53674 7717.673 -117194.8)
(-69.96918 3180.907 -42326.77)
(-71.2043 1439.047 -37649.69)
(-72.77113 681.4403 -35471.03)
(-74.69622 308.4049 -34419.19)
(-76.63307 88.20471 -33954.2)
(-78.16633 -94.49012 -33884.05)
(-78.81611 -335.7131 -34227.55)
(-77.63158 -794.3446 -35258.02)
(-72.69518 -1879.375 -37815.43)
(-54.19938 -17551.53 -30036.17)
(-37.27517 -8011.115 -19016.49)
(-21.03652 -3972.468 -17162.43)
(-5.199994 -1861.85 -16622.36)
(-10.56996 31636.55 -4469.47)
(-11.04096 31633.45 -10632.72)
(-11.60523 31641.39 -13281.83)
(-12.04084 31658.51 -14906)
(-12.55759 31685.74 -15008.75)
(-18.24008 43496.3 -18235.47)
(-19.15498 43541.31 -16647.93)
(-20.39786 43598.65 -16608.69)
(-22.12333 43671.31 -16567.03)
(-23.43684 43758.46 -24023.95)
(-12.18543 22573.46 -15958.15)
(-12.52356 24812.75 -15727.91)
(-12.9982 28269.53 -14293.71)
(-13.64778 33483.68 -11155.16)
(-14.40216 41378.11 -4504.418)
(-45.29595 -18942.9 -6892.688)
(-37.01367 -8350.022 -14550.34)
(-24.71185 -4069.365 -15516.42)
(-11.87747 -1890.739 -15759.74)
(-1.643675 -551.9478 -15834.79)
(-11.64207 28558.91 -4349.043)
(-12.01062 28553.32 -10290.8)
(-12.54427 28552.26 -12738.32)
(-13.18977 28556.82 -14160.97)
(-13.75763 28565.59 -14131.97)
(-19.66321 39188.28 -16943.25)
(-20.79795 39203.51 -15161.17)
(-21.92768 39225.23 -14830.63)
(-23.37657 39252.88 -14498.37)
(-25.23614 39287.09 -20527.74)
(-13.18693 19998.76 -12795.48)
(-13.65461 21072.95 -11155.05)
(-14.29796 22452.91 -8727.998)
(-15.18765 23953.32 -5688.392)
(-16.36741 25151.12 -1999.172)
(-37.04795 -13032.22 -5027.432)
(-33.51157 -7120.569 -11724.61)
(-25.22214 -3646.916 -14047.93)
(-14.24651 -1712.988 -14949.83)
(-3.800828 -500.8666 -15270.23)
(-12.27888 21698.33 -4294.14)
(-12.82192 21691.26 -10141.54)
(-13.19987 21686.99 -12510.98)
(-13.77499 21683.77 -13856.24)
(-14.47063 21682.73 -13778.52)
(-20.79676 29734.28 -16424.22)
(-21.68316 29731.65 -14563.62)
(-22.88271 29732.26 -14116.92)
(-24.18502 29734.79 -13669.33)
(-25.80228 29738.65 -19130.51)
(-13.71631 15001.49 -11569.53)
(-14.2465 15393.61 -9524.065)
(-14.92437 15849.11 -7010.659)
(-15.80807 16270.03 -4310.315)
(-16.97068 16531.75 -1456.665)
(-30.47866 -8557.437 -3981.651)
(-29.06986 -5276.752 -9966.206)
(-23.59232 -2839.927 -12923.65)
(-14.80966 -1356.417 -14287.14)
(-4.62576 -398.3366 -14806.24)
(-12.46789 13346.67 -4270.472)
(-13.06559 13342.43 -10082.1)
(-13.61078 13337.79 -12427.38)
(-14.00303 13334.99 -13748.64)
(-14.62009 13331.74 -13656.59)
(-21.04343 18279.57 -16246.98)
(-22.11902 18274.67 -14359.34)
(-23.07209 18269.98 -13872.08)
(-24.31783 18266.45 -13385.05)
(-25.74249 18262.99 -18651.43)
(-13.56685 9173.307 -11154.47)
(-14.30967 9299.435 -8991.364)
(-14.97175 9439.206 -6483.084)
(-15.80938 9559.184 -3917.629)
(-16.86539 9626.036 -1310.453)
(-25.59155 -4874.08 -3417.722)
(-25.02514 -3212.146 -8945.455)
(-21.1283 -1790.735 -12184.61)
(-14.14222 -867.6732 -13830.77)
(-4.873337 -255.9665 -14487.28)
(-12.12886 4489.145 -4262.263)
(-12.83749 4487.726 -10062.31)
(-13.484 4486.165 -12402.35)
(-14.00096 4484.486 -13717.19)
(-14.36053 4483.717 -13622.72)
(-20.58725 6146.834 -16198.12)
(-21.63592 6145.397 -14302.25)
(-22.80119 6143.298 -13803.1)
(-23.76084 6141.569 -13303.71)
(-25.04428 6139.6 -18514.08)
(-13.10897 3078.971 -11034.74)
(-13.71756 3107.312 -8838.765)
(-14.53843 3138.238 -6334.925)
(-15.30101 3164.054 -3809.995)
(-16.25416 3177.721 -1271.132)
(-22.09875 -1586.043 -3172.043)
(-21.79615 -1076.826 -8483.364)
(-18.71246 -611.1818 -11832.13)
(-12.92675 -298.5562 -13614.1)
(-4.722961 -88.33306 -14342.97)
(-11.49813 -4491.361 -4264.223)
(-12.08738 -4489.648 -10067.51)
(-12.82422 -4488.157 -12407.97)
(-13.46723 -4487.246 -13724.5)
(-13.95223 -4485.867 -13629.33)
(-19.6856 -6150.122 -16206.22)
(-20.58344 -6148.461 -14308.86)
(-21.59899 -6146.909 -13810.43)
(-22.74839 -6145.154 -13311.41)
(-23.73644 -6143.3 -18524.84)
(-12.37703 -3081.158 -11041.58)
(-12.85988 -3109.712 -8844.456)
(-13.51648 -3140.933 -6339.416)
(-14.38216 -3166.756 -3812.875)
(-15.21365 -3180.433 -1272.149)
(-19.71291 1589.411 -3178.415)
(-19.39399 1079.429 -8502.553)
(-16.68598 612.8452 -11862.32)
(-11.656 299.4481 -13653.09)
(-4.379674 88.62126 -14388.31)
(-10.74464 -13363.22 -4276.306)
(-11.12083 -13359.77 -10095.72)
(-11.67487 -13356.3 -12444.49)
(-12.42869 -13353.18 -13767.4)
(-13.05411 -13351.1 -13675.82)
(-18.5285 -18306.46 -16270.43)
(-19.04674 -18302.64 -14380.81)
(-19.95173 -18299.61 -13894.14)
(-20.94106 -18297.71 -13407.16)
(-22.02649 -18296.02 -18684.01)
(-11.36238 -9190.818 -11175.04)
(-11.75964 -9318.219 -9009.022)
(-12.27623 -9459.405 -6496.658)
(-12.95271 -9581.169 -3926.389)
(-13.83266 -9649.653 -1313.602)
(-18.20824 4903.717 -3438.472)
(-17.70864 3234.141 -9006.605)
(-15.10716 1804.568 -12278.41)
(-10.53799 875.2137 -13949.79)
(-3.997906 258.4239 -14623.66)
(-9.812959 -21741.05 -4303.497)
(-10.09247 -21737.04 -10164.3)
(-10.41829 -21734.43 -12538.66)
(-10.90619 -21733.25 -13887.51)
(-11.65215 -21733.34 -13810.01)
(-16.82995 -29807.21 -16463.15)
(-17.36333 -29808.77 -14599.78)
(-17.83695 -29812.13 -14153.5)
(-18.71862 -29819.02 -13706.72)
(-19.65876 -29827.95 -19185.46)
(-10.1992 -15049.2 -11604.91)
(-10.41254 -15444.98 -9554.934)
(-10.8167 -15905.14 -7034.762)
(-11.34098 -16331.43 -4326.121)
(-12.01133 -16598.66 -1462.374)
(-17.42732 8644.949 -4022.463)
(-16.60243 5337.475 -10081.06)
(-13.92686 2876.707 -13090.66)
(-9.620484 1376 -14491.36)
(-3.646381 404.5712 -15033.49)
(-7.795475 -28639.14 -4362.558)
(-8.875828 -28635.14 -10322.05)
(-9.177524 -28638.64 -12776.77)
(-9.411973 -28646.5 -14203.85)
(-9.820034 -28659.33 -14176.48)
(-14.46036 -39322.69 -16998.02)
(-15.29732 -39344.44 -15212.38)
(-15.69446 -39373.61 -14883.15)
(-16.11601 -39408.97 -14552.7)
(-16.95162 -39452.8 -20608.81)
(-8.770057 -20087.28 -12849.06)
(-8.976239 -21171.38 -11204.48)
(-9.138189 -22563.84 -8769.153)
(-9.504038 -24079.09 -5717)
(-10.00298 -25292.33 -2009.946)
(-17.27036 13222.16 -5100.848)
(-15.93962 7237.101 -11916.5)
(-13.05417 3713.526 -14303.27)
(-8.884771 1747.187 -15244.67)
(-3.343844 511.4062 -15584.92)
(-5.59461 -31747.46 -4486.201)
(-6.736433 -31751.48 -10673.52)
(-7.72649 -31762.6 -13332.24)
(-8.054533 -31786.44 -14963.2)
(-8.184473 -31819.72 -15066.79)
(-11.66871 -43688.5 -18309.66)
(-12.61507 -43741.78 -16718.85)
(-13.44561 -43811.68 -16682.93)
(-13.69874 -43897.02 -16644.45)
(-14.0044 -43995.92 -24144.18)
(-7.232825 -22702.4 -16042.24)
(-7.31404 -24961.81 -15816.55)
(-7.39038 -28448.76 -14379.22)
(-7.40558 -33708.64 -11226.74)
(-7.640573 -41674.46 -4535.608)
(-17.70016 19305.86 -7024.825)
(-15.56979 8528.415 -14860.57)
(-12.3885 4164.675 -15877.2)
(-8.28476 1937.832 -16146.62)
(-3.087514 566.0882 -16227.62)
(-2.238291 -27779.05 -4679.035)
(-4.71175 -27779.67 -11229.56)
(-5.678729 -27787.39 -14231)
(-6.555263 -27799.14 -16205.42)
(-6.883891 -27818.72 -16535.84)
(-9.531805 -38179.29 -20481.8)
(-9.862525 -38211.73 -19226.68)
(-10.72059 -38252.08 -19694.62)
(-11.57595 -38302.13 -20165)
(-11.67005 -38362.57 -30131.87)
(-5.751128 -19630.38 -21794.88)
(-5.670687 -21060.47 -25652.86)
(-5.470539 -23218.9 -30733.9)
(-5.070204 -26378.22 -38901.13)
(-4.342292 -30996.37 -33426.03)
(-30.88583 -7792.48 -118286.1)
(-30.09816 -3214.378 -42747.18)
(-29.53695 -1455.518 -38053.18)
(-29.0759 -689.9625 -35883.86)
(-28.40382 -312.6728 -34856.82)
(-27.7824 -89.62685 -34429.37)
(-27.13245 95.8549 -34408.39)
(-26.23886 341.4476 -34816.36)
(-25.08826 809.5914 -35935.04)
(-23.48663 1919.739 -38627.61)
(-18.75123 17971.52 -30754.83)
(-15.29533 8221.469 -19514.33)
(-11.82141 4083.86 -17639.4)
(-7.772149 1916.064 -17094.91)
(-2.865696 561.7189 -16896.72)
(-1.901461 -19248.37 -11273.66)
(-4.02731 -19240.23 -14279.87)
(-4.893367 -19229.42 -16258.13)
(-5.679794 -19216.12 -16588)
(-8.176658 -26335.04 -20550.57)
(-8.295519 -26314.69 -19299.16)
(-8.626639 -26292.62 -19773.97)
(-9.290404 -26267.19 -20249.43)
(-10.07466 -26237.21 -30255.91)
(-4.928433 -13006.19 -21740.36)
(-4.609691 -12588.94 -24858.16)
(-4.420518 -11705.91 -27753.12)
(-4.133153 -9888.257 -30762.82)
(-3.693847 -6275.173 -22515.24)
(-28.23416 -14356.22 -71635.81)
(-27.95386 -6831.718 -36436.63)
(-27.58768 -3377.014 -35552.69)
(-27.15752 -1683.59 -34764.64)
(-26.68465 -784.7617 -34280.63)
(-25.95304 -231.8353 -34045.62)
(-25.20232 227.2412 -34003.84)
(-24.37379 801.7981 -34130.63)
(-23.28673 1786.797 -34385.98)
(-21.94484 3783.198 -34460.21)
(-18.5177 10478.48 -29099.21)
(-14.80693 6512.014 -21836.66)
(-11.24897 3511.192 -19071.24)
(-7.30173 1691.526 -17956.3)
(-2.666885 500.1788 -17522.22)
(-1.662316 -11652.86 -14067.4)
(-3.471305 -11639.32 -15951.49)
(-4.283066 -11621.56 -16219.34)
(-7.052625 -15912.8 -20000.8)
(-7.480406 -15886.69 -18664.87)
(-7.53721 -15855.34 -19012.73)
(-7.840493 -15819.17 -19360.79)
(-8.396274 -15779 -28745.94)
(-4.399556 -7679.898 -20299.23)
(-4.120562 -7024.405 -22450.83)
(-3.804542 -6033.736 -24033.81)
(-3.605923 -4624.231 -25377.67)
(-3.335727 -2753.443 -17930.32)
(-26.31718 -10946.53 -56702.5)
(-25.92474 -6386.889 -31819.37)
(-25.74644 -3541.418 -32951.94)
(-25.40913 -1884.995 -33337.49)
(-24.94817 -912.3762 -33451.89)
(-24.39267 -281.0438 -33465.68)
(-23.57273 242.4149 -33425.59)
(-22.69954 850.7254 -33310.74)
(-21.73914 1750.546 -33010.31)
(-20.5718 3175.203 -32227.08)
(-17.76262 6194.913 -28330.18)
(-14.12114 4558.087 -23038.64)
(-10.61789 2642.416 -20091.92)
(-6.838479 1309.831 -18647.12)
(-2.480807 391.1683 -18044.72)
(-1.495183 -6079.04 -15699.52)
(-3.132064 -6068.562 -15916.03)
(-5.426602 -8305.659 -19552.94)
(-6.634416 -8288.838 -18151.14)
(-7.023511 -8269.202 -18398.86)
(-7.043997 -8245.782 -18645.85)
(-7.40633 -8219.305 -27537.42)
(-3.855769 -3972.124 -19190.12)
(-3.818059 -3556.981 -20777.39)
(-3.543006 -2981.421 -21786.5)
(-3.257142 -2249.798 -22596.07)
(-3.061162 -1388.77 -15806.12)
(-24.65226 -6556.215 -50016.5)
(-24.486 -4230.716 -29073.15)
(-24.07071 -2518.582 -31092.16)
(-23.81809 -1403.87 -32177.46)
(-23.40079 -699.6225 -32719.78)
(-22.8469 -223.1778 -32935.87)
(-22.18102 171.878 -32918.9)
(-21.27026 606.7412 -32671.49)
(-20.3037 1186.846 -32112.48)
(-19.27633 1974.623 -31075.01)
(-16.78485 3319.561 -27954.91)
(-13.31534 2670.267 -23655.8)
(-9.937946 1626.292 -20737.6)
(-6.361846 824.0785 -19126.67)
(-2.298977 248.1092 -18421.58)
(-1.474659 -1873.952 -15768.52)
(-4.102748 -2565.467 -19332.2)
(-5.172298 -2559.303 -17901.45)
(-6.460651 -2552.867 -18100.63)
(-6.823176 -2545.621 -18298.52)
(-6.796604 -2536.978 -26949.59)
(-3.489725 -1223.176 -18659.2)
(-3.492524 -1089.058 -19999.27)
(-3.391664 -908.2778 -20790.74)
(-3.125282 -686.2262 -21419.76)
(-2.855786 -433.7726 -14935.16)
(-23.13094 -2171.464 -47268.85)
(-23.20902 -1460.471 -27815.91)
(-22.89948 -898.4809 -30160.49)
(-22.38532 -512.4166 -31555.98)
(-22.00192 -259.3109 -32310.6)
(-21.46891 -84.3251 -32635.63)
(-20.80298 60.8296 -32639.35)
(-20.02459 216.3033 -32341.16)
(-19.03402 413.2851 -31689.4)
(-18.00214 662.0813 -30591.19)
(-15.72221 1050.004 -27805.39)
(-12.43643 877.7362 -23927.92)
(-9.234088 547.8381 -21056.23)
(-5.878405 280.8738 -19378.72)
(-2.116423 84.94607 -18626.44)
(-7.761067 1869.747 -4585.354)
(-8.404343 1867.692 -10932.28)
(-8.817218 1865.055 -13714.87)
(-9.242769 1862.138 -15473.83)
(-10.1386 1857.751 -15660.45)
(-14.64831 2541.14 -19193.64)
(-15.3157 2534.413 -17763.31)
(-16.41765 2526.487 -17953.75)
(-17.99462 2517.325 -18142.22)
(-19.52921 2507.591 -26703.24)
(-10.10528 1208.178 -18475.77)
(-10.28908 1074.679 -19788.64)
(-10.34767 895.6299 -20553.83)
(-10.26529 676.1431 -21157.19)
(-10.09585 426.9973 -14736.66)
(-85.62844 2135.49 -46584.18)
(-90.89307 1434.322 -27367.77)
(-96.07034 881.0374 -29626.08)
(-100.9519 501.5321 -30940.41)
(-105.2923 253.2127 -31615.16)
(-108.3155 82.01106 -31858.49)
(-107.9767 -59.40855 -31777.08)
(-100.562 -210.1074 -31394.85)
(-83.61576 -400.1655 -30674.15)
(-62.10468 -639.4528 -29542.55)
(-21.69385 -1012.283 -26802.65)
(-7.787825 6058.583 -4603.551)
(-7.953836 6052.197 -10988.84)
(-8.641198 6043.944 -13810.89)
(-8.988064 6034.097 -15606.34)
(-9.44026 6021.531 -15819.49)
(-14.29679 8239.276 -19426.7)
(-15.05592 8218.4 -18026.69)
(-15.72572 8194.572 -18266.39)
(-16.87326 8167.037 -18504.4)
(-18.42997 8136.028 -27314.75)
(-9.677431 3929.476 -19023.87)
(-9.648929 3516.566 -20583.48)
(-9.665705 2945.701 -21568.87)
(-9.551535 2221.206 -22351.28)
(-9.288054 1370.024 -15621.63)
(-78.11285 6462.15 -49381.04)
(-81.96959 4165.333 -28665.36)
(-85.97235 2476.372 -30614.5)
(-89.95239 1378.167 -31635.31)
(-93.6603 685.4554 -32113.69)
(-96.79517 217.9367 -32262.4)
(-98.5701 -168.3649 -32173.28)
(-97.10192 -591.7057 -31849.61)
(-89.22771 -1153.939 -31216.8)
(-73.17527 -1914.545 -30125.92)
(-48.79943 -3211.247 -27042.57)
(-15.05993 -2578.905 -22850.03)
(-7.947046 11603.37 -4638.671)
(-8.260454 11595.86 -11096.67)
(-8.567473 11581.75 -13994.03)
(-9.097753 11564.67 -15867.69)
(-9.483 11544.9 -16129.94)
(-13.70599 15803.42 -19886.51)
(-15.10291 15770.91 -18553.49)
(-15.95806 15733.71 -18892.01)
(-16.699 15689.99 -19230.85)
(-17.91743 15640.98 -28541.56)
(-9.4255 7609.474 -20144.38)
(-9.470818 6957.253 -22267.74)
(-9.31899 5972.599 -23821.79)
(-9.106452 4574.478 -25136.94)
(-8.725349 2721.864 -17746.73)
(-72.13667 10812.72 -56075.39)
(-74.96173 6302.853 -31433.59)
(-77.62496 3490.801 -32516.93)
(-80.52531 1855.567 -32857.53)
(-83.44984 896.6874 -32924.1)
(-86.08104 275.4349 -32884.67)
(-88.05555 -238.1541 -32784.12)
(-88.57503 -832.7929 -32601)
(-85.91898 -1709.158 -32227.82)
(-77.47852 -3091.837 -31379.44)
(-57.18474 -6016.679 -27514.63)
(-33.94174 -4417.814 -22331.87)
(-9.746165 -2557.43 -19453.93)
(-8.338319 19165.49 -4677.821)
(-8.705796 19154.79 -11221.11)
(-9.021024 19141.88 -14215.28)
(-9.455072 19127.4 -16182.53)
(-10.02125 19109.2 -16509.02)
(-14.21404 26181.6 -20447.68)
(-15.07295 26154.14 -19199.1)
(-16.57783 26122.23 -19664.61)
(-17.55447 26087.24 -20130.45)
(-18.49526 26047.82 -30066.8)
(-9.546633 12907.06 -21596.98)
(-9.558016 12488.55 -24681.61)
(-9.439658 11607.66 -27541.38)
(-9.025838 9800.186 -30509.64)
(-8.404791 6215.778 -22316.52)
(-67.49577 14209.83 -70952.4)
(-69.04413 6756.293 -36061.01)
(-70.7404 3336.562 -35156.22)
(-72.52537 1661.601 -34343.43)
(-74.57151 773.4774 -33827.44)
(-76.59078 227.9609 -33551.76)
(-78.20851 -223.8725 -33459.51)
(-78.99512 -787.6881 -33525.2)
(-78.11119 -1751.561 -33707.39)
(-73.94746 -3699.984 -33702.17)
(-58.64507 -10222.52 -28388.35)
(-39.65915 -6337.853 -21253.91)
(-22.09817 -3410.949 -18530.8)
(-5.425106 -1641.302 -17434.02)
(-9.09972 27673.81 -4660.487)
(-9.454653 27668.69 -11185.59)
(-9.952115 27670.35 -14174.84)
(-10.2761 27677.05 -16140.14)
(-10.7463 27691.22 -16468.9)
(-15.64405 37996.85 -20395.37)
(-16.24581 38020.03 -19140.09)
(-17.29652 38049.5 -19602.07)
(-18.95303 38089.03 -20065.32)
(-20.06114 38136.61 -29974.57)
(-10.27994 19509.21 -21672.48)
(-10.23524 20924.03 -25499.02)
(-10.11397 23060.88 -30536.38)
(-9.723656 26188.61 -38632.65)
(-8.679211 30759.97 -33177.21)
(-63.50162 7727.415 -117337.9)
(-63.78172 3185.323 -42382.35)
(-64.58653 1441.243 -37703.98)
(-65.7259 682.6034 -35527.37)
(-66.94989 308.9976 -34479.87)
(-68.31257 88.40187 -34021.57)
(-69.49529 -94.68766 -33959.83)
(-70.07522 -336.5573 -34314.22)
(-69.50249 -796.6128 -35359.01)
(-66.68583 -1885.397 -37937)
(-52.77308 -17612.63 -30140.68)
(-40.05051 -8038.952 -19081.65)
(-26.07213 -3984.651 -17213.29)
(-12.41523 -1866.519 -16658.19)
(-1.713756 -546.7154 -16457.69)
(-10.21485 31650.19 -4471.695)
(-10.55145 31649.09 -10638.17)
(-11.01544 31656.9 -13288.84)
(-11.57557 31675.67 -14913.72)
(-12.00931 31703.71 -15016.19)
(-17.18118 43521.35 -18245.26)
(-18.20322 43568.18 -16657.39)
(-19.11573 43628.98 -16618.81)
(-20.3563 43702.23 -16577.73)
(-22.07804 43790.87 -24041.3)
(-11.46905 22591.47 -15969.69)
(-11.68981 24834.03 -15740.55)
(-12.02129 28295.09 -14305.74)
(-12.52584 33516.38 -11165.57)
(-13.29385 41421.55 -4509.049)
(-41.75935 -19003.68 -6914.696)
(-36.16807 -8379.015 -14600.16)
(-26.59851 -4083.457 -15568.63)
(-14.85004 -1896.531 -15805.79)
(-3.950722 -553.3193 -15867.8)
(-11.13354 28572.38 -4351.252)
(-11.62433 28566.1 -10295.83)
(-11.98745 28566.2 -12744.58)
(-12.51739 28570.74 -14168.05)
(-13.15946 28580.92 -14139.46)
(-18.8291 39210.92 -16951.95)
(-19.63053 39226.24 -15169.55)
(-20.76356 39249.64 -14839.44)
(-21.892 39279.52 -14507.39)
(-23.33927 39315.29 -20541.68)
(-12.41232 20013.64 -12804.72)
(-12.82428 21089.77 -11163.5)
(-13.3381 22472.17 -8735.105)
(-14.05051 23975.13 -5693.299)
(-15.04238 25175.96 -2001.078)
(-33.32254 -13069.54 -5041.83)
(-30.97449 -7143.391 -11761.91)
(-24.69867 -3659.552 -14095.53)
(-15.35371 -1718.905 -14999.6)
(-4.775895 -502.3995 -15314.53)
(-11.71051 21707.44 -4296.174)
(-12.26166 21701.65 -10146.68)
(-12.79866 21696.7 -12517.14)
(-13.17394 21694.49 -13862.94)
(-13.74682 21693.33 -13785.36)
(-19.80879 29750.08 -16432.83)
(-20.7649 29749.06 -14571.67)
(-21.65124 29749.59 -14124.83)
(-22.85028 29753.33 -13677.63)
(-24.15151 29758.95 -19142.74)
(-12.71778 15012.19 -11577.65)
(-13.40789 15405.1 -9531.081)
(-13.9955 15861.78 -7016.076)
(-14.74027 16284.1 -4313.938)
(-15.70717 16546.97 -1457.963)
(-27.16444 -8579.146 -3991.79)
(-26.17673 -5291.848 -9994.745)
(-21.84281 -2849.021 -12964.62)
(-14.52121 -1361.11 -14335.26)
(-4.989113 -399.7103 -14855.29)
(-11.76916 13352.43 -4272.548)
(-12.45121 13348.12 -10086.82)
(-13.04381 13344.54 -12433.29)
(-13.58547 13340.53 -13755.26)
(-13.97533 13338.33 -13663.3)
(-20.01509 18288.23 -16255.12)
(-21.01374 18284.59 -14366.76)
(-22.08839 18280.74 -13879.95)
(-23.04106 18277.1 -13392.68)
(-24.28685 18274.59 -18662.79)
(-12.70255 9179.544 -11161.81)
(-13.28805 9306.006 -8997.721)
(-14.08421 9446.244 -6487.931)
(-14.81152 9566.852 -3920.72)
(-15.72249 9634.406 -1311.59)
(-22.77226 -4885.045 -3425.442)
(-22.31017 -3220.282 -8968.257)
(-19.04035 -1795.845 -12219.5)
(-13.10677 -870.4485 -13874.53)
(-4.781665 -256.852 -14535.94)
(-11.50724 4490.658 -4264.115)
(-12.11248 4489.554 -10067.37)
(-12.81633 4488.28 -12407.53)
(-13.45901 4486.845 -13724.42)
(-13.97377 4485.294 -13628.62)
(-19.66255 6150.196 -16205.66)
(-20.55977 6148.014 -14309.09)
(-21.60729 6146.811 -13810.55)
(-22.77058 6144.957 -13311.54)
(-23.73093 6143.46 -18524.43)
(-12.36523 3080.966 -11041.68)
(-12.85183 3109.489 -8844.494)
(-13.51129 3140.42 -6339.423)
(-14.38936 3166.353 -3812.883)
(-15.22147 3180.245 -1272.156)
(-19.71369 -1589.223 -3178.411)
(-19.39481 -1079.253 -8502.542)
(-16.68507 -612.715 -11862.31)
(-11.6546 -299.3972 -13653.08)
(-4.379366 -88.61478 -14388.31)
(-11.06897 -4492.951 -4266.088)
(-11.48308 -4491.772 -10071.8)
(-12.06708 -4490.207 -12413.58)
(-12.80093 -4488.843 -13730.44)
(-13.44166 -4488.051 -13635.68)
(-19.10217 -6153.168 -16213.41)
(-19.65765 -6151.302 -14316.23)
(-20.55573 -6149.881 -13816.95)
(-21.57146 -6148.56 -13318.62)
(-22.71977 -6147.047 -18535.12)
(-11.71701 -3082.831 -11048.09)
(-12.13289 -3111.635 -8849.967)
(-12.6673 -3142.827 -6343.505)
(-13.37869 -3169.054 -3815.583)
(-14.30726 -3182.949 -1273.118)
(-17.67124 1592.238 -3184.106)
(-17.30124 1081.573 -8519.629)
(-14.84721 614.2203 -11889.16)
(-10.39375 300.222 -13687.93)
(-3.949418 88.8806 -14429.51)
(-10.44504 -13367.96 -4277.932)
(-10.73052 -13364.66 -10100.03)
(-11.10226 -13361.86 -12449.17)
(-11.65303 -13359.01 -13773.57)
(-12.40406 -13356.52 -13681.51)
(-17.87193 -18314.75 -16277.74)
(-18.50179 -18311.47 -14387.47)
(-19.02032 -18308.71 -13900.7)
(-19.92495 -18306.73 -13413.97)
(-20.9142 -18305.85 -18693.62)
(-10.87017 -9196.075 -11181.29)
(-11.12865 -9323.658 -9014.265)
(-11.57394 -9465.236 -6500.65)
(-12.14466 -9587.251 -3928.919)
(-12.88205 -9656.51 -1314.522)
(-16.41962 4911.549 -3443.997)
(-15.87476 3239.896 -9022.733)
(-13.47716 1808.164 -12303.08)
(-9.376282 877.1811 -13981.36)
(-3.564827 259.0853 -14660.99)
(-8.644672 -21749.28 -4305.537)
(-9.79856 -21744.35 -10167.82)
(-10.075 -21742.47 -12543.69)
(-10.39792 -21741.9 -13892.56)
(-10.88377 -21742.78 -13815.74)
(-15.95027 -29819.47 -16469.94)
(-16.80471 -29822 -14606.19)
(-17.33776 -29826.72 -14159.87)
(-17.81157 -29833.23 -13713.05)
(-18.69268 -29843.21 -19195.04)
(-9.691179 -15057.05 -11610.84)
(-9.972541 -15453.68 -9560.099)
(-10.22782 -15914.39 -7038.748)
(-10.68246 -16341.43 -4328.744)
(-11.2683 -16609.26 -1463.305)
(-15.80067 8657.427 -4028.296)
(-14.97132 5346.004 -10097.25)
(-12.48472 2881.829 -13114.11)
(-8.582519 1378.745 -14520.49)
(-3.244166 405.4811 -15067.51)
(-6.489146 -28646.92 -4363.749)
(-7.782959 -28646.32 -10326.44)
(-8.85771 -28648.02 -12781.14)
(-9.157727 -28657.13 -14209.32)
(-9.390695 -28670.62 -14181.24)
(-13.44043 -39339.52 -17004.72)
(-14.43573 -39360.71 -15218.58)
(-15.27214 -39390.67 -14889.55)
(-15.6696 -39428.03 -14558.73)
(-16.09042 -39471.55 -20618.59)
(-8.335206 -20097.55 -12855.2)
(-8.528359 -21182.31 -11210.17)
(-8.767608 -22576.27 -8773.729)
(-8.980175 -24092.85 -5720.107)
(-9.41279 -25307.66 -2011.135)
(-15.72142 13239.52 -5107.56)
(-14.4522 7247.55 -11933.77)
(-11.77141 3719.462 -14326.26)
(-7.964788 1750.298 -15272)
(-2.983057 512.4268 -15616.25)
(-2.687358 -31756.59 -4487.718)
(-5.583784 -31760.01 -10676.25)
(-6.721292 -31774.93 -13336.98)
(-7.706526 -31796.95 -14968.37)
(-8.031985 -31831.72 -15072.45)
(-11.19798 -43705.23 -18315.04)
(-11.64616 -43760.6 -16725.17)
(-12.589 -43829.76 -16689.66)
(-13.41746 -43915.61 -16651.8)
(-13.671 -44017.02 -24153.66)
(-6.853333 -22713.31 -16049.63)
(-6.936555 -24974.27 -15823.73)
(-7.018059 -28463.35 -14386.52)
(-7.116624 -33726.82 -11232.53)
(-7.214915 -41697.67 -4538.03)
(-16.14522 19328.93 -7033.234)
(-14.17321 8539.614 -14880.12)
(-11.23227 4170.69 -15900.24)
(-7.470518 1940.931 -16172.59)
(-2.767828 567.0966 -16256.71)
(-2.23223 -27787.46 -11233)
(-4.696818 -27795.01 -14234.84)
(-5.661382 -27809.61 -16210.25)
(-6.533251 -27828.3 -16541.58)
(-9.410211 -38194.25 -20489)
(-9.507745 -38225.58 -19232.14)
(-9.838729 -38268.17 -19701.06)
(-10.69068 -38318.75 -20173.45)
(-11.53982 -38379.07 -30145.92)
(-5.65424 -19639.51 -21802.93)
(-5.361363 -21070.54 -25664.33)
(-5.173757 -23230.3 -30747.85)
(-4.81868 -26391.73 -38920.88)
(-4.168272 -31012.9 -33443.37)
(-29.09949 -7796.834 -118350.1)
(-28.32634 -3216.305 -42771.78)
(-27.76899 -1456.457 -38076.18)
(-27.25059 -690.4456 -35907.03)
(-26.72946 -312.8993 -34880.82)
(-25.96757 -89.70441 -34454.28)
(-25.18922 95.92257 -34435.47)
(-24.31869 341.7337 -34845.8)
(-23.14429 810.331 -35967.95)
(-21.57769 1921.651 -38666.09)
(-17.15198 17991.08 -30788.31)
(-13.95158 8231.293 -19537.7)
(-10.76053 4089.224 -17662.63)
(-7.046611 1918.832 -17119.73)
(-2.58403 562.6173 -16923.91)
(-1.893586 -19245.85 -14284.02)
(-4.009983 -19235.89 -16262.62)
(-4.873445 -19223.27 -16593.09)
(-7.762949 -26344.03 -20556.7)
(-8.153844 -26324.74 -19304.96)
(-8.271376 -26302.03 -19780.19)
(-8.600716 -26277.51 -20256.2)
(-9.261437 -26249.53 -30267.17)
(-4.854823 -13012.01 -21750.22)
(-4.541561 -12594.72 -24867.53)
(-4.17977 -11711.52 -27765.33)
(-3.903114 -9893.094 -30776.52)
(-3.518749 -6278.428 -22526.6)
(-27.03333 -14364.22 -71671.78)
(-26.33025 -6835.535 -36455.97)
(-25.96913 -3379.04 -35572.97)
(-25.53348 -1684.684 -34785.54)
(-25.01268 -785.3184 -34302.69)
(-24.41421 -232.0101 -34069.03)
(-23.55571 227.3899 -34028.47)
(-22.63101 802.4183 -34157.48)
(-21.58012 1788.307 -34415.07)
(-20.24366 3786.662 -34491.79)
(-17.01204 10488.92 -29128.22)
(-13.54476 6519.102 -21860.47)
(-10.26081 3515.388 -19094.1)
(-6.646182 1693.748 -17979.97)
(-2.417919 500.9015 -17547.68)
(-1.654388 -11643.22 -15955.58)
(-3.457372 -11626.29 -16222)
(-5.854968 -15918.68 -20006.35)
(-7.030099 -15891.87 -18671.03)
(-7.455236 -15861.23 -19019.16)
(-7.5126 -15825.31 -19366.68)
(-7.815353 -15784.55 -28755.73)
(-4.056347 -7683.328 -20306.28)
(-4.050858 -7027.778 -22460.88)
(-3.744209 -6036.523 -24042.63)
(-3.407294 -4626.493 -25388.62)
(-3.15417 -2754.777 -17938.17)
(-25.10096 -10952.35 -56730.58)
(-24.79141 -6390.498 -31835.06)
(-24.25297 -3543.396 -32969.37)
(-23.9216 -1886.128 -33356.44)
(-23.45645 -912.9761 -33471.98)
(-22.86716 -281.2578 -33487.19)
(-22.16763 242.5711 -33448.56)
(-21.21584 851.3342 -33334.9)
(-20.18711 1751.917 -33036.27)
(-19.06216 3177.89 -32254.35)
(-16.38467 6200.59 -28356.17)
(-12.97253 4562.628 -23061.66)
(-9.713134 2645.293 -20113.87)
(-6.237789 1311.396 -18669.49)
(-2.258038 391.6822 -18068.51)
(-1.489091 -6070.274 -15918.95)
(-4.280932 -8309.522 -19556.12)
(-5.410278 -8291.662 -18156.41)
(-6.612298 -8271.843 -18404.66)
(-7.000058 -8249.211 -18651.77)
(-7.021262 -8222.803 -27545.36)
(-3.573356 -3973.305 -19197.07)
(-3.564577 -3558.428 -20784.87)
(-3.480608 -2983.004 -21795.83)
(-3.192869 -2250.813 -22604.22)
(-2.897171 -1389.465 -15812.79)
(-23.34281 -6559.392 -50038.35)
(-23.35849 -4232.982 -29087.36)
(-22.99864 -2520.012 -31107.47)
(-22.44313 -1404.656 -32194.49)
(-22.03223 -700.0462 -32738.36)
(-21.48013 -223.3336 -32955.65)
(-20.79636 171.9745 -32940.06)
(-19.99628 607.1532 -32693.93)
(-18.97583 1187.706 -32135.81)
(-17.90204 1976.174 -31099.45)
(-15.55074 3322.373 -27978.59)
(-12.28169 2672.714 -23677.53)
(-9.12937 1627.912 -20758.34)
(-5.819884 824.9757 -19147.59)
(-2.097033 248.4058 -18443.68)
(-2.011896 -2565.693 -19337.04)
(-4.090189 -2560.837 -17903.36)
(-5.157728 -2553.713 -18105.96)
(-6.437834 -2546.296 -18304.59)
(-6.799601 -2538.066 -26957.95)
(-3.28392 -1223.715 -18664.43)
(-3.230928 -1089.364 -20006.76)
(-3.19129 -908.6366 -20798.34)
(-3.061151 -686.6051 -21428.68)
(-2.788095 -433.9636 -14940.53)
(-21.94601 -2172.53 -47288.61)
(-21.98699 -1461.18 -27828.28)
(-21.84089 -898.9616 -30175.21)
(-21.37571 -512.7081 -31571.61)
(-20.73964 -259.457 -32327.73)
(-20.21383 -84.37841 -32654.16)
(-19.55748 60.86204 -32658.97)
(-18.77658 216.4398 -32361.96)
(-17.88894 413.5678 -31711.17)
(-16.82403 662.5628 -30613.44)
(-14.60362 1050.83 -27827.28)
(-11.52028 878.48 -23948.23)
(-8.516844 548.3401 -21075.6)
(-5.400044 281.1535 -19398.13)
(-1.936148 85.03855 -18646.83)
(-7.607419 1870.443 -4587.806)
(-7.741691 1869.095 -10937.69)
(-8.376565 1866.307 -13723.14)
(-8.783658 1862.94 -15482.16)
(-9.206564 1859.262 -15669.57)
(-13.85433 2543.507 -19205.79)
(-14.60357 2536.584 -17774.55)
(-15.26906 2528.888 -17965.84)
(-16.36673 2519.997 -18155.61)
(-17.93547 2509.877 -26726.8)
(-9.42076 1209.62 -18492.46)
(-9.379033 1076.117 -19807.89)
(-9.434415 896.773 -20577.18)
(-9.365308 677.1383 -21182.9)
(-9.159745 427.6613 -14756.76)
(-77.41506 2139.171 -46654.08)
(-81.44661 1437.083 -27414.47)
(-85.61668 882.9002 -29683.98)
(-89.72469 502.7446 -31008.79)
(-93.52955 253.9019 -31694.68)
(-96.74403 82.28764 -31949.47)
(-98.60032 -59.56322 -31879.81)
(-97.23741 -210.8064 -31506.1)
(-89.50297 -401.5413 -30783.25)
(-73.59601 -641.4401 -29633.6)
(-49.37231 -1014.887 -26875.18)
(-15.27672 -846.9364 -23091.61)
(-7.56565 6060.86 -4606.534)
(-7.768342 6056.639 -10993.13)
(-7.93124 6048.034 -13817.71)
(-8.608422 6037.537 -15615.87)
(-8.953521 6025.437 -15826.62)
(-12.90246 8245.183 -19438.52)
(-14.25104 8225.411 -18038.77)
(-15.00843 8201.594 -18278.08)
(-15.67704 8174.802 -18517.06)
(-16.81932 8144.314 -27335.62)
(-8.890938 3933.27 -19040.54)
(-8.953134 3520.61 -20602.64)
(-8.829985 2949.438 -21590.6)
(-8.715873 2224.071 -22376.92)
(-8.469787 1371.983 -15640.94)
(-70.86348 6472.09 -49449.46)
(-74.07494 4172.478 -28709.86)
(-77.04685 2481.113 -30667.63)
(-80.17213 1381.083 -31697.59)
(-83.25273 687.123 -32185.06)
(-86.00741 218.5588 -32343.79)
(-88.10828 -168.7863 -32265.31)
(-88.80129 -593.5504 -31952.41)
(-86.4177 -1157.9 -31326.79)
(-78.36175 -1921.177 -30232.15)
(-58.62594 -3221.129 -27125.31)
(-34.92014 -2585.524 -22907.14)
(-10.01035 -1572.289 -20056.89)
(-7.550424 11610.23 -4641.164)
(-7.928029 11600.63 -11101.84)
(-8.233477 11589.71 -14002.11)
(-8.536053 11572.26 -15875.18)
(-9.06414 11551.81 -16138.61)
(-12.9599 15813.73 -19897.01)
(-13.66586 15782.69 -18564.02)
(-15.05534 15745.69 -18905.21)
(-15.90691 15703.97 -19243.3)
(-16.64628 15655.73 -28561.87)
(-8.645828 7616.63 -20160.48)
(-8.70107 6964.076 -22287.59)
(-8.615998 5979.303 -23844.69)
(-8.332509 4579.968 -25163.22)
(-7.967355 2725.361 -17767.46)
(-65.76412 10827.86 -56146.53)
(-67.99929 6312.504 -31478.33)
(-70.12676 3496.768 -32568.14)
(-72.17092 1859.115 -32915.11)
(-74.38314 898.5971 -32989.22)
(-76.52381 276.1416 -32958.02)
(-78.26559 -238.7113 -32867)
(-79.23558 -835.1368 -32694.33)
(-78.68838 -1714.601 -32331.66)
(-75.15903 -3102.546 -31489.39)
(-61.30132 -6037.6 -27610.61)
(-41.41598 -4431.38 -22399.31)
(-22.94842 -2563.919 -19498.95)
(-5.611115 -1269.279 -18080.48)
(-8.012484 19174.7 -4680.098)
(-8.31817 19164.8 -11227.43)
(-8.680576 19152.36 -14221.13)
(-8.991581 19137.67 -16191.38)
(-9.419014 19121.34 -16517.51)
(-13.6956 26197.55 -20459.57)
(-14.17461 26171.45 -19208)
(-15.02972 26141.64 -19677.26)
(-16.52591 26107.33 -20143.82)
(-17.49764 26069.82 -30088.66)
(-8.923825 12918.7 -21613.37)
(-8.81367 12499.93 -24701.73)
(-8.659952 11619.12 -27566.41)
(-8.331667 9810.813 -30540.08)
(-7.6977 6222.957 -22340.55)
(-61.63595 14227.83 -71037.38)
(-62.93692 6765.699 -36107.93)
(-64.16633 3341.662 -35206.72)
(-65.50511 1664.441 -34397.85)
(-66.83739 774.966 -33887.01)
(-68.27479 228.4702 -33618.3)
(-69.53284 -224.3371 -33534.32)
(-70.23452 -789.6668 -33610.08)
(-69.9311 -1756.56 -33803.93)
(-67.82762 -3711.834 -33810.54)
(-57.05634 -10258.06 -28487.14)
(-42.58848 -6359.86 -21326.88)
(-27.31009 -3421.409 -18585.86)
(-12.91614 -1645.413 -17471.93)
(-1.779494 -486.0434 -17039.07)
(-8.764801 27685.84 -4663.133)
(-9.080657 27682.23 -11190.46)
(-9.429972 27684.05 -14182.09)
(-9.92106 27692.58 -16148.3)
(-10.24363 27706.22 -16476.38)
(-14.69366 38019.34 -20406.71)
(-15.60204 38043.02 -19150.75)
(-16.20439 38076.3 -19612.15)
(-17.25006 38115.96 -20078.44)
(-18.89678 38165.69 -29996.44)
(-9.712491 19524.71 -21688.34)
(-9.565902 20942.09 -25519.12)
(-9.34261 23081.62 -30562)
(-8.920533 26214.08 -38668.82)
(-8.008037 30792.21 -33211.27)
(-58.17246 7736.33 -117467.6)
(-58.24423 3189.356 -42433.49)
(-58.865 1443.249 -37753.23)
(-59.61513 683.6482 -35578.49)
(-60.45894 309.5299 -34534.61)
(-61.2286 88.58247 -34081.61)
(-61.95433 -94.86556 -34027.29)
(-62.30867 -337.3061 -34391.06)
(-61.81508 -798.6308 -35448.62)
(-59.75583 -1890.793 -38045.67)
(-48.56832 -17669.14 -30237.36)
(-39.09691 -8066.863 -19147.26)
(-28.0463 -3998.451 -17271.4)
(-15.48081 -1872.237 -16707)
(-4.107342 -548.0736 -16492.26)
(-9.70927 31665.32 -4473.993)
(-10.19676 31662.75 -10643.24)
(-10.52789 31672.53 -13295.24)
(-10.98732 31691.2 -14921.3)
(-11.54404 31720.88 -15023.78)
(-16.43071 43546 -18254.2)
(-17.1469 43593.27 -16666.35)
(-18.16638 43655.89 -16628.28)
(-19.07664 43732.57 -16587.77)
(-20.31487 43821.86 -24056.88)
(-10.80143 22608.2 -15981.21)
(-11.00016 24853.63 -15752.06)
(-11.21941 28319.09 -14317.22)
(-11.58307 33546.35 -11175.01)
(-12.20414 41461.7 -4513.266)
(-37.52686 -19058.11 -6934.5)
(-33.39691 -8405.875 -14646.68)
(-26.02792 -4097.606 -15621.51)
(-15.99598 -1903.082 -15858.53)
(-4.952344 -555.013 -15913.93)
(-10.64694 28584.6 -4353.38)
(-11.1162 28579.57 -10300.83)
(-11.60195 28578.98 -12750.45)
(-11.96213 28584.69 -14174.75)
(-12.48912 28594.86 -14146.36)
(-18.0099 39231.94 -16960.82)
(-18.79732 39248.87 -15177.34)
(-19.59853 39272.39 -14847.63)
(-20.72994 39303.96 -14516)
(-21.85715 39341.97 -20554.44)
(-11.47851 20027.91 -12813.39)
(-12.06977 21105.41 -11171.58)
(-12.5258 22489.96 -8741.7)
(-13.10654 23995.57 -5697.933)
(-13.91632 25198.78 -2002.803)
(-29.69162 -13102.7 -5054.66)
(-27.87698 -7163.84 -11795.59)
(-22.85229 -3671.272 -14140.26)
(-15.04711 -1724.851 -15050.19)
(-5.148897 -504.1324 -15365.34)
(-11.07245 21716.54 -4298.199)
(-11.69428 21710.75 -10151.27)
(-12.23994 21707.08 -12523.15)
(-12.77324 21704.18 -13869.52)
(-13.14674 21704.04 -13791.86)
(-18.81822 29764.62 -16440.89)
(-19.77878 29764.87 -14579.3)
(-20.73401 29767 -14132.63)
(-21.62032 29770.67 -13685.29)
(-22.8189 29777.5 -19154.35)
(-11.90573 15022.37 -11585.04)
(-12.43066 15416.01 -9537.735)
(-13.1695 15873.57 -7021.24)
(-13.82328 16297.06 -4317.267)
(-14.64626 16561.24 -1459.187)
(-24.17189 -8598.438 -4000.801)
(-23.33444 -5305.27 -10020.21)
(-19.67811 -2857.167 -13001.74)
(-13.45247 -1365.466 -14380.64)
(-4.893636 -401.0922 -14905.23)
(-11.1907 13357.24 -4274.372)
(-11.75356 13353.87 -10091.53)
(-12.43017 13350.23 -12438.77)
(-13.02004 13347.27 -13761.62)
(-13.55889 13343.88 -13669.71)
(-19.13221 18297.26 -16263)
(-19.9863 18293.25 -14373.95)
(-20.98503 18290.65 -13887.13)
(-22.05879 18287.86 -13400.28)
(-23.01114 18285.25 -18673.42)
(-11.98674 9185.34 -11168.61)
(-12.44346 9312.304 -9003.6)
(-13.07742 9452.895 -6492.51)
(-13.93261 9573.961 -3923.65)
(-14.7309 9642.115 -1312.625)
(-20.314 -4894.812 -3432.317)
(-19.85333 -3227.529 -8988.526)
(-16.97746 -1800.391 -12250.66)
(-11.81504 -872.9304 -13914.25)
(-4.432764 -257.6732 -14581.9)
(-11.07204 4492.219 -4265.937)
(-11.49254 4491.064 -10071.56)
(-12.09185 4490.106 -12413.42)
(-12.79323 4488.958 -13730)
(-13.43277 4487.65 -13635.6)
(-19.13067 6152.367 -16212.62)
(-19.63647 6151.368 -14315.77)
(-20.53317 6149.437 -13817.16)
(-21.57966 6148.465 -13318.72)
(-22.74115 6146.853 -18535.29)
(-11.71441 3082.874 -11047.88)
(-12.12486 3111.476 -8850.026)
(-12.65852 3142.629 -6343.531)
(-13.37333 3168.55 -3815.589)
(-14.31467 3182.548 -1273.12)
(-17.67166 -1592.053 -3184.102)
(-17.30188 -1081.419 -8519.619)
(-14.84776 -614.0967 -11889.14)
(-10.39322 -300.1466 -13687.92)
(-3.948964 -88.86397 -14429.5)
(-10.76855 -4494.635 -4267.76)
(-11.05482 -4493.365 -10076.03)
(-11.46406 -4492.327 -12418.59)
(-12.04491 -4490.891 -13736.43)
(-12.77649 -4489.653 -13641.45)
(-18.40284 -6156.144 -16220.89)
(-19.0758 -6154.358 -14322.58)
(-19.63071 -6152.723 -13824.04)
(-20.52903 -6151.54 -13324.92)
(-21.54493 -6150.447 -18545.14)
(-11.21533 -3084.678 -11054.23)
(-11.48588 -3113.364 -8855.142)
(-11.94961 -3144.756 -6347.451)
(-12.53848 -3170.962 -3818.045)
(-13.30966 -3185.253 -1274.021)
(-15.93551 1594.776 -3189.224)
(-15.50932 1083.496 -8534.891)
(-13.24535 615.4392 -11913.05)
(-9.248937 300.8957 -13718.91)
(-3.521993 89.11069 -14466.34)
(-9.216378 -13372.78 -4279.902)
(-10.43066 -13369.39 -10103.71)
(-10.71268 -13366.75 -12454.21)
(-11.08195 -13364.57 -13778.6)
(-11.63009 -13362.34 -13687.5)
(-16.98104 -18322.19 -16284.44)
(-17.84674 -18319.76 -14393.94)
(-18.47599 -18317.54 -13907.12)
(-18.99481 -18315.82 -13420.31)
(-19.89913 -18314.88 -18703.08)
(-10.32128 -9200.979 -11187.05)
(-10.64986 -9328.953 -9019.28)
(-10.95209 -9470.735 -6504.42)
(-11.44916 -9593.144 -3931.333)
(-12.07848 -9662.636 -1315.368)
(-14.88576 4918.635 -3448.995)
(-14.31506 3245.072 -9037.239)
(-12.08144 1811.383 -12325.13)
(-8.364775 878.9292 -14009.46)
(-3.171969 259.6678 -14694.18)
(-7.226216 -21755.26 -4306.688)
(-8.631907 -21752.59 -10172.46)
(-9.780316 -21749.78 -12547.81)
(-10.05589 -21749.95 -13897.95)
(-10.37652 -21751.44 -13820.64)
(-14.89874 -29832.42 -16476.71)
(-15.92587 -29834.26 -14612.21)
(-16.78022 -29839.95 -14166.09)
(-17.313 -29847.81 -13719.21)
(-17.78701 -29857.43 -19203.92)
(-9.214602 -15064.72 -11616.61)
(-9.474452 -15461.72 -9564.989)
(-9.797015 -15923.28 -7042.543)
(-10.1013 -16350.88 -4331.189)
(-10.61399 -16619.41 -1464.191)
(-14.38255 8668.795 -4033.601)
(-13.57319 5353.721 -10111.91)
(-11.2578 2886.435 -13135.2)
(-7.693756 1381.2 -14546.53)
(-2.894181 406.29 -15097.81)
(-3.151219 -28655.45 -4365.413)
(-6.477727 -28654.1 -10329.17)
(-7.767021 -28659.18 -12786.27)
(-8.837813 -28666.52 -14214.04)
(-9.136783 -28681.25 -14186.58)
(-12.8524 -39354.99 -17010.36)
(-13.41811 -39377.55 -15224.56)
(-14.41164 -39406.96 -14895.61)
(-15.24748 -39445.11 -14565.01)
(-15.64525 -39490.62 -20627.13)
(-7.914098 -20107.1 -12861.26)
(-8.103045 -21192.98 -11215.49)
(-8.329541 -22587.91 -8778.191)
(-8.614736 -24106.05 -5723.093)
(-8.894463 -25322.06 -2012.227)
(-14.34152 13255.33 -5113.679)
(-13.15515 7257.067 -11949.49)
(-10.67213 3724.833 -14347.05)
(-7.181917 1753.097 -15296.57)
(-2.674164 513.3396 -15644.26)
(-2.681291 -31769.14 -10679.68)
(-5.570001 -31783.48 -13340.24)
(-6.704422 -31809.27 -14973.52)
(-7.685194 -31842.25 -15077.55)
(-10.98717 -43721.71 -18321.83)
(-11.1757 -43777.33 -16730.12)
(-11.62363 -43848.59 -16695.94)
(-12.56301 -43933.74 -16658.52)
(-13.38933 -44035.68 -24164.34)
(-6.690033 -22724.03 -16055.94)
(-6.576061 -24986.13 -15830.97)
(-6.656158 -28477.35 -14393.08)
(-6.759826 -33744.09 -11238.23)
(-6.930707 -41719.98 -4540.374)
(-14.76989 19349.96 -7040.907)
(-12.92875 8549.817 -14897.95)
(-10.22391 4176.168 -15921.19)
(-6.772839 1943.735 -16196.08)
(-2.495755 568.0035 -16282.88)
(-2.224505 -27802.81 -14238.92)
(-4.680094 -27817.25 -16214.48)
(-5.64249 -27838.77 -16546.44)
(-8.931959 -38207.39 -20496.01)
(-9.383898 -38240.53 -19238.89)
(-9.482952 -38282.05 -19706.75)
(-9.814009 -38334.85 -20180.14)
(-10.66001 -38395.72 -30158.44)
(-5.577039 -19648 -21812.95)
(-5.26026 -21080.14 -25674.21)
(-4.89718 -23241.26 -30761.66)
(-4.560129 -26404.49 -38938.75)
(-3.965934 -31028.74 -33460.35)
(-27.86743 -7801.133 -118411.5)
(-26.6887 -3218.103 -42794.66)
(-26.138 -1457.331 -38097.97)
(-25.61976 -690.8932 -35928.67)
(-25.05535 -313.1209 -34903.3)
(-24.42782 -89.77216 -34477.98)
(-23.54311 95.98594 -34460.42)
(-22.57996 341.9985 -34873.21)
(-21.44802 811.0159 -35998.38)
(-19.90479 1923.411 -38701.52)
(-15.75756 18009 -30819)
(-12.76302 8240.251 -19559.01)
(-9.815627 4094.111 -17683.8)
(-6.413825 1921.353 -17142.3)
(-2.34272 563.4302 -16948.5)
(-1.884894 -19241.51 -16267.11)
(-3.991392 -19229.71 -16597.57)
(-6.658408 -26353.83 -20562.95)
(-7.739892 -26333.72 -19310.79)
(-8.130145 -26312.08 -19786.23)
(-8.246466 -26286.93 -20262.57)
(-8.574063 -26259.85 -30277.38)
(-4.474154 -13017.96 -21758.4)
(-4.464965 -12600.34 -24878.69)
(-4.10707 -11716.83 -27775.99)
(-3.694831 -9897.799 -30790.13)
(-3.328104 -6281.475 -22536.7)
(-25.76608 -14371.72 -71707.84)
(-25.18587 -6839.357 -36474.28)
(-24.46862 -3380.929 -35591.86)
(-24.03703 -1685.696 -34805.35)
(-23.51606 -785.8335 -34323.32)
(-22.88793 -232.1868 -34090.95)
(-22.15155 227.5375 -34051.86)
(-21.15151 802.9939 -34182.26)
(-20.03958 1789.708 -34442.14)
(-18.75786 3789.868 -34520.99)
(-15.69191 10498.53 -29154.94)
(-12.44318 6525.596 -21882.31)
(-9.386825 3519.215 -19114.97)
(-6.06253 1695.772 -18001.54)
(-2.200764 501.5597 -17570.82)
(-1.645956 -11630.16 -16226.03)
(-4.723954 -15925.11 -20009.69)
(-5.838383 -15897.75 -18676.26)
(-7.007083 -15866.41 -19025.41)
(-7.429684 -15831.2 -19373.2)
(-7.487562 -15790.67 -28764.5)
(-3.772731 -7686.082 -20313.3)
(-3.75142 -7030.874 -22468.98)
(-3.673518 -6039.377 -24053.28)
(-3.342008 -4628.608 -25398.09)
(-2.987851 -2756.113 -17945.93)
(-23.76749 -10957.66 -56755.62)
(-23.64104 -6393.888 -31850.77)
(-23.17677 -3545.397 -32985.76)
(-22.54365 -1887.184 -33374.12)
(-22.08373 -913.5288 -33491)
(-21.49862 -281.4541 -33507.32)
(-20.78408 242.7096 -33470.07)
(-19.94505 851.913 -33357.8)
(-18.86674 1753.187 -33060.27)
(-17.70329 3180.387 -32279.73)
(-15.17963 6205.843 -28380.2)
(-11.96524 4566.809 -23082.84)
(-8.922929 2647.928 -20134)
(-5.706527 1312.824 -18689.91)
(-2.059722 392.1504 -18090.2)
(-2.034521 -8311.871 -19559.71)
(-4.268321 -8295.499 -18159.38)
(-5.393648 -8274.667 -18410.02)
(-6.589804 -8251.847 -18657.68)
(-6.976207 -8226.215 -27554.14)
(-3.389212 -3974.954 -19202.67)
(-3.307425 -3559.57 -20792.41)
(-3.255025 -2984.24 -21803.78)
(-3.126784 -2251.965 -22613.9)
(-2.829686 -1390.091 -15818.54)
(-22.14969 -6562.581 -50059.6)
(-22.12873 -4235.036 -29100.35)
(-21.93265 -2521.355 -31122.69)
(-21.43227 -1405.454 -32210.48)
(-20.76918 -700.4406 -32755.72)
(-20.2241 -223.4749 -32974.37)
(-19.55107 172.067 -32959.87)
(-18.75009 607.5366 -32714.96)
(-17.83418 1188.519 -32157.88)
(-16.73045 1977.611 -31122.08)
(-14.44448 3324.987 -28000.61)
(-11.37677 2674.978 -23697.63)
(-8.420171 1629.404 -20777.44)
(-5.34631 825.7973 -19166.77)
(-1.918431 248.6762 -18463.87)
(-2.003041 -2561.085 -17907.79)
(-4.077362 -2555.226 -18108.01)
(-5.142776 -2547.141 -18309.99)
(-6.414788 -2538.744 -26966.87)
(-3.27458 -1224.229 -18670.28)
(-3.048888 -1089.823 -20012.52)
(-2.959765 -908.9151 -20806.05)
(-2.879909 -686.8825 -21436.54)
(-2.720324 -434.1885 -14946.78)
(-21.37165 -2173.501 -47305.95)
(-20.88137 -1461.888 -27840.22)
(-20.70014 -899.3985 -30188.77)
(-20.38181 -512.9822 -31587.02)
(-19.79523 -259.6063 -32343.84)
(-19.06125 -84.42779 -32671.51)
(-18.41445 60.89373 -32677.53)
(-17.65145 216.5683 -32381.43)
(-16.77545 413.8326 -31731.57)
(-15.80773 663.017 -30634.47)
(-13.64697 1051.595 -27847.56)
(-10.70237 879.1713 -23967.09)
(-7.888467 548.8048 -21093.51)
(-4.980403 281.4111 -19416)
(-1.778583 85.12324 -18665.51)
(-7.330279 1871.551 -4590.438)
(-7.587082 1869.813 -10943.24)
(-7.717219 1867.701 -13729.49)
(-8.345858 1864.182 -15491.14)
(-8.747983 1860.088 -15677.73)
(-12.58099 2545.564 -19216.88)
(-13.81143 2538.936 -17785.87)
(-14.5581 2531.054 -17977.26)
(-15.22169 2522.39 -18167.89)
(-16.31499 2512.536 -26746.63)
(-8.653047 1210.745 -18508.8)
(-8.724887 1077.378 -19826.04)
(-8.609196 897.9428 -20597.49)
(-8.542605 678.0054 -21207.06)
(-8.353025 428.2804 -14774.76)
(-70.23054 2142.468 -46718.22)
(-73.60682 1439.552 -27456.8)
(-76.72574 884.594 -29735.32)
(-79.969 503.8091 -31069.75)
(-83.13662 254.5202 -31765.05)
(-85.96275 82.52248 -32030.04)
(-88.13676 -59.71079 -31970.97)
(-88.92619 -211.4624 -31607.78)
(-86.68345 -402.9181 -30891.71)
(-78.80625 -643.6603 -29738.11)
(-59.29172 -1018.012 -26957.41)
(-35.3977 -849.1043 -23149.36)
(-10.14406 -529.1218 -20344.58)
(-7.099609 6064.751 -4608.806)
(-7.544631 6058.931 -10999.9)
(-7.743561 6052.446 -13822.83)
(-7.906089 6041.616 -15623.27)
(-8.573459 6028.882 -15836.01)
(-12.23589 8250.526 -19447.26)
(-12.86442 8231.315 -18049.73)
(-14.20463 8208.571 -18290.34)
(-14.96015 8181.81 -18528.97)
(-15.62745 8152.053 -27354.44)
(-8.121478 3937.201 -19055.21)
(-8.226208 3524.025 -20620.85)
(-8.182577 2952.799 -21610.89)
(-7.967826 2226.844 -22399.64)
(-7.73113 1373.747 -15658.93)
(-64.60111 6481.211 -49511.1)
(-67.1963 4178.882 -28750.41)
(-69.6082 2485.364 -30715.67)
(-71.85224 1383.73 -31752.96)
(-74.20725 688.5876 -32248.63)
(-76.45847 219.1196 -32415.87)
(-78.31317 -169.1769 -32346.85)
(-79.43895 -595.2173 -32043.86)
(-79.14445 -1161.583 -31427.71)
(-76.01109 -1927.822 -30338.1)
(-62.83396 -3232.317 -27219.93)
(-42.55325 -2593.464 -22976.36)
(-23.53332 -1576.268 -20103.48)
(-5.742565 -797.616 -18522.96)
(-7.262984 11615.76 -4643.299)
(-7.531912 11607.47 -11107.53)
(-7.90364 11594.52 -14008.27)
(-8.203489 11580.16 -15883.94)
(-8.502444 11559.38 -16146.05)
(-12.38853 15823.2 -19907.63)
(-12.9208 15792.99 -18573.79)
(-13.62476 15757.44 -18916.07)
(-15.0067 15715.94 -19256.71)
(-15.85465 15669.65 -28580.54)
(-8.039355 7623.726 -20175.02)
(-7.989346 6970.571 -22305.49)
(-7.915415 5985.17 -23866.09)
(-7.698736 4585.058 -25187.59)
(-7.293222 2728.601 -17786.08)
(-60.04941 10841.67 -56212.45)
(-61.98253 6321.331 -31518.85)
(-63.61059 3502.123 -32614.67)
(-65.18688 1862.298 -32967.11)
(-66.6674 900.33 -33047.2)
(-68.21498 276.758 -33023.33)
(-69.58366 -239.2007 -32940.45)
(-70.44857 -837.2312 -32777.08)
(-70.44716 -1719.49 -32424.24)
(-68.93295 -3112.474 -31590.65)
(-59.61698 -6058.568 -27706.7)
(-44.45821 -4446.755 -22476.28)
(-28.30275 -2571.782 -19556.99)
(-13.33038 -1272.454 -18120.04)
(-1.834418 -379.5666 -17521.36)
(-7.669831 19183.86 -4682.695)
(-7.992988 19174.02 -11232.64)
(-8.292219 19162.37 -14228.67)
(-8.65227 19148.13 -16197.84)
(-8.959778 19131.64 -16526.3)
(-12.87215 26214.15 -20469.97)
(-13.65425 26187.39 -19219.14)
(-14.13388 26158.95 -19686.58)
(-14.98509 26126.7 -20156.77)
(-16.47255 26089.88 -30108.84)
(-8.442702 12929.47 -21629.01)
(-8.231367 12511.01 -24720.65)
(-7.984887 11629.65 -27589.13)
(-7.648205 9820.436 -30568.07)
(-7.10221 6229.638 -22362.91)
(-56.45235 14244.35 -71114.1)
(-57.47131 6774.285 -36151.16)
(-58.48124 3346.322 -35252.51)
(-59.41516 1666.991 -34447.25)
(-60.35796 776.3023 -33940.75)
(-61.19436 228.9368 -33677.59)
(-61.98776 -224.7561 -33600.92)
(-62.45031 -791.4215 -33685.33)
(-62.196 -1761.008 -33889.59)
(-60.7752 -3722.455 -33907.38)
(-52.47095 -10290.95 -28578.52)
(-41.54518 -6381.93 -21400.32)
(-29.36376 -3433.255 -18648.75)
(-16.06856 -1650.453 -17523.24)
(-4.254303 -487.2501 -17075.1)
(-8.279082 27699.26 -4665.086)
(-8.746405 27694.28 -11196.51)
(-9.056033 27697.59 -14187.96)
(-9.402185 27706.28 -16156.27)
(-9.887588 27721.72 -16484.49)
(-14.0074 38039.94 -20415.96)
(-14.65538 38065.52 -19161.35)
(-15.55899 38099.32 -19623.12)
(-16.16161 38142.74 -20088.89)
(-17.20224 38192.66 -30016.05)
(-9.14677 19539.47 -21704.03)
(-9.028738 20958.61 -25537.88)
(-8.725353 23101.25 -30586.3)
(-8.238379 26237.38 -38701.66)
(-7.353632 30821.88 -33242.54)
(-53.64458 7744.616 -117588.3)
(-53.35179 3193.053 -42479.83)
(-53.75331 1445.081 -37798.53)
(-54.32596 684.6031 -35624.88)
(-54.83547 310.0075 -34584.28)
(-55.2843 88.7443 -34135.77)
(-55.53016 -95.02193 -34087.44)
(-55.5515 -337.9737 -34459.47)
(-54.97032 -800.422 -35528.11)
(-53.1656 -1895.591 -38142.17)
(-43.60169 -17719.74 -30323.97)
(-36.06746 -8092.723 -19208.38)
(-27.42604 -4012.304 -17330.21)
(-16.6672 -1878.704 -16762.87)
(-5.136715 -549.7512 -16540.3)
(-9.326188 31678.73 -4475.843)
(-9.692676 31677.87 -10648.45)
(-10.17373 31686.21 -13301.24)
(-10.50185 31706.83 -14928.21)
(-10.95747 31736.43 -15031.22)
(-15.79261 43569.57 -18263.32)
(-16.39769 43617.93 -16674.53)
(-17.11262 43681.02 -16637.23)
(-18.12955 43759.53 -16597.23)
(-19.03771 43852.24 -24071.37)
(-9.940628 22624.13 -15991.62)
(-10.3562 24871.98 -15763.41)
(-10.55476 28341.22 -14327.76)
(-10.80884 33574.51 -11183.98)
(-11.28493 41498.44 -4517.091)
(-33.42665 -19106.47 -6952.133)
(-30.03954 -8429.945 -14688.62)
(-24.06543 -4110.731 -15671.13)
(-15.66795 -1909.666 -15912.1)
(-5.336665 -556.9276 -15966.81)
(-10.06192 28596.22 -4355.375)
(-10.63045 28591.79 -10305.66)
(-11.09425 28592.45 -12756.3)
(-11.57746 28597.46 -14181.04)
(-11.93548 28608.81 -14152.88)
(-17.09311 39251.08 -16969)
(-17.97906 39269.91 -15185.27)
(-18.76622 39295.03 -14855.26)
(-19.56722 39326.73 -14524.01)
(-20.69709 39366.43 -20566.63)
(-10.75 20041.42 -12821.32)
(-11.16192 21120.29 -11179.12)
(-11.78753 22506.57 -8748.026)
(-12.30743 24014.45 -5702.227)
(-12.98099 25220.18 -2004.433)
(-26.41939 -13132.16 -5066.059)
(-24.84584 -7182.019 -11825.62)
(-20.57952 -3681.778 -14180.74)
(-13.93257 -1730.372 -15097.85)
(-5.048165 -505.875 -15417.04)
(-10.52899 21724.51 -4300.066)
(-11.05688 21719.85 -10155.85)
(-11.67382 21716.19 -12528.5)
(-12.21623 21714.57 -13875.97)
(-12.74652 21713.73 -13798.25)
(-17.99641 29779.3 -16448.54)
(-18.78991 29779.41 -14586.45)
(-19.74968 29782.82 -14140.02)
(-20.70411 29788.07 -13692.83)
(-21.59041 29794.85 -19165.07)
(-11.25016 15031.71 -11592.05)
(-11.63905 15426.36 -9543.799)
(-12.20905 15884.75 -7026.121)
(-13.0061 16309.14 -4320.442)
(-13.73532 16574.38 -1460.313)
(-21.56163 -8615.617 -4008.824)
(-20.76511 -5317.205 -10042.84)
(-17.545 -2864.412 -13034.88)
(-12.12364 -1369.369 -14421.8)
(-4.534918 -402.3753 -14952.37)
(-10.74118 13362.21 -4276.359)
(-11.17546 13358.67 -10095.65)
(-11.73384 13355.97 -12444.3)
(-12.40721 13352.96 -13767.44)
(-12.99508 13350.6 -13675.9)
(-18.56238 18304.89 -16270.52)
(-19.10454 18302.28 -14380.91)
(-19.95851 18299.32 -13894.07)
(-20.95729 18297.77 -13407.22)
(-22.03023 18296 -18684.01)
(-11.35437 9190.695 -11174.96)
(-11.74543 9318.133 -9009.097)
(-12.2475 9459.266 -6496.731)
(-12.93603 9580.685 -3926.416)
(-13.85636 9649.267 -1313.606)
(-18.2095 -4903.524 -3438.459)
(-17.71058 -3233.985 -9006.575)
(-15.10882 -1804.444 -12278.37)
(-10.53641 -875.1389 -13949.75)
(-3.996549 -258.4075 -14623.64)
(-10.77565 4493.936 -4267.707)
(-11.05767 4492.63 -10075.7)
(-11.47392 4491.612 -12418.31)
(-12.06937 4490.783 -13736.27)
(-12.76894 4489.76 -13641.05)
(-18.38987 6155.594 -16220.8)
(-19.1035 6153.545 -14321.93)
(-19.61119 6152.783 -13823.63)
(-20.50745 6151.099 -13325.11)
(-21.55305 6150.355 -18545.27)
(-11.22223 3084.593 -11054.32)
(-11.48363 3113.364 -8855.03)
(-11.94379 3144.618 -6347.485)
(-12.52936 3170.78 -3818.06)
(-13.3042 3184.754 -1274.023)
(-15.9364 -1594.606 -3189.221)
(-15.50967 -1083.346 -8534.881)
(-13.24581 -615.3312 -11913.04)
(-9.249245 -300.8237 -13718.9)
(-3.52182 -89.08609 -14466.32)
(-9.509625 -4496.257 -4269.715)
(-10.75404 -4495.044 -10079.82)
(-11.0369 -4493.924 -12423.53)
(-11.44327 -4493.007 -13741.8)
(-12.02163 -4491.7 -13647.27)
(-17.49201 -6158.348 -16227.68)
(-18.3772 -6157.319 -14329.2)
(-19.0503 -6155.79 -13830.17)
(-19.60477 -6154.385 -13331.72)
(-20.50332 -6153.436 -18553.94)
(-10.63838 -3086.352 -11060.18)
(-10.99421 -3115.184 -8860.091)
(-11.31203 -3146.525 -6351.146)
(-11.82726 -3172.901 -3820.417)
(-12.47393 -3187.17 -1274.843)
(-14.44599 1597.07 -3193.855)
(-13.98567 1085.224 -8548.617)
(-11.87349 616.5338 -11934.41)
(-8.251223 301.4924 -13746.5)
(-3.134171 89.31067 -14499.09)
(-7.753767 -13376.61 -4281.086)
(-9.203762 -13374.21 -10108.18)
(-10.41245 -13371.48 -12458.51)
(-10.69317 -13369.46 -13783.99)
(-11.06057 -13367.89 -13692.39)
(-15.92164 -18330.17 -16291.47)
(-16.95638 -18327.2 -14399.86)
(-17.82236 -18325.83 -13913.38)
(-18.4511 -18324.66 -13426.5)
(-18.97021 -18323.96 -18711.93)
(-9.819087 -9205.547 -11192.68)
(-10.1126 -9333.875 -9023.946)
(-10.48293 -9476.078 -6508.027)
(-10.83358 -9598.699 -3933.607)
(-11.38643 -9668.566 -1316.176)
(-13.54915 4925.096 -3453.539)
(-12.97733 3249.753 -9050.36)
(-10.89414 1814.277 -12344.96)
(-7.498479 880.494 -14034.59)
(-2.829807 260.1852 -14723.73)
(-3.541323 -21761.93 -4308.466)
(-7.214499 -21758.56 -10175.08)
(-8.615638 -21758.02 -12553.25)
(-9.760314 -21757.26 -13902.36)
(-10.03578 -21759.48 -13825.89)
(-14.20434 -29844.29 -16482.48)
(-14.87618 -29847.2 -14618.21)
(-15.9022 -29852.22 -14171.93)
(-16.75649 -29861.04 -13725.23)
(-17.28904 -29872.01 -19212.51)
(-8.768836 -15071.89 -11622.01)
(-9.007613 -15469.52 -9569.705)
(-9.306946 -15931.55 -7046.148)
(-9.676543 -16359.96 -4333.521)
(-10.03675 -16628.99 -1465.017)
(-13.12139 8679.15 -4038.437)
(-12.35445 5360.753 -10125.23)
(-10.20588 2890.602 -13154.28)
(-6.937484 1383.408 -14569.94)
(-2.594467 407.0136 -15124.89)
(-3.144565 -28662.62 -10332.9)
(-6.463307 -28666.96 -12789.52)
(-7.749459 -28677.67 -14219.55)
(-8.816783 -28690.66 -14191.2)
(-12.50452 -39369.59 -17016.7)
(-12.83074 -39393.01 -15229.61)
(-13.39628 -39423.8 -14901.46)
(-14.38808 -39461.42 -14570.93)
(-15.22334 -39507.73 -20636.04)
(-7.697606 -20116.7 -12866.58)
(-7.696999 -21203.02 -11220.74)
(-7.912761 -22599.16 -8782.335)
(-8.184141 -24118.45 -5726.003)
(-8.531778 -25335.88 -2013.277)
(-13.12146 13269.75 -5119.264)
(-12.00091 7265.737 -11963.81)
(-9.713716 3729.726 -14365.96)
(-6.510876 1755.629 -15318.8)
(-2.411279 514.1604 -15669.44)
(-2.67367 -31792.6 -13344.24)
(-5.554749 -31817.83 -14977.1)
(-6.686337 -31854.56 -15082.64)
(-10.51304 -43736.18 -18327.98)
(-10.96355 -43793.83 -16736.3)
(-11.15344 -43865.33 -16700.92)
(-11.60111 -43952.58 -16664.78)
(-12.5371 -44053.86 -24174.1)
(-6.547179 -22733.74 -16063.06)
(-6.41744 -24997.63 -15837.23)
(-6.313467 -28490.74 -14399.63)
(-6.411858 -33760.47 -11243.38)
(-6.584272 -41741.3 -4542.678)
(-13.5694 19369.23 -7047.942)
(-11.82828 8559.12 -14914.22)
(-9.326577 4181.158 -15940.28)
(-6.164481 1946.289 -16217.44)
(-2.2626 568.8241 -16306.54)
(-2.215914 -27825.06 -16218.94)
(-4.662056 -27846.43 -16550.68)
(-7.714249 -38221.75 -20502.03)
(-8.907757 -38253.68 -19245.44)
(-9.357032 -38297 -19713.64)
(-9.457421 -38348.75 -20186.04)
(-9.788362 -38411.83 -30168.58)
(-5.164999 -19656.44 -21821.86)
(-5.170535 -21089.3 -25685.78)
(-4.796105 -23251.63 -30773.86)
(-4.320896 -26416.82 -38956.34)
(-3.755317 -31043.55 -33475.83)
(-26.54882 -7805.175 -118471.5)
(-25.53247 -3219.89 -42816.46)
(-24.63154 -1458.146 -38118.27)
(-24.11727 -691.3085 -35949.17)
(-23.55553 -313.326 -34924.31)
(-22.90104 -89.84057 -34500.18)
(-22.13967 96.04852 -34484.11)
(-21.10362 342.2442 -34898.52)
(-19.91702 811.6519 -36026.7)
(-18.4436 1925.039 -38734.29)
(-14.53407 18025.51 -30847.27)
(-11.72524 8248.457 -19578.56)
(-8.980036 4098.567 -17703.13)
(-5.850777 1923.649 -17162.87)
(-2.132277 564.1705 -16970.86)
(-1.87563 -19235.32 -16601.99)
(-5.45057 -26362.62 -20568.4)
(-6.636775 -26343.52 -19316.67)
(-7.716113 -26321.05 -19792.26)
(-8.105566 -26296.96 -20268.84)
(-8.220789 -26269.26 -30286.91)
(-4.143249 -13023.09 -21765.88)
(-4.132171 -12605.92 -24888.18)
(-4.028884 -11722.04 -27788.36)
(-3.6204 -9902.23 -30802.13)
(-3.155514 -6284.44 -22546.69)
(-24.39989 -14378.7 -71740.17)
(-24.00784 -6842.946 -36492.44)
(-23.38661 -3382.826 -35609.72)
(-22.65552 -1686.64 -34823.84)
(-22.13898 -786.3092 -34342.85)
(-21.51759 -232.3488 -34111.47)
(-20.76927 227.6694 -34073.77)
(-19.88449 803.5405 -34205.75)
(-18.72874 1791.008 -34467.17)
(-17.42089 3792.848 -34548.15)
(-14.53717 10507.42 -29179.65)
(-11.47661 6531.575 -21902.42)
(-8.623294 3522.719 -19134.09)
(-5.546394 1697.618 -18021.23)
(-2.007526 502.1592 -17591.91)
(-2.246803 -15930.38 -20014.56)
(-4.708691 -15904.14 -18679.47)
(-5.821204 -15872.27 -19030.79)
(-6.983576 -15836.37 -19379.55)
(-7.403743 -15796.55 -28774.15)
(-3.610067 -7689.027 -20319.53)
(-3.488116 -7033.454 -22476.9)
(-3.415409 -6042.006 -24062.14)
(-3.270484 -4630.768 -25409.25)
(-2.919137 -2757.36 -17952.66)
(-22.55921 -10962.92 -56780.25)
(-22.39672 -6396.992 -31865.1)
(-22.0978 -3547.276 -33001.98)
(-21.53043 -1888.252 -33390.77)
(-20.81934 -914.0437 -33508.78)
(-20.24105 -281.6324 -33526.36)
(-19.53922 242.842 -33490.21)
(-18.70213 852.4521 -33379.26)
(-17.73152 1754.387 -33082.98)
(-16.54468 3182.702 -32303.21)
(-14.10004 6210.725 -28402.54)
(-11.08328 4570.678 -23102.43)
(-8.229586 2650.354 -20152.52)
(-5.24223 1314.131 -18708.63)
(-1.884341 392.5773 -18110)
(-2.027785 -8297.847 -18162.82)
(-4.255309 -8278.478 -18413.05)
(-5.376711 -8254.669 -18663.11)
(-6.566936 -8228.845 -27562.89)
(-3.360808 -3976.566 -19208.84)
(-3.139199 -3560.999 -20798.59)
(-3.024681 -2985.246 -21811.7)
(-2.930017 -2252.906 -22622.22)
(-2.760679 -1390.776 -15825.31)
(-21.57201 -6565.524 -50078.14)
(-21.01766 -4237.079 -29112.92)
(-20.78721 -2522.581 -31136.71)
(-20.43422 -1406.203 -32226.24)
(-19.82417 -700.8431 -32772.07)
(-19.07145 -223.6058 -32991.89)
(-18.40826 172.1572 -32978.59)
(-17.62643 607.8977 -32734.65)
(-16.72407 1189.28 -32178.57)
(-15.71968 1978.967 -31143.46)
(-13.49827 3327.409 -28021.02)
(-10.56917 2677.084 -23716.29)
(-7.798796 1630.785 -20795.1)
(-4.930791 826.5538 -19184.43)
(-1.762317 248.9238 -18482.38)
(-1.994178 -2555.492 -18112.44)
(-4.064266 -2548.635 -18312.16)
(-5.127448 -2539.588 -26974.82)
(-3.085203 -1224.578 -18676.42)
(-3.022556 -1090.267 -20018.87)
(-2.799157 -909.2857 -20812.16)
(-2.678102 -687.1061 -21444.45)
(-2.560544 -434.3672 -14952.28)
(-20.78904 -2174.533 -47325.82)
(-20.31176 -1462.543 -27850.99)
(-19.67506 -899.8322 -30201.82)
(-19.32507 -513.2322 -31601.3)
(-18.87096 -259.7464 -32359.63)
(-18.18562 -84.48046 -32687.86)
(-17.36987 60.92389 -32694.91)
(-16.62027 216.6899 -32399.84)
(-15.76949 414.0816 -31750.69)
(-14.82462 663.4433 -30654.19)
(-12.81748 1052.317 -27866.69)
(-10.0006 879.812 -23984.6)
(-7.329258 549.2368 -21110.14)
(-4.612571 281.6497 -19432.51)
(-1.640335 85.20122 -18682.72)
(-6.895847 1872.797 -4592.622)
(-7.311017 1870.907 -10949.23)
(-7.561269 1868.447 -13736.01)
(-7.690204 1865.566 -15498.02)
(-8.313099 1861.318 -15686.59)
(-11.9528 2546.722 -19226.73)
(-12.54239 2540.98 -17796.18)
(-13.76784 2533.391 -17988.75)
(-14.51191 2524.551 -18179.48)
(-15.17358 2514.921 -26764.82)
(-7.881592 1211.999 -18522.7)
(-8.015584 1078.4 -19843.6)
(-7.992583 898.9808 -20616.56)
(-7.803698 678.871 -21228.19)
(-7.622939 428.829 -14791.64)
(-64.02349 2145.501 -46775.81)
(-66.77214 1441.764 -27495.42)
(-69.32041 886.1113 -29781.76)
(-71.66891 504.7758 -31123.92)
(-74.10365 255.063 -31827.74)
(-76.41884 82.73426 -32101.38)
(-78.33891 -59.84805 -32051.74)
(-79.55131 -212.0554 -31698.23)
(-79.3876 -404.1988 -30991.22)
(-76.44 -645.8851 -29842.33)
(-63.54157 -1021.545 -27051.45)
(-43.10924 -851.712 -23219.32)
(-23.82971 -530.4589 -20391.91)
(-5.810345 -271.5595 -18746.41)
(-6.821217 6067.406 -4610.992)
(-7.081778 6062.809 -11005.06)
(-7.517935 6054.756 -13830.78)
(-7.716051 6045.995 -15628.91)
(-7.879051 6032.947 -15843.32)
(-11.7142 8255.254 -19458.62)
(-12.19873 8236.645 -18057.98)
(-12.8256 8214.469 -18301.45)
(-14.15757 8188.752 -18541.4)
(-14.91107 8159.041 -27372.12)
(-7.548601 3940.912 -19068.51)
(-7.526728 3527.465 -20636.94)
(-7.519157 2955.672 -21630.1)
(-7.373097 2229.359 -22420.83)
(-7.073333 1375.427 -15674.89)
(-58.9804 6489.496 -49568.42)
(-61.24911 4184.749 -28787.08)
(-63.14099 2489.177 -30759.37)
(-64.90096 1386.103 -31802.97)
(-66.50861 689.9179 -32305.22)
(-68.15662 219.6085 -32480.06)
(-69.62603 -169.5195 -32419.09)
(-70.62967 -596.7078 -32124.95)
(-70.85512 -1164.892 -31517.69)
(-69.71069 -1933.986 -30435.66)
(-61.09512 -3243.532 -27314.65)
(-45.66821 -2602.457 -23055.34)
(-28.98643 -1581.102 -20163.37)
(-13.62337 -799.6083 -18563.64)
(-1.873638 -240.4353 -17863.5)
(-6.998213 11622.14 -4645.655)
(-7.24502 11613 -11112.39)
(-7.508225 11601.34 -14015.03)
(-7.876382 11585.02 -15890.71)
(-8.171349 11567.21 -16154.68)
(-11.6184 15833.55 -19916.75)
(-12.35185 15802.45 -18583.78)
(-12.88084 15767.73 -18926.01)
(-13.58267 15727.66 -19267.88)
(-14.957 15681.6 -28600.41)
(-7.647063 7630.383 -20188.48)
(-7.435475 6976.945 -22321.87)
(-7.27474 5990.711 -23885.37)
(-7.073939 4589.553 -25210.31)
(-6.732292 2731.605 -17803.37)
(-54.98641 10854.42 -56271.7)
(-56.5968 6329.382 -31556.23)
(-57.97365 3507.021 -32656.86)
(-59.12697 1865.156 -33014.33)
(-60.20543 901.8849 -33099.53)
(-61.14013 277.3233 -33081.52)
(-62.033 -239.6432 -33005.84)
(-62.64065 -839.0883 -32850.44)
(-62.6547 -1723.842 -32506.39)
(-61.76235 -3121.376 -31681.13)
(-54.80534 -6077.988 -27795.57)
(-43.34936 -4462.178 -22553.72)
(-30.42003 -2580.682 -19623.26)
(-16.55491 -1276.352 -18173.34)
(-4.377149 -380.508 -17558.59)
(-7.273479 19192.37 -4684.409)
(-7.652588 19183.16 -11238.59)
(-7.967863 19171.58 -14234.88)
(-8.263162 19158.12 -16206.11)
(-8.621655 19142.06 -16532.79)
(-12.24751 26228.3 -20480.7)
(-12.83298 26203.95 -19228.94)
(-13.61187 26174.87 -19697.96)
(-14.09182 26144 -20166.48)
(-14.93908 26109.22 -30128.16)
(-7.948533 12939.35 -21643.75)
(-7.78378 12521.24 -24738.52)
(-7.45251 11639.8 -27610.45)
(-7.052264 9829.279 -30593.46)
(-6.524628 6235.714 -22383.5)
(-52.06091 14259.69 -71185.45)
(-52.63866 6782.173 -36190.27)
(-53.40194 3350.575 -35294.65)
(-54.14332 1669.323 -34492.07)
(-54.74403 777.5011 -33989.52)
(-55.25369 229.3549 -33731.07)
(-55.55992 -225.1238 -33660.29)
(-55.67774 -792.9866 -33752.32)
(-55.30897 -1764.956 -33965.56)
(-54.07122 -3731.899 -33993.37)
(-47.08446 -10320.43 -28660.37)
(-38.30041 -6402.385 -21468.67)
(-28.69841 -3445.147 -18712.34)
(-17.29259 -1656.154 -17581.93)
(-5.309754 -488.7415 -17124.93)
(-8.037942 27710.19 -4667.032)
(-8.263486 27707.67 -11201)
(-8.722662 27709.65 -14195.16)
(-9.028396 27719.82 -16162.78)
(-9.372064 27735.44 -16492.44)
(-13.51792 38061.17 -20425.88)
(-13.97174 38086.16 -19170.16)
(-14.61603 38121.84 -19633.94)
(-15.51489 38165.81 -20100.17)
(-16.11748 38219.44 -30031.87)
(-8.342897 19553.24 -21718.23)
(-8.49961 20974.26 -25556.21)
(-8.228738 23119.29 -30608.92)
(-7.689217 26259.38 -38732.67)
(-6.788564 30849 -33270.97)
(-49.30681 7752.167 -117699.2)
(-49.18524 3196.487 -42522.85)
(-49.237 1446.763 -37839.6)
(-49.60781 685.4745 -35667.5)
(-49.96384 310.4443 -34629.37)
(-50.13974 88.88851 -34184.88)
(-50.13226 -95.16313 -34141.66)
(-49.7917 -338.5685 -34520.48)
(-49.01246 -802.0173 -35598.87)
(-47.28444 -1899.85 -38227.79)
(-38.8223 -17764.71 -30400.95)
(-32.42357 -8115.898 -19263.39)
(-25.34156 -4025.156 -17385.3)
(-16.31674 -1885.203 -16819.57)
(-5.532847 -551.6477 -16595.34)
(-8.853307 31691.41 -4477.947)
(-9.310372 31691.28 -10652.66)
(-9.67158 31701.32 -13307.35)
(-10.1483 31720.54 -14934.74)
(-10.47412 31752.05 -15038)
(-14.99028 43590.92 -18272.25)
(-15.75963 43641.53 -16682.85)
(-16.36472 43705.71 -16645.41)
(-17.07836 43784.72 -16606.18)
(-18.09274 43879.25 -24085.12)
(-9.315265 22639.56 -16001.16)
(-9.536862 24889.34 -15773.74)
(-9.934137 28362.06 -14338.07)
(-10.16609 33600.52 -11192.26)
(-10.52958 41532.98 -4520.719)
(-29.74016 -19149.41 -6967.795)
(-26.76765 -8451.341 -14726)
(-21.66293 -4122.499 -15715.99)
(-14.49953 -1915.779 -15962.52)
(-5.229753 -558.8525 -16020.59)
(-9.559047 28606.79 -4357.177)
(-10.04673 28603.41 -10310.17)
(-10.60959 28604.66 -12761.94)
(-11.07021 28610.94 -14187.32)
(-11.55166 28621.58 -14159)
(-16.33583 39270.22 -16976.72)
(-17.06434 39289.06 -15192.59)
(-17.9489 39316.09 -14863.01)
(-18.73582 39349.38 -14531.48)
(-19.5366 39389.23 -20577.97)
(-10.18011 20053.81 -12828.9)
(-10.45424 21134.35 -11185.99)
(-10.90202 22522.31 -8753.92)
(-11.58097 24032.14 -5706.353)
(-12.18901 25239.95 -2005.942)
(-23.56505 -13158.39 -5076.209)
(-22.10962 -7198.172 -11852.32)
(-18.34661 -3691.12 -14216.88)
(-12.55244 -1735.322 -15141.07)
(-4.676027 -507.4936 -15465.82)
(-10.09705 21732.86 -4301.975)
(-10.51388 21727.82 -10160.07)
(-11.03725 21725.29 -12533.85)
(-11.65149 21723.68 -13881.68)
(-12.1913 21724.11 -13804.54)
(-17.44807 29792.58 -16456.07)
(-17.96907 29794.09 -14593.24)
(-18.76245 29797.36 -14146.95)
(-19.72149 29803.9 -13699.99)
(-20.6752 29812.25 -19175.62)
(-10.64347 15040.44 -11598.54)
(-11.00004 15435.9 -9549.554)
(-11.43298 15895.33 -7030.572)
(-12.05734 16320.57 -4323.438)
(-12.92268 16586.66 -1461.386)
(-19.32759 -8630.949 -4015.992)
(-18.52336 -5327.833 -10063)
(-15.61428 -2870.859 -13064.35)
(-10.81116 -1372.84 -14458.59)
(-4.087746 -403.5249 -14995.17)
(-10.43928 13366.99 -4277.927)
(-10.72696 13363.65 -10100.15)
(-11.15624 13360.78 -12449.09)
(-11.71227 13358.68 -13773.39)
(-12.38309 13356.3 -13681.54)
(-17.79114 18314.09 -16277.84)
(-18.53571 18309.92 -14387.54)
(-19.07783 18308.36 -13900.78)
(-19.93171 18306.44 -13413.91)
(-20.93054 18305.9 -18693.71)
(-10.87056 9196.049 -11181.29)
(-11.12227 9323.552 -9014.204)
(-11.56257 9465.151 -6500.7)
(-12.11587 9587.121 -3928.961)
(-12.86498 9656.035 -1314.531)
(-16.42234 -4911.371 -3443.985)
(-15.87582 -3239.744 -9022.703)
(-13.47852 -1808.056 -12303.04)
(-9.377207 -877.1098 -13981.32)
(-3.564309 -259.061 -14660.95)
(-9.528535 4495.512 -4269.666)
(-10.76074 4494.343 -10079.7)
(-11.03949 4493.184 -12423.17)
(-11.45351 4492.284 -13741.51)
(-12.0458 4491.584 -13647.11)
(-17.48183 6158.484 -16227.23)
(-18.36364 6156.769 -14329.12)
(-19.07728 6154.966 -13829.59)
(-19.58673 6154.438 -13331.36)
(-20.48261 6152.997 -18554.17)
(-10.64206 3086.322 -11060.25)
(-10.99718 3115.112 -8860.135)
(-11.31006 3146.499 -6351.086)
(-11.82265 3172.776 -3820.435)
(-12.46466 3186.995 -1274.848)
(-14.44627 -1596.922 -3193.852)
(-13.98638 -1085.084 -8548.608)
(-11.87375 -616.4283 -11934.39)
(-8.251486 -301.4293 -13746.49)
(-3.134269 -89.28713 -14499.07)
(-8.019467 -4497.756 -4270.878)
(-9.497155 -4496.666 -10084.24)
(-10.73568 -4495.595 -12427.97)
(-11.01729 -4494.607 -13747.1)
(-11.42141 -4493.811 -13652.48)
(-16.45821 -6161.152 -16234.53)
(-17.46752 -6159.527 -14335.18)
(-18.35243 -6158.736 -13836.57)
(-19.02567 -6157.46 -13337.64)
(-19.57983 -6156.281 -18563.36)
(-10.12193 -3087.886 -11065.46)
(-10.43302 -3116.837 -8864.829)
(-10.82783 -3148.336 -6354.702)
(-11.19583 -3174.697 -3822.636)
(-11.766 -3189.115 -1275.635)
(-13.1486 1599.171 -3198.064)
(-12.67807 1086.783 -8561.034)
(-10.70674 617.5162 -11953.61)
(-7.396604 302.0286 -13771.16)
(-2.796105 89.48769 -14528.25)
(-3.818788 -13380.71 -4282.99)
(-7.741412 -13378.04 -10110.87)
(-9.187729 -13376.31 -12463.75)
(-10.3925 -13374.19 -13788.6)
(-10.67264 -13372.79 -13697.64)
(-15.14245 -18337.78 -16297.24)
(-15.89863 -18335.18 -14406.06)
(-16.93254 -18333.27 -13919.1)
(-17.79881 -18332.95 -13432.53)
(-18.4271 -18332.81 -18720.53)
(-9.360752 -9210.052 -11197.99)
(-9.618748 -9338.539 -9028.445)
(-9.954681 -9481.043 -6511.4)
(-10.37065 -9604.089 -3935.784)
(-10.77404 -9674.156 -1316.937)
(-12.36229 4930.974 -3457.682)
(-11.81173 3254.023 -9062.289)
(-9.875674 1816.893 -12362.9)
(-6.761414 881.9007 -14057.19)
(-2.536735 260.6485 -14750.15)
(-3.534211 -21765.23 -10179.07)
(-7.199744 -21763.99 -12556.35)
(-8.597733 -21765.49 -13908.22)
(-9.739223 -21766.8 -13830.19)
(-13.73859 -29855.32 -16488.67)
(-14.1828 -29859.07 -14623.32)
(-14.8543 -29865.16 -14177.74)
(-15.87927 -29873.32 -13730.89)
(-16.7335 -29885.25 -19220.96)
(-8.523017 -15079.18 -11627.17)
(-8.573101 -15476.88 -9574.166)
(-8.847521 -15939.54 -7049.601)
(-9.192138 -16368.44 -4335.739)
(-9.614998 -16638.21 -1465.805)
(-12.00672 8688.588 -4042.851)
(-11.27137 5367.155 -10137.37)
(-9.289053 2894.399 -13171.62)
(-6.288978 1385.405 -14591.12)
(-2.339408 407.6643 -15149.25)
(-3.136291 -28675.48 -12793.82)
(-6.44752 -28685.45 -14223.08)
(-7.730847 -28701.79 -14196.58)
(-12.06559 -39382.51 -17022.19)
(-12.48312 -39407.62 -15235.28)
(-12.80955 -39439.27 -14906.4)
(-13.37496 -39478.27 -14576.65)
(-14.36506 -39524.07 -20644.43)
(-7.487699 -20125.43 -12872.17)
(-7.488607 -21212.95 -11225.37)
(-7.518756 -22609.82 -8786.419)
(-7.773936 -24130.37 -5728.698)
(-8.10532 -25348.9 -2014.301)
(-12.05543 13282.96 -5124.384)
(-10.98051 7273.641 -11976.89)
(-8.861695 3734.181 -14383.2)
(-5.925898 1757.935 -15339)
(-2.185921 514.9031 -15692.22)
(-2.665323 -31826.94 -14981.4)
(-5.538489 -31863.14 -15086.2)
(-9.147175 -43753.04 -18334.1)
(-10.49062 -43808.33 -16741.9)
(-10.94003 -43881.85 -16707.07)
(-11.13119 -43969.35 -16669.78)
(-11.5786 -44072.73 -24183.15)
(-6.132934 -22743.14 -16069.54)
(-6.271428 -25008.41 -15844.26)
(-6.158588 -28503.57 -14405.37)
(-6.084333 -33776.23 -11248.49)
(-6.24587 -41761.37 -4544.763)
(-12.51451 19386.98 -7054.42)
(-10.86681 8567.642 -14929.13)
(-8.533221 4185.708 -15957.71)
(-5.623574 1948.614 -16236.91)
(-2.05931 569.5715 -16328.06)
(-2.206698 -27854.24 -16555.1)
(-6.370923 -38232.28 -20507.23)
(-7.693387 -38268.04 -19251.15)
(-8.882904 -38310.15 -19720.32)
(-9.329601 -38363.7 -20193.09)
(-9.431146 -38425.76 -30177.53)
(-4.754654 -19664.59 -21829.41)
(-4.806361 -21098.2 -25696.11)
(-4.701217 -23261.77 -30787.56)
(-4.224188 -26428.39 -38972.12)
(-3.562404 -31057.91 -33491.01)
(-25.14652 -7808.96 -118526.5)
(-24.3321 -3221.569 -42837.89)
(-23.54455 -1458.96 -38137.52)
(-22.7331 -691.6956 -35968.3)
(-22.17561 -313.5156 -34944.2)
(-21.52956 -89.90328 -34520.95)
(-20.75828 96.10477 -34506.3)
(-19.83942 342.4774 -34922.5)
(-18.61413 812.2415 -36052.88)
(-17.12924 1926.553 -38764.77)
(-13.46338 18040.78 -30873.41)
(-10.81386 8256.014 -19596.55)
(-8.249778 4102.647 -17720.85)
(-5.35294 1925.743 -17181.66)
(-1.945117 564.8447 -16991.23)
(-2.560724 -26370.3 -20573.78)
(-5.430602 -26352.27 -19321.7)
(-6.614731 -26330.84 -19798.3)
(-7.691612 -26305.93 -20275.08)
(-8.080115 -26279.28 -30296.42)
(-3.971564 -13027.78 -21772.75)
(-3.830579 -12610.89 -24896.97)
(-3.743187 -11727.11 -27799.05)
(-3.54242 -9906.621 -30815.76)
(-3.081672 -6287.221 -22555.54)
(-23.16647 -14385.51 -71772.01)
(-22.74543 -6846.268 -36509.01)
(-22.29298 -3384.607 -35627.33)
(-21.63937 -1687.591 -34841.31)
(-20.87305 -786.7523 -34361.11)
(-20.25844 -232.4962 -34130.87)
(-19.52499 227.7954 -34094.28)
(-18.64541 804.0503 -34227.76)
(-17.60166 1792.234 -34490.85)
(-16.28075 3795.609 -34573.29)
(-13.50377 10515.69 -29202.62)
(-10.63007 6537.11 -21921)
(-7.952951 3525.946 -19151.71)
(-5.095209 1699.308 -18039.29)
(-1.836655 502.7057 -17611.17)
(-2.23781 -15909.37 -18684)
(-4.692999 -15878.62 -19034.14)
(-5.803439 -15842.21 -19385.08)
(-6.959578 -15801.71 -28783.55)
(-3.563622 -7691.906 -20326.31)
(-3.332686 -7036.106 -22483.86)
(-3.177445 -6044.258 -24070.75)
(-3.052582 -4632.764 -25418.74)
(-2.847168 -2758.632 -17960.53)
(-21.97227 -10967.83 -56801.88)
(-21.27546 -6400.055 -31879.01)
(-20.94398 -3549 -33016.91)
(-20.5253 -1889.255 -33407.16)
(-19.87322 -914.5675 -33525.55)
(-19.08828 -281.7975 -33544.19)
(-18.39687 242.9704 -33509.24)
(-17.58116 852.9598 -33399.36)
(-16.62773 1755.512 -33104.27)
(-15.54487 3184.884 -32325.41)
(-13.17644 6215.25 -28423.23)
(-10.29678 4574.276 -23120.63)
(-7.622009 2652.6 -20169.65)
(-4.834691 1315.335 -18725.87)
(-1.731019 392.9682 -18128.15)
(-2.020782 -8280.823 -18416.62)
(-4.241899 -8258.454 -18666.22)
(-5.359463 -8231.663 -27570.95)
(-3.161459 -3977.844 -19214.98)
(-3.09996 -3562.408 -20805.33)
(-2.872472 -2986.417 -21818.27)
(-2.727756 -2253.692 -22630.44)
(-2.593424 -1391.359 -15831.16)
(-20.98346 -6568.587 -50099.56)
(-20.44512 -4238.977 -29124.26)
(-19.75876 -2523.794 -31150.23)
(-19.37482 -1406.888 -32240.83)
(-18.89773 -701.2205 -32788.09)
(-18.19576 -223.7453 -33008.41)
(-17.36432 172.2429 -32996.14)
(-16.59665 608.2395 -32753.26)
(-15.72111 1189.996 -32197.96)
(-14.74194 1980.24 -31163.5)
(-12.67757 3329.692 -28040.27)
(-9.876175 2679.034 -23733.62)
(-7.246035 1632.068 -20811.49)
(-4.566547 827.2544 -19200.74)
(-1.625315 249.1518 -18499.41)
(-1.985302 -2548.917 -18316.6)
(-4.050901 -2541.064 -26978.2)
(-2.481281 -1224.991 -18681.94)
(-2.840919 -1090.597 -20025.42)
(-2.758396 -909.6483 -20818.84)
(-2.537504 -687.3791 -21450.83)
(-2.388397 -434.5173 -14957.78)
(-19.57958 -2175.445 -47343.37)
(-19.73305 -1463.222 -27862.75)
(-19.11861 -900.2355 -30213.78)
(-18.38037 -513.4796 -31615.03)
(-17.89913 -259.874 -32374.32)
(-17.33381 -84.52923 -32703.8)
(-16.56562 60.94925 -32711.32)
(-15.68165 216.8044 -32417.09)
(-14.84878 414.3164 -31768.73)
(-13.93505 663.8437 -30672.67)
(-12.02097 1052.994 -27884.63)
(-9.388838 880.4156 -24001.08)
(-6.848329 549.637 -21125.59)
(-4.285907 281.8714 -19447.84)
(-1.519126 85.27344 -18698.62)
(-6.680451 1873.589 -4594.868)
(-6.87813 1872.149 -10954.17)
(-7.286572 1869.524 -13743.08)
(-7.532716 1866.34 -15505.09)
(-7.661401 1862.691 -15693.38)
(-11.35989 2548.395 -19237.47)
(-11.91487 2542.156 -17805.3)
(-12.50326 2535.422 -17999.23)
(-13.72355 2526.873 -18191.16)
(-14.465 2517.075 -26781.97)
(-7.330359 1213.144 -18535.45)
(-7.317328 1079.484 -19858.76)
(-7.344404 899.8428 -20634.86)
(-7.22993 679.6466 -21247.99)
(-6.971676 429.3623 -14806.45)
(-58.44851 2148.244 -46829.62)
(-60.86182 1443.793 -27530.3)
(-62.88032 887.4719 -29824.02)
(-64.73656 505.6425 -31172.86)
(-66.41506 255.5563 -31883.53)
(-68.12124 82.9188 -32164.92)
(-69.64896 -59.96826 -32123.3)
(-70.72975 -212.5859 -31778.42)
(-71.07269 -405.3496 -31079.95)
(-70.10235 -647.9494 -29938.29)
(-61.77777 -1025.088 -27145.58)
(-46.25964 -854.6642 -23299.15)
(-29.33315 -532.0856 -20452.69)
(-13.77454 -272.2373 -18787.66)
(-1.894005 -82.22059 -18040.39)
(-6.635468 6070.576 -4612.884)
(-6.804905 6065.469 -11010.04)
(-7.059045 6058.617 -13836.88)
(-7.488424 6048.323 -15637.51)
(-7.686586 6037.292 -15848.97)
(-10.77153 8260.812 -19467.51)
(-11.67686 8241.374 -18068.49)
(-12.16086 8219.786 -18309.94)
(-12.78601 8194.641 -18552.66)
(-14.10985 8165.949 -27390.51)
(-7.1937 3944.291 -19080.99)
(-6.999648 3530.745 -20651.61)
(-6.891187 2958.509 -21647.13)
(-6.776607 2231.532 -22440.84)
(-6.534424 1376.962 -15689.77)
(-53.99577 6497.22 -49619.46)
(-55.92353 4190.089 -28820.97)
(-57.54476 2492.667 -30798.95)
(-58.86805 1388.233 -31848.41)
(-60.06304 691.111 -32356.28)
(-61.08722 220.057 -32537.23)
(-62.07071 -169.83 -32483.41)
(-62.8017 -598.029 -32196.82)
(-63.01738 -1167.839 -31597.53)
(-62.45715 -1939.516 -30522.81)
(-56.1535 -3253.925 -27402.26)
(-44.51726 -2611.479 -23134.79)
(-31.14743 -1586.572 -20231.75)
(-16.89911 -802.0575 -18618.3)
(-4.464917 -241.0312 -17901.58)
(-6.705519 11626.1 -4647.606)
(-6.980987 11619.35 -11117.77)
(-7.222003 11606.86 -14020.8)
(-7.48181 11591.8 -15898.1)
(-7.847015 11572.11 -16161.44)
(-11.1661 15844.21 -19927.19)
(-11.58223 15812.77 -18592.38)
(-12.31417 15777.17 -18936.26)
(-12.84003 15737.93 -19277.99)
(-13.53961 15693.28 -28617.2)
(-7.211986 7636.216 -20202.47)
(-7.058539 6982.888 -22337.13)
(-6.773701 5996.107 -23903.14)
(-6.507654 4593.774 -25230.77)
(-6.18806 2734.279 -17819.48)
(-50.71828 10866.24 -56326.73)
(-51.83065 6336.809 -31589.97)
(-52.93675 3511.488 -32695.7)
(-53.88009 1867.769 -33057.15)
(-54.60593 903.2792 -33147.02)
(-55.20524 277.8294 -33134.01)
(-55.60014 -240.0302 -33064.12)
(-55.84738 -840.7451 -32915.75)
(-55.71679 -1727.704 -32579.25)
(-54.94832 -3129.293 -31761.46)
(-49.16829 -6095.393 -27875.18)
(-39.94644 -4476.476 -22625.77)
(-29.71867 -2589.618 -19690.23)
(-17.81006 -1280.76 -18234.28)
(-5.454451 -381.6727 -17609.9)
(-7.081076 19199.59 -4686.583)
(-7.257926 19191.67 -11242.53)
(-7.630287 19180.71 -14241.98)
(-7.939726 19167.33 -16212.94)
(-8.231828 19152.04 -16541.01)
(-11.78525 26242.57 -20488.76)
(-12.21253 26218.12 -19238.95)
(-12.7929 26191.39 -19708.02)
(-13.56846 26159.92 -20178.12)
(-14.04846 26126.51 -30142.97)
(-7.220649 12948.81 -21657.63)
(-7.32696 12530.71 -24755.68)
(-7.041719 11649.16 -27630.45)
(-6.578414 9837.743 -30617.27)
(-6.016804 6241.294 -22402.17)
(-47.85848 14273.61 -71251.19)
(-48.52991 6789.496 -36226.55)
(-48.91262 3354.488 -35332.82)
(-49.44048 1671.45 -34533.26)
(-49.8803 778.5977 -34033.78)
(-50.11207 229.7274 -33779.58)
(-50.15929 -225.4559 -33713.81)
(-49.90474 -794.3803 -33812.06)
(-49.31433 -1768.473 -34033.2)
(-48.08954 -3740.283 -34069.66)
(-41.916 -10346.62 -28733.12)
(-34.41722 -6420.72 -21530.16)
(-26.50311 -3456.181 -18771.87)
(-16.92127 -1661.882 -17641.48)
(-5.716959 -490.4274 -17181.99)
(-7.656626 27721.71 -4669.314)
(-8.021031 27718.62 -11205.46)
(-8.243277 27723.02 -14200.55)
(-8.69604 27731.91 -16170.65)
(-8.998531 27748.97 -16498.98)
(-12.81495 38080.01 -20435.63)
(-13.48146 38107.37 -19179.45)
(-13.93502 38142.52 -19643.07)
(-14.57559 38188.35 -20111.21)
(-15.46972 38242.55 -30048.8)
(-7.819849 19566.67 -21729.98)
(-7.774518 20988.9 -25572.97)
(-7.743332 23136.38 -30630.85)
(-7.246481 26279.69 -38761.5)
(-6.331498 30874.57 -33297.78)
(-45.48927 7759.1 -117800.2)
(-45.22372 3199.606 -42562.49)
(-45.37917 1448.325 -37877.65)
(-45.44002 686.2763 -35706.17)
(-45.62412 310.8428 -34670.74)
(-45.67994 89.02108 -34229.47)
(-45.46484 -95.29224 -34190.83)
(-44.94589 -339.1041 -34575.46)
(-43.93106 -803.4407 -35662)
(-42.16278 -1903.642 -38304.01)
(-34.53658 -17804.64 -30469.27)
(-28.88594 -8136.499 -19312.38)
(-22.80269 -4036.681 -17435.08)
(-15.09215 -1891.238 -16872.9)
(-5.419479 -553.5542 -16651.3)
(-8.357139 31702.78 -4479.718)
(-8.837806 31703.97 -10657.45)
(-9.290204 31714.72 -13312.34)
(-9.648277 31735.64 -14941.34)
(-10.12124 31765.8 -15044.45)
(-14.32997 43612.35 -18280.39)
(-14.9591 43662.91 -16691)
(-15.72675 43729.33 -16653.71)
(-16.33178 43809.45 -16614.36)
(-17.04412 43904.51 -24098.12)
(-8.853313 22653.43 -16010.33)
(-8.936924 24905.86 -15783.05)
(-9.154712 28381.66 -14347.51)
(-9.566311 33625.12 -11200.3)
(-9.901878 41564.93 -4524.073)
(-26.52515 -19187.64 -6981.74)
(-23.8187 -8470.346 -14759.21)
(-19.30977 -4132.963 -15756.03)
(-13.05893 -1921.262 -16008.22)
(-4.841916 -560.6407 -16071.3)
(-9.158842 28617.94 -4359.115)
(-9.544087 28613.98 -10314.25)
(-10.02755 28616.29 -12767.23)
(-10.58672 28623.14 -14193.39)
(-11.04486 28635.06 -14165.13)
(-15.81045 39287.74 -16983.99)
(-16.30868 39308.22 -15199.5)
(-17.03618 39335.26 -14870.18)
(-17.91941 39370.46 -14539.04)
(-18.70611 39411.89 -20588.56)
(-9.611213 20065.38 -12835.97)
(-9.900367 21147.31 -11192.59)
(-10.21144 22537.12 -8759.268)
(-10.71225 24048.85 -5710.191)
(-11.46895 25258.52 -2007.393)
(-21.12315 -13181.8 -5085.275)
(-19.72191 -7212.555 -11876.08)
(-16.32764 -3699.426 -14249.01)
(-11.19263 -1739.725 -15179.68)
(-4.213792 -508.945 -15510.09)
(-9.786643 21740.33 -4303.611)
(-10.08287 21736.17 -10164.39)
(-10.49482 21733.25 -12538.76)
(-11.01582 21732.77 -13887.42)
(-11.62803 21733.23 -13810.07)
(-16.68884 29806.81 -16463.49)
(-17.42118 29807.37 -14599.91)
(-17.94256 29812.04 -14153.54)
(-18.73584 29818.45 -13706.71)
(-19.6942 29828.09 -19185.63)
(-10.19095 15049.14 -11604.89)
(-10.40562 15444.81 -9554.89)
(-10.80653 15905.11 -7034.802)
(-11.2918 16331.38 -4326.169)
(-11.97996 16598.26 -1462.398)
(-17.43205 -8644.754 -4022.441)
(-16.60419 -5337.318 -10081)
(-13.92912 -2876.601 -13090.6)
(-9.622025 -1375.931 -14491.3)
(-3.645527 -404.5477 -15033.42)
(-9.240037 13372.1 -4279.975)
(-10.42481 13368.42 -10103.7)
(-10.70897 13365.76 -12454.34)
(-11.13526 13363.49 -13778.51)
(-11.68958 13362.01 -13687.33)
(-16.95289 18321.9 -16284.46)
(-17.76607 18319.11 -14394.02)
(-18.50991 18316.01 -13907.18)
(-19.05208 18315.48 -13420.38)
(-19.9059 18314.58 -18703)
(-10.32996 9201.007 -11187.1)
(-10.64777 9328.914 -9019.287)
(-10.94677 9470.639 -6504.378)
(-11.43956 9593.06 -3931.361)
(-12.0497 9662.51 -1315.382)
(-14.88661 -4918.481 -3448.985)
(-14.31723 -3244.93 -9037.211)
(-12.08221 -1811.277 -12325.1)
(-8.365563 -878.8667 -14009.43)
(-3.172263 -259.6446 -14694.14)
(-8.029345 4496.632 -4270.929)
(-9.515648 4495.922 -10084.14)
(-10.74188 4494.892 -12427.83)
(-11.0196 4493.863 -13746.74)
(-11.43201 4493.081 -13652.21)
(-16.49104 6160.985 -16234.35)
(-17.45748 6159.657 -14334.82)
(-18.33834 6158.187 -13836.5)
(-19.05201 6156.626 -13337.13)
(-19.56309 6156.33 -18562.91)
(-10.11556 3087.677 -11065.57)
(-10.43638 3116.828 -8864.869)
(-10.82864 3148.271 -6354.724)
(-11.19406 3174.657 -3822.607)
(-11.76194 3188.996 -1275.64)
(-13.14894 -1599.012 -3198.06)
(-12.67831 -1086.662 -8561.027)
(-10.70724 -617.4184 -11953.6)
(-7.396758 -301.9671 -13771.15)
(-2.796191 -89.46701 -14528.24)
(-3.951282 -4499.012 -4272.758)
(-8.007293 -4498.162 -10086.9)
(-9.481292 -4497.218 -12433.15)
(-10.71558 -4496.271 -13751.87)
(-10.99663 -4495.414 -13657.64)
(-15.63674 -6164.042 -16240.66)
(-16.4349 -6162.33 -14341.24)
(-17.44386 -6160.95 -13842.34)
(-18.32854 -6160.394 -13343.81)
(-19.00193 -6159.364 -18571.6)
(-9.664214 -3089.317 -11071.02)
(-9.924209 -3118.422 -8869.093)
(-10.27832 -3149.982 -6358.086)
(-10.71661 -3176.506 -3824.777)
(-11.13763 -3190.926 -1276.375)
(-11.99809 1601.072 -3201.902)
(-11.53918 1088.214 -8572.32)
(-9.705387 618.4028 -11970.99)
(-6.66963 302.5096 -13793.34)
(-2.506497 89.64684 -14554.32)
(-3.811172 -13382.14 -10115.16)
(-7.725855 -13380.14 -12466.92)
(-9.170124 -13379.02 -13794.24)
(-10.37148 -13377.5 -13702.13)
(-14.61151 -18344.49 -16303.43)
(-15.12095 -18342.78 -14411.17)
(-15.87639 -18341.25 -13925.09)
(-16.90954 -18340.38 -13438.06)
(-17.77609 -18341.09 -18728.95)
(-9.092322 -9214.501 -11203.1)
(-9.169736 -9343.041 -9032.742)
(-9.467245 -9485.792 -6514.628)
(-9.848553 -9609.1 -3937.826)
(-10.31416 -9679.575 -1317.665)
(-11.31371 4936.329 -3461.465)
(-10.77719 3257.906 -9073.164)
(-8.988323 1819.281 -12379.2)
(-6.129097 883.1726 -14077.63)
(-2.287358 261.065 -14773.91)
(-3.525345 -21770.64 -12560.97)
(-7.183648 -21771.47 -13911.57)
(-8.578793 -21775.03 -13835.91)
(-13.33063 -29865.36 -16493.75)
(-13.71828 -29870.1 -14628.81)
(-14.16193 -29877.02 -14182.69)
(-14.83312 -29886.26 -13736.51)
(-15.85708 -29897.54 -19228.87)
(-8.250044 -15085.84 -11632.29)
(-8.3326 -15484.25 -9578.382)
(-8.42177 -15947.09 -7052.893)
(-8.737781 -16376.61 -4337.856)
(-9.133536 -16646.82 -1466.555)
(-11.03195 8697.227 -4046.899)
(-10.31421 5372.99 -10148.46)
(-8.474887 2897.855 -13187.43)
(-5.723813 1387.226 -14610.37)
(-2.120675 408.2528 -15171.28)
(-3.127337 -28693.96 -14227.66)
(-6.430879 -28709.58 -14200.06)
(-10.57924 -39397.76 -17028.56)
(-12.04413 -39420.56 -15240.2)
(-12.46217 -39453.89 -14911.94)
(-12.78884 -39493.74 -14581.47)
(-13.35413 -39540.93 -20652.53)
(-7.064492 -20133.73 -12877.4)
(-7.280409 -21222.17 -11230.28)
(-7.315955 -22620.24 -8790.045)
(-7.388572 -24141.71 -5731.352)
(-7.698787 -25361.37 -2015.248)
(-11.11693 13295.13 -5129.099)
(-10.0884 7280.878 -11988.88)
(-8.108597 3738.242 -14398.94)
(-5.406227 1760.035 -15357.42)
(-1.989479 515.5797 -15712.93)
(-2.656498 -31872.25 -15090.4)
(-7.575358 -43764.83 -18338.42)
(-9.128069 -43825.19 -16747.5)
(-10.46827 -43896.39 -16712.65)
(-10.91661 -43985.9 -16675.9)
(-11.10897 -44089.52 -24190.46)
(-5.671207 -22752.74 -16075.53)
(-5.880511 -25018.73 -15850.64)
(-6.010773 -28515.94 -14411.76)
(-5.932544 -33791.15 -11253)
(-5.92839 -41780.74 -4546.828)
(-11.59038 19403.4 -7060.408)
(-10.02138 8575.489 -14942.87)
(-7.839552 4189.873 -15973.69)
(-5.145409 1950.734 -16254.68)
(-1.878636 570.2521 -16347.66)
(-3.014751 -38243 -20512.62)
(-6.351311 -38278.59 -19256.02)
(-7.671922 -38324.52 -19726.24)
(-8.857392 -38376.86 -20199.9)
(-9.301595 -38440.71 -30188.05)
(-4.573683 -19671.72 -21836.08)
(-4.439698 -21106.78 -25705.32)
(-4.383734 -23271.45 -30799.86)
(-4.1303 -26439.94 -38989.35)
(-3.475536 -31071.28 -33504.75)
(-23.8794 -7812.641 -118580.3)
(-23.05435 -3223.132 -42857.54)
(-22.44041 -1459.725 -38156.45)
(-21.71475 -692.0843 -35986.4)
(-20.9086 -313.6922 -34962.79)
(-20.26944 -89.96036 -34540.59)
(-19.51447 96.15837 -34527.08)
(-18.60317 342.695 -34944.98)
(-17.49381 812.798 -36077.65)
(-16.00821 1927.956 -38792.98)
(-12.50721 18054.97 -30897.71)
(-10.01533 8263.01 -19613.19)
(-7.608079 4106.404 -17737.17)
(-4.917611 1927.659 -17198.88)
(-1.779647 565.4594 -17009.84)
(-2.550779 -26359.94 -19326.72)
(-5.410344 -26339.56 -19803.39)
(-6.592267 -26315.7 -20281.27)
(-7.66639 -26288.24 -30305.83)
(-3.901883 -13032.73 -21779.77)
(-3.668463 -12615.43 -24904.88)
(-3.475022 -11731.73 -27809.06)
(-3.304133 -9910.828 -30827.71)
(-3.005661 -6290.004 -22565.5)
(-22.56202 -14391.9 -71800.44)
(-21.61012 -6849.522 -36525.14)
(-21.1295 -3386.252 -35643.53)
(-20.62658 -1688.484 -34858.45)
(-19.92566 -787.2017 -34378.35)
(-19.10555 -232.6327 -34149.02)
(-18.38323 227.9169 -34113.67)
(-17.52765 804.5301 -34248.38)
(-16.50585 1793.385 -34513.05)
(-15.29652 3798.213 -34597.04)
(-12.61933 10523.35 -29223.9)
(-9.876166 6542.255 -21938.28)
(-7.365384 3528.934 -19167.98)
(-4.698935 1700.864 -18055.91)
(-1.687242 503.2061 -17628.83)
(-2.228684 -15883.82 -19038.74)
(-4.676881 -15848.53 -19388.58)
(-5.785094 -15807.54 -28791.84)
(-3.351222 -7694.438 -20332.93)
(-3.278882 -7038.747 -22491.35)
(-3.032376 -6046.509 -24078.26)
(-2.843455 -4634.509 -25427.91)
(-2.669104 -2759.81 -17967.28)
(-21.37195 -10972.82 -56826.63)
(-20.69652 -6402.917 -31891.59)
(-19.90942 -3550.699 -33031.34)
(-19.4613 -1890.176 -33422.32)
(-18.94317 -915.0586 -33541.96)
(-18.21248 -281.9733 -33561.02)
(-17.35403 243.0923 -33527.08)
(-16.55392 853.4399 -33418.35)
(-15.63042 1756.57 -33124.22)
(-14.5778 3186.933 -32346.21)
(-12.37474 6219.515 -28442.76)
(-9.621734 4577.608 -23137.52)
(-7.081967 2654.688 -20185.55)
(-4.47739 1316.45 -18741.8)
(-1.596415 393.328 -18144.87)
(-2.013518 -8260.795 -18669.92)
(-4.228095 -8235.421 -27575.58)
(-2.58755 -3979.226 -19220.63)
(-2.911498 -3563.563 -20812.03)
(-2.823107 -2987.578 -21825.38)
(-2.591726 -2254.56 -22637.33)
(-2.420158 -1391.861 -15836.92)
(-19.75161 -6571.353 -50118.24)
(-19.86249 -4240.927 -29136.63)
(-19.20029 -2524.924 -31162.61)
(-18.42819 -1407.565 -32254.86)
(-17.92456 -701.5652 -32802.98)
(-17.34305 -223.8744 -33024.52)
(-16.56055 172.3156 -33012.71)
(-15.65953 608.5612 -32770.7)
(-14.80322 1190.671 -32216.26)
(-13.85726 1981.436 -31182.29)
(-11.88956 3331.836 -28058.33)
(-9.271758 2680.872 -23749.93)
(-6.770607 1633.258 -20826.73)
(-4.243195 827.9056 -19215.89)
(-1.50519 249.363 -18515.16)
(-1.976411 -2541.36 -26984.67)
(-1.953883 -1225.64 -18684.52)
(-2.307121 -1090.973 -20031.36)
(-2.585907 -909.9329 -20825.62)
(-2.484092 -687.6484 -21457.75)
(-2.267036 -434.6848 -14962.26)
(-18.3061 -2176.253 -47360.76)
(-18.59668 -1463.837 -27873.35)
(-18.5532 -900.649 -30226.5)
(-17.84386 -513.7103 -31627.72)
(-17.03379 -260.0006 -32388.42)
(-16.44671 -84.57288 -32718.69)
(-15.78778 60.97456 -32727.26)
(-14.95042 216.9111 -32433.4)
(-14.01348 414.5372 -31785.67)
(-13.12199 664.2211 -30690.11)
(-11.29892 1053.631 -27901.46)
(-8.805469 880.9828 -24016.55)
(-6.427375 550.014 -21140.12)
(-4.004544 282.0768 -19462.1)
(-1.411591 85.34057 -18713.38)
(-6.412228 1874.204 -4597.137)
(-6.66239 1872.944 -10959.27)
(-6.855675 1870.761 -13748.89)
(-7.259515 1867.399 -15512.78)
(-7.502251 1863.494 -15700.35)
(-10.47108 2550.265 -19245.74)
(-11.32481 2543.818 -17815.26)
(-11.87648 2536.614 -18008.45)
(-12.46361 2528.891 -18201.8)
(-13.67857 2519.381 -26799.27)
(-6.982513 1214.181 -18547.45)
(-6.806679 1080.494 -19872.65)
(-6.719259 900.7284 -20650.82)
(-6.645227 680.3027 -21266.89)
(-6.444389 429.8455 -14820.32)
(-53.50134 2150.82 -46877.14)
(-55.56758 1445.637 -27562.58)
(-57.30671 888.718 -29862.29)
(-58.71917 506.4198 -31217.33)
(-59.97917 255.9985 -31933.88)
(-61.05513 83.08816 -32221.51)
(-62.09112 -60.07739 -32187.02)
(-62.8907 -213.0562 -31849.51)
(-63.21083 -406.3745 -31158.67)
(-62.80712 -649.8016 -30024.02)
(-56.77631 -1028.372 -27232.65)
(-45.0882 -857.6263 -23379.45)
(-31.51629 -533.9261 -20522.07)
(-17.07677 -273.0712 -18843)
(-4.510513 -82.42427 -18078.91)
(-6.382044 6073.266 -4615.505)
(-6.617416 6068.636 -11014.37)
(-6.78397 6061.281 -13842.78)
(-7.033778 6052.164 -15644.16)
(-7.456965 6039.638 -15857.42)
(-10.50466 8266.727 -19474.52)
(-10.74195 8246.916 -18076.78)
(-11.639 8224.513 -18320.56)
(-12.12229 8199.943 -18561.39)
(-12.74564 8171.826 -27407.13)
(-6.800973 3947.558 -19093.85)
(-6.656278 3533.753 -20665.36)
(-6.411545 2961.227 -21662.73)
(-6.221549 2233.646 -22458.62)
(-6.007439 1378.306 -15703.8)
(-49.81717 6504.347 -49666.99)
(-51.20751 4195.041 -28851.46)
(-52.54324 2495.846 -30835.42)
(-53.64361 1390.181 -31889.61)
(-54.477 692.1806 -32402.65)
(-55.15798 220.4585 -32588.81)
(-55.63361 -170.1007 -32540.75)
(-55.99091 -599.2082 -32260.81)
(-56.03925 -1170.454 -31668.33)
(-55.56573 -1944.434 -30600.2)
(-50.37204 -3263.242 -27480.74)
(-41.01224 -2619.845 -23208.71)
(-30.42137 -1592.064 -20300.83)
(-18.17625 -804.8269 -18680.78)
(-5.557869 -241.7689 -17953.94)
(-6.43515 11631.06 -4649.946)
(-6.688357 11623.35 -11122.22)
(-6.958873 11613.18 -14027.2)
(-7.196316 11597.31 -15904.42)
(-7.453406 11578.86 -16168.77)
(-10.72461 15850.98 -19935.5)
(-11.13142 15823.36 -18602.03)
(-11.54541 15787.46 -18945.1)
(-12.27549 15747.35 -19288.5)
(-12.79837 15703.53 -28632.2)
(-6.538568 7641.858 -20214.58)
(-6.652637 6988.22 -22352.58)
(-6.418384 6001.121 -23919.73)
(-6.061029 4597.86 -25249.7)
(-5.699017 2736.777 -17833.98)
(-46.63302 10876.86 -56377.9)
(-47.78993 6343.693 -31621.27)
(-48.48277 3515.608 -32730.83)
(-49.19918 1870.153 -33096.52)
(-49.75413 904.5552 -33190.11)
(-50.06825 278.2804 -33181.62)
(-50.19587 -240.3801 -33116.67)
(-50.05661 -842.22 -32973.99)
(-49.67785 -1731.144 -32644.11)
(-48.8693 -3136.322 -31832.73)
(-43.76723 -6110.864 -27945.93)
(-35.88708 -4489.296 -22690.57)
(-27.43469 -2597.912 -19752.9)
(-17.42151 -1285.188 -18296.08)
(-5.870908 -382.9891 -17668.64)
(-6.648443 19208.4 -4688.758)
(-7.06368 19198.91 -11247.51)
(-7.237797 19189.22 -14246.73)
(-7.605196 19176.44 -16220.73)
(-7.909384 19161.25 -16547.83)
(-11.24984 26256.24 -20498.81)
(-11.75152 26232.35 -19246.7)
(-12.17646 26205.58 -19718.23)
(-12.75189 26176.4 -20188.45)
(-13.524 26142.41 -30160.32)
(-6.789644 12957.39 -21668.69)
(-6.675671 12539.71 -24771.58)
(-6.625965 11657.9 -27649.8)
(-6.209476 9845.561 -30639.54)
(-5.609204 6246.61 -22419.68)
(-44.13698 14286.43 -71310.84)
(-44.62461 6796.126 -36260.06)
(-45.08154 3358.117 -35368.18)
(-45.28546 1673.409 -34570.62)
(-45.54753 779.5981 -34074.41)
(-45.6546 230.0699 -33823.62)
(-45.4894 -225.7599 -33762.35)
(-45.04803 -795.6357 -33865.9)
(-44.20156 -1771.61 -34093.54)
(-42.88044 -3747.747 -34137.58)
(-37.28681 -10369.88 -28797.7)
(-30.65738 -6437.02 -21584.89)
(-23.84023 -3466.078 -18825.62)
(-15.64442 -1667.202 -17697.44)
(-5.597536 -492.1221 -17239.97)
(-7.154594 27732.24 -4671.459)
(-7.638918 27730.14 -11210.69)
(-7.999169 27733.99 -14205.91)
(-8.220479 27745.25 -16176.62)
(-8.667293 27761.09 -16506.79)
(-12.3031 38098.57 -20443.71)
(-12.78178 38126.24 -19188.6)
(-13.44412 38163.72 -19652.57)
(-13.89722 38209.07 -20120.66)
(-14.53407 38265.13 -30065.23)
(-7.492068 19578.49 -21742.33)
(-7.290071 21002.87 -25587.3)
(-7.099594 23152.37 -30651.02)
(-6.815558 26298.95 -38789.31)
(-5.962987 30898.21 -33322.69)
(-42.39505 7765.69 -117895.2)
(-41.71951 3202.478 -42598.56)
(-41.73518 1449.739 -37912.77)
(-41.8686 687.0201 -35741.95)
(-41.79162 311.2102 -34708.32)
(-41.71196 89.14187 -34270.35)
(-41.41646 -95.40871 -34235.47)
(-40.7592 -339.5899 -34625.29)
(-39.65078 -804.7223 -35718.86)
(-37.7919 -1907.026 -38372.03)
(-30.80051 -17840.18 -30530.1)
(-25.70222 -8154.796 -19355.89)
(-20.32287 -4046.929 -17479.48)
(-13.5884 -1896.652 -16921.2)
(-5.01528 -555.3255 -16704.03)
(-8.020873 31715.45 -4481.544)
(-8.342754 31715.36 -10661.48)
(-8.818029 31727.43 -13317.98)
(-9.267865 31749.04 -14946.77)
(-9.623473 31780.9 -15050.91)
(-13.84686 43631.24 -18288.16)
(-14.30086 43684.35 -16698.41)
(-14.92804 43750.76 -16661.83)
(-15.69397 43833.11 -16622.64)
(-16.29889 43929.28 -24110.01)
(-8.342396 22666.44 -16018.99)
(-8.491173 24920.98 -15792.15)
(-8.579062 28400.08 -14355.96)
(-8.821485 33648.18 -11207.7)
(-9.316492 41595.24 -4527.325)
(-23.77619 -19221.77 -6994.194)
(-21.24544 -8487.267 -14788.78)
(-17.18445 -4142.261 -15791.62)
(-11.64305 -1926.138 -16049.03)
(-4.36201 -562.245 -16117.3)
(-8.850912 28627.56 -4360.66)
(-9.144912 28625.12 -10318.64)
(-9.525161 28626.85 -12771.99)
(-10.00654 28634.78 -14199.07)
(-10.56259 28647.26 -14171.05)
(-15.11595 39306.24 -16991.25)
(-15.78414 39325.74 -15206.02)
(-16.28209 39354.43 -14876.93)
(-17.00862 39389.65 -14546.05)
(-17.8906 39432.99 -20599.24)
(-9.200783 20076.82 -12842.59)
(-9.349594 21159.44 -11198.74)
(-9.670141 22550.85 -8764.423)
(-10.03413 24064.5 -5713.666)
(-10.60948 25276.01 -2008.743)
(-19.05336 -13202.87 -5093.433)
(-17.67835 -7225.393 -11897.32)
(-14.56507 -3706.822 -14277.62)
(-9.961613 -1743.641 -15214.02)
(-3.757686 -510.2362 -15549.65)
(-8.665818 21748.74 -4305.534)
(-9.772407 21743.64 -10168.1)
(-10.06492 21741.6 -12543.82)
(-10.47399 21740.74 -13892.67)
(-10.99329 21742.31 -13815.66)
(-15.91816 29819.33 -16470.02)
(-16.66374 29821.6 -14606.48)
(-17.39513 29825.32 -14160)
(-17.91689 29833.13 -13713.09)
(-18.71007 29842.65 -19195.03)
(-9.708598 15057.14 -11610.94)
(-9.961355 15453.63 -9560.095)
(-10.22184 15914.25 -7038.728)
(-10.6738 16341.39 -4328.768)
(-11.21976 16609.21 -1463.321)
(-15.8021 -8657.259 -4028.277)
(-14.97501 -5345.859 -10097.2)
(-12.486 -2881.724 -13114.05)
(-8.583824 -1378.684 -14520.43)
(-3.244654 -405.4586 -15067.45)
(-7.801668 13375.61 -4281.093)
(-9.227374 13373.54 -10108.35)
(-10.40648 13370.52 -12458.5)
(-10.68929 13368.48 -13784.14)
(-11.11324 13366.82 -13692.3)
(-16.0035 18329.73 -16291.29)
(-16.92871 18326.92 -14399.87)
(-17.74181 18325.18 -13913.46)
(-18.485 18323.14 -13426.54)
(-19.02729 18323.63 -18712.01)
(-9.822624 9205.384 -11192.65)
(-10.12165 9333.911 -9023.993)
(-10.479 9476.033 -6508.034)
(-10.8289 9598.609 -3933.583)
(-11.37768 9668.484 -1316.185)
(-13.55016 -4924.929 -3453.528)
(-12.97806 -3249.63 -9050.337)
(-10.89563 -1814.179 -12344.93)
(-7.49894 -880.4332 -14034.56)
(-2.830064 -260.1649 -14723.7)
(-3.944414 4497.69 -4272.662)
(-8.017362 4497.041 -10087.02)
(-9.499256 4496.476 -12433.04)
(-10.72128 4495.564 -13751.71)
(-10.99868 4494.666 -13657.32)
(-15.65167 6163.032 -16240.35)
(-16.46749 6162.157 -14341.09)
(-17.43396 6161.072 -13842.01)
(-18.31398 6159.845 -13343.76)
(-19.0277 6158.522 -18570.97)
(-9.661763 3089.315 -11070.81)
(-9.921795 3118.226 -8869.149)
(-10.28151 3149.988 -6358.109)
(-10.71627 3176.445 -3824.788)
(-11.13596 3190.878 -1276.366)
(-11.99968 -1600.937 -3201.899)
(-11.53948 -1088.084 -8572.312)
(-9.705565 -618.3172 -11970.98)
(-6.669915 -302.4526 -13793.33)
(-2.506548 -89.62673 -14554.31)
(-3.94376 -4499.426 -10091.14)
(-7.991896 -4498.71 -12436.3)
(-9.463859 -4497.895 -13757.41)
(-10.69443 -4497.071 -13662.28)
(-15.05565 -6166.244 -16246.73)
(-15.61481 -6165.216 -14346.64)
(-16.41238 -6163.75 -13848.19)
(-17.42104 -6162.611 -13349.37)
(-18.30553 -6162.287 -18580.21)
(-9.380931 -3090.896 -11075.95)
(-9.473452 -3119.867 -8873.486)
(-9.775654 -3151.604 -6361.157)
(-10.17481 -3178.154 -3826.809)
(-10.6609 -3192.734 -1277.09)
(-10.98201 1602.798 -3205.407)
(-10.52954 1089.506 -8582.611)
(-8.833267 619.2173 -11986.77)
(-6.045679 302.9436 -13813.39)
(-2.260118 89.78956 -14577.77)
(-3.801654 -13384.23 -12471.87)
(-7.708912 -13382.85 -13797.65)
(-9.151543 -13382.34 -13707.62)
(-14.19784 -18350.95 -16308.71)
(-14.59089 -18349.5 -14416.64)
(-15.10016 -18348.85 -13930.03)
(-15.85493 -18348.36 -13443.83)
(-16.88737 -18348.53 -18736.67)
(-8.773067 -9218.631 -11208.15)
(-8.906403 -9347.542 -9036.831)
(-9.02529 -9490.324 -6517.732)
(-9.36548 -9613.916 -3939.772)
(-9.795188 -9684.615 -1318.349)
(-10.3961 4941.222 -3464.935)
(-9.863257 3261.441 -9083.095)
(-8.201181 1821.451 -12394.06)
(-5.578219 884.3337 -14096.2)
(-2.073409 261.4414 -14795.39)
(-3.515751 -21778.11 -13916.47)
(-7.166745 -21781 -13839.19)
(-11.74178 -29876.64 -16500.5)
(-13.30935 -29880.15 -14633.33)
(-13.69855 -29888.06 -14188.01)
(-14.14171 -29898.12 -13741.3)
(-14.81264 -29910.47 -19236.74)
(-7.81593 -15092.04 -11637.07)
(-8.06629 -15491.05 -9582.605)
(-8.185456 -15954.6 -7055.977)
(-8.318055 -16384.35 -4339.883)
(-8.681769 -16655.11 -1467.27)
(-10.17177 8705.181 -4050.626)
(-9.476818 5378.328 -10158.63)
(-7.755464 2901.004 -13201.87)
(-5.22221 1388.882 -14627.91)
(-1.930061 408.7894 -15191.3)
(-3.117987 -28718.08 -14204.49)
(-8.798952 -39408.45 -17032.71)
(-10.56022 -39435.8 -15245.89)
(-12.02316 -39466.85 -14916.76)
(-12.44168 -39508.38 -14586.88)
(-12.76862 -39556.41 -20659.34)
(-6.570345 -20142.26 -12882.43)
(-6.868591 -21230.9 -11234.84)
(-7.109141 -22630.09 -8793.9)
(-7.189369 -24152.71 -5733.716)
(-7.318051 -25373.26 -2016.18)
(-10.29391 13306.39 -5133.456)
(-9.302611 7287.541 -11999.91)
(-7.449786 3741.959 -14413.37)
(-4.946946 1761.949 -15374.24)
(-1.815029 516.1955 -15731.8)
(-3.632264 -43777.32 -18343.45)
(-7.558258 -43837 -16751.46)
(-9.108971 -43913.26 -16718.23)
(-10.44597 -44000.47 -16681.46)
(-10.8933 -44106.1 -24199.3)
(-5.437942 -22761.3 -16080.47)
(-5.448692 -25029.03 -15856.53)
(-5.641924 -28527.65 -14417.55)
(-5.784263 -33805.88 -11257.98)
(-5.77874 -41798.93 -4548.662)
(-10.76898 19418.68 -7065.971)
(-9.280162 8582.755 -14955.56)
(-7.22926 4193.707 -15988.41)
(-4.727118 1952.674 -16270.98)
(-1.718931 570.8724 -16365.57)
(-3.004768 -38289.32 -19261.07)
(-6.331274 -38335.09 -19731.21)
(-7.649852 -38391.24 -20206.02)
(-8.831216 -38453.89 -30198.18)
(-4.500686 -19679.25 -21843.67)
(-4.261301 -21114.38 -25713.46)
(-4.06046 -23280.76 -30811.17)
(-3.862294 -26450.8 -39004.92)
(-3.389089 -31084.88 -33519.51)
(-23.25284 -7816.09 -118629.2)
(-21.90563 -3224.658 -42876.65)
(-21.26981 -1460.434 -38173.88)
(-20.69681 -692.4494 -36004.14)
(-19.96031 -313.8711 -34980.37)
(-19.11645 -90.01323 -34558.97)
(-18.37319 96.20996 -34546.72)
(-17.48783 342.8997 -34966.03)
(-16.40461 813.32 -36100.88)
(-15.04004 1929.279 -38819.63)
(-11.68821 18068.12 -30920.23)
(-9.305672 8269.513 -19628.64)
(-7.045415 4109.884 -17752.25)
(-4.534923 1929.424 -17214.73)
(-1.634912 566.0219 -17026.9)
(-2.540644 -26347.22 -19808.5)
(-5.389786 -26324.39 -20286.42)
(-6.569374 -26298 -30315.11)
(-3.696989 -13037.15 -21786.65)
(-3.597223 -12620.17 -24913.15)
(-3.324087 -11735.94 -27817.99)
(-3.073219 -9914.718 -30838.94)
(-2.816009 -6292.64 -22574.28)
(-21.94577 -14398.32 -71831.97)
(-21.02174 -6852.57 -36539.8)
(-20.08746 -3387.866 -35659.21)
(-19.55756 -1689.306 -34874.32)
(-18.9918 -787.6232 -34395.2)
(-18.2296 -232.7779 -34166.18)
(-17.34164 228.0322 -34131.83)
(-16.50344 804.9836 -34267.85)
(-15.5157 1794.466 -34533.86)
(-14.34459 3800.657 -34619.31)
(-11.85048 10530.58 -29243.98)
(-9.228845 6547.021 -21954.3)
(-6.843817 3531.712 -19183.1)
(-4.351429 1702.306 -18071.27)
(-1.555987 503.6668 -17645.08)
(-2.219423 -15853.69 -19393.25)
(-4.66034 -15813.81 -28797.17)
(-2.793219 -7697.261 -20338.89)
(-3.081924 -7041.078 -22498.65)
(-2.972066 -6048.774 -24086.29)
(-2.710842 -4636.219 -25435.9)
(-2.491093 -2760.858 -17973.79)
(-20.10363 -10977.45 -56848.17)
(-20.10662 -6405.821 -31905.26)
(-19.34706 -3552.287 -33044.55)
(-18.51128 -1891.083 -33436.92)
(-17.96771 -915.5081 -33557.22)
(-17.35829 -282.1359 -33577.41)
(-16.55111 243.1973 -33543.93)
(-15.61948 853.8919 -33436.15)
(-14.71781 1757.567 -33143.06)
(-13.70284 3188.858 -32365.72)
(-11.60514 6223.52 -28461.08)
(-9.032327 4580.749 -23153.43)
(-6.617389 2656.622 -20200.33)
(-4.160459 1317.486 -18756.59)
(-1.478375 393.6614 -18160.31)
(-2.005998 -8237.757 -27581.17)
(-2.039523 -3980.963 -19223.96)
(-2.396021 -3564.818 -20818.21)
(-2.646085 -2988.553 -21832.45)
(-2.53298 -2255.425 -22644.74)
(-2.300473 -1392.386 -15841.76)
(-18.46741 -6573.827 -50136.52)
(-18.71357 -4242.713 -29147.77)
(-18.63249 -2526.078 -31175.78)
(-17.89047 -1408.198 -32267.83)
(-17.05824 -701.9063 -32817.28)
(-16.45549 -223.9901 -33039.56)
(-15.78273 172.388 -33028.81)
(-14.92946 608.8612 -32787.2)
(-13.97059 1191.306 -32233.44)
(-13.04878 1982.562 -31200.02)
(-11.17531 3333.85 -28075.26)
(-8.695443 2682.599 -23765.23)
(-6.354235 1634.378 -20841.05)
(-3.964665 828.5089 -19229.98)
(-1.39866 249.5593 -18529.77)
(-0.9414391 -1225.848 -18688.92)
(-1.804638 -1091.486 -20034.49)
(-2.118687 -910.25 -20831.82)
(-2.321738 -687.868 -21464.73)
(-2.202141 -434.8517 -14967.1)
(-17.39746 -2177.058 -47375.21)
(-17.40397 -1464.391 -27883.57)
(-17.49745 -901.0284 -30238.12)
(-17.29896 -513.9457 -31640.99)
(-16.5226 -260.1186 -32401.54)
(-15.65921 -84.61708 -32732.95)
(-14.9845 60.99972 -32742.19)
(-14.24704 217.014 -32449.19)
(-13.35591 414.7452 -31801.68)
(-12.38642 664.5759 -30706.48)
(-10.64047 1054.23 -27917.32)
(-8.275994 881.5158 -24031.05)
(-6.027911 550.3684 -21153.75)
(-3.757611 282.2702 -19475.49)
(-1.318901 85.40276 -18727.11)
(-6.121161 1875.821 -4598.929)
(-6.395982 1873.574 -10964.42)
(-6.639452 1871.558 -13754.91)
(-6.830836 1868.63 -15519.08)
(-7.230623 1864.535 -15707.93)
(-10.25074 2551.4 -19254.17)
(-10.44025 2545.677 -17822.98)
(-11.28916 2538.266 -18018.53)
(-11.83764 2530.097 -18211.12)
(-12.42343 2521.387 -26815.01)
(-6.59959 1215.255 -18559.56)
(-6.472609 1081.414 -19885.72)
(-6.25184 901.5621 -20665.46)
(-6.09343 680.9604 -21283.48)
(-5.924977 430.2627 -14833.52)
(-49.37012 2153.188 -46921.52)
(-50.87753 1447.353 -27591.54)
(-52.32467 889.8524 -29897.57)
(-53.50763 507.1313 -31257.65)
(-54.40106 256.395 -31979.6)
(-55.12932 83.23972 -32272.55)
(-55.6517 -60.17236 -32243.81)
(-56.07023 -213.4759 -31912.8)
(-56.21125 -407.2841 -31228.48)
(-55.87674 -651.4491 -30100.14)
(-50.92822 -1031.316 -27310.64)
(-41.53337 -860.3736 -23454.15)
(-30.77774 -535.7742 -20592.17)
(-18.36527 -274.014 -18906.26)
(-5.611609 -82.67655 -18131.81)
(-6.013106 6076.42 -4617.505)
(-6.36356 6071.319 -11020.31)
(-6.594385 6064.442 -13847.97)
(-6.760547 6054.833 -15650.6)
(-7.006694 6043.456 -15863.99)
(-10.18742 8269.966 -19484.7)
(-10.47285 8252.794 -18083.5)
(-10.71149 8230.036 -18329)
(-11.60063 8204.665 -18572.12)
(-12.08303 8177.111 -27420.23)
(-6.156885 3950.415 -19105.45)
(-6.284113 3536.605 -20679.35)
(-6.083928 2963.728 -21677.35)
(-5.790807 2235.675 -22474.96)
(-5.526435 1379.593 -15716.29)
(-45.81019 6510.702 -49711.65)
(-47.22153 4199.62 -28879.74)
(-48.11877 2498.787 -30868.37)
(-48.98225 1391.957 -31927.49)
(-49.63634 693.1597 -32444.71)
(-50.0255 220.8162 -32635.6)
(-50.22636 -170.3456 -32592.44)
(-50.18508 -600.2575 -32317.88)
(-49.96528 -1172.783 -31731.36)
(-49.41822 -1948.8 -30668.86)
(-44.83671 -3271.524 -27550.49)
(-36.83895 -2627.348 -23275.18)
(-28.07642 -1597.163 -20365.46)
(-17.77553 -807.6096 -18744.13)
(-5.980933 -242.6028 -18013.86)
(-6.001063 11636.78 -4651.728)
(-6.418661 11628.3 -11127.57)
(-6.666316 11617.22 -14032.5)
(-6.934157 11603.59 -15911.43)
(-7.168683 11584.36 -16175.05)
(-10.18608 15860.19 -19944.46)
(-10.69255 15830.16 -18609.89)
(-11.09606 15797.99 -18954.84)
(-11.50792 15757.6 -19297.58)
(-12.23583 15712.93 -28647.91)
(-6.175916 7646.854 -20225.21)
(-6.049559 6993.317 -22366.31)
(-6.044677 6005.685 -23936.3)
(-5.732039 4601.65 -25267.4)
(-5.308623 2739.183 -17847.42)
(-42.98499 10886.72 -56424.06)
(-43.94871 6349.893 -31650.28)
(-44.68799 3519.427 -32763.38)
(-45.06243 1872.352 -33132.2)
(-45.4318 905.7188 -33229.67)
(-45.61449 278.695 -33224.84)
(-45.52265 -240.7009 -33164.32)
(-45.18529 -843.5486 -33026.48)
(-44.52729 -1734.213 -32701.97)
(-43.57552 -3142.58 -31896.18)
(-38.93256 -6124.6 -28008.73)
(-31.96345 -4500.693 -22748.25)
(-24.67242 -2605.351 -19809.46)
(-16.10147 -1289.302 -18354.14)
(-5.746428 -384.3124 -17728.3)
(-6.217703 19216.15 -4690.361)
(-6.633329 19207.69 -11252.47)
(-7.041289 19196.48 -14252.69)
(-7.2151 19184.95 -16226.01)
(-7.578008 19170.34 -16555.58)
(-10.80888 26268.85 -20507.18)
(-11.2157 26246.01 -19256.09)
(-11.71671 26219.78 -19726.33)
(-12.1393 26190.59 -20198.86)
(-12.70995 26158.85 -30175.8)
(-6.523116 12965.25 -21681.14)
(-6.275915 12547.96 -24784.83)
(-6.054654 11666.15 -27667.64)
(-5.839446 9852.887 -30661.12)
(-5.287704 6251.523 -22436.03)
(-41.12724 14298.65 -71366.73)
(-41.15894 6802.246 -36290.51)
(-41.46312 3361.399 -35400.85)
(-41.72696 1675.226 -34605.18)
(-41.72079 780.5209 -34111.3)
(-41.68865 230.3819 -33864)
(-41.43876 -226.0339 -33806.42)
(-40.85186 -796.7743 -33914.7)
(-39.89505 -1774.435 -34147.9)
(-38.4351 -3754.41 -34198.19)
(-33.25202 -10390.58 -28855.19)
(-27.27727 -6451.495 -21633.51)
(-21.24504 -3474.878 -18873.55)
(-14.08187 -1671.975 -17748.1)
(-5.178008 -493.6969 -17294.58)
(-6.862404 27743.1 -4672.998)
(-7.139857 27740.67 -11215.6)
(-7.616068 27745.51 -14212.15)
(-7.974612 27756.24 -16182.54)
(-8.195706 27774.41 -16512.78)
(-11.85027 38115.22 -20453.24)
(-12.27042 38144.81 -19196.28)
(-12.74763 38182.62 -19661.96)
(-13.40591 38230.28 -20130.38)
(-13.85833 38285.9 -30079.52)
(-7.043247 19589.97 -21754.14)
(-6.967035 21015.51 -25601.99)
(-6.658804 23167.38 -30668.65)
(-6.262717 26316.95 -38814.98)
(-5.604036 30920.71 -33346.64)
(-39.91075 7771.778 -117983.5)
(-38.8718 3205.212 -42632.34)
(-38.50377 1451.045 -37944.74)
(-38.51457 687.6927 -35774.99)
(-38.4975 311.5511 -34743.06)
(-38.20867 89.2541 -34307.53)
(-37.81845 -95.51532 -34276.36)
(-37.12616 -340.0308 -34670.55)
(-35.95535 -805.8834 -35770.4)
(-34.10554 -1910.073 -38433.29)
(-27.6081 -17871.91 -30584.4)
(-22.92445 -8171.085 -19394.63)
(-18.0855 -4056.033 -17518.94)
(-12.11382 -1901.467 -16964.33)
(-4.516929 -556.9151 -16751.84)
(-7.733395 31725.75 -4483.232)
(-8.006818 31728.01 -10665.63)
(-8.32439 31738.84 -13322.76)
(-8.796125 31761.76 -14952.88)
(-9.244035 31794.29 -15056.28)
(-13.16701 43651.95 -18295.9)
(-13.8185 43703.29 -16705.54)
(-14.2718 43772.22 -16669.22)
(-14.89708 43854.58 -16630.73)
(-15.66128 43952.99 -24122.01)
(-7.977049 22679.11 -16026.94)
(-8.004803 24935.19 -15800.7)
(-8.147489 28417.19 -14364.26)
(-8.267031 33669.61 -11214.3)
(-8.594834 41623.58 -4530.318)
(-21.44889 -19252.49 -7005.402)
(-19.04382 -8502.372 -14815.19)
(-15.3289 -4150.541 -15823.31)
(-10.36241 -1930.473 -16085.32)
(-3.889522 -563.6721 -16158.4)
(-7.855156 28638.47 -4362.583)
(-8.83704 28634.74 -10322.15)
(-9.127237 28637.99 -12777.15)
(-9.504406 28645.34 -14204.19)
(-9.98436 28658.9 -14176.59)
(-14.45605 39322.96 -16998.26)
(-15.09016 39344.24 -15212.53)
(-15.75835 39371.97 -14883.33)
(-16.25606 39408.84 -14552.66)
(-16.98168 39452.22 -20609.19)
(-8.797634 20087.52 -12849.21)
(-8.948097 21171.32 -11204.52)
(-9.133939 22563.71 -8769.234)
(-9.501709 24079.09 -5717.025)
(-9.938093 25292.37 -2009.963)
(-17.2724 -13221.96 -5100.817)
(-15.94492 -7236.951 -11916.42)
(-13.05593 -3713.423 -14303.18)
(-8.886576 -1747.129 -15244.6)
(-3.344521 -511.385 -15584.84)
(-7.30788 21754.18 -4306.699)
(-8.653465 21752.05 -10172.45)
(-9.754401 21749.07 -12548.17)
(-10.04523 21749.08 -13898.1)
(-10.45208 21750.28 -13820.76)
(-15.04879 29831.78 -16476.61)
(-15.89451 29834.12 -14612.28)
(-16.63939 29839.55 -14166.36)
(-17.36993 29846.41 -13719.33)
(-17.89205 29857.33 -19203.97)
(-9.224218 15064.47 -11616.63)
(-9.491125 15461.81 -9565.061)
(-9.784096 15923.24 -7042.546)
(-10.09589 16350.76 -4331.182)
(-10.60603 16619.37 -1464.199)
(-14.38423 -8668.612 -4033.58)
(-13.57439 -5353.595 -10111.86)
(-11.26029 -2886.338 -13135.15)
(-7.694516 -1381.141 -14546.47)
(-2.894605 -406.2703 -15097.76)
(-3.845508 13379.32 -4283.088)
(-7.789215 13377.04 -10110.89)
(-9.211269 13375.63 -12463.95)
(-10.38638 13373.24 -13788.6)
(-10.66859 13371.81 -13697.78)
(-15.21394 18336.32 -16297.14)
(-15.98069 18334.74 -14405.91)
(-16.90534 18333 -13919.11)
(-17.71836 18332.3 -13432.62)
(-18.46096 18331.29 -18720.58)
(-9.388473 9209.921 -11198.02)
(-9.623143 9338.366 -9028.44)
(-9.963831 9481.084 -6511.434)
(-10.36553 9604.042 -3935.789)
(-10.76966 9674.069 -1316.929)
(-12.36713 -4930.834 -3457.673)
(-11.8126 -3253.891 -9062.263)
(-9.876204 -1816.808 -12362.87)
(-6.762268 -881.8443 -14057.16)
(-2.536888 -260.6287 -14750.12)
(-3.937483 4498.103 -10090.93)
(-8.002204 4497.592 -12436.43)
(-9.481255 4497.155 -13757.31)
(-10.69962 4496.361 -13662.13)
(-15.05815 6165.213 -16246.39)
(-15.63004 6164.199 -14346.39)
(-16.44476 6163.572 -13848.05)
(-17.41127 6162.728 -13349.08)
(-18.29055 6161.739 -18580.14)
(-9.391203 3090.434 -11075.64)
(-9.476647 3119.839 -8873.376)
(-9.775313 3151.416 -6361.186)
(-10.17793 3178.167 -3826.821)
(-10.66006 3192.676 -1277.093)
(-10.98507 -1602.703 -3205.405)
(-10.53084 -1089.396 -8582.604)
(-8.833486 -619.1266 -11986.77)
(-6.045786 -302.8935 -13813.38)
(-2.260211 -89.77092 -14577.76)
(-3.934349 -4499.982 -12441.2)
(-7.975067 -4499.382 -13760.83)
(-9.445445 -4498.695 -13667.68)
(-14.64059 -6168.508 -16252.2)
(-15.0349 -6167.421 -14352.01)
(-15.59365 -6166.633 -13853.39)
(-16.39067 -6165.411 -13355.02)
(-17.39906 -6164.509 -18587.93)
(-9.036515 -3092.305 -11081.08)
(-9.196928 -3121.491 -8877.436)
(-9.330494 -3153.063 -6364.281)
(-9.676407 -3179.799 -3828.662)
(-10.12293 -3194.384 -1277.767)
(-10.09241 1604.358 -3208.623)
(-9.637905 1090.677 -8592.009)
(-8.060409 619.9512 -12001.17)
(-5.502274 303.3427 -13831.62)
(-2.04865 89.91831 -14598.97)
(-3.791351 -13386.93 -13802.91)
(-7.691152 -13386.17 -13710.95)
(-12.52775 -18357.59 -16315.19)
(-14.17669 -18355.95 -14421.31)
(-14.57095 -18355.57 -13935.31)
(-15.08007 -18355.96 -13448.6)
(-15.83425 -18356.51 -18744.68)
(-8.331674 -9222.365 -11212.76)
(-8.595789 -9351.684 -9040.903)
(-8.765884 -9494.879 -6520.665)
(-8.928282 -9618.486 -3941.649)
(-9.314326 -9689.469 -1318.999)
(-9.584094 4945.725 -3468.129)
(-9.06323 3264.669 -9092.204)
(-7.50586 1823.426 -12407.64)
(-5.089757 885.388 -14113.13)
(-1.887022 261.7852 -14814.92)
(-3.505746 -21787.63 -13843.92)
(-9.807896 -29884.84 -16504.39)
(-11.72264 -29891.43 -14639.29)
(-13.28872 -29898.11 -14192.41)
(-13.6794 -29909.17 -13746.46)
(-14.12215 -29922.34 -19243.44)
(-7.302395 -15098.51 -11641.82)
(-7.639278 -15497.4 -9586.537)
(-7.923815 -15961.59 -7059.093)
(-8.084604 -16392 -4341.772)
(-8.265123 -16662.97 -1467.956)
(-9.416671 8712.555 -4054.07)
(-8.737641 5383.242 -10167.99)
(-7.12578 2903.883 -13215.11)
(-4.779019 1390.391 -14643.94)
(-1.760934 409.2774 -15209.55)
(-4.264652 -39420.09 -17037.93)
(-8.782018 -39446.5 -15249.6)
(-10.54164 -39482.09 -14922.31)
(-12.00266 -39521.37 -14591.6)
(-12.42165 -39571.06 -20667)
(-6.280696 -20150.05 -12886.67)
(-6.393474 -21239.76 -11239.2)
(-6.707575 -22639.37 -8797.466)
(-6.983576 -24163.23 -5736.235)
(-7.120647 -25384.74 -2017.011)
(-9.56596 13316.87 -5137.502)
(-8.613168 7293.715 -12010.11)
(-6.869232 3745.38 -14426.65)
(-4.544998 1763.699 -15389.66)
(-1.660862 516.7567 -15749.03)
(-3.623072 -43849.5 -16756.04)
(-7.54117 -43925.08 -16722.2)
(-9.089884 -44017.35 -16687.03)
(-10.42374 -44120.72 -24207.37)
(-5.3248 -22769.81 -16086.3)
(-5.219203 -25038.26 -15861.52)
(-5.236128 -28539.18 -14422.91)
(-5.434203 -33819.68 -11262.5)
(-5.630819 -41817.19 -4550.673)
(-10.0641 19432.82 -7071.135)
(-8.623484 8589.51 -14967.35)
(-6.693875 4197.261 -16002.01)
(-4.358969 1954.46 -16285.98)
(-1.579189 571.4399 -16381.99)
(-2.994564 -38345.83 -19736.36)
(-6.310805 -38401.84 -20211.09)
(-7.627172 -38468.29 -30207.41)
(-4.274651 -19685.95 -21850.95)
(-4.178954 -21122.29 -25722.4)
(-3.890356 -23289.06 -30821.19)
(-3.58654 -26461.24 -39019.48)
(-3.178666 -31097.53 -33532.92)
(-22.61806 -7819.549 -118681.3)
(-21.30837 -3226.088 -42894.11)
(-20.22187 -1461.128 -38190.75)
(-19.62436 -692.7866 -36020.56)
(-19.02399 -314.0387 -34997.53)
(-18.24041 -90.06942 -34576.35)
(-17.33245 96.25883 -34565.12)
(-16.46589 343.0932 -34985.92)
(-15.42043 813.8104 -36122.65)
(-14.10377 1930.521 -38844.62)
(-10.97421 18080.53 -30941.47)
(-8.695985 8275.537 -19642.99)
(-6.546913 4113.119 -17766.25)
(-4.199225 1931.059 -17229.38)
(-1.507655 566.5399 -17042.6)
(-2.530317 -26332.04 -20291.63)
(-5.368922 -26306.66 -30322.69)
(-3.162211 -13041.96 -21793.36)
(-3.400974 -12624.43 -24921.17)
(-3.250621 -11740.31 -27827.38)
(-2.935658 -9918.259 -30848.93)
(-2.625898 -6295.099 -22582.56)
(-20.63576 -14404.36 -71859.98)
(-20.42283 -6855.641 -36555.56)
(-19.52014 -3389.376 -35673.59)
(-18.60369 -1690.114 -34889.61)
(-18.01394 -788.0099 -34410.88)
(-17.37391 -232.9121 -34182.88)
(-16.53966 228.1328 -34149)
(-15.57212 805.4104 -34286.12)
(-14.6098 1795.485 -34553.5)
(-13.48345 3802.953 -34640.2)
(-11.11278 10537.36 -29262.81)
(-8.662588 6551.512 -21969.4)
(-6.395004 3534.285 -19197.15)
(-4.043577 1703.646 -18085.54)
(-1.44086 504.0937 -17660.1)
(-2.210027 -15818.95 -28804.07)
(-2.241118 -7700.184 -20342.83)
(-2.57788 -7043.641 -22505.39)
(-2.789338 -6050.784 -24094.11)
(-2.644709 -4637.949 -25444.41)
(-2.372289 -2761.867 -17979.46)
(-18.79461 -10981.66 -56868.86)
(-18.93676 -6408.52 -31917.56)
(-18.77502 -3553.898 -33058.59)
(-17.97138 -1891.931 -33450.42)
(-17.09974 -915.9524 -33571.87)
(-16.46999 -282.2819 -33592.72)
(-15.77338 243.3013 -33560.29)
(-14.89149 854.314 -33452.99)
(-13.89018 1758.504 -33160.73)
(-12.90344 3190.671 -32384.12)
(-10.90778 6227.283 -28478.25)
(-8.470433 4583.7 -23168.34)
(-6.210041 2658.444 -20214.23)
(-3.887419 1318.446 -18770.34)
(-1.373777 393.9713 -18174.64)
(-0.9622057 -3982.099 -19228.01)
(-1.879866 -3566.27 -20821.98)
(-2.18962 -2989.612 -21838.98)
(-2.367827 -2256.166 -22652.08)
(-2.232968 -1392.914 -15846.96)
(-17.55928 -6576.238 -50152.08)
(-17.51289 -4244.327 -29158.45)
(-17.56975 -2527.143 -31187.79)
(-17.3442 -1408.841 -32281.4)
(-16.54643 -702.2247 -32830.59)
(-15.66771 -224.1071 -33053.97)
(-14.97973 172.4596 -33043.88)
(-14.22696 609.1505 -32803.16)
(-13.31511 1191.904 -32249.68)
(-12.31741 1983.621 -31216.67)
(-10.52416 3335.747 -28091.22)
(-8.172494 2684.223 -23779.58)
(-5.959133 1635.431 -20854.48)
(-3.720078 829.0769 -19243.21)
(-1.306829 249.7412 -18543.37)
(-0.8504302 -1091.725 -20039.1)
(-1.644078 -910.6422 -20835.33)
(-1.918916 -688.1093 -21471.13)
(-2.050579 -434.9931 -14971.97)
(-16.79797 -2177.872 -47390.66)
(-16.54278 -1464.926 -27892.52)
(-16.3896 -901.372 -30249.21)
(-16.32644 -514.1628 -31653.21)
(-16.00376 -260.2389 -32415.08)
(-15.17758 -84.65787 -32746.3)
(-14.27307 61.02228 -32756.47)
(-13.52615 217.1119 -32464.01)
(-12.72655 414.9452 -31817.15)
(-11.80192 664.9111 -30721.98)
(-10.04705 1054.794 -27932.23)
(-7.794447 882.0178 -24044.72)
(-5.665152 550.7018 -21166.53)
(-3.523999 282.4521 -19488.05)
(-1.237446 85.46129 -18739.99)
(-5.857261 1876.813 -4600.799)
(-6.106512 1875.158 -10968.51)
(-6.375261 1872.206 -13760.97)
(-6.614074 1869.429 -15525.62)
(-6.80432 1865.758 -15714.15)
(-9.880157 2552.804 -19263.38)
(-10.21823 2546.835 -17830.8)
(-10.40892 2540.113 -18026.41)
(-11.25297 2531.738 -18221.33)
(-11.79835 2522.604 -26828.74)
(-5.998006 1216.195 -18570.56)
(-6.111152 1082.331 -19898.88)
(-5.933361 902.3254 -20679.21)
(-5.67121 681.5839 -21298.7)
(-5.446895 430.6702 -14845.14)
(-45.40162 2155.29 -46963.52)
(-46.92154 1448.937 -27618.43)
(-47.91641 890.9037 -29929.39)
(-48.85744 507.7796 -31294.73)
(-49.56696 256.7579 -32021.08)
(-49.99959 83.37474 -32318.87)
(-50.24286 -60.25832 -32295.01)
(-50.25607 -213.8494 -31969.23)
(-50.1186 -408.0945 -31290.63)
(-49.69472 -652.9117 -30167.67)
(-45.33089 -1033.933 -27379.96)
(-37.30441 -862.8375 -23521.32)
(-28.40191 -537.4899 -20657.72)
(-17.95827 -274.9613 -18970.39)
(-6.038105 -82.96167 -18192.35)
(-5.660058 6079.045 -4619.138)
(-5.998573 6074.454 -11024.88)
(-6.340037 6067.118 -13854.93)
(-6.568825 6057.986 -15656.33)
(-6.735288 6046.129 -15870.39)
(-9.575201 8275.171 -19492.71)
(-10.15394 8256.048 -18092.85)
(-10.44039 8235.878 -18336)
(-10.68018 8210.168 -18580.71)
(-11.56175 8181.826 -27436.01)
(-5.831764 3952.963 -19114.85)
(-5.709418 3539.168 -20691.98)
(-5.736286 2966.077 -21692.09)
(-5.482187 2237.545 -22490.27)
(-5.145773 1380.827 -15727.78)
(-42.20691 6516.661 -49751.54)
(-43.42952 4203.725 -28906.07)
(-44.35555 2501.51 -30898.88)
(-44.86179 1393.599 -31961.8)
(-45.32371 694.0522 -32483.33)
(-45.57537 221.1451 -32678.07)
(-45.55036 -170.5706 -32639.31)
(-45.30141 -601.2028 -32369.3)
(-44.78482 -1174.861 -31787.59)
(-44.06483 -1952.688 -30729.98)
(-39.88337 -3278.878 -27612.41)
(-32.80928 -2634.018 -23334.34)
(-25.24574 -1601.736 -20423.77)
(-16.42498 -810.1946 -18803.62)
(-5.852844 -243.4409 -18074.72)
(-5.698789 11640.94 -4653.357)
(-5.98742 11634 -11131.65)
(-6.397432 11622.15 -14038.87)
(-6.641704 11607.68 -15917.25)
(-6.907536 11590.6 -16182.02)
(-9.796557 15867.72 -19952.15)
(-10.15521 15839.33 -18618.26)
(-10.65967 15804.82 -18962.95)
(-11.06002 15768.07 -19307.41)
(-11.46976 15723.15 -28661.51)
(-5.904568 7651.437 -20236.44)
(-5.707369 6997.883 -22378.19)
(-5.514376 6010.018 -23951.21)
(-5.393303 4605.133 -25284.93)
(-5.009295 2741.411 -17859.98)
(-40.04284 10896.16 -56466.9)
(-40.52394 6355.644 -31676.56)
(-41.10354 3522.868 -32793.51)
(-41.52285 1874.39 -33165.21)
(-41.61373 906.7934 -33265.59)
(-41.65175 279.0727 -33264.47)
(-41.46895 -240.9897 -33207.59)
(-40.97638 -844.7539 -33074.06)
(-40.1892 -1736.977 -32754.09)
(-39.05804 -3148.165 -31952.8)
(-34.71905 -6136.83 -28064.65)
(-28.43854 -4510.815 -22799.48)
(-21.98469 -2611.967 -19859.88)
(-14.49029 -1292.994 -18406.68)
(-5.3141 -385.5422 -17784.47)
(-6.030963 19222.96 -4691.864)
(-6.205281 19215.43 -11256.18)
(-6.61378 19205.24 -14258.59)
(-7.016235 19192.23 -16232.57)
(-7.190446 19178.84 -16560.9)
(-10.35826 26281.3 -20516.65)
(-10.77583 26258.62 -19263.97)
(-11.18075 26233.42 -19735.91)
(-11.68083 26204.77 -20207.3)
(-12.10106 26173.05 -30191.27)
(-6.129881 12973.27 -21692.32)
(-6.012234 12555.53 -24799.06)
(-5.690671 11673.75 -27682.88)
(-5.352558 9859.783 -30680.98)
(-4.968319 6256.147 -22451.87)
(-38.7273 14309.95 -71418.88)
(-38.34568 6808.082 -36318.94)
(-38.24879 3364.434 -35430.58)
(-38.38511 1676.866 -34637.11)
(-38.43268 781.3771 -34145.39)
(-38.18698 230.672 -33900.71)
(-37.83873 -226.2848 -33846.79)
(-37.21055 -797.8075 -33959.02)
(-36.17691 -1776.995 -34197.15)
(-34.6863 -3760.409 -34252.78)
(-29.80533 -10409.06 -28906.51)
(-24.32851 -6464.383 -21676.8)
(-18.90561 -3482.696 -18916.14)
(-12.55253 -1676.221 -17793.33)
(-4.662359 -495.1103 -17344.09)
(-6.56056 27752.14 -4674.884)
(-6.848706 27751.51 -11219.15)
(-7.120768 27756.03 -14218.01)
(-7.590505 27767.76 -16189.4)
(-7.948058 27785.42 -16518.72)
(-11.20836 38133.46 -20460.65)
(-11.81885 38161.49 -19205.16)
(-12.23688 38201.2 -19669.89)
(-12.7125 38249.2 -20139.99)
(-13.36679 38307.11 -30094.03)
(-6.719255 19600.62 -21764.71)
(-6.555059 21027.66 -25615.82)
(-6.351051 23181.26 -30686.4)
(-5.874984 26333.64 -38837.76)
(-5.161798 30941.69 -33368.79)
(-37.47211 7777.524 -118068.3)
(-36.57954 3207.739 -42663.82)
(-35.86912 1452.289 -37974.59)
(-35.53704 688.3146 -35805.11)
(-35.41964 311.8585 -34775.12)
(-35.18906 89.35879 -34341.85)
(-34.64258 -95.61158 -34313.58)
(-33.90043 -340.4337 -34711.98)
(-32.74741 -806.9379 -35817.21)
(-30.92507 -1912.834 -38488.79)
(-24.90897 -17900.47 -30633.29)
(-20.54868 -8185.626 -19429.23)
(-16.13217 -4064.14 -17554.09)
(-10.78121 -1905.747 -17002.68)
(-4.02729 -558.329 -16794.55)
(-6.842733 31738.36 -4485.147)
(-7.71898 31738.32 -10669.48)
(-7.988863 31751.47 -13327.66)
(-8.304026 31773.2 -14958.08)
(-8.772766 31807.04 -15062.29)
(-12.64779 43670.32 -18302.4)
(-13.14096 43724 -16712.58)
(-13.7902 43791.21 -16676.35)
(-14.24276 43876.07 -16638.09)
(-14.86624 43974.52 -24133.73)
(-7.659621 22691.25 -16034.9)
(-7.654049 24948.92 -15808.61)
(-7.683784 28433.27 -14372.04)
(-7.847662 33689.77 -11220.8)
(-8.054775 41649.72 -4532.991)
(-19.44501 -19280.32 -7015.549)
(-17.17779 -8515.97 -14838.96)
(-13.7405 -4157.932 -15851.63)
(-9.243895 -1934.334 -16117.64)
(-3.461852 -564.941 -16194.96)
(-6.594477 28645.79 -4363.828)
(-7.842482 28645.66 -10326.5)
(-8.819489 28647.61 -12781.27)
(-9.107805 28656.48 -14209.74)
(-9.482495 28669.47 -14181.58)
(-13.66545 39338.94 -17004.84)
(-14.43148 39360.97 -15218.77)
(-15.06497 39390.48 -14889.7)
(-15.73309 39426.4 -14558.93)
(-16.23058 39471.43 -20618.54)
(-8.35263 20097.31 -12855.42)
(-8.552762 21182.51 -11210.25)
(-8.740327 22576.23 -8773.762)
(-8.976017 24092.76 -5720.16)
(-9.41038 25307.66 -2011.144)
(-15.72376 -13239.3 -5107.525)
(-14.45388 -7247.42 -11933.71)
(-11.77491 -3719.367 -14326.18)
(-7.965834 -1750.242 -15271.92)
(-2.983642 -512.4082 -15616.18)
(-3.574129 21760.81 -4308.529)
(-7.2959 21757.49 -10175.11)
(-8.637789 21757.47 -12553.25)
(-9.734683 21756.55 -13902.78)
(-10.02449 21758.62 -13826.05)
(-14.30732 29842.71 -16482.62)
(-15.0261 29846.57 -14618.13)
(-15.87155 29852.09 -14171.98)
(-16.61579 29860.65 -13725.48)
(-17.34555 29870.61 -19212.69)
(-8.820044 15071.84 -11622.03)
(-9.018622 15469.32 -9569.737)
(-9.322908 15931.64 -7046.195)
(-9.662693 16359.92 -4333.524)
(-10.0316 16628.88 -1465.015)
(-13.12969 -8678.995 -4038.419)
(-12.35589 -5360.617 -10125.18)
(-10.20675 -2890.517 -13154.23)
(-6.938901 -1383.353 -14569.89)
(-2.594719 -406.9944 -15124.84)
(-3.837527 13380.75 -10115.39)
(-7.773512 13379.14 -12466.95)
(-9.193578 13378.34 -13794.46)
(-10.36519 13376.56 -13702.13)
(-14.6057 18343.17 -16303.58)
(-15.19186 18341.33 -14411.09)
(-15.95862 18340.81 -13924.94)
(-16.88278 18340.12 -13438.06)
(-17.69573 18340.45 -18729.07)
(-9.108919 9213.801 -11203.12)
(-9.19703 9342.942 -9032.746)
(-9.472486 9485.619 -6514.633)
(-9.85769 9609.145 -3937.846)
(-10.30848 9679.527 -1317.666)
(-11.32303 -4936.229 -3461.458)
(-10.78114 -3257.794 -9073.143)
(-8.988977 -1819.191 -12379.17)
(-6.129417 -883.123 -14077.6)
(-2.287634 -261.0466 -14773.88)
(-3.928782 4498.66 -12440.97)
(-7.985631 4498.267 -13760.96)
(-9.462258 4497.958 -13667.59)
(-14.64714 6167.531 -16252.03)
(-15.03716 6166.387 -14351.73)
(-15.60912 6165.61 -13853.17)
(-16.42286 6165.228 -13354.89)
(-17.38941 6164.62 -18587.56)
(-9.027157 3092.035 -11081.05)
(-9.204548 3120.99 -8877.28)
(-9.336505 3153.019 -6364.226)
(-9.67712 3179.616 -3828.675)
(-10.12602 3194.403 -1277.771)
(-10.09657 -1604.348 -3208.622)
(-9.640412 -1090.6 -8592.004)
(-8.061337 -619.8743 -12001.16)
(-5.502409 -303.29 -13831.61)
(-2.048686 -89.90189 -14598.96)
(-3.924148 -4500.662 -13766.04)
(-7.957374 -4500.178 -13671.03)
(-12.93101 -6170.737 -16258.56)
(-14.61934 -6169.679 -14356.84)
(-15.01485 -6168.84 -13858.58)
(-15.57325 -6168.29 -13360.02)
(-16.36976 -6167.308 -18595.8)
(-8.588504 -3093.437 -11085.67)
(-8.858905 -3122.849 -8881.552)
(-9.058288 -3154.716 -6367.115)
(-9.23513 -3181.27 -3830.533)
(-9.626703 -3196.043 -1278.387)
(-9.302656 1605.793 -3211.584)
(-8.857068 1091.734 -8600.631)
(-7.37793 620.6157 -12014.32)
(-5.020871 303.7017 -13848.24)
(-1.864484 90.03679 -14618.24)
(-3.780609 -13390.25 -13716.03)
(-10.52607 -18362.84 -16319.13)
(-12.50903 -18362.6 -14427.04)
(-14.15624 -18362.01 -13939.83)
(-14.55169 -18362.68 -13453.69)
(-15.06069 -18364.1 -18751.34)
(-7.812571 -9226.357 -11217.53)
(-8.159866 -9355.468 -9044.625)
(-8.461332 -9499.052 -6523.604)
(-8.671521 -9623.087 -3943.416)
(-8.879525 -9694.064 -1319.628)
(-8.870554 4949.913 -3471.079)
(-8.3552 3267.639 -9100.59)
(-6.896979 1825.227 -12420.09)
(-4.658306 886.347 -14128.6)
(-1.721791 262.0972 -14832.72)
(-4.79565 -29893.91 -16509.94)
(-9.790882 -29899.64 -14642.75)
(-11.7041 -29909.39 -14198.16)
(-13.26874 -29919.22 -13750.73)
(-13.66084 -29933.39 -19250.65)
(-6.961855 -15104.46 -11645.86)
(-7.139669 -15503.97 -9590.434)
(-7.502758 -15968.12 -7061.986)
(-7.825941 -16399.17 -4343.691)
(-8.033123 -16670.72 -1468.593)
(-8.752235 8719.415 -4057.267)
(-8.088563 5387.802 -10176.64)
(-6.569786 2906.533 -13227.29)
(-4.390977 1391.768 -14658.63)
(-1.61151 409.7218 -15226.21)
(-4.255227 -39458.13 -15254.26)
(-8.765472 -39492.8 -14925.94)
(-10.5235 -39536.61 -14597.01)
(-11.98265 -39584.08 -20673.69)
(-6.108103 -20157.5 -12891.43)
(-6.109004 -21247.81 -11242.89)
(-6.248072 -22648.7 -8800.866)
(-6.589927 -24173.13 -5738.559)
(-6.915423 -25395.81 -2017.898)
(-8.940436 13326.56 -5141.262)
(-8.004682 7299.457 -12019.59)
(-6.359638 3748.553 -14438.93)
(-4.190691 1765.31 -15403.86)
(-1.52591 517.2698 -15764.84)
(-3.613911 -43937.6 -16726.77)
(-7.524096 -44029.21 -16691)
(-9.07081 -44137.62 -24215.44)
(-5.095526 -22777.37 -16091.64)
(-5.099422 -25047.51 -15867.2)
(-5.011186 -28549.52 -14427.53)
(-5.049469 -33833.15 -11266.7)
(-5.293127 -41834.19 -4552.498)
(-9.445637 19446.15 -7075.997)
(-8.058869 8595.764 -14978.3)
(-6.220763 4200.565 -16014.63)
(-4.03589 1956.116 -16299.84)
(-1.456176 571.9624 -16397.1)
(-2.984139 -38412.59 -20216.36)
(-6.289901 -38478.91 -30214.97)
(-3.691284 -19693.24 -21857.75)
(-3.96782 -21129.41 -25730.9)
(-3.80323 -23297.63 -30831.94)
(-3.430547 -26470.57 -39032.42)
(-2.960492 -31109.66 -33545.55)
(-21.26774 -7822.812 -118728.7)
(-20.70164 -3227.524 -42912.68)
(-19.65063 -1461.778 -38206.25)
(-18.66774 -693.1174 -36036.39)
(-18.04454 -314.1929 -35013.5)
(-17.38378 -90.12132 -34593.27)
(-16.53113 96.30183 -34582.52)
(-15.53686 343.2753 -35004.56)
(-14.52011 814.2727 -36143.19)
(-13.25692 1931.687 -38868.06)
(-10.28991 18092.17 -30961.4)
(-8.161074 8281.213 -19656.49)
(-6.117789 4116.115 -17779.26)
(-3.902362 1932.579 -17242.98)
(-1.396 567.0201 -17057.11)
(-2.519797 -26314.29 -30330.43)
(-2.573279 -13046.13 -21798.69)
(-2.903398 -12629.03 -24928.93)
(-3.065794 -11744.25 -27836.41)
(-2.860349 -9921.915 -30859.45)
(-2.503918 -6297.334 -22589.91)
(-19.28575 -14409.96 -71886.47)
(-19.22969 -6858.52 -36569.83)
(-18.94323 -3390.901 -35688.81)
(-18.06123 -1690.871 -34903.75)
(-17.14415 -788.3914 -34425.93)
(-16.48485 -233.0327 -34198.48)
(-15.76211 228.232 -34165.66)
(-14.84655 805.8098 -34303.39)
(-13.78845 1796.443 -34571.92)
(-12.69698 3805.116 -34659.9)
(-10.44469 10543.73 -29280.47)
(-8.12295 6555.733 -21983.55)
(-6.000734 3536.708 -19210.35)
(-3.778306 1704.887 -18098.8)
(-1.338968 504.4905 -17674.04)
(-1.054958 -7702.598 -20347.68)
(-2.051618 -7046.152 -22509.99)
(-2.339591 -6052.971 -24101.44)
(-2.475868 -4639.493 -25452.68)
(-2.300891 -2762.893 -17985.48)
(-17.88299 -10985.64 -56886.98)
(-17.71999 -6410.983 -31929.29)
(-17.7006 -3555.394 -33071.39)
(-17.42277 -1892.79 -33464.52)
(-16.58683 -916.3672 -33585.52)
(-15.68172 -282.4294 -33607.38)
(-14.97088 243.4035 -33575.61)
(-14.19062 854.721 -33469.28)
(-13.23857 1759.388 -33177.45)
(-12.18042 3192.376 -32401.41)
(-10.27243 6230.827 -28494.45)
(-7.960827 4586.474 -23182.33)
(-5.823527 2660.157 -20227.26)
(-3.647373 1319.35 -18783.26)
(-1.283601 394.2584 -18187.98)
(-0.8743418 -3567.287 -20826.56)
(-1.705548 -2990.762 -21843.08)
(-1.970617 -2256.967 -22658.89)
(-2.080028 -1393.374 -15852.1)
(-16.9516 -6578.683 -50168.62)
(-16.65069 -4245.873 -29167.87)
(-16.45679 -2528.11 -31199.24)
(-16.36787 -1409.436 -32293.89)
(-16.02689 -702.5487 -32844.32)
(-15.18588 -224.2152 -33067.46)
(-14.2686 172.5242 -33058.29)
(-13.50712 609.4254 -32818.15)
(-12.68764 1192.479 -32265.37)
(-11.7362 1984.622 -31232.42)
(-9.937379 3337.531 -28106.23)
(-7.697076 2685.751 -23793.11)
(-5.600443 1636.422 -20867.08)
(-3.488681 829.6113 -19255.62)
(-1.226083 249.9123 -18556.13)
(-0.7567901 -910.8647 -20840.07)
(-1.474345 -688.385 -21474.93)
(-1.710939 -435.1462 -14976.44)
(-15.59549 -2178.595 -47406.05)
(-15.93352 -1465.47 -27901.77)
(-15.57768 -901.7003 -30259.1)
(-15.30509 -514.36 -31664.82)
(-15.11448 -260.3499 -32427.63)
(-14.68912 -84.70008 -32759.93)
(-13.82433 61.04445 -32769.89)
(-12.88878 217.2043 -32478.17)
(-12.08599 415.1344 -31831.7)
(-11.24509 665.2331 -30736.91)
(-9.569103 1055.327 -27946.34)
(-7.361986 882.4896 -24057.57)
(-5.335943 551.0155 -21178.57)
(-3.311807 282.6233 -19499.83)
(-1.160498 85.51639 -18752.08)
(-5.553592 1877.38 -4602.683)
(-5.842245 1876.145 -10972.79)
(-6.087677 1873.749 -13765.84)
(-6.352224 1870.094 -15532.19)
(-6.586998 1866.558 -15720.61)
(-9.298486 2554.472 -19270.94)
(-9.849201 2548.223 -17839.33)
(-10.18532 2541.291 -18034.32)
(-10.3771 2533.573 -18229.36)
(-11.21622 2524.234 -26843.8)
(-5.690474 1216.844 -18580.09)
(-5.565053 1083.144 -19910.83)
(-5.595336 903.0677 -20693.02)
(-5.370054 682.1564 -21312.99)
(-5.071252 431.0581 -14855.81)
(-41.8189 2157.274 -47000.74)
(-43.15542 1450.353 -27643.53)
(-44.17108 891.876 -29958.88)
(-44.7463 508.3794 -31328.29)
(-45.26003 257.0887 -32059.16)
(-45.55165 83.49891 -32360.91)
(-45.56537 -60.33737 -32341.45)
(-45.36559 -214.1858 -32020.09)
(-44.92218 -408.8172 -31346.07)
(-44.31131 -654.2141 -30227.78)
(-40.32272 -1036.258 -27441.48)
(-33.2229 -865.0282 -23581.11)
(-25.53654 -539.0291 -20716.87)
(-16.59198 -275.8414 -19030.61)
(-5.908143 -83.24828 -18253.83)
(-5.427324 6080.895 -4620.895)
(-5.6465 6077.083 -11028.6)
(-5.979942 6070.229 -13860.35)
(-6.314025 6060.653 -15663.83)
(-6.541485 6049.273 -15876.11)
(-9.205114 8278.842 -19500.5)
(-9.546005 8261.227 -18100.33)
(-10.12009 8239.143 -18345.38)
(-10.40729 8215.973 -18587.99)
(-10.64801 8187.307 -27448.76)
(-5.573991 3955.269 -19125.79)
(-5.399673 3541.45 -20702.52)
(-5.230203 2968.221 -21705.41)
(-5.161923 2239.294 -22505.6)
(-4.85843 1381.967 -15738.54)
(-39.31015 6522.362 -49788.33)
(-40.03438 4207.553 -28929.85)
(-40.79981 2503.957 -30927.19)
(-41.3395 1395.119 -31993.54)
(-41.51368 694.8775 -32518.37)
(-41.61575 221.4446 -32717.02)
(-41.4941 -170.7728 -32681.87)
(-41.08174 -602.0605 -32415.92)
(-40.42178 -1176.732 -31838.25)
(-39.49655 -1956.158 -30784.52)
(-35.56662 -3285.426 -27667.52)
(-29.1906 -2639.942 -23386.89)
(-22.49425 -1605.804 -20475.75)
(-14.7794 -812.5147 -18857.45)
(-5.411376 -244.2199 -18132)
(-5.442169 11644.69 -4655.145)
(-5.685121 11638.16 -11135.39)
(-5.969805 11627.83 -14043.75)
(-6.373683 11612.6 -15924.2)
(-6.615235 11594.73 -16187.82)
(-9.439654 15876.22 -19960.66)
(-9.76655 15846.86 -18625.51)
(-10.12362 15813.95 -18971.49)
(-10.62595 15774.92 -19315.77)
(-11.0233 15733.55 -28675.99)
(-5.530992 7656.345 -20246.21)
(-5.452276 7002.079 -22390.79)
(-5.196946 6013.93 -23964.09)
(-4.937875 4608.426 -25300.82)
(-4.707754 2743.475 -17872.39)
(-37.71874 10904.89 -56506.94)
(-37.74848 6361.138 -31701.02)
(-37.91095 3526.06 -32820.88)
(-38.19861 1876.226 -33195.74)
(-38.33478 907.7899 -33298.77)
(-38.15262 279.4241 -33300.5)
(-37.86616 -241.2543 -33247.23)
(-37.32393 -845.8473 -33117.27)
(-36.44371 -1739.481 -32801.33)
(-35.24877 -3153.194 -32003.79)
(-31.1202 -6147.746 -28114.55)
(-25.36371 -4519.826 -22845.1)
(-19.56337 -2617.844 -19904.69)
(-12.91562 -1296.277 -18453.58)
(-4.783993 -386.6461 -17835.38)
(-5.726901 19230.35 -4694.007)
(-6.016379 19222.24 -11259.64)
(-6.189044 19212.94 -14263.08)
(-6.591776 19200.96 -16239.02)
(-6.989233 19186.14 -16567.45)
(-9.829881 26292.96 -20523.28)
(-10.3283 26271.05 -19272.81)
(-10.74201 26246.02 -19744.01)
(-11.14498 26218.39 -20217.06)
(-11.64388 26187.2 -30204.13)
(-5.844021 12980.38 -21703.35)
(-5.650639 12563.11 -24811.95)
(-5.438334 11680.77 -27698.8)
(-5.029344 9866.136 -30698.22)
(-4.570925 6260.485 -22466.45)
(-36.35959 14320.57 -71469.35)
(-36.08889 6813.48 -36345.48)
(-35.62963 3367.328 -35458.29)
(-35.41553 1678.385 -34666.21)
(-35.36043 782.1482 -34176.88)
(-35.16931 230.9424 -33934.59)
(-34.66099 -226.5111 -33883.53)
(-33.97746 -798.752 -33999.6)
(-32.94924 -1779.319 -34241.9)
(-31.45181 -3765.842 -34302.23)
(-26.89291 -10425.7 -28952.71)
(-21.80709 -6475.888 -21715.46)
(-16.86328 -3489.657 -18954.07)
(-11.17145 -1679.993 -17833.54)
(-4.156603 -496.3676 -17388.3)
(-5.794603 27763.17 -4676.236)
(-6.547607 27760.57 -11223.48)
(-6.830882 27766.86 -14222.3)
(-7.099278 27778.28 -16195.81)
(-7.562988 27796.95 -16525.54)
(-10.86662 38148.6 -20467.97)
(-11.18089 38179.71 -19212.19)
(-11.78661 38217.91 -19678.94)
(-12.20247 38267.8 -20148.19)
(-12.67638 38326.07 -30108.41)
(-6.47326 19611.3 -21775.21)
(-6.258089 21039.06 -25628.59)
(-5.979436 23194.47 -30702.98)
(-5.593773 26349.33 -38860.37)
(-4.843569 30960.95 -33388.61)
(-34.58739 7782.903 -118146.8)
(-34.32991 3210.118 -42694.06)
(-33.73854 1453.44 -38002.45)
(-33.10088 688.9078 -35833.16)
(-32.6864 312.1432 -34804.4)
(-32.38047 89.45163 -34373.52)
(-31.89827 -95.69946 -34347.91)
(-31.05376 -340.801 -34749.72)
(-29.90159 -807.9017 -35860.03)
(-28.16322 -1915.341 -38539.21)
(-22.58326 -17926.35 -30677.58)
(-18.53649 -8198.718 -19460.37)
(-14.46044 -4071.377 -17585.48)
(-9.617268 -1909.557 -17036.83)
(-3.584429 -559.5859 -16832.54)
(-5.731998 31746.35 -4486.334)
(-6.830328 31750.9 -10673.83)
(-7.700631 31761.8 -13332.22)
(-7.968961 31785.81 -14963.41)
(-8.282281 31818.5 -15067.43)
(-12.00208 43687.84 -18309.62)
(-12.62266 43742.38 -16718.56)
(-13.11493 43811.94 -16683.35)
(-13.76195 43895.12 -16645.23)
(-14.21377 43996.04 -24144.39)
(-7.271829 22702.35 -16042.66)
(-7.341717 24962.09 -15816.44)
(-7.347293 28448.74 -14379.3)
(-7.403233 33708.69 -11226.89)
(-7.643849 41674.53 -4535.624)
(-17.70316 -19305.6 -7024.767)
(-15.57193 -8528.287 -14860.47)
(-12.39298 -4164.587 -15877.1)
(-8.286071 -1937.78 -16146.52)
(-3.08825 -566.0712 -16227.53)
(-3.182486 28654.23 -4365.487)
(-6.582864 28652.97 -10329.35)
(-7.826371 28658.53 -12786.35)
(-8.800228 28666.1 -14214.19)
(-9.087242 28680.6 -14187)
(-12.97749 39353.43 -17010.77)
(-13.6428 39376.96 -15224.67)
(-14.40746 39407.21 -14895.78)
(-15.04038 39444.92 -14565.15)
(-15.70837 39489 -20627.45)
(-7.984518 20107.05 -12861.24)
(-8.122722 21192.81 -11215.67)
(-8.351575 22588.08 -8778.226)
(-8.588433 24106.02 -5723.115)
(-8.89034 25321.99 -2012.246)
(-14.35369 -13255.15 -5113.65)
(-13.15714 -7256.927 -11949.41)
(-10.67334 -3724.75 -14346.99)
(-7.183882 -1753.044 -15296.5)
(-2.67451 -513.3214 -15644.19)
(-3.56681 21764.11 -10179.23)
(-7.280776 21762.92 -12556.39)
(-8.620581 21764.94 -13908.23)
(-9.713906 21766.1 -13830.61)
(-13.72228 29854.15 -16488.87)
(-14.28526 29857.5 -14623.45)
(-15.00409 29864.53 -14177.66)
(-15.84928 29873.19 -13730.94)
(-16.59296 29884.86 -19221.29)
(-8.549229 15078.51 -11627.29)
(-8.6226 15476.82 -9574.179)
(-8.859523 15939.36 -7049.635)
(-9.207561 16368.53 -4335.766)
(-9.600753 16638.17 -1465.806)
(-12.02275 -8688.477 -4042.838)
(-11.27802 -5367.04 -10137.33)
(-9.290131 -2894.309 -13171.57)
(-6.289505 -1385.357 -14591.08)
(-2.339865 -407.6465 -15149.2)
(-3.827535 13382.85 -12472.16)
(-7.756395 13381.84 -13797.7)
(-9.174898 13381.67 -13707.83)
(-14.189 18349.68 -16308.72)
(-14.58489 18348.19 -14416.77)
(-15.17052 18347.4 -13929.95)
(-15.93731 18347.92 -13443.69)
(-16.86103 18348.27 -18736.66)
(-8.733291 9218.341 -11208.22)
(-8.921913 9346.907 -9036.839)
(-9.052515 9490.242 -6517.729)
(-9.371336 9613.746 -3939.777)
(-9.804297 9684.662 -1318.355)
(-10.40878 -4941.21 -3464.934)
(-9.870828 -3261.363 -9083.079)
(-8.203962 -1821.374 -12394.04)
(-5.578621 -884.2815 -14096.17)
(-2.073516 -261.4253 -14795.37)
(-3.919313 4499.341 -13765.81)
(-7.968201 4499.067 -13671.16)
(-12.95337 6169.729 -16258.47)
(-14.62544 6168.699 -14356.7)
(-15.01689 6167.804 -13858.33)
(-15.58893 6167.261 -13359.82)
(-16.40179 6167.12 -18595.64)
(-8.584312 3093.466 -11085.5)
(-8.847818 3122.589 -8881.544)
(-9.06447 3154.196 -6367.039)
(-9.242496 3181.218 -3830.507)
(-9.627862 3195.862 -1278.391)
(-9.304941 -1605.866 -3211.585)
(-8.860442 -1091.725 -8600.631)
(-7.379696 -620.5621 -12014.31)
(-5.021414 -303.657 -13848.23)
(-1.864529 -90.01958 -14618.23)
(-3.913501 -4501.466 -13676.07)
(-10.8912 -6172.764 -16262.53)
(-12.91245 -6171.908 -14362.45)
(-14.59881 -6171.093 -13863.24)
(-14.99551 -6170.5 -13365.03)
(-15.55361 -6170.184 -18602.75)
(-8.079316 -3094.832 -11090.37)
(-8.418887 -3124.012 -8885.216)
(-8.725331 -3156.049 -6370.065)
(-8.965541 -3182.941 -3832.239)
(-9.187408 -3197.52 -1279.01)
(-8.607953 1607.15 -3214.316)
(-8.16396 1092.705 -8608.57)
(-6.780065 621.2128 -12026.38)
(-4.595783 304.0261 -13863.41)
(-1.701359 90.14324 -14635.81)
(-5.171714 -18368.43 -16325.08)
(-10.50831 -18367.85 -14430.52)
(-12.49092 -18368.67 -13945.35)
(-14.1365 -18369.12 -13458.06)
(-14.53312 -18370.82 -18758.43)
(-7.432335 -9230.134 -11221.52)
(-7.652153 -9359.48 -9048.444)
(-8.030024 -9502.894 -6526.288)
(-8.370841 -9627.296 -3945.194)
(-8.624092 -9698.692 -1320.218)
(-8.24609 4953.812 -3473.817)
(-7.732929 3270.405 -9108.334)
(-6.358076 1826.883 -12431.55)
(-4.280382 887.2203 -14142.78)
(-1.57585 262.381 -14848.98)
(-4.785656 -29908.69 -14647.67)
(-9.774384 -29917.6 -14201.53)
(-11.68617 -29930.51 -13756.28)
(-13.24942 -29943.45 -19256.66)
(-6.736029 -15110.03 -11650.22)
(-6.806393 -15509.99 -9593.745)
(-7.014072 -15974.81 -7064.845)
(-7.409213 -16405.88 -4345.47)
(-7.775913 -16678.01 -1469.243)
(-8.180861 8725.754 -4060.24)
(-7.518193 5392.044 -10184.67)
(-6.081419 2908.994 -13238.55)
(-4.048284 1393.037 -14672.16)
(-1.480656 410.1275 -15241.5)
(-4.246027 -39504.42 -14930.48)
(-8.749314 -39547.33 -14600.56)
(-10.50579 -39599.32 -20681.33)
(-5.888795 -20164.16 -12895.61)
(-5.937381 -21255.63 -11247.02)
(-5.967917 -22657.15 -8803.76)
(-6.141735 -24182.98 -5740.77)
(-6.526196 -25406.19 -2018.715)
(-8.387866 13335.7 -5144.799)
(-7.481157 7304.768 -12028.39)
(-5.910754 3751.505 -14450.32)
(-3.879601 1766.806 -15416.97)
(-1.406937 517.742 -15779.39)
(-3.604782 -44041.73 -16695.56)
(-7.50704 -44149.5 -24221.23)
(-4.435357 -22785.95 -16097)
(-4.879022 -25055.85 -15872.45)
(-4.887407 -28559.96 -14432.66)
(-4.829262 -33845.24 -11270.36)
(-4.921854 -41850.66 -4554.2)
(-8.854685 19458.68 -7080.557)
(-7.561346 8601.659 -14988.6)
(-5.813336 4203.623 -16026.37)
(-3.750851 1957.656 -16312.71)
(-1.348205 572.4471 -16411.06)
(-2.973488 -38489.67 -30222.82)
(-3.032883 -19698.68 -21863.19)
(-3.42405 -21137.07 -25739.1)
(-3.606425 -23305.43 -30842.1)
(-3.34263 -26480.17 -39046.09)
(-2.826018 -31120.49 -33556.8)
(-19.86908 -7825.869 -118773.6)
(-19.49044 -3228.876 -42929.59)
(-19.07009 -1462.433 -38222.6)
(-18.12346 -693.4271 -36051.05)
(-17.17354 -314.3448 -35028.83)
(-16.49424 -90.16806 -34609.05)
(-15.75376 96.34416 -34599.39)
(-14.81307 343.4458 -35022.2)
(-13.70396 814.7073 -36162.47)
(-12.4838 1932.786 -38890.16)
(-9.670753 18103.11 -30980.09)
(-7.65158 8286.549 -19669.16)
(-5.73978 4118.936 -17791.5)
(-3.6465 1933.986 -17255.63)
(-1.297351 567.4665 -17070.58)
(-1.203643 -13049.88 -21804.19)
(-2.342361 -12632.89 -24934.88)
(-2.613464 -11748.48 -27845.18)
(-2.688773 -9925.238 -30869.51)
(-2.427568 -6299.637 -22597.65)
(-18.36192 -14415.1 -71910.03)
(-17.99082 -6861.178 -36583.36)
(-17.85625 -3392.327 -35702.72)
(-17.51007 -1691.635 -34918.51)
(-16.63005 -788.748 -34439.95)
(-15.69609 -233.1546 -34213.42)
(-14.96023 228.3289 -34181.26)
(-14.14764 806.1947 -34320.1)
(-13.14173 1797.347 -34589.36)
(-11.9858 3807.149 -34678.39)
(-9.836687 10549.73 -29297.12)
(-7.633948 6559.701 -21996.83)
(-5.626652 3538.987 -19222.73)
(-3.544659 1706.055 -18111.26)
(-1.251111 504.858 -17687.01)
(-0.9521423 -7048.266 -22515.32)
(-1.843997 -6055.023 -24106.52)
(-2.081552 -4641.158 -25460.5)
(-2.145979 -2763.813 -17991.33)
(-17.26154 -10989.69 -56906.09)
(-16.85438 -6413.299 -31939.73)
(-16.57813 -3556.763 -33083.56)
(-16.44013 -1893.589 -33477.51)
(-16.06613 -916.7886 -33599.59)
(-15.19956 -282.5657 -33621.11)
(-14.26029 243.4963 -33590.26)
(-13.47267 855.1073 -33484.57)
(-12.61467 1760.238 -33193.59)
(-11.6057 3193.987 -32417.76)
(-9.700021 6234.157 -28509.67)
(-7.497948 4589.086 -23195.52)
(-5.472854 2661.769 -20239.48)
(-3.420258 1320.2 -18795.37)
(-1.204219 394.5285 -18200.5)
(-0.7790447 -2991.611 -21847.98)
(-1.519621 -2257.792 -22663.27)
(-1.742222 -1393.868 -15856.88)
(-15.74462 -6580.874 -50184.89)
(-16.03674 -4247.443 -29177.61)
(-15.64384 -2529.028 -31209.48)
(-15.34354 -1409.977 -32305.74)
(-15.13566 -702.8484 -32857.06)
(-14.69719 -224.3269 -33081.24)
(-13.82003 172.5874 -33071.85)
(-12.8707 609.6853 -32832.47)
(-12.0491 1193.023 -32280.13)
(-11.18248 1985.583 -31247.6)
(-9.464595 3339.218 -28120.43)
(-7.270168 2687.188 -23805.83)
(-5.275078 1637.354 -20878.95)
(-3.278573 830.1143 -19267.26)
(-1.149801 250.0735 -18568.1)
(-0.6605913 -688.562 -21479.79)
(-1.297957 -435.3059 -14979.15)
(-13.10481 -2179.363 -47420.24)
(-14.77032 -1465.959 -27910.78)
(-14.97139 -902.0337 -30269.19)
(-14.54435 -514.5473 -31675.31)
(-14.17952 -260.4508 -32439.53)
(-13.88178 -84.73859 -32772.64)
(-13.3696 61.06534 -32783.49)
(-12.47545 217.2927 -32491.54)
(-11.52034 415.3141 -31845.6)
(-10.68197 665.5372 -30750.98)
(-9.116901 1055.839 -27959.92)
(-7.009019 882.936 -24069.75)
(-5.041012 551.3104 -21189.91)
(-3.119526 282.7844 -19510.92)
(-1.090601 85.56826 -18763.42)
(-5.301152 1877.878 -4604.553)
(-5.538576 1876.721 -10977.07)
(-5.82303 1874.73 -13770.95)
(-6.066574 1871.595 -15537.55)
(-6.327531 1867.241 -15727.09)
(-8.999774 2555.571 -19278.77)
(-9.270079 2549.883 -17846.4)
(-9.817761 2542.664 -18042.97)
(-10.152 2534.768 -18237.36)
(-10.34478 2526.059 -26855.73)
(-5.412298 1217.608 -18590.55)
(-5.270298 1083.774 -19921.12)
(-5.1086 903.7349 -20705.56)
(-5.057206 682.7052 -21327.32)
(-4.788825 431.4154 -14865.82)
(-38.94526 2159.17 -47034.99)
(-39.77524 1451.678 -27666.14)
(-40.63125 892.7484 -29986.27)
(-41.23409 508.9345 -31359.35)
(-41.45472 257.3948 -32093.71)
(-41.59391 83.61196 -32399.46)
(-41.50771 -60.40837 -32383.61)
(-41.13996 -214.4911 -32066.2)
(-40.54584 -409.468 -31396.01)
(-39.71744 -655.3765 -30281.43)
(-35.95827 -1038.327 -27496.26)
(-29.55836 -866.9737 -23634.21)
(-22.75271 -540.3979 -20769.6)
(-14.92864 -276.6313 -19085.09)
(-5.461928 -83.51466 -18311.68)
(-5.151325 6083.021 -4622.715)
(-5.413018 6078.942 -11032.61)
(-5.62912 6072.862 -13864.79)
(-5.959122 6063.738 -15669.76)
(-6.286306 6051.929 -15883.46)
(-8.936954 8283.139 -19507.55)
(-9.17763 8264.899 -18107.58)
(-9.516271 8244.297 -18353.02)
(-10.08586 8219.249 -18597.41)
(-10.37356 8193.076 -27459.81)
(-5.150728 3957.886 -19134.77)
(-5.153173 3543.539 -20714.3)
(-4.938949 2970.135 -21716.71)
(-4.724634 2240.906 -22519.49)
(-4.567481 1383.032 -15749.28)
(-37.03784 6527.637 -49822.78)
(-37.2878 4211.212 -28951.89)
(-37.62493 2506.233 -30952.87)
(-38.0311 1396.486 -32022.92)
(-38.24339 695.6424 -32550.76)
(-38.1191 221.7235 -32752.42)
(-37.88899 -170.9582 -32720.87)
(-37.41985 -602.8386 -32458.26)
(-36.65467 -1178.427 -31884.16)
(-35.64472 -1959.282 -30833.64)
(-31.87984 -3291.27 -27716.72)
(-26.03414 -2645.217 -23433.68)
(-20.0165 -1609.417 -20521.95)
(-13.17263 -814.5781 -18905.5)
(-4.870939 -244.9192 -18183.91)
(-5.215736 11649.74 -4656.521)
(-5.429513 11641.92 -11139.46)
(-5.667571 11632 -14048.22)
(-5.949984 11618.25 -15929.58)
(-6.348101 11599.64 -16194.71)
(-9.039025 15881.94 -19967.78)
(-9.410704 15855.31 -18633.44)
(-9.735871 15821.47 -18978.92)
(-10.0913 15784.02 -19324.48)
(-10.59142 15740.43 -28688.54)
(-5.315276 7661.229 -20256.3)
(-5.107403 7006.473 -22401.84)
(-4.958392 6017.535 -23977.68)
(-4.648681 4611.412 -25314.57)
(-4.328878 2745.42 -17883.66)
(-35.41431 10913.05 -56546.26)
(-35.53301 6366.223 -31723.87)
(-35.31198 3529.107 -32846.34)
(-35.24022 1877.93 -33223.54)
(-35.27103 908.6862 -33329.44)
(-35.13805 279.7515 -33333.75)
(-34.68584 -241.4922 -33283.3)
(-34.08094 -846.847 -33156.83)
(-33.19227 -1741.755 -32844.24)
(-31.96195 -3157.75 -32049.99)
(-28.08008 -6157.575 -28159.49)
(-22.73493 -4527.871 -22885.83)
(-17.44967 -2623.076 -19944.6)
(-11.49439 -1299.195 -18495.28)
(-4.26475 -387.628 -17880.85)
(-5.027636 19236.4 -4695.101)
(-5.713951 19229.62 -11264.54)
(-5.997517 19219.77 -14267.27)
(-6.170557 19208.63 -16244.03)
(-6.567928 19194.84 -16573.86)
(-9.551192 26303 -20531.31)
(-9.802539 26282.7 -19279.18)
(-10.29742 26258.43 -19753.01)
(-10.7074 26230.98 -20225.39)
(-11.10839 26200.8 -30218.66)
(-5.622315 12987.31 -21712.93)
(-5.395134 12570.01 -24824.47)
(-5.113437 11687.68 -27713.31)
(-4.795305 9872.046 -30715.91)
(-4.293477 6264.476 -22479.19)
(-33.55384 14330.53 -71515.83)
(-33.86918 6818.547 -36371.06)
(-33.51535 3370.005 -35484.17)
(-32.98669 1679.835 -34693.29)
(-32.63068 782.8631 -34205.62)
(-32.36252 231.1821 -33965.88)
(-31.91535 -226.7175 -33917.41)
(-31.12425 -799.6127 -34036.55)
(-30.08592 -1781.443 -34282.83)
(-28.64309 -3770.778 -34347.16)
(-24.38265 -10440.77 -28994.56)
(-19.67266 -6486.245 -21750.25)
(-15.11572 -3495.871 -18987.96)
(-9.965175 -1683.352 -17869.36)
(-3.699467 -497.4849 -17427.63)
(-4.848701 27770.29 -4677.736)
(-5.783195 27771.57 -11226.61)
(-6.530718 27775.94 -14227.5)
(-6.810729 27789.1 -16200.59)
(-7.075991 27807.47 -16531.91)
(-10.33746 38164.43 -20476.3)
(-10.83756 38194.87 -19219.13)
(-11.15248 38236.12 -19686.22)
(-11.75356 38284.56 -20157.41)
(-12.16719 38344.69 -30120.78)
(-6.1433 19620.99 -21785.6)
(-6.019467 21050.25 -25641.01)
(-5.711549 23206.96 -30718.54)
(-5.26951 26364.16 -38881.44)
(-4.603698 30979.3 -33408.11)
(-32.46926 7787.86 -118217.3)
(-31.72362 3212.347 -42722.02)
(-31.65201 1454.521 -38029.18)
(-31.1203 689.4566 -35859.38)
(-30.44229 312.4156 -34831.62)
(-29.88659 89.53828 -34402.48)
(-29.35611 -95.78238 -34379.59)
(-28.58837 -341.1387 -34784.5)
(-27.39062 -808.7812 -35899.06)
(-25.71508 -1917.632 -38585.31)
(-20.56241 -17949.85 -30717.8)
(-16.80415 -8210.575 -19488.56)
(-13.04295 -4077.892 -17613.73)
(-8.620706 -1912.959 -17067.35)
(-3.197534 -560.7052 -16866.38)
(-2.729627 31755.81 -4488.049)
(-5.720392 31758.91 -10676.57)
(-6.814397 31774.36 -13337.32)
(-7.680357 31796.17 -14968.37)
(-7.947723 31831.11 -15072.68)
(-11.3314 43703.6 -18315.82)
(-11.97751 43759.94 -16725.15)
(-12.5975 43830.34 -16689.36)
(-13.08892 43915.87 -16652.19)
(-13.73377 44015.15 -24154.79)
(-6.954914 22713.35 -16049.72)
(-6.972129 24974.26 -15824.06)
(-7.041696 28463.56 -14386.41)
(-7.079322 33726.83 -11232.59)
(-7.212239 41697.78 -4538.086)
(-16.16191 -19328.71 -7033.186)
(-14.17572 -8539.473 -14880.01)
(-11.23379 -4170.613 -15900.15)
(-7.473003 -1940.883 -16172.5)
(-2.768261 -567.0799 -16256.63)
(-3.175852 28661.41 -10333.08)
(-6.568152 28665.85 -12789.73)
(-7.808644 28677.02 -14219.64)
(-8.779877 28690.24 -14191.36)
(-12.43705 39368.7 -17017.19)
(-12.95517 39391.46 -15229.98)
(-13.6206 39423.22 -14901.56)
(-14.38401 39461.66 -14571.08)
(-15.01639 39507.55 -20636.26)
(-7.727256 20115.96 -12866.82)
(-7.7663 21202.97 -11220.73)
(-7.933447 22599.04 -8782.466)
(-8.204601 24118.6 -5726.016)
(-8.506108 25335.86 -2013.285)
(-13.14503 -13269.62 -5119.242)
(-12.01034 -7265.619 -11963.75)
(-9.715198 -3729.637 -14365.89)
(-6.511601 -1755.583 -15318.74)
(-2.411911 -514.1436 -15669.38)
(-3.557651 21769.52 -12561.17)
(-7.264254 21770.4 -13911.62)
(-8.602411 21774.47 -13835.91)
(-13.29632 29864.4 -16494.25)
(-13.70134 29868.94 -14628.99)
(-14.26387 29875.47 -14182.82)
(-14.98277 29885.64 -13736.45)
(-15.8277 29897.41 -19228.94)
(-8.180558 15085.65 -11632.47)
(-8.356022 15483.62 -9578.487)
(-8.470048 15947.03 -7052.9)
(-8.750405 16376.45 -4337.88)
(-9.148669 16646.91 -1466.564)
(-11.05387 -8697.215 -4046.898)
(-10.32698 -5372.909 -10148.43)
(-8.479516 -2897.779 -13187.39)
(-5.724473 -1387.175 -14610.32)
(-2.12085 -408.2372 -15171.24)
(-3.816711 13385.56 -13803.23)
(-7.738442 13385.16 -13711)
(-12.55965 18356.68 -16315.44)
(-14.16769 18354.69 -14421.33)
(-14.56476 18354.26 -13935.43)
(-15.14993 18354.52 -13448.54)
(-15.91674 18356.07 -18744.5)
(-8.320566 9222.267 -11212.75)
(-8.556536 9351.428 -9040.96)
(-8.780372 9494.283 -6520.671)
(-8.955519 9618.412 -3941.646)
(-9.320497 9689.301 -1319.001)
(-9.591058 -4945.802 -3468.135)
(-9.073437 -3264.66 -9092.202)
(-7.511161 -1823.373 -12407.62)
(-5.091383 -885.3437 -14113.11)
(-1.887157 -261.7682 -14814.89)
(-3.909387 4500.147 -13675.86)
(-10.90636 6171.245 -16262.67)
(-12.93427 6170.903 -14362.39)
(-14.60451 6170.111 -13863.12)
(-14.99734 6169.461 -13364.81)
(-15.56946 6169.15 -18602.5)
(-8.09459 3094.715 -11090.29)
(-8.415644 3124.014 -8885.123)
(-8.713431 3155.798 -6370.066)
(-8.970964 3182.412 -3832.205)
(-9.195321 3197.465 -1279.003)
(-8.607877 -1607.232 -3214.318)
(-8.165831 -1092.764 -8608.574)
(-6.782418 -621.2067 -12026.38)
(-4.596813 -303.9951 -13863.41)
(-1.701537 -90.12862 -14635.8)
(-5.354066 -6174.54 -16268.44)
(-10.87346 -6173.931 -14365.97)
(-12.8945 -6173.323 -13868.66)
(-14.579 -6172.747 -13369.52)
(-14.97687 -6172.395 -18609.72)
(-7.677668 -3096.257 -11094.49)
(-7.918305 -3125.407 -8888.981)
(-8.291329 -3157.237 -6372.687)
(-8.636063 -3184.264 -3834.013)
(-8.919065 -3199.2 -1279.58)
(-8.00341 1608.42 -3216.852)
(-7.554248 1093.628 -8615.897)
(-6.249481 621.7613 -12037.49)
(-4.2233 304.3166 -13877.34)
(-1.55732 90.23933 -14651.85)
(-5.161036 -18373.43 -14435.76)
(-10.49116 -18373.91 -13948.73)
(-12.47343 -18375.78 -13463.39)
(-14.11745 -18377.26 -18764.52)
(-7.172659 -9233.515 -11225.76)
(-7.281476 -9363.255 -9051.666)
(-7.530928 -9506.938 -6529.03)
(-7.942844 -9631.188 -3946.816)
(-8.325303 -9702.924 -1320.813)
(-7.709047 4957.401 -3476.366)
(-7.188735 3272.982 -9115.521)
(-5.884369 1828.43 -12442.14)
(-3.945885 888.0238 -14155.84)
(-1.447995 262.6391 -14863.89)
(-4.775984 -29926.65 -14206.28)
(-9.758403 -29938.72 -13759.55)
(-11.66884 -29954.74 -19264.39)
(-6.526736 -15115.1 -11653.88)
(-6.586821 -15515.69 -9597.322)
(-6.686317 -15980.95 -7067.276)
(-6.92808 -16412.7 -4347.224)
(-7.361477 -16684.82 -1469.844)
(-7.672467 8731.729 -4063.035)
(-7.027297 5395.961 -10192.14)
(-5.652847 2911.285 -13249)
(-3.747213 1394.216 -14684.66)
(-1.365084 410.5009 -15255.57)
(-4.237055 -39558.95 -14604.99)
(-8.733546 -39610.06 -20686.36)
(-5.162254 -20171.81 -12900.33)
(-5.719164 -21262.68 -11250.67)
(-5.796896 -22665.45 -8806.972)
(-5.864789 -24191.91 -5742.659)
(-6.08407 -25416.49 -2019.491)
(-7.860621 13344.29 -5148.115)
(-7.017364 7309.773 -12036.67)
(-5.524079 3754.233 -14460.92)
(-3.605927 1768.197 -15429.14)
(-1.302462 518.1807 -15792.83)
(-3.595688 -44162.05 -24227.83)
(-3.664098 -22792.08 -16100.88)
(-4.247715 -25065.03 -15877.73)
(-4.674544 -28569.46 -14437.43)
(-4.703485 -33857.5 -11274.35)
(-4.705297 -41865.43 -4555.688)
(-8.320921 19470.45 -7084.832)
(-7.087756 8607.202 -14998.26)
(-5.453114 4206.502 -16037.4)
(-3.505128 1959.081 -16324.68)
(-1.25302 572.8978 -16424.02)
(-1.429636 -19704.14 -21868.83)
(-2.793474 -21142.85 -25745.47)
(-3.108472 -23313.72 -30852.1)
(-3.161113 -26489 -39058.96)
(-2.741609 -31131.67 -33568.6)
(-18.92563 -7828.646 -118813.7)
(-18.2317 -3230.132 -42945.61)
(-17.97438 -1463.047 -38237.57)
(-17.57054 -693.7397 -36066.31)
(-16.65862 -314.4868 -35043.12)
(-15.70517 -90.21524 -34624.19)
(-14.95233 96.38534 -34615.2)
(-14.11563 343.6101 -35039.26)
(-13.06126 815.1176 -36180.71)
(-11.78483 1933.819 -38910.92)
(-9.10847 18113.41 -30997.71)
(-7.190513 8291.565 -19681.04)
(-5.381124 4121.591 -17802.97)
(-3.420559 1935.311 -17267.5)
(-1.212275 567.8795 -17083.11)
(-1.085779 -12636.45 -24941.09)
(-2.086897 -11751.94 -27851.79)
(-2.288268 -9928.767 -30879.33)
(-2.270609 -6301.741 -22605.03)
(-17.72382 -14420.39 -71934.68)
(-17.11854 -6863.637 -36595.46)
(-16.72217 -3393.639 -35715.9)
(-16.5208 -1692.348 -34932.1)
(-16.10811 -789.1093 -34454.41)
(-15.21358 -233.2672 -34227.42)
(-14.25026 228.4176 -34196.19)
(-13.43193 806.5597 -34335.78)
(-12.52235 1798.216 -34606.19)
(-11.42025 3809.072 -34695.9)
(-9.28916 10555.37 -29312.77)
(-7.190445 6563.436 -22009.34)
(-5.287612 3541.132 -19234.35)
(-3.323568 1707.155 -18122.93)
(-1.173631 505.2038 -17699.19)
(-0.841681 -6056.785 -24112.22)
(-1.620475 -4642.669 -25465.96)
(-1.808294 -2764.799 -17996.88)
(-16.04699 -10993.36 -56924.59)
(-16.23243 -6415.661 -31950.49)
(-15.76285 -3558.048 -33094.49)
(-15.41051 -1894.32 -33489.81)
(-15.1717 -917.1795 -33612.64)
(-14.7105 -282.7064 -33635.13)
(-13.81202 243.5869 -33604.04)
(-12.83795 855.4729 -33499.19)
(-11.97992 1761.041 -33208.77)
(-11.05817 3195.535 -32433.52)
(-9.238391 6237.309 -28524.07)
(-7.082402 4591.54 -23207.92)
(-5.155075 2663.285 -20250.99)
(-3.214183 1321.001 -18806.73)
(-1.129215 394.7829 -18212.24)
(-0.6782971 -2258.428 -22668.4)
(-1.325426 -1394.347 -15859.98)
(-13.25191 -6583.198 -50200.06)
(-14.87087 -4248.862 -29187.04)
(-15.03492 -2529.961 -31219.92)
(-14.58212 -1410.49 -32316.47)
(-14.19915 -703.1209 -32869.11)
(-13.88906 -224.429 -33094.08)
(-13.36545 172.6473 -33085.57)
(-12.45794 609.9337 -32845.98)
(-11.48522 1193.54 -32294.22)
(-10.62261 1986.491 -31261.9)
(-9.01739 3340.838 -28134.09)
(-6.921545 2688.547 -23817.88)
(-4.98362 1638.23 -20890.13)
(-3.088273 830.5875 -19278.22)
(-1.080534 250.2252 -18579.32)
(-0.5623714 -435.4209 -14982.52)
(-9.839867 -2180.066 -47429.23)
(-12.43329 -1466.475 -27919.16)
(-13.85633 -902.3356 -30278.93)
(-13.95081 -514.7377 -31685.88)
(-13.47157 -260.5462 -32450.36)
(-13.03206 -84.77285 -32784.65)
(-12.64224 61.08593 -32796.22)
(-12.05695 217.3795 -32504.98)
(-11.14414 415.4855 -31858.74)
(-10.18511 665.8266 -30764.4)
(-8.663984 1056.322 -27972.73)
(-6.677387 883.3643 -24081.43)
(-4.797974 551.5894 -21200.64)
(-2.947528 282.9359 -19521.37)
(-1.027311 85.61705 -18774.09)
(-4.960183 1878.641 -4606.274)
(-5.286791 1877.224 -10981.33)
(-5.51946 1875.318 -13776)
(-5.801617 1872.569 -15543.16)
(-6.043796 1868.698 -15732.43)
(-8.646783 2556.526 -19286.61)
(-8.97092 2550.982 -17853.65)
(-9.241226 2544.315 -18050.16)
(-9.785841 2536.126 -18246.12)
(-10.11828 2527.267 -26867.54)
(-5.000116 1218.461 -18598.96)
(-5.013669 1084.438 -19932.36)
(-4.82936 904.2838 -20716.34)
(-4.632358 683.2036 -21340.31)
(-4.502501 431.7541 -14875.84)
(-36.69826 2160.923 -47067.11)
(-37.04403 1452.944 -27687.06)
(-37.46595 893.5615 -30011.09)
(-37.93478 509.4335 -31388.11)
(-38.18957 257.6784 -32125.64)
(-38.09876 83.7173 -32434.49)
(-37.90132 -60.47346 -32422.23)
(-37.47286 -214.768 -32108.07)
(-36.76719 -410.0578 -31441.28)
(-35.84416 -656.423 -30329.74)
(-32.23086 -1040.174 -27545.15)
(-26.36199 -868.7059 -23681.49)
(-20.24635 -541.6138 -20816.46)
(-13.3053 -277.3338 -19133.71)
(-4.916125 -83.7538 -18364.1)
(-4.902053 6085.714 -4624.329)
(-5.137588 6081.066 -11036.76)
(-5.39471 6074.732 -13869.56)
(-5.60969 6066.373 -15674.64)
(-5.936697 6054.987 -15889.35)
(-8.586638 8286.77 -19516.35)
(-8.907751 8269.184 -18114.23)
(-9.149534 8247.967 -18360.38)
(-9.486003 8224.374 -18605.2)
(-10.05125 8196.357 -27473.59)
(-5.006379 3960.578 -19142.85)
(-4.783486 3545.836 -20724.19)
(-4.707016 2971.897 -21729.04)
(-4.454384 2242.35 -22531.37)
(-4.199443 1384.019 -15759.03)
(-34.77786 6532.567 -49856.94)
(-35.10451 4214.598 -28972.52)
(-35.04293 2508.407 -30976.7)
(-35.08252 1397.757 -32049.66)
(-35.18758 696.3295 -32580.69)
(-35.10757 221.9833 -32785.1)
(-34.70647 -171.1245 -32756.35)
(-34.16848 -603.5499 -32497.02)
(-33.38443 -1179.967 -31925.86)
(-32.32106 -1962.112 -30878.15)
(-28.76594 -3296.532 -27761.02)
(-23.33581 -2649.925 -23475.45)
(-17.85364 -1612.634 -20563.09)
(-11.72297 -816.4115 -18948.22)
(-4.342053 -245.5412 -18230.26)
(-4.646218 11652.94 -4658.51)
(-5.202274 11646.95 -11142.64)
(-5.41317 11635.77 -14053.05)
(-5.647924 11622.42 -15934.53)
(-5.928499 11605.25 -16200.09)
(-8.673746 15888.66 -19976.14)
(-9.010401 15861.06 -18640.15)
(-9.381091 15829.88 -18986.99)
(-9.704519 15791.51 -19332.1)
(-10.05827 15749.48 -28701.49)
(-5.110114 7664.721 -20265.37)
(-4.906037 7010.751 -22412.85)
(-4.648493 6021.243 -23989.7)
(-4.428051 4614.175 -25328.98)
(-4.070487 2747.19 -17893.44)
(-32.67661 10920.71 -56582.13)
(-33.34814 6370.982 -31746.01)
(-33.21961 3531.927 -32870.15)
(-32.82182 1879.557 -33249.38)
(-32.54647 909.5184 -33357.42)
(-32.33411 280.0415 -33364.46)
(-31.93843 -241.7091 -33316.57)
(-31.21894 -847.7576 -33192.85)
(-30.30787 -1743.833 -32883.49)
(-29.10783 -3161.887 -32091.96)
(-25.45938 -6166.477 -28200.19)
(-20.51033 -4535.114 -22922.49)
(-15.64128 -2627.747 -19980.25)
(-10.25309 -1301.793 -18532.42)
(-3.795667 -388.5006 -17921.28)
(-4.148516 19241.84 -4696.529)
(-5.017549 19235.7 -11267.09)
(-5.697096 19227.12 -14273.09)
(-5.976324 19215.47 -16248.71)
(-6.150302 19202.49 -16578.91)
(-8.977236 26314.89 -20539.14)
(-9.521787 26292.75 -19286.71)
(-9.774254 26270.08 -19759.68)
(-10.26563 26243.37 -20234.56)
(-10.67201 26213.38 -30231.14)
(-5.357739 12994.01 -21723.28)
(-5.18795 12576.63 -24835.89)
(-4.886353 11694.08 -27727.27)
(-4.51191 9877.793 -30732.09)
(-4.083361 6268.216 -22492.17)
(-31.50896 14339.68 -71556.75)
(-31.29581 6823.297 -36394.65)
(-31.44261 3372.517 -35509.04)
(-31.01393 1681.176 -34718.6)
(-30.38986 783.5475 -34232.34)
(-29.86945 231.406 -33994.48)
(-29.37194 -226.9127 -33948.69)
(-28.65336 -800.4038 -34070.61)
(-27.5595 -1783.382 -34320.14)
(-26.15339 -3775.288 -34388.24)
(-22.20177 -10454.46 -29032.58)
(-17.83456 -6495.626 -21781.75)
(-13.63453 -3501.465 -19018.45)
(-8.932521 -1686.351 -17901.36)
(-3.300096 -498.4799 -17462.66)
(-2.236496 27779 -4679.239)
(-4.836688 27778.7 -11230.07)
(-5.768247 27786.9 -14231.31)
(-6.511574 27798.21 -16206.33)
(-6.788804 27818.27 -16536.74)
(-9.674722 38178.84 -20484.06)
(-10.30776 38210.72 -19226.91)
(-10.80776 38251.32 -19693.38)
(-11.12313 38302.76 -20164.93)
(-11.71968 38361.49 -30134.49)
(-5.893743 19630.44 -21794.73)
(-5.71708 21060.59 -25653.24)
(-5.487259 23219.08 -30733.55)
(-5.035252 26378.24 -38901.37)
(-4.339261 30996.55 -33426.29)
(-30.81761 7792.506 -118286.4)
(-29.7816 3214.396 -42747.13)
(-29.28103 1455.534 -38053.89)
(-29.18636 689.9715 -35884.47)
(-28.60796 312.6675 -34857.08)
(-27.83202 89.62301 -34429.39)
(-27.09952 -95.85777 -34408.59)
(-26.31306 -341.4509 -34816.59)
(-25.21158 -809.5904 -35935.01)
(-23.5553 -1919.724 -38627.35)
(-18.77353 -17971.33 -30754.57)
(-15.29831 -8221.344 -19514.17)
(-11.82321 -4083.793 -17639.29)
(-7.775105 -1916.022 -17094.8)
(-2.866206 -561.7044 -16896.62)
(-2.722767 31768.36 -10680.45)
(-5.705506 31782.38 -13340.64)
(-6.796669 31808.7 -14973.87)
(-7.658783 31841.49 -15077.57)
(-10.87323 43720.87 -18322.13)
(-11.30851 43775.74 -16730.84)
(-11.95294 43847.93 -16695.94)
(-12.57231 43934.29 -16658.23)
(-13.06293 44035.93 -24164.85)
(-6.719288 22723.26 -16056.68)
(-6.670366 24986.15 -15831.01)
(-6.689033 28477.38 -14393.32)
(-6.780881 33744.22 -11238.15)
(-6.896903 41720.04 -4540.399)
(-14.80238 -19349.8 -7040.872)
(-12.94102 -8549.699 -14897.86)
(-10.22577 -4176.085 -15921.09)
(-6.773747 -1943.693 -16196.01)
(-2.496551 -567.9881 -16282.8)
(-3.167545 28674.28 -12794.07)
(-6.552006 28684.34 -14223.31)
(-7.789881 28701.15 -14196.68)
(-12.01582 39381.92 -17022.39)
(-12.41603 39406.73 -15235.71)
(-12.93335 39437.72 -14906.77)
(-13.59885 39477.69 -14576.74)
(-14.3611 39524.3 -20644.6)
(-7.385428 20125.35 -12872.31)
(-7.515383 21212.33 -11225.63)
(-7.586254 22609.78 -8786.419)
(-7.794992 24130.29 -5728.779)
(-8.124991 25349.03 -2014.304)
(-12.08791 -13282.95 -5124.382)
(-10.99868 -7273.557 -11976.84)
(-8.868145 -3734.107 -14383.14)
(-5.926804 -1757.887 -15338.94)
(-2.186162 -514.8883 -15692.17)
(-3.547717 21776.99 -13916.7)
(-7.246886 21779.95 -13839.24)
(-11.77516 29875.88 -16500.51)
(-13.27536 29879.19 -14633.76)
(-13.68104 29886.91 -14188.19)
(-14.24316 29896.58 -13741.43)
(-14.96213 29909.86 -19236.65)
(-7.804207 15091.98 -11637.11)
(-7.998555 15490.88 -9582.736)
(-8.206919 15954.02 -7056.062)
(-8.365507 16384.29 -4339.886)
(-8.694688 16654.96 -1467.278)
(-10.18376 -8705.268 -4050.637)
(-9.494095 -5378.319 -10158.63)
(-7.764297 -2900.951 -13201.84)
(-5.224898 -1388.839 -14627.87)
(-1.930283 -408.7729 -15191.26)
(-3.805423 13388.88 -13716.34)
(-10.59068 18361.46 -16319.19)
(-12.54083 18361.69 -14427.24)
(-14.14709 18360.76 -13939.85)
(-14.54531 18361.38 -13453.8)
(-15.13009 18362.67 -18751.26)
(-7.854313 9226.142 -11217.44)
(-8.151646 9355.399 -9044.609)
(-8.422517 9498.818 -6523.646)
(-8.685265 9622.516 -3943.421)
(-8.906777 9693.994 -1319.626)
(-8.870272 -4949.999 -3471.085)
(-8.360853 -3267.699 -9100.603)
(-6.904049 -1825.22 -12420.09)
(-4.661387 -886.3163 -14128.58)
(-1.722323 -262.0828 -14832.7)
(-5.349258 6172.735 -16268.21)
(-10.88886 6172.415 -14366.08)
(-12.91584 6172.321 -13868.61)
(-14.58434 6171.763 -13369.41)
(-14.97852 6171.355 -18609.45)
(-7.68632 3095.717 -11094.37)
(-7.932865 3125.261 -8888.932)
(-8.288777 3157.224 -6372.64)
(-8.623803 3184.021 -3834.015)
(-8.924157 3198.668 -1279.57)
(-8.004793 -1608.489 -3216.853)
(-7.554231 -1093.694 -8615.902)
(-6.250799 -621.8019 -12037.49)
(-4.224661 -304.313 -13877.34)
(-1.557657 -90.22923 -14651.85)
(-5.343467 -6175.714 -14371.17)
(-10.85633 -6175.342 -13872.06)
(-12.87716 -6174.978 -13374.75)
(-14.55991 -6174.638 -18615.97)
(-7.39428 -3097.372 -11098.65)
(-7.526519 -3126.819 -8892.264)
(-7.797376 -3158.637 -6375.385)
(-8.206085 -3185.471 -3835.589)
(-8.591352 -3200.521 -1280.172)
(-7.483832 1609.563 -3219.214)
(-7.02376 1094.492 -8622.697)
(-5.782718 622.2856 -12047.74)
(-3.892796 304.5834 -13890.16)
(-1.431089 90.32517 -14666.57)
(-5.150747 -18379.49 -13953.77)
(-10.47463 -18381.03 -13466.65)
(-12.45656 -18383.93 -18771.95)
(-6.962409 -9236.717 -11229.41)
(-7.028119 -9366.682 -9055.072)
(-7.167236 -9510.727 -6531.353)
(-7.449552 -9635.264 -3948.469)
(-7.89903 -9706.846 -1321.356)
(-7.227524 4960.782 -3478.76)
(-6.720426 3275.35 -9122.212)
(-5.47041 1829.87 -12451.96)
(-3.65182 888.7752 -14167.9)
(-1.334832 262.8766 -14877.62)
(-4.766633 -29947.76 -13764.14)
(-9.742939 -29962.96 -19268.97)
(-5.746647 -15120.76 -11658.51)
(-6.373392 -15520.9 -9600.373)
(-6.470907 -15986.81 -7069.903)
(-6.604059 -16418.95 -4348.716)
(-6.884216 -16691.73 -1470.436)
(-7.187222 8737.357 -4065.654)
(-6.589716 5399.652 -10199.15)
(-5.283646 2913.398 -13258.73)
(-3.483249 1395.315 -14696.25)
(-1.263539 410.8486 -15268.57)
(-4.228311 -39621.68 -20692.61)
(-4.286043 -20177.27 -12903.47)
(-5.012641 -21270.57 -11254.74)
(-5.580061 -22672.99 -8809.84)
(-5.69416 -24200.73 -5744.745)
(-5.808892 -25425.81 -2020.156)
(-7.385792 13352.37 -5151.223)
(-6.575868 7314.485 -12044.43)
(-5.180633 3756.802 -14470.88)
(-3.369977 1769.482 -15440.47)
(-1.21061 518.5887 -15805.3)
(-1.750285 -22798.48 -16105.24)
(-3.497081 -25071.73 -15881.6)
(-4.069662 -28579.69 -14442.22)
(-4.49671 -33868.75 -11278.07)
(-4.578922 -41880.49 -4557.299)
(-7.838365 19481.53 -7088.861)
(-6.660066 8612.416 -15007.32)
(-5.11125 4209.214 -16047.74)
(-3.287408 1960.422 -16335.92)
(-1.170922 573.3145 -16436.08)
(-1.307722 -21148.62 -25752.05)
(-2.515034 -23319.99 -30859.74)
(-2.718458 -26498.25 -39071.79)
(-2.578098 -31142.01 -33579.67)
(-18.27172 -7831.506 -118855.4)
(-17.35206 -3231.284 -42959.97)
(-16.83139 -1463.614 -38251.73)
(-16.57692 -694.0318 -36080.39)
(-16.13588 -314.6305 -35057.84)
(-15.22242 -90.25883 -34638.36)
(-14.2428 96.42316 -34630.32)
(-13.4016 343.7659 -35055.28)
(-12.44567 815.512 -36198.31)
(-11.2287 1934.796 -38930.57)
(-8.602543 18123.09 -31014.27)
(-6.773322 8296.288 -19692.23)
(-5.056569 4124.09 -17813.72)
(-3.20669 1936.559 -17278.64)
(-1.13706 568.2684 -17094.87)
(-0.9552503 -11755.19 -27858.67)
(-1.802764 -9931.607 -30886.66)
(-1.927452 -6303.958 -22612.25)
(-16.49982 -14425.21 -71958.19)
(-16.48747 -6866.154 -36607.94)
(-15.90342 -3394.86 -35727.78)
(-15.48519 -1693.003 -34944.97)
(-15.21038 -789.4454 -34467.81)
(-14.72414 -233.3832 -34241.7)
(-13.80234 228.5037 -34210.23)
(-12.79922 806.9054 -34350.77)
(-11.8924 1799.037 -34622.02)
(-10.88154 3810.919 -34712.77)
(-8.846768 10560.7 -29327.58)
(-6.792455 6566.947 -22021.11)
(-4.98086 3543.15 -19245.29)
(-3.123185 1708.191 -18133.89)
(-1.100407 505.5295 -17710.6)
(-0.72416 -4643.99 -25471.98)
(-1.38462 -2765.666 -18000.78)
(-13.54371 -10997.24 -56942.17)
(-15.06196 -6417.807 -31960.85)
(-15.14947 -3559.358 -33105.62)
(-14.64773 -1895.006 -33500.96)
(-14.2325 -917.5357 -33624.98)
(-13.90108 -282.8352 -33648.19)
(-13.35773 243.6732 -33617.99)
(-12.42622 855.8221 -33512.98)
(-11.41938 1761.805 -33223.27)
(-10.50476 3196.997 -32448.36)
(-8.802003 6240.336 -28537.93)
(-6.742654 4593.863 -23219.67)
(-4.87047 2664.711 -20261.83)
(-3.027725 1321.754 -18817.43)
(-1.061159 395.0225 -18223.25)
(-0.5738688 -1394.734 -15863.58)
(-9.968729 -6585.263 -50210.2)
(-12.53053 -4250.36 -29195.87)
(-13.91834 -2530.809 -31229.98)
(-13.98716 -1411.011 -32327.27)
(-13.49088 -703.3782 -32880.11)
(-13.03874 -224.5199 -33106.21)
(-12.63813 172.7061 -33098.42)
(-12.04001 610.1776 -32859.56)
(-11.1101 1194.032 -32307.55)
(-10.12859 1987.355 -31275.55)
(-8.569644 3342.367 -28146.98)
(-6.594129 2689.851 -23829.44)
(-4.743318 1639.059 -20900.71)
(-2.91806 831.0323 -19288.55)
(-1.017845 250.3679 -18589.89)
(-4.147812 -2180.652 -47439.74)
(-9.284611 -1466.931 -27925.1)
(-11.67266 -902.6538 -30287.98)
(-12.89101 -514.9108 -31696.04)
(-12.89855 -260.6438 -32461.19)
(-12.37814 -84.80539 -32795.68)
(-11.87596 61.1064 -32808.24)
(-11.40719 217.4622 -32517.6)
(-10.76356 415.6545 -31871.88)
(-9.846901 666.1023 -30777.13)
(-8.264647 1056.782 -27984.95)
(-6.34855 883.7685 -24092.48)
(-4.570795 551.857 -21210.93)
(-2.804921 283.0791 -19531.27)
(-0.9707374 85.66291 -18784.15)
(-4.723865 1879.789 -4607.563)
(-4.948145 1877.984 -10985.24)
(-5.268483 1875.826 -13781.03)
(-5.498269 1873.17 -15548.65)
(-5.778622 1869.666 -15738.02)
(-8.259895 2558.473 -19293.16)
(-8.620198 2551.95 -17860.91)
(-8.941736 2545.414 -18057.5)
(-9.211929 2537.768 -18253.44)
(-9.753444 2528.612 -26880.45)
(-4.879963 1219.114 -18607.2)
(-4.647411 1085.169 -19941.6)
(-4.592896 904.8308 -20728.05)
(-4.37082 683.6279 -21351.5)
(-4.14109 432.0652 -14884.94)
(-34.46052 2162.566 -47099.03)
(-34.87769 1454.115 -27706.65)
(-34.89338 894.3382 -30034.1)
(-34.99175 509.8976 -31414.27)
(-35.13844 257.933 -32155.16)
(-35.08909 83.81535 -32466.83)
(-34.71761 -60.53176 -32457.38)
(-34.21685 -215.0212 -32146.41)
(-33.48691 -410.5933 -31482.39)
(-32.50196 -657.3709 -30373.52)
(-29.08286 -1041.837 -27589.18)
(-23.62966 -870.2522 -23723.71)
(-18.05854 -542.6964 -20858.19)
(-11.84097 -277.958 -19176.94)
(-4.382227 -83.96652 -18410.91)
(-4.380032 6087.94 -4626.005)
(-4.888891 6083.756 -11040.45)
(-5.119974 6076.852 -13874.47)
(-5.374314 6068.255 -15679.85)
(-5.588751 6057.624 -15894.22)
(-8.113508 8290.931 -19523.53)
(-8.557274 8272.804 -18122.27)
(-8.878205 8252.238 -18367.22)
(-9.12083 8228.042 -18612.68)
(-9.4552 8201.455 -27485.16)
(-4.841923 3962.239 -19152.29)
(-4.633593 3548.138 -20733.42)
(-4.385838 2973.79 -21739.56)
(-4.239041 2243.684 -22544.16)
(-3.952015 1384.91 -15767.4)
(-32.08792 6537.174 -49888.01)
(-32.94713 4217.765 -28992.58)
(-32.96923 2510.419 -30999.01)
(-32.67348 1398.971 -32074.5)
(-32.46777 696.9683 -32608)
(-32.30641 222.2132 -32815.28)
(-31.95764 -171.2759 -32789.07)
(-31.29901 -604.1977 -32532.32)
(-30.48334 -1181.374 -31964.01)
(-29.43497 -1964.682 -30918.57)
(-26.08142 -3301.298 -27801.15)
(-21.05281 -2654.164 -23513.06)
(-16.00335 -1615.505 -20599.84)
(-10.45687 -818.0439 -18986.26)
(-3.864426 -246.094 -18271.48)
(-3.667892 11656.21 -4659.701)
(-4.633497 11650.17 -11147.16)
(-5.18492 11640.77 -14056.91)
(-5.394786 11626.21 -15939.79)
(-5.626729 11609.43 -16205.04)
(-8.103295 15896.31 -19982.75)
(-8.646066 15867.77 -18647.88)
(-8.981233 15835.66 -18993.89)
(-9.350817 15799.88 -19340.32)
(-9.672496 15756.96 -28712.91)
(-4.851941 7669.033 -20274.54)
(-4.717641 7014.089 -22423.17)
(-4.462112 6024.811 -24001.44)
(-4.157018 4616.975 -25341.79)
(-3.869272 2748.834 -17903.64)
(-30.69776 10927.71 -56613.43)
(-30.81247 6375.443 -31766.36)
(-31.16544 3534.568 -32893.07)
(-30.86045 1881.062 -33273.55)
(-30.31058 910.3153 -33383.41)
(-29.84231 280.3127 -33392.53)
(-29.39336 -241.9151 -33347.27)
(-28.74066 -848.5946 -33226.06)
(-27.76282 -1745.729 -32919.27)
(-26.57787 -3165.668 -32130.34)
(-23.18271 -6174.562 -28237.17)
(-18.59426 -4541.673 -22955.68)
(-14.10899 -2631.952 -20012.32)
(-9.190569 -1304.112 -18565.6)
(-3.385863 -389.2776 -17957.3)
(-1.858679 19248.21 -4697.875)
(-4.137421 19241.11 -11270.38)
(-5.004273 19233.23 -14276.25)
(-5.678016 19222.79 -16255.06)
(-5.953404 19209.34 -16583.64)
(-8.408803 26325.34 -20545.42)
(-8.950981 26304.61 -19294.06)
(-9.491683 26280.15 -19767.39)
(-9.745029 26255.01 -20241.51)
(-10.23292 26225.75 -30244.78)
(-5.146017 13000.22 -21732.34)
(-4.938689 12583.03 -24847.63)
(-4.695859 11700.17 -27740.35)
(-4.313361 9883.171 -30747.6)
(-3.845814 6271.82 -22504.05)
(-29.90647 14348.25 -71598.08)
(-29.38465 6827.659 -36415.73)
(-29.08668 3374.871 -35532)
(-29.08663 1682.433 -34742.85)
(-28.55918 784.1802 -34257.33)
(-27.81578 231.6249 -34021.05)
(-27.11382 -227.09 -33977.31)
(-26.37291 -801.1356 -34102.03)
(-25.36714 -1785.165 -34354.5)
(-23.95695 -3779.405 -34425.7)
(-20.27093 -10466.98 -29067.33)
(-16.23703 -6504.147 -21810.36)
(-12.35968 -3506.531 -19046.04)
(-8.056597 -1689.051 -17930.15)
(-2.958128 -499.3682 -17493.96)
(-2.230481 27787.39 -11233.5)
(-4.821141 27794.04 -14235.49)
(-5.751247 27809.12 -16210.6)
(-6.490698 27827.41 -16542.47)
(-9.2825 38193.65 -20490.05)
(-9.649218 38225.14 -19234.1)
(-10.27756 38267.18 -19701.31)
(-10.7772 38318 -20172.32)
(-11.09284 38379.7 -30145.83)
(-5.677534 19639.08 -21804.53)
(-5.481914 21070.58 -25664.24)
(-5.214488 23230.42 -30748.2)
(-4.833043 26391.82 -38920.54)
(-4.147355 31012.97 -33443.54)
(-29.05878 7796.971 -118350.8)
(-28.24679 3216.316 -42771.85)
(-27.48682 1456.465 -38076.15)
(-27.02701 690.4539 -35907.67)
(-26.8227 312.9034 -34881.39)
(-26.14391 89.70072 -34454.56)
(-25.23434 -95.92539 -34435.51)
(-24.29423 -341.7372 -34845.99)
(-23.20759 -810.3368 -35968.17)
(-21.67749 -1921.649 -38666.06)
(-17.19562 -17990.94 -30788.11)
(-13.96659 -8231.188 -19537.56)
(-10.76272 -4089.151 -17662.51)
(-7.047681 -1918.795 -17119.64)
(-2.584972 -562.6039 -16923.81)
(-2.714108 31791.83 -13345.17)
(-5.688969 31816.74 -14977.54)
(-6.777696 31854 -15082.97)
(-10.47661 43735.15 -18328.03)
(-10.85091 43793 -16736.59)
(-11.28563 43863.77 -16701.64)
(-11.92839 43951.93 -16664.8)
(-12.54709 44054.39 -24173.69)
(-6.39513 22733.84 -16063.32)
(-6.443696 24997.1 -15837.92)
(-6.4005 28490.75 -14399.65)
(-6.442656 33760.55 -11243.54)
(-6.603988 41741.37 -4542.647)
(-13.61462 -19369.22 -7047.938)
(-11.85197 -8559.036 -14914.15)
(-9.334777 -4181.088 -15940.2)
(-6.165613 -1946.244 -16217.36)
(-2.262901 -568.8106 -16306.47)
(-3.158503 28692.77 -14227.94)
(-6.534949 28708.48 -14200.29)
(-10.66004 39396.9 -17028.68)
(-11.99503 39419.96 -15240.38)
(-12.39545 39453 -14912.35)
(-12.91203 39492.21 -14581.84)
(-13.57756 39540.35 -20652.65)
(-7.063245 20133.82 -12877.47)
(-7.182777 21222.1 -11230.4)
(-7.340607 22619.74 -8790.265)
(-7.454359 24141.67 -5731.353)
(-7.719935 25361.3 -2015.276)
(-11.13458 -13295.23 -5129.116)
(-10.11308 -7280.869 -11988.87)
(-8.12092 -3738.19 -14398.89)
(-5.409943 -1759.994 -15357.37)
(-1.989783 -515.5641 -15712.87)
(-3.537339 21786.51 -13844.15)
(-9.917213 29883.39 -16504.46)
(-11.75677 29890.67 -14639.31)
(-13.25503 29897.16 -14192.81)
(-13.66138 29908.02 -13746.63)
(-14.22312 29920.8 -19243.62)
(-7.37631 15098.23 -11641.78)
(-7.631382 15497.36 -9586.555)
(-7.857815 15961.43 -7059.18)
(-8.104812 16391.46 -4341.828)
(-8.312148 16662.91 -1467.956)
(-9.416014 -8712.65 -4054.081)
(-8.747183 -5383.305 -10168.01)
(-7.13758 -2903.877 -13215.1)
(-4.78412 -1390.36 -14643.91)
(-1.761813 -409.2634 -15209.51)
(-5.205074 18366.57 -16325.44)
(-10.57271 18366.47 -14430.58)
(-12.52265 18367.75 -13945.55)
(-14.12721 18367.88 -13458.09)
(-14.52656 18369.53 -18758.58)
(-7.464777 9229.45 -11221.49)
(-7.694024 9359.27 -9048.379)
(-8.023814 9502.84 -6526.275)
(-8.332368 9627.074 -3945.219)
(-8.637451 9698.133 -1320.22)
(-8.250294 -4953.884 -3473.822)
(-7.732852 -3270.473 -9108.347)
(-6.362033 -1826.924 -12431.57)
(-4.284453 -887.2167 -14142.78)
(-1.576856 -262.371 -14848.96)
(-5.339286 6173.911 -14370.99)
(-10.87194 6173.829 -13872.17)
(-12.89808 6173.979 -13374.71)
(-14.56493 6173.653 -18615.84)
(-7.394247 3096.843 -11098.53)
(-7.535517 3126.257 -8892.2)
(-7.811546 3158.474 -6375.357)
(-8.20398 3185.449 -3835.567)
(-8.57896 3200.281 -1280.173)
(-7.487188 -1609.7 -3219.217)
(-7.024902 -1094.55 -8622.7)
(-5.782747 -622.3322 -12047.74)
(-3.893565 -304.6067 -13890.16)
(-1.431531 -90.32398 -14666.57)
(-5.333248 -6177.131 -13877.07)
(-10.83981 -6176.993 -13378.03)
(-12.86045 -6176.87 -18623.26)
(-7.183504 -3098.473 -11102.37)
(-7.250286 -3127.947 -8895.599)
(-7.412953 -3160.043 -6377.728)
(-7.716635 -3186.876 -3837.212)
(-8.163391 -3201.737 -1280.698)
(-7.014223 1610.638 -3221.433)
(-6.567554 1095.266 -8629.031)
(-5.376674 622.7775 -12057.25)
(-3.602038 304.8398 -13901.99)
(-1.319095 90.40397 -14680.12)
(-5.140845 -18386.6 -13471.5)
(-10.45872 -18389.17 -18776.49)
(-6.14297 -9240.083 -11233.84)
(-6.814259 -9369.889 -9058.018)
(-6.918576 -9514.205 -6533.806)
(-7.090443 -9639.074 -3949.873)
(-7.408663 -9710.943 -1321.909)
(-6.766951 4963.983 -3481.003)
(-6.300118 3277.579 -9128.497)
(-5.113894 1831.191 -12461.1)
(-3.394982 889.4756 -14179.09)
(-1.235341 263.099 -14890.3)
(-4.757603 -29971.99 -19275.39)
(-4.793008 -15124.91 -11661.29)
(-5.609826 -15526.64 -9604.114)
(-6.255067 -15992.17 -7072.166)
(-6.391207 -16424.96 -4350.329)
(-6.562084 -16698.07 -1470.94)
(-6.752042 8742.665 -4068.107)
(-6.17271 5403.134 -10205.73)
(-4.953946 2915.387 -13267.86)
(-3.255688 1396.326 -14707.05)
(-1.17455 411.1721 -15280.63)
(-2.069447 -20183.1 -12907.33)
(-4.152814 -21276.31 -11257.48)
(-4.890112 -22681.25 -8812.986)
(-5.478596 -24208.79 -5746.619)
(-5.638477 -25435.06 -2020.889)
(-6.958756 13359.98 -5154.152)
(-6.178358 7318.923 -12051.7)
(-4.854433 3759.224 -14480.21)
(-3.160041 1770.692 -15451.11)
(-1.131384 518.9654 -15816.91)
(-1.662473 -25078.62 -15885.84)
(-3.339459 -28587.28 -14445.76)
(-3.914329 -33880.67 -11281.81)
(-4.376071 -41894.4 -4558.802)
(-7.40505 19491.94 -7092.652)
(-6.274412 8617.323 -15015.85)
(-4.802575 4211.769 -16057.43)
(-3.081186 1961.686 -16346.46)
(-1.098103 573.7067 -16447.4)
(-1.166366 -23326.24 -30867.58)
(-2.174396 -26505.26 -39081.52)
(-2.206097 -31152.72 -33590.8)
(-17.03621 -7834.125 -118894.6)
(-16.7139 -3232.467 -42974.77)
(-16.00958 -1464.139 -38264.51)
(-15.5371 -694.3008 -36093.7)
(-15.23604 -314.7644 -35071.5)
(-14.73275 -90.30371 -34652.82)
(-13.79514 96.45985 -34644.55)
(-12.77037 343.9135 -35070.59)
(-11.8197 815.8845 -36214.87)
(-10.69912 1935.734 -38949.49)
(-8.192165 18132.25 -31029.94)
(-6.399173 8300.725 -19702.76)
(-4.763602 4126.441 -17823.85)
(-3.013171 1937.735 -17289.08)
(-1.065944 568.6348 -17105.9)
(-0.8103603 -9934.307 -30894.27)
(-1.489146 -6305.719 -22617.64)
(-13.97029 -14430.28 -71981.16)
(-15.3115 -6868.452 -36619.85)
(-15.28517 -3396.106 -35739.88)
(-14.72069 -1693.614 -34956.64)
(-14.26827 -789.7526 -34480.48)
(-13.91343 -233.4897 -34255.01)
(-13.3484 228.5863 -34224.44)
(-12.38869 807.2355 -34364.93)
(-11.33608 1799.818 -34637.13)
(-10.33731 3812.663 -34728.66)
(-8.429097 10565.83 -29341.83)
(-6.466393 6570.269 -22032.25)
(-4.706214 3545.047 -19255.59)
(-2.942167 1709.165 -18144.2)
(-1.034043 505.8365 -17721.31)
(-0.6010682 -2766.436 -18005.03)
(-10.22478 -11000.54 -56954.69)
(-12.71305 -6420.067 -31970.66)
(-14.03027 -3560.551 -33116.31)
(-14.05041 -1895.705 -33512.2)
(-13.52363 -917.8707 -33636.25)
(-13.04977 -282.9501 -33660.54)
(-12.63054 243.7574 -33631.06)
(-12.00931 856.1654 -33526.85)
(-11.04627 1762.532 -33236.99)
(-10.01639 3198.388 -32462.53)
(-8.365455 6243.192 -28551)
(-6.42386 4596.092 -23230.94)
(-4.635559 2666.059 -20272.1)
(-2.860975 1322.462 -18827.51)
(-0.999629 395.2478 -18233.62)
(-4.206412 -6587.047 -50221.43)
(-9.369489 -4251.66 -29202.24)
(-11.73206 -2531.701 -31239.36)
(-12.92658 -1411.486 -32337.64)
(-12.91717 -703.6415 -32891.09)
(-12.38484 -224.606 -33117.35)
(-11.87203 172.7642 -33110.55)
(-11.39108 610.41 -32872.33)
(-10.73062 1194.518 -32320.88)
(-9.792109 1988.178 -31288.5)
(-8.17482 3343.823 -28159.27)
(-6.269632 2691.082 -23840.37)
(-4.518794 1639.854 -20910.85)
(-2.776868 831.453 -19298.33)
(-0.9618132 250.502 -18599.85)
(-3.866657 -1467.324 -27930.89)
(-8.66717 -902.9297 -30294.66)
(-10.86084 -515.0934 -31705.45)
(-11.89984 -260.7324 -32471.55)
(-11.83191 -84.83984 -32806.6)
(-11.27694 61.12529 -32819.32)
(-10.72213 217.5406 -32529.51)
(-10.18861 415.8149 -31884.26)
(-9.50506 666.3746 -30789.8)
(-7.983289 1057.22 -27996.56)
(-6.058626 884.1535 -24103.01)
(-4.347233 552.1094 -21220.67)
(-2.67206 283.2164 -19540.74)
(-0.9236922 85.7063 -18793.68)
(-4.372754 1880.423 -4609.193)
(-4.712186 1879.118 -10988.19)
(-4.93273 1876.581 -13785.66)
(-5.248161 1873.683 -15554.12)
(-5.475622 1870.279 -15743.44)
(-7.896083 2559.793 -19299.99)
(-8.235134 2553.858 -17867.06)
(-8.593152 2546.393 -18064.84)
(-8.912221 2538.867 -18260.87)
(-9.182189 2530.245 -26891.33)
(-4.704153 1219.725 -18616.14)
(-4.518533 1085.798 -19950.55)
(-4.272553 905.425 -20737.83)
(-4.153997 684.0392 -21363.58)
(-3.898838 432.3376 -14892.77)
(-31.79644 2164.096 -47128.08)
(-32.73499 1455.212 -27725.74)
(-32.83007 895.057 -30055.65)
(-32.58808 510.3411 -31438.55)
(-32.42139 258.1698 -32182.09)
(-32.28961 83.9021 -32496.71)
(-31.96802 -60.5848 -32489.79)
(-31.34325 -215.2517 -32181.32)
(-30.57693 -411.0827 -31520.01)
(-29.59975 -658.2319 -30413.28)
(-26.36885 -1043.343 -27629.05)
(-21.31809 -871.6443 -23761.71)
(-16.187 -543.6629 -20895.46)
(-10.56207 -278.5138 -19215.44)
(-3.900158 -84.15554 -18452.54)
(-3.439377 6088.449 -4627.016)
(-4.369285 6085.967 -11044.27)
(-4.872022 6079.537 -13878.87)
(-5.100335 6070.371 -15685.21)
(-5.352422 6059.516 -15899.39)
(-7.638186 8294.547 -19529.51)
(-8.089136 8276.936 -18128.96)
(-8.527702 8255.847 -18375.24)
(-8.848311 8232.297 -18619.7)
(-9.091525 8205.118 -27496.25)
(-4.563095 3964.638 -19160.46)
(-4.471328 3549.711 -20743.46)
(-4.235645 2975.657 -21749.53)
(-3.964017 2245.09 -22555.18)
(-3.754527 1385.736 -15776.35)
(-30.15527 6541.369 -49914.94)
(-30.44123 4220.729 -29010.99)
(-30.93102 2512.302 -31020.53)
(-30.72239 1400.094 -32097.73)
(-30.23648 697.5803 -32633.36)
(-29.81583 222.4283 -32842.86)
(-29.41122 -171.4204 -32819.28)
(-28.81451 -604.7929 -32564.85)
(-27.92355 -1182.657 -31998.77)
(-26.87666 -1967.031 -30955.54)
(-23.74939 -3305.627 -27837.6)
(-19.08625 -2658.003 -23547.11)
(-14.43585 -1618.091 -20632.9)
(-9.373218 -819.5013 -19020.25)
(-3.447165 -246.5861 -18308.19)
(-1.598865 11660.03 -4660.789)
(-3.658778 11653.43 -11149.92)
(-4.617104 11644.02 -14062.25)
(-5.16546 11631.18 -15944.1)
(-5.374868 11613.23 -16210.26)
(-7.689917 15902.05 -19988.84)
(-8.079684 15875.39 -18654.12)
(-8.61788 15842.35 -19001.71)
(-8.951522 15805.69 -19347.41)
(-9.319884 15765.29 -28725.1)
(-4.664609 7672.668 -20282.73)
(-4.479603 7017.917 -22433.37)
(-4.289407 6027.75 -24012.68)
(-3.986522 4619.654 -25354.21)
(-3.639481 2750.479 -17912.74)
(-29.13136 10934.24 -56645.78)
(-28.93742 6379.528 -31784.48)
(-28.82963 3537.043 -32914.2)
(-28.94281 1882.472 -33296.72)
(-28.48544 911.0522 -33407.73)
(-27.79005 280.5777 -33418.59)
(-27.13309 -242.1019 -33375.37)
(-26.45334 -849.3692 -33256.69)
(-25.55444 -1747.473 -32952.22)
(-24.34592 -3169.12 -32165.33)
(-21.16694 -6181.953 -28270.96)
(-16.92911 -4547.631 -22985.84)
(-12.78995 -2635.76 -20041.35)
(-8.289545 -1306.2 -18595.45)
(-3.034998 -389.9713 -17989.48)
(-1.853297 19247.47 -11273.44)
(-4.123126 19238.63 -14280.21)
(-4.989069 19228.93 -16258.67)
(-5.657232 19216.63 -16589.93)
(-8.135691 26334.74 -20551.3)
(-8.386082 26315.03 -19300.04)
(-8.923949 26291.98 -19774.9)
(-9.460875 26265.09 -20249.41)
(-9.714865 26237.38 -30255.36)
(-4.939933 13006.3 -21742.03)
(-4.741519 12589 -24858.12)
(-4.468466 11706.06 -27753.41)
(-4.142235 9888.28 -30762.32)
(-3.677116 6275.214 -22515.43)
(-28.191 14356.54 -71636)
(-27.86933 6831.739 -36436.68)
(-27.30668 3377.031 -35552.65)
(-26.93449 1683.611 -34765.26)
(-26.77698 784.7727 -34281.19)
(-26.12889 231.8257 -34045.9)
(-25.24751 -227.2485 -34003.89)
(-24.34929 -801.8066 -34130.82)
(-23.35074 -1786.81 -34386.2)
(-22.04743 -3783.195 -34460.19)
(-18.56785 -10478.4 -29099.03)
(-14.82414 -6511.934 -21836.5)
(-11.25143 -3511.133 -19071.11)
(-7.302937 -1691.496 -17956.19)
(-2.667953 -500.1678 -17522.11)
(-2.222791 27802.72 -14239.56)
(-4.803694 27816.28 -16215.23)
(-5.732663 27838.29 -16546.8)
(-8.874949 38206.22 -20497.07)
(-9.258293 38239.94 -19239.82)
(-9.623076 38281.61 -19708.61)
(-10.24685 38333.88 -20180.4)
(-10.74587 38394.97 -30156.97)
(-5.382392 19648.24 -21812.91)
(-5.281749 21079.88 -25675.62)
(-4.99834 23241.29 -30761.6)
(-4.595241 26404.63 -38939.11)
(-3.977759 31028.75 -33460.12)
(-27.77626 7801.184 -118412)
(-26.64407 3218.171 -42794.76)
(-26.05412 1457.336 -38098.02)
(-25.36856 690.8967 -35928.67)
(-24.86052 313.1247 -34903.88)
(-24.50654 89.77315 -34478.53)
(-23.69436 -95.9895 -34460.7)
(-22.62023 -342.0015 -34873.28)
(-21.43044 -811.0219 -35998.58)
(-19.9567 -1923.423 -38701.75)
(-15.81908 -18008.99 -30818.98)
(-12.79205 -8240.175 -19558.91)
(-9.825427 -4094.049 -17683.7)
(-6.415156 -1921.314 -17142.2)
(-2.343075 -563.4184 -16948.42)
(-2.704617 31826.18 -14982.42)
(-5.671296 31862.06 -15086.64)
(-9.271389 43752.28 -18334.48)
(-10.45408 43807.31 -16741.99)
(-10.82864 43881.04 -16707.37)
(-11.26278 43967.81 -16670.51)
(-11.90386 44072.08 -24183.2)
(-6.14106 22743.29 -16069.28)
(-6.138923 25008.48 -15844.43)
(-6.182671 28503.26 -14405.95)
(-6.165147 33776.22 -11248.49)
(-6.275393 41761.51 -4544.822)
(-12.53888 -19387.11 -7054.449)
(-10.89916 -8567.633 -14929.12)
(-8.548908 -4185.658 -15957.65)
(-5.628254 -1948.576 -16236.84)
(-2.059689 -569.5572 -16327.98)
(-3.149016 28716.91 -14204.78)
(-8.941128 39406.96 -17032.98)
(-10.64089 39434.94 -15246)
(-11.97467 39466.25 -14916.94)
(-12.37532 39507.5 -14587.28)
(-12.89122 39554.89 -20659.87)
(-6.679424 20141.98 -12882.5)
(-6.868899 21230.93 -11234.85)
(-7.016589 22630.02 -8793.988)
(-7.212617 24152.29 -5733.866)
(-7.382796 25373.22 -2016.18)
(-10.29256 -13306.5 -5133.474)
(-9.316189 -7287.607 -11999.95)
(-7.46629 -3741.953 -14413.36)
(-4.954001 -1761.92 -15374.2)
(-1.81624 -516.1823 -15731.75)
(-4.838502 29892.37 -16510.23)
(-9.899724 29898.19 -14642.82)
(-11.73891 29908.63 -14198.19)
(-13.23535 29918.28 -13751.1)
(-13.64237 29932.24 -19250.9)
(-7.009919 15103.73 -11645.98)
(-7.211699 15503.71 -9590.407)
(-7.497395 15968.08 -7061.993)
(-7.761336 16399.02 -4343.742)
(-8.052716 16670.2 -1468.612)
(-8.759434 -8719.491 -4057.275)
(-8.088346 -5387.872 -10176.66)
(-6.576379 -2906.573 -13227.32)
(-4.397725 -1391.765 -14658.63)
(-1.613171 -409.7121 -15226.19)
(-5.193879 18371.58 -14436.07)
(-10.55537 18372.53 -13948.79)
(-12.50509 18374.87 -13463.57)
(-14.10804 18376.03 -18764.57)
(-7.168429 9232.906 -11225.84)
(-7.310972 9362.611 -9051.652)
(-7.572573 9506.731 -6528.989)
(-7.937899 9631.14 -3946.808)
(-8.287022 9702.708 -1320.822)
(-7.719316 -4957.545 -3476.375)
(-7.192178 -3273.04 -9115.532)
(-5.884445 -1828.476 -12442.15)
(-3.948183 -888.0469 -14155.85)
(-1.449318 -262.6379 -14863.89)
(-5.329621 6175.33 -13876.92)
(-10.8556 6175.484 -13378.13)
(-12.88098 6175.873 -18623.21)
(-7.184545 3097.975 -11102.32)
(-7.249262 3127.417 -8895.543)
(-7.421904 3159.472 -6377.697)
(-7.73059 3186.703 -3837.197)
(-8.161506 3201.711 -1280.691)
(-7.015513 -1610.844 -3221.438)
(-6.57026 -1095.378 -8629.038)
(-5.377486 -622.8192 -12057.25)
(-3.602075 -304.8669 -13902)
(-1.319346 -90.41152 -14680.13)
(-5.32341 -6178.788 -13382.86)
(-10.82391 -6178.883 -18627.83)
(-6.345722 -3099.593 -11106.72)
(-7.036001 -3129.03 -8898.573)
(-7.141903 -3161.183 -6380.121)
(-7.337088 -3188.281 -3838.617)
(-7.676219 -3203.145 -1281.239)
(-6.56327 1611.683 -3223.51)
(-6.155112 1095.994 -8634.98)
(-5.02721 623.2148 -12066.11)
(-3.349132 305.0808 -13912.97)
(-1.220568 90.48002 -14692.63)
(-5.131329 -18394.74 -18783.23)
(-5.14903 -9242.708 -11236.57)
(-6.011723 -9373.308 -9061.579)
(-6.70211 -9517.437 -6535.934)
(-6.844877 -9642.595 -3951.354)
(-7.051828 -9714.766 -1322.379)
(-6.356148 4967.022 -3483.102)
(-5.898596 3279.696 -9134.382)
(-4.793587 1832.435 -12469.69)
(-3.17364 890.1164 -14189.51)
(-1.148468 263.3063 -14902.06)
(-2.333081 -15129.39 -11665.15)
(-4.670117 -15530.89 -9606.426)
(-5.504534 -15998.03 -7074.886)
(-6.174071 -16430.46 -4351.727)
(-6.350455 -16704.16 -1471.485)
(-6.363018 8747.654 -4070.42)
(-5.798776 5406.424 -10211.89)
(-4.640298 2917.268 -13276.41)
(-3.052219 1397.278 -14717.18)
(-1.097804 411.47 -15291.86)
(-1.996247 -21282.3 -11260.79)
(-4.043809 -22687.34 -8815.136)
(-4.800797 -24217.51 -5748.654)
(-5.423696 -25443.53 -2021.549)
(-6.575828 13367.13 -5156.909)
(-5.821511 7323.097 -12058.55)
(-4.560789 3761.511 -14488.95)
(-2.960964 1771.834 -15461.07)
(-1.060833 519.3199 -15827.81)
(-1.580402 -28594.98 -14449.58)
(-3.202694 -33889.57 -11284.59)
(-3.808706 -41908.95 -4560.315)
(-7.050271 19501.8 -7096.242)
(-5.928826 8621.934 -15023.89)
(-4.524819 4214.172 -16066.56)
(-2.895011 1962.879 -16356.33)
(-1.029198 574.0768 -16458.01)
(-0.9941182 -26512.25 -39091.43)
(-1.72971 -31160.82 -33599.2)
(-14.46232 -7836.87 -118934)
(-15.53309 -3233.549 -42988.81)
(-15.38794 -1464.676 -38277.54)
(-14.77126 -694.551 -36105.78)
(-14.29198 -314.887 -35084.4)
(-13.92125 -90.34495 -34666.31)
(-13.34145 96.49514 -34658.94)
(-12.36073 344.0544 -35085.04)
(-11.26688 816.2389 -36230.68)
(-10.16438 1936.62 -38967.33)
(-7.805748 18141.06 -31045.02)
(-6.091648 8304.924 -19712.74)
(-4.501397 4128.65 -17833.39)
(-2.83875 1938.84 -17298.91)
(-1.001598 568.9805 -17116.23)
(-0.6508665 -6307.409 -22623.2)
(-10.59635 -14434.39 -71998.3)
(-12.94783 -6870.866 -36631.31)
(-14.16301 -3397.244 -35751.44)
(-14.12085 -1694.238 -34968.42)
(-13.55869 -790.0402 -34492.05)
(-13.06108 -233.5849 -34267.59)
(-12.62143 228.6666 -34237.74)
(-11.97299 807.5603 -34379.14)
(-10.96551 1800.562 -34651.44)
(-9.856975 3814.323 -34743.82)
(-8.011949 10570.67 -29355.27)
(-6.160919 6573.457 -22042.94)
(-4.479129 3546.841 -19265.35)
(-2.780316 1710.081 -18153.92)
(-0.9741377 506.1252 -17731.39)
(-4.326197 -11003.52 -56967.9)
(-9.528733 -6421.98 -31977.9)
(-11.83851 -3561.805 -33126.36)
(-12.98849 -1896.343 -33522.97)
(-12.9488 -918.2138 -33647.5)
(-12.39589 -283.0586 -33671.87)
(-11.86477 243.8402 -33643.39)
(-11.36192 856.4922 -33539.87)
(-10.66883 1763.251 -33250.69)
(-9.683312 3199.713 -32475.97)
(-7.980407 6245.913 -28563.48)
(-6.108246 4598.195 -23241.6)
(-4.416276 2667.353 -20281.93)
(-2.722523 1323.132 -18837.06)
(-0.9446397 395.4595 -18243.38)
(-3.905965 -4252.801 -29208.37)
(-8.718907 -2532.467 -31246.34)
(-10.89483 -1411.986 -32347.27)
(-11.91819 -703.8807 -32901.59)
(-11.83843 -224.6973 -33128.39)
(-11.27339 172.818 -33121.73)
(-10.70696 610.6303 -32884.37)
(-10.15742 1194.98 -32333.43)
(-9.452013 1988.991 -31301.37)
(-7.89618 3345.209 -28170.96)
(-5.983481 2692.254 -23850.79)
(-4.297955 1640.605 -20920.46)
(-2.645381 831.8563 -19307.69)
(-0.9151981 250.6288 -18609.29)
(-3.569345 -903.1712 -30300.64)
(-8.018915 -515.2507 -31712.54)
(-10.02314 -260.8273 -32481.11)
(-10.89909 -84.87051 -32817.03)
(-10.76264 61.14191 -32830.23)
(-10.17844 217.6138 -32540.54)
(-9.582041 415.9663 -31895.94)
(-9.001521 666.6328 -30801.76)
(-7.699303 1057.653 -28008.05)
(-5.847015 884.52 -24113.05)
(-4.150052 552.3497 -21229.96)
(-2.541969 283.3459 -19549.73)
(-0.8799325 85.74785 -18802.79)
(-3.368901 1879.862 -4611.023)
(-4.358914 1879.751 -10991.92)
(-4.697145 1877.699 -13789.19)
(-4.915514 1874.431 -15559.17)
(-5.226419 1870.797 -15748.85)
(-7.481099 2560.647 -19306.55)
(-7.871376 2555.171 -17873.42)
(-8.209857 2548.265 -18071.14)
(-8.565651 2539.855 -18268.29)
(-8.882372 2531.342 -26902.29)
(-4.432641 1220.492 -18623.81)
(-4.353561 1086.32 -19960.13)
(-4.138753 905.9637 -20747.25)
(-3.879272 684.4784 -21373.79)
(-3.701583 432.5969 -14901.2)
(-29.88727 2165.481 -47153.29)
(-30.24544 1456.237 -27743.25)
(-30.80079 895.7299 -30076.45)
(-30.64293 510.7516 -31461.28)
(-30.19281 258.3968 -32207.08)
(-29.79977 83.98334 -32524.01)
(-29.42088 -60.63559 -32519.71)
(-28.85532 -215.4635 -32213.49)
(-28.00927 -411.5291 -31554.29)
(-27.02717 -659.0188 -30449.65)
(-24.01124 -1044.711 -27665.27)
(-19.32683 -872.905 -23796.12)
(-14.60164 -544.5329 -20929)
(-9.467505 -279.01 -19249.84)
(-3.479023 -84.32384 -18489.61)
(-1.477397 6090.93 -4628.373)
(-3.429906 6086.502 -11046.62)
(-4.355346 6081.73 -13883.39)
(-4.853203 6073.047 -15690.03)
(-5.079246 6061.627 -15904.7)
(-7.312979 8297.152 -19535.82)
(-7.615437 8280.551 -18134.59)
(-8.064222 8259.952 -18382.06)
(-8.497914 8235.894 -18627.72)
(-8.818067 8209.357 -27506.76)
(-4.388779 3966.432 -19168.24)
(-4.224241 3551.779 -20752.46)
(-4.080301 2977.023 -21759.98)
(-3.816973 2246.462 -22565.69)
(-3.52467 1386.587 -15784.1)
(-28.60999 6545.279 -49943.31)
(-28.59465 4223.436 -29027.33)
(-28.6125 2514.065 -31040.34)
(-28.81353 1401.146 -32120.02)
(-28.41654 698.1461 -32657.09)
(-27.76496 222.6385 -32868.47)
(-27.14908 -171.551 -32846.92)
(-26.52138 -605.3442 -32594.87)
(-25.70252 -1183.838 -32030.8)
(-24.6197 -1969.175 -30989.25)
(-21.68456 -3309.583 -27870.91)
(-17.3773 -2661.49 -23578.03)
(-13.08637 -1620.432 -20662.83)
(-8.454424 -820.8132 -19050.83)
(-3.089941 -247.0256 -18341)
(-1.594514 11657.25 -11152.38)
(-3.647016 11647.26 -14065.59)
(-4.598756 11634.46 -15949.91)
(-5.144449 11618.17 -16214.62)
(-7.34603 15907.27 -19995.21)
(-7.666816 15881.12 -18659.85)
(-8.055419 15849.93 -19008.12)
(-8.589185 15812.35 -19355.31)
(-8.921267 15771.11 -28735.72)
(-4.494094 7676.605 -20291.34)
(-4.304758 7021.233 -22442.61)
(-4.074567 6030.967 -24023.64)
(-3.829666 4621.939 -25366.2)
(-3.485743 2752.046 -17921.52)
(-27.4457 10940.68 -56674.79)
(-27.44224 6383.343 -31802.65)
(-27.0688 3539.31 -32933.18)
(-26.80113 1883.793 -33318.13)
(-26.7079 911.7417 -33430.97)
(-26.10512 280.8209 -33442.98)
(-25.26523 -242.2677 -33401.46)
(-24.42324 -850.0793 -33284.76)
(-23.52312 -1749.083 -32982.62)
(-22.40568 -3172.296 -32197.55)
(-19.38896 -6188.699 -28301.79)
(-15.45637 -4553.076 -23013.38)
(-11.64339 -2639.219 -20067.72)
(-7.514177 -1308.09 -18622.46)
(-2.737344 -390.5957 -18018.42)
(-1.846444 19244.97 -14283.83)
(-4.107116 19234.32 -16263.04)
(-4.972333 19222.8 -16593.66)
(-7.732052 26344.7 -20558.92)
(-8.110683 26324.44 -19305.64)
(-8.362486 26302.37 -19781.1)
(-8.89614 26276.89 -20257.09)
(-9.429361 26247.47 -30267.16)
(-4.694143 13012.06 -21749.93)
(-4.557072 12594.8 -24869.07)
(-4.288419 11711.57 -27765.27)
(-3.941827 9893.205 -30776.8)
(-3.52814 6278.436 -22526.28)
(-26.95445 14364.38 -71672.26)
(-26.28336 6835.704 -36455.97)
(-25.88253 3379.051 -35573.01)
(-25.28287 1684.692 -34785.53)
(-24.81811 785.3283 -34303.27)
(-24.49246 232.0128 -34069.57)
(-23.70687 -227.3989 -34028.75)
(-22.67144 -802.4257 -34157.55)
(-21.56243 -1788.32 -34415.26)
(-20.29706 -3786.687 -34491.99)
(-17.08299 -10488.91 -29128.21)
(-13.57808 -6519.044 -21860.36)
(-10.27196 -3515.338 -19093.99)
(-6.647679 -1693.716 -17979.85)
(-2.418318 -500.8919 -17547.58)
(-2.214227 27824.94 -16219.67)
(-4.784855 27845.46 -16551.44)
(-7.838225 38221.1 -20502.48)
(-8.851808 38252.54 -19246.39)
(-9.233375 38296.41 -19714.54)
(-9.596286 38348.32 -20187.81)
(-10.21561 38410.87 -30168.98)
(-5.204435 19656.09 -21821.1)
(-5.017853 21089.45 -25685.77)
(-4.816103 23251.54 -30775.15)
(-4.403954 26416.83 -38956.28)
(-3.78488 31043.72 -33476.1)
(-26.62901 7805.189 -118470.8)
(-25.46516 3219.923 -42816.58)
(-24.58582 1458.181 -38118.28)
(-24.0334 691.3108 -35949.21)
(-23.33277 313.3275 -34924.34)
(-22.73209 89.84147 -34500.73)
(-22.20582 -96.05041 -34484.63)
(-21.2318 -342.2493 -34898.81)
(-19.95205 -811.6567 -36026.79)
(-18.43166 -1925.053 -38734.5)
(-14.56688 -18025.62 -30847.44)
(-11.76509 -8248.449 -19578.55)
(-8.998807 -4098.523 -17703.06)
(-5.856324 -1923.616 -17162.79)
(-2.132723 -564.158 -16970.77)
(-2.694592 31871.5 -15091.41)
(-7.755695 43763.36 -18338.95)
(-9.251445 43824.44 -16747.83)
(-10.43165 43895.39 -16712.77)
(-10.80641 43985.09 -16676.22)
(-11.23995 44088 -24191.52)
(-5.823245 22752.43 -16075.59)
(-5.891118 25018.75 -15850.42)
(-5.894981 28515.99 -14411.86)
(-5.955138 33791.05 -11253.42)
(-6.005202 41780.72 -4546.828)
(-11.58782 -19403.54 -7060.437)
(-10.0391 -8575.556 -14942.92)
(-7.860622 -4189.867 -15973.69)
(-5.154302 -1950.707 -16254.63)
(-1.880156 -570.24 -16347.6)
(-4.306989 39418.51 -17038.3)
(-8.923725 39445.01 -15249.84)
(-10.62219 39481.24 -14922.42)
(-11.95475 39520.76 -14591.79)
(-12.35564 39570.19 -20667.54)
(-6.339023 20149.35 -12887.01)
(-6.496543 21239.5 -11239.25)
(-6.709093 22639.37 -8797.453)
(-6.895235 24163.17 -5736.289)
(-7.143194 25384.37 -2017.065)
(-9.576478 -13316.95 -5137.516)
(-8.612686 -7293.788 -12010.15)
(-6.878434 -3745.42 -14426.69)
(-4.554345 -1763.696 -15389.66)
(-1.663152 -516.7475 -15749)
(-4.828125 29907.16 -14647.92)
(-9.882771 29916.16 -14201.6)
(-11.7216 29929.74 -13756.32)
(-13.21631 29942.51 -19257.15)
(-6.72471 15109.48 -11650.38)
(-6.850755 15509.34 -9593.857)
(-7.084248 15974.57 -7064.83)
(-7.405394 16405.83 -4345.471)
(-7.712089 16677.86 -1469.259)
(-8.198685 -8725.912 -4060.258)
(-7.523986 -5392.104 -10184.69)
(-6.081511 -2909.041 -13238.58)
(-4.05209 -1393.059 -14672.18)
(-1.482842 -410.1264 -15241.5)
(-5.183116 18377.65 -13954.06)
(-10.53866 18379.64 -13466.71)
(-12.48816 18383.02 -18772.18)
(-6.95714 9236.145 -11229.45)
(-7.022491 9366.118 -9055.13)
(-7.194722 9510.113 -6531.353)
(-7.490901 9635.06 -3948.447)
(-7.894695 9706.801 -1321.353)
(-7.231485 -4960.999 -3478.775)
(-6.728623 -3275.464 -9122.234)
(-5.472846 -1829.912 -12451.97)
(-3.651927 -888.802 -14167.91)
(-1.335582 -262.8841 -14877.63)
(-5.320267 6176.99 -13382.73)
(-10.83986 6177.376 -18627.95)
(-6.354258 3099.107 -11106.71)
(-7.035575 3128.535 -8898.549)
(-7.140281 3160.656 -6380.098)
(-7.3459 3187.706 -3838.603)
(-7.690075 3202.968 -1281.235)
(-6.559996 -1611.873 -3223.514)
(-6.156141 -1096.161 -8634.991)
(-5.029079 -623.2939 -12066.12)
(-3.349609 -305.1055 -13912.97)
(-1.220584 -90.48885 -14692.64)
(-5.313951 -6180.682 -18634.53)
(-5.331713 -3100.586 -11109.45)
(-6.216121 -3130.16 -8902.061)
(-6.925015 -3162.26 -6382.25)
(-7.069424 -3189.43 -3840.058)
(-7.299097 -3204.551 -1281.708)
(-6.163729 1612.708 -3225.452)
(-5.759588 1096.706 -8640.546)
(-4.711187 623.6257 -12074.43)
(-3.131321 305.2936 -13923.2)
(-1.134872 90.55154 -14704.24)
(-2.517725 -9245.47 -11240.56)
(-5.026379 -9375.952 -9063.783)
(-5.912369 -9520.904 -6538.494)
(-6.626741 -9645.856 -3952.643)
(-6.807794 -9718.313 -1322.874)
(-5.991406 4969.867 -3485.081)
(-5.540407 3281.711 -9139.891)
(-4.488082 1833.619 -12477.73)
(-2.974633 890.7192 -14199.29)
(-1.073575 263.4958 -14913.01)
(-2.262164 -15535.38 -9609.556)
(-4.575343 -16002.39 -7076.597)
(-5.432581 -16436.44 -4353.387)
(-6.132763 -16709.76 -1471.959)
(-6.014407 8752.339 -4072.598)
(-5.464898 5409.513 -10217.69)
(-4.359059 2919.051 -13284.43)
(-2.858919 1398.18 -14726.67)
(-1.029141 411.7502 -15302.39)
(-1.936842 -22693.61 -8817.694)
(-3.964472 -24223.97 -5750.06)
(-4.752486 -25452.62 -2022.261)
(-6.259851 13373.89 -5159.521)
(-5.501946 7327.018 -12065)
(-4.297621 3763.659 -14497.19)
(-2.781775 1772.914 -15470.41)
(-0.9939861 519.655 -15838.01)
(-1.50979 -33898.57 -11287.55)
(-3.110143 -41919.86 -4561.443)
(-6.718297 19511.27 -7099.686)
(-5.643465 8626.295 -15031.5)
(-4.276327 4216.429 -16075.17)
(-2.727712 1964 -16365.63)
(-0.966994 574.4263 -16467.95)
(-0.7700565 -31168.93 -33607.73)
(-11.02184 -7839.045 -118963.8)
(-13.15294 -3234.683 -43002.5)
(-14.26355 -1465.167 -38289.95)
(-14.16976 -694.8066 -36117.97)
(-13.58188 -315.0015 -35096.19)
(-13.06824 -90.38188 -34679.04)
(-12.61469 96.52931 -34672.41)
(-11.94594 344.1931 -35099.56)
(-10.8984 816.5764 -36245.65)
(-9.692346 1937.463 -38984.34)
(-7.421058 18149.36 -31059.24)
(-5.80426 8308.955 -19722.3)
(-4.284077 4130.74 -17842.44)
(-2.682837 1939.879 -17308.18)
(-0.9436441 569.3053 -17125.97)
(-4.50384 -14438.25 -72015.7)
(-9.732765 -6872.851 -36639.92)
(-11.96353 -3398.439 -35762.42)
(-13.05748 -1694.808 -34979.67)
(-12.98269 -790.3351 -34503.62)
(-12.40721 -233.6744 -34279.13)
(-11.85607 228.7448 -34250.3)
(-11.32744 807.8693 -34392.5)
(-10.59063 1801.297 -34665.73)
(-9.528707 3815.903 -34758.2)
(-7.643857 10575.27 -29368.1)
(-5.859044 6576.465 -22053.06)
(-4.267467 3548.562 -19274.69)
(-2.64574 1710.946 -18163.13)
(-0.9206103 506.3964 -17740.89)
(-3.980782 -6423.7 -31984.79)
(-8.811531 -3562.865 -33133.9)
(-10.95372 -1897.014 -33533.01)
(-11.94937 -918.5259 -33658.26)
(-11.84917 -283.1738 -33683.11)
(-11.26679 243.917 -33654.76)
(-10.67953 856.8017 -33552.16)
(-10.09895 1763.932 -33263.61)
(-9.346671 3201.022 -32489.33)
(-7.707632 6248.501 -28575.33)
(-5.82982 4600.197 -23251.76)
(-4.200815 2668.573 -20291.25)
(-2.593702 1323.773 -18846.19)
(-0.8988528 395.6598 -18252.64)
(-3.593496 -2533.144 -31252.57)
(-8.048561 -1412.415 -32354.56)
(-10.04084 -704.1368 -32911.29)
(-10.90577 -224.7786 -33138.93)
(-10.75931 172.8657 -33132.76)
(-10.16413 610.836 -32895.52)
(-9.552757 1195.415 -32345.27)
(-8.95137 1989.762 -31313.53)
(-7.614956 3346.58 -28182.52)
(-5.774137 2693.37 -23860.73)
(-4.103133 1641.319 -20929.62)
(-2.516694 832.2366 -19316.56)
(-0.8718565 250.7504 -18618.31)
(-3.268293 -515.3899 -31718.52)
(-7.3601 -260.9095 -32488.41)
(-9.175598 -84.90663 -32826.6)
(-9.899566 61.15855 -32840.63)
(-9.700172 217.6837 -32551.35)
(-9.09359 416.1078 -31906.78)
(-8.470058 666.8761 -30813.04)
(-7.296537 1058.064 -28018.93)
(-5.633764 884.8822 -24122.92)
(-4.002314 552.5786 -21238.83)
(-2.427178 283.4691 -19558.29)
(-0.8371908 85.78706 -18811.44)
(-1.350794 1881.128 -4611.839)
(-3.358317 1879.222 -10996.1)
(-4.341098 1878.329 -13793.64)
(-4.680261 1875.531 -15563.06)
(-4.896978 1871.539 -15753.84)
(-7.140441 2561.364 -19313.1)
(-7.456956 2556.035 -17879.5)
(-7.846322 2549.571 -18077.6)
(-8.184072 2541.694 -18274.74)
(-8.537699 2532.336 -26913.2)
(-4.282729 1221.03 -18631.42)
(-4.10976 1086.976 -19968.54)
(-3.984253 906.3939 -20757.21)
(-3.743502 684.8867 -21383.59)
(-3.47221 432.8671 -14908.36)
(-28.35035 2166.776 -47180)
(-28.41414 1457.17 -27758.79)
(-28.49205 896.3594 -30095.6)
(-28.73914 511.1357 -31483.1)
(-28.37593 258.6066 -32230.47)
(-27.74974 84.0627 -32549.35)
(-27.15769 -60.68143 -32547.1)
(-26.55898 -215.6597 -32243.18)
(-25.78149 -411.9399 -31585.87)
(-24.7576 -659.737 -30482.8)
(-21.92373 -1045.962 -27698.38)
(-17.59647 -874.0502 -23827.37)
(-13.23672 -545.3208 -20959.35)
(-8.539538 -279.4567 -19280.79)
(-3.118494 -84.47411 -18522.74)
(-1.471969 6088.972 -11049.67)
(-3.417768 6082.297 -13886.29)
(-4.339607 6075.223 -15694.97)
(-4.832977 6064.295 -15909.49)
(-6.939338 8300.042 -19542.26)
(-7.289472 8283.164 -18140.46)
(-7.592196 8263.562 -18387.84)
(-8.038771 8239.972 -18634.65)
(-8.467905 8212.94 -27518.41)
(-4.248398 3968.456 -19175.75)
(-4.062543 3553.409 -20760.97)
(-3.862711 2978.708 -21769.53)
(-3.671284 2247.52 -22576.5)
(-3.382926 1387.409 -15791.51)
(-26.93766 6549.179 -49968.15)
(-27.11366 4225.962 -29043.86)
(-26.86814 2515.678 -31058.12)
(-26.68134 1402.131 -32140.61)
(-26.64337 698.6754 -32679.77)
(-26.08192 222.8315 -32892.43)
(-25.27988 -171.6664 -32872.58)
(-24.48576 -605.8494 -32622.37)
(-23.65941 -1184.928 -32060.34)
(-22.65785 -1971.148 -31020.29)
(-19.86332 -3313.195 -27901.3)
(-15.8658 -2664.676 -23606.29)
(-11.91341 -1622.558 -20690.02)
(-7.663693 -822.0012 -19078.49)
(-2.786941 -247.4211 -18370.51)
(-1.589002 11651.08 -14068.5)
(-3.633775 11637.68 -15953.63)
(-4.578988 11621.47 -16220.35)
(-7.028727 15914.01 -20000.62)
(-7.324149 15886.36 -18665.8)
(-7.643168 15855.66 -19014.01)
(-8.030504 15819.91 -19361.88)
(-8.559979 15777.75 -28747.37)
(-4.298932 7679.583 -20298.97)
(-4.146211 7024.707 -22452.14)
(-3.913753 6033.807 -24033.67)
(-3.640319 4624.364 -25377.81)
(-3.345307 2753.42 -17930.04)
(-26.25845 10946.78 -56702.7)
(-25.87271 6387.085 -31819.24)
(-25.65536 3541.428 -32951.98)
(-25.1595 1885.003 -33337.48)
(-24.75406 912.3883 -33452.46)
(-24.47018 281.0474 -33466.21)
(-23.72371 -242.4256 -33425.87)
(-22.74019 -850.7339 -33310.81)
(-21.72134 -1750.56 -33010.49)
(-20.62669 -3175.224 -32227.26)
(-17.83925 -6194.908 -28330.17)
(-14.15757 -4558.047 -23038.52)
(-10.63007 -2642.38 -20091.8)
(-6.840105 -1309.807 -18647)
(-2.481241 -391.1612 -18044.61)
(-1.838825 19240.63 -16266.99)
(-4.089847 19228.17 -16598.03)
(-6.797719 26353.2 -20563.65)
(-7.70906 26334.38 -19312.68)
(-8.085099 26311.78 -19786.92)
(-8.338019 26287.25 -20263.51)
(-8.867556 26259.24 -30278.62)
(-4.545497 13017.13 -21758.41)
(-4.336074 12600.36 -24878.52)
(-4.124058 11716.9 -27777.41)
(-3.781654 9897.829 -30790.06)
(-3.358819 6281.539 -22536.88)
(-25.84378 14371.72 -71706.98)
(-25.12514 6839.453 -36474.37)
(-24.42141 3381.018 -35591.83)
(-23.95167 1685.702 -34805.39)
(-23.29356 785.8373 -34323.34)
(-22.71904 232.1892 -34091.5)
(-22.21752 -227.542 -34052.38)
(-21.27998 -803.0063 -34182.55)
(-20.07496 -1789.719 -34442.23)
(-18.74564 -3789.894 -34521.18)
(-15.72966 -10498.6 -29155.1)
(-12.48906 -6525.589 -21882.3)
(-9.408196 -3519.179 -19114.88)
(-6.06881 -1695.745 -18001.44)
(-2.201265 -501.5495 -17570.72)
(-2.205028 27854.1 -16555.85)
(-6.538304 38230.96 -20508.16)
(-7.817604 38267.39 -19251.57)
(-8.827943 38309.05 -19721.25)
(-9.207741 38363.12 -20193.96)
(-9.568839 38425.33 -30179.95)
(-4.940949 19664.19 -21829.7)
(-4.839186 21097.91 -25695.61)
(-4.58289 23261.87 -30787.58)
(-4.242615 26428.47 -38973.38)
(-3.627297 31057.91 -33490.97)
(-25.36172 7809.036 -118527.4)
(-24.40668 3221.571 -42837.6)
(-23.49287 1458.98 -38137.58)
(-22.68824 691.714 -35968.27)
(-22.09451 313.5168 -34944.24)
(-21.33328 89.90365 -34521)
(-20.61295 -96.10652 -34506.83)
(-19.89443 -342.4833 -34923.02)
(-18.72055 -812.2511 -36053.19)
(-17.15848 -1926.563 -38764.89)
(-13.45875 -18040.9 -30873.57)
(-10.8356 -8256.074 -19596.63)
(-8.275058 -4102.642 -17720.85)
(-5.36349 -1925.719 -17181.6)
(-1.946913 -564.8342 -16991.16)
(-3.683037 43776.31 -18344.64)
(-7.737163 43835.55 -16751.94)
(-9.231578 43912.5 -16718.56)
(-10.40933 43999.48 -16681.61)
(-10.78423 44105.3 -24199.79)
(-5.50027 22760.67 -16081.15)
(-5.582321 25028.78 -15856.63)
(-5.653138 28527.59 -14417.39)
(-5.681442 33805.92 -11258.05)
(-5.800514 41799.06 -4548.82)
(-10.78335 -19418.77 -7065.992)
(-9.279268 -8582.827 -14955.61)
(-7.240978 -4193.746 -15988.46)
(-4.738921 -1952.671 -16270.97)
(-1.721808 -570.864 -16365.52)
(-4.297365 39456.57 -15254.6)
(-8.906705 39491.32 -14926.18)
(-10.60394 39535.76 -14597.13)
(-11.93527 39583.47 -20673.96)
(-6.076893 20157.07 -12891.75)
(-6.162736 21247.22 -11243.2)
(-6.345451 22648.47 -8800.906)
(-6.592201 24173.09 -5738.543)
(-6.82949 25395.75 -2017.916)
(-8.967009 -13326.74 -5141.292)
(-8.012888 -7299.517 -12019.61)
(-6.359699 -3748.599 -14438.97)
(-4.195956 -1765.332 -15403.89)
(-1.528928 -517.2687 -15764.84)
(-4.818085 29925.12 -14206.53)
(-9.866354 29937.29 -13759.62)
(-11.70483 29953.97 -19264.45)
(-6.511529 15114.65 -11654.15)
(-6.573492 15515.19 -9597.457)
(-6.727906 15980.35 -7067.366)
(-6.996781 16412.47 -4347.217)
(-7.358388 16684.77 -1469.844)
(-7.679385 -8731.968 -4063.063)
(-7.04121 -5396.079 -10192.18)
(-5.656899 -2911.326 -13249.02)
(-3.747376 -1394.243 -14684.68)
(-1.366323 -410.5082 -15255.59)
(-5.172783 18384.76 -13471.77)
(-10.52257 18387.79 -18776.58)
(-6.158515 9239.636 -11233.96)
(-6.808458 9369.368 -9058.063)
(-6.91199 9513.671 -6533.847)
(-7.116663 9638.478 -3949.877)
(-7.449822 9710.739 -1321.902)
(-6.756934 -4964.184 -3481.017)
(-6.303242 -3277.75 -9128.531)
(-5.119512 -1831.27 -12461.13)
(-3.39641 -889.5 -14179.1)
(-1.235387 -263.1077 -14890.31)
(-5.311226 6178.887 -18634.38)
(-5.340357 3099.847 -11109.52)
(-6.22298 3129.692 -8902.061)
(-6.923834 3161.771 -6382.242)
(-7.067461 3188.907 -3840.049)
(-7.307813 3203.975 -1281.704)
(-6.159533 -1612.781 -3225.453)
(-5.756944 -1096.86 -8640.556)
(-4.711887 -623.7422 -12074.44)
(-3.132392 -305.3397 -13923.21)
(-1.135029 -90.55971 -14704.24)
(-2.609302 -3101.506 -11113.43)
(-5.209447 -3131.143 -8904.256)
(-6.118426 -3163.4 -6384.751)
(-6.850825 -3190.507 -3841.337)
(-7.03311 -3205.705 -1282.189)
(-5.811624 1613.649 -3227.284)
(-5.408935 1097.41 -8645.753)
(-4.408661 624.0318 -12082.21)
(-2.934318 305.4933 -13932.8)
(-1.061041 90.61441 -14715.05)
(-2.445148 -9378.701 -9066.955)
(-4.933991 -9523.576 -6540.087)
(-5.8456 -9649.362 -3954.186)
(-6.588846 -9721.593 -1323.306)
(-5.664502 4972.536 -3486.946)
(-5.22257 3283.594 -9145.085)
(-4.215464 1834.751 -12485.26)
(-2.785071 891.2954 -14208.45)
(-1.006214 263.674 -14923.29)
(-2.207903 -16006.93 -7078.876)
(-4.510531 -16440.91 -4354.443)
(-5.395919 -16715.82 -1472.518)
(-5.72497 8756.767 -4074.662)
(-5.165976 5412.414 -10223.16)
(-4.108237 2920.722 -13291.98)
(-2.685586 1399.037 -14735.56)
(-0.9639565 412.0162 -15312.26)
(-1.893924 -24230.58 -5751.709)
(-3.921624 -25459.4 -2022.756)
(-5.965938 13380.38 -5162.024)
(-5.236811 7330.726 -12071.12)
(-4.062245 3765.677 -14504.95)
(-2.621364 1773.928 -15479.21)
(-0.9338197 519.9723 -15847.58)
(-1.462346 -41930.87 -4562.629)
(-6.390275 19520.2 -7102.945)
(-5.377765 8630.482 -15038.79)
(-4.069761 4218.563 -16083.32)
(-2.578198 1965.053 -16374.4)
(-0.9111344 574.7545 -16477.32)
(-4.711815 -7841.125 -118993.6)
(-9.910288 -3235.6 -43012.86)
(-12.05731 -1465.681 -38301.82)
(-13.10539 -695.0401 -36129.61)
(-13.00513 -315.119 -35107.97)
(-12.41436 -90.41651 -34690.73)
(-11.84966 96.56253 -34685.13)
(-11.30178 344.3249 -35113.2)
(-10.52566 816.91 -36260.6)
(-9.369022 1938.266 -39000.48)
(-7.081368 18157.27 -31072.8)
(-5.521064 8312.756 -19731.36)
(-4.081948 4132.744 -17851.09)
(-2.552953 1940.862 -17316.96)
(-0.8918705 569.6105 -17135.15)
(-4.078022 -6874.681 -36648.07)
(-8.920082 -3399.432 -35770.73)
(-11.01894 -1695.407 -34990.22)
(-11.98277 -790.6036 -34514.66)
(-11.86021 -233.7697 -34290.59)
(-11.25884 228.8177 -34261.88)
(-10.6471 808.1617 -34405.11)
(-10.02499 1801.994 -34679.2)
(-9.196956 3817.466 -34772.5)
(-7.381181 10579.66 -29380.29)
(-5.592569 6579.329 -22062.71)
(-4.059831 3550.184 -19283.55)
(-2.520696 1711.776 -18171.94)
(-0.8759839 506.6529 -17749.9)
(-3.637078 -3563.817 -33140.65)
(-8.099879 -1897.584 -33540.65)
(-10.07081 -918.8596 -33668.22)
(-10.9168 -283.2764 -33693.83)
(-10.75312 243.9857 -33665.96)
(-10.13822 857.0908 -33563.54)
(-9.497858 1764.575 -33275.8)
(-8.851798 3202.264 -32501.95)
(-7.432368 6251.063 -28587.06)
(-5.625099 4602.104 -23261.44)
(-4.010646 2669.734 -20300.13)
(-2.467741 1324.378 -18854.86)
(-0.8563174 395.8517 -18261.49)
(-3.282209 -1412.796 -32360.7)
(-7.375745 -704.3574 -32918.72)
(-9.182465 -224.8745 -33148.6)
(-9.896891 172.9132 -33143.25)
(-9.686537 611.0325 -32906.45)
(-9.065818 1195.822 -32356.27)
(-8.422991 1990.489 -31325)
(-7.216838 3347.879 -28193.46)
(-5.563192 2694.473 -23870.49)
(-3.956804 1641.999 -20938.36)
(-2.403115 832.5985 -19325.03)
(-0.8295415 250.865 -18626.88)
(-2.971184 -260.9838 -32494.27)
(-6.7029 -84.93918 -32833.98)
(-8.328684 61.16866 -32850.13)
(-8.909797 217.7502 -32561.62)
(-8.654463 416.244 -31917.36)
(-8.036022 667.1034 -30823.54)
(-6.871221 1058.45 -28029.19)
(-5.342923 885.2257 -24132.28)
(-3.853619 552.8048 -21247.5)
(-2.339693 283.5865 -19566.48)
(-0.7994662 85.82435 -18819.69)
(-1.347528 1880.467 -10997.93)
(-3.344859 1877.841 -13798.61)
(-4.321227 1876.161 -15567.95)
(-4.662006 1872.62 -15757.74)
(-6.692519 2562.373 -19319.17)
(-7.117211 2556.756 -17885.55)
(-7.432559 2550.444 -18083.75)
(-7.820919 2542.993 -18281.3)
(-8.157784 2534.145 -26922.83)
(-4.119746 1221.552 -18638.98)
(-3.963958 1087.465 -19976.74)
(-3.768404 906.9241 -20766.1)
(-3.599675 685.2131 -21393.84)
(-3.336509 433.1215 -14915.23)
(-26.68388 2168.077 -47203.06)
(-26.93992 1458.042 -27774.56)
(-26.75692 896.9344 -30112.78)
(-26.61248 511.4954 -31503.23)
(-26.60535 258.8029 -32252.83)
(-26.06785 84.13556 -32573.06)
(-25.28776 -60.72175 -32572.51)
(-24.5203 -215.8395 -32270.38)
(-23.7321 -412.3189 -31614.99)
(-22.78486 -660.3978 -30513.33)
(-20.08251 -1047.103 -27728.59)
(-16.06601 -875.0967 -23855.92)
(-12.05037 -546.0364 -20986.93)
(-7.740876 -279.8612 -19308.79)
(-2.812715 -84.60937 -18552.54)
(-1.465211 6084.752 -13889.82)
(-3.404203 6075.823 -15698.24)
(-4.322508 6066.452 -15914.39)
(-6.602662 8303.688 -19548.09)
(-6.916746 8286.047 -18146.43)
(-7.265638 8266.18 -18393.8)
(-7.568467 8243.577 -18640.58)
(-8.012787 8216.991 -27528.69)
(-4.075209 3970.176 -19183.66)
(-3.92375 3555.187 -20769.35)
(-3.71329 2980.085 -21778.52)
(-3.482263 2248.762 -22586.49)
(-3.248453 1388.079 -15799.07)
(-25.79102 6552.898 -49991.92)
(-25.55447 4228.459 -29058.8)
(-25.46326 2517.184 -31075.8)
(-25.04877 1403.033 -32159.21)
(-24.69427 699.1716 -32700.74)
(-24.44846 223.0112 -32915.25)
(-23.73768 -171.7764 -32896.59)
(-22.79831 -606.3148 -32647.89)
(-21.84696 -1185.928 -32087.43)
(-20.85873 -1972.967 -31048.91)
(-18.27613 -3316.519 -27929.27)
(-14.53283 -2667.586 -23632.07)
(-10.87676 -1624.502 -20714.84)
(-6.976303 -823.0802 -19103.63)
(-2.526215 -247.7793 -18397.21)
(-1.582871 11641.49 -15956.81)
(-3.619409 11624.67 -16224.1)
(-6.254854 15918.57 -20007.54)
(-7.005927 15893.06 -18670.94)
(-7.301661 15860.9 -19020.08)
(-7.618972 15825.63 -19367.93)
(-8.00494 15785.27 -28757.2)
(-4.123967 7682.794 -20307.08)
(-3.963458 7027.566 -22460.75)
(-3.768222 6036.718 -24043.89)
(-3.494851 4626.535 -25388.49)
(-3.183049 2754.843 -17938.26)
(-25.17962 10952.31 -56729.81)
(-24.74137 6390.632 -31835.08)
(-24.20291 3543.502 -32969.27)
(-23.83381 1886.134 -33356.47)
(-23.23438 912.9802 -33472)
(-22.69839 281.261 -33487.73)
(-22.23329 -242.5759 -33449.07)
(-21.34468 -851.348 -33335.18)
(-20.22293 -1751.928 -33036.35)
(-19.0497 -3177.913 -32254.53)
(-16.42543 -6200.63 -28356.32)
(-13.02276 -4562.623 -23061.64)
(-9.736499 -2645.267 -20113.78)
(-6.244641 -1311.376 -18669.38)
(-2.258582 -391.6747 -18068.4)
(-1.830648 19234.45 -16601.94)
(-5.587147 26360.54 -20569.02)
(-6.778812 26342.9 -19317.31)
(-7.685373 26321.69 -19794.04)
(-8.058934 26296.66 -20269.54)
(-8.312685 26269.57 -30288.32)
(-4.279631 13022.86 -21766.62)
(-4.185444 12605.34 -24888.21)
(-3.928427 11722.05 -27788.27)
(-3.637302 9902.296 -30803.48)
(-3.221183 6284.454 -22546.64)
(-24.61501 14378.87 -71740.7)
(-24.08201 6842.942 -36492.13)
(-23.33844 3382.88 -35609.75)
(-22.60976 1686.688 -34823.79)
(-22.05705 786.3121 -34342.89)
(-21.32133 232.3498 -34111.51)
(-20.62381 -227.6736 -34074.28)
(-19.93955 -803.5544 -34206.26)
(-18.83607 -1791.029 -34467.47)
(-17.45095 -3792.868 -34548.25)
(-14.53149 -10507.49 -29179.8)
(-11.50158 -6531.621 -21902.51)
(-8.652132 -3522.715 -19134.08)
(-5.558348 -1697.599 -18021.17)
(-2.009555 -502.1505 -17591.82)
(-3.012469 38242.78 -20513.54)
(-6.517856 38277.27 -19256.85)
(-7.796354 38323.88 -19726.65)
(-8.80335 38375.79 -20200.81)
(-9.181388 38440.15 -30189.26)
(-4.636815 19671.53 -21837.51)
(-4.587841 21106.51 -25705.62)
(-4.410344 23271.21 -30799.53)
(-4.04261 26440.01 -38989.39)
(-3.492036 31071.56 -33505.66)
(-24.3115 7812.656 -118580.2)
(-23.25443 3223.17 -42857.77)
(-22.50996 1459.725 -38156.2)
(-21.6739 692.0956 -35986.41)
(-20.86582 313.7021 -34962.74)
(-20.19297 89.96089 -34540.63)
(-19.34315 -96.15897 -34527.16)
(-18.47973 -342.7005 -34945.48)
(-17.53871 -812.8119 -36078.18)
(-16.09329 -1927.977 -38793.32)
(-12.52631 -18055.06 -30897.81)
(-10.01392 -8263.074 -19613.27)
(-7.622107 -4106.438 -17737.23)
(-4.931635 -1927.657 -17198.87)
(-1.783049 -565.452 -17009.78)
(-3.672703 43848.49 -16757.08)
(-7.718724 43923.64 -16722.68)
(-9.211787 44016.6 -16687.35)
(-10.38712 44119.75 -24207.63)
(-5.275925 22769.45 -16086.64)
(-5.276053 25037.84 -15862.15)
(-5.354234 28538.98 -14423.01)
(-5.445144 33819.58 -11262.4)
(-5.535849 41817.23 -4550.694)
(-10.1014 -19433.04 -7071.183)
(-8.634137 -8589.568 -14967.39)
(-6.693859 -4197.304 -16002.06)
(-4.365607 -1954.48 -16286.02)
(-1.582984 -571.4389 -16381.98)
(-4.287955 39502.88 -14930.83)
(-8.890071 39545.86 -14600.8)
(-10.58612 39598.48 -20681.5)
(-5.867671 20163.84 -12895.79)
(-5.909068 21255.25 -11247.27)
(-6.018105 22656.67 -8804)
(-6.234689 24182.77 -5740.796)
(-6.528815 25406.14 -2018.708)
(-8.398273 -13335.98 -5144.845)
(-7.501105 -7304.889 -12028.45)
(-5.916394 -3751.544 -14450.35)
(-3.879804 -1766.831 -15417)
(-1.408646 -517.749 -15779.42)
(-4.808382 29946.23 -13764.39)
(-9.850476 29961.53 -19269.09)
(-5.767197 15120.38 -11658.56)
(-6.360055 15520.47 -9600.559)
(-6.45664 15986.34 -7070.004)
(-6.643798 16418.39 -4348.775)
(-6.9521 16691.51 -1470.434)
(-7.16985 -8737.58 -4065.68)
(-6.595041 -5399.828 -10199.21)
(-5.293038 -2913.476 -13258.77)
(-3.48561 -1395.338 -14696.27)
(-1.263612 -410.857 -15268.59)
(-5.162877 18392.91 -18783.58)
(-5.180069 9242.016 -11236.62)
(-6.027114 9372.873 -9061.656)
(-6.696089 9516.949 -6535.972)
(-6.837712 9642.081 -3951.379)
(-7.077431 9714.181 -1322.38)
(-6.343336 -4967.097 -3483.107)
(-5.890586 -3279.853 -9134.413)
(-4.795696 -1832.551 -12469.73)
(-3.176847 -890.162 -14189.53)
(-1.148937 -263.3144 -14902.07)
(-2.609797 3100.624 -11113.37)
(-5.218568 3130.425 -8904.294)
(-6.124445 3162.945 -6384.755)
(-6.849276 3190.024 -3841.336)
(-7.030992 3205.184 -1282.187)
(-5.809406 -1613.669 -3227.284)
(-5.405526 -1097.471 -8645.756)
(-4.406831 -624.139 -12082.23)
(-2.934714 -305.5608 -13932.81)
(-1.061388 -90.6295 -14715.06)
(-2.537061 -3132.082 -8907.412)
(-5.117677 -3164.381 -6386.327)
(-6.053047 -3191.656 -3842.842)
(-6.813664 -3206.783 -1282.616)
(-5.4957 1614.528 -3229.01)
(-5.099919 1098.055 -8650.664)
(-4.140225 624.4382 -12089.5)
(-2.74601 305.6927 -13941.78)
(-0.9942577 90.67341 -14725.2)
(-2.390838 -9526.327 -6542.35)
(-4.872102 -9652.06 -3955.151)
(-5.812031 -9725.122 -1323.821)
(-5.391885 4975.054 -3488.714)
(-4.937917 3285.36 -9149.98)
(-3.973702 1835.807 -12492.35)
(-2.615862 891.8483 -14217.02)
(-0.9420972 263.8446 -14932.92)
(-2.171019 -16445.52 -4355.833)
(-4.477505 -16720.35 -1472.876)
(-5.457264 8761.018 -4076.638)
(-4.916914 5415.154 -10228.35)
(-3.883904 2922.29 -13299.1)
(-2.531124 1399.839 -14743.94)
(-0.905503 412.2691 -15321.51)
(-1.87088 -25466.3 -2023.332)
(-5.677431 13386.5 -5164.396)
(-4.990987 7334.284 -12076.97)
(-3.865966 3767.584 -14512.31)
(-2.478021 1774.88 -15487.5)
(-0.8799879 520.2699 -15856.59)
(-6.100247 19528.7 -7106.052)
(-5.116995 8634.428 -15045.7)
(-3.878171 4220.61 -16091.12)
(-2.453371 1966.048 -16382.71)
(-0.861239 575.0628 -16486.15)
(-4.163855 -3236.458 -43022.7)
(-9.001299 -1466.104 -38310.84)
(-11.06395 -695.2857 -36140.56)
(-12.0049 -315.226 -35119.21)
(-11.86719 -90.45341 -34702.33)
(-11.25293 96.59346 -34696.87)
(-10.62298 344.4497 -35126.07)
(-9.963558 817.2262 -36274.69)
(-9.042296 1939.06 -39016.52)
(-6.835471 18164.8 -31085.7)
(-5.270842 8316.375 -19739.99)
(-3.88411 4134.633 -17859.29)
(-2.432498 1941.803 -17325.36)
(-0.8486356 569.899 -17143.84)
(-3.688625 -3400.337 -35778.18)
(-8.156612 -1695.91 -34998.28)
(-10.10278 -790.8904 -34524.91)
(-10.92815 -233.8546 -34301.51)
(-10.74563 228.8835 -34273.3)
(-10.10757 808.4347 -34416.78)
(-9.428426 1802.651 -34691.9)
(-8.710319 3818.947 -34786.01)
(-7.116185 10584 -29392.34)
(-5.394946 6582.054 -22071.9)
(-3.876434 3551.729 -19291.99)
(-2.398601 1712.559 -18180.29)
(-0.8345805 506.8985 -17758.5)
(-3.306409 -1898.095 -33547.1)
(-7.402206 -919.1453 -33675.86)
(-9.193797 -283.3976 -33703.68)
(-9.891832 244.0537 -33676.63)
(-9.661841 857.3673 -33574.69)
(-9.013737 1765.175 -33287.11)
(-8.329553 3203.433 -32513.85)
(-7.044332 6253.489 -28598.16)
(-5.418851 4603.989 -23270.96)
(-3.867084 2670.84 -20308.61)
(-2.356511 1324.954 -18863.12)
(-0.8148254 396.0326 -18269.89)
(-2.978618 -704.5579 -32924.69)
(-6.709433 -224.9606 -33156.06)
(-8.327121 172.943 -33152.84)
(-8.897472 611.2193 -32916.83)
(-8.627943 1196.213 -32367)
(-7.991326 1991.167 -31335.67)
(-6.796447 3349.102 -28203.79)
(-5.276248 2695.519 -23879.76)
(-3.809541 1642.671 -20946.91)
(-2.316348 832.9433 -19333.12)
(-0.7921839 250.974 -18635.04)
(-2.682176 -84.97195 -32839.66)
(-6.054647 61.17419 -32857.49)
(-7.490366 217.8069 -32570.95)
(-7.938645 416.373 -31927.4)
(-7.638043 667.323 -30833.74)
(-6.516174 1058.812 -28038.77)
(-5.035724 885.549 -24141.12)
(-3.656659 553.0194 -21255.74)
(-2.251717 283.7026 -19574.45)
(-0.7704745 85.85988 -18827.58)
(-1.343488 1879.058 -13800.73)
(-3.329961 1875.715 -15573.36)
(-4.299913 1873.248 -15762.61)
(-6.370546 2563.832 -19323.96)
(-6.67244 2557.758 -17891.18)
(-7.093707 2551.167 -18089.87)
(-7.407906 2543.872 -18287.53)
(-7.795169 2535.437 -26932.56)
(-3.938273 1222.316 -18645.81)
(-3.815186 1087.962 -19984.88)
(-3.629418 907.337 -20774.66)
(-3.411836 685.6028 -21403.1)
(-3.20371 433.3312 -14922.38)
(-25.55944 2169.314 -47225.14)
(-25.38566 1458.907 -27788.72)
(-25.35656 897.4715 -30129.89)
(-24.98515 511.8244 -31521.43)
(-24.65905 258.9868 -32273.51)
(-24.43528 84.2034 -32595.65)
(-23.74521 -60.76025 -32596.29)
(-22.8304 -216.005 -32295.62)
(-21.91394 -412.6668 -31641.7)
(-20.97561 -661.0071 -30541.48)
(-18.47799 -1048.154 -27756.38)
(-14.71634 -876.0523 -23881.98)
(-11.00189 -546.6904 -21012.1)
(-7.046611 -280.2285 -19334.22)
(-2.549588 -84.73186 -18579.5)
(-1.457855 6078.261 -15702.02)
(-3.38959 6067.086 -15917.72)
(-5.90632 8306.624 -19554.05)
(-6.580918 8289.681 -18151.82)
(-6.893891 8269.057 -18399.84)
(-7.241476 8246.198 -18646.63)
(-7.544253 8220.588 -27537.56)
(-3.867214 3972.063 -19190.87)
(-3.75901 3556.719 -20777.66)
(-3.58092 2981.552 -21787.46)
(-3.345355 2249.805 -22595.87)
(-3.087711 1388.825 -15806.08)
(-24.73517 6556.169 -50015.88)
(-24.44655 4230.833 -29073.06)
(-24.01735 2518.666 -31091.98)
(-23.72786 1403.875 -32177.5)
(-23.17917 699.6255 -32719.8)
(-22.67827 223.1805 -32936.4)
(-22.24636 -171.8814 -32919.4)
(-21.39937 -606.7514 -32671.77)
(-20.33987 -1186.854 -32112.56)
(-19.26372 -1974.637 -31075.17)
(-16.82738 -3319.582 -27955.05)
(-13.36837 -2670.264 -23655.79)
(-9.96265 -1626.277 -20737.5)
(-6.369088 -824.0663 -19126.56)
(-2.29955 -248.1046 -18421.46)
(-1.576275 11628.48 -16227.26)
(-4.945545 15922.92 -20012.17)
(-6.233551 15897.64 -18677.31)
(-6.982689 15867.57 -19025.4)
(-7.278572 15830.87 -19374.12)
(-7.594228 15790.99 -28766.26)
(-3.864872 7686.366 -20314.14)
(-3.800552 7030.477 -22469.59)
(-3.601045 6039.239 -24053.24)
(-3.363302 4628.727 -25399.3)
(-3.053958 2756.131 -17945.84)
(-23.97853 10957.86 -56755.87)
(-23.71593 6393.871 -31850.48)
(-23.13429 3545.469 -32985.74)
(-22.49632 1887.241 -33374.03)
(-22.00046 913.5322 -33491.03)
(-21.30244 281.4552 -33507.37)
(-20.63844 -242.714 -33470.57)
(-20.00013 -851.9278 -33358.29)
(-18.97513 -1753.209 -33060.55)
(-17.73417 -3180.405 -32279.82)
(-15.17339 -6205.885 -28380.34)
(-11.99256 -4566.84 -23082.95)
(-8.954497 -2647.925 -20133.99)
(-5.719574 -1312.81 -18689.84)
(-2.061933 -392.144 -18090.11)
(-2.500323 26369.13 -20573.81)
(-5.568308 26350.22 -19322.33)
(-6.759119 26330.23 -19798.94)
(-7.660991 26306.54 -20276.74)
(-8.032181 26278.98 -30297.46)
(-4.0188 13027.89 -21773.74)
(-3.94656 12610.74 -24897.59)
(-3.782516 11726.72 -27799.1)
(-3.468368 9906.623 -30815.73)
(-3.097574 6287.272 -22556.45)
(-23.60016 14385.55 -71771.9)
(-22.94487 6846.36 -36509.18)
(-22.3626 3384.604 -35627.07)
(-21.6004 1687.621 -34841.31)
(-20.82976 786.7778 -34361.05)
(-20.18148 232.4976 -34130.9)
(-19.35348 -227.7968 -34094.35)
(-18.52157 -804.0632 -34228.26)
(-17.64689 -1792.265 -34491.35)
(-16.36812 -3795.651 -34573.58)
(-13.52565 -10515.74 -29202.71)
(-10.62825 -6537.159 -21921.1)
(-7.968929 -3525.974 -19151.77)
(-5.111122 -1699.306 -18039.28)
(-1.840502 -502.6997 -17611.11)
(-3.0025 38289.08 -19261.89)
(-6.497012 38333.77 -19732.03)
(-7.774472 38390.61 -20206.44)
(-8.778024 38452.85 -30199.46)
(-4.448532 19679.01 -21844.42)
(-4.316209 21114.27 -25714.68)
(-4.178252 23280.58 -30811.48)
(-3.883201 26450.6 -39004.66)
(-3.331931 31084.94 -33519.55)
(-23.37606 7816.149 -118632.1)
(-22.29124 3224.667 -42876.67)
(-21.45482 1460.453 -38174.03)
(-20.76133 692.4491 -36003.92)
(-19.92742 313.8774 -34980.35)
(-19.07657 90.01859 -34558.92)
(-18.30269 -96.20987 -34546.75)
(-17.34039 -342.9017 -34966.13)
(-16.30192 -813.3329 -36101.38)
(-15.07536 -1929.311 -38820.19)
(-11.73945 -18068.32 -30920.49)
(-9.318673 -8269.564 -19628.7)
(-7.045292 -4109.922 -17752.31)
(-4.5428 -1929.441 -17214.78)
(-1.639405 -566.0211 -17026.89)
(-3.662495 43936.6 -16727.76)
(-7.700379 44027.78 -16691.48)
(-9.192073 44136.88 -24215.89)
(-5.077543 22776.96 -16091.86)
(-5.058797 25047.25 -15867.55)
(-5.0634 28549.27 -14428.05)
(-5.155697 33833.01 -11266.78)
(-5.303617 41834.04 -4552.46)
(-9.460417 -19446.5 -7076.073)
(-8.085132 -8595.885 -14978.39)
(-6.227926 -4200.602 -16014.67)
(-4.036114 -1956.139 -16299.89)
(-1.458323 -571.9687 -16397.13)
(-4.278761 39557.42 -14605.35)
(-8.873824 39608.6 -20686.7)
(-5.201893 20171.41 -12900.45)
(-5.701399 21262.37 -11250.85)
(-5.770904 22665.11 -8807.161)
(-5.912532 24191.5 -5742.815)
(-6.174574 25416.29 -2019.501)
(-7.834751 -13344.55 -5148.158)
(-7.025041 -7309.956 -12036.76)
(-5.537246 -3754.309 -14460.98)
(-3.609188 -1768.22 -15429.17)
(-1.302557 -518.1887 -15792.86)
(-4.799017 29970.46 -19275.74)
(-4.844701 15124.21 -11661.38)
(-5.633004 15526.26 -9604.169)
(-6.243042 15991.76 -7072.289)
(-6.376558 16424.52 -4350.392)
(-6.600896 16697.53 -1470.961)
(-6.7299 -8742.746 -4068.116)
(-6.159122 -5403.297 -10205.78)
(-4.95748 -2915.503 -13267.92)
(-3.261008 -1396.37 -14707.09)
(-1.175323 -411.1799 -15280.65)
(-2.531658 9244.592 -11240.75)
(-5.056059 9375.268 -9063.832)
(-5.927736 9520.479 -6538.542)
(-6.620653 9645.387 -3952.668)
(-6.80036 9717.808 -1322.883)
(-5.984664 -4969.887 -3485.083)
(-5.530094 -3281.772 -9139.902)
(-4.48258 -1833.726 -12477.77)
(-2.97582 -890.7861 -14199.32)
(-1.074612 -263.5106 -14913.04)
(-2.539092 3131.226 -8907.397)
(-5.12692 3163.678 -6386.349)
(-6.058664 3191.209 -3842.846)
(-6.811965 3206.303 -1282.616)
(-5.494586 -1614.511 -3229.01)
(-5.098088 -1098.071 -8650.665)
(-4.137847 -624.4814 -12089.5)
(-2.744959 -305.7547 -13941.8)
(-0.9943851 -90.69541 -14725.21)
(-2.483045 -3165.33 -6388.576)
(-5.056432 -3192.638 -3843.791)
(-6.020278 -3207.936 -1283.118)
(-5.231561 1615.348 -3230.648)
(-4.822879 1098.655 -8655.293)
(-3.903655 624.808 -12096.36)
(-2.578797 305.8944 -13950.19)
(-0.9304743 90.7327 -14734.69)
(-2.354625 -9654.821 -3956.509)
(-4.841041 -9727.837 -1324.145)
(-5.141084 4977.47 -3490.406)
(-4.699969 3287.025 -9154.621)
(-3.757382 1836.797 -12499.04)
(-2.465865 892.3633 -14225.1)
(-0.8848533 264.0088 -14941.93)
(-2.152298 -16725.01 -1473.344)
(-5.195925 8765.016 -4078.513)
(-4.687031 5417.782 -10233.31)
(-3.696287 2923.77 -13305.84)
(-2.393081 1400.592 -14751.84)
(-0.8534338 412.5058 -15330.22)
(-5.421886 13392.32 -5166.657)
(-4.75076 7337.633 -12082.53)
(-3.684521 3769.412 -14519.35)
(-2.358067 1775.779 -15495.36)
(-0.8319057 520.5493 -15865.09)
(-5.883439 19536.79 -7109.015)
(-4.886276 8638.185 -15052.28)
(-3.691173 4222.538 -16098.52)
(-2.337882 1967.002 -16390.65)
(-0.8194939 575.3542 -16494.52)
(-3.727541 -1466.494 -38318.96)
(-8.195705 -695.4902 -36148.94)
(-10.12386 -315.3402 -35129.67)
(-10.93534 -90.48629 -34713.38)
(-10.74006 96.6216 -34708.43)
(-10.08475 344.5662 -35137.99)
(-9.37077 817.5243 -36287.98)
(-8.564205 1939.813 -39031.68)
(-6.587536 18172.25 -31098.46)
(-5.08277 8319.819 -19748.22)
(-3.709183 4136.431 -17867.12)
(-2.315101 1942.69 -17333.33)
(-0.8085942 570.1754 -17152.15)
(-3.333315 -1696.365 -35005.12)
(-7.430394 -791.1341 -34532.8)
(-9.205434 -233.9551 -34311.56)
(-9.885596 228.9482 -34284.16)
(-9.632613 808.6964 -34428.22)
(-8.947843 1803.264 -34703.7)
(-8.196814 3820.342 -34798.75)
(-6.745664 10588.1 -29403.76)
(-5.195913 6584.752 -22080.93)
(-3.736858 3553.199 -19300.06)
(-2.290699 1713.303 -18188.26)
(-0.7942447 507.1301 -17766.67)
(-2.991227 -919.4061 -33682.02)
(-6.720228 -283.5061 -33711.3)
(-8.323986 244.0986 -33686.38)
(-8.875106 857.63 -33585.29)
(-8.578196 1765.755 -33298.15)
(-7.902579 3204.525 -32524.93)
(-6.634618 6255.774 -28608.63)
(-5.139894 4605.777 -23279.99)
(-3.722632 2671.933 -20316.9)
(-2.271128 1325.503 -18871.02)
(-0.778175 396.2047 -18277.9)
(-2.685454 -225.0478 -33161.81)
(-6.054368 172.9602 -33160.27)
(-7.480377 611.3794 -32926.27)
(-7.914372 1196.584 -32377.18)
(-7.595331 1991.823 -31346.05)
(-6.445127 3350.245 -28213.42)
(-4.97318 2696.504 -23888.5)
(-3.615022 1643.308 -20955.03)
(-2.229101 833.2842 -19341)
(-0.7634084 251.0779 -18642.85)
(-2.403327 61.17146 -32862.95)
(-5.420447 217.85 -32578.22)
(-6.668541 416.4868 -31936.49)
(-6.997308 667.5306 -30843.41)
(-6.181121 1059.161 -28048.04)
(-4.773101 885.8512 -24149.39)
(-3.44862 553.2212 -21263.52)
(-2.137389 283.8127 -19582.04)
(-0.7413324 85.89501 -18835.24)
(-1.33905 1876.903 -15575.65)
(-3.314062 1872.846 -15767.94)
(-5.870299 2564.694 -19329.89)
(-6.350728 2559.199 -17895.69)
(-6.651969 2552.163 -18095.58)
(-7.06993 2544.599 -18293.69)
(-7.382994 2536.322 -26941.73)
(-3.760573 1222.922 -18652.61)
(-3.648511 1088.55 -19992.4)
(-3.493284 907.7629 -20783.16)
(-3.281454 685.9174 -21411.95)
(-3.043908 433.569 -14928.87)
(-24.51423 2170.393 -47247.81)
(-24.29102 1459.73 -27802.25)
(-23.91405 898.0014 -30145.51)
(-23.66691 512.1316 -31539.34)
(-23.14668 259.155 -32292.3)
(-22.66607 84.26731 -32616.58)
(-22.25341 -60.79701 -32618.89)
(-21.42958 -216.1604 -32319.24)
(-20.40223 -412.9888 -31666.48)
(-19.37152 -661.5666 -30567.31)
(-17.0131 -1049.122 -27782)
(-13.53736 -876.9317 -23905.95)
(-10.07736 -547.2877 -21035.09)
(-6.433327 -280.5642 -19357.43)
(-2.32084 -84.8431 -18603.99)
(-1.450114 6069.505 -15921.4)
(-4.630171 8307.533 -19558.2)
(-5.887536 8292.599 -18157.38)
(-6.558868 8272.677 -18405.29)
(-6.870771 8249.067 -18652.74)
(-7.216985 8223.211 -27546.53)
(-3.642478 3973.81 -19197.21)
(-3.578117 3558.337 -20785.54)
(-3.427805 2982.835 -21796.06)
(-3.222177 2250.896 -22605.23)
(-2.963702 1389.47 -15812.67)
(-23.54878 6559.552 -50038.28)
(-23.43516 4232.962 -29087.09)
(-22.96183 2520.073 -31107.41)
(-22.39408 1404.702 -32194.36)
(-21.9476 700.0487 -32738.39)
(-21.28403 223.3344 -32955.69)
(-20.65058 -171.9777 -32940.56)
(-20.05135 -607.1638 -32694.41)
(-19.08505 -1187.721 -32136.08)
(-17.9335 -1976.185 -31099.54)
(-15.54423 -3322.396 -27978.73)
(-12.31051 -2672.732 -23677.64)
(-9.162771 -1627.91 -20758.33)
(-5.833676 -824.9671 -19147.51)
(-2.099369 -248.4019 -18443.59)
(-2.15344 15928.13 -20016.06)
(-4.929684 15901.98 -18681.67)
(-6.211937 15872.17 -19031.8)
(-6.959013 15837.51 -19379.62)
(-7.254886 15796.23 -28775.46)
(-3.664335 7689.166 -20320.66)
(-3.571907 7033.64 -22477.57)
(-3.45125 6041.724 -24062.63)
(-3.213941 4630.686 -25409.27)
(-2.937151 2757.417 -17953.49)
(-22.99467 10962.97 -56780.04)
(-22.59414 6397.101 -31865.2)
(-22.16791 3547.268 -33001.74)
(-21.49449 1888.291 -33390.75)
(-20.77517 914.0748 -33508.7)
(-20.16328 281.634 -33526.4)
(-19.36745 -242.8436 -33490.27)
(-18.57775 -852.4659 -33379.74)
(-17.77711 -1754.418 -33083.46)
(-16.63423 -3182.738 -32303.48)
(-14.12363 -6210.757 -28402.62)
(-11.08119 -4570.712 -23102.53)
(-8.247059 -2650.374 -20152.6)
(-5.259614 -1314.13 -18708.62)
(-1.888536 -392.5729 -18109.93)
(-2.491421 26358.78 -19326.84)
(-5.549001 26337.53 -19804.08)
(-6.738646 26315.1 -20281.91)
(-7.635913 26288.84 -30308.06)
(-3.872523 13032.59 -21780.48)
(-3.714464 12615.5 -24905.93)
(-3.570818 11731.64 -27809.6)
(-3.332243 9910.582 -30827.76)
(-2.957085 6290.003 -22565.49)
(-22.68691 14392.04 -71803.06)
(-21.99649 6849.545 -36525.14)
(-21.31402 3386.301 -35643.66)
(-20.69123 1688.482 -34858.24)
(-19.89376 787.2186 -34378.33)
(-19.06535 232.6467 -34148.96)
(-18.31237 -227.9167 -34113.7)
(-17.3797 -804.5346 -34248.47)
(-16.40222 -1793.413 -34513.53)
(-15.33275 -3798.277 -34597.53)
(-12.67855 -10523.47 -29224.14)
(-9.891053 -6542.294 -21938.34)
(-7.365159 -3528.965 -19168.05)
(-4.707861 -1700.879 -18055.97)
(-1.692328 -503.2054 -17628.82)
(-2.992315 38345.57 -19737.18)
(-6.475765 38400.52 -20211.91)
(-7.751951 38467.66 -30208.03)
(-4.252185 19685.56 -21851.75)
(-4.137539 21122.12 -25723.09)
(-3.938158 23289.04 -30822.28)
(-3.677709 26461.14 -39019.79)
(-3.194375 31097.35 -33532.74)
(-22.33119 7819.548 -118681.5)
(-21.42435 3226.117 -42895.23)
(-20.56477 1461.133 -38190.8)
(-19.79435 692.7966 -36020.68)
(-19.08334 314.0386 -34997.34)
(-18.21365 90.07306 -34576.32)
(-17.296 -96.25575 -34565.06)
(-16.4024 -343.0936 -34985.95)
(-15.2963 -813.8148 -36122.76)
(-14.02151 -1930.551 -38845.16)
(-10.9948 -18080.83 -30941.9)
(-8.728474 -8275.643 -19643.12)
(-6.555465 -4113.151 -17766.3)
(-4.199454 -1931.079 -17229.43)
(-1.510194 -566.5455 -17042.64)
(-3.652411 44040.75 -16696.5)
(-7.682132 44148.09 -24221.93)
(-4.492954 22785.61 -16097.28)
(-4.862813 25055.55 -15872.72)
(-4.852994 28559.78 -14432.97)
(-4.877903 33845.15 -11270.73)
(-5.02098 41850.58 -4554.232)
(-8.818423 -19459 -7080.628)
(-7.571519 -8601.842 -14988.75)
(-5.830186 -4203.694 -16026.45)
(-3.754956 -1957.677 -16312.75)
(-1.348316 -572.4544 -16411.1)
(-4.269785 39620.16 -20693.13)
(-4.353667 20176.58 -12903.7)
(-5.05151 21270.22 -11254.85)
(-5.564623 22672.7 -8809.981)
(-5.669823 24200.43 -5744.864)
(-5.855369 25425.45 -2020.211)
(-7.352994 -13352.46 -5151.237)
(-6.556399 -7314.654 -12044.52)
(-5.185605 -3756.915 -14470.97)
(-3.377357 -1769.525 -15440.53)
(-1.211675 -518.596 -15805.33)
(-2.35211 15128.64 -11665.37)
(-4.718718 15530.23 -9606.511)
(-5.529091 15997.66 -7074.933)
(-6.162889 16430.07 -4351.799)
(-6.335682 16703.73 -1471.507)
(-6.351476 -8747.676 -4070.422)
(-5.781321 -5406.486 -10211.91)
(-4.631102 -2917.375 -13276.47)
(-3.054192 -1397.343 -14717.24)
(-1.099519 -411.4844 -15291.89)
(-2.456926 9377.872 -9067.092)
(-4.962627 9522.902 -6540.126)
(-5.860982 9648.944 -3954.213)
(-6.582747 9721.134 -1323.314)
(-5.661114 -4972.518 -3486.945)
(-5.217049 -3283.611 -9145.088)
(-4.208321 -1834.794 -12485.27)
(-2.781924 -891.3568 -14208.48)
(-1.006595 -263.6957 -14923.33)
(-2.485697 3164.496 -6388.578)
(-5.065667 3191.944 -3843.803)
(-6.025735 3207.493 -1283.12)
(-5.231196 -1615.323 -3230.647)
(-4.82196 -1098.642 -8655.292)
(-3.902352 -624.8199 -12096.37)
(-2.577423 -305.9199 -13950.2)
(-0.9301336 -90.75287 -14734.7)
(-2.447088 -3193.591 -3845.139)
(-5.025783 -3208.92 -1283.435)
(-4.989769 1616.135 -3232.214)
(-4.590833 1099.214 -8659.683)
(-3.691784 625.1517 -12102.84)
(-2.431424 306.0771 -13958.12)
(-0.8738129 90.79304 -14743.58)
(-2.336502 -9730.605 -1324.598)
(-4.897286 4979.729 -3492.013)
(-4.481341 3288.621 -9159.059)
(-3.576047 1837.728 -12505.39)
(-2.331755 892.8453 -14232.72)
(-0.8341185 264.1615 -14950.42)
(-4.963949 8768.82 -4080.301)
(-4.463283 5420.25 -10238.01)
(-3.523486 2925.189 -13312.3)
(-2.277312 1401.302 -14759.32)
(-0.8069188 412.7278 -15338.43)
(-5.224909 13397.86 -5168.816)
(-4.537847 7340.821 -12087.82)
(-3.507967 3771.131 -14526.03)
(-2.247402 1776.641 -15502.87)
(-0.7915981 520.8131 -15873.14)
(-5.665087 19544.81 -7111.922)
(-4.709495 8641.758 -15058.57)
(-3.525602 4224.372 -16105.57)
(-2.225575 1967.899 -16398.2)
(-0.7809183 575.6332 -16502.51)
(-3.351955 -695.6766 -36156.08)
(-7.448958 -315.4368 -35137.73)
(-9.212798 -90.5253 -34723.57)
(-9.880882 96.64916 -34719.43)
(-9.610835 344.6779 -35149.67)
(-8.893104 817.8028 -36300.32)
(-8.059753 1940.521 -39045.97)
(-6.246402 18179.31 -31110.53)
(-4.893447 8323.23 -19756.29)
(-3.574519 4138.141 -17874.59)
(-2.211238 1943.533 -17340.93)
(-0.7696505 570.4356 -17160.05)
(-3.004706 -791.3579 -34539.16)
(-6.731335 -234.0446 -34319.33)
(-8.319874 228.993 -34294.09)
(-8.848574 808.9448 -34439.08)
(-8.515234 1803.857 -34715.22)
(-7.776477 3821.645 -34810.61)
(-6.354478 10591.97 -29414.52)
(-4.929327 6587.308 -22089.5)
(-3.596457 3554.654 -19307.93)
(-2.207253 1714.011 -18195.88)
(-0.7585867 507.3503 -17774.46)
(-2.690889 -283.6166 -33717.17)
(-6.053497 244.1262 -33693.95)
(-7.46218 857.8563 -33594.92)
(-7.868807 1766.303 -33308.63)
(-7.510504 3205.581 -32535.71)
(-6.29135 6257.909 -28618.41)
(-4.845286 4607.459 -23288.52)
(-3.532935 2672.97 -20324.78)
(-2.185288 1326.045 -18878.71)
(-0.7498132 396.3686 -18285.57)
(-2.4036 172.9545 -33165.8)
(-5.413673 611.5012 -32933.62)
(-6.648337 1196.912 -32386.4)
(-6.958091 1992.443 -31355.88)
(-6.113203 3351.35 -28222.75)
(-4.713669 2697.424 -23896.69)
(-3.409571 1643.908 -20962.71)
(-2.116029 833.6076 -19348.49)
(-0.7344862 251.1806 -18650.44)
(-2.135757 217.8747 -32583.45)
(-4.805168 416.575 -31943.58)
(-5.872853 667.7152 -30852.13)
(-5.651386 1059.491 -28056.79)
(-4.518018 886.1433 -24157.36)
(-3.267453 553.4099 -21270.83)
(-2.016638 283.9162 -19589.21)
(-0.7038147 85.92834 -18842.54)
(-1.334313 1874.004 -15770.2)
(-4.525138 2564.192 -19336.28)
(-5.847716 2560.06 -17901.18)
(-6.330543 2553.587 -18100.2)
(-6.631108 2545.588 -18299.48)
(-7.04588 2537.05 -26950.8)
(-3.55935 1223.383 -18658.98)
(-3.482574 1089.067 -19999.81)
(-3.341069 908.2133 -20791.1)
(-3.157387 686.2418 -21420.75)
(-2.923256 433.7693 -14935.06)
(-23.33465 2171.524 -47268.61)
(-23.28693 1460.463 -27815.66)
(-22.86615 898.5046 -30160.4)
(-22.33517 512.4338 -31555.83)
(-21.91645 259.3118 -32310.63)
(-21.27288 84.32539 -32635.67)
(-20.65713 -60.83072 -32639.85)
(-20.07963 -216.3071 -32341.64)
(-19.14366 -413.2904 -31689.67)
(-18.03389 -662.0851 -30591.28)
(-15.71558 -1050.011 -27805.53)
(-12.46598 -877.7422 -23928.03)
(-9.268407 -547.8375 -21056.22)
(-5.892575 -280.8709 -19378.64)
(-2.118823 -84.94475 -18626.34)
(-1.979171 8310.828 -19562.61)
(-4.61433 8293.539 -18161.34)
(-5.868271 8275.578 -18410.94)
(-6.536511 8252.673 -18658.26)
(-6.847382 8226.072 -27555.53)
(-3.478186 3975.118 -19203.5)
(-3.373149 3559.899 -20792.62)
(-3.268757 2984.151 -21804.36)
(-3.08277 2251.864 -22614.12)
(-2.851246 1390.132 -15819.24)
(-22.58697 6562.608 -50059.31)
(-22.32378 4235.123 -29100.38)
(-22.00359 2521.347 -31122.45)
(-21.39936 1405.486 -32210.43)
(-20.7241 700.4655 -32755.62)
(-20.14554 223.4762 -32974.4)
(-19.37908 -172.0682 -32959.93)
(-18.62525 -607.5465 -32715.43)
(-17.88004 -1188.539 -32158.34)
(-16.82152 -1977.634 -31122.33)
(-14.46907 -3325.004 -28000.7)
(-11.37452 -2674.998 -23697.73)
(-8.438651 -1629.416 -20777.52)
(-5.364699 -825.7963 -19166.76)
(-1.922863 -248.6735 -18463.8)
(-2.146181 15907.18 -18685.37)
(-4.913329 15876.48 -19036.29)
(-6.190007 15842.12 -19386.06)
(-6.934896 15802.84 -28783.77)
(-3.499984 7691.772 -20327.18)
(-3.384436 7036.212 -22484.94)
(-3.250734 6044.376 -24071.3)
(-3.078225 4632.583 -25419.15)
(-2.807095 2758.595 -17960.56)
(-22.10347 10968 -56804.26)
(-21.66289 6400.081 -31878.99)
(-21.12747 3549.059 -33017)
(-20.59027 1889.252 -33406.94)
(-19.84294 914.5887 -33525.52)
(-19.04758 281.8146 -33544.12)
(-18.32542 -242.9701 -33509.27)
(-17.43251 -852.9647 -33399.45)
(-16.52296 -1755.54 -33104.73)
(-15.58195 -3184.939 -32325.86)
(-13.24041 -6215.319 -28423.46)
(-10.31304 -4574.303 -23120.7)
(-7.621705 -2652.622 -20169.73)
(-4.844436 -1315.346 -18725.93)
(-1.736569 -392.9677 -18128.15)
(-2.482283 26346.07 -19808.71)
(-5.529224 26322.39 -20287.17)
(-6.717399 26297.41 -30316.03)
(-3.682634 13037.38 -21787.91)
(-3.566577 12620.06 -24913.9)
(-3.366518 11736 -27819.04)
(-3.149088 9914.672 -30839.42)
(-2.834535 6292.52 -22574.32)
(-21.6779 14398.28 -71832.04)
(-21.1393 6852.644 -36540.88)
(-20.43078 3387.878 -35659.25)
(-19.72728 1689.332 -34874.42)
(-19.05127 787.6226 -34395.02)
(-18.20336 232.7875 -34166.15)
(-17.30497 -228.0242 -34131.77)
(-16.43955 -804.9845 -34267.89)
(-15.3904 -1794.475 -34533.97)
(-14.26009 -3800.717 -34619.78)
(-11.87435 -10530.75 -29244.37)
(-9.266322 -6547.103 -21954.46)
(-6.853538 -3531.738 -19183.15)
(-4.351657 -1702.322 -18071.33)
(-1.558859 -503.6714 -17645.13)
(-2.981914 38412.32 -20217.16)
(-6.454108 38477.6 -30216.15)
(-3.75436 19692.96 -21858.17)
(-3.951115 21129.19 -25731.63)
(-3.770511 23297.55 -30832.6)
(-3.471414 26470.66 -39033.48)
(-3.025269 31109.64 -33545.77)
(-21.37278 7822.682 -118728.3)
(-20.4752 3227.517 -42912.84)
(-19.75851 1461.793 -38207.23)
(-18.97146 693.1198 -36036.48)
(-18.19951 314.1981 -35013.59)
(-17.43782 90.12146 -34593.1)
(-16.5093 -96.29956 -34582.48)
(-15.50426 -343.2732 -35004.51)
(-14.46455 -814.2738 -36143.22)
(-13.15639 -1931.697 -38868.2)
(-10.24018 -18092.46 -30961.8)
(-8.173734 -8281.376 -19656.71)
(-6.138051 -4116.178 -17779.37)
(-3.907224 -1932.597 -17243.02)
(-1.396123 -567.0265 -17057.16)
(-3.642449 44161.07 -24229.11)
(-3.745782 22791.43 -16101.33)
(-4.301609 25064.75 -15877.98)
(-4.660365 28569.27 -14437.69)
(-4.673493 33857.42 -11274.57)
(-4.751788 41865.53 -4555.828)
(-8.275272 -19470.55 -7084.855)
(-7.062145 -8607.372 -14998.4)
(-5.4595 -4206.61 -16037.52)
(-3.514462 -1959.12 -16324.75)
(-1.254355 -572.9044 -16424.05)
(-2.088921 20182.4 -12907.67)
(-4.216068 21275.69 -11257.68)
(-4.928369 22680.94 -8813.079)
(-5.46467 24208.53 -5746.712)
(-5.615017 25434.78 -2020.93)
(-6.941899 -13360 -5154.156)
(-6.153428 -7318.986 -12051.73)
(-4.841546 -3759.329 -14480.3)
(-3.162785 -1770.754 -15451.19)
(-1.133753 -518.979 -15816.96)
(-2.27875 15534.66 -9609.746)
(-4.621624 16001.76 -7076.669)
(-5.457821 16436.08 -4353.418)
(-6.121996 16709.38 -1471.983)
(-6.008602 -8752.319 -4072.596)
(-5.455607 -5409.531 -10217.7)
(-4.347137 -2919.093 -13284.45)
(-2.853699 -1398.24 -14726.73)
(-1.029772 -411.7713 -15302.45)
(-2.40126 9525.532 -6542.443)
(-4.900023 9651.396 -3955.175)
(-5.827427 9724.708 -1323.83)
(-5.39076 -4975.027 -3488.713)
(-4.935144 -3285.347 -9149.977)
(-3.969796 -1835.819 -12492.36)
(-2.611749 -891.8735 -14217.03)
(-0.9410785 -263.8645 -14932.95)
(-2.449964 3192.773 -3845.144)
(-5.034991 3208.231 -1283.439)
(-4.991181 -1616.103 -3232.213)
(-4.590546 -1099.194 -8659.682)
(-3.69113 -625.1428 -12102.84)
(-2.430659 -306.0842 -13958.12)
(-0.8733656 -90.80145 -14743.58)
(-2.429121 -3209.876 -1283.884)
(-4.755386 1616.847 -3233.704)
(-4.378568 1099.749 -8663.881)
(-3.513916 625.4705 -12108.98)
(-2.299552 306.2465 -13965.59)
(-0.8238719 90.84758 -14751.96)
(-4.680379 4981.875 -3493.546)
(-4.269256 3290.11 -9163.278)
(-3.409673 1838.621 -12511.45)
(-2.219085 893.2986 -14239.94)
(-0.7887762 264.3044 -14958.43)
(-4.779852 8772.431 -4082.01)
(-4.264566 5422.597 -10242.51)
(-3.355842 2926.519 -13318.43)
(-2.170848 1401.982 -14766.48)
(-0.7678528 412.9371 -15346.22)
(-5.026711 13403.36 -5170.927)
(-4.371061 7343.85 -12092.88)
(-3.351371 3772.765 -14532.4)
(-2.140047 1777.45 -15510.01)
(-0.7544493 521.0657 -15880.84)
(-5.375402 19552.4 -7114.682)
(-4.531647 8645.302 -15064.72)
(-3.396231 4226.116 -16112.32)
(-2.126076 1968.752 -16405.39)
(-0.7434742 575.8956 -16510.11)
(-3.013611 -315.5259 -35144.24)
(-6.738379 -90.55993 -34731.45)
(-8.316617 96.66874 -34729.49)
(-8.828759 344.784 -35160.76)
(-8.462909 818.0717 -36312.36)
(-7.646243 1941.183 -39059.28)
(-5.886274 18185.95 -31121.92)
(-4.64371 8326.461 -19763.96)
(-3.43911 4139.837 -17881.88)
(-2.130094 1944.336 -17348.2)
(-0.7351849 570.6831 -17167.58)
(-2.696509 -234.1366 -34325.34)
(-6.051946 229.0219 -34301.81)
(-7.440482 809.1598 -34448.96)
(-7.811076 1804.417 -34726.13)
(-7.389931 3822.905 -34822.14)
(-6.025121 10595.59 -29424.57)
(-4.647818 6589.714 -22097.59)
(-3.413785 3556.034 -19315.42)
(-2.12338 1714.713 -18203.29)
(-0.7307973 507.56 -17781.92)
(-2.403892 244.1228 -33699.57)
(-5.40124 858.029 -33602.43)
(-6.610354 1766.788 -33318.1)
(-6.880165 3206.579 -32545.91)
(-5.966162 6259.974 -28627.87)
(-4.592133 4609.03 -23296.5)
(-3.332597 2673.946 -20332.23)
(-2.074655 1326.56 -18886.03)
(-0.7213114 396.5308 -18293.01)
(-2.133293 611.5715 -32938.91)
(-4.790774 1197.166 -32393.59)
(-5.839991 1992.994 -31364.74)
(-5.588942 3352.394 -28231.57)
(-4.461217 2698.313 -23904.57)
(-3.230346 1644.469 -20969.91)
(-1.996612 833.9115 -19355.58)
(-0.6973496 251.2781 -18657.67)
(-1.88052 416.6307 -31948.54)
(-4.214896 667.8592 -30858.94)
(-4.736615 1059.785 -28064.66)
(-4.121999 886.4192 -24164.86)
(-3.087756 553.5923 -21277.84)
(-1.910173 284.013 -19595.96)
(-0.6641917 85.95966 -18849.45)
(-1.823982 2565.744 -19339.08)
(-4.508241 2559.597 -17906.99)
(-5.825083 2554.446 -18105.76)
(-6.309997 2546.995 -18304.22)
(-6.609863 2538.033 -26959.35)
(-3.395247 1223.753 -18665.25)
(-3.294281 1089.506 -20006.68)
(-3.189323 908.6302 -20798.88)
(-3.019748 686.5653 -21429.01)
(-2.811144 433.9734 -14941.22)
(-22.3851 2172.534 -47288.37)
(-22.18072 1461.212 -27828.27)
(-21.91242 898.9582 -30174.97)
(-21.34466 512.7207 -31571.54)
(-20.69397 259.4665 -32327.62)
(-20.13477 84.37888 -32654.19)
(-19.38537 -60.86247 -32659.04)
(-18.65149 -216.4433 -32362.42)
(-17.93492 -413.5749 -31711.62)
(-16.91585 -662.5706 -30613.7)
(-14.62868 -1050.835 -27827.36)
(-11.51795 -878.4865 -23948.33)
(-8.535828 -548.3441 -21075.68)
(-5.41894 -281.1532 -19398.12)
(-1.940701 -85.03763 -18646.75)
(-1.971102 8296.813 -18165.37)
(-4.598177 8276.546 -18415.04)
(-5.848535 8255.557 -18663.99)
(-6.513847 8229.661 -27563.67)
(-3.299464 3976.5 -19209.75)
(-3.213493 3561.113 -20799.48)
(-3.084565 2985.454 -21811.94)
(-2.942948 2252.838 -22622.75)
(-2.726831 1390.73 -15825.46)
(-21.71159 6565.647 -50080.24)
(-21.40618 4237.097 -29112.88)
(-20.96954 2522.628 -31136.76)
(-20.49962 1406.2 -32226.03)
(-19.79549 700.8606 -32772.02)
(-19.03022 223.6195 -32991.8)
(-18.33626 -172.1569 -32978.63)
(-17.47719 -607.9012 -32734.74)
(-16.6184 -1189.299 -32179.02)
(-15.75734 -1979.001 -31143.89)
(-13.56496 -3327.446 -28021.24)
(-10.58631 -2677.1 -23716.37)
(-7.798442 -1630.798 -20795.18)
(-4.941094 -826.5604 -19184.49)
(-1.768185 -248.9235 -18482.37)
(-2.138673 15881.68 -19040.1)
(-4.896485 15846.41 -19390.67)
(-6.167753 15807.45 -28793.21)
(-3.338522 7694.896 -20333.21)
(-3.229679 7038.649 -22492.2)
(-3.079031 6046.587 -24079.3)
(-2.904888 4634.579 -25428.39)
(-2.686261 2759.72 -17967.54)
(-21.12819 10972.73 -56826.79)
(-20.81761 6403.004 -31892.61)
(-20.25336 3550.713 -33031.37)
(-19.63051 1890.207 -33422.4)
(-19.00286 915.0575 -33541.77)
(-18.18708 281.9853 -33560.98)
(-17.31701 -243.0825 -33527.01)
(-16.48945 -853.4408 -33418.38)
(-15.50369 -1756.579 -33124.32)
(-14.49112 -3186.984 -32346.65)
(-12.40053 -6219.622 -28443.14)
(-9.662801 -4577.665 -23137.69)
(-7.092585 -2654.706 -20185.62)
(-4.477614 -1316.462 -18741.86)
(-1.599546 -393.3314 -18144.92)
(-2.472909 26330.9 -20291.92)
(-5.508975 26304.68 -30323.88)
(-3.243103 13041.72 -21793.97)
(-3.389205 12624.58 -24922.16)
(-3.223227 11740.23 -27828.13)
(-2.973011 9918.311 -30849.99)
(-2.681839 6295.084 -22582.87)
(-20.74211 14404.07 -71860.14)
(-20.20535 6855.612 -36555.72)
(-19.62908 3389.415 -35674.55)
(-18.90766 1690.12 -34889.69)
(-18.16879 788.0235 -34410.96)
(-17.42806 232.9123 -34182.72)
(-16.51809 -228.1268 -34148.96)
(-15.5393 -805.4051 -34286.06)
(-14.55359 -1795.487 -34553.53)
(-13.38014 -3802.973 -34640.32)
(-11.05532 -10537.53 -29263.18)
(-8.677237 -6551.637 -21969.65)
(-6.418152 -3534.336 -19197.26)
(-4.049081 -1703.66 -18085.59)
(-1.440991 -504.0989 -17660.15)
(-2.971294 38489.39 -30223.98)
(-3.111163 19698.06 -21863.97)
(-3.486571 21136.86 -25739.53)
(-3.594524 23305.34 -30842.77)
(-3.317864 26480.19 -39046.76)
(-2.859293 31120.74 -33557.57)
(-20.24452 7825.854 -118774.3)
(-19.58344 3228.816 -42929.66)
(-18.88847 1462.427 -38222.81)
(-18.22273 693.4346 -36051.91)
(-17.44122 314.3458 -35028.95)
(-16.63413 90.17066 -34609.13)
(-15.80234 -96.34367 -34599.25)
(-14.79535 -343.444 -35022.16)
(-13.67559 -814.7052 -36162.41)
(-12.43724 -1932.789 -38890.21)
(-9.608688 -18103.2 -30980.21)
(-7.619921 -8286.7 -19669.36)
(-5.747483 -4119.031 -17791.65)
(-3.657606 -1934.02 -17255.71)
(-1.298928 -567.4722 -17070.62)
(-1.769567 22798.03 -16105.99)
(-3.570533 25071.2 -15882.02)
(-4.120959 28579.48 -14442.43)
(-4.484325 33868.67 -11278.27)
(-4.551456 41880.54 -4557.385)
(-7.815344 -19481.56 -7088.867)
(-6.627393 -8612.477 -15007.36)
(-5.094766 -4209.313 -16047.85)
(-3.290886 -1960.479 -16336.03)
(-1.173904 -573.3269 -16436.15)
(-2.013405 21281.7 -11261.1)
(-4.103517 22686.78 -8815.304)
(-4.838599 24217.22 -5748.716)
(-5.41053 25443.29 -2021.581)
(-6.567341 -13367.1 -5156.905)
(-5.80835 -7323.115 -12058.56)
(-4.544114 -3761.552 -14488.99)
(-2.953724 -1771.892 -15461.15)
(-1.061707 -519.3398 -15827.88)
(-2.222725 16006.25 -7079.02)
(-4.555254 16440.3 -4354.49)
(-5.421436 16715.46 -1472.529)
(-5.72299 -8756.738 -4074.659)
(-5.161308 -5412.399 -10223.16)
(-4.10174 -2920.733 -13291.99)
(-2.678769 -1399.061 -14735.58)
(-0.9622719 -412.0355 -15312.31)
(-2.364236 9654.049 -3956.563)
(-4.868598 9727.177 -1324.153)
(-5.145379 -4977.436 -3490.403)
(-4.699095 -3287.004 -9154.617)
(-3.755422 -1836.788 -12499.04)
(-2.463576 -892.3702 -14225.1)
(-0.8835168 -264.0171 -14941.94)
(-2.432062 3209.065 -1283.887)
(-4.758795 -1616.879 -3233.705)
(-4.37973 -1099.725 -8663.879)
(-3.513724 -625.4563 -12108.98)
(-2.299168 -306.2415 -13965.59)
(-0.8236205 -90.84991 -14751.96)
(-4.546386 1617.52 -3235.125)
(-4.173133 1100.23 -8667.875)
(-3.351351 625.7749 -12114.85)
(-2.188635 306.403 -13972.68)
(-0.7792049 90.89802 -14759.86)
(-4.503464 4983.904 -3495.013)
(-4.080474 3291.523 -9167.302)
(-3.248678 1839.45 -12517.21)
(-2.115823 893.7321 -14246.84)
(-0.7506375 264.4386 -14966.02)
(-4.594728 8776.034 -4083.675)
(-4.105224 5424.824 -10246.8)
(-3.206851 2927.782 -13324.27)
(-2.067813 1402.618 -14773.28)
(-0.7319552 413.1374 -15353.66)
(-4.77287 13408.56 -5172.933)
(-4.203364 7346.864 -12097.81)
(-3.226857 3774.318 -14538.49)
(-2.044771 1778.218 -15516.82)
(-0.7184671 521.3027 -15888.15)
(-5.069598 19559.54 -7117.288)
(-4.302176 8648.659 -15070.57)
(-3.266201 4227.848 -16118.88)
(-2.04734 1969.564 -16412.27)
(-0.7102889 576.145 -16517.36)
(-2.70009 -90.59574 -34737.55)
(-6.050483 96.68173 -34737.32)
(-7.424198 344.8761 -35170.85)
(-7.763046 818.326 -36323.78)
(-7.265356 1941.824 -39072.21)
(-5.580112 18192.16 -31132.56)
(-4.380033 8329.501 -19771.2)
(-3.265246 4141.444 -17888.82)
(-2.048562 1945.132 -17355.26)
(-0.7080675 570.9186 -17174.78)
(-2.403933 229.0231 -34307.54)
(-5.386268 809.3246 -34456.66)
(-6.562135 1804.915 -34736.01)
(-6.769324 3824.096 -34833.05)
(-5.711494 10599.09 -29434.3)
(-4.404467 6591.961 -22105.16)
(-3.220894 3557.331 -19322.5)
(-2.016209 1715.379 -18210.35)
(-0.7028771 507.7678 -17789.15)
(-2.128727 858.1303 -33607.82)
(-4.763636 1767.165 -33325.5)
(-5.774646 3207.469 -32555.1)
(-5.453704 6261.926 -28636.81)
(-4.345038 4610.551 -23304.19)
(-3.157198 2674.857 -20339.22)
(-1.957826 1327.043 -18892.95)
(-0.68491 396.6846 -18300.1)
(-1.874951 1197.327 -32398.62)
(-4.191203 1993.425 -31371.67)
(-4.684158 3353.327 -28239.48)
(-4.06981 2699.154 -23911.99)
(-3.052301 1645.011 -20976.82)
(-1.891143 834.1957 -19362.25)
(-0.6581312 251.3697 -18664.51)
(-1.639215 667.9521 -30863.61)
(-3.378793 1060.015 -28070.81)
(-3.449183 886.6652 -24171.55)
(-2.812444 553.7645 -21284.41)
(-1.803139 284.1065 -19602.41)
(-0.6290399 85.98895 -18855.95)
(-1.818745 2561.121 -17909.67)
(-4.491195 2554.019 -18111.53)
(-5.802394 2547.853 -18309.85)
(-6.289091 2539.425 -26966.43)
(-3.191387 1224.212 -18671.2)
(-3.138817 1089.855 -20013.38)
(-3.01654 909.0077 -20806.08)
(-2.883397 686.872 -21437.07)
(-2.688341 434.1703 -14946.99)
(-21.51606 2173.542 -47307.97)
(-21.27071 1461.893 -27840.19)
(-20.88178 899.4162 -30188.79)
(-20.44751 512.9808 -31586.81)
(-19.76755 259.6131 -32343.79)
(-19.01969 84.433 -32671.42)
(-18.3421 -60.89361 -32677.56)
(-17.50187 -216.5695 -32381.51)
(-16.6693 -413.8392 -31732.01)
(-15.84566 -663.0284 -30634.9)
(-13.71491 -1051.607 -27847.78)
(-10.71994 -879.1766 -23967.17)
(-7.888088 -548.8093 -21093.6)
(-4.990988 -281.4133 -19416.06)
(-1.784612 -85.12313 -18665.51)
(-1.963017 8279.8 -18419.09)
(-4.581711 8256.549 -18668.24)
(-5.828335 8232.53 -27572.16)
(-3.136314 3978.204 -19215.43)
(-3.048027 3562.355 -20806.24)
(-2.933406 2986.493 -21819.19)
(-2.780225 2253.813 -22630.71)
(-2.605059 1391.319 -15831.51)
(-20.75936 6568.482 -50099.99)
(-20.5704 4239.044 -29125.22)
(-20.10333 2523.804 -31150.26)
(-19.54347 1406.914 -32240.89)
(-18.95768 701.2194 -32787.9)
(-18.17121 223.7551 -33008.37)
(-17.32696 -172.235 -32996.07)
(-16.53164 -608.24 -32753.29)
(-15.59326 -1190.003 -32198.06)
(-14.65374 -1980.272 -31163.91)
(-12.70445 -3329.749 -28040.64)
(-9.919533 -2679.067 -23733.79)
(-7.257256 -1632.08 -20811.56)
(-4.566766 -827.2618 -19200.81)
(-1.628624 -249.1539 -18499.46)
(-2.130921 15851.59 -19394.61)
(-4.879156 15811.73 -28800.11)
(-2.965322 7697.235 -20339.74)
(-3.070582 7041.397 -22499.08)
(-2.934541 6048.707 -24087.14)
(-2.750884 4636.271 -25436.92)
(-2.539885 2760.89 -17974.1)
(-20.20446 10977.18 -56848.87)
(-19.90176 6405.77 -31905.44)
(-19.45799 3552.333 -33045.47)
(-18.81565 1891.09 -33436.99)
(-18.12236 915.5247 -33557.3)
(-17.41262 282.1361 -33577.25)
(-16.52996 -243.19 -33543.88)
(-15.58633 -853.8855 -33436.1)
(-14.66078 -1757.569 -33143.09)
(-13.59683 -3188.875 -32365.83)
(-11.54306 -6223.62 -28461.43)
(-9.0484 -4580.835 -23153.69)
(-6.642751 -2656.659 -20200.46)
(-4.166461 -1317.497 -18756.64)
(-1.478511 -393.6653 -18160.37)
(-2.463298 26313.16 -30330.99)
(-2.645684 13045.27 -21799.6)
(-2.985815 12628.87 -24929.54)
(-3.057213 11744.36 -27837.24)
(-2.838538 9921.878 -30860.21)
(-2.535233 6297.374 -22590.64)
(-19.64306 14409.96 -71887.37)
(-19.32196 6858.378 -36570)
(-18.76605 3390.883 -35689.03)
(-18.16115 1690.89 -34904.61)
(-17.41203 788.394 -34426.04)
(-16.62476 233.0395 -34198.55)
(-15.81081 -228.2308 -34165.52)
(-14.82894 -805.8052 -34303.34)
(-13.75974 -1796.438 -34571.87)
(-12.64905 -3805.122 -34659.93)
(-10.37314 -10543.78 -29280.58)
(-8.086443 -6555.849 -21983.79)
(-6.009554 -3536.785 -19210.53)
(-3.79092 -1704.915 -18098.9)
(-1.34075 -504.4952 -17674.09)
(-1.428727 19703.96 -21869.59)
(-2.865019 21142.35 -25746.27)
(-3.168747 23313.58 -30852.53)
(-3.153768 26489.01 -39059.62)
(-2.725026 31131.8 -33569.09)
(-19.1522 7828.697 -118816.1)
(-18.5536 3230.132 -42946)
(-18.05696 1463.017 -38237.74)
(-17.42378 693.7356 -36066.57)
(-16.74904 314.49 -35043.91)
(-15.93949 90.2152 -34624.33)
(-15.07704 -96.38431 -34615.27)
(-14.15856 -343.609 -35039.13)
(-13.04711 -815.1154 -36180.66)
(-11.76115 -1933.815 -38910.87)
(-9.077912 -18113.44 -30997.74)
(-7.150268 -8291.619 -19681.1)
(-5.361312 -4121.678 -17803.11)
(-3.424707 -1935.361 -17267.63)
(-1.215811 -567.8904 -17083.19)
(-1.677109 25078.26 -15886.45)
(-3.406741 28586.87 -14446.13)
(-3.963757 33880.53 -11281.96)
(-4.364849 41894.43 -4558.879)
(-7.393442 -19491.91 -7092.645)
(-6.257329 -8617.34 -15015.87)
(-4.781289 -4211.807 -16057.47)
(-3.072033 -1961.739 -16346.55)
(-1.099205 -573.725 -16447.5)
(-1.952159 22693.09 -8817.939)
(-4.021676 24223.47 -5750.171)
(-4.790035 25452.36 -2022.283)
(-6.256841 -13373.85 -5159.516)
(-5.495331 -7327.003 -12065)
(-4.288576 -3763.671 -14497.2)
(-2.772332 -1772.938 -15470.44)
(-0.9916592 -519.6733 -15838.09)
(-2.184699 16444.86 -4355.923)
(-4.521442 16719.75 -1472.892)
(-5.464633 -8760.98 -4076.633)
(-4.915417 -5415.132 -10228.34)
(-3.880643 -2922.281 -13299.09)
(-2.527339 -1399.846 -14743.95)
(-0.9032943 -412.2771 -15321.53)
(-2.345729 9729.844 -1324.616)
(-4.907674 -4979.762 -3492.015)
(-4.484848 -3288.596 -9159.053)
(-3.575468 -1837.714 -12505.38)
(-2.330607 -892.8403 -14232.71)
(-0.8333678 -264.1638 -14950.42)
(-4.551181 -1617.626 -3235.128)
(-4.175924 -1100.257 -8667.877)
(-3.352176 -625.7583 -12114.85)
(-2.188528 -306.3948 -13972.68)
(-0.7790788 -90.89641 -14759.86)
(-4.37157 1618.139 -3236.487)
(-3.989866 1100.683 -8671.686)
(-3.194338 626.0455 -12120.44)
(-2.08733 306.552 -13979.45)
(-0.7415971 90.94455 -14767.35)
(-4.325598 4985.958 -3496.436)
(-3.925522 3292.857 -9171.153)
(-3.105284 1840.236 -12522.71)
(-2.016097 894.1337 -14253.41)
(-0.7157034 264.567 -14973.28)
(-4.365576 8779.442 -4085.259)
(-3.945078 5427.053 -10250.97)
(-3.086094 2928.98 -13329.87)
(-1.976191 1403.221 -14779.77)
(-0.6972583 413.3246 -15360.73)
(-4.504936 13413.46 -5174.829)
(-3.992482 7349.716 -12102.5)
(-3.101758 3775.866 -14544.42)
(-1.968234 1778.949 -15523.33)
(-0.6865229 521.5279 -15895.13)
(-4.803816 19566.21 -7119.73)
(-4.059937 8651.815 -15076.09)
(-3.102099 4229.489 -16125.14)
(-1.968253 1970.371 -16418.95)
(-0.6838661 576.3823 -16524.29)
(-2.403769 96.68337 -34743.13)
(-5.374929 344.9468 -35178.71)
(-6.521943 818.552 -36334.1)
(-6.654717 1942.429 -39084.45)
(-5.285608 18198.17 -31142.85)
(-4.149949 8332.34 -19777.98)
(-3.08169 4142.954 -17895.37)
(-1.945603 1945.887 -17361.99)
(-0.6808302 571.1524 -17181.77)
(-2.123159 809.4229 -34462.19)
(-4.729048 1805.301 -34743.72)
(-5.681604 3825.16 -34842.89)
(-5.219351 10602.39 -29443.49)
(-4.165588 6594.136 -22112.46)
(-3.051037 3558.543 -19329.15)
(-1.903053 1716.004 -18217.03)
(-0.6675096 507.9648 -17796.05)
(-1.864413 1767.405 -33330.67)
(-4.144005 3208.163 -32562.29)
(-4.570506 6263.67 -28644.83)
(-3.963045 4611.987 -23311.42)
(-2.982395 2675.739 -20345.92)
(-1.854284 1327.495 -18899.46)
(-0.6464724 396.8292 -18306.81)
(-1.629918 1993.703 -31376.4)
(-3.34079 3354.055 -28245.66)
(-3.405371 2699.903 -23918.62)
(-2.779899 1645.522 -20983.29)
(-1.784959 834.4704 -19368.62)
(-0.6232807 251.4553 -18670.95)
(-1.301744 1060.165 -28074.9)
(-2.444773 886.8573 -24176.79)
(-2.350265 553.9177 -21290.24)
(-1.640539 284.1948 -19608.43)
(-0.5934678 86.01725 -18862.14)
(-1.813279 2555.516 -18114.32)
(-4.474001 2547.457 -18315.58)
(-5.779645 2540.28 -26974.72)
(-3.032917 1224.834 -18676.25)
(-2.957746 1090.252 -20019.8)
(-2.87048 909.3105 -20813.04)
(-2.727873 687.1608 -21444.54)
(-2.567973 434.3583 -14952.64)
(-20.57435 2174.489 -47326.42)
(-20.43965 1462.567 -27851.92)
(-20.02006 899.8358 -30201.85)
(-19.49337 513.2417 -31601.35)
(-18.93107 259.7459 -32359.45)
(-18.16159 84.48421 -32687.81)
(-17.3323 -60.92091 -32694.84)
(-16.55494 -216.6901 -32399.86)
(-15.64103 -414.0839 -31750.78)
(-14.73564 -663.4538 -30654.59)
(-12.84487 -1052.335 -27867.05)
(-10.04507 -879.8228 -23984.77)
(-7.34078 -549.2405 -21110.21)
(-4.612789 -281.6522 -19432.58)
(-1.643735 -85.20191 -18682.77)
(-1.954911 8259.782 -18672.3)
(-4.564937 8233.542 -27578.58)
(-2.805726 3979.557 -19221.37)
(-2.89104 3563.832 -20812.42)
(-2.781956 2987.539 -21826.28)
(-2.640087 2254.608 -22638.26)
(-2.46428 1391.913 -15837.11)
(-19.84052 6571.186 -50119.2)
(-19.66864 4240.876 -29136.87)
(-19.31342 2524.961 -31163.5)
(-18.73295 1407.571 -32254.93)
(-18.07898 701.5785 -32803.04)
(-17.39757 223.8744 -33024.36)
(-16.53983 -172.3097 -33012.67)
(-15.62608 -608.5562 -32770.64)
(-14.7455 -1190.673 -32216.29)
(-13.74935 -1981.447 -31182.39)
(-11.82481 -3331.89 -28058.67)
(-9.288736 -2680.922 -23750.21)
(-6.797454 -1633.28 -20826.86)
(-4.249538 -827.9121 -19215.95)
(-1.505329 -249.3654 -18515.22)
(-2.122928 15816.89 -28806.04)
(-2.346072 7699.27 -20344.71)
(-2.720989 7043.631 -22506.15)
(-2.780694 6050.999 -24094.6)
(-2.617642 4637.908 -25445.25)
(-2.40489 2761.896 -17980.15)
(-19.13101 10981.74 -56869.74)
(-19.02561 6408.371 -31917.85)
(-18.60447 3553.87 -33058.82)
(-18.07242 1891.954 -33451.25)
(-17.36792 915.9556 -33571.98)
(-16.60991 282.2902 -33592.78)
(-15.82227 -243.2999 -33560.14)
(-14.87405 -854.3086 -33452.94)
(-13.86104 -1758.499 -33160.68)
(-12.85414 -3190.676 -32384.16)
(-10.83052 -6227.317 -28478.35)
(-8.43043 -4583.78 -23168.59)
(-6.219718 -2658.499 -20214.42)
(-3.901211 -1318.467 -18770.45)
(-1.375719 -393.9748 -18174.7)
(-1.179943 13049.37 -21804.73)
(-2.413291 12632.24 -24935.96)
(-2.691048 11748.37 -27845.77)
(-2.683814 9925.313 -30870.25)
(-2.412533 6299.628 -22598.17)
(-18.58754 14415.21 -71912.17)
(-18.30448 6861.19 -36583.76)
(-17.93802 3392.255 -35702.94)
(-17.36557 1691.623 -34918.77)
(-16.72086 788.7564 -34440.73)
(-15.93064 233.1545 -34213.56)
(-15.08511 -228.3262 -34181.33)
(-14.19077 -806.192 -34319.97)
(-13.12754 -1797.342 -34589.31)
(-11.96143 -3807.142 -34678.34)
(-9.801663 -10549.74 -29297.15)
(-7.587627 -6559.742 -21996.9)
(-5.604024 -3539.058 -19222.9)
(-3.549378 -1706.097 -18111.4)
(-1.255117 -504.8668 -17687.1)
(-1.307461 21148.43 -25752.82)
(-2.579766 23319.64 -30860.56)
(-2.775262 26498.19 -39072.23)
(-2.575659 31142.13 -33580.14)
(-18.18539 7831.501 -118857.1)
(-17.55779 3231.307 -42960.99)
(-17.11144 1463.616 -38252.14)
(-16.65056 694.0167 -36080.63)
(-16.01705 314.6275 -35058.13)
(-15.30392 90.25916 -34639.09)
(-14.44603 -96.42435 -34630.48)
(-13.51093 -343.766 -35055.35)
(-12.48269 -815.5095 -36198.19)
(-11.21779 -1934.791 -38930.51)
(-8.587102 -18123.06 -31014.23)
(-6.752475 -8296.303 -19692.25)
(-5.031033 -4124.123 -17813.77)
(-3.195802 -1936.605 -17278.76)
(-1.138368 -568.2843 -17094.99)
(-1.592325 28594.72 -14450.05)
(-3.265541 33889.3 -11284.86)
(-3.857024 41908.89 -4560.372)
(-7.04594 -19501.76 -7096.233)
(-5.920234 -8621.918 -15023.87)
(-4.51333 -4214.182 -16066.58)
(-2.883087 -1962.9 -16356.37)
(-1.026268 -574.0936 -16458.1)
(-1.908001 24230.12 -5751.866)
(-3.97752 25458.93 -2022.796)
(-5.976736 -13380.33 -5162.016)
(-5.234637 -7330.704 -12071.11)
(-4.057704 -3765.668 -14504.95)
(-2.616135 -1773.935 -15479.21)
(-0.9307715 -519.9798 -15847.61)
(-2.165417 16724.37 -1473.374)
(-5.2138 -8765.052 -4078.517)
(-4.692938 -5417.755 -10233.3)
(-3.695314 -2923.756 -13305.84)
(-2.391183 -1400.587 -14751.83)
(-0.8521951 -412.5081 -15330.22)
(-4.695033 -4981.986 -3493.553)
(-4.277686 -3290.137 -9163.283)
(-3.412145 -1838.604 -12511.44)
(-2.218764 -893.2904 -14239.94)
(-0.7883997 -264.3028 -14958.43)
(-4.373568 -1618.366 -3236.492)
(-3.993753 -1100.77 -8671.691)
(-3.196302 -626.0643 -12120.44)
(-2.087813 -306.5427 -13979.45)
(-0.7415631 -90.94186 -14767.35)
(-4.195768 1618.819 -3237.803)
(-3.836037 1101.098 -8675.336)
(-3.054185 626.2987 -12125.77)
(-1.989651 306.6831 -13985.9)
(-0.7072612 90.98877 -14774.51)
(-4.112513 4987.894 -3497.792)
(-3.769807 3294.215 -9174.886)
(-2.986738 1840.976 -12527.98)
(-1.927228 894.5137 -14259.68)
(-0.6820014 264.6856 -14980.18)
(-4.123731 8782.638 -4086.757)
(-3.749157 5429.159 -10254.95)
(-2.964803 2930.183 -13335.29)
(-1.901353 1403.793 -14785.98)
(-0.6663949 413.5021 -15367.48)
(-4.267013 13418.02 -5176.608)
(-3.769909 7352.394 -12106.94)
(-2.947081 3777.332 -14550.05)
(-1.891381 1779.678 -15529.65)
(-0.6607304 521.7417 -15901.81)
(-4.542318 19572.67 -7122.079)
(-3.845675 8654.76 -15081.27)
(-2.928887 4231.03 -16131.05)
(-1.869867 1971.135 -16425.32)
(-0.6573345 576.6184 -16531.01)
(-2.118893 344.9895 -35184.35)
(-4.700103 818.7279 -36342.17)
(-5.585304 1942.97 -39095.47)
(-4.827193 18203.85 -31152.57)
(-3.922117 8335.089 -19784.5)
(-2.918725 4144.364 -17901.53)
(-1.836917 1946.596 -17368.35)
(-0.6467089 571.374 -17188.43)
(-1.850918 1805.55 -34749.1)
(-4.076636 3825.99 -34850.58)
(-4.373455 10605.35 -29451.74)
(-3.798096 6596.19 -22119.32)
(-2.880912 3559.716 -19335.51)
(-1.802227 1716.588 -18223.31)
(-0.6301698 508.1498 -17802.57)
(-1.611354 3208.615 -32567.2)
(-3.258348 6265.033 -28651.11)
(-3.315737 4613.268 -23317.88)
(-2.715731 2676.571 -20352.2)
(-1.74974 1327.933 -18905.67)
(-0.6122009 396.9643 -18313.12)
(-1.286746 3354.531 -28249.78)
(-2.413086 2700.488 -23923.8)
(-2.322984 1645.978 -20989.05)
(-1.623867 834.7297 -19374.57)
(-0.5879663 251.5381 -18677.08)
(-0.9328334 886.9821 -24180.16)
(-1.657803 554.0373 -21294.8)
(-1.369679 284.2732 -19613.77)
(-0.5396506 86.04396 -18867.93)
(-1.807589 2548.93 -18318.48)
(-4.456655 2539.912 -26983.01)
(-2.770047 1225.246 -18682)
(-2.803916 1090.758 -20025.42)
(-2.709616 909.6369 -20819.75)
(-2.592098 687.3955 -21451.72)
(-2.430798 434.5411 -14957.86)
(-19.65924 2175.392 -47344.39)
(-19.54514 1463.201 -27863.02)
(-19.23313 900.2489 -30214.65)
(-18.68539 513.4817 -31615.1)
(-18.05342 259.8791 -32374.38)
(-17.38844 84.52922 -32703.64)
(-16.54516 -60.94701 -32711.27)
(-15.64803 -216.8025 -32417.03)
(-14.79068 -414.3169 -31768.76)
(-13.82617 -663.8474 -30672.77)
(-11.955 -1053.011 -27884.98)
(-9.406252 -880.432 -24001.36)
(-6.875917 -549.6445 -21125.73)
(-4.292421 -281.8736 -19447.9)
(-1.519266 -85.27424 -18698.68)
(-1.94678 8236.755 -27584.51)
(-2.192786 3980.157 -19226.01)
(-2.579796 3565.022 -20818.87)
(-2.631227 2988.742 -21832.81)
(-2.503046 2255.4 -22645.63)
(-2.336715 1392.41 -15842.4)
(-18.78767 6573.934 -50137.11)
(-18.79692 4242.611 -29148.13)
(-18.46801 2526.053 -31176.03)
(-17.99271 1408.216 -32268.65)
(-17.32674 701.9088 -32817.38)
(-16.59542 223.9968 -33039.63)
(-15.83181 -172.387 -33028.66)
(-14.9122 -608.857 -32787.15)
(-13.94109 -1191.302 -32233.39)
(-12.99848 -1982.565 -31200.05)
(-11.09473 -3333.869 -28075.35)
(-8.653208 -2682.646 -23765.49)
(-6.364486 -1634.411 -20841.26)
(-3.97926 -828.5214 -19230.09)
(-1.400711 -249.5615 -18529.83)
(-1.018243 7701.764 -20349)
(-2.145687 7045.457 -22511.78)
(-2.457236 6052.967 -24102.13)
(-2.470749 4639.626 -25453.19)
(-2.283757 2762.875 -17986.05)
(-18.11262 10985.74 -56889.02)
(-18.02266 6411.021 -31929.69)
(-17.78038 3555.314 -33071.67)
(-17.28176 1892.774 -33464.79)
(-16.67831 916.3776 -33586.29)
(-15.91663 282.4294 -33607.51)
(-15.096 -243.4 -33575.67)
(-14.23403 -854.7181 -33469.15)
(-13.22437 -1759.382 -33177.4)
(-12.15535 -3192.37 -32401.36)
(-10.23465 -6230.836 -28494.48)
(-7.910117 -4586.503 -23182.41)
(-5.798738 -2660.208 -20227.44)
(-3.652538 -1319.38 -18783.42)
(-1.287975 -394.2649 -18188.08)
(-1.068953 12636.06 -24941.86)
(-2.152672 11751.47 -27852.95)
(-2.357535 9928.708 -30879.9)
(-2.269587 6301.787 -22605.52)
(-17.63787 14420.36 -71936.27)
(-17.32472 6863.688 -36596.45)
(-16.99825 3393.649 -35716.31)
(-16.59389 1692.31 -34932.36)
(-15.99044 789.1013 -34454.7)
(-15.29534 233.2682 -34228.13)
(-14.45384 -228.4205 -34196.35)
(-13.54168 -806.5599 -34335.85)
(-12.55977 -1798.21 -34606.07)
(-11.40909 -3809.064 -34695.85)
(-9.271452 -10555.35 -29312.73)
(-7.166569 -6563.448 -22009.36)
(-5.258484 -3541.159 -19234.41)
(-3.311204 -1707.193 -18123.07)
(-1.175115 -505.2169 -17699.32)
(-1.166904 23326.12 -30868.36)
(-2.231851 26505.07 -39082.37)
(-2.258719 31152.75 -33591.11)
(-17.04848 7834.172 -118896.1)
(-16.647 3232.463 -42975.57)
(-16.1956 1464.149 -38265.46)
(-15.78219 694.3023 -36094.12)
(-15.30179 314.756 -35071.78)
(-14.63675 90.30097 -34653.14)
(-13.86769 -96.46239 -34645.22)
(-12.94424 -343.9165 -35070.77)
(-11.91327 -815.8861 -36214.94)
(-10.7298 -1935.728 -38949.37)
(-8.186035 -18132.22 -31029.9)
(-6.388681 -8300.711 -19702.74)
(-4.749884 -4126.45 -17823.87)
(-2.999003 -1937.753 -17289.13)
(-1.062472 -568.6495 -17106)
(-1.520227 33898.43 -11287.87)
(-3.170425 41919.75 -4561.547)
(-6.733109 -19511.2 -7099.672)
(-5.640564 -8626.273 -15031.48)
(-4.270558 -4216.42 -16075.16)
(-2.72113 -1964.006 -16365.65)
(-0.9631603 -574.4331 -16467.99)
(-1.884339 25465.87 -2023.387)
(-5.703734 -13386.54 -5164.403)
(-4.999369 -7334.255 -12076.96)
(-3.864592 -3767.57 -14512.3)
(-2.475397 -1774.875 -15487.49)
(-0.8782819 -520.272 -15856.6)
(-4.989312 -8768.94 -4080.315)
(-4.477511 -5420.278 -10238.02)
(-3.5276 -2925.172 -13312.28)
(-2.276778 -1401.294 -14759.32)
(-0.8062975 -412.7263 -15338.43)
(-4.509552 -4984.143 -3495.029)
(-4.092238 -3291.611 -9167.319)
(-3.254574 -1839.469 -12517.22)
(-2.117267 -893.7228 -14246.84)
(-0.7505356 -264.436 -14966.02)
(-4.194811 -1619.006 -3237.807)
(-3.837677 -1101.28 -8675.348)
(-3.056888 -626.3607 -12125.77)
(-1.990795 -306.6941 -13985.9)
(-0.7074196 -90.9858 -14774.51)
(-3.991553 1619.447 -3239.058)
(-3.681415 1101.561 -8678.864)
(-2.936038 626.5295 -12130.87)
(-1.902417 306.8051 -13992.05)
(-0.6741848 91.02739 -14781.32)
(-3.88763 4989.698 -3499.075)
(-3.584574 3295.493 -9178.443)
(-2.867677 1841.736 -12533.07)
(-1.853355 894.8715 -14265.68)
(-0.6519597 264.7977 -14986.77)
(-3.904491 8785.615 -4088.165)
(-3.542412 5431.132 -10258.71)
(-2.818206 2931.32 -13340.46)
(-1.82622 1404.37 -14792)
(-0.6410849 413.6702 -15373.95)
(-4.028264 13422.45 -5178.314)
(-3.569923 7354.891 -12111.11)
(-2.783858 3778.705 -14555.39)
(-1.797454 1780.369 -15535.67)
(-0.6348387 521.9557 -15908.27)
(-4.142348 19578.78 -7124.287)
(-3.63091 8657.615 -15086.24)
(-2.773462 4232.468 -16136.6)
(-1.766033 1971.852 -16431.34)
(-0.6245582 576.8422 -16537.42)
(-1.839567 818.8414 -36347.78)
(-4.00672 1943.392 -39104.09)
(-4.043531 18208.94 -31161.3)
(-3.574249 8337.687 -19790.64)
(-2.754374 4145.729 -17907.42)
(-1.739362 1947.257 -17374.35)
(-0.6106926 571.5819 -17194.73)
(-1.584768 3826.533 -34855.82)
(-3.11514 10607.66 -29458.2)
(-3.177247 6598.024 -22125.44)
(-2.622572 3560.823 -19341.47)
(-1.699983 1717.153 -18229.3)
(-0.5967063 508.3226 -17808.72)
(-1.254149 6265.927 -28655.29)
(-2.348217 4614.268 -23322.93)
(-2.269201 2677.312 -20357.77)
(-1.591573 1328.345 -18911.48)
(-0.5773802 397.0949 -18319.14)
(-0.9203558 2700.869 -23927.13)
(-1.638128 1646.333 -20993.54)
(-1.355725 834.9601 -19379.85)
(-0.5346088 251.6162 -18682.81)
(-0.6279826 554.1145 -21297.65)
(-0.9630276 284.3343 -19617.93)
(-0.4503402 86.06767 -18873.04)
(-1.801678 2541.363 -26987.41)
(-2.136464 1225.191 -18687.53)
(-2.536788 1091.124 -20031.6)
(-2.561155 910.0339 -20825.73)
(-2.449893 687.6407 -21458.65)
(-2.306049 434.6932 -14962.87)
(-18.61836 2176.302 -47361.12)
(-18.67588 1463.802 -27873.74)
(-18.39219 900.6387 -30226.77)
(-17.94686 513.7173 -31628.53)
(-17.30247 260.0015 -32388.52)
(-16.58663 84.57546 -32718.75)
(-15.83697 -60.97422 -32727.12)
(-14.93328 -216.9095 -32433.35)
(-13.98377 -414.5357 -31785.61)
(-13.07117 -664.2221 -30690.14)
(-11.21681 -1053.637 -27901.55)
(-8.76215 -880.998 -24016.81)
(-6.437912 -550.0252 -21140.34)
(-4.019546 -282.081 -19462.21)
(-1.413698 -85.34128 -18713.43)
(-0.930548 3981.653 -19230.08)
(-2.007486 3565.674 -20824.1)
(-2.338574 2989.735 -21839.58)
(-2.358937 2256.285 -22652.45)
(-2.214315 1392.902 -15847.56)
(-17.7968 6576.312 -50153.99)
(-17.80625 4244.374 -29158.8)
(-17.64685 2527.083 -31188.12)
(-17.20649 1408.827 -32281.68)
(-16.63859 702.233 -32831.34)
(-15.90295 224.1072 -33054.1)
(-15.10507 -172.4567 -33043.94)
(-14.27063 -609.1485 -32803.03)
(-13.30092 -1191.9 -32249.64)
(-12.29182 -1983.617 -31216.62)
(-10.48474 -3335.753 -28091.25)
(-8.118973 -2684.239 -23779.67)
(-5.932894 -1635.462 -20854.68)
(-3.725548 -829.0955 -19243.38)
(-1.311455 -249.7452 -18543.47)
(-0.9252097 7047.689 -22516.66)
(-1.92563 6054.524 -24108.24)
(-2.175392 4641.157 -25461.14)
(-2.144841 2763.878 -17991.69)
(-17.17149 10989.65 -56907.78)
(-17.06285 6413.353 -31940.67)
(-16.84844 3556.782 -33083.96)
(-16.5121 1893.545 -33477.8)
(-15.95029 916.7783 -33599.89)
(-15.28176 282.5672 -33621.82)
(-14.46441 -243.4995 -33590.41)
(-13.58299 -855.1072 -33484.64)
(-12.65257 -1760.232 -33193.47)
(-11.59433 -3193.98 -32417.71)
(-9.680914 -6234.147 -28509.63)
(-7.471867 -4589.093 -23195.54)
(-5.44097 -2661.788 -20239.54)
(-3.406742 -1320.228 -18795.52)
(-1.205841 -394.5382 -18200.64)
(-0.9440693 11754.91 -27859.57)
(-1.861117 9931.312 -30887.87)
(-1.986601 6303.937 -22612.64)
(-16.51356 14425.34 -71959.59)
(-16.42006 6866.14 -36608.74)
(-16.08995 3394.885 -35728.7)
(-15.7283 1693.008 -34945.39)
(-15.27582 789.4239 -34468.1)
(-14.62872 233.3761 -34242.01)
(-13.87513 -228.5099 -34210.9)
(-12.97376 -806.9126 -34350.95)
(-11.98689 -1799.04 -34622.08)
(-10.9131 -3810.908 -34712.66)
(-8.839646 -10560.68 -29327.54)
(-6.780434 -6566.936 -22021.08)
(-4.965265 -3543.158 -19245.3)
(-3.10711 -1708.206 -18133.94)
(-1.096475 -505.5416 -17710.72)
(-0.9954061 26512.24 -39092.25)
(-1.778971 31160.84 -33599.82)
(-14.87676 7836.85 -118935.1)
(-15.55591 3233.576 -42989.47)
(-15.33736 1464.673 -38278.33)
(-14.93849 694.5556 -36106.67)
(-14.50658 314.8873 -35084.84)
(-13.97979 90.33947 -34666.61)
(-13.26438 -96.49875 -34659.28)
(-12.42427 -344.0612 -35085.69)
(-11.41246 -816.2457 -36230.88)
(-10.24129 -1936.624 -38967.4)
(-7.82553 -18141 -31044.93)
(-6.088013 -8304.905 -19712.71)
(-4.494506 -4128.643 -17833.38)
(-2.830951 -1938.845 -17298.93)
(-0.9970584 -568.9864 -17116.28)
(-1.47213 41930.87 -4562.75)
(-6.426563 -19520.24 -7102.956)
(-5.388667 -8630.452 -15038.76)
(-4.067988 -4218.55 -16083.3)
(-2.574895 -1965.048 -16374.39)
(-0.9089936 -574.7564 -16477.33)
(-5.459541 -13392.46 -5166.679)
(-4.771001 -7337.661 -12082.54)
(-3.690253 -3769.395 -14519.33)
(-2.357322 -1775.772 -15495.35)
(-0.8310499 -520.5478 -15865.08)
(-4.790319 -8772.697 -4082.042)
(-4.284496 -5422.688 -10242.54)
(-3.365667 -2926.537 -13318.44)
(-2.173237 -1401.972 -14766.47)
(-0.7676839 -412.9346 -15346.21)
(-4.322613 -4986.154 -3496.449)
(-3.930474 -3293.044 -9171.191)
(-3.113405 -1840.298 -12522.73)
(-2.01952 -894.1446 -14253.42)
(-0.7161766 -264.564 -14973.27)
(-3.99298 -1619.634 -3239.062)
(-3.680693 -1101.715 -8678.873)
(-2.937196 -626.6565 -12130.89)
(-1.903976 -306.8414 -13992.06)
(-0.6745588 -91.03101 -14781.33)
(-3.775986 1620.014 -3240.248)
(-3.502459 1101.989 -8682.228)
(-2.817354 626.7941 -12135.8)
(-1.828625 306.9156 -13997.95)
(-0.6446374 91.06319 -14787.83)
(-3.679756 4991.371 -3500.284)
(-3.389123 3296.682 -9181.812)
(-2.727174 1842.451 -12537.93)
(-1.779197 895.241 -14271.48)
(-0.6269159 264.9032 -14993.08)
(-3.680771 8788.51 -4089.512)
(-3.353523 5432.967 -10262.25)
(-2.663542 2932.382 -13345.36)
(-1.736205 1404.915 -14797.73)
(-0.6156824 413.8402 -15380.19)
(-3.669219 13426.64 -5179.915)
(-3.366834 7357.315 -12115.1)
(-2.635545 3779.985 -14560.41)
(-1.698353 1781.015 -15541.37)
(-0.6033775 522.1582 -15914.44)
(-3.467086 19584.25 -7126.258)
(-3.306493 8660.313 -15090.9)
(-2.615363 4233.862 -16141.91)
(-1.671968 1972.521 -16437.01)
(-0.5899704 577.0517 -16543.48)
(-1.557076 1943.669 -39109.95)
(-2.874838 18212.91 -31168.12)
(-2.989316 8340.005 -19796.11)
(-2.506419 4147.019 -17912.94)
(-1.639865 1947.898 -17380.06)
(-0.5781915 571.776 -17200.67)
(-1.197367 10609.19 -29462.49)
(-2.247897 6599.454 -22130.23)
(-2.191142 3561.809 -19346.77)
(-1.545952 1717.686 -18234.9)
(-0.5625709 508.4899 -17814.57)
(-0.894784 4614.92 -23326.17)
(-1.599327 2677.889 -20362.13)
(-1.328703 1328.712 -18916.62)
(-0.5249081 397.2182 -18324.76)
(-0.6202608 1646.563 -20996.35)
(-0.9529907 835.1395 -19383.96)
(-0.4461246 251.6855 -18687.87)
(-0.363065 284.3736 -19620.48)
(-0.3161325 86.08612 -18877.03)
(-0.8686684 1225.809 -18690.75)
(-1.953489 1091.188 -20037.24)
(-2.297154 910.3376 -20832.16)
(-2.307368 687.927 -21464.91)
(-2.181665 434.8478 -14967.72)
(-17.64106 2177.085 -47377.05)
(-17.69229 1464.411 -27883.88)
(-17.57263 901.0071 -30238.47)
(-17.16319 513.9402 -31641.28)
(-16.61519 260.1217 -32402.29)
(-15.89466 84.61711 -32733.08)
(-15.10996 -60.9986 -32742.25)
(-14.29085 -217.0133 -32449.06)
(-13.34174 -414.7438 -31801.64)
(-12.36056 -664.5744 -30706.44)
(-10.60029 -1054.232 -27917.35)
(-8.221107 -881.5214 -24031.13)
(-6.000948 -550.3788 -21153.95)
(-3.763235 -282.2764 -19475.66)
(-1.323656 -85.40411 -18727.21)
(-0.8457717 3566.944 -20828.45)
(-1.809656 2990.343 -21845.17)
(-2.085372 2257.034 -22659.48)
(-2.077216 1393.431 -15852.36)
(-16.85691 6578.65 -50170.4)
(-16.86277 4245.914 -29168.79)
(-16.72192 2528.13 -31199.62)
(-16.43852 1409.402 -32294.21)
(-15.91281 702.5401 -32844.62)
(-15.26853 224.2165 -33068.16)
(-14.47321 -172.5266 -33058.44)
(-13.61793 -609.4251 -32818.21)
(-12.72593 -1192.475 -32265.26)
(-11.72471 -1984.617 -31232.37)
(-9.917442 -3337.525 -28106.19)
(-7.669571 -2685.756 -23793.13)
(-5.566708 -1636.433 -20867.15)
(-3.474379 -829.6284 -19255.78)
(-1.2278 -249.9183 -18556.28)
(-0.8228958 6056.397 -24113.56)
(-1.688715 4642.348 -25467.65)
(-1.879114 2764.798 -17997.31)
(-16.05993 10993.55 -56925.68)
(-16.16302 6415.64 -31951.3)
(-15.95068 3558.077 -33095.39)
(-15.65061 1894.328 -33490.23)
(-15.23655 917.1539 -33612.94)
(-14.616 282.6976 -33635.44)
(-13.88519 -243.5936 -33604.7)
(-13.01342 -855.4806 -33499.36)
(-12.07553 -1761.044 -33208.83)
(-11.09059 -3195.526 -32433.42)
(-9.230705 -6237.296 -28524.03)
(-7.069268 -4591.533 -23207.9)
(-5.138037 -2663.291 -20251.01)
(-3.196622 -1321.012 -18806.79)
(-1.124923 -394.7918 -18212.37)
(-0.8040076 9934.139 -30895.25)
(-1.538727 6305.583 -22618.48)
(-14.40454 14430.24 -71982.34)
(-15.33457 6868.527 -36620.48)
(-15.23414 3396.098 -35740.68)
(-14.88828 1693.626 -34957.53)
(-14.48189 789.7537 -34480.92)
(-13.97183 233.4756 -34255.32)
(-13.27157 -228.5954 -34224.77)
(-12.45255 -807.2517 -34365.56)
(-11.48306 -1799.833 -34637.32)
(-10.41638 -3812.672 -34728.72)
(-8.451797 -10565.8 -29341.75)
(-6.462174 -6570.254 -22032.22)
(-4.698379 -3545.04 -19255.57)
(-2.933339 -1709.169 -18144.22)
(-1.028905 -505.8414 -17721.36)
(-0.7717678 31169.07 -33608.34)
(-11.37852 7838.894 -118965.9)
(-13.54106 3234.676 -43003.11)
(-14.2939 1465.182 -38290.6)
(-14.1328 694.8044 -36118.77)
(-13.73121 315.0029 -35097.04)
(-13.25546 90.38065 -34679.49)
(-12.66644 -96.53431 -34672.74)
(-11.88476 -344.1993 -35099.92)
(-10.95277 -816.5921 -36246.29)
(-9.809664 -1937.479 -38984.57)
(-7.469855 -18149.4 -31059.3)
(-5.817591 -8308.928 -19722.26)
(-4.28193 -4130.728 -17842.42)
(-2.678923 -1939.875 -17308.17)
(-0.9411147 -569.307 -17125.98)
(-6.152817 -19528.87 -7106.087)
(-5.143403 -8634.456 -15045.72)
(-3.885458 -4220.594 -16091.1)
(-2.452425 -1966.041 -16382.7)
(-0.860165 -575.0615 -16486.14)
(-5.240291 -13398.17 -5168.868)
(-4.566349 -7340.914 -12087.87)
(-3.521678 -3771.148 -14526.04)
(-2.250704 -1776.632 -15502.86)
(-0.7913639 -520.8107 -15873.13)
(-4.58936 -8776.248 -4083.699)
(-4.113578 -5425.019 -10246.87)
(-3.220413 -2927.843 -13324.31)
(-2.07348 -1402.628 -14773.29)
(-0.7327361 -413.1345 -15353.65)
(-4.116858 -4988.089 -3497.804)
(-3.767591 -3294.371 -9174.915)
(-2.990214 -1841.104 -12528.02)
(-1.931892 -894.5497 -14259.7)
(-0.6831185 -264.6892 -14980.19)
(-3.779809 -1620.259 -3240.254)
(-3.503632 -1102.142 -8682.238)
(-2.816902 -626.9025 -12135.82)
(-1.829302 -306.9889 -13997.96)
(-0.6451437 -91.07513 -14787.83)
(-3.573143 1620.525 -3241.37)
(-3.313609 1102.371 -8685.418)
(-2.680609 627.0372 -12140.51)
(-1.754536 307.0456 -14003.63)
(-0.6195959 91.09555 -14794.06)
(-3.464719 4993.012 -3501.436)
(-3.207551 3297.781 -9184.986)
(-2.578959 1843.112 -12542.54)
(-1.692211 895.5883 -14277.01)
(-0.6017819 265.0126 -14999.17)
(-3.349836 8791.25 -4090.773)
(-3.159296 5434.755 -10265.63)
(-2.521062 2933.369 -13349.97)
(-1.641256 1405.422 -14803.16)
(-0.5853839 414.0008 -15386.16)
(-3.069635 13430.37 -5181.341)
(-3.063859 7359.608 -12118.83)
(-2.483248 3781.229 -14565.2)
(-1.607595 1781.617 -15546.74)
(-0.5701867 522.3474 -15920.28)
(-2.454089 19588.52 -7127.799)
(-2.764621 8662.719 -15095.06)
(-2.378848 4235.179 -16146.88)
(-1.575366 1973.17 -16442.41)
(-0.5584881 577.2472 -16549.2)
(-1.101769 18215.55 -31172.66)
(-2.111626 8341.813 -19800.39)
(-2.093871 4148.167 -17917.84)
(-1.490842 1948.504 -17385.39)
(-0.544865 571.9641 -17206.32)
(-0.8551727 6600.39 -22133.3)
(-1.542992 3562.577 -19350.91)
(-1.290551 1718.16 -18239.85)
(-0.5113394 508.6478 -17820.03)
(-0.6050225 2678.263 -20364.85)
(-0.9335521 1328.997 -18920.64)
(-0.4380164 397.3276 -18329.72)
(-0.3591376 835.2549 -19386.47)
(-0.3131051 251.7394 -18691.82)
(-0.1189039 86.09794 -18879.44)
(-0.7982415 1091.664 -20040.94)
(-1.762789 910.4481 -20837.87)
(-2.051325 688.1564 -21471.54)
(-2.045512 435.0197 -14972.12)
(-16.69945 2177.86 -47392.47)
(-16.75756 1464.942 -27893.41)
(-16.65177 901.3809 -30249.57)
(-16.39616 514.1503 -31653.54)
(-15.89074 260.2355 -32415.38)
(-15.2605 84.6584 -32746.99)
(-14.47797 -61.02316 -32756.61)
(-13.63723 -217.1117 -32464.07)
(-12.76505 -414.944 -31817.04)
(-11.79038 -664.9094 -30721.93)
(-10.02673 -1054.792 -27932.2)
(-7.766246 -882.0193 -24044.74)
(-5.630493 -550.7057 -21166.6)
(-3.509298 -282.4579 -19488.21)
(-1.239211 -85.46329 -18740.15)
(-0.756738 2991.363 -21849.73)
(-1.601608 2257.526 -22665.33)
(-1.82355 1393.895 -15857.27)
(-15.75402 6581.033 -50185.71)
(-15.96494 4247.426 -29178.44)
(-15.8334 2529.05 -31210.37)
(-15.58083 1409.986 -32306.15)
(-15.19985 702.8285 -32857.37)
(-14.60361 224.3199 -33081.55)
(-13.89355 -172.5923 -33072.5)
(-13.04698 -609.6908 -32832.63)
(-12.14561 -1193.025 -32280.19)
(-11.21552 -1985.577 -31247.5)
(-9.4566 -3339.211 -28120.39)
(-7.256316 -2687.183 -23805.8)
(-5.25707 -1637.357 -20878.97)
(-3.259998 -830.121 -19267.32)
(-1.145261 -250.0789 -18568.23)
(-0.7126482 4643.752 -25473.31)
(-1.438936 2765.508 -18001.92)
(-14.01095 10997.24 -56943.45)
(-15.08448 6417.905 -31961.41)
(-15.09738 3559.347 -33106.43)
(-14.81606 1895.02 -33501.83)
(-14.4446 917.5379 -33625.42)
(-13.95921 282.8182 -33648.51)
(-13.28131 -243.6838 -33618.32)
(-12.49054 -855.8394 -33513.6)
(-11.56808 -1761.82 -33223.44)
(-10.58594 -3197.004 -32448.42)
(-8.826489 -6240.317 -28537.85)
(-6.738023 -4593.852 -23219.64)
(-4.86191 -2664.706 -20261.81)
(-3.018096 -1321.757 -18817.44)
(-1.055553 -395.026 -18223.3)
(-0.648821 6307.337 -22623.9)
(-10.95855 14434 -72000.89)
(-13.34674 6870.854 -36631.94)
(-14.19335 3397.285 -35752.07)
(-14.08359 1694.232 -34969.21)
(-13.70826 790.0437 -34492.9)
(-13.24789 233.582 -34268.04)
(-12.67316 -228.6792 -34238.07)
(-11.91182 -807.5753 -34379.49)
(-11.02045 -1800.597 -34652.05)
(-9.977542 -3814.354 -34744.02)
(-8.068044 -10570.69 -29355.33)
(-6.176201 -6573.436 -22042.9)
(-4.476665 -3546.832 -19265.33)
(-2.775885 -1710.077 -18153.91)
(-0.9712797 -506.1265 -17731.4)
(-4.724246 7841.05 -118995.7)
(-10.23947 3235.519 -43014.11)
(-12.41257 1465.679 -38302.48)
(-13.14084 695.0477 -36130.26)
(-12.97932 315.1167 -35108.76)
(-12.54663 90.41517 -34691.56)
(-12.01175 -96.56594 -34685.6)
(-11.34693 -344.3318 -35113.55)
(-10.47806 -816.9225 -36260.99)
(-9.413741 -1938.303 -39001.14)
(-7.15312 -18157.42 -31072.99)
(-5.55345 -8312.78 -19731.39)
(-4.090657 -4132.729 -17851.06)
(-2.551823 -1940.855 -17316.95)
(-0.8906015 -569.6093 -17135.14)
(-5.904629 -19537.18 -7109.101)
(-4.923691 -8638.277 -15052.35)
(-3.708634 -4222.554 -16098.54)
(-2.342041 -1966.993 -16390.64)
(-0.8191978 -575.3519 -16494.5)
(-5.018294 -13403.6 -5170.966)
(-4.382934 -7344.053 -12092.99)
(-3.370355 -3772.824 -14532.45)
(-2.147887 -1777.46 -15510.02)
(-0.7555251 -521.0629 -15880.83)
(-4.37304 -8779.654 -4085.282)
(-3.94122 -5427.213 -10251.03)
(-3.091883 -2929.107 -13329.94)
(-1.983925 -1403.256 -14779.8)
(-0.6991031 -413.328 -15360.74)
(-3.899313 -4989.954 -3499.092)
(-3.588114 -3295.649 -9178.473)
(-2.866303 -1841.844 -12533.11)
(-1.85538 -894.9441 -14265.72)
(-0.6534731 -264.8094 -14986.79)
(-3.576065 -1620.868 -3241.378)
(-3.316708 -1102.571 -8685.431)
(-2.681439 -627.1459 -12140.52)
(-1.754299 -307.109 -14003.65)
(-0.6198175 -91.11937 -14794.07)
(-3.361129 1621.051 -3242.437)
(-3.13537 1102.713 -8688.427)
(-2.536358 627.2514 -12144.97)
(-1.669479 307.1646 -14009.06)
(-0.594461 91.13418 -14800.07)
(-3.151723 4994.568 -3502.514)
(-3.018789 3298.863 -9188.009)
(-2.440469 1843.723 -12546.88)
(-1.600474 895.9083 -14282.25)
(-0.5723933 265.1154 -15004.98)
(-2.802291 8793.685 -4091.894)
(-2.873421 5436.448 -10268.79)
(-2.373362 2934.333 -13354.36)
(-1.553248 1405.894 -14808.28)
(-0.553428 414.1501 -15391.8)
(-2.164787 13433.28 -5182.456)
(-2.561415 7361.646 -12122.16)
(-2.257695 3782.405 -14569.68)
(-1.513677 1782.202 -15551.85)
(-0.5396688 522.5236 -15925.78)
(-0.9338335 19591.35 -7128.785)
(-1.948593 8664.592 -15098.3)
(-1.987164 4236.349 -16151.29)
(-1.431742 1973.783 -16447.46)
(-0.5260058 577.437 -16554.64)
(-0.8012635 8342.998 -19803.12)
(-1.472772 4149.059 -17921.67)
(-1.244509 1949.04 -17390.11)
(-0.4951215 572.1417 -17211.59)
(-0.582875 3563.075 -19353.48)
(-0.9061059 1718.528 -18243.72)
(-0.4266831 508.7877 -17824.85)
(-0.3515276 1329.181 -18923.08)
(-0.3072825 397.4126 -18333.59)
(-0.1177214 251.774 -18694.2)
(-0.7209158 910.8063 -20841.86)
(-1.565403 688.2675 -21477.33)
(-1.800416 435.1648 -14976.74)
(-15.60101 2178.66 -47406.6)
(-15.85997 1465.463 -27902.61)
(-15.76848 901.7086 -30259.98)
(-15.54073 514.3637 -31665.22)
(-15.17822 260.3425 -32427.96)
(-14.59609 84.69739 -32760.25)
(-13.89808 -61.04622 -32770.54)
(-13.06552 -217.2063 -32478.33)
(-12.18298 -415.135 -31831.76)
(-11.27844 -665.2311 -30736.81)
(-9.560972 -1055.325 -27946.3)
(-7.347783 -882.4881 -24057.55)
(-5.317449 -551.0166 -21178.59)
(-3.292719 -282.6256 -19499.89)
(-1.155832 -85.51822 -18752.22)
(-0.6635874 2258.267 -22670.06)
(-1.386143 1394.218 -15861.38)
(-13.75154 6583.239 -50201.25)
(-14.8919 4248.945 -29187.54)
(-14.98162 2529.952 -31220.73)
(-14.75132 1410.501 -32317.33)
(-14.4098 703.1233 -32869.54)
(-13.94689 224.4157 -33094.4)
(-13.28944 -172.6555 -33085.9)
(-12.52267 -609.9461 -32846.58)
(-11.6353 -1193.55 -32294.39)
(-10.70529 -1986.496 -31261.96)
(-9.042926 -3340.828 -28134.01)
(-6.916655 -2688.541 -23817.85)
(-4.974572 -1638.227 -20890.11)
(-3.078098 -830.5894 -19278.24)
(-1.074607 -250.2274 -18579.38)
(-0.5963517 2766.324 -18005.94)
(-10.60093 11000.08 -56958.04)
(-13.12963 6420.067 -31971.3)
(-14.0603 3560.602 -33116.9)
(-14.01259 1895.698 -33513)
(-13.67366 917.8749 -33637.09)
(-13.23591 282.947 -33660.99)
(-12.68222 -243.7723 -33631.38)
(-11.94819 -856.1818 -33527.19)
(-11.10194 -1762.566 -33237.56)
(-10.14012 -3198.415 -32462.71)
(-8.425985 -6243.207 -28551.06)
(-6.440559 -4596.077 -23230.89)
(-4.632852 -2666.053 -20272.07)
(-2.856142 -1322.46 -18827.49)
(-0.9965146 -395.2488 -18233.63)
(-4.508701 14438.02 -72017.9)
(-10.06585 6872.642 -36641.28)
(-12.32464 3398.434 -35763.09)
(-13.0929 1694.828 -34980.3)
(-12.9567 790.3292 -34504.41)
(-12.53969 233.6711 -34279.96)
(-12.01813 -228.7532 -34250.77)
(-11.37272 -807.886 -34392.85)
(-10.54275 -1801.325 -34666.1)
(-9.5747 -3815.976 -34758.78)
(-7.726663 -10575.36 -29368.26)
(-5.89623 -6576.483 -22053.1)
(-4.277373 -3548.55 -19274.66)
(-2.644451 -1710.941 -18163.11)
(-0.9191764 -506.3954 -17740.88)
(-4.179818 3236.412 -43023.88)
(-9.301625 1466.061 -38312.17)
(-11.38428 695.2838 -36141.27)
(-12.04337 315.229 -35119.87)
(-11.85029 90.45007 -34703.12)
(-11.36887 -96.59815 -34697.68)
(-10.76154 -344.4571 -35126.56)
(-10.00212 -817.239 -36275.07)
(-9.006694 -1939.089 -39016.96)
(-6.863922 -18165.14 -31086.19)
(-5.317 -8316.456 -19740.09)
(-3.90501 -4134.648 -17859.32)
(-2.437428 -1941.796 -17325.34)
(-0.8482834 -569.8971 -17143.83)
(-5.652517 -19545.1 -7111.986)
(-4.724971 -8641.962 -15058.73)
(-3.549856 -4224.427 -16105.64)
(-2.23546 -1967.908 -16398.21)
(-0.7822686 -575.6306 -16502.5)
(-4.783827 -13408.8 -5172.972)
(-4.197641 -7347.028 -12097.89)
(-3.234932 -3774.443 -14538.6)
(-2.055488 -1778.252 -15516.86)
(-0.7210106 -521.306 -15888.16)
(-4.14395 -8782.917 -4086.788)
(-3.755125 -5429.319 -10255)
(-2.962465 -2930.29 -13335.35)
(-1.904703 -1403.864 -14786.05)
(-0.6688966 -413.5135 -15367.51)
(-3.688673 -4991.73 -3500.308)
(-3.398501 -3296.885 -9181.851)
(-2.729664 -1842.559 -12537.97)
(-1.778483 -895.3037 -14271.51)
(-0.6275778 -264.9267 -14993.11)
(-3.361629 -1621.414 -3242.445)
(-3.137752 -1102.991 -8688.445)
(-2.538513 -627.393 -12144.98)
(-1.669965 -307.2283 -14009.07)
(-0.5943885 -91.15495 -14800.08)
(-3.057347 1621.556 -3243.434)
(-2.948437 1103.069 -8691.286)
(-2.399694 627.4417 -12149.18)
(-1.579783 307.2681 -14014.21)
(-0.5656609 91.16948 -14805.8)
(-2.63772 4995.936 -3503.471)
(-2.744817 3299.89 -9190.832)
(-2.295653 1844.326 -12551)
(-1.514369 896.203 -14287.2)
(-0.541404 265.2098 -15010.49)
(-1.970755 8795.57 -4092.771)
(-2.402564 5437.946 -10271.59)
(-2.157068 2935.245 -13358.46)
(-1.461468 1406.355 -14813.15)
(-0.5237143 414.2886 -15397.13)
(-0.8186661 13435.21 -5183.158)
(-1.801355 7363.228 -12124.75)
(-1.886078 3783.447 -14573.64)
(-1.375266 1782.756 -15556.61)
(-0.5079661 522.6952 -15931.01)
(-0.7366567 8665.821 -15100.35)
(-1.395749 4237.257 -16154.73)
(-1.195216 1974.326 -16451.92)
(-0.4778565 577.6162 -16559.71)
(-0.5552346 4149.639 -17924.03)
(-0.8729874 1949.457 -17393.8)
(-0.4131531 572.2989 -17216.25)
(-0.3407746 1718.766 -18246.07)
(-0.2991449 508.8964 -17828.61)
(-0.1154461 397.4672 -18335.93)
(-0.6384986 688.5184 -21481.54)
(-1.36293 435.251 -14980.75)
(-13.62599 2179.39 -47421.22)
(-14.78989 1465.991 -27911.23)
(-14.91725 902.0302 -30270.01)
(-14.71416 514.5513 -31676.17)
(-14.3893 260.4518 -32439.95)
(-13.93942 84.73358 -32772.96)
(-13.29385 -61.0684 -32783.81)
(-12.54043 -217.2972 -32492.14)
(-11.67115 -415.3177 -31845.76)
(-10.7654 -665.5387 -30751.03)
(-9.142928 -1055.836 -27959.84)
(-7.004004 -882.934 -24069.71)
(-5.031719 -551.3095 -21189.89)
(-3.109074 -282.7851 -19510.94)
(-1.084511 -85.56899 -18763.47)
(-0.567224 1394.655 -15864.7)
(-10.36175 6584.882 -50214.21)
(-12.96475 4250.372 -29196.5)
(-13.94774 2530.851 -31230.53)
(-13.94872 1411.005 -32328.07)
(-13.6414 703.3815 -32880.94)
(-13.22423 224.5177 -33106.65)
(-12.68974 -172.7177 -33098.74)
(-11.97896 -610.1897 -32859.9)
(-11.16637 -1194.056 -32308.11)
(-10.25457 -1987.372 -31275.72)
(-8.632767 -3342.375 -28147.03)
(-6.61174 -2689.843 -23829.39)
(-4.74045 -1639.055 -20900.69)
(-2.912953 -831.0308 -19288.53)
(-1.014555 -250.3685 -18589.91)
(-4.322463 11003.21 -56970.62)
(-9.869525 6421.724 -31979.43)
(-12.20914 3561.803 -33127.03)
(-13.02376 1896.368 -33523.58)
(-12.92252 918.2066 -33648.29)
(-12.52871 283.0548 -33672.69)
(-12.02674 -243.8496 -33643.84)
(-11.40734 -856.5108 -33540.21)
(-10.62064 -1763.279 -33251.04)
(-9.730568 -3199.774 -32476.5)
(-8.069857 -6245.964 -28563.64)
(-6.14891 -4598.208 -23241.63)
(-4.427101 -2667.344 -20281.9)
(-2.721111 -1323.128 -18837.04)
(-0.9430771 -395.4588 -18243.37)
(-4.090543 6874.554 -36649.3)
(-9.222803 3399.319 -35772.11)
(-11.34247 1695.403 -34990.93)
(-12.02124 790.6117 -34515.31)
(-11.84322 233.7611 -34291.37)
(-11.37503 -228.8292 -34262.69)
(-10.78603 -808.1794 -34405.59)
(-10.06391 -1802.022 -34679.56)
(-9.160483 -3817.523 -34772.88)
(-7.413878 -10579.86 -29380.74)
(-5.645741 -6579.391 -22062.82)
(-4.083633 -3550.196 -19283.58)
(-2.526279 -1711.77 -18171.91)
(-0.8755837 -506.6513 -17749.88)
(-3.747663 1466.467 -38320.21)
(-8.467032 695.4659 -36150.29)
(-10.40943 315.338 -35130.42)
(-10.975 90.48583 -34714.05)
(-10.73011 -96.62755 -34709.22)
(-10.18491 -344.5768 -35138.8)
(-9.486749 -817.5404 -36288.5)
(-8.595916 -1939.841 -39032.1)
(-6.569013 -18172.51 -31098.8)
(-5.101734 -8320 -19748.46)
(-3.738304 -4136.479 -17867.2)
(-2.32683 -1942.698 -17333.35)
(-0.8101902 -570.1731 -17152.14)
(-5.390477 -19552.69 -7114.745)
(-4.523822 -8645.465 -15064.84)
(-3.406507 -4226.234 -16112.46)
(-2.139615 -1968.783 -16405.45)
(-0.7466695 -575.8986 -16510.13)
(-4.53495 -13413.78 -5174.88)
(-4.000957 -7349.879 -12102.59)
(-3.098405 -3775.971 -14544.5)
(-1.972867 -1779.017 -15523.42)
(-0.6899766 -521.5386 -15895.17)
(-3.919879 -8786.01 -4088.21)
(-3.558299 -5431.341 -10258.78)
(-2.822351 -2931.428 -13340.52)
(-1.825021 -1404.431 -14792.05)
(-0.6421776 -413.6931 -15374.01)
(-3.466196 -4993.392 -3501.462)
(-3.214752 -3298.065 -9185.042)
(-2.585433 -1843.254 -12542.58)
(-1.693664 -895.6513 -14277.04)
(-0.601564 -265.0331 -14999.2)
(-3.059004 -1621.918 -3243.442)
(-2.948891 -1103.365 -8691.305)
(-2.401362 -627.6367 -12149.2)
(-1.581025 -307.3508 -14014.22)
(-0.5658202 -91.1904 -14805.81)
(-2.561237 1621.978 -3244.319)
(-2.680907 1103.412 -8693.954)
(-2.25574 627.6425 -12153.17)
(-1.494539 307.3591 -14019.07)
(-0.5352959 91.19991 -14811.24)
(-1.85176 4996.978 -3504.221)
(-2.296242 3300.788 -9193.337)
(-2.086116 1844.899 -12554.85)
(-1.423917 896.4954 -14291.89)
(-0.5122472 265.2967 -15015.69)
(-0.7414989 8796.816 -4093.315)
(-1.686514 5439.1 -10273.79)
(-1.802529 2936.049 -13362.09)
(-1.327546 1406.791 -14817.68)
(-0.4926307 414.4243 -15402.19)
(-0.6783142 7364.267 -12126.36)
(-1.32286 3784.252 -14576.74)
(-1.148258 1783.244 -15560.83)
(-0.4613575 522.8574 -15935.89)
(-0.5248782 4237.848 -16156.84)
(-0.8375481 1974.745 -16455.4)
(-0.3987784 577.7746 -16564.18)
(-0.3277862 1949.726 -17396.03)
(-0.2894329 572.4207 -17219.88)
(-0.112264 508.9662 -17830.88)
(-0.5526272 435.397 -14983.71)
(-10.24413 2179.916 -47433.75)
(-12.87876 1466.483 -27919.77)
(-13.88517 902.3523 -30279.46)
(-13.91196 514.7354 -31686.68)
(-13.62242 260.5474 -32451.19)
(-13.21715 84.77211 -32785.09)
(-12.6938 -61.09026 -32796.54)
(-11.99597 -217.3839 -32505.31)
(-11.20072 -415.4936 -31859.29)
(-10.31221 -665.8323 -30764.57)
(-8.728313 -1056.325 -27972.78)
(-6.695443 -883.3616 -24081.38)
(-4.795026 -551.5881 -21200.62)
(-2.942281 -282.9354 -19521.36)
(-1.023932 -85.61726 -18774.11)
(-4.19504 6586.807 -50224.67)
(-9.719004 4251.453 -29203.93)
(-12.11225 2531.704 -31240.04)
(-12.9616 1411.507 -32338.24)
(-12.89057 703.6357 -32891.87)
(-12.51802 224.6032 -33118.15)
(-12.0339 -172.7713 -33111)
(-11.43662 -610.4239 -32872.66)
(-10.68223 -1194.538 -32321.21)
(-9.840275 -1988.217 -31289.01)
(-8.26812 -3343.851 -28159.43)
(-6.31253 -2691.09 -23840.41)
(-4.530237 -1639.849 -20910.82)
(-2.775372 -831.4508 -19298.31)
(-0.9601626 -250.5015 -18599.84)
(-3.988634 6423.536 -31986.13)
(-9.118528 3562.726 -33135.37)
(-11.28243 1897.011 -33533.72)
(-11.98779 918.5362 -33658.9)
(-11.83204 283.1636 -33683.89)
(-11.38338 -243.93 -33655.55)
(-10.81892 -856.8209 -33552.63)
(-10.13829 -1763.961 -33263.95)
(-9.309414 -3201.071 -32489.68)
(-7.742919 -6248.622 -28575.77)
(-5.888056 -4600.24 -23251.88)
(-4.226843 -2668.581 -20291.28)
(-2.599792 -1323.769 -18846.17)
(-0.8984149 -395.6586 -18252.63)
(-3.707078 3400.265 -35779.46)
(-8.429349 1695.847 -34999.65)
(-10.39013 790.885 -34525.66)
(-10.96785 233.8536 -34302.17)
(-10.73565 -228.8983 -34274.08)
(-10.20815 -808.4598 -34417.57)
(-9.545434 -1802.686 -34692.4)
(-8.742899 -3819.003 -34786.38)
(-7.09442 -10584.15 -29392.66)
(-5.416711 -6582.194 -22072.18)
(-3.909669 -3551.768 -19292.08)
(-2.411894 -1712.565 -18180.32)
(-0.8363842 -506.8967 -17758.48)
(-3.375507 695.6607 -36157.37)
(-7.691864 315.422 -35139.07)
(-9.464698 90.52164 -34724.35)
(-9.920146 -96.65349 -34720.12)
(-9.606118 -344.6896 -35150.47)
(-8.977726 -817.8258 -36301.15)
(-8.153213 -1940.559 -39046.55)
(-6.266611 -18179.56 -31110.87)
(-4.883428 -8323.373 -19756.47)
(-3.586813 -4138.246 -17874.77)
(-2.227333 -1943.56 -17341)
(-0.7734301 -570.4382 -17160.07)
(-5.111494 -19559.93 -7117.372)
(-4.313213 -8648.82 -15070.69)
(-3.261806 -4227.946 -16119)
(-2.053178 -1969.627 -16412.39)
(-0.7146341 -576.1548 -16517.41)
(-4.289758 -13418.48 -5176.683)
(-3.792629 -7352.609 -12107.05)
(-2.95286 -3777.436 -14550.14)
(-1.889691 -1779.736 -15529.72)
(-0.6622364 -521.7634 -15901.89)
(-3.683148 -8788.928 -4089.559)
(-3.365698 -5433.26 -10262.35)
(-2.674353 -2932.522 -13345.43)
(-1.738609 -1404.976 -14797.79)
(-0.6153184 -413.8601 -15380.25)
(-3.156736 -4994.945 -3502.539)
(-3.020136 -3299.165 -9188.067)
(-2.445477 -1843.918 -12546.94)
(-1.604193 -895.9901 -14282.29)
(-0.5728689 -265.136 -15005.01)
(-2.566514 -1622.408 -3244.329)
(-2.682298 -1103.708 -8693.972)
(-2.2561 -627.8508 -12153.2)
(-1.495506 -307.4724 -14019.09)
(-0.5356995 -91.22703 -14811.26)
(-1.796941 1622.268 -3245.015)
(-2.244925 1103.694 -8696.322)
(-2.050007 627.8372 -12156.9)
(-1.404425 307.4567 -14023.68)
(-0.5063886 91.22653 -14816.38)
(-0.6940516 4997.675 -3504.68)
(-1.609932 3301.466 -9195.299)
(-1.744253 1845.396 -12558.26)
(-1.293341 896.7735 -14296.27)
(-0.4815434 265.3831 -15020.62)
(-0.6327686 5439.86 -10275.13)
(-1.26274 2936.664 -13364.93)
(-1.108811 1407.174 -14821.7)
(-0.4473567 414.5528 -15406.9)
(-0.4961181 3784.777 -14578.63)
(-0.8038254 1783.62 -15564.12)
(-0.3850892 523.0002 -15940.2)
(-0.3138705 1975.017 -16457.5)
(-0.2791211 577.8969 -16567.68)
(-0.1084627 572.4992 -17222.06)
(-4.129996 2180.566 -47443.17)
(-9.639854 1466.851 -27926.9)
(-12.05882 902.6559 -30288.65)
(-12.92582 514.919 -31696.62)
(-12.87174 260.6416 -32461.97)
(-12.51155 84.80436 -32796.48)
(-12.03776 -61.10896 -32808.68)
(-11.45279 -217.4672 -32517.93)
(-10.71508 -415.6613 -31872.21)
(-9.895533 -666.1151 -30777.64)
(-8.359731 -1056.791 -27985.1)
(-6.392536 -883.771 -24092.52)
(-4.582547 -551.8553 -21210.89)
(-2.803383 -283.0784 -19531.25)
(-0.969042 -85.66276 -18784.14)
(-3.909436 4252.669 -29209.81)
(-9.030521 2532.355 -31247.89)
(-11.22873 1411.985 -32347.98)
(-11.95654 703.8893 -32902.22)
(-11.82114 224.6894 -33129.16)
(-11.39034 -172.8278 -33122.52)
(-10.84674 -610.6442 -32884.83)
(-10.19708 -1195 -32333.76)
(-9.414244 -1989.022 -31301.7)
(-7.932988 -3345.274 -28171.38)
(-6.044957 -2692.279 -23850.92)
(-4.325479 -1640.61 -20920.49)
(-2.651818 -831.8535 -19307.66)
(-0.9147344 -250.6281 -18609.27)
(-3.653058 3563.726 -33141.98)
(-8.375012 1897.506 -33542.06)
(-10.36106 918.8536 -33668.96)
(-10.95654 283.2757 -33694.48)
(-10.74307 -244.0027 -33666.74)
(-10.23939 -857.1179 -33564.31)
(-9.616086 -1764.61 -33276.26)
(-8.885221 -3202.312 -32502.29)
(-7.408769 -6251.155 -28587.36)
(-5.648895 -4602.2 -23261.75)
(-4.047039 -2669.762 -20300.23)
(-2.482251 -1324.383 -18854.88)
(-0.8582833 -395.8503 -18261.47)
(-3.356034 1696.323 -35006.42)
(-7.674149 791.0954 -34534.15)
(-9.458428 233.9458 -34312.33)
(-9.924948 -228.9588 -34284.84)
(-9.627897 -808.7242 -34429)
(-9.033308 -1803.316 -34704.49)
(-8.29281 -3820.416 -34799.25)
(-6.768866 -10588.26 -29404.06)
(-5.184146 -6584.862 -22081.14)
(-3.750852 -3553.283 -19300.26)
(-2.308968 -1713.324 -18188.34)
(-0.7985191 -507.1322 -17766.69)
(-3.03942 315.5152 -35145.55)
(-6.953761 90.54854 -34732.78)
(-8.536248 -96.67557 -34730.31)
(-8.866227 -344.7945 -35161.48)
(-8.461953 -818.0962 -36313.2)
(-7.715027 -1941.237 -39060.17)
(-5.943443 -18186.29 -31122.37)
(-4.657223 -8326.604 -19764.14)
(-3.43371 -4139.923 -17882.02)
(-2.137019 -1944.391 -17348.34)
(-0.7403318 -570.6916 -17167.64)
(-4.835385 -19566.77 -7119.853)
(-4.089758 -8652.027 -15076.25)
(-3.109449 -4229.587 -16125.25)
(-1.966079 -1970.424 -16419.05)
(-0.6857574 -576.4022 -16524.4)
(-4.031396 -13422.93 -5178.393)
(-3.587287 -7355.194 -12111.27)
(-2.79899 -3778.842 -14555.5)
(-1.800777 -1780.427 -15535.74)
(-0.6343293 -521.9744 -15908.35)
(-3.358338 -8791.662 -4090.819)
(-3.161485 -5435.066 -10265.73)
(-2.529414 -2933.563 -13350.07)
(-1.64742 -1405.502 -14803.23)
(-0.5861689 -414.0207 -15386.21)
(-2.653842 -4996.386 -3503.501)
(-2.748996 -3300.191 -9190.889)
(-2.296722 -1844.534 -12551.07)
(-1.517263 -896.3153 -14287.25)
(-0.5426102 -265.2365 -15010.53)
(-1.801628 -1622.844 -3245.028)
(-2.249208 -1104.046 -8696.345)
(-2.051016 -628.0465 -12156.92)
(-1.404655 -307.5781 -14023.7)
(-0.5067039 -91.26354 -14816.4)
(-0.671855 1622.479 -3245.437)
(-1.573345 1103.882 -8698.182)
(-1.715634 627.9935 -12160.2)
(-1.275777 307.5517 -14027.97)
(-0.47577 91.25534 -14821.25)
(-0.6022649 3301.92 -9196.491)
(-1.220978 1845.768 -12560.93)
(-1.080895 897.013 -14300.14)
(-0.4372722 265.4653 -15025.22)
(-0.472342 2937.067 -13366.64)
(-0.77556 1407.465 -14824.83)
(-0.3735475 414.6651 -15411.06)
(-0.3006056 1783.864 -15566.09)
(-0.2693136 523.1097 -15943.56)
(-0.1044214 577.9758 -16569.77)
(-3.867073 1467.275 -27932.39)
(-8.981766 902.8865 -30296.27)
(-11.19797 515.0932 -31706.15)
(-11.93812 260.7357 -32472.17)
(-11.81453 84.83687 -32807.37)
(-11.39411 -61.12886 -32820.09)
(-10.8621 -217.5456 -32529.96)
(-10.22844 -415.822 -31884.58)
(-9.467047 -666.3848 -30790.12)
(-8.020808 -1057.241 -27996.99)
(-6.121677 -884.1617 -24103.14)
(-4.375505 -552.1112 -21220.7)
(-2.678673 -283.2155 -19540.71)
(-0.9232153 -85.70605 -18793.67)
(-3.60709 2533.071 -31253.96)
(-8.326204 1412.352 -32356.02)
(-10.33398 704.1324 -32912.03)
(-10.94552 224.7784 -33139.57)
(-10.7492 -172.8786 -33133.52)
(-10.26582 -610.8557 -32896.28)
(-9.671935 -1195.439 -32345.72)
(-8.985385 -1989.793 -31313.85)
(-7.590351 -3346.63 -28182.81)
(-5.799241 -2693.426 -23861.04)
(-4.141645 -1641.336 -20929.72)
(-2.532035 -832.2396 -19316.59)
(-0.8739334 -250.7495 -18618.29)
(-3.327836 1898.042 -33548.43)
(-7.647365 919.0977 -33677.23)
(-9.448548 283.3868 -33704.45)
(-9.931311 -244.0655 -33677.3)
(-9.657123 -857.3975 -33575.46)
(-9.100238 -1765.226 -33287.86)
(-8.427991 -3203.496 -32514.31)
(-7.069349 -6253.581 -28598.45)
(-5.405851 -4604.066 -23271.18)
(-3.882384 -2670.901 -20308.83)
(-2.376474 -1324.97 -18863.2)
(-0.8194865 -396.0341 -18269.92)
(-3.030101 791.33 -34540.48)
(-6.947299 234.0151 -34320.67)
(-8.54035 -229.0099 -34294.9)
(-8.886227 -808.9699 -34439.79)
(-8.514314 -1803.911 -34716.01)
(-7.847183 -3821.751 -34811.39)
(-6.420433 -10592.18 -29414.94)
(-4.944824 -6587.418 -22089.7)
(-3.590195 -3554.724 -19308.09)
(-2.215098 -1714.056 -18196.04)
(-0.7644142 -507.3573 -17774.53)
(-2.726917 90.58625 -34738.87)
(-6.239277 -96.69452 -34738.64)
(-7.612825 -344.8896 -35171.7)
(-7.797443 -818.3495 -36324.54)
(-7.266915 -1941.88 -39073.12)
(-5.622893 -18192.65 -31133.23)
(-4.416816 -8329.689 -19771.43)
(-3.274034 -4141.53 -17888.95)
(-2.045934 -1945.179 -17355.38)
(-0.7103039 -570.936 -17174.91)
(-4.545964 -19573.26 -7122.207)
(-3.868397 -8655.062 -15081.5)
(-2.948219 -4231.158 -16131.19)
(-1.874053 -1971.189 -16425.41)
(-0.6566842 -576.6355 -16531.1)
(-3.681454 -13427.11 -5179.991)
(-3.36978 -7357.635 -12115.26)
(-2.647218 -3780.175 -14560.57)
(-1.706896 -1781.091 -15541.47)
(-0.6044592 -522.177 -15914.51)
(-2.830179 -8794.175 -4091.949)
(-2.880412 -5436.757 -10268.89)
(-2.375109 -2934.54 -13354.47)
(-1.558042 -1406.003 -14808.38)
(-0.5554221 -414.176 -15391.87)
(-1.86607 -4997.582 -3504.262)
(-2.309202 -3301.146 -9193.405)
(-2.089136 -1845.108 -12554.92)
(-1.424598 -896.6155 -14291.95)
(-0.5131893 -265.3332 -15015.75)
(-0.6729538 -1623.1 -3245.451)
(-1.577157 -1104.351 -8698.212)
(-1.718617 -628.2421 -12160.23)
(-1.27638 -307.6742 -14027.99)
(-0.4758486 -91.29504 -14821.27)
(-0.5874183 1104.021 -8699.303)
(-1.200729 628.0936 -12162.79)
(-1.067154 307.6263 -14031.77)
(-0.4320831 91.28347 -14825.78)
(-0.4557248 1846.017 -12562.53)
(-0.7556521 897.19 -14303.16)
(-0.3653505 265.5358 -15029.28)
(-0.2894515 1407.656 -14826.7)
(-0.2610646 414.7502 -15414.31)
(-0.10057 523.1807 -15945.56)
(-3.581401 903.1434 -30302.06)
(-8.298154 515.2266 -31714.03)
(-10.31807 260.8258 -32481.84)
(-10.93885 84.87048 -32817.67)
(-10.75248 -61.14668 -32830.99)
(-10.28043 -217.6209 -32541.29)
(-9.701719 -415.9748 -31896.38)
(-9.035833 -666.6431 -30802.07)
(-7.674249 -1057.669 -28008.34)
(-5.872756 -884.5382 -24113.37)
(-4.189625 -552.3555 -21230.06)
(-2.55773 -283.3469 -19549.75)
(-0.8820656 -85.74757 -18802.77)
(-3.302372 1412.753 -32362.06)
(-7.622342 704.3191 -32920.11)
(-9.438959 224.8662 -33149.36)
(-9.936482 -172.9219 -33143.91)
(-9.681813 -611.0546 -32907.2)
(-9.153155 -1195.856 -32357)
(-8.523135 -1990.528 -31325.43)
(-7.242913 -3347.929 -28193.75)
(-5.549422 -2694.518 -23870.72)
(-3.972981 -1642.036 -20938.59)
(-2.424234 -832.6083 -19325.12)
(-0.8344674 -250.8659 -18626.9)
(-3.015964 919.3716 -33683.34)
(-6.937133 283.4704 -33712.63)
(-8.545781 -244.118 -33687.17)
(-8.913017 -857.657 -33585.97)
(-8.577324 -1765.809 -33298.91)
(-7.975168 -3204.615 -32525.65)
(-6.705836 -6255.896 -28609.03)
(-5.156828 -4605.853 -23280.21)
(-3.715709 -2671.984 -20317.07)
(-2.279691 -1325.536 -18871.19)
(-0.7845352 -396.2098 -18277.98)
(-2.723145 234.1121 -34326.66)
(-6.241284 -229.0541 -34303.13)
(-7.630088 -809.1921 -34449.79)
(-7.845862 -1804.469 -34726.86)
(-7.391575 -3823.017 -34822.93)
(-6.074402 -10595.88 -29425.2)
(-4.690183 -6589.858 -22097.86)
(-3.423784 -3556.103 -19315.58)
(-2.120359 -1714.751 -18203.43)
(-0.7333257 -507.5742 -17782.06)
(-2.430455 -96.69564 -34744.47)
(-5.537906 -344.9672 -35180.04)
(-6.680354 -818.5804 -36335.01)
(-6.684765 -1942.484 -39085.31)
(-5.289377 -18198.68 -31143.55)
(-4.177898 -8332.608 -19778.33)
(-3.104898 -4143.066 -17895.55)
(-1.950566 -1945.934 -17362.11)
(-0.6800495 -571.1673 -17181.88)
(-4.15872 -19579.35 -7124.411)
(-3.634497 -8657.933 -15086.48)
(-2.788348 -4232.646 -16136.81)
(-1.776825 -1971.922 -16431.47)
(-0.6259161 -576.8594 -16537.51)
(-3.110998 -13430.93 -5181.432)
(-3.073679 -7359.924 -12118.99)
(-2.485621 -3781.431 -14565.36)
(-1.614232 -1781.721 -15546.87)
(-0.5729395 -522.3719 -15920.37)
(-1.995474 -8796.234 -4092.847)
(-2.424512 -5438.313 -10271.72)
(-2.162074 -2935.452 -13358.57)
(-1.462585 -1406.472 -14813.25)
(-0.5252708 -414.324 -15397.22)
(-0.6973794 -4998.324 -3504.724)
(-1.621461 -3301.944 -9195.393)
(-1.753215 -1845.645 -12558.34)
(-1.29514 -896.8946 -14296.33)
(-0.481777 -265.4222 -15020.68)
(-0.5883357 -1104.527 -8699.336)
(-1.203391 -628.4223 -12162.82)
(-1.068877 -307.7717 -14031.79)
(-0.4322828 -91.32361 -14825.8)
(-0.4474818 628.1694 -12164.34)
(-0.7460051 307.6719 -14034.74)
(-0.3613244 91.30524 -14829.79)
(-0.2815359 897.3086 -14304.96)
(-0.2552366 265.5875 -15032.45)
(-0.0973186 414.8059 -15416.25)
(-3.287665 515.3737 -31719.89)
(-7.6076 260.8949 -32489.82)
(-9.433166 84.90358 -32827.36)
(-9.93922 -61.16171 -32841.28)
(-9.695442 -217.6917 -32552.09)
(-9.181381 -416.1199 -31907.49)
(-8.571057 -666.8893 -30813.46)
(-7.323104 -1058.08 -28019.21)
(-5.619627 -884.8968 -24123.15)
(-4.018931 -552.591 -21239.07)
(-2.448883 -283.4724 -19558.38)
(-0.8422511 -85.78737 -18811.47)
(-3.002707 704.5301 -32926.02)
(-6.927278 224.9322 -33157.41)
(-8.550192 -172.9577 -33153.62)
(-8.935607 -611.2389 -32917.5)
(-8.627112 -1196.251 -32367.73)
(-8.065256 -1991.224 -31336.35)
(-6.870705 -3349.168 -28204.17)
(-5.294104 -2695.564 -23879.98)
(-3.802177 -1642.701 -20947.09)
(-2.325399 -832.9637 -19333.3)
(-0.7989092 -250.9772 -18635.12)
(-2.717219 283.587 -33718.49)
(-6.243676 -244.1639 -33695.25)
(-7.653202 -857.8913 -33595.73)
(-7.904078 -1766.354 -33309.31)
(-7.512253 -3205.676 -32536.43)
(-6.344561 -6258.084 -28619)
(-4.891677 -4607.559 -23288.81)
(-3.543862 -2673.021 -20324.95)
(-2.181957 -1326.073 -18878.85)
(-0.7525697 -396.3791 -18285.72)
(-2.430567 -229.0539 -34308.87)
(-5.550001 -809.3736 -34457.97)
(-6.722216 -1804.978 -34736.87)
(-6.800253 -3824.204 -34833.79)
(-5.715477 -10599.39 -29434.94)
(-4.436609 -6592.167 -22105.57)
(-3.247379 -3557.422 -19322.71)
(-2.021829 -1715.417 -18210.49)
(-0.7019831 -507.7799 -17789.28)
(-2.144402 -345.0105 -35185.72)
(-4.837625 -818.7681 -36343.54)
(-5.713278 -1943.035 -39096.49)
(-4.848355 -18204.35 -31153.23)
(-3.926214 -8335.371 -19784.87)
(-2.93657 -4144.521 -17901.79)
(-1.849745 -1946.657 -17368.51)
(-0.6483139 -571.389 -17188.54)
(-3.524762 -19584.93 -7126.405)
(-3.319112 -8660.626 -15091.14)
(-2.618293 -4234.051 -16142.13)
(-1.680343 -1972.618 -16437.19)
(-0.5934337 -577.0741 -16543.6)
(-2.201377 -13434.05 -5182.582)
(-2.592786 -7362.022 -12122.35)
(-2.264632 -3782.607 -14569.84)
(-1.515199 -1782.314 -15551.99)
(-0.541816 -522.5571 -15925.91)
(-0.7471542 -8797.528 -4093.396)
(-1.706022 -5439.593 -10273.95)
(-1.817492 -2936.295 -13362.22)
(-1.330516 -1406.909 -14817.79)
(-0.4930136 -414.4622 -15402.29)
(-0.6050253 -3302.435 -9196.591)
(-1.228973 -1846.097 -12561.03)
(-1.08605 -897.1569 -14300.21)
(-0.4378678 -265.5049 -15025.28)
(-0.4481432 -628.5246 -12164.37)
(-0.7475449 -307.8631 -14034.77)
(-0.3618844 -91.35288 -14829.81)
(-0.277596 307.7074 -14036.51)
(-0.2524243 91.31813 -14832.92)
(-0.09500221 265.6222 -15034.33)
(-2.994871 260.9732 -32495.61)
(-6.921327 84.92842 -32835.33)
(-8.552528 -61.17406 -32850.9)
(-8.948059 -217.7572 -32562.27)
(-8.653654 -416.2571 -31918.08)
(-8.110634 -667.1224 -30824.21)
(-6.946881 -1058.471 -28029.57)
(-5.361228 -885.2402 -24132.51)
(-3.846036 -552.815 -21247.68)
(-2.348992 -283.5934 -19566.67)
(-0.8063768 -85.82541 -18819.77)
(-2.711478 225.0243 -33163.13)
(-6.245352 -172.9894 -33161.57)
(-7.672685 -611.405 -32927.06)
(-7.950037 -1196.62 -32377.84)
(-7.597165 -1991.883 -31346.74)
(-6.500626 -3350.339 -28214.01)
(-5.022145 -2696.562 -23888.8)
(-3.626572 -1643.339 -20955.21)
(-2.225558 -833.3013 -19341.15)
(-0.7663211 -251.0844 -18643.02)
(-2.430435 -244.1587 -33700.88)
(-5.566046 -858.083 -33603.7)
(-6.772525 -1766.851 -33318.92)
(-6.91198 -3206.671 -32546.58)
(-5.970354 -6260.158 -28628.48)
(-4.627309 -4609.172 -23296.93)
(-3.361596 -2674.012 -20332.45)
(-2.080787 -1326.588 -18886.17)
(-0.7203275 -396.5397 -18293.14)
(-2.148736 -809.4735 -34463.53)
(-4.867978 -1805.391 -34745.02)
(-5.813201 -3825.289 -34843.77)
(-5.243419 -10602.69 -29444.1)
(-4.170098 -6594.353 -22112.88)
(-3.071379 -3558.67 -19329.44)
(-1.917612 -1716.053 -18217.2)
(-0.6693236 -507.977 -17796.17)
(-1.862967 -818.8839 -36349.21)
(-4.118311 -1943.483 -39105.58)
(-4.122131 -18209.53 -31162.08)
(-3.589497 -8337.964 -19790.99)
(-2.75778 -4145.896 -17907.69)
(-1.749308 -1947.342 -17374.56)
(-0.6147946 -571.6014 -17194.87)
(-2.504971 -19589.46 -7128.006)
(-2.805776 -8663.091 -15095.34)
(-2.387614 -4235.368 -16147.1)
(-1.577253 -1973.273 -16442.6)
(-0.5611873 -577.2779 -16549.36)
(-0.8268295 -13436.03 -5183.293)
(-1.829206 -7363.737 -12125.01)
(-1.907016 -3783.686 -14573.84)
(-1.379357 -1782.868 -15556.76)
(-0.5084883 -522.731 -15931.15)
(-0.6373924 -5440.391 -10275.31)
(-1.276081 -2936.99 -13365.1)
(-1.117355 -1407.314 -14821.82)
(-0.4483381 -414.5911 -15407)
(-0.4577055 -1846.372 -12562.64)
(-0.7602603 -897.3794 -14303.26)
(-0.3670241 -265.5828 -15029.35)
(-0.2779888 -307.9143 -14036.54)
(-0.2529255 -91.38061 -14832.95)
(-0.09385122 91.32835 -14834.78)
(-2.70801 84.96309 -32840.98)
(-6.246116 -61.18507 -32858.78)
(-7.683422 -217.8162 -32571.73)
(-7.974524 -416.3853 -31928.05)
(-7.639924 -667.3431 -30834.42)
(-6.572736 -1058.842 -28039.34)
(-5.085938 -885.5681 -24141.42)
(-3.668521 -553.0296 -21255.92)
(-2.248067 -283.7084 -19574.61)
(-0.7734664 -85.86205 -18827.75)
(-2.430046 -172.9821 -33167.1)
(-5.579442 -611.5411 -32934.88)
(-6.812227 -1196.955 -32387.18)
(-6.990548 -1992.5 -31356.52)
(-6.117552 -3351.449 -28223.35)
(-4.75079 -2697.506 -23897.13)
(-3.440256 -1643.948 -20962.95)
(-2.122511 -833.6248 -19348.65)
(-0.7334403 -251.1861 -18650.58)
(-2.154384 -858.1857 -33609.13)
(-4.904312 -1767.254 -33326.74)
(-5.909823 -3207.579 -32555.9)
(-5.4796 -6262.104 -28637.39)
(-4.349867 -4610.7 -23304.64)
(-3.179456 -2674.95 -20339.54)
(-1.973734 -1327.08 -18893.14)
(-0.6868872 -396.6937 -18300.23)
(-1.874552 -1805.645 -34750.45)
(-4.191368 -3826.17 -34851.87)
(-4.464155 -10605.71 -29452.46)
(-3.81546 -6596.403 -22119.72)
(-2.884708 -3559.851 -19335.82)
(-1.813507 -1716.657 -18223.55)
(-0.6348141 -508.1656 -17802.73)
(-1.577461 -1943.766 -39111.52)
(-2.943943 -18213.74 -31169.25)
(-3.04006 -8340.335 -19796.52)
(-2.516835 -4147.185 -17913.21)
(-1.642069 -1947.988 -17380.28)
(-0.5813861 -571.8028 -17200.86)
(-0.9447978 -19592.36 -7129.004)
(-1.985079 -8665.099 -15098.7)
(-2.013906 -4236.573 -16151.54)
(-1.436877 -1973.886 -16447.65)
(-0.5266542 -577.4698 -16554.81)
(-0.6848216 -7364.813 -12126.65)
(-1.341515 -3784.571 -14577)
(-1.160097 -1783.378 -15561)
(-0.4627064 -522.8936 -15936.03)
(-0.4756284 -2937.42 -13366.83)
(-0.7831965 -1407.65 -14825)
(-0.3763139 -414.7106 -15411.18)
(-0.2827092 -897.5134 -14305.07)
(-0.2567346 -265.6491 -15032.54)
(-0.09398092 -91.39599 -14834.81)
(-2.429709 -61.1817 -32864.25)
(-5.586771 -217.8645 -32579.47)
(-6.833375 -416.5019 -31937.26)
(-7.030095 -667.55 -30844.04)
(-6.185553 -1059.192 -28048.63)
(-4.811168 -885.8782 -24149.84)
(-3.480148 -553.2345 -21263.77)
(-2.144047 -283.8185 -19582.2)
(-0.740255 -85.89686 -18835.38)
(-2.159009 -611.6123 -32940.19)
(-4.932871 -1197.228 -32394.79)
(-5.97774 -1993.064 -31365.5)
(-5.615936 -3352.491 -28232.13)
(-4.466264 -2698.401 -23905.04)
(-3.253892 -1644.524 -20970.26)
(-2.013441 -833.9339 -19355.79)
(-0.6994384 -251.2836 -18657.81)
(-1.888327 -1767.5 -33331.96)
(-4.261828 -3208.317 -32563.48)
(-4.668513 -6263.883 -28645.52)
(-3.981957 -4612.134 -23311.85)
(-2.986489 -2675.837 -20346.26)
(-1.866603 -1327.546 -18899.72)
(-0.651541 -396.8409 -18306.98)
(-1.605736 -3826.724 -34857.18)
(-3.194803 -10608.15 -29459.23)
(-3.23569 -6598.277 -22125.92)
(-2.634372 -3560.957 -19341.78)
(-1.702448 -1717.226 -18229.56)
(-0.600321 -508.3445 -17808.93)
(-1.116 -18216.43 -31173.85)
(-2.156552 -8342.263 -19800.97)
(-2.12597 -4148.364 -17918.16)
(-1.496909 -1948.594 -17385.62)
(-0.5456234 -571.9927 -17206.52)
(-0.7450372 -8666.365 -15100.77)
(-1.419559 -4237.557 -16155.07)
(-1.210171 -1974.448 -16452.14)
(-0.4795454 -577.6493 -16559.88)
(-0.5006782 -3785.121 -14578.91)
(-0.8144023 -1783.796 -15564.35)
(-0.3889078 -523.0431 -15940.36)
(-0.2913891 -1407.855 -14826.88)
(-0.2635402 -414.81 -15414.47)
(-0.09538928 -265.6889 -15034.43)
(-2.161502 -217.8895 -32584.71)
(-4.948039 -416.5968 -31944.76)
(-6.011917 -667.7386 -30852.88)
(-5.678898 -1059.522 -28057.35)
(-4.523175 -886.1719 -24157.83)
(-3.291643 -553.4285 -21271.18)
(-2.033933 -283.9237 -19589.42)
(-0.7059603 -85.9302 -18842.69)
(-1.899081 -1197.392 -32399.86)
(-4.311236 -1993.521 -31372.8)
(-4.786423 -3353.442 -28240.15)
(-4.089726 -2699.239 -23912.44)
(-3.056596 -1645.07 -20977.18)
(-1.904171 -834.2267 -19362.53)
(-0.6634905 -251.3769 -18664.69)
(-1.632897 -3208.778 -32568.45)
(-3.344396 -6265.327 -28652.1)
(-3.379747 -4613.443 -23318.39)
(-2.728592 -2676.668 -20352.53)
(-1.752406 -1327.987 -18905.95)
(-0.616144 -396.9804 -18313.36)
(-1.213571 -10609.71 -29463.58)
(-2.299599 -6599.8 -22130.9)
(-2.22777 -3561.968 -19347.14)
(-1.552802 -1717.76 -18235.15)
(-0.5634202 -508.5132 -17814.8)
(-0.8114105 -8343.48 -19803.74)
(-1.501331 -4149.324 -17922.1)
(-1.262283 -1949.148 -17390.38)
(-0.4971127 -572.1705 -17211.8)
(-0.5306477 -4238.171 -16157.21)
(-0.8509022 -1974.908 -16455.7)
(-0.4035821 -577.8138 -16564.39)
(-0.303277 -1784.055 -15566.35)
(-0.2727298 -523.1662 -15943.77)
(-0.09795665 -414.8706 -15416.42)
(-1.904764 -416.6536 -31949.77)
(-4.336056 -667.8917 -30860.06)
(-4.84086 -1059.822 -28065.32)
(-4.142409 -886.4473 -24165.31)
(-3.092153 -553.612 -21278.21)
(-1.92356 -284.0234 -19596.25)
(-0.6696987 -85.96208 -18849.63)
(-1.651869 -1993.806 -31377.59)
(-3.430559 -3354.214 -28246.64)
(-3.47295 -2700.005 -23919.15)
(-2.793475 -1645.581 -20983.65)
(-1.787761 -834.5035 -19368.92)
(-0.6274488 -251.4652 -18671.2)
(-1.271587 -6266.241 -28656.33)
(-2.40482 -4614.506 -23323.65)
(-2.309308 -2677.428 -20358.17)
(-1.599032 -1328.399 -18911.76)
(-0.5782996 -397.1122 -18319.39)
(-0.8667409 -6600.76 -22134.02)
(-1.575565 -3562.791 -19351.41)
(-1.310722 -1718.248 -18240.16)
(-0.5135851 -508.6712 -17820.26)
(-0.562099 -4149.924 -17924.5)
(-0.8888533 -1949.599 -17394.15)
(-0.4188423 -572.3331 -17216.49)
(-0.3172263 -1975.193 -16457.82)
(-0.2834172 -577.9486 -16567.95)
(-0.1014475 -523.2419 -15945.8)
(-1.661373 -667.9868 -30864.77)
(-3.470292 -1060.066 -28071.77)
(-3.518499 -886.6987 -24172.09)
(-2.826377 -553.784 -21284.77)
(-1.80601 -284.1176 -19602.71)
(-0.6333222 -85.99228 -18856.2)
(-1.304918 -3354.701 -28250.81)
(-2.472833 -2700.627 -23924.54)
(-2.365427 -1646.048 -20989.47)
(-1.631742 -834.7628 -19374.87)
(-0.5889332 -251.5487 -18677.35)
(-0.9073907 -4615.175 -23326.94)
(-1.634981 -2678.045 -20362.68)
(-1.350744 -1328.776 -18916.96)
(-0.5273518 -397.2356 -18325.01)
(-0.5906583 -3563.305 -19354.01)
(-0.9241051 -1718.645 -18244.13)
(-0.433124 -508.8156 -17825.13)
(-0.3317543 -1949.88 -17396.42)
(-0.2945193 -572.4659 -17220.2)
(-0.1055209 -578.0317 -16570.06)
(-1.320262 -1060.219 -28075.91)
(-2.50605 -886.9028 -24177.54)
(-2.393876 -553.941 -21290.68)
(-1.648623 -284.2059 -19608.74)
(-0.5944587 -86.02081 -18862.42)
(-0.9336351 -2701.017 -23927.92)
(-1.675851 -1646.427 -20994.12)
(-1.379043 -834.9994 -19380.2)
(-0.5371879 -251.6268 -18683.08)
(-0.6135109 -2678.431 -20365.43)
(-0.9532151 -1329.083 -18921.08)
(-0.4450456 -397.3482 -18330.02)
(-0.3452589 -1718.891 -18246.51)
(-0.3049019 -508.9333 -17828.98)
(-0.1097599 -572.548 -17222.41)
(-0.9464424 -887.0309 -24180.96)
(-1.696562 -554.0685 -21295.39)
(-1.393642 -284.2864 -19614.13)
(-0.5422983 -86.04753 -18868.21)
(-0.6292235 -1646.663 -20996.96)
(-0.9737891 -835.1918 -19384.43)
(-0.4535571 -251.6981 -18688.19)
(-0.3564131 -1329.273 -18923.57)
(-0.3135642 -397.4399 -18333.99)
(-0.1137279 -509.0061 -17831.28)
(-0.6371832 -554.1481 -21298.28)
(-0.9844005 -284.3519 -19618.42)
(-0.4579776 -86.07192 -18873.37)
(-0.3642964 -835.3113 -19386.98)
(-0.3197463 -251.7561 -18692.24)
(-0.1170398 -397.4966 -18336.36)
(-0.3683622 -284.3925 -19621)
(-0.3229562 -86.09174 -18877.47)
(-0.1194039 -251.792 -18694.66)
(-0.1206315 -86.10401 -18879.91)
)
;

boundaryField
{
    interconnectSides
    {
        type            zeroGradient;
    }
    anodeSides
    {
        type            zeroGradient;
    }
    interconnect1
    {
        type            zeroGradient;
    }
    phiEA_to_phiE0
    {
        type            zeroGradient;
    }
}


// ************************************************************************* //
