/*--------------------------------*- C++ -*----------------------------------*\
| =========                 |                                                 |
| \\      /  F ield         | OpenFOAM: The Open Source CFD Toolbox           |
|  \\    /   O peration     | Version:  2312                                  |
|   \\  /    A nd           | Website:  www.openfoam.com                      |
|    \\/     M anipulation  |                                                 |
\*---------------------------------------------------------------------------*/
FoamFile
{
    version     2.0;
    format      ascii;
    arch        "LSB;label=32;scalar=64";
    class       volScalarField;
    location    "2/air";
    object      p_rgh;
}
// * * * * * * * * * * * * * * * * * * * * * * * * * * * * * * * * * * * * * //

dimensions      [1 -1 -2 0 0 0 0];

internalField   nonuniform List<scalar> 
16000
(
174744.3
174744.3
174711.7
174744.3
174744.3
174711.7
174744.3
174646.5
174711.7
174744.6
174744.3
174711.7
174744.2
174646.5
174711.7
174744.6
174544.8
174646.5
174712.1
174745.4
174744.2
174711.7
174744.2
174646.5
174711.7
174744.5
174544.9
174646.6
174712.1
174745.3
174402.8
174544.9
174646.9
174712.8
174746.5
174744.2
174711.7
174744.2
174646.5
174711.7
174744.5
174544.9
174646.5
174712
174745.2
174402.8
174544.9
174646.9
174712.8
174746.4
174216.6
174402.9
174545.4
174647.7
174714
174748.1
199815.7
174744.2
174711.7
174744.2
174646.5
174711.7
174744.4
174544.9
174646.5
174712
174745.1
174402.9
174544.9
174646.9
174712.7
174746.2
174216.6
174402.9
174545.4
174647.7
174713.9
174747.9
173982.4
174216.7
174403.4
174546.2
174649
174715.6
174750.3
198639.9
199876.7
200003.1
174744.3
174711.7
174744.2
174646.5
174711.7
174744.4
174544.9
174646.5
174712
174745
174402.9
174544.9
174646.9
174712.6
174746
174216.6
174402.9
174545.3
174647.6
174713.8
174747.6
173982.4
174216.7
174403.4
174546.2
174648.9
174715.5
174749.9
173696.4
173982.6
174217.3
174404.3
174547.5
174650.7
174717.9
174753.3
196278.2
198696.8
198829.1
199858.2
200064.9
200378.3
174744.3
174711.7
174744.2
174646.5
174711.7
174744.5
174544.9
174646.5
174712
174745
174402.9
174544.9
174646.8
174712.6
174746
174216.6
174402.9
174545.3
174647.6
174713.6
174747.4
173982.5
174216.7
174403.4
174546.1
174648.8
174715.2
174749.4
173696.5
173982.6
174217.3
174404.3
174547.5
174650.5
174717.5
174752.6
173354.7
173696.6
173983.1
174218.3
174405.7
174549.4
174653.1
174720.9
174757.6
192677.5
196326.8
196477.5
198676.3
198886.9
199206.9
199793.6
200046.7
200441.8
200941
174744.3
174711.7
174744.3
174646.5
174711.7
174744.5
174544.9
174646.5
174712
174745.1
174402.9
174544.9
174646.8
174712.6
174746
174216.6
174402.9
174545.3
174647.5
174713.6
174747.2
173982.5
174216.7
174403.4
174546.1
174648.6
174715
174749
173696.5
173982.6
174217.2
174404.3
174547.3
174650.3
174717.1
174751.7
173354.8
173696.7
173983.2
174218.2
174405.7
174549.2
174652.7
174720.2
174756
172953.4
173355
173697.3
173984.2
174219.8
174407.7
174551.9
174656.3
174725.3
174764.6
187599.7
192713.2
192924.2
196302.2
196527
196869.8
198610.1
198866.7
199266.4
199771.1
199693.8
199982.4
200424.2
201007.1
201690.6
174711.7
174744.3
174646.5
174711.7
174744.6
174544.9
174646.5
174712
174745.2
174402.9
174544.9
174646.9
174712.6
174746
174216.6
174402.9
174545.3
174647.5
174713.6
174747.2
173982.5
174216.7
174403.3
174546
174648.6
174714.8
174748.8
173696.5
173982.6
174217.2
174404.2
174547.2
174650.1
174716.7
174751
173354.8
173696.7
173983.1
174218.2
174405.6
174549
174652.2
174719.3
174754.3
172953.5
173355
173697.3
173984.2
174219.7
174407.5
174551.5
174655.5
174723.7
174760.2
172487.9
172953.7
173355.6
173698.4
173985.8
174221.8
174410.3
174555.2
174660.8
174732.2
179097.1
187616.7
188074.4
192682.4
192961
193378.5
196232.8
196502.8
196921.1
197446.3
198508.4
198800.8
199246.8
199833.1
200519.5
199559
199882.8
200360.4
200990.2
201760.1
206387
174646.5
174711.7
174744.6
174544.8
174646.6
174712.1
174745.3
174402.9
174544.9
174646.9
174712.7
174746.2
174216.6
174402.9
174545.3
174647.6
174713.6
174747.4
173982.5
174216.7
174403.3
174546
174648.6
174714.8
174748.8
173696.5
173982.6
174217.2
174404.1
174547.1
174649.9
174716.4
174750.6
173354.8
173696.7
173983.1
174218.1
174405.4
174548.7
174651.8
174718.7
174753.2
172953.5
173355
173697.3
173984.1
174219.6
174407.3
174551
174654.6
174722
174757
172488
172953.7
173355.7
173698.4
173985.7
174221.7
174410
174554.5
174659.2
174727.9
177236.6
171953.5
172488.2
172954.4
173356.9
173700.1
173988
174224.6
174413.9
174559.9
174667.9
179081.5
181494.9
187576.7
188093.4
188776.9
192607.8
192930.6
193417.3
194007
196127.3
196433.6
196897.5
197500.2
198199.7
198371.3
198699.4
199181.4
199814.5
200585
205194.2
199387
199748.4
200261.4
200927.2
201744.3
206478
207316.4
174544.8
174646.5
174712.1
174745.4
174402.8
174544.9
174646.9
174712.8
174746.4
174216.6
174402.9
174545.3
174647.6
174713.8
174747.6
173982.5
174216.7
174403.4
174546.1
174648.6
174715
174749
173696.5
173982.6
174217.2
174404.1
174547.1
174649.9
174716.4
174750.6
173354.8
173696.7
173983.1
174218.1
174405.3
174548.6
174651.6
174718.3
174752.6
172953.6
173355
173697.2
173984.1
174219.4
174407
174550.6
174653.9
174720.9
174755.1
172488.1
172953.7
173355.7
173698.3
173985.6
174221.4
174409.5
174553.6
174657.5
174724.7
176513.8
171953.6
172488.2
172954.4
173356.9
173700
173987.8
174224.3
174413.1
174558.3
174663.6
177213.7
178985.6
171345.6
171953.8
172489
172955.7
173358.6
173702.4
173990.9
174228.3
174418.8
174567.3
179025.6
181488.7
183308
187494.8
188054.4
188798.9
189593.5
192496.5
192856.3
193387.7
194048.8
194786.8
195985.5
196328.4
196828.9
197477.7
198257.2
202850
198196.5
198562.6
199080.6
199749.8
200567.5
205281.6
206119.3
199175
199576.8
200127.7
200829.1
201682.2
206468.9
207411.7
208285.5
174402.8
174544.9
174646.9
174712.8
174746.5
174216.6
174402.9
174545.4
174647.7
174713.9
174747.9
173982.5
174216.7
174403.4
174546.1
174648.8
174715.2
174749.4
173696.5
173982.6
174217.2
174404.2
174547.2
174650.1
174716.7
174751
173354.8
173696.7
173983.1
174218.1
174405.3
174548.6
174651.6
174718.3
174752.6
172953.6
173355
173697.2
173984
174219.3
174406.9
174550.4
174653.6
174720.3
174754.3
172488.1
172953.8
173355.6
173698.3
173985.5
174221.2
174409.1
174552.9
174656.3
174722.8
176193.1
171953.7
172488.3
172954.4
173356.8
173699.9
173987.6
174223.7
174412.2
174556.6
174660.2
176487.7
177845.6
171345.7
171953.9
172489
172955.7
173358.6
173702.2
173990.6
174227.5
174417.1
174562.9
177154.4
178969.5
180501.4
170658.9
171345.9
171954.7
172490.3
172957.6
173361.1
173705.5
173994.8
174233.4
174426.4
178931.5
181437.6
183309.2
184733
187375.2
187973.2
188761.2
189619.2
190468.5
192347.6
192745.4
193314.1
194020.3
194832.3
199403.9
195805.1
196187.1
196724.3
197409.8
198235.9
202929
203770.1
197981.2
198388.3
198944.6
199649.9
200503.8
205271.4
206211
207083.6
198919.9
199365.4
199957.1
200696.5
201585.3
206412.9
207404
208384.7
209369.8
174216.6
174402.9
174545.4
174647.7
174714
174748.1
173982.4
174216.7
174403.4
174546.2
174648.9
174715.5
174749.9
173696.5
173982.6
174217.2
174404.3
174547.3
174650.3
174717.1
174751.7
173354.8
173696.7
173983.1
174218.1
174405.4
174548.7
174651.8
174718.6
174753.2
172953.6
173355
173697.2
173984
174219.3
174406.9
174550.4
174653.6
174720.3
174754.3
172488.2
172953.8
173355.6
173698.2
173985.4
174221
174408.8
174552.5
174655.7
174722
176065.4
171953.8
172488.3
172954.4
173356.7
173699.8
173987.3
174223.3
174411.4
174555.3
174658.3
176165.1
177309.4
171345.8
171954
172489
172955.7
173358.5
173702
173990
174226.6
174415.3
174559.5
176426.7
177824.2
179075.9
170659
171346
171954.7
172490.3
172957.5
173360.9
173705.1
173994
174231.8
174422
177057.6
178913.8
180491.2
181793
169888.3
170659.3
171346.8
171956.1
172492.3
172960.1
173364.3
173709.6
174000.2
174241.4
178798
181347
183261.6
184740.3
185873.1
187216
187854.3
188681
189583
190498.3
195040.7
192158.5
192597
193204
193947.5
194805.1
199471.8
200317.2
195583
196007.1
196583.7
197306.2
198169
202915.8
203853.5
204729.2
197722.2
198173.5
198771.1
199515
200405.1
205214.1
206202.4
207179.5
208161.5
198618.4
199110.9
199746.7
200527.2
201454.2
206323.6
207349.2
208378
209475.5
210936.5
173982.4
174216.7
174403.4
174546.2
174649
174715.6
174750.3
173696.5
173982.6
174217.3
174404.3
174547.5
174650.6
174717.5
174752.6
173354.8
173696.7
173983.1
174218.2
174405.6
174549
174652.2
174719.3
174754.3
172953.6
173355
173697.2
173984.1
174219.4
174407
174550.6
174653.9
174720.9
174755.1
172488.2
172953.8
173355.6
173698.2
173985.4
174221
174408.8
174552.5
174655.7
174722
176065.4
171953.8
172488.4
172954.5
173356.7
173699.7
173987.2
174223
174411
174554.7
174657.4
176036.5
177092
171345.9
171954
172489
172955.6
173358.3
173701.7
173989.6
174225.8
174414
174557.5
176103.1
177284.7
178373
170659.1
171346.1
171954.7
172490.3
172957.4
173360.6
173704.6
173993
174229.9
174418.4
176328.7
177765.7
179058.8
180187.3
169888.4
170659.4
171346.9
171956.1
172492.3
172960
173363.9
173708.8
173998.5
174236.8
176920.9
178819.6
180438.7
181788.1
182872.3
169029
169888.7
170660.2
171348.3
171958.2
172495
172963.5
173368.6
173715.1
174008.4
178621.9
181217.6
183173.8
184695.5
185885.6
190398.8
187014.4
187696.2
188563.4
189504.1
190463.8
195093.5
195944.3
191926.1
192408.5
193056.5
193838.4
194733.5
199452.4
200389.6
201269.1
195316.1
195785.7
196404.7
197166.7
198066.6
202855.4
203841.9
204816.7
205800.1
197416.2
197915.2
198557.4
199342.9
200271.7
205123
206146.3
207172.3
208263.6
209718.3
198266.5
198810.2
199493.5
200318.4
201286.7
206202
207261.4
208324.4
209471.3
211051.5
218038.1
173696.4
173982.6
174217.2
174404.3
174547.5
174650.7
174717.9
174753.3
173354.8
173696.7
173983.2
174218.2
174405.7
174549.2
174652.7
174720.2
174756
172953.5
173355
173697.3
173984.1
174219.6
174407.3
174551
174654.6
174722
174757
172488.1
172953.8
173355.6
173698.3
173985.5
174221.1
174409.1
174552.9
174656.3
174722.8
176193.1
171953.8
172488.4
172954.5
173356.7
173699.7
173987.2
174223
174411
174554.7
174657.4
176036.5
177092
171346
171954.1
172489.1
172955.6
173358.2
173701.6
173989.3
174225.4
174413.4
174556.6
175974.1
177065.7
178083
170659.3
171346.2
171954.8
172490.3
172957.3
173360.4
173704.1
173992.2
174228.6
174416.4
176004.5
177224.6
178351.3
179368.8
169888.5
170659.5
171347
171956.1
172492.1
172959.7
173363.4
173707.7
173996.5
174233.2
176190.8
177669.8
179002.7
180174.1
181170.6
169029.1
169888.8
170660.3
171348.4
171958.1
172494.8
172963.1
173367.8
173713.4
174003.7
176740.9
178685.9
180346.8
181738.6
182872.1
187262.7
168075.3
169029.4
169889.7
170661.8
171350.5
171961
172498.5
172968
173374.4
173723.6
178399.7
181046.5
183047.4
184609.8
185843.2
190435
191290.8
186767.1
187495.9
188406.8
189387.8
190386.1
195067.4
196001.6
196885.4
191647
192176.9
192869.1
193692.2
194625.6
199387.3
200371.7
201345.7
202330.5
195000.9
195519.4
196184.4
196989.1
197928.7
202760.6
203782.7
204806.7
205893.7
207346.8
197059.1
197609.9
198300.4
199130.8
200101.5
204999
206056.7
207117.5
208258.4
209828.9
216788.8
197859.9
198459.1
199194.2
200067.1
201080.1
206045.9
207141.7
208238.2
209419.1
211051.4
218177.1
225954.4
173354.7
173696.6
173983.1
174218.2
174405.7
174549.4
174653.1
174720.9
174757.7
172953.5
173355
173697.3
173984.2
174219.7
174407.5
174551.5
174655.5
174723.7
174760.2
172488.1
172953.7
173355.7
173698.3
173985.6
174221.4
174409.5
174553.6
174657.5
174724.6
176513.8
171953.8
172488.3
172954.4
173356.7
173699.8
173987.3
174223.3
174411.4
174555.3
174658.3
176165.1
177309.4
171346
171954.1
172489.1
172955.6
173358.2
173701.6
173989.3
174225.4
174413.4
174556.6
175974.1
177065.7
178083
170659.3
171346.3
171954.9
172490.3
172957.2
173360.2
173703.8
173991.8
174227.9
174415.4
175875.2
177004.8
178059
179026.5
169888.7
170659.6
171347
171956.1
172492
172959.4
173362.9
173706.9
173995.2
174231.1
175866
177127.7
178293
179349.9
180286.7
169029.2
169888.9
170660.4
171348.4
171958
172494.6
172962.6
173366.7
173711.4
174000
176009.3
177534.2
178908.6
180120.3
181161
185445.5
168075.5
169029.5
169889.8
170661.9
171350.5
171960.8
172498.1
172967.1
173372.6
173718.9
176514.1
178509.7
180215.8
181648.7
182825.4
187284.1
188128.1
167021.4
168075.8
169030.4
169891.4
170664.1
171353.4
171964.7
172503.2
172974
173383.2
178127.9
180830.4
182880.1
184485.8
185759.1
190401.6
191331.6
192218.4
186470.5
187250.1
188208.3
189233
190271.4
194996.3
195977.1
196947
197933
191317.7
191898.6
192638.8
193506.4
194481
199287.2
200308
201329.4
202413.4
203864.8
194633.4
195205
195919.5
196770.5
197752.9
202632.2
203689.5
204748.8
205885.7
207448.6
214382.7
196646.7
197253.6
197996.5
198875.7
199891.5
204840.2
205934.6
207029.4
208204.9
209826.3
216925
224712.6
197395
198053.4
198844.7
199770
200831.3
205852.9
206987.9
208120.4
209334.3
211001
218182.5
226098.7
231510
172953.4
173355
173697.3
173984.2
174219.7
174407.7
174551.9
174656.3
174725.3
174764.6
172488
172953.7
173355.7
173698.4
173985.7
174221.7
174410
174554.5
174659.2
174727.9
177236.6
171953.7
172488.3
172954.4
173356.8
173699.9
173987.6
174223.7
174412.2
174556.6
174660.2
176487.7
177845.6
171345.9
171954
172489
172955.6
173358.3
173701.7
173989.6
174225.8
174414
174557.5
176103.1
177284.7
178373
170659.3
171346.3
171954.9
172490.3
172957.2
173360.2
173703.8
173991.8
174227.9
174415.4
175875.2
177004.8
178059
179026.5
169888.8
170659.7
171347.1
171956.1
172492
172959.3
173362.6
173706.5
173994.5
174230.1
175736.4
176907.5
177999.6
179004.5
179913.9
169029.3
169889.1
170660.5
171348.4
171957.9
172494.3
172962.1
173365.9
173710
173997.8
175683.9
176991.2
178197.7
179293.1
180270
184478.8
168075.6
169029.6
169889.9
170661.9
171350.4
171960.5
172497.6
172966.1
173370.6
173715.1
175780.7
177355.7
178775.3
180027.9
181109.1
185452
186288.8
167021.6
168075.9
169030.5
169891.4
170664.1
171353.3
171964.3
172502.3
172972.2
173378.4
176236.8
178287.4
180042.9
181520
182737.3
187252.6
188153.8
189030.2
165861.5
167021.9
168076.9
169032.2
169893.8
170667.2
171357.3
171969.5
172509.5
172983.1
177802.6
180565.9
182668.6
184321.5
185637.1
190324.4
191300.1
192263.6
193247.5
186121
186955.2
187964.7
189036.6
190118.3
194889.5
195907.4
196924.2
198000.9
199450
190934.2
191570.3
192362.2
193278
194297.2
199152.3
200209.4
201266.9
202399
203955.8
210848.5
194209.3
194838.4
195606.6
196507.6
197536.5
202468
203563
204657.2
205829.3
207443.4
214509.8
222303
196175.2
196842.2
197642
198574.1
199638.9
204644
205778.1
206909.3
208118.4
209774.5
216931.8
224859.3
230278.6
196867.8
197589.6
198441
199423.1
200537.1
205620.1
206797.6
207968.9
209218.4
210917.7
218139.6
226101.5
231648.4
235291.4
172487.9
172953.7
173355.6
173698.4
173985.8
174221.8
174410.3
174555.2
174660.8
174732.2
179097.1
171953.6
172488.3
172954.4
173356.9
173700
173987.8
174224.2
174413.1
174558.3
174663.6
177213.7
178985.6
171345.8
171954
172489
172955.6
173358.5
173702
173990
174226.6
174415.3
174559.5
176426.7
177824.2
179075.9
170659.3
171346.2
171954.8
172490.3
172957.3
173360.4
173704.1
173992.2
174228.6
174416.4
176004.5
177224.6
178351.3
179368.8
169888.8
170659.7
171347.1
171956.1
172492
172959.3
173362.6
173706.5
173994.5
174230.1
175736.4
176907.5
177999.6
179004.5
179913.9
169029.4
169889.1
170660.5
171348.4
171957.9
172494.2
172961.8
173365.4
173709.3
173996.8
175554
176770.6
177903.7
178946.3
179893.4
184065.3
168075.7
169029.7
169890
170661.9
171350.3
171960.3
172497.1
172965.2
173369.1
173712.8
175454.5
176811.6
178063.1
179199.3
180214.6
184471.3
185306.2
167021.7
168076.1
169030.6
169891.5
170664
171353
171963.7
172501.2
172970.1
173374.4
175501.3
177130.6
178599.4
179896.6
181018.3
185408.8
186298.5
187170.1
165861.7
167022
168077
169032.2
169893.8
170667
171356.9
171968.7
172507.6
172978.2
175905
178015.4
179824.5
181349.8
182610.6
187172.1
188125.3
189059.9
190031.8
164590
165862
167023.1
168078.7
169034.7
169897
170671.2
171362.4
171976.1
172518.9
177420
180249
182409.6
184113.6
185475.2
190210.4
191224.2
192233.8
193299.2
194741.3
185714.5
186607.8
187672.5
188795.5
189924.2
194746.2
195802.1
196855.8
197980.2
199525.8
206344.3
190492
191187.9
192035.7
193003.5
194071.1
198980.1
200076.4
201169.9
202338
203944.1
210966
218737.6
193724.7
194415.3
195241.8
196197
197276.2
202265.3
203401.1
204532.6
205739.1
207388.5
214515
222442.5
227872.8
195640.8
196371.8
197232.4
198222
199340.2
204407.4
205584.6
206755.1
208000.1
209689.5
216888.2
224869.2
230423.7
234068.5
196274.7
197063.5
197979.2
199022.1
200193.4
205344.6
206568
207781.4
209069.1
210803.5
218066.5
226065.2
231645.7
235425.7
237261.2
187599.7
171953.5
172488.2
172954.4
173356.9
173700.1
173988
174224.6
174413.9
174559.9
174667.9
179081.5
181494.9
171345.7
171953.9
172489
172955.7
173358.6
173702.2
173990.6
174227.5
174417.1
174562.9
177154.4
178969.5
180501.4
170659.1
171346.1
171954.7
172490.3
172957.4
173360.6
173704.6
173993
174229.9
174418.4
176328.7
177765.7
179058.8
180187.3
169888.7
170659.6
171347
171956.1
172492
172959.4
173362.9
173706.9
173995.2
174231.1
175866
177127.7
178293
179349.9
180286.7
169029.4
169889.1
170660.5
171348.4
171957.9
172494.2
172961.8
173365.4
173709.3
173996.8
175554
176770.6
177903.7
178946.3
179893.4
184065.3
168075.8
169029.8
169890.1
170662
171350.3
171960.2
172496.8
172964.7
173368.4
173711.7
175324.3
176590.5
177768.6
178851.8
179836.2
184049.7
184885
167021.8
168076.2
169030.7
169891.5
170664
171352.8
171963.2
172500.3
172968.6
173372.1
175174.1
176585.1
177885.8
179066.6
180122.2
184421.4
185300.6
186172.5
165861.9
167022.2
168077.1
169032.3
169893.7
170666.8
171356.3
171967.5
172505.5
172974.2
175167
176855.2
178377.5
179723.1
180888.8
185325.3
186257
187182.8
188151.4
164590.1
165862.2
167023.2
168078.8
169034.7
169896.9
170670.8
171361.5
171974.2
172513.9
175514.9
177689.9
179557.2
181134.8
182442.7
187053.8
188046.4
189034.4
190067.7
191497.7
163201.8
164590.5
165863.3
167025
168081.3
169038.1
169901.3
170676.5
171369.2
171985.8
176975.7
179876.2
182099.1
183858.9
185270.3
190058.5
191111.8
192159.3
193271.6
194800.9
201497.6
185246.5
186203.6
187327.9
188506.2
189685.8
194564.2
195660.8
196752.1
197913.2
199507.8
206447.3
214150.7
189987.3
190747.1
191655.4
192679.6
193799.4
198768.1
199906.6
201038.8
202242.5
203884.6
210964.2
218871.2
224293.1
193175.6
193931.9
194820.7
195834.7
196968.5
202021.3
203201.2
204373
205616.4
207299.9
214468.5
222452.6
228011.8
231666.9
195039.6
195838.5
196764.2
197815.2
198991.4
204127.3
205351.2
206564.3
207848.2
209573
216813.2
224833.8
230434.5
234210.9
236043.8
195611.4
196471.8
197455.4
198563.4
199796.1
205022
206296.2
207555
208884.3
210656.4
217964.9
226004.4
231613.9
235421.8
237394.3
192677.5
187616.7
188074.4
171345.6
171953.8
172489
172955.7
173358.6
173702.4
173990.9
174228.3
174418.8
174567.3
179025.6
181488.7
183308
170659
171346
171954.7
172490.3
172957.5
173360.9
173705.1
173994
174231.8
174422
177057.5
178913.8
180491.2
181793
169888.6
170659.5
171347
171956.1
172492.1
172959.7
173363.4
173707.7
173996.5
174233.2
176190.8
177669.8
179002.7
180174.1
181170.6
169029.3
169889.1
170660.5
171348.4
171957.9
172494.3
172962.1
173365.9
173710
173997.8
175683.9
176991.2
178197.7
179293.1
180270
184478.8
168075.8
169029.8
169890.1
170662
171350.3
171960.2
172496.8
172964.7
173368.4
173711.7
175324.3
176590.5
177768.6
178851.8
179836.2
184049.7
184885
167021.9
168076.2
169030.8
169891.6
170663.9
171352.7
171963
172499.9
172967.8
173371
175043.4
176363.5
177590.7
178718.4
179742.9
183996.3
184870.3
185744
165862
167022.3
168077.2
169032.4
169893.7
170666.6
171355.8
171966.6
172503.9
172971.8
174838.7
176308.2
177662.2
178891.5
179991.2
184335.4
185251.8
186168.4
187139.2
164590.3
165862.4
167023.4
168078.9
169034.6
169896.7
170670.2
171360.3
171972
172509.7
174774
176525.8
178106.1
179504.2
180717.5
185204
186175
187143
188168.5
189599.4
163202
164590.7
165863.4
167025.1
168081.4
169038
169900.9
170675.6
171367.3
171980.8
175062
177307
179237.1
180871.5
182230.5
186895.9
187929.8
188957
190045.8
191541.3
198088
161690.6
163202.4
164591.8
165865.3
167027.8
168084.9
169042.5
169906.8
170683.6
171379.3
176465
179443.1
181733.7
183553.5
185019
189865.7
190961.9
192048.6
193198.5
194776
201585.4
209152.7
184712.7
185738.1
186927.2
188165.1
189399.7
194340.1
195481.2
196612.8
197811.1
199442.4
206440.1
214272.1
219656.4
189415.6
190243.7
191216.9
192302.2
193478.5
198512.9
199697.3
200871.4
202113.3
203790.8
210913.2
218874.1
224428.7
228079.1
192558.1
193384
194339.5
195416.5
196609.7
201732.3
202960.4
204175.8
205459.1
207179.1
214390
222414.6
228024.2
231803.9
233645.4
194367.3
195238.7
196233.2
197350.2
198588.4
203799.7
205074.9
206334.2
207660.1
209423.4
216709.1
224770.8
230404.9
234221.9
236184
194873.4
195809.8
196866.3
198043.1
199341.6
204648.3
205977.8
207287
208661
210474.2
217833
225919
231562.4
235393.6
237393.8
196278.2
192713.2
192924.2
187576.7
188093.4
188776.8
170658.9
171345.9
171954.7
172490.3
172957.6
173361.1
173705.5
173994.8
174233.4
174426.4
178931.5
181437.6
183309.2
184733
169888.4
170659.4
171346.9
171956.1
172492.3
172960
173363.9
173708.8
173998.5
174236.8
176920.9
178819.6
180438.7
181788.1
182872.3
169029.2
169888.9
170660.4
171348.4
171958
172494.6
172962.6
173366.7
173711.4
174000
176009.3
177534.2
178908.6
180120.3
181161
185445.5
168075.7
169029.7
169890
170661.9
171350.3
171960.3
172497.1
172965.2
173369.1
173712.8
175454.5
176811.6
178063.1
179199.3
180214.6
184471.3
185306.2
167021.9
168076.2
169030.8
169891.6
170663.9
171352.7
171963
172499.9
172967.8
173371
175043.4
176363.5
177590.7
178718.4
179742.9
183996.3
184870.3
185744
165862
167022.4
168077.3
169032.4
169893.7
170666.5
171355.6
171966.2
172503.1
172970.6
174707.6
176085.9
177366.3
178542.6
179611.2
183908.8
184817.7
185729.8
186703.7
164590.4
165862.5
167023.4
168078.9
169034.6
169896.5
170669.8
171359.4
171970.4
172507.2
174444.4
175976.9
177388.7
178670.5
179818.1
184212.4
185167.1
186120.5
187138
188574.2
163202.2
164590.9
165863.6
167025.2
168081.3
169037.7
169900.3
170674.4
171365
171976.5
174318
176138.4
177781.1
179236.3
180501.2
185042.6
186055.3
187062.3
188130.8
189621.9
196066
161690.8
163202.6
164592
165865.4
167027.8
168084.7
169042.1
169905.9
170681.6
171374.1
174541.8
176862.4
178860.5
180556.2
181970.6
186695.8
187773.8
188842.1
189970
191523.9
198157.1
205522.2
160048.2
161691.2
163203.8
164594
165868.2
167031.5
168089.5
169048.3
169914.2
170694.1
175883.6
178945
181309
183193.9
184717.7
189628.9
190771.5
191900.6
193089.3
194704.4
201571.6
209261.2
214560.9
184108.7
185207.3
186465.5
187768.3
189062.2
194070.5
195259.9
196435.6
197673.7
199341.9
206383.3
214271.5
219781.6
223410.7
188773
189673.7
190716.2
191867
193104.7
198210.9
199445.4
200665
201948.2
203663.5
210829.5
218831.9
224433.6
228214.5
230054.7
191867.8
192767.9
193794.1
194938.6
196195.3
201394.7
202675.2
203938.4
205264.7
207024.1
214281.6
222348.3
227992.2
231817.5
233780.6
193619.5
194567.9
195636
196822.7
198127.5
203420.4
204751.4
206061.6
207433.2
209238
216574.5
224682.3
230351
234196.3
236194.9
194056.3
195073.4
196207.2
197457.9
198826
204220.2
205608.8
206972.8
208396.7
210254.2
217668.8
225805.8
231489.1
235348.2
237368.2
198639.9
196326.7
196477.5
192682.4
192961
193378.4
187494.8
188054.3
188798.9
189593.5
169888.3
170659.3
171346.8
171956.1
172492.3
172960.1
173364.3
173709.5
174000.2
174241.3
178798
181347
183261.6
184740.3
185873.1
169029.1
169888.8
170660.3
171348.4
171958.1
172494.8
172963.1
173367.8
173713.4
174003.7
176740.9
178685.9
180346.8
181738.6
182872.1
187262.7
168075.6
169029.6
169889.9
170661.9
171350.4
171960.5
172497.6
172966.1
173370.6
173715.1
175780.7
177355.7
178775.3
180027.9
181109.1
185452
186288.8
167021.8
168076.2
169030.7
169891.5
170664
171352.8
171963.2
172500.3
172968.6
173372.1
175174.1
176585.1
177885.8
179066.6
180122.2
184421.4
185300.6
186172.5
165862
167022.4
168077.3
169032.4
169893.7
170666.5
171355.6
171966.2
172503.1
172970.6
174707.6
176085.9
177366.3
178542.6
179611.2
183908.8
184817.7
185729.8
186703.7
164590.5
165862.5
167023.5
168078.9
169034.6
169896.4
170669.5
171358.9
171969.6
172506
174312.8
175753.9
177091.9
178320.8
179437.4
183784.9
184731.3
185677.9
186691.5
188132.9
163202.3
164591
165863.7
167025.2
168081.3
169037.5
169899.8
170673.5
171363.3
171973.9
173986.9
175587.5
177061.3
178400.2
179599.6
184049
185045.6
186037
187091.7
188576.6
194950.7
161690.9
163202.8
164592.2
165865.6
167027.8
168084.5
169041.5
169904.7
170679.3
171369.7
173794.2
175688.8
177399
178915.4
180236.4
184838.1
185895.9
186944.3
188051.8
189586.8
196107.4
203311.6
160048.4
161691.4
163203.9
164594.1
165868.3
167031.4
168089.1
169047.3
169912.2
170688.7
173949.6
176351.5
178423.2
180185
181659.2
186450.2
187576.1
188688.1
189856.8
191450.1
198160.4
205607.6
210782.1
158267.8
160048.9
161692.7
163206.1
164597
165872.1
167036.3
168095.5
169056
169925
175226.4
178377.7
180820.5
182775.9
184362.8
189344.4
190537.6
191712.7
192943.3
194596.9
201508.8
209255.2
214674.9
218251.8
183430.1
184606.5
185939
187311.1
188669.5
193752.1
194993.6
196217.2
197498.9
199206.4
206293.1
214223.8
219784.4
223536.9
225371.1
188055
189032.8
190149.1
191369.9
192673.5
197858.7
199147.2
200416.4
201744.6
203500.7
210714.8
218760.7
224397.8
228220.3
230189.1
191100.1
192079.2
193180.8
194396.9
195721.7
201004.4
202341.8
203656.9
205030.5
206832.4
214141.8
222255.5
227935.1
231789.6
233794.6
192791.7
193821.6
194968.1
196229.4
197604.8
202986
204376.8
205742.4
207164.3
209014.3
216407.1
224566.5
230274
234148.5
236171.3
193156.2
194258.1
195474
196803.1
198245.9
203734
205186
206608.6
208086.7
209993.6
217469.6
225663.9
231390
235283
237325.9
199815.7
198696.8
198829.1
196302.2
196527
196869.7
192607.8
192930.6
193417.3
194006.9
187375.1
187973.2
188761.2
189619.2
190468.4
169029
169888.7
170660.2
171348.3
171958.2
172495
172963.5
173368.6
173715.1
174008.4
178621.8
181217.6
183173.8
184695.5
185885.6
190398.8
168075.5
169029.5
169889.8
170661.9
171350.5
171960.8
172498.1
172967.1
173372.6
173718.9
176514.1
178509.7
180215.8
181648.7
182825.4
187284.1
188128.1
167021.7
168076.1
169030.6
169891.5
170664
171353
171963.7
172501.2
172970.1
173374.4
175501.3
177130.6
178599.4
179896.6
181018.3
185408.8
186298.5
187170.1
165862
167022.3
168077.2
169032.4
169893.7
170666.6
171355.8
171966.6
172503.9
172971.8
174838.7
176308.2
177662.2
178891.5
179991.2
184335.4
185251.8
186168.4
187139.2
164590.5
165862.5
167023.5
168078.9
169034.6
169896.4
170669.5
171358.9
171969.6
172506
174312.8
175753.9
177091.9
178320.8
179437.4
183784.9
184731.3
185677.9
186691.5
188132.9
163202.3
164591
165863.7
167025.3
168081.3
169037.4
169899.6
170673
171362.5
171972.6
173854.7
175363.5
176763.6
178049.4
179218
183620.7
184609
185592.5
186640.7
188123.3
194465.3
161691
163202.9
164592.3
165865.6
167027.7
168084.3
169041.1
169903.7
170677.6
171367
173461.5
175135.4
176676.4
178076.5
179332.3
183842.2
184884.1
185917.2
187009.6
188532.6
194962
202060.7
160048.6
161691.5
163204.1
164594.2
165868.3
167031.1
168088.5
169046.1
169909.8
170684.2
173197.9
175172.1
176955.3
178538
179919.2
184587.5
185693.8
186786.8
187935.5
189509.7
196083.1
203367.3
208437.5
158268
160049.1
161692.8
163206.2
164597.1
165872
167035.9
168094.6
169053.9
169919.6
173280.5
175769.8
177920.4
179753.9
181292.6
186155.5
187333.4
188492.8
189704.8
191338.6
198096.5
205627.3
210869.1
214374.6
156342.2
158268.5
160050.5
161695
163209.3
164601.1
165877.2
167042.6
168103.5
169067.2
174488.5
177736.3
180263.8
182294.9
183950.3
189008.9
190256.4
191481.7
192757.8
194452.9
201411.6
209201.8
214673.2
218368
220180.6
182672.3
183931.5
185343
186789.5
188217
193381.4
194679.1
195954.2
197283.2
199034
206170.3
214146.1
219743.1
223541.6
225497
187256.9
188316.8
189511.5
190806.9
192181.1
197451.8
198799.3
200122
201499.3
203299.8
210567.4
218661.8
224335.8
228188.7
230195.3
190250.5
191313.2
192495.1
193787.6
195184.7
200557.6
201956.3
203327.8
204752.7
206601.5
213968.1
222134.6
227854
231738.7
233768.8
191879.7
192995.6
194225.1
195565.8
197016.6
202492.9
203947.8
205372.6
206849.3
208749.2
216204.5
224421.3
230172.2
234079.4
236126.8
192169.7
193359.8
194662.1
196074.5
197596.8
203187.1
204705.7
206191.2
207727.3
209687.9
217233.4
225490.4
231264.6
235193.4
237264.6
199876.6
200003.1
198676.3
198886.9
199206.9
196232.8
196502.8
196921
197446.2
192496.5
192856.3
193387.7
194048.8
194786.8
187216
187854.3
188681
189583
190498.3
195040.7
168075.3
169029.4
169889.7
170661.8
171350.5
171961
172498.5
172968
173374.4
173723.6
178399.7
181046.5
183047.4
184609.8
185843.2
190434.9
191290.8
167021.6
168075.9
169030.5
169891.4
170664.1
171353.3
171964.3
172502.3
172972.2
173378.4
176236.8
178287.4
180042.8
181520
182737.3
187252.6
188153.8
189030.2
165861.9
167022.2
168077.1
169032.3
169893.7
170666.8
171356.3
171967.5
172505.5
172974.2
175167
176855.2
178377.5
179723.1
180888.8
185325.3
186257
187182.8
188151.4
164590.4
165862.5
167023.4
168078.9
169034.6
169896.5
170669.8
171359.4
171970.4
172507.2
174444.4
175976.9
177388.7
178670.5
179818.1
184212.4
185167
186120.5
187138
188574.3
163202.3
164591
165863.7
167025.3
168081.3
169037.4
169899.6
170673
171362.5
171972.6
173854.7
175363.5
176763.6
178049.4
179218
183620.7
184609
185592.5
186640.7
188123.3
194465.3
161691
163202.9
164592.3
165865.6
167027.7
168084.2
169040.8
169903.2
170676.7
171365.7
173328.6
174910.5
176377.5
177724.6
178949.5
183412.9
184446.7
185471.8
186556.6
188074.3
194458
201504.9
160048.6
161691.6
163204.2
164594.3
165868.2
167030.9
168088
169045.1
169908
170681.4
172863.4
174616.1
176229.6
177695.9
179012.1
183588.8
184679.7
185757.6
186891.4
188452.3
194923.8
202079.3
207089.8
158268.1
160049.2
161693
163206.3
164597.1
165871.8
167035.3
168093.3
169051.4
169914.9
172524.3
174584
176445.3
178099.7
179546
184286.7
185445.9
186587.1
187780
189395.3
196015.2
203350.7
208496.9
211939.3
156342.3
158268.7
160050.6
161695.1
163209.3
164601
165876.8
167041.6
168101.4
169061.6
172529.3
175112.2
177347.8
179258.1
180866.8
185808.1
187042
188253
189511.9
191188.6
197995.9
205573.3
210898.9
214460.9
216252.8
154263.8
156342.9
158270.1
160053
161698.4
163213.5
164606.4
165883.7
167050.9
168115.1
173665.2
177016
179634.3
181746.7
183475.4
188618.7
189924.8
191203.9
192529.6
194269.7
201280.4
209117.2
214626.5
218368.8
220297
181830.3
183177.7
184673.4
186199.1
187700.7
192953.6
194312.7
195643.5
197023.6
198821.2
206013.6
214039.3
219674.8
223504.8
225502.6
186373.8
187520.8
188799.2
190173.9
191623.1
196986.5
198397.2
199778.4
201208.6
203057.9
210384.9
218533.5
224248.6
228133
230165.9
189314.8
190465.5
191732.5
193106.5
194580.7
200050.5
201514.8
202947.2
204427.9
206327.5
213758.5
221983.3
227747.1
231665.5
233721.2
190880.3
192085.6
193402.5
194827.6
196358.8
201937.6
203460.5
204948.9
206484.2
208438.4
215963.6
224244.7
230043.4
233987.2
236061.9
191093.3
192375.5
193767.6
195267.9
196874.5
202574.2
204165.4
205716.8
207315.1
209333.2
216955.2
225284.6
231110
235079.2
237179.9
199858.1
200064.9
200378.3
198610.1
198866.7
199266.3
199771.1
196127.2
196433.6
196897.5
197500.2
198199.7
192347.6
192745.4
193314.1
194020.2
194832.3
199403.9
187014.4
187696.2
188563.4
189504.1
190463.8
195093.5
195944.2
167021.4
168075.8
169030.4
169891.4
170664.1
171353.4
171964.7
172503.2
172974
173383.2
178127.9
180830.4
182880.1
184485.8
185759.1
190401.6
191331.6
192218.4
165861.7
167022
168077
169032.2
169893.8
170667
171356.9
171968.7
172507.7
172978.2
175905
178015.4
179824.5
181349.8
182610.6
187172.1
188125.3
189059.9
190031.8
164590.3
165862.4
167023.4
168078.9
169034.6
169896.7
170670.2
171360.3
171972
172509.7
174774
176525.8
178106.1
179504.2
180717.5
185204
186175
187143
188168.5
189599.4
163202.3
164591
165863.7
167025.2
168081.3
169037.5
169899.8
170673.5
171363.3
171973.9
173986.9
175587.5
177061.3
178400.2
179599.6
184049
185045.6
186037
187091.7
188576.6
194950.7
161691
163202.9
164592.3
165865.6
167027.7
168084.2
169040.8
169903.2
170676.7
171365.7
173328.6
174910.5
176377.5
177724.6
178949.5
183412.9
184446.7
185471.8
186556.6
188074.3
194458
201504.9
160048.7
161691.7
163204.3
164594.3
165868.2
167030.8
168087.8
169044.6
169907.1
170680.1
172729.9
174390.1
175929.4
177342.6
178628.1
183158.2
184241.2
185311.5
186437.4
187991.6
194412.7
201500.1
206483.1
158268.2
160049.3
161693.1
163206.4
164597
165871.6
167034.8
168092.3
169049.6
169912.1
172187.7
174024.9
175716.1
177254
178635.4
183284.8
184429
185555.5
186733.8
188335.8
194851.6
202044
207107.8
210525.8
156342.4
158268.8
160050.8
161695.3
163209.3
164600.8
165876.1
167040.3
168098.9
169056.8
171768.1
173919.3
175864.7
177595.9
179112.6
183932.5
185148.5
186342.1
187582.6
189241.8
195911.3
203291.9
208484.4
212000.3
213769.8
154263.9
156343.1
158270.3
160053.1
161698.5
163213.4
164606
165882.7
167048.8
168109.4
171691.3
174374
176700.5
178693.4
180377
185404.5
186698.5
187964.9
189274.8
190998
197858.8
205485.8
210851.7
214497.1
216337.6
152024
154264.6
156344.6
158272.8
160056.5
161702.9
163219
164613.2
165892.4
167063
172751.2
176212.1
178927.2
181126.6
182934
188169
189539.1
190876.1
192255.1
194044.4
201112.8
209002.4
214551.3
218326.5
220299
180899
182340.2
183925.5
185535.5
187116.1
192465
193889.8
195281.6
196716.7
198564.9
205819.3
213902.5
219579.9
223442.9
225468
185401.4
186640.1
188007.2
189466.6
190995.7
196458.8
197937.3
199381.2
200869.3
202771
210164.4
218373.9
224134.5
228053.9
230113.6
188289.2
189531.8
190888.5
192348.8
193905.4
199479.7
201013.7
202511.1
204052
206007
213508.8
221800.3
227612.3
231568.3
233652.3
189789.7
191088.2
192496.4
194010.3
195626.8
201316
202911.8
204467.6
206065.8
208078.2
215680.4
224034.1
229886
233869.7
235974.8
189922.3
191301.3
192787.4
194379
196074.8
201891.8
203559.8
205183.2
206846.6
208926.5
216631.4
225040.3
230926.1
234937.5
237071.5
199793.6
200046.6
200441.8
200941
198508.4
198800.8
199246.8
199833.1
200519.5
195985.5
196328.4
196828.8
197477.6
198257.1
202849.9
192158.5
192597
193203.9
193947.5
194805.1
199471.8
200317.2
186767.1
187495.9
188406.7
189387.8
190386.1
195067.3
196001.5
196885.4
165861.5
167021.9
168076.9
169032.2
169893.8
170667.2
171357.3
171969.5
172509.5
172983.1
177802.6
180565.9
182668.6
184321.5
185637.1
190324.4
191300.1
192263.6
193247.5
164590.1
165862.2
167023.2
168078.8
169034.7
169896.9
170670.8
171361.5
171974.2
172513.9
175514.9
177689.9
179557.2
181134.8
182442.7
187053.8
188046.4
189034.4
190067.7
191497.7
163202.2
164590.9
165863.6
167025.2
168081.3
169037.7
169900.3
170674.4
171365
171976.5
174318
176138.4
177781.1
179236.2
180501.2
185042.6
186055.3
187062.3
188130.8
189621.8
196066
161691
163202.9
164592.3
165865.6
167027.8
168084.3
169041.1
169903.7
170677.6
171367
173461.5
175135.4
176676.4
178076.5
179332.3
183842.2
184884.1
185917.2
187009.6
188532.6
194962
202060.7
160048.7
161691.7
163204.3
164594.3
165868.2
167030.8
168087.8
169044.6
169907.1
170680.1
172729.9
174390.1
175929.4
177342.6
178628.1
183158.2
184241.2
185311.5
186437.4
187991.5
194412.7
201500.1
206483.1
158268.2
160049.4
161693.1
163206.4
164597
165871.5
167034.6
168091.8
169048.7
169910.7
172053.4
173797.7
175414.5
176899.2
178249.9
182852.8
183989.2
185108.3
186278.9
187873.8
194337.2
201456.4
206474.5
209884.6
156342.5
158268.9
160050.8
161695.3
163209.3
164600.6
165875.7
167039.3
168097
169053.9
171429.4
173356.9
175131.6
176746.1
178198.1
182926.8
184128.3
185307.7
186534
188180.2
194745.3
201979.8
207072.6
210543.3
212322
154264
156343.2
158270.5
160053.2
161698.5
163213.2
164605.3
165881.4
167046.1
168104.5
170924.6
173173.2
175208.5
177022.2
178614.3
183520.9
184798
186047.9
187340.3
189046.7
195770.5
203200.4
208431.6
211990.1
213831
152024.2
154264.7
156344.8
158272.9
160056.6
161702.8
163218.6
164612.1
165890.2
167057.1
170761
173550.4
175973.7
178054.9
179818.9
184939.6
186299.2
187625.2
188990
190763.8
197683.8
205364.5
210773.8
214454.4
216377
149614.8
152024.9
154266.4
156347.4
158276.5
160061.2
161708.7
163226.2
164622.2
165904.9
171740.8
175319.4
178138
180430
182321.6
187655.8
189094.3
190494.9
191931.2
193773.3
200906.1
208854.4
214448.5
218257.8
220259.1
179873.8
181413.8
183094.4
184794.5
186459.1
191911.3
193406.7
194863.7
196359.1
198261.9
205584.6
213731.3
219457.7
223356
225409.5
184335.5
185670.3
187130.8
188680.2
190294.7
195865
197415.8
198926.8
200477
202436.1
209902.2
218180.3
223991.9
227949.6
230038.7
187169.9
188508.5
189958.9
191510.2
193154.3
198841.1
200449.4
202016
203621.3
205636
213216.1
221580.7
227448.8
231444.8
233560
188603.3
189999.9
191503.3
193109.9
194816.5
200624
202297.5
203925.5
205590.5
207665.3
215351.1
223784.7
229697.3
233725.3
235863.1
188651.8
190132.8
191717.7
193405
195193.3
201135.8
202885.2
204584.8
206319.7
208464.1
216259.2
224753.9
230706.4
234768.6
236936.5
199693.7
199982.4
200424.1
201007.1
201690.6
198371.3
198699.3
199181.4
199814.4
200585
205194.2
195805.1
196187
196724.3
197409.8
198235.9
202929
203770.1
191926.1
192408.5
193056.4
193838.4
194733.5
199452.4
200389.6
201269.1
186470.5
187250.1
188208.3
189232.9
190271.3
194996.3
195977.1
196947
197933
164590
165862
167023.1
168078.7
169034.7
169897
170671.2
171362.4
171976.1
172518.9
177420
180249
182409.6
184113.6
185475.2
190210.4
191224.2
192233.8
193299.2
194741.3
163202
164590.7
165863.4
167025.1
168081.4
169038
169900.9
170675.6
171367.3
171980.8
175062
177307
179237.1
180871.5
182230.5
186895.9
187929.7
188957
190045.8
191541.3
198088
161690.9
163202.8
164592.2
165865.6
167027.8
168084.5
169041.5
169904.7
170679.3
171369.7
173794.2
175688.8
177399
178915.4
180236.4
184838.1
185895.9
186944.3
188051.8
189586.8
196107.4
203311.6
160048.6
161691.6
163204.2
164594.3
165868.2
167030.9
168088
169045.1
169908
170681.4
172863.4
174616.1
176229.6
177695.9
179012.1
183588.8
184679.7
185757.6
186891.4
188452.3
194923.8
202079.3
207089.8
158268.2
160049.4
161693.1
163206.4
164597
165871.5
167034.6
168091.8
169048.7
169910.7
172053.4
173797.7
175414.5
176899.2
178249.9
182852.8
183989.2
185108.3
186278.9
187873.8
194337.2
201456.4
206474.5
209884.6
156342.5
158268.9
160050.9
161695.3
163209.2
164600.4
165875.4
167038.8
168096.1
169052.5
171294.1
173128.4
174828.4
176389.6
177810.9
182493.2
183687.1
184859.2
186077.9
187717.1
194229.7
201388.8
206430.4
209873.6
211662.5
154264
156343.3
158270.5
160053.2
161698.4
163213
164604.8
165880.3
167044.2
168101.5
170583.4
172607.1
174471
176167.8
177695.4
182511
183774
185010.2
186288.8
187982.6
194602.1
201885.9
207013.9
210508.3
212340.1
152024.2
154264.8
156344.9
158273
160056.6
161702.6
163218
164610.7
165887.5
167052
169988.3
172340.8
174471.7
176373.6
178046.7
183047.3
184390.8
185701.3
187049.4
188807.2
195590.8
203075.3
208349
211941.5
213821.9
149614.9
152025
154266.5
156347.5
158276.6
160061.1
161708.3
163225.1
164619.9
165898.9
169732.9
172635.9
175162.6
177337.8
179187.8
184409.5
185839.3
187230.4
188654.1
190482.3
197468
205209
210664.3
214383
216336.6
147027.2
149615.7
152026.8
154269.2
156351.3
158281.5
160067.3
161716.2
163235.6
164635.1
170628.6
174332.5
177261.5
179652.4
181633.5
187074.8
188586.7
190055.1
191554.3
193453.2
200656.6
208670.7
214315
218163.3
220193.8
178749.9
180393.9
182175.2
183970.9
185725.3
191288.6
192859.2
194386.1
195946.1
197908.8
205306.3
213523.1
219303.5
223243.9
225326.9
183172.2
184607.2
186165.9
187809.9
189515.1
195201.7
196828.7
198411.4
200028
202048.8
209595.4
217948.4
223817.9
227818.5
229939.5
185952.3
187391.7
188940
190586.6
192322.8
198130.3
199818.2
201458.4
203132.2
205210.8
212876.5
221322.2
227251.1
231294.5
233442.5
187315.9
188816.1
190419.5
192123
193923.6
199857.7
201613.5
203318.5
205055
207196
214972.9
223493.1
229472.5
233551.6
235725.5
187277.7
188865
190554.3
192342.1
194227.6
200301.8
202138
203918.4
205728.6
207944
215835.3
224423.5
230447.4
234565.7
236775.5
199558.9
199882.8
200360.3
200990.2
201760
206387
198196.5
198562.6
199080.5
199749.8
200567.5
205281.5
206119.3
195583
196007.1
196583.7
197306.1
198169
202915.8
203853.5
204729.2
191647
192176.9
192869.1
193692.2
194625.6
199387.3
200371.7
201345.7
202330.5
186121
186955.3
187964.7
189036.6
190118.3
194889.5
195907.4
196924.2
198000.9
199449.9
163201.8
164590.5
165863.3
167025
168081.3
169038.1
169901.3
170676.5
171369.2
171985.8
176975.7
179876.2
182099.1
183858.9
185270.3
190058.5
191111.8
192159.3
193271.6
194800.9
201497.6
161690.8
163202.6
164592
165865.4
167027.8
168084.8
169042.1
169905.9
170681.6
171374.1
174541.8
176862.4
178860.5
180556.2
181970.6
186695.8
187773.8
188842
189970
191523.9
198157.1
205522.2
160048.6
161691.5
163204.1
164594.2
165868.3
167031.1
168088.5
169046.1
169909.8
170684.2
173197.9
175172.1
176955.3
178538
179919.2
184587.5
185693.8
186786.8
187935.5
189509.7
196083.1
203367.3
208437.6
158268.2
160049.3
161693.1
163206.4
164597
165871.6
167034.8
168092.3
169049.6
169912.1
172187.7
174024.9
175716.2
177254
178635.4
183284.8
184429
185555.5
186733.8
188335.8
194851.6
202043.9
207107.8
210525.8
156342.5
158268.9
160050.9
161695.3
163209.2
164600.4
165875.4
167038.8
168096.1
169052.5
171294.1
173128.4
174828.3
176389.6
177810.9
182493.2
183687.1
184859.2
186077.9
187717.1
194229.7
201388.8
206430.5
209873.6
211662.5
154264
156343.3
158270.5
160053.2
161698.4
163212.9
164604.5
165879.8
167043.3
168100
170447.1
172377.1
174165.9
175809.4
177306.4
182075.5
183331.2
184560.2
185831.5
187518.4
194085.8
201294.2
206368.4
209829.7
211652.7
152024.3
154264.8
156345
158273.1
160056.5
161702.4
163217.5
164609.7
165885.5
167048.9
169644.4
171770.6
173729.4
175514.1
177122.8
182032.5
183362.4
184659.7
185994.5
187740.3
194419.9
201758.2
206928.8
210453.5
212307.2
149615
152025.1
154266.6
156347.6
158276.6
160060.9
161707.7
163223.7
164617
165893.7
168953.5
171416.8
173649.6
175645.4
177405
182507.3
183922
185298.4
186706.5
188519.6
195369.7
202914.6
208235.5
211865.1
213775.8
147027.3
149615.8
152027
154269.4
156351.3
158281.4
160066.9
161715.2
163233.2
164629
168601.2
171625.2
174262
176537.5
178479
183809.7
185314.8
186775.5
188263.7
190150.4
197208
205016.2
210523.2
214281.8
216268.7
144251.9
147028.2
149617.7
152029.9
154273.3
156356.5
158287.9
160075.2
161726.1
163249
169409.2
173246.2
176292.4
178788.7
180865.4
186421.8
188012
189553.2
191119.5
193080.9
200361.5
208447.9
214148.4
218039.7
220103.5
177523.2
179275.8
181163.2
183060
184909.7
190592.8
192243.4
193844.8
195474.1
197500.8
204981.8
213275.3
219114.9
223101.3
225220
181906.5
183447
185108.1
186851.6
188652.3
194463.2
196172.9
197831
199518.7
201605.4
209239.7
217676.4
223608.2
227658
229814.4
184630.8
186176.8
187828
189574.2
191406.9
197343.2
199115.5
200834.5
202581.3
204727.9
212486.3
221021.1
227017.6
231111.9
233299.2
185923.3
187531.4
189240.7
191046.2
192945.2
199013.1
200855.9
202642.5
204455.2
206667.3
214542.3
223156.9
229208.4
233343.6
235559.6
185795.6
187493.9
189291.8
191186.1
193173.8
199388.5
201313.4
203179.9
205070.1
207360.3
215358.5
224045.7
230147.3
234325.3
236581.4
199387
199748.4
200261.4
200927.1
201744.3
206477.9
207316.4
197981.2
198388.3
198944.5
199649.8
200503.8
205271.4
206211
207083.6
195316.2
195785.7
196404.7
197166.7
198066.6
202855.3
203841.9
204816.6
205800
191317.7
191898.7
192638.8
193506.4
194481
199287.2
200307.9
201329.3
202413.4
203864.8
185714.5
186607.8
187672.5
188795.5
189924.2
194746.2
195802.1
196855.8
197980.2
199525.8
206344.3
161690.6
163202.4
164591.8
165865.3
167027.8
168084.9
169042.5
169906.8
170683.6
171379.3
176465
179443.1
181733.7
183553.5
185019
189865.7
190961.9
192048.6
193198.5
194775.9
201585.4
209152.7
160048.4
161691.4
163203.9
164594.1
165868.3
167031.4
168089.1
169047.4
169912.2
170688.7
173949.6
176351.5
178423.2
180185
181659.2
186450.2
187576.1
188688.1
189856.8
191450.1
198160.3
205607.6
210782.1
158268.1
160049.2
161693
163206.3
164597.1
165871.8
167035.3
168093.3
169051.4
169914.9
172524.3
174584
176445.4
178099.7
179546
184286.7
185445.9
186587.1
187780
189395.3
196015.2
203350.7
208496.9
211939.3
156342.5
158268.9
160050.8
161695.3
163209.3
164600.6
165875.7
167039.3
168097
169053.9
171429.4
173356.9
175131.6
176746.1
178198.1
182926.8
184128.3
185307.7
186534
188180.2
194745.3
201979.8
207072.5
210543.3
212322
154264
156343.3
158270.5
160053.2
161698.4
163212.9
164604.5
165879.8
167043.3
168100
170447.1
172377.1
174165.9
175809.4
177306.4
182075.5
183331.1
184560.2
185831.5
187518.4
194085.8
201294.2
206368.4
209829.7
211652.7
152024.3
154264.9
156345
158273.1
160056.5
161702.3
163217.2
164609.1
165884.5
167047.4
169507
171538.9
173422.3
175153.6
176731.8
181595.1
182917.7
184208
185535.7
187274.7
193902.2
201166.1
206283.4
209771.6
211610.7
149615
152025.2
154266.6
156347.7
158276.5
160060.7
161707.2
163222.6
164615
165890.4
168606.6
170842.1
172901.9
174780.3
176475.7
181487.2
182888.8
184252.4
185647.7
187449.2
194195.6
201594.8
206812.6
210374.6
212255
147027.4
149615.9
152027.1
154269.5
156351.4
158281.2
160066.3
161713.8
163230.3
164623.5
167814.5
170395.4
172737.1
174832.8
176684.5
181896.5
183387.5
184834.6
186307.9
188180.5
195103.4
202716.2
208088.9
211759.5
213703
144252
147028.4
149617.9
152030
154273.4
156356.4
158287.4
160074.1
161723.7
163242.7
167360.4
170512.6
173266.5
175648.9
177687.9
183135.7
184721.2
186256.6
187813.7
189764.4
196900.9
204782.6
210347.4
214150.5
216171.6
141278.9
144253
147030.4
149621
152034.2
154278.8
156363.2
158296.1
160085.5
161740.1
168078.2
172055.2
175225.6
177833.7
180012.1
185692.4
187365.9
188984.7
190623.2
192651.2
200017.8
208183.4
213945.2
217884.9
219985.2
176188.4
178055.6
180053.8
182057
184007.5
189819.2
191555.2
193235.9
194939
197034.4
204605.8
212986.1
218889.6
222926.1
225083.6
180532.5
182184.8
183953.7
185801.2
187702.3
193645.1
195442.5
197182.9
198945.1
201102.3
208831.8
217359.3
223361.4
227463.5
229660.9
183200.9
184858.2
186618.5
188469.4
190403.1
196476.1
198337.2
200140
201964.7
204183.8
212042.3
220673.4
226744.5
230895.3
233124.4
184421.1
186141.8
187961.5
189874.9
191877.4
198087.3
200020.9
201893.9
203787.3
206075.1
214056.4
222773
228902.8
233098.2
235360.4
184201.9
186015
187926.6
189931.7
192027.6
198392.1
200410.6
202364.9
204340.4
206710.1
214822
223620.8
229803
234045.9
236350.6
199175
199576.8
200127.7
200829.1
201682.2
206468.9
207411.7
208285.5
197722.2
198173.5
198771.1
199515
200405.1
205214.1
206202.3
207179.4
208161.4
195000.9
195519.5
196184.4
196989.1
197928.7
202760.6
203782.7
204806.6
205893.7
207346.8
190934.2
191570.3
192362.2
193278
194297.2
199152.2
200209.4
201266.9
202399
203955.8
210848.5
185246.5
186203.6
187327.9
188506.3
189685.8
194564.2
195660.8
196752.1
197913.2
199507.8
206447.3
214150.7
160048.2
161691.2
163203.8
164594
165868.3
167031.5
168089.5
169048.3
169914.2
170694.1
175883.6
178945.1
181309
183193.9
184717.8
189628.9
190771.5
191900.6
193089.3
194704.4
201571.6
209261.1
214560.9
158268
160049.1
161692.8
163206.2
164597.1
165872
167035.9
168094.6
169053.9
169919.6
173280.5
175769.8
177920.5
179753.9
181292.6
186155.5
187333.4
188492.8
189704.8
191338.6
198096.5
205627.3
210869.1
214374.6
156342.4
158268.8
160050.8
161695.3
163209.3
164600.8
165876.1
167040.3
168098.9
169056.8
171768.1
173919.3
175864.7
177595.9
179112.6
183932.5
185148.5
186342.1
187582.6
189241.8
195911.3
203291.9
208484.4
212000.3
213769.9
154264
156343.3
158270.5
160053.2
161698.4
163213
164604.8
165880.3
167044.2
168101.5
170583.4
172607.1
174471
176167.8
177695.4
182511
183774
185010.2
186288.8
187982.6
194602.1
201885.9
207013.9
210508.3
212340.1
152024.3
154264.9
156345
158273.1
160056.5
161702.3
163217.2
164609.1
165884.5
167047.4
169507
171538.9
173422.3
175153.6
176731.8
181595.1
182917.7
184208
185535.7
187274.7
193902.2
201166.1
206283.4
209771.6
211610.7
149615
152025.2
154266.7
156347.6
158276.5
160060.6
161706.9
163222
164613.9
165888.8
168468.1
170608.5
172592.7
174417.4
176082.3
181047.5
182442
183798.8
185187.2
186982.1
193676.4
201001.2
206167.4
209693.1
211555
147027.5
149615.9
152027.1
154269.5
156351.3
158280.9
160065.7
161712.7
163228.2
164620.1
167464.4
169815.8
171983.5
173961.4
175749
180870.5
182348.9
183783.7
185244.7
187106.1
193925.6
201393
206663.2
210266.2
212179.5
144252.1
147028.4
149618
152030.1
154273.4
156356.2
158286.8
160072.7
161720.7
163237
166565.7
169271.3
171728.3
173930.6
175880.4
181210.3
182782.9
184305.7
185848.9
187786.3
194788.9
202476
207907.3
211622.6
213601.7
141279
144253.1
147030.6
149621.1
152034.3
154278.7
156362.8
158295
160083
161733.6
166006
169292.9
172170.7
174666.5
176809.4
182383.2
184054.1
185669.2
187300.3
189319.4
196543.4
204505.8
210133.4
213986.3
216045.5
138097.3
141280
144255.3
147033.9
149625.5
152039.9
154285.8
156371.8
158306.9
160100
166629.5
170755.3
174056.1
176782.4
179068.5
184881.9
186644.2
188345.6
190061
192160.5
199620.3
207875.2
213703.3
217695.1
219836.4
174738.7
176727.8
178843
180957.6
183014.2
188963.2
190789.9
192555.3
194336.9
196505.7
204175.4
212649.4
218626
222716
224915.3
179045.3
180814.5
182697.8
184654.8
186661
192744.8
194633.3
196460.8
198304.4
200535.6
208368.2
216994.6
223072.6
227233.9
229474.3
181658.1
183431.6
185305.7
187267.6
189307.6
195525.7
197479.8
199370.6
201278.3
203574.9
211541.5
220276.8
226427.8
230641.3
232916.7
182805.4
184642.9
186578
188603.9
190716
197077.2
199105.7
201068.5
203047.5
205415.4
213511.4
222338.8
228552.9
232813.5
235124.8
182491.7
184424.8
186454.2
188575.3
190784
197308.6
199425.7
201472.7
203534.9
205989.5
214223.6
223141.2
229415.9
233724.4
236081.9
198920
199365.4
199957.1
200696.5
201585.3
206412.8
207403.9
208384.7
209369.7
197416.2
197915.2
198557.4
199342.9
200271.7
205123
206146.3
207172.3
208263.6
209718.2
194633.4
195205
195919.6
196770.5
197752.9
202632.2
203689.5
204748.8
205885.7
207448.6
214382.7
190492.1
191188
192035.7
193003.6
194071.1
198980.1
200076.3
201169.9
202337.9
203944.1
210966
218737.5
184712.7
185738.2
186927.2
188165.2
189399.7
194340.1
195481.2
196612.8
197811.1
199442.4
206440
214272
219656.4
158267.8
160048.9
161692.7
163206.1
164597.1
165872.1
167036.3
168095.5
169056
169925
175226.4
178377.7
180820.5
182775.9
184362.8
189344.4
190537.6
191712.7
192943.3
194596.9
201508.8
209255.2
214674.9
218251.8
156342.3
158268.7
160050.6
161695.1
163209.3
164601
165876.8
167041.6
168101.4
169061.6
172529.3
175112.2
177347.8
179258.2
180866.8
185808.2
187042
188253
189511.9
191188.6
197995.9
205573.3
210898.9
214460.8
216252.8
154264
156343.2
158270.5
160053.2
161698.5
163213.2
164605.3
165881.4
167046.1
168104.5
170924.6
173173.2
175208.5
177022.2
178614.3
183520.9
184798
186048
187340.3
189046.7
195770.5
203200.4
208431.6
211990.1
213831
152024.3
154264.8
156345
158273.1
160056.5
161702.4
163217.5
164609.7
165885.5
167048.9
169644.4
171770.6
173729.4
175514.1
177122.8
182032.5
183362.4
184659.7
185994.5
187740.3
194419.9
201758.2
206928.8
210453.5
212307.2
149615
152025.2
154266.7
156347.7
158276.5
160060.6
161706.9
163222
164613.9
165888.8
168468.1
170608.5
172592.7
174417.4
176082.3
181047.5
182442
183798.8
185187.2
186982.1
193676.4
201001.2
206167.4
209693.1
211555
147027.5
149616
152027.1
154269.5
156351.2
158280.8
160065.4
161712.1
163227.1
164618.4
167324.5
169580.3
171671.8
173596
175353.1
180428.3
181899.8
183328
184782.2
186637.3
193404.7
200797.7
206016.5
209585.2
211479.6
144252.1
147028.5
149618
152030.1
154273.3
156355.9
158286.2
160071.5
161718.6
163233.5
166212
168686.3
170968.3
173052.4
174938.2
180177.8
181738.3
183249.3
184780.7
186707.4
193606.8
201148.7
206478.1
210126.4
212075.5
141279
144253.2
147030.6
149621.2
152034.2
154278.4
156362.1
158293.5
160080
161727.8
165202.6
168038.8
170618
172933.4
174987.6
180444.3
182103.5
183707.2
185325.5
187332.3
194422.9
202191.6
207686.5
211452.5
213469.8
138097.4
141280.1
144255.5
147034
149625.6
152039.8
154285.3
156370.7
158304.3
160093.4
164531.8
167961.4
170969.4
173585.2
175838.2
181547.3
183309.2
185009.1
186719.2
188811.7
196130.5
204183.6
209879
213785.6
215887.4
134695.3
138098.6
141282.5
144259
147038.7
149631.5
152047.3
154294.8
156383.1
158322
165055.3
169340.5
172779.6
175629.9
178029.8
183985.5
185842.2
187631.7
189428.8
191604.7
199165.9
207517.2
213421
217468.5
219653.6
173168.9
175285.8
177525.5
179757.6
181925.4
188020.6
189943
191798.5
193663.9
195910.6
203686.7
212262.7
218317.9
222470
224713.2
177439.9
179331.3
181334.4
183407.7
185524.6
191757.9
193742.9
195660.5
197590.6
199902.8
207845.3
216579
222739.3
226964.2
229253.7
179998
181892.2
183885.4
185963.4
188116.1
194488.5
196540
198523.1
200517.9
202896.8
210980.4
219828.3
226065.4
230345.6
232672.6
181071.1
183030.8
185085.6
187229.3
189455.9
195978.7
198107
200163.9
202231.9
204684.8
212903.9
221850.9
228156.2
232486.6
234850.9
180661.5
182718.5
184871
187112.5
189439.4
196133.3
198354.6
200499.3
202653.3
205193.8
213560
222605.4
228977.4
233363.1
235772.4
198618.5
199111
199746.7
200527.2
201454.2
206323.6
207349.1
208378
209475.5
210936.4
197059.1
197609.9
198300.4
199130.9
200101.4
204999
206056.7
207117.5
208258.4
209828.9
216788.8
194209.4
194838.4
195606.7
196507.6
197536.5
202468
203563
204657.1
205829.2
207443.4
214509.8
222302.9
189987.2
190747.1
191655.4
192679.6
193799.4
198768.1
199906.6
201038.8
202242.5
203884.6
210964.1
218871.1
224293
184108.7
185207.3
186465.6
187768.3
189062.2
194070.5
195259.9
196435.6
197673.6
199341.9
206383.3
214271.5
219781.5
223410.7
156342.2
158268.5
160050.5
161695
163209.3
164601.1
165877.2
167042.6
168103.5
169067.2
174488.5
177736.3
180263.8
182295
183950.3
189008.9
190256.5
191481.7
192757.8
194452.9
201411.5
209201.8
214673.2
218367.9
220180.6
154263.9
156343.1
158270.3
160053.1
161698.5
163213.4
164606
165882.7
167048.8
168109.4
171691.3
174374.1
176700.5
178693.4
180377
185404.5
186698.5
187964.9
189274.8
190998
197858.7
205485.8
210851.6
214497
216337.6
152024.2
154264.8
156344.9
158273
160056.6
161702.6
163218
164610.7
165887.5
167052
169988.3
172340.8
174471.7
176373.6
178046.7
183047.3
184390.8
185701.3
187049.4
188807.2
195590.8
203075.3
208349
211941.5
213821.9
149615
152025.2
154266.7
156347.7
158276.5
160060.7
161707.2
163222.6
164615
165890.4
168606.6
170842.1
172902
174780.3
176475.7
181487.2
182888.8
184252.4
185647.7
187449.2
194195.6
201594.8
206812.6
210374.6
212255
147027.5
149616
152027.1
154269.5
156351.2
158280.8
160065.4
161712.1
163227.1
164618.4
167324.5
169580.3
171671.8
173596
175353.1
180428.2
181899.8
183328
184782.2
186637.3
193404.7
200797.7
206016.5
209585.2
211479.6
144252.2
147028.5
149618
152030.1
154273.2
156355.8
158285.9
160070.9
161717.5
163231.8
166070.7
168448.6
170654
172684.1
174539.5
179732.7
181286.6
182791.2
184316.2
186236.6
193084.1
200551.5
205829.5
209443.9
211375.7
141279.1
144253.2
147030.7
149621.1
152034.1
154278.2
156361.5
158292.3
160077.8
161724.2
164845
167447.9
169850.9
172047.7
174038.1
179404.5
181052.2
182644.7
184251.7
186248.4
193235.9
200859.5
206252.9
209952.7
211940.6
138097.5
141280.2
144255.5
147034
149625.5
152039.6
154284.7
156369.1
158301.2
160087.4
163718.9
166693.5
169400.8
171835.8
174000.8
179593.7
181345
183034.7
184733.1
186814.4
194000.7
201860.3
207424.3
211244.9
213305.7
134695.4
138098.7
141282.7
144259.1
147038.7
149631.4
152046.8
154293.6
156380.4
158315.2
162929.7
166512.4
169658.1
172399.7
174769.1
180623.2
182481.8
184271.9
186066
188236.9
195658.7
203809.9
209582.5
213546.5
215693.7
131058.6
134696.6
138101.2
141286.4
144264.1
147045
149639.3
152056.8
154306.6
156398.9
163349.3
167803.4
171390.5
174372
176891.1
182998.6
184955.2
186838.2
188722.6
190979.7
198650.5
207106.9
213091.9
217203.8
219435.1
171473.2
173724.3
176094.8
178452.1
180737
186987.4
189010.5
190960.8
192915.5
195245.5
203136.2
211822.8
217963.2
222181.4
224476.3
175711.3
177730.4
179858.8
182053.9
184288.3
190680.9
192766.9
194780.1
196799.3
199197.4
207261.6
216109.3
222358.6
226652.3
228994
178215.1
180236
182353
184552.4
186823
193360.6
195514.5
197594
199680.2
202145.6
210354.9
219324.9
225654.9
230006.6
232387.9
179214.6
181300.5
183480.6
185746.6
188093.1
194787.2
197021.1
199176.9
201337.9
203879.1
212230.6
221306.1
227709.5
232115.4
234536
178708.2
180892.5
183172.3
185539.9
187989.4
194863.4
197193
199440.8
201691.5
204323.1
212826.1
222010
228486.6
232952.4
235424.4
198266.6
198810.2
199493.5
200318.4
201286.7
206202
207261.4
208324.4
209471.2
211051.4
218038
196646.8
197253.7
197996.6
198875.7
199891.5
204840.2
205934.6
207029.4
208204.9
209826.3
216925
224712.5
193724.7
194415.4
195241.8
196197
197276.2
202265.3
203401.1
204532.5
205739.1
207388.5
214515
222442.5
227872.8
189415.6
190243.7
191217
192302.2
193478.6
198512.9
199697.3
200871.4
202113.3
203790.7
210913.2
218874
224428.6
228079
183430.1
184606.5
185939
187311.1
188669.5
193752.1
194993.7
196217.2
197498.9
199206.4
206293.1
214223.8
219784.4
223536.9
225371.1
154263.8
156342.9
158270.1
160053
161698.4
163213.5
164606.4
165883.7
167050.9
168115.1
173665.2
177016
179634.3
181746.7
183475.4
188618.8
189924.8
191203.9
192529.6
194269.7
201280.4
209117.2
214626.4
218368.8
220297
152024.1
154264.7
156344.8
158272.9
160056.6
161702.8
163218.7
164612.1
165890.2
167057.1
170761
173550.4
175973.7
178054.9
179818.9
184939.6
186299.2
187625.3
188990
190763.8
197683.8
205364.5
210773.7
214454.4
216376.9
149614.9
152025.1
154266.6
156347.6
158276.6
160060.9
161707.7
163223.7
164617
165893.7
168953.5
171416.8
173649.7
175645.4
177405
182507.3
183922
185298.4
186706.5
188519.6
195369.7
202914.6
208235.5
211865.1
213775.7
147027.5
149615.9
152027.1
154269.5
156351.3
158280.9
160065.7
161712.7
163228.2
164620.1
167464.4
169815.8
171983.5
173961.4
175749.1
180870.5
182348.9
183783.7
185244.7
187106.1
193925.6
201393
206663.2
210266.2
212179.5
144252.2
147028.5
149618
152030.1
154273.2
156355.8
158285.9
160070.9
161717.5
163231.8
166070.7
168448.6
170654
172684.1
174539.5
179732.7
181286.6
182791.2
184316.2
186236.6
193084.1
200551.5
205829.4
209443.9
211375.7
141279.1
144253.2
147030.7
149621.1
152034.1
154278
156361.1
158291.6
160076.6
161722.5
164702.2
167207.7
169533.7
171676.3
173636.2
178956.4
180597.7
182184
183784.8
185775.5
192711.1
200260.3
205602.3
209268.1
211239.3
138097.5
141280.2
144255.5
147034
149625.4
152039.3
154284
156367.9
158298.9
160083.7
163357.1
166096.1
168625.9
170941.8
173043.2
178545.9
180286.5
181965.4
183653.2
185724.9
192808.3
200522.7
205985.5
209740.5
211772.7
134695.4
138098.7
141282.7
144259.2
147038.7
149631.1
152046.1
154292
156377.2
158309
162106.5
165229.4
168072.2
170632.5
172914.5
178653.3
180502.8
182283.9
184067.4
186228.3
193518.6
201477
207118.5
210997.9
213105
131058.7
134696.7
138101.4
141286.6
144264.2
147044.9
149638.8
152055.6
154303.9
156391.8
161193.2
164937.8
168231.1
171105.9
173597.2
179605.8
181567
183453.1
185336.5
187590.8
195124.2
203382
209237.5
213267.6
215462.6
127176.7
131060
134699.5
138105.4
141291.8
144270.8
147053.2
149649.3
152069.2
154323.1
161504.9
166138
169881.5
173003.2
175648.3
181916.9
183978.6
185960.6
187937.6
190281.3
198070.3
206640.6
212713.7
216894.3
219179.7
169645.9
172037.8
174545.7
177034.4
179444.1
185859.9
187988.4
190038.6
192087.1
194505.7
202520.3
211326.3
217558.7
221848.3
224197.8
173853.6
176006.7
178266.1
180588.8
182946.4
189509.6
191701.7
193815
195928.9
198415.4
206609.7
215585.3
221927.5
226295.3
228693.3
176305.4
178457.3
180704.3
183030.2
185424.1
192137.1
194399.3
196580.2
198761.9
201318
209661.6
218763.1
225193.4
229621.9
232061
177232.4
179448.2
181758.1
184152.3
186623.4
193499.4
195843.3
198103.6
200362.5
202996.1
211487.7
220702
227210.1
231696.7
234178
176627.5
178943.7
181354.8
183852.7
186430.8
193494.7
195938
198292.9
200645.7
203373.3
212023.6
221349.7
227940.3
232492.1
235028.2
197860
198459.1
199194.2
200067.2
201080.1
206045.9
207141.7
208238.2
209419
211051.3
218177
225954.4
196175.2
196842.3
197642
198574.1
199638.9
204644
205778.1
206909.2
208118.4
209774.4
216931.8
224859.3
230278.6
193175.6
193931.8
194820.8
195834.8
196968.6
202021.4
203201.2
204373
205616.4
207299.9
214468.4
222452.6
228011.8
231666.8
188773
189673.7
190716.2
191867
193104.8
198210.9
199445.5
200665
201948.2
203663.4
210829.5
218831.9
224433.6
228214.4
230054.5
182672.3
183931.5
185343
186789.5
188217.1
193381.5
194679.1
195954.3
197283.3
199034
206170.3
214146.1
219743.1
223541.6
225497
152024
154264.6
156344.6
158272.8
160056.5
161702.9
163219.1
164613.2
165892.4
167063
172751.2
176212.1
178927.3
181126.6
182934
188169
189539.1
190876.1
192255.1
194044.4
201112.8
209002.3
214551.3
218326.5
220299
149614.9
152025
154266.5
156347.5
158276.6
160061.1
161708.3
163225.1
164619.9
165898.9
169732.9
172635.9
175162.6
177337.8
179187.8
184409.5
185839.3
187230.5
188654.2
190482.4
197468
205209
210664.3
214383
216336.6
147027.4
149615.9
152027.1
154269.5
156351.4
158281.1
160066.3
161713.8
163230.3
164623.5
167814.5
170395.5
172737.1
174832.8
176684.5
181896.5
183387.5
184834.6
186307.9
188180.5
195103.4
202716.1
208088.9
211759.5
213703
144252.1
147028.5
149618
152030.1
154273.3
156355.9
158286.2
160071.5
161718.6
163233.5
166212
168686.3
170968.3
173052.4
174938.2
180177.8
181738.3
183249.2
184780.7
186707.4
193606.8
201148.7
206478.1
210126.4
212075.5
141279.1
144253.2
147030.6
149621.1
152034.1
154278
156361.1
158291.6
160076.6
161722.5
164702.2
167207.7
169533.7
171676.3
173636.2
178956.4
180597.7
182184
183784.7
185775.5
192711.1
200260.3
205602.3
209268.1
211239.3
138097.5
141280.3
144255.5
147034
149625.4
152039.1
154283.7
156367.2
158297.7
160081.9
163212.7
165853.4
168305.5
170566.9
172637.9
178094.4
179828.8
181501.9
183183.5
185249.5
192281.1
199921.1
205332.7
209053.9
211069.4
134695.4
138098.8
141282.7
144259.1
147038.5
149630.8
152045.4
154290.7
156374.8
158305.1
161740.1
164625
167288.8
169729.5
171948
177596.8
179436.2
181207.2
182980.7
185132.5
192320.1
200133.4
205673.8
209488.1
211567.4
131058.7
134696.8
138101.4
141286.6
144264.1
147044.6
149638.1
152053.9
154300.5
156385.4
160358.7
163638.3
166626.3
169319.1
171723.7
177618.1
179571.6
181450.1
183324.2
185569.6
192972.4
201038.3
206763.8
210709.4
212865.8
127176.8
131060.1
134699.7
138105.5
141291.9
144270.7
147052.7
149648
152066.3
154315.8
159315.5
163231.4
166680.7
169697.9
172318.1
178490.6
180559.9
182547.6
184526.1
186869.1
194522.7
202896.3
208841.7
212942.1
215192.9
123040
127178.2
131063.1
134704
138111.2
141298.9
144279.4
147063.7
149662.3
152086.3
159515.1
164338
168246.8
171516.4
174296
180736.5
182908.1
184994.4
187069.4
189505.2
197421.7
206115.1
212283.3
216538
218880.4
167680.3
170220.6
172872.8
175499.6
178040.3
184633.6
186873
189027.6
191175
193686.8
201834.8
210770.2
217101.5
221468
223876.1
171862
174154.3
176551.5
179007.5
181494.3
188238.7
190543.3
192761.8
194974.8
197555.3
205885.7
214998
221446.9
225890.4
228348.6
174265.1
176552.2
178933.9
181392.6
183915.2
190814.3
193189.7
195477.8
197759.9
200410.8
208897.4
218139.5
224677.5
229188.8
231689.7
175120.2
177470.8
179914.4
182441.5
185043.3
192111.3
194570.4
196939.6
199301.9
202032.7
210673.3
220034.5
226655.7
231228
233773.9
174422.6
176868.1
179415.2
182047.8
184758.9
192024.9
194585.5
197053
199511.6
202340.5
211148.5
220629
227333.2
231979.2
234583.9
197394.9
198053.5
198844.8
199770.1
200831.3
205852.9
206987.9
208120.4
209334.3
211000.9
218182.4
226098.6
231510
195640.7
196371.8
197232.5
198222
199340.2
204407.5
205584.6
206755.1
208000
209689.4
216888.2
224869.2
230423.7
234068.5
192558.1
193384
194339.5
195416.6
196609.7
201732.4
202960.5
204175.9
205459.1
207179.1
214389.9
222414.5
228024.2
231803.8
233645.3
188055.1
189032.9
190149.1
191369.9
192673.6
197858.7
199147.2
200416.4
201744.6
203500.7
210714.8
218760.6
224397.7
228220.3
230189.1
181830.3
183177.7
184673.4
186199.1
187700.6
192953.7
194312.8
195643.6
197023.6
198821.2
206013.6
214039.2
219674.8
223504.8
225502.6
149614.7
152024.9
154266.4
156347.4
158276.5
160061.2
161708.7
163226.2
164622.2
165904.9
171740.8
175319.4
178138
180430.1
182321.6
187655.8
189094.3
190494.9
191931.2
193773.3
200906.1
208854.4
214448.4
218257.8
220259.1
147027.3
149615.8
152027
154269.4
156351.3
158281.4
160066.9
161715.2
163233.2
164629
168601.2
171625.2
174262
176537.5
178479
183809.7
185314.7
186775.5
188263.7
190150.4
197208.1
205016.2
210523.2
214281.7
216268.7
144252.1
147028.4
149618
152030.1
154273.4
156356.2
158286.8
160072.7
161720.7
163237
166565.7
169271.3
171728.3
173930.6
175880.4
181210.3
182782.8
184305.7
185849
187786.3
194788.9
202476
207907.3
211622.6
213601.7
141279.1
144253.2
147030.6
149621.1
152034.1
154278.2
156361.5
158292.3
160077.8
161724.2
164845
167447.9
169850.9
172047.7
174038.1
179404.5
181052.2
182644.7
184251.7
186248.4
193235.9
200859.5
206252.9
209952.7
211940.6
138097.5
141280.3
144255.5
147034
149625.4
152039.1
154283.7
156367.2
158297.7
160081.9
163212.7
165853.4
168305.5
170567
172637.9
178094.4
179828.8
181501.9
183183.5
185249.5
192281.1
199921.1
205332.7
209053.9
211069.4
134695.4
138098.8
141282.7
144259.1
147038.5
149630.7
152045.1
154290
156373.6
158303.3
161593.8
164379.4
166965
169350.9
171539
177141.5
178975
180740.5
182508.1
184654.5
191790.3
199529.2
205018.4
208799.1
210861.9
131058.7
134696.8
138101.4
141286.5
144263.9
147044.3
149637.4
152052.5
154298
156381.4
159987.3
163026.2
165833.7
168406.3
170747.5
176552.1
178496.2
180365.2
182229.9
184467
191767.2
199688
205312.6
209193.3
211322.7
127176.9
131060.2
134699.7
138105.5
141291.8
144270.4
147051.9
149646.3
152062.8
154309.2
158468.7
161914
165055.2
167889.9
170424.1
176483.4
178546.6
180528.2
182498.7
184834.1
192358
200540.4
206356.9
210374.1
212586.3
123040.1
127178.4
131063.2
134704.1
138111.2
141298.8
144278.9
147062.3
149659.3
152078.8
157289.3
161386.7
165000.7
168168.2
170926.2
177273.9
179456
181550.8
183630
186067.4
193850.6
202349.2
208391.6
212568.1
214877.6
118626.8
123041.7
127181.5
131067.9
134710.2
138118.7
141308.1
144290.5
147077.3
149680.2
157372.1
162396.8
166480.4
169906
172827.4
179452.5
181740.1
183935.3
186113.6
188646.6
196700.3
205526.8
211797.4
216131.9
218535.5
165570.6
168266
171070.4
173842.2
176520.6
183302.7
185660
187924.4
190175.1
192785.2
201075.7
210150.5
216588.7
221037.4
223508.3
169732
172168.5
174709
177305.4
179927.2
186864.2
189286.6
191616.5
193933.6
196612.5
205090.2
214343.8
220906.3
225439.3
227957.3
172089
174516.9
177037.9
179634.4
182292.2
189388.5
191882
194282.2
196670.3
199420.9
208059.6
217451.8
224104.3
228704
231271.3
172880.3
175363.7
177946.3
180610.6
183347.9
190620.8
193198.6
195681.8
198151.8
200985.2
209784.8
219302.4
226042.6
230707.4
233321.2
172091.6
174668.8
177349.7
180122
182970.7
190450.3
193133.4
195716.9
198286.8
201220.6
210197.2
219843.2
226671.2
231407.9
234088.2
196867.7
197589.5
198441.1
199423.1
200537.1
205620.1
206797.6
207968.9
209218.4
210917.7
218139.6
226101.5
231648.3
235291.3
195039.7
195838.5
196764.1
197815.3
198991.5
204127.4
205351.3
206564.4
207848.2
209573
216813.1
224833.7
230434.4
234210.9
236043.7
191867.8
192767.9
193794.1
194938.6
196195.4
201394.8
202675.2
203938.4
205264.7
207024.1
214281.5
222348.3
227992.2
231817.4
233780.6
187256.9
188316.9
189511.6
190806.9
192181
197451.8
198799.4
200122
201499.3
203299.9
210567.4
218661.7
224335.7
228188.7
230195.3
180899.1
182340.2
183925.5
185535.6
187116.1
192464.9
193889.9
195281.7
196716.7
198565
205819.3
213902.5
219579.8
223442.8
225468
147027.2
149615.7
152026.8
154269.2
156351.3
158281.5
160067.3
161716.2
163235.6
164635.1
170628.6
174332.5
177261.5
179652.4
181633.6
187074.8
188586.7
190055.2
191554.3
193453.2
200656.6
208670.7
214315
218163.2
220193.7
144252
147028.4
149617.9
152030
154273.4
156356.4
158287.4
160074.1
161723.7
163242.7
167360.4
170512.6
173266.5
175648.9
177687.9
183135.7
184721.1
186256.6
187813.7
189764.4
196900.9
204782.6
210347.4
214150.5
216171.6
141279
144253.2
147030.6
149621.2
152034.2
154278.4
156362.1
158293.5
160080
161727.8
165202.6
168038.8
170618.1
172933.4
174987.6
180444.3
182103.5
183707.2
185325.5
187332.3
194422.9
202191.6
207686.5
211452.4
213469.8
138097.5
141280.2
144255.6
147034
149625.4
152039.3
154284
156367.9
158298.9
160083.7
163357.1
166096.1
168625.9
170941.9
173043.2
178545.9
180286.5
181965.4
183653.2
185724.9
192808.4
200522.7
205985.5
209740.5
211772.7
134695.4
138098.8
141282.7
144259.1
147038.5
149630.7
152045.1
154290
156373.6
158303.3
161593.8
164379.4
166965
169350.9
171539
177141.5
178975
180740.5
182508.1
184654.5
191790.3
199529.2
205018.4
208799.1
210861.9
131058.8
134696.8
138101.4
141286.5
144263.9
147044.1
149637
152051.8
154296.8
156379.5
159839
162777.6
165506.1
168023.6
170334.4
176092.5
178031.1
179895
181754.1
183985.9
191234.4
199080.8
204654.4
208501.7
210614.8
127176.9
131060.2
134699.7
138105.5
141291.7
144270
147051.2
149644.8
152060.2
154305
158091.8
161293.5
164252.6
166966.4
169437.3
175407.1
177461.4
179434.4
181396.2
183723.9
191145.4
199182.7
204898.4
208851.2
211036.9
123040.2
127178.4
131063.3
134704.1
138111.1
141298.5
144278.1
147060.5
149655.7
152072
156429
160049.6
163352.7
166337
169009.8
175245.5
177423.1
179513.4
181586.1
184017.2
191671.7
199979.8
205894.4
209988.8
212261.1
118626.9
123041.8
127181.6
131068
134710.2
138118.6
141307.5
144289.1
147074.2
149672.4
155106.5
159396.4
163185
166511.1
169414.3
175950.3
178251.6
180458.3
182643.5
185180.9
193103.7
201737.1
207884
212142.3
214514.9
113915.3
118628.7
123045.3
127186.7
131074.5
134718.1
138128.3
141319.7
144304.8
147096.1
155068.3
160306.5
164575.8
168166.3
171236.8
178058.6
180469.7
182779.8
185065.8
187701.3
195902.2
204872
211252.9
215673
218142.1
163311.3
166168.2
169131.9
172056.9
174879.8
181862.6
184343.6
186724.7
189084.2
191796.9
200239.7
209463.8
216016.8
220554
223091.6
167457.6
170044.9
172734
175476.6
178240.6
185382.1
187927.6
190374
192801.3
195583.6
204218.1
213626.5
220302.6
224930.4
227521.5
169778.6
172346.3
175012.5
177751.7
180549.8
187856.2
190472.8
192989.8
195488.7
198344.6
207145.6
216697.6
223471.7
228164.9
230802.8
170510.8
173129.5
175849.5
178656.4
181533.9
189023.2
191726
194326.5
196909.1
199849.4
208819.2
218503.7
225369.7
230131
232818.1
169628
172344
175161.5
178071.6
181063.3
188768.5
191578.2
194282.7
196967.1
200011.4
209166.1
218988.9
225949.2
230785.7
233535.7
196274.8
197063.5
197979.1
199022.2
200193.5
205344.6
206568
207781.5
209069.1
210803.5
218066.4
226065.2
231645.6
235425.6
237261.1
194367.4
195238.7
196233.2
197350.1
198588.5
203799.7
205074.9
206334.3
207660.1
209423.4
216709.1
224770.8
230404.9
234221.8
236184
191100.1
192079.2
193180.8
194396.9
195721.6
201004.5
202341.9
203656.9
205030.5
206832.5
214141.8
222255.5
227935.1
231789.5
233794.6
186373.8
187520.8
188799.2
190174
191623.1
196986.4
198397.3
199778.5
201208.6
203057.9
210384.9
218533.5
224248.5
228133
230165.9
179873.8
181413.8
183094.4
184794.5
186459.1
191911.3
193406.7
194863.8
196359.2
198261.9
205584.6
213731.3
219457.7
223356
225409.4
144251.9
147028.2
149617.7
152029.9
154273.3
156356.5
158287.9
160075.2
161726.1
163249
169409.2
173246.2
176292.4
178788.7
180865.4
186421.8
188012
189553.1
191119.6
193080.9
200361.5
208447.9
214148.4
218039.7
220103.5
141279
144253.1
147030.6
149621.1
152034.3
154278.7
156362.8
158295
160083
161733.6
166006
169292.9
172170.7
174666.5
176809.4
182383.2
184054.1
185669.2
187300.3
189319.4
196543.4
204505.9
210133.4
213986.3
216045.5
138097.5
141280.2
144255.5
147034
149625.5
152039.6
154284.7
156369.1
158301.2
160087.4
163718.9
166693.5
169400.8
171835.8
174000.8
179593.7
181345.1
183034.7
184733.1
186814.4
194000.7
201860.3
207424.3
211244.9
213305.7
134695.4
138098.8
141282.7
144259.1
147038.5
149630.8
152045.4
154290.7
156374.8
158305.1
161740.1
164625
167288.8
169729.5
171948
177596.8
179436.2
181207.2
182980.7
185132.5
192320.1
200133.5
205673.8
209488.1
211567.4
131058.8
134696.8
138101.4
141286.5
144263.9
147044.1
149637
152051.8
154296.8
156379.5
159839
162777.6
165506.1
168023.6
170334.4
176092.5
178031.1
179895
181754.1
183985.9
191234.4
199080.8
204654.4
208501.7
210614.8
127177
131060.2
134699.7
138105.4
141291.5
144269.8
147050.7
149644.1
152058.9
154303
157941.3
161041.5
163920.8
166579.3
169019.8
174943.2
176992.1
178960.1
180916.8
183239.5
190609.4
198572.2
204237
208156.7
210326.3
123040.2
127178.5
131063.3
134704.1
138110.9
141298.1
144277.3
147059.1
149653
152067.6
156046.3
159420.1
162539.2
165401.9
168011.6
174157.9
176327.4
178409.7
180474.5
182898.7
190450.9
198613.9
204427.9
208458.4
210704.8
118626.9
123041.9
127181.7
131068
134710.1
138118.2
141306.6
144287.2
147070.5
149665.3
154231.8
158038
161512.3
164654.6
167473.4
173898.8
176197.3
178401.1
180581.5
183114.1
190909.2
199353
205373
209550.4
211886.9
113915.3
118628.8
123045.4
127186.8
131074.6
134718
138127.7
141318.3
144301.6
147088
152759.3
157252.8
161226.1
164720.3
167776.5
174512.9
176941.5
179266.3
181562.2
184205
192277.4
201056.4
207315.7
211661.6
214101.8
108901.4
113917.2
118632.7
123050.9
127193.8
131083
134728.3
138140.6
141334.9
144324.6
152596.5
158060.4
162525.3
166290.8
169518.8
176549.8
179090.6
181523
183922.7
186665.2
195023.3
204147.1
210646.4
215158.2
217697.1
160895.2
163922.1
167051.7
170137
173112.7
180309
182919.3
185422.9
187897.9
190718.6
199323.3
208707.3
215382.3
220014.3
222623.5
165038.5
167777.4
170622.3
173516.6
176428.8
183788.4
186462.4
189030.6
191573.2
194464.9
203266.4
212839.7
219641.5
224360.8
227029.1
167331.1
170042.1
172852.8
175740.9
178684.5
186213.1
188958.6
191597.3
194211.7
197177.5
206152.2
215874.7
222777.6
227569.7
230281.4
168004.4
170766.3
173626.7
176574.9
179598.3
187316.2
190147.8
192871.8
195570.3
198622.4
207772.6
217635.9
224635.6
229498.3
232260.8
167034.2
169887.2
172849
175900
179032.9
186977.4
189917.6
192747
195550.8
198708.7
208054
218063.3
225164.6
230107.1
232934.2
195611.4
196471.8
197455.4
198563.3
199796.2
205022
206296.2
207555.1
208884.3
210656.4
217964.9
226004.4
231613.9
235421.7
237394.2
193619.5
194567.9
195636.1
196822.7
198127.5
203420.5
204751.5
206061.7
207433.2
209238.1
216574.5
224682.2
230351
234196.2
236194.9
190250.5
191313.2
192495.2
193787.7
195184.7
200557.5
201956.4
203327.9
204752.7
206601.6
213968.1
222134.6
227853.9
231738.6
233768.8
185401.4
186640.1
188007.2
189466.7
190995.7
196458.8
197937.3
199381.3
200869.4
202771.1
210164.5
218373.9
224134.5
228053.9
230113.5
178749.9
180393.9
182175.2
183970.9
185725.3
191288.7
192859.2
194386.1
195946.2
197908.8
205306.4
213523.1
219303.5
223243.9
225326.9
141278.9
144253
147030.4
149621
152034.2
154278.8
156363.2
158296.1
160085.5
161740.1
168078.2
172055.2
175225.6
177833.7
180012.1
185692.4
187365.9
188984.7
190623.1
192651.2
200017.8
208183.4
213945.3
217884.9
219985.2
138097.4
141280.1
144255.5
147034
149625.6
152039.8
154285.3
156370.7
158304.3
160093.4
164531.8
167961.5
170969.4
173585.2
175838.2
181547.4
183309.2
185009.1
186719.2
188811.7
196130.5
204183.6
209879
213785.6
215887.4
134695.4
138098.7
141282.7
144259.2
147038.7
149631.1
152046.1
154292
156377.2
158309
162106.5
165229.4
168072.2
170632.5
172914.5
178653.3
180502.8
182283.9
184067.4
186228.3
193518.6
201477.1
207118.5
210997.9
213105
131058.7
134696.8
138101.4
141286.5
144263.9
147044.3
149637.4
152052.5
154298
156381.4
159987.3
163026.2
165833.7
168406.3
170747.5
176552.1
178496.2
180365.2
182229.9
184467
191767.2
199688
205312.6
209193.4
211322.7
127177
131060.2
134699.7
138105.4
141291.5
144269.8
147050.7
149644.1
152058.9
154303
157941.3
161041.5
163920.8
166579.3
169019.8
174943.2
176992.1
178960.1
180916.8
183239.5
190609.4
198572.2
204237
208156.7
210326.3
123040.2
127178.5
131063.3
134704
138110.8
141297.9
144276.9
147058.3
149651.6
152065.5
155893.5
159164.4
162202.9
165009.9
167589.2
173689.4
175853.8
177931.1
179991.1
182410.7
189911.3
197999.9
203763
207760.5
209991.2
118626.9
123041.9
127181.7
131067.9
134709.9
138117.8
141305.8
144285.7
147067.7
149660.8
153842.7
157398.7
160686.9
163706.7
166462.6
172798.9
175090.4
177286.8
179460
181986.4
189679.4
197978
203897.7
208011.6
210323.1
113915.2
118628.8
123045.5
127186.7
131074.4
134717.6
138126.8
141316.3
144297.7
147080.6
151868.9
155871.4
159527
162836.2
165809
172436.2
174864.1
177187.6
179480.4
182119.9
190065.9
198656.1
204789.5
209055.7
211460.9
108900.5
113917.2
118632.8
123051
127193.8
131082.9
134727.7
138139.1
141331.5
144316.2
150239.9
154948.4
159116.7
162788.5
166007
172957.1
175519
177969.9
180382.7
183135.4
191367.8
200303.2
206683.2
211122.9
213635
103854.3
108902.1
113921.2
118638.8
123058.5
127203
131094
134741.3
138156.6
141355.6
149947.9
155651.8
160322.7
164271.8
167667
174921.3
177598
180158.8
182679.5
185534.9
194060
203348.7
209974.5
214584.5
217197.8
158319.4
161520.2
164824.9
168077.2
171212.6
178637.5
181383
184014.6
186610.8
189546
198323.7
207877.8
214683.1
219415.3
222100.6
162470.8
165366
168367.7
171421.3
174487.4
182078.2
184887.2
187582.5
190245.4
193251.5
202232
211981
218916.2
223737.8
226477.3
164738.5
167601.3
170560.5
173597.1
176692.7
184456.5
187335.3
190101.3
192836
195916.4
205075.5
214980.6
222020.4
226916.3
229705.5
165363.4
168266.8
171276
174369
177537
185497.7
188462.1
191313.3
194133.8
197300.7
206643
216695.9
223837.9
228807.8
231648.8
164316.2
167300.9
170405.8
173606
176883.5
185074.6
188149.8
191107.8
194034.9
197311
206856.9
217066.7
224314.6
229369.5
232278.1
194873.4
195809.9
196866.4
198043.1
199341.6
204648.4
205977.9
207287
208661.1
210474.3
217833
225919
231562.3
235393.5
237393.7
192791.7
193821.6
194968.2
196229.5
197604.7
202985.9
204377
205742.5
207164.3
209014.4
216407.2
224566.5
230273.9
234148.5
236171.3
189314.8
190465.5
191732.6
193106.5
194580.8
200050.5
201514.7
202947.3
204427.9
206327.5
213758.5
221983.4
227747.1
231665.4
233721.2
184335.5
185670.3
187130.9
188680.2
190294.7
195865.1
197415.7
198926.8
200477.1
202436.2
209902.3
218180.4
223991.9
227949.6
230038.6
177523.2
179275.9
181163.2
183060
184909.7
190592.9
192243.4
193844.8
195474
197500.9
204981.8
213275.4
219115
223101.3
225220
138097.3
141280
144255.3
147033.9
149625.5
152039.9
154285.8
156371.8
158306.9
160100
166629.5
170755.3
174056.1
176782.4
179068.5
184881.9
186644.2
188345.7
190061
192160.5
199620.4
207875.3
213703.3
217695.1
219836.4
134695.4
138098.7
141282.7
144259.1
147038.7
149631.4
152046.8
154293.6
156380.4
158315.2
162929.7
166512.4
169658.1
172399.7
174769.2
180623.2
182481.8
184271.9
186066
188236.9
195658.7
203809.9
209582.5
213546.5
215693.8
131058.7
134696.8
138101.4
141286.6
144264.1
147044.6
149638
152053.9
154300.5
156385.4
160358.7
163638.3
166626.3
169319.1
171723.7
177618.1
179571.6
181450.1
183324.2
185569.6
192972.4
201038.3
206763.8
210709.4
212865.8
127176.9
131060.2
134699.7
138105.5
141291.7
144270
147051.2
149644.8
152060.2
154305
158091.8
161293.5
164252.5
166966.4
169437.3
175407.1
177461.5
179434.4
181396.2
183723.9
191145.4
199182.7
204898.4
208851.3
211036.9
123040.2
127178.5
131063.3
134704
138110.8
141297.9
144276.9
147058.3
149651.6
152065.5
155893.5
159164.4
162202.9
165009.9
167589.2
173689.4
175853.8
177931.1
179991.1
182410.7
189911.3
197999.9
203763
207760.5
209991.2
118626.9
123041.9
127181.7
131067.9
134709.8
138117.5
141305.4
144284.8
147066.2
149658.6
153687.4
157139
160345.7
163309.5
166035
172325
174612
176803.8
178972
181494.3
189135.9
197360
203229.1
207310
209606.1
113915
118628.8
123045.4
127186.6
131074.2
134717.2
138126
141314.7
144294.8
147075.9
151472.9
155221.5
158688.6
161874.4
164784.5
171323
173744.7
176061.9
178348.2
180982.2
188826.4
197271.2
203304.6
207507.7
209888.6
108899.4
113917
118632.8
123050.9
127193.6
131082.5
134726.7
138137.1
141327.4
144308.5
149332
153542
157388.9
160874.8
164010.4
170852.9
173416.2
175867.8
178279.3
181030.4
189137.5
197885.1
204140.4
208501.6
210980
103853.4
108900.3
113921.2
118638.9
123058.5
127202.8
131093.4
134739.7
138153.1
141346.8
147539.4
152475.9
156849.7
160708.4
164098
171277.5
173979.5
176562.2
179099.9
181968.6
190371
199473.8
205982.9
210523
213111.8
103854.8
108904.5
113927.5
118647.1
123068.4
127214.7
131107.8
134758.2
138178.4
147115.1
153072.7
157961.9
162103.4
165673.5
173168.3
175987.4
178682.5
181330.3
184305.8
193009.5
202473.6
209234.3
213948.5
216641.1
155578.3
158960.3
162444.1
165872.7
169174.5
176842.7
179730.6
182495.8
185218.5
188274
197237.2
206973.2
213916.4
218755
221520
159745.5
162806.9
165970.6
169184.7
172412.5
180248.3
183197.3
186025.9
188814.5
191939.9
201110.9
211048.1
218124.5
223054
225874
162001.9
165016.1
168133.1
171322.5
174569.8
182583.8
185600.4
188498.1
191358.4
194558
203913.1
214012.3
221197.6
226203.4
229073.3
162592.9
165633.5
168790.4
172037
175353.5
183564.8
186667
189649.2
192595.1
195882.9
205427.4
215682.1
222974.5
228057.6
230981
161475.9
164591.4
167834.7
171183.2
174614.1
183066.1
186272.3
189363.4
192417.2
195815.4
205574.5
215994.8
223400.7
228570.7
231564.9
194056.4
195073.4
196207.3
197458
198825.9
204220.2
205609
206972.9
208396.8
210254.3
217668.8
225805.8
231489.1
235348.1
237368.1
191879.8
192995.6
194225.1
195565.9
197016.7
202492.8
203947.7
205372.7
206849.3
208749.3
216204.5
224421.3
230172.2
234079.4
236126.8
188289.2
189531.8
190888.5
192348.8
193905.5
199479.8
201013.7
202511
204052.1
206007.1
213508.8
221800.4
227612.4
231568.3
233652.2
183172.2
184607.2
186165.9
187809.9
189515.1
195201.8
196828.7
198411.3
200028
202048.9
209595.5
217948.5
223818
227818.5
229939.5
176188.4
178055.6
180053.8
182057
184007.5
189819.2
191555.2
193236
194938.9
197034.4
204605.9
212986.2
218889.6
222926.2
225083.6
134695.3
138098.6
141282.5
144259
147038.7
149631.5
152047.3
154294.8
156383.1
158322
165055.3
169340.5
172779.6
175629.9
178029.8
183985.5
185842.2
187631.7
189428.9
191604.7
199165.8
207517.3
213421.1
217468.5
219653.7
131058.7
134696.7
138101.4
141286.6
144264.2
147044.9
149638.8
152055.5
154303.9
156391.8
161193.2
164937.8
168231.1
171105.9
173597.2
179605.8
181567
183453.1
185336.5
187590.8
195124.1
203382
209237.6
213267.6
215462.7
127176.9
131060.2
134699.7
138105.5
141291.8
144270.4
147051.9
149646.3
152062.8
154309.2
158468.7
161914
165055.1
167889.9
170424.1
176483.5
178546.6
180528.2
182498.7
184834.1
192358.1
200540.4
206356.8
210374.2
212586.3
123040.2
127178.5
131063.3
134704.1
138110.9
141298.1
144277.3
147059.1
149653
152067.6
156046.3
159420.1
162539.2
165401.8
168011.5
174157.9
176327.5
178409.7
180474.5
182898.7
190450.9
198613.9
204427.9
208458.4
210704.8
118626.9
123041.9
127181.7
131067.9
134709.8
138117.5
141305.4
144284.8
147066.2
149658.6
153687.4
157139
160345.7
163309.5
166035
172325
174612
176803.8
178972.1
181494.3
189135.9
197360
203229.1
207310
209606.1
113914.9
118628.8
123045.4
127186.6
131074.1
134716.9
138125.5
141313.8
144293.3
147073.6
151314.8
154957.6
158342.2
161471.5
164351.3
170843.4
173260.8
175574.2
177855.8
180485.5
188278.2
196648.9
202631.7
206802.2
209167.9
108898.5
113916.8
118632.7
123050.8
127193.4
131082
134725.9
138135.4
141324.3
144303.5
148928.6
152880.6
156536.8
159898.2
162971
169725.3
172283.2
174729.6
177135.5
179881.7
187887.2
196489.5
202644.9
206943.5
209398.4
103852.6
108898.8
113920.9
118638.8
123058.3
127202.3
131092.4
134737.6
138148.8
141338.8
146612.5
151041.7
155090.8
158763.1
162070.7
169143.4
171849
174434.7
176973
179841.9
188120.2
197036.2
203422
207884.9
210441.1
103853.1
108902.3
113927.4
118647
123068.2
127214.1
131106.2
134754.5
138169.3
144649.1
149827
154418.3
158473.6
162042.5
169463
172317.7
175038.1
177707.1
180699.8
189284.1
198565
205211.6
209858.6
212528.9
103856.8
108909.4
113936.1
118657.7
123080.9
127229.6
131125.8
134781.2
144089
150316.6
155435.1
159780.3
163532.7
171279.3
174254
177088.8
179870.3
182971.9
191867.6
201519.6
208422.9
213247.7
216023.8
152662.1
156236.8
159907.5
163515.9
166993.9
174919.9
177956.8
180862.6
183717.2
186898.3
196059.3
205990.4
213080.2
218030.6
220879.8
156861.8
160090.9
163427.4
166807.5
170198.1
178295.6
181389.6
184356.5
187276.7
190526.7
199900
210037.6
217264.5
222307.6
225211.8
159125.1
162287.8
165562.5
168914.7
172318.3
180591.5
183751.4
186785
189775.2
193099.4
202662.6
212968.1
220307.1
225428.9
228383.3
159693.9
162871.5
166172.4
169572.1
173046.4
181523.3
184759.7
187877.7
190952.6
194364.6
204125.9
214592.5
222043.9
227245.8
230255.5
158522.8
161760.4
165141.9
168634.6
172218.5
180952.6
184292
187511.6
190696.4
194220
204204.9
214848.9
222418.4
227712.6
230792.6
193156.2
194258.2
195474
196803.1
198246
203734
205186
206608.8
208086.8
209993.7
217469.7
225663.9
231390
235282.9
237325.9
190880.3
192085.6
193402.6
194827.6
196358.8
201937.7
203460.5
204948.8
206484.3
208438.5
215963.7
224244.8
230043.4
233987.2
236061.8
187169.9
188508.5
189958.9
191510.3
193154.3
198841.1
200449.6
202015.9
203621.2
205636.2
213216.2
221580.7
227448.9
231444.9
233560
181906.5
183447
185108.1
186851.6
188652.3
194463.2
196172.9
197831.1
199518.6
201605.3
209239.8
217676.4
223608.3
227658.1
229814.4
174738.7
176727.8
178843
180957.6
183014.3
188963.2
190789.9
192555.4
194336.9
196505.6
204175.3
212649.5
218626.1
222716.1
224915.4
131058.5
134696.6
138101.2
141286.4
144264.1
147045
149639.3
152056.8
154306.7
156398.9
163349.3
167803.4
171390.5
174372
176891.1
182998.7
184955.2
186838.2
188722.6
190979.7
198650.5
207106.8
213092
217203.9
219435.1
127176.8
131060.1
134699.7
138105.5
141291.9
144270.7
147052.7
149648
152066.3
154315.8
159315.5
163231.4
166680.6
169697.9
172318.1
178490.6
180559.9
182547.6
184526.1
186869.1
194522.8
202896.3
208841.6
212942.2
215192.9
123040.2
127178.4
131063.3
134704.1
138111.1
141298.5
144278.1
147060.5
149655.7
152071.9
156429
160049.6
163352.7
166337
169009.8
175245.5
177423.1
179513.4
181586.1
184017.3
191671.7
199979.9
205894.4
209988.8
212261.1
118626.9
123041.9
127181.7
131067.9
134709.9
138117.8
141305.8
144285.7
147067.6
149660.8
153842.7
157398.7
160686.9
163706.7
166462.5
172798.8
175090.4
177286.8
179460
181986.4
189679.4
197978
203897.8
208011.6
210323
113914.9
118628.8
123045.4
127186.6
131074.1
134716.9
138125.5
141313.8
144293.3
147073.6
151314.8
154957.6
158342.2
161471.5
164351.3
170843.4
173260.8
175574.2
177855.8
180485.5
188278.2
196648.9
202631.7
206802.2
209167.9
108898
113916.7
118632.7
123050.7
127193.2
131081.8
134725.3
138134.4
141322.7
144301.1
148767.6
152612.1
156184.8
159489
162531.5
169239.8
171793.7
174236.3
176638.4
179380.6
187334
195861.8
201967.3
206233.5
208673.6
103851.9
108897.7
113920.7
118638.7
123058.1
127201.8
131091.4
134735.8
138145.6
141333.6
146201
150367.9
154223.7
157770.5
161015.3
168000
170701.5
173282.7
175816.5
178681.6
186858.4
195628.7
201915
206315.8
208849.3
103851.9
108900.5
113927.1
118646.8
123067.7
127213
131104
134750
138160.9
143701.1
148362.5
152624.6
156493.7
159982.7
167301.9
170157.2
172883.7
175554.7
178549.5
187011.1
196105.9
202630.6
207202
209841.2
103854.8
108906.9
113935.9
118657.4
123080.2
127227.9
131121.9
134771.7
141559.3
146993.7
151814.7
156077.5
159834.7
167509
170522
173393.5
176198.2
179322.4
188102.6
197574.4
204366.3
209126.7
211883.1
103860.9
108916.9
113947.3
118671
123096.7
127248.8
131150.2
140858.8
147375.9
152737.1
157294.9
161240
169250
172385.7
175374.4
178293.3
181528.7
190629.3
200483
207538.4
212479.3
215343.4
149566.5
153340.1
157209.9
161006
164662.5
172865.8
176057
179109.2
182103.3
185415.1
194786.3
204925.9
212172.1
217240.8
220177.4
153821.1
157217.5
160728.6
164286.3
167845.7
176215.8
179461.3
182571.2
185627.8
189008.3
198596.9
208947.7
216333.5
221496.9
224488.8
156107.8
159420.1
162850.4
166365.6
169936.1
178484.7
181785.2
184959.9
188084.2
191537
201321.7
211846.7
219347.7
224591
227633.9
156675
159982.1
163427.5
166977
170608.8
179373.4
182746.6
185996.2
189204.8
192744.5
202734.5
213429.9
221044.7
226371.4
229470.4
155473.2
158817.8
162329.6
165966.9
169699.9
178729.8
182209.6
185559.6
188870.4
192523.6
202747.5
213628.8
221370.1
226790.9
229963.5
192169.7
193359.9
194662.2
196074.5
197596.9
203187.3
204705.7
206191.1
207727.4
209688
217233.4
225490.5
231264.6
235193.3
237264.5
189789.7
191088.3
192496.4
194010.3
195626.8
201316.1
202911.9
204467.6
206065.7
208078.4
215680.5
224034.1
229886.1
233869.7
235974.7
185952.3
187391.7
188940
190586.6
192322.8
198130.3
199818.2
201458.5
203132.1
205210.7
212876.7
221322.3
227251.2
231294.6
233442.5
180532.5
182184.8
183953.7
185801.2
187702.4
193645.1
195442.5
197182.9
198945.2
201102.2
208831.7
217359.5
223361.5
227463.5
229661
173168.8
175285.8
177525.5
179757.7
181925.4
188020.6
189943
191798.5
193663.9
195910.7
203686.7
212262.6
218318.1
222470.1
224713.3
127176.7
131060
134699.5
138105.4
141291.8
144270.8
147053.2
149649.2
152069.2
154323.1
161504.9
166138
169881.4
173003.2
175648.3
181916.9
183978.6
185960.6
187937.7
190281.4
198070.4
206640.6
212713.6
216894.4
219179.7
123040.1
127178.4
131063.2
134704.1
138111.2
141298.8
144278.9
147062.3
149659.3
152078.8
157289.2
161386.7
165000.7
168168.2
170926.2
177273.9
179456
181550.8
183630
186067.4
193850.7
202349.2
208391.6
212568.1
214877.7
118626.9
123041.9
127181.7
131068
134710.1
138118.2
141306.6
144287.2
147070.5
149665.3
154231.8
158038
161512.3
164654.6
167473.4
173898.8
176197.4
178401.1
180581.5
183114.1
190909.2
199353
205373
209550.4
211886.9
113915
118628.8
123045.4
127186.6
131074.2
134717.2
138126
141314.7
144294.8
147075.9
151472.9
155221.5
158688.6
161874.5
164784.5
171322.9
173744.6
176061.9
178348.2
180982.2
188826.4
197271.2
203304.6
207507.7
209888.6
108898
113916.7
118632.7
123050.7
127193.2
131081.8
134725.3
138134.5
141322.7
144301.1
148767.6
152612.1
156184.8
159489
162531.5
169239.8
171793.6
174236.3
176638.4
179380.6
187334
195861.8
201967.3
206233.5
208673.6
103851.5
108897.2
113920.5
118638.6
123057.9
127201.5
131090.8
134734.8
138143.9
141331.1
146036.9
150094.6
153865.6
157354.7
160569.1
167507.7
170205.9
172783.6
175313.7
178175.7
186300.5
194995.3
201231.6
205601
208120
103851.1
108899.3
113926.7
118646.5
123067.1
127211.9
131102.1
134746.7
138155.5
143280.4
147675.3
151741.6
155483.8
158910.2
166141.6
168993.8
171717.1
174384.3
177376.3
185736.9
194686
201111.1
205621
208238.3
103853.3
108904.9
113935.4
118656.9
123079
127225.5
131117.2
134762.9
140587.9
145495.6
149983.1
154058.5
157739.3
165322
168335.2
171209.7
174019.9
177146.4
185805.5
195092.1
201763.4
206449.7
209176.7
103858.7
108914.3
113946.9
118670.3
123094.9
127244.7
131140.2
138258.9
143967.4
149031.5
153512.9
157468.7
165413.2
168588.1
171613.7
174570.5
177830.8
186820.7
196498.1
203445.3
208324.5
211171.6
103867.4
108927.6
113961.4
118687.9
123117.1
127274.6
137413.8
144239.9
149860.8
154642.8
158788.2
167081.1
170378.6
173524.6
176597.7
179970.6
189290.6
199359.8
206577.8
211641.8
214597.4
146289.4
150266.2
154341.9
158338.1
162180.8
170666.3
174028.1
177231.9
180370.2
183821
193415.6
203776.6
211189
216383
219411.6
150622
154188.5
157874.6
161611.4
165351.9
174012.3
177408.2
180667.4
183865.1
187380.7
197198.8
207776.7
215330.4
220619.7
223703.7
152956.1
156413.1
160000.9
163677.3
167415.1
176262.6
179707.2
183020
186283.2
189868.7
199888.1
210646.5
218318.8
223688.8
226823.2
153550.7
156973.9
160557.1
164257.6
168044
177109.4
180628.1
184011.6
187349.4
191021.3
201253.1
212189.4
219981.2
225433.2
228625
152387.2
155780
159407.9
163182.6
167065.5
176401.9
180021.2
183508.6
186947.1
190724.4
201202
212334.4
220256.5
225808.5
229073.2
191093.3
192375.5
193767.6
195267.9
196874.5
202574.3
204165.6
205716.8
207315
209333.4
216955.3
225284.6
231110.1
235079.2
237179.9
188603.3
189999.9
191503.3
193109.9
194816.5
200624
202297.5
203925.6
205590.4
207665.2
215351.3
223784.8
229697.3
233725.4
235863.1
184630.8
186176.8
187828.1
189574.2
191406.9
197343.2
199115.5
200834.6
202581.4
204727.8
212486.2
221021.3
227017.7
231112
233299.3
179045.3
180814.5
182697.8
184654.8
186661
192744.8
194633.3
196460.8
198304.5
200535.7
208368.2
216994.5
223072.8
227234
229474.3
171473.2
173724.3
176094.8
178452.1
180737
186987.4
189010.6
190960.9
192915.5
195245.5
203136.3
211822.7
217963.1
222181.5
224476.4
123040
127178.2
131063.1
134704
138111.2
141298.9
144279.4
147063.7
149662.2
152086.3
159515.1
164338
168246.7
171516.4
174296
180736.5
182908.1
184994.4
187069.4
189505.2
197421.7
206115.1
212283.2
216538
218880.5
118626.9
123041.8
127181.6
131068
134710.2
138118.6
141307.5
144289.1
147074.2
149672.4
155106.5
159396.4
163185
166511.1
169414.3
175950.3
178251.6
180458.3
182643.5
185180.9
193103.7
201737.1
207884.1
212142.3
214514.9
113915.2
118628.8
123045.5
127186.7
131074.4
134717.6
138126.8
141316.3
144297.7
147080.6
151868.9
155871.4
159527
162836.2
165809
172436.2
174864.1
177187.6
179480.4
182119.9
190065.9
198656.1
204789.5
209055.7
211460.9
108898.5
113916.8
118632.7
123050.8
127193.4
131082
134725.9
138135.4
141324.3
144303.5
148928.6
152880.6
156536.8
159898.2
162971
169725.4
172283.1
174729.5
177135.5
179881.8
187887.2
196489.5
202644.9
206943.5
209398.4
103851.5
108897.2
113920.5
118638.6
123057.9
127201.5
131090.8
134734.8
138143.9
141331.1
146036.9
150094.6
153865.6
157354.7
160569.1
167507.8
170206
172783.6
175313.7
178175.7
186300.5
194995.3
201231.6
205601
208120
103850.7
108898.7
113926.5
118646.3
123066.8
127211.3
131101
134744.9
138152.8
143112.7
147396.6
151377.1
155060.8
158456.8
165641.9
168491.3
171211.9
173875.6
176864.6
185174
194047.5
200421.4
204900.1
207504
103852.4
108903.5
113934.9
118656.3
123077.9
127223.4
131113.7
134757.2
140156.9
144793.1
149082.6
153030.6
156648.3
164143.6
167154.6
170027
172834.7
175959.2
184517.7
193659
200230.7
204855.6
207561.7
103857.1
108912
113946.1
118669
123092.3
127239.7
131130.9
137261.6
142432
147157.9
151451.4
155331.8
163197.1
166376.8
169406.7
172363.8
175628.3
184497.3
193990.7
200818.6
205625.1
208444.6
103865.1
108924.8
113960.6
118686
123112.8
127264.1
134735.9
140737.3
146060.9
150772.9
154937.2
163174.2
166514.5
169697.3
172807.7
176222.1
185434.8
195331.1
202445.1
207450.5
210391.7
103876.9
108941.9
113979.5
118709.7
123144.6
133746.4
140900.1
146796.2
151817.6
156173.6
164767.9
168234.2
171537.3
174767.2
178295.9
187847.7
198146.9
205537.4
210732.6
213784.3
142827.4
147013.5
151300
155503.1
159544.3
168331.1
171854.8
175227.7
178515.3
182110.2
191945
202541.1
210128.5
215455
218580
147265.9
151002.4
154867.1
158783.9
162706.3
171683.7
175234.5
178640.5
181986
185641.2
195702.9
206522.8
214254.1
219675.1
222854.3
149680.8
153272.7
157013.7
160854.4
164758.2
173919
177517.1
180971.1
184369.7
188092.7
198360.8
209366.5
217219.3
222722.3
225950.7
150378.6
153861.7
157570.2
161415.5
165358.5
174737.1
178398.7
181924.7
185393.6
189192.8
199681.8
210872.7
218848.5
224436.6
227718.5
149666.5
152707
156393.8
160292.3
164318.4
173979.7
177731.5
181355
184927.7
188830.7
199567.9
210966.7
219078.6
224766.8
228125
189922.4
191301.3
192787.4
194379
196074.8
201891.8
203559.8
205183.4
206846.6
208926.4
216631.6
225040.4
230926.2
234937.7
237071.5
187315.9
188816.1
190419.6
192123.1
193923.7
199857.8
201613.5
203318.6
205055.1
207196
214972.8
223493.3
229472.6
233551.7
235725.6
183200.9
184858.2
186618.5
188469.5
190403.1
196476.1
198337.2
200140
201964.8
204183.9
212042.3
220673.3
226744.7
230895.5
233124.5
177439.8
179331.3
181334.4
183407.7
185524.6
191757.9
193743
195660.5
197590.6
199902.8
207845.4
216578.9
222739.2
226964.4
229253.8
169645.9
172037.8
174545.7
177034.4
179444.1
185859.9
187988.4
190038.6
192087.1
194505.7
202520.3
211326.4
217558.7
221848.2
224198
118626.8
123041.7
127181.5
131067.9
134710.2
138118.7
141308.1
144290.5
147077.3
149680.2
157372.1
162396.7
166480.4
169906
172827.3
179452.5
181740.2
183935.3
186113.6
188646.6
196700.3
205526.8
211797.4
216131.9
218535.4
113915.3
118628.8
123045.4
127186.8
131074.6
134718
138127.7
141318.3
144301.6
147088
152759.3
157252.7
161226.1
164720.3
167776.5
174512.9
176941.5
179266.3
181562.3
184205
192277.4
201056.5
207315.7
211661.6
214101.7
108899.4
113917
118632.8
123050.9
127193.6
131082.5
134726.7
138137.1
141327.4
144308.5
149332
153542
157388.9
160874.8
164010.4
170852.9
173416.2
175867.8
178279.3
181030.4
189137.6
197885.1
204140.4
208501.6
210980
103851.9
108897.7
113920.7
118638.7
123058.1
127201.8
131091.4
134735.8
138145.6
141333.6
146201
150367.9
154223.7
157770.5
161015.3
168000.1
170701.6
173282.6
175816.3
178681.6
186858.4
195628.8
201915
206315.8
208849.3
103850.7
108898.7
113926.5
118646.3
123066.8
127211.3
131101
134744.9
138152.8
143112.7
147396.6
151377.1
155060.8
158456.8
165641.9
168491.4
171212
173875.6
176864.6
185174
194047.6
200421.5
204900.1
207504
103851.9
108902.8
113934.6
118655.9
123077.3
127222.3
131111.8
134754.4
139985.4
144508.6
148711.1
152600.2
156187.2
163636.1
166644.7
169514.9
172320
175441.5
183948.5
193015.2
199535.8
204128.1
206821.3
103856
108910.4
113945.2
118667.8
123090.2
127235.9
131124.9
136819.3
141712.4
146237.4
150403.7
154222.4
161999.1
165177.9
168207.3
171162.3
174426.2
183194.7
192542.8
199272
204017.5
206816.4
103863.2
108922
113959
118683.3
123107.5
127254.3
133710.1
139160.7
144140.5
148664.3
152755.5
160912
164275.5
167469.1
170579.7
173990.5
183083.5
192796.5
199792.6
204727
207642.2
103874.3
108938.6
113977.4
118705.1
123133.5
130981.5
137292.9
142892.6
147850.4
152233.9
160782.9
164300.7
167643.8
170908.3
174471.3
183941.8
194071.2
201361
206501.7
209542.2
103889.8
108960.8
114002.9
118739.1
129849.1
137350.5
143536
148809.7
153390
162307.8
165948.6
169415.4
172799
176481
186300.2
196841.8
204415.1
209748.2
212901.6
139175.2
143578.8
148083.1
152497.9
156744.2
165858.1
169548.8
173077.9
176535.8
180279.8
190371
201218.6
208990.2
214454.5
217680.4
143758.3
147660.9
151705.2
155806.2
159911.6
169211.9
172938.8
176496.1
179985.1
183787.7
194107.9
205184.5
213103.3
218662.7
221940.1
146334.6
150010.4
153895.7
157896.5
161970.1
171458.8
175208.9
178813.3
182350.2
186206.6
196739.1
208007.2
216049.2
221690.7
225016.4
147561
150703
154482
158460.4
162554
172266.4
176064.7
179730.3
183338.6
187266.8
198019.6
209481.2
217649.5
223376.6
226756.5
149998.2
153346.8
157313.5
161469.9
171469.6
175351.6
179103.7
182809.3
186844.1
197856.7
209526.9
217837.7
223667.3
227120.6
188651.8
190132.9
191717.8
193405
195193.4
201135.8
202885.3
204584.9
206319.8
208464
216259.1
224754.2
230706.6
234768.7
236936.7
185923.3
187531.4
189240.7
191046.2
192945.2
199013.1
200856
202642.6
204455.3
206667.4
214542.2
223156.8
229208.7
233343.8
235559.7
181658.1
183431.5
185305.7
187267.7
189307.7
195525.7
197479.9
199370.7
201278.3
203574.9
211541.6
220276.7
226427.6
230641.5
232916.8
175711.3
177730.3
179858.8
182053.9
184288.3
190680.9
192766.9
194780.2
196799.3
199197.4
207261.7
216109.4
222358.5
226652.2
228994.2
167680.3
170220.6
172872.8
175499.6
178040.3
184633.6
186873.1
189027.6
191175
193686.9
201834.8
210770.2
217101.6
221467.9
223876
113915.3
118628.7
123045.3
127186.7
131074.5
134718.1
138128.3
141319.7
144304.8
147096.1
155068.3
160306.5
164575.8
168166.3
171236.8
178058.5
180469.7
182779.8
185065.8
187701.4
195902.2
204872
211252.9
215673.1
218142
108900.5
113917.2
118632.8
123051
127193.8
131082.9
134727.7
138139.1
141331.5
144316.2
150239.9
154948.4
159116.7
162788.5
166007
172957.1
175519
177969.9
180382.7
183135.4
191367.8
200303.2
206683.2
211122.9
213635.1
103852.6
108898.8
113920.9
118638.8
123058.3
127202.3
131092.3
134737.6
138148.8
141338.8
146612.5
151041.7
155090.8
158763
162070.7
169143.4
171849
174434.7
176973
179841.9
188120.3
197036.2
203422
207884.9
210441.1
103851.1
108899.3
113926.7
118646.5
123067.1
127211.9
131102.1
134746.7
138155.5
143280.4
147675.3
151741.6
155483.8
158910.2
166141.5
168993.9
171717.2
174384.1
177376.2
185736.9
194686
201111.1
205621
208238.3
103851.9
108902.8
113934.6
118655.9
123077.3
127222.3
131111.8
134754.4
139985.4
144508.6
148711.1
152600.2
156187.2
163636.1
166644.7
169514.9
172320
175441.5
183948.5
193015.2
199535.9
204128.2
206821.3
103855.4
108909.5
113944.7
118667.2
123089
127233.9
131122
136643.2
141421.4
145858.2
149965.1
153753.3
161483.3
164660.1
167687.5
170640.5
173902.4
182619.2
191891.9
198571.6
203284.6
206069.2
103861.9
108920
113957.6
118681
123103.5
127248
133255.1
138422
143197.7
147593.4
151625.6
159703.4
163056.8
166252
169362.1
172772
181765.2
191332.4
198230.4
203105
206000.3
103872
108935
113974.3
118699.6
123123.2
129923.8
135670.7
140920.7
145689.3
150002.7
158472.7
162014.6
165390.7
168662.8
172227.1
181560.1
191507.5
198680.6
203752
206768.3
103886.7
108956.2
113997.9
118727.4
126987.2
133626.6
139517.3
144735.6
149352.3
158235.1
161937.3
165453.3
168873.5
172581.7
182289.6
192716.3
200191.8
205473.7
208620
103907.3
108985.8
114034.3
125706.4
133585
140075.6
145612.8
150428.3
159696.6
163519.1
167155.6
170698.5
174525.6
184600.7
195446.6
203209
208687
211946.3
135330.5
139957.5
144688.6
149322.3
153778
163242
167108.3
170799
174410.5
178327
188690.7
199807.9
207773.7
213381.7
216711.1
140142.5
144170
148390.9
152677.7
156970.5
166611.5
170501.7
174233.1
177870.1
181815.5
192412.5
203761.9
211877.8
217581.5
220960.8
143318.8
146678.6
150658.8
154811.3
159050.1
168890
172787.9
176539.8
180224.9
184217.3
195022.3
206568.6
214809.8
220594.6
224020
147897.8
151349.9
155408
159641.1
169701.3
173637
177435.1
181179.4
185244.8
196277.5
208015.6
216386.4
222256.8
225734.1
150661.8
154305.5
158538.2
168887.1
172888.8
176766.5
180596.7
184762
196071.9
208029.8
216536.5
222511.9
226061.8
187277.7
188865
190554.3
192342.1
194227.6
200301.8
202138
203918.4
205728.6
207944.1
215835.2
224423.4
230447.7
234565.9
236775.6
184421
186141.8
187961.6
189874.9
191877.4
198087.4
200020.9
201893.9
203787.3
206075.1
214056.5
222772.9
228902.7
233098.5
235360.6
179997.9
181892.2
183885.4
185963.4
188116.1
194488.6
196540.1
198523.1
200518
202896.8
210980.4
219828.4
226065.4
230345.5
232672.8
173853.6
176006.7
178266.1
180588.8
182946.4
189509.6
191701.7
193815
195929
198415.4
206609.7
215585.4
221927.6
226295.3
228693.1
165570.6
168266
171070.4
173842.2
176520.6
183302.7
185660
187924.5
190175.2
192785.2
201075.7
210150.5
216588.8
221037.5
223508.2
108901.4
113917.2
118632.7
123050.9
127193.8
131083
134728.3
138140.6
141334.9
144324.6
152596.5
158060.4
162525.3
166290.8
169518.7
176549.7
179090.5
181523
183922.7
186665.3
195023.3
204147.1
210646.4
215158.3
217697.2
103853.4
108900.3
113921.2
118638.9
123058.5
127202.8
131093.4
134739.7
138153.1
141346.8
147539.4
152475.9
156849.7
160708.4
164098
171277.5
173979.4
176562.2
179099.9
181968.7
190371
199473.8
205982.9
210523
213111.8
103851.9
108900.5
113927.1
118646.8
123067.7
127213
131103.9
134750
138160.9
143701.1
148362.5
152624.6
156493.7
159982.7
167301.9
170157.2
172883.8
175554.6
178549.5
187011.1
196105.9
202630.6
207202
209841.2
103852.4
108903.5
113934.9
118656.3
123077.9
127223.4
131113.6
134757.2
140156.9
144793.1
149082.6
153030.6
156648.3
164143.5
167154.6
170027.1
172834.8
175959.1
184517.5
193659
200230.7
204855.7
207561.7
103855.4
108909.5
113944.7
118667.2
123089
127233.9
131122
136643.2
141421.4
145858.2
149965
153753.3
161483.3
164660.1
167687.5
170640.5
173902.4
182619.2
191891.9
198571.6
203284.7
206069.3
103861.2
108918.9
113956.7
118679.8
123101.4
127244.8
133074
138123.3
142810.1
147146.2
151147.7
159179
162530.5
165724.2
168832.5
172241.1
181183.3
190674.7
197522.3
202366.4
205247.6
103870.3
108932.3
113971.7
118695.3
123116.5
129454.8
134911
139952.8
144592.4
148848
157250.8
160787.1
164154.3
167428.3
170991.9
180224.5
190026.8
197101.4
202113.8
205111.8
103883.6
108951.2
113991.8
118716.4
125894.2
131953.7
137488.4
142516.7
147065.8
155874.2
159602.6
163150
166607.2
170333
179923.8
190121.2
197481.8
202695.8
205819.7
103902.9
108978.4
114021.8
122735.4
129731.3
135928.6
141420.1
146283.2
155527.3
159420.4
163116.1
166705
170558.7
180501.4
191328.1
198936.3
204365.7
207621
103931.3
109019.7
121302.1
129591.3
136410.1
142223.3
147283
156926.8
160942.3
164755.3
168463
172440.1
182762.7
194015.8
201923.2
207547.7
210916.8
131322.3
136148.1
141112.8
145974
150646.1
160480.9
164528.9
168389.5
172158
176220.3
186902.4
198307
206480
212236.8
215672.2
136814.3
140573.2
144931
149401
153883.2
163888.5
167940.1
171827.7
175639.8
179732.1
190616
202255
210578.5
216432
219915.6
143677
147355.5
151611.6
156007.6
166206.1
170262.8
174157.8
177986.1
182125.6
193220.2
205052.6
213502.1
219436
222962.2
148569.5
152315.7
156636.4
167057.4
171119.7
175050.5
178923.4
183122.1
194458.9
206491.2
215061.1
221080.2
224655.3
151655.9
155581.9
166255.2
170359.4
174351.5
178302.7
182589.5
194213.1
206482.1
215191.9
221304.1
224950.6
185795.6
187493.9
189291.9
191186.1
193173.8
199388.5
201313.4
203179.9
205070.1
207360.4
215358.7
224045.6
230147.2
234325.6
236581.5
182805.3
184642.9
186578
188603.9
190716.1
197077.2
199105.7
201068.6
203047.6
205415.5
213511.5
222339
228552.8
232813.3
235125.1
178215.1
180235.9
182353
184552.4
186823
193360.6
195514.6
197594
199680.2
202145.6
210355
219325
225655.1
230006.6
232387.7
171862
174154.3
176551.5
179007.5
181494.2
188238.7
190543.3
192761.8
194974.8
197555.4
205885.7
214998
221447
225890.5
228348.5
163311.3
166168.2
169131.9
172056.9
174879.8
181862.6
184343.6
186724.7
189084.3
191796.9
200239.7
209463.8
216016.8
220554.1
223091.7
103854.3
108902.1
113921.2
118638.8
123058.5
127203
131094
134741.3
138156.6
141355.6
149947.9
155651.8
160322.7
164271.8
167667
174921.3
177597.9
180158.7
182679.5
185534.9
194060
203348.8
209974.6
214584.5
217197.9
103853.1
108902.3
113927.4
118647
123068.2
127214.1
131106.2
134754.5
138169.3
144649.1
149827
154418.3
158473.6
162042.5
169463
172317.7
175038.1
177707.1
180699.8
189284.1
198565
205211.6
209858.6
212528.9
103853.3
108904.9
113935.4
118656.9
123079
127225.5
131117.2
134762.9
140587.9
145495.6
149983.1
154058.5
157739.3
165322
168335.2
171209.7
174019.9
177146.3
185805.5
195092.1
201763.4
206449.7
209176.7
103856
108910.4
113945.2
118667.9
123090.2
127235.9
131124.9
136819.3
141712.4
146237.4
150403.7
154222.4
161999.1
165177.9
168207.2
171162.4
174426.3
183194.5
192542.5
199272
204017.5
206816.5
103861.2
108918.9
113956.7
118679.8
123101.4
127244.8
133074
138123.3
142810.1
147146.2
151147.7
159179
162530.5
165724.2
168832.5
172241.1
181183.4
190674.7
197522.3
202366.4
205247.6
103869.4
108930.9
113970.3
118693.1
123113.1
129268.2
134603.8
139554.9
144135.8
148361.5
156716.9
160252
163618
166890.6
170453
179635
189362.4
196386.2
201367.3
204353.3
103881.2
108947.2
113987.1
118709.3
125409.7
131170.6
136492.9
141390.7
145883.2
154626.5
158363.1
161909.5
165354.2
169080.2
178569.6
188622
195885.2
201040
204146.8
103898.2
108970.2
114010
121602.7
128002
133836.3
139137.5
143935.9
153109.8
157034.8
160762.8
164388.3
168302.4
178170
188636.2
196194.1
201557.7
204792.3
103923.8
109004.6
118206.7
125591.4
132120.3
137898.5
143018.8
152652.9
156747.1
160628.5
164390.6
168405.6
178596.2
189881.2
197734.2
203177.3
206544.9
103965.4
116639.6
125357.3
132529.3
138637.3
143951.4
153996.2
158210.6
162211.4
166088.8
170223.2
180811.6
192526.9
200683.9
206335.7
209812.1
127528
132180.7
137355.4
142450.6
147347
157579.1
161808.7
165845.2
169778.2
173988.5
184937.2
196714.5
205107.4
211021.8
214564.3
137265.1
141369.3
145983.9
150653
161048.2
165260.5
169302.9
173267.3
177536.7
188726.6
200666.7
209206.3
215215.8
218805.3
144381.7
148349.9
152856.1
163428.9
167626.1
171676.4
175643.4
179924.7
191335.8
203472.8
212129.4
218216.6
221845.4
149572.1
153596.7
164356.3
168529.5
172580.8
176582.6
180906.4
192560.5
204913
213691.5
219849.4
223523.4
152979.4
163628.8
167787.4
171875.7
175936
180340.1
192287
204886.1
213812.6
220062.2
223791.2
184201.9
186014.9
187926.6
189931.8
192027.6
198392.2
200410.7
202364.9
204340.4
206710.1
214822.1
223621
229803
234045.7
236350.9
181071.1
183030.8
185085.5
187229.2
189455.9
195978.7
198107.1
200164
202231.9
204684.8
212903.9
221851
228156.4
232486.5
234850.7
176305.5
178457.3
180704.3
183030.2
185424.1
192137.1
194399.3
196580.3
198761.9
201318
209661.6
218763.1
225193.5
229622.1
232061
169732
172168.6
174709
177305.4
179927.2
186864.2
189286.6
191616.5
193933.6
196612.5
205090.3
214343.9
220906.3
225439.4
227957.4
160895.1
163922.1
167051.8
170137
173112.7
180308.9
182919.3
185422.9
187897.9
190718.6
199323.3
208707.3
215382.4
220014.4
222623.5
103854.7
108904.5
113927.5
118647.1
123068.4
127214.7
131107.8
134758.2
138178.4
147115.1
153072.6
157961.9
162103.4
165673.5
173168.3
175987.3
178682.4
181330.2
184305.8
193009.5
202473.7
209234.4
213948.5
216641.1
103854.8
108906.9
113935.9
118657.4
123080.2
127227.9
131121.9
134771.7
141559.3
146993.7
151814.7
156077.6
159834.7
167509
170521.9
173393.4
176198.1
179322.3
188102.6
197574.4
204366.4
209126.7
211883.1
103857.1
108912
113946.1
118669
123092.3
127239.7
131130.9
137261.6
142432
147157.9
151451.4
155331.8
163197.2
166376.8
169406.7
172363.8
175628.3
184497.3
193990.7
200818.6
205625.2
208444.6
103861.9
108920
113957.6
118681
123103.5
127248
133255.1
138422
143197.7
147593.4
151625.6
159703.5
163056.8
166251.9
169362.1
172772.1
181765.4
191332.1
198229.9
203105
206000.3
103869.4
108930.9
113970.3
118693.1
123113.1
129268.2
134603.8
139554.9
144135.8
148361.5
156716.9
160252
163618
166890.6
170453
179635
189362.4
196386.2
201367.2
204353.4
103879.9
108945.1
113984.6
118705.7
125216.9
130854
136083.8
140921.9
145387.3
154089.7
157818.4
161365.4
164807.8
168533.1
177971.3
187949.1
195163
200286
203380.2
103894.6
108964
114002.2
121100.8
127193
132810.2
137979.4
142722
151830.8
155769.2
159513.6
163134.2
167030.4
176795.6
187116.2
194578.2
199884.1
203101.7
103915.8
108990.5
117028.6
123798.9
129957.6
135544.9
140604.6
150173.3
154304.6
158223.7
162025.2
166095.9
176292.8
187049.5
194818.3
200336.7
203685.8
103949.3
113398.1
121191
128079.2
134165.7
139554.6
149606.5
153911.4
157988.5
161928.6
166109.4
176588.3
188319.6
196544.3
202096.4
205391.1
112039.6
120894.1
128424.7
134846.7
140430.6
150906.3
155322.7
159516.5
163574.2
167870.8
178754.1
190931.5
199457.2
205216.4
208638.2
128434.4
133447.9
138752.9
143879
154538.8
158952.7
163164.7
167267.5
171633
182871.6
195130.9
203655
209735.6
213390.1
138097.5
142470.5
147288.6
158096.2
162469.5
166665.6
170779.1
175190.6
186746.1
199007.6
207766.7
213934.2
217632
145416.6
149648.7
160578.4
164901.9
169084.4
173205.8
177623.6
189365.9
201834.3
210707.9
216940.3
220671.5
150901.5
161651.6
165889.1
170044.3
174160.5
178610.8
190593.5
203279.4
212284.1
218583.9
222341.4
161326.7
165226.9
169364.1
173514.3
178023.2
190311.4
203249.2
212403
218796.3
222602.4
182491.7
184424.8
186454.1
188575.3
190784
197308.6
199425.7
201472.7
203535
205989.5
214223.7
223141.3
229416.2
233724.4
236081.8
179214.7
181300.5
183480.6
185746.6
188093.1
194787.3
197021.1
199176.9
201337.9
203879.2
212230.7
221306.2
227709.7
232115.6
234535.9
174265.1
176552.3
178933.9
181392.6
183915.2
190814.3
193189.7
195477.9
197759.9
200410.8
208897.5
218139.6
224677.5
229188.9
231689.9
167457.5
170044.9
172734.1
175476.6
178240.6
185382
187927.6
190374
192801.4
195583.6
204218.1
213626.5
220302.6
224930.4
227521.6
158319.4
161520.1
164824.9
168077.2
171212.6
178637.4
181383
184014.6
186610.8
189546.1
198323.7
207877.8
214683.2
219415.4
222100.6
103856.8
108909.4
113936.1
118657.7
123080.9
127229.6
131125.8
134781.2
144089
150316.6
155435
159780.3
163532.7
171279.3
174254
177088.7
179870.2
182971.7
191867.6
201519.6
208422.9
213247.7
216023.8
103858.7
108914.3
113946.9
118670.3
123094.9
127244.7
131140.2
138258.9
143967.4
149031.5
153512.9
157468.7
165413.2
168588.1
171613.7
174570.5
177830.8
186820.6
196498.1
203445.3
208324.5
211171.6
103863.2
108922
113959
118683.3
123107.5
127254.3
133710.1
139160.7
144140.5
148664.3
152755.5
160912
164275.5
167469.1
170579.6
173990.5
183083.5
192796.5
199792.6
204727.1
207642.2
103870.3
108932.3
113971.7
118695.3
123116.5
129454.8
134911
139952.8
144592.4
148848
157250.8
160787.1
164154.3
167428.3
170991.8
180224.7
190027.1
197101
202113.3
205111.8
103879.9
108945.1
113984.6
118705.7
125216.9
130854
136083.8
140921.9
145387.3
154089.7
157818.4
161365.4
164807.8
168533.1
177971.3
187949.1
195163
200286
203380.2
103892.7
108960.9
113998.4
120901.1
126866.1
132388.6
137497.3
142212.9
151292.7
155222.8
158960
162581.3
166474.5
176188.6
186433.5
193847
199123
202327.5
103910.1
108981.1
116506.9
122960.9
128897.7
134351.4
139356.1
148861
153007.2
156947.1
160766.2
164838.1
174896.8
185506.2
193179.8
198643.2
201977.2
103935.3
112166.5
119326.5
125837.5
131733.5
137066.1
147060.2
151406.7
155526
159513.5
163750
174201.9
185354.7
193351.8
199034.5
202499.2
108623.9
116533.2
123791.9
130210.2
135886.4
146387.7
150908.4
155190.3
159318.3
163669
174459.4
186615.8
195246.9
201051.9
204373.9
116544.6
124112.3
130845
136713.8
147657.9
152280.8
156670.2
160913
165381.9
176587.8
189206
198133.1
204139.5
207578.2
129769.7
134913.8
140244.7
151363.6
155964
160353.5
164623.1
169151
180704.6
193468.1
202345.3
208377.7
212148.5
139248
143834.8
155048.1
159573.1
163922.7
168182.9
172733.8
184591.7
197282.2
206271.8
212594.7
216397.3
146767.8
157709.1
162111.5
166411.3
170659.8
175232.3
187320.4
200137.4
209244.1
215625.1
219445.1
159263.4
163251.3
167464.5
171678
176239.5
188575.4
201605.6
210838.6
217291.4
221129.6
162984.9
166870.2
171064
175657.6
188300.4
201594.1
210971
217512.1
221395.1
180661.6
182718.5
184871
187112.5
189439.4
196133.3
198354.7
200499.3
202653.3
205193.9
213560.1
222605.4
228977.5
233363.3
235772.3
177232.4
179448.3
181758.1
184152.3
186623.4
193499.4
195843.3
198103.6
200362.5
202996.2
211487.8
220702.1
227210.1
231696.9
234178.2
172088.9
174516.9
177037.9
179634.4
182292.1
189388.4
191882
194282.2
196670.3
199420.9
208059.7
217451.9
224104.3
228704.1
231271.4
165038.4
167777.3
170622.3
173516.7
176428.8
183788.3
186462.3
189030.6
191573.2
194464.9
203266.4
212839.7
219641.5
224360.8
227029.1
155578.2
158960.2
162444
165872.7
169174.6
176842.7
179730.5
182495.7
185218.5
188274
197237.2
206973.3
213916.4
218755
221520
103860.9
108916.9
113947.3
118671
123096.7
127248.7
131150.2
140858.8
147375.9
152737
157294.9
161240
169250.1
172385.7
175374.4
178293.2
181528.5
190629.1
200483
207538.4
212479.3
215343.4
103865.1
108924.8
113960.6
118686
123112.8
127264.1
134735.9
140737.3
146060.9
150772.9
154937.2
163174.2
166514.6
169697.3
172807.7
176222.1
185434.8
195331.1
202445.1
207450.5
210391.7
103872
108935
113974.3
118699.6
123123.2
129923.8
135670.7
140920.7
145689.3
150002.7
158472.7
162014.6
165390.8
168662.7
172227
181560.1
191507.6
198680.6
203752
206768.3
103881.2
108947.2
113987.1
118709.3
125409.7
131170.6
136492.9
141390.7
145883.2
154626.5
158363.1
161909.5
165354.2
169080.2
178569.5
188622.3
195885.6
201039.6
204146.3
103892.7
108960.9
113998.4
120901.1
126866.1
132388.6
137497.3
142212.9
151292.7
155222.8
158960
162581.3
166474.5
176188.6
186433.5
193847
199123
202327.5
103907.1
108976.4
116299.4
122622.3
128462.3
133854.7
138832.7
148308.3
152461.1
156395.5
160204.2
164274.9
174280.4
184813.7
192438.1
197872.7
201195.7
103926.3
111621.2
118455.4
124739.6
130500.8
135779.7
145711.1
150075.5
154216
158228.4
162500.5
172873.8
183786.9
191687.8
197317.3
200770.5
107331.8
114584.5
121460.4
127689.8
133315.5
143767.3
148337
152665
156847
161259.2
172004.2
183677.1
191788.4
197649.2
201235.2
111953
119266.6
126021.2
132004.4
142996.7
147738.4
152229.6
156554.5
161084.4
172205.8
184807.8
193764.2
199906.4
203389.5
119948
126652.3
132796.6
144250.2
149086.6
153675.4
158105.1
162750.7
174308.6
187382.4
196652.7
202972.6
206564.1
131311
136477.9
148063.4
152847.2
157415.5
161853.8
166539.5
178445.6
191721.7
200983.6
207232.6
210839.2
140671.6
151949.9
156588.1
161080.9
165486.7
170174.4
182363.4
195615.5
204727.8
211210.2
215109.5
155156.5
159309.7
163679.8
168038.4
172727.7
185213.4
198393.7
207741.2
214278.8
218184.9
160924.5
164894
169159.4
173814
186514.8
199914
209372.6
215972.2
219896.4
164688.7
168637.5
173270.5
186277.7
199940.6
209542.8
216217.8
220175.9
178708.2
180892.5
183172.3
185539.9
187989.3
194863.4
197193
199440.9
201691.6
204323.1
212826.1
222010
228486.6
232952.4
235424.6
175120.1
177470.8
179914.5
182441.5
185043.3
192111.3
194570.4
196939.6
199301.9
202032.7
210673.4
220034.6
226655.8
231228.1
233774.1
169778.5
172346.3
175012.5
177751.7
180549.8
187856.1
190472.7
192989.8
195488.7
198344.7
207145.7
216697.6
223471.8
228165
230802.8
162470.7
165366
168367.6
171421.3
174487.5
182078.3
184887.1
187582.4
190245.4
193251.5
202232.1
211981.1
218916.2
223737.8
226477.3
152662.1
156236.7
159907.4
163515.9
166993.9
174920
177956.7
180862.5
183717.2
186898.2
196059.3
205990.5
213080.3
218030.7
220879.8
103867.4
108927.6
113961.4
118687.9
123117.1
127274.6
137413.8
144239.9
149860.7
154642.8
158788.2
167081.1
170378.7
173524.7
176597.8
179970.6
189290.3
199359.4
206577.8
211641.9
214597.4
103874.3
108938.6
113977.4
118705.1
123133.5
130981.5
137292.9
142892.6
147850.4
152233.9
160782.9
164300.7
167643.8
170908.3
174471.3
183941.8
194071.2
201361
206501.7
209542.2
103883.6
108951.2
113991.8
118716.4
125894.2
131953.7
137488.4
142516.7
147065.8
155874.2
159602.6
163150.1
166607.2
170333
179923.7
190121.2
197481.8
202695.7
205819.7
103894.6
108964
114002.2
121100.8
127193
132810.2
137979.3
142722
151830.8
155769.2
159513.6
163134.2
167030.4
176795.5
187116
194578.6
199884.6
203101.2
103907.1
108976.4
116299.4
122622.3
128462.3
133854.7
138832.7
148308.3
152461.1
156395.5
160204.2
164274.9
174280.4
184813.7
192438.1
197872.8
201195.7
103921.9
111404.4
118103.7
124288.8
129987.9
135240.3
145143.1
149514.5
153668.5
157670.8
161927.7
172247.5
183084.2
190935.6
196535.9
199979.5
106761.6
113674.9
120319.4
126413.2
131987.3
142379.4
146968.5
151320.3
155528.4
159985.6
170722.8
181964.3
190097.5
195904.9
199482.2
109908
116830.6
123400.5
129341.2
140294.7
145092.8
149637.4
154019.7
158617.8
169690.9
181874.3
190406
196174.4
199891.8
114851.8
121610.4
127899.7
139430.6
144402.6
149107.4
153633
158350.9
169829.7
182892.7
192200.9
198583.7
202308
122629.8
128701.2
140687.3
145740.3
150534.5
155154.8
159977.3
171909.5
185468.3
195089.4
201658.6
205464.2
132951.4
144675.1
149613.6
154356.1
158963.6
163809.1
176089.6
189859.8
199553.8
206046.1
209770.9
149134.4
153560.9
158158.2
162696.2
167521.1
180065.5
193871.2
203410.1
209788.1
213782
156822.8
160945.2
165365
170154.1
182986.6
196622.1
206211.8
212906.2
216899.2
162629.5
166656.8
171359.7
184437.7
198217.5
207912.5
214645.7
218642.4
166517.6
170914.1
184276.8
198317.7
208142.2
214942
218952.8
176627.4
178943.7
181354.8
183852.8
186430.7
193494.7
195938
198293
200645.7
203373.3
212023.7
221349.8
227940.4
232492.2
235028.3
172880.2
175363.6
177946.3
180610.6
183347.9
190620.8
193198.6
195681.8
198151.8
200985.2
209784.9
219302.5
226042.6
230707.5
233321.2
167331
170042
172852.7
175740.9
178684.5
186213.2
188958.5
191597.2
194211.7
197177.5
206152.2
215874.8
222777.7
227569.8
230281.5
159745.4
162806.8
165970.6
169184.6
172412.5
180248.4
183197.3
186025.9
188814.4
191939.9
201110.9
211048.1
218124.5
223054.1
225874.1
149566.5
153340.1
157209.8
161006
164662.5
172865.8
176057.1
179109.1
182103.1
185415
194786.3
204925.9
212172.1
217240.8
220177.5
103876.9
108941.9
113979.5
118709.7
123144.6
133746.4
140900.1
146796.2
151817.6
156173.5
164767.9
168234.2
171537.4
174767.3
178295.9
187847.7
198146.4
205537
210732.6
213784.3
103886.7
108956.2
113997.9
118727.4
126987.2
133626.6
139517.3
144735.6
149352.3
158235.1
161937.3
165453.3
168873.6
172581.7
182289.5
192716.3
200191.8
205473.7
208620
103898.2
108970.2
114010
121602.7
128002
133836.3
139137.4
143935.9
153109.8
157034.8
160762.8
164388.3
168302.4
178169.9
188636.1
196194.1
201557.8
204792.3
103910.1
108981.1
116506.9
122960.9
128897.7
134351.4
139356.1
148861
153007.2
156947.1
160766.2
164838.1
174896.8
185506.1
193179.6
198643.6
201977.6
103921.9
111404.4
118103.7
124288.8
129987.9
135240.3
145143.1
149514.5
153668.5
157670.8
161927.7
172247.5
183084.2
190935.6
196535.9
199979.6
106535.4
113307.8
119851.1
125882.2
131430.5
141794.4
146392.1
150756.5
154978.5
159427.8
170085.2
181249.2
189334.6
195112.6
198680.1
108956.2
115639.7
122074.1
127966.1
138864.4
143685.5
148254.5
152667.7
157310.2
168376.8
180034
188418.9
194401.6
198111
112296.4
118873.5
125131.8
136637.9
141675.6
146441
151030.4
155819.8
167249.9
179933.1
188899.7
194972.9
198462.8
117333.2
123586.3
135689.3
140899.3
145825.9
150556.2
155464.7
167329.7
180882.1
190545.6
197189
201079.5
124788.6
136996.6
142248
147249
152064.7
157066.8
169394.7
183463.7
193453.9
200272.4
204240.7
141532.7
146300.8
151188.5
155958.9
160964
173645.3
187929.6
197981.6
204803
208659.8
150814.9
155201.8
159832.8
164779.2
177718.6
192077.8
202022.6
208679.9
212422.8
158525.8
162697.1
167534.9
180728.3
194950.5
204677.8
211520.6
215593.8
164455.9
168928.1
182376
196548.1
206473.9
213340.9
217387.9
168857.2
182344.3
196765.4
206801.7
213711
217755.8
174422.5
176868
179415.2
182047.8
184758.9
192024.9
194585.4
197053
199511.6
202340.5
211148.5
220629.1
227333.2
231979.3
234583.9
170510.7
173129.4
175849.4
178656.4
181534
189023.2
191725.9
194326.4
196909.1
199849.4
208819.2
218503.8
225369.8
230131.1
232818.2
164738.4
167601.2
170560.4
173597
176692.7
184456.6
187335.3
190101.3
192835.9
195916.4
205075.5
214980.7
222020.4
226916.4
229705.6
156861.7
160090.8
163427.3
166807.4
170198.1
178295.6
181389.7
184356.5
187276.6
190526.7
199900
210037.6
217264.5
222307.6
225211.8
146289.3
150266.2
154341.8
158338.1
162180.7
170666.2
174028.1
177232
180370.2
183820.8
193415.5
203776.6
211189
216383.1
219411.6
103889.8
108960.8
114002.9
118739.1
129849.1
137350.5
143536
148809.7
153389.9
162307.7
165948.6
169415.5
172799.1
176481.1
186300.3
196841.6
204414.5
209747.7
212901.6
103902.9
108978.4
114021.8
122735.4
129731.3
135928.6
141420.1
146283.1
155527.3
159420.3
163116.1
166705
170558.8
180501.4
191328
198936.3
204365.7
207621
103915.8
108990.5
117028.6
123798.9
129957.6
135544.9
140604.6
150173.3
154304.6
158223.7
162025.2
166095.9
176292.8
187049.4
194818.2
200336.7
203685.8
103926.3
111621.2
118455.4
124739.6
130500.8
135779.7
145711.1
150075.5
154216
158228.4
162500.5
172873.9
183786.9
191687.6
197317.1
200770.9
106535.4
113307.8
119851.1
125882.2
131430.5
141794.4
146392.1
150756.5
154978.5
159427.8
170085.2
181249.2
189334.6
195112.6
198680.1
108573.1
115151.3
121522.7
127389.7
138261.1
143091.8
147674.1
152102.4
156772.7
167791.1
179305.3
187641.7
193598.1
197297.8
111050.7
117489.7
123703.5
135160.1
140225.8
145018.8
149641.8
154478
165886.9
178078.2
186647
192820
196652.8
114464.4
120697.4
132794.1
138082
143078.1
147878.7
152865.2
164686.3
177883.1
187231.1
193638.7
197348.6
119421
131791.9
137230.3
142384.8
147326.6
152429.5
164704.4
178779.4
188813.7
195712.4
199777.9
133509.7
138637.8
143826.5
148837.4
154023.2
166774.4
181380.1
191748.5
198826.4
202950.5
143235
147951.1
152854.8
158010.3
171121
185944.9
196372.8
203432
207498.3
152527.1
156946.1
161972.9
175327.4
190231
200603.6
207503.3
211411.4
160347.5
164931.9
178477
193303
203399.3
210146.1
214282.4
166791.2
180376.7
194944.6
205092.9
212075.2
216163.2
180669.6
195321.9
205565.8
212559.8
216612.5
172091.5
174668.6
177349.6
180122
182970.8
190450.3
193133.4
195716.8
198286.8
201220.7
210197.2
219843.2
226671.2
231408
234088.3
168004.3
170766.2
173626.6
176574.8
179598.3
187316.3
190147.9
192871.8
195570.2
198622.4
207772.7
217635.9
224635.7
229498.4
232260.9
162001.9
165016
168133
171322.4
174569.7
182583.8
185600.5
188498.1
191358.3
194557.9
203913.1
214012.3
221197.7
226203.4
229073.4
153821
157217.5
160728.6
164286.3
167845.6
176215.7
179461.3
182571.3
185627.9
189008.2
198596.8
208947.7
216333.6
221496.9
224488.9
142827.3
147013.4
151299.9
155503
159544.2
168331
171854.7
175227.7
178515.4
182110.2
191944.7
202541
210128.5
215455
218580.1
103907.3
108985.8
114034.4
125706.4
133585
140075.6
145612.8
150428.2
159696.6
163519.1
167155.6
170698.5
174525.6
184600.9
195446.8
203208.7
208686.3
211945.8
103923.8
109004.6
118206.7
125591.4
132120.3
137898.5
143018.7
152652.9
156747.1
160628.5
164390.6
168405.7
178596.3
189881.1
197734.2
203177.3
206544.8
103935.3
112166.5
119326.5
125837.5
131733.5
137066
147060.2
151406.6
155526
159513.5
163750
174202
185354.8
193351.7
199034.4
202499.3
106761.6
113674.9
120319.4
126413.2
131987.3
142379.4
146968.5
151320.3
155528.4
159985.6
170722.8
181964.3
190097.6
195904.6
199482
108573.1
115151.3
121522.7
127389.7
138261.1
143091.8
147674.1
152102.4
156772.7
167791
179305.3
187641.7
193598.1
197297.8
110541.1
116915
123105.1
134536.3
139613.7
144420.5
149060.7
153926.3
165365
177253.8
185854.2
192000.9
195828.2
113018.1
119208.2
131263
136584.6
141613.1
146452.3
151486.1
163280.5
176048.2
184966.4
191154.7
195121.5
116395.9
128781.3
134310.9
139546.7
144567.3
149754.6
161997.6
175728.4
185467.3
192152.9
196088.4
128073.1
133415.7
138787.5
143945.1
149248.4
161964
176588.6
187012.2
194171.8
198399.8
135235.7
140296.7
145482.5
150849.4
164058
179230.3
189987.1
197324.1
201606.9
144963.5
149691.7
154965.6
168527.8
183926
194732.4
202040.6
206239.6
154345.6
159155.4
172918.9
188389.7
199120
206308.6
210327.9
162659.2
176296.7
191702.9
202192.2
209110.9
212990.1
178628.8
193446.4
203812.9
210887.4
214986.6
194103.1
204466
211536
215559.2
169627.9
172343.9
175161.4
178071.5
181063.3
188768.6
191578.2
194282.6
196967
200011.4
209166.1
218988.9
225949.3
230785.8
233535.8
165363.3
168266.7
171275.9
174368.9
177536.9
185497.7
188462.3
191313.4
194133.7
197300.6
206643
216695.9
223838
228807.8
231648.9
159125
162287.7
165562.4
168914.6
172318.2
180591.4
183751.4
186785.1
189775.2
193099.3
202662.5
212968.2
220307.2
225429
228383.4
150622
154188.4
157874.5
161611.3
165351.8
174012.2
177408.1
180667.4
183865.2
187380.7
197198.7
207776.7
215330.4
220619.7
223703.7
139175.2
143578.7
148083
152497.9
156744.1
165858
169548.7
173077.8
176535.8
180279.9
190370.9
201218.3
208990
214454.5
217680.5
103931.3
109019.7
121302.1
129591.3
136410.1
142223.3
147282.9
156926.8
160942.2
164755.3
168463
172440.1
182762.8
194016.1
201923.4
207547.4
210916
103949.3
113398.1
121191
128079.2
134165.7
139554.5
149606.5
153911.4
157988.5
161928.6
166109.4
176588.3
188319.7
196544.3
202096.4
205391.1
107331.8
114584.5
121460.4
127689.8
133315.5
143767.3
148336.9
152665
156847
161259.2
172004.2
183677.2
191788.5
197649.1
201235.1
108956.2
115639.7
122074.1
127966.1
138864.4
143685.6
148254.5
152667.7
157310.2
168376.8
180034
188419
194401.7
198110.8
110541.1
116915
123105.1
134536.3
139613.7
144420.5
149060.6
153926.3
165365
177253.8
185854.2
192000.9
195828.2
112418.9
118585.2
130616.5
135951.8
140995.9
145852.8
150919
162731.2
175097.9
183976.5
190318.8
194280.5
114841.3
127190.7
132760.3
138033.8
143098
148337.5
160544.1
173876.4
183274.4
189651.7
193511.4
124940
130382.1
135847.8
141095.3
146491.3
159186.3
173483.8
183620.3
190584.1
194700.5
129785.8
135055.4
140417.3
145922.6
159116
174321.7
185149.5
192576.7
196964.1
136980.6
142032.1
147557.9
161254.3
177034.1
188181.3
195783
200214.3
146785.1
151875.4
165893.1
181899.3
193090.2
200632.7
204964.7
156634.6
170550.8
186588.2
197687.2
205071.6
209233.9
174456.6
190159.3
201068.4
208167.4
212071.8
192166.8
202667.9
209823.9
213898.4
203559.5
210666.9
214645.1
167034.1
169887
172848.9
175899.9
179032.8
186977.4
189917.7
192747
195550.8
198708.6
208053.9
218063.3
225164.6
230107.2
232934.3
162592.8
165633.4
168790.3
172036.9
175353.4
183564.7
186667.1
189649.3
192595.1
195882.8
205427.3
215682.2
222974.5
228057.7
230981.1
156107.8
159420.1
162850.3
166365.5
169936
178484.5
181785.1
184959.9
188084.3
191537
201321.7
211846.7
219347.8
224591
227634
147265.8
151002.4
154867
158783.9
162706.2
171683.6
175234.4
178640.4
181986
185641.3
195703
206522.7
214254.1
219675.1
222854.4
135330.5
139957.5
144688.6
149322.2
153778
163241.9
167108.3
170798.9
174410.4
178327
188690.9
199807.8
207773.4
213381.4
216711.1
103965.4
116639.6
125357.3
132529.3
138637.3
143951.4
153996.2
158210.5
162211.3
166088.7
170223.1
180811.6
192527
200684.2
206335.9
209811.7
108623.9
116533.2
123791.9
130210.2
135886.4
146387.7
150908.4
155190.3
159318.3
163669
174459.4
186615.9
195247
201051.8
204373.9
109908
116830.6
123400.5
129341.2
140294.7
145092.8
149637.3
154019.6
158617.8
169690.9
181874.4
190406.1
196174.5
199891.7
111050.7
117489.7
123703.5
135160.1
140225.8
145018.8
149641.8
154478
165886.9
178078.2
186647
192820.1
196652.9
112418.9
118585.2
130616.5
135951.8
140995.8
145852.8
150919
162731.2
175097.9
183976.5
190318.8
194280.5
114192.6
126521.8
132104.7
137395.4
142480.6
147751.3
159972.8
172936.4
182013.9
188558
192652.9
123294.1
128772.3
134281.3
139577.2
145030.8
157688.1
171609.5
181416.8
188156.7
192099.4
126632.6
132002.6
137465.7
143075
156261.3
171154.4
181710.4
188947
193238.3
131515.8
136766.4
142460
156168.5
171998.6
183237.5
190938
195481.9
138804.5
144185.3
158388.1
174814.4
186364.7
194214
198791.8
149056.7
163273.6
179896.6
191480.1
199244.2
203680.8
168479.7
184851.6
196334.6
203913.1
208129.6
188693.2
199977.6
207331.6
211247.1
201708.5
208914.9
212946.5
209967.2
213896.3
164316.2
167300.9
170405.7
173605.9
176883.4
185074.4
188149.8
191107.9
194034.9
197311
206856.8
217066.6
224314.6
229369.6
232278.1
159693.9
162871.5
166172.3
169572
173046.3
181523.2
184759.6
187877.7
190952.7
194364.7
204125.8
214592.4
222043.9
227245.9
230255.5
152956
156413
160000.8
163677.3
167415
176262.5
179707
183019.9
186283.2
189868.8
199888.2
210646.5
218318.7
223688.9
226823.2
143758.2
147660.9
151705.1
155806.1
159911.5
169211.8
172938.7
176496
179985
183787.7
194108
205184.5
213103.2
218662.7
221940.1
131322.2
136148.1
141112.8
145974
150646
160480.9
164528.8
168389.4
172157.9
176220.3
186902.4
198307.2
206479.9
212236.4
215672
112039.6
120894.1
128424.6
134846.6
140430.6
150906.3
155322.6
159516.5
163574.2
167870.7
178754
190931.6
199457.3
205216.8
208638.4
111953
119266.6
126021.2
132004.4
142996.7
147738.4
152229.5
156554.5
161084.4
172205.8
184807.8
193764.4
199906.6
203389.4
112296.5
118873.5
125131.8
136637.9
141675.6
146441
151030.4
155819.8
167249.9
179933.1
188899.7
194973
198462.9
113018.1
119208.2
131263
136584.6
141613.1
146452.3
151486.1
163280.5
176048.1
184966.4
191154.7
195121.6
114192.6
126521.8
132104.7
137395.4
142480.6
147751.3
159972.8
172936.4
182013.9
188558
192652.9
122605.2
128094.7
133619.7
138940.4
144426.3
157098.1
170668.2
180185.4
186725.2
190952.6
124969.4
130377.1
135893.4
141564.9
154720.3
169257.3
179490.2
186511.3
190690
128346.1
133702.4
139511.3
153230.3
168763.5
179741.8
187265.2
191715.5
133319
138887.3
153140.8
169643.6
181305.9
189267.5
193965.1
141053.1
155510
172602.8
184570.7
192657.7
197350
160953.6
177946.6
189935
197917.1
202427.7
183257.1
195055.5
202861.7
207116.9
198757.7
206527.6
210542.4
208167.7
212159.3
213302.8
161475.9
164591.3
167834.6
171183.1
174614
183066
186272.2
189363.4
192417.3
195815.4
205574.5
215994.6
223400.6
228570.7
231565
156674.9
159982.1
163427.5
166976.9
170608.7
179373.3
182746.5
185996.1
189204.8
192744.7
202734.5
213429.8
221044.6
226371.4
229470.4
149680.8
153272.6
157013.6
160854.4
164758.1
173918.9
177517
180970.9
184369.6
188092.7
198360.9
209366.6
217219.2
222722.2
225950.7
140142.5
144170
148390.9
152677.6
156970.4
166611.4
170501.6
174233
177870
181815.4
192412.5
203762.1
211877.8
217581.4
220960.7
127528
132180.7
137355.4
142450.5
147346.9
157579.1
161808.6
165845.1
169778.2
173988.4
184937.1
196714.6
205107.6
211021.7
214563.9
116544.6
124112.3
130845
136713.8
147657.9
152280.8
156670.1
160912.9
165381.9
176587.7
189206
198133.2
204139.6
207578.6
114851.8
121610.3
127899.7
139430.6
144402.5
149107.4
153633
158350.8
169829.7
182892.6
192201
198583.9
202308.2
114464.4
120697.4
132794
138082
143078.1
147878.7
152865.2
164686.3
177883.1
187231.1
193638.7
197348.7
114841.3
127190.7
132760.3
138033.8
143098
148337.5
160544.1
173876.4
183274.4
189651.6
193511.4
122605.2
128094.7
133619.7
138940.4
144426.3
157098.1
170668.2
180185.3
186725.2
190952.6
124273
129694
135233.9
140941
154106.6
168305.3
178263.3
185110.6
189186.9
126669.5
132071.1
137946.5
151644
166835.4
177503.2
184814.8
189159.8
130141.3
135827.9
150110.5
166335.5
177748.8
185541.5
190157.6
135539.1
150071
167284.8
179389.5
187601.7
192425.3
152925.6
170432.3
182834.8
191155.2
195933.2
176177.1
188464.6
196684.4
201251.6
193777.3
201887.1
206224.9
205486.2
209874.9
211520.9
158522.8
161760.3
165141.8
168634.5
172218.4
180952.5
184291.8
187511.4
190696.4
194220.2
204205
214848.8
222418.2
227712.5
230792.7
153550.6
156973.8
160557
164257.5
168044
177109.3
180627.9
184011.5
187349.2
191021.3
201253.3
212189.4
219981.1
225433.1
228625.1
146334.5
150010.3
153895.7
157896.4
161970
171458.7
175208.8
178813.1
182350
186206.5
196739.1
208007.3
216049.2
221690.6
225016.3
136814.3
140573.2
144930.9
149401
153883.1
163888.4
167940
171827.5
175639.7
179731.9
190615.9
202255
210578.7
216432
219915.5
128434.4
133447.8
138752.8
143879
154538.8
158952.7
163164.6
167267.4
171632.9
182871.5
195130.8
203655.1
209735.8
213389.9
119948
126652.2
132796.6
144250.2
149086.6
153675.4
158105.1
162750.7
174308.5
187382.3
196652.6
202972.7
206564.2
117333.2
123586.3
135689.3
140899.3
145825.9
150556.2
155464.6
167329.6
180882
190545.6
197189.1
201079.6
116395.9
128781.3
134310.9
139546.7
144567.3
149754.6
161997.6
175728.4
185467.3
192152.8
196088.5
123294.1
128772.3
134281.3
139577.2
145030.8
157688.2
171609.5
181416.7
188156.7
192099.3
124273
129694
135234
140941
154106.5
168305.3
178263.3
185110.5
189186.9
125968.7
131390.5
137299.7
151001
165878.6
176266.9
183420.7
187681.2
128461.1
134204.5
148474.1
164369.4
175483.3
183074.6
187587.9
132367.7
146943.2
163895.6
175768.8
183817.8
188566.2
147297.3
164951.7
177519.9
185983.6
190902.9
168479.4
181172.3
189743.2
194586.7
187073.4
195536.6
200185.2
200811.9
205409.4
208936.4
155473.2
158817.7
162329.5
165966.8
169699.8
178729.6
182209.4
185559.5
188870.3
192523.6
202747.7
213628.8
221370
226790.6
229963.5
150378.6
153861.6
157570.1
161415.4
165358.5
174737
178398.5
181924.6
185393.5
189192.6
199681.9
210872.9
218848.6
224436.5
227718.4
143318.8
146678.5
150658.8
154811.2
159050
168889.9
172787.8
176539.7
180224.7
184217.2
195022.1
206568.6
214810
220594.7
224019.9
137265
141369.2
145983.8
150652.9
161048.1
165260.4
169302.9
173267.2
177536.6
188726.4
200666.5
209206.3
215215.9
218805.4
129769.7
134913.8
140244.7
151363.6
155964
160353.5
164623
169150.9
180704.5
193468
202345.2
208377.8
212148.7
122629.8
128701.2
140687.3
145740.3
150534.5
155154.7
159977.2
171909.4
185468.3
195089.3
201658.6
205464.3
119421
131791.9
137230.3
142384.8
147326.5
152429.5
164704.4
178779.3
188813.7
195712.4
199778
124940
130382.1
135847.8
141095.3
146491.2
159186.3
173483.7
183620.3
190584.1
194700.5
124969.5
130377.1
135893.3
141564.9
154720.3
169257.4
179490.2
186511.2
190690
125968.7
131390.5
137299.7
151001
165878.6
176266.9
183420.7
187681.2
127763.9
133537.3
147805.6
163412
174246.2
181672.6
186116.3
130697.3
145253.9
161886.4
173470.4
181326
185980.7
144072.8
161479.5
173831.2
182141
186987.4
162854.6
175717.5
184447.3
189445.8
179655.4
188422.3
193347.5
194385.5
199206.7
204431.7
152387.1
155779.9
159407.9
163182.5
167065.4
176401.8
180021.1
183508.4
186946.9
190724.3
201202
212334.6
220256.6
225808.4
229073
147561
150702.9
154481.9
158460.3
162553.9
172266.3
176064.7
179730.1
183338.5
187266.7
198019.5
209481.2
217649.7
223376.7
226756.3
143677
147355.4
151611.5
156007.5
166206
170262.7
174157.7
177986
182125.5
193220
205052.4
213502.1
219436.2
222962.3
138097.5
142470.5
147288.6
158096.2
162469.4
166665.5
170779
175190.5
186745.9
199007.4
207766.5
213934.2
217632.2
131311
136477.8
148063.4
152847.1
157415.4
161853.7
166539.5
178445.5
191721.6
200983.4
207232.5
210839.4
124788.6
136996.6
142248
147248.9
152064.7
157066.8
169394.6
183463.7
193453.9
200272.3
204240.6
128073.2
133415.6
138787.5
143945.1
149248.3
161964
176588.6
187012.2
194171.8
198399.7
126632.6
132002.6
137465.7
143075
156261.3
171154.4
181710.4
188946.9
193238.4
126669.6
132071.1
137946.4
151644.1
166835.4
177503.3
184814.8
189159.7
127763.9
133537.3
147805.6
163411.9
174246.2
181672.6
186116.3
130014.3
144573.7
160917.4
172240.6
179924.9
184502.9
142348.5
159421.9
171494
179618.7
184378
159296.6
171962.5
180542.4
185473.7
174090.2
183005
188088.9
187184.8
192206.1
198172.7
149666.4
152707
156393.7
160292.3
164318.3
173979.6
177731.4
181354.9
184927.6
188830.5
199567.8
210966.7
219078.8
224766.9
228124.9
147897.8
151349.8
155408
159641
169701.3
173636.8
177435
181179.3
185244.7
196277.3
208015.4
216386.4
222257
225734.2
144381.7
148349.9
152856.1
163428.9
167626
171676.3
175643.3
179924.5
191335.6
203472.6
212129.2
218216.6
221845.6
139248
143834.8
155048
159573
163922.7
168182.8
172733.7
184591.5
197282
206271.6
212594.5
216397.3
132951.4
144675.1
149613.6
154356.1
158963.5
163809.1
176089.5
189859.6
199553.7
206045.9
209770.8
133509.7
138637.8
143826.4
148837.3
154023.2
166774.3
181380
191748.4
198826.4
202950.4
129785.8
135055.4
140417.3
145922.5
159115.9
174321.8
185149.4
192576.6
196964.1
128346.2
133702.4
139511.3
153230.3
168763.5
179741.8
187265.2
191715.4
128461.1
134204.5
148474.1
164369.4
175483.2
183074.6
187587.9
130014.3
144573.7
160917.4
172240.6
179924.9
184502.9
141657.6
158426.3
170255.8
178226.6
182901.6
157208
169578.7
177983.3
182834.7
170249.8
179040.3
184056.8
181682.2
186839
191106.7
149998.2
153346.7
157313.5
161469.8
171469.6
175351.4
179103.6
182809.1
186844
197856.5
209526.7
217837.7
223667.6
227120.7
148569.5
152315.6
156636.3
167057.3
171119.7
175050.4
178923.3
183121.9
194458.7
206490.9
215060.9
221080.3
224655.5
145416.5
149648.6
160578.4
164901.9
169084.4
173205.6
177623.5
189365.8
201834.1
210707.6
216940.1
220671.5
140671.5
151949.8
156588
161080.8
165486.6
170174.3
182363.3
195615.3
204727.6
211210
215109.3
141532.6
146300.8
151188.5
155958.9
160964
173645.2
187929.5
197981.4
204802.8
208659.7
135235.7
140296.7
145482.4
150849.4
164057.9
179230.3
189987.1
197324
201606.8
131515.8
136766.4
142459.9
156168.5
171998.5
183237.5
190937.9
195481.8
130141.3
135827.9
150110.5
166335.5
177748.7
185541.5
190157.6
130697.4
145253.9
161886.4
173470.3
181325.9
185980.8
141657.6
158426.3
170255.9
178226.5
182901.6
156203
168296.4
176584.1
181366.1
167836.4
176434.2
181382.1
177636.7
182749.1
185669.3
150661.7
154305.4
158538.1
168887
172888.8
176766.4
180596.6
184761.8
196071.7
208029.6
216536.3
222511.9
226062
149572
153596.6
164356.2
168529.4
172580.7
176582.5
180906.3
192560.3
204912.7
213691.2
219849.2
223523.4
146767.7
157709
162111.4
166411.2
170659.7
175232.2
187320.3
200137.2
209243.8
215624.9
219444.9
149134.4
153560.8
158158.1
162696.1
167521
180065.4
193871.1
203409.9
209787.9
213781.8
143235
147951.1
152854.7
158010.3
171120.9
185944.8
196372.7
203431.9
207498.2
136980.6
142032.1
147557.8
161254.3
177034
188181.3
195782.9
200214.1
133319.1
138887.3
153140.8
169643.6
181305.8
189267.6
193965.1
132367.7
146943.2
163895.6
175768.8
183817.7
188566.2
142348.6
159422
171494
179618.6
184378
156203
168296.5
176584.2
181366.1
166546
174989.3
179906.9
175003.7
180027.1
181502.4
151655.9
155581.8
166255.1
170359.3
174351.5
178302.5
182589.4
194212.9
206481.8
215191.6
221303.8
224950.7
150901.5
161651.5
165889
170044.2
174160.4
178610.7
190593.4
203279.2
212283.9
218583.6
222341.1
155156.4
159309.6
163679.7
168038.3
172727.6
185213.3
198393.6
207741
214278.5
218184.6
150814.9
155201.7
159832.8
164779.2
177718.5
192077.7
202022.5
208679.6
212422.6
144963.4
149691.6
154965.5
168527.7
183925.9
194732.4
202040.5
206239.4
138804.5
144185.2
158388
174814.3
186364.5
194214
198791.7
135539.2
150071
167284.8
179389.5
187601.5
192425.4
144072.9
161479.5
173831.2
182141
186987.3
157208.1
169578.8
177983.2
182834.6
166546
174989.3
179906.9
173553.8
178512.6
178756.1
152979.4
163628.7
167787.3
171875.6
175935.9
180339.9
192286.9
204885.9
213812.3
220061.9
223791
159263.3
163251.2
167464.4
171677.9
176239.5
188575.2
201605.4
210838.4
217291.1
221129.3
156822.7
160945.1
165364.9
170154
182986.5
196621.9
206211.6
212906
216898.9
152527
156946
161972.8
175327.3
190230.9
200603.4
207503.2
211411.1
146785
151875.4
165893
181899.2
193090
200632.6
204964.6
141053.1
155509.9
172602.7
184570.6
192657.6
197350
147297.4
164951.7
177519.8
185983.6
190902.7
159296.7
171962.6
180542.4
185473.6
167836.5
176434.3
181382
173553.8
178512.7
177239.5
161326.7
165226.8
169364
173514.2
178023.2
190311.3
203249.1
212402.8
218796
222602.1
160924.4
164893.9
169159.3
173813.9
186514.7
199913.8
209372.5
215972
219896.1
158525.7
162697
167534.8
180728.2
194950.4
204677.6
211520.5
215593.6
154345.5
159155.3
172918.8
188389.5
199119.9
206308.5
210327.8
149056.7
163273.5
179896.6
191480
199244
203680.8
152925.6
170432.2
182834.7
191155.1
195933
162854.7
175717.5
184447.2
189445.7
170249.9
179040.4
184056.8
175003.8
180027.2
177239.5
162984.9
166870.1
171063.8
175657.5
188300.4
201593.9
210970.9
217511.9
221394.8
162629.4
166656.7
171359.6
184437.5
198217.4
207912.3
214645.5
218642.2
160347.5
164931.8
178476.9
193302.8
203399.2
210145.9
214282.2
156634.5
170550.7
186588.1
197687
205071.4
209233.8
160953.6
177946.6
189935
197917
202427.5
168479.4
181172.3
189743.1
194586.6
174090.3
183005.1
188088.8
177636.9
182749.2
178756.2
164688.7
168637.4
173270.4
186277.6
199940.5
209542.6
216217.6
220175.7
164455.8
168928
182375.9
196547.9
206473.8
213340.6
217387.7
162659.2
176296.6
191702.8
202192
209110.8
212989.8
168479.7
184851.4
196334.5
203912.9
208129.4
176177
188464.6
196684.3
201251.5
179655.5
188422.2
193347.4
181682.3
186839
181502.6
166517.6
170913.9
184276.6
198317.5
208142.1
214941.8
218952.6
166791.1
180376.6
194944.5
205092.7
212075.1
216162.9
174456.5
190159.2
201068.3
208167.2
212071.6
183257
195055.3
202861.6
207116.6
187073.4
195536.6
200185.1
187184.9
192206.1
185669.5
168857.2
182344.1
196765.2
206801.5
213710.9
217755.5
178628.7
193446.2
203812.8
210887.2
214986.5
188693.1
199977.4
207331.4
211246.8
193777.2
201886.9
206224.8
194385.5
199206.7
191106.8
180669.6
195321.7
205565.6
212559.6
216612.4
192166.7
202667.7
209823.7
213898.2
198757.6
206527.4
210542.3
200811.7
205409.2
198172.7
194103
204465.8
211535.7
215559
201708.4
208914.7
212946.3
205486.1
209874.7
204431.5
203559.4
210666.7
214644.9
208167.6
212159
208936.3
209967.2
213896.1
211520.8
213302.8
)
;

boundaryField
{
    airInlet
    {
        type            zeroGradient;
    }
    airOutlet
    {
        type            prghPressure;
        p               uniform 101325;
        value           nonuniform List<scalar> 
100
(
101336.8
101335.8
101334.8
101333.9
101332.9
101331.9
101330.9
101329.9
101329
101328
101336.8
101335.8
101334.8
101333.9
101332.9
101331.9
101330.9
101329.9
101329
101328
101336.8
101335.8
101334.8
101333.9
101332.9
101331.9
101330.9
101329.9
101329
101328
101336.8
101335.8
101334.8
101333.9
101332.9
101331.9
101330.9
101329.9
101329
101328
101336.8
101335.8
101334.8
101333.9
101332.9
101331.9
101330.9
101329.9
101329
101328
101336.8
101335.8
101334.8
101333.9
101332.9
101331.9
101330.9
101329.9
101329
101328
101336.8
101335.8
101334.8
101333.9
101332.9
101331.9
101330.9
101329.9
101329
101328
101336.8
101335.8
101334.8
101333.9
101332.9
101331.9
101330.9
101329.9
101329
101328
101336.8
101335.8
101334.8
101333.9
101332.9
101331.9
101330.9
101329.9
101329
101328
101336.8
101335.8
101334.8
101333.9
101332.9
101331.9
101330.9
101329.9
101329
101328
)
;
    }
    cathodeSides
    {
        type            zeroGradient;
    }
    air_to_interconnect
    {
        type            zeroGradient;
    }
    air_to_electrolyte
    {
        type            zeroGradient;
    }
}


// ************************************************************************* //
