/*--------------------------------*- C++ -*----------------------------------*\
| =========                 |                                                 |
| \\      /  F ield         | OpenFOAM: The Open Source CFD Toolbox           |
|  \\    /   O peration     | Version:  2312                                  |
|   \\  /    A nd           | Website:  www.openfoam.com                      |
|    \\/     M anipulation  |                                                 |
\*---------------------------------------------------------------------------*/
FoamFile
{
    version     2.0;
    format      ascii;
    arch        "LSB;label=32;scalar=64";
    class       volScalarField;
    location    "80/phiI";
    object      Dwm;
}
// * * * * * * * * * * * * * * * * * * * * * * * * * * * * * * * * * * * * * //

dimensions      [0 2 -1 0 0 0 0];

internalField   nonuniform List<scalar> 
12000
(
2.393334e-10
2.401467e-10
2.395338e-10
2.332939e-10
2.419366e-10
2.404054e-10
2.341031e-10
2.397459e-10
2.33487e-10
2.214093e-10
2.451644e-10
2.42278e-10
2.358826e-10
2.406136e-10
2.343476e-10
2.222121e-10
2.398571e-10
2.336824e-10
2.215767e-10
2.033548e-10
2.503281e-10
2.456537e-10
2.390901e-10
2.425409e-10
2.362085e-10
2.239758e-10
2.407765e-10
2.345406e-10
2.224233e-10
2.041527e-10
2.400116e-10
2.337759e-10
2.217349e-10
2.034744e-10
1.787291e-10
2.576224e-10
2.511325e-10
2.442063e-10
2.460109e-10
2.395592e-10
2.2716e-10
2.427411e-10
2.364555e-10
2.242655e-10
2.059088e-10
2.409047e-10
2.346907e-10
2.225819e-10
2.043097e-10
1.795134e-10
2.400824e-10
2.339199e-10
2.21798e-10
2.035744e-10
1.788044e-10
1.913619e-10
2.651448e-10
2.588634e-10
2.514105e-10
2.51637e-10
2.449874e-10
2.32218e-10
2.462826e-10
2.398994e-10
2.2758e-10
2.091011e-10
2.429031e-10
2.366422e-10
2.244766e-10
2.061399e-10
1.812585e-10
2.409985e-10
2.348084e-10
2.227027e-10
2.044137e-10
1.796217e-10
1.923061e-10
2.401284e-10
2.339829e-10
2.219172e-10
2.035943e-10
1.788539e-10
1.913352e-10
2.568311e-10
2.71636e-10
2.669268e-10
2.588568e-10
2.595361e-10
2.526333e-10
2.393211e-10
2.520226e-10
2.454731e-10
2.329449e-10
2.141256e-10
2.465029e-10
2.401566e-10
2.27882e-10
2.094321e-10
1.844988e-10
2.43021e-10
2.367929e-10
2.246329e-10
2.062943e-10
1.814322e-10
1.944633e-10
2.410718e-10
2.348932e-10
2.227963e-10
2.044878e-10
1.7968e-10
1.922951e-10
2.580466e-10
2.401902e-10
2.340272e-10
2.219618e-10
2.036715e-10
1.788468e-10
1.913481e-10
2.567784e-10
2.75565e-10
2.759305e-10
2.738709e-10
2.652917e-10
2.67857e-10
2.606181e-10
2.466804e-10
2.600745e-10
2.532784e-10
2.40507e-10
2.211616e-10
2.52336e-10
2.458427e-10
2.333883e-10
2.147624e-10
1.894715e-10
2.466645e-10
2.403649e-10
2.281068e-10
2.096746e-10
1.846943e-10
1.992807e-10
2.431141e-10
2.369015e-10
2.24758e-10
2.064026e-10
1.815383e-10
1.944185e-10
2.609062e-10
2.41135e-10
2.349589e-10
2.228608e-10
2.045424e-10
1.797151e-10
1.923182e-10
2.57974e-10
2.768764e-10
2.402272e-10
2.340784e-10
2.219957e-10
2.036862e-10
1.788809e-10
1.913099e-10
2.568988e-10
2.755243e-10
2.938991e-10
2.78125e-10
2.785044e-10
2.695593e-10
2.750851e-10
2.675053e-10
2.530478e-10
2.685385e-10
2.615199e-10
2.484034e-10
2.28466e-10
2.605167e-10
2.537988e-10
2.410887e-10
2.223115e-10
1.964108e-10
2.525699e-10
2.461427e-10
2.337226e-10
2.151405e-10
1.899919e-10
2.04743e-10
2.467936e-10
2.405165e-10
2.282878e-10
2.098489e-10
1.848853e-10
1.982366e-10
2.687211e-10
2.431918e-10
2.369869e-10
2.248457e-10
2.064871e-10
1.816069e-10
1.94498e-10
2.606062e-10
2.80011e-10
2.411807e-10
2.350155e-10
2.229096e-10
2.045748e-10
1.79737e-10
1.923232e-10
2.581094e-10
2.767906e-10
2.953094e-10
2.402975e-10
2.341157e-10
2.220263e-10
2.036981e-10
1.788731e-10
1.91308e-10
2.569473e-10
2.75723e-10
2.939034e-10
3.769017e-10
2.781243e-10
2.80861e-10
2.717411e-10
2.799349e-10
2.721109e-10
2.572884e-10
2.7585e-10
2.686954e-10
2.552244e-10
2.347872e-10
2.691162e-10
2.621798e-10
2.49243e-10
2.301613e-10
2.036285e-10
2.608494e-10
2.542259e-10
2.415701e-10
2.227831e-10
1.975968e-10
2.121863e-10
2.527556e-10
2.463658e-10
2.339929e-10
2.154208e-10
1.903089e-10
2.044904e-10
2.747115e-10
2.468994e-10
2.406373e-10
2.284172e-10
2.099871e-10
1.850169e-10
1.984189e-10
2.653225e-10
2.897436e-10
2.432564e-10
2.370576e-10
2.249135e-10
2.065417e-10
1.81657e-10
1.945429e-10
2.608185e-10
2.795831e-10
2.98715e-10
2.412238e-10
2.350556e-10
2.229514e-10
2.045966e-10
1.79744e-10
1.923155e-10
2.582107e-10
2.770106e-10
2.952458e-10
3.784767e-10
2.403202e-10
2.341729e-10
2.220582e-10
2.03701e-10
1.788674e-10
1.912704e-10
2.570134e-10
2.758468e-10
2.941911e-10
3.771639e-10
4.281242e-10
2.759295e-10
2.808616e-10
2.717404e-10
2.823899e-10
2.744546e-10
2.594579e-10
2.807711e-10
2.735205e-10
2.598024e-10
2.390269e-10
2.765424e-10
2.694319e-10
2.563654e-10
2.369454e-10
2.098657e-10
2.695536e-10
2.627409e-10
2.498555e-10
2.309001e-10
2.053934e-10
2.199876e-10
2.61114e-10
2.545462e-10
2.419644e-10
2.232061e-10
1.979048e-10
2.144664e-10
2.825933e-10
2.529071e-10
2.465423e-10
2.341918e-10
2.156453e-10
1.905423e-10
2.047552e-10
2.731186e-10
2.954986e-10
2.469872e-10
2.407359e-10
2.285193e-10
2.100818e-10
1.851183e-10
1.985374e-10
2.656762e-10
2.845884e-10
3.106987e-10
2.433109e-10
2.371166e-10
2.249689e-10
2.065816e-10
1.816849e-10
1.945678e-10
2.609756e-10
2.798876e-10
2.982141e-10
3.822956e-10
2.412608e-10
2.350932e-10
2.229789e-10
2.046148e-10
1.797449e-10
1.922965e-10
2.582767e-10
2.77184e-10
2.955631e-10
3.786602e-10
4.297714e-10
2.403275e-10
2.341907e-10
2.220953e-10
2.037179e-10
1.788525e-10
1.912455e-10
2.570276e-10
2.759643e-10
2.943997e-10
3.777254e-10
4.285895e-10
4.272062e-10
2.716369e-10
2.785039e-10
2.695584e-10
2.823906e-10
2.744552e-10
2.594573e-10
2.832891e-10
2.759626e-10
2.621341e-10
2.411981e-10
2.815319e-10
2.743271e-10
2.611719e-10
2.415253e-10
2.141079e-10
2.770754e-10
2.701063e-10
2.570379e-10
2.380181e-10
2.121221e-10
2.267559e-10
2.699002e-10
2.631646e-10
2.50381e-10
2.314381e-10
2.059953e-10
2.233872e-10
2.909889e-10
2.613287e-10
2.548005e-10
2.42258e-10
2.235511e-10
1.982758e-10
2.136044e-10
2.872509e-10
3.029634e-10
2.530329e-10
2.466859e-10
2.343479e-10
2.15807e-10
1.907265e-10
2.049947e-10
2.73476e-10
2.929195e-10
3.160926e-10
2.470617e-10
2.408175e-10
2.286017e-10
2.101545e-10
1.851845e-10
1.986224e-10
2.659334e-10
2.85049e-10
3.035394e-10
3.975098e-10
2.43356e-10
2.371659e-10
2.250148e-10
2.066128e-10
1.817028e-10
1.94573e-10
2.610859e-10
2.801246e-10
2.98624e-10
3.81966e-10
4.337635e-10
2.412977e-10
2.351261e-10
2.230047e-10
2.046225e-10
1.797445e-10
1.922747e-10
2.583163e-10
2.773091e-10
2.958182e-10
3.792617e-10
4.301567e-10
4.288636e-10
2.403698e-10
2.34193e-10
2.221033e-10
2.037305e-10
1.788534e-10
1.912078e-10
2.570509e-10
2.760279e-10
2.945794e-10
3.781678e-10
4.293416e-10
4.276952e-10
4.241721e-10
2.651433e-10
2.738706e-10
2.652926e-10
2.79933e-10
2.721105e-10
2.572875e-10
2.832894e-10
2.759633e-10
2.621346e-10
2.411975e-10
2.840744e-10
2.768342e-10
2.636028e-10
2.438607e-10
2.162836e-10
2.821299e-10
2.750663e-10
2.619146e-10
2.428492e-10
2.167119e-10
2.313835e-10
2.774951e-10
2.706246e-10
2.576745e-10
2.385836e-10
2.131302e-10
2.309999e-10
2.983531e-10
2.701815e-10
2.634998e-10
2.507759e-10
2.319115e-10
2.064497e-10
2.232345e-10
2.977252e-10
3.110708e-10
2.615066e-10
2.550063e-10
2.424899e-10
2.238048e-10
1.985768e-10
2.140031e-10
2.842893e-10
3.093943e-10
3.230562e-10
2.531394e-10
2.468049e-10
2.34474e-10
2.159317e-10
1.908569e-10
2.051772e-10
2.73898e-10
2.933301e-10
3.124453e-10
4.025985e-10
2.471235e-10
2.408865e-10
2.286694e-10
2.102114e-10
1.852332e-10
1.986722e-10
2.661256e-10
2.853968e-10
3.041194e-10
3.878986e-10
4.512029e-10
2.433963e-10
2.372066e-10
2.250525e-10
2.066379e-10
1.817149e-10
1.945711e-10
2.611592e-10
2.802987e-10
2.989514e-10
3.826785e-10
4.336213e-10
4.328825e-10
2.413185e-10
2.351595e-10
2.230283e-10
2.046302e-10
1.797381e-10
1.922541e-10
2.583431e-10
2.773978e-10
2.960129e-10
3.797559e-10
4.309555e-10
4.292679e-10
4.258364e-10
2.4035e-10
2.342373e-10
2.220964e-10
2.037237e-10
1.788487e-10
1.911898e-10
2.570502e-10
2.760887e-10
2.947024e-10
3.785477e-10
4.299473e-10
4.284651e-10
4.246665e-10
4.196899e-10
2.576212e-10
2.66926e-10
2.588553e-10
2.75085e-10
2.675051e-10
2.530487e-10
2.807709e-10
2.735186e-10
2.59802e-10
2.390261e-10
2.840755e-10
2.768344e-10
2.636035e-10
2.438612e-10
2.16283e-10
2.847088e-10
2.775955e-10
2.644162e-10
2.45287e-10
2.190566e-10
2.337585e-10
2.826023e-10
2.756492e-10
2.626061e-10
2.434878e-10
2.180246e-10
2.360798e-10
3.034011e-10
2.778353e-10
2.710321e-10
2.581623e-10
2.391652e-10
2.135454e-10
2.320592e-10
3.065239e-10
3.182652e-10
2.704133e-10
2.637714e-10
2.510869e-10
2.322641e-10
2.068754e-10
2.234907e-10
2.964482e-10
3.200948e-10
3.308199e-10
2.616569e-10
2.551764e-10
2.426765e-10
2.240029e-10
1.987958e-10
2.143232e-10
2.84916e-10
3.048093e-10
3.316247e-10
4.092433e-10
2.532287e-10
2.469054e-10
2.345778e-10
2.160307e-10
1.909549e-10
2.053039e-10
2.742215e-10
2.938611e-10
3.129337e-10
3.978374e-10
4.558027e-10
2.471786e-10
2.409436e-10
2.287262e-10
2.102573e-10
1.852696e-10
1.987064e-10
2.662595e-10
2.856618e-10
3.045693e-10
3.888143e-10
4.398465e-10
4.513256e-10
2.434331e-10
2.372429e-10
2.250832e-10
2.066573e-10
1.817233e-10
1.945656e-10
2.612137e-10
2.804254e-10
2.992004e-10
3.832624e-10
4.345418e-10
4.327533e-10
4.298773e-10
2.413536e-10
2.351768e-10
2.230529e-10
2.046386e-10
1.797323e-10
1.922301e-10
2.583641e-10
2.774663e-10
2.96159e-10
3.801582e-10
4.316159e-10
4.300882e-10
4.262425e-10
4.213516e-10
2.404003e-10
2.342138e-10
2.221366e-10
2.037044e-10
1.78833e-10
1.911698e-10
2.570643e-10
2.761267e-10
2.948044e-10
3.788393e-10
4.304683e-10
4.290903e-10
4.254383e-10
4.201831e-10
4.159573e-10
2.503266e-10
2.58863e-10
2.514093e-10
2.678544e-10
2.606174e-10
2.466788e-10
2.758498e-10
2.686954e-10
2.552242e-10
2.34788e-10
2.8153e-10
2.743269e-10
2.611701e-10
2.41525e-10
2.141073e-10
2.847083e-10
2.775965e-10
2.644164e-10
2.452876e-10
2.190571e-10
2.337571e-10
2.852079e-10
2.782144e-10
2.651238e-10
2.46009e-10
2.204797e-10
2.38656e-10
3.059957e-10
2.829864e-10
2.761088e-10
2.631575e-10
2.441034e-10
2.185184e-10
2.380151e-10
3.121757e-10
3.232515e-10
2.78118e-10
2.713619e-10
2.585442e-10
2.396087e-10
2.140756e-10
2.316938e-10
3.079606e-10
3.290338e-10
3.37811e-10
2.706095e-10
2.639947e-10
2.513377e-10
2.325392e-10
2.071904e-10
2.239587e-10
2.96418e-10
3.182883e-10
3.424255e-10
4.169377e-10
2.617836e-10
2.553201e-10
2.4283e-10
2.241604e-10
1.989644e-10
2.14554e-10
2.854225e-10
3.055584e-10
3.251602e-10
4.210625e-10
4.619597e-10
2.533067e-10
2.469894e-10
2.346651e-10
2.16111e-10
1.910312e-10
2.053958e-10
2.744618e-10
2.942716e-10
3.135868e-10
3.986451e-10
4.502823e-10
4.555575e-10
2.472259e-10
2.409944e-10
2.287726e-10
2.102949e-10
1.852976e-10
1.9873e-10
2.663641e-10
2.858555e-10
3.049192e-10
3.895456e-10
4.40988e-10
4.390256e-10
4.490935e-10
2.434668e-10
2.372763e-10
2.251105e-10
2.066721e-10
1.817286e-10
1.945575e-10
2.612562e-10
2.805247e-10
2.993893e-10
3.837306e-10
4.353019e-10
4.336963e-10
4.297429e-10
4.253925e-10
2.413809e-10
2.352089e-10
2.230628e-10
2.046488e-10
1.797289e-10
1.922066e-10
2.583743e-10
2.775232e-10
2.962762e-10
3.804737e-10
4.321637e-10
4.307658e-10
4.270673e-10
4.217552e-10
4.176089e-10
2.404489e-10
2.342573e-10
2.2211e-10
2.037325e-10
1.788092e-10
1.911387e-10
2.570761e-10
2.761672e-10
2.948882e-10
3.790735e-10
4.308793e-10
4.296257e-10
4.26068e-10
4.209485e-10
4.164491e-10
2.451633e-10
2.51133e-10
2.442047e-10
2.595329e-10
2.526329e-10
2.393199e-10
2.685371e-10
2.615173e-10
2.484027e-10
2.284645e-10
2.765417e-10
2.694317e-10
2.563654e-10
2.369452e-10
2.098663e-10
2.821316e-10
2.750645e-10
2.619144e-10
2.428475e-10
2.167117e-10
2.313833e-10
2.852073e-10
2.782139e-10
2.651248e-10
2.460092e-10
2.204802e-10
2.386569e-10
3.059929e-10
2.856132e-10
2.787006e-10
2.657107e-10
2.466291e-10
2.210832e-10
2.407839e-10
3.150095e-10
3.258236e-10
2.833046e-10
2.76482e-10
2.635906e-10
2.446098e-10
2.190406e-10
2.377535e-10
3.154919e-10
3.346887e-10
3.427217e-10
2.783558e-10
2.716356e-10
2.58852e-10
2.399532e-10
2.144784e-10
2.322768e-10
3.062837e-10
3.309667e-10
3.514268e-10
4.240117e-10
2.707754e-10
2.641835e-10
2.51543e-10
2.327593e-10
2.074336e-10
2.24304e-10
2.971186e-10
3.177252e-10
3.404175e-10
4.32291e-10
4.693493e-10
2.618938e-10
2.554409e-10
2.429591e-10
2.242886e-10
1.990968e-10
2.14731e-10
2.858012e-10
3.061716e-10
3.260445e-10
4.122816e-10
4.761648e-10
4.613283e-10
2.533752e-10
2.470629e-10
2.347375e-10
2.161779e-10
1.910919e-10
2.054659e-10
2.746448e-10
2.945845e-10
3.140982e-10
3.99622e-10
4.513256e-10
4.495579e-10
4.53049e-10
2.472731e-10
2.41038e-10
2.288139e-10
2.103245e-10
1.853199e-10
1.987451e-10
2.66448e-10
2.860107e-10
3.051823e-10
3.901377e-10
4.419102e-10
4.401904e-10
4.360512e-10
4.450659e-10
2.43498e-10
2.373067e-10
2.251361e-10
2.066852e-10
1.817313e-10
1.945487e-10
2.612874e-10
2.806056e-10
2.995405e-10
3.840991e-10
4.359225e-10
4.344757e-10
4.306908e-10
4.25253e-10
4.216325e-10
2.413984e-10
2.352335e-10
2.23088e-10
2.046473e-10
1.79727e-10
1.921906e-10
2.58378e-10
2.775644e-10
2.96375e-10
3.807338e-10
4.325982e-10
4.313299e-10
4.277477e-10
4.225751e-10
4.180126e-10
2.404615e-10
2.343062e-10
2.221417e-10
2.037026e-10
1.788217e-10
1.910992e-10
2.570668e-10
2.762067e-10
2.949604e-10
3.792825e-10
4.312066e-10
4.300525e-10
4.266057e-10
4.215747e-10
4.172065e-10
2.419363e-10
2.456542e-10
2.39089e-10
2.51634e-10
2.449879e-10
2.322165e-10
2.600718e-10
2.532752e-10
2.405066e-10
2.211604e-10
2.691129e-10
2.621785e-10
2.492405e-10
2.301606e-10
2.036273e-10
2.770754e-10
2.701056e-10
2.570377e-10
2.380181e-10
2.121219e-10
2.267572e-10
2.826025e-10
2.756509e-10
2.626044e-10
2.434876e-10
2.180231e-10
2.360797e-10
3.034015e-10
2.856133e-10
2.786999e-10
2.657102e-10
2.4663e-10
2.210834e-10
2.407842e-10
3.150111e-10
3.258199e-10
2.859489e-10
2.790948e-10
2.6617e-10
2.471704e-10
2.215875e-10
2.408832e-10
3.186562e-10
3.375137e-10
3.452661e-10
2.835736e-10
2.767908e-10
2.639413e-10
2.450048e-10
2.195055e-10
2.380188e-10
3.141255e-10
3.390759e-10
3.570602e-10
4.290173e-10
2.785593e-10
2.718654e-10
2.591066e-10
2.40229e-10
2.147887e-10
2.327263e-10
3.071194e-10
3.281299e-10
3.542316e-10
4.416732e-10
4.762694e-10
2.709193e-10
2.643429e-10
2.517162e-10
2.329379e-10
2.076262e-10
2.245694e-10
2.976487e-10
3.185522e-10
3.38951e-10
4.306459e-10
4.872965e-10
4.684059e-10
2.619896e-10
2.555458e-10
2.430672e-10
2.243957e-10
1.992032e-10
2.148679e-10
2.861009e-10
3.066369e-10
3.267809e-10
4.135284e-10
4.656921e-10
4.765735e-10
4.585417e-10
2.534398e-10
2.471272e-10
2.348006e-10
2.162324e-10
1.911418e-10
2.055203e-10
2.747921e-10
2.948264e-10
3.14495e-10
4.0041e-10
4.525183e-10
4.50626e-10
4.466667e-10
4.488266e-10
2.473141e-10
2.410818e-10
2.288491e-10
2.103509e-10
1.853364e-10
1.987567e-10
2.665122e-10
2.861384e-10
3.053961e-10
3.905961e-10
4.426682e-10
4.411343e-10
4.37221e-10
4.315655e-10
4.414762e-10
2.435233e-10
2.37335e-10
2.251591e-10
2.06698e-10
1.817333e-10
1.945391e-10
2.613137e-10
2.806689e-10
2.996662e-10
3.844008e-10
4.364161e-10
4.351136e-10
4.314742e-10
4.261959e-10
4.214951e-10
2.414132e-10
2.352487e-10
2.231063e-10
2.046607e-10
1.797184e-10
1.921757e-10
2.583903e-10
2.77594e-10
2.964521e-10
3.809555e-10
4.329588e-10
4.317781e-10
4.283151e-10
4.232508e-10
4.188248e-10
2.404435e-10
2.343145e-10
2.221861e-10
2.03718e-10
1.787968e-10
1.911015e-10
2.570434e-10
2.762197e-10
2.950315e-10
3.794561e-10
4.31504e-10
4.303875e-10
4.270369e-10
4.221081e-10
4.178266e-10
2.40142e-10
2.422786e-10
2.358823e-10
2.460076e-10
2.395597e-10
2.271589e-10
2.5202e-10
2.4547e-10
2.329454e-10
2.14124e-10
2.605125e-10
2.537961e-10
2.410857e-10
2.223111e-10
1.964098e-10
2.695547e-10
2.627376e-10
2.498542e-10
2.308978e-10
2.053928e-10
2.199862e-10
2.774942e-10
2.706247e-10
2.576739e-10
2.385834e-10
2.131302e-10
2.309997e-10
2.983555e-10
2.829864e-10
2.76109e-10
2.631592e-10
2.441019e-10
2.185182e-10
2.38013e-10
3.121761e-10
3.232525e-10
2.859492e-10
2.790949e-10
2.661694e-10
2.471701e-10
2.215882e-10
2.408838e-10
3.186564e-10
3.375157e-10
3.452613e-10
2.862341e-10
2.794209e-10
2.665413e-10
2.475912e-10
2.220865e-10
2.409599e-10
3.181139e-10
3.423012e-10
3.598699e-10
4.316211e-10
2.838018e-10
2.770515e-10
2.642304e-10
2.453225e-10
2.198651e-10
2.385424e-10
3.139847e-10
3.371276e-10
3.628259e-10
4.474819e-10
4.81201e-10
2.787347e-10
2.720619e-10
2.593198e-10
2.404556e-10
2.150351e-10
2.330718e-10
3.077846e-10
3.290945e-10
3.499525e-10
4.462082e-10
4.966536e-10
4.751005e-10
2.710453e-10
2.644811e-10
2.518618e-10
2.330878e-10
2.077812e-10
2.247784e-10
2.980654e-10
3.191848e-10
3.399235e-10
4.278953e-10
4.864017e-10
4.874526e-10
4.653948e-10
2.620783e-10
2.55637e-10
2.431608e-10
2.244845e-10
1.992913e-10
2.149763e-10
2.863393e-10
3.070097e-10
3.273455e-10
4.145892e-10
4.671801e-10
4.651736e-10
4.745771e-10
4.541403e-10
2.534965e-10
2.471881e-10
2.348557e-10
2.162794e-10
1.911816e-10
2.055645e-10
2.749119e-10
2.950243e-10
3.148046e-10
4.010319e-10
4.534931e-10
4.518449e-10
4.477379e-10
4.422142e-10
4.451234e-10
2.473478e-10
2.411196e-10
2.28885e-10
2.103728e-10
1.85351e-10
1.987625e-10
2.665678e-10
2.862389e-10
3.055743e-10
3.90975e-10
4.432609e-10
4.419117e-10
4.381703e-10
4.327295e-10
4.277879e-10
2.435422e-10
2.373576e-10
2.251807e-10
2.067094e-10
1.81736e-10
1.945293e-10
2.613352e-10
2.80724e-10
2.997668e-10
3.846554e-10
4.368227e-10
4.356219e-10
4.321159e-10
4.269747e-10
4.224297e-10
2.414252e-10
2.35261e-10
2.23116e-10
2.046687e-10
1.79721e-10
1.92156e-10
2.583987e-10
2.776304e-10
2.965123e-10
3.811379e-10
4.33267e-10
4.321502e-10
4.287662e-10
4.238143e-10
4.194936e-10
2.404572e-10
2.342933e-10
2.221877e-10
2.037514e-10
1.787971e-10
1.910736e-10
2.570694e-10
2.762187e-10
2.950699e-10
3.796218e-10
4.317499e-10
4.306966e-10
4.273719e-10
4.225375e-10
4.18354e-10
2.393467e-10
2.404071e-10
2.34099e-10
2.425376e-10
2.362091e-10
2.239755e-10
2.462797e-10
2.398961e-10
2.275804e-10
2.091e-10
2.523317e-10
2.458402e-10
2.333853e-10
2.147628e-10
1.894702e-10
2.608503e-10
2.542218e-10
2.415676e-10
2.227804e-10
1.975963e-10
2.121852e-10
2.69898e-10
2.631657e-10
2.503779e-10
2.314369e-10
2.059935e-10
2.233864e-10
2.909871e-10
2.77835e-10
2.710312e-10
2.581624e-10
2.391647e-10
2.135453e-10
2.320592e-10
3.065238e-10
3.182683e-10
2.833031e-10
2.764821e-10
2.635909e-10
2.446115e-10
2.190394e-10
2.377533e-10
3.154887e-10
3.346894e-10
3.427233e-10
2.862347e-10
2.794212e-10
2.665414e-10
2.475906e-10
2.220863e-10
2.409602e-10
3.181153e-10
3.423013e-10
3.598723e-10
4.316148e-10
2.864764e-10
2.796977e-10
2.668475e-10
2.479293e-10
2.224716e-10
2.415231e-10
3.174866e-10
3.415135e-10
3.660914e-10
4.503757e-10
4.837761e-10
2.840002e-10
2.772726e-10
2.644739e-10
2.455831e-10
2.201523e-10
2.389463e-10
3.147453e-10
3.363515e-10
3.605386e-10
4.55541e-10
5.024241e-10
4.799106e-10
2.788886e-10
2.722312e-10
2.595017e-10
2.406444e-10
2.152362e-10
2.333451e-10
3.083061e-10
3.298747e-10
3.510655e-10
4.401048e-10
5.026832e-10
4.966209e-10
4.719266e-10
2.711591e-10
2.646019e-10
2.519878e-10
2.33213e-10
2.079105e-10
2.249454e-10
2.984001e-10
3.196864e-10
3.40673e-10
4.292403e-10
4.823084e-10
4.869192e-10
4.852776e-10
4.608433e-10
2.621573e-10
2.557215e-10
2.432418e-10
2.245609e-10
1.993639e-10
2.150662e-10
2.865325e-10
3.07309e-10
3.27802e-10
4.154118e-10
4.684571e-10
4.666909e-10
4.624503e-10
4.706671e-10
4.503592e-10
2.535447e-10
2.472413e-10
2.349082e-10
2.163202e-10
1.912155e-10
2.055984e-10
2.750132e-10
2.951875e-10
3.150606e-10
4.015268e-10
4.542672e-10
4.528432e-10
4.489656e-10
4.432776e-10
4.384322e-10
2.47374e-10
2.411506e-10
2.289158e-10
2.103963e-10
1.853625e-10
1.987682e-10
2.666106e-10
2.863272e-10
3.05717e-10
3.912942e-10
4.437536e-10
4.425206e-10
4.389527e-10
4.336746e-10
4.289426e-10
2.435563e-10
2.373742e-10
2.251975e-10
2.067204e-10
1.817383e-10
1.945214e-10
2.613515e-10
2.807715e-10
2.998554e-10
3.84866e-10
4.371674e-10
4.360407e-10
4.326277e-10
4.276126e-10
4.232011e-10
2.414379e-10
2.352707e-10
2.231228e-10
2.046698e-10
1.797204e-10
1.921479e-10
2.583992e-10
2.776587e-10
2.965762e-10
3.812885e-10
4.335239e-10
4.324685e-10
4.291408e-10
4.242626e-10
4.200512e-10
2.404959e-10
2.343071e-10
2.221608e-10
2.037443e-10
1.788153e-10
1.910563e-10
2.570632e-10
2.762587e-10
2.950959e-10
3.797337e-10
4.319818e-10
4.309506e-10
4.27684e-10
4.228688e-10
4.187791e-10
2.395261e-10
2.333073e-10
2.406104e-10
2.343493e-10
2.22209e-10
2.427375e-10
2.364522e-10
2.24266e-10
2.059084e-10
2.464975e-10
2.401538e-10
2.278787e-10
2.094324e-10
1.844977e-10
2.5257e-10
2.461385e-10
2.337201e-10
2.151379e-10
1.899922e-10
2.047407e-10
2.61112e-10
2.545471e-10
2.419605e-10
2.232037e-10
1.979026e-10
2.144648e-10
2.825919e-10
2.701793e-10
2.634977e-10
2.507771e-10
2.319086e-10
2.064488e-10
2.232325e-10
2.97724e-10
3.11069e-10
2.781167e-10
2.713615e-10
2.585433e-10
2.396089e-10
2.140751e-10
2.31694e-10
3.079607e-10
3.290338e-10
3.378149e-10
2.835728e-10
2.767894e-10
2.639412e-10
2.450049e-10
2.19507e-10
2.380178e-10
3.141254e-10
3.390722e-10
3.570613e-10
4.290194e-10
2.864769e-10
2.796983e-10
2.668478e-10
2.479294e-10
2.224711e-10
2.41523e-10
3.174863e-10
3.415154e-10
3.660917e-10
4.503788e-10
4.837688e-10
2.866873e-10
2.799327e-10
2.671069e-10
2.482068e-10
2.227789e-10
2.41957e-10
3.182966e-10
3.400517e-10
3.653299e-10
4.589477e-10
5.053015e-10
4.824295e-10
2.84174e-10
2.774645e-10
2.646799e-10
2.458014e-10
2.203863e-10
2.39268e-10
3.153419e-10
3.372365e-10
3.58756e-10
4.533042e-10
5.122251e-10
5.022745e-10
4.766506e-10
2.790246e-10
2.723795e-10
2.59658e-10
2.408047e-10
2.154027e-10
2.335676e-10
3.087254e-10
3.304913e-10
3.519764e-10
4.416117e-10
4.951417e-10
5.033179e-10
4.943078e-10
4.672607e-10
2.712599e-10
2.647111e-10
2.520977e-10
2.333207e-10
2.080179e-10
2.250845e-10
2.986731e-10
3.200924e-10
3.412713e-10
4.302839e-10
4.838991e-10
4.819874e-10
4.850464e-10
4.812302e-10
4.569913e-10
2.622248e-10
2.557966e-10
2.433171e-10
2.246266e-10
1.994257e-10
2.151392e-10
2.86697e-10
3.075536e-10
3.28171e-10
4.160856e-10
4.69452e-10
4.679983e-10
4.639766e-10
4.580902e-10
4.671118e-10
2.535838e-10
2.472865e-10
2.349539e-10
2.163595e-10
1.912447e-10
2.056258e-10
2.75096e-10
2.953271e-10
3.152737e-10
4.019413e-10
4.548877e-10
4.53637e-10
4.499715e-10
4.445025e-10
4.394851e-10
2.473965e-10
2.411744e-10
2.289406e-10
2.10416e-10
1.853756e-10
1.987709e-10
2.666503e-10
2.86398e-10
3.05843e-10
3.915575e-10
4.4417e-10
4.430268e-10
4.39566e-10
4.344534e-10
4.298802e-10
2.435719e-10
2.373862e-10
2.252089e-10
2.067279e-10
1.817407e-10
1.945153e-10
2.613672e-10
2.808097e-10
2.999328e-10
3.850521e-10
4.374551e-10
4.363958e-10
4.330491e-10
4.281217e-10
4.23833e-10
2.414461e-10
2.352819e-10
2.231277e-10
2.046682e-10
1.797155e-10
1.921399e-10
2.584103e-10
2.77679e-10
2.966277e-10
3.814346e-10
4.337388e-10
4.327341e-10
4.294612e-10
4.246347e-10
4.204949e-10
2.404518e-10
2.343449e-10
2.22172e-10
2.037117e-10
1.788033e-10
1.910703e-10
2.570546e-10
2.762752e-10
2.951515e-10
3.798286e-10
4.321464e-10
4.31189e-10
4.279398e-10
4.231792e-10
4.191065e-10
2.397353e-10
2.334759e-10
2.214234e-10
2.407695e-10
2.34538e-10
2.224248e-10
2.041505e-10
2.42897e-10
2.366387e-10
2.244733e-10
2.061403e-10
1.812581e-10
2.466643e-10
2.403595e-10
2.281041e-10
2.096715e-10
1.846945e-10
1.99278e-10
2.527538e-10
2.463659e-10
2.339888e-10
2.154185e-10
1.903069e-10
2.044912e-10
2.747074e-10
2.613264e-10
2.547985e-10
2.42259e-10
2.235476e-10
1.982739e-10
2.13602e-10
2.872475e-10
3.02962e-10
2.704101e-10
2.637691e-10
2.510848e-10
2.322652e-10
2.068732e-10
2.234898e-10
2.964458e-10
3.200935e-10
3.308181e-10
2.783564e-10
2.716342e-10
2.588515e-10
2.399523e-10
2.144787e-10
2.322761e-10
3.062846e-10
3.309669e-10
3.514269e-10
4.240168e-10
2.838013e-10
2.770509e-10
2.64229e-10
2.453224e-10
2.198652e-10
2.385444e-10
3.139839e-10
3.371276e-10
3.628218e-10
4.474833e-10
4.812035e-10
2.866863e-10
2.799331e-10
2.671074e-10
2.48207e-10
2.22779e-10
2.419562e-10
3.182968e-10
3.400508e-10
3.653321e-10
4.589484e-10
5.05305e-10
4.82422e-10
2.868711e-10
2.80137e-10
2.673265e-10
2.484407e-10
2.230295e-10
2.423025e-10
3.189314e-10
3.409899e-10
3.626757e-10
4.587069e-10
5.156326e-10
5.050973e-10
4.791303e-10
2.843274e-10
2.776325e-10
2.648583e-10
2.459854e-10
2.205815e-10
2.395299e-10
3.15824e-10
3.379351e-10
3.597818e-10
4.501282e-10
5.104214e-10
5.128177e-10
4.998787e-10
4.719225e-10
2.791462e-10
2.725106e-10
2.597947e-10
2.409418e-10
2.155434e-10
2.337515e-10
3.090723e-10
3.309904e-10
3.527009e-10
4.428461e-10
4.969104e-10
4.949458e-10
5.015257e-10
4.901479e-10
4.633487e-10
2.713478e-10
2.648077e-10
2.52197e-10
2.334143e-10
2.081097e-10
2.251997e-10
2.989041e-10
3.204261e-10
3.417584e-10
4.311265e-10
4.851366e-10
4.83615e-10
4.794215e-10
4.812902e-10
4.775873e-10
2.622811e-10
2.558607e-10
2.433839e-10
2.246878e-10
1.994787e-10
2.152008e-10
2.868341e-10
3.077638e-10
3.284744e-10
4.166372e-10
4.702711e-10
4.690177e-10
4.652969e-10
4.596121e-10
4.54351e-10
2.536184e-10
2.473229e-10
2.349923e-10
2.163934e-10
1.912728e-10
2.056502e-10
2.751649e-10
2.954431e-10
3.154572e-10
4.022909e-10
4.5541e-10
4.542733e-10
4.507721e-10
4.455061e-10
4.407028e-10
2.474184e-10
2.411946e-10
2.289589e-10
2.10431e-10
1.853861e-10
1.987771e-10
2.666813e-10
2.864634e-10
3.059459e-10
3.917901e-10
4.445167e-10
4.434549e-10
4.400757e-10
4.350642e-10
4.306526e-10
2.435867e-10
2.373998e-10
2.252162e-10
2.06731e-10
1.817411e-10
1.945092e-10
2.613845e-10
2.808447e-10
2.999964e-10
3.852161e-10
4.377096e-10
4.366923e-10
4.334067e-10
4.285406e-10
4.243372e-10
2.414583e-10
2.352883e-10
2.23135e-10
2.046658e-10
1.797082e-10
1.921266e-10
2.584217e-10
2.777052e-10
2.96671e-10
3.815574e-10
4.339426e-10
4.329564e-10
4.297286e-10
4.249531e-10
4.208632e-10
2.405186e-10
2.342987e-10
2.22207e-10
2.037163e-10
1.787758e-10
1.910463e-10
2.570926e-10
2.762774e-10
2.951931e-10
3.799468e-10
4.322908e-10
4.313598e-10
4.281784e-10
4.234334e-10
4.194137e-10
2.398822e-10
2.336671e-10
2.215627e-10
2.033686e-10
2.408995e-10
2.34684e-10
2.225801e-10
2.043108e-10
1.795123e-10
2.43019e-10
2.367868e-10
2.246296e-10
2.062913e-10
1.814325e-10
1.944625e-10
2.467914e-10
2.405164e-10
2.282827e-10
2.098464e-10
1.848829e-10
1.982367e-10
2.687154e-10
2.52905e-10
2.465405e-10
2.341919e-10
2.156416e-10
1.905404e-10
2.047538e-10
2.731202e-10
2.954937e-10
2.615024e-10
2.55004e-10
2.42488e-10
2.238058e-10
1.985741e-10
2.140008e-10
2.842867e-10
3.093897e-10
3.230548e-10
2.706092e-10
2.639916e-10
2.513355e-10
2.325373e-10
2.071914e-10
2.239561e-10
2.964172e-10
3.182859e-10
3.424241e-10
4.169355e-10
2.785581e-10
2.718661e-10
2.591053e-10
2.402284e-10
2.147879e-10
2.327269e-10
3.071185e-10
3.281313e-10
3.542319e-10
4.416732e-10
4.762752e-10
2.839999e-10
2.772721e-10
2.644733e-10
2.455817e-10
2.201522e-10
2.389459e-10
3.147483e-10
3.36351e-10
3.605386e-10
4.555359e-10
5.024257e-10
4.799132e-10
2.86871e-10
2.80136e-10
2.673269e-10
2.484413e-10
2.230297e-10
2.423028e-10
3.189301e-10
3.409902e-10
3.626741e-10
4.587096e-10
5.156337e-10
5.05101e-10
4.791226e-10
2.870339e-10
2.803149e-10
2.675172e-10
2.48638e-10
2.232398e-10
2.425839e-10
3.194439e-10
3.417301e-10
3.637588e-10
4.544602e-10
5.1609e-10
5.161724e-10
5.026632e-10
4.743732e-10
2.844642e-10
2.777808e-10
2.650143e-10
2.461441e-10
2.207451e-10
2.397481e-10
3.16222e-10
3.385027e-10
3.60596e-10
4.514977e-10
5.058578e-10
5.112277e-10
5.1099e-10
4.95656e-10
4.679754e-10
2.792541e-10
2.726278e-10
2.599154e-10
2.410614e-10
2.156632e-10
2.339066e-10
3.09363e-10
3.314055e-10
3.532903e-10
4.43838e-10
4.983565e-10
4.967521e-10
4.924912e-10
4.977354e-10
4.864266e-10
2.714235e-10
2.648918e-10
2.522847e-10
2.334989e-10
2.081893e-10
2.252975e-10
2.99099e-10
3.207101e-10
3.42161e-10
4.318199e-10
4.86141e-10
4.84882e-10
4.810667e-10
4.751392e-10
4.77947e-10
2.623324e-10
2.559139e-10
2.434406e-10
2.24742e-10
1.995276e-10
2.152529e-10
2.869516e-10
3.079407e-10
3.287367e-10
4.170963e-10
4.709451e-10
4.698572e-10
4.663267e-10
4.609334e-10
4.558631e-10
2.53651e-10
2.47355e-10
2.350226e-10
2.164213e-10
1.912967e-10
2.056745e-10
2.752279e-10
2.955401e-10
3.156113e-10
4.025945e-10
4.558525e-10
4.548092e-10
4.514134e-10
4.463051e-10
4.417004e-10
2.474391e-10
2.412144e-10
2.289741e-10
2.104406e-10
1.853936e-10
1.987806e-10
2.667157e-10
2.865164e-10
3.060411e-10
3.919847e-10
4.44823e-10
4.438114e-10
4.405068e-10
4.355716e-10
4.312584e-10
2.435991e-10
2.37413e-10
2.252254e-10
2.06731e-10
1.817385e-10
1.945015e-10
2.613976e-10
2.808811e-10
3.000539e-10
3.853547e-10
4.379341e-10
4.369546e-10
4.33705e-10
4.288961e-10
4.247521e-10
2.414725e-10
2.352989e-10
2.231377e-10
2.046665e-10
1.797016e-10
1.921097e-10
2.584237e-10
2.777319e-10
2.967151e-10
3.81666e-10
4.34116e-10
4.331666e-10
4.299526e-10
4.252187e-10
4.211781e-10
2.404731e-10
2.343647e-10
2.221602e-10
2.037447e-10
1.78773e-10
1.910168e-10
2.570753e-10
2.76327e-10
2.952096e-10
3.800527e-10
4.32453e-10
4.315124e-10
4.283507e-10
4.236694e-10
4.19665e-10
2.399781e-10
2.338023e-10
2.217182e-10
2.03459e-10
1.787394e-10
2.409941e-10
2.348029e-10
2.226966e-10
2.044126e-10
1.796223e-10
1.92306e-10
2.431112e-10
2.368996e-10
2.247521e-10
2.063997e-10
1.815359e-10
1.94419e-10
2.609048e-10
2.468975e-10
2.406351e-10
2.284172e-10
2.099824e-10
1.85015e-10
1.98416e-10
2.653226e-10
2.89736e-10
2.530285e-10
2.466837e-10
2.343462e-10
2.158072e-10
1.907238e-10
2.04992e-10
2.734757e-10
2.929217e-10
3.160865e-10
2.616558e-10
2.551723e-10
2.426742e-10
2.24001e-10
1.987967e-10
2.143205e-10
2.849131e-10
3.048068e-10
3.316189e-10
4.092415e-10
2.707741e-10
2.641832e-10
2.5154e-10
2.327571e-10
2.074319e-10
2.243052e-10
2.971151e-10
3.177247e-10
3.404152e-10
4.322891e-10
4.693468e-10
2.787334e-10
2.720608e-10
2.593205e-10
2.404544e-10
2.150346e-10
2.330706e-10
3.077856e-10
3.290936e-10
3.499543e-10
4.462088e-10
4.966535e-10
4.751066e-10
2.841736e-10
2.774642e-10
2.646793e-10
2.458009e-10
2.203852e-10
2.392679e-10
3.153408e-10
3.3724e-10
3.587559e-10
4.53304e-10
5.122194e-10
5.022762e-10
4.766534e-10
2.870334e-10
2.803149e-10
2.675162e-10
2.486384e-10
2.232402e-10
2.425847e-10
3.194445e-10
3.417285e-10
3.637595e-10
4.54458e-10
5.16093e-10
5.161736e-10
5.02667e-10
4.743654e-10
2.871787e-10
2.804724e-10
2.676828e-10
2.488088e-10
2.234162e-10
2.428209e-10
3.198667e-10
3.423309e-10
3.646182e-10
4.558964e-10
5.104047e-10
5.169601e-10
5.143075e-10
4.984116e-10
4.704089e-10
2.845874e-10
2.779129e-10
2.651518e-10
2.462825e-10
2.208857e-10
2.399304e-10
3.165579e-10
3.389738e-10
3.612601e-10
4.525951e-10
5.074511e-10
5.057988e-10
5.095868e-10
5.071365e-10
4.918961e-10
2.793498e-10
2.727316e-10
2.600232e-10
2.411667e-10
2.157673e-10
2.340383e-10
3.09611e-10
3.317554e-10
3.537827e-10
4.446525e-10
4.995239e-10
4.982314e-10
4.94313e-10
4.88267e-10
4.942518e-10
2.71492e-10
2.649642e-10
2.523608e-10
2.335732e-10
2.082607e-10
2.253825e-10
2.992662e-10
3.209516e-10
3.425052e-10
4.323981e-10
4.86971e-10
4.859107e-10
4.823479e-10
4.767879e-10
4.714256e-10
2.62379e-10
2.559624e-10
2.434871e-10
2.247873e-10
1.995709e-10
2.153017e-10
2.870528e-10
3.080932e-10
3.289591e-10
4.174955e-10
4.715087e-10
4.705482e-10
4.671748e-10
4.61964e-10
4.571805e-10
2.536816e-10
2.473853e-10
2.350493e-10
2.164423e-10
1.913163e-10
2.056938e-10
2.752883e-10
2.956298e-10
3.157405e-10
4.028527e-10
4.56238e-10
4.552634e-10
4.519536e-10
4.469449e-10
4.424944e-10
2.474576e-10
2.412332e-10
2.289892e-10
2.104481e-10
1.853971e-10
1.987813e-10
2.66743e-10
2.865712e-10
3.061194e-10
3.921636e-10
4.450812e-10
4.441265e-10
4.408659e-10
4.360008e-10
4.317616e-10
2.436191e-10
2.374238e-10
2.252346e-10
2.067334e-10
1.817342e-10
1.944917e-10
2.614066e-10
2.809099e-10
3.001124e-10
3.854797e-10
4.381256e-10
4.371863e-10
4.33969e-10
4.291925e-10
4.251041e-10
2.414854e-10
2.353113e-10
2.231445e-10
2.046635e-10
1.796974e-10
1.920958e-10
2.584173e-10
2.777482e-10
2.967591e-10
3.817679e-10
4.342708e-10
4.333453e-10
4.30164e-10
4.254412e-10
4.21441e-10
2.405106e-10
2.34318e-10
2.222201e-10
2.036994e-10
1.787903e-10
1.910014e-10
2.570594e-10
2.763211e-10
2.952721e-10
3.801133e-10
4.326039e-10
4.316768e-10
4.285065e-10
4.238407e-10
4.198981e-10
2.400971e-10
2.338857e-10
2.218248e-10
2.035589e-10
1.787926e-10
1.913719e-10
2.410693e-10
2.348886e-10
2.227906e-10
2.044825e-10
1.796791e-10
1.922954e-10
2.580477e-10
2.431894e-10
2.36984e-10
2.24844e-10
2.064817e-10
1.816046e-10
1.944951e-10
2.60607e-10
2.800092e-10
2.469825e-10
2.40734e-10
2.285172e-10
2.100819e-10
1.851148e-10
1.985349e-10
2.656725e-10
2.845883e-10
3.106892e-10
2.531382e-10
2.468005e-10
2.344719e-10
2.159301e-10
1.90857e-10
2.051745e-10
2.738936e-10
2.933311e-10
3.124482e-10
4.025904e-10
2.617813e-10
2.55319e-10
2.42826e-10
2.241582e-10
1.989629e-10
2.145554e-10
2.854198e-10
3.055555e-10
3.251579e-10
4.210551e-10
4.619576e-10
2.709178e-10
2.643417e-10
2.517159e-10
2.329351e-10
2.076243e-10
2.245673e-10
2.976503e-10
3.185487e-10
3.389507e-10
4.30643e-10
4.872944e-10
4.684034e-10
2.788871e-10
2.7223e-10
2.595006e-10
2.40645e-10
2.152351e-10
2.333445e-10
3.083041e-10
3.29876e-10
3.510646e-10
4.401071e-10
5.02684e-10
4.966209e-10
4.719327e-10
2.843265e-10
2.776322e-10
2.648581e-10
2.459848e-10
2.20581e-10
2.395287e-10
3.158238e-10
3.379335e-10
3.59786e-10
4.501283e-10
5.104211e-10
5.12812e-10
4.998805e-10
4.719253e-10
2.871781e-10
2.804719e-10
2.676828e-10
2.488079e-10
2.234166e-10
2.428212e-10
3.198686e-10
3.423317e-10
3.646164e-10
4.558976e-10
5.10402e-10
5.169631e-10
5.143088e-10
4.984153e-10
4.704012e-10
2.873087e-10
2.806125e-10
2.678294e-10
2.489566e-10
2.235685e-10
2.43018e-10
3.202278e-10
3.428289e-10
3.653187e-10
4.570466e-10
5.120702e-10
5.103967e-10
5.153679e-10
5.104232e-10
4.946338e-10
2.846961e-10
2.78032e-10
2.652742e-10
2.464042e-10
2.210079e-10
2.40087e-10
3.168411e-10
3.393733e-10
3.618139e-10
4.534977e-10
5.087334e-10
5.074281e-10
5.034444e-10
5.059352e-10
5.035707e-10
2.794371e-10
2.728236e-10
2.601184e-10
2.412606e-10
2.158587e-10
2.341527e-10
3.098238e-10
3.32055e-10
3.541994e-10
4.453383e-10
5.004864e-10
4.994261e-10
4.958091e-10
4.900885e-10
4.845746e-10
2.715552e-10
2.650296e-10
2.52426e-10
2.336373e-10
2.083233e-10
2.254585e-10
2.994138e-10
3.211595e-10
3.427996e-10
4.32896e-10
4.87666e-10
4.86761e-10
4.83388e-10
4.780722e-10
4.730717e-10
2.624217e-10
2.560065e-10
2.435296e-10
2.248239e-10
1.996068e-10
2.153451e-10
2.871472e-10
3.082253e-10
3.291514e-10
4.178376e-10
4.72e-10
4.711262e-10
4.678726e-10
4.628125e-10
4.582079e-10
2.537099e-10
2.474138e-10
2.350745e-10
2.164606e-10
1.913303e-10
2.057096e-10
2.753383e-10
2.957143e-10
3.158608e-10
4.030726e-10
4.565672e-10
4.55659e-10
4.524114e-10
4.474836e-10
4.431302e-10
2.474815e-10
2.4125e-10
2.290037e-10
2.10456e-10
1.853995e-10
1.987788e-10
2.667643e-10
2.866162e-10
3.061977e-10
3.923152e-10
4.453181e-10
4.443921e-10
4.411831e-10
4.36358e-10
4.32187e-10
2.436322e-10
2.37442e-10
2.252418e-10
2.067362e-10
1.817318e-10
1.944804e-10
2.614122e-10
2.809331e-10
3.001591e-10
3.856019e-10
4.382979e-10
4.373837e-10
4.342023e-10
4.294549e-10
4.253976e-10
2.414942e-10
2.353229e-10
2.231532e-10
2.046644e-10
1.796913e-10
1.920851e-10
2.584149e-10
2.777531e-10
2.967919e-10
3.818663e-10
4.344136e-10
4.335058e-10
4.303435e-10
4.25651e-10
4.216612e-10
2.405345e-10
2.34355e-10
2.221719e-10
2.037466e-10
1.787559e-10
1.910163e-10
2.57049e-10
2.763219e-10
2.9528e-10
3.802302e-10
4.326969e-10
4.318335e-10
4.286696e-10
4.239968e-10
4.200677e-10
2.401223e-10
2.339986e-10
2.218825e-10
2.036189e-10
1.78842e-10
1.913259e-10
2.568433e-10
2.411347e-10
2.349565e-10
2.228564e-10
2.045369e-10
1.797113e-10
1.923163e-10
2.579742e-10
2.768788e-10
2.432505e-10
2.370553e-10
2.249108e-10
2.065402e-10
1.816529e-10
1.945399e-10
2.608147e-10
2.795839e-10
2.987128e-10
2.470606e-10
2.408128e-10
2.285998e-10
2.101526e-10
1.851848e-10
1.986185e-10
2.659297e-10
2.850455e-10
3.035389e-10
3.974971e-10
2.532267e-10
2.469042e-10
2.345736e-10
2.160287e-10
1.909538e-10
2.053037e-10
2.742187e-10
2.938561e-10
3.129361e-10
3.978414e-10
4.557934e-10
2.618919e-10
2.554386e-10
2.42958e-10
2.242849e-10
1.990949e-10
2.147291e-10
2.858033e-10
3.061694e-10
3.260416e-10
4.122788e-10
4.761565e-10
4.613262e-10
2.710437e-10
2.644796e-10
2.518607e-10
2.330875e-10
2.07779e-10
2.24776e-10
2.980626e-10
3.191865e-10
3.3992e-10
4.278951e-10
4.863984e-10
4.874505e-10
4.653924e-10
2.790227e-10
2.723781e-10
2.596568e-10
2.408037e-10
2.154032e-10
2.335663e-10
3.087248e-10
3.30489e-10
3.51978e-10
4.416106e-10
4.951443e-10
5.033188e-10
4.943078e-10
4.672668e-10
2.84464e-10
2.777799e-10
2.65014e-10
2.46144e-10
2.207446e-10
2.397474e-10
3.162206e-10
3.385025e-10
3.605938e-10
4.515035e-10
5.05858e-10
5.112273e-10
5.109843e-10
4.956579e-10
4.679782e-10
2.873077e-10
2.806119e-10
2.678289e-10
2.489566e-10
2.235677e-10
2.43019e-10
3.202279e-10
3.428315e-10
3.653198e-10
4.570443e-10
5.120717e-10
5.103937e-10
5.153709e-10
5.104245e-10
4.946375e-10
2.874229e-10
2.807382e-10
2.679596e-10
2.490871e-10
2.236998e-10
2.431896e-10
3.205298e-10
3.432565e-10
3.659017e-10
4.579917e-10
5.134098e-10
5.120992e-10
5.080859e-10
5.117209e-10
5.068352e-10
2.847945e-10
2.781368e-10
2.653844e-10
2.465123e-10
2.21115e-10
2.402233e-10
3.170872e-10
3.397116e-10
3.62285e-10
4.54256e-10
5.09792e-10
5.087398e-10
5.050925e-10
4.992632e-10
5.025986e-10
2.795157e-10
2.729075e-10
2.602027e-10
2.413432e-10
2.159399e-10
2.342529e-10
3.100106e-10
3.323134e-10
3.545575e-10
4.459223e-10
5.012997e-10
5.004114e-10
4.970174e-10
4.915891e-10
4.863889e-10
2.716108e-10
2.650899e-10
2.524848e-10
2.336918e-10
2.083773e-10
2.25525e-10
2.995455e-10
3.21344e-10
3.430537e-10
4.333253e-10
4.882661e-10
4.874732e-10
4.842477e-10
4.791144e-10
4.743541e-10
2.624619e-10
2.560468e-10
2.435682e-10
2.248573e-10
1.996357e-10
2.1538e-10
2.872323e-10
3.083477e-10
3.293188e-10
4.181357e-10
4.724227e-10
4.716301e-10
4.684563e-10
4.635106e-10
4.590536e-10
2.537407e-10
2.474402e-10
2.350984e-10
2.164781e-10
1.913425e-10
2.057183e-10
2.753825e-10
2.957849e-10
3.159728e-10
4.032765e-10
4.568492e-10
4.559972e-10
4.528102e-10
4.479402e-10
4.436655e-10
2.474999e-10
2.412721e-10
2.290166e-10
2.104638e-10
1.854022e-10
1.987754e-10
2.667808e-10
2.866537e-10
3.062629e-10
3.924614e-10
4.455207e-10
4.446359e-10
4.414504e-10
4.366737e-10
4.325412e-10
2.436446e-10
2.374536e-10
2.252562e-10
2.067376e-10
1.817303e-10
1.944707e-10
2.614139e-10
2.809524e-10
3.001989e-10
3.857034e-10
4.384646e-10
4.375612e-10
4.344009e-10
4.296868e-10
4.256572e-10
2.415057e-10
2.3533e-10
2.231616e-10
2.046671e-10
1.796878e-10
1.920727e-10
2.584157e-10
2.777629e-10
2.968098e-10
3.819471e-10
4.345502e-10
4.336526e-10
4.305052e-10
4.25829e-10
4.218686e-10
2.405186e-10
2.34376e-10
2.222066e-10
2.036986e-10
1.787833e-10
1.909769e-10
2.570802e-10
2.7632e-10
2.95298e-10
3.802747e-10
4.328511e-10
4.319312e-10
4.288275e-10
4.241572e-10
4.202226e-10
2.40158e-10
2.340216e-10
2.219775e-10
2.036387e-10
1.788632e-10
1.913309e-10
2.567704e-10
2.755767e-10
2.411784e-10
2.350152e-10
2.229072e-10
2.045708e-10
1.797327e-10
1.923185e-10
2.581059e-10
2.767907e-10
2.953134e-10
2.433096e-10
2.371107e-10
2.249667e-10
2.065792e-10
1.81684e-10
1.94563e-10
2.609714e-10
2.798839e-10
2.98215e-10
3.822922e-10
2.471213e-10
2.408855e-10
2.286649e-10
2.102098e-10
1.852317e-10
1.98674e-10
2.661205e-10
2.853929e-10
3.041159e-10
3.878976e-10
4.511883e-10
2.533048e-10
2.469875e-10
2.346639e-10
2.161071e-10
1.910295e-10
2.05395e-10
2.744611e-10
2.942695e-10
3.135811e-10
3.986485e-10
4.502869e-10
4.555479e-10
2.619875e-10
2.555441e-10
2.43065e-10
2.243947e-10
1.992002e-10
2.148655e-10
2.860982e-10
3.066394e-10
3.267793e-10
4.135246e-10
4.656889e-10
4.765649e-10
4.585397e-10
2.711535e-10
2.646004e-10
2.519864e-10
2.33212e-10
2.079103e-10
2.249429e-10
2.98397e-10
3.196834e-10
3.406747e-10
4.292361e-10
4.823082e-10
4.86916e-10
4.852755e-10
4.60841e-10
2.791437e-10
2.725088e-10
2.597934e-10
2.409408e-10
2.155425e-10
2.337521e-10
3.090705e-10
3.309898e-10
3.526983e-10
4.428482e-10
4.969093e-10
4.949485e-10
5.015265e-10
4.901479e-10
4.633548e-10
2.845865e-10
2.779128e-10
2.651509e-10
2.462823e-10
2.208856e-10
2.399297e-10
3.165568e-10
3.389726e-10
3.6126e-10
4.525924e-10
5.074579e-10
5.057992e-10
5.095864e-10
5.071308e-10
4.918979e-10
2.874253e-10
2.807372e-10
2.67959e-10
2.490867e-10
2.236998e-10
2.431882e-10
3.205319e-10
3.432564e-10
3.65905e-10
4.579932e-10
5.134073e-10
5.121008e-10
5.080827e-10
5.117239e-10
5.068364e-10
2.8753e-10
2.808485e-10
2.680763e-10
2.492029e-10
2.238153e-10
2.433364e-10
3.207966e-10
3.436149e-10
3.664041e-10
4.587838e-10
5.145145e-10
5.134692e-10
5.098079e-10
5.039267e-10
5.083457e-10
2.848857e-10
2.782316e-10
2.654811e-10
2.466094e-10
2.212099e-10
2.403425e-10
3.17303e-10
3.400063e-10
3.626853e-10
4.549046e-10
5.106843e-10
5.098227e-10
5.064193e-10
5.009167e-10
4.955757e-10
2.795869e-10
2.72983e-10
2.602794e-10
2.41416e-10
2.160113e-10
2.343421e-10
3.101753e-10
3.325409e-10
3.548672e-10
4.464277e-10
5.01994e-10
5.01244e-10
4.980138e-10
4.928008e-10
4.878882e-10
2.716632e-10
2.651429e-10
2.525391e-10
2.337409e-10
2.08423e-10
2.25582e-10
2.996621e-10
3.215083e-10
3.4328e-10
4.33698e-10
4.887851e-10
4.880882e-10
4.849676e-10
4.799757e-10
4.753944e-10
2.625034e-10
2.560847e-10
2.436033e-10
2.248876e-10
1.996621e-10
2.15407e-10
2.873025e-10
3.084587e-10
3.294731e-10
4.183969e-10
4.727922e-10
4.720639e-10
4.689651e-10
4.640942e-10
4.597491e-10
2.537669e-10
2.474691e-10
2.351204e-10
2.164948e-10
1.913542e-10
2.057262e-10
2.754135e-10
2.958488e-10
3.160671e-10
4.034649e-10
4.571103e-10
4.562866e-10
4.531511e-10
4.483378e-10
4.441189e-10
2.47516e-10
2.412889e-10
2.290348e-10
2.104705e-10
1.854053e-10
1.98772e-10
2.667942e-10
2.866855e-10
3.063192e-10
3.925863e-10
4.457139e-10
4.448444e-10
4.41696e-10
4.369397e-10
4.32854e-10
2.436572e-10
2.374648e-10
2.252645e-10
2.067459e-10
1.817278e-10
1.944637e-10
2.61415e-10
2.809668e-10
3.00234e-10
3.857931e-10
4.386048e-10
4.37733e-10
4.345793e-10
4.29884e-10
4.258868e-10
2.41514e-10
2.353411e-10
2.231656e-10
2.046703e-10
1.796864e-10
1.920626e-10
2.584125e-10
2.777744e-10
2.968341e-10
3.820043e-10
4.34665e-10
4.337928e-10
4.306524e-10
4.259897e-10
4.220446e-10
2.405297e-10
2.343682e-10
2.222221e-10
2.037271e-10
1.787463e-10
1.909964e-10
2.570438e-10
2.76356e-10
2.953082e-10
3.803351e-10
4.329224e-10
4.320864e-10
4.289271e-10
4.24314e-10
4.203807e-10
2.402209e-10
2.34047e-10
2.219905e-10
2.037007e-10
1.788574e-10
1.913202e-10
2.568747e-10
2.755196e-10
2.939107e-10
2.412253e-10
2.350536e-10
2.22951e-10
2.045943e-10
1.797411e-10
1.923102e-10
2.582044e-10
2.770064e-10
2.952459e-10
3.78483e-10
2.433526e-10
2.371647e-10
2.250092e-10
2.066109e-10
1.817009e-10
1.945723e-10
2.610793e-10
2.801203e-10
2.986205e-10
3.819672e-10
4.337595e-10
2.471763e-10
2.409414e-10
2.287252e-10
2.102532e-10
1.852682e-10
1.987051e-10
2.66264e-10
2.856569e-10
3.045652e-10
3.888095e-10
4.398451e-10
4.513106e-10
2.533732e-10
2.47061e-10
2.347356e-10
2.161767e-10
1.910889e-10
2.05463e-10
2.746445e-10
2.945833e-10
3.14097e-10
3.996149e-10
4.513295e-10
4.495627e-10
4.530392e-10
2.620708e-10
2.556349e-10
2.431591e-10
2.244825e-10
1.992905e-10
2.149729e-10
2.863358e-10
3.070068e-10
3.273486e-10
4.145874e-10
4.671758e-10
4.651706e-10
4.745684e-10
4.541383e-10
2.712523e-10
2.647057e-10
2.520963e-10
2.333194e-10
2.080171e-10
2.250844e-10
2.986699e-10
3.200891e-10
3.41268e-10
4.302861e-10
4.838944e-10
4.819873e-10
4.850434e-10
4.812282e-10
4.56989e-10
2.79253e-10
2.726253e-10
2.599136e-10
2.410602e-10
2.156624e-10
2.339055e-10
3.093637e-10
3.314036e-10
3.532896e-10
4.438347e-10
4.983589e-10
4.967511e-10
4.924939e-10
4.977363e-10
4.864266e-10
2.84695e-10
2.78031e-10
2.652741e-10
2.464034e-10
2.210077e-10
2.40087e-10
3.168401e-10
3.39372e-10
3.618128e-10
4.534976e-10
5.087303e-10
5.07435e-10
5.03445e-10
5.059348e-10
5.035652e-10
2.875311e-10
2.808509e-10
2.680753e-10
2.492023e-10
2.238151e-10
2.433363e-10
3.207942e-10
3.436176e-10
3.664038e-10
4.58788e-10
5.145163e-10
5.134667e-10
5.098096e-10
5.039234e-10
5.083487e-10
2.876263e-10
2.80952e-10
2.681784e-10
2.493063e-10
2.239177e-10
2.434652e-10
3.210259e-10
3.439333e-10
3.66826e-10
4.594699e-10
5.154435e-10
5.145991e-10
5.111937e-10
5.056546e-10
5.002448e-10
2.849654e-10
2.783196e-10
2.655686e-10
2.466943e-10
2.21295e-10
2.404478e-10
3.174928e-10
3.402658e-10
3.630349e-10
4.554595e-10
5.114493e-10
5.107357e-10
5.075145e-10
5.022477e-10
4.972282e-10
2.796531e-10
2.730514e-10
2.603485e-10
2.414822e-10
2.160739e-10
2.3442e-10
3.103228e-10
3.327418e-10
3.551407e-10
4.468669e-10
5.025966e-10
5.01955e-10
4.988557e-10
4.937997e-10
4.890984e-10
2.717149e-10
2.651928e-10
2.525865e-10
2.337862e-10
2.084642e-10
2.256299e-10
2.997638e-10
3.216542e-10
3.434813e-10
4.340312e-10
4.892371e-10
4.886205e-10
4.855893e-10
4.806969e-10
4.762539e-10
2.62539e-10
2.561241e-10
2.436364e-10
2.24915e-10
1.996859e-10
2.154325e-10
2.873605e-10
3.085515e-10
3.296135e-10
4.186368e-10
4.731169e-10
4.724431e-10
4.694032e-10
4.64603e-10
4.603305e-10
2.537894e-10
2.474935e-10
2.351451e-10
2.1651e-10
1.913656e-10
2.057341e-10
2.754425e-10
2.95896e-10
3.161536e-10
4.036263e-10
4.573508e-10
4.565549e-10
4.534426e-10
4.486777e-10
4.445138e-10
2.475323e-10
2.413036e-10
2.290481e-10
2.104825e-10
1.854077e-10
1.987705e-10
2.668048e-10
2.86713e-10
3.063686e-10
3.926972e-10
4.458802e-10
4.450428e-10
4.419059e-10
4.37184e-10
4.331176e-10
2.436665e-10
2.37476e-10
2.252726e-10
2.06749e-10
1.817308e-10
1.944556e-10
2.614199e-10
2.809781e-10
3.002631e-10
3.858736e-10
4.387297e-10
4.378771e-10
4.347522e-10
4.300612e-10
4.26082e-10
2.41518e-10
2.353483e-10
2.231746e-10
2.046697e-10
1.796851e-10
1.920577e-10
2.584104e-10
2.777808e-10
2.968582e-10
3.820701e-10
4.347504e-10
4.339115e-10
4.307928e-10
4.261357e-10
4.222036e-10
2.405427e-10
2.343702e-10
2.2222e-10
2.037352e-10
1.787635e-10
1.909539e-10
2.570765e-10
2.763326e-10
2.953487e-10
3.803789e-10
4.330125e-10
4.321622e-10
4.290804e-10
4.244137e-10
4.205356e-10
2.402597e-10
2.341055e-10
2.219972e-10
2.036937e-10
1.788841e-10
1.91287e-10
2.569543e-10
2.757011e-10
2.939011e-10
3.769157e-10
2.41262e-10
2.350952e-10
2.229773e-10
2.046143e-10
1.79743e-10
1.922929e-10
2.582694e-10
2.771782e-10
2.955585e-10
3.786604e-10
4.297792e-10
2.433933e-10
2.372032e-10
2.250515e-10
2.066328e-10
1.817133e-10
1.945685e-10
2.611585e-10
2.802919e-10
2.989471e-10
3.826742e-10
4.336228e-10
4.328783e-10
2.472247e-10
2.409922e-10
2.287705e-10
2.10294e-10
1.852946e-10
1.987282e-10
2.663629e-10
2.858618e-10
3.049147e-10
3.895407e-10
4.409824e-10
4.39024e-10
4.490782e-10
2.534315e-10
2.471252e-10
2.347988e-10
2.162306e-10
1.911407e-10
2.055167e-10
2.747869e-10
2.94827e-10
3.14493e-10
4.004091e-10
4.525105e-10
4.506303e-10
4.466716e-10
4.488169e-10
2.621476e-10
2.557141e-10
2.432398e-10
2.245594e-10
1.993622e-10
2.15065e-10
2.865281e-10
3.073052e-10
3.277988e-10
4.15416e-10
4.684552e-10
4.666867e-10
4.624474e-10
4.706585e-10
4.503572e-10
2.713419e-10
2.648002e-10
2.521918e-10
2.334131e-10
2.081087e-10
2.251989e-10
2.989041e-10
3.204229e-10
3.417548e-10
4.311222e-10
4.851391e-10
4.836104e-10
4.794216e-10
4.812872e-10
4.775853e-10
2.793494e-10
2.727305e-10
2.600207e-10
2.41165e-10
2.157664e-10
2.340374e-10
3.096093e-10
3.31756e-10
3.537807e-10
4.446516e-10
4.995202e-10
4.982339e-10
4.943119e-10
4.882698e-10
4.942526e-10
2.847944e-10
2.781358e-10
2.653835e-10
2.465121e-10
2.211143e-10
2.402233e-10
3.170873e-10
3.397104e-10
3.622836e-10
4.542546e-10
5.097919e-10
5.087365e-10
5.050996e-10
4.992639e-10
5.025983e-10
2.876282e-10
2.80953e-10
2.681807e-10
2.493053e-10
2.239173e-10
2.434653e-10
3.210253e-10
3.439304e-10
3.668294e-10
4.594694e-10
5.154482e-10
5.14601e-10
5.111912e-10
5.056563e-10
5.002416e-10
2.877122e-10
2.81045e-10
2.682744e-10
2.493965e-10
2.24009e-10
2.435797e-10
3.212277e-10
3.442072e-10
3.672024e-10
4.600501e-10
5.162497e-10
5.155494e-10
5.123364e-10
5.070448e-10
5.019718e-10
2.850399e-10
2.783963e-10
2.656498e-10
2.46771e-10
2.213691e-10
2.405427e-10
3.176612e-10
3.404945e-10
3.633435e-10
4.55946e-10
5.121059e-10
5.115186e-10
5.084378e-10
5.033459e-10
4.985579e-10
2.797152e-10
2.731149e-10
2.604108e-10
2.415416e-10
2.161308e-10
2.344884e-10
3.104526e-10
3.329222e-10
3.553826e-10
4.472564e-10
5.031215e-10
5.025722e-10
4.995746e-10
4.946436e-10
4.90096e-10
2.717611e-10
2.652423e-10
2.526312e-10
2.338255e-10
2.085021e-10
2.25673e-10
2.998513e-10
3.217826e-10
3.436605e-10
4.343284e-10
4.896415e-10
4.890839e-10
4.861274e-10
4.813196e-10
4.769735e-10
2.625704e-10
2.561578e-10
2.436713e-10
2.249407e-10
1.997074e-10
2.154552e-10
2.874155e-10
3.086298e-10
3.297319e-10
4.188557e-10
4.734146e-10
4.727763e-10
4.697862e-10
4.650411e-10
4.608373e-10
2.538125e-10
2.475145e-10
2.351657e-10
2.165281e-10
1.913757e-10
2.057432e-10
2.754705e-10
2.959405e-10
3.162192e-10
4.037747e-10
4.575582e-10
4.568016e-10
4.53713e-10
4.489682e-10
4.448513e-10
2.475457e-10
2.413185e-10
2.290596e-10
2.104902e-10
1.854142e-10
1.987682e-10
2.668184e-10
2.867354e-10
3.064124e-10
3.927956e-10
4.460292e-10
4.452136e-10
4.421053e-10
4.373927e-10
4.333597e-10
2.436714e-10
2.374843e-10
2.25281e-10
2.067522e-10
1.817301e-10
1.944546e-10
2.614221e-10
2.809937e-10
3.002865e-10
3.859439e-10
4.388421e-10
4.380059e-10
4.348968e-10
4.302329e-10
4.262573e-10
2.415204e-10
2.353512e-10
2.231792e-10
2.046745e-10
1.796818e-10
1.920504e-10
2.584174e-10
2.777866e-10
2.968756e-10
3.82131e-10
4.348458e-10
4.340002e-10
4.309123e-10
4.262746e-10
4.223479e-10
2.405213e-10
2.343863e-10
2.22213e-10
2.037343e-10
1.787652e-10
1.909665e-10
2.57035e-10
2.763693e-10
2.953399e-10
3.80453e-10
4.330812e-10
4.322553e-10
4.291582e-10
4.24564e-10
4.206346e-10
2.403135e-10
2.341418e-10
2.220454e-10
2.036757e-10
1.788645e-10
1.912861e-10
2.569916e-10
2.758491e-10
2.941738e-10
3.771624e-10
4.281394e-10
2.41291e-10
2.351281e-10
2.230074e-10
2.046214e-10
1.797436e-10
1.922711e-10
2.58311e-10
2.773018e-10
2.958135e-10
3.792558e-10
4.30157e-10
4.288719e-10
2.434298e-10
2.3724e-10
2.2508e-10
2.066565e-10
1.817196e-10
1.945633e-10
2.612096e-10
2.804249e-10
2.991934e-10
3.832569e-10
4.34537e-10
4.327548e-10
4.298731e-10
2.472639e-10
2.410369e-10
2.288118e-10
2.103226e-10
1.853191e-10
1.987424e-10
2.664454e-10
2.860101e-10
3.051907e-10
3.901323e-10
4.419048e-10
4.401851e-10
4.360495e-10
4.450506e-10
2.534867e-10
2.471798e-10
2.348538e-10
2.162778e-10
1.911803e-10
2.055625e-10
2.74907e-10
2.95018e-10
3.148061e-10
4.01029e-10
4.534923e-10
4.518372e-10
4.477426e-10
4.422191e-10
4.451138e-10
2.62217e-10
2.557871e-10
2.4331e-10
2.246248e-10
1.994246e-10
2.15137e-10
2.866951e-10
3.075492e-10
3.281669e-10
4.160815e-10
4.694569e-10
4.679967e-10
4.639725e-10
4.580874e-10
4.671033e-10
2.714214e-10
2.64886e-10
2.522775e-10
2.33494e-10
2.081883e-10
2.252965e-10
2.990983e-10
3.207102e-10
3.421579e-10
4.31815e-10
4.86136e-10
4.848845e-10
4.810622e-10
4.751392e-10
4.779441e-10
2.794365e-10
2.728233e-10
2.601173e-10
2.412582e-10
2.158573e-10
2.341516e-10
3.098229e-10
3.320532e-10
3.542e-10
4.453359e-10
5.004853e-10
4.994224e-10
4.958116e-10
4.900875e-10
4.845773e-10
2.848856e-10
2.782316e-10
2.654802e-10
2.466086e-10
2.212098e-10
2.403415e-10
3.173032e-10
3.400066e-10
3.626839e-10
4.549028e-10
5.106827e-10
5.098226e-10
5.064159e-10
5.009237e-10
4.955763e-10
2.877141e-10
2.810468e-10
2.682754e-10
2.493987e-10
2.240081e-10
2.435797e-10
3.212282e-10
3.442064e-10
3.671988e-10
4.600545e-10
5.162491e-10
5.155543e-10
5.123384e-10
5.070423e-10
5.019735e-10
2.877911e-10
2.811279e-10
2.683605e-10
2.494814e-10
2.240882e-10
2.436822e-10
3.214084e-10
3.444485e-10
3.675265e-10
4.605692e-10
5.169337e-10
5.163744e-10
5.132975e-10
5.081909e-10
5.033611e-10
2.851106e-10
2.784681e-10
2.657203e-10
2.468422e-10
2.214361e-10
2.406246e-10
3.178142e-10
3.406975e-10
3.63616e-10
4.563772e-10
5.126824e-10
5.121908e-10
5.092294e-10
5.042716e-10
4.99655e-10
2.797715e-10
2.731746e-10
2.604688e-10
2.415951e-10
2.161818e-10
2.345506e-10
3.10568e-10
3.330815e-10
3.556001e-10
4.476021e-10
5.035877e-10
5.031099e-10
5.001986e-10
4.953641e-10
4.909386e-10
2.71802e-10
2.652863e-10
2.526758e-10
2.338626e-10
2.085349e-10
2.257131e-10
2.999304e-10
3.218942e-10
3.438191e-10
4.34594e-10
4.900028e-10
4.894987e-10
4.865958e-10
4.818585e-10
4.775947e-10
2.626012e-10
2.561875e-10
2.437008e-10
2.249686e-10
1.997274e-10
2.154753e-10
2.874648e-10
3.087042e-10
3.298336e-10
4.190431e-10
4.736863e-10
4.730816e-10
4.701226e-10
4.65424e-10
4.612736e-10
2.538317e-10
2.475361e-10
2.351832e-10
2.165429e-10
1.913882e-10
2.057498e-10
2.755004e-10
2.959832e-10
3.162815e-10
4.038929e-10
4.577489e-10
4.570143e-10
4.539614e-10
4.492377e-10
4.451399e-10
2.475541e-10
2.413308e-10
2.290714e-10
2.104967e-10
1.854178e-10
1.98771e-10
2.668288e-10
2.86761e-10
3.064485e-10
3.928844e-10
4.461616e-10
4.45367e-10
4.422769e-10
4.37591e-10
4.335665e-10
2.436811e-10
2.374881e-10
2.252867e-10
2.06756e-10
1.817298e-10
1.944494e-10
2.614332e-10
2.810053e-10
3.003144e-10
3.86004e-10
4.389416e-10
4.381221e-10
4.350263e-10
4.303763e-10
4.264271e-10
2.415327e-10
2.353528e-10
2.2318e-10
2.046751e-10
1.796825e-10
1.920439e-10
2.58417e-10
2.778034e-10
2.968907e-10
3.821812e-10
4.349328e-10
4.340994e-10
4.310019e-10
4.263933e-10
4.22485e-10
2.405672e-10
2.34364e-10
2.222306e-10
2.037205e-10
1.787634e-10
1.909632e-10
2.570581e-10
2.763404e-10
2.953824e-10
3.804712e-10
4.331785e-10
4.323288e-10
4.292512e-10
4.246422e-10
4.207824e-10
2.403553e-10
2.341862e-10
2.220715e-10
2.037055e-10
1.788341e-10
1.912431e-10
2.570493e-10
2.759478e-10
2.943986e-10
3.777089e-10
4.285883e-10
4.272213e-10
2.413245e-10
2.351531e-10
2.230308e-10
2.046331e-10
1.797371e-10
1.92252e-10
2.583363e-10
2.773923e-10
2.960057e-10
3.797515e-10
4.309491e-10
4.29268e-10
4.25845e-10
2.434578e-10
2.37273e-10
2.251079e-10
2.066692e-10
1.81728e-10
1.945536e-10
2.612525e-10
2.8052e-10
2.993889e-10
3.837219e-10
4.352957e-10
4.336919e-10
4.297444e-10
4.253884e-10
2.473035e-10
2.410727e-10
2.28848e-10
2.10349e-10
1.85335e-10
1.987552e-10
2.665098e-10
2.861357e-10
3.053962e-10
3.906074e-10
4.426623e-10
4.411291e-10
4.372158e-10
4.315637e-10
4.414611e-10
2.535364e-10
2.472316e-10
2.349002e-10
2.163185e-10
1.912143e-10
2.055972e-10
2.750095e-10
2.951825e-10
3.150532e-10
4.015294e-10
4.542637e-10
4.528428e-10
4.489579e-10
4.432825e-10
4.38437e-10
2.622773e-10
2.55853e-10
2.433747e-10
2.246813e-10
1.994772e-10
2.151996e-10
2.868309e-10
3.077617e-10
3.284701e-10
4.16632e-10
4.702663e-10
4.690227e-10
4.652955e-10
4.59608e-10
4.543483e-10
2.714924e-10
2.649621e-10
2.523551e-10
2.335665e-10
2.082568e-10
2.253815e-10
2.992652e-10
3.209511e-10
3.425054e-10
4.323945e-10
4.869654e-10
4.859057e-10
4.823504e-10
4.767836e-10
4.714257e-10
2.795175e-10
2.729069e-10
2.602023e-10
2.413421e-10
2.159379e-10
2.342514e-10
3.100092e-10
3.323126e-10
3.545555e-10
4.459233e-10
5.01297e-10
5.004103e-10
4.970137e-10
4.915916e-10
4.863879e-10
2.849667e-10
2.783195e-10
2.655686e-10
2.466934e-10
2.212943e-10
2.404478e-10
3.174915e-10
3.402662e-10
3.630354e-10
4.554576e-10
5.114473e-10
5.107343e-10
5.075144e-10
5.022442e-10
4.972351e-10
2.877938e-10
2.811298e-10
2.683623e-10
2.494824e-10
2.240901e-10
2.436805e-10
3.214091e-10
3.444495e-10
3.675253e-10
4.605646e-10
5.169386e-10
5.163737e-10
5.133024e-10
5.081929e-10
5.033586e-10
2.878654e-10
2.812039e-10
2.68437e-10
2.495574e-10
2.241629e-10
2.437697e-10
3.215718e-10
3.446653e-10
3.678121e-10
4.610184e-10
5.175463e-10
5.170742e-10
5.141317e-10
5.091547e-10
5.045062e-10
2.851748e-10
2.785363e-10
2.657863e-10
2.469036e-10
2.21498e-10
2.406993e-10
3.179473e-10
3.408826e-10
3.63858e-10
4.567594e-10
5.131943e-10
5.127808e-10
5.09909e-10
5.050653e-10
5.005796e-10
2.798231e-10
2.732287e-10
2.605233e-10
2.416449e-10
2.162275e-10
2.346063e-10
3.106732e-10
3.332238e-10
3.557925e-10
4.479137e-10
5.040022e-10
5.035875e-10
5.007422e-10
4.959894e-10
4.916578e-10
2.718412e-10
2.653253e-10
2.527154e-10
2.338999e-10
2.085657e-10
2.257471e-10
3.000044e-10
3.219954e-10
3.439581e-10
4.348305e-10
4.903261e-10
4.898691e-10
4.870152e-10
4.823276e-10
4.781323e-10
2.626287e-10
2.562166e-10
2.437266e-10
2.249919e-10
1.997494e-10
2.154938e-10
2.87509e-10
3.087713e-10
3.299303e-10
4.192066e-10
4.739204e-10
4.733603e-10
4.704306e-10
4.657603e-10
4.616548e-10
2.538463e-10
2.47554e-10
2.352015e-10
2.16555e-10
1.913983e-10
2.057594e-10
2.755234e-10
2.96028e-10
3.163412e-10
4.040043e-10
4.579035e-10
4.572103e-10
4.541755e-10
4.494852e-10
4.454075e-10
2.475671e-10
2.41338e-10
2.290809e-10
2.105037e-10
1.854205e-10
1.987713e-10
2.668451e-10
2.867821e-10
3.064879e-10
3.929606e-10
4.46282e-10
4.455036e-10
4.424313e-10
4.377614e-10
4.337628e-10
2.436911e-10
2.374968e-10
2.252881e-10
2.067577e-10
1.817301e-10
1.944448e-10
2.614373e-10
2.810256e-10
3.003368e-10
3.860678e-10
4.390278e-10
4.382253e-10
4.351433e-10
4.305048e-10
4.26569e-10
2.415397e-10
2.353642e-10
2.231795e-10
2.046725e-10
1.796802e-10
1.920399e-10
2.584195e-10
2.778099e-10
2.969186e-10
3.82226e-10
4.350065e-10
4.341895e-10
4.311019e-10
4.264823e-10
4.226025e-10
2.405188e-10
2.344066e-10
2.222081e-10
2.03736e-10
1.787494e-10
1.909579e-10
2.570626e-10
2.76367e-10
2.953678e-10
3.805458e-10
4.332168e-10
4.324249e-10
4.29327e-10
4.247338e-10
4.208602e-10
2.403493e-10
2.34226e-10
2.221016e-10
2.037135e-10
1.788456e-10
1.911841e-10
2.570488e-10
2.760467e-10
2.945678e-10
3.781638e-10
4.293266e-10
4.276942e-10
4.241871e-10
2.413456e-10
2.351834e-10
2.230472e-10
2.046412e-10
1.797344e-10
1.922282e-10
2.583599e-10
2.774577e-10
2.961533e-10
3.801491e-10
4.316118e-10
4.30082e-10
4.262426e-10
4.213602e-10
2.434871e-10
2.372979e-10
2.251329e-10
2.066829e-10
1.817291e-10
1.945483e-10
2.612826e-10
2.806015e-10
2.995355e-10
3.840985e-10
4.359129e-10
4.344698e-10
4.306866e-10
4.252545e-10
4.216285e-10
2.47339e-10
2.411092e-10
2.288763e-10
2.103717e-10
1.853495e-10
1.987615e-10
2.665651e-10
2.862377e-10
3.055717e-10
3.909754e-10
4.432741e-10
4.419062e-10
4.381652e-10
4.327244e-10
4.277862e-10
2.535793e-10
2.472782e-10
2.349445e-10
2.163522e-10
1.912432e-10
2.05625e-10
2.750949e-10
2.953223e-10
3.152684e-10
4.019319e-10
4.54891e-10
4.536332e-10
4.499715e-10
4.444949e-10
4.394899e-10
2.623321e-10
2.559102e-10
2.434331e-10
2.247335e-10
1.995225e-10
2.152513e-10
2.869503e-10
3.079373e-10
3.287343e-10
4.170909e-10
4.709392e-10
4.698525e-10
4.663317e-10
4.609322e-10
4.558592e-10
2.715568e-10
2.6503e-10
2.52424e-10
2.336321e-10
2.083179e-10
2.254541e-10
2.994128e-10
3.211587e-10
3.427994e-10
4.328966e-10
4.876621e-10
4.867554e-10
4.83383e-10
4.780746e-10
4.730675e-10
2.795886e-10
2.729849e-10
2.602789e-10
2.414156e-10
2.160103e-10
2.343394e-10
3.101736e-10
3.325394e-10
3.548665e-10
4.464251e-10
5.019953e-10
5.012414e-10
4.980127e-10
4.927971e-10
4.878906e-10
2.850409e-10
2.783976e-10
2.656498e-10
2.46771e-10
2.213684e-10
2.40542e-10
3.176616e-10
3.40493e-10
3.633442e-10
4.559468e-10
5.121036e-10
5.115167e-10
5.084364e-10
5.033458e-10
4.985545e-10
2.878665e-10
2.812066e-10
2.684389e-10
2.495591e-10
2.241637e-10
2.437723e-10
3.215689e-10
3.446666e-10
3.678138e-10
4.610168e-10
5.175411e-10
5.170793e-10
5.141309e-10
5.091597e-10
5.045081e-10
2.879338e-10
2.812756e-10
2.685072e-10
2.496246e-10
2.242296e-10
2.438542e-10
3.217114e-10
3.44862e-10
3.680696e-10
4.614154e-10
5.180777e-10
5.177012e-10
5.148392e-10
5.099911e-10
5.054689e-10
2.85234e-10
2.78598e-10
2.658492e-10
2.469612e-10
2.215515e-10
2.407679e-10
3.180697e-10
3.41044e-10
3.640791e-10
4.570998e-10
5.136488e-10
5.133049e-10
5.105055e-10
5.057465e-10
5.013721e-10
2.798716e-10
2.732782e-10
2.605726e-10
2.416918e-10
2.162701e-10
2.34656e-10
3.107682e-10
3.333536e-10
3.559651e-10
4.481909e-10
5.043763e-10
5.040121e-10
5.01225e-10
4.965341e-10
4.92282e-10
2.718772e-10
2.653627e-10
2.527503e-10
2.339328e-10
2.085968e-10
2.257791e-10
3.000684e-10
3.220902e-10
3.440844e-10
4.350398e-10
4.906148e-10
4.902004e-10
4.873893e-10
4.827474e-10
4.786001e-10
2.626512e-10
2.562426e-10
2.437521e-10
2.25012e-10
1.997675e-10
2.155157e-10
2.875495e-10
3.088314e-10
3.300176e-10
4.193615e-10
4.74126e-10
4.736006e-10
4.707118e-10
4.660679e-10
4.619897e-10
2.538645e-10
2.475674e-10
2.352164e-10
2.165681e-10
1.914063e-10
2.057677e-10
2.755492e-10
2.960631e-10
3.164031e-10
4.041108e-10
4.580489e-10
4.573692e-10
4.54373e-10
4.496983e-10
4.45653e-10
2.475804e-10
2.4135e-10
2.290856e-10
2.105088e-10
1.854238e-10
1.987702e-10
2.66858e-10
2.868081e-10
3.065212e-10
3.930389e-10
4.463864e-10
4.45628e-10
4.42569e-10
4.37915e-10
4.339316e-10
2.436988e-10
2.375058e-10
2.252946e-10
2.067556e-10
1.817288e-10
1.944419e-10
2.614414e-10
2.810378e-10
3.003679e-10
3.861222e-10
4.391169e-10
4.383145e-10
4.352475e-10
4.306211e-10
4.266962e-10
2.415456e-10
2.353702e-10
2.231888e-10
2.046688e-10
1.796758e-10
1.920343e-10
2.584228e-10
2.778199e-10
2.969333e-10
3.82286e-10
4.350727e-10
4.342658e-10
4.311926e-10
4.265817e-10
4.226907e-10
2.405847e-10
2.343631e-10
2.222444e-10
2.03714e-10
1.787592e-10
1.909389e-10
2.570634e-10
2.763784e-10
2.953992e-10
3.805545e-10
4.333135e-10
4.324683e-10
4.294204e-10
4.248103e-10
4.209505e-10
2.40377e-10
2.342184e-10
2.221344e-10
2.037244e-10
1.788389e-10
1.91187e-10
2.570176e-10
2.760885e-10
2.947155e-10
3.785371e-10
4.29942e-10
4.284537e-10
4.246656e-10
4.197048e-10
2.413714e-10
2.352016e-10
2.230698e-10
2.046441e-10
1.797306e-10
1.922092e-10
2.583705e-10
2.775179e-10
2.962655e-10
3.804665e-10
4.321535e-10
4.307625e-10
4.270614e-10
4.217553e-10
4.176175e-10
2.435137e-10
2.373241e-10
2.251506e-10
2.066951e-10
1.817316e-10
1.945361e-10
2.613136e-10
2.806645e-10
2.996619e-10
3.843945e-10
4.364153e-10
4.351042e-10
4.314685e-10
4.26192e-10
4.214965e-10
2.473686e-10
2.411419e-10
2.289058e-10
2.103883e-10
1.853616e-10
1.987661e-10
2.6661e-10
2.863238e-10
3.057169e-10
3.912914e-10
4.437542e-10
4.425342e-10
4.389475e-10
4.336696e-10
4.289377e-10
2.536188e-10
2.473184e-10
2.349843e-10
2.163847e-10
1.912671e-10
2.056479e-10
2.751645e-10
2.954424e-10
3.154513e-10
4.022842e-10
4.553994e-10
4.54277e-10
4.507681e-10
4.455063e-10
4.406953e-10
2.623815e-10
2.559622e-10
2.434836e-10
2.247805e-10
1.995641e-10
2.152959e-10
2.870511e-10
3.080921e-10
3.289554e-10
4.174925e-10
4.715028e-10
4.705424e-10
4.6717e-10
4.61969e-10
4.571793e-10
2.716136e-10
2.650914e-10
2.524852e-10
2.3369e-10
2.08373e-10
2.255185e-10
2.9954e-10
3.213431e-10
3.430531e-10
4.333252e-10
4.882668e-10
4.874694e-10
4.84242e-10
4.791096e-10
4.743564e-10
2.796552e-10
2.73053e-10
2.603502e-10
2.414817e-10
2.160736e-10
2.344192e-10
3.103188e-10
3.327402e-10
3.551392e-10
4.468661e-10
5.025937e-10
5.019563e-10
4.988531e-10
4.937987e-10
4.890948e-10
2.851104e-10
2.784691e-10
2.657216e-10
2.468422e-10
2.214362e-10
2.406241e-10
3.178136e-10
3.406982e-10
3.636144e-10
4.563783e-10
5.126834e-10
5.121884e-10
5.092275e-10
5.042703e-10
4.996549e-10
2.879329e-10
2.812767e-10
2.685098e-10
2.496264e-10
2.242308e-10
2.438556e-10
3.217155e-10
3.448582e-10
3.680714e-10
4.614181e-10
5.180759e-10
5.176959e-10
5.148444e-10
5.099903e-10
5.054738e-10
2.879961e-10
2.813417e-10
2.685735e-10
2.496863e-10
2.242883e-10
2.439289e-10
3.218476e-10
3.4503e-10
3.683034e-10
4.617747e-10
5.185479e-10
5.182451e-10
5.154732e-10
5.107004e-10
5.063042e-10
2.852881e-10
2.78655e-10
2.65906e-10
2.470162e-10
2.216016e-10
2.408271e-10
3.181817e-10
3.411931e-10
3.642723e-10
4.574116e-10
5.140542e-10
5.137703e-10
5.110354e-10
5.063443e-10
5.020523e-10
2.799167e-10
2.733247e-10
2.606177e-10
2.417341e-10
2.163103e-10
2.347025e-10
3.108536e-10
3.334712e-10
3.561227e-10
4.484407e-10
5.047097e-10
5.043953e-10
5.016542e-10
4.970178e-10
4.928256e-10
2.719076e-10
2.65397e-10
2.527839e-10
2.339616e-10
2.086243e-10
2.258119e-10
3.001283e-10
3.221727e-10
3.442027e-10
4.352305e-10
4.908713e-10
4.904965e-10
4.87724e-10
4.831218e-10
4.790188e-10
2.626766e-10
2.562637e-10
2.437748e-10
2.250319e-10
1.997832e-10
2.155329e-10
2.875941e-10
3.088862e-10
3.300957e-10
4.19502e-10
4.743204e-10
4.738119e-10
4.709543e-10
4.663488e-10
4.622959e-10
2.538825e-10
2.475843e-10
2.35227e-10
2.165783e-10
1.914152e-10
2.057728e-10
2.755743e-10
2.960997e-10
3.164521e-10
4.042177e-10
4.581875e-10
4.575188e-10
4.545331e-10
4.498951e-10
4.458645e-10
2.475899e-10
2.413623e-10
2.290952e-10
2.105098e-10
1.854258e-10
1.9877e-10
2.668674e-10
2.868307e-10
3.065586e-10
3.931076e-10
4.464918e-10
4.457357e-10
4.426944e-10
4.38052e-10
4.340838e-10
2.437057e-10
2.375126e-10
2.253014e-10
2.067584e-10
1.817251e-10
1.944362e-10
2.614479e-10
2.810493e-10
3.003894e-10
3.861859e-10
4.391941e-10
4.384066e-10
4.353373e-10
4.307249e-10
4.268113e-10
2.415559e-10
2.353754e-10
2.231924e-10
2.046744e-10
1.796708e-10
1.920251e-10
2.584246e-10
2.778295e-10
2.969515e-10
3.823273e-10
4.351549e-10
4.343342e-10
4.312694e-10
4.266718e-10
4.227889e-10
2.405824e-10
2.344208e-10
2.222062e-10
2.037414e-10
1.787423e-10
1.909476e-10
2.570472e-10
2.763838e-10
2.954188e-10
3.806132e-10
4.333396e-10
4.325655e-10
4.294666e-10
4.24901e-10
4.210266e-10
2.403886e-10
2.342395e-10
2.221238e-10
2.037435e-10
1.788339e-10
1.911628e-10
2.570658e-10
2.760962e-10
2.948068e-10
3.788494e-10
4.304583e-10
4.290851e-10
4.254295e-10
4.201822e-10
4.159719e-10
2.413936e-10
2.35224e-10
2.230815e-10
2.04654e-10
1.797242e-10
1.921914e-10
2.583812e-10
2.775597e-10
2.963686e-10
3.807191e-10
4.325902e-10
4.313201e-10
4.277451e-10
4.225695e-10
4.180127e-10
2.435354e-10
2.373481e-10
2.251703e-10
2.067016e-10
1.817337e-10
1.945272e-10
2.613306e-10
2.807242e-10
2.997629e-10
3.846506e-10
4.368159e-10
4.356211e-10
4.321067e-10
4.269692e-10
4.224259e-10
2.473966e-10
2.41169e-10
2.289322e-10
2.104068e-10
1.853693e-10
1.987698e-10
2.666467e-10
2.863983e-10
3.058387e-10
3.915579e-10
4.441672e-10
4.430277e-10
4.395798e-10
4.344485e-10
4.298753e-10
2.536543e-10
2.473554e-10
2.350183e-10
2.16414e-10
1.9129e-10
2.05667e-10
2.752239e-10
2.955405e-10
3.156111e-10
4.025865e-10
4.55845e-10
4.547984e-10
4.514174e-10
4.46301e-10
4.417006e-10
2.624255e-10
2.560089e-10
2.435294e-10
2.248208e-10
1.996014e-10
2.15337e-10
2.871398e-10
3.082237e-10
3.291506e-10
4.178329e-10
4.719967e-10
4.711204e-10
4.678669e-10
4.628079e-10
4.582128e-10
2.71665e-10
2.651456e-10
2.525405e-10
2.337413e-10
2.084216e-10
2.255768e-10
2.996535e-10
3.215028e-10
3.432794e-10
4.336973e-10
4.887853e-10
4.88089e-10
4.84964e-10
4.799702e-10
4.753896e-10
2.797159e-10
2.73117e-10
2.604124e-10
2.415433e-10
2.161304e-10
2.344882e-10
3.104519e-10
3.329178e-10
3.553811e-10
4.472546e-10
5.031207e-10
5.025693e-10
4.995759e-10
4.946411e-10
4.90095e-10
2.851742e-10
2.78536e-10
2.657874e-10
2.469049e-10
2.214981e-10
2.406996e-10
3.17947e-10
3.408821e-10
3.63859e-10
4.567575e-10
5.131957e-10
5.127819e-10
5.099066e-10
5.050633e-10
5.005783e-10
2.879954e-10
2.813408e-10
2.685745e-10
2.496887e-10
2.242899e-10
2.4393e-10
3.218499e-10
3.450347e-10
3.682988e-10
4.617771e-10
5.185513e-10
5.182432e-10
5.154678e-10
5.107056e-10
5.063034e-10
2.880543e-10
2.814017e-10
2.686345e-10
2.497446e-10
2.243424e-10
2.439941e-10
3.219681e-10
3.451945e-10
3.685034e-10
4.621013e-10
5.189742e-10
5.187261e-10
5.16023e-10
5.113359e-10
5.070125e-10
2.853393e-10
2.787071e-10
2.659584e-10
2.470658e-10
2.216495e-10
2.408829e-10
3.182801e-10
3.41329e-10
3.644513e-10
4.576855e-10
5.144257e-10
5.141852e-10
5.115058e-10
5.068753e-10
5.026491e-10
2.799575e-10
2.73368e-10
2.606601e-10
2.417727e-10
2.163466e-10
2.347464e-10
3.109335e-10
3.335771e-10
3.562658e-10
4.48669e-10
5.050107e-10
5.047368e-10
5.020414e-10
4.974476e-10
4.933082e-10
2.719397e-10
2.654259e-10
2.528146e-10
2.339895e-10
2.086483e-10
2.258407e-10
3.001881e-10
3.222498e-10
3.443063e-10
4.35409e-10
4.911052e-10
4.907599e-10
4.880232e-10
4.834568e-10
4.793921e-10
2.627006e-10
2.562877e-10
2.437929e-10
2.250496e-10
1.997987e-10
2.155476e-10
2.876307e-10
3.089451e-10
3.301668e-10
4.196281e-10
4.744971e-10
4.740119e-10
4.711679e-10
4.665911e-10
4.625754e-10
2.538964e-10
2.476012e-10
2.352413e-10
2.165849e-10
1.91422e-10
2.057797e-10
2.755925e-10
2.961363e-10
3.165009e-10
4.043063e-10
4.583252e-10
4.576616e-10
4.546839e-10
4.500547e-10
4.460599e-10
2.475999e-10
2.413708e-10
2.291051e-10
2.105156e-10
1.854248e-10
1.98769e-10
2.66877e-10
2.868484e-10
3.065923e-10
3.931796e-10
4.465852e-10
4.458443e-10
4.428029e-10
4.381768e-10
4.342195e-10
2.437186e-10
2.375187e-10
2.253061e-10
2.067617e-10
1.817252e-10
1.944285e-10
2.614482e-10
2.810637e-10
3.004095e-10
3.862358e-10
4.392806e-10
4.384863e-10
4.354299e-10
4.30814e-10
4.269141e-10
2.415626e-10
2.353849e-10
2.231959e-10
2.046745e-10
1.796726e-10
1.920164e-10
2.584196e-10
2.77838e-10
2.969687e-10
3.823707e-10
4.352154e-10
4.344188e-10
4.313381e-10
4.267481e-10
4.228781e-10
2.40575e-10
2.344184e-10
2.22253e-10
2.037077e-10
1.787581e-10
1.90927e-10
2.570658e-10
2.763753e-10
2.954294e-10
3.806592e-10
4.334175e-10
4.325964e-10
4.295626e-10
4.249483e-10
4.211155e-10
2.404187e-10
2.342466e-10
2.221324e-10
2.037266e-10
1.788391e-10
1.911364e-10
2.570693e-10
2.761716e-10
2.948622e-10
3.790795e-10
4.308865e-10
4.296172e-10
4.260632e-10
4.209415e-10
4.164482e-10
2.414084e-10
2.352441e-10
2.230967e-10
2.04655e-10
1.797231e-10
1.921728e-10
2.583903e-10
2.775963e-10
2.964465e-10
3.809471e-10
4.329417e-10
4.317701e-10
4.283058e-10
4.232485e-10
4.188194e-10
2.435567e-10
2.373676e-10
2.251884e-10
2.067108e-10
1.817322e-10
1.945185e-10
2.613484e-10
2.807665e-10
2.998559e-10
3.848618e-10
4.371624e-10
4.360339e-10
4.326269e-10
4.276036e-10
4.231958e-10
2.474214e-10
2.411947e-10
2.289537e-10
2.104232e-10
1.853792e-10
1.987687e-10
2.6668e-10
2.864593e-10
3.059474e-10
3.917842e-10
4.445174e-10
4.434523e-10
4.400769e-10
4.35078e-10
4.306478e-10
2.536859e-10
2.473885e-10
2.350497e-10
2.164385e-10
1.913105e-10
2.056858e-10
2.752773e-10
2.95625e-10
3.157418e-10
4.028527e-10
4.562287e-10
4.552559e-10
4.519428e-10
4.469489e-10
4.424904e-10
2.624639e-10
2.560505e-10
2.435704e-10
2.248571e-10
1.996333e-10
2.153735e-10
2.872214e-10
3.083405e-10
3.293174e-10
4.181349e-10
4.724176e-10
4.716267e-10
4.684506e-10
4.635049e-10
4.59049e-10
2.717157e-10
2.651946e-10
2.525891e-10
2.337875e-10
2.084646e-10
2.256283e-10
2.997568e-10
3.216454e-10
3.43476e-10
4.340306e-10
4.892364e-10
4.886207e-10
4.855902e-10
4.806934e-10
4.762485e-10
2.797715e-10
2.731753e-10
2.604708e-10
2.415967e-10
2.161832e-10
2.345504e-10
3.105678e-10
3.330811e-10
3.555953e-10
4.476005e-10
5.035858e-10
5.031091e-10
5.001958e-10
4.953654e-10
4.909361e-10
2.852332e-10
2.785975e-10
2.65849e-10
2.469622e-10
2.215527e-10
2.407682e-10
3.180705e-10
3.410439e-10
3.640787e-10
4.571015e-10
5.136467e-10
5.133065e-10
5.105067e-10
5.057441e-10
5.013702e-10
2.88054e-10
2.81401e-10
2.686336e-10
2.497456e-10
2.243444e-10
2.439965e-10
3.219688e-10
3.451973e-10
3.685086e-10
4.620953e-10
5.18977e-10
5.187297e-10
5.160211e-10
5.113305e-10
5.070177e-10
2.881093e-10
2.814578e-10
2.686899e-10
2.497983e-10
2.243935e-10
2.440546e-10
3.220738e-10
3.453402e-10
3.686997e-10
4.623827e-10
5.193619e-10
5.191624e-10
5.165091e-10
5.11887e-10
5.07647e-10
2.853864e-10
2.787564e-10
2.660062e-10
2.471114e-10
2.216926e-10
2.409363e-10
3.183725e-10
3.414496e-10
3.646141e-10
4.579394e-10
5.147529e-10
5.145655e-10
5.119251e-10
5.073466e-10
5.031792e-10
2.79997e-10
2.73407e-10
2.606996e-10
2.41809e-10
2.163796e-10
2.347861e-10
3.110086e-10
3.336763e-10
3.563949e-10
4.488769e-10
5.052861e-10
5.050453e-10
5.023866e-10
4.978354e-10
4.937371e-10
2.719698e-10
2.654565e-10
2.528402e-10
2.340149e-10
2.086715e-10
2.258658e-10
3.002413e-10
3.223256e-10
3.444026e-10
4.355664e-10
4.913241e-10
4.910002e-10
4.882896e-10
4.837563e-10
4.79726e-10
2.6272e-10
2.563104e-10
2.43814e-10
2.250633e-10
1.998125e-10
2.155624e-10
2.876635e-10
3.08994e-10
3.302419e-10
4.197436e-10
4.746559e-10
4.741936e-10
4.713699e-10
4.668047e-10
4.628167e-10
2.539109e-10
2.47614e-10
2.352556e-10
2.16595e-10
1.914262e-10
2.057841e-10
2.756128e-10
2.961639e-10
3.165508e-10
4.043916e-10
4.584413e-10
4.578033e-10
4.548279e-10
4.50205e-10
4.462183e-10
2.476146e-10
2.413799e-10
2.291115e-10
2.105217e-10
1.854277e-10
1.987645e-10
2.668854e-10
2.868655e-10
3.066195e-10
3.932452e-10
4.466812e-10
4.459407e-10
4.429123e-10
4.382848e-10
4.343433e-10
2.437251e-10
2.375306e-10
2.253103e-10
2.067631e-10
1.817258e-10
1.944261e-10
2.614464e-10
2.810697e-10
3.004329e-10
3.862824e-10
4.393505e-10
4.385751e-10
4.355102e-10
4.309061e-10
4.270023e-10
2.41564e-10
2.353911e-10
2.232036e-10
2.046751e-10
1.796706e-10
1.920152e-10
2.584156e-10
2.778382e-10
2.969849e-10
3.824125e-10
4.352765e-10
4.344814e-10
4.314229e-10
4.268161e-10
4.229535e-10
2.405759e-10
2.344091e-10
2.222508e-10
2.037426e-10
1.787333e-10
1.909393e-10
2.57047e-10
2.763966e-10
2.954296e-10
3.806884e-10
4.334819e-10
4.326752e-10
4.29596e-10
4.250426e-10
4.211629e-10
2.404618e-10
2.342773e-10
2.221316e-10
2.037194e-10
1.788203e-10
1.911322e-10
2.570607e-10
2.762004e-10
2.949663e-10
3.792539e-10
4.312151e-10
4.300556e-10
4.26598e-10
4.215704e-10
4.172001e-10
2.414256e-10
2.352567e-10
2.231114e-10
2.046596e-10
1.797164e-10
1.921603e-10
2.583945e-10
2.776292e-10
2.965132e-10
3.811302e-10
4.332576e-10
4.321328e-10
4.287584e-10
4.238054e-10
4.194914e-10
2.43575e-10
2.373866e-10
2.252026e-10
2.067194e-10
1.817335e-10
1.945072e-10
2.613629e-10
2.808065e-10
2.999275e-10
3.85053e-10
4.374509e-10
4.363911e-10
4.330425e-10
4.281209e-10
4.238242e-10
2.474436e-10
2.412174e-10
2.289741e-10
2.10436e-10
1.853876e-10
1.987723e-10
2.667029e-10
2.865151e-10
3.060365e-10
3.919874e-10
4.448161e-10
4.438126e-10
4.405044e-10
4.355729e-10
4.312721e-10
2.537127e-10
2.47418e-10
2.350776e-10
2.16461e-10
1.913274e-10
2.057022e-10
2.753276e-10
2.957023e-10
3.158552e-10
4.030746e-10
4.565673e-10
4.556495e-10
4.52404e-10
4.474729e-10
4.431343e-10
2.625031e-10
2.560867e-10
2.436068e-10
2.248895e-10
1.996619e-10
2.154049e-10
2.872939e-10
3.084475e-10
3.294662e-10
4.183953e-10
4.727915e-10
4.720588e-10
4.689618e-10
4.640888e-10
4.597435e-10
2.717623e-10
2.65243e-10
2.52633e-10
2.338278e-10
2.085031e-10
2.256738e-10
2.998493e-10
3.217754e-10
3.436515e-10
4.34322e-10
4.896411e-10
4.890833e-10
4.861278e-10
4.813205e-10
4.769701e-10
2.798225e-10
2.732286e-10
2.60524e-10
2.416467e-10
2.162289e-10
2.34608e-10
3.106732e-10
3.332237e-10
3.557924e-10
4.47908e-10
5.040006e-10
5.035856e-10
5.007415e-10
4.959866e-10
4.916591e-10
2.852877e-10
2.786543e-10
2.659055e-10
2.47016e-10
2.216026e-10
2.40829e-10
3.181824e-10
3.411942e-10
3.642725e-10
4.574113e-10
5.140563e-10
5.137681e-10
5.11037e-10
5.063455e-10
5.0205e-10
2.881081e-10
2.814575e-10
2.686892e-10
2.497975e-10
2.243943e-10
2.44057e-10
3.220777e-10
3.453404e-10
3.68703e-10
4.623892e-10
5.19355e-10
5.191653e-10
5.165129e-10
5.118849e-10
5.076416e-10
2.881595e-10
2.815109e-10
2.687416e-10
2.498468e-10
2.244405e-10
2.44112e-10
3.221728e-10
3.454683e-10
3.688736e-10
4.626579e-10
5.196971e-10
5.195592e-10
5.169502e-10
5.12374e-10
5.081971e-10
2.854317e-10
2.788018e-10
2.660515e-10
2.47153e-10
2.217322e-10
2.409843e-10
3.184607e-10
3.415626e-10
3.647596e-10
4.581709e-10
5.150564e-10
5.149005e-10
5.123094e-10
5.077667e-10
5.036496e-10
2.800347e-10
2.734449e-10
2.60735e-10
2.418428e-10
2.164106e-10
2.34822e-10
3.110771e-10
3.337693e-10
3.565158e-10
4.490653e-10
5.055371e-10
5.053276e-10
5.026984e-10
4.981811e-10
4.94124e-10
2.719965e-10
2.654852e-10
2.528676e-10
2.340358e-10
2.086927e-10
2.258904e-10
3.002892e-10
3.223936e-10
3.444967e-10
4.35713e-10
4.915178e-10
4.91225e-10
4.885325e-10
4.840229e-10
4.800246e-10
2.627401e-10
2.563286e-10
2.438339e-10
2.250799e-10
1.998232e-10
2.155756e-10
2.876954e-10
3.090388e-10
3.30305e-10
4.198626e-10
4.748016e-10
4.743568e-10
4.715536e-10
4.670067e-10
4.630293e-10
2.539293e-10
2.476275e-10
2.352662e-10
2.166053e-10
1.91433e-10
2.057863e-10
2.756291e-10
2.961937e-10
3.165891e-10
4.044778e-10
4.585517e-10
4.579228e-10
4.549709e-10
4.503487e-10
4.463676e-10
2.476236e-10
2.413937e-10
2.291185e-10
2.105247e-10
1.854308e-10
1.987657e-10
2.668884e-10
2.868816e-10
3.066452e-10
3.933006e-10
4.467689e-10
4.460392e-10
4.430093e-10
4.383936e-10
4.344503e-10
2.437307e-10
2.375365e-10
2.253201e-10
2.067643e-10
1.81725e-10
1.944241e-10
2.61452e-10
2.810742e-10
3.004456e-10
3.863324e-10
4.394158e-10
4.386472e-10
4.355992e-10
4.309858e-10
4.270934e-10
2.415678e-10
2.353915e-10
2.232083e-10
2.046799e-10
1.796689e-10
1.920105e-10
2.58421e-10
2.778397e-10
2.969913e-10
3.824516e-10
4.353358e-10
4.345441e-10
4.314858e-10
4.269002e-10
4.230208e-10
2.405541e-10
2.344104e-10
2.222397e-10
2.037399e-10
1.787541e-10
1.909092e-10
2.570683e-10
2.763854e-10
2.954531e-10
3.807091e-10
4.335247e-10
4.327409e-10
4.296743e-10
4.25077e-10
4.212556e-10
2.404037e-10
2.343167e-10
2.221587e-10
2.037089e-10
1.788043e-10
1.911014e-10
2.570836e-10
2.762121e-10
2.950248e-10
3.794641e-10
4.314748e-10
4.303973e-10
4.27037e-10
4.22101e-10
4.178224e-10
2.414395e-10
2.352719e-10
2.231192e-10
2.046652e-10
1.797134e-10
1.921419e-10
2.584037e-10
2.77654e-10
2.96574e-10
3.812876e-10
4.33515e-10
4.32459e-10
4.291233e-10
4.24255e-10
4.200426e-10
2.435904e-10
2.37403e-10
2.252165e-10
2.067252e-10
1.817346e-10
1.945004e-10
2.61372e-10
2.808403e-10
2.999933e-10
3.852095e-10
4.377107e-10
4.366884e-10
4.334021e-10
4.285342e-10
4.243364e-10
2.47461e-10
2.412377e-10
2.289921e-10
2.104481e-10
1.853937e-10
1.987744e-10
2.667316e-10
2.865571e-10
3.061182e-10
3.921583e-10
4.450848e-10
4.441194e-10
4.408674e-10
4.359984e-10
4.317629e-10
2.537408e-10
2.474429e-10
2.351024e-10
2.164809e-10
1.913429e-10
2.057155e-10
2.753718e-10
2.95774e-10
3.159599e-10
4.032694e-10
4.568518e-10
4.559975e-10
4.528006e-10
4.47933e-10
4.436549e-10
2.625399e-10
2.561239e-10
2.436382e-10
2.24918e-10
1.996873e-10
2.154323e-10
2.873587e-10
3.085427e-10
3.296021e-10
4.186287e-10
4.731151e-10
4.724425e-10
4.693982e-10
4.645998e-10
4.603252e-10
2.718021e-10
2.652876e-10
2.526766e-10
2.338642e-10
2.085367e-10
2.257141e-10
2.99932e-10
3.218924e-10
3.438118e-10
4.345829e-10
4.899959e-10
4.894984e-10
4.865953e-10
4.818589e-10
4.775956e-10
2.798712e-10
2.732776e-10
2.605726e-10
2.416924e-10
2.162717e-10
2.346577e-10
3.107705e-10
3.333538e-10
3.559652e-10
4.481909e-10
5.043701e-10
5.040106e-10
5.012232e-10
4.965334e-10
4.922792e-10
2.85339e-10
2.787067e-10
2.659577e-10
2.470653e-10
2.216493e-10
2.408843e-10
3.182832e-10
3.413299e-10
3.644528e-10
4.576858e-10
5.144254e-10
5.141875e-10
5.115037e-10
5.068769e-10
5.026503e-10
2.881597e-10
2.815096e-10
2.687413e-10
2.498462e-10
2.244398e-10
2.441129e-10
3.221761e-10
3.454728e-10
3.688732e-10
4.626622e-10
5.197042e-10
5.195521e-10
5.169532e-10
5.123779e-10
5.081951e-10
2.882077e-10
2.815592e-10
2.687906e-10
2.498922e-10
2.244829e-10
2.441647e-10
3.222663e-10
3.455885e-10
3.690267e-10
4.629028e-10
5.200241e-10
5.199022e-10
5.173511e-10
5.128159e-10
5.086834e-10
2.854745e-10
2.788453e-10
2.660932e-10
2.471924e-10
2.217683e-10
2.410281e-10
3.185406e-10
3.4167e-10
3.648957e-10
4.58379e-10
5.153332e-10
5.152113e-10
5.12648e-10
5.081517e-10
5.040689e-10
2.80069e-10
2.734811e-10
2.607695e-10
2.41873e-10
2.164395e-10
2.348557e-10
3.111393e-10
3.338543e-10
3.566288e-10
4.492416e-10
5.05765e-10
5.055848e-10
5.029836e-10
4.984933e-10
4.944689e-10
2.720229e-10
2.655107e-10
2.528934e-10
2.340585e-10
2.087101e-10
2.259127e-10
3.003353e-10
3.224555e-10
3.445815e-10
4.358547e-10
4.916981e-10
4.914238e-10
4.887597e-10
4.842662e-10
4.802905e-10
2.627639e-10
2.563477e-10
2.438496e-10
2.250956e-10
1.998363e-10
2.155853e-10
2.877244e-10
3.090816e-10
3.303633e-10
4.199646e-10
4.749502e-10
4.745065e-10
4.717184e-10
4.671903e-10
4.632304e-10
2.53942e-10
2.476449e-10
2.352775e-10
2.166123e-10
1.914401e-10
2.057914e-10
2.756425e-10
2.962185e-10
3.166297e-10
4.045472e-10
4.586627e-10
4.580357e-10
4.550913e-10
4.504911e-10
4.465102e-10
2.476312e-10
2.414019e-10
2.291302e-10
2.105286e-10
1.854317e-10
1.987662e-10
2.668998e-10
2.868913e-10
3.066703e-10
3.933529e-10
4.468442e-10
4.461294e-10
4.431081e-10
4.384901e-10
4.34558e-10
2.43734e-10
2.375414e-10
2.253245e-10
2.067707e-10
1.817242e-10
1.944204e-10
2.614571e-10
2.810862e-10
3.004573e-10
3.863667e-10
4.394844e-10
4.387144e-10
4.356716e-10
4.31074e-10
4.271723e-10
2.415721e-10
2.35395e-10
2.232072e-10
2.04682e-10
1.79671e-10
1.920054e-10
2.584226e-10
2.778495e-10
2.969992e-10
3.824773e-10
4.353911e-10
4.346052e-10
4.315486e-10
4.269625e-10
4.231038e-10
2.406092e-10
2.34395e-10
2.222404e-10
2.03728e-10
1.787513e-10
1.909281e-10
2.570351e-10
2.764096e-10
2.954513e-10
3.807506e-10
4.335602e-10
4.327851e-10
4.297393e-10
4.251542e-10
4.212902e-10
2.404769e-10
2.342588e-10
2.221915e-10
2.037262e-10
1.787917e-10
1.910694e-10
2.570696e-10
2.762521e-10
2.95062e-10
3.796111e-10
4.317585e-10
4.306715e-10
4.273824e-10
4.225357e-10
4.183471e-10
2.414555e-10
2.352836e-10
2.231299e-10
2.046653e-10
1.797115e-10
1.921313e-10
2.584018e-10
2.776817e-10
2.966224e-10
3.814307e-10
4.337365e-10
4.327251e-10
4.294518e-10
4.246174e-10
4.204874e-10
2.436031e-10
2.374166e-10
2.252285e-10
2.067313e-10
1.817342e-10
1.944939e-10
2.613852e-10
2.808672e-10
3.000493e-10
3.853511e-10
4.379269e-10
4.369559e-10
4.337014e-10
4.288917e-10
4.247458e-10
2.474811e-10
2.412533e-10
2.290081e-10
2.104586e-10
1.853994e-10
1.987749e-10
2.667553e-10
2.866046e-10
3.061824e-10
3.923136e-10
4.453125e-10
4.443962e-10
4.411758e-10
4.363598e-10
4.321847e-10
2.537674e-10
2.474692e-10
2.351229e-10
2.164984e-10
1.913564e-10
2.057273e-10
2.754106e-10
2.958373e-10
3.160559e-10
4.034487e-10
4.571023e-10
4.562895e-10
4.531515e-10
4.483282e-10
4.441119e-10
2.625704e-10
2.561588e-10
2.43671e-10
2.249424e-10
1.997097e-10
2.154563e-10
2.874152e-10
3.086288e-10
3.297233e-10
4.188416e-10
4.734058e-10
4.727747e-10
4.697857e-10
4.650362e-10
4.608341e-10
2.718408e-10
2.653254e-10
2.527167e-10
2.339006e-10
2.085671e-10
2.257491e-10
3.000057e-10
3.219975e-10
3.439565e-10
4.348215e-10
4.903139e-10
4.898624e-10
4.870149e-10
4.823271e-10
4.781327e-10
2.799156e-10
2.733243e-10
2.606172e-10
2.417342e-10
2.163109e-10
2.347042e-10
3.108561e-10
3.334736e-10
3.561231e-10
4.484408e-10
5.047098e-10
5.043892e-10
5.016527e-10
4.97016e-10
4.928249e-10
2.853867e-10
2.787561e-10
2.660058e-10
2.471108e-10
2.216923e-10
2.40936e-10
3.183748e-10
3.414533e-10
3.646153e-10
4.579415e-10
5.147533e-10
5.145653e-10
5.119274e-10
5.073445e-10
5.031808e-10
2.882075e-10
2.815594e-10
2.687894e-10
2.498919e-10
2.244824e-10
2.441638e-10
3.222675e-10
3.45592e-10
3.69032e-10
4.629022e-10
5.200289e-10
5.199093e-10
5.173439e-10
5.12819e-10
5.086872e-10
2.882523e-10
2.816057e-10
2.688351e-10
2.499352e-10
2.245225e-10
2.442118e-10
3.223524e-10
3.45702e-10
3.691707e-10
4.631196e-10
5.203157e-10
5.20237e-10
5.176977e-10
5.132176e-10
5.091244e-10
2.855139e-10
2.788866e-10
2.661331e-10
2.472286e-10
2.218026e-10
2.410678e-10
3.186134e-10
3.417678e-10
3.650248e-10
4.585734e-10
5.155828e-10
5.154947e-10
5.129621e-10
5.084908e-10
5.04453e-10
2.801018e-10
2.735141e-10
2.608025e-10
2.419024e-10
2.164653e-10
2.348876e-10
3.111978e-10
3.339318e-10
3.567325e-10
4.494063e-10
5.059781e-10
5.058184e-10
5.032436e-10
4.987789e-10
4.947804e-10
2.720507e-10
2.655358e-10
2.529162e-10
2.340798e-10
2.087291e-10
2.259304e-10
3.003775e-10
3.225148e-10
3.446592e-10
4.359836e-10
4.918717e-10
4.91609e-10
4.889608e-10
4.844936e-10
4.805331e-10
2.627812e-10
2.563704e-10
2.438663e-10
2.251076e-10
1.998485e-10
2.155983e-10
2.877482e-10
3.091212e-10
3.304185e-10
4.200591e-10
4.750787e-10
4.746588e-10
4.718694e-10
4.67355e-10
4.634132e-10
2.539541e-10
2.476568e-10
2.352926e-10
2.166202e-10
1.914447e-10
2.057969e-10
2.756585e-10
2.962406e-10
3.166643e-10
4.046189e-10
4.587536e-10
4.581497e-10
4.552046e-10
4.506111e-10
4.466516e-10
2.476374e-10
2.414087e-10
2.291367e-10
2.105368e-10
1.854333e-10
1.987643e-10
2.669082e-10
2.869105e-10
3.066878e-10
3.934037e-10
4.469151e-10
4.462067e-10
4.431988e-10
4.385881e-10
4.346537e-10
2.437391e-10
2.375441e-10
2.253277e-10
2.067725e-10
1.817274e-10
1.944167e-10
2.614593e-10
2.810972e-10
3.004767e-10
3.863992e-10
4.395342e-10
4.387851e-10
4.35739e-10
4.311457e-10
4.272594e-10
2.415774e-10
2.353981e-10
2.232095e-10
2.046788e-10
1.79671e-10
1.920061e-10
2.584212e-10
2.778574e-10
2.970139e-10
3.825041e-10
4.354308e-10
4.346622e-10
4.3161e-10
4.270247e-10
4.231654e-10
2.406046e-10
2.344427e-10
2.222297e-10
2.037265e-10
1.787428e-10
1.909234e-10
2.570642e-10
2.763827e-10
2.954794e-10
3.807673e-10
4.336141e-10
4.328227e-10
4.297841e-10
4.25218e-10
4.213663e-10
2.40449e-10
2.343271e-10
2.221333e-10
2.037489e-10
1.787959e-10
1.910571e-10
2.570481e-10
2.762593e-10
2.951202e-10
3.797241e-10
4.319684e-10
4.309583e-10
4.276624e-10
4.228797e-10
4.187767e-10
2.414587e-10
2.352978e-10
2.23137e-10
2.046686e-10
1.797064e-10
1.921206e-10
2.584103e-10
2.776966e-10
2.966717e-10
3.815506e-10
4.339379e-10
4.329536e-10
4.297198e-10
4.249438e-10
4.208461e-10
2.436183e-10
2.374276e-10
2.252381e-10
2.067362e-10
1.817344e-10
1.944862e-10
2.613964e-10
2.80897e-10
3.00097e-10
3.854741e-10
4.381218e-10
4.371792e-10
4.339703e-10
4.291892e-10
4.250997e-10
2.475007e-10
2.412717e-10
2.290198e-10
2.104678e-10
1.854041e-10
1.987744e-10
2.667759e-10
2.866448e-10
3.062514e-10
3.92442e-10
4.455189e-10
4.446304e-10
4.414548e-10
4.366665e-10
4.325429e-10
2.537886e-10
2.474941e-10
2.351452e-10
2.165124e-10
1.913682e-10
2.057368e-10
2.75445e-10
2.958938e-10
3.161413e-10
4.036122e-10
4.573328e-10
4.565468e-10
4.534457e-10
4.486782e-10
4.445044e-10
2.626014e-10
2.561875e-10
2.437018e-10
2.249684e-10
1.997287e-10
2.154779e-10
2.874657e-10
3.08704e-10
3.298335e-10
4.190328e-10
4.736708e-10
4.730731e-10
4.701211e-10
4.654236e-10
4.612687e-10
2.718745e-10
2.653623e-10
2.527505e-10
2.33934e-10
2.085975e-10
2.257807e-10
3.000708e-10
3.220913e-10
3.44087e-10
4.350381e-10
4.906048e-10
4.901885e-10
4.873829e-10
4.827473e-10
4.785997e-10
2.799576e-10
2.733668e-10
2.606597e-10
2.417723e-10
2.163467e-10
2.34747e-10
3.109355e-10
3.335798e-10
3.562683e-10
4.486694e-10
5.050108e-10
5.047371e-10
5.020353e-10
4.974462e-10
4.933065e-10
2.85431e-10
2.78802e-10
2.660513e-10
2.471526e-10
2.217318e-10
2.409838e-10
3.184603e-10
3.415652e-10
3.647639e-10
4.581724e-10
5.150588e-10
5.14901e-10
5.123093e-10
5.077691e-10
5.036476e-10
2.882532e-10
2.816054e-10
2.688353e-10
2.499341e-10
2.245223e-10
2.442111e-10
3.223512e-10
3.457032e-10
3.691743e-10
4.631263e-10
5.20315e-10
5.202418e-10
5.177048e-10
5.132104e-10
5.091275e-10
2.882949e-10
2.816487e-10
2.68878e-10
2.499741e-10
2.245601e-10
2.44256e-10
3.224295e-10
3.458065e-10
3.693065e-10
4.633232e-10
5.205746e-10
5.205354e-10
5.18036e-10
5.135648e-10
5.095253e-10
2.855503e-10
2.789245e-10
2.661711e-10
2.472634e-10
2.21834e-10
2.411062e-10
3.186796e-10
3.418569e-10
3.651426e-10
4.587576e-10
5.158158e-10
5.157505e-10
5.132483e-10
5.088055e-10
5.047914e-10
2.801338e-10
2.735455e-10
2.608325e-10
2.419307e-10
2.164905e-10
2.349157e-10
3.112535e-10
3.340045e-10
3.568272e-10
4.495579e-10
5.061771e-10
5.060368e-10
5.034796e-10
4.990393e-10
4.950653e-10
2.720726e-10
2.655625e-10
2.529388e-10
2.340986e-10
2.087469e-10
2.259504e-10
3.004124e-10
3.225693e-10
3.447333e-10
4.361021e-10
4.920304e-10
4.917869e-10
4.891479e-10
4.84695e-10
4.807598e-10
2.627983e-10
2.563866e-10
2.438865e-10
2.251206e-10
1.998579e-10
2.156099e-10
2.877764e-10
3.091547e-10
3.304701e-10
4.201483e-10
4.751978e-10
4.747906e-10
4.720229e-10
4.675058e-10
4.635772e-10
2.539635e-10
2.476681e-10
2.353025e-10
2.166318e-10
1.9145e-10
2.057997e-10
2.756745e-10
2.962641e-10
3.166962e-10
4.046813e-10
4.588467e-10
4.582431e-10
4.553194e-10
4.507237e-10
4.467706e-10
2.476442e-10
2.414143e-10
2.291418e-10
2.105406e-10
1.854383e-10
1.987635e-10
2.669127e-10
2.869247e-10
3.067159e-10
3.934433e-10
4.469838e-10
4.462795e-10
4.432766e-10
4.386782e-10
4.347506e-10
2.437459e-10
2.375486e-10
2.25329e-10
2.067732e-10
1.817273e-10
1.944187e-10
2.614606e-10
2.811045e-10
3.004944e-10
3.864404e-10
4.395816e-10
4.388363e-10
4.3581e-10
4.312126e-10
4.273304e-10
2.41578e-10
2.354031e-10
2.232108e-10
2.046788e-10
1.796674e-10
1.920045e-10
2.584286e-10
2.778594e-10
2.970292e-10
3.825371e-10
4.354711e-10
4.347036e-10
4.316672e-10
4.270854e-10
4.232268e-10
2.40578e-10
2.344399e-10
2.222681e-10
2.037177e-10
1.787387e-10
1.909194e-10
2.570639e-10
2.764132e-10
2.954598e-10
3.80817e-10
4.336444e-10
4.328758e-10
4.298221e-10
4.252627e-10
4.21429e-10
2.405066e-10
2.342978e-10
2.221927e-10
2.036914e-10
1.78807e-10
1.910438e-10
2.570616e-10
2.762545e-10
2.951531e-10
3.798506e-10
4.321361e-10
4.311755e-10
4.279465e-10
4.2316e-10
4.191174e-10
2.414751e-10
2.352994e-10
2.231469e-10
2.046686e-10
1.797039e-10
1.921081e-10
2.584143e-10
2.777211e-10
2.967066e-10
3.816649e-10
4.341083e-10
4.331616e-10
4.299495e-10
4.2521e-10
4.21169e-10
2.436337e-10
2.374412e-10
2.252454e-10
2.067394e-10
1.81734e-10
1.944805e-10
2.614039e-10
2.809229e-10
3.001459e-10
3.855818e-10
4.382919e-10
4.373801e-10
4.341953e-10
4.294563e-10
4.253944e-10
2.475145e-10
2.412898e-10
2.290344e-10
2.104734e-10
1.854083e-10
1.987739e-10
2.667918e-10
2.86681e-10
3.063104e-10
3.925722e-10
4.456922e-10
4.448428e-10
4.416906e-10
4.369442e-10
4.328469e-10
2.538115e-10
2.475138e-10
2.351663e-10
2.165283e-10
1.913775e-10
2.057456e-10
2.754744e-10
2.959442e-10
3.16218e-10
4.037594e-10
4.575424e-10
4.567837e-10
4.537049e-10
4.489714e-10
4.448519e-10
2.626262e-10
2.562168e-10
2.437267e-10
2.249928e-10
1.997492e-10
2.154953e-10
2.875124e-10
3.087715e-10
3.2993e-10
4.192068e-10
4.739093e-10
4.733451e-10
4.704225e-10
4.657589e-10
4.616544e-10
2.719079e-10
2.653944e-10
2.527835e-10
2.339619e-10
2.086254e-10
2.258129e-10
3.001305e-10
3.22175e-10
3.442036e-10
4.352338e-10
4.908696e-10
4.904868e-10
4.877124e-10
4.831156e-10
4.790187e-10
2.799972e-10
2.734072e-10
2.606984e-10
2.418086e-10
2.163793e-10
2.347864e-10
3.110094e-10
3.336783e-10
3.563978e-10
4.488799e-10
5.052865e-10
5.050455e-10
5.023869e-10
4.978294e-10
4.937358e-10
2.85473e-10
2.788446e-10
2.660934e-10
2.471922e-10
2.21768e-10
2.410278e-10
3.185397e-10
3.416696e-10
3.648988e-10
4.583842e-10
5.153349e-10
5.152138e-10
5.126485e-10
5.081516e-10
5.040712e-10
2.882945e-10
2.816495e-10
2.688778e-10
2.499744e-10
2.245591e-10
2.442559e-10
3.224285e-10
3.458051e-10
3.693077e-10
4.633277e-10
5.205821e-10
5.205345e-10
5.180409e-10
5.135719e-10
5.095182e-10
2.883361e-10
2.816897e-10
2.689176e-10
2.500118e-10
2.245941e-10
2.442984e-10
3.22502e-10
3.459001e-10
3.694315e-10
4.635152e-10
5.208175e-10
5.208004e-10
5.183376e-10
5.139037e-10
5.09872e-10
2.855868e-10
2.789595e-10
2.66206e-10
2.472964e-10
2.218642e-10
2.411414e-10
3.187441e-10
3.419379e-10
3.652498e-10
4.58926e-10
5.160363e-10
5.15989e-10
5.135069e-10
5.09092e-10
5.051054e-10
2.801634e-10
2.735763e-10
2.608612e-10
2.419564e-10
2.165148e-10
2.349432e-10
3.113031e-10
3.340739e-10
3.569159e-10
4.49697e-10
5.063606e-10
5.062407e-10
5.037003e-10
4.992757e-10
4.95325e-10
2.720942e-10
2.655833e-10
2.529628e-10
2.341174e-10
2.087627e-10
2.259693e-10
3.004503e-10
3.226152e-10
3.448017e-10
4.362149e-10
4.921763e-10
4.919497e-10
4.893275e-10
4.848822e-10
4.809606e-10
2.62812e-10
2.564029e-10
2.439006e-10
2.251371e-10
1.998682e-10
2.156186e-10
2.878012e-10
3.091926e-10
3.305146e-10
4.202324e-10
4.753101e-10
4.74913e-10
4.721558e-10
4.676591e-10
4.637273e-10
2.539737e-10
2.476767e-10
2.353119e-10
2.166386e-10
1.914583e-10
2.058031e-10
2.756866e-10
2.962873e-10
3.167283e-10
4.047397e-10
4.589283e-10
4.583386e-10
4.554133e-10
4.508381e-10
4.468824e-10
2.476525e-10
2.414204e-10
2.291459e-10
2.10543e-10
1.854401e-10
1.987673e-10
2.669185e-10
2.869347e-10
3.067366e-10
3.934961e-10
4.470391e-10
4.463504e-10
4.433495e-10
4.387554e-10
4.348398e-10
2.437475e-10
2.375547e-10
2.253321e-10
2.067723e-10
1.817265e-10
1.94416e-10
2.614706e-10
2.811104e-10
3.005076e-10
3.864787e-10
4.396379e-10
4.388856e-10
4.358614e-10
4.31283e-10
4.273965e-10
2.415808e-10
2.354032e-10
2.232146e-10
2.046777e-10
1.796655e-10
1.919991e-10
2.584334e-10
2.778711e-10
2.970353e-10
3.825722e-10
4.35517e-10
4.347454e-10
4.317089e-10
4.271421e-10
4.232868e-10
2.405905e-10
2.344092e-10
2.222659e-10
2.037462e-10
1.787323e-10
1.909054e-10
2.570697e-10
2.764171e-10
2.954919e-10
3.808073e-10
4.33709e-10
4.329097e-10
4.298738e-10
4.253003e-10
4.214733e-10
2.405117e-10
2.343545e-10
2.221608e-10
2.037368e-10
1.787632e-10
1.91051e-10
2.570544e-10
2.762882e-10
2.951685e-10
3.799487e-10
4.323105e-10
4.313504e-10
4.281653e-10
4.234392e-10
4.193955e-10
2.414876e-10
2.353149e-10
2.231454e-10
2.046717e-10
1.796993e-10
1.920988e-10
2.584154e-10
2.777378e-10
2.967489e-10
3.817571e-10
4.342686e-10
4.333375e-10
4.301589e-10
4.254381e-10
4.214324e-10
2.436426e-10
2.374553e-10
2.252554e-10
2.067409e-10
1.817326e-10
1.944741e-10
2.614139e-10
2.809437e-10
3.001888e-10
3.856871e-10
4.384419e-10
4.375553e-10
4.343974e-10
4.2968e-10
4.256586e-10
2.475318e-10
2.413022e-10
2.29049e-10
2.104821e-10
1.854099e-10
1.98774e-10
2.668068e-10
2.867095e-10
3.063646e-10
3.92686e-10
4.458648e-10
4.450212e-10
4.419043e-10
4.371787e-10
4.331221e-10
2.538289e-10
2.475352e-10
2.351826e-10
2.165435e-10
1.913885e-10
2.057519e-10
2.755024e-10
2.959874e-10
3.162865e-10
4.038918e-10
4.577319e-10
4.569989e-10
4.539438e-10
4.492297e-10
4.45143e-10
2.626503e-10
2.562401e-10
2.437524e-10
2.250121e-10
1.997684e-10
2.155155e-10
2.875513e-10
3.088346e-10
3.300169e-10
4.193609e-10
4.741265e-10
4.735898e-10
4.70697e-10
4.660601e-10
4.619884e-10
2.719401e-10
2.654262e-10
2.52812e-10
2.339891e-10
2.086486e-10
2.258425e-10
3.001898e-10
3.222521e-10
3.443082e-10
4.354097e-10
4.91109e-10
4.907584e-10
4.880137e-10
4.834455e-10
4.79386e-10
2.800348e-10
2.734451e-10
2.607352e-10
2.418416e-10
2.164103e-10
2.348218e-10
3.110778e-10
3.3377e-10
3.565177e-10
4.490688e-10
5.055403e-10
5.05328e-10
5.026986e-10
4.981815e-10
4.941181e-10
2.855122e-10
2.788851e-10
2.661325e-10
2.472288e-10
2.218023e-10
2.410677e-10
3.186132e-10
3.417667e-10
3.650243e-10
4.585774e-10
5.155885e-10
5.154964e-10
5.129647e-10
5.084914e-10
5.044529e-10
2.883344e-10
2.816894e-10
2.689185e-10
2.500116e-10
2.245943e-10
2.442967e-10
3.225023e-10
3.45899e-10
3.6943e-10
4.635165e-10
5.208225e-10
5.208081e-10
5.183364e-10
5.139086e-10
5.098789e-10
2.88374e-10
2.817295e-10
2.689555e-10
2.500465e-10
2.246271e-10
2.443361e-10
3.225718e-10
3.459883e-10
3.695437e-10
4.63692e-10
5.210466e-10
5.210491e-10
5.186052e-10
5.142057e-10
5.1021e-10
2.8562e-10
2.789947e-10
2.662381e-10
2.473268e-10
2.218929e-10
2.411745e-10
3.188038e-10
3.420171e-10
3.653476e-10
4.5908e-10
5.162381e-10
5.162148e-10
5.137479e-10
5.093511e-10
5.053913e-10
2.801914e-10
2.736046e-10
2.608893e-10
2.419809e-10
2.165368e-10
2.3497e-10
3.113508e-10
3.341361e-10
3.570007e-10
4.49827e-10
5.065293e-10
5.064287e-10
5.039061e-10
4.994965e-10
4.955608e-10
2.721136e-10
2.656039e-10
2.529814e-10
2.341376e-10
2.087785e-10
2.259862e-10
3.00486e-10
3.226639e-10
3.4486e-10
4.363195e-10
4.923151e-10
4.920994e-10
4.894919e-10
4.850618e-10
4.811472e-10
2.628267e-10
2.564157e-10
2.439148e-10
2.251479e-10
1.998813e-10
2.156284e-10
2.878218e-10
3.092257e-10
3.305636e-10
4.203063e-10
4.754164e-10
4.750281e-10
4.722793e-10
4.677917e-10
4.638797e-10
2.539849e-10
2.476862e-10
2.353189e-10
2.166452e-10
1.91463e-10
2.058111e-10
2.75698e-10
2.963061e-10
3.167596e-10
4.047966e-10
4.590048e-10
4.584225e-10
4.555094e-10
4.509315e-10
4.469957e-10
2.476559e-10
2.414279e-10
2.291505e-10
2.105447e-10
1.854408e-10
1.987678e-10
2.669307e-10
2.869456e-10
3.067529e-10
3.935376e-10
4.471089e-10
4.464074e-10
4.434208e-10
4.388277e-10
4.349163e-10
2.437494e-10
2.375557e-10
2.253366e-10
2.067732e-10
1.817245e-10
1.944131e-10
2.614725e-10
2.811256e-10
3.005188e-10
3.865102e-10
4.396907e-10
4.389435e-10
4.35911e-10
4.31334e-10
4.274661e-10
2.415909e-10
2.354054e-10
2.232134e-10
2.046795e-10
1.796633e-10
1.919934e-10
2.584326e-10
2.778809e-10
2.970517e-10
3.825934e-10
4.35566e-10
4.347921e-10
4.317509e-10
4.271835e-10
4.233428e-10
2.344216e-10
2.22232e-10
2.037428e-10
1.787491e-10
1.909e-10
2.570511e-10
2.764282e-10
2.955011e-10
3.808588e-10
4.337074e-10
4.32974e-10
4.299096e-10
4.253506e-10
4.215104e-10
2.404956e-10
2.343577e-10
2.222131e-10
2.037026e-10
1.787891e-10
1.910032e-10
2.570815e-10
2.762896e-10
2.952231e-10
3.800179e-10
4.324553e-10
4.315272e-10
4.28342e-10
4.236568e-10
4.196706e-10
2.414938e-10
2.353256e-10
2.231577e-10
2.046654e-10
1.796971e-10
1.920875e-10
2.584195e-10
2.777519e-10
2.967805e-10
3.818534e-10
4.344016e-10
4.335029e-10
4.303355e-10
4.25646e-10
4.216581e-10
2.436569e-10
2.374628e-10
2.252662e-10
2.067452e-10
1.817303e-10
1.944666e-10
2.614207e-10
2.809667e-10
3.002248e-10
3.857806e-10
4.385867e-10
4.377103e-10
4.345735e-10
4.298807e-10
4.258801e-10
2.475428e-10
2.413182e-10
2.290583e-10
2.104911e-10
1.85414e-10
1.987712e-10
2.668229e-10
2.867368e-10
3.064077e-10
3.92791e-10
4.460166e-10
4.451987e-10
4.42084e-10
4.373913e-10
4.333545e-10
2.538455e-10
2.475513e-10
2.352007e-10
2.165546e-10
1.913988e-10
2.057609e-10
2.755262e-10
2.960292e-10
3.163459e-10
4.040113e-10
4.579026e-10
4.571935e-10
4.541605e-10
4.494679e-10
4.453996e-10
2.626763e-10
2.562628e-10
2.437724e-10
2.250323e-10
1.997834e-10
2.155343e-10
2.87594e-10
3.088879e-10
3.300986e-10
4.195004e-10
4.743196e-10
4.738128e-10
4.709439e-10
4.663344e-10
4.622883e-10
2.719709e-10
2.654569e-10
2.528405e-10
2.340125e-10
2.086712e-10
2.258665e-10
3.002445e-10
3.223276e-10
3.444051e-10
4.355684e-10
4.913246e-10
4.91004e-10
4.882882e-10
4.83747e-10
4.797149e-10
2.800688e-10
2.734813e-10
2.607697e-10
2.418731e-10
2.164385e-10
2.348556e-10
3.111394e-10
3.338553e-10
3.566295e-10
4.492439e-10
5.057688e-10
5.05588e-10
5.029841e-10
4.984936e-10
4.944693e-10
2.855501e-10
2.789228e-10
2.661697e-10
2.472628e-10
2.218342e-10
2.411059e-10
3.1868e-10
3.418569e-10
3.651412e-10
4.587567e-10
5.158203e-10
5.157562e-10
5.132501e-10
5.088081e-10
5.047921e-10
2.883736e-10
2.817279e-10
2.689552e-10
2.500473e-10
2.246269e-10
2.443367e-10
3.22569e-10
3.459889e-10
3.695425e-10
4.636901e-10
5.210479e-10
5.21054e-10
5.18613e-10
5.142044e-10
5.102148e-10
2.884095e-10
2.81766e-10
2.689924e-10
2.500798e-10
2.246574e-10
2.443733e-10
3.22634e-10
3.460733e-10
3.696495e-10
4.638519e-10
5.212576e-10
5.212835e-10
5.188565e-10
5.144738e-10
5.105113e-10
2.856525e-10
2.790266e-10
2.662705e-10
2.473548e-10
2.219194e-10
2.412069e-10
3.188586e-10
3.420905e-10
3.654431e-10
4.592208e-10
5.164233e-10
5.164214e-10
5.139759e-10
5.095924e-10
5.056499e-10
2.802174e-10
2.736316e-10
2.609152e-10
2.420051e-10
2.165579e-10
2.34994e-10
3.113976e-10
3.341955e-10
3.570768e-10
4.499513e-10
5.06687e-10
5.066015e-10
5.040961e-10
4.997026e-10
4.957811e-10
2.721327e-10
2.656223e-10
2.529998e-10
2.341528e-10
2.087954e-10
2.26003e-10
3.005186e-10
3.227097e-10
3.449209e-10
4.364101e-10
4.92444e-10
4.922418e-10
4.896432e-10
4.852262e-10
4.813262e-10
2.628422e-10
2.564295e-10
2.439257e-10
2.251591e-10
1.998897e-10
2.156421e-10
2.878433e-10
3.092543e-10
3.306061e-10
4.203848e-10
4.755103e-10
4.751373e-10
4.723954e-10
4.679151e-10
4.640117e-10
2.539929e-10
2.476966e-10
2.353267e-10
2.166496e-10
1.914676e-10
2.05815e-10
2.757168e-10
2.963233e-10
3.16786e-10
4.048518e-10
4.59079e-10
4.585014e-10
4.555938e-10
4.51027e-10
4.470885e-10
2.476607e-10
2.414308e-10
2.291565e-10
2.10547e-10
1.854412e-10
1.98766e-10
2.669386e-10
2.869632e-10
3.067696e-10
3.93573e-10
4.471649e-10
4.464793e-10
4.434783e-10
4.388986e-10
4.349879e-10
2.437658e-10
2.375571e-10
2.253366e-10
2.067755e-10
1.81724e-10
1.94409e-10
2.614743e-10
2.811313e-10
3.005396e-10
3.865384e-10
4.397351e-10
4.389977e-10
4.359691e-10
4.313833e-10
4.275165e-10
2.354147e-10
2.232144e-10
2.046766e-10
1.796634e-10
1.919897e-10
2.584281e-10
2.778847e-10
2.970669e-10
3.826265e-10
4.355982e-10
4.34843e-10
4.317973e-10
4.272251e-10
4.233838e-10
2.222435e-10
2.037093e-10
1.787453e-10
1.909133e-10
2.570514e-10
2.764123e-10
2.955151e-10
3.808829e-10
4.337719e-10
4.329758e-10
4.299723e-10
4.253871e-10
4.215599e-10
2.405358e-10
2.343411e-10
2.222132e-10
2.037448e-10
1.787604e-10
1.910216e-10
2.570426e-10
2.763264e-10
2.952373e-10
3.801327e-10
4.325633e-10
4.316803e-10
4.285177e-10
4.238326e-10
4.198858e-10
2.415076e-10
2.353306e-10
2.231649e-10
2.046721e-10
1.796889e-10
1.920794e-10
2.584189e-10
2.777678e-10
2.968096e-10
3.819323e-10
4.345358e-10
4.336414e-10
4.30502e-10
4.258211e-10
4.218636e-10
2.436643e-10
2.374758e-10
2.252709e-10
2.067507e-10
1.817303e-10
1.94459e-10
2.614242e-10
2.809847e-10
3.00263e-10
3.858619e-10
4.387157e-10
4.378595e-10
4.347296e-10
4.300556e-10
4.260788e-10
2.475531e-10
2.41328e-10
2.290711e-10
2.104956e-10
1.854185e-10
1.987708e-10
2.668336e-10
2.867656e-10
3.064492e-10
3.928782e-10
4.461567e-10
4.453548e-10
4.422626e-10
4.3757e-10
4.335651e-10
2.538656e-10
2.475666e-10
2.352138e-10
2.165675e-10
1.914061e-10
2.057686e-10
2.755531e-10
2.960659e-10
3.164032e-10
4.041168e-10
4.58057e-10
4.573687e-10
4.543564e-10
4.496837e-10
4.45636e-10
2.627015e-10
2.562874e-10
2.437921e-10
2.250475e-10
1.997992e-10
2.155483e-10
2.876332e-10
3.089448e-10
3.301684e-10
4.196312e-10
4.744949e-10
4.740111e-10
4.71169e-10
4.665811e-10
4.625613e-10
2.719979e-10
2.654864e-10
2.52868e-10
2.340361e-10
2.086907e-10
2.258901e-10
3.002904e-10
3.223976e-10
3.44499e-10
4.357158e-10
4.915198e-10
4.912253e-10
4.885364e-10
4.840217e-10
4.800155e-10
2.801025e-10
2.735139e-10
2.608027e-10
2.419026e-10
2.164654e-10
2.348862e-10
3.11198e-10
3.339321e-10
3.567337e-10
4.494071e-10
5.059807e-10
5.058222e-10
5.032467e-10
4.987795e-10
4.947806e-10
2.855866e-10
2.789593e-10
2.662043e-10
2.472953e-10
2.218637e-10
2.411415e-10
3.187436e-10
3.419387e-10
3.6525e-10
4.589241e-10
5.160353e-10
5.159937e-10
5.135126e-10
5.090938e-10
5.05108e-10
2.88409e-10
2.817657e-10
2.689907e-10
2.500795e-10
2.246581e-10
2.443733e-10
3.226351e-10
3.460698e-10
3.696503e-10
4.638505e-10
5.212555e-10
5.212848e-10
5.188614e-10
5.144815e-10
5.105101e-10
2.88444e-10
2.818003e-10
2.69026e-10
2.501122e-10
2.246866e-10
2.444071e-10
3.226954e-10
3.461489e-10
3.697513e-10
4.640026e-10
5.21449e-10
5.214994e-10
5.190934e-10
5.147255e-10
5.107789e-10
2.856823e-10
2.790579e-10
2.662998e-10
2.473831e-10
2.219438e-10
2.412366e-10
3.189129e-10
3.421574e-10
3.655317e-10
4.593579e-10
5.165925e-10
5.166109e-10
5.141846e-10
5.098207e-10
5.058906e-10
2.80242e-10
2.736565e-10
2.609397e-10
2.420273e-10
2.165787e-10
2.350174e-10
3.114397e-10
3.342537e-10
3.571494e-10
4.500636e-10
5.068375e-10
5.06763e-10
5.042706e-10
4.998926e-10
4.959865e-10
2.721534e-10
2.656404e-10
2.530162e-10
2.341681e-10
2.088082e-10
2.260212e-10
3.005505e-10
3.227521e-10
3.44978e-10
4.36503e-10
4.925564e-10
4.923741e-10
4.897869e-10
4.853776e-10
4.8149e-10
2.628548e-10
2.564442e-10
2.439378e-10
2.251672e-10
1.998986e-10
2.156498e-10
2.878702e-10
3.092833e-10
3.306436e-10
4.204538e-10
4.756089e-10
4.752339e-10
4.725055e-10
4.680309e-10
4.641344e-10
2.540011e-10
2.477039e-10
2.353355e-10
2.166549e-10
1.914703e-10
2.058185e-10
2.757298e-10
2.963486e-10
3.168099e-10
4.049e-10
4.591506e-10
4.585773e-10
4.556734e-10
4.511111e-10
4.471832e-10
2.476862e-10
2.414351e-10
2.291581e-10
2.105506e-10
1.854419e-10
1.987653e-10
2.669413e-10
2.869767e-10
3.067931e-10
3.936082e-10
4.472138e-10
4.465366e-10
4.435505e-10
4.389557e-10
4.35058e-10
2.375725e-10
2.253368e-10
2.067736e-10
1.817246e-10
1.94407e-10
2.614746e-10
2.811371e-10
3.005499e-10
3.865773e-10
4.397755e-10
4.390434e-10
4.360235e-10
4.314408e-10
4.275653e-10
2.232222e-10
2.046757e-10
1.796601e-10
1.919881e-10
2.584292e-10
2.778817e-10
2.970759e-10
3.826586e-10
4.35643e-10
4.34876e-10
4.318486e-10
4.272708e-10
4.234249e-10
2.037179e-10
1.787213e-10
1.909084e-10
2.57072e-10
2.764169e-10
2.955052e-10
3.809093e-10
4.338069e-10
4.33039e-10
4.299764e-10
4.254481e-10
4.215963e-10
2.405295e-10
2.343802e-10
2.221964e-10
2.037402e-10
1.787857e-10
1.909855e-10
2.570762e-10
2.763081e-10
2.95284e-10
3.801884e-10
4.327195e-10
4.31794e-10
4.286744e-10
4.240057e-10
4.200599e-10
2.415103e-10
2.353431e-10
2.231671e-10
2.046739e-10
1.796901e-10
1.920644e-10
2.584218e-10
2.777774e-10
2.968393e-10
3.820055e-10
4.346482e-10
4.337791e-10
4.30642e-10
4.259864e-10
4.220369e-10
2.436707e-10
2.374821e-10
2.252808e-10
2.067508e-10
1.817315e-10
1.94454e-10
2.614273e-10
2.809982e-10
3.002939e-10
3.859438e-10
4.38829e-10
4.379924e-10
4.348796e-10
4.302107e-10
4.262518e-10
2.475685e-10
2.413371e-10
2.290783e-10
2.105035e-10
1.854198e-10
1.987722e-10
2.668452e-10
2.867874e-10
3.064925e-10
3.929612e-10
4.462749e-10
4.454991e-10
4.424195e-10
4.377475e-10
4.337423e-10
2.538839e-10
2.475854e-10
2.352263e-10
2.16576e-10
1.914149e-10
2.057731e-10
2.75576e-10
2.961051e-10
3.164547e-10
4.042177e-10
4.581944e-10
4.575274e-10
4.54533e-10
4.498789e-10
4.458502e-10
2.62723e-10
2.563113e-10
2.438137e-10
2.250626e-10
1.998109e-10
2.155635e-10
2.876649e-10
3.089971e-10
3.302414e-10
4.197451e-10
4.74659e-10
4.74191e-10
4.713691e-10
4.66806e-10
4.628068e-10
2.720245e-10
2.65512e-10
2.528946e-10
2.340589e-10
2.087104e-10
2.259103e-10
3.00335e-10
3.224572e-10
3.445862e-10
4.358576e-10
4.917012e-10
4.914257e-10
4.887599e-10
4.842701e-10
4.802893e-10
2.801346e-10
2.735462e-10
2.608324e-10
2.41931e-10
2.164906e-10
2.349158e-10
3.112513e-10
3.340049e-10
3.568277e-10
4.495594e-10
5.06178e-10
5.060393e-10
5.034834e-10
4.990423e-10
4.950658e-10
2.856202e-10
2.789945e-10
2.662379e-10
2.473253e-10
2.218921e-10
2.411741e-10
3.188037e-10
3.420166e-10
3.653487e-10
4.590802e-10
5.16236e-10
5.162137e-10
5.137526e-10
5.093568e-10
5.053931e-10
2.884441e-10
2.817998e-10
2.690256e-10
2.501107e-10
2.246864e-10
2.44408e-10
3.226957e-10
3.461504e-10
3.697472e-10
4.640037e-10
5.214475e-10
5.214973e-10
5.190946e-10
5.147302e-10
5.107866e-10
2.884769e-10
2.818336e-10
2.690576e-10
2.501417e-10
2.247151e-10
2.444403e-10
3.227508e-10
3.462236e-10
3.698418e-10
4.641471e-10
5.216294e-10
5.216953e-10
5.193114e-10
5.149626e-10
5.1103e-10
2.857109e-10
2.790866e-10
2.663286e-10
2.474086e-10
2.219686e-10
2.412638e-10
3.189629e-10
3.422238e-10
3.656122e-10
4.594851e-10
5.167571e-10
5.167842e-10
5.14376e-10
5.100297e-10
5.061183e-10
2.802691e-10
2.736799e-10
2.609623e-10
2.420483e-10
2.165978e-10
2.350405e-10
3.114805e-10
3.343061e-10
3.572202e-10
4.501705e-10
5.069739e-10
5.069172e-10
5.044336e-10
5.000673e-10
4.961761e-10
2.721726e-10
2.656602e-10
2.530323e-10
2.341815e-10
2.08821e-10
2.260344e-10
3.005834e-10
3.227931e-10
3.450314e-10
4.365901e-10
4.926709e-10
4.924896e-10
4.899206e-10
4.855213e-10
4.816408e-10
2.62864e-10
2.56456e-10
2.439508e-10
2.251765e-10
1.999049e-10
2.15659e-10
2.878877e-10
3.09318e-10
3.306812e-10
4.205155e-10
4.756959e-10
4.753351e-10
4.726031e-10
4.681408e-10
4.642496e-10
2.540393e-10
2.477116e-10
2.353413e-10
2.166613e-10
1.914739e-10
2.058196e-10
2.757414e-10
2.963679e-10
3.168425e-10
4.049443e-10
4.592138e-10
4.586506e-10
4.557496e-10
4.511904e-10
4.472666e-10
2.414593e-10
2.291612e-10
2.105503e-10
1.854439e-10
1.987639e-10
2.669472e-10
2.869829e-10
3.068131e-10
3.936506e-10
4.472619e-10
4.465869e-10
4.436079e-10
4.390275e-10
4.351147e-10
2.253502e-10
2.067723e-10
1.81722e-10
1.944062e-10
2.614777e-10
2.811417e-10
3.005601e-10
3.866029e-10
4.398267e-10
4.39085e-10
4.360693e-10
4.314947e-10
4.276222e-10
2.046809e-10
1.796583e-10
1.919835e-10
2.584319e-10
2.778871e-10
2.970746e-10
3.826823e-10
4.356867e-10
4.349213e-10
4.318814e-10
4.273218e-10
4.2347e-10
1.787247e-10
1.908856e-10
2.570701e-10
2.764403e-10
2.955129e-10
3.809112e-10
4.338412e-10
4.330759e-10
4.300374e-10
4.254535e-10
4.21656e-10
2.405266e-10
2.343713e-10
2.222306e-10
2.037233e-10
1.787783e-10
1.91004e-10
2.570428e-10
2.76346e-10
2.95289e-10
3.802789e-10
4.328059e-10
4.319531e-10
4.287897e-10
4.241629e-10
4.202306e-10
2.415152e-10
2.353444e-10
2.231766e-10
2.046718e-10
1.796881e-10
1.920607e-10
2.584135e-10
2.7779e-10
2.968607e-10
3.820761e-10
4.347526e-10
4.338949e-10
4.307798e-10
4.261258e-10
4.222003e-10
2.436827e-10
2.374874e-10
2.252847e-10
2.06756e-10
1.817288e-10
1.944515e-10
2.614323e-10
2.810113e-10
3.003189e-10
3.860132e-10
4.389415e-10
4.381093e-10
4.350133e-10
4.303596e-10
4.264054e-10
2.475821e-10
2.413513e-10
2.290849e-10
2.105065e-10
1.854237e-10
1.987691e-10
2.668593e-10
2.868084e-10
3.065271e-10
3.930451e-10
4.463868e-10
4.456206e-10
4.425649e-10
4.379035e-10
4.339181e-10
2.538993e-10
2.476026e-10
2.352424e-10
2.165843e-10
1.914204e-10
2.0578e-10
2.755935e-10
2.961383e-10
3.165079e-10
4.043092e-10
4.583251e-10
4.576685e-10
4.546927e-10
4.500548e-10
4.46044e-10
2.627447e-10
2.563316e-10
2.438348e-10
2.250796e-10
1.998227e-10
2.155738e-10
2.876976e-10
3.090406e-10
3.303087e-10
4.198616e-10
4.74803e-10
4.743596e-10
4.715507e-10
4.670059e-10
4.630307e-10
2.720511e-10
2.655375e-10
2.529175e-10
2.340811e-10
2.087294e-10
2.259311e-10
3.003743e-10
3.225146e-10
3.446613e-10
4.359897e-10
4.918751e-10
4.91612e-10
4.889625e-10
4.844937e-10
4.805369e-10
2.801625e-10
2.73577e-10
2.608619e-10
2.419563e-10
2.165151e-10
2.349434e-10
3.113032e-10
3.340715e-10
3.569165e-10
4.496976e-10
5.063623e-10
5.062416e-10
5.037027e-10
4.992793e-10
4.95328e-10
2.85653e-10
2.790269e-10
2.662703e-10
2.473547e-10
2.219182e-10
2.412062e-10
3.188583e-10
3.420903e-10
3.654426e-10
4.592222e-10
5.164234e-10
5.164192e-10
5.139749e-10
5.095971e-10
5.056555e-10
2.884757e-10
2.818337e-10
2.690572e-10
2.501414e-10
2.247138e-10
2.444398e-10
3.227523e-10
3.462242e-10
3.698438e-10
4.641419e-10
5.216306e-10
5.216938e-10
5.193093e-10
5.149638e-10
5.110347e-10
2.885075e-10
2.818654e-10
2.690884e-10
2.501694e-10
2.24741e-10
2.444729e-10
3.228058e-10
3.462908e-10
3.699314e-10
4.642763e-10
5.21802e-10
5.218799e-10
5.195091e-10
5.151809e-10
5.112666e-10
2.857411e-10
2.791142e-10
2.66355e-10
2.474338e-10
2.219908e-10
2.412917e-10
3.190087e-10
3.422852e-10
3.65692e-10
4.596014e-10
5.169099e-10
5.169526e-10
5.145509e-10
5.102212e-10
5.063267e-10
2.802981e-10
2.737061e-10
2.609836e-10
2.420676e-10
2.166159e-10
2.350618e-10
3.115205e-10
3.343568e-10
3.572842e-10
4.502742e-10
5.071037e-10
5.07057e-10
5.045893e-10
5.002304e-10
4.963502e-10
2.721876e-10
2.656784e-10
2.530502e-10
2.341947e-10
2.088324e-10
2.260484e-10
3.006091e-10
3.228345e-10
3.450826e-10
4.366718e-10
4.927781e-10
4.926069e-10
4.900372e-10
4.856549e-10
4.81784e-10
2.629311e-10
2.564646e-10
2.439608e-10
2.251869e-10
1.999123e-10
2.156642e-10
2.879081e-10
3.093416e-10
3.307245e-10
4.205771e-10
4.757741e-10
4.754242e-10
4.727051e-10
4.682383e-10
4.64359e-10
2.477481e-10
2.353478e-10
2.166648e-10
1.914785e-10
2.05822e-10
2.757486e-10
2.963851e-10
3.168686e-10
4.049985e-10
4.592723e-10
4.587155e-10
4.558232e-10
4.512662e-10
4.473453e-10
2.291828e-10
2.105517e-10
1.854427e-10
1.987644e-10
2.669503e-10
2.869943e-10
3.068232e-10
3.936888e-10
4.473173e-10
4.466362e-10
4.436583e-10
4.390843e-10
4.351856e-10
2.067824e-10
1.817203e-10
1.944011e-10
2.61482e-10
2.811489e-10
3.005696e-10
3.866274e-10
4.398632e-10
4.391371e-10
4.361109e-10
4.3154e-10
4.276754e-10
1.796606e-10
1.919796e-10
2.584311e-10
2.778936e-10
2.970848e-10
3.826899e-10
4.357209e-10
4.349662e-10
4.319263e-10
4.273541e-10
4.235204e-10
1.908811e-10
2.570489e-10
2.764393e-10
2.95541e-10
3.809302e-10
4.338526e-10
4.331086e-10
4.300753e-10
4.255124e-10
4.216621e-10
2.405508e-10
2.343657e-10
2.222181e-10
2.037482e-10
1.787655e-10
1.909883e-10
2.570755e-10
2.763229e-10
2.953319e-10
3.803281e-10
4.329266e-10
4.320445e-10
4.289479e-10
4.242777e-10
4.203865e-10
2.41527e-10
2.353488e-10
2.231756e-10
2.046765e-10
1.796834e-10
1.920548e-10
2.5842e-10
2.777903e-10
2.968845e-10
3.821335e-10
4.348521e-10
4.340029e-10
4.308961e-10
4.262622e-10
4.223384e-10
2.436939e-10
2.374985e-10
2.252876e-10
2.067559e-10
1.8173e-10
1.944434e-10
2.614408e-10
2.810247e-10
3.003437e-10
3.860731e-10
4.39038e-10
4.382253e-10
4.351308e-10
4.304923e-10
4.265528e-10
2.475927e-10
2.413639e-10
2.290965e-10
2.105092e-10
1.854241e-10
1.987699e-10
2.668654e-10
2.868319e-10
3.065591e-10
3.931151e-10
4.464989e-10
4.457358e-10
4.426869e-10
4.380481e-10
4.340726e-10
2.539156e-10
2.476169e-10
2.35257e-10
2.16596e-10
1.914257e-10
2.057828e-10
2.756142e-10
2.961656e-10
3.16553e-10
4.04401e-10
4.584443e-10
4.578028e-10
4.548348e-10
4.502139e-10
4.462185e-10
2.627644e-10
2.563522e-10
2.438526e-10
2.250965e-10
1.998359e-10
2.155847e-10
2.877225e-10
3.090845e-10
3.303656e-10
4.199694e-10
4.749488e-10
4.745076e-10
4.71721e-10
4.671873e-10
4.632297e-10
2.720712e-10
2.655628e-10
2.529403e-10
2.340999e-10
2.08748e-10
2.259511e-10
3.004139e-10
3.225659e-10
3.447332e-10
4.36105e-10
4.920372e-10
4.917903e-10
4.891508e-10
4.846965e-10
4.807599e-10
2.801915e-10
2.736038e-10
2.6089e-10
2.419817e-10
2.165368e-10
2.349704e-10
3.113514e-10
3.341363e-10
3.56998e-10
4.498279e-10
5.0653e-10
5.064304e-10
5.03907e-10
4.994989e-10
4.955644e-10
2.856821e-10
2.790584e-10
2.663001e-10
2.473829e-10
2.219439e-10
2.412351e-10
3.189125e-10
3.421573e-10
3.655316e-10
4.593573e-10
5.165942e-10
5.166111e-10
5.141825e-10
5.098197e-10
5.058953e-10
2.885065e-10
2.818641e-10
2.690884e-10
2.50169e-10
2.247407e-10
2.444706e-10
3.228049e-10
3.462926e-10
3.699322e-10
4.64279e-10
5.217962e-10
5.218812e-10
5.195077e-10
5.151788e-10
5.112678e-10
2.885375e-10
2.818948e-10
2.691177e-10
2.501964e-10
2.247652e-10
2.445017e-10
3.228595e-10
3.463578e-10
3.700117e-10
4.644037e-10
5.219568e-10
5.220565e-10
5.196956e-10
5.153789e-10
5.114844e-10
2.857719e-10
2.791433e-10
2.663802e-10
2.474567e-10
2.220128e-10
2.413168e-10
3.190554e-10
3.423414e-10
3.65766e-10
4.597156e-10
5.1705e-10
5.17109e-10
5.14721e-10
5.103963e-10
5.065178e-10
2.803221e-10
2.737339e-10
2.610078e-10
2.420858e-10
2.166325e-10
2.350819e-10
3.115577e-10
3.344064e-10
3.57346e-10
4.503687e-10
5.072292e-10
5.071899e-10
5.047304e-10
5.003862e-10
4.965129e-10
2.722917e-10
2.656927e-10
2.530664e-10
2.342098e-10
2.088434e-10
2.260604e-10
3.006363e-10
3.228678e-10
3.451334e-10
4.367503e-10
4.928788e-10
4.927168e-10
4.901556e-10
4.857717e-10
4.819172e-10
2.565293e-10
2.439683e-10
2.251944e-10
1.999208e-10
2.156715e-10
2.879212e-10
3.093692e-10
3.30755e-10
4.206449e-10
4.758521e-10
4.755044e-10
4.727946e-10
4.6834e-10
4.64456e-10
2.353811e-10
2.166695e-10
1.914806e-10
2.058259e-10
2.757578e-10
2.963968e-10
3.168922e-10
4.050438e-10
4.593411e-10
4.587755e-10
4.558884e-10
4.513393e-10
4.474205e-10
2.105692e-10
1.854434e-10
1.987608e-10
2.669559e-10
2.870009e-10
3.068409e-10
3.93713e-10
4.473681e-10
4.466926e-10
4.437077e-10
4.391343e-10
4.352418e-10
1.817265e-10
1.943977e-10
2.614792e-10
2.811569e-10
3.005813e-10
3.86651e-10
4.39898e-10
4.391746e-10
4.361627e-10
4.315812e-10
4.277202e-10
1.919791e-10
2.5843e-10
2.778963e-10
2.970956e-10
3.827147e-10
4.357354e-10
4.350014e-10
4.319713e-10
4.273982e-10
4.235522e-10
2.570422e-10
2.764263e-10
2.955395e-10
3.809779e-10
4.338795e-10
4.331237e-10
4.301059e-10
4.255505e-10
4.217196e-10
2.405087e-10
2.343916e-10
2.222095e-10
2.037319e-10
1.78778e-10
1.909766e-10
2.570645e-10
2.763606e-10
2.953201e-10
3.804068e-10
4.330073e-10
4.321656e-10
4.290415e-10
4.244335e-10
4.205004e-10
2.415344e-10
2.353594e-10
2.23178e-10
2.04672e-10
1.796838e-10
1.920447e-10
2.584237e-10
2.778048e-10
2.968948e-10
3.821918e-10
4.349352e-10
4.341057e-10
4.310048e-10
4.263774e-10
4.224731e-10
2.437021e-10
2.375086e-10
2.252962e-10
2.067552e-10
1.817277e-10
1.944414e-10
2.614389e-10
2.810419e-10
3.003668e-10
3.861312e-10
4.391226e-10
4.383247e-10
4.352475e-10
4.30609e-10
4.26684e-10
2.476048e-10
2.413735e-10
2.291067e-10
2.105167e-10
1.854244e-10
1.987672e-10
2.668766e-10
2.868461e-10
3.065932e-10
3.9318e-10
4.465936e-10
4.458513e-10
4.428028e-10
4.381693e-10
4.342158e-10
2.539299e-10
2.476322e-10
2.352689e-10
2.166066e-10
1.914337e-10
2.057856e-10
2.756284e-10
2.961959e-10
3.165917e-10
4.044803e-10
4.585624e-10
4.579256e-10
4.549701e-10
4.503554e-10
4.463764e-10
2.627797e-10
2.563709e-10
2.438706e-10
2.251103e-10
1.998493e-10
2.155974e-10
2.877476e-10
3.091194e-10
3.304224e-10
4.200622e-10
4.750841e-10
4.746573e-10
4.718704e-10
4.673574e-10
4.634102e-10
2.72094e-10
2.655819e-10
2.529632e-10
2.341188e-10
2.087637e-10
2.25971e-10
3.004517e-10
3.226172e-10
3.447981e-10
4.362148e-10
4.921796e-10
4.919566e-10
4.893309e-10
4.848851e-10
4.80962e-10
2.802184e-10
2.736316e-10
2.609143e-10
2.420058e-10
2.165586e-10
2.34994e-10
3.11398e-10
3.341962e-10
3.570772e-10
4.49948e-10
5.066879e-10
5.066023e-10
5.040978e-10
4.997034e-10
4.957833e-10
2.857121e-10
2.790864e-10
2.66329e-10
2.474088e-10
2.219685e-10
2.412643e-10
3.189609e-10
3.422239e-10
3.656122e-10
4.594851e-10
5.167566e-10
5.167859e-10
5.143762e-10
5.100275e-10
5.061173e-10
2.885376e-10
2.818938e-10
2.691165e-10
2.501965e-10
2.247649e-10
2.445014e-10
3.228555e-10
3.463567e-10
3.700138e-10
4.644046e-10
5.219599e-10
5.220505e-10
5.19697e-10
5.153775e-10
5.114823e-10
2.885707e-10
2.819237e-10
2.691448e-10
2.502222e-10
2.24789e-10
2.44529e-10
3.229067e-10
3.464231e-10
3.700918e-10
4.645183e-10
5.221092e-10
5.222148e-10
5.198738e-10
5.155655e-10
5.116819e-10
2.85801e-10
2.79173e-10
2.664073e-10
2.474786e-10
2.220328e-10
2.413418e-10
3.190978e-10
3.423984e-10
3.658336e-10
4.598224e-10
5.17187e-10
5.172523e-10
5.148788e-10
5.105665e-10
5.066925e-10
2.804152e-10
2.73757e-10
2.610332e-10
2.421068e-10
2.16648e-10
2.351002e-10
3.11593e-10
3.344526e-10
3.57406e-10
4.504593e-10
5.073441e-10
5.073182e-10
5.048645e-10
5.005273e-10
4.966681e-10
2.657936e-10
2.530793e-10
2.34223e-10
2.088562e-10
2.260721e-10
3.006597e-10
3.229029e-10
3.451752e-10
4.36827e-10
4.929757e-10
4.928201e-10
4.902664e-10
4.858899e-10
4.820336e-10
2.440283e-10
2.252002e-10
1.999265e-10
2.156805e-10
2.87938e-10
3.093877e-10
3.307907e-10
4.206952e-10
4.759363e-10
4.755844e-10
4.728755e-10
4.684293e-10
4.645572e-10
2.166977e-10
1.914843e-10
2.058265e-10
2.757686e-10
2.964107e-10
3.169089e-10
4.050862e-10
4.593994e-10
4.588455e-10
4.559485e-10
4.514041e-10
4.474929e-10
1.854556e-10
1.987617e-10
2.669553e-10
2.8701e-10
3.068514e-10
3.937475e-10
4.474023e-10
4.467448e-10
4.437638e-10
4.391832e-10
4.352914e-10
1.944024e-10
2.614787e-10
2.811568e-10
3.005932e-10
3.866771e-10
4.399316e-10
4.392101e-10
4.362001e-10
4.316322e-10
4.277609e-10
2.58432e-10
2.778978e-10
2.97102e-10
3.82738e-10
4.357703e-10
4.350161e-10
4.320065e-10
4.274427e-10
4.235957e-10
2.764192e-10
2.95535e-10
3.809811e-10
4.339404e-10
4.331504e-10
4.301232e-10
4.255795e-10
4.217574e-10
2.405725e-10
2.343518e-10
2.22234e-10
2.03721e-10
1.787625e-10
1.909816e-10
2.570635e-10
2.763578e-10
2.953647e-10
3.804188e-10
4.33111e-10
4.322533e-10
4.291608e-10
4.245275e-10
4.206538e-10
2.415436e-10
2.353661e-10
2.231859e-10
2.046709e-10
1.79678e-10
1.920416e-10
2.584192e-10
2.778167e-10
2.969187e-10
3.822312e-10
4.35018e-10
4.341915e-10
4.311082e-10
4.264854e-10
4.225869e-10
2.437107e-10
2.375158e-10
2.253041e-10
2.067599e-10
1.817248e-10
1.944353e-10
2.614467e-10
2.810465e-10
3.003939e-10
3.861844e-10
4.392042e-10
4.384121e-10
4.353474e-10
4.307248e-10
4.267994e-10
2.476151e-10
2.413848e-10
2.29114e-10
2.105231e-10
1.854285e-10
1.987641e-10
2.668832e-10
2.868651e-10
3.066169e-10
3.932454e-10
4.466815e-10
4.459491e-10
4.429191e-10
4.382845e-10
4.343358e-10
2.53941e-10
2.476456e-10
2.35282e-10
2.166149e-10
1.914411e-10
2.057922e-10
2.756414e-10
2.962186e-10
3.166328e-10
4.045512e-10
4.586653e-10
4.580468e-10
4.550939e-10
4.504902e-10
4.465169e-10
2.627978e-10
2.563851e-10
2.43887e-10
2.251246e-10
1.998602e-10
2.156111e-10
2.877745e-10
3.091541e-10
3.304685e-10
4.201538e-10
4.752014e-10
4.747962e-10
4.720213e-10
4.675068e-10
4.635795e-10
2.721152e-10
2.656037e-10
2.5298e-10
2.341379e-10
2.087796e-10
2.259874e-10
3.004887e-10
3.226657e-10
3.448626e-10
4.36315e-10
4.923149e-10
4.921029e-10
4.894989e-10
4.850652e-10
4.8115e-10
2.802441e-10
2.736574e-10
2.609396e-10
2.420264e-10
2.165793e-10
2.350184e-10
3.114397e-10
3.342541e-10
3.571501e-10
4.500643e-10
5.068339e-10
5.06764e-10
5.042714e-10
4.998944e-10
4.959873e-10
2.857407e-10
2.791154e-10
2.663547e-10
2.474341e-10
2.21991e-10
2.412919e-10
3.1901e-10
3.422831e-10
3.656928e-10
4.596013e-10
5.1691e-10
5.169521e-10
5.145528e-10
5.102214e-10
5.063246e-10
2.885709e-10
2.819239e-10
2.691439e-10
2.502211e-10
2.24789e-10
2.445287e-10
3.229065e-10
3.464181e-10
3.700907e-10
4.645209e-10
5.2211e-10
5.22218e-10
5.198679e-10
5.155669e-10
5.116805e-10
2.88602e-10
2.819558e-10
2.691716e-10
2.502459e-10
2.248115e-10
2.445561e-10
3.229517e-10
3.464801e-10
3.701701e-10
4.64632e-10
5.222464e-10
5.223706e-10
5.200335e-10
5.157439e-10
5.118681e-10
2.858909e-10
2.792012e-10
2.664346e-10
2.475026e-10
2.220517e-10
2.413644e-10
3.191399e-10
3.424502e-10
3.65902e-10
4.599196e-10
5.173155e-10
5.173923e-10
5.150234e-10
5.107244e-10
5.068622e-10
2.738474e-10
2.610546e-10
2.421286e-10
2.166661e-10
2.35117e-10
3.116249e-10
3.344964e-10
3.574622e-10
4.505471e-10
5.074539e-10
5.074359e-10
5.04994e-10
5.006615e-10
4.968089e-10
2.531739e-10
2.34234e-10
2.08867e-10
2.260862e-10
3.006827e-10
3.229335e-10
3.452191e-10
4.368916e-10
4.930696e-10
4.929193e-10
4.903706e-10
4.860007e-10
4.821514e-10
2.252528e-10
1.999319e-10
2.156852e-10
2.879565e-10
3.094105e-10
3.30815e-10
4.207526e-10
4.76e-10
4.756703e-10
4.72956e-10
4.6851e-10
4.64646e-10
1.915054e-10
2.058308e-10
2.757746e-10
2.964259e-10
3.169283e-10
4.051182e-10
4.594548e-10
4.589052e-10
4.560186e-10
4.514638e-10
4.475573e-10
1.987722e-10
2.669631e-10
2.870125e-10
3.068642e-10
3.937719e-10
4.474485e-10
4.467796e-10
4.438162e-10
4.392386e-10
4.353397e-10
2.614893e-10
2.81159e-10
3.005963e-10
3.86701e-10
4.399677e-10
4.392448e-10
4.362355e-10
4.316692e-10
4.278112e-10
2.779012e-10
2.971064e-10
3.827571e-10
4.358025e-10
4.350521e-10
4.320208e-10
4.274775e-10
4.236396e-10
2.955287e-10
3.809891e-10
4.339473e-10
4.33212e-10
4.301492e-10
4.255979e-10
4.217856e-10
2.405494e-10
2.344116e-10
2.221983e-10
2.037398e-10
1.787542e-10
1.909576e-10
2.570766e-10
2.763653e-10
2.953726e-10
3.804998e-10
4.331412e-10
4.323564e-10
4.292514e-10
4.246444e-10
4.207472e-10
2.415481e-10
2.353739e-10
2.231907e-10
2.046746e-10
1.796747e-10
1.920315e-10
2.584253e-10
2.778189e-10
2.969397e-10
3.822852e-10
4.350784e-10
4.342768e-10
4.311944e-10
4.265879e-10
4.226937e-10
2.437189e-10
2.375237e-10
2.253092e-10
2.067641e-10
1.817263e-10
1.944285e-10
2.614477e-10
2.81062e-10
3.004063e-10
3.862416e-10
4.392787e-10
4.384965e-10
4.354352e-10
4.30824e-10
4.26914e-10
2.476224e-10
2.413941e-10
2.291233e-10
2.10527e-10
1.854318e-10
1.987661e-10
2.668878e-10
2.868795e-10
3.066449e-10
3.932975e-10
4.467687e-10
4.460394e-10
4.430177e-10
4.384002e-10
4.344499e-10
2.539542e-10
2.476558e-10
2.352932e-10
2.166244e-10
1.914467e-10
2.057981e-10
2.756595e-10
2.962393e-10
3.166652e-10
4.046231e-10
4.587585e-10
4.581523e-10
4.55216e-10
4.506136e-10
4.466506e-10
2.628147e-10
2.564023e-10
2.438992e-10
2.251375e-10
1.998714e-10
2.156217e-10
2.878031e-10
3.0919e-10
3.305143e-10
4.202304e-10
4.753167e-10
4.749167e-10
4.721614e-10
4.676575e-10
4.637282e-10
2.721347e-10
2.656238e-10
2.529995e-10
2.341515e-10
2.087957e-10
2.260042e-10
3.005203e-10
3.22713e-10
3.44923e-10
4.364139e-10
4.924389e-10
4.922416e-10
4.896467e-10
4.852331e-10
4.813295e-10
2.802695e-10
2.736821e-10
2.609632e-10
2.420482e-10
2.165971e-10
2.350415e-10
3.114821e-10
3.343061e-10
3.572208e-10
4.501713e-10
5.069748e-10
5.069136e-10
5.044347e-10
5.000682e-10
4.961778e-10
2.857725e-10
2.791429e-10
2.663814e-10
2.474564e-10
2.22013e-10
2.413171e-10
3.19056e-10
3.423434e-10
3.657639e-10
4.597171e-10
5.170499e-10
5.171091e-10
5.147205e-10
5.103982e-10
5.06518e-10
2.886017e-10
2.81956e-10
2.691717e-10
2.502451e-10
2.248106e-10
2.445561e-10
3.229514e-10
3.4648e-10
3.701641e-10
4.646306e-10
5.222494e-10
5.223715e-10
5.200368e-10
5.157379e-10
5.118695e-10
2.886848e-10
2.819863e-10
2.692013e-10
2.502697e-10
2.248322e-10
2.445815e-10
3.229966e-10
3.465347e-10
3.702378e-10
4.647431e-10
5.223823e-10
5.225109e-10
5.201908e-10
5.159037e-10
5.12046e-10
2.792884e-10
2.664611e-10
2.475263e-10
2.220729e-10
2.413854e-10
3.191779e-10
3.425017e-10
3.659643e-10
4.600174e-10
5.174323e-10
5.175238e-10
5.151646e-10
5.10869e-10
5.070197e-10
2.611396e-10
2.421476e-10
2.166843e-10
2.351375e-10
3.116548e-10
3.34536e-10
3.575154e-10
4.506295e-10
5.075602e-10
5.075481e-10
5.051126e-10
5.007909e-10
4.969427e-10
2.343183e-10
2.088771e-10
2.260969e-10
3.007082e-10
3.229632e-10
3.452575e-10
4.369586e-10
4.931495e-10
4.930153e-10
4.904707e-10
4.861049e-10
4.822617e-10
1.999729e-10
2.156918e-10
2.879684e-10
3.094347e-10
3.308446e-10
4.207939e-10
4.760722e-10
4.757355e-10
4.730422e-10
4.685903e-10
4.647263e-10
2.058511e-10
2.757871e-10
2.964362e-10
3.16948e-10
4.05154e-10
4.594975e-10
4.58962e-10
4.560785e-10
4.515333e-10
4.476164e-10
2.669805e-10
2.870252e-10
3.068702e-10
3.937968e-10
4.474826e-10
4.468273e-10
4.438508e-10
4.392906e-10
4.353945e-10
2.811726e-10
3.006011e-10
3.867157e-10
4.4e-10
4.392819e-10
4.362704e-10
4.31704e-10
4.278477e-10
2.971111e-10
3.827695e-10
4.358305e-10
4.350851e-10
4.320567e-10
4.274914e-10
4.236739e-10
3.809867e-10
4.339642e-10
4.332178e-10
4.3021e-10
4.256232e-10
4.218043e-10
2.405517e-10
2.343856e-10
2.2225e-10
2.037084e-10
1.78763e-10
1.909547e-10
2.570527e-10
2.763829e-10
2.953877e-10
3.80536e-10
4.332473e-10
4.323906e-10
4.293526e-10
4.247355e-10
4.208621e-10
2.415562e-10
2.353778e-10
2.231961e-10
2.046762e-10
1.796749e-10
1.920235e-10
2.584206e-10
2.778319e-10
2.9695e-10
3.823342e-10
4.351537e-10
4.343399e-10
4.312799e-10
4.266734e-10
4.227951e-10
2.437238e-10
2.37531e-10
2.253152e-10
2.067659e-10
1.817275e-10
1.944273e-10
2.614468e-10
2.810696e-10
3.004306e-10
3.862782e-10
4.393569e-10
4.385732e-10
4.355204e-10
4.309112e-10
4.270121e-10
2.476322e-10
2.414007e-10
2.291306e-10
2.10533e-10
1.854333e-10
1.987668e-10
2.668996e-10
2.868907e-10
3.066682e-10
3.933527e-10
4.468408e-10
4.461289e-10
4.431084e-10
4.384983e-10
4.345645e-10
2.539659e-10
2.476681e-10
2.353015e-10
2.166323e-10
1.914533e-10
2.058021e-10
2.756763e-10
2.962651e-10
3.166948e-10
4.046824e-10
4.588514e-10
4.582482e-10
4.55322e-10
4.507351e-10
4.467731e-10
2.628298e-10
2.564183e-10
2.439142e-10
2.251465e-10
1.998816e-10
2.156326e-10
2.878266e-10
3.092279e-10
3.305601e-10
4.203061e-10
4.754141e-10
4.75035e-10
4.722831e-10
4.677973e-10
4.638781e-10
2.721524e-10
2.656424e-10
2.530176e-10
2.341678e-10
2.088071e-10
2.260217e-10
3.005518e-10
3.227538e-10
3.44982e-10
4.365056e-10
4.92561e-10
4.92369e-10
4.897868e-10
4.853811e-10
4.814968e-10
2.802983e-10
2.737064e-10
2.609857e-10
2.420685e-10
2.166158e-10
2.350609e-10
3.115223e-10
3.343588e-10
3.572842e-10
4.502751e-10
5.071045e-10
5.07058e-10
5.045857e-10
5.002315e-10
4.963511e-10
2.858026e-10
2.791735e-10
2.664068e-10
2.474797e-10
2.220325e-10
2.41342e-10
3.190982e-10
3.423993e-10
3.658366e-10
4.598195e-10
5.17189e-10
5.172522e-10
5.14879e-10
5.10566e-10
5.066944e-10
2.886852e-10
2.819859e-10
2.692015e-10
2.502698e-10
2.248314e-10
2.445804e-10
3.229965e-10
3.465344e-10
3.702379e-10
4.647354e-10
5.223808e-10
5.225139e-10
5.201918e-10
5.15907e-10
5.120401e-10
2.820665e-10
2.6923e-10
2.502958e-10
2.248532e-10
2.446049e-10
3.230381e-10
3.465892e-10
3.703028e-10
4.648394e-10
5.22515e-10
5.226497e-10
5.203323e-10
5.16061e-10
5.122055e-10
2.665432e-10
2.475502e-10
2.22093e-10
2.414102e-10
3.192131e-10
3.425481e-10
3.660261e-10
4.60107e-10
5.175495e-10
5.176431e-10
5.152972e-10
5.110103e-10
5.071639e-10
2.42224e-10
2.167012e-10
2.351571e-10
3.116887e-10
3.345731e-10
3.575634e-10
4.507078e-10
5.076599e-10
5.076567e-10
5.052258e-10
5.009095e-10
4.970716e-10
2.08944e-10
2.261091e-10
3.007286e-10
3.22995e-10
3.452948e-10
4.370179e-10
4.932322e-10
4.930971e-10
4.905672e-10
4.862048e-10
4.823655e-10
2.157337e-10
2.879843e-10
3.094515e-10
3.308746e-10
4.208427e-10
4.761252e-10
4.758094e-10
4.731076e-10
4.68676e-10
4.64806e-10
2.758171e-10
2.964538e-10
3.169633e-10
4.051875e-10
4.595448e-10
4.590057e-10
4.561355e-10
4.515928e-10
4.476852e-10
2.870448e-10
3.068879e-10
3.938152e-10
4.47516e-10
4.468621e-10
4.438989e-10
4.393247e-10
4.354459e-10
3.00618e-10
3.867284e-10
4.400231e-10
4.393146e-10
4.363073e-10
4.317386e-10
4.278821e-10
3.827827e-10
4.358488e-10
4.351138e-10
4.320899e-10
4.275268e-10
4.236876e-10
4.339653e-10
4.332369e-10
4.30215e-10
4.256827e-10
4.218291e-10
2.405741e-10
2.34393e-10
2.222211e-10
2.037485e-10
1.787406e-10
1.909527e-10
2.570643e-10
2.763666e-10
2.954116e-10
3.805749e-10
4.333042e-10
4.32497e-10
4.29389e-10
4.248344e-10
4.209526e-10
2.415612e-10
2.353855e-10
2.231985e-10
2.046781e-10
1.79674e-10
1.920213e-10
2.584167e-10
2.778341e-10
2.969711e-10
3.823691e-10
4.352223e-10
4.344173e-10
4.313438e-10
4.267581e-10
4.228796e-10
2.437317e-10
2.375352e-10
2.253205e-10
2.067689e-10
1.81727e-10
1.944257e-10
2.614536e-10
2.810748e-10
3.004459e-10
3.863293e-10
4.394109e-10
4.386535e-10
4.355973e-10
4.309959e-10
4.270984e-10
2.476403e-10
2.414097e-10
2.291355e-10
2.105372e-10
1.854368e-10
1.987657e-10
2.669079e-10
2.869096e-10
3.066871e-10
3.934009e-10
4.469149e-10
4.462034e-10
4.431982e-10
4.385884e-10
4.346617e-10
2.539774e-10
2.476791e-10
2.35312e-10
2.166377e-10
1.914588e-10
2.058077e-10
2.756897e-10
2.962892e-10
3.167293e-10
4.047378e-10
4.589295e-10
4.583436e-10
4.554187e-10
4.508406e-10
4.468936e-10
2.62843e-10
2.564325e-10
2.439284e-10
2.251584e-10
1.998886e-10
2.156427e-10
2.878495e-10
3.092597e-10
3.306085e-10
4.203798e-10
4.755103e-10
4.751351e-10
4.724024e-10
4.679188e-10
4.640172e-10
2.721757e-10
2.656591e-10
2.530342e-10
2.341828e-10
2.088208e-10
2.260333e-10
3.005842e-10
3.227943e-10
3.450332e-10
4.365955e-10
4.926738e-10
4.924944e-10
4.899156e-10
4.855211e-10
4.816443e-10
2.803225e-10
2.737341e-10
2.61008e-10
2.420877e-10
2.166332e-10
2.350817e-10
3.115566e-10
3.344087e-10
3.573483e-10
4.503686e-10
5.072304e-10
5.071907e-10
5.047315e-10
5.003827e-10
4.96514e-10
2.858912e-10
2.792028e-10
2.664351e-10
2.47502e-10
2.220527e-10
2.413637e-10
3.191401e-10
3.424507e-10
3.659034e-10
4.599237e-10
5.173121e-10
5.173946e-10
5.150234e-10
5.107246e-10
5.068618e-10
2.820669e-10
2.692296e-10
2.502959e-10
2.248533e-10
2.446035e-10
3.230366e-10
3.46589e-10
3.703027e-10
4.648398e-10
5.225062e-10
5.226482e-10
5.203353e-10
5.160621e-10
5.122087e-10
2.693056e-10
2.503218e-10
2.248757e-10
2.44629e-10
3.230769e-10
3.46639e-10
3.703679e-10
4.649319e-10
5.226301e-10
5.227853e-10
5.204723e-10
5.162026e-10
5.123623e-10
2.476245e-10
2.221143e-10
2.414315e-10
3.192539e-10
3.42591e-10
3.660816e-10
4.601959e-10
5.176571e-10
5.177628e-10
5.154175e-10
5.111429e-10
5.073047e-10
2.167641e-10
2.35177e-10
3.117214e-10
3.346139e-10
3.576086e-10
4.507783e-10
5.077548e-10
5.077587e-10
5.053352e-10
5.010226e-10
4.971899e-10
2.261788e-10
3.007518e-10
3.230212e-10
3.453332e-10
4.370762e-10
4.933055e-10
4.931817e-10
4.906496e-10
4.86301e-10
4.82465e-10
2.880413e-10
3.094733e-10
3.308971e-10
4.208891e-10
4.761871e-10
4.758636e-10
4.73182e-10
4.687412e-10
4.648912e-10
2.964865e-10
3.169861e-10
4.052186e-10
4.595876e-10
4.590541e-10
4.561792e-10
4.516493e-10
4.477441e-10
3.069098e-10
3.938449e-10
4.475434e-10
4.46896e-10
4.439335e-10
4.393724e-10
4.354796e-10
3.867579e-10
4.400416e-10
4.393385e-10
4.363399e-10
4.317751e-10
4.279163e-10
4.358681e-10
4.351325e-10
4.321182e-10
4.275596e-10
4.237225e-10
4.332393e-10
4.302348e-10
4.256872e-10
4.218875e-10
2.405672e-10
2.344098e-10
2.222335e-10
2.037185e-10
1.787646e-10
1.909275e-10
2.570629e-10
2.76387e-10
2.954053e-10
3.806262e-10
4.333599e-10
4.325574e-10
4.294937e-10
4.248718e-10
4.210498e-10
2.415662e-10
2.353893e-10
2.232044e-10
2.046779e-10
1.796733e-10
1.920167e-10
2.584226e-10
2.778345e-10
2.969813e-10
3.824152e-10
4.35275e-10
4.344878e-10
4.314212e-10
4.268217e-10
4.229633e-10
2.437373e-10
2.375425e-10
2.253231e-10
2.067712e-10
1.817278e-10
1.944225e-10
2.614588e-10
2.810879e-10
3.004582e-10
3.863673e-10
4.394808e-10
4.387095e-10
4.356779e-10
4.310721e-10
4.271822e-10
2.476484e-10
2.41417e-10
2.291427e-10
2.105394e-10
1.854386e-10
1.987684e-10
2.669136e-10
2.869236e-10
3.067142e-10
3.934424e-10
4.469806e-10
4.462794e-10
4.432732e-10
4.386775e-10
4.347509e-10
2.539864e-10
2.476898e-10
2.353212e-10
2.166453e-10
1.914623e-10
2.058118e-10
2.757054e-10
2.963092e-10
3.167617e-10
4.04798e-10
4.590028e-10
4.584238e-10
4.555145e-10
4.509369e-10
4.469982e-10
2.628607e-10
2.56445e-10
2.439406e-10
2.251697e-10
1.998981e-10
2.156485e-10
2.878714e-10
3.092901e-10
3.306499e-10
4.204568e-10
4.756029e-10
4.75234e-10
4.725035e-10
4.680379e-10
4.641381e-10
2.721926e-10
2.656814e-10
2.530491e-10
2.341964e-10
2.088335e-10
2.260482e-10
3.006079e-10
3.228355e-10
3.450836e-10
4.366742e-10
4.927842e-10
4.926099e-10
4.900421e-10
4.8565e-10
4.817839e-10
2.804161e-10
2.737574e-10
2.610333e-10
2.42107e-10
2.166495e-10
2.35101e-10
3.115926e-10
3.344514e-10
3.574088e-10
4.504623e-10
5.07344e-10
5.073195e-10
5.048653e-10
5.005284e-10
4.966647e-10
2.792887e-10
2.664626e-10
2.475267e-10
2.220723e-10
2.413864e-10
3.191765e-10
3.425019e-10
3.65965e-10
4.600194e-10
5.174372e-10
5.175204e-10
5.151672e-10
5.108691e-10
5.070199e-10
2.693059e-10
2.503215e-10
2.248758e-10
2.446292e-10
3.230746e-10
3.466375e-10
3.703677e-10
4.64932e-10
5.226306e-10
5.227763e-10
5.204708e-10
5.162056e-10
5.123633e-10
2.503903e-10
2.248992e-10
2.446541e-10
3.231161e-10
3.466862e-10
3.704267e-10
4.650246e-10
5.227408e-10
5.229027e-10
5.206091e-10
5.163425e-10
5.125035e-10
2.221772e-10
2.414566e-10
3.19288e-10
3.4264e-10
3.661329e-10
4.602753e-10
5.177639e-10
5.178727e-10
5.155382e-10
5.112632e-10
5.074369e-10
2.35243e-10
3.11754e-10
3.346533e-10
3.576566e-10
4.50846e-10
5.078403e-10
5.078556e-10
5.054378e-10
5.011318e-10
4.973026e-10
3.008427e-10
3.230508e-10
3.45366e-10
4.371326e-10
4.933779e-10
4.932568e-10
4.907348e-10
4.863833e-10
4.825608e-10
3.095328e-10
3.30925e-10
4.209292e-10
4.762443e-10
4.75927e-10
4.732365e-10
4.688153e-10
4.64956e-10
3.170217e-10
4.052541e-10
4.596299e-10
4.590975e-10
4.562276e-10
4.516926e-10
4.478001e-10
3.938793e-10
4.475811e-10
4.469241e-10
4.439671e-10
4.394066e-10
4.355268e-10
4.400797e-10
4.393572e-10
4.363636e-10
4.318072e-10
4.279523e-10
4.351518e-10
4.321369e-10
4.275874e-10
4.23755e-10
4.302381e-10
4.25707e-10
4.218919e-10
2.40597e-10
2.344008e-10
2.222424e-10
2.037325e-10
1.787418e-10
1.909479e-10
2.570397e-10
2.763872e-10
2.954329e-10
3.806396e-10
4.334304e-10
4.326142e-10
4.295554e-10
4.249742e-10
4.210874e-10
2.415714e-10
2.353939e-10
2.232062e-10
2.046807e-10
1.796715e-10
1.920132e-10
2.58423e-10
2.778467e-10
2.969869e-10
3.824475e-10
4.353386e-10
4.345426e-10
4.314918e-10
4.268983e-10
4.230263e-10
2.437442e-10
2.375473e-10
2.253287e-10
2.067712e-10
1.817277e-10
1.944215e-10
2.614615e-10
2.810983e-10
3.004785e-10
3.864002e-10
4.395349e-10
4.387814e-10
4.357341e-10
4.31152e-10
4.272576e-10
2.476541e-10
2.414245e-10
2.291485e-10
2.105439e-10
1.854392e-10
1.987674e-10
2.669263e-10
2.869347e-10
3.067345e-10
3.934938e-10
4.470379e-10
4.463471e-10
4.433494e-10
4.387521e-10
4.348391e-10
2.540003e-10
2.476981e-10
2.353302e-10
2.166518e-10
1.914675e-10
2.058139e-10
2.757181e-10
2.963316e-10
3.167893e-10
4.048544e-10
4.590806e-10
4.584993e-10
4.555953e-10
4.510323e-10
4.470938e-10
2.628706e-10
2.564618e-10
2.439514e-10
2.251791e-10
1.99907e-10
2.156579e-10
2.878859e-10
3.093194e-10
3.306885e-10
4.205239e-10
4.756992e-10
4.753289e-10
4.726032e-10
4.681389e-10
4.642566e-10
2.722937e-10
2.656977e-10
2.530692e-10
2.342087e-10
2.088448e-10
2.260617e-10
3.006359e-10
3.228667e-10
3.451347e-10
4.367512e-10
4.928815e-10
4.927231e-10
4.901586e-10
4.857766e-10
4.819124e-10
2.738483e-10
2.610549e-10
2.421287e-10
2.166662e-10
2.35119e-10
3.11626e-10
3.34496e-10
3.574609e-10
4.505507e-10
5.074573e-10
5.074357e-10
5.049953e-10
5.006623e-10
4.9681e-10
2.665434e-10
2.475516e-10
2.220933e-10
2.414088e-10
3.192145e-10
3.425461e-10
3.660263e-10
4.601082e-10
5.175518e-10
5.176483e-10
5.152939e-10
5.110129e-10
5.07164e-10
2.503906e-10
2.24899e-10
2.44654e-10
3.231164e-10
3.466833e-10
3.704251e-10
4.650244e-10
5.22741e-10
5.229034e-10
5.206e-10
5.163411e-10
5.125065e-10
2.249579e-10
2.446819e-10
3.231562e-10
3.467328e-10
3.704831e-10
4.651077e-10
5.228517e-10
5.230157e-10
5.207273e-10
5.164794e-10
5.12643e-10
2.415242e-10
3.19327e-10
3.426803e-10
3.661907e-10
4.603502e-10
5.178591e-10
5.179817e-10
5.156489e-10
5.113837e-10
5.075569e-10
3.118417e-10
3.346922e-10
3.577036e-10
4.509141e-10
5.079231e-10
5.079429e-10
5.055353e-10
5.012344e-10
4.974114e-10
3.231431e-10
3.454019e-10
4.371853e-10
4.934462e-10
4.933308e-10
4.908104e-10
4.864683e-10
4.826428e-10
3.309869e-10
4.209706e-10
4.762967e-10
4.759852e-10
4.733001e-10
4.688695e-10
4.650296e-10
4.053055e-10
4.596737e-10
4.59141e-10
4.562709e-10
4.517406e-10
4.478431e-10
4.476241e-10
4.469627e-10
4.439951e-10
4.394396e-10
4.355606e-10
4.393957e-10
4.363822e-10
4.318305e-10
4.27984e-10
4.321557e-10
4.276059e-10
4.237823e-10
4.25711e-10
4.219116e-10
2.405881e-10
2.344322e-10
2.222304e-10
2.037329e-10
1.787522e-10
1.909242e-10
2.570714e-10
2.763715e-10
2.954369e-10
3.806927e-10
4.334588e-10
4.326856e-10
4.296121e-10
4.250359e-10
4.21188e-10
2.415745e-10
2.353984e-10
2.232096e-10
2.046798e-10
1.796716e-10
1.92009e-10
2.584253e-10
2.778519e-10
2.970062e-10
3.824717e-10
4.353868e-10
4.346079e-10
4.315472e-10
4.269682e-10
4.231019e-10
2.437477e-10
2.375536e-10
2.25332e-10
2.067742e-10
1.817265e-10
1.944186e-10
2.61468e-10
2.811062e-10
3.004948e-10
3.864432e-10
4.395826e-10
4.388372e-10
4.358062e-10
4.312077e-10
4.273365e-10
2.476636e-10
2.414295e-10
2.291544e-10
2.10547e-10
1.854416e-10
1.987665e-10
2.669306e-10
2.869545e-10
3.067518e-10
3.935344e-10
4.471063e-10
4.464063e-10
4.434177e-10
4.388276e-10
4.34913e-10
2.540096e-10
2.477112e-10
2.35337e-10
2.16658e-10
1.914721e-10
2.058181e-10
2.757279e-10
2.963502e-10
3.16819e-10
4.049045e-10
4.591534e-10
4.585789e-10
4.556714e-10
4.511127e-10
4.471884e-10
2.62936e-10
2.564712e-10
2.439664e-10
2.251874e-10
1.999143e-10
2.156672e-10
2.879061e-10
3.093398e-10
3.307262e-10
4.20586e-10
4.757837e-10
4.754275e-10
4.726987e-10
4.682385e-10
4.643571e-10
2.657956e-10
2.530841e-10
2.342256e-10
2.088554e-10
2.260737e-10
3.006615e-10
3.229027e-10
3.451742e-10
4.368288e-10
4.929764e-10
4.928228e-10
4.902727e-10
4.858929e-10
4.820385e-10
2.611404e-10
2.42148e-10
2.166844e-10
2.351379e-10
3.116575e-10
3.345371e-10
3.57515e-10
4.506278e-10
5.075642e-10
5.075516e-10
5.051125e-10
5.007922e-10
4.969434e-10
2.476245e-10
2.221156e-10
2.414321e-10
3.192511e-10
3.425923e-10
3.66079e-10
4.60196e-10
5.176586e-10
5.177653e-10
5.15423e-10
5.111396e-10
5.073074e-10
2.249582e-10
2.446817e-10
3.231559e-10
3.467333e-10
3.704796e-10
4.651056e-10
5.228514e-10
5.23016e-10
5.20728e-10
5.164703e-10
5.126416e-10
2.447446e-10
3.231991e-10
3.467807e-10
3.705375e-10
4.651891e-10
5.229507e-10
5.231289e-10
5.20841e-10
5.165975e-10
5.127794e-10
3.194189e-10
3.427257e-10
3.66238e-10
4.604305e-10
5.179497e-10
5.180788e-10
5.157587e-10
5.114943e-10
5.07677e-10
3.347841e-10
3.577486e-10
4.50984e-10
5.080043e-10
5.080273e-10
5.056232e-10
5.013317e-10
4.975135e-10
3.454953e-10
4.372356e-10
4.935126e-10
4.934002e-10
4.908849e-10
4.865438e-10
4.827274e-10
4.210534e-10
4.76347e-10
4.760389e-10
4.733584e-10
4.689328e-10
4.650836e-10
4.597356e-10
4.591856e-10
4.563144e-10
4.517834e-10
4.478906e-10
4.470053e-10
4.440338e-10
4.394673e-10
4.355932e-10
4.364203e-10
4.318488e-10
4.28007e-10
4.276242e-10
4.238006e-10
4.219159e-10
2.40581e-10
2.344225e-10
2.22262e-10
2.037191e-10
1.787467e-10
1.909355e-10
2.57052e-10
2.764068e-10
2.954294e-10
3.807134e-10
4.33529e-10
4.327182e-10
4.296827e-10
4.25092e-10
4.212492e-10
2.415808e-10
2.354007e-10
2.232126e-10
2.046808e-10
1.796694e-10
1.920069e-10
2.584261e-10
2.778591e-10
2.970172e-10
3.825128e-10
4.354246e-10
4.346583e-10
4.316125e-10
4.270232e-10
4.23171e-10
2.43758e-10
2.375565e-10
2.253369e-10
2.06775e-10
1.817273e-10
1.944157e-10
2.614699e-10
2.811183e-10
3.005086e-10
3.864787e-10
4.396413e-10
4.388866e-10
4.358624e-10
4.312792e-10
4.273917e-10
2.476702e-10
2.414384e-10
2.29158e-10
2.105505e-10
1.85443e-10
1.987675e-10
2.669366e-10
2.869629e-10
3.067795e-10
3.93571e-10
4.47161e-10
4.464764e-10
4.434771e-10
4.388955e-10
4.349878e-10
2.540454e-10
2.4772e-10
2.353484e-10
2.166626e-10
1.914763e-10
2.058223e-10
2.757403e-10
2.963657e-10
3.168444e-10
4.049556e-10
4.59219e-10
4.586535e-10
4.557512e-10
4.511884e-10
4.472682e-10
2.56534e-10
2.439745e-10
2.251995e-10
1.999211e-10
2.156736e-10
2.879257e-10
3.093668e-10
3.307531e-10
4.206469e-10
4.758619e-10
4.755142e-10
4.72798e-10
4.683336e-10
4.644563e-10
2.531758e-10
2.342384e-10
2.088691e-10
2.260851e-10
3.006848e-10
3.229353e-10
3.452189e-10
4.3689e-10
4.930717e-10
4.929199e-10
4.903733e-10
4.86007e-10
4.821544e-10
2.422247e-10
2.167016e-10
2.351572e-10
3.116898e-10
3.345761e-10
3.575644e-10
4.507072e-10
5.07658e-10
5.076608e-10
5.052293e-10
5.009094e-10
4.970729e-10
2.221772e-10
2.414583e-10
3.192888e-10
3.426363e-10
3.661343e-10
4.602718e-10
5.177639e-10
5.178743e-10
5.155407e-10
5.112687e-10
5.074337e-10
2.447452e-10
3.231991e-10
3.467802e-10
3.705381e-10
4.651845e-10
5.229484e-10
5.231286e-10
5.208414e-10
5.165983e-10
5.127705e-10
3.232843e-10
3.468306e-10
3.705941e-10
4.652639e-10
5.230486e-10
5.232297e-10
5.209551e-10
5.167111e-10
5.128972e-10
3.428249e-10
3.662896e-10
4.605003e-10
5.180445e-10
5.181712e-10
5.158564e-10
5.11604e-10
5.077873e-10
3.578448e-10
4.510446e-10
5.080896e-10
5.081098e-10
5.057081e-10
5.014194e-10
4.976105e-10
4.373547e-10
4.935721e-10
4.934681e-10
4.909545e-10
4.866181e-10
4.828026e-10
4.764431e-10
4.760903e-10
4.734123e-10
4.689907e-10
4.651465e-10
4.592471e-10
4.563591e-10
4.518265e-10
4.47933e-10
4.440756e-10
4.395057e-10
4.356206e-10
4.318862e-10
4.280251e-10
4.238187e-10
2.405959e-10
2.344136e-10
2.222512e-10
2.037469e-10
1.787373e-10
1.909172e-10
2.570724e-10
2.763975e-10
2.954701e-10
3.807213e-10
4.335624e-10
4.327879e-10
4.297175e-10
4.251612e-10
4.213046e-10
2.415762e-10
2.354065e-10
2.232134e-10
2.046815e-10
1.796686e-10
1.920035e-10
2.584304e-10
2.778641e-10
2.970299e-10
3.82542e-10
4.354808e-10
4.346972e-10
4.316635e-10
4.270878e-10
4.232254e-10
2.437603e-10
2.375664e-10
2.253384e-10
2.067776e-10
1.817265e-10
1.944147e-10
2.614731e-10
2.811244e-10
3.005272e-10
3.865109e-10
4.396904e-10
4.38947e-10
4.359121e-10
4.31335e-10
4.274623e-10
2.476934e-10
2.414444e-10
2.291654e-10
2.10552e-10
1.854446e-10
1.987673e-10
2.669444e-10
2.869743e-10
3.067927e-10
3.936206e-10
4.472112e-10
4.465324e-10
4.435475e-10
4.389546e-10
4.35055e-10
2.477541e-10
2.353558e-10
2.166713e-10
1.914796e-10
2.058248e-10
2.75753e-10
2.963835e-10
3.168662e-10
4.05001e-10
4.592847e-10
4.587208e-10
4.55826e-10
4.512676e-10
4.473433e-10
2.440328e-10
2.25206e-10
1.999305e-10
2.156807e-10
2.879406e-10
3.093928e-10
3.307875e-10
4.206927e-10
4.759385e-10
4.755941e-10
4.728853e-10
4.684327e-10
4.645509e-10
2.343201e-10
2.088807e-10
2.260993e-10
3.007068e-10
3.229654e-10
3.452593e-10
4.369585e-10
4.931477e-10
4.930175e-10
4.904711e-10
4.861075e-10
4.822679e-10
2.167647e-10
2.351775e-10
3.117213e-10
3.346155e-10
3.576118e-10
4.507794e-10
5.077542e-10
5.077567e-10
5.053393e-10
5.010261e-10
4.971897e-10
2.415241e-10
3.193295e-10
3.426813e-10
3.661859e-10
4.603519e-10
5.178549e-10
5.179818e-10
5.156505e-10
5.113863e-10
5.075624e-10
3.232854e-10
3.468306e-10
3.705935e-10
4.652648e-10
5.230434e-10
5.232274e-10
5.209548e-10
5.167115e-10
5.12898e-10
3.46923e-10
3.706509e-10
4.653463e-10
5.231367e-10
5.233295e-10
5.210563e-10
5.16825e-10
5.130105e-10
3.663966e-10
4.605684e-10
5.181295e-10
5.182676e-10
5.159491e-10
5.117016e-10
5.078966e-10
4.511677e-10
5.081601e-10
5.081966e-10
5.057908e-10
5.015041e-10
4.976979e-10
4.937071e-10
4.935287e-10
4.910226e-10
4.866874e-10
4.828765e-10
4.761851e-10
4.734641e-10
4.690443e-10
4.65204e-10
4.564197e-10
4.518709e-10
4.479758e-10
4.395467e-10
4.356586e-10
4.280621e-10
2.406144e-10
2.344284e-10
2.222413e-10
2.037351e-10
1.787543e-10
1.909166e-10
2.570478e-10
2.764182e-10
2.954717e-10
3.807894e-10
4.335817e-10
4.328232e-10
4.297855e-10
4.25197e-10
4.213727e-10
2.415864e-10
2.354018e-10
2.232178e-10
2.046802e-10
1.796676e-10
1.920001e-10
2.58433e-10
2.778736e-10
2.970396e-10
3.825725e-10
4.355232e-10
4.347548e-10
4.317024e-10
4.271387e-10
4.232892e-10
2.437741e-10
2.37568e-10
2.253469e-10
2.067771e-10
1.817274e-10
1.944115e-10
2.614777e-10
2.811326e-10
3.005379e-10
3.865484e-10
4.397357e-10
4.389971e-10
4.359726e-10
4.313844e-10
4.275175e-10
2.414663e-10
2.291702e-10
2.105569e-10
1.85445e-10
1.987669e-10
2.669499e-10
2.86987e-10
3.068101e-10
3.936502e-10
4.472757e-10
4.465839e-10
4.436034e-10
4.390244e-10
4.351136e-10
2.353868e-10
2.166768e-10
1.914856e-10
2.058279e-10
2.757615e-10
2.964018e-10
3.1689e-10
4.050409e-10
4.59344e-10
4.587878e-10
4.558936e-10
4.51342e-10
4.474219e-10
2.252569e-10
1.999363e-10
2.1569e-10
2.879567e-10
3.094129e-10
3.308207e-10
4.207481e-10
4.759973e-10
4.756725e-10
4.729655e-10
4.685197e-10
4.646493e-10
2.089455e-10
2.261134e-10
3.007316e-10
3.229936e-10
3.452969e-10
4.370198e-10
4.93232e-10
4.930953e-10
4.905694e-10
4.862052e-10
4.82368e-10
2.352439e-10
3.117546e-10
3.346532e-10
3.576585e-10
4.508498e-10
5.078414e-10
5.07855e-10
5.054359e-10
5.01136e-10
4.97306e-10
3.194185e-10
3.427287e-10
3.662391e-10
4.604238e-10
5.179516e-10
5.180745e-10
5.157587e-10
5.11496e-10
5.076796e-10
3.469244e-10
3.70651e-10
4.653452e-10
5.231378e-10
5.233242e-10
5.21054e-10
5.168247e-10
5.130109e-10
3.707511e-10
4.654205e-10
5.232362e-10
5.234189e-10
5.211568e-10
5.16926e-10
5.13124e-10
4.607061e-10
5.182078e-10
5.183539e-10
5.160461e-10
5.117941e-10
5.079938e-10
5.082999e-10
5.082679e-10
5.058777e-10
5.015865e-10
4.977823e-10
4.93661e-10
4.910836e-10
4.867552e-10
4.829455e-10
4.73557e-10
4.69096e-10
4.652572e-10
4.519305e-10
4.480198e-10
4.35699e-10
2.405751e-10
2.344474e-10
2.22254e-10
2.037255e-10
1.787443e-10
1.909256e-10
2.570626e-10
2.763962e-10
2.954913e-10
3.808111e-10
4.336684e-10
4.328451e-10
4.298216e-10
4.252631e-10
4.214086e-10
2.415986e-10
2.354107e-10
2.232135e-10
2.046824e-10
1.796653e-10
1.919963e-10
2.584335e-10
2.778813e-10
2.97055e-10
3.825982e-10
4.355662e-10
4.347986e-10
4.3176e-10
4.271771e-10
4.233395e-10
2.375806e-10
2.253474e-10
2.067831e-10
1.817257e-10
1.944109e-10
2.614782e-10
2.811416e-10
3.005516e-10
3.865751e-10
4.397863e-10
4.390437e-10
4.360226e-10
4.314442e-10
4.275664e-10
2.291895e-10
2.105599e-10
1.854477e-10
1.987666e-10
2.66954e-10
2.869969e-10
3.068284e-10
3.936847e-10
4.47317e-10
4.4665e-10
4.43655e-10
4.390797e-10
4.351826e-10
2.167028e-10
1.914899e-10
2.058328e-10
2.757724e-10
2.964144e-10
3.169146e-10
4.050831e-10
4.593964e-10
4.588485e-10
4.559607e-10
4.514092e-10
4.474956e-10
1.999761e-10
2.156969e-10
2.879751e-10
3.094347e-10
3.308467e-10
4.208012e-10
4.760669e-10
4.757327e-10
4.730444e-10
4.685996e-10
4.647358e-10
2.261807e-10
3.007574e-10
3.230242e-10
3.453317e-10
4.370784e-10
4.933075e-10
4.931816e-10
4.906478e-10
4.863033e-10
4.824654e-10
3.11843e-10
3.346929e-10
3.577034e-10
4.509161e-10
5.079273e-10
5.079439e-10
5.055348e-10
5.012325e-10
4.974155e-10
3.428242e-10
3.66293e-10
4.605015e-10
5.180366e-10
5.181731e-10
5.15852e-10
5.11604e-10
5.077889e-10
3.707528e-10
4.654206e-10
5.232349e-10
5.234202e-10
5.211513e-10
5.169239e-10
5.131237e-10
4.655498e-10
5.233213e-10
5.235202e-10
5.212465e-10
5.170263e-10
5.132247e-10
5.183648e-10
5.184329e-10
5.161324e-10
5.118908e-10
5.08086e-10
5.084065e-10
5.059492e-10
5.016729e-10
4.978643e-10
4.912128e-10
4.868161e-10
4.830129e-10
4.691871e-10
4.653087e-10
4.480786e-10
2.405869e-10
2.344109e-10
2.22272e-10
2.037334e-10
1.787387e-10
1.90912e-10
2.570729e-10
2.7642e-10
2.954751e-10
3.808427e-10
4.337043e-10
4.329323e-10
4.298446e-10
4.252993e-10
4.214734e-10
2.35422e-10
2.232195e-10
2.046778e-10
1.796655e-10
1.919921e-10
2.58433e-10
2.77885e-10
2.970682e-10
3.826312e-10
4.356032e-10
4.348427e-10
4.31804e-10
4.27234e-10
4.233774e-10
2.25358e-10
2.067819e-10
1.817289e-10
1.944074e-10
2.61483e-10
2.811453e-10
3.005656e-10
3.866044e-10
4.398244e-10
4.390955e-10
4.360693e-10
4.314936e-10
4.276255e-10
2.105754e-10
1.854495e-10
1.987675e-10
2.669605e-10
2.870042e-10
3.068431e-10
3.937198e-10
4.473633e-10
4.466922e-10
4.437214e-10
4.391308e-10
4.352373e-10
1.915095e-10
2.058377e-10
2.757839e-10
2.964307e-10
3.169317e-10
4.051253e-10
4.594512e-10
4.589023e-10
4.560217e-10
4.514758e-10
4.475622e-10
2.157379e-10
2.879909e-10
3.094584e-10
3.308744e-10
4.208448e-10
4.761335e-10
4.758039e-10
4.73105e-10
4.686782e-10
4.648152e-10
3.008457e-10
3.230566e-10
3.453689e-10
4.371303e-10
4.933801e-10
4.932586e-10
4.907347e-10
4.863816e-10
4.82563e-10
3.347857e-10
3.577494e-10
4.509835e-10
5.080064e-10
5.080315e-10
5.056242e-10
5.013312e-10
4.975117e-10
3.663956e-10
4.605725e-10
5.181307e-10
5.182594e-10
5.15951e-10
5.116971e-10
5.078965e-10
4.655521e-10
5.233214e-10
5.235188e-10
5.212478e-10
5.170209e-10
5.132225e-10
5.234691e-10
5.236062e-10
5.213482e-10
5.171158e-10
5.133246e-10
5.1859e-10
5.162115e-10
5.119767e-10
5.081823e-10
5.060861e-10
5.017442e-10
4.979502e-10
4.869426e-10
4.830736e-10
4.653987e-10
2.344161e-10
2.2224e-10
2.037485e-10
1.787399e-10
1.909137e-10
2.570607e-10
2.764289e-10
2.955059e-10
3.808367e-10
4.337442e-10
4.329709e-10
4.299309e-10
4.253227e-10
4.215094e-10
2.232287e-10
2.046805e-10
1.796608e-10
1.919914e-10
2.58433e-10
2.778877e-10
2.970755e-10
3.826604e-10
4.356486e-10
4.348805e-10
4.31848e-10
4.272776e-10
4.234335e-10
2.067894e-10
1.817274e-10
1.944091e-10
2.614835e-10
2.811541e-10
3.005729e-10
3.866346e-10
4.398645e-10
4.391346e-10
4.361211e-10
4.315398e-10
4.276743e-10
1.854602e-10
1.987688e-10
2.669656e-10
2.870158e-10
3.068542e-10
3.937497e-10
4.474101e-10
4.467398e-10
4.437635e-10
4.391967e-10
4.352879e-10
2.058564e-10
2.757968e-10
2.964463e-10
3.169538e-10
4.051577e-10
4.595053e-10
4.589582e-10
4.560756e-10
4.515363e-10
4.476282e-10
2.880476e-10
3.094798e-10
3.309042e-10
4.208886e-10
4.761891e-10
4.75872e-10
4.731765e-10
4.687386e-10
4.648934e-10
3.231466e-10
3.454078e-10
4.371886e-10
4.934435e-10
4.933329e-10
4.908122e-10
4.864683e-10
4.826411e-10
3.578466e-10
4.510454e-10
5.08089e-10
5.081119e-10
5.057123e-10
5.014204e-10
4.9761e-10
4.607044e-10
5.182124e-10
5.183551e-10
5.160377e-10
5.117959e-10
5.079894e-10
5.234716e-10
5.236063e-10
5.213467e-10
5.171171e-10
5.133193e-10
5.237544e-10
5.214343e-10
5.172171e-10
5.134138e-10
5.163677e-10
5.120554e-10
5.082677e-10
5.018793e-10
4.980212e-10
4.831986e-10
2.222369e-10
2.037218e-10
1.787498e-10
1.909025e-10
2.570745e-10
2.764219e-10
2.955149e-10
3.808896e-10
4.33747e-10
4.33009e-10
4.299702e-10
4.254074e-10
4.215328e-10
2.046864e-10
1.796621e-10
1.919796e-10
2.584375e-10
2.77892e-10
2.970818e-10
3.82681e-10
4.356889e-10
4.349272e-10
4.318855e-10
4.27321e-10
4.234767e-10
1.817317e-10
1.94407e-10
2.614901e-10
2.81158e-10
3.005863e-10
3.866545e-10
4.399061e-10
4.391758e-10
4.361602e-10
4.315911e-10
4.277199e-10
1.987781e-10
2.669726e-10
2.87024e-10
3.068711e-10
3.937747e-10
4.474507e-10
4.467876e-10
4.438112e-10
4.392383e-10
4.35353e-10
2.758252e-10
2.964639e-10
3.169742e-10
4.051951e-10
4.595484e-10
4.590135e-10
4.561316e-10
4.515899e-10
4.476881e-10
3.095395e-10
3.309312e-10
4.209379e-10
4.762436e-10
4.759287e-10
4.732448e-10
4.688098e-10
4.649535e-10
3.454992e-10
4.372428e-10
4.935161e-10
4.933975e-10
4.908869e-10
4.865455e-10
4.827274e-10
4.511696e-10
5.081609e-10
5.081958e-10
5.05793e-10
5.015082e-10
4.976988e-10
5.183626e-10
5.184376e-10
5.161336e-10
5.118824e-10
5.080878e-10
5.237571e-10
5.214344e-10
5.172156e-10
5.134151e-10
5.21582e-10
5.173029e-10
5.135146e-10
5.122103e-10
5.083462e-10
4.981551e-10
2.037115e-10
1.787321e-10
1.909135e-10
2.57057e-10
2.764414e-10
2.955142e-10
3.809091e-10
4.338139e-10
4.330157e-10
4.300065e-10
4.254465e-10
4.21616e-10
1.796645e-10
1.919854e-10
2.584227e-10
2.778997e-10
2.970912e-10
3.826999e-10
4.357191e-10
4.349685e-10
4.319324e-10
4.273579e-10
4.235195e-10
1.944087e-10
2.614929e-10
2.811676e-10
3.00594e-10
3.866828e-10
4.399351e-10
4.392184e-10
4.362014e-10
4.316297e-10
4.277706e-10
2.669889e-10
2.870345e-10
3.068831e-10
3.938054e-10
4.474854e-10
4.468291e-10
4.43859e-10
4.392856e-10
4.353942e-10
2.964954e-10
3.169963e-10
4.052326e-10
4.595963e-10
4.590574e-10
4.56187e-10
4.516453e-10
4.477413e-10
3.309939e-10
4.209776e-10
4.763062e-10
4.759844e-10
4.733017e-10
4.688777e-10
4.650242e-10
4.373592e-10
4.935801e-10
4.934715e-10
4.909518e-10
4.8662e-10
4.828043e-10
5.083018e-10
5.082687e-10
5.05877e-10
5.015887e-10
4.977863e-10
5.185878e-10
5.162162e-10
5.119778e-10
5.081739e-10
5.215847e-10
5.17303e-10
5.135131e-10
5.174496e-10
5.136e-10
5.085e-10
1.787205e-10
1.908964e-10
2.57076e-10
2.764252e-10
2.955373e-10
3.809217e-10
4.338415e-10
4.330816e-10
4.300159e-10
4.254815e-10
4.216546e-10
1.919844e-10
2.584389e-10
2.778874e-10
2.97102e-10
3.827235e-10
4.357469e-10
4.349993e-10
4.319736e-10
4.274043e-10
4.23556e-10
2.614984e-10
2.811743e-10
3.006068e-10
3.867017e-10
4.399738e-10
4.39248e-10
4.36244e-10
4.316704e-10
4.278088e-10
2.870537e-10
3.068967e-10
3.938321e-10
4.475254e-10
4.468645e-10
4.439004e-10
4.393329e-10
4.354409e-10
3.17031e-10
4.052665e-10
4.596455e-10
4.591064e-10
4.562307e-10
4.517003e-10
4.477962e-10
4.210616e-10
4.763544e-10
4.760482e-10
4.733576e-10
4.689343e-10
4.650916e-10
4.937118e-10
4.935365e-10
4.910259e-10
4.866848e-10
4.828784e-10
5.084084e-10
5.059501e-10
5.016722e-10
4.978664e-10
5.163654e-10
5.120601e-10
5.082689e-10
5.174523e-10
5.136002e-10
5.137459e-10
1.908774e-10
2.570613e-10
2.764444e-10
2.955261e-10
3.809607e-10
4.338637e-10
4.331097e-10
4.300795e-10
4.254924e-10
4.216889e-10
2.584409e-10
2.779072e-10
2.970947e-10
3.827457e-10
4.357806e-10
4.350279e-10
4.320042e-10
4.27445e-10
4.236017e-10
2.81182e-10
3.006174e-10
3.867281e-10
4.400006e-10
4.392875e-10
4.362733e-10
4.317125e-10
4.278489e-10
3.069192e-10
3.938552e-10
4.475627e-10
4.469055e-10
4.439356e-10
4.393739e-10
4.354877e-10
4.053168e-10
4.596872e-10
4.591565e-10
4.562799e-10
4.517435e-10
4.478507e-10
4.764519e-10
4.760973e-10
4.734214e-10
4.689899e-10
4.651479e-10
4.936657e-10
4.910912e-10
4.867584e-10
4.829429e-10
5.06088e-10
5.017451e-10
4.979495e-10
5.12208e-10
5.083508e-10
5.137486e-10
2.570394e-10
2.764359e-10
2.955438e-10
3.809582e-10
4.33913e-10
4.331337e-10
4.301077e-10
4.255538e-10
4.217003e-10
2.779115e-10
2.971157e-10
3.827491e-10
4.358108e-10
4.35063e-10
4.320327e-10
4.274751e-10
4.236418e-10
3.006275e-10
3.867488e-10
4.400365e-10
4.39315e-10
4.363127e-10
4.317413e-10
4.278905e-10
3.938911e-10
4.475921e-10
4.469435e-10
4.439766e-10
4.394084e-10
4.355282e-10
4.597477e-10
4.591987e-10
4.563298e-10
4.517924e-10
4.478935e-10
4.761936e-10
4.734707e-10
4.690532e-10
4.652032e-10
4.912176e-10
4.868236e-10
4.830161e-10
5.018811e-10
4.980221e-10
5.084977e-10
2.764195e-10
2.955416e-10
3.809867e-10
4.33918e-10
4.331818e-10
4.301321e-10
4.255817e-10
4.217604e-10
2.971229e-10
3.827806e-10
4.358228e-10
4.350933e-10
4.32068e-10
4.275031e-10
4.236716e-10
3.867694e-10
4.400641e-10
4.393513e-10
4.363401e-10
4.317802e-10
4.279189e-10
4.476372e-10
4.469731e-10
4.440144e-10
4.394492e-10
4.355623e-10
4.59259e-10
4.563719e-10
4.518417e-10
4.479419e-10
4.735654e-10
4.691024e-10
4.652659e-10
4.869474e-10
4.83081e-10
4.98157e-10
2.95533e-10
3.809923e-10
4.339537e-10
4.331907e-10
4.301785e-10
4.256061e-10
4.21788e-10
3.827982e-10
4.358606e-10
4.351084e-10
4.320977e-10
4.275383e-10
4.236992e-10
4.400922e-10
4.393795e-10
4.363759e-10
4.318073e-10
4.279573e-10
4.470182e-10
4.440436e-10
4.394863e-10
4.356026e-10
4.564314e-10
4.518833e-10
4.479906e-10
4.691953e-10
4.653149e-10
4.832033e-10
3.809955e-10
4.33965e-10
4.332238e-10
4.301902e-10
4.256507e-10
4.218121e-10
4.358856e-10
4.351438e-10
4.32115e-10
4.275673e-10
4.23734e-10
4.394078e-10
4.364041e-10
4.318424e-10
4.279841e-10
4.440883e-10
4.395151e-10
4.356393e-10
4.519419e-10
4.480319e-10
4.654067e-10
4.339771e-10
4.332372e-10
4.302205e-10
4.256642e-10
4.218557e-10
4.351693e-10
4.321476e-10
4.275856e-10
4.237624e-10
4.36432e-10
4.318702e-10
4.280186e-10
4.39559e-10
4.356677e-10
4.480898e-10
4.332526e-10
4.302353e-10
4.256923e-10
4.218697e-10
4.321731e-10
4.276161e-10
4.23781e-10
4.318977e-10
4.280461e-10
4.357111e-10
4.302524e-10
4.257078e-10
4.218969e-10
4.276413e-10
4.238105e-10
4.280732e-10
4.257256e-10
4.219125e-10
4.238355e-10
4.219305e-10
)
;

boundaryField
{
    cathodeSides
    {
        type            zeroGradient;
    }
    electrolyteSides
    {
        type            zeroGradient;
    }
    anodeSides
    {
        type            zeroGradient;
    }
    phiI_to_phiI0
    {
        type            zeroGradient;
    }
}


// ************************************************************************* //
