/*--------------------------------*- C++ -*----------------------------------*\
| =========                 |                                                 |
| \\      /  F ield         | OpenFOAM: The Open Source CFD Toolbox           |
|  \\    /   O peration     | Version:  2312                                  |
|   \\  /    A nd           | Website:  www.openfoam.com                      |
|    \\/     M anipulation  |                                                 |
\*---------------------------------------------------------------------------*/
FoamFile
{
    version     2.0;
    format      ascii;
    arch        "LSB;label=32;scalar=64";
    class       volScalarField;
    location    "1.5/phiEA";
    object      phi;
}
// * * * * * * * * * * * * * * * * * * * * * * * * * * * * * * * * * * * * * //

dimensions      [1 2 -3 0 0 -1 0];

internalField   nonuniform List<scalar> 
20000
(
0.0005623165
0.0005760029
0.0005755524
0.0005612073
0.00060658
0.0005896814
0.0005748887
0.000594558
0.0005744218
0.00055948
0.0006606353
0.0006212681
0.0006054564
0.0006092062
0.0005885457
0.000573151
0.0006054457
0.0005933967
0.0005726578
0.0005574019
0.0007461549
0.0006771026
0.0006595005
0.0006419312
0.0006201224
0.0006036982
0.0006203775
0.0006080394
0.0005867711
0.0005710566
0.0006120917
0.0006042712
0.0005915787
0.0005705298
0.0005551189
0.0008618869
0.0007653643
0.0007450236
0.0006997634
0.0006759446
0.0006577172
0.0006537239
0.0006407537
0.000618326
0.0006015717
0.0006272466
0.0006191973
0.00060621
0.0005846262
0.0005687513
0.000614674
0.0006109103
0.0006024304
0.0005893758
0.0005681842
0.0005530163
0.0009763295
0.0008847587
0.0008608076
0.0007912232
0.0007642089
0.0007432433
0.0007126394
0.0006985729
0.000674121
0.0006555502
0.0006610819
0.0006525328
0.0006389016
0.0006161471
0.000599222
0.0006299456
0.0006260594
0.0006173447
0.0006039892
0.0005822577
0.0005666242
0.0006139063
0.0006134914
0.0006090576
0.0006001964
0.0005869356
0.0005660174
0.0005512211
0.001069997
0.001002789
0.0009752822
0.0009147573
0.0008836559
0.0008591265
0.000805785
0.0007900344
0.0007623869
0.0007410768
0.0007208382
0.0007114352
0.0006966923
0.0006718987
0.0006531443
0.0006640315
0.0006598834
0.000650657
0.0006366453
0.0006137318
0.0005970461
0.0006292055
0.000628757
0.0006241944
0.0006150923
0.0006015248
0.0005800656
0.0005648032
0.0006105473
0.0006127267
0.0006116362
0.0006068069
0.0005977171
0.0005846705
0.0005641673
0.0005494039
0.001134735
0.001099378
0.001068963
0.001036682
0.001001718
0.0009736607
0.0009318247
0.0009136233
0.0008819343
0.0008571041
0.0008152806
0.0008045836
0.0007881534
0.000760163
0.0007386675
0.0007242075
0.0007196261
0.0007095307
0.000694391
0.0006694229
0.0006509058
0.0006633454
0.0006628313
0.0006579944
0.0006483684
0.0006341321
0.0006114883
0.0005951732
0.0006257948
0.0006280198
0.0006268893
0.0006219248
0.0006125881
0.000599233
0.000578189
0.0005629551
0.000605642
0.0006093736
0.0006108763
0.000609382
0.0006043066
0.0005954115
0.0005827369
0.0005622947
0.0005475648
0.001167574
0.001166154
0.001133706
0.001136399
0.001098321
0.001067364
0.0010564
0.001035583
0.001000057
0.000971723
0.0009430523
0.0009306789
0.0009118472
0.0008798566
0.000854883
0.0008192794
0.0008140709
0.0008026812
0.0007858478
0.0007576814
0.0007364225
0.0007235993
0.0007229932
0.0007177074
0.0007071966
0.0006918153
0.0006671123
0.000648967
0.0006598143
0.0006621479
0.0006609391
0.0006556876
0.0006458147
0.0006317868
0.0006095573
0.0005932626
0.0006208358
0.0006246149
0.0006261567
0.0006246157
0.0006193989
0.0006102553
0.0005972715
0.0005762845
0.00056108
0.0005983767
0.000604476
0.0006075333
0.0006086285
0.0006068769
0.000601979
0.0005934434
0.0005807802
0.0005603997
0.0005457039
0.001167574
0.001200016
0.001166547
0.001205234
0.001165102
0.001132115
0.001158305
0.001135314
0.001096682
0.001065458
0.001069366
0.001055288
0.001033872
0.0009980646
0.0009696106
0.00094788
0.0009418983
0.0009288831
0.0009096945
0.0008775661
0.0008528392
0.0008187787
0.0008180671
0.0008121535
0.0008003465
0.000783263
0.0007553618
0.0007344795
0.0007198467
0.0007223874
0.0007210705
0.0007153536
0.0007045799
0.0006894007
0.0006651112
0.0006469772
0.000654689
0.0006586226
0.00066026
0.0006586275
0.0006531107
0.0006434274
0.0006297688
0.0006075875
0.0005913144
0.0006135802
0.0006196636
0.000622762
0.0006238894
0.0006220846
0.0006170434
0.0006082586
0.0005952814
0.0005743522
0.0005591779
0.0005937038
0.0005972246
0.000602649
0.0006052993
0.0006061313
0.0006045443
0.000599992
0.0005914516
0.0005788004
0.0005584822
0.0005259357
0.001134735
0.001200016
0.001166547
0.001240084
0.001198965
0.001164958
0.001228706
0.001204155
0.00116347
0.001130217
0.001172682
0.001157208
0.001133629
0.001094722
0.001063384
0.00107495
0.001068246
0.001053556
0.001031813
0.0009958842
0.0009676815
0.0009473905
0.0009467232
0.0009400879
0.0009267037
0.0009073097
0.0008754508
0.0008511176
0.0008146146
0.0008175682
0.0008161448
0.0008097979
0.0007977252
0.0007808362
0.0007533544
0.0007324863
0.0007143866
0.0007186405
0.0007204684
0.0007187108
0.0007127118
0.0007021229
0.0006873104
0.0006630578
0.0006449363
0.0006474698
0.000653505
0.0006567447
0.0006579541
0.0006560444
0.0006506992
0.0006413733
0.000627711
0.000605579
0.0005893285
0.0006086705
0.0006124214
0.0006178237
0.0006205084
0.0006213657
0.0006197234
0.0006150272
0.0006062328
0.0005932628
0.0005723922
0.0005389237
0.0005905751
0.0005925574
0.000595422
0.0006004331
0.0006028193
0.0006038066
0.0006025527
0.000597981
0.0005894363
0.0005767976
0.0005381142
0.0004861846
0.001069997
0.001166154
0.001133706
0.001240084
0.001198965
0.001164958
0.001264407
0.001239008
0.001197335
0.001163061
0.001244053
0.001227614
0.001202478
0.001161517
0.001128152
0.001178909
0.001171576
0.001155501
0.001131604
0.00109258
0.001061494
0.001074472
0.001073827
0.001066499
0.001051468
0.001029548
0.0009938852
0.0009660878
0.0009426591
0.0009462352
0.0009449072
0.0009378883
0.0009242858
0.0009050969
0.0008736694
0.0008493984
0.0008085426
0.0008134096
0.0008156483
0.0008137821
0.0008071501
0.0007952609
0.0007787371
0.0007512956
0.0007304426
0.0007070065
0.0007131877
0.0007167312
0.0007181135
0.0007160613
0.0007102286
0.0006999958
0.000685166
0.0006609518
0.0006428441
0.0006420362
0.0006462975
0.00065164
0.0006544523
0.0006553778
0.0006536262
0.0006486242
0.0006392784
0.0006256132
0.0006035318
0.0005680817
0.0006054208
0.0006075178
0.0006106052
0.0006155877
0.0006180019
0.0006190122
0.0006177022
0.0006129813
0.0006041777
0.0005912157
0.0005515219
0.000497737
0.0005881383
0.0005894314
0.000590764
0.0005932397
0.0005979758
0.0006005122
0.0006018216
0.000600537
0.000595946
0.0005873974
0.0005555274
0.0004971645
0.0004445674
0.0009763295
0.001099378
0.001068963
0.001205234
0.001165102
0.001132115
0.001264407
0.001239008
0.001197335
0.001163061
0.001280247
0.001263317
0.001237335
0.001195383
0.001160997
0.001250728
0.001242953
0.001225915
0.001200464
0.001159383
0.00112627
0.001178427
0.0011778
0.001169854
0.001153447
0.001129382
0.00109062
0.001059946
0.001069188
0.00107335
0.001072075
0.00106439
0.001049168
0.001027462
0.0009922338
0.0009645274
0.0009357824
0.0009415089
0.0009444214
0.0009426996
0.0009354449
0.0009220392
0.000903234
0.0008718906
0.0008476816
0.000800745
0.0008073447
0.0008114992
0.0008132883
0.0008111251
0.000804658
0.0007931287
0.0007765853
0.0007491849
0.0007283478
0.0007008492
0.0007058183
0.0007112907
0.0007143893
0.0007154698
0.0007135698
0.0007080786
0.0006978135
0.0006829675
0.0006587932
0.0006203358
0.0006385291
0.0006408714
0.0006444531
0.000649365
0.000651893
0.0006529665
0.0006515451
0.0006465078
0.0006371429
0.0006234755
0.0005816295
0.0005238945
0.0006029116
0.000604271
0.0006057114
0.0006084019
0.0006131032
0.0006156659
0.0006169972
0.0006156511
0.0006109058
0.0006020936
0.0005694223
0.0005090883
0.0004541953
0.0005860805
0.0005869972
0.0005876426
0.0005885935
0.0005908247
0.000595692
0.0005985423
0.0005998125
0.0005984972
0.0005938872
0.0005657429
0.0005128011
0.0004542995
0.0004013943
0.0008618869
0.001002789
0.0009752822
0.001136399
0.001098321
0.001067364
0.001228706
0.001204155
0.00116347
0.001130217
0.001280247
0.001263317
0.001237335
0.001195383
0.001160997
0.001287151
0.001279148
0.00126162
0.001235325
0.00119325
0.001159116
0.001250249
0.001249624
0.001241238
0.00122387
0.001198254
0.00115743
0.001124734
0.0011727
0.00117732
0.001176072
0.001167779
0.001151188
0.001127339
0.001089014
0.001058444
0.001061523
0.001068071
0.0010716
0.001069959
0.001062064
0.001047046
0.001025739
0.0009906172
0.0009630005
0.0009272064
0.0009346383
0.0009397036
0.0009422163
0.0009402455
0.0009331717
0.0009201473
0.0009013744
0.0008701147
0.0008459675
0.000793566
0.0007995558
0.0008054464
0.0008091518
0.000810634
0.0008086231
0.0008025017
0.0007909424
0.0007743803
0.0007470218
0.0007058099
0.0006968318
0.0006996692
0.00070394
0.0007089655
0.0007117615
0.000712984
0.0007114125
0.0007058727
0.0006955759
0.0006807146
0.0006355726
0.0005721234
0.0006358606
0.0006373673
0.0006390395
0.0006422066
0.0006468272
0.000649499
0.0006508912
0.0006494225
0.0006443501
0.0006349666
0.0006006119
0.0005360886
0.0004761564
0.0006007967
0.0006017644
0.0006024694
0.000603521
0.0006059587
0.0006107895
0.0006136659
0.0006149524
0.0006135702
0.0006088008
0.0005799054
0.0005251558
0.000464235
0.0004086643
0.0005843577
0.0005849417
0.0005852127
0.0005854784
0.0005861928
0.0005885846
0.0005937418
0.0005965481
0.0005977791
0.0005964333
0.0005720197
0.0005222365
0.0004681078
0.0004098382
0.0003570444
0.0007461549
0.0008847587
0.0008608076
0.001036682
0.001001718
0.0009736607
0.001158305
0.001135314
0.001096682
0.001065458
0.001244053
0.001227614
0.001202478
0.001161517
0.001128152
0.001287151
0.001279148
0.00126162
0.001235325
0.00119325
0.001159116
0.001286673
0.001286048
0.001277435
0.001259577
0.001233119
0.001191297
0.001157581
0.00124422
0.001249146
0.001247904
0.001239172
0.001221621
0.001196223
0.001155835
0.001123248
0.001164397
0.001171597
0.001175594
0.001173989
0.001165494
0.001149109
0.001125667
0.001087457
0.001056988
0.001052121
0.001060412
0.001066328
0.001069485
0.001067622
0.001059914
0.001045293
0.001024052
0.0009890355
0.0009615074
0.0009188304
0.0009260695
0.0009328434
0.0009375097
0.0009397648
0.0009379607
0.0009312574
0.0009182586
0.0008995184
0.0008683419
0.0008280012
0.0007887964
0.0007923863
0.0007976727
0.0008031156
0.0008065132
0.0008081342
0.0008064581
0.0008002906
0.0007887015
0.0007721215
0.0007237524
0.0006569771
0.0006938897
0.0006956553
0.0006978049
0.0007016406
0.0007063583
0.000709292
0.0007108314
0.0007091989
0.0007036109
0.0006932829
0.0006564865
0.0005858559
0.000518029
0.0006336196
0.0006347015
0.0006355404
0.0006368097
0.0006397048
0.000644455
0.0006474385
0.0006487743
0.0006472583
0.0006421512
0.0006116892
0.0005531253
0.0004868972
0.0004252153
0.0005990249
0.0005996519
0.0005999672
0.0006002855
0.0006010934
0.0006036879
0.0006088086
0.000611636
0.0006128778
0.0006114595
0.0005863896
0.0005348293
0.0004784013
0.0004173389
0.0003616343
0.0005830976
0.0005832211
0.0005831613
0.0005830544
0.0005830854
0.0005839669
0.0005866712
0.0005917675
0.0005945299
0.0005957217
0.0005745103
0.0005280741
0.000476721
0.000421776
0.0003641713
0.0003277322
0.0006606353
0.0007653643
0.0007450236
0.0009147573
0.0008836559
0.0008591265
0.0010564
0.001035583
0.001000057
0.000971723
0.001172682
0.001157208
0.001133629
0.001094722
0.001063384
0.001250728
0.001242953
0.001225915
0.001200464
0.001159383
0.00112627
0.001286673
0.001286048
0.001277435
0.001259577
0.001233119
0.001191297
0.001157581
0.001280492
0.001285572
0.00128433
0.001275371
0.001257329
0.001231092
0.001189704
0.001156098
0.001235481
0.001243121
0.001247427
0.00124583
0.001236897
0.001219551
0.001194564
0.001154293
0.001121812
0.001154311
0.001163299
0.001169878
0.001173512
0.001171693
0.001163387
0.001147406
0.001124044
0.001085948
0.001055578
0.001042676
0.001051016
0.001058678
0.001064224
0.001067151
0.001065462
0.001058139
0.001043577
0.001022402
0.0009874889
0.0009461856
0.0009130585
0.0009177027
0.000924287
0.0009306636
0.0009350721
0.0009374823
0.0009360369
0.0009293463
0.0009163731
0.0008976662
0.000849763
0.000794386
0.0007854323
0.0007876206
0.0007905193
0.000795363
0.0008004977
0.0008040293
0.0008059713
0.000804238
0.0007980242
0.0007864055
0.0007478324
0.000673367
0.0005997091
0.0006914313
0.0006927161
0.0006937971
0.0006955243
0.0006990659
0.0007039096
0.0007071534
0.0007086225
0.000706929
0.0007012928
0.0006686223
0.0006046765
0.000530092
0.0004575462
0.0006317396
0.0006324631
0.0006328792
0.0006333172
0.0006343284
0.00063737
0.0006424132
0.0006453364
0.0006466157
0.0006450527
0.0006186304
0.0005633341
0.0005018766
0.0004344139
0.0003717347
0.000597725
0.0005978822
0.0005978589
0.0005977894
0.0005978661
0.0005988382
0.000601743
0.0006067981
0.0006095765
0.0006107733
0.0005889866
0.0005408484
0.000487213
0.0004295462
0.0003689051
0.0003304842
0.0005821489
0.0005819624
0.0005814443
0.0005810085
0.0005806687
0.0005808676
0.0005820658
0.0005847336
0.0005897692
0.0005924876
0.0005738659
0.000530441
0.0004820902
0.000429532
0.0003742076
0.0003339924
0.0003113889
0.00060658
0.0006771026
0.0006595005
0.0007912232
0.0007642089
0.0007432433
0.0009318247
0.0009136233
0.0008819343
0.0008571041
0.001069366
0.001055288
0.001033872
0.0009980646
0.0009696106
0.001178909
0.001171576
0.001155501
0.001131604
0.00109258
0.001061494
0.001250249
0.001249624
0.001241238
0.00122387
0.001198254
0.00115743
0.001124734
0.001280492
0.001285572
0.00128433
0.001275371
0.001257329
0.001231092
0.001189704
0.001156098
0.001271535
0.001279395
0.001283855
0.001282257
0.001273097
0.00125526
0.001229438
0.001188165
0.001154668
0.001224921
0.001234388
0.001241409
0.001245354
0.001243543
0.001234799
0.001217861
0.001192961
0.001152804
0.001120428
0.001144105
0.001153219
0.001161589
0.001167806
0.001171218
0.001169574
0.001161661
0.001145753
0.001122471
0.001084486
0.001041262
0.001035867
0.00104158
0.001049294
0.001056586
0.001061902
0.001064992
0.001063678
0.0010564
0.001041898
0.001020789
0.0009716205
0.0009206579
0.0009091325
0.0009119347
0.0009159357
0.0009221243
0.0009282436
0.0009328034
0.0009355603
0.0009341161
0.0009274384
0.0009144912
0.0008782611
0.0008150282
0.0007625197
0.0007826363
0.0007842595
0.0007857603
0.0007882314
0.0007927717
0.000798035
0.00080188
0.0008037533
0.0008019622
0.0007957019
0.00076171
0.0006953305
0.0006143086
0.000529437
0.0006893647
0.0006902604
0.0006908628
0.0006915247
0.0006929731
0.0006966509
0.000701789
0.0007049588
0.0007063573
0.0007046025
0.0006763616
0.000615872
0.0005466222
0.0004677575
0.0003907174
0.0006303525
0.0006305852
0.0006306452
0.0006306624
0.000630844
0.0006320146
0.00063536
0.0006403302
0.000643193
0.0006444156
0.0006214574
0.0005697568
0.0005111397
0.0004472337
0.0003793217
0.0003360406
0.0005967441
0.0005965838
0.0005960929
0.0005956868
0.0005953774
0.0005956193
0.000596907
0.0005997684
0.000604758
0.0006074872
0.0005883647
0.000543307
0.0004927315
0.0004374525
0.0003791112
0.0003368292
0.0003132395
0.0005816696
0.0005810147
0.0005801879
0.0005792963
0.0005786297
0.0005784583
0.0005789735
0.000580141
0.000582772
0.0005877469
0.0005707916
0.0005299199
0.0004843178
0.0004344088
0.0003810803
0.0003427815
0.0003172017
0.0002931369
0.0005760029
0.0006212681
0.0006054564
0.0006997634
0.0006759446
0.0006577172
0.000805785
0.0007900344
0.0007623869
0.0007410768
0.0009430523
0.0009306789
0.0009118472
0.0008798566
0.000854883
0.00107495
0.001068246
0.001053556
0.001031813
0.0009958842
0.0009676815
0.001178427
0.0011778
0.001169854
0.001153447
0.001129382
0.00109062
0.001059946
0.00124422
0.001249146
0.001247904
0.001239172
0.001221621
0.001196223
0.001155835
0.001123248
0.001271535
0.001279395
0.001283855
0.001282257
0.001273097
0.00125526
0.001229438
0.001188165
0.001154668
0.001260735
0.001270443
0.001277685
0.001281783
0.001279972
0.001270999
0.001253572
0.00122784
0.00118668
0.001153289
0.001214191
0.001223834
0.001232684
0.001239346
0.001243069
0.001241433
0.001233086
0.001216227
0.001191412
0.001151367
0.001106422
0.001136359
0.00114302
0.001151518
0.001159529
0.001165523
0.001169101
0.001167839
0.001159986
0.001144152
0.001120948
0.001069645
0.001018735
0.001031387
0.001034775
0.001039872
0.001047217
0.001054279
0.001059755
0.001063209
0.001061931
0.0010547
0.001040256
0.001004236
0.0009451968
0.0008996021
0.0009058852
0.0009080117
0.0009101745
0.0009137938
0.0009197255
0.0009259929
0.000930893
0.0009336414
0.0009321988
0.0009255341
0.0008947709
0.0008420308
0.000782122
0.0007347385
0.0007802805
0.0007814662
0.0007824044
0.0007834814
0.000785667
0.0007903366
0.000795904
0.0007996759
0.0008014798
0.0007996302
0.0007707231
0.000708283
0.0006338756
0.0005418668
0.0004377992
0.0006878286
0.0006881961
0.0006884116
0.0006885973
0.0006889838
0.000690582
0.0006945592
0.0006996128
0.000702708
0.0007040354
0.0006795795
0.0006230199
0.0005567485
0.000481777
0.0003988944
0.0003443479
0.0006293013
0.0006291996
0.0006287711
0.0006284342
0.0006281971
0.0006285382
0.0006300224
0.0006333089
0.000638206
0.0006410081
0.0006208788
0.0005724155
0.0005169925
0.0004554817
0.0003899013
0.0003425565
0.0003167504
0.0005962641
0.0005956039
0.0005947969
0.0005939257
0.0005932818
0.0005931383
0.0005936953
0.0005949465
0.0005977642
0.0006026883
0.000585239
0.0005428032
0.0004950334
0.0004424405
0.0003860793
0.0003457196
0.0003191088
0.0002942756
0.0005813543
0.0005805357
0.0005792421
0.0005780432
0.0005769236
0.0005764264
0.0005765705
0.0005770558
0.0005781925
0.0005807863
0.0005662627
0.0005271568
0.0004839161
0.0004364843
0.0003854467
0.0003490694
0.000325364
0.0002984804
0.0002736928
0.0005623165
0.0005896814
0.0005748887
0.0006419312
0.0006201224
0.0006036982
0.0007126394
0.0006985729
0.000674121
0.0006555502
0.0008152806
0.0008045836
0.0007881534
0.000760163
0.0007386675
0.00094788
0.0009418983
0.000928883
0.0009096945
0.0008775661
0.0008528392
0.001074472
0.001073827
0.001066499
0.001051468
0.001029548
0.0009938852
0.0009660878
0.0011727
0.00117732
0.001176072
0.001167779
0.001151188
0.001127339
0.001089014
0.001058444
0.001235481
0.001243121
0.001247427
0.00124583
0.001236897
0.001219551
0.001194564
0.001154293
0.001121812
0.001260735
0.001270443
0.001277685
0.001281783
0.001279972
0.001270999
0.001253572
0.00122784
0.00118668
0.001153289
0.00124974
0.001259649
0.001268741
0.001275623
0.001279499
0.001277862
0.001269288
0.001251941
0.001226298
0.001185249
0.001139361
0.001205807
0.00121311
0.00122214
0.001230632
0.001237072
0.001240961
0.001239711
0.001231429
0.001214648
0.001189918
0.001136834
0.001084852
0.001131425
0.00113528
0.001141331
0.001149471
0.00115726
0.001163417
0.001167367
0.001166156
0.001158363
0.001142602
0.001105486
0.001046297
0.001001277
0.001027695
0.001030298
0.001033074
0.001037814
0.001044928
0.001052149
0.001057982
0.001061463
0.001060222
0.001053037
0.001023415
0.0009766832
0.0009234129
0.0008841734
0.0009031435
0.000904767
0.0009062564
0.0009080416
0.0009114206
0.0009174968
0.0009240977
0.0009289857
0.000931726
0.0009302851
0.0009055791
0.0008579243
0.0008077459
0.0007534498
0.000715866
0.0007785154
0.0007791127
0.0007796157
0.0007801326
0.0007809285
0.0007832595
0.0007882294
0.0007937185
0.0007974165
0.0007991501
0.000774546
0.0007166738
0.0006457065
0.0005585743
0.0004474224
0.0003542022
0.0006866592
0.0006866616
0.0006863514
0.0006861523
0.0006860648
0.0006866034
0.0006885109
0.0006924122
0.000697381
0.000700401
0.0006790604
0.0006260273
0.0005632224
0.0004906949
0.0004101793
0.0003511188
0.0003213319
0.0006287535
0.0006281496
0.0006273881
0.0006265654
0.0006259763
0.0006258994
0.0006265533
0.0006279897
0.000631217
0.0006360406
0.0006176325
0.0005719442
0.0005194579
0.0004607187
0.0003970791
0.000351652
0.0003227271
0.0002963298
0.0005959344
0.0005951242
0.0005938189
0.000592633
0.000591527
0.0005910499
0.0005912209
0.0005917423
0.0005929567
0.0005957303
0.0005806485
0.0005399925
0.0004946442
0.0004445707
0.0003905146
0.0003520652
0.0003273392
0.0002996538
0.0002743425
0.000581285
0.0005802205
0.0005787636
0.0005770998
0.0005756745
0.0005747265
0.0005745447
0.0005746594
0.0005751146
0.0005762203
0.0005596849
0.000523042
0.0004814704
0.0004361991
0.0003873608
0.0003530969
0.000331322
0.0003059934
0.0002785639
0.0002535503
0.0005755524
0.0005612073
0.0006092062
0.0005885457
0.000573151
0.0006537239
0.0006407537
0.000618326
0.0006015717
0.0007208382
0.0007114352
0.0006966923
0.0006718987
0.0006531443
0.0008192794
0.0008140709
0.0008026812
0.0007858478
0.0007576814
0.0007364225
0.0009473905
0.0009467232
0.0009400879
0.0009267037
0.0009073097
0.0008754508
0.0008511176
0.001069188
0.00107335
0.001072075
0.00106439
0.001049168
0.001027462
0.0009922338
0.0009645274
0.001164397
0.001171597
0.001175594
0.001173989
0.001165494
0.001149109
0.001125667
0.001087457
0.001056988
0.001224921
0.001234388
0.001241409
0.001245354
0.001243543
0.001234799
0.001217861
0.001192961
0.001152804
0.001120428
0.00124974
0.001259649
0.001268741
0.001275623
0.001279499
0.001277862
0.001269288
0.001251941
0.001226298
0.001185249
0.001139361
0.00124104
0.00124866
0.001257956
0.001266689
0.001273349
0.001277391
0.001276141
0.001267635
0.001250368
0.001224812
0.001170793
0.00111805
0.001200563
0.001204732
0.001211428
0.0012201
0.001228372
0.001234974
0.001239239
0.001238045
0.001229829
0.001213126
0.001174805
0.001114457
0.001068501
0.001127371
0.001130349
0.001133601
0.0011393
0.001147219
0.001155169
0.001161692
0.001165684
0.001164524
0.001156792
0.001126857
0.001081166
0.001028208
0.0009892876
0.001024575
0.001026609
0.001028602
0.001031026
0.001035549
0.001042816
0.001050389
0.001056246
0.001059755
0.001058551
0.001035981
0.0009953792
0.0009539785
0.0009074575
0.0008757988
0.0009010746
0.0009020276
0.0009030162
0.0009041303
0.0009056799
0.0009092179
0.0009156201
0.0009222055
0.0009270818
0.0009298141
0.0009102323
0.000868292
0.0008230363
0.0007778996
0.0007339805
0.0007771665
0.0007773494
0.0007772665
0.0007773504
0.0007775885
0.0007785328
0.0007811758
0.0007860682
0.000791478
0.0007951012
0.0007740919
0.0007202583
0.0006533578
0.0005689973
0.0004604786
0.0003612748
0.0003254026
0.0006860316
0.0006854934
0.0006848197
0.0006840974
0.0006836275
0.000683693
0.0006845416
0.000686385
0.00069021
0.0006950933
0.0006755844
0.0006255977
0.0005659816
0.0004964058
0.0004177522
0.0003605224
0.0003274485
0.0002987655
0.000628385
0.0006276022
0.0006263401
0.0006251859
0.0006241139
0.0006236861
0.0006239215
0.0006245282
0.0006259163
0.0006290841
0.0006128731
0.0005690207
0.0005190915
0.000462969
0.0004016642
0.000358114
0.0003310868
0.0003017707
0.0002754733
0.0005958633
0.0005947946
0.0005933395
0.0005916576
0.0005902384
0.0005893014
0.0005891387
0.0005892746
0.0005897603
0.0005909379
0.0005740655
0.0005358167
0.0004921574
0.0004442935
0.0003924619
0.0003561329
0.0003333361
0.0003072088
0.0002792336
0.0002538792
0.0005813498
0.0005801511
0.0005784487
0.0005766222
0.0005747342
0.0005734815
0.0005728502
0.0005726397
0.0005727248
0.00057315
0.0005552648
0.0005171876
0.0004777802
0.000434076
0.00038719
0.0003549021
0.0003351524
0.0003115817
0.0002854267
0.0002579578
0.0002330349
0.000594558
0.0005744218
0.00055948
0.0006203775
0.0006080394
0.0005867711
0.0005710566
0.0006610819
0.0006525328
0.0006389016
0.0006161471
0.000599222
0.0007242075
0.0007196261
0.0007095307
0.000694391
0.0006694229
0.0006509058
0.0008187787
0.0008180671
0.0008121535
0.0008003465
0.000783263
0.0007553618
0.0007344795
0.0009426591
0.0009462352
0.0009449072
0.0009378883
0.0009242858
0.0009050969
0.0008736694
0.0008493984
0.001061523
0.001068071
0.0010716
0.001069959
0.001062064
0.001047046
0.001025739
0.0009906172
0.0009630005
0.001154311
0.001163299
0.001169878
0.001173512
0.001171693
0.001163387
0.001147406
0.001124044
0.001085948
0.001055578
0.001214191
0.001223834
0.001232684
0.001239346
0.001243069
0.001241433
0.001233086
0.001216227
0.001191412
0.001151367
0.001106422
0.00124104
0.00124866
0.001257956
0.001266689
0.001273349
0.001277391
0.001276141
0.001267635
0.001250368
0.001224812
0.001170793
0.00111805
0.001235631
0.001239966
0.001246979
0.001255917
0.001264429
0.001271251
0.001275671
0.001274479
0.00126604
0.001248852
0.001209801
0.001148679
0.001102002
0.001196258
0.001199491
0.00120306
0.001209402
0.001217855
0.001226288
0.001233261
0.001237574
0.001236436
0.001228286
0.001197722
0.001151533
0.001097499
0.0010575
0.001123943
0.001126297
0.001128675
0.001131582
0.001137067
0.001145145
0.001153456
0.001160019
0.001164054
0.001162945
0.001140838
0.001102092
0.001062326
0.001015789
0.0009831604
0.001022207
0.001023491
0.001024917
0.00102656
0.001028773
0.00103346
0.001041071
0.001048666
0.001054548
0.001058086
0.00104141
0.00100759
0.0009722725
0.0009373551
0.0008987997
0.0008994901
0.0008999604
0.0009002808
0.0009008961
0.0009017768
0.0009034889
0.0009073628
0.0009137465
0.0009203166
0.0009251814
0.0009097805
0.0008727661
0.0008329857
0.0007926518
0.000757648
0.0007764316
0.0007760018
0.000775506
0.0007750067
0.0007748142
0.0007752018
0.0007764595
0.0007790383
0.0007838526
0.0007891819
0.0007701964
0.0007198624
0.0006566526
0.00057573
0.0004690376
0.0003710466
0.0003316434
0.0003006112
0.000685603
0.0006848664
0.0006836536
0.0006825695
0.0006815796
0.0006812638
0.0006816388
0.0006824256
0.0006842043
0.0006879522
0.0006704843
0.0006224516
0.0005656415
0.0004988774
0.0004226126
0.0003671585
0.0003359777
0.0003042806
0.0002767339
0.0006283105
0.0006272339
0.0006257934
0.0006241406
0.0006227388
0.0006218305
0.0006217148
0.0006219036
0.0006224629
0.0006238024
0.0006062603
0.0005646856
0.0005165067
0.0004627059
0.0004036826
0.0003622623
0.0003371576
0.0003094013
0.0002803993
0.000254438
0.0005959334
0.0005947234
0.0005930102
0.0005911785
0.0005892662
0.0005880171
0.0005873957
0.0005871988
0.0005872995
0.0005877495
0.0005694346
0.0005299457
0.0004884125
0.0004421384
0.0003922949
0.000357957
0.0003371934
0.0003128211
0.0002861205
0.0002582973
0.0002331417
0.0005814014
0.0005802158
0.0005783792
0.0005763077
0.0005742577
0.0005725445
0.0005716087
0.0005709506
0.0005707114
0.0005707669
0.000552276
0.00051308
0.0004726462
0.0004308195
0.0003853935
0.0003548048
0.0003368854
0.000315188
0.0002906218
0.0002641828
0.000236994
0.0002123731
0.0006054457
0.0005933967
0.0005726578
0.0005574019
0.0006272466
0.0006191973
0.00060621
0.0005846262
0.0005687513
0.0006640315
0.0006598834
0.000650657
0.0006366453
0.0006137318
0.0005970461
0.0007235993
0.0007229932
0.0007177074
0.0007071966
0.0006918153
0.0006671123
0.000648967
0.0008146146
0.0008175682
0.0008161448
0.0008097979
0.0007977252
0.0007808362
0.0007533544
0.0007324863
0.0009357823
0.0009415089
0.0009444214
0.0009426996
0.0009354449
0.0009220392
0.000903234
0.0008718906
0.0008476816
0.001052121
0.001060411
0.001066328
0.001069485
0.001067622
0.001059914
0.001045293
0.001024052
0.0009890355
0.0009615074
0.001144105
0.001153219
0.001161589
0.001167806
0.001171218
0.001169574
0.001161661
0.001145753
0.001122471
0.001084486
0.001041262
0.001205807
0.00121311
0.00122214
0.001230632
0.001237072
0.001240961
0.001239711
0.001231429
0.001214648
0.001189918
0.001136834
0.001084852
0.001235631
0.001239966
0.001246979
0.001255917
0.001264429
0.001271251
0.001275671
0.001274479
0.00126604
0.001248852
0.001209801
0.001148679
0.001102002
0.001231198
0.00123456
0.001238295
0.001244954
0.001253672
0.001262345
0.00126954
0.001274009
0.001272875
0.001264503
0.001233534
0.001186832
0.001132029
0.001091267
0.001192621
0.001195188
0.001197823
0.001201049
0.001207176
0.001215787
0.001224586
0.001231605
0.001235966
0.001234884
0.001212674
0.001174003
0.001133896
0.00108609
0.001051964
0.001121331
0.001122871
0.001124627
0.001126663
0.001129366
0.001135012
0.001143446
0.001151795
0.001158397
0.001162475
0.001146906
0.001115746
0.001082907
0.001049393
0.001009442
0.001020394
0.001021125
0.001021803
0.001022881
0.001024315
0.001026697
0.001031735
0.001039363
0.00104698
0.001052888
0.001040956
0.001012878
0.0009841928
0.0009553521
0.0009283375
0.0008986206
0.0008983773
0.0008982164
0.000898166
0.00089855
0.0008995942
0.0009016438
0.0009055107
0.0009118762
0.0009184312
0.0009052673
0.0008723499
0.0008372911
0.0008022357
0.0007720283
0.0007759152
0.0007752675
0.0007741608
0.0007732503
0.0007724776
0.0007724357
0.0007731363
0.0007743329
0.0007768468
0.000781582
0.0007644828
0.0007162881
0.0006563224
0.0005786579
0.0004745592
0.0003778895
0.0003403238
0.0003061826
0.0002776099
0.0006855228
0.0006844379
0.0006830275
0.0006814065
0.0006800564
0.0006792228
0.0006792165
0.0006795306
0.0006802551
0.0006819686
0.0006636621
0.0006177909
0.0005628563
0.0004986283
0.0004247579
0.000371426
0.0003421448
0.0003120012
0.0002816986
0.0002550373
0.0006283925
0.0006271593
0.0006254255
0.000623595
0.000621697
0.0006204599
0.0006198649
0.0006197036
0.0006198458
0.0006203575
0.0006011811
0.0005587508
0.0005126228
0.0004604747
0.0004035219
0.0003641238
0.0003410655
0.0003150571
0.0002873283
0.0002588743
0.0002333177
0.0005959854
0.0005947933
0.0005929389
0.0005908496
0.0005887873
0.0005870483
0.0005861151
0.0005854613
0.0005852301
0.0005852957
0.0005663327
0.0005256612
0.0004832558
0.0004388382
0.0003904773
0.0003578608
0.0003389388
0.0003164438
0.0002913295
0.0002645351
0.0002371055
0.0002122954
0.0005810887
0.0005802672
0.0005784436
0.0005762381
0.0005739439
0.000572069
0.0005706745
0.0005697127
0.0005690278
0.0005687598
0.0005499651
0.0005102659
0.0004688802
0.0004264051
0.0003825776
0.0003532222
0.0003368167
0.0003168333
0.0002939873
0.0002689726
0.000242601
0.0002159023
0.0001917537
0.0006120917
0.0006042712
0.0005915787
0.0005705298
0.0005551189
0.0006299456
0.0006260594
0.0006173447
0.0006039892
0.0005822577
0.0005666242
0.0006633454
0.0006628313
0.0006579944
0.0006483684
0.0006341321
0.0006114883
0.0005951732
0.0007198467
0.0007223874
0.0007210705
0.0007153536
0.0007045799
0.0006894007
0.0006651112
0.0006469772
0.0008085426
0.0008134096
0.0008156483
0.0008137821
0.0008071501
0.0007952609
0.0007787371
0.0007512956
0.0007304426
0.0009272064
0.0009346382
0.0009397036
0.0009422163
0.0009402455
0.0009331717
0.0009201473
0.0009013744
0.0008701147
0.0008459675
0.001042676
0.001051016
0.001058678
0.001064224
0.001067151
0.001065462
0.001058139
0.001043577
0.001022402
0.0009874889
0.0009461856
0.001136359
0.00114302
0.001151518
0.001159529
0.001165523
0.001169101
0.001167839
0.001159986
0.001144152
0.001120948
0.001069645
0.001018735
0.001200563
0.001204732
0.001211428
0.0012201
0.001228372
0.001234974
0.001239239
0.001238045
0.001229829
0.001213126
0.001174805
0.001114457
0.001068501
0.001231198
0.00123456
0.001238295
0.001244954
0.001253672
0.001262345
0.00126954
0.001274009
0.001272875
0.001264503
0.001233534
0.001186832
0.001132029
0.001091267
0.001227462
0.00123013
0.001232894
0.001236285
0.001242727
0.001251603
0.001260645
0.001267887
0.001272406
0.001271329
0.001248977
0.001210101
0.001169535
0.001120891
0.001085886
0.001189839
0.001191553
0.001193525
0.001195818
0.00119884
0.001205126
0.001214098
0.001222941
0.001230005
0.001234415
0.001219185
0.001188635
0.001156027
0.001122031
0.00108035
0.001119335
0.001120261
0.001121206
0.001122621
0.001124454
0.001127327
0.001133329
0.001141797
0.001150184
0.001156827
0.001146446
0.001121681
0.00109631
0.001069736
0.001042784
0.001019395
0.001019313
0.00101944
0.001019772
0.001020644
0.001022248
0.001024983
0.001030046
0.001037693
0.001045332
0.001035856
0.001012445
0.0009893651
0.000967061
0.0009461725
0.0008979913
0.0008975083
0.0008966355
0.0008961055
0.0008958266
0.000896375
0.0008977563
0.0008998016
0.0009036616
0.0009100095
0.0008986744
0.0008680562
0.0008369082
0.0008063938
0.0007813632
0.0007758266
0.0007747513
0.0007734274
0.0007719082
0.0007707262
0.0007701064
0.0007703773
0.0007710179
0.0007721527
0.0007746005
0.0007571556
0.0007110085
0.0006531134
0.0005784021
0.0004769954
0.0003822962
0.0003465766
0.0003139715
0.0002826015
0.0002554345
0.0006856256
0.0006843577
0.0006825995
0.0006807816
0.0006788972
0.0006777045
0.0006771816
0.0006771153
0.0006773681
0.00067803
0.0006579142
0.0006116186
0.0005586819
0.000496238
0.0004246023
0.0003733417
0.0003461183
0.0003177084
0.0002886745
0.000259493
0.0002334981
0.0006284464
0.0006272411
0.0006253508
0.0006232277
0.0006211527
0.0006194217
0.0006184982
0.0006178596
0.0006176525
0.0006177479
0.0005978291
0.0005540922
0.0005073893
0.0004570664
0.0004016564
0.0003640293
0.0003428343
0.0003187094
0.0002925613
0.0002651337
0.0002372893
0.0002121535
0.0005956614
0.0005948451
0.0005930084
0.0005907782
0.0005884591
0.0005865695
0.0005851491
0.0005841844
0.0005834983
0.0005832328
0.0005639541
0.0005227473
0.0004793498
0.0004344
0.0003876321
0.0003562648
0.0003388706
0.0003180967
0.0002947043
0.000269332
0.0002427178
0.0002158249
0.000191478
0.0005808624
0.000579955
0.0005784946
0.000576302
0.0005738741
0.0005717559
0.0005702
0.0005687813
0.0005677935
0.0005670818
0.0005480254
0.0005081036
0.0004662578
0.0004230035
0.0003788832
0.0003506957
0.0003353408
0.0003167886
0.0002955346
0.0002720877
0.0002469807
0.0002209147
0.0001948731
0.0001713787
0.000614674
0.0006109103
0.0006024304
0.0005893758
0.0005681842
0.0005530163
0.0006292055
0.000628757
0.0006241944
0.0006150923
0.0006015248
0.0005800656
0.0005648032
0.0006598143
0.0006621479
0.0006609391
0.0006556876
0.0006458147
0.0006317868
0.0006095573
0.0005932626
0.0007143865
0.0007186405
0.0007204684
0.0007187108
0.0007127118
0.0007021229
0.0006873104
0.0006630578
0.0006449363
0.000800745
0.0008073447
0.0008114992
0.0008132883
0.0008111251
0.000804658
0.0007931287
0.0007765853
0.0007491849
0.0007283478
0.0009188304
0.0009260695
0.0009328434
0.0009375097
0.0009397648
0.0009379607
0.0009312574
0.0009182586
0.0008995184
0.0008683419
0.0008280012
0.001035867
0.00104158
0.001049294
0.001056586
0.001061902
0.001064992
0.001063678
0.0010564
0.001041898
0.001020789
0.0009716205
0.0009206579
0.001131425
0.001135279
0.001141331
0.001149471
0.00115726
0.001163417
0.001167367
0.001166156
0.001158363
0.001142602
0.001105486
0.001046297
0.001001277
0.001196258
0.001199491
0.00120306
0.001209402
0.001217855
0.001226288
0.001233261
0.001237574
0.001236436
0.001228286
0.001197722
0.001151533
0.001097499
0.0010575
0.001227462
0.00123013
0.001232894
0.001236285
0.001242727
0.001251603
0.001260645
0.001267887
0.001272406
0.001271329
0.001248977
0.001210101
0.001169535
0.001120891
0.001085886
0.001224594
0.001226396
0.001228468
0.001230889
0.001234075
0.001240676
0.001249916
0.001259002
0.001266292
0.001270861
0.001255714
0.001225225
0.001192456
0.001157963
0.001115309
0.001187713
0.001188774
0.001189894
0.001191526
0.001193617
0.001196807
0.001203452
0.001212466
0.001221352
0.001228462
0.001218724
0.001195013
0.001170417
0.001143934
0.001116061
0.001118233
0.001118266
0.001118598
0.001119205
0.00112042
0.001122424
0.001125658
0.001131697
0.0011402
0.001148625
0.001140885
0.001121237
0.001102142
0.001082966
0.001063006
0.001018655
0.001018314
0.00101763
0.001017413
0.001017541
0.001018583
0.00102054
0.001023304
0.001028394
0.001036059
0.001028426
0.001007507
0.0009889499
0.0009721485
0.000957767
0.0008978919
0.0008968793
0.0008957675
0.0008945277
0.0008937708
0.0008936583
0.0008945435
0.0008959213
0.0008979626
0.0009018157
0.0008904483
0.0008617553
0.0008328192
0.0008060395
0.0007854208
0.0007759619
0.0007746626
0.0007729119
0.0007711763
0.0007693882
0.00076836
0.0007680542
0.0007682661
0.0007688459
0.0007699181
0.0007504332
0.0007042604
0.0006483319
0.0005756295
0.0004768277
0.000384274
0.0003506079
0.0003197177
0.0002896099
0.0002599031
0.0002336118
0.0006856833
0.0006844603
0.0006825192
0.0006803545
0.0006782739
0.0006765493
0.0006756676
0.0006750868
0.0006749602
0.0006751514
0.0006540916
0.0006063675
0.0005532099
0.0004926004
0.0004226412
0.0003732482
0.000347917
0.0003213956
0.0002939343
0.0002657756
0.0002374776
0.0002119856
0.0006280983
0.0006272948
0.0006254322
0.0006231529
0.0006207863
0.0006188788
0.0006174632
0.0006164969
0.0006158145
0.0006155616
0.0005953011
0.000550954
0.0005031858
0.0004525561
0.0003987428
0.0003624057
0.0003427669
0.0003203759
0.0002959525
0.0002699427
0.0002429104
0.0002156833
0.00019098
0.0005953862
0.0005945216
0.0005930599
0.0005908473
0.0005883875
0.000586242
0.0005846706
0.0005832214
0.0005822252
0.0005815068
0.000561961
0.0005205255
0.0004766447
0.0004308977
0.0003839171
0.0003537192
0.0003373856
0.0003180524
0.000296256
0.000272452
0.0002471
0.000220837
0.0001945937
0.0001708519
0.0005804206
0.0005797288
0.0005781833
0.0005763525
0.0005739375
0.000571686
0.0005698875
0.0005683077
0.000566865
0.0005658513
0.0005464065
0.0005063009
0.000464254
0.0004205867
0.0003758621
0.0003474697
0.0003329644
0.0003154235
0.00029551
0.0002735302
0.0002498406
0.0002248846
0.0001993165
0.00017411
0.0001515033
0.0006139063
0.0006134914
0.0006090576
0.0006001964
0.0005869356
0.0005660174
0.0005512211
0.0006257948
0.0006280198
0.0006268893
0.0006219248
0.0006125881
0.000599233
0.000578189
0.0005629551
0.000654689
0.0006586226
0.00066026
0.0006586275
0.0006531107
0.0006434274
0.0006297688
0.0006075875
0.0005913144
0.0007070065
0.0007131877
0.0007167312
0.0007181135
0.0007160613
0.0007102286
0.0006999958
0.000685166
0.0006609518
0.0006428441
0.000793566
0.0007995558
0.0008054464
0.0008091518
0.000810634
0.0008086231
0.0008025017
0.0007909424
0.0007743803
0.0007470218
0.0007058099
0.0009130585
0.0009177027
0.000924287
0.0009306636
0.0009350721
0.0009374823
0.0009360368
0.0009293463
0.0009163731
0.0008976662
0.000849763
0.000794386
0.001031387
0.001034775
0.001039872
0.001047217
0.001054279
0.001059755
0.001063209
0.001061931
0.0010547
0.001040256
0.001004236
0.0009451968
0.0008996021
0.001127371
0.001130349
0.001133601
0.0011393
0.001147219
0.001155169
0.001161692
0.001165684
0.001164524
0.001156792
0.001126857
0.001081166
0.001028208
0.0009892876
0.001192621
0.001195188
0.001197823
0.001201049
0.001207176
0.001215787
0.001224586
0.001231605
0.001235966
0.001234884
0.001212674
0.001174003
0.001133896
0.00108609
0.001051964
0.001224594
0.001226396
0.001228468
0.001230889
0.001234075
0.001240676
0.001249916
0.001259002
0.001266292
0.001270861
0.001255714
0.001225225
0.001192456
0.001157963
0.001115309
0.001222395
0.00122353
0.001224738
0.00122647
0.001228688
0.001232042
0.001239003
0.001248286
0.001257418
0.001264755
0.001255253
0.001231828
0.00120734
0.001180654
0.001152164
0.001186543
0.001186649
0.001187117
0.0011879
0.001189332
0.001191593
0.001195148
0.001201834
0.001210889
0.001219819
0.001212852
0.001194565
0.001176695
0.001158161
0.001137849
0.001117401
0.001117165
0.001116605
0.001116601
0.00111701
0.001118396
0.001120761
0.001124038
0.001130115
0.001138653
0.001132794
0.001115812
0.00110171
0.001088729
0.001076149
0.001018545
0.001017575
0.001016632
0.001015606
0.001015186
0.001015487
0.001016881
0.001018868
0.001021662
0.001026779
0.001019303
0.001000288
0.0009841445
0.0009717468
0.0009628085
0.0008980716
0.0008967798
0.0008951392
0.000893661
0.0008921969
0.0008916074
0.0008918325
0.0008927148
0.0008940893
0.0008961269
0.0008824721
0.0008538986
0.000826793
0.0008021261
0.0007850854
0.0007760262
0.0007747977
0.0007728231
0.0007706617
0.000768658
0.0007670262
0.0007663123
0.0007659494
0.0007661016
0.0007666199
0.0007458782
0.0006980737
0.0006422447
0.0005714475
0.000474611
0.0003841792
0.0003524325
0.0003234312
0.0002948884
0.0002662011
0.0002375965
0.000211863
0.0006852948
0.0006845178
0.0006826214
0.000680274
0.0006778479
0.0006759277
0.0006745157
0.000673577
0.000672938
0.0006727509
0.0006513028
0.0006028093
0.0005485092
0.0004878856
0.0004195906
0.000371582
0.0003478501
0.0003230781
0.0002973436
0.0002705976
0.0002431078
0.0002155152
0.0001903926
0.0006277838
0.0006269473
0.0006254856
0.0006232339
0.0006207114
0.0006185135
0.0006169215
0.0006154651
0.0006144559
0.0006137297
0.0005931895
0.0005485999
0.0005002938
0.0004488394
0.000394974
0.0003598207
0.0003412642
0.0003203319
0.0002975116
0.0002730709
0.0002472968
0.0002206945
0.0001940888
0.0001698648
0.0005949584
0.0005942467
0.0005927373
0.0005908983
0.0005884561
0.0005861704
0.0005843437
0.0005827432
0.0005812653
0.0005802375
0.0005602963
0.0005186758
0.000474592
0.0004284192
0.0003808364
0.000350476
0.0003349961
0.0003166816
0.0002962315
0.0002738967
0.0002499617
0.0002248058
0.0001990314
0.0001735749
0.0001506588
0.0005802328
0.0005792874
0.0005779572
0.0005760424
0.0005739872
0.0005717489
0.0005698175
0.000567996
0.0005663924
0.0005649257
0.0005452158
0.0005048021
0.000462596
0.0004187498
0.0003736616
0.000344702
0.0003299602
0.0003132077
0.0002942567
0.0002735222
0.0002511738
0.0002274876
0.0002028811
0.0001780121
0.0001538704
0.0001229213
0.0006105473
0.0006127267
0.0006116362
0.0006068069
0.0005977171
0.0005846705
0.0005641673
0.0005494039
0.0006208358
0.0006246149
0.0006261567
0.0006246157
0.0006193989
0.0006102553
0.0005972715
0.0005762845
0.00056108
0.0006474698
0.000653505
0.0006567446
0.0006579541
0.0006560444
0.0006506992
0.0006413733
0.000627711
0.000605579
0.0005893285
0.0007008492
0.0007058183
0.0007112907
0.0007143893
0.0007154698
0.0007135698
0.0007080786
0.0006978135
0.0006829675
0.0006587932
0.0006203358
0.0007887964
0.0007923863
0.0007976727
0.0008031156
0.0008065132
0.0008081342
0.0008064581
0.0008002906
0.0007887015
0.0007721215
0.0007237524
0.0006569771
0.0009091325
0.0009119347
0.0009159357
0.0009221243
0.0009282436
0.0009328034
0.0009355603
0.0009341161
0.0009274384
0.0009144912
0.0008782611
0.0008150282
0.0007625197
0.001027695
0.001030298
0.001033074
0.001037814
0.001044928
0.001052149
0.001057982
0.001061463
0.001060222
0.001053037
0.001023415
0.0009766832
0.0009234129
0.0008841734
0.001123943
0.001126297
0.001128675
0.001131582
0.001137067
0.001145145
0.001153456
0.001160019
0.001164054
0.001162945
0.001140838
0.001102092
0.001062326
0.001015789
0.0009831604
0.001189839
0.001191553
0.001193525
0.001195818
0.00119884
0.001205126
0.001214098
0.001222941
0.001230005
0.001234415
0.001219185
0.001188635
0.001156027
0.001122031
0.00108035
0.001222394
0.00122353
0.001224738
0.00122647
0.001228688
0.001232042
0.001239003
0.001248286
0.001257418
0.001264755
0.001255253
0.001231828
0.00120734
0.001180654
0.001152164
0.001221198
0.001221332
0.001221874
0.001222744
0.001224276
0.001226663
0.001230383
0.001237386
0.001246713
0.001255891
0.001249227
0.001231378
0.001213842
0.001195377
0.001174739
0.001185648
0.001185479
0.001184994
0.001185127
0.001185712
0.001187314
0.00118994
0.001193544
0.001200271
0.001209368
0.001204314
0.001188819
0.001176256
0.001164372
0.001151995
0.001117283
0.001116334
0.001115505
0.001114611
0.00111441
0.001114992
0.001116739
0.001119147
0.001122468
0.001128583
0.001122951
0.001107897
0.001096391
0.001088306
0.001081876
0.001018772
0.001017465
0.001015894
0.00101461
0.001013383
0.001013137
0.001013791
0.001015215
0.001017232
0.001020057
0.001010205
0.0009914194
0.0009771004
0.0009670383
0.0009624142
0.0008981452
0.0008969593
0.0008950396
0.0008930338
0.0008913321
0.0008900376
0.0008897856
0.0008900095
0.0008908893
0.0008922608
0.0008768902
0.0008463121
0.0008192873
0.0007963377
0.0007812896
0.0007755765
0.0007748619
0.0007729578
0.0007705728
0.0007681448
0.0007662979
0.0007649821
0.0007642121
0.0007637915
0.0007638833
0.0007426728
0.0006938097
0.0006366658
0.0005661471
0.0004711981
0.0003824605
0.0003523654
0.0003251255
0.0002983102
0.0002710317
0.0002432325
0.0002153923
0.0001899563
0.0006849342
0.0006841299
0.0006826786
0.0006803757
0.0006777673
0.0006755029
0.0006738956
0.0006724287
0.0006714328
0.0006707353
0.0006489831
0.0006002173
0.0005452622
0.0004837952
0.0004156912
0.0003689361
0.0003463239
0.0003230343
0.000298911
0.0002737345
0.0002474985
0.0002205251
0.000193493
0.0001686174
0.0006273912
0.0006266331
0.000625139
0.0006232867
0.0006207918
0.0006184384
0.000616557
0.0006149246
0.0006134274
0.0006123754
0.0005914231
0.0005466449
0.0004981311
0.0004462214
0.0003917689
0.0003565403
0.0003388496
0.0003189508
0.0002974874
0.0002745194
0.0002501613
0.0002246611
0.0001985161
0.000172572
0.0001489829
0.0005947918
0.0005938193
0.0005924629
0.000590577
0.0005885064
0.0005862383
0.000584272
0.000582417
0.0005807874
0.0005792806
0.0005590686
0.0005171366
0.0004728951
0.0004265456
0.0003785975
0.0003476761
0.0003319794
0.0003144576
0.0002949749
0.0002738887
0.0002512957
0.0002274081
0.000202591
0.0001774649
0.000153012
0.0001215811
0.0005798965
0.0005790998
0.0005775168
0.0005758162
0.0005736787
0.0005717978
0.0005698799
0.0005679259
0.0005660813
0.0005644541
0.0005443215
0.0005036932
0.0004612235
0.0004172428
0.0003719978
0.0003426463
0.0003273393
0.0003104276
0.0002922067
0.0002723796
0.0002511791
0.0002287089
0.0002052281
0.0001811798
0.0001572621
0.000124783
9.009843e-05
0.000605642
0.0006093736
0.0006108763
0.000609382
0.0006043066
0.0005954115
0.0005827369
0.0005622947
0.0005475648
0.0006135802
0.0006196636
0.000622762
0.0006238894
0.0006220846
0.0006170434
0.0006082586
0.0005952814
0.0005743522
0.0005591779
0.0006420362
0.0006462975
0.00065164
0.0006544523
0.0006553778
0.0006536262
0.0006486242
0.0006392784
0.0006256132
0.0006035318
0.0005680817
0.0006968318
0.0006996692
0.00070394
0.0007089655
0.0007117615
0.000712984
0.0007114125
0.0007058727
0.0006955759
0.0006807146
0.0006355726
0.0005721234
0.0007854323
0.0007876206
0.0007905193
0.000795363
0.0008004977
0.0008040293
0.0008059713
0.000804238
0.0007980242
0.0007864055
0.0007478324
0.000673367
0.0005997091
0.0009058851
0.0009080117
0.0009101745
0.0009137937
0.0009197255
0.0009259929
0.000930893
0.0009336414
0.0009321988
0.0009255341
0.0008947709
0.0008420308
0.000782122
0.0007347385
0.001024575
0.001026609
0.001028602
0.001031026
0.001035549
0.001042816
0.001050389
0.001056246
0.001059755
0.001058551
0.001035981
0.0009953792
0.0009539785
0.0009074575
0.0008757988
0.001121331
0.001122871
0.001124627
0.001126663
0.001129366
0.001135012
0.001143446
0.001151795
0.001158397
0.001162475
0.001146906
0.001115746
0.001082907
0.001049393
0.001009442
0.001187713
0.001188774
0.001189894
0.001191526
0.001193617
0.001196807
0.001203452
0.001212466
0.001221352
0.001228462
0.001218724
0.001195013
0.001170417
0.001143934
0.001116061
0.001221198
0.001221332
0.001221874
0.001222744
0.001224276
0.001226663
0.001230383
0.001237386
0.001246713
0.001255891
0.001249227
0.001231378
0.001213842
0.001195377
0.001174739
0.00122027
0.001220136
0.001219679
0.001219885
0.001220556
0.001222258
0.001225011
0.001228781
0.001235827
0.001245197
0.001240464
0.001225473
0.001213402
0.001201812
0.001189382
0.001185523
0.001184585
0.001183826
0.001183007
0.001182944
0.001183701
0.001185667
0.001188342
0.001191994
0.001198763
0.001193981
0.001180442
0.001170606
0.00116394
0.001158172
0.001117553
0.001116215
0.001114675
0.001113512
0.001112425
0.001112398
0.001113341
0.001115131
0.001117584
0.001120948
0.001113031
0.001098259
0.001088613
0.00108306
0.001081457
0.001018853
0.001017691
0.001015783
0.001013872
0.001012389
0.001011338
0.001011444
0.00101213
0.001013585
0.001015633
0.001003586
0.0009826188
0.0009684448
0.0009601224
0.0009577582
0.0008976156
0.0008970328
0.0008952187
0.0008929341
0.0008907063
0.0008891746
0.0008882192
0.0008879667
0.0008881896
0.0008890671
0.0008730989
0.0008409364
0.0008120577
0.0007891371
0.0007756614
0.0007751546
0.0007744128
0.0007730216
0.0007707069
0.0007680558
0.0007657863
0.0007642555
0.0007628856
0.0007620588
0.0007615799
0.0007400186
0.0006908095
0.000632759
0.0005612977
0.0004668922
0.0003797399
0.0003508179
0.0003250819
0.0002998834
0.0002741744
0.0002476259
0.0002204009
0.0001930503
0.0001675823
0.0006845367
0.0006837696
0.0006822917
0.0006804324
0.0006778684
0.0006754223
0.000673472
0.0006718101
0.0006702881
0.0006692347
0.0006470385
0.0005980719
0.0005428951
0.0004809091
0.0004122718
0.0003655941
0.0003438757
0.0003216408
0.000298887
0.000275187
0.0002503661
0.000224489
0.0001979078
0.0001713045
0.000146603
0.0006271943
0.0006262406
0.0006248254
0.0006229415
0.0006208439
0.0006185182
0.0006164819
0.000614561
0.0006128882
0.0006113502
0.000590114
0.0005450155
0.0004963466
0.0004442657
0.0003894462
0.0003536768
0.0003358081
0.000316712
0.0002962251
0.0002745115
0.0002514967
0.0002272621
0.0002020665
0.0001764394
0.0001513084
0.000118681
0.0005944308
0.0005936527
0.0005920364
0.0005903033
0.0005881866
0.0005862878
0.0005843395
0.0005823452
0.0005804619
0.0005788033
0.0005581445
0.0005159954
0.0004714892
0.0004250095
0.0003769109
0.000345598
0.0003293374
0.0003116696
0.0002929203
0.0002727444
0.000251301
0.000228629
0.0002049347
0.0001806228
0.0001563841
0.0001234204
8.897685e-05
0.0005796208
0.0005787639
0.0005773295
0.0005753777
0.0005734523
0.0005714908
0.0005699281
0.0005679878
0.0005660112
0.0005641437
0.0005438602
0.000502863
0.0004602019
0.0004160018
0.0003706465
0.0003410976
0.0003253748
0.0003079718
0.0002896499
0.0002704971
0.000250145
0.0002287245
0.0002063359
0.0001832743
0.0001600463
0.0001274635
9.141725e-05
6.170912e-05
0.0005983767
0.000604476
0.0006075333
0.0006086285
0.0006068769
0.000601979
0.0005934434
0.0005807802
0.0005603997
0.0005457039
0.0006086705
0.0006124214
0.0006178237
0.0006205084
0.0006213657
0.0006197234
0.0006150272
0.0006062328
0.0005932628
0.0005723922
0.0005389237
0.0006385291
0.0006408714
0.0006444531
0.000649365
0.000651893
0.0006529665
0.0006515451
0.0006465078
0.0006371429
0.0006234755
0.0005816295
0.0005238945
0.0006938897
0.0006956553
0.0006978049
0.0007016406
0.0007063583
0.000709292
0.0007108314
0.0007091989
0.0007036109
0.0006932829
0.0006564865
0.0005858559
0.000518029
0.0007826362
0.0007842594
0.0007857603
0.0007882314
0.0007927716
0.000798035
0.00080188
0.0008037533
0.0008019622
0.0007957019
0.00076171
0.0006953305
0.0006143086
0.000529437
0.0009031435
0.000904767
0.0009062564
0.0009080416
0.0009114206
0.0009174968
0.0009240977
0.0009289857
0.000931726
0.0009302851
0.0009055791
0.0008579243
0.0008077459
0.0007534498
0.000715866
0.001022207
0.001023491
0.001024917
0.00102656
0.001028773
0.00103346
0.001041071
0.001048666
0.001054548
0.001058086
0.00104141
0.00100759
0.0009722725
0.0009373551
0.0008987997
0.001119335
0.001120261
0.001121206
0.001122621
0.001124454
0.001127327
0.001133329
0.001141797
0.001150184
0.001156827
0.001146446
0.001121681
0.00109631
0.001069736
0.001042784
0.001186543
0.001186649
0.001187117
0.0011879
0.001189332
0.001191593
0.001195148
0.001201834
0.001210889
0.001219819
0.001212852
0.001194565
0.001176695
0.001158161
0.001137849
0.00122027
0.001220136
0.001219679
0.001219885
0.001220556
0.001222258
0.001225011
0.001228781
0.001235827
0.001245197
0.001240464
0.001225473
0.001213402
0.001201812
0.001189382
0.001220142
0.001219208
0.001218484
0.001217693
0.001217702
0.001218544
0.001220612
0.001223415
0.001227236
0.001234324
0.001229886
0.001216867
0.001207589
0.001201377
0.001195783
0.001185834
0.001184459
0.001182932
0.00118184
0.001180828
0.001180938
0.00118206
0.001184075
0.001186798
0.001190499
0.001183514
0.001170295
0.001162352
0.001158354
0.001157743
0.001117639
0.001116485
0.001114556
0.001112683
0.001111327
0.001110416
0.00111075
0.001111738
0.001113573
0.00111607
0.001105516
0.001088578
0.001079137
0.001075376
0.001076248
0.001018248
0.001017772
0.001016009
0.001013762
0.001011653
0.001010346
0.001009648
0.001009787
0.001010505
0.001011992
0.0009992274
0.0009761732
0.0009598841
0.0009516245
0.000950912
0.000897117
0.0008965038
0.0008952919
0.0008931127
0.0008906066
0.0008885505
0.0008873577
0.0008864036
0.0008861509
0.000886373
0.0008699718
0.0008372866
0.0008068822
0.0007822105
0.0007686669
0.0007747216
0.0007739912
0.0007725736
0.0007707703
0.0007681892
0.0007656972
0.0007637452
0.0007621607
0.0007607362
0.0007598521
0.0007377876
0.0006883346
0.0006300037
0.0005578463
0.0004629817
0.0003763164
0.0003483393
0.0003236787
0.0002998594
0.0002756296
0.0002504953
0.0002243628
0.0001974556
0.0001702525
0.0001441466
0.000684325
0.0006833723
0.000681932
0.0006800469
0.0006779243
0.0006755227
0.0006733913
0.0006713877
0.0006696711
0.0006680938
0.0006455878
0.0005962794
0.0005409464
0.000478797
0.0004097949
0.0003626391
0.0003407999
0.0003193842
0.0002976183
0.0002751793
0.0002517028
0.0002270883
0.0002014474
0.000175143
0.0001488889
0.0001136617
0.0006268542
0.0006260439
0.0006244335
0.0006226287
0.0006205003
0.0006185695
0.0006165611
0.0006144858
0.0006125256
0.0006108123
0.0005891249
0.0005438024
0.0004948656
0.000442664
0.00038771
0.0003515538
0.0003331268
0.0003139091
0.0002941623
0.0002733644
0.0002515021
0.0002284823
0.0002044044
0.0001795788
0.0001546411
0.0001204718
8.668336e-05
0.0005941424
0.0005932923
0.0005918699
0.0005898784
0.0005879139
0.0005859697
0.0005843882
0.0005824122
0.0005803901
0.0005784786
0.0005576735
0.0005151393
0.000470441
0.0004237436
0.0003755415
0.0003440359
0.0003273581
0.0003092009
0.0002903589
0.0002708596
0.0002502663
0.0002286446
0.000206041
0.0001827108
0.0001591523
0.0001260692
9.027711e-05
6.100822e-05
0.0005794213
0.0005784883
0.0005769944
0.000575191
0.0005730164
0.0005712642
0.0005696225
0.0005680353
0.0005660725
0.0005640735
0.0005435576
0.0005024235
0.0004594397
0.0004150718
0.000369541
0.0003398496
0.0003238948
0.0003061153
0.0002873691
0.0002681605
0.0002484296
0.0002277959
0.0002063593
0.0001842686
0.0001618949
0.000129701
9.332659e-05
6.258844e-05
3.608821e-05
0.0005937038
0.0005972246
0.000602649
0.0006052993
0.0006061313
0.0006045443
0.000599992
0.0005914516
0.0005788004
0.0005584822
0.0005259357
0.0006054208
0.0006075178
0.0006106052
0.0006155877
0.0006180019
0.0006190122
0.0006177022
0.0006129813
0.0006041777
0.0005912157
0.0005515219
0.000497737
0.0006358605
0.0006373673
0.0006390395
0.0006422066
0.0006468272
0.000649499
0.0006508912
0.0006494225
0.0006443501
0.0006349666
0.0006006119
0.0005360886
0.0004761564
0.0006914313
0.0006927161
0.0006937971
0.0006955243
0.0006990659
0.0007039096
0.0007071534
0.0007086225
0.000706929
0.0007012928
0.0006686223
0.0006046765
0.000530092
0.0004575462
0.0007802804
0.0007814661
0.0007824043
0.0007834814
0.000785667
0.0007903366
0.000795904
0.0007996759
0.0008014798
0.0007996302
0.0007707231
0.000708283
0.0006338756
0.0005418668
0.0004377992
0.0009010746
0.0009020276
0.0009030162
0.0009041303
0.0009056799
0.0009092179
0.0009156201
0.0009222055
0.0009270818
0.0009298141
0.0009102323
0.000868292
0.0008230363
0.0007778996
0.0007339805
0.001020394
0.001021125
0.001021803
0.001022881
0.001024315
0.001026697
0.001031735
0.001039363
0.00104698
0.001052888
0.001040956
0.001012878
0.0009841928
0.0009553521
0.0009283375
0.001118233
0.001118266
0.001118598
0.001119205
0.00112042
0.001122424
0.001125658
0.001131697
0.0011402
0.001148625
0.001140885
0.001121237
0.001102142
0.001082966
0.001063006
0.001185648
0.001185479
0.001184994
0.001185127
0.001185712
0.001187314
0.00118994
0.001193544
0.001200271
0.001209368
0.001204314
0.001188819
0.001176256
0.001164372
0.001151995
0.001220142
0.001219208
0.001218484
0.001217693
0.001217702
0.001218544
0.001220612
0.001223415
0.001227236
0.001234324
0.001229886
0.001216867
0.001207589
0.001201377
0.001195783
0.001220477
0.00121908
0.001217557
0.001216499
0.001215513
0.001215695
0.001216903
0.001219022
0.001221876
0.001225746
0.001219145
0.001206467
0.001199101
0.001195626
0.001195352
0.001185921
0.001184771
0.001182807
0.001180948
0.001179663
0.001178825
0.0011793
0.001180472
0.001182537
0.001185309
0.001175379
0.00116004
0.001152347
0.001150183
0.00115219
0.001116977
0.001116571
0.001114826
0.001112564
0.0011105
0.00110932
0.001108771
0.001109151
0.001110185
0.001112065
0.001100699
0.001081249
0.00106964
0.001066011
0.001068613
0.001017676
0.001017167
0.00101609
0.001013987
0.001011543
0.001009611
0.001008658
0.001007995
0.001008166
0.001008917
0.0009956438
0.0009719222
0.0009535823
0.0009432369
0.0009425002
0.0008966232
0.0008960055
0.000894764
0.0008931854
0.0008907844
0.0008884507
0.000886735
0.0008855438
0.0008845912
0.0008843384
0.0008673367
0.0008342841
0.0008033678
0.000777213
0.000761942
0.0007744972
0.0007735583
0.0007721527
0.0007703237
0.0007682519
0.00076583
0.0007636561
0.0007616517
0.000760013
0.0007585333
0.0007361117
0.0006862602
0.0006277401
0.0005553963
0.0004601432
0.0003732571
0.0003452309
0.0003214085
0.0002985862
0.0002756218
0.0002518329
0.0002269608
0.0002009871
0.0001740668
0.0001463913
0.0001052749
0.0006839789
0.0006831607
0.0006815351
0.0006796882
0.0006775406
0.0006755779
0.0006734911
0.0006713069
0.0006692499
0.0006674784
0.000644487
0.0005949375
0.0005393248
0.0004770693
0.0004079675
0.00036045
0.0003380684
0.0003165631
0.0002955463
0.000274029
0.0002517082
0.0002283078
0.0002037782
0.0001782589
0.0001521652
0.0001153679
8.314208e-05
0.0006265387
0.0006257043
0.0006242371
0.0006222376
0.0006201887
0.0006182277
0.0006166118
0.0006145645
0.0006124503
0.0006104506
0.0005886009
0.0005428892
0.0004937578
0.0004413419
0.0003863009
0.0003499648
0.0003311193
0.0003114177
0.0002915926
0.0002714755
0.0002504663
0.000228498
0.0002055078
0.0001816548
0.0001573776
0.0001230517
8.794557e-05
5.962644e-05
0.0005939517
0.0005930041
0.0005915106
0.0005897118
0.0005874915
0.000585698
0.0005840716
0.0005824603
0.0005804565
0.0005784066
0.0005573568
0.0005146878
0.0004696576
0.0004227937
0.0003744204
0.0003427771
0.000325869
0.0003073353
0.0002880708
0.0002685207
0.0002485502
0.0002277162
0.0002060644
0.0001837022
0.0001609905
0.0001282814
9.21601e-05
6.187607e-05
3.572841e-05
0.0005791426
0.0005782894
0.0005767192
0.000574857
0.0005728304
0.0005708314
0.0005693957
0.0005677311
0.0005661194
0.0005641343
0.0005434866
0.0005021377
0.0004590242
0.0004143809
0.0003687059
0.0003388337
0.0003227059
0.0003047148
0.0002856311
0.0002660593
0.0002463085
0.0002262455
0.0002055326
0.0001842974
0.0001627774
0.0001311969
9.494865e-05
6.386721e-05
3.659314e-05
1.188633e-05
0.0005905751
0.0005925574
0.000595422
0.000600433
0.0006028193
0.0006038066
0.0006025527
0.000597981
0.0005894363
0.0005767976
0.0005381142
0.0004861846
0.0006029116
0.0006042709
0.0006057114
0.0006084019
0.0006131032
0.0006156659
0.0006169972
0.0006156511
0.0006109058
0.0006020936
0.0005694223
0.0005090883
0.0004541953
0.0006336196
0.0006347014
0.0006355404
0.0006368097
0.0006397048
0.000644455
0.0006474385
0.0006487743
0.0006472583
0.0006421512
0.0006116892
0.0005531253
0.0004868972
0.0004252153
0.0006893647
0.0006902604
0.0006908628
0.0006915247
0.0006929731
0.0006966509
0.000701789
0.0007049588
0.0007063573
0.0007046025
0.0006763616
0.000615872
0.0005466222
0.0004677575
0.0003907174
0.0007785154
0.0007791127
0.0007796157
0.0007801326
0.0007809285
0.0007832595
0.0007882294
0.0007937185
0.0007974165
0.0007991501
0.000774546
0.0007166738
0.0006457065
0.0005585743
0.0004474224
0.0003542022
0.0008994901
0.0008999604
0.0009002808
0.000900896
0.0009017768
0.0009034889
0.0009073628
0.0009137465
0.0009203166
0.0009251814
0.0009097805
0.0008727661
0.0008329857
0.0007926518
0.000757648
0.001019395
0.001019313
0.00101944
0.001019772
0.001020644
0.001022248
0.001024983
0.001030046
0.001037693
0.001045332
0.001035856
0.001012445
0.0009893651
0.000967061
0.0009461725
0.001117401
0.001117165
0.001116605
0.001116601
0.00111701
0.001118396
0.001120761
0.001124038
0.001130115
0.001138653
0.001132794
0.001115812
0.00110171
0.001088729
0.001076149
0.001185523
0.001184585
0.001183826
0.001183007
0.001182944
0.001183701
0.001185667
0.001188342
0.001191994
0.001198763
0.001193981
0.001180442
0.001170606
0.00116394
0.001158172
0.001220477
0.00121908
0.001217557
0.001216499
0.001215513
0.001215695
0.001216903
0.001219022
0.001221876
0.001225746
0.001219145
0.001206467
0.001199101
0.001195626
0.001195352
0.001220562
0.001219414
0.001217428
0.001215573
0.001214321
0.00121351
0.001214057
0.001215318
0.001217487
0.001220392
0.001210698
0.001195929
0.001188836
0.001187218
0.001189631
0.001185215
0.001184858
0.001183117
0.001180822
0.001178772
0.001177662
0.001177191
0.001177716
0.001178939
0.001181053
0.001170248
0.001152101
0.001142254
0.001140274
0.001144061
0.001116346
0.00111591
0.001114911
0.001112833
0.001110381
0.001108495
0.001107677
0.001107175
0.001107602
0.001108681
0.001096748
0.001076527
0.001062453
0.001056642
0.001059305
0.001017118
0.001016596
0.001015487
0.001014068
0.001011767
0.001009501
0.001007925
0.001007005
0.001006377
0.001006582
0.0009926196
0.0009684343
0.0009494207
0.0009370408
0.0009342056
0.0008963833
0.0008955117
0.0008942663
0.000892659
0.0008908566
0.0008886278
0.0008866352
0.0008849224
0.0008837329
0.000882782
0.0008653447
0.0008317586
0.0008004835
0.0007738179
0.0007570675
9.06491e-05
0.0007741247
0.000773334
0.0007717201
0.0007699038
0.0007678073
0.0007658919
0.0007637882
0.0007615627
0.0007595055
0.000757812
0.000734835
0.000684698
0.0006258491
0.0005533931
0.0004580966
0.0003709915
0.0003424559
0.000318573
0.0002965077
0.0002744696
0.0002518383
0.0002281797
0.0002033126
0.0001771631
0.000149609
0.0001068384
7.833919e-05
0.0006836178
0.000682815
0.0006813239
0.000679292
0.0006771831
0.000675196
0.0006735457
0.0006714061
0.0006691691
0.0006670584
0.0006438893
0.0005939231
0.0005381066
0.0004756393
0.0004064847
0.0003588213
0.0003360245
0.000314045
0.0002929672
0.0002721359
0.0002506714
0.0002283234
0.0002048784
0.0001803196
0.0001548567
0.0001178279
8.434531e-05
5.762074e-05
0.0006262925
0.0006253889
0.0006238982
0.0006220417
0.0006197989
0.0006179173
0.0006162714
0.0006146146
0.0006125285
0.0006103753
0.0005882499
0.0005423954
0.0004929273
0.0004403476
0.0003851458
0.0003486844
0.0003296133
0.0003095356
0.000289292
0.0002691326
0.000248749
0.0002275701
0.0002055312
0.0001826405
0.0001591953
0.0001252089
8.977453e-05
6.047164e-05
3.503142e-05
0.0005936625
0.0005928137
0.0005912228
0.0005893542
0.0005873246
0.0005852786
0.0005838008
0.000582145
0.000580504
0.0005784726
0.0005572843
0.0005143895
0.0004692309
0.0004220871
0.000373573
0.000341752
0.0003246729
0.0003059293
0.0002863276
0.0002664158
0.0002464284
0.0002261665
0.0002052389
0.0001837309
0.0001618682
0.0001297608
9.376097e-05
6.313852e-05
3.62275e-05
1.177738e-05
0.0005783478
0.0005780111
0.0005765208
0.0005745823
0.0005724978
0.0005706461
0.0005689655
0.0005675042
0.0005658166
0.0005641805
0.0005435421
0.0005020657
0.0004587571
0.0004139917
0.0003680887
0.0003380616
0.0003217404
0.0003035928
0.0002843175
0.0002644463
0.0002443882
0.0002243345
0.0002041441
0.0001835687
0.0001628095
0.0001319172
9.604158e-05
6.496823e-05
3.732972e-05
1.205111e-05
0.0005881383
0.0005894314
0.000590764
0.0005932397
0.0005979758
0.0006005122
0.0006018216
0.000600537
0.000595946
0.0005873974
0.0005555274
0.0004971645
0.0004445674
0.0006007967
0.0006017643
0.0006024694
0.000603521
0.0006059587
0.0006107895
0.0006136658
0.0006149524
0.0006135702
0.0006088008
0.0005799054
0.0005251558
0.000464235
0.0004086643
0.0006317396
0.0006324631
0.0006328792
0.0006333172
0.0006343284
0.00063737
0.0006424132
0.0006453364
0.0006466157
0.0006450527
0.0006186304
0.0005633341
0.0005018766
0.0004344139
0.0003717347
0.0006878286
0.0006881961
0.0006884116
0.0006885972
0.0006889838
0.000690582
0.0006945592
0.0006996128
0.000702708
0.0007040354
0.0006795795
0.0006230199
0.0005567485
0.000481777
0.0003988944
0.0003443479
0.0007771665
0.0007773494
0.0007772664
0.0007773503
0.0007775885
0.0007785328
0.0007811757
0.0007860682
0.000791478
0.0007951012
0.0007740919
0.0007202583
0.0006533578
0.0005689973
0.0004604786
0.0003612748
0.0003254026
0.0008986206
0.0008983772
0.0008982164
0.000898166
0.00089855
0.0008995942
0.0009016438
0.0009055107
0.0009118762
0.0009184312
0.0009052673
0.0008723499
0.0008372911
0.0008022357
0.0007720283
0.001018655
0.001018314
0.00101763
0.001017413
0.001017541
0.001018583
0.00102054
0.001023304
0.001028394
0.001036059
0.001028426
0.001007507
0.0009889499
0.0009721485
0.000957767
0.001117283
0.001116334
0.001115505
0.001114611
0.00111441
0.001114992
0.001116739
0.001119147
0.001122468
0.001128583
0.001122951
0.001107897
0.001096391
0.001088306
0.001081876
0.001185834
0.001184459
0.001182932
0.00118184
0.001180828
0.001180938
0.001182059
0.001184075
0.001186798
0.001190499
0.001183514
0.001170295
0.001162352
0.001158354
0.001157743
0.001220562
0.001219414
0.001217428
0.001215573
0.001214321
0.00121351
0.001214057
0.001215318
0.001217487
0.001220392
0.001210698
0.001195929
0.001188836
0.001187218
0.001189631
0.001219843
0.001219499
0.001217763
0.001215445
0.001213397
0.001212319
0.001211876
0.001212476
0.001213788
0.001216009
0.001205404
0.001187682
0.001178452
0.001177043
0.001181263
0.001184544
0.001184152
0.001183204
0.001181132
0.001178646
0.001176773
0.001176029
0.00117561
0.001176186
0.00117746
0.001166045
0.001147061
0.001134461
0.001130291
0.0011342
0.001115734
0.001115279
0.001114251
0.001112919
0.001110649
0.001108376
0.001106853
0.001106083
0.001105629
0.001106101
0.001093413
0.001072661
0.001057805
0.00104955
0.001050002
0.001016862
0.001016038
0.001014916
0.001013466
0.001011847
0.001009725
0.001007814
0.001006274
0.001005389
0.001004795
0.000990322
0.0009654949
0.0009460116
0.0009329449
0.0009280669
8.052347e-05
0.0008959677
0.0008952719
0.0008937728
0.0008921621
0.0008903319
0.0008886993
0.0008868117
0.0008848226
0.0008831129
0.0008819253
0.0008638233
0.0008298463
0.0007980614
0.0007710367
0.0007537541
9.196171e-05
7.259593e-05
0.0007736958
0.000772962
0.0007714961
0.0007694719
0.0007673887
0.0007654492
0.0007638496
0.0007616941
0.0007594164
0.0007573058
0.0007341332
0.000683512
0.0006244216
0.0005517273
0.0004564343
0.0003693165
0.0003403801
0.0003160351
0.000293922
0.0002725735
0.0002508009
0.0002281953
0.0002044104
0.0001792112
0.000152254
0.0001090965
7.946206e-05
5.512008e-05
0.0006833195
0.0006824542
0.0006809789
0.0006790813
0.0006767881
0.0006748399
0.0006731654
0.0006714601
0.0006692677
0.0006669776
0.0006434827
0.0005933644
0.0005371896
0.0004745606
0.0004052666
0.0003575089
0.0003344966
0.0003121436
0.0002906528
0.0002697886
0.0002489528
0.0002273962
0.0002049017
0.0001812982
0.0001566451
0.0001198899
8.609056e-05
5.843298e-05
3.404672e-05
0.0006259837
0.0006251433
0.0006235833
0.0006217039
0.0006196037
0.000617529
0.0006159622
0.0006142757
0.0006125778
0.0006104529
0.0005881741
0.000542068
0.0004924678
0.0004396061
0.0003842716
0.0003476409
0.0003284035
0.0003081197
0.0002875397
0.0002670213
0.0002466262
0.0002260214
0.0002047079
0.0001826692
0.0001600633
0.0001266526
9.133206e-05
6.170186e-05
3.55192e-05
1.156772e-05
0.0005928046
0.0005925251
0.0005910326
0.0005890669
0.0005869693
0.0005851111
0.0005833837
0.0005818751
0.0005801901
0.0005785193
0.0005573446
0.0005143162
0.0004689535
0.000421689
0.0003729461
0.0003409727
0.0003237013
0.0003048029
0.0002850108
0.0002648
0.0002445067
0.0002242563
0.0002038525
0.0001830045
0.0001619003
0.0001304734
9.484008e-05
6.422633e-05
3.695577e-05
1.19404e-05
0.0005775295
0.0005772176
0.0005762431
0.0005743844
0.0005722238
0.0005703149
0.0005687808
0.0005670765
0.0005655896
0.0005638791
0.0005435813
0.0005021105
0.0004586846
0.0004137448
0.0003677273
0.0003374934
0.000321005
0.0003026838
0.0002832675
0.0002632243
0.0002429038
0.0002225942
0.000202437
0.0001823376
0.0001621739
0.0001319516
9.657286e-05
6.571478e-05
3.796959e-05
1.229188e-05
0.0005860805
0.0005869972
0.0005876426
0.0005885935
0.0005908247
0.000595692
0.0005985423
0.0005998125
0.0005984972
0.0005938872
0.0005657429
0.0005128011
0.0004542995
0.0004013943
0.0005990249
0.0005996519
0.0005999672
0.0006002855
0.0006010934
0.0006036879
0.0006088086
0.000611636
0.0006128778
0.0006114595
0.0005863896
0.0005348293
0.0004784013
0.0004173389
0.0003616343
0.0006303525
0.0006305852
0.0006306451
0.0006306624
0.000630844
0.0006320145
0.0006353599
0.0006403302
0.000643193
0.0006444156
0.0006214574
0.0005697568
0.0005111397
0.0004472337
0.0003793217
0.0003360406
0.0006866591
0.0006866616
0.0006863514
0.0006861523
0.0006860648
0.0006866034
0.0006885109
0.0006924122
0.000697381
0.000700401
0.0006790604
0.0006260273
0.0005632224
0.0004906949
0.0004101793
0.0003511188
0.0003213319
0.0007764316
0.0007760018
0.000775506
0.0007750067
0.0007748142
0.0007752018
0.0007764595
0.0007790383
0.0007838526
0.0007891819
0.0007701964
0.0007198624
0.0006566526
0.00057573
0.0004690376
0.0003710466
0.0003316434
0.0003006112
0.0008979913
0.0008975082
0.0008966355
0.0008961055
0.0008958266
0.000896375
0.0008977563
0.0008998016
0.0009036616
0.0009100095
0.0008986744
0.0008680562
0.0008369082
0.0008063938
0.0007813632
0.001018545
0.001017575
0.001016632
0.001015606
0.001015186
0.001015487
0.001016881
0.001018868
0.001021662
0.001026779
0.001019303
0.001000288
0.0009841444
0.0009717468
0.0009628085
0.001117553
0.001116215
0.001114675
0.001113512
0.001112425
0.001112398
0.001113341
0.001115131
0.001117584
0.001120948
0.001113031
0.001098259
0.001088613
0.00108306
0.001081457
0.001185921
0.00118477
0.001182807
0.001180948
0.001179663
0.001178825
0.0011793
0.001180472
0.001182537
0.001185309
0.001175379
0.00116004
0.001152347
0.001150183
0.00115219
0.001219843
0.001219499
0.001217762
0.001215445
0.001213397
0.001212319
0.001211876
0.001212476
0.001213788
0.001216009
0.001205404
0.001187682
0.001178452
0.001177043
0.001181263
0.001219152
0.001218781
0.001217847
0.001215778
0.001213268
0.001211398
0.001210687
0.001210298
0.00121095
0.001212315
0.001201074
0.00118248
0.001170353
0.001166762
0.001171133
0.001183894
0.001183481
0.001182499
0.001181219
0.001178955
0.001176648
0.001175142
0.001174449
0.001174083
0.001174711
0.001162499
0.00114294
0.001129491
0.001122595
0.001124272
0.001115461
0.001114667
0.001113621
0.00111226
0.001110734
0.001108643
0.001106734
0.001105261
0.001104537
0.001104131
0.001090869
0.001069402
0.001054006
0.001044954
0.001042958
7.367109e-05
0.001016402
0.001015782
0.001014358
0.001012896
0.001011247
0.001009804
0.001008038
0.001006164
0.001004659
0.001003808
0.0009885664
0.0009632596
0.0009431419
0.0009295934
0.0009240068
8.166398e-05
6.738491e-05
0.0008954508
0.0008948566
0.0008935331
0.0008916693
0.0008898363
0.0008881765
0.0008868827
0.0008849985
0.000883013
0.0008813066
0.0008629829
0.0008283896
0.0007962249
0.0007687044
0.000751043
9.386544e-05
7.362238e-05
5.237274e-05
0.0007733346
0.0007725334
0.0007711247
0.0007692483
0.0007669578
0.000765032
0.0007634085
0.0007617548
0.0007595472
0.0007572168
0.0007336426
0.0006828534
0.000623342
0.0005504665
0.0004550625
0.0003679663
0.0003388329
0.0003141191
0.0002915981
0.0002702233
0.0002490814
0.0002272686
0.0002044337
0.0001801839
0.0001540121
0.0001109993
8.109337e-05
5.589115e-05
3.285688e-05
0.0006829792
0.0006821564
0.0006806186
0.0006787372
0.000676578
0.0006744462
0.0006728105
0.0006710814
0.0006693209
0.0006670755
0.0006434017
0.0005929878
0.0005366761
0.0004737531
0.0004043434
0.0003564379
0.0003332692
0.000310716
0.0002888904
0.0002676705
0.0002468289
0.0002258488
0.0002040809
0.0001813269
0.0001574996
0.0001212717
8.758111e-05
5.961635e-05
3.451851e-05
1.127441e-05
0.0006250545
0.000624835
0.0006233384
0.0006213896
0.0006192671
0.0006173344
0.0006155752
0.0006139675
0.0006122405
0.0006105016
0.0005882456
0.0005419919
0.000492167
0.0004391846
0.0003836238
0.0003468472
0.0003274203
0.0003069853
0.0002862175
0.000265401
0.0002447021
0.0002241129
0.0002033251
0.0001819471
0.0001600954
0.0001273485
9.238291e-05
6.276363e-05
3.623136e-05
1.172737e-05
0.0005919633
0.0005916686
0.0005907445
0.0005888767
0.0005866829
0.0005847585
0.0005832159
0.0005814605
0.0005799211
0.0005782069
0.0005573845
0.0005143652
0.00046888
0.0004214345
0.000372579
0.0003403988
0.0003229611
0.0003038901
0.0002839583
0.0002635764
0.0002430212
0.0002225164
0.0002021479
0.0001817773
0.0001612684
0.0001305078
9.53649e-05
6.496424e-05
3.758888e-05
1.217867e-05
0.0005767771
0.0005764003
0.0005754516
0.0005741071
0.0005720264
0.0005700418
0.0005684509
0.0005668924
0.0005651645
0.0005636522
0.0005432946
0.0005021368
0.0004587181
0.0004136721
0.0003675019
0.0003371508
0.0003204647
0.0003019903
0.0002824188
0.0002622495
0.0002417764
0.0002212402
0.0002008742
0.0001808271
0.0001610941
0.0001314467
9.660478e-05
6.608037e-05
3.840535e-05
1.250196e-05
0.0005843577
0.0005849417
0.0005852127
0.0005854784
0.0005861928
0.0005885846
0.0005937417
0.0005965481
0.0005977791
0.0005964333
0.0005720197
0.0005222365
0.0004681078
0.0004098382
0.0003570444
0.000597725
0.0005978822
0.0005978589
0.0005977894
0.000597866
0.0005988382
0.000601743
0.0006067981
0.0006095764
0.0006107733
0.0005889866
0.0005408484
0.000487213
0.0004295462
0.0003689051
0.0003304842
0.0006293013
0.0006291996
0.0006287711
0.0006284342
0.0006281971
0.0006285382
0.0006300224
0.0006333089
0.0006382059
0.0006410081
0.0006208788
0.0005724155
0.0005169925
0.0004554817
0.0003899013
0.0003425565
0.0003167504
0.0006860316
0.0006854934
0.0006848197
0.0006840974
0.0006836275
0.000683693
0.0006845416
0.000686385
0.0006902099
0.0006950933
0.0006755844
0.0006255977
0.0005659816
0.0004964058
0.0004177522
0.0003605224
0.0003274485
0.0002987655
0.0007759151
0.0007752675
0.0007741608
0.0007732503
0.0007724776
0.0007724357
0.0007731363
0.0007743329
0.0007768468
0.000781582
0.0007644828
0.0007162881
0.0006563224
0.0005786579
0.0004745592
0.0003778895
0.0003403238
0.0003061826
0.0002776099
0.0008978919
0.0008968793
0.0008957675
0.0008945276
0.0008937708
0.0008936583
0.0008945435
0.0008959212
0.0008979626
0.0009018157
0.0008904483
0.0008617553
0.0008328192
0.0008060395
0.0007854208
0.001018772
0.001017465
0.001015894
0.00101461
0.001013383
0.001013137
0.001013791
0.001015215
0.001017232
0.001020057
0.001010205
0.0009914194
0.0009771004
0.0009670383
0.0009624142
0.001117639
0.001116485
0.001114556
0.001112683
0.001111327
0.001110416
0.00111075
0.001111738
0.001113573
0.00111607
0.001105516
0.001088578
0.001079137
0.001075376
0.001076248
0.001185215
0.001184858
0.001183117
0.001180822
0.001178772
0.001177662
0.001177191
0.001177716
0.001178939
0.001181053
0.001170248
0.001152101
0.001142254
0.001140274
0.001144061
0.001219152
0.001218781
0.001217847
0.001215778
0.001213268
0.001211398
0.001210687
0.001210298
0.00121095
0.001212315
0.001201074
0.00118248
0.001170353
0.001166762
0.001171133
0.001218482
0.001218091
0.00121713
0.001215862
0.0012136
0.001211269
0.001209767
0.00120911
0.001208775
0.00120948
0.001197425
0.00117823
0.00116522
0.001158763
0.001160905
0.001183615
0.001182831
0.00118183
0.001180515
0.001179041
0.001176955
0.001175016
0.001173564
0.001172924
0.00117261
0.001159785
0.001139466
0.001125432
0.001117672
0.001116626
6.940473e-05
0.001114965
0.001114394
0.001113009
0.001111631
0.001110077
0.001108728
0.001107001
0.001105141
0.001103717
0.001103041
0.001088927
0.001066914
0.001050804
0.0010412
0.001038389
7.469601e-05
6.328595e-05
0.001015799
0.001015322
0.001014102
0.001012338
0.001010678
0.001009206
0.001008117
0.001006386
0.001004548
0.00100308
0.0009875944
0.0009615547
0.0009409577
0.0009267746
0.0009206866
8.332423e-05
6.832415e-05
4.976052e-05
0.000895014
0.00089434
0.0008931184
0.0008914298
0.0008893444
0.0008876823
0.0008863614
0.0008850689
0.0008831884
0.0008812068
0.0008623784
0.0008275799
0.0007948289
0.000766934
0.0007487716
9.549003e-05
7.511704e-05
5.309851e-05
3.158002e-05
0.0007729478
0.0007721728
0.0007706967
0.0007688778
0.0007667347
0.0007646025
0.0007629925
0.0007613154
0.0007596073
0.0007573469
0.0007335535
0.000682397
0.0006227353
0.0005495177
0.0004540211
0.000366863
0.0003375898
0.0003126826
0.0002898287
0.0002681008
0.0002469569
0.0002257221
0.0002036148
0.0001802125
0.0001548525
0.0001122777
8.2493e-05
5.7016e-05
3.330933e-05
1.092366e-05
0.0006819481
0.0006818167
0.0006803217
0.0006783776
0.0006762351
0.0006742368
0.000672418
0.0006707277
0.0006689439
0.0006671281
0.0006434928
0.0005929071
0.0005363341
0.0004732913
0.0004036573
0.0003556229
0.0003322708
0.0003095722
0.0002875621
0.0002660453
0.0002449023
0.000223942
0.0002027025
0.0001806103
0.0001575315
0.0001219389
8.858832e-05
6.064029e-05
3.520789e-05
1.142932e-05
0.0006241626
0.0006239073
0.0006230307
0.0006211455
0.0006189537
0.0006169992
0.0006153811
0.0006135819
0.0006119334
0.0006101658
0.0005882874
0.0005420507
0.0004920912
0.0004389131
0.0003832433
0.0003462621
0.000326671
0.0003060658
0.0002851606
0.0002641746
0.0002432149
0.0002223736
0.0002016252
0.0001807272
0.0001594708
0.0001273829
9.289453e-05
6.348452e-05
3.685136e-05
1.196081e-05
0.0005911854
0.0005908283
0.0005898905
0.0005885892
0.0005864922
0.0005844729
0.0005828655
0.0005812924
0.0005795088
0.0005779388
0.0005570874
0.0005143923
0.000468917
0.000421361
0.000372349
0.0003400529
0.000322417
0.0003031936
0.0002831075
0.0002626003
0.0002418934
0.0002211627
0.0002005872
0.0001802716
0.0001601948
0.0001300087
9.539675e-05
6.532579e-05
3.802021e-05
1.23867e-05
0.0005762552
0.0005756485
0.000574636
0.0005733181
0.0005717495
0.0005698446
0.0005681784
0.0005665638
0.000564981
0.0005632296
0.000543069
0.0005018791
0.0004587319
0.0004136939
0.0003674291
0.0003369398
0.0003201351
0.0003014815
0.0002817704
0.0002614632
0.0002408786
0.0002202093
0.000199651
0.0001794378
0.0001597715
0.0001305814
9.624319e-05
6.610577e-05
3.861982e-05
1.264535e-05
0.0005830976
0.0005832211
0.0005831613
0.0005830544
0.0005830854
0.0005839669
0.0005866712
0.0005917675
0.0005945299
0.0005957217
0.0005745103
0.0005280741
0.000476721
0.000421776
0.0003641713
0.0003277322
0.0005967441
0.0005965838
0.0005960929
0.0005956867
0.0005953774
0.0005956193
0.000596907
0.0005997684
0.000604758
0.0006074872
0.0005883647
0.000543307
0.0004927315
0.0004374525
0.0003791112
0.0003368292
0.0003132395
0.0006287535
0.0006281496
0.0006273881
0.0006265654
0.0006259763
0.0006258994
0.0006265533
0.0006279897
0.000631217
0.0006360406
0.0006176325
0.0005719442
0.0005194579
0.0004607187
0.0003970791
0.000351652
0.0003227271
0.0002963298
0.000685603
0.0006848664
0.0006836536
0.0006825695
0.0006815796
0.0006812638
0.0006816388
0.0006824256
0.0006842043
0.0006879522
0.0006704843
0.0006224516
0.0005656415
0.0004988774
0.0004226126
0.0003671585
0.0003359777
0.0003042806
0.0002767339
0.0007758266
0.0007747513
0.0007734274
0.0007719082
0.0007707262
0.0007701063
0.0007703773
0.0007710178
0.0007721526
0.0007746005
0.0007571556
0.0007110085
0.0006531134
0.0005784021
0.0004769954
0.0003822962
0.0003465766
0.0003139715
0.0002826015
0.0002554345
0.0008980716
0.0008967798
0.0008951392
0.000893661
0.0008921969
0.0008916074
0.0008918324
0.0008927148
0.0008940893
0.0008961269
0.0008824721
0.0008538986
0.000826793
0.0008021261
0.0007850854
0.001018853
0.001017691
0.001015783
0.001013872
0.001012389
0.001011338
0.001011444
0.00101213
0.001013585
0.001015633
0.001003586
0.0009826188
0.0009684448
0.0009601224
0.0009577582
0.001116977
0.001116571
0.001114826
0.001112564
0.0011105
0.00110932
0.001108771
0.001109151
0.001110185
0.001112065
0.001100699
0.001081249
0.00106964
0.001066011
0.001068613
0.001184544
0.001184152
0.001183204
0.001181132
0.001178646
0.001176773
0.001176029
0.00117561
0.001176186
0.00117746
0.001166045
0.001147061
0.001134461
0.001130291
0.0011342
0.001218482
0.001218091
0.00121713
0.001215862
0.0012136
0.001211269
0.001209767
0.00120911
0.001208775
0.00120948
0.001197425
0.00117823
0.00116522
0.001158763
0.001160905
0.001218191
0.00121742
0.00121644
0.001215146
0.001213684
0.001211599
0.001209638
0.001208192
0.001207588
0.001207308
0.001194626
0.001174651
0.001161032
0.001153676
0.001152955
6.735328e-05
0.001183095
0.001182552
0.001181179
0.001179846
0.00117834
0.001177041
0.001175323
0.001173438
0.00117204
0.001171453
0.001157713
0.001136807
0.001122013
0.001113655
0.001111726
7.03581e-05
6.0507e-05
0.001114291
0.001113898
0.001112736
0.001111019
0.001109449
0.001108072
0.001107085
0.001105407
0.001103597
0.001102222
0.001087851
0.001065017
0.00104836
0.001038038
0.001034657
7.619256e-05
6.415687e-05
4.758596e-05
0.001015289
0.00101472
0.001013643
0.001012083
0.001010122
0.001008638
0.001007519
0.001006465
0.001004771
0.001002969
0.0009868794
0.0009606068
0.0009392943
0.0009246278
0.0009178952
8.475654e-05
6.969516e-05
5.044326e-05
3.035818e-05
0.0008945669
0.000893904
0.0008926024
0.0008910159
0.0008891052
0.0008871916
0.0008858683
0.0008845492
0.0008832583
0.0008813816
0.0008622785
0.0008270013
0.0007940485
0.0007655907
0.0007470462
9.658796e-05
7.640788e-05
5.415899e-05
3.201169e-05
1.054996e-05
0.0007717682
0.0007717867
0.0007703371
0.0007684506
0.0007663653
0.0007643799
0.0007625642
0.0007609007
0.0007591696
0.0007574064
0.0007336765
0.0006823087
0.0006223196
0.0005489763
0.0004532434
0.0003660232
0.0003365781
0.0003115318
0.0002884962
0.0002664722
0.0002450288
0.0002238166
0.0002022396
0.0001795005
0.0001548844
0.0001128968
8.3441e-05
5.799276e-05
3.397116e-05
1.107292e-05
0.0006809682
0.0006807872
0.0006799826
0.0006780817
0.0006758766
0.0006738951
0.0006722091
0.0006703364
0.0006685914
0.0006667528
0.0006435386
0.0005929837
0.0005362543
0.0004729891
0.0004032538
0.0003550212
0.0003315098
0.0003086446
0.0002865003
0.000264816
0.0002434135
0.0002222036
0.000201008
0.0001793996
0.0001569175
0.0001219731
8.907956e-05
6.133647e-05
3.580937e-05
1.165602e-05
0.0006233288
0.0006230164
0.0006221056
0.0006208384
0.0006187103
0.0006166868
0.0006150471
0.0006133884
0.0006115492
0.0006098598
0.000587968
0.0005420796
0.0004921363
0.0004388379
0.0003830033
0.0003459093
0.0003261199
0.000305364
0.000284306
0.0002631964
0.0002420862
0.0002210205
0.0002000683
0.0001792305
0.0001584096
0.0001268966
9.292626e-05
6.383809e-05
3.727411e-05
1.216491e-05
0.0005906541
0.0005900511
0.000589052
0.0005877385
0.0005862051
0.0005842813
0.0005825806
0.0005809441
0.0005793405
0.0005775288
0.0005568285
0.0005141256
0.0004689314
0.0004213855
0.0003722758
0.0003398393
0.0003220852
0.0003026826
0.0002824573
0.0002618129
0.0002409952
0.0002201321
0.0001993656
0.0001788866
0.0001588798
0.0001291534
9.504009e-05
6.535113e-05
3.823259e-05
1.252875e-05
0.0005753747
0.0005751269
0.0005738856
0.000572505
0.0005709634
0.0005695679
0.0005679814
0.000566292
0.0005646537
0.0005630465
0.0005426724
0.0005016616
0.0004585041
0.0004136954
0.0003674392
0.0003368671
0.0003199333
0.000301168
0.0002812953
0.0002608617
0.0002401559
0.0002193895
0.0001987172
0.0001783441
0.0001585496
0.000129524
9.561777e-05
6.586266e-05
3.863606e-05
1.271609e-05
0.0005821489
0.0005819624
0.0005814443
0.0005810085
0.0005806687
0.0005808676
0.0005820658
0.0005847336
0.0005897692
0.0005924876
0.0005738659
0.000530441
0.0004820902
0.000429532
0.0003742076
0.0003339924
0.0003113889
0.0005962641
0.0005956039
0.0005947969
0.0005939257
0.0005932818
0.0005931382
0.0005936953
0.0005949465
0.0005977641
0.0006026883
0.000585239
0.0005428032
0.0004950334
0.0004424405
0.0003860793
0.0003457196
0.0003191088
0.0002942756
0.000628385
0.0006276021
0.00062634
0.0006251859
0.0006241139
0.0006236861
0.0006239215
0.0006245282
0.0006259163
0.0006290841
0.0006128731
0.0005690207
0.0005190915
0.000462969
0.0004016642
0.000358114
0.0003310868
0.0003017707
0.0002754733
0.0006855228
0.0006844379
0.0006830275
0.0006814065
0.0006800564
0.0006792228
0.0006792165
0.0006795306
0.0006802551
0.0006819686
0.000663662
0.0006177909
0.0005628563
0.0004986283
0.0004247579
0.000371426
0.0003421448
0.0003120012
0.0002816986
0.0002550373
0.0007759618
0.0007746626
0.0007729119
0.0007711762
0.0007693881
0.00076836
0.0007680542
0.0007682661
0.0007688459
0.0007699181
0.0007504332
0.0007042603
0.0006483319
0.0005756295
0.0004768277
0.000384274
0.0003506079
0.0003197177
0.0002896099
0.0002599031
0.0002336118
0.0008981451
0.0008969593
0.0008950396
0.0008930338
0.000891332
0.0008900376
0.0008897856
0.0008900095
0.0008908893
0.0008922608
0.0008768901
0.0008463121
0.0008192873
0.0007963377
0.0007812896
0.001018248
0.001017772
0.001016009
0.001013762
0.001011653
0.001010346
0.001009648
0.001009787
0.001010505
0.001011992
0.0009992274
0.0009761732
0.0009598841
0.0009516245
0.000950912
0.001116346
0.00111591
0.001114911
0.001112833
0.001110381
0.001108495
0.001107677
0.001107175
0.001107602
0.001108681
0.001096748
0.001076527
0.001062453
0.001056642
0.001059305
0.001183893
0.001183481
0.001182499
0.001181219
0.001178955
0.001176648
0.001175142
0.001174449
0.001174083
0.001174711
0.001162499
0.00114294
0.001129491
0.001122595
0.001124272
0.001218191
0.00121742
0.00121644
0.001215146
0.001213684
0.001211599
0.001209638
0.001208192
0.001207588
0.001207308
0.001194626
0.001174651
0.001161032
0.001153676
0.001152955
6.735328e-05
0.001217658
0.001217129
0.00121577
0.001214457
0.00121297
0.001211683
0.001209967
0.001208063
0.001206672
0.001206122
0.001192484
0.001171906
0.001157506
0.001149529
0.001147891
6.827236e-05
5.91107e-05
0.001182371
0.001182033
0.001180901
0.001179196
0.001177672
0.001176341
0.001175408
0.001173744
0.001171914
0.00117057
0.001156569
0.001134779
0.001119395
0.001110272
0.00110773
7.175324e-05
6.133175e-05
4.604564e-05
0.001113722
0.001113225
0.001112241
0.001110746
0.001108838
0.001107445
0.00110643
0.001105491
0.001103863
0.001102103
0.001087046
0.001063963
0.001046498
0.001035624
0.001031516
7.749493e-05
6.543095e-05
4.823294e-05
2.93231e-05
0.001014782
0.001014211
0.001013041
0.001011624
0.001009866
0.001008083
0.001006953
0.001005869
0.001004849
0.001003191
0.0009867689
0.0009599142
0.0009383662
0.0009229946
0.0009157687
8.572958e-05
7.088735e-05
5.144258e-05
3.076997e-05
1.019229e-05
0.0008931944
0.0008934574
0.0008921674
0.0008905008
0.0008886923
0.0008869526
0.0008853787
0.0008840572
0.0008827401
0.0008814509
0.0008624471
0.0008269017
0.0007934942
0.000764836
0.0007457385
9.71235e-05
7.728507e-05
5.50839e-05
3.264394e-05
1.069318e-05
0.0007706516
0.0007706087
0.0007699517
0.0007680921
0.0007659393
0.0007640116
0.0007623419
0.0007604736
0.0007587562
0.0007569704
0.0007337295
0.0006824161
0.0006222329
0.0005486113
0.000452789
0.0003654022
0.0003358068
0.0003105981
0.0002874311
0.0002652411
0.0002435388
0.0002220788
0.0002005492
0.0001782975
0.0001542813
0.0001129311
8.390464e-05
5.865813e-05
3.455025e-05
1.129154e-05
0.0006800383
0.0006798084
0.0006789558
0.0006777434
0.0006755816
0.0006735377
0.0006718685
0.0006701281
0.0006682015
0.0006664016
0.000643181
0.0005930165
0.0005363146
0.0004729109
0.0004029963
0.0003546587
0.0003309496
0.0003079366
0.0002856416
0.0002638355
0.0002422838
0.0002208513
0.0001994557
0.0001779143
0.0001558739
0.0001215092
8.911113e-05
6.167847e-05
3.621999e-05
1.185461e-05
0.0006227759
0.0006221834
0.0006212165
0.0006199168
0.0006184038
0.0006164439
0.0006147355
0.0006130556
0.0006113562
0.0006094771
0.0005876739
0.0005417933
0.0004921523
0.0004388684
0.0003829291
0.0003456906
0.0003257839
0.0003048488
0.0002836529
0.0002624072
0.0002411873
0.0002199906
0.0001988498
0.0001778534
0.0001571099
0.0001260627
9.257969e-05
6.386332e-05
3.748246e-05
1.230437e-05
0.0005897933
0.0005895201
0.0005882761
0.0005869025
0.0005853585
0.0005839945
0.0005823884
0.0005806599
0.0005789942
0.0005773604
0.0005564425
0.0005138848
0.0004686963
0.0004213874
0.0003722874
0.0003397664
0.0003218817
0.0003023677
0.000281981
0.0002612106
0.0002402721
0.0002193127
0.0001984332
0.0001777962
0.0001576649
0.0001281081
9.442292e-05
6.511108e-05
3.82488e-05
1.259886e-05
0.0005747893
0.0005742476
0.0005733645
0.0005717566
0.0005701534
0.0005687845
0.0005677049
0.0005660951
0.0005643826
0.0005627206
0.0005424947
0.0005013123
0.0004582987
0.0004134983
0.0003674285
0.0003368694
0.0003198616
0.000300977
0.000281
0.0002604216
0.0002396026
0.0002187308
0.0001979756
0.0001775072
0.0001575826
0.0001285407
9.485487e-05
6.543905e-05
3.849569e-05
1.272167e-05
0.0005816695
0.0005810147
0.0005801879
0.0005792963
0.0005786297
0.0005784583
0.0005789735
0.000580141
0.0005827719
0.0005877469
0.0005707916
0.0005299199
0.0004843178
0.0004344088
0.0003810803
0.0003427815
0.0003172017
0.0002931369
0.0005959344
0.0005951242
0.0005938189
0.000592633
0.0005915269
0.0005910499
0.0005912209
0.0005917423
0.0005929567
0.0005957303
0.0005806484
0.0005399925
0.0004946442
0.0004445707
0.0003905146
0.0003520652
0.0003273392
0.0002996538
0.0002743425
0.0006283105
0.0006272339
0.0006257934
0.0006241406
0.0006227388
0.0006218305
0.0006217148
0.0006219036
0.0006224629
0.0006238024
0.0006062603
0.0005646856
0.0005165067
0.0004627059
0.0004036826
0.0003622623
0.0003371576
0.0003094013
0.0002803993
0.000254438
0.0006856256
0.0006843577
0.0006825995
0.0006807816
0.0006788971
0.0006777045
0.0006771816
0.0006771153
0.0006773681
0.00067803
0.0006579142
0.0006116186
0.0005586819
0.000496238
0.0004246023
0.0003733417
0.0003461183
0.0003177084
0.0002886745
0.000259493
0.0002334981
0.0007760261
0.0007747977
0.0007728231
0.0007706617
0.000768658
0.0007670262
0.0007663123
0.0007659494
0.0007661016
0.0007666199
0.0007458782
0.0006980736
0.0006422447
0.0005714475
0.000474611
0.0003841792
0.0003524325
0.0003234312
0.0002948884
0.0002662011
0.0002375965
0.000211863
0.0008976156
0.0008970327
0.0008952187
0.0008929341
0.0008907063
0.0008891745
0.0008882192
0.0008879667
0.0008881896
0.0008890671
0.0008730989
0.0008409364
0.0008120577
0.0007891371
0.0007756614
0.001017676
0.001017167
0.00101609
0.001013987
0.001011543
0.001009611
0.001008658
0.001007995
0.001008166
0.001008917
0.0009956437
0.0009719222
0.0009535823
0.0009432369
0.0009425002
0.001115734
0.001115279
0.001114251
0.001112919
0.001110649
0.001108376
0.001106853
0.001106083
0.001105629
0.001106101
0.001093413
0.001072661
0.001057805
0.00104955
0.001050002
0.001183615
0.001182831
0.00118183
0.001180515
0.001179041
0.001176955
0.001175016
0.001173564
0.001172924
0.00117261
0.001159785
0.001139466
0.001125432
0.001117672
0.001116626
6.940473e-05
0.001217658
0.001217129
0.00121577
0.001214457
0.00121297
0.001211683
0.001209967
0.001208063
0.001206672
0.001206122
0.001192484
0.001171906
0.001157506
0.001149529
0.001147891
6.827236e-05
5.91107e-05
0.001216909
0.001216597
0.001215479
0.001213787
0.001212282
0.00121097
0.001210051
0.001208391
0.001206543
0.001205207
0.001191309
0.00116981
0.001154802
0.001146038
0.001143764
6.961889e-05
5.991232e-05
4.525089e-05
0.00118176
0.001181309
0.001180382
0.001178918
0.001177023
0.001175674
0.00117471
0.001173829
0.001172219
0.001170444
0.001155701
0.001133655
0.0011174
0.001107683
0.001104366
7.29748e-05
6.254032e-05
4.666734e-05
2.857716e-05
0.001113165
0.001112656
0.001111568
0.001110252
0.001108565
0.001106836
0.001105805
0.001104838
0.001103946
0.001102368
0.001086926
0.001063179
0.00104546
0.001033786
0.001029117
7.838348e-05
6.65456e-05
4.918143e-05
2.971808e-05
9.887907e-06
0.001013227
0.001013704
0.001012533
0.001011023
0.001009408
0.001007827
0.001006399
0.001005303
0.001004254
0.001003269
0.0009869846
0.0009598037
0.0009376916
0.000922081
0.0009141519
8.62071e-05
7.17003e-05
5.231821e-05
3.137393e-05
1.032973e-05
0.0008918965
0.0008920866
0.0008917216
0.000890067
0.0008881784
0.0008865407
0.0008851399
0.0008835686
0.0008822492
0.0008809342
0.0008625112
0.0008270589
0.0007933951
0.0007643026
0.0007450015
9.715791e-05
7.771571e-05
5.571542e-05
3.319901e-05
1.09032e-05
0.0007695734
0.0007694931
0.0007687764
0.0007677075
0.000765582
0.0007635869
0.0007619747
0.0007602518
0.0007583302
0.0007565583
0.0007333118
0.000682457
0.0006223223
0.0005485275
0.0004524916
0.0003650287
0.0003352386
0.0003098854
0.0002865694
0.000264259
0.0002424086
0.0002207271
0.0001990003
0.0001768215
0.0001532559
0.0001125046
8.393602e-05
5.898569e-05
3.494622e-05
1.148354e-05
0.0006794461
0.0006788793
0.0006779789
0.0006767202
0.0006752439
0.0006732435
0.0006715121
0.0006697886
0.0006679937
0.0006660129
0.0006428434
0.0005926956
0.0005363344
0.000472953
0.0004029204
0.0003544325
0.0003306082
0.0003074166
0.0002849853
0.0002630442
0.0002413843
0.0002198222
0.0001982408
0.0001765473
0.0001545957
0.0001207124
8.878018e-05
6.170355e-05
3.642265e-05
1.199046e-05
0.0006218895
0.0006216307
0.0006203849
0.0006190303
0.0006174865
0.0006161377
0.000614493
0.0006127449
0.0006110247
0.0006092846
0.0005873071
0.0005415232
0.0004919011
0.0004388717
0.0003829443
0.0003456171
0.0003255772
0.0003045316
0.0002831743
0.0002618034
0.0002404636
0.0002191717
0.0001979198
0.0001767693
0.0001559086
0.0001250436
9.197938e-05
6.362931e-05
3.74986e-05
1.237327e-05
0.0005891752
0.0005886602
0.0005877457
0.0005861286
0.0005845257
0.000583152
0.0005821018
0.0005804671
0.0005787108
0.0005770161
0.0005562735
0.0005135425
0.0004684748
0.0004211849
0.0003722771
0.0003397696
0.0003218098
0.0003021757
0.0002816849
0.0002607699
0.0002397185
0.0002186541
0.0001976927
0.0001769618
0.0001567033
0.0001271358
9.367009e-05
6.46926e-05
3.810998e-05
1.260443e-05
0.0005741088
0.0005736625
0.0005724876
0.0005712364
0.0005694075
0.0005679779
0.000566924
0.0005658188
0.0005641859
0.0005624503
0.0005421833
0.0005011439
0.0004579951
0.0004133078
0.0003672626
0.0003368509
0.0003198602
0.000300907
0.0002808209
0.000260146
0.0002391981
0.0002182261
0.0001973807
0.0001768432
0.0001568408
0.0001277561
9.414052e-05
6.49229e-05
3.824984e-05
1.267573e-05
0.0005813543
0.0005805357
0.000579242
0.0005780432
0.0005769236
0.0005764264
0.0005765705
0.0005770558
0.0005781925
0.0005807862
0.0005662627
0.0005271568
0.0004839161
0.0004364843
0.0003854467
0.0003490694
0.000325364
0.0002984804
0.0002736928
0.0005958633
0.0005947946
0.0005933395
0.0005916576
0.0005902384
0.0005893014
0.0005891387
0.0005892746
0.0005897603
0.0005909379
0.0005740655
0.0005358167
0.0004921574
0.0004442935
0.0003924619
0.0003561329
0.0003333361
0.0003072088
0.0002792336
0.0002538792
0.0006283925
0.0006271593
0.0006254255
0.000623595
0.000621697
0.0006204599
0.0006198649
0.0006197036
0.0006198457
0.0006203575
0.0006011811
0.0005587508
0.0005126228
0.0004604747
0.0004035219
0.0003641238
0.0003410655
0.0003150571
0.0002873283
0.0002588743
0.0002333177
0.0006856833
0.0006844603
0.0006825192
0.0006803545
0.0006782739
0.0006765492
0.0006756676
0.0006750867
0.0006749602
0.0006751513
0.0006540916
0.0006063675
0.0005532099
0.0004926004
0.0004226412
0.0003732482
0.000347917
0.0003213956
0.0002939343
0.0002657756
0.0002374776
0.0002119856
0.0007755764
0.0007748618
0.0007729577
0.0007705728
0.0007681448
0.0007662979
0.0007649821
0.0007642121
0.0007637915
0.0007638833
0.0007426728
0.0006938097
0.0006366658
0.0005661471
0.0004711981
0.0003824605
0.0003523654
0.0003251255
0.0002983102
0.0002710317
0.0002432325
0.0002153923
0.0001899563
0.000897117
0.0008965037
0.0008952918
0.0008931127
0.0008906065
0.0008885505
0.0008873577
0.0008864036
0.0008861509
0.000886373
0.0008699718
0.0008372865
0.0008068822
0.0007822105
0.0007686669
0.001017118
0.001016596
0.001015487
0.001014068
0.001011767
0.001009501
0.001007925
0.001007005
0.001006377
0.001006582
0.0009926196
0.0009684342
0.0009494207
0.0009370408
0.0009342056
0.001115461
0.001114667
0.001113621
0.00111226
0.001110734
0.001108643
0.001106734
0.00110526
0.001104537
0.001104131
0.001090869
0.001069402
0.001054006
0.001044954
0.001042958
7.367109e-05
0.001183095
0.001182552
0.001181179
0.001179846
0.00117834
0.001177041
0.001175322
0.001173438
0.00117204
0.001171452
0.001157713
0.001136807
0.001122013
0.001113655
0.001111726
7.03581e-05
6.0507e-05
0.001216909
0.001216597
0.001215479
0.001213787
0.001212282
0.00121097
0.001210051
0.001208391
0.001206543
0.001205207
0.001191309
0.00116981
0.001154802
0.001146038
0.001143764
6.961889e-05
5.991232e-05
4.525089e-05
0.001216277
0.001215848
0.001214947
0.001213496
0.001211613
0.001210283
0.001209339
0.001208474
0.00120687
0.001205078
0.001190409
0.001168653
0.001152739
0.001143361
0.001140291
7.080161e-05
6.108802e-05
4.585956e-05
2.818772e-05
0.001181169
0.001180699
0.001179659
0.001178399
0.001176744
0.001175027
0.001174044
0.001173132
0.001172304
0.001170748
0.001155575
0.001132809
0.001116291
0.00110571
0.00110179
7.381075e-05
6.360243e-05
4.757988e-05
2.896002e-05
9.667359e-06
0.001111471
0.0011121
0.001111001
0.00110958
0.001108072
0.001106563
0.001105196
0.001104213
0.001103294
0.00110245
0.001087185
0.00106306
0.001044694
0.001032759
0.001027291
7.882167e-05
6.730803e-05
5.001604e-05
3.029807e-05
1.002044e-05
0.001011756
0.001012151
0.001012027
0.001010517
0.001008808
0.001007371
0.001006143
0.00100475
0.00100369
0.001002676
0.0009870579
0.0009600097
0.0009375812
0.0009214194
0.0009132461
8.624147e-05
7.210098e-05
5.291754e-05
3.190601e-05
1.053151e-05
0.0008906201
0.0008907897
0.0008903534
0.0008896219
0.0008877457
0.0008860281
0.0008847288
0.00088333
0.0008817616
0.0008804444
0.0008620101
0.0008271141
0.0007935417
0.0007642043
0.0007444823
9.679709e-05
7.774692e-05
5.602714e-05
3.357925e-05
1.108818e-05
0.0007689175
0.0007684158
0.0007676629
0.000766536
0.000765198
0.0007632305
0.0007615512
0.0007598855
0.0007581089
0.0007561336
0.0007329139
0.0006820771
0.0006223506
0.0005485946
0.0004524122
0.0003647941
0.0003348926
0.0003093617
0.0002859108
0.0002634665
0.0002415086
0.0002196987
0.000197788
0.000175463
0.000152
0.00011177
8.36263e-05
5.901059e-05
3.514199e-05
1.161508e-05
0.0006784924
0.0006782873
0.0006770514
0.0006757459
0.0006742253
0.0006729063
0.0006712186
0.0006694332
0.0006676553
0.0006658057
0.0006424691
0.0005923865
0.0005360534
0.0004729593
0.0004029423
0.0003543584
0.0003303974
0.0003070964
0.0002845041
0.0002624389
0.0002406599
0.0002190039
0.0001973136
0.0001754711
0.000153414
0.0001197388
8.820595e-05
6.14783e-05
3.643869e-05
1.205766e-05
0.0006212732
0.0006207454
0.0006198328
0.0006182008
0.0006166033
0.0006152248
0.0006141872
0.0006125028
0.0006107148
0.0006089544
0.00058712
0.0005411906
0.0004916566
0.0004386572
0.0003829349
0.0003456222
0.000325505
0.0003043376
0.0002828769
0.0002613615
0.0002399095
0.0002185135
0.0001971812
0.0001759397
0.0001549577
0.0001240952
9.124719e-05
6.322095e-05
3.736281e-05
1.237882e-05
0.000588456
0.0005880426
0.0005868878
0.000585599
0.0005837544
0.0005823226
0.0005812629
0.0005801808
0.0005785176
0.0005767335
0.0005559494
0.0005133773
0.0004681753
0.000420984
0.0003721079
0.0003397514
0.0003218091
0.0003021056
0.0002815052
0.0002604938
0.0002393137
0.0002181496
0.0001970987
0.0001762999
0.0001559655
0.0001263597
9.296495e-05
6.418271e-05
3.786676e-05
1.255896e-05
0.0005734061
0.0005729825
0.0005719031
0.0005703629
0.0005688886
0.0005672348
0.0005661201
0.0005650405
0.0005639098
0.0005622537
0.0005419208
0.000500862
0.0004578359
0.0004130489
0.0003670888
0.0003367056
0.000319839
0.0003009024
0.0002807533
0.0002599793
0.000238943
0.0002178574
0.0001969247
0.0001763114
0.0001562528
0.0001271518
9.356558e-05
6.443705e-05
3.795046e-05
1.259507e-05
0.0005812849
0.0005802205
0.0005787636
0.0005770998
0.0005756745
0.0005747265
0.0005745447
0.0005746594
0.0005751146
0.0005762203
0.0005596849
0.000523042
0.0004814704
0.0004361991
0.0003873608
0.0003530969
0.000331322
0.0003059934
0.0002785639
0.0002535503
0.0005959333
0.0005947234
0.0005930102
0.0005911784
0.0005892662
0.0005880171
0.0005873957
0.0005871987
0.0005872995
0.0005877495
0.0005694346
0.0005299457
0.0004884125
0.0004421384
0.0003922949
0.0003579569
0.0003371934
0.0003128211
0.0002861205
0.0002582973
0.0002331417
0.0006284464
0.0006272411
0.0006253507
0.0006232277
0.0006211527
0.0006194217
0.0006184982
0.0006178595
0.0006176525
0.0006177479
0.0005978291
0.0005540922
0.0005073893
0.0004570664
0.0004016564
0.0003640293
0.0003428343
0.0003187094
0.0002925613
0.0002651337
0.0002372893
0.0002121535
0.0006852948
0.0006845178
0.0006826214
0.000680274
0.0006778479
0.0006759276
0.0006745157
0.000673577
0.000672938
0.0006727509
0.0006513028
0.0006028093
0.0005485092
0.0004878856
0.0004195906
0.000371582
0.0003478501
0.000323078
0.0002973436
0.0002705976
0.0002431078
0.0002155152
0.0001903926
0.0007751546
0.0007744127
0.0007730215
0.0007707069
0.0007680558
0.0007657863
0.0007642555
0.0007628856
0.0007620588
0.0007615799
0.0007400186
0.0006908095
0.000632759
0.0005612977
0.0004668922
0.0003797399
0.0003508179
0.0003250819
0.0002998834
0.0002741744
0.0002476259
0.0002204009
0.0001930503
0.0001675823
0.0008966231
0.0008960054
0.000894764
0.0008931853
0.0008907844
0.0008884507
0.000886735
0.0008855437
0.0008845912
0.0008843384
0.0008673367
0.0008342841
0.0008033678
0.000777213
0.000761942
0.001016862
0.001016038
0.001014916
0.001013466
0.001011847
0.001009725
0.001007814
0.001006274
0.001005389
0.001004795
0.000990322
0.0009654949
0.0009460115
0.0009329449
0.0009280669
8.052347e-05
0.001114965
0.001114394
0.001113009
0.001111631
0.001110077
0.001108728
0.001107001
0.001105141
0.001103717
0.001103041
0.001088927
0.001066914
0.001050804
0.0010412
0.001038389
7.469601e-05
6.328595e-05
0.001182371
0.001182032
0.001180901
0.001179196
0.001177672
0.001176341
0.001175408
0.001173744
0.001171914
0.00117057
0.001156569
0.001134779
0.001119395
0.001110272
0.00110773
7.175324e-05
6.133175e-05
4.604564e-05
0.001216277
0.001215848
0.001214947
0.001213496
0.001211613
0.001210283
0.001209339
0.001208474
0.00120687
0.001205078
0.001190409
0.001168653
0.001152739
0.001143361
0.001140291
7.080161e-05
6.108802e-05
4.585956e-05
2.818772e-05
0.001215668
0.001215217
0.001214199
0.001212966
0.001211322
0.001209616
0.001208653
0.001207764
0.001206953
0.001205404
0.00119028
0.001167776
0.001151596
0.001141321
0.001137628
7.161227e-05
6.212375e-05
4.675357e-05
2.856427e-05
9.551749e-06
0.001179378
0.001180109
0.00117905
0.001177677
0.001176226
0.001174748
0.001173397
0.001172467
0.001171608
0.001170832
0.00115587
0.001132684
0.001115462
0.001104611
0.001099829
7.422442e-05
6.433061e-05
4.838545e-05
2.952277e-05
9.796328e-06
0.001109867
0.001110408
0.001110446
0.001109014
0.001107401
0.001106071
0.001104924
0.001103606
0.00110267
0.0011018
0.001087264
0.001063308
0.001044574
0.001032004
0.00102627
7.885589e-05
6.768512e-05
5.058858e-05
3.081068e-05
1.021522e-05
0.001010281
0.001010681
0.001010476
0.001010012
0.001008303
0.001006772
0.001005687
0.001004495
0.001003137
0.001002112
0.0009864787
0.0009600759
0.0009377793
0.0009213092
0.0009125915
8.592583e-05
7.213199e-05
5.321419e-05
3.22712e-05
1.070978e-05
0.0008898768
0.0008895141
0.0008890584
0.0008882572
0.0008873013
0.0008855964
0.0008842174
0.0008829198
0.0008815232
0.0008799579
0.0008615319
0.0008266407
0.000793589
0.0007643417
0.0007443845
9.617112e-05
7.746264e-05
5.605185e-05
3.376763e-05
1.121511e-05
0.0007678479
0.0007677601
0.0007665872
0.0007654251
0.0007640311
0.000762847
0.0007611955
0.0007594632
0.0007577437
0.0007559127
0.0007325028
0.0006817094
0.0006220133
0.0005486091
0.0004524502
0.0003647191
0.0003346782
0.0003090394
0.0002854279
0.0002628601
0.0002407839
0.0002188808
0.000196863
0.0001743934
0.0001508386
0.0001108727
8.308748e-05
5.87963e-05
3.515791e-05
1.168024e-05
0.0006778378
0.0006773347
0.0006764598
0.0006748207
0.0006732544
0.0006718922
0.0006708817
0.0006691404
0.000667301
0.0006654685
0.0006422677
0.0005920439
0.0005357762
0.0004727221
0.0004029347
0.0003543663
0.0003303248
0.0003069003
0.0002842052
0.0002619958
0.0002401053
0.0002183463
0.0001965773
0.0001746475
0.0001524783
0.0001188318
8.750566e-05
6.108464e-05
3.630717e-05
1.206317e-05
0.0006204724
0.0006201295
0.0006189494
0.0006176495
0.0006157766
0.0006143451
0.0006132781
0.0006121973
0.0006104732
0.0006086455
0.0005868036
0.0005410136
0.0004913611
0.00043844
0.0003827585
0.0003456045
0.0003255054
0.0003042674
0.0002826962
0.0002610848
0.0002395044
0.0002180093
0.0001965886
0.0001752816
0.0001542281
0.0001233377
9.056089e-05
6.272341e-05
3.712467e-05
1.233425e-05
0.0005877217
0.0005873239
0.0005862712
0.0005847439
0.0005832261
0.0005815542
0.0005804363
0.0005793454
0.0005782316
0.0005765399
0.0005556753
0.0005130881
0.0004680168
0.0004207271
0.0003719286
0.0003396041
0.0003217881
0.0003021014
0.0002814375
0.0002603269
0.0002390585
0.0002177811
0.0001966433
0.0001757697
0.0001553808
0.0001257619
9.239719e-05
6.370261e-05
3.757059e-05
1.247909e-05
0.0005722477
0.0005722802
0.0005712239
0.0005697795
0.0005680197
0.0005667171
0.0005653794
0.0005642394
0.000563134
0.0005619779
0.0005417261
0.0005006163
0.0004575844
0.0004128992
0.0003668739
0.0003365431
0.0003197039
0.0003008793
0.0002807459
0.0002599147
0.0002387893
0.0002176236
0.0001965918
0.0001759035
0.0001557825
0.0001266734
9.312082e-05
6.404341e-05
3.766768e-05
1.249687e-05
0.0005813498
0.0005801511
0.0005784487
0.0005766222
0.0005747342
0.0005734815
0.0005728502
0.0005726397
0.0005727248
0.00057315
0.0005552648
0.0005171876
0.0004777802
0.000434076
0.00038719
0.0003549021
0.0003351524
0.0003115817
0.0002854267
0.0002579578
0.0002330349
0.0005959853
0.0005947933
0.0005929388
0.0005908496
0.0005887873
0.0005870483
0.0005861151
0.0005854613
0.0005852301
0.0005852957
0.0005663327
0.0005256612
0.0004832558
0.0004388382
0.0003904773
0.0003578608
0.0003389388
0.0003164438
0.0002913295
0.0002645351
0.0002371055
0.0002122954
0.0006280983
0.0006272948
0.0006254322
0.0006231528
0.0006207863
0.0006188788
0.0006174632
0.0006164969
0.0006158145
0.0006155616
0.0005953011
0.000550954
0.0005031858
0.0004525561
0.0003987428
0.0003624057
0.0003427669
0.0003203759
0.0002959525
0.0002699427
0.0002429104
0.0002156833
0.00019098
0.0006849342
0.0006841299
0.0006826786
0.0006803757
0.0006777673
0.0006755029
0.0006738956
0.0006724287
0.0006714328
0.0006707353
0.0006489831
0.0006002173
0.0005452622
0.0004837952
0.0004156912
0.0003689361
0.0003463239
0.0003230343
0.000298911
0.0002737345
0.0002474985
0.0002205251
0.000193493
0.0001686174
0.0007747215
0.0007739912
0.0007725736
0.0007707702
0.0007681892
0.0007656972
0.0007637452
0.0007621607
0.0007607362
0.000759852
0.0007377876
0.0006883346
0.0006300037
0.0005578463
0.0004629817
0.0003763164
0.0003483393
0.0003236787
0.0002998594
0.0002756296
0.0002504953
0.0002243628
0.0001974556
0.0001702525
0.0001441466
0.0008963831
0.0008955116
0.0008942662
0.0008926589
0.0008908565
0.0008886278
0.0008866352
0.0008849224
0.0008837328
0.000882782
0.0008653447
0.0008317586
0.0008004835
0.0007738179
0.0007570675
9.06491e-05
0.001016402
0.001015782
0.001014358
0.001012895
0.001011247
0.001009804
0.001008038
0.001006164
0.001004659
0.001003808
0.0009885664
0.0009632596
0.0009431418
0.0009295934
0.0009240068
8.166398e-05
6.738491e-05
0.001114291
0.001113898
0.001112736
0.001111019
0.001109449
0.001108072
0.001107085
0.001105407
0.001103597
0.001102222
0.001087851
0.001065017
0.00104836
0.001038038
0.001034657
7.619256e-05
6.415687e-05
4.758596e-05
0.00118176
0.001181309
0.001180381
0.001178918
0.001177023
0.001175674
0.00117471
0.001173829
0.001172219
0.001170444
0.001155701
0.001133655
0.0011174
0.001107683
0.001104366
7.29748e-05
6.254032e-05
4.666734e-05
2.857716e-05
0.001215668
0.001215217
0.001214199
0.001212966
0.001211322
0.001209616
0.001208653
0.001207764
0.001206953
0.001205404
0.00119028
0.001167776
0.001151596
0.001141321
0.001137628
7.161227e-05
6.212375e-05
4.675357e-05
2.856427e-05
9.551749e-06
0.001213842
0.001214609
0.001213569
0.001212218
0.001210793
0.001209325
0.001207987
0.001207078
0.001206243
0.001205487
0.001190596
0.001167647
0.001150736
0.001140187
0.001135599
7.201415e-05
6.283472e-05
4.754415e-05
2.911801e-05
9.678854e-06
0.001177695
0.001178318
0.00117846
0.00117707
0.001175506
0.001174231
0.001173118
0.001171822
0.001170944
0.001170138
0.001155951
0.001132965
0.001115337
0.001103794
0.001098735
7.425849e-05
6.469169e-05
4.893901e-05
3.002134e-05
9.986035e-06
0.001108223
0.001108804
0.001108755
0.001108459
0.001106836
0.001105401
0.001104432
0.001103333
0.001102064
0.001101177
0.001086625
0.001063381
0.001044815
0.001031885
0.001025521
7.857069e-05
6.771594e-05
5.087268e-05
3.116312e-05
1.038776e-05
0.00100945
0.001009206
0.001009008
0.001008464
0.001007799
0.001006268
0.00100509
0.00100404
0.001002882
0.001001561
0.0009859249
0.0009595191
0.00093784
0.0009215015
0.0009124814
8.537489e-05
7.187076e-05
5.323871e-05
3.245251e-05
1.08323e-05
0.000888646
0.0008887709
0.0008877843
0.0008869647
0.0008859409
0.0008851525
0.0008837865
0.0008824095
0.0008811139
0.0008797198
0.0008610561
0.000826184
0.000793141
0.0007643827
0.0007445158
9.540748e-05
7.696621e-05
5.58496e-05
3.378343e-05
1.127811e-05
0.0007671192
0.0007666916
0.0007659319
0.0007643518
0.0007629238
0.0007616848
0.0007608125
0.0007591083
0.0007573225
0.0007555486
0.0007322868
0.0006813282
0.0006216807
0.0005483225
0.0004524484
0.0003647304
0.0003346052
0.0003088417
0.000285128
0.0002624162
0.000240229
0.0002182235
0.0001961284
0.0001735749
0.0001499185
0.000110035
8.243056e-05
5.842098e-05
3.503156e-05
1.168571e-05
0.0006768993
0.0006766805
0.0006755093
0.00067423
0.0006723323
0.000670925
0.0006698716
0.0006688039
0.0006670089
0.0006651153
0.0006419431
0.0005918543
0.0005354696
0.0004724803
0.0004027451
0.0003543494
0.0003303268
0.0003068298
0.0002840233
0.0002617184
0.0002396998
0.0002178424
0.0001959865
0.0001739942
0.0001517602
0.0001181064
8.68485e-05
6.060506e-05
3.607622e-05
1.201987e-05
0.0006196625
0.0006193293
0.0006183342
0.0006167689
0.0006152265
0.0006135215
0.0006124013
0.000611292
0.0006101681
0.0006084043
0.0005865046
0.0005407258
0.0004911946
0.0004381838
0.00038257
0.0003454534
0.0003254847
0.0003042638
0.0002826284
0.0002609173
0.0002392489
0.000217641
0.0001961344
0.0001747544
0.0001536498
0.000122754
9.000781e-05
6.225463e-05
3.68347e-05
1.225591e-05
0.0005865181
0.00058659
0.0005855534
0.000584129
0.0005823745
0.0005810272
0.0005796704
0.0005785217
0.0005773997
0.0005762542
0.0005554786
0.0005128325
0.0004677609
0.0004205771
0.0003717141
0.0003394392
0.0003216517
0.0003020783
0.0002814303
0.0002602622
0.0002389046
0.0002175473
0.0001963108
0.0001753631
0.0001549131
0.0001252887
9.195789e-05
6.331346e-05
3.729075e-05
1.238186e-05
0.0005705446
0.0005711228
0.0005705224
0.0005691014
0.0005674377
0.0005658533
0.0005648629
0.0005635011
0.0005623359
0.0005612048
0.0005414531
0.0005004254
0.0004573571
0.0004126786
0.0003667341
0.0003363568
0.0003195493
0.0003007548
0.0002807214
0.000259905
0.0002387281
0.0002174829
0.0001963795
0.0001756059
0.0001554217
0.0001262916
9.276915e-05
6.373786e-05
3.743755e-05
1.240396e-05
0.0005814013
0.0005802158
0.0005783792
0.0005763077
0.0005742577
0.0005725445
0.0005716087
0.0005709506
0.0005707114
0.0005707669
0.000552276
0.00051308
0.0004726462
0.0004308195
0.0003853935
0.0003548048
0.0003368854
0.000315188
0.0002906218
0.0002641828
0.000236994
0.0002123731
0.0005956613
0.0005948451
0.0005930084
0.0005907782
0.0005884591
0.0005865695
0.0005851491
0.0005841844
0.0005834983
0.0005832328
0.0005639541
0.0005227473
0.0004793498
0.0004344
0.0003876321
0.0003562648
0.0003388706
0.0003180967
0.0002947043
0.000269332
0.0002427178
0.0002158249
0.000191478
0.0006277838
0.0006269472
0.0006254856
0.0006232338
0.0006207113
0.0006185134
0.0006169215
0.0006154651
0.0006144559
0.0006137297
0.0005931895
0.0005485998
0.0005002938
0.0004488393
0.000394974
0.0003598207
0.0003412642
0.0003203319
0.0002975116
0.0002730709
0.0002472968
0.0002206945
0.0001940888
0.0001698648
0.0006845367
0.0006837696
0.0006822917
0.0006804324
0.0006778683
0.0006754223
0.000673472
0.0006718101
0.0006702881
0.0006692347
0.0006470385
0.0005980719
0.000542895
0.0004809091
0.0004122718
0.0003655941
0.0003438757
0.0003216408
0.000298887
0.000275187
0.0002503661
0.000224489
0.0001979078
0.0001713045
0.000146603
0.0007744971
0.0007735582
0.0007721527
0.0007703237
0.0007682519
0.0007658299
0.0007636561
0.0007616517
0.000760013
0.0007585333
0.0007361117
0.0006862602
0.0006277401
0.0005553963
0.0004601432
0.0003732571
0.0003452309
0.0003214085
0.0002985862
0.0002756218
0.0002518329
0.0002269608
0.0002009871
0.0001740668
0.0001463913
0.0001052749
0.0008959675
0.0008952717
0.0008937727
0.0008921621
0.0008903319
0.0008886992
0.0008868117
0.0008848226
0.0008831128
0.0008819252
0.0008638233
0.0008298463
0.0007980614
0.0007710366
0.0007537541
9.196171e-05
7.259593e-05
0.001015799
0.001015322
0.001014102
0.001012338
0.001010678
0.001009205
0.001008117
0.001006386
0.001004548
0.00100308
0.0009875944
0.0009615547
0.0009409576
0.0009267746
0.0009206866
8.332423e-05
6.832415e-05
4.976052e-05
0.001113722
0.001113225
0.001112241
0.001110746
0.001108838
0.001107445
0.00110643
0.001105491
0.001103863
0.001102103
0.001087046
0.001063963
0.001046498
0.001035624
0.001031516
7.749493e-05
6.543095e-05
4.823294e-05
2.93231e-05
0.001181169
0.001180699
0.001179659
0.001178399
0.001176744
0.001175027
0.001174044
0.001173132
0.001172304
0.001170748
0.001155575
0.001132809
0.001116291
0.00110571
0.00110179
7.381075e-05
6.360243e-05
4.757988e-05
2.896002e-05
9.667359e-06
0.001213842
0.001214609
0.001213569
0.001212218
0.001210792
0.001209325
0.001207987
0.001207078
0.001206243
0.001205487
0.001190596
0.001167647
0.001150736
0.001140187
0.001135599
7.201415e-05
6.283472e-05
4.754415e-05
2.911801e-05
9.678854e-06
0.001212135
0.001212784
0.001212962
0.00121159
0.001210046
0.001208796
0.001207696
0.001206413
0.001205559
0.001204778
0.001190676
0.001167948
0.001150607
0.001139338
0.00113447
7.204813e-05
6.318776e-05
4.808792e-05
2.960926e-05
9.865902e-06
0.001175925
0.001176637
0.001176672
0.001176481
0.0011749
0.001173512
0.001172602
0.001171542
0.0011703
0.001169475
0.00115527
0.001133041
0.001115609
0.001103668
0.001097923
7.399219e-05
6.472236e-05
4.921421e-05
3.03646e-05
1.015444e-05
0.00110732
0.001107161
0.001107153
0.001106772
0.001106283
0.001104838
0.001103764
0.001102842
0.001101792
0.001100571
0.001086012
0.001062762
0.001044883
0.00103212
0.001025401
7.80704e-05
6.747278e-05
5.089704e-05
3.133845e-05
1.050654e-05
0.00100806
0.001008376
0.001007535
0.001006998
0.001006255
0.001005764
0.001004586
0.001003443
0.001002428
0.001001305
0.0009853832
0.0009589818
0.0009373011
0.0009215582
0.0009126706
8.470333e-05
7.141274e-05
5.30479e-05
3.246819e-05
1.089323e-05
0.0008878134
0.0008875412
0.0008870414
0.000885693
0.0008846518
0.0008837964
0.0008833429
0.0008819794
0.0008806047
0.0008793112
0.0008608206
0.0008257286
0.0007927043
0.0007639561
0.0007445529
9.469097e-05
7.636121e-05
5.549443e-05
3.366264e-05
1.128354e-05
0.000765976
0.0007659633
0.0007648654
0.0007636974
0.0007618537
0.0007605812
0.0007596543
0.0007587258
0.0007569685
0.0007551287
0.0007319342
0.0006811228
0.0006213349
0.000548033
0.0004522265
0.0003647146
0.0003346086
0.0003087711
0.0002849454
0.0002621383
0.0002398231
0.0002177199
0.0001955389
0.0001729255
0.0001492123
0.0001093633
8.181294e-05
5.79638e-05
3.48093e-05
1.164394e-05
0.0006760309
0.0006757428
0.0006748558
0.0006732823
0.0006717428
0.0006700061
0.0006689075
0.0006677978
0.0006666729
0.0006648239
0.0006416018
0.0005915565
0.0005352926
0.0004722139
0.0004025425
0.0003541926
0.0003303066
0.0003068271
0.0002839555
0.0002615504
0.0002394441
0.0002174743
0.0001955337
0.0001734709
0.0001511911
0.0001175471
8.631808e-05
6.015272e-05
3.579501e-05
1.194367e-05
0.0006183597
0.00061852
0.0006175351
0.0006161547
0.0006143494
0.0006129728
0.0006115803
0.0006104183
0.0006092666
0.0006080996
0.0005862681
0.0005404486
0.0004909372
0.0004380285
0.0003823545
0.0003452841
0.000325346
0.000304241
0.0002826216
0.0002608526
0.0002390948
0.0002174073
0.0001958028
0.0001743502
0.0001531873
0.000122292
8.957966e-05
6.187433e-05
3.656055e-05
1.216054e-05
0.0005847131
0.0005853875
0.0005848203
0.0005834125
0.000581762
0.0005801794
0.0005791445
0.0005777584
0.000576579
0.0005754259
0.0005551965
0.0005126361
0.0004675256
0.0004203537
0.0003715736
0.0003392523
0.0003214956
0.000301953
0.000281406
0.0002602526
0.0002388435
0.0002174066
0.0001960988
0.0001750664
0.0001545543
0.0001249111
9.161054e-05
6.301132e-05
3.706292e-05
1.228983e-05
0.0005694224
0.0005693668
0.0005684009
0.0005667611
0.0005652729
0.0005640033
0.0005629859
0.0005616
0.0005604096
0.000540709
0.00050016
0.0004571712
0.0004124709
0.0003665447
0.0003362235
0.0003193759
0.0003006094
0.0002806075
0.00025988
0.0002387167
0.0002174256
0.0001962519
0.0001754152
0.0001551585
0.0001259986
9.248909e-05
6.349644e-05
3.72585e-05
1.232817e-05
0.0005810886
0.0005802671
0.0005784436
0.000576238
0.0005739439
0.000572069
0.0005706744
0.0005697127
0.0005690277
0.0005687598
0.0005499651
0.0005102659
0.0004688802
0.0004264051
0.0003825776
0.0003532222
0.0003368167
0.0003168333
0.0002939873
0.0002689726
0.000242601
0.0002159023
0.0001917537
0.0005953862
0.0005945216
0.0005930599
0.0005908473
0.0005883875
0.000586242
0.0005846706
0.0005832214
0.0005822252
0.0005815068
0.000561961
0.0005205255
0.0004766447
0.0004308977
0.000383917
0.0003537192
0.0003373856
0.0003180524
0.000296256
0.000272452
0.0002471
0.000220837
0.0001945937
0.0001708519
0.0006273912
0.000626633
0.000625139
0.0006232867
0.0006207917
0.0006184384
0.000616557
0.0006149246
0.0006134274
0.0006123753
0.0005914231
0.0005466449
0.0004981311
0.0004462214
0.0003917689
0.0003565403
0.0003388496
0.0003189508
0.0002974874
0.0002745194
0.0002501613
0.0002246611
0.0001985161
0.000172572
0.0001489829
0.0006843249
0.0006833722
0.000681932
0.0006800469
0.0006779243
0.0006755226
0.0006733913
0.0006713877
0.0006696711
0.0006680938
0.0006455878
0.0005962794
0.0005409463
0.000478797
0.0004097949
0.0003626391
0.0003407999
0.0003193842
0.0002976183
0.0002751793
0.0002517028
0.0002270883
0.0002014474
0.000175143
0.0001488889
0.0001136617
0.0007741245
0.0007733339
0.00077172
0.0007699038
0.0007678072
0.0007658918
0.0007637882
0.0007615626
0.0007595055
0.0007578119
0.000734835
0.000684698
0.0006258491
0.0005533931
0.0004580966
0.0003709915
0.0003424559
0.000318573
0.0002965077
0.0002744696
0.0002518383
0.0002281797
0.0002033126
0.0001771631
0.000149609
0.0001068384
7.833919e-05
0.0008954509
0.0008948564
0.0008935329
0.0008916692
0.0008898363
0.0008881765
0.0008868826
0.0008849985
0.000883013
0.0008813066
0.0008629829
0.0008283896
0.0007962249
0.0007687044
0.0007510429
9.386544e-05
7.362238e-05
5.237274e-05
0.001015289
0.00101472
0.001013643
0.001012082
0.001010121
0.001008638
0.001007519
0.001006465
0.001004771
0.001002969
0.0009868794
0.0009606068
0.0009392943
0.0009246278
0.0009178952
8.475654e-05
6.969516e-05
5.044326e-05
3.035818e-05
0.001113165
0.001112656
0.001111568
0.001110252
0.001108565
0.001106836
0.001105805
0.001104838
0.001103946
0.001102368
0.001086926
0.001063179
0.00104546
0.001033786
0.001029117
7.838348e-05
6.65456e-05
4.918143e-05
2.971808e-05
9.887907e-06
0.001179378
0.001180109
0.00117905
0.001177677
0.001176226
0.001174748
0.001173397
0.001172467
0.001171608
0.001170832
0.00115587
0.001132683
0.001115462
0.001104611
0.001099829
7.422442e-05
6.433061e-05
4.838545e-05
2.952277e-05
9.796328e-06
0.001212135
0.001212784
0.001212962
0.00121159
0.001210046
0.001208796
0.001207696
0.001206413
0.001205559
0.001204778
0.001190676
0.001167948
0.001150607
0.001139338
0.00113447
7.204813e-05
6.318776e-05
4.808792e-05
2.960926e-05
9.865902e-06
0.001210272
0.001211078
0.001211139
0.001210983
0.001209419
0.001208052
0.001207168
0.001206123
0.001204895
0.001204095
0.001189979
0.001168024
0.001150897
0.00113921
0.001133627
7.179089e-05
6.321835e-05
4.835854e-05
2.994772e-05
1.003214e-05
0.001174972
0.001174868
0.001174992
0.001174697
0.001174311
0.001172907
0.001171884
0.001171027
0.00117002
0.001168832
0.001154616
0.00113238
0.001115681
0.001103934
0.001097797
7.352337e-05
6.449144e-05
4.923845e-05
3.053561e-05
1.027051e-05
0.001105799
0.001106258
0.001105512
0.001105173
0.001104599
0.001104284
0.001103201
0.001102175
0.001101301
0.001100299
0.001085415
0.001062163
0.001044279
0.001032185
0.001025633
7.746092e-05
6.704494e-05
5.071574e-05
3.135402e-05
1.056571e-05
0.001007125
0.001006986
0.001006705
0.001005527
0.001004792
0.001004224
0.001004083
0.001002941
0.001001832
0.001000852
0.0009851288
0.0009584558
0.0009367773
0.0009210322
0.0009127253
8.407053e-05
7.085478e-05
5.271189e-05
3.23527e-05
1.089862e-05
0.000886405
0.0008867089
0.0008858137
0.0008849507
0.0008833831
0.0008825108
0.0008819905
0.0008815362
0.0008801754
0.0008788032
0.0008604208
0.0008254984
0.0007922683
0.0007635368
0.0007441404
9.411275e-05
7.579093e-05
5.506188e-05
3.34497e-05
1.124338e-05
0.000764988
0.0007648211
0.0007641379
0.0007626337
0.0007612003
0.0007595145
0.0007585539
0.0007575717
0.0007565865
0.0007547755
0.0007315275
0.0006807952
0.0006211419
0.0005477303
0.0004519931
0.0003645511
0.0003345888
0.000308769
0.0002848774
0.0002619699
0.0002395674
0.000217352
0.0001950871
0.0001724054
0.0001486527
0.0001088446
8.131327e-05
5.753198e-05
3.453869e-05
1.157028e-05
0.0006745569
0.0006748749
0.0006739196
0.0006726298
0.0006707986
0.000669418
0.0006679915
0.000666837
0.0006656709
0.0006644884
0.0006413181
0.0005912415
0.0005350246
0.0004720509
0.0004023203
0.0003540173
0.0003301647
0.0003068045
0.0002839491
0.0002614856
0.0002392898
0.0002172408
0.000195203
0.0001730696
0.000150736
0.0001171044
8.590714e-05
5.978527e-05
3.552892e-05
1.18509e-05
0.0006163335
0.0006172181
0.0006167271
0.0006153572
0.0006137367
0.0006120994
0.0006110328
0.0006096
0.000608396
0.000607202
0.0005859679
0.0005402224
0.0004906842
0.0004378028
0.0003822112
0.0003450956
0.0003251871
0.0003041143
0.0002825973
0.0002608433
0.0002390337
0.0002172667
0.0001955913
0.0001740551
0.0001528325
0.0001219233
8.924116e-05
6.157893e-05
3.633719e-05
1.207022e-05
0.0005835854
0.0005836197
0.0005826805
0.0005810472
0.0005795696
0.0005783
0.0005772337
0.0005758182
0.0005746082
0.0005544056
0.0005123629
0.0004673335
0.0004201401
0.0003713827
0.0003391184
0.0003213216
0.0003018068
0.0002812916
0.0002602277
0.0002388321
0.0002173494
0.0001959714
0.0001748762
0.0001542926
0.0001246213
9.133395e-05
6.27726e-05
3.688563e-05
1.221474e-05
0.0005676712
0.0005672481
0.0005660619
0.0005645978
0.0005634242
0.0005621305
0.000561086
0.0005596762
0.0005399447
0.0004994778
0.0004569151
0.0004122911
0.0003663576
0.0003360545
0.0003192471
0.0003004488
0.0002804723
0.0002597764
0.0002386917
0.000217413
0.0001961989
0.0001753007
0.0001549891
0.0001257849
9.227407e-05
6.33045e-05
3.711709e-05
1.226914e-05
0.0005808623
0.0005799549
0.0005784945
0.000576302
0.000573874
0.0005717559
0.0005701999
0.0005687813
0.0005677935
0.0005670818
0.0005480254
0.0005081036
0.0004662578
0.0004230035
0.0003788832
0.0003506957
0.0003353407
0.0003167886
0.0002955346
0.0002720877
0.0002469807
0.0002209147
0.0001948731
0.0001713787
0.0005949584
0.0005942467
0.0005927373
0.0005908982
0.0005884561
0.0005861703
0.0005843437
0.0005827432
0.0005812652
0.0005802375
0.0005602962
0.0005186758
0.000474592
0.0004284192
0.0003808364
0.000350476
0.0003349961
0.0003166816
0.0002962315
0.0002738967
0.0002499617
0.0002248058
0.0001990314
0.0001735749
0.0001506588
0.0006271941
0.0006262406
0.0006248254
0.0006229414
0.0006208439
0.0006185181
0.0006164819
0.000614561
0.0006128882
0.0006113502
0.000590114
0.0005450155
0.0004963466
0.0004442657
0.0003894462
0.0003536768
0.0003358081
0.000316712
0.0002962251
0.0002745115
0.0002514967
0.0002272621
0.0002020665
0.0001764394
0.0001513084
0.000118681
0.0006839787
0.0006831606
0.000681535
0.0006796881
0.0006775406
0.0006755778
0.0006734911
0.0006713069
0.0006692499
0.0006674784
0.000644487
0.0005949375
0.0005393248
0.0004770693
0.0004079675
0.00036045
0.0003380684
0.0003165631
0.0002955463
0.000274029
0.0002517082
0.0002283078
0.0002037782
0.0001782589
0.0001521652
0.0001153679
8.314208e-05
0.0007736958
0.0007729618
0.000771496
0.0007694718
0.0007673886
0.0007654491
0.0007638495
0.0007616941
0.0007594164
0.0007573058
0.0007341331
0.000683512
0.0006244216
0.0005517272
0.0004564343
0.0003693165
0.0003403801
0.0003160351
0.000293922
0.0002725735
0.0002508009
0.0002281953
0.0002044104
0.0001792112
0.000152254
0.0001090965
7.946206e-05
5.512008e-05
0.0008950142
0.0008943401
0.0008931183
0.0008914296
0.0008893444
0.0008876822
0.0008863614
0.0008850689
0.0008831884
0.0008812068
0.0008623784
0.0008275799
0.0007948289
0.000766934
0.0007487716
9.549003e-05
7.511704e-05
5.309851e-05
3.158002e-05
0.001014782
0.001014211
0.001013041
0.001011624
0.001009866
0.001008083
0.001006953
0.001005869
0.001004849
0.001003191
0.0009867689
0.0009599142
0.0009383662
0.0009229946
0.0009157687
8.572958e-05
7.088735e-05
5.144258e-05
3.076997e-05
1.019229e-05
0.001111471
0.0011121
0.001111001
0.00110958
0.001108072
0.001106563
0.001105196
0.001104213
0.001103294
0.00110245
0.001087185
0.00106306
0.001044694
0.001032759
0.001027291
7.882167e-05
6.730803e-05
5.001604e-05
3.029807e-05
1.002044e-05
0.001177695
0.001178318
0.00117846
0.00117707
0.001175506
0.001174231
0.001173118
0.001171822
0.001170944
0.001170138
0.001155951
0.001132965
0.001115337
0.001103794
0.001098735
7.425849e-05
6.469169e-05
4.893901e-05
3.002134e-05
9.986035e-06
0.001210272
0.001211078
0.001211139
0.001210983
0.001209419
0.001208052
0.001207168
0.001206123
0.001204894
0.001204095
0.001189979
0.001168024
0.001150897
0.00113921
0.001133627
7.179089e-05
6.321835e-05
4.835854e-05
2.994772e-05
1.003214e-05
0.001209293
0.001209216
0.001209435
0.001209163
0.001208814
0.001207426
0.001206425
0.001205595
0.001204604
0.001203431
0.001189305
0.001167344
0.00115097
0.001139492
0.001133498
7.133719e-05
6.299356e-05
4.838271e-05
3.011647e-05
1.014678e-05
0.001173361
0.001173915
0.001173225
0.001173019
0.001172531
0.001172319
0.00117128
0.00117031
0.001169505
0.001168552
0.001153982
0.001131739
0.001115034
0.001104003
0.00109806
7.295243e-05
6.408404e-05
4.906388e-05
3.055111e-05
1.032839e-05
0.001104787
0.001104738
0.001104609
0.001103534
0.001103003
0.001102605
0.001102648
0.001101613
0.001100635
0.001099809
0.001085144
0.001061581
0.001043691
0.001031591
0.001025697
7.688467e-05
6.652391e-05
5.039566e-05
3.124303e-05
1.057106e-05
0.001005454
0.001006052
0.001005317
0.001004698
0.001003325
0.001002765
0.001002547
0.001002437
0.001001331
0.001000257
0.0009846822
0.0009582036
0.0009362643
0.0009205183
0.0009122061
8.355708e-05
7.032741e-05
5.230274e-05
3.214869e-05
1.086001e-05
0.0008852516
0.0008853017
0.000884982
0.0008837256
0.0008826417
0.0008812453
0.0008807077
0.0008801874
0.0008797325
0.0008783746
0.0008599244
0.0008251151
0.0007920438
0.0007631177
0.0007437328
9.366476e-05
7.532801e-05
5.465259e-05
3.319046e-05
1.117245e-05
0.0007632462
0.0007638337
0.0007629975
0.0007619072
0.0007601403
0.0007588624
0.0007574902
0.0007564745
0.0007554365
0.000754394
0.0007311838
0.0006804175
0.0006208433
0.0005475528
0.0004517462
0.0003643691
0.0003344442
0.0003087465
0.0002848714
0.0002619052
0.0002394129
0.0002171186
0.0001947572
0.0001720065
0.0001482051
0.0001084341
8.092566e-05
5.718054e-05
3.428233e-05
1.148063e-05
0.0006721522
0.000673402
0.0006730526
0.0006716957
0.0006701476
0.0006684776
0.0006674045
0.0006659238
0.0006647133
0.0006634905
0.0006409882
0.0005909749
0.0005347398
0.0004718158
0.0004021726
0.0003538255
0.0003300025
0.0003066762
0.000283925
0.0002614765
0.0002392287
0.0002171002
0.0001949922
0.0001727767
0.0001503868
0.0001167512
8.558228e-05
5.949963e-05
3.531187e-05
1.176297e-05
0.0006151952
0.0006154272
0.0006145511
0.0006129412
0.0006114881
0.0006101626
0.0006090537
0.0006075805
0.0006063345
0.0005851115
0.0005399334
0.0004904702
0.0004375762
0.0003820181
0.0003449604
0.000325012
0.0003039665
0.0002824822
0.0002608184
0.0002390225
0.0002172095
0.0001954642
0.0001738661
0.0001525736
0.0001216403
8.897167e-05
6.134554e-05
3.61633e-05
1.199648e-05
0.0005818226
0.0005814828
0.0005803167
0.0005788565
0.0005776924
0.0005763925
0.0005752948
0.0005738499
0.0005536198
0.0005116456
0.0004670712
0.0004199553
0.000371192
0.0003389485
0.0003211924
0.0003016459
0.0002811559
0.0002601238
0.0002388071
0.0002173369
0.0001959185
0.0001747621
0.0001541241
0.0001244099
9.11216e-05
6.258283e-05
3.674561e-05
1.215625e-05
0.0005655588
0.0005649128
0.0005639
0.0005627505
0.0005615528
0.0005602348
0.0005591635
0.0005392379
0.0004987759
0.0004562999
0.0004120458
0.0003661849
0.0003358811
0.0003190881
0.0003003257
0.0002803244
0.0002596517
0.0002385981
0.0002173885
0.0001961857
0.0001752522
0.0001548875
0.0001256465
9.211733e-05
6.31571e-05
3.700479e-05
1.222253e-05
0.0005804206
0.0005797288
0.0005781832
0.0005763524
0.0005739375
0.000571686
0.0005698875
0.0005683077
0.000566865
0.0005658513
0.0005464065
0.0005063009
0.000464254
0.0004205867
0.0003758621
0.0003474697
0.0003329644
0.0003154235
0.00029551
0.0002735302
0.0002498406
0.0002248846
0.0001993165
0.00017411
0.0001515033
0.0005947917
0.0005938192
0.0005924629
0.0005905769
0.0005885063
0.0005862383
0.000584272
0.000582417
0.0005807874
0.0005792806
0.0005590686
0.0005171366
0.0004728951
0.0004265456
0.0003785975
0.0003476761
0.0003319794
0.0003144576
0.0002949749
0.0002738887
0.0002512957
0.0002274081
0.000202591
0.0001774649
0.000153012
0.0001215811
0.0006268541
0.0006260438
0.0006244334
0.0006226287
0.0006205003
0.0006185695
0.0006165611
0.0006144858
0.0006125255
0.0006108122
0.0005891249
0.0005438024
0.0004948656
0.000442664
0.00038771
0.0003515538
0.0003331268
0.0003139091
0.0002941623
0.0002733644
0.0002515021
0.0002284823
0.0002044044
0.0001795788
0.0001546411
0.0001204718
8.668336e-05
0.0006836178
0.0006828148
0.0006813238
0.0006792919
0.0006771831
0.000675196
0.0006735456
0.0006714061
0.0006691691
0.0006670584
0.0006438893
0.0005939231
0.0005381066
0.0004756392
0.0004064847
0.0003588213
0.0003360245
0.000314045
0.0002929672
0.0002721359
0.0002506714
0.0002283234
0.0002048784
0.0001803196
0.0001548567
0.0001178279
8.434531e-05
5.762074e-05
0.0007733347
0.0007725333
0.0007711246
0.0007692482
0.0007669578
0.000765032
0.0007634084
0.0007617548
0.0007595472
0.0007572167
0.0007336426
0.0006828534
0.000623342
0.0005504665
0.0004550625
0.0003679663
0.0003388329
0.0003141191
0.0002915981
0.0002702233
0.0002490814
0.0002272686
0.0002044337
0.0001801839
0.0001540121
0.0001109993
8.109337e-05
5.589115e-05
3.285688e-05
0.0008945668
0.0008939041
0.0008926025
0.0008910158
0.000889105
0.0008871915
0.0008858683
0.0008845492
0.0008832582
0.0008813815
0.0008622785
0.0008270013
0.0007940485
0.0007655906
0.0007470462
9.658796e-05
7.640788e-05
5.415899e-05
3.201169e-05
1.054996e-05
0.001013227
0.001013704
0.001012533
0.001011023
0.001009408
0.001007827
0.001006399
0.001005303
0.001004254
0.001003269
0.0009869846
0.0009598037
0.0009376916
0.000922081
0.0009141518
8.62071e-05
7.17003e-05
5.231821e-05
3.137393e-05
1.032973e-05
0.001109867
0.001110408
0.001110445
0.001109014
0.001107401
0.001106071
0.001104924
0.001103606
0.00110267
0.0011018
0.001087264
0.001063308
0.001044574
0.001032004
0.00102627
7.885589e-05
6.768512e-05
5.058858e-05
3.081068e-05
1.021522e-05
0.001175925
0.001176637
0.001176672
0.001176481
0.0011749
0.001173512
0.001172602
0.001171542
0.0011703
0.001169475
0.00115527
0.001133041
0.001115609
0.001103668
0.001097923
7.399219e-05
6.472236e-05
4.921421e-05
3.03646e-05
1.015444e-05
0.001209293
0.001209216
0.001209435
0.001209163
0.001208814
0.001207426
0.001206425
0.001205595
0.001204604
0.001203431
0.001189305
0.001167344
0.00115097
0.001139492
0.001133498
7.133719e-05
6.299356e-05
4.838271e-05
3.011647e-05
1.014678e-05
0.001207637
0.001208237
0.001207574
0.001207461
0.001206997
0.00120682
0.001205799
0.001204853
0.001204077
0.001203141
0.001188651
0.001166683
0.001150303
0.001139563
0.001133777
7.078476e-05
6.259642e-05
4.821162e-05
3.013193e-05
1.0204e-05
0.001172308
0.001172305
0.001172272
0.001171254
0.001170856
0.001170542
0.001170693
0.001169707
0.00116879
0.001168038
0.001153702
0.001131119
0.001114404
0.001103366
0.001098128
7.241134e-05
6.3588e-05
4.875509e-05
3.044335e-05
1.033372e-05
0.001102894
0.001103726
0.001103091
0.001102631
0.001101367
0.001101012
0.001100971
0.00110106
0.001100074
0.001099144
0.00108466
0.001061311
0.00104312
0.001031011
0.001025109
7.641507e-05
6.603027e-05
5.000598e-05
3.104657e-05
1.053377e-05
0.00100414
0.001004382
0.001004384
0.001003313
0.001002496
0.001001301
0.00100109
0.001000905
0.001000828
0.0009997563
0.000984099
0.000957769
0.0009360144
0.0009200148
0.0009116975
8.315815e-05
6.989785e-05
5.191489e-05
3.190033e-05
1.079168e-05
0.0008831487
0.0008841488
0.0008835768
0.0008828949
0.0008814199
0.0008805049
0.000879445
0.0008789075
0.0008783874
0.0008779322
0.0008595041
0.0008246402
0.0007916762
0.0007628985
0.0007433252
9.331057e-05
7.496828e-05
5.431875e-05
3.294454e-05
1.108611e-05
0.0007603301
0.000762093
0.0007620111
0.0007607694
0.0007594152
0.0007578062
0.0007568392
0.0007554139
0.0007543427
0.0007532483
0.0007308083
0.0006800944
0.0006205
0.0005472892
0.0004515888
0.0003641726
0.0003342792
0.0003086169
0.0002848473
0.0002618962
0.0002393518
0.0002169781
0.0001945468
0.0001717154
0.0001478618
0.0001081069
8.06193e-05
5.690708e-05
3.40729e-05
1.139557e-05
0.000671001
0.0006715818
0.0006708301
0.000669216
0.0006678281
0.0006664675
0.0006653381
0.0006638032
0.0006625363
0.0006400346
0.000590659
0.000534493
0.0004715653
0.0004019734
0.0003536884
0.0003298256
0.0003065266
0.000283809
0.0002614517
0.0002392176
0.0002170432
0.0001948655
0.000172589
0.0001501321
0.0001164802
8.532376e-05
5.927399e-05
3.514278e-05
1.169111e-05
0.0006134099
0.0006132543
0.0006121377
0.0006106948
0.0006095527
0.0006081868
0.0006070354
0.0006055218
0.0005842778
0.0005391596
0.0004901949
0.0004373763
0.0003818197
0.0003447888
0.000324882
0.0003038048
0.0002823456
0.0002607141
0.0002389976
0.0002171971
0.0001954114
0.0001737526
0.000152407
0.000121434
8.876476e-05
6.116004e-05
3.602598e-05
1.1939e-05
0.0005796924
0.0005791228
0.0005781276
0.0005769809
0.0005757871
0.0005744569
0.0005733278
0.0005528893
0.0005109246
0.0004664301
0.0004197054
0.000371016
0.0003387731
0.0003210328
0.0003015225
0.0002810077
0.0002599989
0.0002387134
0.0002173124
0.0001959053
0.0001747137
0.0001540231
0.000124273
9.096679e-05
6.24371e-05
3.663442e-05
1.211005e-05
0.0005632314
0.0005627549
0.0005620539
0.0005608804
0.0005596585
0.0005583164
0.0005387385
0.0004981233
0.0004556633
0.0004115012
0.0003659514
0.0003357134
0.000318923
0.0003001771
0.0002802078
0.0002595163
0.000238484
0.0002173045
0.0001961621
0.0001752388
0.0001548437
0.0001255636
9.201514e-05
6.304966e-05
3.691854e-05
1.218553e-05
0.0005802326
0.0005792873
0.0005779571
0.0005760424
0.0005739872
0.0005717488
0.0005698175
0.000567996
0.0005663924
0.0005649257
0.0005452158
0.0005048021
0.000462596
0.0004187498
0.0003736616
0.000344702
0.0003299602
0.0003132077
0.0002942567
0.0002735222
0.0002511738
0.0002274876
0.0002028811
0.0001780121
0.0001538704
0.0001229213
0.0005944307
0.0005936526
0.0005920363
0.0005903032
0.0005881866
0.0005862877
0.0005843394
0.0005823452
0.0005804619
0.0005788033
0.0005581445
0.0005159954
0.0004714892
0.0004250095
0.0003769109
0.000345598
0.0003293374
0.0003116696
0.0002929203
0.0002727444
0.000251301
0.000228629
0.0002049347
0.0001806228
0.0001563841
0.0001234204
8.897685e-05
0.0006265386
0.0006257041
0.0006242369
0.0006222375
0.0006201887
0.0006182277
0.0006166118
0.0006145645
0.0006124503
0.0006104506
0.0005886008
0.0005428891
0.0004937578
0.0004413419
0.0003863009
0.0003499648
0.0003311193
0.0003114177
0.0002915926
0.0002714755
0.0002504663
0.000228498
0.0002055078
0.0001816548
0.0001573776
0.0001230517
8.794557e-05
5.962644e-05
0.0006833195
0.0006824541
0.0006809787
0.0006790812
0.000676788
0.0006748399
0.0006731654
0.00067146
0.0006692676
0.0006669776
0.0006434827
0.0005933644
0.0005371896
0.0004745606
0.0004052666
0.0003575088
0.0003344966
0.0003121436
0.0002906528
0.0002697886
0.0002489528
0.0002273962
0.0002049017
0.0001812982
0.0001566451
0.0001198899
8.609056e-05
5.843298e-05
3.404672e-05
0.0007729478
0.0007721729
0.0007706967
0.0007688777
0.0007667346
0.0007646024
0.0007629925
0.0007613154
0.0007596072
0.0007573468
0.0007335535
0.000682397
0.0006227353
0.0005495177
0.0004540211
0.000366863
0.0003375898
0.0003126826
0.0002898287
0.0002681008
0.0002469569
0.0002257221
0.0002036148
0.0001802125
0.0001548525
0.0001122777
8.2493e-05
5.7016e-05
3.330933e-05
1.092366e-05
0.0008931944
0.0008934574
0.0008921676
0.0008905009
0.0008886921
0.0008869524
0.0008853786
0.0008840572
0.0008827401
0.0008814509
0.0008624471
0.0008269017
0.0007934941
0.000764836
0.0007457385
9.71235e-05
7.728507e-05
5.50839e-05
3.264394e-05
1.069318e-05
0.001011756
0.001012151
0.001012027
0.001010517
0.001008808
0.00100737
0.001006143
0.00100475
0.00100369
0.001002676
0.0009870578
0.0009600096
0.0009375812
0.0009214194
0.0009132461
8.624147e-05
7.210098e-05
5.291754e-05
3.190601e-05
1.053151e-05
0.001108223
0.001108804
0.001108755
0.001108459
0.001106836
0.001105401
0.001104432
0.001103333
0.001102064
0.001101177
0.001086625
0.001063381
0.001044814
0.001031885
0.001025521
7.857069e-05
6.771594e-05
5.087268e-05
3.116312e-05
1.038776e-05
0.001174972
0.001174868
0.001174992
0.001174696
0.001174311
0.001172907
0.001171884
0.001171027
0.00117002
0.001168831
0.001154616
0.00113238
0.001115681
0.001103934
0.001097797
7.352337e-05
6.449144e-05
4.923845e-05
3.053561e-05
1.027051e-05
0.001207637
0.001208237
0.001207574
0.001207461
0.001206997
0.00120682
0.001205799
0.001204853
0.001204077
0.001203141
0.001188651
0.001166683
0.001150303
0.001139563
0.001133777
7.078476e-05
6.259642e-05
4.821162e-05
3.013193e-05
1.0204e-05
0.001206558
0.001206582
0.001206595
0.001205604
0.001205296
0.001205007
0.001205195
0.001204229
0.001203336
0.001202615
0.001188361
0.001166044
0.001149652
0.001138905
0.001133847
7.026055e-05
6.211293e-05
4.790864e-05
3.002587e-05
1.020931e-05
0.001170249
0.001171252
0.001170664
0.001170301
0.001169094
0.00116887
0.001168919
0.00116912
0.001168187
0.001167323
0.001153193
0.001130839
0.001113795
0.001102743
0.001097496
7.196905e-05
6.311721e-05
4.837919e-05
3.025234e-05
1.029738e-05
0.00110145
0.001101835
0.00110208
0.001101116
0.001100465
0.001099379
0.001099381
0.001099387
0.001099521
0.001098584
0.001084007
0.001060837
0.001042852
0.001030448
0.001024532
7.604938e-05
6.562696e-05
4.963597e-05
3.080743e-05
1.046766e-05
0.001001668
0.001003069
0.001002716
0.00100238
0.001001114
0.001000472
0.0009996284
0.0009994505
0.0009992982
0.0009992537
0.0009836058
0.0009572037
0.0009355896
0.0009197668
0.0009111992
8.284292e-05
6.956343e-05
5.159778e-05
3.166441e-05
1.070852e-05
0.00087959
0.0008820469
0.000882425
0.0008814925
0.0008805905
0.0008792867
0.0008787055
0.0008776476
0.0008771104
0.0008765906
0.000859066
0.0008242353
0.0007912214
0.0007625445
0.0007431097
9.302867e-05
7.468405e-05
5.405867e-05
3.27433e-05
1.10041e-05
0.0007591809
0.0007602727
0.0007597845
0.0007582806
0.0007570826
0.0007557863
0.0007547641
0.0007532852
0.0007521579
0.0007297073
0.0006797343
0.0006202016
0.0005469886
0.0004513701
0.0003640333
0.0003341004
0.0003084661
0.0002847307
0.0002618714
0.0002393408
0.0002169211
0.0001944204
0.0001715288
0.0001476113
0.0001078558
8.037564e-05
5.669108e-05
3.390962e-05
1.132595e-05
0.0006691875
0.0006693626
0.0006683523
0.0006668993
0.0006658192
0.0006644044
0.0006632187
0.0006616293
0.0006391166
0.0005897968
0.0005341948
0.0004713415
0.0004017612
0.0003535139
0.0003296945
0.000306364
0.0002836714
0.000261347
0.0002391927
0.0002170308
0.0001948129
0.0001724763
0.000149968
0.0001162825
8.512526e-05
5.90947e-05
3.500926e-05
1.163507e-05
0.0006112444
0.0006108449
0.0006098942
0.0006087612
0.0006075782
0.0006061718
0.000604978
0.0005834952
0.000538396
0.000489508
0.0004371168
0.0003816354
0.0003446093
0.0003247212
0.000303681
0.0002821971
0.0002605887
0.0002389037
0.0002171727
0.0001953983
0.0001737045
0.0001523071
0.0001213003
8.861392e-05
6.10176e-05
3.591694e-05
1.189362e-05
0.0005773407
0.0005769378
0.0005762534
0.0005750771
0.0005738536
0.0005724933
0.0005523807
0.0005102513
0.0004657776
0.0004191429
0.0003707797
0.0003386035
0.0003208663
0.0003013735
0.000280891
0.0002598633
0.0002385993
0.0002172284
0.0001958818
0.0001747004
0.0001539794
0.0001241909
9.086584e-05
6.233088e-05
3.654902e-05
1.207339e-05
0.0005610815
0.0005609124
0.0005601852
0.0005589876
0.0005577415
0.0005379345
0.0004976517
0.000455068
0.0004109323
0.0003654799
0.0003354881
0.0003187602
0.0003000214
0.0002800698
0.0002594069
0.0002383608
0.0002172012
0.0001960874
0.0001752166
0.0001548305
0.0001255268
9.195386e-05
6.297929e-05
3.685568e-05
1.215711e-05
0.0005798963
0.0005790996
0.0005775167
0.0005758162
0.0005736786
0.0005717977
0.0005698799
0.0005679259
0.0005660813
0.000564454
0.0005443215
0.0005036932
0.0004612235
0.0004172428
0.0003719978
0.0003426463
0.0003273392
0.0003104276
0.0002922067
0.0002723796
0.0002511791
0.0002287089
0.0002052281
0.0001811798
0.0001572621
0.000124783
9.009843e-05
0.0005941424
0.0005932922
0.0005918698
0.0005898784
0.0005879139
0.0005859697
0.0005843882
0.0005824122
0.00058039
0.0005784786
0.0005576735
0.0005151393
0.000470441
0.0004237436
0.0003755415
0.0003440359
0.0003273581
0.0003092009
0.0002903589
0.0002708596
0.0002502663
0.0002286446
0.000206041
0.0001827108
0.0001591523
0.0001260692
9.027711e-05
6.100822e-05
0.0006262926
0.0006253888
0.000623898
0.0006220416
0.0006197988
0.0006179173
0.0006162714
0.0006146145
0.0006125284
0.0006103753
0.0005882499
0.0005423954
0.0004929273
0.0004403476
0.0003851458
0.0003486844
0.0003296133
0.0003095356
0.000289292
0.0002691326
0.000248749
0.0002275701
0.0002055312
0.0001826405
0.0001591953
0.0001252089
8.977453e-05
6.047164e-05
3.503142e-05
0.0006829791
0.0006821565
0.0006806185
0.000678737
0.0006765779
0.0006744462
0.0006728104
0.0006710814
0.0006693209
0.0006670755
0.0006434017
0.0005929878
0.0005366761
0.0004737531
0.0004043434
0.0003564379
0.0003332692
0.000310716
0.0002888904
0.0002676705
0.0002468289
0.0002258488
0.0002040809
0.0001813269
0.0001574996
0.0001212717
8.758111e-05
5.961635e-05
3.451851e-05
1.127441e-05
0.0007717682
0.0007717866
0.0007703372
0.0007684506
0.0007663652
0.0007643797
0.0007625641
0.0007609007
0.0007591695
0.0007574063
0.0007336764
0.0006823087
0.0006223195
0.0005489763
0.0004532433
0.0003660231
0.0003365781
0.0003115317
0.0002884962
0.0002664722
0.0002450288
0.0002238166
0.0002022396
0.0001795005
0.0001548844
0.0001128968
8.3441e-05
5.799276e-05
3.397116e-05
1.107292e-05
0.0008918965
0.0008920866
0.0008917216
0.0008900671
0.0008881784
0.0008865406
0.0008851397
0.0008835685
0.0008822491
0.0008809342
0.0008625111
0.0008270589
0.0007933951
0.0007643026
0.0007450015
9.715791e-05
7.771571e-05
5.571542e-05
3.319901e-05
1.09032e-05
0.001010281
0.001010681
0.001010476
0.001010012
0.001008303
0.001006772
0.001005687
0.001004494
0.001003137
0.001002112
0.0009864787
0.0009600758
0.0009377792
0.0009213092
0.0009125915
8.592583e-05
7.213199e-05
5.321419e-05
3.22712e-05
1.070978e-05
0.00110732
0.001107161
0.001107153
0.001106772
0.001106283
0.001104838
0.001103764
0.001102842
0.001101792
0.001100571
0.001086012
0.001062762
0.001044883
0.00103212
0.001025401
7.80704e-05
6.747278e-05
5.089704e-05
3.133845e-05
1.050654e-05
0.001173361
0.001173915
0.001173225
0.001173019
0.001172531
0.001172319
0.00117128
0.00117031
0.001169505
0.001168552
0.001153982
0.001131739
0.001115034
0.001104003
0.00109806
7.295243e-05
6.408404e-05
4.906388e-05
3.055111e-05
1.032839e-05
0.001206558
0.001206581
0.001206595
0.001205604
0.001205296
0.001205007
0.001205194
0.001204229
0.001203336
0.001202615
0.001188361
0.001166044
0.001149652
0.001138905
0.001133847
7.026055e-05
6.211293e-05
4.790864e-05
3.002587e-05
1.020931e-05
0.001204437
0.001205504
0.001204942
0.001204625
0.001203443
0.001203308
0.001203384
0.001203624
0.001202713
0.001201875
0.00118784
0.001165755
0.001149024
0.001138261
0.001133194
6.98314e-05
6.165361e-05
4.753984e-05
2.983769e-05
1.017347e-05
0.00116868
0.001169194
0.001169612
0.001168696
0.001168141
0.001167112
0.001167249
0.001167349
0.001167601
0.001166722
0.00115249
0.001130339
0.001113514
0.001102141
0.001096876
7.162408e-05
6.273169e-05
4.80218e-05
3.001984e-05
1.023288e-05
0.001098661
0.001100392
0.001100191
0.001100105
0.001098953
0.001098478
0.001097751
0.001097799
0.001097851
0.001098032
0.001083454
0.001060201
0.001042385
0.00103018
0.001023973
7.576053e-05
6.531245e-05
4.933278e-05
3.057997e-05
1.03872e-05
0.0009975083
0.001000598
0.001001403
0.001000715
0.001000183
0.0009990938
0.0009988008
0.0009979915
0.0009978466
0.0009977274
0.0009831064
0.0009567233
0.0009350389
0.0009193493
0.0009109523
8.259237e-05
6.929928e-05
5.135041e-05
3.147099e-05
1.062943e-05
0.0008784924
0.0008803252
0.0008803421
0.0008791917
0.0008784586
0.0008774902
0.000876909
0.0008758532
0.0008753165
0.0008577615
0.0008238065
0.000790831
0.0007621072
0.000742765
9.281224e-05
7.445816e-05
5.385326e-05
3.258624e-05
1.093688e-05
0.0007573678
0.0007580495
0.0007572976
0.0007559514
0.000755064
0.0007537145
0.0007526367
0.0007511036
0.0007286537
0.0006787264
0.0006198618
0.0005467216
0.0004511259
0.000363855
0.0003339685
0.0003083027
0.0002845926
0.0002617664
0.000239316
0.0002169088
0.0001943679
0.0001714169
0.00014745
0.0001076727
8.018855e-05
5.651953e-05
3.378069e-05
1.127162e-05
0.0006669774
0.0006668891
0.0006660375
0.0006648928
0.0006637576
0.0006622885
0.0006610462
0.0006382427
0.0005889558
0.0005334321
0.0004710646
0.0004015636
0.0003533286
0.0003295321
0.0003062396
0.0002835224
0.0002612211
0.0002390987
0.0002170064
0.0001947998
0.0001724285
0.0001498697
0.0001161543
8.498055e-05
5.895702e-05
3.490327e-05
1.159082e-05
0.0006088444
0.0006086059
0.0006079631
0.0006067887
0.0006055647
0.0006041178
0.0005829654
0.0005376766
0.00048882
0.000436521
0.0003813934
0.0003444358
0.0003245522
0.0003035313
0.0002820801
0.000260453
0.0002387894
0.0002170887
0.0001953749
0.0001736912
0.0001522639
0.0001212201
8.85155e-05
6.091376e-05
3.58332e-05
1.185761e-05
0.0005751642
0.0005750672
0.0005743511
0.0005731454
0.0005718922
0.0005515825
0.0005097713
0.0004651653
0.0004185621
0.000370298
0.0003383766
0.0003207023
0.000301217
0.0002807527
0.0002597539
0.0002384761
0.0002171251
0.0001958071
0.0001746782
0.0001539663
0.0001241544
9.08053e-05
6.226128e-05
3.648678e-05
1.204524e-05
0.0005592457
0.0005590471
0.0005582938
0.0005570722
0.0005373758
0.0004969278
0.0004546261
0.0004103968
0.0003649804
0.0003350649
0.0003185417
0.0002998655
0.0002799243
0.0002592795
0.0002382592
0.0002170899
0.0001959946
0.0001751506
0.0001548099
0.0001255144
9.192591e-05
6.293706e-05
3.681437e-05
1.21364e-05
0.0005796207
0.0005787637
0.0005773294
0.0005753776
0.0005734523
0.0005714908
0.0005699281
0.0005679877
0.0005660112
0.0005641437
0.0005438602
0.000502863
0.0004602019
0.0004160018
0.0003706465
0.0003410976
0.0003253748
0.0003079718
0.0002896499
0.0002704971
0.000250145
0.0002287245
0.0002063359
0.0001832743
0.0001600463
0.0001274635
9.141725e-05
6.170912e-05
0.0005939517
0.0005930041
0.0005915104
0.0005897117
0.0005874915
0.000585698
0.0005840715
0.0005824602
0.0005804565
0.0005784066
0.0005573568
0.0005146878
0.0004696576
0.0004227937
0.0003744204
0.0003427771
0.000325869
0.0003073353
0.0002880708
0.0002685207
0.0002485502
0.0002277162
0.0002060644
0.0001837022
0.0001609905
0.0001282814
9.21601e-05
6.187607e-05
3.572841e-05
0.0006259837
0.0006251433
0.0006235832
0.0006217037
0.0006196035
0.0006175289
0.0006159621
0.0006142757
0.0006125778
0.0006104529
0.0005881741
0.0005420679
0.0004924678
0.0004396061
0.0003842716
0.0003476409
0.0003284035
0.0003081197
0.0002875397
0.0002670213
0.0002466262
0.0002260214
0.0002047079
0.0001826692
0.0001600633
0.0001266526
9.133206e-05
6.170186e-05
3.55192e-05
1.156772e-05
0.0006819481
0.0006818167
0.0006803217
0.0006783776
0.0006762349
0.0006742367
0.0006724179
0.0006707276
0.0006689439
0.0006671281
0.0006434928
0.000592907
0.0005363341
0.0004732913
0.0004036573
0.0003556229
0.0003322708
0.0003095722
0.0002875621
0.0002660453
0.0002449023
0.000223942
0.0002027025
0.0001806103
0.0001575315
0.0001219389
8.858832e-05
6.064029e-05
3.520789e-05
1.142932e-05
0.0007706516
0.0007706086
0.0007699516
0.0007680922
0.0007659393
0.0007640115
0.0007623418
0.0007604735
0.0007587562
0.0007569703
0.0007337295
0.0006824161
0.0006222329
0.0005486113
0.000452789
0.0003654022
0.0003358068
0.0003105981
0.000287431
0.0002652411
0.0002435388
0.0002220788
0.0002005492
0.0001782975
0.0001542813
0.0001129311
8.390464e-05
5.865813e-05
3.455025e-05
1.129154e-05
0.00089062
0.0008907897
0.0008903534
0.0008896219
0.0008877459
0.0008860282
0.0008847287
0.0008833299
0.0008817615
0.0008804444
0.00086201
0.000827114
0.0007935417
0.0007642043
0.0007444822
9.679709e-05
7.774692e-05
5.602714e-05
3.357925e-05
1.108818e-05
0.00100945
0.001009206
0.001009008
0.001008464
0.001007799
0.001006268
0.00100509
0.001004039
0.001002882
0.001001561
0.0009859249
0.000959519
0.0009378399
0.0009215014
0.0009124814
8.537489e-05
7.187076e-05
5.323871e-05
3.245251e-05
1.08323e-05
0.001105799
0.001106258
0.001105512
0.001105173
0.001104599
0.001104284
0.001103201
0.001102175
0.001101301
0.001100299
0.001085415
0.001062163
0.001044279
0.001032185
0.001025633
7.746092e-05
6.704494e-05
5.071574e-05
3.135402e-05
1.056571e-05
0.001172308
0.001172305
0.001172272
0.001171254
0.001170856
0.001170542
0.001170693
0.001169707
0.00116879
0.001168038
0.001153702
0.001131119
0.001114404
0.001103366
0.001098128
7.241134e-05
6.3588e-05
4.875509e-05
3.044335e-05
1.033372e-05
0.001204437
0.001205504
0.001204942
0.001204625
0.001203443
0.001203308
0.001203384
0.001203624
0.001202713
0.001201875
0.00118784
0.001165755
0.001149024
0.001138261
0.001133194
6.98314e-05
6.165361e-05
4.753984e-05
2.983769e-05
1.017347e-05
0.00120278
0.001203384
0.001203865
0.001202974
0.001202465
0.00120146
0.001201687
0.001201816
0.001202109
0.001201252
0.001187112
0.001165243
0.001148736
0.00113764
0.001132553
6.949639e-05
6.127703e-05
4.718896e-05
2.960866e-05
1.010981e-05
0.001165694
0.001167626
0.001167556
0.001167644
0.001166539
0.00116616
0.001165493
0.001165681
0.001165833
0.001166135
0.001151897
0.001129654
0.001113022
0.001101861
0.001096278
7.135166e-05
6.24307e-05
4.772848e-05
2.979847e-05
1.015437e-05
0.001093968
0.001097604
0.001098748
0.00109822
0.001097943
0.001096969
0.00109685
0.001096171
0.001096265
0.001096364
0.001082905
0.001059661
0.001041762
0.001029719
0.001023706
7.553119e-05
6.50641e-05
4.909601e-05
3.039319e-05
1.031059e-05
0.0009964422
0.0009989352
0.0009994041
0.0009985217
0.0009981638
0.0009974251
0.0009971647
0.0009963901
0.0009962783
0.0009816122
0.00095623
0.000934569
0.0009188092
0.0009105387
8.239998e-05
6.908952e-05
5.115508e-05
3.13199e-05
1.056451e-05
0.000876778
0.0008782455
0.0008780431
0.0008770635
0.0008766634
0.0008756966
0.0008751155
0.000874062
0.0008565173
0.0008225689
0.0007904121
0.0007617295
0.0007423395
9.265445e-05
7.428471e-05
5.369022e-05
3.246224e-05
1.088438e-05
0.0007551547
0.0007555672
0.0007549705
0.0007539358
0.0007529936
0.0007515904
0.0007504563
0.0007276339
0.0006777515
0.0006189593
0.0005464089
0.0004509012
0.0003636628
0.0003338045
0.0003081779
0.0002844432
0.0002616403
0.0002392218
0.0002168845
0.0001943549
0.0001713694
0.0001473532
0.0001075536
8.005216e-05
5.638779e-05
3.367838e-05
1.122873e-05
0.0006645156
0.000664579
0.0006640327
0.0006628337
0.000661643
0.0006601194
0.0006376742
0.0005881535
0.0005326772
0.0004704108
0.0004013115
0.0003531495
0.0003293599
0.000306089
0.0002834052
0.0002610852
0.0002389842
0.0002169225
0.0001947765
0.0001724153
0.0001498271
0.0001160774
8.488603e-05
5.885665e-05
3.482187e-05
1.155572e-05
0.0006066149
0.0006066786
0.000605993
0.0006047772
0.0006035123
0.0005821413
0.0005371773
0.0004881695
0.0004359135
0.0003808921
0.0003442058
0.0003243858
0.0003033733
0.0002819414
0.0002603435
0.0002386661
0.0002169854
0.0001953004
0.0001736692
0.0001522508
0.0001211844
8.845646e-05
6.084569e-05
3.577217e-05
1.182995e-05
0.0005733008
0.0005731686
0.0005724209
0.0005711856
0.0005510034
0.0005090465
0.0004647163
0.000418014
0.0003697912
0.0003379482
0.0003204827
0.0003010602
0.0002806069
0.0002596264
0.0002383745
0.0002170138
0.0001957144
0.0001746124
0.0001539458
0.0001241421
9.077764e-05
6.22195e-05
3.644588e-05
1.202471e-05
0.0005573875
0.0005571593
0.0005563798
0.000536723
0.0004964035
0.0004539819
0.0004099863
0.0003645066
0.0003346114
0.0003181443
0.0002996559
0.0002797765
0.0002591448
0.0002381424
0.0002169964
0.0001958949
0.0001750682
0.0001547522
0.0001254965
9.191553e-05
6.291739e-05
3.678957e-05
1.212277e-05
0.0005794213
0.0005784883
0.0005769943
0.0005751909
0.0005730164
0.0005712642
0.0005696225
0.0005680353
0.0005660725
0.0005640734
0.0005435576
0.0005024235
0.0004594397
0.0004150718
0.000369541
0.0003398496
0.0003238948
0.0003061153
0.0002873691
0.0002681605
0.0002484296
0.0002277959
0.0002063592
0.0001842686
0.0001618949
0.000129701
9.332659e-05
6.258844e-05
3.608821e-05
0.0005936625
0.0005928137
0.0005912227
0.000589354
0.0005873244
0.0005852785
0.0005838008
0.000582145
0.0005805039
0.0005784725
0.0005572842
0.0005143895
0.0004692309
0.0004220871
0.0003735729
0.000341752
0.0003246729
0.0003059293
0.0002863276
0.0002664158
0.0002464284
0.0002261665
0.0002052389
0.0001837309
0.0001618682
0.0001297608
9.376097e-05
6.313852e-05
3.62275e-05
1.177738e-05
0.0006250545
0.000624835
0.0006233384
0.0006213895
0.0006192669
0.0006173343
0.0006155751
0.0006139675
0.0006122405
0.0006105016
0.0005882456
0.0005419919
0.000492167
0.0004391846
0.0003836238
0.0003468472
0.0003274203
0.0003069853
0.0002862175
0.000265401
0.0002447021
0.0002241129
0.0002033251
0.0001819471
0.0001600954
0.0001273485
9.238291e-05
6.276363e-05
3.623136e-05
1.172737e-05
0.0006809682
0.0006807872
0.0006799826
0.0006780818
0.0006758765
0.000673895
0.000672209
0.0006703363
0.0006685914
0.0006667528
0.0006435386
0.0005929836
0.0005362543
0.0004729891
0.0004032538
0.0003550212
0.0003315098
0.0003086446
0.0002865003
0.000264816
0.0002434135
0.0002222036
0.000201008
0.0001793996
0.0001569175
0.0001219731
8.907956e-05
6.133647e-05
3.580937e-05
1.165602e-05
0.0007695734
0.0007694931
0.0007687764
0.0007677075
0.0007655821
0.0007635869
0.0007619745
0.0007602516
0.0007583302
0.0007565583
0.0007333118
0.000682457
0.0006223223
0.0005485275
0.0004524916
0.0003650287
0.0003352386
0.0003098854
0.0002865694
0.000264259
0.0002424086
0.0002207271
0.0001990003
0.0001768215
0.0001532559
0.0001125046
8.393602e-05
5.898569e-05
3.494622e-05
1.148354e-05
0.0008898767
0.000889514
0.0008890584
0.0008882572
0.0008873013
0.0008855966
0.0008842174
0.0008829197
0.0008815231
0.0008799578
0.0008615319
0.0008266407
0.0007935889
0.0007643417
0.0007443845
9.617112e-05
7.746264e-05
5.605185e-05
3.376763e-05
1.121511e-05
0.00100806
0.001008376
0.001007535
0.001006998
0.001006255
0.001005764
0.001004587
0.001003443
0.001002427
0.001001305
0.0009853831
0.0009589817
0.000937301
0.0009215582
0.0009126705
8.470333e-05
7.141274e-05
5.30479e-05
3.246819e-05
1.089323e-05
0.001104787
0.001104738
0.001104609
0.001103534
0.001103003
0.001102605
0.001102648
0.001101613
0.001100635
0.001099809
0.001085144
0.001061581
0.001043691
0.001031591
0.001025697
7.688467e-05
6.652391e-05
5.039566e-05
3.124303e-05
1.057106e-05
0.001170249
0.001171252
0.001170664
0.001170301
0.001169094
0.00116887
0.001168919
0.00116912
0.001168188
0.001167323
0.001153193
0.001130839
0.001113795
0.001102743
0.001097496
7.196905e-05
6.311721e-05
4.837919e-05
3.025234e-05
1.029738e-05
0.00120278
0.001203384
0.001203865
0.001202974
0.001202465
0.00120146
0.001201687
0.001201816
0.001202108
0.001201252
0.001187112
0.001165243
0.001148736
0.00113764
0.001132553
6.949639e-05
6.127703e-05
4.718896e-05
2.960866e-05
1.010981e-05
0.001199701
0.001201728
0.001201747
0.001201897
0.001200818
0.001200482
0.001199842
0.001200121
0.001200303
0.001200648
0.001186498
0.001164532
0.00114823
0.001137353
0.001131935
6.923188e-05
6.098283e-05
4.690074e-05
2.939048e-05
1.003233e-05
0.001160619
0.001164641
0.001165989
0.001165592
0.001165488
0.001164561
0.001164542
0.001163928
0.001164167
0.00116437
0.001151313
0.001129073
0.001112349
0.001101373
0.001095998
7.113553e-05
6.219305e-05
4.749921e-05
2.961647e-05
1.007957e-05
0.001092915
0.001095963
0.001096778
0.001096062
0.001095961
0.001095344
0.001095272
0.00109464
0.00109478
0.001081266
0.001059116
0.001041231
0.001029105
0.001023248
7.535507e-05
6.486703e-05
4.890907e-05
3.024714e-05
1.024762e-05
0.0009947861
0.0009969391
0.0009972123
0.0009965069
0.0009964962
0.0009957916
0.000995564
0.0009948243
0.0009801889
0.0009547879
0.0009340811
0.0009183467
0.0009100043
8.225972e-05
6.892844e-05
5.100012e-05
3.120062e-05
1.051375e-05
0.0008747084
0.0008759509
0.0008759169
0.0008752714
0.0008748709
0.000873906
0.0008733253
0.0008552914
0.0008213801
0.0007892359
0.0007613199
0.0007419704
9.255141e-05
7.415826e-05
5.3565e-05
3.236389e-05
1.084293e-05
0.0007526852
0.0007532451
0.0007529567
0.0007518684
0.000750871
0.0007494136
0.0007270007
0.0006768066
0.0006180761
0.0005456324
0.0004506261
0.0003634778
0.0003336295
0.0003080266
0.0002843258
0.0002615042
0.0002391072
0.0002168005
0.0001943316
0.0001713562
0.0001473113
0.0001074822
7.996292e-05
5.629175e-05
3.359981e-05
1.119471e-05
0.0006622177
0.0006625784
0.0006619755
0.0006607217
0.0006594755
0.0006367848
0.0005876179
0.0005319556
0.0004697519
0.0004007765
0.0003529151
0.0003291905
0.0003059294
0.0002832661
0.0002609756
0.0002388609
0.0002168192
0.0001947022
0.0001723935
0.0001498142
0.000116043
8.482931e-05
5.87908e-05
3.476254e-05
1.152876e-05
0.0006046959
0.0006047125
0.0006039841
0.0006027269
0.0005815523
0.0005364274
0.0004877041
0.0004353369
0.000380369
0.0003437672
0.0003241642
0.0003032152
0.0002817948
0.0002602158
0.0002385645
0.0002168742
0.0001952079
0.0001736038
0.0001522305
0.0001211722
8.842942e-05
6.080483e-05
3.573203e-05
1.180979e-05
0.0005714097
0.0005712421
0.0005704628
0.0005503157
0.0005085081
0.0004640681
0.0004175981
0.0003693095
0.0003374902
0.000320082
0.0003008501
0.0002804585
0.0002594914
0.0002382577
0.0002169204
0.0001956149
0.0001745302
0.0001538885
0.0001241244
9.076734e-05
6.220003e-05
3.642131e-05
1.20112e-05
0.0005555068
0.000555249
0.0005360461
0.0004957878
0.0004534946
0.0004094219
0.000364129
0.0003341785
0.0003177158
0.0002992864
0.0002795777
0.0002590059
0.0002380185
0.0002168902
0.0001958097
0.0001749797
0.0001546797
0.0001254505
9.190148e-05
6.29096e-05
3.677786e-05
1.211458e-05
0.0005791426
0.0005782894
0.0005767192
0.0005748568
0.0005728303
0.0005708313
0.0005693957
0.000567731
0.0005661194
0.0005641343
0.0005434866
0.0005021377
0.0004590242
0.0004143809
0.0003687059
0.0003388337
0.0003227059
0.0003047148
0.0002856311
0.0002660593
0.0002463085
0.0002262455
0.0002055326
0.0001842974
0.0001627774
0.0001311969
9.494865e-05
6.386721e-05
3.659314e-05
1.188633e-05
0.0005928046
0.000592525
0.0005910326
0.0005890669
0.0005869692
0.000585111
0.0005833837
0.0005818751
0.0005801901
0.0005785193
0.0005573446
0.0005143162
0.0004689535
0.0004216889
0.0003729461
0.0003409727
0.0003237013
0.0003048029
0.0002850108
0.0002648
0.0002445067
0.0002242563
0.0002038525
0.0001830045
0.0001619003
0.0001304734
9.484008e-05
6.422633e-05
3.695577e-05
1.19404e-05
0.0006241626
0.0006239073
0.0006230307
0.0006211455
0.0006189536
0.0006169991
0.000615381
0.0006135818
0.0006119333
0.0006101658
0.0005882874
0.0005420507
0.0004920912
0.0004389131
0.0003832433
0.0003462621
0.000326671
0.0003060658
0.0002851606
0.0002641746
0.0002432149
0.0002223736
0.0002016252
0.0001807272
0.0001594708
0.0001273829
9.289453e-05
6.348452e-05
3.685136e-05
1.196081e-05
0.0006800383
0.0006798083
0.0006789558
0.0006777433
0.0006755817
0.0006735377
0.0006718683
0.000670128
0.0006682014
0.0006664015
0.000643181
0.0005930165
0.0005363146
0.0004729109
0.0004029963
0.0003546587
0.0003309496
0.0003079366
0.0002856416
0.0002638355
0.0002422838
0.0002208513
0.0001994557
0.0001779143
0.0001558739
0.0001215092
8.911113e-05
6.167847e-05
3.621999e-05
1.185461e-05
0.0007689175
0.0007684157
0.0007676628
0.000766536
0.000765198
0.0007632306
0.0007615511
0.0007598854
0.0007581087
0.0007561335
0.0007329139
0.0006820771
0.0006223505
0.0005485946
0.0004524121
0.0003647941
0.0003348925
0.0003093617
0.0002859108
0.0002634665
0.0002415086
0.0002196986
0.000197788
0.000175463
0.000152
0.00011177
8.36263e-05
5.901059e-05
3.514199e-05
1.161508e-05
0.000888646
0.0008887708
0.0008877842
0.0008869647
0.0008859409
0.0008851524
0.0008837866
0.0008824096
0.0008811137
0.0008797196
0.000861056
0.0008261839
0.000793141
0.0007643826
0.0007445158
9.540748e-05
7.696621e-05
5.58496e-05
3.378343e-05
1.127811e-05
0.001007125
0.001006986
0.001006705
0.001005527
0.001004792
0.001004224
0.001004083
0.001002941
0.001001832
0.001000851
0.0009851286
0.0009584558
0.0009367772
0.0009210322
0.0009127252
8.407053e-05
7.085478e-05
5.271189e-05
3.23527e-05
1.089862e-05
0.001102894
0.001103726
0.001103091
0.001102631
0.001101367
0.001101012
0.001100971
0.00110106
0.001100074
0.001099144
0.00108466
0.001061311
0.00104312
0.001031011
0.001025109
7.641507e-05
6.603027e-05
5.000598e-05
3.104657e-05
1.053377e-05
0.00116868
0.001169194
0.001169612
0.001168696
0.001168141
0.001167112
0.001167249
0.001167349
0.001167601
0.001166722
0.00115249
0.001130339
0.001113514
0.001102141
0.001096876
7.162408e-05
6.273169e-05
4.80218e-05
3.001984e-05
1.023288e-05
0.001199701
0.001201728
0.001201747
0.001201897
0.001200818
0.001200482
0.001199842
0.001200121
0.001200303
0.001200648
0.001186498
0.001164532
0.00114823
0.001137353
0.001131935
6.923188e-05
6.098283e-05
4.690074e-05
2.939048e-05
1.003233e-05
0.001194424
0.001198649
0.001200092
0.001199784
0.001199742
0.001198838
0.001198865
0.00119828
0.001198609
0.001198845
0.001185897
0.001163931
0.001147533
0.001136851
0.001131648
6.902209e-05
6.075057e-05
4.667534e-05
2.921097e-05
9.958467e-06
0.00115957
0.001163007
0.001164026
0.001163442
0.001163511
0.001162946
0.001162978
0.001162417
0.001162707
0.001149576
0.001128493
0.001111777
0.001100709
0.001095512
7.096954e-05
6.200458e-05
4.731821e-05
2.947407e-05
1.0018e-05
0.001091282
0.001093997
0.001094621
0.001094084
0.001094337
0.001093768
0.001093741
0.001093158
0.001079706
0.001057522
0.001040691
0.00102858
0.001022638
7.522668e-05
6.471568e-05
4.876084e-05
3.013186e-05
1.019834e-05
0.0009927995
0.0009947517
0.0009951991
0.0009948426
0.0009948638
0.0009941935
0.0009939989
0.0009787605
0.0009534073
0.0009326812
0.0009178631
0.0009095459
8.216777e-05
6.881101e-05
5.088111e-05
3.110605e-05
1.047368e-05
0.0008724265
0.0008738295
0.0008741264
0.000873482
0.0008730815
0.0008721186
0.0008545647
0.0008202073
0.0007880992
0.0007601959
0.0007415677
9.248954e-05
7.407534e-05
5.347372e-05
3.228836e-05
1.081007e-05
0.0007503764
0.0007512356
0.0007508912
0.0007497489
0.0007486957
0.000725995
0.0006762061
0.000617219
0.0005448607
0.0004500107
0.0003632385
0.0003334575
0.0003078657
0.0002841863
0.0002613945
0.0002389839
0.0002166973
0.0001942575
0.0001713345
0.0001472985
0.00010745
7.990935e-05
5.622866e-05
3.354254e-05
1.116858e-05
0.0006602275
0.0006605255
0.0006598655
0.0006585569
0.0006361574
0.0005868068
0.0005314584
0.0004691211
0.0004002234
0.0003524619
0.0003289664
0.0003057696
0.0002831185
0.0002608477
0.0002387593
0.0002167082
0.00019461
0.0001723285
0.0001497941
0.0001160311
8.480321e-05
5.875125e-05
3.47235e-05
1.15091e-05
0.0006027383
0.0006027076
0.0006019362
0.0005807901
0.0005358751
0.0004870333
0.0004349086
0.0003798704
0.0003433004
0.0003237572
0.0003030039
0.0002816457
0.0002600804
0.0002384477
0.0002167809
0.0001951087
0.000173522
0.0001521739
0.0001211548
8.841925e-05
6.078573e-05
3.570793e-05
1.179652e-05
0.0005694908
0.0005692879
0.0005496106
0.0005078625
0.0004635709
0.0004170289
0.0003689284
0.0003370527
0.0003196505
0.0003004785
0.0002802594
0.0002593523
0.0002381337
0.0002168142
0.0001955299
0.000174442
0.0001538164
0.0001240789
9.075342e-05
6.219228e-05
3.64097e-05
1.200309e-05
0.0005536036
0.0005349547
0.0004951456
0.0004529207
0.0004089737
0.0003636445
0.0003338227
0.0003173058
0.0002988854
0.0002792366
0.0002588191
0.0002378893
0.0002167772
0.000195714
0.000174903
0.000154602
0.0001253922
9.186837e-05
6.28995e-05
3.677303e-05
1.21107e-05
0.0005783477
0.000578011
0.0005765209
0.0005745822
0.0005724976
0.000570646
0.0005689654
0.0005675041
0.0005658165
0.0005641805
0.0005435421
0.0005020657
0.0004587571
0.0004139917
0.0003680887
0.0003380616
0.0003217404
0.0003035928
0.0002843175
0.0002644463
0.0002443882
0.0002243345
0.0002041441
0.0001835686
0.0001628095
0.0001319172
9.604158e-05
6.496823e-05
3.732972e-05
1.205111e-05
0.0005919633
0.0005916686
0.0005907445
0.0005888767
0.0005866828
0.0005847584
0.0005832158
0.0005814604
0.0005799211
0.0005782069
0.0005573845
0.0005143652
0.0004688799
0.0004214345
0.000372579
0.0003403988
0.0003229611
0.0003038901
0.0002839583
0.0002635764
0.0002430212
0.0002225164
0.0002021479
0.0001817773
0.0001612684
0.0001305078
9.53649e-05
6.496424e-05
3.758888e-05
1.217867e-05
0.0006233288
0.0006230164
0.0006221056
0.0006208383
0.0006187103
0.0006166867
0.000615047
0.0006133883
0.0006115491
0.0006098598
0.000587968
0.0005420796
0.0004921362
0.0004388379
0.0003830033
0.0003459093
0.0003261199
0.000305364
0.000284306
0.0002631964
0.0002420862
0.0002210205
0.0002000683
0.0001792305
0.0001584096
0.0001268966
9.292626e-05
6.383809e-05
3.727411e-05
1.216491e-05
0.000679446
0.0006788792
0.0006779788
0.0006767201
0.0006752439
0.0006732436
0.000671512
0.0006697884
0.0006679935
0.0006660128
0.0006428433
0.0005926956
0.0005363344
0.000472953
0.0004029204
0.0003544325
0.0003306082
0.0003074166
0.0002849853
0.0002630442
0.0002413843
0.0002198222
0.0001982408
0.0001765473
0.0001545957
0.0001207124
8.878017e-05
6.170355e-05
3.642265e-05
1.199046e-05
0.0007678478
0.00076776
0.0007665871
0.0007654251
0.0007640311
0.000762847
0.0007611956
0.0007594632
0.0007577435
0.0007559126
0.0007325027
0.0006817094
0.0006220132
0.0005486091
0.0004524502
0.0003647191
0.0003346782
0.0003090394
0.0002854279
0.0002628601
0.0002407839
0.0002188808
0.000196863
0.0001743934
0.0001508386
0.0001108727
8.308748e-05
5.87963e-05
3.515791e-05
1.168024e-05
0.0008878133
0.0008875412
0.0008870414
0.0008856929
0.0008846518
0.0008837964
0.0008833428
0.0008819796
0.0008806047
0.0008793111
0.0008608204
0.0008257285
0.0007927043
0.0007639561
0.0007445528
9.469097e-05
7.636121e-05
5.549443e-05
3.366264e-05
1.128354e-05
0.001005454
0.001006052
0.001005317
0.001004698
0.001003325
0.001002765
0.001002547
0.001002437
0.001001331
0.001000257
0.0009846821
0.0009582035
0.0009362643
0.0009205182
0.0009122061
8.355708e-05
7.032741e-05
5.230274e-05
3.214869e-05
1.086001e-05
0.00110145
0.001101835
0.00110208
0.001101116
0.001100465
0.001099379
0.001099381
0.001099387
0.001099521
0.001098584
0.001084007
0.001060837
0.001042851
0.001030448
0.001024532
7.604938e-05
6.562696e-05
4.963597e-05
3.080743e-05
1.046766e-05
0.001165694
0.001167626
0.001167556
0.001167644
0.001166539
0.00116616
0.001165493
0.001165681
0.001165833
0.001166135
0.001151897
0.001129654
0.001113022
0.001101861
0.001096278
7.135166e-05
6.24307e-05
4.772848e-05
2.979847e-05
1.015437e-05
0.001194424
0.001198649
0.001200092
0.001199784
0.001199741
0.001198838
0.001198865
0.00119828
0.001198609
0.001198845
0.001185897
0.001163931
0.001147533
0.001136851
0.001131648
6.902209e-05
6.075057e-05
4.667534e-05
2.921097e-05
9.958467e-06
0.001193377
0.001197016
0.001198131
0.001197632
0.001197763
0.001197224
0.001197303
0.001196772
0.001197153
0.001184118
0.001163334
0.001146941
0.001136163
0.001131149
6.886098e-05
6.056642e-05
4.649741e-05
2.907047e-05
9.897645e-06
0.001157944
0.001161048
0.001161878
0.00116147
0.001161896
0.001161384
0.001161467
0.001160959
0.001147933
0.001126799
0.001111202
0.001100144
0.001094853
7.084853e-05
6.185984e-05
4.717475e-05
2.936166e-05
9.96981e-06
0.001089326
0.001091845
0.001092644
0.001092464
0.001092761
0.00109224
0.00109226
0.001078109
0.001055999
0.001039131
0.001028043
0.001022117
7.514226e-05
6.460535e-05
4.8647e-05
3.004049e-05
1.015945e-05
0.000990624
0.0009927436
0.0009935362
0.0009932134
0.0009932667
0.000992631
0.0009779424
0.000952021
0.0009313353
0.0009164936
0.0009090647
8.211254e-05
6.873383e-05
5.079436e-05
3.103342e-05
1.044193e-05
0.0008703183
0.000872043
0.0008723387
0.0008716957
0.0008712954
0.0008533881
0.0008195007
0.0007869764
0.0007591041
0.0007404784
9.246108e-05
7.402553e-05
5.341367e-05
3.223329e-05
1.078483e-05
0.0007483783
0.0007491748
0.0007487738
0.0007475768
0.0007252937
0.0006752784
0.0006166589
0.000544112
0.0004493837
0.0003627683
0.0003332314
0.0003077048
0.0002840382
0.0002612664
0.0002388823
0.0002165863
0.0001941655
0.0001712699
0.0001472787
0.0001074385
7.988451e-05
5.619076e-05
3.350482e-05
1.114954e-05
0.0006581851
0.00065842
0.0006577027
0.0006352684
0.0005862176
0.0005307338
0.0004686679
0.0003996931
0.0003519819
0.0003285514
0.000305557
0.0002829686
0.0002607118
0.0002386424
0.000216615
0.000194511
0.0001722474
0.0001497384
0.0001160143
8.479323e-05
5.873269e-05
3.470004e-05
1.149615e-05
0.0006007421
0.0006006639
0.0005800252
0.000535165
0.000486522
0.0004343214
0.0003794814
0.0003428537
0.0003233202
0.0003026286
0.0002814459
0.0002599409
0.0002383235
0.0002166749
0.0001950239
0.0001734343
0.0001521026
0.0001211105
8.840559e-05
6.077807e-05
3.569651e-05
1.178854e-05
0.0005675443
0.000548477
0.0005071969
0.0004629729
0.0004165739
0.0003684399
0.0003366948
0.0003192374
0.0003000757
0.0002799172
0.0002591654
0.0002380044
0.0002167013
0.0001954343
0.0001743656
0.0001537391
0.0001240213
9.072074e-05
6.218226e-05
3.64049e-05
1.199923e-05
0.0005333864
0.0004941361
0.0004523175
0.0004084453
0.0003632369
0.0003333904
0.0003169638
0.0002985008
0.0002788646
0.0002585067
0.0002377155
0.0002166582
0.000195612
0.0001748176
0.0001545338
0.0001253298
9.182609e-05
6.287711e-05
3.676694e-05
1.210906e-05
0.0005775295
0.0005772175
0.000576243
0.0005743844
0.0005722238
0.0005703148
0.0005687807
0.0005670765
0.0005655896
0.000563879
0.0005435813
0.0005021105
0.0004586846
0.0004137448
0.0003677273
0.0003374933
0.000321005
0.0003026838
0.0002832675
0.0002632242
0.0002429038
0.0002225942
0.000202437
0.0001823376
0.0001621739
0.0001319516
9.657286e-05
6.571478e-05
3.796959e-05
1.229188e-05
0.0005911854
0.0005908283
0.0005898905
0.0005885891
0.0005864922
0.0005844728
0.0005828654
0.0005812922
0.0005795087
0.0005779388
0.0005570874
0.0005143922
0.000468917
0.000421361
0.000372349
0.0003400529
0.000322417
0.0003031936
0.0002831075
0.0002626003
0.0002418933
0.0002211627
0.0002005872
0.0001802716
0.0001601948
0.0001300087
9.539675e-05
6.532579e-05
3.802021e-05
1.23867e-05
0.0006227759
0.0006221834
0.0006212165
0.0006199167
0.0006184037
0.0006164439
0.0006147355
0.0006130554
0.0006113561
0.000609477
0.0005876738
0.0005417933
0.0004921523
0.0004388684
0.0003829291
0.0003456906
0.0003257839
0.0003048488
0.0002836529
0.0002624072
0.0002411873
0.0002199906
0.0001988498
0.0001778534
0.0001571099
0.0001260627
9.257969e-05
6.386332e-05
3.748246e-05
1.230437e-05
0.0006784923
0.0006782872
0.0006770513
0.0006757459
0.0006742252
0.0006729062
0.0006712186
0.0006694332
0.0006676551
0.0006658056
0.000642469
0.0005923865
0.0005360534
0.0004729593
0.0004029422
0.0003543583
0.0003303974
0.0003070964
0.0002845041
0.0002624389
0.0002406599
0.0002190039
0.0001973136
0.0001754711
0.000153414
0.0001197388
8.820594e-05
6.14783e-05
3.643869e-05
1.205766e-05
0.0007671192
0.0007666915
0.0007659319
0.0007643518
0.0007629238
0.0007616848
0.0007608124
0.0007591084
0.0007573225
0.0007555484
0.0007322866
0.0006813282
0.0006216807
0.0005483225
0.0004524483
0.0003647303
0.0003346052
0.0003088417
0.000285128
0.0002624162
0.000240229
0.0002182235
0.0001961284
0.0001735749
0.0001499185
0.000110035
8.243056e-05
5.842098e-05
3.503156e-05
1.168571e-05
0.000886405
0.0008867089
0.0008858136
0.0008849506
0.000883383
0.0008825107
0.0008819905
0.0008815361
0.0008801755
0.0008788032
0.0008604206
0.0008254983
0.0007922682
0.0007635367
0.0007441404
9.411275e-05
7.579093e-05
5.506188e-05
3.34497e-05
1.124338e-05
0.00100414
0.001004382
0.001004384
0.001003313
0.001002496
0.0010013
0.00100109
0.001000905
0.001000828
0.0009997565
0.0009840991
0.0009577688
0.0009360143
0.0009200148
0.0009116975
8.315815e-05
6.989785e-05
5.191489e-05
3.190033e-05
1.079168e-05
0.001098661
0.001100392
0.001100191
0.001100105
0.001098953
0.001098478
0.001097751
0.001097799
0.001097851
0.001098032
0.001083454
0.001060201
0.001042385
0.00103018
0.001023973
7.576053e-05
6.531245e-05
4.933278e-05
3.057997e-05
1.03872e-05
0.001160619
0.001164641
0.001165989
0.001165592
0.001165488
0.001164561
0.001164542
0.001163928
0.001164167
0.00116437
0.001151313
0.001129073
0.001112349
0.001101373
0.001095998
7.113553e-05
6.219305e-05
4.749921e-05
2.961647e-05
1.007957e-05
0.001193377
0.001197016
0.001198131
0.001197632
0.001197763
0.001197224
0.001197303
0.001196772
0.001197153
0.001184118
0.001163334
0.001146941
0.001136163
0.001131149
6.886098e-05
6.056642e-05
4.649741e-05
2.907047e-05
9.897645e-06
0.001191752
0.001195058
0.001195982
0.001195659
0.001196149
0.001195664
0.001195796
0.001195319
0.001182443
0.001161594
0.001146347
0.001135577
0.001130465
6.874352e-05
6.0425e-05
4.635641e-05
2.895957e-05
9.850015e-06
0.001155996
0.001158904
0.001159907
0.00115986
0.001160335
0.001159876
0.001160009
0.001146211
0.001125188
0.001109539
0.00109957
0.00109429
7.076881e-05
6.175432e-05
4.706457e-05
2.927261e-05
9.931772e-06
0.001087187
0.001089874
0.001091025
0.001090892
0.001091235
0.001090761
0.001077216
0.001054441
0.001037636
0.001026506
0.001021581
7.509151e-05
6.453268e-05
4.856401e-05
2.997032e-05
1.012864e-05
0.0009886279
0.0009910848
0.0009919084
0.0009916196
0.0009917052
0.0009766005
0.000951216
0.0009299837
0.0009151731
0.0009077116
8.208669e-05
6.868743e-05
5.073719e-05
3.098047e-05
1.041754e-05
0.0008685429
0.0008702595
0.000870554
0.0008699126
0.0008525775
0.0008183791
0.00078629
0.0007580248
0.0007394168
9.245022e-05
7.40022e-05
5.337757e-05
3.219699e-05
1.076643e-05
0.0007463289
0.000747062
0.0007466037
0.0007242095
0.0006746154
0.0006158208
0.0005436032
0.0004487771
0.0003622728
0.0003328093
0.0003074911
0.0002838877
0.0002611303
0.0002387654
0.0002164932
0.0001940668
0.0001711893
0.000147224
0.0001074226
7.98748e-05
5.617287e-05
3.348214e-05
1.113698e-05
0.0006560904
0.0006562618
0.0006344368
0.0005853951
0.0005301892
0.0004680385
0.0003992895
0.0003515217
0.0003281071
0.0003051774
0.0002827681
0.0002605719
0.0002385181
0.000216509
0.0001944266
0.0001721604
0.0001496683
0.0001159719
8.477999e-05
5.872515e-05
3.468889e-05
1.148837e-05
0.0005987072
0.0005787981
0.0005344512
0.0004858716
0.0004338546
0.0003789813
0.0003424914
0.0003229013
0.0003022226
0.0002811017
0.0002597536
0.0002381941
0.000216562
0.0001949286
0.0001733584
0.0001520262
0.0001210543
8.837381e-05
6.076822e-05
3.569175e-05
1.178474e-05
0.0005468163
0.0005061503
0.0004623513
0.0004160279
0.0003680282
0.0003362594
0.000318894
0.0002996892
0.0002795441
0.0002588523
0.0002378306
0.0002165823
0.0001953324
0.0001742804
0.0001536713
0.0001239596
9.067901e-05
6.216015e-05
3.639885e-05
1.19976e-05
0.0004927262
0.0004513959
0.0004078846
0.0003627567
0.0003330098
0.0003165576
0.0002981754
0.0002785068
0.0002581641
0.0002374314
0.0002164981
0.0001955034
0.0001747263
0.0001544583
0.0001252739
9.178077e-05
6.284838e-05
3.675396e-05
1.210702e-05
0.000576777
0.0005764003
0.0005754515
0.0005741071
0.0005720264
0.0005700417
0.0005684508
0.0005668923
0.0005651645
0.0005636522
0.0005432946
0.0005021368
0.0004587181
0.0004136721
0.0003675019
0.0003371508
0.0003204647
0.0003019903
0.0002824188
0.0002622495
0.0002417764
0.0002212402
0.0002008742
0.0001808271
0.0001610941
0.0001314467
9.660478e-05
6.608037e-05
3.840535e-05
1.250196e-05
0.0005906541
0.000590051
0.000589052
0.0005877384
0.0005862051
0.0005842813
0.0005825805
0.0005809439
0.0005793404
0.0005775288
0.0005568285
0.0005141255
0.0004689313
0.0004213855
0.0003722757
0.0003398393
0.0003220852
0.0003026826
0.0002824573
0.0002618129
0.0002409952
0.0002201321
0.0001993656
0.0001788866
0.0001588798
0.0001291534
9.504009e-05
6.535113e-05
3.823259e-05
1.252875e-05
0.0006218895
0.0006216307
0.0006203849
0.0006190303
0.0006174864
0.0006161377
0.0006144931
0.0006127448
0.0006110245
0.0006092845
0.000587307
0.0005415231
0.000491901
0.0004388717
0.0003829443
0.0003456171
0.0003255772
0.0003045315
0.0002831743
0.0002618034
0.0002404636
0.0002191717
0.0001979198
0.0001767693
0.0001559086
0.0001250436
9.197938e-05
6.362931e-05
3.74986e-05
1.237327e-05
0.0006778378
0.0006773346
0.0006764598
0.0006748207
0.0006732544
0.0006718922
0.0006708816
0.0006691404
0.000667301
0.0006654683
0.0006422676
0.0005920439
0.0005357762
0.0004727221
0.0004029347
0.0003543663
0.0003303248
0.0003069003
0.0002842052
0.0002619958
0.0002401053
0.0002183463
0.0001965773
0.0001746475
0.0001524783
0.0001188318
8.750566e-05
6.108464e-05
3.630717e-05
1.206317e-05
0.000765976
0.0007659632
0.0007648654
0.0007636973
0.0007618536
0.0007605812
0.0007596543
0.0007587258
0.0007569686
0.0007551287
0.0007319341
0.0006811227
0.0006213348
0.0005480329
0.0004522265
0.0003647146
0.0003346086
0.0003087711
0.0002849454
0.0002621383
0.0002398231
0.0002177199
0.0001955389
0.0001729255
0.0001492123
0.0001093633
8.181294e-05
5.79638e-05
3.48093e-05
1.164394e-05
0.0008852516
0.0008853017
0.000884982
0.0008837255
0.0008826416
0.0008812452
0.0008807077
0.0008801874
0.0008797325
0.0008783748
0.0008599244
0.000825115
0.0007920437
0.0007631176
0.0007437327
9.366476e-05
7.532801e-05
5.465259e-05
3.319046e-05
1.117245e-05
0.001001668
0.001003069
0.001002716
0.00100238
0.001001114
0.001000472
0.0009996283
0.0009994505
0.0009992982
0.0009992537
0.0009836059
0.0009572038
0.0009355895
0.0009197667
0.0009111992
8.284292e-05
6.956343e-05
5.159778e-05
3.166441e-05
1.070852e-05
0.001093968
0.001097604
0.001098748
0.00109822
0.001097943
0.001096969
0.00109685
0.001096171
0.001096265
0.001096364
0.001082905
0.001059661
0.001041762
0.001029719
0.001023706
7.553119e-05
6.50641e-05
4.909601e-05
3.039319e-05
1.031059e-05
0.001159571
0.001163007
0.001164026
0.001163442
0.001163511
0.001162946
0.001162978
0.001162417
0.001162707
0.001149576
0.001128493
0.001111778
0.001100709
0.001095512
7.096954e-05
6.200458e-05
4.731821e-05
2.947407e-05
1.0018e-05
0.001191752
0.001195058
0.001195982
0.001195659
0.001196149
0.001195664
0.001195796
0.001195319
0.001182443
0.001161594
0.001146347
0.001135577
0.001130465
6.874352e-05
6.0425e-05
4.635641e-05
2.895957e-05
9.850015e-06
0.001189805
0.001192914
0.001194011
0.001194049
0.00119459
0.001194159
0.001194344
0.001180641
0.001159944
0.001144637
0.001134985
0.001129882
6.866606e-05
6.03219e-05
4.624812e-05
2.887172e-05
9.812424e-06
0.001153865
0.001156939
0.001158298
0.001158303
0.001158827
0.001158421
0.001145267
0.001123507
0.001107952
0.001097929
0.001093718
7.072085e-05
6.168472e-05
4.698424e-05
2.920421e-05
9.901641e-06
0.001085229
0.00108826
0.001089454
0.001089368
0.001089756
0.001075742
0.001053559
0.001036108
0.001025031
0.001020056
7.506746e-05
6.448898e-05
4.850924e-05
2.991917e-05
1.010497e-05
0.0009869792
0.0009894611
0.0009903158
0.0009900612
0.0009756852
0.000949917
0.0009291901
0.0009138468
0.0009064047
8.207631e-05
6.866548e-05
5.07028e-05
3.094551e-05
1.039976e-05
0.0008667702
0.0008684789
0.0008687726
0.0008512267
0.0008175936
0.0007852196
0.000757357
0.000738367
9.24358e-05
7.399279e-05
5.336041e-05
3.217515e-05
1.075428e-05
0.0007442278
0.0007448968
0.0007232593
0.0006736081
0.0006152049
0.0005428729
0.000448337
0.0003617966
0.0003323586
0.0003071084
0.0002836867
0.0002609901
0.000238641
0.0002163873
0.0001939825
0.0001711028
0.0001471551
0.0001073835
7.986211e-05
5.616548e-05
3.347132e-05
1.112942e-05
0.0006539431
0.0006330462
0.000584616
0.0005294446
0.0004675454
0.0003987643
0.0003511528
0.0003276808
0.0003047675
0.0002824217
0.0002603844
0.0002383885
0.0002163962
0.0001943315
0.000172085
0.0001495932
0.0001159182
8.474959e-05
5.871555e-05
3.46842e-05
1.148465e-05
0.0005769367
0.0005333218
0.0004852121
0.0004332703
0.0003785618
0.0003420491
0.0003225551
0.0003018327
0.0002807268
0.0002594396
0.0002380202
0.000216443
0.0001948269
0.0001732737
0.0001519591
0.0001209941
8.83332e-05
6.074663e-05
3.568579e-05
1.178312e-05
0.0005046612
0.0004613991
0.000415454
0.0003675374
0.0003358763
0.0003184855
0.0002993629
0.0002791852
0.0002585092
0.0002375461
0.0002164222
0.0001952239
0.0001741894
0.0001535962
0.0001239043
9.063427e-05
6.213176e-05
3.6386e-05
1.199558e-05
0.0004501541
0.0004070557
0.0003622409
0.000332562
0.000316193
0.0002977964
0.0002782001
0.0002578338
0.0002371183
0.0002162416
0.0001953574
0.0001746283
0.0001543776
0.0001252127
9.173943e-05
6.281757e-05
3.673725e-05
1.210276e-05
0.0005762552
0.0005756485
0.000574636
0.0005733181
0.0005717495
0.0005698446
0.0005681784
0.0005665636
0.0005649808
0.0005632295
0.0005430689
0.0005018791
0.0004587318
0.0004136939
0.0003674291
0.0003369398
0.0003201351
0.0003014815
0.0002817703
0.0002614632
0.0002408786
0.0002202093
0.000199651
0.0001794378
0.0001597715
0.0001305814
9.624319e-05
6.610577e-05
3.861982e-05
1.264535e-05
0.0005897932
0.00058952
0.0005882761
0.0005869024
0.0005853584
0.0005839945
0.0005823884
0.0005806598
0.0005789941
0.0005773603
0.0005564424
0.0005138847
0.0004686962
0.0004213874
0.0003722874
0.0003397664
0.0003218817
0.0003023677
0.0002819809
0.0002612106
0.0002402721
0.0002193127
0.0001984332
0.0001777962
0.0001576649
0.0001281081
9.442292e-05
6.511108e-05
3.82488e-05
1.259886e-05
0.0006212732
0.0006207453
0.0006198327
0.0006182008
0.0006166033
0.0006152248
0.0006141871
0.0006125028
0.0006107148
0.0006089542
0.0005871199
0.0005411906
0.0004916565
0.0004386572
0.0003829348
0.0003456222
0.0003255049
0.0003043376
0.0002828769
0.0002613615
0.0002399095
0.0002185135
0.0001971812
0.0001759397
0.0001549577
0.0001240952
9.124719e-05
6.322095e-05
3.736281e-05
1.237882e-05
0.0006768993
0.0006766805
0.0006755092
0.00067423
0.0006723322
0.000670925
0.0006698716
0.0006688039
0.0006670089
0.0006651153
0.0006419429
0.0005918542
0.0005354695
0.0004724803
0.0004027451
0.0003543494
0.0003303268
0.0003068298
0.0002840233
0.0002617184
0.0002396998
0.0002178424
0.0001959865
0.0001739942
0.0001517602
0.0001181064
8.684849e-05
6.060506e-05
3.607622e-05
1.201987e-05
0.000764988
0.0007648211
0.0007641378
0.0007626337
0.0007612003
0.0007595145
0.0007585538
0.0007575716
0.0007565865
0.0007547756
0.0007315275
0.0006807951
0.0006211418
0.0005477303
0.000451993
0.0003645511
0.0003345888
0.000308769
0.0002848774
0.0002619699
0.0002395673
0.000217352
0.0001950871
0.0001724054
0.0001486527
0.0001088446
8.131327e-05
5.753198e-05
3.453869e-05
1.157028e-05
0.0008831487
0.0008841488
0.0008835768
0.0008828949
0.0008814199
0.0008805049
0.000879445
0.0008789075
0.0008783874
0.0008779321
0.0008595043
0.0008246403
0.000791676
0.0007628984
0.0007433251
9.331057e-05
7.496828e-05
5.431875e-05
3.294454e-05
1.108611e-05
0.0009975083
0.001000598
0.001001403
0.001000715
0.001000183
0.0009990937
0.0009988008
0.0009979914
0.0009978466
0.0009977274
0.0009831064
0.0009567234
0.000935039
0.0009193492
0.0009109522
8.259236e-05
6.929927e-05
5.135041e-05
3.147099e-05
1.062943e-05
0.001092915
0.001095963
0.001096778
0.001096062
0.001095961
0.001095344
0.001095272
0.00109464
0.00109478
0.001081266
0.001059116
0.001041231
0.001029105
0.001023248
7.535507e-05
6.486703e-05
4.890907e-05
3.024714e-05
1.024762e-05
0.001157944
0.001161048
0.001161878
0.00116147
0.001161896
0.001161384
0.001161467
0.001160959
0.001147933
0.001126799
0.001111202
0.001100144
0.001094853
7.084853e-05
6.185984e-05
4.717475e-05
2.936166e-05
9.96981e-06
0.001189805
0.001192914
0.001194011
0.001194049
0.00119459
0.001194159
0.001194344
0.001180641
0.001159944
0.001144637
0.001134985
0.001129882
6.866606e-05
6.03219e-05
4.624812e-05
2.887172e-05
9.812424e-06
0.001187676
0.001190948
0.001192404
0.001192493
0.001193086
0.00119271
0.001179671
0.001158191
0.001143007
0.001133295
0.001129292
6.861945e-05
6.025383e-05
4.616917e-05
2.880424e-05
9.782651e-06
0.001151915
0.001155335
0.001156743
0.001156799
0.001157372
0.001143703
0.001122572
0.001106302
0.001096358
0.001092088
7.069792e-05
6.164283e-05
4.693118e-05
2.915434e-05
9.878499e-06
0.001083625
0.001086693
0.001087931
0.001087893
0.001074747
0.001052123
0.001035234
0.001023524
0.00101859
7.505742e-05
6.446811e-05
4.847628e-05
2.988536e-05
1.008772e-05
0.0009853652
0.0009878726
0.0009887587
0.0009740729
0.0009490195
0.000927926
0.0009130618
0.000905092
8.2063e-05
6.865635e-05
5.068635e-05
3.092448e-05
1.038801e-05
0.0008650004
0.0008667016
0.0008501044
0.0008163015
0.0007844588
0.0007563304
0.0007377123
9.240262e-05
7.398075e-05
5.33532e-05
3.216467e-05
1.074698e-05
0.0007420745
0.0007216054
0.0006727114
0.0006142895
0.0005423167
0.0004477451
0.00036142
0.0003319256
0.0003066956
0.0002833388
0.0002608024
0.0002385113
0.0002162746
0.0001938877
0.0001710279
0.0001470812
0.0001073339
7.983358e-05
5.615618e-05
3.346671e-05
1.11258e-05
0.0006308441
0.0005833376
0.000528727
0.0004668905
0.000398329
0.0003506995
0.0003273309
0.0003043737
0.0002820448
0.0002600692
0.0002382146
0.0002162773
0.0001942302
0.0001720009
0.0001495271
0.0001158606
8.471071e-05
5.869474e-05
3.467836e-05
1.148306e-05
0.00053166
0.0004841912
0.000432669
0.0003780485
0.0003416613
0.0003221422
0.0003015048
0.0002803661
0.0002590955
0.0002377354
0.0002162831
0.0001947187
0.0001731832
0.0001518849
0.0001209401
8.828966e-05
6.071892e-05
3.567321e-05
1.178113e-05
0.0004600935
0.0004146023
0.0003670137
0.0003354226
0.0003181193
0.0002989825
0.000278878
0.0002581784
0.0002372329
0.0002161658
0.0001950782
0.0001740918
0.0001535159
0.0001238438
9.059344e-05
6.210131e-05
3.636947e-05
1.199136e-05
0.0004059897
0.0003615085
0.0003320764
0.0003157657
0.0002974504
0.0002778488
0.0002575472
0.0002368158
0.0002159579
0.0001951278
0.0001744968
0.0001542902
0.0001251471
9.169461e-05
6.278907e-05
3.671932e-05
1.209728e-05
0.0005753747
0.0005751269
0.0005738855
0.000572505
0.0005709634
0.0005695678
0.0005679814
0.0005662919
0.0005646535
0.0005630464
0.0005426724
0.0005016616
0.0004585041
0.0004136954
0.0003674391
0.0003368671
0.0003199333
0.000301168
0.0002812953
0.0002608617
0.0002401559
0.0002193895
0.0001987172
0.0001783441
0.0001585496
0.000129524
9.561777e-05
6.586266e-05
3.863606e-05
1.271609e-05
0.0005891752
0.0005886602
0.0005877456
0.0005861286
0.0005845256
0.000583152
0.0005821018
0.0005804671
0.0005787108
0.000577016
0.0005562734
0.0005135424
0.0004684748
0.0004211849
0.0003722771
0.0003397696
0.0003218098
0.0003021757
0.0002816849
0.0002607699
0.0002397185
0.0002186541
0.0001976927
0.0001769618
0.0001567033
0.0001271357
9.367009e-05
6.46926e-05
3.810998e-05
1.260443e-05
0.0006204724
0.0006201295
0.0006189493
0.0006176495
0.0006157766
0.0006143451
0.0006132781
0.0006121973
0.0006104732
0.0006086454
0.0005868034
0.0005410135
0.0004913611
0.00043844
0.0003827585
0.0003456045
0.0003255054
0.0003042674
0.0002826961
0.0002610848
0.0002395044
0.0002180093
0.0001965886
0.0001752816
0.0001542281
0.0001233377
9.056089e-05
6.272341e-05
3.712467e-05
1.233425e-05
0.0006760309
0.0006757428
0.0006748558
0.0006732822
0.0006717427
0.0006700061
0.0006689075
0.0006677978
0.0006666728
0.0006648239
0.0006416017
0.0005915564
0.0005352925
0.0004722139
0.0004025425
0.0003541926
0.0003303065
0.0003068271
0.0002839555
0.0002615503
0.0002394441
0.0002174743
0.0001955337
0.0001734709
0.0001511911
0.0001175471
8.631808e-05
6.015272e-05
3.579501e-05
1.194367e-05
0.0007632462
0.0007638336
0.0007629975
0.0007619072
0.0007601402
0.0007588624
0.0007574901
0.0007564745
0.0007554365
0.000754394
0.0007311839
0.0006804175
0.0006208432
0.0005475527
0.0004517462
0.000364369
0.0003344441
0.0003087465
0.0002848713
0.0002619052
0.0002394129
0.0002171186
0.0001947572
0.0001720065
0.0001482051
0.0001084341
8.092566e-05
5.718054e-05
3.428233e-05
1.148063e-05
0.0008795901
0.0008820469
0.000882425
0.0008814925
0.0008805905
0.0008792866
0.0008787055
0.0008776475
0.0008771104
0.0008765906
0.0008590659
0.0008242355
0.0007912215
0.0007625444
0.0007431096
9.302867e-05
7.468405e-05
5.405867e-05
3.27433e-05
1.10041e-05
0.0009964422
0.0009989351
0.0009994041
0.0009985217
0.0009981638
0.000997425
0.0009971646
0.00099639
0.0009962783
0.0009816121
0.00095623
0.0009345691
0.0009188092
0.0009105386
8.239998e-05
6.908952e-05
5.115508e-05
3.13199e-05
1.056451e-05
0.001091282
0.001093997
0.001094621
0.001094084
0.001094337
0.001093768
0.001093741
0.001093158
0.001079706
0.001057522
0.001040691
0.00102858
0.001022638
7.522668e-05
6.471568e-05
4.876084e-05
3.013186e-05
1.019834e-05
0.001155996
0.001158904
0.001159907
0.00115986
0.001160335
0.001159876
0.001160009
0.001146211
0.001125188
0.001109539
0.00109957
0.00109429
7.076881e-05
6.175432e-05
4.706457e-05
2.927261e-05
9.931772e-06
0.001187676
0.001190948
0.001192404
0.001192493
0.001193086
0.00119271
0.001179671
0.001158191
0.001143007
0.001133295
0.001129292
6.861945e-05
6.025383e-05
4.616917e-05
2.880424e-05
9.782651e-06
0.001185725
0.001189345
0.00119085
0.001190993
0.001191636
0.001178061
0.00115723
0.00114129
0.001131679
0.001127611
6.859706e-05
6.021286e-05
4.611698e-05
2.875505e-05
9.759784e-06
0.001150322
0.001153784
0.00115524
0.001155348
0.00114266
0.001121044
0.001105374
0.001094729
0.001090525
7.068811e-05
6.16227e-05
4.689923e-05
2.912136e-05
9.861628e-06
0.001082069
0.001085175
0.001086457
0.001072917
0.001051141
0.001033828
0.001022656
0.001017095
7.504488e-05
6.445921e-05
4.846041e-05
2.9865e-05
1.007631e-05
0.0009837862
0.0009863194
0.0009727837
0.0009474587
0.0009270434
0.000911823
0.0009043119
8.203382e-05
6.864491e-05
5.067929e-05
3.091433e-05
1.038093e-05
0.0008632337
0.0008480769
0.0008152139
0.0007832218
0.0007555918
0.0007367151
9.236023e-05
7.395448e-05
5.334422e-05
3.216015e-05
1.074345e-05
0.0007189091
0.0006711764
0.0006134593
0.0005415169
0.0004472682
0.000360953
0.0003315725
0.0003062987
0.0002829604
0.0002604865
0.0002383373
0.0002161557
0.0001937866
0.0001709443
0.0001470163
0.0001072808
7.979706e-05
5.613633e-05
3.346102e-05
1.112423e-05
0.0005813773
0.0005275783
0.000466244
0.0003977754
0.0003503045
0.0003269119
0.0003040438
0.000281682
0.0002597241
0.0002379293
0.0002161176
0.0001941223
0.0001719111
0.0001494541
0.0001158088
8.466902e-05
5.8668e-05
3.466616e-05
1.14811e-05
0.0004827458
0.0004317661
0.0003775088
0.0003411959
0.0003217729
0.0003011217
0.0002800579
0.0002587638
0.0002374218
0.0002160267
0.0001945734
0.0001730861
0.0001518055
0.000120881
8.824984e-05
6.068919e-05
3.565702e-05
1.177699e-05
0.0004134897
0.0003662671
0.0003349327
0.0003176881
0.0002986355
0.0002785259
0.0002578915
0.0002369302
0.0002158822
0.0001948489
0.0001739606
0.000153429
0.0001237789
9.054917e-05
6.207313e-05
3.635173e-05
1.198593e-05
0.0003606235
0.000331408
0.0003152998
0.0002970474
0.0002775234
0.0002572238
0.0002365504
0.0002156832
0.0001948731
0.0001742933
0.000154173
0.0001250753
9.164642e-05
6.275838e-05
3.670258e-05
1.209138e-05
0.0005747892
0.0005742476
0.0005733645
0.0005717565
0.0005701534
0.0005687845
0.0005677048
0.0005660951
0.0005643825
0.0005627205
0.0005424946
0.0005013123
0.0004582987
0.0004134983
0.0003674285
0.0003368694
0.0003198615
0.000300977
0.000281
0.0002604216
0.0002396026
0.0002187308
0.0001979756
0.0001775072
0.0001575826
0.0001285407
9.485487e-05
6.543905e-05
3.849568e-05
1.272167e-05
0.000588456
0.0005880426
0.0005868877
0.000585599
0.0005837544
0.0005823226
0.0005812629
0.0005801808
0.0005785176
0.0005767335
0.0005559492
0.0005133772
0.0004681753
0.000420984
0.0003721079
0.0003397514
0.0003218091
0.0003021056
0.0002815052
0.0002604938
0.0002393137
0.0002181496
0.0001970986
0.0001762999
0.0001559655
0.0001263597
9.296495e-05
6.418271e-05
3.786676e-05
1.255896e-05
0.0006196625
0.0006193293
0.0006183342
0.0006167688
0.0006152265
0.0006135214
0.0006124013
0.000611292
0.000610168
0.0006084043
0.0005865046
0.0005407257
0.0004911945
0.0004381837
0.00038257
0.0003454534
0.0003254847
0.0003042638
0.0002826284
0.0002609173
0.0002392489
0.0002176409
0.0001961344
0.0001747544
0.0001536498
0.000122754
9.000781e-05
6.225463e-05
3.68347e-05
1.225591e-05
0.0006745569
0.0006748749
0.0006739196
0.0006726298
0.0006707986
0.0006694179
0.0006679914
0.000666837
0.0006656709
0.0006644883
0.0006413182
0.0005912414
0.0005350245
0.0004720508
0.0004023203
0.0003540172
0.0003301647
0.0003068045
0.0002839491
0.0002614856
0.0002392898
0.0002172408
0.000195203
0.0001730696
0.000150736
0.0001171044
8.590714e-05
5.978527e-05
3.552892e-05
1.18509e-05
0.0007603301
0.000762093
0.0007620111
0.0007607694
0.0007594152
0.0007578062
0.0007568392
0.0007554138
0.0007543427
0.0007532482
0.0007308083
0.0006800945
0.0006205
0.0005472892
0.0004515887
0.0003641725
0.0003342791
0.0003086169
0.0002848473
0.0002618962
0.0002393518
0.0002169781
0.0001945468
0.0001717154
0.0001478618
0.0001081069
8.06193e-05
5.690708e-05
3.40729e-05
1.139557e-05
0.0008784925
0.0008803252
0.0008803421
0.0008791917
0.0008784586
0.0008774902
0.000876909
0.0008758531
0.0008753165
0.0008577614
0.0008238065
0.0007908312
0.0007621072
0.0007427649
9.281224e-05
7.445816e-05
5.385326e-05
3.258624e-05
1.093688e-05
0.0009947862
0.0009969391
0.0009972122
0.0009965068
0.0009964962
0.0009957916
0.0009955639
0.0009948243
0.0009801889
0.0009547879
0.0009340811
0.0009183469
0.0009100043
8.225972e-05
6.892844e-05
5.100012e-05
3.120062e-05
1.051375e-05
0.001089326
0.001091845
0.001092644
0.001092464
0.001092761
0.00109224
0.00109226
0.001078108
0.001055999
0.001039131
0.001028043
0.001022117
7.514226e-05
6.460535e-05
4.8647e-05
3.004049e-05
1.015945e-05
0.001153865
0.001156939
0.001158298
0.001158303
0.001158827
0.001158421
0.001145267
0.001123507
0.001107952
0.001097929
0.001093718
7.072085e-05
6.168472e-05
4.698424e-05
2.920421e-05
9.901641e-06
0.001185725
0.001189345
0.00119085
0.001190993
0.001191636
0.001178061
0.00115723
0.00114129
0.001131679
0.001127611
6.859706e-05
6.021286e-05
4.611698e-05
2.875505e-05
9.759784e-06
0.001184133
0.001187796
0.001189352
0.001189547
0.001176994
0.001155657
0.001140335
0.001129985
0.001126002
6.858736e-05
6.01931e-05
4.608556e-05
2.87225e-05
9.743112e-06
0.001148782
0.001152286
0.001153791
0.001140675
0.001120011
0.001103874
0.001093806
0.001088906
7.067605e-05
6.161396e-05
4.688378e-05
2.91015e-05
9.850462e-06
0.001080561
0.001083706
0.00107149
0.001049364
0.001032858
0.00102127
0.001016229
7.501839e-05
6.444824e-05
4.845349e-05
2.985514e-05
1.006944e-05
0.0009822424
0.0009703848
0.0009461926
0.0009255244
0.0009109516
0.0009030868
8.199641e-05
6.862067e-05
5.067063e-05
3.090989e-05
1.037751e-05
0.0008447189
0.0008132697
0.0007821686
0.0007544025
0.000735992
9.231475e-05
7.392077e-05
5.332544e-05
3.215462e-05
1.074191e-05
0.0006687412
0.0006120681
0.0005407719
0.0004466227
0.0003605494
0.000331148
0.0003059674
0.0002825962
0.0002601408
0.0002380518
0.0002159961
0.0001936789
0.0001708551
0.0001469445
0.0001072327
7.975787e-05
5.611082e-05
3.344927e-05
1.112232e-05
0.0005258838
0.0004652435
0.000397209
0.0003498221
0.0003265386
0.0003036576
0.0002813728
0.0002593914
0.0002376154
0.0002158612
0.0001939774
0.0001718146
0.0001493759
0.0001157522
8.463078e-05
5.863931e-05
3.465044e-05
1.147707e-05
0.0004305516
0.0003767313
0.0003406976
0.0003213345
0.000300773
0.0002797044
0.0002584765
0.0002371188
0.0002157433
0.0001943447
0.0001729557
0.0001517195
0.0001208176
8.820671e-05
6.066162e-05
3.563963e-05
1.177166e-05
0.0003653543
0.000334256
0.0003172194
0.0002982301
0.0002782
0.0002575677
0.0002366648
0.0002156075
0.0001945946
0.0001737577
0.0001533124
0.0001237078
9.050157e-05
6.204278e-05
3.633515e-05
1.198009e-05
0.0003306426
0.0003146684
0.0002966052
0.0002771467
0.0002569204
0.0002362548
0.0002154397
0.0001946258
0.0001740668
0.0001539945
0.0001249791
9.159304e-05
6.272531e-05
3.668463e-05
1.208586e-05
0.0005741088
0.0005736625
0.0005724875
0.0005712363
0.0005694075
0.0005679779
0.0005669239
0.0005658188
0.0005641859
0.0005624502
0.0005421832
0.0005011438
0.0004579951
0.0004133078
0.0003672626
0.0003368509
0.0003198602
0.000300907
0.0002808209
0.000260146
0.0002391981
0.0002182261
0.0001973807
0.0001768432
0.0001568408
0.0001277561
9.414052e-05
6.49229e-05
3.824984e-05
1.267573e-05
0.0005877216
0.0005873239
0.0005862712
0.0005847438
0.000583226
0.0005815542
0.0005804363
0.0005793454
0.0005782316
0.0005765399
0.0005556753
0.000513088
0.0004680168
0.000420727
0.0003719286
0.0003396041
0.0003217881
0.0003021014
0.0002814375
0.0002603269
0.0002390585
0.0002177811
0.0001966433
0.0001757697
0.0001553808
0.0001257619
9.239719e-05
6.370261e-05
3.757059e-05
1.247909e-05
0.0006183597
0.00061852
0.0006175351
0.0006161547
0.0006143494
0.0006129727
0.0006115803
0.0006104183
0.0006092666
0.0006080995
0.0005862681
0.0005404485
0.0004909371
0.0004380285
0.0003823545
0.0003452841
0.0003253459
0.0003042409
0.0002826216
0.0002608526
0.0002390948
0.0002174073
0.0001958028
0.0001743502
0.0001531873
0.000122292
8.957966e-05
6.187433e-05
3.656055e-05
1.216054e-05
0.0006721523
0.000673402
0.0006730526
0.0006716957
0.0006701476
0.0006684776
0.0006674044
0.0006659238
0.0006647133
0.0006634905
0.0006409882
0.0005909749
0.0005347397
0.0004718157
0.0004021725
0.0003538255
0.0003300025
0.0003066761
0.000283925
0.0002614765
0.0002392287
0.0002171002
0.0001949922
0.0001727767
0.0001503868
0.0001167512
8.558228e-05
5.949963e-05
3.531187e-05
1.176297e-05
0.000759181
0.0007602727
0.0007597845
0.0007582806
0.0007570826
0.0007557862
0.0007547641
0.0007532852
0.0007521579
0.0007297073
0.0006797343
0.0006202017
0.0005469886
0.0004513701
0.0003640333
0.0003341004
0.000308466
0.0002847307
0.0002618714
0.0002393408
0.0002169211
0.0001944204
0.0001715288
0.0001476113
0.0001078558
8.037564e-05
5.669108e-05
3.390962e-05
1.132595e-05
0.000876778
0.0008782455
0.0008780431
0.0008770635
0.0008766633
0.0008756966
0.0008751155
0.0008740619
0.0008565173
0.0008225688
0.0007904121
0.0007617295
0.0007423395
9.265445e-05
7.428471e-05
5.369022e-05
3.246224e-05
1.088438e-05
0.0009927995
0.0009947517
0.0009951991
0.0009948426
0.0009948638
0.0009941935
0.0009939989
0.0009787604
0.0009534073
0.0009326811
0.0009178631
0.0009095461
8.216777e-05
6.881101e-05
5.088111e-05
3.110605e-05
1.047368e-05
0.001087187
0.001089874
0.001091025
0.001090892
0.001091235
0.001090761
0.001077216
0.001054441
0.001037636
0.001026506
0.001021581
7.509151e-05
6.453268e-05
4.856401e-05
2.997032e-05
1.012864e-05
0.001151915
0.001155335
0.001156743
0.001156799
0.001157372
0.001143703
0.001122572
0.001106302
0.001096358
0.001092088
7.069792e-05
6.164283e-05
4.693118e-05
2.915434e-05
9.878499e-06
0.001184133
0.001187796
0.001189352
0.001189547
0.001176994
0.001155657
0.001140335
0.001129985
0.001126002
6.858736e-05
6.01931e-05
4.608556e-05
2.87225e-05
9.743112e-06
0.001182596
0.001186302
0.001187908
0.00117494
0.001154597
0.001138789
0.001129035
0.00112432
6.857554e-05
6.018445e-05
4.607032e-05
2.87029e-05
9.732075e-06
0.001147294
0.00115084
0.00113913
0.001118083
0.001102849
0.001092325
0.001087986
7.065124e-05
6.160332e-05
4.687696e-05
2.909184e-05
9.843735e-06
0.001079101
0.001068782
0.001047953
0.00103112
0.001020307
0.001014854
7.498435e-05
6.44256e-05
4.844509e-05
2.985077e-05
1.00661e-05
0.0009664033
0.0009438615
0.0009242781
0.0009094627
0.0009022216
8.195626e-05
6.858952e-05
5.065286e-05
3.090451e-05
1.0376e-05
0.0008101075
0.0007803047
0.0007533806
0.000734835
9.227309e-05
7.388459e-05
5.330126e-05
3.214336e-05
1.074005e-05
0.0006099289
0.0005395615
0.0004459922
0.0003600475
0.0003307711
0.0003055787
0.0002822864
0.0002598074
0.0002377377
0.0002157399
0.0001935344
0.0001707592
0.0001468676
0.0001071803
7.972176e-05
5.608343e-05
3.343413e-05
1.111843e-05
0.0004638424
0.0003963748
0.0003493119
0.0003260909
0.0003033067
0.0002810177
0.0002591037
0.000237312
0.000215578
0.0001937494
0.0001716852
0.0001492913
0.0001156915
8.458941e-05
5.861264e-05
3.463357e-05
1.147188e-05
0.0003757588
0.0003400043
0.0003208605
0.0003003633
0.0002793775
0.000258152
0.0002368532
0.0002154687
0.000194091
0.000172754
0.0001516042
0.0001207482
8.816033e-05
6.063196e-05
3.562337e-05
1.176593e-05
0.0003334752
0.0003165825
0.0002977862
0.0002778219
0.000257264
0.000236369
0.0002153641
0.0001943476
0.000173532
0.0001531349
0.0001236126
9.044882e-05
6.201008e-05
3.631738e-05
1.197462e-05
0.0003139651
0.0002960155
0.0002767311
0.0002565712
0.0002359742
0.0002151714
0.0001944047
0.0001738464
0.0001537953
0.0001248359
9.152179e-05
6.268837e-05
3.666527e-05
1.207995e-05
0.0005734061
0.0005729825
0.0005719031
0.0005703628
0.0005688885
0.0005672347
0.0005661201
0.0005650404
0.0005639098
0.0005622537
0.0005419208
0.0005008619
0.0004578358
0.0004130488
0.0003670888
0.0003367055
0.000319839
0.0003009024
0.0002807533
0.0002599793
0.000238943
0.0002178574
0.0001969247
0.0001763114
0.0001562528
0.0001271518
9.356558e-05
6.443705e-05
3.795046e-05
1.259507e-05
0.0005865181
0.00058659
0.0005855534
0.000584129
0.0005823745
0.0005810272
0.0005796703
0.0005785217
0.0005773997
0.0005762542
0.0005554786
0.0005128325
0.0004677608
0.000420577
0.000371714
0.0003394392
0.0003216517
0.0003020783
0.0002814303
0.0002602622
0.0002389046
0.0002175473
0.0001963108
0.0001753631
0.0001549131
0.0001252887
9.195789e-05
6.331346e-05
3.729075e-05
1.238186e-05
0.0006163335
0.0006172181
0.000616727
0.0006153572
0.0006137367
0.0006120993
0.0006110328
0.0006095999
0.000608396
0.000607202
0.0005859679
0.0005402224
0.0004906841
0.0004378027
0.0003822112
0.0003450956
0.0003251871
0.0003041143
0.0002825973
0.0002608433
0.0002390337
0.0002172667
0.0001955913
0.0001740551
0.0001528325
0.0001219233
8.924116e-05
6.157893e-05
3.633719e-05
1.207022e-05
0.0006710011
0.0006715818
0.0006708301
0.000669216
0.000667828
0.0006664674
0.0006653381
0.0006638031
0.0006625363
0.0006400346
0.000590659
0.000534493
0.0004715652
0.0004019733
0.0003536883
0.0003298256
0.0003065266
0.0002838089
0.0002614516
0.0002392176
0.0002170432
0.0001948655
0.000172589
0.0001501321
0.0001164802
8.532376e-05
5.927399e-05
3.514278e-05
1.169111e-05
0.0007573678
0.0007580495
0.0007572976
0.0007559514
0.000755064
0.0007537144
0.0007526366
0.0007511035
0.0007286537
0.0006787264
0.0006198618
0.0005467216
0.0004511259
0.0003638549
0.0003339684
0.0003083026
0.0002845925
0.0002617664
0.000239316
0.0002169088
0.0001943679
0.0001714168
0.00014745
0.0001076727
8.018855e-05
5.651953e-05
3.378069e-05
1.127162e-05
0.0008747084
0.0008759509
0.0008759169
0.0008752713
0.0008748709
0.000873906
0.0008733252
0.0008552914
0.0008213801
0.0007892359
0.0007613199
0.0007419705
9.25514e-05
7.415826e-05
5.3565e-05
3.236389e-05
1.084293e-05
0.000990624
0.0009927436
0.0009935361
0.0009932134
0.0009932667
0.000992631
0.0009779424
0.000952021
0.0009313353
0.0009164936
0.0009090647
8.211253e-05
6.873383e-05
5.079436e-05
3.103342e-05
1.044192e-05
0.001085229
0.00108826
0.001089454
0.001089368
0.001089756
0.001075742
0.001053559
0.001036108
0.001025031
0.001020056
7.506746e-05
6.448898e-05
4.850924e-05
2.991917e-05
1.010497e-05
0.001150322
0.001153784
0.00115524
0.001155348
0.00114266
0.001121044
0.001105374
0.001094729
0.001090525
7.068811e-05
6.16227e-05
4.689923e-05
2.912136e-05
9.861628e-06
0.001182596
0.001186302
0.001187908
0.00117494
0.001154597
0.001138789
0.001129035
0.00112432
6.857554e-05
6.018444e-05
4.607032e-05
2.87029e-05
9.732075e-06
0.001181112
0.001184862
0.001173321
0.001152598
0.001137737
0.001127507
0.001123372
6.855153e-05
6.017397e-05
4.606354e-05
2.869334e-05
9.725425e-06
0.001145859
0.001136221
0.001116559
0.001100963
0.001091305
0.001086514
7.061929e-05
6.158176e-05
4.686874e-05
2.908752e-05
9.840456e-06
0.001064276
0.001045313
0.001029724
0.001018597
0.001013894
7.494779e-05
6.439645e-05
4.842816e-05
2.984552e-05
1.00646e-05
0.0009400373
0.0009220029
0.0009082314
0.0009007488
8.191906e-05
6.855606e-05
5.062996e-05
3.089372e-05
1.037417e-05
0.0007773208
0.0007515876
0.0007338351
9.222797e-05
7.385103e-05
5.32753e-05
3.212884e-05
1.07363e-05
0.0005377778
0.0004450226
0.0003595236
0.0003303153
0.0003052261
0.0002819301
0.0002595194
0.0002374341
0.0002154567
0.0001933068
0.0001706305
0.0001467843
0.000107124
7.968278e-05
5.605788e-05
3.341787e-05
1.111341e-05
0.0003952957
0.0003485939
0.0003256102
0.0003028921
0.0002806896
0.0002587784
0.0002370464
0.0002153036
0.0001934964
0.0001714849
0.0001491778
0.0001156248
8.454489e-05
5.858398e-05
3.461775e-05
1.14663e-05
0.0003391926
0.0003202131
0.0002999164
0.0002789971
0.0002578478
0.0002365572
0.0002152255
0.0001938446
0.0001725295
0.0001514287
0.0001206552
8.810887e-05
6.059999e-05
3.560595e-05
1.176055e-05
0.000315869
0.0002971931
0.0002774053
0.0002569141
0.0002360883
0.000215096
0.0001941268
0.0001733122
0.0001529369
0.0001234711
9.037843e-05
6.197354e-05
3.629821e-05
1.196876e-05
0.0002953767
0.0002761856
0.0002561841
0.0002356532
0.0002149143
0.0001941634
0.0001736477
0.000153601
0.0001246757
9.141809e-05
6.263919e-05
3.664352e-05
1.207357e-05
0.0005722477
0.0005722802
0.0005712239
0.0005697795
0.0005680197
0.0005667171
0.0005653793
0.0005642394
0.000563134
0.0005619779
0.0005417261
0.0005006163
0.0004575843
0.0004128991
0.0003668739
0.0003365431
0.0003197039
0.0003008792
0.0002807459
0.0002599147
0.0002387893
0.0002176236
0.0001965918
0.0001759035
0.0001557825
0.0001266734
9.312082e-05
6.404341e-05
3.766768e-05
1.249687e-05
0.0005847131
0.0005853875
0.0005848203
0.0005834125
0.000581762
0.0005801794
0.0005791445
0.0005777583
0.000576579
0.0005754259
0.0005551965
0.0005126361
0.0004675255
0.0004203536
0.0003715735
0.0003392523
0.0003214955
0.000301953
0.0002814059
0.0002602526
0.0002388435
0.0002174066
0.0001960988
0.0001750664
0.0001545543
0.0001249111
9.161054e-05
6.301132e-05
3.706292e-05
1.228983e-05
0.0006151952
0.0006154272
0.0006145511
0.0006129412
0.0006114881
0.0006101626
0.0006090536
0.0006075804
0.0006063345
0.0005851115
0.0005399334
0.0004904702
0.0004375762
0.000382018
0.0003449603
0.000325012
0.0003039665
0.0002824822
0.0002608183
0.0002390225
0.0002172095
0.0001954642
0.0001738661
0.0001525736
0.0001216403
8.897167e-05
6.134554e-05
3.61633e-05
1.199648e-05
0.0006691875
0.0006693626
0.0006683523
0.0006668992
0.0006658192
0.0006644044
0.0006632187
0.0006616292
0.0006391166
0.0005897967
0.0005341948
0.0004713415
0.0004017612
0.0003535138
0.0003296945
0.0003063639
0.0002836714
0.000261347
0.0002391927
0.0002170308
0.0001948129
0.0001724763
0.000149968
0.0001162825
8.512526e-05
5.90947e-05
3.500926e-05
1.163507e-05
0.0007551547
0.0007555672
0.0007549705
0.0007539358
0.0007529936
0.0007515904
0.0007504563
0.0007276339
0.0006777515
0.0006189593
0.0005464089
0.0004509012
0.0003636628
0.0003338045
0.0003081778
0.0002844432
0.0002616403
0.0002392218
0.0002168845
0.0001943549
0.0001713694
0.0001473532
0.0001075536
8.005216e-05
5.638779e-05
3.367838e-05
1.122873e-05
0.0008724265
0.0008738295
0.0008741264
0.000873482
0.0008730815
0.0008721186
0.0008545646
0.0008202073
0.0007880992
0.0007601959
0.0007415676
9.248954e-05
7.407534e-05
5.347372e-05
3.228836e-05
1.081007e-05
0.000988628
0.0009910848
0.0009919083
0.0009916196
0.0009917052
0.0009766005
0.000951216
0.0009299837
0.0009151731
0.0009077115
8.208669e-05
6.868743e-05
5.073719e-05
3.098047e-05
1.041754e-05
0.001083625
0.001086693
0.001087931
0.001087893
0.001074747
0.001052123
0.001035234
0.001023524
0.00101859
7.505742e-05
6.446811e-05
4.847628e-05
2.988536e-05
1.008772e-05
0.001148782
0.001152286
0.001153791
0.001140675
0.001120011
0.001103874
0.001093806
0.001088906
7.067605e-05
6.161396e-05
4.688378e-05
2.91015e-05
9.850462e-06
0.001181113
0.001184862
0.001173321
0.001152598
0.001137737
0.001127507
0.001123372
6.855153e-05
6.017397e-05
4.606354e-05
2.869334e-05
9.725425e-06
0.001179683
0.001170314
0.001151008
0.001135778
0.001126459
0.001121854
6.852058e-05
6.015295e-05
4.605543e-05
2.868905e-05
9.722177e-06
0.001131343
0.001113715
0.001099455
0.001089446
0.001085497
7.058496e-05
6.155397e-05
4.68524e-05
2.908236e-05
9.838977e-06
0.001040959
0.001027135
0.00101721
0.001012198
7.491361e-05
6.436514e-05
4.840632e-05
2.983512e-05
1.006282e-05
0.0009183064
0.0009059973
0.0008995259
8.187898e-05
6.852481e-05
5.060535e-05
3.08798e-05
1.037056e-05
0.0007487542
0.0007320908
9.217943e-05
7.38149e-05
5.325098e-05
3.211324e-05
1.073146e-05
0.0004436972
0.000358777
0.0003298289
0.0003048079
0.0002816012
0.0002591936
0.0002371684
0.0002151824
0.0001930544
0.0001704315
0.0001466727
0.000107062
7.964081e-05
5.603045e-05
3.340259e-05
1.110801e-05
0.0003477373
0.0003249493
0.0003024416
0.0002803067
0.0002584737
0.0002367502
0.0002150607
0.0001932508
0.0001712622
0.0001490052
0.0001155357
8.449541e-05
5.855307e-05
3.460081e-05
1.146106e-05
0.0003194806
0.0002993171
0.0002785788
0.0002574967
0.0002362765
0.0002149576
0.0001936244
0.000172311
0.0001512329
0.0001205172
8.804022e-05
6.056423e-05
3.558714e-05
1.17548e-05
0.0002965481
0.0002768578
0.0002565265
0.000235767
0.000214839
0.0001938858
0.0001731142
0.0001527437
0.0001233126
9.027607e-05
6.19249e-05
3.627666e-05
1.196243e-05
0.0002756104
0.0002556837
0.0002352958
0.0002146217
0.0001939301
0.0001734328
0.0001534246
0.0001245186
9.130161e-05
6.256879e-05
3.661461e-05
1.206638e-05
0.0005705446
0.0005711228
0.0005705224
0.0005691014
0.0005674377
0.0005658533
0.0005648629
0.0005635011
0.0005623359
0.0005612048
0.000541453
0.0005004254
0.0004573571
0.0004126785
0.000366734
0.0003363568
0.0003195493
0.0003007547
0.0002807214
0.000259905
0.0002387281
0.0002174829
0.0001963795
0.0001756059
0.0001554217
0.0001262916
9.276915e-05
6.373786e-05
3.743755e-05
1.240396e-05
0.0005835854
0.0005836197
0.0005826805
0.0005810472
0.0005795696
0.0005783
0.0005772337
0.0005758181
0.0005746081
0.0005544056
0.0005123629
0.0004673336
0.0004201401
0.0003713826
0.0003391184
0.0003213216
0.0003018068
0.0002812916
0.0002602276
0.0002388321
0.0002173494
0.0001959714
0.0001748762
0.0001542926
0.0001246212
9.133395e-05
6.27726e-05
3.688563e-05
1.221474e-05
0.0006134099
0.0006132543
0.0006121377
0.0006106948
0.0006095527
0.0006081867
0.0006070354
0.0006055217
0.0005842778
0.0005391596
0.0004901948
0.0004373763
0.0003818197
0.0003447887
0.000324882
0.0003038048
0.0002823456
0.0002607141
0.0002389975
0.0002171971
0.0001954114
0.0001737526
0.000152407
0.000121434
8.876476e-05
6.116004e-05
3.602598e-05
1.1939e-05
0.0006669774
0.0006668891
0.0006660374
0.0006648928
0.0006637575
0.0006622884
0.0006610461
0.0006382427
0.0005889558
0.000533432
0.0004710646
0.0004015636
0.0003533285
0.0003295321
0.0003062395
0.0002835224
0.0002612211
0.0002390987
0.0002170064
0.0001947998
0.0001724285
0.0001498696
0.0001161543
8.498055e-05
5.895702e-05
3.490327e-05
1.159082e-05
0.0007526852
0.0007532451
0.0007529566
0.0007518684
0.000750871
0.0007494135
0.0007270007
0.0006768065
0.0006180761
0.0005456324
0.0004506261
0.0003634779
0.0003336295
0.0003080265
0.0002843257
0.0002615041
0.0002391072
0.0002168005
0.0001943316
0.0001713562
0.0001473113
0.0001074822
7.996292e-05
5.629175e-05
3.359981e-05
1.119471e-05
0.0008703183
0.000872043
0.0008723387
0.0008716957
0.0008712953
0.000853388
0.0008195006
0.0007869763
0.0007591041
0.0007404784
9.246108e-05
7.402553e-05
5.341367e-05
3.223329e-05
1.078483e-05
0.0009869792
0.0009894611
0.0009903158
0.0009900612
0.0009756852
0.000949917
0.00092919
0.0009138467
0.0009064047
8.207631e-05
6.866548e-05
5.07028e-05
3.094551e-05
1.039976e-05
0.001082069
0.001085175
0.001086457
0.001072917
0.001051141
0.001033828
0.001022656
0.001017095
7.504487e-05
6.445921e-05
4.846041e-05
2.9865e-05
1.007631e-05
0.001147294
0.00115084
0.00113913
0.001118083
0.001102849
0.001092325
0.001087986
7.065124e-05
6.160332e-05
4.687696e-05
2.909184e-05
9.843735e-06
0.001179683
0.001170314
0.001151008
0.001135778
0.001126459
0.001121854
6.852058e-05
6.015295e-05
4.605543e-05
2.868905e-05
9.722177e-06
0.001165243
0.001148063
0.001134208
0.001124528
0.001120808
6.848732e-05
6.012585e-05
4.603939e-05
2.868394e-05
9.720707e-06
0.001108993
0.001096659
0.00108795
0.001083652
7.055267e-05
6.15241e-05
4.683131e-05
2.907225e-05
9.837223e-06
0.001022897
0.001014656
0.001010817
7.487695e-05
6.433571e-05
4.838284e-05
2.982171e-05
1.005932e-05
0.0009023929
0.000897314
8.183579e-05
6.849128e-05
5.058219e-05
3.086483e-05
1.036589e-05
0.0007293573
9.212549e-05
7.377596e-05
5.322492e-05
3.209853e-05
1.072625e-05
0.0003578686
0.000329156
0.0003043546
0.0002812165
0.0002588885
0.000236872
0.0002149397
0.0001928093
0.0001702101
0.000146503
0.0001069791
7.959401e-05
5.600087e-05
3.338624e-05
1.110292e-05
0.0003241922
0.0003018351
0.0002798865
0.0002581213
0.0002364693
0.0002147929
0.0001930313
0.0001710453
0.0001488126
0.0001154037
8.442947e-05
5.851844e-05
3.458253e-05
1.145545e-05
0.0002986611
0.0002780279
0.0002571083
0.0002359547
0.0002147009
0.000193384
0.0001721141
0.0001510418
0.0001203626
8.794062e-05
6.051665e-05
3.556599e-05
1.174858e-05
0.0002762791
0.0002560251
0.0002354095
0.0002145464
0.000193653
0.0001728999
0.0001525682
0.0001231573
9.01611e-05
6.185534e-05
3.624803e-05
1.195531e-05
0.0002551697
0.0002348406
0.0002142949
0.0001936658
0.0001732234
0.000153235
0.0001243745
9.1187e-05
6.248956e-05
3.657368e-05
1.205684e-05
0.0005694224
0.0005693668
0.0005684009
0.0005667611
0.0005652729
0.0005640033
0.0005629858
0.0005616
0.0005604096
0.0005407089
0.00050016
0.0004571712
0.0004124709
0.0003665446
0.0003362234
0.0003193759
0.0003006094
0.0002806075
0.00025988
0.0002387167
0.0002174256
0.0001962519
0.0001754152
0.0001551585
0.0001259986
9.248909e-05
6.349644e-05
3.72585e-05
1.232817e-05
0.0005818226
0.0005814828
0.0005803167
0.0005788565
0.0005776924
0.0005763924
0.0005752947
0.0005738499
0.0005536198
0.0005116455
0.0004670712
0.0004199553
0.0003711919
0.0003389485
0.0003211924
0.0003016458
0.0002811558
0.0002601238
0.0002388071
0.0002173368
0.0001959185
0.0001747621
0.0001541241
0.0001244099
9.11216e-05
6.258283e-05
3.674561e-05
1.215625e-05
0.0006112444
0.0006108449
0.0006098942
0.0006087612
0.0006075782
0.0006061718
0.000604978
0.0005834951
0.000538396
0.000489508
0.0004371168
0.0003816354
0.0003446093
0.0003247212
0.0003036809
0.000282197
0.0002605887
0.0002389037
0.0002171727
0.0001953983
0.0001737045
0.0001523071
0.0001213003
8.861392e-05
6.10176e-05
3.591694e-05
1.189362e-05
0.0006645156
0.000664579
0.0006640327
0.0006628336
0.000661643
0.0006601194
0.0006376742
0.0005881535
0.0005326772
0.0004704108
0.0004013115
0.0003531495
0.0003293599
0.0003060889
0.0002834052
0.0002610852
0.0002389842
0.0002169225
0.0001947765
0.0001724153
0.0001498271
0.0001160774
8.488603e-05
5.885665e-05
3.482187e-05
1.155572e-05
0.0007503764
0.0007512356
0.0007508912
0.0007497489
0.0007486956
0.0007259949
0.000676206
0.000617219
0.0005448607
0.0004500107
0.0003632385
0.0003334575
0.0003078657
0.0002841863
0.0002613944
0.0002389838
0.0002166973
0.0001942575
0.0001713345
0.0001472985
0.00010745
7.990935e-05
5.622866e-05
3.354254e-05
1.116858e-05
0.0008685429
0.0008702594
0.000870554
0.0008699126
0.0008525775
0.000818379
0.00078629
0.0007580247
0.0007394168
9.245022e-05
7.40022e-05
5.337757e-05
3.219698e-05
1.076643e-05
0.0009853652
0.0009878726
0.0009887587
0.0009740729
0.0009490194
0.0009279259
0.0009130617
0.000905092
8.2063e-05
6.865635e-05
5.068635e-05
3.092448e-05
1.038801e-05
0.001080561
0.001083706
0.00107149
0.001049364
0.001032858
0.00102127
0.001016229
7.501839e-05
6.444824e-05
4.845349e-05
2.985514e-05
1.006944e-05
0.001145859
0.001136221
0.001116559
0.001100963
0.001091305
0.001086514
7.061929e-05
6.158176e-05
4.686874e-05
2.908752e-05
9.840456e-06
0.001165243
0.001148063
0.001134208
0.001124528
0.001120808
6.848732e-05
6.012585e-05
4.603939e-05
2.868394e-05
9.720706e-06
0.001143153
0.001131311
0.001122972
0.001118891
6.845595e-05
6.00967e-05
4.601869e-05
2.867398e-05
9.718967e-06
0.001092056
0.001085186
0.001082162
7.051813e-05
6.149591e-05
4.680864e-05
2.905919e-05
9.833808e-06
0.001010498
0.00100828
7.483738e-05
6.430421e-05
4.836066e-05
2.980727e-05
1.00548e-05
0.0008937589
8.178747e-05
6.845509e-05
5.055743e-05
3.085067e-05
1.036088e-05
9.205363e-05
7.373237e-05
5.319678e-05
3.208281e-05
1.072133e-05
0.0003283775
0.0003037427
0.0002807951
0.0002585353
0.0002365911
0.0002146721
0.0001925904
0.0001699946
0.0001463137
0.0001068573
7.953171e-05
5.596764e-05
3.336858e-05
1.109749e-05
0.000301166
0.0002793318
0.000257732
0.0002361471
0.0002145365
0.0001927917
0.0001708498
0.0001486246
0.0001152558
8.433412e-05
5.847239e-05
3.456193e-05
1.144939e-05
0.000277443
0.000256605
0.0002355969
0.0002144083
0.0001931518
0.0001719011
0.0001508683
0.000120211
8.782871e-05
6.044874e-05
3.55379e-05
1.174157e-05
0.0002555092
0.0002349538
0.0002142197
0.000193389
0.0001726912
0.0001523797
0.0001230147
9.004793e-05
6.177704e-05
3.620753e-05
1.194585e-05
0.0002343844
0.0002138843
0.0001933699
0.0001729871
0.0001530492
0.0001242213
9.108067e-05
6.241131e-05
3.652756e-05
1.204339e-05
0.0005676712
0.0005672481
0.0005660619
0.0005645978
0.0005634242
0.0005621305
0.000561086
0.0005596762
0.0005399447
0.0004994778
0.0004569151
0.0004122911
0.0003663575
0.0003360544
0.0003192471
0.0003004488
0.0002804723
0.0002597764
0.0002386916
0.000217413
0.0001961989
0.0001753007
0.0001549891
0.0001257849
9.227407e-05
6.33045e-05
3.711709e-05
1.226914e-05
0.0005796924
0.0005791228
0.0005781276
0.0005769809
0.0005757871
0.0005744568
0.0005733278
0.0005528893
0.0005109245
0.00046643
0.0004197054
0.000371016
0.0003387731
0.0003210328
0.0003015224
0.0002810077
0.0002599989
0.0002387134
0.0002173124
0.0001959053
0.0001747137
0.0001540231
0.000124273
9.096679e-05
6.24371e-05
3.663442e-05
1.211005e-05
0.0006088444
0.0006086059
0.0006079631
0.0006067887
0.0006055647
0.0006041178
0.0005829654
0.0005376766
0.00048882
0.000436521
0.0003813934
0.0003444358
0.0003245522
0.0003035312
0.0002820801
0.000260453
0.0002387894
0.0002170887
0.0001953749
0.0001736912
0.0001522639
0.0001212201
8.85155e-05
6.091376e-05
3.58332e-05
1.185761e-05
0.0006622177
0.0006625784
0.0006619755
0.0006607217
0.0006594754
0.0006367848
0.0005876179
0.0005319556
0.0004697519
0.0004007765
0.0003529151
0.0003291905
0.0003059293
0.000283266
0.0002609755
0.0002388609
0.0002168192
0.0001947022
0.0001723934
0.0001498142
0.000116043
8.482931e-05
5.87908e-05
3.476254e-05
1.152876e-05
0.0007483783
0.0007491747
0.0007487737
0.0007475768
0.0007252936
0.0006752784
0.0006166588
0.000544112
0.0004493837
0.0003627683
0.0003332313
0.0003077048
0.0002840381
0.0002612664
0.0002388822
0.0002165863
0.0001941655
0.0001712699
0.0001472787
0.0001074385
7.988451e-05
5.619076e-05
3.350482e-05
1.114954e-05
0.0008667702
0.0008684789
0.0008687726
0.0008512267
0.0008175935
0.0007852196
0.0007573569
0.000738367
9.24358e-05
7.399279e-05
5.336041e-05
3.217515e-05
1.075428e-05
0.0009837862
0.0009863194
0.0009727837
0.0009474587
0.0009270434
0.000911823
0.0009043119
8.203382e-05
6.864491e-05
5.067929e-05
3.091433e-05
1.038093e-05
0.001079101
0.001068782
0.001047953
0.00103112
0.001020307
0.001014854
7.498435e-05
6.44256e-05
4.844509e-05
2.985077e-05
1.00661e-05
0.001131343
0.001113715
0.001099455
0.001089446
0.001085497
7.058496e-05
6.155397e-05
4.68524e-05
2.908236e-05
9.838977e-06
0.001143153
0.001131311
0.001122972
0.001118891
6.845595e-05
6.00967e-05
4.601869e-05
2.867398e-05
9.718967e-06
0.001126521
0.001120106
0.001117341
6.842242e-05
6.006913e-05
4.599643e-05
2.866111e-05
9.715596e-06
0.001080661
0.001079414
7.048082e-05
6.146579e-05
4.678714e-05
2.904515e-05
9.829397e-06
0.001004162
7.479288e-05
6.427019e-05
4.833697e-05
2.979358e-05
1.004994e-05
8.172324e-05
6.841442e-05
5.053068e-05
3.083556e-05
1.035612e-05
9.194962e-05
7.367443e-05
5.31651e-05
3.206583e-05
1.071608e-05
0.0003030639
0.0002802377
0.0002581454
0.0002362685
0.0002144159
0.0001923513
0.0001698003
0.0001461289
0.0001067207
7.944215e-05
5.592351e-05
3.334866e-05
1.109161e-05
0.0002787401
0.0002572269
0.000235789
0.000214244
0.0001925602
0.0001706383
0.0001484538
0.0001151108
8.422695e-05
5.840688e-05
3.45346e-05
1.144255e-05
0.0002560859
0.0002351405
0.0002140818
0.0001928885
0.0001716936
0.0001506819
0.0001200718
8.771851e-05
6.037228e-05
3.549823e-05
1.173228e-05
0.0002344967
0.0002138091
0.0001930935
0.0001724556
0.0001521949
0.0001228632
8.99429e-05
6.169969e-05
3.616188e-05
1.193254e-05
0.0002134823
0.000193003
0.0001727221
0.0001528403
0.0001240697
9.096875e-05
6.233815e-05
3.648189e-05
1.202824e-05
0.0005655588
0.0005649128
0.0005639
0.0005627505
0.0005615527
0.0005602348
0.0005591634
0.0005392379
0.0004987759
0.0004562999
0.0004120457
0.0003661849
0.0003358811
0.0003190881
0.0003003257
0.0002803244
0.0002596517
0.000238598
0.0002173885
0.0001961857
0.0001752522
0.0001548875
0.0001256465
9.211732e-05
6.31571e-05
3.700479e-05
1.222253e-05
0.0005773407
0.0005769378
0.0005762534
0.0005750771
0.0005738536
0.0005724933
0.0005523807
0.0005102512
0.0004657776
0.0004191429
0.0003707797
0.0003386035
0.0003208663
0.0003013734
0.000280891
0.0002598633
0.0002385993
0.0002172284
0.0001958818
0.0001747004
0.0001539794
0.0001241909
9.086584e-05
6.233087e-05
3.654902e-05
1.207339e-05
0.0006066149
0.0006066786
0.000605993
0.0006047772
0.0006035122
0.0005821413
0.0005371773
0.0004881694
0.0004359135
0.0003808921
0.0003442058
0.0003243858
0.0003033733
0.0002819414
0.0002603435
0.0002386661
0.0002169854
0.0001953004
0.0001736692
0.0001522508
0.0001211844
8.845646e-05
6.084569e-05
3.577217e-05
1.182995e-05
0.0006602275
0.0006605255
0.0006598655
0.0006585569
0.0006361574
0.0005868068
0.0005314584
0.000469121
0.0004002234
0.0003524619
0.0003289664
0.0003057696
0.0002831185
0.0002608476
0.0002387593
0.0002167081
0.00019461
0.0001723285
0.0001497941
0.0001160311
8.48032e-05
5.875125e-05
3.47235e-05
1.15091e-05
0.0007463289
0.000747062
0.0007466037
0.0007242095
0.0006746154
0.0006158208
0.0005436032
0.000448777
0.0003622728
0.0003328093
0.0003074911
0.0002838877
0.0002611303
0.0002387653
0.0002164932
0.0001940668
0.0001711893
0.000147224
0.0001074225
7.98748e-05
5.617286e-05
3.348214e-05
1.113698e-05
0.0008650004
0.0008667016
0.0008501044
0.0008163015
0.0007844587
0.0007563304
0.0007377123
9.240261e-05
7.398075e-05
5.33532e-05
3.216467e-05
1.074698e-05
0.0009822424
0.0009703848
0.0009461926
0.0009255244
0.0009109516
0.0009030868
8.199641e-05
6.862067e-05
5.067063e-05
3.090989e-05
1.037751e-05
0.001064276
0.001045313
0.001029724
0.001018597
0.001013894
7.494779e-05
6.439645e-05
4.842815e-05
2.984552e-05
1.00646e-05
0.001108993
0.001096659
0.00108795
0.001083652
7.055267e-05
6.15241e-05
4.683131e-05
2.907225e-05
9.837223e-06
0.001126521
0.001120106
0.001117341
6.842242e-05
6.006913e-05
4.599643e-05
2.866111e-05
9.715596e-06
0.001115396
0.001114491
6.83862e-05
6.003971e-05
4.597529e-05
2.864726e-05
9.711241e-06
0.001074929
7.04387e-05
6.143324e-05
4.676422e-05
2.903179e-05
9.824649e-06
7.473383e-05
6.423181e-05
4.831137e-05
2.977898e-05
1.004532e-05
8.163152e-05
6.836043e-05
5.050047e-05
3.081922e-05
1.035104e-05
9.183277e-05
7.359179e-05
5.312307e-05
3.204664e-05
1.071041e-05
0.0002796414
0.000257639
0.0002359103
0.0002141235
0.0001921204
0.0001695901
0.0001459609
0.0001065866
7.934142e-05
5.586099e-05
3.332225e-05
1.108497e-05
0.0002567043
0.0002353319
0.0002139178
0.0001922976
0.0001704324
0.0001482704
0.0001149773
8.412133e-05
5.833309e-05
3.44961e-05
1.143348e-05
0.0002346819
0.0002136713
0.0001925937
0.0001714593
0.0001504992
0.0001199239
8.761613e-05
6.029671e-05
3.545351e-05
1.171921e-05
0.0002134069
0.000192727
0.0001721913
0.0001519872
0.0001227132
8.983239e-05
6.162735e-05
3.611668e-05
1.191752e-05
0.0001926515
0.0001723975
0.0001526055
0.0001239
9.085698e-05
6.226167e-05
3.643898e-05
1.201321e-05
0.0005632314
0.0005627549
0.0005620539
0.0005608804
0.0005596585
0.0005583163
0.0005387385
0.0004981233
0.0004556633
0.0004115012
0.0003659514
0.0003357135
0.0003189229
0.000300177
0.0002802078
0.0002595162
0.000238484
0.0002173045
0.0001961621
0.0001752388
0.0001548437
0.0001255636
9.201514e-05
6.304966e-05
3.691854e-05
1.218553e-05
0.0005751642
0.0005750672
0.0005743511
0.0005731454
0.0005718922
0.0005515825
0.0005097712
0.0004651653
0.0004185621
0.000370298
0.0003383766
0.0003207023
0.000301217
0.0002807527
0.0002597539
0.000238476
0.0002171251
0.0001958071
0.0001746782
0.0001539663
0.0001241544
9.08053e-05
6.226128e-05
3.648678e-05
1.204524e-05
0.0006046959
0.0006047125
0.000603984
0.0006027269
0.0005815523
0.0005364273
0.0004877041
0.0004353369
0.000380369
0.0003437672
0.0003241642
0.0003032152
0.0002817948
0.0002602157
0.0002385645
0.0002168742
0.0001952079
0.0001736038
0.0001522305
0.0001211722
8.842942e-05
6.080483e-05
3.573203e-05
1.180979e-05
0.0006581851
0.00065842
0.0006577027
0.0006352684
0.0005862175
0.0005307337
0.0004686679
0.0003996931
0.0003519819
0.0003285514
0.000305557
0.0002829686
0.0002607118
0.0002386424
0.0002166149
0.000194511
0.0001722474
0.0001497384
0.0001160142
8.479323e-05
5.873269e-05
3.470004e-05
1.149615e-05
0.0007442279
0.0007448968
0.0007232593
0.0006736081
0.0006152048
0.0005428729
0.0004483369
0.0003617965
0.0003323586
0.0003071084
0.0002836867
0.0002609901
0.000238641
0.0002163873
0.0001939825
0.0001711028
0.0001471551
0.0001073835
7.98621e-05
5.616548e-05
3.347131e-05
1.112942e-05
0.0008632337
0.0008480769
0.0008152139
0.0007832218
0.0007555918
0.0007367151
9.236022e-05
7.395447e-05
5.334422e-05
3.216015e-05
1.074345e-05
0.0009664033
0.0009438615
0.0009242781
0.0009094627
0.0009022216
8.195626e-05
6.858951e-05
5.065285e-05
3.090451e-05
1.0376e-05
0.001040959
0.001027135
0.00101721
0.001012198
7.491361e-05
6.436513e-05
4.840632e-05
2.983512e-05
1.006282e-05
0.001092056
0.001085186
0.001082162
7.051813e-05
6.149591e-05
4.680864e-05
2.905919e-05
9.833808e-06
0.001115396
0.001114491
6.838619e-05
6.003971e-05
4.597529e-05
2.864726e-05
9.711241e-06
0.001109821
6.834523e-05
6.00079e-05
4.595276e-05
2.863408e-05
9.706553e-06
7.038289e-05
6.139643e-05
4.673943e-05
2.901756e-05
9.820126e-06
7.465039e-05
6.418094e-05
4.828239e-05
2.976319e-05
1.00404e-05
8.152829e-05
6.828407e-05
5.046044e-05
3.080072e-05
1.034556e-05
9.17176e-05
7.349877e-05
5.306384e-05
3.20212e-05
1.070398e-05
0.0002571141
0.0002354527
0.0002137975
0.0001918583
0.0001693854
0.0001457806
0.0001064627
7.924201e-05
5.579054e-05
3.328516e-05
1.107617e-05
0.0002348717
0.0002135074
0.0001920038
0.0001701998
0.0001480906
0.0001148358
8.402304e-05
5.826012e-05
3.445269e-05
1.142076e-05
0.0002132687
0.0001922281
0.0001711966
0.0001502937
0.0001197774
8.750849e-05
6.022597e-05
3.54092e-05
1.170448e-05
0.0001923759
0.0001718677
0.0001517537
0.0001225454
8.972197e-05
6.155174e-05
3.607419e-05
1.190264e-05
0.0001720929
0.0001523215
0.0001237092
9.073254e-05
6.218479e-05
3.639431e-05
1.199906e-05
0.0005610815
0.0005609124
0.0005601852
0.0005589876
0.0005577415
0.0005379345
0.0004976516
0.0004550679
0.0004109322
0.0003654798
0.0003354881
0.0003187602
0.0003000214
0.0002800697
0.0002594069
0.0002383608
0.0002172012
0.0001960873
0.0001752166
0.0001548305
0.0001255268
9.195386e-05
6.297929e-05
3.685567e-05
1.215711e-05
0.0005733009
0.0005731686
0.0005724209
0.0005711856
0.0005510034
0.0005090464
0.0004647163
0.000418014
0.0003697911
0.0003379481
0.0003204827
0.0003010602
0.0002806069
0.0002596264
0.0002383744
0.0002170138
0.0001957144
0.0001746124
0.0001539458
0.0001241421
9.077764e-05
6.22195e-05
3.644588e-05
1.202471e-05
0.0006027383
0.0006027076
0.0006019361
0.0005807901
0.0005358751
0.0004870333
0.0004349085
0.0003798703
0.0003433004
0.0003237572
0.0003030039
0.0002816457
0.0002600804
0.0002384476
0.0002167809
0.0001951086
0.000173522
0.0001521739
0.0001211548
8.841924e-05
6.078573e-05
3.570792e-05
1.179652e-05
0.0006560904
0.0006562618
0.0006344368
0.0005853951
0.0005301892
0.0004680385
0.0003992895
0.0003515216
0.0003281071
0.0003051774
0.0002827681
0.0002605719
0.0002385181
0.000216509
0.0001944265
0.0001721604
0.0001496683
0.0001159719
8.477999e-05
5.872515e-05
3.468889e-05
1.148837e-05
0.0007420745
0.0007216054
0.0006727114
0.0006142895
0.0005423167
0.0004477451
0.0003614199
0.0003319256
0.0003066956
0.0002833387
0.0002608024
0.0002385113
0.0002162745
0.0001938877
0.0001710279
0.0001470812
0.0001073339
7.983358e-05
5.615618e-05
3.346671e-05
1.11258e-05
0.0008447189
0.0008132697
0.0007821686
0.0007544025
0.000735992
9.231475e-05
7.392076e-05
5.332543e-05
3.215462e-05
1.074191e-05
0.0009400373
0.0009220029
0.0009082314
0.0009007488
8.191905e-05
6.855606e-05
5.062996e-05
3.089372e-05
1.037417e-05
0.001022897
0.001014656
0.001010817
7.487695e-05
6.43357e-05
4.838284e-05
2.98217e-05
1.005932e-05
0.001080661
0.001079414
7.048082e-05
6.146579e-05
4.678714e-05
2.904515e-05
9.829396e-06
0.001109821
6.834523e-05
6.00079e-05
4.595276e-05
2.863408e-05
9.706553e-06
6.829097e-05
5.997187e-05
4.592839e-05
2.862005e-05
9.702081e-06
7.030459e-05
6.134767e-05
4.671132e-05
2.900216e-05
9.815313e-06
7.455637e-05
6.410951e-05
4.824402e-05
2.974527e-05
1.003507e-05
8.142625e-05
6.819803e-05
5.040433e-05
3.077623e-05
1.033933e-05
9.161048e-05
7.340679e-05
5.299706e-05
3.198564e-05
1.069547e-05
0.0002349915
0.0002133872
0.0001915652
0.0001691542
0.0001456038
0.0001063317
7.914926e-05
5.572079e-05
3.324333e-05
1.106387e-05
0.0002131045
0.0001916392
0.000169939
0.0001478883
0.0001146954
8.391983e-05
5.81917e-05
3.440965e-05
1.140642e-05
0.0001918776
0.0001708749
0.0001500629
0.0001196136
8.740086e-05
6.015209e-05
3.536752e-05
1.168986e-05
0.000171564
0.0001514713
0.0001223566
8.959908e-05
6.147571e-05
3.602997e-05
1.188861e-05
0.00015206
0.0001234825
9.059248e-05
6.20995e-05
3.634923e-05
1.198436e-05
0.0005592457
0.0005590471
0.0005582938
0.0005570722
0.0005373757
0.0004969278
0.000454626
0.0004103968
0.0003649804
0.0003350649
0.0003185417
0.0002998655
0.0002799243
0.0002592795
0.0002382592
0.0002170899
0.0001959946
0.0001751506
0.0001548098
0.0001255144
9.19259e-05
6.293706e-05
3.681437e-05
1.21364e-05
0.0005714097
0.0005712421
0.0005704628
0.0005503157
0.000508508
0.0004640681
0.0004175981
0.0003693095
0.0003374902
0.0003200819
0.0003008501
0.0002804585
0.0002594914
0.0002382576
0.0002169204
0.0001956149
0.0001745302
0.0001538884
0.0001241244
9.076734e-05
6.220003e-05
3.642131e-05
1.20112e-05
0.0006007421
0.0006006639
0.0005800252
0.000535165
0.000486522
0.0004343214
0.0003794814
0.0003428537
0.0003233202
0.0003026286
0.0002814459
0.0002599409
0.0002383235
0.0002166748
0.0001950239
0.0001734343
0.0001521026
0.0001211105
8.840559e-05
6.077806e-05
3.569651e-05
1.178854e-05
0.0006539431
0.0006330462
0.000584616
0.0005294446
0.0004675454
0.0003987643
0.0003511528
0.0003276808
0.0003047675
0.0002824217
0.0002603843
0.0002383885
0.0002163962
0.0001943315
0.000172085
0.0001495932
0.0001159182
8.474959e-05
5.871555e-05
3.46842e-05
1.148465e-05
0.0007189092
0.0006711764
0.0006134593
0.0005415169
0.0004472682
0.000360953
0.0003315725
0.0003062987
0.0002829604
0.0002604865
0.0002383373
0.0002161557
0.0001937866
0.0001709443
0.0001470163
0.0001072807
7.979705e-05
5.613633e-05
3.346102e-05
1.112423e-05
0.0008101075
0.0007803047
0.0007533806
0.000734835
9.227308e-05
7.388458e-05
5.330126e-05
3.214335e-05
1.074005e-05
0.0009183065
0.0009059973
0.0008995259
8.187898e-05
6.85248e-05
5.060535e-05
3.08798e-05
1.037056e-05
0.001010498
0.00100828
7.483738e-05
6.430421e-05
4.836065e-05
2.980727e-05
1.00548e-05
0.001074929
7.04387e-05
6.143324e-05
4.676422e-05
2.903178e-05
9.824649e-06
6.829097e-05
5.997187e-05
4.592839e-05
2.862005e-05
9.702081e-06
6.821515e-05
5.992418e-05
4.590073e-05
2.860486e-05
9.697326e-06
7.02163e-05
6.127958e-05
4.667413e-05
2.898467e-05
9.810103e-06
7.446321e-05
6.402896e-05
4.819051e-05
2.972158e-05
1.002902e-05
8.133075e-05
6.811279e-05
5.034104e-05
3.074212e-05
1.033109e-05
9.149791e-05
7.332065e-05
5.293086e-05
3.194551e-05
1.068361e-05
0.0002129841
0.0001912014
0.0001688951
0.0001454049
0.0001062014
7.905208e-05
5.565527e-05
3.320183e-05
1.104999e-05
0.0001912894
0.0001696197
0.0001476612
0.0001145384
8.381651e-05
5.812033e-05
3.436912e-05
1.139218e-05
0.0001705728
0.0001497838
0.0001194294
8.728112e-05
6.007775e-05
3.532417e-05
1.167608e-05
0.0001512114
0.0001221326
8.946077e-05
6.139139e-05
3.598533e-05
1.187404e-05
0.0001232799
9.042936e-05
6.200352e-05
3.629933e-05
1.196949e-05
0.0005573875
0.0005571593
0.0005563797
0.000536723
0.0004964035
0.0004539819
0.0004099863
0.0003645066
0.0003346114
0.0003181443
0.0002996559
0.0002797765
0.0002591447
0.0002381424
0.0002169964
0.0001958948
0.0001750682
0.0001547522
0.0001254965
9.191553e-05
6.291739e-05
3.678957e-05
1.212277e-05
0.0005694909
0.0005692879
0.0005496106
0.0005078625
0.0004635709
0.0004170289
0.0003689284
0.0003370527
0.0003196505
0.0003004785
0.0002802594
0.0002593523
0.0002381337
0.0002168142
0.0001955299
0.000174442
0.0001538164
0.0001240789
9.075341e-05
6.219228e-05
3.64097e-05
1.200309e-05
0.0005987072
0.0005787981
0.0005344512
0.0004858716
0.0004338546
0.0003789813
0.0003424914
0.0003229013
0.0003022226
0.0002811017
0.0002597536
0.0002381941
0.000216562
0.0001949286
0.0001733584
0.0001520262
0.0001210543
8.837381e-05
6.076821e-05
3.569175e-05
1.178474e-05
0.0006308441
0.0005833375
0.000528727
0.0004668905
0.000398329
0.0003506994
0.0003273309
0.0003043737
0.0002820447
0.0002600692
0.0002382146
0.0002162773
0.0001942302
0.0001720009
0.0001495271
0.0001158606
8.47107e-05
5.869473e-05
3.467836e-05
1.148306e-05
0.0006687412
0.0006120681
0.0005407719
0.0004466227
0.0003605493
0.000331148
0.0003059674
0.0002825962
0.0002601408
0.0002380518
0.0002159961
0.0001936789
0.0001708551
0.0001469444
0.0001072327
7.975787e-05
5.611081e-05
3.344927e-05
1.112232e-05
0.0007773208
0.0007515876
0.0007338351
9.222797e-05
7.385102e-05
5.32753e-05
3.212884e-05
1.07363e-05
0.0009023929
0.000897314
8.183579e-05
6.849127e-05
5.058219e-05
3.086483e-05
1.036589e-05
0.001004163
7.479288e-05
6.427019e-05
4.833697e-05
2.979357e-05
1.004994e-05
7.038289e-05
6.139643e-05
4.673943e-05
2.901756e-05
9.820125e-06
6.821515e-05
5.992418e-05
4.590073e-05
2.860486e-05
9.697326e-06
6.81296e-05
5.985776e-05
4.586415e-05
2.858758e-05
9.692177e-06
7.012865e-05
6.120275e-05
4.662246e-05
2.896155e-05
9.804176e-06
7.437559e-05
6.394903e-05
4.813012e-05
2.96887e-05
1.002102e-05
8.123093e-05
6.803267e-05
5.027821e-05
3.070361e-05
1.031966e-05
9.138529e-05
7.323069e-05
5.286852e-05
3.190565e-05
1.067023e-05
0.0001908522
0.0001685777
0.0001451816
0.0001060561
7.895459e-05
5.558703e-05
3.316268e-05
1.103621e-05
0.0001693198
0.0001473867
0.000114362
8.370164e-05
5.804843e-05
3.4327e-05
1.137874e-05
0.0001495269
0.000119211
8.714638e-05
5.999533e-05
3.528038e-05
1.166178e-05
0.0001219324
8.929983e-05
6.129651e-05
3.593592e-05
1.185931e-05
9.0288e-05
6.189343e-05
3.62432e-05
1.195305e-05
0.0005555068
0.000555249
0.0005360461
0.0004957878
0.0004534946
0.0004094218
0.000364129
0.0003341784
0.0003177158
0.0002992864
0.0002795777
0.0002590059
0.0002380185
0.0002168902
0.0001958097
0.0001749797
0.0001546797
0.0001254505
9.190147e-05
6.29096e-05
3.677786e-05
1.211458e-05
0.0005675443
0.000548477
0.0005071969
0.0004629729
0.0004165739
0.0003684399
0.0003366948
0.0003192374
0.0003000757
0.0002799172
0.0002591653
0.0002380044
0.0002167013
0.0001954343
0.0001743656
0.0001537391
0.0001240213
9.072074e-05
6.218226e-05
3.64049e-05
1.199923e-05
0.0005769367
0.0005333218
0.0004852121
0.0004332703
0.0003785618
0.0003420491
0.0003225551
0.0003018327
0.0002807268
0.0002594396
0.0002380202
0.000216443
0.0001948269
0.0001732737
0.0001519591
0.0001209941
8.833319e-05
6.074663e-05
3.568579e-05
1.178312e-05
0.0005813773
0.0005275783
0.000466244
0.0003977754
0.0003503045
0.0003269119
0.0003040438
0.000281682
0.0002597241
0.0002379293
0.0002161176
0.0001941223
0.0001719111
0.0001494541
0.0001158088
8.466901e-05
5.8668e-05
3.466616e-05
1.14811e-05
0.0006099289
0.0005395615
0.0004459922
0.0003600475
0.0003307711
0.0003055787
0.0002822864
0.0002598074
0.0002377377
0.0002157399
0.0001935344
0.0001707592
0.0001468676
0.0001071803
7.972176e-05
5.608342e-05
3.343413e-05
1.111843e-05
0.0007487543
0.0007320908
9.217942e-05
7.38149e-05
5.325097e-05
3.211324e-05
1.073146e-05
0.0008937589
8.178747e-05
6.845509e-05
5.055743e-05
3.085067e-05
1.036088e-05
7.473383e-05
6.423181e-05
4.831137e-05
2.977898e-05
1.004532e-05
7.030459e-05
6.134767e-05
4.671132e-05
2.900216e-05
9.815313e-06
6.81296e-05
5.985776e-05
4.586415e-05
2.858758e-05
9.692177e-06
6.804461e-05
5.978279e-05
4.581343e-05
2.856476e-05
9.686316e-06
7.004595e-05
6.112641e-05
4.656413e-05
2.892955e-05
9.796346e-06
7.428438e-05
6.387363e-05
4.80701e-05
2.965157e-05
1.000995e-05
8.113055e-05
6.794924e-05
5.02189e-05
3.066533e-05
1.030675e-05
9.126004e-05
7.314016e-05
5.280371e-05
3.186799e-05
1.065692e-05
0.0001682797
0.0001449119
0.0001058926
7.884632e-05
5.551818e-05
3.312204e-05
1.102317e-05
0.0001471342
0.0001141535
8.357241e-05
5.796877e-05
3.428441e-05
1.13648e-05
0.0001190163
8.698991e-05
5.99026e-05
3.523193e-05
1.16473e-05
8.916055e-05
6.118777e-05
3.588035e-05
1.184302e-05
6.18003e-05
3.617946e-05
1.193456e-05
0.0005536037
0.0005349547
0.0004951456
0.0004529207
0.0004089737
0.0003636445
0.0003338227
0.0003173058
0.0002988854
0.0002792366
0.0002588191
0.0002378893
0.0002167772
0.000195714
0.000174903
0.000154602
0.0001253922
9.186837e-05
6.28995e-05
3.677303e-05
1.21107e-05
0.0005468163
0.0005061503
0.0004623513
0.0004160279
0.0003680282
0.0003362594
0.000318894
0.0002996892
0.0002795441
0.0002588523
0.0002378305
0.0002165823
0.0001953324
0.0001742804
0.0001536713
0.0001239596
9.0679e-05
6.216014e-05
3.639885e-05
1.19976e-05
0.0005316601
0.0004841912
0.000432669
0.0003780485
0.0003416613
0.0003221422
0.0003015048
0.000280366
0.0002590955
0.0002377353
0.0002162831
0.0001947187
0.0001731832
0.0001518849
0.0001209401
8.828965e-05
6.071892e-05
3.567321e-05
1.178113e-05
0.0005258838
0.0004652435
0.000397209
0.0003498221
0.0003265386
0.0003036576
0.0002813728
0.0002593914
0.0002376154
0.0002158612
0.0001939774
0.0001718146
0.0001493759
0.0001157522
8.463077e-05
5.863931e-05
3.465044e-05
1.147707e-05
0.0005377778
0.0004450226
0.0003595236
0.0003303153
0.0003052261
0.0002819301
0.0002595193
0.0002374341
0.0002154567
0.0001933068
0.0001706305
0.0001467843
0.000107124
7.968278e-05
5.605787e-05
3.341787e-05
1.111341e-05
0.0007293573
9.212549e-05
7.377596e-05
5.322491e-05
3.209853e-05
1.072625e-05
8.172324e-05
6.841442e-05
5.053068e-05
3.083556e-05
1.035612e-05
7.465039e-05
6.418094e-05
4.828239e-05
2.976319e-05
1.00404e-05
7.021629e-05
6.127958e-05
4.667413e-05
2.898467e-05
9.810103e-06
6.804461e-05
5.978279e-05
4.581343e-05
2.856476e-05
9.686316e-06
6.796427e-05
5.970826e-05
4.575615e-05
2.853323e-05
9.678575e-06
6.996009e-05
6.105422e-05
4.650609e-05
2.889342e-05
9.785537e-06
7.41923e-05
6.379534e-05
4.801331e-05
2.961462e-05
9.997445e-06
8.101922e-05
6.786503e-05
5.015736e-05
3.062908e-05
1.029391e-05
9.111922e-05
7.303979e-05
5.273821e-05
3.182894e-05
1.064433e-05
0.0001446641
0.0001057006
7.872456e-05
5.544195e-05
3.308091e-05
1.100967e-05
0.0001139683
8.342286e-05
5.787917e-05
3.423731e-05
1.135068e-05
8.685489e-05
5.979655e-05
3.517745e-05
1.16313e-05
6.109592e-05
3.581731e-05
1.18247e-05
3.612641e-05
1.191367e-05
0.0005333864
0.0004941361
0.0004523175
0.0004084453
0.0003632369
0.0003333904
0.0003169638
0.0002985008
0.0002788646
0.0002585067
0.0002377155
0.0002166582
0.0001956119
0.0001748175
0.0001545338
0.0001253298
9.182608e-05
6.287711e-05
3.676694e-05
1.210906e-05
0.0005046612
0.0004613991
0.000415454
0.0003675374
0.0003358763
0.0003184855
0.0002993629
0.0002791852
0.0002585092
0.0002375461
0.0002164222
0.0001952239
0.0001741894
0.0001535962
0.0001239043
9.063427e-05
6.213176e-05
3.6386e-05
1.199558e-05
0.0004827458
0.0004317661
0.0003775088
0.0003411959
0.0003217728
0.0003011217
0.0002800579
0.0002587637
0.0002374218
0.0002160267
0.0001945734
0.0001730861
0.0001518055
0.000120881
8.824983e-05
6.068918e-05
3.565702e-05
1.177699e-05
0.0004638424
0.0003963748
0.0003493119
0.0003260909
0.0003033067
0.0002810177
0.0002591037
0.000237312
0.000215578
0.0001937494
0.0001716852
0.0001492913
0.0001156915
8.45894e-05
5.861264e-05
3.463356e-05
1.147188e-05
0.0004436972
0.000358777
0.0003298289
0.0003048079
0.0002816012
0.0002591935
0.0002371684
0.0002151824
0.0001930544
0.0001704315
0.0001466727
0.000107062
7.96408e-05
5.603045e-05
3.340258e-05
1.110801e-05
9.205363e-05
7.373237e-05
5.319678e-05
3.208281e-05
1.072133e-05
8.163152e-05
6.836042e-05
5.050047e-05
3.081922e-05
1.035104e-05
7.455637e-05
6.410951e-05
4.824402e-05
2.974527e-05
1.003507e-05
7.012865e-05
6.120274e-05
4.662246e-05
2.896155e-05
9.804176e-06
6.796427e-05
5.970826e-05
4.575615e-05
2.853323e-05
9.678575e-06
6.788099e-05
5.963769e-05
4.569915e-05
2.849761e-05
9.667904e-06
6.987319e-05
6.097941e-05
4.645109e-05
2.885743e-05
9.773325e-06
7.40904e-05
6.371612e-05
4.795448e-05
2.957958e-05
9.984993e-06
8.08941e-05
6.777183e-05
5.009503e-05
3.059156e-05
1.028173e-05
9.095618e-05
7.292696e-05
5.266576e-05
3.178937e-05
1.063129e-05
0.0001055317
7.858442e-05
5.535626e-05
3.303545e-05
1.099598e-05
8.329446e-05
5.777701e-05
3.418437e-05
1.133508e-05
5.970721e-05
3.511576e-05
1.16133e-05
3.57649e-05
1.180403e-05
1.189643e-05
0.0004927262
0.0004513959
0.0004078846
0.0003627567
0.0003330098
0.0003165576
0.0002981754
0.0002785068
0.0002581641
0.0002374313
0.0002164981
0.0001955034
0.0001747263
0.0001544583
0.0001252739
9.178076e-05
6.284838e-05
3.675396e-05
1.210702e-05
0.0004600936
0.0004146023
0.0003670137
0.0003354226
0.0003181192
0.0002989825
0.000278878
0.0002581783
0.0002372329
0.0002161658
0.0001950782
0.0001740918
0.0001535159
0.0001238437
9.059343e-05
6.210131e-05
3.636947e-05
1.199136e-05
0.0004305516
0.0003767313
0.0003406976
0.0003213345
0.000300773
0.0002797044
0.0002584765
0.0002371188
0.0002157432
0.0001943447
0.0001729557
0.0001517195
0.0001208176
8.820671e-05
6.066162e-05
3.563963e-05
1.177166e-05
0.0003952957
0.0003485939
0.0003256102
0.0003028921
0.0002806896
0.0002587784
0.0002370464
0.0002153035
0.0001934964
0.0001714849
0.0001491778
0.0001156248
8.454489e-05
5.858397e-05
3.461775e-05
1.14663e-05
0.0003578686
0.000329156
0.0003043546
0.0002812165
0.0002588885
0.000236872
0.0002149397
0.0001928093
0.0001702101
0.000146503
0.0001069791
7.959401e-05
5.600086e-05
3.338624e-05
1.110292e-05
9.194962e-05
7.367443e-05
5.31651e-05
3.206583e-05
1.071608e-05
8.152829e-05
6.828407e-05
5.046044e-05
3.080072e-05
1.034556e-05
7.446321e-05
6.402896e-05
4.819051e-05
2.972158e-05
1.002902e-05
7.004595e-05
6.11264e-05
4.656413e-05
2.892955e-05
9.796346e-06
6.788099e-05
5.963769e-05
4.569915e-05
2.849761e-05
9.667903e-06
6.779657e-05
5.956462e-05
4.564506e-05
2.846213e-05
9.655845e-06
6.977715e-05
6.090356e-05
4.639419e-05
2.882326e-05
9.761157e-06
7.397592e-05
6.362855e-05
4.789481e-05
2.954335e-05
9.973168e-06
8.075104e-05
6.766711e-05
5.002618e-05
3.055348e-05
1.026914e-05
9.081593e-05
7.279808e-05
5.258435e-05
3.174567e-05
1.061805e-05
7.846505e-05
5.525896e-05
3.298437e-05
1.098086e-05
5.769134e-05
3.412458e-05
1.131755e-05
3.50646e-05
1.159303e-05
1.178697e-05
0.0004501541
0.0004070557
0.0003622409
0.000332562
0.0003161929
0.0002977964
0.0002782
0.0002578338
0.0002371183
0.0002162416
0.0001953574
0.0001746283
0.0001543776
0.0001252127
9.173942e-05
6.281757e-05
3.673725e-05
1.210276e-05
0.0004134897
0.0003662671
0.0003349327
0.0003176881
0.0002986355
0.0002785259
0.0002578915
0.0002369302
0.0002158822
0.0001948489
0.0001739606
0.000153429
0.0001237789
9.054916e-05
6.207312e-05
3.635172e-05
1.198593e-05
0.0003757588
0.0003400043
0.0003208605
0.0003003633
0.0002793775
0.000258152
0.0002368532
0.0002154687
0.000194091
0.000172754
0.0001516042
0.0001207482
8.816033e-05
6.063195e-05
3.562337e-05
1.176593e-05
0.0003477373
0.0003249493
0.0003024415
0.0002803067
0.0002584737
0.0002367502
0.0002150607
0.0001932507
0.0001712622
0.0001490052
0.0001155357
8.449541e-05
5.855307e-05
3.460081e-05
1.146106e-05
0.0003283775
0.0003037427
0.0002807951
0.0002585353
0.0002365911
0.0002146721
0.0001925904
0.0001699946
0.0001463137
0.0001068573
7.953171e-05
5.596764e-05
3.336858e-05
1.109748e-05
9.183277e-05
7.359179e-05
5.312307e-05
3.204664e-05
1.071041e-05
8.142625e-05
6.819803e-05
5.040433e-05
3.077623e-05
1.033933e-05
7.437559e-05
6.394903e-05
4.813012e-05
2.96887e-05
1.002102e-05
6.996009e-05
6.105422e-05
4.650609e-05
2.889342e-05
9.785537e-06
6.779657e-05
5.956462e-05
4.564506e-05
2.846213e-05
9.655845e-06
6.770336e-05
5.949047e-05
4.558916e-05
2.842841e-05
9.643826e-06
6.966931e-05
6.081982e-05
4.633639e-05
2.878796e-05
9.74959e-06
7.384632e-05
6.353021e-05
4.782895e-05
2.950653e-05
9.960955e-06
8.063035e-05
6.754843e-05
4.994885e-05
3.051146e-05
1.025634e-05
7.268959e-05
5.24924e-05
3.169658e-05
1.060345e-05
5.517788e-05
3.292688e-05
1.096388e-05
3.407519e-05
1.129784e-05
1.157635e-05
0.0004059897
0.0003615085
0.0003320764
0.0003157657
0.0002974504
0.0002778488
0.0002575472
0.0002368158
0.0002159579
0.0001951278
0.0001744967
0.0001542902
0.0001251471
9.16946e-05
6.278907e-05
3.671931e-05
1.209728e-05
0.0003653543
0.000334256
0.0003172194
0.0002982301
0.0002782
0.0002575677
0.0002366647
0.0002156075
0.0001945946
0.0001737577
0.0001533124
0.0001237078
9.050157e-05
6.204277e-05
3.633515e-05
1.198009e-05
0.0003391926
0.0003202131
0.0002999164
0.000278997
0.0002578478
0.0002365572
0.0002152255
0.0001938446
0.0001725295
0.0001514287
0.0001206552
8.810886e-05
6.059999e-05
3.560594e-05
1.176055e-05
0.0003241922
0.0003018351
0.0002798865
0.0002581213
0.0002364693
0.0002147929
0.0001930313
0.0001710453
0.0001488126
0.0001154037
8.442947e-05
5.851844e-05
3.458252e-05
1.145545e-05
0.0003030639
0.0002802377
0.0002581454
0.0002362685
0.0002144159
0.0001923513
0.0001698003
0.0001461289
0.0001067207
7.944215e-05
5.592351e-05
3.334866e-05
1.109161e-05
9.171759e-05
7.349876e-05
5.306384e-05
3.20212e-05
1.070398e-05
8.133075e-05
6.811279e-05
5.034104e-05
3.074211e-05
1.033109e-05
7.428438e-05
6.387363e-05
4.80701e-05
2.965157e-05
1.000995e-05
6.987319e-05
6.097941e-05
4.645109e-05
2.885743e-05
9.773325e-06
6.770336e-05
5.949047e-05
4.558916e-05
2.842841e-05
9.643826e-06
6.759871e-05
5.940866e-05
4.553233e-05
2.83936e-05
9.632393e-06
6.954808e-05
6.072581e-05
4.627265e-05
2.875205e-05
9.737652e-06
7.373871e-05
6.341955e-05
4.775501e-05
2.946594e-05
9.948532e-06
6.744976e-05
4.986197e-05
3.046429e-05
1.024223e-05
5.241637e-05
3.164155e-05
1.058706e-05
3.287962e-05
1.094485e-05
1.128168e-05
0.0003606235
0.000331408
0.0003152997
0.0002970474
0.0002775234
0.0002572238
0.0002365504
0.0002156831
0.0001948731
0.0001742933
0.000154173
0.0001250753
9.164641e-05
6.275837e-05
3.670258e-05
1.209138e-05
0.0003334752
0.0003165825
0.0002977862
0.0002778219
0.000257264
0.0002363689
0.0002153641
0.0001943476
0.000173532
0.0001531349
0.0001236126
9.044882e-05
6.201008e-05
3.631738e-05
1.197462e-05
0.0003194806
0.0002993171
0.0002785788
0.0002574967
0.0002362765
0.0002149575
0.0001936244
0.000172311
0.0001512329
0.0001205172
8.804022e-05
6.056423e-05
3.558714e-05
1.175479e-05
0.000301166
0.0002793318
0.000257732
0.000236147
0.0002145365
0.0001927917
0.0001708498
0.0001486246
0.0001152558
8.433411e-05
5.847239e-05
3.456193e-05
1.144939e-05
0.0002796414
0.000257639
0.0002359103
0.0002141235
0.0001921204
0.0001695901
0.0001459609
0.0001065866
7.934142e-05
5.586098e-05
3.332224e-05
1.108497e-05
9.161048e-05
7.340679e-05
5.299706e-05
3.198564e-05
1.069547e-05
8.123093e-05
6.803267e-05
5.027821e-05
3.070361e-05
1.031966e-05
7.41923e-05
6.379534e-05
4.801331e-05
2.961462e-05
9.997444e-06
6.977715e-05
6.090356e-05
4.639419e-05
2.882326e-05
9.761157e-06
6.759871e-05
5.940866e-05
4.553233e-05
2.83936e-05
9.632393e-06
6.74815e-05
5.931682e-05
4.546968e-05
2.835816e-05
9.620599e-06
6.944853e-05
6.062057e-05
4.620112e-05
2.871249e-05
9.725498e-06
6.332854e-05
4.767236e-05
2.942038e-05
9.934841e-06
4.979074e-05
3.041162e-05
1.02264e-05
3.15966e-05
1.056874e-05
1.092932e-05
0.0003306426
0.0003146684
0.0002966052
0.0002771467
0.0002569204
0.0002362548
0.0002154396
0.0001946258
0.0001740668
0.0001539945
0.0001249791
9.159304e-05
6.272531e-05
3.668463e-05
1.208586e-05
0.000315869
0.0002971931
0.0002774053
0.0002569141
0.0002360883
0.000215096
0.0001941268
0.0001733122
0.0001529369
0.0001234711
9.037843e-05
6.197354e-05
3.62982e-05
1.196876e-05
0.0002986611
0.0002780279
0.0002571083
0.0002359547
0.0002147009
0.000193384
0.0001721141
0.0001510418
0.0001203626
8.794061e-05
6.051664e-05
3.556599e-05
1.174858e-05
0.0002787401
0.0002572269
0.000235789
0.000214244
0.0001925602
0.0001706383
0.0001484538
0.0001151108
8.422695e-05
5.840688e-05
3.45346e-05
1.144255e-05
0.0002571141
0.0002354527
0.0002137975
0.0001918583
0.0001693854
0.0001457806
0.0001064627
7.924201e-05
5.579054e-05
3.328516e-05
1.107617e-05
9.149791e-05
7.332065e-05
5.293086e-05
3.194551e-05
1.068361e-05
8.113055e-05
6.794924e-05
5.02189e-05
3.066533e-05
1.030675e-05
7.40904e-05
6.371611e-05
4.795448e-05
2.957958e-05
9.984992e-06
6.966931e-05
6.081982e-05
4.633639e-05
2.878796e-05
9.74959e-06
6.74815e-05
5.931682e-05
4.546968e-05
2.835816e-05
9.620599e-06
6.73858e-05
5.92143e-05
4.539939e-05
2.831913e-05
9.608587e-06
6.053474e-05
4.612146e-05
2.866809e-05
9.712111e-06
4.760511e-05
2.936972e-05
9.91948e-06
3.036887e-05
1.020877e-05
1.055387e-05
0.0003139651
0.0002960155
0.0002767311
0.0002565712
0.0002359742
0.0002151714
0.0001944047
0.0001738464
0.0001537953
0.0001248359
9.152179e-05
6.268837e-05
3.666527e-05
1.207995e-05
0.0002965481
0.0002768578
0.0002565265
0.000235767
0.000214839
0.0001938858
0.0001731142
0.0001527437
0.0001233126
9.027607e-05
6.19249e-05
3.627666e-05
1.196243e-05
0.000277443
0.000256605
0.0002355969
0.0002144083
0.0001931518
0.000171901
0.0001508683
0.000120211
8.782871e-05
6.044873e-05
3.55379e-05
1.174157e-05
0.0002567043
0.0002353319
0.0002139178
0.0001922976
0.0001704324
0.0001482704
0.0001149773
8.412132e-05
5.833309e-05
3.44961e-05
1.143348e-05
0.0002349915
0.0002133872
0.0001915652
0.0001691542
0.0001456038
0.0001063317
7.914926e-05
5.572079e-05
3.324333e-05
1.106387e-05
9.138529e-05
7.323069e-05
5.286852e-05
3.190565e-05
1.067023e-05
8.101922e-05
6.786503e-05
5.015735e-05
3.062908e-05
1.029391e-05
7.397592e-05
6.362855e-05
4.789481e-05
2.954335e-05
9.973168e-06
6.954808e-05
6.072581e-05
4.627265e-05
2.875205e-05
9.737652e-06
6.73858e-05
5.92143e-05
4.539939e-05
2.831913e-05
9.608587e-06
5.913106e-05
4.532127e-05
2.827535e-05
9.595359e-06
4.605702e-05
2.861887e-05
9.697095e-06
2.932883e-05
9.902443e-06
1.019454e-05
0.0002953767
0.0002761856
0.0002561841
0.0002356532
0.0002149143
0.0001941634
0.0001736477
0.000153601
0.0001246757
9.141808e-05
6.263919e-05
3.664351e-05
1.207357e-05
0.0002762791
0.0002560251
0.0002354095
0.0002145464
0.000193653
0.0001728998
0.0001525682
0.0001231573
9.01611e-05
6.185534e-05
3.624803e-05
1.195531e-05
0.0002560859
0.0002351405
0.0002140818
0.0001928885
0.0001716936
0.0001506819
0.0001200718
8.77185e-05
6.037228e-05
3.549823e-05
1.173228e-05
0.0002348717
0.0002135074
0.0001920038
0.0001701998
0.0001480905
0.0001148357
8.402304e-05
5.826012e-05
3.445269e-05
1.142076e-05
0.0002129841
0.0001912014
0.0001688951
0.0001454049
0.0001062014
7.905208e-05
5.565527e-05
3.320183e-05
1.104999e-05
9.126004e-05
7.314016e-05
5.280371e-05
3.186798e-05
1.065692e-05
8.08941e-05
6.777183e-05
5.009503e-05
3.059156e-05
1.028173e-05
7.384632e-05
6.353021e-05
4.782895e-05
2.950653e-05
9.960955e-06
6.944853e-05
6.062057e-05
4.620112e-05
2.871249e-05
9.725498e-06
5.913106e-05
4.532127e-05
2.827535e-05
9.595359e-06
4.525828e-05
2.822688e-05
9.580524e-06
2.857932e-05
9.680483e-06
9.888752e-06
0.0002756104
0.0002556837
0.0002352958
0.0002146217
0.0001939301
0.0001734328
0.0001534245
0.0001245186
9.130161e-05
6.256879e-05
3.661461e-05
1.206638e-05
0.0002555092
0.0002349538
0.0002142197
0.000193389
0.0001726912
0.0001523797
0.0001230147
9.004793e-05
6.177704e-05
3.620753e-05
1.194585e-05
0.0002346819
0.0002136713
0.0001925937
0.0001714593
0.0001504992
0.0001199239
8.761613e-05
6.029671e-05
3.54535e-05
1.171921e-05
0.0002131045
0.0001916392
0.000169939
0.0001478883
0.0001146954
8.391983e-05
5.81917e-05
3.440965e-05
1.140642e-05
0.0001908522
0.0001685777
0.0001451816
0.0001060561
7.895459e-05
5.558702e-05
3.316268e-05
1.103621e-05
9.111922e-05
7.303979e-05
5.273821e-05
3.182894e-05
1.064433e-05
8.075104e-05
6.766711e-05
5.002618e-05
3.055348e-05
1.026914e-05
7.373871e-05
6.341955e-05
4.775501e-05
2.946594e-05
9.948531e-06
6.053474e-05
4.612146e-05
2.866809e-05
9.712111e-06
4.525828e-05
2.822688e-05
9.580524e-06
2.818803e-05
9.564135e-06
9.667184e-06
0.0002551697
0.0002348406
0.0002142949
0.0001936658
0.0001732234
0.000153235
0.0001243745
9.1187e-05
6.248956e-05
3.657368e-05
1.205683e-05
0.0002344967
0.0002138091
0.0001930935
0.0001724556
0.0001521949
0.0001228632
8.99429e-05
6.169969e-05
3.616188e-05
1.193254e-05
0.0002132687
0.0001922281
0.0001711966
0.0001502937
0.0001197774
8.750848e-05
6.022597e-05
3.54092e-05
1.170448e-05
0.0001912894
0.0001696197
0.0001476612
0.0001145384
8.381651e-05
5.812033e-05
3.436912e-05
1.139218e-05
0.0001682797
0.0001449119
0.0001058926
7.884632e-05
5.551817e-05
3.312204e-05
1.102317e-05
9.095618e-05
7.292696e-05
5.266576e-05
3.178936e-05
1.063129e-05
8.063035e-05
6.754843e-05
4.994885e-05
3.051146e-05
1.025634e-05
6.332854e-05
4.767236e-05
2.942038e-05
9.934841e-06
4.605702e-05
2.861887e-05
9.697095e-06
2.818803e-05
9.564135e-06
9.55104e-06
0.0002343844
0.0002138843
0.0001933699
0.0001729871
0.0001530492
0.0001242213
9.108067e-05
6.241131e-05
3.652756e-05
1.204339e-05
0.0002134069
0.000192727
0.0001721913
0.0001519872
0.0001227132
8.983238e-05
6.162734e-05
3.611668e-05
1.191752e-05
0.0001918776
0.0001708749
0.0001500629
0.0001196136
8.740086e-05
6.015209e-05
3.536752e-05
1.168986e-05
0.0001693198
0.0001473867
0.000114362
8.370164e-05
5.804843e-05
3.4327e-05
1.137874e-05
0.0001446641
0.0001057006
7.872456e-05
5.544195e-05
3.308091e-05
1.100967e-05
9.081593e-05
7.279808e-05
5.258435e-05
3.174567e-05
1.061805e-05
6.744976e-05
4.986197e-05
3.046429e-05
1.024223e-05
4.760511e-05
2.936972e-05
9.91948e-06
2.857932e-05
9.680483e-06
9.55104e-06
0.0002134823
0.000193003
0.0001727221
0.0001528403
0.0001240697
9.096875e-05
6.233815e-05
3.648189e-05
1.202824e-05
0.0001923759
0.0001718677
0.0001517537
0.0001225454
8.972197e-05
6.155173e-05
3.607419e-05
1.190264e-05
0.0001705728
0.0001497838
0.0001194294
8.728112e-05
6.007775e-05
3.532417e-05
1.167608e-05
0.0001471342
0.0001141535
8.357241e-05
5.796877e-05
3.428441e-05
1.13648e-05
0.0001055317
7.858442e-05
5.535626e-05
3.303545e-05
1.099598e-05
7.268959e-05
5.24924e-05
3.169658e-05
1.060345e-05
4.979074e-05
3.041162e-05
1.02264e-05
2.932883e-05
9.902443e-06
9.667184e-06
0.0001926515
0.0001723975
0.0001526055
0.0001239
9.085697e-05
6.226166e-05
3.643898e-05
1.201321e-05
0.000171564
0.0001514713
0.0001223566
8.959908e-05
6.147571e-05
3.602997e-05
1.188861e-05
0.0001495269
0.000119211
8.714638e-05
5.999533e-05
3.528038e-05
1.166178e-05
0.0001139683
8.342286e-05
5.787917e-05
3.423731e-05
1.135068e-05
7.846505e-05
5.525896e-05
3.298437e-05
1.098086e-05
5.241637e-05
3.164155e-05
1.058706e-05
3.036887e-05
1.020877e-05
9.888752e-06
0.0001720929
0.0001523215
0.0001237092
9.073254e-05
6.218478e-05
3.639431e-05
1.199906e-05
0.0001512114
0.0001221326
8.946077e-05
6.139139e-05
3.598533e-05
1.187404e-05
0.0001190163
8.698991e-05
5.99026e-05
3.523193e-05
1.16473e-05
8.329446e-05
5.777701e-05
3.418437e-05
1.133508e-05
5.517788e-05
3.292688e-05
1.096388e-05
3.15966e-05
1.056874e-05
1.019454e-05
0.00015206
0.0001234825
9.059248e-05
6.20995e-05
3.634923e-05
1.198435e-05
0.0001219324
8.929983e-05
6.129651e-05
3.593592e-05
1.185931e-05
8.685489e-05
5.979655e-05
3.517745e-05
1.163129e-05
5.769134e-05
3.412458e-05
1.131755e-05
3.287962e-05
1.094485e-05
1.055387e-05
0.0001232799
9.042936e-05
6.200352e-05
3.629933e-05
1.196949e-05
8.916055e-05
6.118777e-05
3.588035e-05
1.184302e-05
5.970721e-05
3.511576e-05
1.16133e-05
3.407519e-05
1.129784e-05
1.092932e-05
9.0288e-05
6.189343e-05
3.62432e-05
1.195305e-05
6.109592e-05
3.581731e-05
1.18247e-05
3.50646e-05
1.159303e-05
1.128168e-05
6.18003e-05
3.617946e-05
1.193456e-05
3.57649e-05
1.180403e-05
1.157635e-05
3.612641e-05
1.191367e-05
1.178697e-05
1.189643e-05
)
;

boundaryField
{
    interconnectSides
    {
        type            zeroGradient;
    }
    anodeSides
    {
        type            zeroGradient;
    }
    interconnect1
    {
        type            fixedValue;
        value           uniform 0;
    }
    phiEA_to_phiE0
    {
        type            zeroGradient;
    }
}


// ************************************************************************* //
