/*--------------------------------*- C++ -*----------------------------------*\
| =========                 |                                                 |
| \\      /  F ield         | OpenFOAM: The Open Source CFD Toolbox           |
|  \\    /   O peration     | Version:  2312                                  |
|   \\  /    A nd           | Website:  www.openfoam.com                      |
|    \\/     M anipulation  |                                                 |
\*---------------------------------------------------------------------------*/
FoamFile
{
    version     2.0;
    format      ascii;
    arch        "LSB;label=32;scalar=64";
    class       surfaceScalarField;
    location    "50/air";
    object      phi;
}
// * * * * * * * * * * * * * * * * * * * * * * * * * * * * * * * * * * * * * //

dimensions      [0 3 -1 0 0 0 0];

oriented        oriented;

internalField   nonuniform List<scalar> 
45800
(
3.244029e-11
3.509133e-11
3.217213e-11
3.617945e-11
5.534351e-11
4.031419e-11
1.962928e-11
2.252885e-11
-7.631194e-12
5.267934e-11
5.509436e-11
2.433776e-11
3.037339e-11
6.088159e-11
4.427705e-11
2.46677e-11
4.175237e-11
8.044825e-12
5.80963e-11
9.553672e-11
3.925446e-11
1.776938e-11
1.953666e-11
-1.509342e-11
1.893026e-11
4.170179e-11
-1.347788e-11
5.401976e-11
6.052597e-11
9.761939e-12
1.567867e-11
6.291313e-11
5.123609e-11
2.267974e-11
5.034776e-11
1.208329e-11
4.496433e-11
1.094569e-10
4.783197e-11
2.108562e-11
3.810026e-11
-2.037482e-13
3.547041e-11
8.629724e-11
1.928146e-13
6.326427e-11
1.097166e-10
2.02574e-11
1.67425e-11
1.905398e-11
-1.688641e-11
1.733663e-11
3.805491e-11
-2.946002e-11
1.815075e-11
5.021038e-11
-2.17313e-11
5.456669e-11
6.282819e-11
-7.653169e-12
-7.476545e-13
6.370852e-11
5.221882e-11
1.180053e-11
5.429423e-11
1.893434e-11
2.452694e-11
1.153959e-10
5.616938e-11
1.888432e-11
4.788428e-11
4.151264e-12
3.186561e-11
1.086528e-10
1.594886e-11
5.091667e-11
1.284881e-10
3.165495e-11
1.96908e-11
3.772336e-11
-2.80353e-12
2.988105e-11
8.322175e-11
-9.957245e-12
3.152329e-11
1.088051e-10
-1.259311e-11
6.483859e-11
1.158777e-10
-5.909503e-12
1.68982e-11
1.942067e-11
-1.733785e-11
1.627615e-11
3.768986e-11
-3.295306e-11
1.055431e-11
4.794124e-11
-3.791374e-11
2.121202e-11
5.414255e-11
-3.427021e-11
5.565766e-11
6.381712e-11
-2.714225e-11
-1.608171e-11
6.374701e-11
5.10711e-11
7.106162e-14
5.587783e-11
1.92652e-11
3.044438e-13
1.178276e-10
5.851241e-11
1.035612e-11
5.293349e-11
9.424135e-12
1.722366e-11
1.193721e-10
2.901156e-11
2.800622e-11
1.371043e-10
4.19262e-11
1.760381e-11
4.818228e-11
1.292793e-12
2.616531e-11
1.092913e-10
6.658639e-12
2.772444e-11
1.396009e-10
8.296298e-12
5.285188e-11
1.374738e-10
6.159918e-12
1.942497e-11
3.859032e-11
-3.951234e-12
2.736882e-11
8.387246e-11
-1.515086e-11
2.0346e-11
1.095167e-10
-2.125118e-11
2.967118e-11
1.196272e-10
-2.483785e-11
6.640488e-11
1.185407e-10
-3.520065e-11
1.647549e-11
2.008922e-11
-1.784143e-11
1.596123e-11
3.856548e-11
-3.490663e-11
9.24432e-12
4.825088e-11
-4.333023e-11
7.312276e-12
5.280518e-11
-4.419573e-11
2.084469e-11
5.584424e-11
-4.715204e-11
5.80111e-11
6.396561e-11
-4.9139e-11
6.099159e-12
4.874693e-15
-6.33318e-12
-2.865298e-11
6.292487e-11
4.906413e-11
-1.186087e-11
5.587012e-11
1.935608e-11
-2.412029e-11
1.178241e-10
5.757288e-11
1.404565e-12
5.50937e-11
9.174179e-12
-3.441975e-13
1.239293e-10
2.990286e-11
2.368267e-13
1.40713e-10
4.552054e-11
1.035801e-11
5.391147e-11
5.777019e-12
1.425399e-11
1.231617e-10
1.682263e-11
1.666356e-11
1.552551e-10
2.179634e-11
2.91797e-11
1.478237e-10
1.776237e-11
1.78928e-11
4.958263e-11
-2.846633e-14
2.38097e-11
1.120351e-10
1.829593e-12
1.874358e-11
1.463306e-10
1.245408e-12
2.695522e-11
1.556915e-10
-7.233999e-12
5.425068e-11
1.414279e-10
-2.310112e-11
1.937701e-11
3.995711e-11
-4.471954e-12
2.659435e-11
8.63075e-11
-1.727742e-11
1.739054e-11
1.122915e-10
-2.63577e-11
1.27627e-11
1.234442e-10
-3.041851e-11
3.259142e-11
1.245093e-10
-4.254882e-11
6.938791e-11
1.188386e-10
-6.542172e-11
1.659599e-11
2.083878e-11
-1.751441e-11
1.522059e-11
3.992185e-11
-3.460889e-11
9.452429e-12
4.968998e-11
-4.600259e-11
4.083287e-12
5.388548e-11
-4.841653e-11
8.865727e-12
5.506714e-11
-5.228945e-11
2.234426e-11
5.600145e-11
-6.155249e-11
6.256155e-11
6.330523e-11
-7.505044e-11
1.326519e-11
9.032503e-15
-7.411762e-12
6.643309e-12
1.02456e-14
-6.969626e-12
5.300355e-12
3.353413e-15
-1.185038e-11
-3.413086e-11
6.081738e-11
4.400901e-11
-1.911447e-11
5.422451e-11
1.583861e-11
-4.51639e-11
1.154564e-10
5.453152e-11
-9.263107e-12
5.506077e-11
1.117592e-11
-1.860398e-11
1.239042e-10
3.087882e-11
-2.776452e-11
1.407149e-10
4.481937e-11
1.714806e-12
5.644301e-11
6.86007e-12
7.687496e-13
1.292515e-10
1.669952e-11
1.230686e-13
1.620258e-10
2.50263e-11
1.626105e-13
1.522033e-10
2.232327e-11
1.061171e-11
5.578969e-11
4.912046e-12
1.358408e-11
1.278352e-10
1.064617e-11
1.178831e-11
1.667172e-10
1.219658e-11
1.651855e-11
1.746e-10
5.4399e-12
2.995283e-11
1.526263e-10
-1.054956e-11
1.808146e-11
5.145614e-11
-1.019896e-12
2.315258e-11
1.160762e-10
-1.247309e-12
1.563639e-11
1.526575e-10
-3.279807e-12
1.489933e-11
1.672359e-10
-1.245113e-11
2.965027e-11
1.629971e-10
-2.585322e-11
5.651103e-11
1.418525e-10
-5.206102e-11
1.912004e-11
4.149858e-11
-4.78938e-12
2.487844e-11
8.954e-11
-1.806347e-11
1.611182e-11
1.163531e-10
-2.877681e-11
7.61818e-12
1.282413e-10
-3.501966e-11
1.720838e-11
1.299684e-10
-4.420292e-11
3.558639e-11
1.249598e-10
-6.191423e-11
7.448413e-11
1.168138e-10
-9.418219e-11
1.645051e-11
2.169726e-11
-1.81345e-11
1.514344e-11
4.148345e-11
-3.496144e-11
7.479829e-12
5.158794e-11
-4.477108e-11
3.276975e-12
5.574312e-11
-5.160768e-11
4.803762e-12
5.644617e-11
-5.461239e-11
1.181599e-11
5.527044e-11
-6.339845e-11
2.570415e-11
5.463944e-11
-7.864109e-11
7.054775e-11
6.144371e-11
-1.071393e-10
2.182138e-11
1.821048e-14
-8.793172e-12
1.34865e-11
1.018505e-14
-7.147385e-12
1.137131e-11
8.706047e-15
-1.374083e-11
7.071963e-12
2.265904e-14
-7.302475e-12
5.776792e-12
9.682267e-15
-1.308324e-11
4.503956e-12
-4.688411e-15
-1.66815e-11
-3.152196e-11
5.528748e-11
4.153637e-11
-2.092145e-11
5.028626e-11
1.208307e-11
-5.837657e-11
1.09399e-10
4.771326e-11
-1.465244e-11
5.288778e-11
6.275925e-12
-3.123266e-11
1.194875e-10
2.396528e-11
-5.11747e-11
1.371612e-10
4.074944e-11
-7.110911e-12
5.643058e-11
7.024332e-12
-1.321282e-11
1.29226e-10
1.899011e-11
-1.593501e-11
1.620104e-10
2.551384e-11
-2.907915e-11
1.522045e-10
2.185346e-11
2.359251e-12
5.858282e-11
5.627176e-12
1.54113e-12
1.34959e-10
1.245842e-11
2.231151e-13
1.758416e-10
1.433933e-11
3.765866e-13
1.828346e-10
1.052523e-11
1.074347e-13
1.574081e-10
-5.22046e-12
1.081199e-11
5.802647e-11
4.820952e-12
1.282215e-11
1.331436e-10
9.259166e-12
9.488232e-12
1.760509e-10
7.338973e-12
1.00396e-11
1.920142e-10
-3.701038e-13
1.745507e-11
1.834885e-10
-1.322003e-11
3.105751e-11
1.531653e-10
-3.823306e-11
1.828277e-11
5.35006e-11
-1.449303e-12
2.115726e-11
1.207557e-10
-2.244548e-12
1.333535e-11
1.592797e-10
-5.634819e-12
9.662226e-12
1.766609e-10
-1.47799e-11
1.75795e-11
1.770791e-10
-2.689242e-11
3.216326e-11
1.637028e-10
-4.424712e-11
5.99152e-11
1.388311e-10
-7.631751e-11
1.882587e-11
4.316703e-11
-4.376594e-12
2.490453e-11
9.308803e-11
-1.844808e-11
1.274265e-11
1.210536e-10
-2.860748e-11
5.017718e-12
1.336032e-10
-3.576569e-11
9.911261e-12
1.358382e-10
-4.599856e-11
2.116747e-11
1.305594e-10
-5.914995e-11
3.957554e-11
1.210745e-10
-8.006893e-11
8.150193e-11
1.114796e-10
-1.166712e-10
1.630522e-11
2.25851e-11
-1.768317e-11
1.448118e-11
4.314435e-11
-3.475809e-11
6.87079e-12
5.362486e-11
-4.432535e-11
2.222985e-12
5.7925e-11
-4.904181e-11
2.084977e-12
5.855941e-11
-5.583253e-11
8.126001e-12
5.668542e-11
-6.418119e-11
1.561844e-11
5.342532e-11
-7.786138e-11
3.184755e-11
5.115905e-11
-1.003134e-10
8.165038e-11
5.675328e-11
-1.457324e-10
3.318914e-11
1.779537e-14
-1.15696e-11
2.195118e-11
1.925389e-14
-8.727017e-12
1.688709e-11
1.66974e-14
-1.456292e-11
1.434787e-11
1.85508e-14
-7.481309e-12
1.146414e-11
1.166612e-14
-1.315818e-11
1.172705e-11
8.301069e-15
-2.125338e-11
6.755026e-12
2.203601e-14
-6.796221e-12
6.261549e-12
2.307526e-14
-1.379621e-11
6.162845e-12
9.851639e-15
-1.966107e-11
4.237724e-12
-9.368668e-15
-2.121475e-11
3.501514e-11
3.318462e-11
-1.647496e-11
4.168511e-11
8.256562e-12
-5.265963e-11
9.542606e-11
4.028468e-11
-1.78223e-11
4.782291e-11
5.044718e-12
-3.206846e-11
1.08565e-10
1.282905e-11
-6.364337e-11
1.285185e-10
3.163453e-11
-1.366163e-11
5.386072e-11
5.16362e-12
-2.368719e-11
1.231995e-10
1.241592e-11
-2.946664e-11
1.55316e-10
1.870092e-11
-5.311292e-11
1.478388e-10
1.694572e-11
-6.697289e-12
5.85631e-11
6.431582e-12
-1.011093e-11
1.349242e-10
1.226318e-11
-1.046501e-11
1.758232e-10
1.57547e-11
-1.535486e-11
1.828193e-10
1.06161e-11
-2.991702e-11
1.574059e-10
-5.503739e-12
2.134341e-12
6.102632e-11
5.73174e-12
1.98197e-12
1.4098e-10
9.764586e-12
8.152455e-13
1.868104e-10
1.005921e-11
-5.317688e-15
2.031723e-10
4.036016e-12
2.214101e-13
1.924834e-10
-7.305497e-12
2.981699e-14
1.580042e-10
-3.216446e-11
1.151461e-11
6.037908e-11
3.967374e-12
1.1754e-11
1.388575e-10
7.571821e-12
8.262702e-12
1.847706e-10
5.496054e-12
6.918864e-12
2.052949e-10
-3.20785e-12
1.082764e-11
2.040422e-10
-1.416331e-11
1.857935e-11
1.843965e-10
-3.082423e-11
3.257465e-11
1.495373e-10
-6.040428e-11
1.738964e-11
5.568007e-11
-1.347174e-12
2.138097e-11
1.257087e-10
-3.653185e-12
1.047866e-11
1.662356e-10
-7.560546e-12
6.955005e-12
1.854574e-10
-1.638974e-11
1.14202e-11
1.882812e-10
-2.747713e-11
2.056053e-11
1.78034e-10
-4.05844e-11
3.50185e-11
1.579645e-10
-5.880916e-11
6.356109e-11
1.311172e-10
-8.950654e-11
1.86346e-11
4.493296e-11
-4.653873e-12
2.445888e-11
9.688445e-11
-1.874087e-11
1.252745e-11
1.260538e-10
-2.970463e-11
3.720131e-12
1.3936e-10
-3.587347e-11
6.579672e-12
1.420229e-10
-4.64412e-11
1.46881e-11
1.365474e-10
-5.854953e-11
2.564291e-11
1.253277e-10
-7.345424e-11
4.503374e-11
1.113877e-10
-9.322523e-11
8.677071e-11
9.936032e-11
-1.21251e-10
1.62257e-11
2.347113e-11
-1.767949e-11
1.449166e-11
4.489426e-11
-3.453263e-11
6.766392e-12
5.580734e-11
-4.431275e-11
1.901346e-12
6.028574e-11
-4.870623e-11
3.194077e-12
6.105459e-11
-5.474857e-11
6.21844e-12
5.885138e-11
-6.424177e-11
1.22383e-11
5.451344e-11
-7.757339e-11
2.209628e-11
4.893755e-11
-9.785691e-11
4.133382e-11
4.36087e-11
-1.287065e-10
9.162904e-11
4.000701e-11
-1.775405e-10
5.740432e-11
2.099686e-14
-2.436237e-11
3.275875e-11
1.146382e-14
-1.101212e-11
2.115165e-11
1.61863e-14
-1.603213e-11
2.214128e-11
1.459746e-14
-7.97509e-12
1.68994e-11
1.962321e-14
-1.445291e-11
1.785808e-11
1.919334e-14
-2.097042e-11
1.388581e-11
1.872119e-14
-7.181674e-12
1.234087e-11
2.147214e-14
-1.379498e-11
1.216373e-11
7.243894e-15
-1.95428e-11
1.290895e-11
1.336931e-14
-3.0466e-11
6.498875e-12
-1.895665e-14
-6.380109e-12
6.102242e-12
2.238822e-14
-1.29448e-11
6.509693e-12
2.664602e-14
-2.05867e-11
6.095672e-12
9.962488e-15
-2.640513e-11
8.956435e-12
8.27548e-14
-3.064466e-11
2.245857e-11
-4.451411e-12
5.497041e-11
2.549311e-11
-1.509056e-11
3.801792e-11
5.496761e-13
-1.74277e-11
8.618862e-11
2.619238e-12
-5.414138e-11
1.096381e-10
2.109554e-11
-1.670758e-11
4.810791e-11
2.403336e-12
-2.566869e-11
1.091968e-10
6.117707e-12
-3.303014e-11
1.39642e-10
5.125922e-12
-6.510721e-11
1.374696e-10
6.154902e-12
-1.458171e-11
5.572323e-11
5.630455e-12
-1.951611e-11
1.27778e-10
9.262871e-12
-1.97374e-11
1.667136e-10
1.003282e-11
-2.731375e-11
1.745886e-10
3.889652e-12
-5.447041e-11
1.526286e-10
-1.11034e-11
-7.377886e-12
6.099268e-11
6.543723e-12
-9.36688e-12
1.409129e-10
1.113379e-11
-8.025546e-12
1.867845e-10
1.003664e-11
-9.902916e-12
2.03152e-10
5.305207e-12
-1.692904e-11
1.924697e-10
-7.288264e-12
-3.110047e-11
1.580018e-10
-3.234042e-11
1.713668e-12
6.353875e-11
7.09352e-12
1.172407e-12
1.471945e-10
9.430632e-12
4.324569e-13
1.966752e-10
7.628321e-12
-1.179147e-13
2.185222e-10
1.734723e-12
-1.554843e-13
2.162624e-10
-8.749393e-12
1.273245e-13
1.934934e-10
-2.429396e-11
-7.504895e-14
1.540908e-10
-5.357368e-11
1.164773e-11
6.287092e-11
2.996092e-12
1.175504e-11
1.447768e-10
6.956606e-12
6.100014e-12
1.933707e-10
3.229638e-12
5.245969e-12
2.167975e-10
-4.30826e-12
7.233201e-12
2.195682e-10
-1.453633e-11
1.219839e-11
2.052737e-10
-2.663622e-11
1.981601e-11
1.775025e-10
-4.355023e-11
3.376703e-11
1.403974e-10
-7.099384e-11
1.730896e-11
5.793374e-11
-1.248778e-12
2.162739e-11
1.308744e-10
-4.046061e-12
9.79464e-12
1.733667e-10
-8.342153e-12
5.621271e-12
1.941199e-10
-1.81453e-11
8.229128e-12
1.983472e-10
-2.809053e-11
1.458464e-11
1.894276e-10
-3.873622e-11
2.372636e-11
1.70272e-10
-5.096045e-11
3.789568e-11
1.439079e-10
-6.44805e-11
6.235101e-11
1.14572e-10
-7.96951e-11
1.8259e-11
4.668109e-11
-4.326839e-12
2.351208e-11
1.00774e-10
-1.813256e-11
1.261311e-11
1.312294e-10
-3.032986e-11
2.84268e-12
1.452864e-10
-3.638845e-11
7.015666e-12
1.484433e-10
-4.610793e-11
1.146225e-11
1.428293e-10
-5.796663e-11
1.974081e-11
1.303905e-10
-7.114319e-11
3.156726e-11
1.128056e-10
-8.440525e-11
5.016207e-11
9.163162e-11
-9.442841e-11
6.547105e-11
6.532659e-11
-6.046629e-11
1.6167e-11
2.43417e-11
-1.759627e-11
1.427193e-11
4.664025e-11
-3.431829e-11
6.68288e-12
5.805987e-11
-4.419868e-11
2.375923e-12
6.275928e-11
-4.876654e-11
2.917002e-12
6.360233e-11
-5.418211e-11
6.529823e-12
6.136359e-11
-6.382304e-11
1.079159e-11
5.645882e-11
-7.704458e-11
1.89682e-11
4.939202e-11
-9.712474e-11
3.253295e-11
4.022164e-11
-1.272145e-10
5.827744e-11
2.698355e-11
-1.741434e-10
1.883823e-12
4.230817e-14
-1.219922e-10
5.692281e-11
9.04627e-15
-2.42957e-11
2.792672e-11
1.860852e-14
-3.132701e-11
3.277122e-11
1.954776e-14
-1.08126e-11
2.087307e-11
1.24915e-14
-1.522083e-11
2.369388e-11
1.70339e-14
-2.210462e-11
2.265992e-11
1.386399e-14
-8.825443e-12
1.70351e-11
1.518873e-14
-1.288062e-11
1.77874e-11
1.890173e-14
-2.043037e-11
1.644644e-11
2.231479e-14
-2.497572e-11
1.354471e-11
-1.203553e-14
-6.962769e-12
1.182536e-11
1.965674e-14
-1.294543e-11
1.315899e-11
2.044108e-14
-2.078777e-11
1.196265e-11
5.462947e-15
-2.616331e-11
1.342007e-11
4.644592e-14
-3.571112e-11
6.766898e-12
6.589529e-14
-6.999362e-12
5.769816e-12
-2.156273e-14
-1.200469e-11
6.131015e-12
2.687053e-14
-1.919102e-11
7.051348e-12
2.680544e-14
-2.826014e-11
6.898427e-12
6.994945e-15
-3.416354e-11
7.88084e-14
-1.33458e-15
-3.092437e-11
1.944718e-11
-1.279677e-11
4.156556e-11
-9.084288e-12
6.043428e-11
1.087585e-11
-1.558062e-11
3.76344e-11
-1.460291e-12
-1.407113e-11
8.312033e-11
-8.844977e-12
-1.941507e-11
1.086641e-10
-1.029215e-11
-5.467709e-11
1.158386e-10
-5.196147e-12
-1.773236e-11
4.94985e-11
1.219429e-12
-2.368553e-11
1.119151e-10
3.102699e-12
-1.988911e-11
1.462696e-10
-8.457303e-13
-3.211095e-11
1.556481e-10
-8.290154e-12
-6.661633e-11
1.414191e-10
-2.310311e-11
-1.603933e-11
5.79658e-11
5.831987e-12
-1.870708e-11
1.330244e-10
8.94781e-12
-1.420362e-11
1.759956e-10
5.993819e-12
-1.567801e-11
1.919864e-10
-1.596951e-12
-2.980929e-11
1.834769e-10
-1.406525e-11
-5.668264e-11
1.531632e-10
-3.865084e-11
-7.660189e-12
6.35111e-11
6.360528e-12
-8.961692e-12
1.471432e-10
9.837924e-12
-6.723788e-12
1.966449e-10
8.326225e-12
-7.388986e-12
2.185021e-10
1.946947e-12
-1.109822e-11
2.162434e-10
-7.519381e-12
-1.824616e-11
1.934826e-10
-2.434944e-11
-3.275107e-11
1.540891e-10
-5.372172e-11
1.593782e-12
6.617444e-11
6.966897e-12
1.164652e-12
1.535244e-10
1.042346e-11
-3.387456e-14
2.06137e-10
6.004595e-12
-2.59067e-13
2.314981e-10
1.447246e-13
-4.740832e-13
2.340953e-10
-8.383592e-12
-9.798493e-14
2.176375e-10
-2.055103e-11
1.258005e-13
1.860541e-10
-3.652686e-11
-2.233867e-13
1.442878e-10
-6.384922e-11
1.10644e-11
6.542522e-11
3.129309e-12
1.188071e-11
1.508537e-10
5.756553e-12
5.389473e-12
2.018987e-10
2.721457e-12
4.125557e-12
2.275639e-10
-6.056175e-12
5.290609e-12
2.326814e-10
-1.447442e-11
8.651725e-12
2.210505e-10
-2.434128e-11
1.368961e-11
1.959112e-10
-3.497495e-11
2.077872e-11
1.607681e-10
-4.67978e-11
3.155451e-11
1.214131e-10
-6.16227e-11
1.705838e-11
6.021505e-11
-1.551467e-12
2.184276e-11
1.361864e-10
-5.478489e-12
1.056448e-11
1.806704e-10
-9.656138e-12
4.351124e-12
2.026834e-10
-1.843237e-11
7.614692e-12
2.079754e-10
-2.835868e-11
1.13657e-11
1.996374e-10
-3.817398e-11
1.811606e-11
1.80245e-10
-4.707172e-11
2.706954e-11
1.518946e-10
-5.446527e-11
3.754607e-11
1.163191e-10
-5.365992e-11
3.868494e-11
7.298946e-11
-2.589947e-11
1.824601e-11
4.843452e-11
-4.275747e-12
2.373257e-11
1.047109e-10
-1.824883e-11
1.2395e-11
1.365267e-10
-2.967327e-11
3.034894e-12
1.513482e-10
-3.703637e-11
6.272979e-12
1.548776e-10
-4.61744e-11
1.124429e-11
1.493132e-10
-5.730876e-11
1.687363e-11
1.360278e-10
-6.971442e-11
2.616347e-11
1.160548e-10
-8.165588e-11
3.814355e-11
8.942545e-11
-8.791166e-11
3.877691e-11
5.248192e-11
-6.21016e-11
-8.476182e-12
6.597029e-14
-5.008488e-11
1.623643e-11
2.524487e-11
-1.729356e-11
1.450877e-11
4.839944e-11
-3.409516e-11
6.408634e-12
6.032132e-11
-4.325152e-11
2.108959e-12
6.527483e-11
-4.852864e-11
2.966049e-12
6.623878e-11
-5.43719e-11
6.214595e-12
6.392819e-11
-6.299097e-11
1.067656e-11
5.879607e-11
-7.690646e-11
1.785838e-11
5.090285e-11
-9.654427e-11
2.972535e-11
3.999275e-11
-1.268388e-10
5.281155e-11
2.391696e-11
-1.771322e-10
2.511431e-12
4.349928e-14
-1.196629e-10
-3.816595e-12
1.153298e-14
-9.032126e-11
5.768981e-11
2.159527e-14
-2.506866e-11
2.766939e-11
5.838049e-15
-3.127054e-11
2.787883e-11
2.713492e-14
-3.576365e-11
3.278254e-11
5.808371e-15
-1.016778e-11
2.062345e-11
1.853273e-14
-1.458889e-11
2.377547e-11
1.791931e-14
-2.149628e-11
2.16158e-11
1.492547e-14
-2.765471e-11
2.18956e-11
-9.940113e-15
-8.306557e-12
1.74003e-11
1.50252e-14
-1.445968e-11
1.854394e-11
1.391302e-14
-1.852648e-11
1.508645e-11
2.356388e-14
-2.406024e-11
1.73691e-11
7.676304e-15
-2.955528e-11
1.35923e-11
5.773476e-14
-7.009507e-12
1.146911e-11
-1.304563e-14
-1.255605e-11
1.230662e-11
2.185371e-14
-1.922847e-11
1.393145e-11
2.422611e-14
-2.823922e-11
1.022673e-11
-6.131858e-15
-2.985762e-11
-4.821024e-13
-6.605975e-16
-3.505028e-11
5.897568e-12
8.223134e-15
-5.81935e-12
6.203715e-12
6.832845e-14
-1.343645e-11
6.119936e-12
-2.210653e-14
-1.799094e-11
6.757939e-12
2.250667e-14
-2.602756e-11
5.287639e-12
5.520324e-14
-3.373601e-11
-3.057261e-14
1.117028e-15
-3.371573e-11
7.800196e-14
-1.503739e-15
-3.107678e-11
1.899018e-11
-1.515654e-11
3.797385e-11
-2.33301e-11
5.004688e-11
-1.823145e-11
6.278889e-11
-6.619263e-12
-1.574008e-11
3.85017e-11
-2.935491e-12
-1.406504e-11
8.375984e-11
-1.180888e-11
-1.041245e-11
1.093526e-10
-1.906177e-11
-2.266411e-11
1.195543e-10
-2.348586e-11
-5.57467e-11
1.185181e-10
-3.458994e-11
-1.780008e-11
5.138024e-11
-3.667154e-13
-2.384088e-11
1.159395e-10
2.140357e-12
-1.544736e-11
1.524795e-10
-2.098901e-12
-1.577253e-11
1.671542e-10
-1.229181e-11
-3.34726e-11
1.629612e-10
-2.615666e-11
-6.94832e-11
1.418469e-10
-5.213258e-11
-1.686582e-11
6.031718e-11
6.585062e-12
-1.781759e-11
1.386976e-10
8.426437e-12
-1.154382e-11
1.84689e-10
4.952439e-12
-1.110829e-11
2.052516e-10
-3.568598e-12
-1.83684e-11
2.040188e-10
-1.485525e-11
-3.214101e-11
1.843866e-10
-3.134603e-11
-6.006721e-11
1.495363e-10
-6.084291e-11
-7.988526e-12
6.613779e-11
6.728548e-12
-9.414537e-12
1.534921e-10
9.936523e-12
-5.91881e-12
2.061109e-10
6.153264e-12
-5.88423e-12
2.31476e-10
9.618924e-13
-8.321999e-12
2.340794e-10
-8.032732e-12
-1.228001e-11
2.176221e-10
-1.943677e-11
-1.951741e-11
1.860455e-10
-3.66215e-11
-3.419527e-11
1.442869e-10
-6.401645e-11
6.625443e-13
6.887107e-11
7.433673e-12
7.595608e-13
1.599978e-10
1.093102e-11
-9.103541e-14
2.153664e-10
6.572759e-12
-4.53985e-13
2.433719e-10
-1.308584e-12
-6.488803e-13
2.48865e-10
-8.678278e-12
-4.033649e-13
2.357544e-10
-1.740758e-11
4.280407e-14
2.075119e-10
-2.832298e-11
1.454498e-13
1.680646e-10
-3.966092e-11
-4.19108e-13
1.242168e-10
-5.609659e-11
1.102408e-11
6.797658e-11
3.121326e-12
1.147066e-11
1.569963e-10
6.731369e-12
4.847418e-12
2.1046e-10
2.802491e-12
3.365462e-12
2.379198e-10
-6.661217e-12
4.704888e-12
2.446723e-10
-1.512974e-11
6.670248e-12
2.343521e-10
-2.304874e-11
1.035566e-11
2.09929e-10
-3.056861e-11
1.496992e-11
1.738673e-10
-3.597207e-11
1.94185e-11
1.2868e-10
-3.596064e-11
1.731778e-11
7.618931e-11
-1.644851e-11
1.632709e-11
6.246331e-11
-8.195771e-13
2.165408e-11
1.415009e-10
-5.352552e-12
1.032987e-11
1.880323e-10
-1.119242e-11
3.780642e-12
2.112841e-10
-1.90172e-11
6.649215e-12
2.173283e-10
-2.814678e-11
1.058076e-11
2.093706e-10
-3.739822e-11
1.512933e-11
1.89449e-10
-4.562073e-11
2.191341e-11
1.590342e-10
-4.997915e-11
2.810787e-11
1.184694e-10
-4.662446e-11
2.165066e-11
6.465825e-11
-2.819769e-11
-7.210729e-12
7.458847e-14
-2.713978e-11
1.759216e-11
5.020306e-11
-3.720083e-12
2.390327e-11
1.086451e-10
-1.823972e-11
1.262807e-11
1.418551e-10
-3.048841e-11
3.563045e-12
1.574797e-10
-3.708952e-11
5.818693e-12
1.6139e-10
-4.63906e-11
1.057807e-11
1.557966e-10
-5.702483e-11
1.626401e-11
1.420176e-10
-6.891508e-11
2.375211e-11
1.204345e-10
-8.005769e-11
3.348059e-11
9.057516e-11
-8.666295e-11
3.087574e-11
4.901199e-11
-6.252354e-11
-7.842909e-12
7.394524e-14
-5.166472e-11
-7.399774e-12
1.931859e-14
-4.655085e-11
1.619491e-11
2.61459e-11
-1.779632e-11
1.417115e-11
5.015027e-11
-3.394794e-11
6.2568e-12
6.25846e-11
-4.338276e-11
2.376823e-12
6.7798e-11
-4.82253e-11
3.153795e-12
6.892986e-11
-5.436317e-11
6.095012e-12
6.658196e-11
-6.315151e-11
1.036323e-11
6.121355e-11
-7.583897e-11
1.764221e-11
5.28942e-11
-9.667287e-11
2.90724e-11
4.097503e-11
-1.2682e-10
5.031245e-11
2.347001e-11
-1.768593e-10
2.626267e-12
4.993833e-14
-1.220066e-10
-2.782426e-12
1.051018e-14
-8.925908e-11
2.513717e-12
1.643602e-14
-6.511772e-11
5.739447e-11
6.115059e-15
-2.462419e-11
2.823017e-11
2.164412e-14
-3.286278e-11
2.728417e-11
9.19586e-15
-3.498602e-11
2.170773e-11
1.641843e-14
-3.613877e-11
3.306847e-11
4.189201e-15
-1.119386e-11
2.067713e-11
4.203359e-15
-1.350534e-11
2.3233e-11
2.064613e-14
-1.947654e-11
2.101329e-11
2.583578e-14
-2.784731e-11
2.06241e-11
-7.501741e-15
-3.156878e-11
2.271206e-11
4.2465e-14
-9.265018e-12
1.65554e-11
-1.254544e-14
-1.333385e-11
1.904694e-11
2.116613e-14
-2.132175e-11
1.628403e-11
-1.803223e-15
-2.145918e-11
2.018501e-11
2.300766e-14
-3.460969e-11
5.595108e-14
2.505705e-15
-3.014437e-11
1.273223e-11
1.501154e-14
-6.804225e-12
1.12476e-11
5.721629e-14
-1.223353e-11
1.231347e-11
-1.311265e-14
-1.867459e-11
1.170727e-11
1.749366e-14
-2.458531e-11
9.431867e-12
3.522437e-14
-3.256884e-11
1.154997e-13
4.223228e-15
-2.952743e-11
-4.224838e-13
-1.60781e-15
-3.410253e-11
6.499293e-12
-1.138429e-14
-6.368149e-12
5.184607e-12
9.059963e-15
-1.090102e-11
6.633487e-12
7.305653e-14
-2.039605e-11
5.571325e-12
-2.752077e-14
-2.36288e-11
3.211557e-12
1.568695e-14
-2.945478e-11
-6.955585e-14
-4.878596e-15
-3.332842e-11
-1.418532e-13
1.493522e-15
-3.285587e-11
-4.141226e-14
-2.133856e-15
-3.10143e-11
1.936178e-11
-1.683961e-11
3.761858e-11
-2.961741e-11
4.776659e-11
-3.210426e-11
5.406771e-11
-3.221693e-11
6.379692e-11
-2.618342e-11
-1.597574e-11
3.988677e-11
-3.970233e-12
-1.421812e-11
8.620232e-11
-1.575637e-11
-7.285607e-12
1.121359e-10
-2.347398e-11
-9.96473e-12
1.233221e-10
-2.88262e-11
-2.148722e-11
1.244616e-10
-4.141376e-11
-5.802092e-11
1.188285e-10
-6.488556e-11
-1.836665e-11
5.343158e-11
-1.157252e-12
-2.298316e-11
1.206378e-10
-8.617387e-13
-1.28851e-11
1.590727e-10
-3.700554e-12
-8.705469e-12
1.765651e-10
-1.393119e-11
-1.874882e-11
1.770199e-10
-2.595859e-11
-3.582644e-11
1.636784e-10
-4.426663e-11
-7.444811e-11
1.388312e-10
-7.657688e-11
-1.700706e-11
6.279731e-11
6.030133e-12
-1.864884e-11
1.445811e-10
9.065852e-12
-9.231238e-12
1.932784e-10
3.043093e-12
-8.136005e-12
2.16748e-10
-4.308412e-12
-1.310229e-11
2.195376e-10
-1.42984e-11
-2.090937e-11
2.05257e-10
-2.70492e-11
-3.474922e-11
1.774961e-10
-4.403867e-11
-6.377928e-11
1.404001e-10
-7.1645e-11
-9.157171e-12
6.883566e-11
6.69204e-12
-1.011131e-11
1.599841e-10
1.020369e-11
-5.659051e-12
2.153417e-10
6.173576e-12
-5.149179e-12
2.433565e-10
-1.054738e-12
-6.755898e-12
2.488493e-10
-7.695565e-12
-9.456335e-12
2.357424e-10
-1.706164e-11
-1.348302e-11
2.075002e-10
-2.733216e-11
-2.041878e-11
1.680565e-10
-3.9815e-11
-3.239459e-11
1.24216e-10
-5.626418e-11
6.531527e-13
7.156085e-11
7.089342e-12
1.95096e-13
1.665486e-10
1.128917e-11
-3.199673e-13
2.245736e-10
6.793651e-12
-5.883788e-13
2.54635e-10
-7.576202e-13
-5.960242e-13
2.62104e-10
-9.241579e-12
-6.314661e-13
2.507379e-10
-1.632653e-11
-2.224621e-13
2.236992e-10
-2.298246e-11
1.730034e-13
1.83725e-10
-2.917531e-11
1.167671e-13
1.339301e-10
-3.009196e-11
-5.008252e-13
7.746601e-11
-1.574499e-11
1.065739e-11
7.053678e-11
2.636472e-12
1.168303e-11
1.63184e-10
6.080576e-12
5.023144e-12
2.190722e-10
3.314415e-12
2.842756e-12
2.481572e-10
-6.505541e-12
4.049178e-12
2.560295e-10
-1.54086e-11
6.090018e-12
2.464856e-10
-2.274167e-11
8.489049e-12
2.21973e-10
-2.842434e-11
1.193476e-11
1.84323e-10
-3.104407e-11
1.43182e-11
1.34411e-10
-2.794135e-11
9.645565e-12
7.044971e-11
-1.820232e-11
-3.671562e-12
7.764958e-14
-1.99691e-11
1.494268e-11
6.475077e-11
8.065482e-15
2.145903e-11
1.468342e-10
-4.177969e-12
1.057373e-11
1.953716e-10
-1.095176e-11
3.288234e-12
2.199117e-10
-1.955609e-11
6.091958e-12
2.266307e-10
-2.857567e-11
9.811231e-12
2.188043e-10
-3.678421e-11
1.417812e-11
1.984194e-10
-4.426922e-11
1.931956e-11
1.662574e-10
-4.84287e-11
2.3653e-11
1.221103e-10
-4.383975e-11
1.601359e-11
6.296896e-11
-3.006311e-11
-6.991083e-12
8.738404e-14
-2.896364e-11
-5.894269e-12
2.15332e-14
-2.867871e-11
1.788934e-11
5.198599e-11
-3.649727e-12
2.354626e-11
1.125998e-10
-1.727993e-11
1.2836e-11
1.471945e-10
-3.03839e-11
3.352017e-12
1.636346e-10
-3.736867e-11
5.960156e-12
1.679625e-10
-4.645335e-11
1.020316e-11
1.623566e-10
-5.70656e-11
1.564267e-11
1.480867e-10
-6.840319e-11
2.306431e-11
1.254352e-10
-7.940908e-11
3.170554e-11
9.337643e-11
-8.559612e-11
2.753747e-11
4.889303e-11
-6.377982e-11
-7.90579e-12
7.529791e-14
-5.190376e-11
-6.547336e-12
1.663724e-14
-4.792566e-11
-4.145508e-12
2.196285e-14
-4.000197e-11
1.663714e-11
2.706318e-11
-1.772096e-11
1.508821e-11
5.193453e-11
-3.481788e-11
6.069653e-12
6.485509e-11
-4.286344e-11
2.159068e-12
7.032131e-11
-4.805269e-11
3.413801e-12
7.16216e-11
-5.433411e-11
6.187537e-12
6.929701e-11
-6.329551e-11
1.025255e-11
6.3736e-11
-7.599674e-11
1.736974e-11
5.500656e-11
-9.545394e-11
2.881093e-11
4.248411e-11
-1.272157e-10
5.058832e-11
2.39509e-11
-1.780502e-10
2.348113e-12
4.199074e-14
-1.217052e-10
-2.504772e-12
2.439321e-14
-9.134768e-11
2.922479e-12
9.035805e-15
-6.501194e-11
3.151007e-12
-6.61925e-15
-4.680508e-11
5.8491e-11
1.51192e-14
-2.545987e-11
2.790693e-11
3.354539e-15
-3.188998e-11
2.778423e-11
2.679321e-14
-3.765886e-11
1.903653e-11
-1.312567e-14
-3.321648e-11
1.699166e-11
5.860475e-14
-3.358089e-11
3.381538e-11
3.359832e-14
-1.118273e-11
2.090405e-11
3.711199e-15
-1.556733e-11
2.394366e-11
1.148785e-14
-1.850624e-11
1.808288e-11
6.465448e-15
-2.164171e-11
2.781201e-11
-2.682825e-14
-3.64004e-11
-3.388385e-14
3.786865e-15
-3.127004e-11
2.186902e-11
1.912732e-14
-9.145684e-12
1.759617e-11
4.214994e-14
-1.57743e-11
1.781471e-11
-1.208619e-14
-1.884413e-11
1.748982e-11
9.402571e-15
-2.751218e-11
1.579442e-11
2.41248e-14
-2.805027e-11
3.310609e-14
-3.932721e-15
-3.442953e-11
5.384083e-14
3.123225e-15
-3.061441e-11
1.352452e-11
-4.266953e-15
-6.912107e-12
1.051108e-11
1.42434e-14
-1.208305e-11
1.211603e-11
6.109784e-14
-1.794137e-11
1.131788e-11
-7.32095e-15
-2.442533e-11
8.732878e-12
5.458445e-14
-2.969798e-11
-2.085934e-13
-1.045797e-16
-3.222515e-11
2.692645e-13
5.086666e-15
-2.950326e-11
-3.566805e-13
-2.249955e-15
-3.336918e-11
6.851174e-12
1.430257e-14
-6.893636e-12
5.546692e-12
-1.219483e-14
-1.177458e-11
5.022753e-12
4.327145e-15
-1.591684e-11
6.791742e-12
8.809489e-14
-2.769725e-11
8.036777e-12
-6.215012e-14
-3.196796e-11
2.453342e-13
-7.185422e-16
-2.992642e-11
-4.416994e-14
-4.099636e-15
-3.273592e-11
-2.647716e-13
1.116375e-15
-3.205267e-11
-5.316649e-14
-2.750756e-15
-3.125237e-11
2.00303e-11
-1.699916e-11
3.848304e-11
-3.22772e-11
4.814388e-11
-3.791209e-11
5.269461e-11
-4.076748e-11
5.581212e-11
-4.573957e-11
6.395872e-11
-4.818507e-11
-1.589542e-11
4.142726e-11
-4.415757e-12
-1.472956e-11
8.942795e-11
-1.586476e-11
-7.17701e-12
1.161646e-10
-2.614735e-11
-5.043733e-12
1.280624e-10
-3.184938e-11
-1.042511e-11
1.298968e-10
-4.25841e-11
-2.255307e-11
1.249345e-10
-6.079451e-11
-6.244691e-11
1.168137e-10
-9.372083e-11
-1.849921e-11
5.560954e-11
-1.105711e-12
-2.388492e-11
1.255953e-10
-1.314003e-12
-1.197259e-11
1.660297e-10
-5.230994e-12
-5.135331e-12
1.853629e-10
-1.551583e-11
-1.215541e-11
1.88222e-10
-2.607021e-11
-2.174743e-11
1.779966e-10
-3.940396e-11
-3.937878e-11
1.579486e-10
-5.873936e-11
-8.138857e-11
1.311232e-10
-9.010393e-11
-1.640916e-11
6.535401e-11
4.316962e-12
-2.016659e-11
1.506854e-10
9.346191e-12
-8.872977e-12
2.017878e-10
3.65895e-12
-7.09919e-12
2.275137e-10
-5.793674e-12
-1.015583e-11
2.326534e-10
-1.401763e-11
-1.561284e-11
2.210302e-10
-2.387515e-11
-2.362214e-11
1.959001e-10
-3.527762e-11
-3.740353e-11
1.607637e-10
-4.741272e-11
-6.279419e-11
1.214201e-10
-6.267866e-11
-8.815422e-12
7.153417e-11
6.429468e-12
-1.111495e-11
1.66557e-10
1.072513e-11
-6.372863e-12
2.245554e-10
6.940959e-12
-4.539471e-12
2.546217e-10
-1.162073e-12
-5.884161e-12
2.620972e-10
-9.008849e-12
-7.990636e-12
2.507272e-10
-1.528928e-11
-1.072751e-11
2.236905e-10
-2.271181e-11
-1.453964e-11
1.837154e-10
-2.827004e-11
-1.901173e-11
1.339214e-10
-3.04091e-11
-1.86705e-11
7.746429e-11
-1.556547e-11
1.393401e-12
7.42382e-11
6.205192e-12
3.966432e-13
1.731389e-10
1.122797e-11
-1.941632e-13
2.337976e-10
7.186429e-12
-6.509553e-13
2.656924e-10
-7.869081e-13
-5.984535e-13
2.744835e-10
-8.485524e-12
-5.432202e-13
2.641418e-10
-1.597989e-11
-4.759368e-13
2.372943e-10
-2.092225e-11
-1.029806e-13
1.959772e-10
-2.318918e-11
2.060635e-13
1.414648e-10
-2.261558e-11
-6.722778e-15
7.284796e-11
-1.580649e-11
-1.945546e-13
8.047272e-14
-1.920336e-11
1.0046e-11
7.311868e-11
1.827761e-12
1.174657e-11
1.693852e-10
5.436977e-12
5.17056e-12
2.276852e-10
2.765654e-12
2.850679e-12
2.583673e-10
-6.466235e-12
3.656319e-12
2.671553e-10
-1.518666e-11
5.526016e-12
2.57952e-10
-2.255561e-11
7.824209e-12
2.331521e-10
-2.75377e-11
1.031368e-11
1.938557e-10
-2.894936e-11
1.179142e-11
1.403074e-10
-2.510622e-11
6.222449e-12
7.036729e-11
-1.805612e-11
-3.691767e-12
9.365742e-14
-2.141676e-11
-2.917611e-12
2.141041e-14
-2.297562e-11
1.457048e-11
6.705987e-11
4.387262e-13
2.023916e-11
1.521774e-10
-2.659732e-12
1.136764e-11
2.026897e-10
-1.040297e-11
3.47485e-12
2.285279e-10
-1.969131e-11
5.914693e-12
2.359262e-10
-2.878634e-11
9.372623e-12
2.281789e-10
-3.709086e-11
1.353876e-11
2.072189e-10
-4.347015e-11
1.836121e-11
1.736901e-10
-4.701768e-11
2.160806e-11
1.267903e-10
-4.30572e-11
1.279244e-11
6.387168e-11
-2.999006e-11
-7.084041e-12
8.867997e-14
-3.078039e-11
-5.568968e-12
2.006166e-14
-2.995661e-11
-4.417013e-12
2.106619e-14
-2.84929e-11
1.776606e-11
5.378743e-11
-3.599948e-12
2.446239e-11
1.165771e-10
-1.769041e-11
1.233973e-11
1.525466e-10
-2.971765e-11
3.647819e-12
1.697694e-10
-3.817746e-11
6.133888e-12
1.74537e-10
-4.66439e-11
1.022485e-11
1.689783e-10
-5.7117e-11
1.5356e-11
1.542759e-10
-6.839198e-11
2.25224e-11
1.30642e-10
-7.883337e-11
3.106304e-11
9.69996e-11
-8.539233e-11
2.68158e-11
5.013336e-11
-6.307754e-11
-8.304431e-12
7.314871e-14
-5.302129e-11
-6.359633e-12
1.961673e-14
-4.808735e-11
-3.800429e-12
1.452429e-14
-4.127132e-11
-1.775945e-12
7.51647e-15
-3.527458e-11
1.615208e-11
2.797669e-11
-1.786686e-11
1.517612e-11
5.372405e-11
-3.544557e-11
7.496479e-12
6.716465e-11
-4.544603e-11
2.385658e-12
7.295257e-11
-4.7956e-11
3.896791e-12
7.431473e-11
-5.464667e-11
6.302422e-12
7.200673e-11
-6.337757e-11
1.034107e-11
6.63337e-11
-7.630427e-11
1.728749e-11
5.724236e-11
-9.565652e-11
2.85208e-11
4.412601e-11
-1.258424e-10
5.016051e-11
2.482011e-11
-1.78399e-10
2.973762e-12
4.397889e-14
-1.224391e-10
-3.012061e-12
1.381676e-14
-9.078956e-11
3.11823e-12
2.702125e-14
-6.684209e-11
4.350268e-12
-5.782621e-15
-5.050497e-11
-2.131855e-13
6.693339e-14
-3.014743e-11
5.849525e-11
2.7097e-14
-2.472659e-11
2.914801e-11
1.647152e-14
-3.377956e-11
2.757577e-11
5.334807e-15
-3.559529e-11
1.984873e-11
1.738857e-14
-3.977772e-11
2.049884e-11
-3.225311e-14
-2.639329e-11
-1.884787e-13
-4.896095e-15
-3.33583e-11
3.331296e-11
2.017228e-14
-1.147796e-11
2.17246e-11
3.207669e-14
-1.538291e-11
2.359382e-11
1.048881e-14
-2.139753e-11
1.905109e-11
-1.817748e-14
-2.033669e-11
2.464385e-11
7.21771e-14
-3.099236e-11
-7.997255e-13
-4.596072e-16
-3.532788e-11
-2.135582e-14
3.593968e-15
-3.085098e-11
2.224366e-11
2.180891e-15
-8.632931e-12
1.666603e-11
1.88653e-14
-1.531619e-11
1.956622e-11
4.621778e-14
-2.340052e-11
1.482896e-11
-3.505395e-14
-2.242667e-11
2.096721e-11
7.846145e-14
-4.060769e-11
1.450059e-13
7.525183e-15
-2.842487e-11
1.724074e-14
-4.890699e-15
-3.37843e-11
-5.314591e-14
2.318141e-15
-3.088469e-11
1.412575e-11
1.808456e-14
-7.315031e-12
1.127123e-11
-4.670167e-15
-1.250291e-11
1.112762e-11
1.631453e-14
-1.814841e-11
8.444968e-12
6.358472e-14
-1.987348e-11
9.201252e-12
-5.37455e-14
-2.555202e-11
4.733728e-13
-4.40518e-15
-3.020377e-11
-1.388544e-13
5.842132e-16
-3.194605e-11
3.36565e-13
5.978201e-15
-3.066008e-11
-2.417245e-13
-2.928583e-15
-3.319678e-11
6.92664e-12
1.932042e-14
-7.092684e-12
6.031874e-12
1.284286e-14
-1.297285e-11
6.396154e-12
-1.629342e-14
-1.806886e-11
4.681183e-12
-3.549589e-16
-2.098334e-11
9.058527e-12
3.363476e-14
-3.814241e-11
-1.402289e-13
6.19517e-15
-3.232446e-11
1.793754e-13
-8.420279e-16
-3.032943e-11
-8.784762e-14
-4.059092e-15
-3.27633e-11
-1.46845e-13
3.519443e-15
-3.216514e-11
-1.239753e-13
-4.689313e-15
-3.182188e-11
2.078993e-11
-1.735601e-11
3.986383e-11
-3.386253e-11
4.959882e-11
-4.163414e-11
5.369236e-11
-4.403228e-11
5.502732e-11
-5.042423e-11
5.598764e-11
-6.034459e-11
6.33066e-11
-7.398081e-11
-1.620917e-11
4.310906e-11
-4.607712e-12
-1.436136e-11
9.299784e-11
-1.821449e-11
-5.945743e-12
1.209101e-10
-2.69156e-11
-3.211915e-12
1.334585e-10
-3.346048e-11
-6.557807e-12
1.357709e-10
-4.331472e-11
-1.224263e-11
1.305218e-10
-5.767395e-11
-2.559706e-11
1.210615e-10
-7.884255e-11
-7.027425e-11
1.114868e-10
-1.163723e-10
-1.817274e-11
5.787266e-11
-1.069118e-12
-2.449993e-11
1.307722e-10
-2.617972e-12
-1.151464e-11
1.731859e-10
-6.131204e-12
-4.134505e-12
1.940539e-10
-1.68902e-11
-9.126804e-12
1.982993e-10
-2.661203e-11
-1.570675e-11
1.893922e-10
-3.73429e-11
-2.557678e-11
1.702479e-10
-4.97329e-11
-4.441469e-11
1.438964e-10
-6.451881e-11
-8.673544e-11
1.145829e-10
-8.078472e-11
-1.560261e-11
6.791127e-11
3.753949e-12
-2.169691e-11
1.569067e-10
7.906578e-12
-1.013302e-11
2.103783e-10
4.403268e-12
-5.733751e-12
2.378643e-10
-5.520483e-12
-8.873668e-12
2.446478e-10
-1.479321e-11
-1.287603e-11
2.343367e-10
-2.240562e-11
-1.850967e-11
2.099152e-10
-3.00752e-11
-2.659957e-11
1.738584e-10
-3.630695e-11
-3.699159e-11
1.286745e-10
-3.671018e-11
-3.956616e-11
7.620112e-11
-1.798766e-11
-8.202584e-12
7.421864e-11
6.425226e-12
-1.073504e-11
1.731351e-10
1.017915e-11
-6.154061e-12
2.337842e-10
7.356318e-12
-4.406322e-12
2.656764e-10
-3.767618e-13
-5.316318e-12
2.74477e-10
-8.818898e-12
-7.085814e-12
2.641405e-10
-1.584825e-11
-9.429989e-12
2.37287e-10
-1.989895e-11
-1.200103e-11
1.959706e-10
-2.306006e-11
-1.385833e-11
1.414571e-10
-2.176453e-11
-9.277968e-12
7.283799e-11
-1.649447e-11
3.471394e-12
7.874432e-14
-1.921265e-11
2.008459e-12
7.697384e-11
4.870634e-12
9.659973e-13
1.797725e-10
9.585193e-12
2.669504e-13
2.43021e-10
6.812325e-12
-2.889398e-13
2.766732e-10
-6.714031e-13
-5.542564e-13
2.865245e-10
-8.611258e-12
-4.824185e-13
2.766499e-10
-1.495672e-11
-4.374411e-13
2.496462e-10
-2.003473e-11
-3.270539e-13
2.06781e-10
-2.107333e-11
-1.06308e-13
1.486031e-10
-1.844954e-11
9.568873e-14
7.358201e-11
-1.720422e-11
-1.095825e-13
9.641782e-14
-1.930164e-11
-2.405483e-13
2.236095e-14
-2.191009e-11
1.003663e-11
7.572655e-11
1.557753e-12
1.097042e-11
1.75638e-10
4.123186e-12
5.863657e-12
2.362985e-10
2.221747e-12
2.968498e-12
2.685402e-10
-6.905941e-12
3.727109e-12
2.78197e-10
-1.531048e-11
5.236932e-12
2.691754e-10
-2.224408e-11
7.339767e-12
2.438289e-10
-2.700257e-11
9.600928e-12
2.030946e-10
-2.801421e-11
1.057692e-11
1.465491e-10
-2.418734e-11
4.797149e-12
7.225857e-11
-1.898958e-11
-3.726202e-12
9.670508e-14
-2.131238e-11
-2.937586e-12
2.064691e-14
-2.406338e-11
-2.328781e-12
2.080516e-14
-2.512097e-11
1.4975e-11
6.937512e-11
1.834836e-13
2.087079e-11
1.575563e-10
-1.525771e-12
1.111624e-11
2.100413e-10
-9.14445e-12
4.050346e-12
2.371273e-10
-1.942573e-11
6.064633e-12
2.451903e-10
-2.886609e-11
9.241303e-12
2.375465e-10
-3.713933e-11
1.319816e-11
2.16028e-10
-4.373428e-11
1.782099e-11
1.811677e-10
-4.62687e-11
2.072191e-11
1.320745e-10
-4.201056e-11
1.161058e-11
6.591289e-11
-2.988332e-11
-7.264727e-12
9.122484e-14
-3.092603e-11
-5.575383e-12
1.599019e-14
-3.157185e-11
-4.233141e-12
2.079015e-14
-2.958595e-11
-4.032705e-12
3.107891e-15
-2.642282e-11
1.824548e-11
5.558855e-11
-4.093626e-12
2.522622e-11
1.205861e-10
-1.773207e-11
1.369778e-11
1.579611e-10
-2.945626e-11
3.18958e-12
1.759731e-10
-3.663084e-11
6.164917e-12
1.811008e-10
-4.70073e-11
1.033881e-11
1.755946e-10
-5.730206e-11
1.537075e-11
1.605534e-10
-6.845665e-11
2.22563e-11
1.360285e-10
-7.88241e-11
3.059593e-11
1.008928e-10
-8.490806e-11
2.615428e-11
5.198736e-11
-6.325643e-11
-8.030838e-12
7.310411e-14
-5.196956e-11
-6.905314e-12
1.702573e-14
-4.914477e-11
-3.242987e-12
2.090607e-14
-4.179965e-11
2.059387e-14
1.10432e-14
-3.707291e-11
-4.160381e-12
5.050492e-14
-3.169019e-11
1.684846e-11
2.889462e-11
-1.810159e-11
1.547771e-11
5.553154e-11
-3.520672e-11
8.573577e-12
6.949523e-11
-4.639881e-11
2.070799e-12
7.565064e-11
-5.010753e-11
3.754227e-12
7.705567e-11
-5.446032e-11
6.486931e-12
7.471745e-11
-6.387701e-11
1.036369e-11
6.892262e-11
-7.639957e-11
1.748342e-11
5.957259e-11
-9.625506e-11
2.846773e-11
4.589154e-11
-1.261196e-10
4.947622e-11
2.574752e-11
-1.764127e-10
2.563605e-12
4.693419e-14
-1.223699e-10
-2.246292e-12
1.849069e-14
-9.107042e-11
2.498179e-12
1.164951e-14
-6.576077e-11
4.572951e-12
2.895238e-14
-5.183106e-11
8.137333e-13
3.460494e-14
-3.114349e-11
-1.765694e-13
-2.267262e-15
-3.014487e-11
5.77015e-11
1.698496e-14
-2.441899e-11
2.915281e-11
2.643884e-14
-3.219376e-11
2.84734e-11
2.202331e-14
-3.881469e-11
1.874042e-11
-2.641017e-14
-3.549006e-11
2.710699e-11
1.475193e-13
-4.370636e-11
1.694435e-14
1.031359e-14
-2.748135e-11
-1.931965e-13
-5.601122e-15
-3.302948e-11
3.353263e-11
2.601083e-15
-1.124088e-11
2.131608e-11
2.175406e-14
-1.616739e-11
2.438598e-11
2.788446e-14
-2.031196e-11
1.890066e-11
-7.841287e-15
-2.562051e-11
2.89589e-11
6.12056e-14
-2.878241e-11
3.922537e-13
-2.699054e-15
-3.153882e-11
-7.259304e-13
3.158108e-16
-3.407415e-11
2.406942e-14
2.544525e-15
-3.090886e-11
2.230701e-11
1.696397e-14
-8.249498e-12
1.713959e-11
2.331502e-15
-1.439722e-11
1.797028e-11
2.285054e-14
-2.219971e-11
1.641116e-11
4.065111e-14
-3.147799e-11
2.188434e-11
1.017693e-14
-3.492282e-11
-9.272042e-13
-7.14967e-15
-3.9117e-11
1.255685e-13
7.729632e-15
-2.876213e-11
-2.271841e-13
-4.447109e-15
-3.270439e-11
-6.633144e-14
2.444622e-15
-3.130327e-11
1.367704e-11
1.657827e-14
-6.904927e-12
1.19512e-11
1.827925e-14
-1.329241e-11
1.244384e-11
-8.320058e-15
-1.841247e-11
8.235166e-12
6.001435e-15
-2.185219e-11
1.354954e-11
1.701833e-14
-2.425863e-11
4.615673e-13
4.359622e-15
-2.654865e-11
4.706969e-13
-4.462427e-15
-3.111525e-11
-2.629906e-13
-1.425858e-16
-3.206712e-11
4.350872e-13
6.584494e-15
-3.222326e-11
-3.255877e-13
-2.868046e-15
-3.307732e-11
6.929252e-12
4.716616e-14
-7.193883e-12
6.241326e-12
2.033519e-14
-1.352176e-11
6.347799e-12
1.256964e-14
-1.940484e-11
4.963238e-12
-2.513115e-14
-2.29468e-11
8.967406e-12
2.355186e-14
-3.005203e-11
-4.655396e-13
-3.284635e-15
-3.745072e-11
-1.72029e-13
5.574903e-15
-3.298716e-11
2.766997e-13
-1.695364e-16
-3.060311e-11
-5.728601e-14
-5.998776e-15
-3.346103e-11
-1.66491e-13
3.82822e-15
-3.28328e-11
-1.329403e-14
-4.426351e-16
-2.840555e-11
2.163837e-11
-1.753802e-11
4.140038e-11
-3.375941e-11
5.150402e-11
-4.217379e-11
5.555675e-11
-4.642149e-11
5.640239e-11
-5.198451e-11
5.524905e-11
-6.195288e-11
5.463359e-11
-7.731686e-11
6.14506e-11
-1.057977e-10
-1.604535e-11
4.486407e-11
-4.361604e-12
-1.482802e-11
9.678744e-11
-1.854495e-11
-6.45783e-12
1.25928e-10
-2.867754e-11
-1.890989e-12
1.392931e-10
-3.503271e-11
-4.456933e-12
1.419852e-10
-4.433512e-11
-8.775331e-12
1.365107e-10
-5.623466e-11
-1.551328e-11
1.253052e-10
-7.200268e-11
-3.142769e-11
1.113787e-10
-9.178152e-11
-8.122129e-11
9.937517e-11
-1.213585e-10
-1.774162e-11
6.013641e-11
-5.550326e-13
-2.407285e-11
1.360809e-10
-4.505195e-12
-1.347669e-11
1.805372e-10
-6.860733e-12
-2.837867e-12
2.026307e-10
-1.761185e-11
-7.936125e-12
2.079499e-10
-2.746916e-11
-1.301364e-11
1.996116e-10
-3.666696e-11
-1.997688e-11
1.802219e-10
-4.58343e-11
-3.099449e-11
1.518773e-10
-5.333638e-11
-4.921104e-11
1.163089e-10
-5.407009e-11
-6.601567e-11
7.300216e-11
-2.73417e-11
-1.467009e-11
7.045838e-11
3.502232e-12
-2.102367e-11
1.630946e-10
7.173781e-12
-1.165279e-11
2.190013e-10
4.674017e-12
-5.06783e-12
2.481138e-10
-5.204271e-12
-7.813951e-12
2.560016e-10
-1.437251e-11
-1.153978e-11
2.464764e-10
-2.244883e-11
-1.610222e-11
2.219633e-10
-2.774936e-11
-2.187419e-11
1.843115e-10
-3.065147e-11
-2.740107e-11
1.344024e-10
-2.851679e-11
-2.158844e-11
7.044005e-11
-1.862007e-11
6.619166e-12
8.125045e-14
-2.111763e-11
-7.5493e-12
7.692939e-11
6.485959e-12
-1.008296e-11
1.796975e-10
1.025209e-11
-5.839212e-12
2.429924e-10
6.984318e-12
-3.724916e-12
2.76654e-10
-2.019438e-13
-4.780258e-12
2.865131e-10
-8.18327e-12
-6.585843e-12
2.766468e-10
-1.518954e-11
-8.614386e-12
2.496478e-10
-1.999453e-11
-1.09634e-11
2.067754e-10
-2.005854e-11
-1.176119e-11
1.485997e-10
-1.856954e-11
-6.212206e-12
7.357643e-11
-1.618101e-11
3.457893e-12
9.383615e-14
-1.99729e-11
2.887272e-12
2.256481e-14
-2.235785e-11
2.410554e-12
7.971707e-11
4.389097e-12
7.739485e-13
1.86425e-10
7.693472e-12
1.682462e-13
2.522374e-10
5.970681e-12
-1.157711e-13
2.875959e-10
-1.040392e-12
-1.465093e-13
2.98421e-10
-8.688783e-12
-4.787024e-13
2.888022e-10
-1.50187e-11
-3.393269e-13
2.612876e-10
-1.888798e-11
-3.763412e-13
2.169835e-10
-2.024855e-11
-2.018067e-13
1.557118e-10
-1.742089e-11
-2.512356e-13
7.60281e-11
-1.583297e-11
-1.950501e-13
9.989238e-14
-2.06294e-11
-2.774165e-14
2.109651e-14
-2.221307e-11
-4.17411e-13
2.007296e-14
-2.389636e-11
9.906147e-12
7.834811e-11
1.826585e-12
1.180566e-11
1.818654e-10
3.629281e-12
5.692598e-12
2.449417e-10
8.082718e-13
3.347923e-12
2.786911e-10
-7.230468e-12
3.78654e-12
2.891689e-10
-1.558826e-11
5.304715e-12
2.8031e-10
-2.247898e-11
7.132521e-12
2.543559e-10
-2.668036e-11
9.215051e-12
2.121219e-10
-2.742022e-11
9.829827e-12
1.530686e-10
-2.367099e-11
4.200204e-12
7.499e-11
-1.949526e-11
-3.732063e-12
1.010836e-13
-2.242036e-11
-2.899506e-12
1.606681e-14
-2.398892e-11
-2.501147e-12
2.051841e-14
-2.586365e-11
-1.911714e-12
8.541592e-15
-2.739425e-11
1.514288e-11
7.169295e-11
1.067609e-13
2.086579e-11
1.62962e-10
-1.557544e-12
1.268025e-11
2.174506e-10
-8.48218e-12
4.796063e-12
2.457805e-10
-1.94168e-11
6.406858e-12
2.544377e-10
-2.889836e-11
9.340794e-12
2.468776e-10
-3.716896e-11
1.307703e-11
2.248698e-10
-4.367921e-11
1.758591e-11
1.88761e-10
-4.668067e-11
2.026658e-11
1.375636e-10
-4.148147e-11
1.083865e-11
6.851467e-11
-2.92899e-11
-7.150352e-12
9.107633e-14
-3.065503e-11
-5.681009e-12
1.815427e-14
-3.216564e-11
-4.34712e-12
1.370668e-14
-3.05227e-11
-2.99858e-12
-2.369074e-15
-2.669102e-11
-3.815026e-12
7.23667e-14
-2.721799e-11
1.821899e-11
5.737243e-11
-3.632885e-12
2.462327e-11
1.245992e-10
-1.807586e-11
1.427449e-11
1.633708e-10
-2.975141e-11
3.458499e-12
1.822261e-10
-3.754807e-11
6.915149e-12
1.877348e-10
-4.641594e-11
1.051397e-11
1.822104e-10
-5.765782e-11
1.54448e-11
1.668292e-10
-6.869214e-11
2.236483e-11
1.415399e-10
-7.892591e-11
3.024382e-11
1.049902e-10
-8.480826e-11
2.577416e-11
5.400998e-11
-6.324338e-11
-8.219746e-12
7.599338e-14
-5.237295e-11
-6.626621e-12
1.608398e-14
-4.760574e-11
-4.021388e-12
1.545045e-14
-4.268696e-11
-1.282842e-12
1.055591e-14
-3.603554e-11
-6.471416e-12
2.206484e-14
-3.00064e-11
-4.670137e-13
-2.138514e-15
-3.150265e-11
1.609192e-11
2.979594e-11
-1.771258e-11
1.424658e-11
5.732158e-11
-3.507348e-11
7.910941e-12
7.179936e-11
-4.633906e-11
2.590783e-12
7.825004e-11
-5.211639e-11
2.834938e-12
7.977987e-11
-5.567677e-11
6.494581e-12
7.745457e-11
-6.372546e-11
1.047981e-11
7.151707e-11
-7.702137e-11
1.746783e-11
6.188884e-11
-9.631913e-11
2.890871e-11
4.776689e-11
-1.272732e-10
4.949549e-11
2.675952e-11
-1.767918e-10
2.463661e-12
4.630748e-14
-1.210725e-10
-2.621958e-12
2.114082e-14
-9.061348e-11
3.363018e-12
2.1465e-14
-6.604785e-11
2.433835e-12
1.240498e-14
-4.95655e-11
1.51385e-12
4.045026e-14
-2.668607e-11
-2.404248e-13
6.261637e-16
-3.105234e-11
-1.636354e-13
-1.828105e-15
-3.010977e-11
5.799388e-11
5.614834e-15
-2.444996e-11
2.852242e-11
1.686125e-14
-3.167553e-11
2.821934e-11
2.702763e-14
-3.609424e-11
2.348482e-11
3.040109e-14
-4.34336e-11
2.229197e-11
9.982668e-15
-2.915672e-11
-1.071562e-12
-1.093274e-14
-4.172019e-11
9.741713e-14
1.134067e-14
-2.871299e-11
-2.585819e-13
-5.682147e-15
-3.265261e-11
3.383772e-11
1.980083e-14
-1.162454e-11
2.138233e-11
2.552767e-15
-1.54161e-11
2.434106e-11
2.619889e-14
-2.26548e-11
2.14727e-11
2.030192e-14
-2.556031e-11
2.517393e-11
4.23641e-14
-2.912123e-11
-2.682071e-13
7.679587e-16
-2.973109e-11
3.77791e-13
-2.593254e-15
-3.216239e-11
-6.43475e-13
1.0886e-15
-3.327478e-11
1.525986e-13
2.271803e-15
-3.166705e-11
2.230371e-11
1.99861e-14
-8.770448e-12
1.696753e-11
1.737409e-14
-1.334421e-11
1.870015e-11
2.674434e-16
-2.056002e-11
1.536182e-11
3.541104e-14
-2.927671e-11
2.514747e-11
9.651989e-14
-4.377026e-11
-1.59642e-13
5.404843e-15
-3.501379e-11
-8.4258e-13
-7.292822e-15
-3.747046e-11
1.311406e-13
7.716046e-15
-2.924388e-11
-1.232867e-13
-3.796788e-15
-3.246467e-11
-1.367248e-13
1.363307e-15
-3.181052e-11
1.441043e-11
4.679402e-14
-7.771661e-12
1.158595e-11
1.671273e-14
-1.241084e-11
1.333971e-11
1.750643e-14
-2.039476e-11
1.042297e-11
-1.106487e-14
-2.371456e-11
2.216611e-11
4.399635e-14
-3.408879e-11
8.369767e-13
2.874575e-15
-2.624337e-11
5.427308e-13
4.094308e-15
-2.802314e-11
3.631122e-13
-4.736659e-15
-3.164584e-11
-3.106555e-13
2.755534e-16
-3.257116e-11
1.505928e-13
5.280247e-15
-3.233258e-11
-2.725361e-14
-2.098884e-16
-2.926062e-11
6.837291e-12
5.05737e-14
-6.969128e-12
6.198077e-12
4.70169e-14
-1.366029e-11
6.430168e-12
2.247446e-14
-2.019211e-11
5.898298e-12
1.242682e-14
-2.554437e-11
8.329191e-12
8.19943e-14
-3.075791e-11
1.094545e-13
3.5259e-15
-3.010007e-11
-4.545243e-13
-3.377742e-15
-3.622806e-11
-2.101198e-13
4.282913e-15
-3.326685e-11
3.99677e-13
5.26825e-16
-3.114805e-11
2.173139e-15
-6.399773e-15
-3.355537e-11
-9.956313e-15
4.303326e-16
-2.919646e-11
-2.0812e-14
-4.3243e-16
-2.451633e-11
2.253235e-11
-1.742647e-11
4.308562e-11
-3.452335e-11
5.353943e-11
-4.275489e-11
5.783612e-11
-4.630685e-11
5.854622e-11
-5.303195e-11
5.666209e-11
-6.220032e-11
5.341117e-11
-7.62971e-11
5.115422e-11
-9.855194e-11
5.676457e-11
-1.439702e-10
-1.583699e-11
4.661777e-11
-4.059609e-12
-1.461431e-11
1.007033e-10
-1.820288e-11
-7.525011e-12
1.311312e-10
-3.015084e-11
-2.253253e-12
1.45266e-10
-3.523251e-11
-4.347737e-12
1.484235e-10
-4.50565e-11
-7.366222e-12
1.428093e-10
-5.628152e-11
-1.233255e-11
1.303663e-10
-6.896506e-11
-2.149951e-11
1.127871e-10
-8.296523e-11
-4.056502e-11
9.162305e-11
-9.277925e-11
-9.13081e-11
6.535093e-11
-6.146908e-11
-1.72158e-11
6.238367e-11
-5.753999e-14
-2.363749e-11
1.414034e-10
-3.700728e-12
-1.481307e-11
1.879401e-10
-9.005131e-12
-3.370891e-12
2.112582e-10
-1.72039e-11
-7.11412e-12
2.173135e-10
-2.766325e-11
-1.188076e-11
2.093673e-10
-3.685875e-11
-1.765932e-11
1.894321e-10
-4.430348e-11
-2.595422e-11
1.590155e-10
-4.890969e-11
-3.715226e-11
1.184566e-10
-4.578071e-11
-3.785485e-11
6.464714e-11
-2.94372e-11
7.907165e-12
7.692764e-14
-2.861419e-11
-1.391795e-11
7.303592e-11
3.40216e-12
-2.00698e-11
1.692571e-10
6.581274e-12
-1.16127e-11
2.276072e-10
4.228628e-12
-4.285349e-12
2.58318e-10
-4.982509e-12
-6.719054e-12
2.671312e-10
-1.438888e-11
-1.065482e-11
2.579395e-10
-2.17394e-11
-1.491942e-11
2.33151e-10
-2.729835e-11
-1.992908e-11
1.938466e-10
-2.831439e-11
-2.337829e-11
1.402973e-10
-2.495723e-11
-1.539956e-11
7.036017e-11
-1.923295e-11
6.630497e-12
9.256072e-14
-2.169518e-11
5.165358e-12
2.54961e-14
-2.342922e-11
-6.505853e-12
7.967162e-11
5.760775e-12
-9.834084e-12
1.863185e-10
9.694514e-12
-5.637153e-12
2.521846e-10
6.772902e-12
-3.575777e-12
2.875681e-10
-4.829804e-13
-4.010697e-12
2.984046e-10
-8.224003e-12
-6.14256e-12
2.887944e-10
-1.464e-11
-8.171249e-12
2.612859e-10
-1.895872e-11
-1.026985e-11
2.169853e-10
-2.029876e-11
-1.106781e-11
1.557082e-10
-1.632453e-11
-4.899299e-12
7.603081e-11
-1.636212e-11
3.519597e-12
1.012879e-13
-1.980022e-11
2.747865e-12
1.712152e-14
-2.275008e-11
2.544021e-12
2.511013e-14
-2.536711e-11
1.512766e-12
8.247852e-11
5.251156e-12
1.122114e-12
1.930416e-10
7.78358e-12
-5.416518e-13
2.614753e-10
4.598486e-12
-1.223942e-13
2.984843e-10
-1.457267e-12
-1.235837e-13
3.102185e-10
-8.921909e-12
-1.616019e-13
3.008026e-10
-1.519511e-11
-4.442589e-13
2.726751e-10
-1.879716e-11
-2.37535e-13
2.26806e-10
-1.924931e-11
-3.563715e-13
1.628937e-10
-1.726546e-11
-6.344967e-14
7.914199e-11
-1.625365e-11
-1.773669e-13
1.041064e-13
-1.928433e-11
-2.536263e-13
1.654924e-14
-2.327241e-11
3.030078e-13
2.326784e-14
-2.506524e-11
-9.534695e-13
9.860167e-15
-2.49645e-11
9.891855e-12
8.097045e-11
2.253021e-12
1.162769e-11
1.880592e-10
4.40962e-12
6.186433e-12
2.535932e-10
1.313474e-12
3.497677e-12
2.888715e-10
-8.07417e-12
3.998059e-12
3.001051e-10
-1.574571e-11
5.281881e-12
2.913641e-10
-2.255191e-11
7.160622e-12
2.648422e-10
-2.702392e-11
9.068681e-12
2.211488e-10
-2.719006e-11
9.586013e-12
1.596324e-10
-2.332966e-11
3.527795e-12
7.813951e-11
-1.949959e-11
-3.739918e-12
1.019036e-13
-2.279428e-11
-2.823767e-12
1.838092e-14
-2.529014e-11
-2.338561e-12
1.431471e-14
-2.603756e-11
-2.182367e-12
1.498481e-14
-2.678362e-11
-2.93027e-12
3.864539e-14
-2.884867e-11
1.633224e-11
7.401443e-11
-6.093302e-13
2.05042e-11
1.683809e-10
-1.302133e-12
1.255673e-11
2.24848e-10
-7.59008e-12
4.857419e-12
2.54447e-10
-1.857892e-11
6.958e-12
2.63731e-10
-2.873669e-11
9.647955e-12
2.561962e-10
-3.732267e-11
1.315235e-11
2.336867e-10
-4.368607e-11
1.748411e-11
1.964451e-10
-4.650626e-11
2.013722e-11
1.432397e-10
-4.230248e-11
1.047475e-11
7.12657e-11
-2.893028e-11
-7.285118e-12
9.352482e-14
-3.011821e-11
-5.541259e-12
1.540374e-14
-3.175406e-11
-4.321261e-12
1.713748e-14
-3.191621e-11
-2.553481e-12
5.766907e-16
-2.94475e-11
-6.210646e-12
4.972416e-14
-2.713981e-11
-8.768469e-14
2.947326e-16
-2.776618e-11
1.904467e-11
5.920964e-11
-4.941028e-12
2.464189e-11
1.286411e-10
-1.814713e-11
1.318919e-11
1.687779e-10
-2.918525e-11
3.291232e-12
1.884177e-10
-3.651986e-11
5.746349e-12
1.943529e-10
-4.708236e-11
1.07342e-11
1.888682e-10
-5.732083e-11
1.567305e-11
1.731138e-10
-6.916974e-11
2.246672e-11
1.47055e-10
-7.928382e-11
3.056158e-11
1.092334e-10
-8.49347e-11
2.508651e-11
5.617144e-11
-6.257836e-11
-8.222002e-12
7.837993e-14
-5.245178e-11
-6.805753e-12
1.753091e-14
-4.820833e-11
-3.65486e-12
1.758831e-14
-4.067516e-11
-1.663321e-12
2.189133e-14
-3.873812e-11
-5.893069e-12
4.283918e-14
-2.909383e-11
-1.936738e-13
-4.878129e-16
-3.024185e-11
-4.445553e-13
-1.758427e-15
-3.141653e-11
1.721081e-11
3.074131e-11
-1.830434e-11
1.375995e-11
5.912543e-11
-3.325683e-11
6.452321e-12
7.398666e-11
-4.407036e-11
1.947724e-12
8.072209e-11
-5.054099e-11
1.710365e-12
8.249269e-11
-5.656211e-11
6.0664e-12
8.018307e-11
-6.450434e-11
1.043015e-11
7.413e-11
-7.683812e-11
1.760571e-11
6.421873e-11
-9.709247e-11
2.884888e-11
4.961398e-11
-1.272474e-10
5.032446e-11
2.788282e-11
-1.789098e-10
2.551333e-12
4.157422e-14
-1.212337e-10
-2.821674e-12
1.926229e-14
-8.974145e-11
2.772381e-12
2.09228e-14
-6.522974e-11
5.364445e-12
2.651715e-14
-4.809347e-11
5.143995e-12
6.893701e-17
-3.269207e-11
-1.718881e-13
-3.207601e-16
-2.765454e-11
-2.729501e-13
9.80612e-16
-3.091849e-11
-1.391554e-13
-1.874991e-15
-3.029831e-11
5.839992e-11
2.01724e-14
-2.464568e-11
2.890805e-11
5.952371e-15
-3.197837e-11
2.769909e-11
1.539826e-14
-3.514059e-11
2.207774e-11
2.996376e-14
-3.695858e-11
1.859698e-11
3.67723e-14
-3.804462e-11
-1.372181e-13
7.09414e-15
-2.920879e-11
-1.064654e-12
-1.258739e-14
-3.891056e-11
9.401886e-16
1.099648e-14
-2.951268e-11
-2.713271e-13
-3.950972e-15
-3.230278e-11
3.385805e-11
1.969582e-14
-1.165593e-11
2.18767e-11
2.236474e-14
-1.664477e-11
2.337681e-11
-5.880849e-15
-2.004754e-11
2.174017e-11
3.643355e-14
-2.939072e-11
2.517532e-11
5.703742e-14
-2.573633e-11
1.269826e-13
-2.956208e-15
-2.954212e-11
-2.466179e-13
1.082231e-15
-3.069043e-11
2.446061e-13
-2.808156e-15
-3.225787e-11
-5.396079e-13
1.870197e-15
-3.315561e-11
-6.278519e-14
1.965598e-15
-3.19805e-11
2.249901e-11
4.213574e-14
-8.393598e-12
1.73008e-11
2.18668e-14
-1.465413e-11
1.864867e-11
1.103378e-14
-1.87495e-11
1.636706e-11
1.40351e-14
-2.655384e-11
2.034309e-11
-2.901564e-14
-2.76925e-11
-1.037438e-12
-9.821142e-15
-4.219949e-11
-2.904461e-13
6.138272e-15
-3.511001e-11
-8.056989e-13
-5.913567e-15
-3.604034e-11
3.220523e-13
7.102354e-15
-3.046003e-11
-2.44672e-13
-4.017966e-15
-3.285312e-11
1.125384e-15
2.162666e-16
-2.828656e-11
1.373923e-11
4.192111e-14
-7.041908e-12
1.231083e-11
4.710812e-14
-1.417842e-11
1.2012e-11
1.838607e-14
-1.814127e-11
1.290196e-11
2.833816e-14
-2.754486e-11
1.641211e-11
2.948249e-14
-3.163786e-11
-6.220957e-13
-1.937713e-15
-3.401766e-11
9.405339e-13
2.587492e-15
-2.88258e-11
5.832477e-13
4.458044e-15
-2.935052e-11
3.174107e-13
-5.989888e-15
-3.22272e-11
-2.353344e-13
4.955852e-16
-3.266318e-11
3.315797e-14
6.500504e-16
-2.85638e-11
-2.517281e-14
-1.84567e-16
-2.510183e-11
6.308266e-12
-2.258161e-15
-6.164866e-12
6.155489e-12
5.050317e-14
-1.325516e-11
6.371354e-12
4.872825e-14
-2.032646e-11
7.376228e-12
2.060493e-14
-2.766424e-11
4.824533e-12
4.671581e-14
-3.060217e-11
-2.512714e-13
-2.129556e-15
-3.118949e-11
1.69991e-13
4.281704e-15
-3.024114e-11
-3.448487e-13
-2.510444e-15
-3.498633e-11
-1.656176e-13
2.598659e-15
-3.286544e-11
2.963156e-13
1.619556e-15
-3.210417e-11
-5.597478e-15
-5.865678e-16
-2.968371e-11
-1.679101e-14
3.172239e-16
-2.511596e-11
-2.504555e-14
-4.793411e-16
-1.968414e-11
2.341532e-11
-1.726091e-11
4.483643e-11
-3.438105e-11
5.574164e-11
-4.480755e-11
6.028659e-11
-4.727499e-11
6.105198e-11
-5.315914e-11
5.884183e-11
-6.260653e-11
5.449653e-11
-7.567627e-11
4.892127e-11
-9.567571e-11
4.360106e-11
-1.261499e-10
4.002013e-11
-1.754867e-10
-1.573442e-11
4.835191e-11
-3.661513e-12
-1.438914e-11
1.046295e-10
-1.773006e-11
-7.490691e-12
1.36445e-10
-3.138158e-11
-2.347471e-12
1.514409e-10
-3.726492e-11
-3.548444e-12
1.548848e-10
-4.52459e-11
-6.957644e-12
1.493119e-10
-5.648421e-11
-1.120886e-11
1.360114e-10
-6.840297e-11
-1.872806e-11
1.160329e-10
-7.949767e-11
-3.132029e-11
8.940735e-11
-8.66824e-11
-5.758269e-11
5.247221e-11
-6.019025e-11
-2.599133e-12
7.032276e-14
-5.094792e-11
-1.701849e-11
6.465668e-11
3.925112e-13
-2.316371e-11
1.467064e-10
-2.753649e-12
-1.436351e-11
1.952743e-10
-8.732752e-12
-4.288537e-12
2.198839e-10
-1.764739e-11
-5.436656e-12
2.266218e-10
-2.778307e-11
-1.110967e-11
2.188038e-10
-3.661729e-11
-1.669949e-11
1.984257e-10
-4.405541e-11
-2.409824e-11
1.662406e-10
-4.737448e-11
-3.30538e-11
1.220932e-10
-4.29205e-11
-2.989765e-11
6.296289e-11
-2.959179e-11
7.46086e-12
8.622066e-14
-3.016983e-11
6.981142e-12
2.672831e-14
-3.04838e-11
-1.362648e-11
7.561687e-11
4.102229e-12
-1.929107e-11
1.754355e-10
5.911913e-12
-1.122476e-11
2.361937e-10
3.468369e-12
-4.273619e-12
2.684813e-10
-5.247118e-12
-5.790843e-12
2.781617e-10
-1.422633e-11
-9.893652e-12
2.691637e-10
-2.183461e-11
-1.417603e-11
2.438235e-10
-2.63759e-11
-1.902467e-11
2.030961e-10
-2.778778e-11
-2.204259e-11
1.465393e-10
-2.360802e-11
-1.262592e-11
7.225141e-11
-1.91102e-11
6.709793e-12
9.575545e-14
-2.231868e-11
5.218197e-12
1.79846e-14
-2.416069e-11
3.309435e-12
2.464488e-14
-2.428577e-11
-6.672051e-12
8.241562e-11
4.858476e-12
-9.371749e-12
1.929553e-10
8.890641e-12
-6.022409e-12
2.614144e-10
5.851306e-12
-3.723481e-12
2.984467e-10
-5.162876e-13
-4.044189e-12
3.101952e-10
-8.347309e-12
-5.574819e-12
3.007896e-10
-1.477923e-11
-7.901375e-12
2.72671e-10
-1.854047e-11
-9.890618e-12
2.268045e-10
-1.911265e-11
-1.048727e-11
1.628972e-10
-1.737578e-11
-4.699638e-12
7.913999e-11
-1.478541e-11
3.593134e-12
1.069785e-13
-2.003064e-11
2.761676e-12
1.779003e-14
-2.282269e-11
2.129326e-12
1.528412e-14
-2.461266e-11
1.610252e-12
5.438397e-15
-2.806978e-11
4.088743e-13
8.525594e-11
6.020717e-12
9.872484e-13
1.99595e-10
8.565355e-12
-4.78257e-13
2.707043e-10
5.129478e-12
-5.099064e-13
3.093929e-10
-2.306022e-12
-1.841633e-13
3.219638e-10
-9.013249e-12
-2.186724e-13
3.126921e-10
-1.528334e-11
-2.38996e-13
2.839654e-10
-1.90538e-11
-3.98626e-13
2.365447e-10
-1.905924e-11
-1.643667e-13
1.700063e-10
-1.663077e-11
-3.846647e-13
8.258737e-11
-1.678305e-11
-1.550026e-13
1.047896e-13
-1.972664e-11
-1.942251e-13
1.687624e-14
-2.191745e-11
-3.211005e-13
1.517117e-14
-2.532969e-11
-8.919797e-13
1.351415e-14
-2.651048e-11
-3.339873e-13
5.419724e-14
-2.772504e-11
1.07266e-11
8.359712e-11
2.339606e-12
1.121547e-11
1.942611e-10
4.530863e-12
6.696766e-12
2.622381e-10
1.403386e-12
3.385949e-12
2.990579e-10
-7.397077e-12
4.120788e-12
3.110677e-10
-1.618443e-11
5.486008e-12
3.023813e-10
-2.256843e-11
7.089705e-12
2.752631e-10
-2.688489e-11
9.059846e-12
2.302119e-10
-2.766242e-11
9.485968e-12
1.663154e-10
-2.325061e-11
3.448508e-12
8.13755e-11
-1.952622e-11
-3.694974e-12
1.066854e-13
-2.298651e-11
-2.92827e-12
1.410452e-14
-2.540194e-11
-2.302281e-12
1.784892e-14
-2.735612e-11
-2.53248e-12
-5.301329e-15
-2.615882e-11
-1.693346e-12
2.389016e-14
-3.154004e-11
3.252377e-14
2.690041e-15
-2.910492e-11
1.758145e-11
7.633874e-11
-1.28037e-12
2.099221e-11
1.738097e-10
-3.174394e-12
1.203424e-11
2.323095e-10
-8.163941e-12
5.424694e-12
2.631341e-10
-1.842045e-11
6.411367e-12
2.73029e-10
-2.852678e-11
9.789041e-12
2.655502e-10
-3.711749e-11
1.349647e-11
2.425023e-10
-4.395534e-11
1.759656e-11
2.041214e-10
-4.65162e-11
2.005399e-11
1.490446e-10
-4.185797e-11
1.043075e-11
7.416824e-11
-3.054112e-11
-7.199855e-12
9.803828e-14
-2.984903e-11
-5.750251e-12
1.455161e-14
-3.118926e-11
-4.056282e-12
1.558988e-14
-3.141733e-11
-2.304492e-12
2.276006e-14
-3.140259e-11
-4.70413e-12
6.957997e-14
-3.056258e-11
1.235131e-13
1.268245e-15
-2.753139e-11
-8.181693e-14
-3.183779e-16
-2.842427e-11
1.903664e-11
6.103e-11
-4.524527e-12
2.335119e-11
1.326669e-10
-1.942132e-11
1.270044e-11
1.741386e-10
-3.0753e-11
3.366914e-12
1.94629e-10
-3.688508e-11
5.836289e-12
2.00994e-10
-4.728084e-11
1.019334e-11
1.95525e-10
-5.787493e-11
1.555224e-11
1.794299e-10
-6.879165e-11
2.275496e-11
1.525894e-10
-7.993072e-11
3.075447e-11
1.134741e-10
-8.554399e-11
2.577788e-11
5.846009e-11
-6.270225e-11
-8.393008e-12
7.658087e-14
-5.152057e-11
-6.88141e-12
1.849948e-14
-4.840852e-11
-4.062743e-12
1.763969e-14
-4.14198e-11
-1.789093e-12
1.753437e-14
-3.375002e-11
-4.594881e-12
3.831361e-15
-2.923698e-11
4.564971e-14
2.499083e-16
-2.950357e-11
-2.901711e-13
-1.396099e-16
-3.052531e-11
-4.703018e-13
-2.164723e-15
-3.141782e-11
1.717525e-11
3.164963e-11
-1.88693e-11
1.421698e-11
6.093832e-11
-3.530918e-11
6.094961e-12
7.627993e-11
-4.245159e-11
2.575225e-12
8.319762e-11
-4.905247e-11
2.507752e-12
8.521848e-11
-5.578179e-11
5.744173e-12
8.292326e-11
-6.507815e-11
1.032962e-11
7.673691e-11
-7.751394e-11
1.748471e-11
6.656186e-11
-9.680147e-11
2.90581e-11
5.148583e-11
-1.282539e-10
5.011408e-11
2.89467e-11
-1.786083e-10
2.739906e-12
5.027036e-14
-1.231715e-10
-2.809714e-12
8.729245e-15
-8.950567e-11
2.656719e-12
1.822214e-14
-6.479338e-11
4.587332e-12
3.320554e-14
-4.786716e-11
-1.262082e-12
-3.406794e-15
-2.858797e-11
-3.345765e-13
1.217308e-15
-3.260381e-11
-8.068128e-14
-5.019109e-16
-2.873154e-11
-1.962749e-13
5.269748e-16
-3.092166e-11
-1.076244e-13
-1.778912e-15
-3.093272e-11
5.841619e-11
1.593102e-14
-2.460905e-11
2.901784e-11
2.05986e-14
-3.187026e-11
2.833063e-11
1.132264e-14
-3.70028e-11
2.149081e-11
1.250502e-14
-3.504955e-11
1.800095e-11
-3.797402e-14
-2.970871e-11
-6.210968e-13
-5.416185e-15
-3.717044e-11
-3.502149e-14
9.516178e-15
-2.952291e-11
-1.053301e-12
-1.301589e-14
-3.643359e-11
-9.63878e-14
9.300999e-15
-3.072491e-11
-3.399595e-13
-1.927255e-15
-3.209474e-11
3.319692e-11
3.617178e-14
-1.093053e-11
2.193398e-11
2.20716e-14
-1.639165e-11
2.495612e-11
1.677999e-14
-2.306761e-11
2.120913e-11
2.894231e-15
-2.488307e-11
1.939275e-11
-1.25915e-14
-2.867098e-11
-3.671575e-14
6.110755e-16
-2.723945e-11
2.001602e-13
-2.201836e-15
-3.02276e-11
-4.412095e-13
2.967009e-16
-3.099783e-11
9.268807e-14
-4.122203e-15
-3.223078e-11
-6.644204e-13
2.380665e-15
-3.294711e-11
3.811464e-15
2.379424e-16
-2.835081e-11
2.194583e-11
3.55842e-14
-8.353568e-12
1.745962e-11
4.408979e-14
-1.387392e-11
1.856152e-11
1.708375e-14
-2.141262e-11
1.489107e-11
2.443544e-14
-2.094715e-11
1.600636e-11
-5.15932e-14
-2.543244e-11
-1.323419e-13
2.228722e-15
-2.859586e-11
-1.005536e-12
-9.453307e-15
-4.011527e-11
-3.49018e-13
4.135004e-15
-3.418752e-11
-7.253688e-13
-6.240518e-15
-3.491229e-11
3.538207e-13
5.848986e-15
-3.170675e-11
-1.15348e-14
-2.974222e-16
-2.919537e-11
-2.968369e-15
2.69547e-16
-2.439851e-11
1.337525e-11
-8.57903e-15
-6.949771e-12
1.174222e-11
4.132376e-14
-1.275592e-11
1.281437e-11
4.906596e-14
-2.094969e-11
1.112852e-11
7.178652e-15
-2.239898e-11
9.583615e-12
3.394939e-14
-3.255321e-11
-4.666822e-13
-8.157579e-16
-3.215113e-11
-5.683837e-13
-1.462865e-15
-3.450776e-11
7.421364e-13
2.646847e-15
-3.070154e-11
6.01658e-13
3.766323e-15
-3.013588e-11
1.796215e-13
-5.297423e-15
-3.240455e-11
-2.074994e-14
4.3099e-17
-2.894883e-11
3.549907e-14
6.01623e-16
-2.471515e-11
-2.381103e-14
-1.264025e-16
-2.003358e-11
5.691584e-12
6.19552e-15
-5.782784e-12
5.360117e-12
-5.014472e-15
-1.136668e-11
6.212885e-12
5.756302e-14
-1.963397e-11
6.725074e-12
4.80464e-14
-2.742577e-11
4.454047e-12
2.790323e-14
-3.270363e-11
2.085013e-13
-4.432623e-15
-3.100984e-11
-1.305014e-13
-2.022494e-15
-3.223532e-11
2.38561e-13
5.268859e-15
-3.052685e-11
-1.934322e-13
-2.327528e-15
-3.454963e-11
-1.31151e-13
2.706799e-15
-3.245586e-11
4.119499e-14
-2.106207e-17
-2.867017e-11
-5.437571e-15
-5.23368e-16
-2.550328e-11
-1.136384e-14
3.24776e-16
-2.010812e-11
-2.731891e-14
-5.097273e-16
-1.262051e-11
2.42819e-11
-1.696121e-11
4.658508e-11
-3.379947e-11
5.800932e-11
-4.457851e-11
6.284317e-11
-4.971162e-11
6.36211e-11
-5.339826e-11
6.136624e-11
-6.266931e-11
5.644399e-11
-7.58251e-11
4.93736e-11
-9.497478e-11
4.01985e-11
-1.237971e-10
2.696938e-11
-1.708446e-10
-5.76563e-11
4.879385e-14
-1.204104e-10
-1.565711e-11
5.011232e-11
-3.469e-12
-1.414677e-11
1.085387e-10
-1.696314e-11
-6.897588e-12
1.417732e-10
-3.094924e-11
-2.697238e-12
1.576132e-10
-3.914543e-11
-2.640963e-12
1.614129e-10
-4.658579e-11
-6.521576e-12
1.558034e-10
-5.632559e-11
-1.08373e-11
1.420225e-10
-6.838427e-11
-1.792068e-11
1.204146e-10
-7.902691e-11
-2.921895e-11
9.055265e-11
-8.458056e-11
-5.073364e-11
4.899598e-11
-6.238436e-11
-2.947385e-12
7.423023e-14
-4.968451e-11
3.023451e-12
2.515199e-14
-4.704588e-11
-1.691094e-11
6.69438e-11
6.593558e-13
-2.32373e-11
1.520442e-10
-1.393012e-12
-1.355918e-11
2.025638e-10
-8.178157e-12
-4.170069e-12
2.284803e-10
-1.745995e-11
-4.533303e-12
2.359042e-10
-2.81722e-11
-1.023411e-11
2.281787e-10
-3.679149e-11
-1.597545e-11
2.072225e-10
-4.360131e-11
-2.347113e-11
1.73699e-10
-4.708219e-11
-3.175296e-11
1.267709e-10
-4.238875e-11
-2.742679e-11
6.385901e-11
-2.901057e-11
7.702008e-12
9.151022e-14
-3.048733e-11
6.205209e-12
1.700984e-14
-3.115281e-11
4.237884e-12
3.174129e-14
-3.151671e-11
-1.336626e-11
7.82194e-11
3.735814e-12
-1.90867e-11
1.816397e-10
6.881749e-12
-1.142093e-11
2.448065e-10
2.574573e-12
-4.594623e-12
2.786162e-10
-5.803663e-12
-5.947511e-12
2.891244e-10
-1.429826e-11
-9.211446e-12
2.802864e-10
-2.168789e-11
-1.376177e-11
2.543511e-10
-2.647383e-11
-1.83931e-11
2.121173e-10
-2.689013e-11
-2.150675e-11
1.530719e-10
-2.332728e-11
-1.203365e-11
7.498012e-11
-1.898946e-11
6.924646e-12
9.956562e-14
-2.233809e-11
5.150652e-12
1.638457e-14
-2.471246e-11
3.999457e-12
1.577851e-14
-2.60819e-11
1.317881e-12
2.357554e-14
-2.416729e-11
-7.373032e-12
8.520399e-11
4.703069e-12
-9.785657e-12
1.995949e-10
8.411449e-12
-6.572378e-12
2.706632e-10
5.642364e-12
-4.203759e-12
3.093577e-10
-1.375137e-12
-4.330085e-12
3.219354e-10
-8.105111e-12
-5.64771e-12
3.126739e-10
-1.477633e-11
-7.579392e-12
2.839567e-10
-1.869525e-11
-9.776342e-12
2.365448e-10
-1.88963e-11
-1.018738e-11
1.700052e-10
-1.621626e-11
-4.161703e-12
8.2595e-11
-1.703873e-11
3.509175e-12
1.072239e-13
-1.83424e-11
2.865051e-12
1.993908e-14
-2.309739e-11
2.198571e-12
1.586391e-14
-2.539366e-11
1.33234e-12
1.022051e-14
-2.693963e-11
4.336167e-12
7.690457e-14
-3.323415e-11
1.148006e-12
8.802296e-11
6.426495e-12
7.624872e-14
2.061362e-10
1.014293e-11
5.196535e-14
2.799231e-10
5.898788e-12
-7.399172e-13
3.20304e-10
-1.658904e-12
-4.800827e-13
3.337272e-10
-9.458478e-12
-2.074184e-13
3.245259e-10
-1.512499e-11
-3.46568e-13
2.951646e-10
-1.901459e-11
-2.718664e-13
2.462774e-10
-1.944391e-11
-3.322975e-13
1.77183e-10
-1.643637e-11
2.000751e-14
8.606772e-11
-1.666799e-11
-8.663354e-14
1.101765e-13
-2.028993e-11
-1.208541e-13
1.287417e-14
-2.253517e-11
-3.235297e-13
1.56953e-14
-2.393857e-11
-3.254488e-13
1.642723e-14
-2.76727e-11
1.034838e-12
2.865955e-14
-2.96169e-11
3.102397e-13
3.227873e-16
-2.823526e-11
1.216792e-11
8.623812e-11
2.588852e-12
1.149951e-11
2.004388e-10
5.086276e-12
6.019789e-12
2.708935e-10
1.782571e-12
3.839854e-12
3.092612e-10
-7.21302e-12
3.748353e-12
3.220375e-10
-1.568929e-11
5.392949e-12
3.13423e-10
-2.279515e-11
7.368816e-12
2.856607e-10
-2.681385e-11
8.980718e-12
2.39237e-10
-2.729394e-11
9.455566e-12
1.730957e-10
-2.387317e-11
3.310346e-12
8.4735e-11
-1.947699e-11
-3.755279e-12
1.102093e-13
-2.286504e-11
-2.862782e-12
1.61696e-14
-2.588343e-11
-2.546129e-12
1.345601e-14
-2.696839e-11
-2.532433e-13
1.45725e-14
-2.950542e-11
-5.526603e-13
6.842391e-14
-3.054562e-11
-1.050856e-13
6.078059e-16
-3.143946e-11
1.152794e-14
2.487552e-15
-2.944477e-11
1.896063e-11
7.870263e-11
-2.445763e-12
2.115799e-11
1.793004e-10
-4.640171e-12
1.109976e-11
2.397858e-10
-9.4171e-12
5.323581e-12
2.718523e-10
-1.885602e-11
6.679504e-12
2.823561e-10
-2.857597e-11
9.422911e-12
2.74912e-10
-3.709156e-11
1.324692e-11
2.513498e-10
-4.365228e-11
1.8031e-11
2.118115e-10
-4.694623e-11
2.028917e-11
1.548462e-10
-4.190567e-11
1.039762e-11
7.718342e-11
-2.949336e-11
-7.345362e-12
9.889368e-14
-3.147299e-11
-5.635577e-12
1.667224e-14
-3.110901e-11
-4.335867e-12
1.25169e-14
-3.097906e-11
-2.761036e-12
1.606921e-14
-3.059554e-11
-6.681345e-12
1.999088e-14
-2.96029e-11
-6.828746e-14
-1.413538e-15
-3.071337e-11
1.534001e-13
2.139233e-15
-2.822103e-11
-1.044803e-13
-6.324494e-16
-2.894399e-11
2.06614e-11
6.285343e-11
-5.477875e-12
2.443485e-11
1.367214e-10
-1.884709e-11
1.180239e-11
1.795527e-10
-3.092002e-11
3.067707e-12
2.008354e-10
-3.742577e-11
6.237278e-12
2.076474e-10
-4.726699e-11
1.018738e-11
2.0221e-10
-5.841742e-11
1.541693e-11
1.85749e-10
-6.9317e-11
2.241084e-11
1.5815e-10
-7.935471e-11
3.10911e-11
1.177423e-10
-8.634461e-11
2.600421e-11
6.071993e-11
-6.371668e-11
-8.183673e-12
8.42914e-14
-5.169278e-11
-7.100654e-12
1.078847e-14
-4.722914e-11
-4.302871e-12
1.789534e-14
-4.151023e-11
-2.44857e-12
1.650693e-14
-3.447719e-11
-4.468464e-12
6.63776e-15
-3.081053e-11
-1.371495e-13
1.304438e-15
-2.959174e-11
8.293395e-15
2.840424e-16
-2.979446e-11
-2.559595e-13
-6.845241e-16
-3.07256e-11
-5.285834e-13
-2.021708e-15
-3.125952e-11
1.800541e-11
3.261824e-11
-1.899047e-11
1.543273e-11
6.278189e-11
-3.605057e-11
5.366795e-12
7.872473e-11
-4.3442e-11
2.775903e-12
8.578283e-11
-4.785717e-11
3.425014e-12
8.792678e-11
-5.518842e-11
5.985004e-12
8.567142e-11
-6.454668e-11
1.035767e-11
7.936883e-11
-7.814053e-11
1.755641e-11
6.889668e-11
-9.754709e-11
2.885521e-11
5.336359e-11
-1.277687e-10
5.04599e-11
3.005643e-11
-1.800105e-10
2.490889e-12
4.736324e-14
-1.225821e-10
-2.441747e-12
2.254068e-14
-9.176207e-11
2.507155e-12
1.887941e-15
-6.373453e-11
3.57702e-12
3.758402e-14
-4.709101e-11
5.485849e-13
-3.224869e-14
-3.058409e-11
-1.194172e-13
4.325399e-16
-2.917197e-11
-3.485403e-13
1.193966e-15
-3.244907e-11
-1.022599e-13
-3.646722e-16
-2.983096e-11
-2.305141e-13
5.160231e-16
-3.101935e-11
-1.417766e-13
-1.907359e-15
-3.125874e-11
5.81591e-11
3.172758e-14
-2.51166e-11
2.899247e-11
1.41053e-14
-3.171983e-11
2.73467e-11
2.207875e-14
-3.438669e-11
2.412241e-11
1.109202e-14
-4.02509e-11
2.060489e-11
4.492691e-14
-3.651117e-11
-1.503319e-13
2.290065e-15
-2.971637e-11
-6.363812e-13
-6.593431e-15
-3.591957e-11
-4.268563e-15
9.53515e-15
-3.055739e-11
-8.528351e-13
-1.107931e-14
-3.540649e-11
-1.95978e-13
8.390042e-15
-3.122551e-11
-1.837746e-14
-3.813859e-16
-2.834833e-11
3.305784e-11
3.198936e-14
-1.124177e-11
2.090959e-11
3.608097e-14
-1.460037e-11
2.512114e-11
2.121244e-14
-2.311447e-11
2.26425e-11
2.823859e-14
-3.119254e-11
2.281036e-11
1.794347e-14
-3.151535e-11
1.135085e-13
-1.726227e-15
-2.865292e-11
1.072869e-14
-3.692664e-17
-2.906814e-11
1.49053e-13
-9.983486e-16
-3.101672e-11
-3.915255e-13
1.615193e-16
-3.125562e-11
5.001665e-14
-3.853061e-15
-3.232914e-11
-5.207086e-14
2.315443e-16
-2.915292e-11
-2.424404e-15
2.302838e-16
-2.442391e-11
2.175662e-11
-1.012328e-14
-8.270844e-12
1.656034e-11
3.380793e-14
-1.331149e-11
1.953819e-11
4.873146e-14
-2.094785e-11
1.485287e-11
2.718638e-14
-2.541971e-11
2.068834e-11
-3.801756e-14
-3.20901e-11
-1.064658e-13
5.061239e-15
-2.642438e-11
-1.479655e-13
2.364195e-15
-2.962596e-11
-9.830863e-13
-8.655787e-15
-3.782589e-11
-2.56142e-13
2.635162e-15
-3.313236e-11
-7.490243e-13
-4.503102e-15
-3.40351e-11
2.310966e-14
6.256109e-16
-2.823358e-11
-2.093431e-14
-3.654679e-16
-2.509352e-11
-2.742079e-15
2.696833e-16
-1.957449e-11
1.295339e-11
1.066214e-14
-7.379956e-12
1.142919e-11
-9.663607e-15
-1.290183e-11
1.249367e-11
4.448103e-14
-1.916513e-11
1.337579e-11
5.181898e-14
-2.800032e-11
6.395666e-12
-6.184625e-15
-2.491065e-11
-1.091748e-13
-4.776214e-15
-3.254309e-11
-4.970049e-13
-6.066484e-16
-3.267389e-11
-6.206027e-13
-1.811916e-15
-3.419723e-11
5.179409e-13
2.799446e-15
-3.121707e-11
5.272987e-13
5.403067e-15
-3.132056e-11
2.805496e-14
-6.237284e-16
-2.877818e-11
-1.93914e-14
4.580118e-17
-2.492928e-11
3.253069e-14
5.678706e-16
-1.987265e-11
-2.44982e-14
-1.073559e-16
-1.277141e-11
6.435107e-12
2.357648e-14
-6.461584e-12
4.92529e-12
3.654431e-15
-1.078473e-11
5.731928e-12
1.899491e-15
-1.692493e-11
7.169901e-12
6.048264e-14
-2.699544e-11
1.461433e-12
2.023612e-14
-2.927545e-11
-1.511116e-14
5.063365e-17
-3.316053e-11
1.741957e-13
-3.766475e-15
-3.155049e-11
-2.003274e-13
-3.361783e-15
-3.291765e-11
2.713503e-13
5.460912e-15
-3.116547e-11
-1.044274e-13
-2.283419e-15
-3.444999e-11
-1.420986e-14
4.144004e-16
-2.884808e-11
3.562793e-14
-8.7223e-17
-2.477846e-11
-3.684525e-15
-5.364842e-16
-2.038778e-11
-9.696981e-15
3.260599e-16
-1.286213e-11
-2.871337e-14
-5.331118e-16
-3.30234e-11
4.237922e-14
-2.477141e-11
2.516727e-11
-1.69933e-11
4.831473e-11
-3.329759e-11
6.026855e-11
-4.346281e-11
6.536797e-11
-4.980905e-11
6.625698e-11
-5.499794e-11
6.393825e-11
-6.252005e-11
5.879959e-11
-7.592479e-11
5.088016e-11
-9.537592e-11
3.996921e-11
-1.241745e-10
2.38825e-11
-1.716007e-10
-5.662506e-11
4.609257e-14
-1.170601e-10
-2.851069e-11
2.151488e-14
-8.894838e-11
-1.571839e-11
5.188645e-11
-3.399226e-12
-1.428229e-11
1.124822e-10
-1.682248e-11
-6.68916e-12
1.470839e-10
-2.963955e-11
-2.527138e-12
1.637126e-10
-3.884962e-11
-2.765441e-12
1.679668e-10
-4.745761e-11
-6.039109e-12
1.623698e-10
-5.735053e-11
-1.04924e-11
1.480907e-10
-6.790456e-11
-1.776857e-11
1.25442e-10
-7.91789e-11
-2.884743e-11
9.335074e-11
-8.483512e-11
-4.982137e-11
4.887486e-11
-6.20821e-11
-2.435347e-12
7.594891e-14
-5.21481e-11
2.529549e-12
1.617963e-14
-4.599973e-11
-3.2386e-12
2.554812e-14
-3.968525e-11
-1.664508e-11
6.924134e-11
6.059435e-13
-2.342558e-11
1.574038e-10
-8.426064e-13
-1.308998e-11
2.099009e-10
-7.545878e-12
-3.98899e-12
2.370535e-10
-1.738672e-11
-4.843405e-12
2.451506e-10
-2.779639e-11
-9.663372e-12
2.375344e-10
-3.704906e-11
-1.565775e-11
2.16032e-10
-4.369505e-11
-2.275944e-11
1.811701e-10
-4.67254e-11
-3.16215e-11
1.320842e-10
-4.232764e-11
-2.66731e-11
6.589297e-11
-2.977594e-11
7.694055e-12
9.23987e-14
-2.967462e-11
6.348708e-12
2.032254e-14
-3.170262e-11
3.15147e-12
1.413807e-14
-3.034016e-11
2.270587e-12
1.659952e-14
-3.262681e-11
-1.358758e-11
8.084966e-11
3.075097e-12
-1.954778e-11
1.878876e-10
6.466907e-12
-1.147863e-11
2.534548e-10
3.024234e-12
-5.415929e-12
2.88785e-10
-6.390216e-12
-6.532935e-12
3.00049e-10
-1.451591e-11
-9.331945e-12
2.913349e-10
-2.163727e-11
-1.334797e-11
2.648276e-10
-2.637353e-11
-1.82195e-11
2.211467e-10
-2.705823e-11
-2.091702e-11
1.59628e-10
-2.274459e-11
-1.19797e-11
7.814414e-11
-1.866155e-11
7.031856e-12
1.007156e-13
-2.240323e-11
5.393468e-12
1.692216e-14
-2.487247e-11
3.951631e-12
1.702069e-14
-2.652756e-11
1.870758e-12
7.475718e-15
-2.674979e-11
7.94119e-12
3.636553e-14
-2.810328e-11
-7.70137e-12
8.79982e-11
5.341642e-12
-1.035035e-11
2.061613e-10
7.699276e-12
-6.478418e-12
2.799086e-10
5.605854e-12
-4.650012e-12
3.202814e-10
-1.376626e-12
-4.821261e-12
3.337037e-10
-8.795812e-12
-5.759122e-12
3.245064e-10
-1.436143e-11
-7.646794e-12
2.951529e-10
-1.864338e-11
-9.615255e-12
2.462727e-10
-1.907232e-11
-1.014763e-11
1.771861e-10
-1.628113e-11
-4.012307e-12
8.606754e-11
-1.564214e-11
3.613324e-12
1.133963e-13
-2.063745e-11
2.721128e-12
1.430817e-14
-2.11813e-11
2.527533e-12
2.059073e-14
-2.600579e-11
1.505524e-12
1.619582e-14
-2.73487e-11
1.913626e-12
2.374156e-14
-2.801426e-11
-3.007347e-13
-2.029887e-15
-3.280027e-11
2.43513e-12
9.078884e-11
6.313732e-12
4.678837e-13
2.126507e-10
1.016943e-11
4.901627e-13
2.891576e-10
6.355199e-12
-1.96063e-13
3.312245e-10
-9.907351e-13
-7.8467e-13
3.454952e-10
-8.885632e-12
-5.260988e-13
3.363784e-10
-1.536215e-11
-1.93212e-13
3.063221e-10
-1.86914e-11
-4.100481e-13
2.559552e-10
-1.929164e-11
-1.863188e-13
1.844311e-10
-1.707021e-11
-2.452101e-13
8.964776e-11
-1.644643e-11
6.756356e-14
1.14929e-13
-2.03872e-11
-1.072138e-13
1.453147e-14
-2.306084e-11
-8.234015e-14
1.376315e-14
-2.506432e-11
-1.079731e-12
5.720929e-15
-2.321712e-11
-2.168273e-13
2.642839e-14
-2.824496e-11
-3.606448e-14
-5.068147e-16
-2.973602e-11
2.653268e-13
2.468264e-16
-2.884336e-11
1.182508e-11
8.888048e-11
4.044999e-12
1.185197e-11
2.066216e-10
4.707239e-12
5.659549e-12
2.795502e-10
1.771358e-12
3.85811e-12
3.194931e-10
-6.985556e-12
4.092739e-12
3.330292e-10
-1.560474e-11
5.094411e-12
3.244752e-10
-2.238102e-11
7.054658e-12
2.960868e-10
-2.700549e-11
9.373249e-12
2.482587e-10
-2.717828e-11
9.384898e-12
1.798544e-10
-2.31761e-11
3.371013e-12
8.819697e-11
-2.02989e-11
-3.802895e-12
1.132192e-13
-2.290881e-11
-2.954536e-12
1.587478e-14
-2.556235e-11
-2.308453e-12
1.523598e-14
-2.795596e-11
-1.513487e-12
8.718702e-15
-2.83778e-11
-5.893315e-12
2.978054e-14
-3.046949e-11
-2.03568e-13
-4.406735e-16
-3.05589e-11
-1.180533e-13
3.60358e-16
-3.136548e-11
8.117311e-14
2.890047e-15
-2.989941e-11
1.929355e-11
8.103409e-11
-1.643333e-12
2.122354e-11
1.84758e-10
-5.610438e-12
1.016581e-11
2.472747e-10
-1.133206e-11
4.764984e-12
2.805642e-10
-1.98357e-11
6.827156e-12
2.917108e-10
-2.878608e-11
9.613973e-12
2.843078e-10
-3.737359e-11
1.314363e-11
2.602076e-10
-4.367118e-11
1.746698e-11
2.195318e-10
-4.645335e-11
2.081711e-11
1.606726e-10
-4.255296e-11
1.076721e-11
8.017457e-11
-2.965539e-11
-7.243746e-12
1.059531e-13
-3.033661e-11
-5.80427e-12
1.21153e-14
-3.277412e-11
-4.182472e-12
1.735751e-14
-3.128443e-11
-3.274763e-12
1.829099e-14
-3.029322e-11
-5.499339e-12
-6.494374e-15
-2.985988e-11
5.146444e-14
-5.957333e-16
-2.991999e-11
-1.077173e-13
-1.405877e-15
-3.111308e-11
2.217424e-13
2.427575e-15
-2.925765e-11
-1.074963e-13
-8.878495e-16
-2.96689e-11
2.025039e-11
6.470268e-11
-4.965511e-12
2.589077e-11
1.407923e-10
-2.101818e-11
1.232164e-11
1.85128e-10
-3.195957e-11
4.005576e-12
2.07141e-10
-3.854581e-11
6.761453e-12
2.142889e-10
-4.739568e-11
1.030134e-11
2.089105e-10
-5.829101e-11
1.555523e-11
1.92105e-10
-7.000673e-11
2.24907e-11
1.637125e-10
-7.989435e-11
3.056828e-11
1.220285e-10
-8.546691e-11
2.627796e-11
6.300909e-11
-6.447357e-11
-8.257152e-12
8.608496e-14
-5.286448e-11
-6.818382e-12
1.932721e-14
-4.736438e-11
-4.284411e-12
9.130387e-15
-4.049022e-11
-1.812294e-12
3.567112e-14
-3.625941e-11
-3.592904e-12
1.424597e-14
-3.060434e-11
-1.057282e-13
4.728705e-16
-3.088009e-11
-1.506119e-13
9.974794e-16
-3.005887e-11
1.050756e-13
5.015817e-16
-3.007924e-11
-3.265181e-13
-5.408378e-16
-3.086125e-11
-4.753928e-13
-1.698868e-15
-3.110875e-11
1.742653e-11
3.353801e-11
-1.93125e-11
1.547159e-11
6.462634e-11
-3.741502e-11
6.104589e-12
8.113008e-11
-4.540762e-11
2.510502e-12
8.842861e-11
-4.866512e-11
4.373147e-12
9.068439e-11
-5.500736e-11
6.377311e-12
8.83975e-11
-6.432529e-11
1.028891e-11
8.200035e-11
-7.753885e-11
1.781254e-11
7.126944e-11
-9.846851e-11
2.900063e-11
5.522688e-11
-1.286523e-10
5.005889e-11
3.115892e-11
-1.791277e-10
2.372304e-12
5.745924e-14
-1.241526e-10
-2.832235e-12
1.414308e-14
-9.077762e-11
3.369264e-12
2.601759e-14
-6.790733e-11
3.300036e-12
-2.709137e-15
-4.309464e-11
2.594731e-12
-1.79401e-14
-2.919914e-11
-1.369237e-13
2.358272e-15
-3.082585e-11
-1.120378e-13
2.876353e-16
-2.983378e-11
-4.182203e-13
1.173497e-15
-3.224693e-11
-2.034562e-13
-4.140809e-16
-3.073728e-11
-1.667532e-13
6.917254e-16
-3.138301e-11
-1.408846e-14
-2.411601e-16
-2.765707e-11
5.793933e-11
3.217272e-14
-2.497719e-11
2.864447e-11
3.150454e-14
-3.30281e-11
2.788273e-11
1.270787e-14
-3.455424e-11
2.166119e-11
1.548755e-14
-3.362127e-11
1.323134e-11
-1.432606e-14
-3.116855e-11
-3.171811e-13
5.511455e-16
-3.623811e-11
-1.086635e-13
3.398622e-15
-3.008841e-11
-6.142649e-13
-6.752235e-15
-3.468932e-11
1.07398e-13
8.543119e-15
-3.130676e-11
-9.233138e-13
-1.015533e-14
-3.477876e-11
-1.263616e-14
8.478767e-16
-2.764307e-11
-2.317663e-14
-4.09508e-16
-2.433231e-11
3.336279e-11
-6.763003e-15
-1.154139e-11
2.063129e-11
3.182254e-14
-1.544527e-11
2.381924e-11
3.666126e-14
-1.916033e-11
2.289397e-11
4.111761e-14
-3.140326e-11
2.047339e-11
-2.424104e-14
-3.11972e-11
2.483962e-13
2.599127e-15
-3.231484e-11
1.799461e-13
-8.813737e-16
-2.875686e-11
-1.232132e-13
-2.267743e-15
-3.004769e-11
2.010462e-13
-4.917188e-17
-3.163003e-11
-3.916968e-13
7.566635e-16
-3.192599e-11
1.161288e-14
-4.603053e-16
-2.87329e-11
-6.067766e-14
2.597541e-16
-2.504022e-11
-3.276816e-16
2.328622e-16
-1.956663e-11
2.185664e-11
1.696e-14
-9.055345e-12
1.665006e-11
-1.493946e-14
-1.336799e-11
1.849695e-11
4.356179e-14
-1.946795e-11
1.676055e-11
4.203084e-14
-2.486584e-11
2.465839e-11
3.196307e-14
-4.470225e-11
-3.143538e-14
6.885304e-15
-3.259777e-11
1.985837e-14
4.215344e-15
-2.833346e-11
-2.941684e-13
2.66459e-15
-3.009647e-11
-6.733273e-13
-8.485642e-15
-3.602248e-11
-3.486205e-13
4.599049e-15
-3.278962e-11
-8.147891e-14
-5.964995e-16
-3.00237e-11
2.341703e-14
6.123218e-16
-2.436454e-11
-1.98616e-14
-3.667622e-16
-2.007523e-11
-4.159756e-15
2.632081e-16
-1.254206e-11
1.349777e-11
2.625966e-14
-7.094359e-12
1.079015e-11
8.664624e-15
-1.334651e-11
1.240981e-11
-7.52691e-15
-1.948856e-11
1.184238e-11
3.450346e-14
-2.421963e-11
8.515903e-12
9.246974e-14
-3.581444e-11
9.74938e-13
4.737949e-15
-2.554886e-11
-5.681948e-14
-5.739756e-15
-3.283338e-11
-5.973817e-13
-4.510115e-16
-3.230659e-11
-7.094166e-13
-1.936627e-15
-3.340315e-11
4.263453e-13
3.547018e-15
-3.187777e-11
5.643968e-14
4.988819e-16
-2.804781e-11
2.649748e-14
-6.128773e-16
-2.486226e-11
-1.869959e-14
6.993739e-17
-2.000477e-11
3.024672e-14
5.6044e-16
-1.274267e-11
-2.482767e-14
-1.053584e-16
6.899051e-12
6.415323e-15
-6.775869e-12
5.71182e-12
2.174336e-14
-1.219064e-11
4.805004e-12
5.443602e-15
-1.564734e-11
4.251145e-12
3.138019e-16
-2.114572e-11
6.138551e-12
6.49983e-14
-3.345881e-11
2.761633e-13
1.533023e-15
-2.972614e-11
-2.748975e-13
-9.200468e-16
-3.338843e-11
1.599263e-13
-3.42783e-15
-3.198353e-11
-2.610768e-13
-4.524571e-15
-3.274611e-11
4.036546e-13
5.798433e-15
-3.225093e-11
-1.627074e-14
-1.817545e-16
-3.050734e-11
-1.246914e-14
4.584437e-16
-2.499335e-11
3.747734e-14
-5.318074e-17
-1.993612e-11
-3.06034e-15
-5.579089e-16
-1.30257e-11
-9.31666e-15
3.351695e-16
-2.124491e-11
4.405169e-14
-1.189915e-11
-3.236298e-11
2.100971e-14
-2.417855e-11
-2.086454e-11
4.290697e-14
-3.257751e-11
2.606553e-11
-1.69468e-11
5.00723e-11
-3.337367e-11
6.250971e-11
-4.259202e-11
6.786104e-11
-4.857044e-11
6.893063e-11
-5.525691e-11
6.659402e-11
-6.372142e-11
6.121831e-11
-7.549449e-11
5.289776e-11
-9.583662e-11
4.094244e-11
-1.254117e-10
2.344163e-11
-1.737187e-10
-5.612961e-11
4.871234e-14
-1.178113e-10
-2.766362e-11
1.362246e-14
-8.684035e-11
-2.804561e-11
3.13148e-14
-6.432276e-11
-1.550006e-11
5.366719e-11
-3.224554e-12
-1.438894e-11
1.164509e-10
-1.67555e-11
-6.996725e-12
1.52432e-10
-2.865303e-11
-2.558846e-12
1.697744e-10
-3.730701e-11
-3.338428e-12
1.745146e-10
-4.69014e-11
-5.889789e-12
1.689765e-10
-5.7842e-11
-1.039651e-11
1.542875e-10
-6.883895e-11
-1.739167e-11
1.306423e-10
-7.85395e-11
-2.903993e-11
9.700935e-11
-8.552448e-11
-5.012318e-11
5.010376e-11
-6.263072e-11
-2.798529e-12
7.428542e-14
-5.148723e-11
2.875595e-12
1.996533e-14
-4.869006e-11
-2.872096e-12
1.510309e-14
-4.001021e-11
-3.959215e-12
2.699202e-14
-3.367003e-11
-1.669056e-11
7.155284e-11
5.142191e-13
-2.274729e-11
1.627889e-10
-1.930261e-12
-1.33712e-11
2.173343e-10
-6.876555e-12
-3.895501e-12
2.456879e-10
-1.773535e-11
-5.763114e-12
2.543778e-10
-2.73711e-11
-9.837384e-12
2.468533e-10
-3.65847e-11
-1.53635e-11
2.248646e-10
-4.385888e-11
-2.275812e-11
1.887664e-10
-4.677435e-11
-3.079638e-11
1.37564e-10
-4.237735e-11
-2.713771e-11
6.852398e-11
-2.979352e-11
7.835963e-12
9.14984e-14
-3.046884e-11
6.312799e-12
1.919481e-14
-3.059873e-11
3.662761e-12
1.847338e-14
-3.147993e-11
1.266156e-12
5.77249e-15
-2.983681e-11
3.508958e-12
4.49844e-14
-2.874871e-11
-1.44688e-11
8.350163e-11
3.83327e-12
-2.043101e-11
1.941014e-10
6.247053e-12
-1.182429e-11
2.621155e-10
3.026264e-12
-5.703236e-12
2.989814e-10
-6.127239e-12
-7.351015e-12
3.110059e-10
-1.480864e-11
-9.652471e-12
3.023424e-10
-2.160311e-11
-1.340573e-11
2.752474e-10
-2.627539e-11
-1.802488e-11
2.302018e-10
-2.702051e-11
-2.087092e-11
1.663162e-10
-2.305177e-11
-1.139259e-11
8.137158e-11
-1.858067e-11
6.955091e-12
1.069537e-13
-2.190387e-11
5.501864e-12
1.323825e-14
-2.518564e-11
3.86234e-12
1.684214e-14
-2.625725e-11
1.51665e-12
1.001234e-14
-2.671976e-11
6.307687e-12
2.855382e-14
-3.134738e-11
4.106206e-14
1.316603e-15
-2.86222e-11
-7.843341e-12
9.07518e-11
7.099029e-12
-1.080998e-11
2.125816e-10
9.740498e-12
-6.738003e-12
2.891314e-10
5.620596e-12
-4.235102e-12
3.31208e-10
-1.28712e-12
-5.166027e-12
3.454817e-10
-8.765653e-12
-6.199662e-12
3.363655e-10
-1.495734e-11
-7.517242e-12
3.063113e-10
-1.81729e-11
-9.679555e-12
2.559486e-10
-1.904126e-11
-1.007351e-11
1.844278e-10
-1.644732e-11
-3.805204e-12
8.965445e-11
-1.629408e-11
3.604753e-12
1.135975e-13
-1.906811e-11
2.86831e-12
1.837946e-14
-2.363117e-11
2.342463e-12
1.495408e-14
-2.365298e-11
2.36257e-12
3.739485e-14
-2.962614e-11
2.260358e-12
1.379936e-14
-2.992572e-11
2.460894e-13
1.294579e-15
-2.844676e-11
-2.371322e-13
-1.453961e-15
-3.25393e-11
2.562376e-12
9.357831e-11
6.275489e-12
7.059438e-13
2.192144e-10
1.037444e-11
-1.72114e-13
2.983748e-10
6.703905e-12
7.670408e-15
3.421724e-10
-7.484837e-13
-3.111406e-13
3.572807e-10
-8.367385e-12
-7.687924e-13
3.482411e-10
-1.485927e-11
-5.331492e-13
3.175056e-10
-1.893263e-11
-1.336765e-13
2.656138e-10
-1.883425e-11
-4.066553e-13
1.916498e-10
-1.67378e-11
7.264197e-14
9.331838e-11
-1.742857e-11
3.232502e-14
1.193043e-13
-2.017723e-11
1.380143e-13
1.473139e-14
-2.349212e-11
-1.07988e-13
1.296949e-14
-2.532283e-11
1.139394e-12
8.13715e-15
-2.786296e-11
-2.852355e-13
4.508795e-14
-2.902179e-11
1.030203e-13
5.517504e-16
-2.868514e-11
-3.912246e-14
-3.693629e-16
-2.990984e-11
2.596691e-13
-1.323232e-16
-2.929154e-11
1.283107e-11
9.152214e-11
3.647817e-12
1.171198e-11
2.128785e-10
6.547538e-12
4.631077e-12
2.882453e-10
1.436904e-12
3.513353e-12
3.297213e-10
-7.205219e-12
4.173452e-12
3.440509e-10
-1.534238e-11
5.387482e-12
3.355553e-10
-2.242923e-11
6.891006e-12
3.06527e-10
-2.654956e-11
8.880701e-12
2.573144e-10
-2.747626e-11
9.869422e-12
1.866228e-10
-2.302866e-11
3.275396e-12
9.162687e-11
-1.910129e-11
-3.733478e-12
1.203916e-13
-2.370932e-11
-2.962737e-12
1.382475e-14
-2.575376e-11
-2.440513e-12
1.514105e-14
-2.736769e-11
-1.454978e-12
1.792318e-14
-2.987225e-11
-2.963878e-12
2.931435e-14
-3.110096e-11
-2.526684e-14
1.076617e-17
-3.059101e-11
-1.798334e-13
-1.61015e-16
-3.068328e-11
-1.792783e-13
5.420561e-16
-3.123323e-11
1.062762e-14
2.59477e-15
-3.007081e-11
1.997345e-11
8.341869e-11
-2.290407e-12
2.301869e-11
1.902257e-10
-4.323647e-12
9.046919e-12
2.548142e-10
-1.014041e-11
4.359846e-12
2.893218e-10
-2.046202e-11
6.847138e-12
3.010564e-10
-2.925038e-11
9.618369e-12
2.937283e-10
-3.749824e-11
1.339818e-11
2.691047e-10
-4.41101e-11
1.758408e-11
2.272624e-10
-4.6522e-11
1.997994e-11
1.66523e-10
-4.177076e-11
1.126434e-11
8.319285e-11
-3.055447e-11
-7.281892e-12
1.092925e-13
-3.052472e-11
-5.808174e-12
1.812345e-14
-3.13783e-11
-4.485673e-12
9.905525e-15
-3.262575e-11
-3.308257e-12
1.637551e-14
-2.993504e-11
-3.630636e-12
8.242585e-16
-3.064277e-11
-1.184581e-14
9.275807e-16
-3.002203e-11
1.726956e-14
-5.437539e-16
-3.022605e-11
-1.147699e-13
-2.555566e-15
-3.131795e-11
1.904002e-13
3.310284e-15
-3.013049e-11
-7.706736e-14
-5.230067e-16
-3.033788e-11
2.062336e-11
6.653804e-11
-5.041808e-12
2.671091e-11
1.448883e-10
-2.025725e-11
1.192606e-11
1.906787e-10
-3.240931e-11
2.948211e-12
2.134722e-10
-3.875233e-11
6.95342e-12
2.209784e-10
-4.781485e-11
1.063219e-11
2.155923e-10
-5.83402e-11
1.541571e-11
1.984735e-10
-6.982019e-11
2.28333e-11
1.69321e-10
-8.071768e-11
3.069393e-11
1.263101e-10
-8.598666e-11
2.568205e-11
6.530289e-11
-6.340492e-11
-8.234894e-12
9.222247e-14
-5.377168e-11
-6.885427e-12
1.657522e-14
-4.88289e-11
-4.013677e-12
1.873349e-14
-4.007744e-11
-3.691573e-12
1.656377e-14
-3.366134e-11
-5.482785e-12
-2.934529e-14
-2.84069e-11
-1.468562e-13
8.719583e-17
-3.076045e-11
-1.125705e-13
6.318978e-16
-3.104664e-11
-1.356588e-13
9.855331e-16
-3.056726e-11
1.025638e-13
6.681474e-16
-3.064226e-11
-2.38345e-13
-3.085633e-16
-3.113602e-11
-4.982216e-14
-2.30563e-16
-2.754738e-11
1.802152e-11
3.445353e-11
-1.893208e-11
1.608864e-11
6.646619e-11
-3.713701e-11
6.201277e-12
8.352008e-11
-4.602347e-11
1.401067e-12
9.105234e-11
-4.945618e-11
4.056603e-12
9.346131e-11
-5.551214e-11
6.726403e-12
9.116258e-11
-6.453322e-11
1.042917e-11
8.460346e-11
-7.743018e-11
1.75149e-11
7.363217e-11
-9.755782e-11
2.957321e-11
5.714554e-11
-1.302044e-10
4.988482e-11
3.223167e-11
-1.797937e-10
2.503801e-12
6.077941e-14
-1.236057e-10
-2.712771e-12
2.676266e-14
-9.28671e-11
2.690478e-12
1.376538e-14
-6.568734e-11
6.815854e-12
2.434495e-14
-5.331311e-11
4.001906e-12
2.530149e-15
-3.359788e-11
-2.680914e-13
2.195746e-15
-2.946045e-11
-1.751016e-13
1.826093e-15
-3.114492e-11
-1.191508e-13
7.271985e-16
-3.055427e-11
-3.587856e-13
9.0233e-16
-3.20478e-11
-3.589291e-13
-5.216658e-16
-3.152657e-11
-1.830782e-14
1.053764e-16
-2.786273e-11
-1.570493e-14
-2.667787e-16
-2.381289e-11
5.756754e-11
-8.993619e-16
-2.416013e-11
2.856886e-11
3.518339e-14
-3.304294e-11
2.779482e-11
3.014015e-14
-3.724814e-11
2.116279e-11
4.304501e-15
-3.303179e-11
1.46799e-11
5.511081e-14
-2.784096e-11
-2.795565e-14
-1.576136e-15
-3.046952e-11
-3.382323e-13
-9.543435e-16
-3.563848e-11
-7.084719e-14
4.973649e-15
-3.0975e-11
-5.20027e-13
-6.330891e-15
-3.400549e-11
-1.559107e-13
5.917443e-15
-3.17171e-11
-9.068691e-14
-1.077796e-15
-3.061513e-11
-1.588565e-14
9.876172e-16
-2.393045e-11
-2.531669e-14
-4.247688e-16
-1.945234e-11
3.365124e-11
2.586329e-14
-1.195607e-11
2.138082e-11
-9.808974e-15
-1.619124e-11
2.369392e-11
3.629045e-14
-2.081548e-11
1.791258e-11
2.542346e-14
-2.093938e-11
2.492233e-11
-2.092756e-14
-3.210345e-11
-4.344685e-13
3.255949e-15
-3.035573e-11
3.583042e-14
6.394119e-16
-3.279514e-11
3.210938e-13
2.010047e-15
-2.976399e-11
-1.099673e-13
-3.413278e-15
-3.077198e-11
-5.239377e-14
-9.688773e-16
-3.224052e-11
-2.985966e-14
1.38074e-16
-2.843568e-11
1.211429e-14
-4.755412e-16
-2.477416e-11
-6.066067e-14
2.966368e-16
-2.00178e-11
7.13913e-16
2.326866e-16
-1.251692e-11
2.282516e-11
3.385846e-14
-9.399756e-12
1.667779e-11
1.513662e-14
-1.51091e-11
1.745307e-11
-1.00438e-14
-1.835993e-11
1.455215e-11
2.218206e-14
-2.261025e-11
1.739692e-11
1.017864e-13
-3.512427e-11
-4.318435e-13
-4.982722e-15
-4.35609e-11
-1.268688e-13
5.474516e-15
-3.309866e-11
1.233902e-13
5.100837e-15
-3.017477e-11
-2.019197e-13
3.59566e-15
-3.040773e-11
-8.451106e-13
-9.913469e-15
-3.48968e-11
-2.356508e-14
3.692395e-16
-2.92237e-11
-8.122009e-14
-5.726054e-16
-2.573458e-11
2.637102e-14
6.455364e-16
-1.961824e-11
-2.056449e-14
-3.645279e-16
-1.283705e-11
-4.756292e-15
2.666439e-16
1.432324e-11
4.776203e-15
-7.31683e-12
1.132864e-11
2.310647e-14
-1.274663e-11
1.157639e-11
9.093125e-15
-2.02346e-11
1.241631e-11
-8.578816e-15
-2.758607e-11
1.214526e-11
3.776371e-14
-2.986435e-11
9.536505e-14
-3.364956e-15
-3.542237e-11
1.032161e-12
5.676493e-15
-2.660691e-11
4.241869e-14
-6.073831e-15
-3.311544e-11
-3.722323e-13
3.043625e-16
-3.211718e-11
-9.046682e-13
-3.013871e-15
-3.290922e-11
5.696654e-14
3.495916e-16
-2.855352e-11
5.877722e-14
5.250734e-16
-2.434572e-11
2.958121e-14
-6.344582e-16
-2.000873e-11
-1.885338e-14
8.597508e-17
-1.283949e-11
3.116481e-14
5.740759e-16
6.51503e-12
1.948714e-14
-6.473551e-12
6.16631e-12
6.025258e-15
-1.281242e-11
5.763148e-12
2.213248e-14
-1.796207e-11
2.648847e-12
-3.108024e-15
-1.832196e-11
3.507688e-12
-4.478435e-14
-2.435372e-11
6.640733e-15
-5.937005e-15
-3.346135e-11
2.329473e-13
3.080825e-15
-3.04826e-11
-2.302166e-13
-1.857907e-16
-3.301517e-11
1.987867e-13
-3.617998e-15
-3.212665e-11
-3.183373e-13
-5.221816e-15
-3.253114e-11
3.583392e-14
5.368572e-16
-2.888026e-11
-1.771857e-14
-1.32312e-16
-2.620387e-11
-1.45912e-14
4.282823e-16
-2.013672e-11
3.957007e-14
-3.279407e-17
-1.283273e-11
-2.572846e-15
-5.772589e-16
-1.271426e-11
4.494997e-14
-8.621905e-12
-2.165874e-11
1.340488e-14
-1.059817e-11
-1.614406e-11
4.441673e-14
-1.674899e-11
-3.285131e-11
1.262031e-14
-2.326545e-11
-2.042746e-11
1.796002e-14
-3.13232e-11
-2.360001e-11
5.370502e-14
-3.730507e-11
2.696164e-11
-1.681836e-11
5.184644e-11
-3.357919e-11
6.478097e-11
-4.314075e-11
7.037045e-11
-4.799966e-11
7.161336e-11
-5.460466e-11
6.929691e-11
-6.387691e-11
6.374756e-11
-7.671559e-11
5.500613e-11
-9.51215e-11
4.249004e-11
-1.266446e-10
2.39095e-11
-1.761691e-10
-5.689527e-11
4.474797e-14
-1.195187e-10
-2.70613e-11
2.115316e-14
-8.788488e-11
-2.675911e-11
1.463938e-14
-6.295616e-11
-2.317174e-11
1.133419e-15
-4.538948e-11
-1.560033e-11
5.545514e-11
-3.281981e-12
-1.408347e-11
1.204335e-10
-1.631694e-11
-7.414627e-12
1.57808e-10
-2.862501e-11
-2.547306e-12
1.759275e-10
-3.645447e-11
-3.54659e-12
1.810589e-10
-4.607356e-11
-6.104742e-12
1.755789e-10
-5.724246e-11
-1.030942e-11
1.605545e-10
-6.919521e-11
-1.757287e-11
1.360407e-10
-7.94974e-11
-2.850775e-11
1.008898e-10
-8.481529e-11
-5.065615e-11
5.200107e-11
-6.392089e-11
-2.925441e-12
7.210682e-14
-5.176561e-11
2.486384e-12
1.781845e-14
-4.767321e-11
-2.130993e-12
1.902867e-14
-4.296209e-11
-5.193666e-12
6.657022e-15
-3.367039e-11
-1.423853e-12
4.412437e-14
-2.901351e-11
-1.743156e-11
7.384666e-11
2.997837e-13
-2.289464e-11
1.682003e-10
-2.889203e-12
-1.331749e-11
2.248177e-10
-8.483682e-12
-3.840119e-12
2.543717e-10
-1.745693e-11
-6.631484e-12
2.636619e-10
-2.772932e-11
-1.025781e-11
2.561517e-10
-3.603976e-11
-1.539755e-11
2.336745e-10
-4.339647e-11
-2.267077e-11
1.964432e-10
-4.691352e-11
-3.099743e-11
1.432461e-10
-4.238157e-11
-2.603882e-11
7.126421e-11
-3.046555e-11
7.815311e-12
9.612372e-14
-3.055376e-11
6.400962e-12
1.396387e-14
-3.13675e-11
3.594555e-12
2.007331e-14
-3.037934e-11
8.22818e-13
2.988348e-14
-3.09707e-11
5.816122e-12
2.021003e-14
-2.946812e-11
2.008378e-13
1.610844e-15
-2.885335e-11
-1.651753e-11
8.61329e-11
5.238508e-12
-2.074574e-11
2.001662e-10
6.826067e-12
-1.23412e-11
2.707676e-10
3.119587e-12
-5.165606e-12
3.091843e-10
-6.255967e-12
-7.485175e-12
3.219846e-10
-1.477869e-11
-1.032861e-11
3.133823e-10
-2.169267e-11
-1.33875e-11
2.856356e-10
-2.609941e-11
-1.804994e-11
2.392291e-10
-2.693298e-11
-2.084025e-11
1.730884e-10
-2.305665e-11
-1.124844e-11
8.474003e-11
-1.896556e-11
7.017442e-12
1.096565e-13
-2.188519e-11
5.430421e-12
1.790632e-14
-2.4489e-11
4.049977e-12
1.21367e-14
-2.693773e-11
2.754632e-12
9.598182e-15
-2.675426e-11
8.301551e-12
7.188708e-14
-3.319503e-11
-2.180234e-14
6.173416e-16
-3.128313e-11
3.189889e-14
7.916618e-16
-2.908597e-11
-7.856741e-12
9.353521e-11
6.988774e-12
-1.042101e-11
2.190705e-10
1.099996e-11
-6.577999e-12
2.983251e-10
6.866723e-12
-4.242982e-12
3.421465e-10
-1.071633e-12
-4.740494e-12
3.572683e-10
-8.638211e-12
-6.483026e-12
3.482352e-10
-1.489597e-11
-7.964361e-12
3.174993e-10
-1.869002e-11
-9.339624e-12
2.656081e-10
-1.861978e-11
-1.010125e-11
1.916439e-10
-1.65827e-11
-3.863768e-12
9.331554e-11
-1.615855e-11
3.753698e-12
1.193237e-13
-1.990956e-11
2.854114e-12
1.332433e-14
-2.179063e-11
2.358128e-12
1.645859e-14
-2.61761e-11
-5.376205e-14
-1.363142e-15
-2.255941e-11
2.49353e-12
1.554231e-14
-3.276997e-11
1.230043e-13
1.49038e-15
-3.017003e-11
2.448642e-13
1.465288e-15
-2.895872e-11
-2.529059e-13
-2.358033e-15
-3.235183e-11
2.704678e-12
9.634715e-11
6.80029e-12
7.690026e-13
2.258632e-10
9.627644e-12
-9.008905e-13
3.07658e-10
6.541031e-12
-2.487257e-13
3.531188e-10
-4.886385e-13
-2.04223e-13
3.690988e-10
-8.184358e-12
-2.686656e-13
3.601278e-10
-1.45816e-11
-7.415256e-13
3.287068e-10
-1.84074e-11
-5.061784e-13
2.753067e-10
-1.923289e-11
-7.852722e-14
1.988654e-10
-1.612212e-11
-3.09555e-13
9.695729e-11
-1.677634e-11
6.551888e-14
1.263777e-13
-2.112637e-11
1.237189e-13
1.431309e-14
-2.327513e-11
3.822826e-14
1.442182e-14
-2.602973e-11
-4.541599e-13
5.495746e-15
-2.645476e-11
-4.587266e-13
1.868155e-14
-3.066377e-11
1.787315e-13
-7.512509e-17
-2.94255e-11
9.387422e-14
4.995839e-16
-2.916855e-11
-3.199114e-14
-2.269782e-16
-3.027281e-11
2.894092e-13
1.307404e-16
-2.973433e-11
1.333588e-11
9.419708e-11
3.260875e-12
1.294009e-11
2.191804e-10
6.434668e-12
4.94525e-12
2.969933e-10
1.798155e-12
3.093893e-12
3.399967e-10
-7.576115e-12
4.136377e-12
3.550709e-10
-1.550175e-11
5.385952e-12
3.466649e-10
-2.219316e-11
7.234058e-12
3.169988e-10
-2.67201e-11
8.798803e-12
2.663848e-10
-2.683893e-11
9.261297e-12
1.934266e-10
-2.358962e-11
3.740952e-12
9.50661e-11
-1.893415e-11
-3.804508e-12
1.231491e-13
-2.246973e-11
-2.923869e-12
1.959723e-14
-2.662149e-11
-2.365876e-12
1.188743e-14
-2.792847e-11
-1.895286e-12
2.172668e-14
-2.892574e-11
-4.08948e-12
6.885876e-15
-2.965484e-11
-1.103417e-13
-1.07107e-15
-3.112731e-11
-7.122715e-14
2.609364e-16
-3.084048e-11
-1.979679e-13
-3.433531e-16
-3.090968e-11
-1.397974e-13
3.005755e-16
-3.122474e-11
8.990113e-14
3.027321e-15
-3.033988e-11
1.925411e-11
8.576361e-11
-1.645212e-12
2.333918e-11
1.957348e-10
-5.456192e-12
1.01406e-11
2.623741e-10
-1.065561e-11
4.234731e-12
2.9813e-10
-2.02479e-11
6.780138e-12
3.104464e-10
-2.966133e-11
9.682938e-12
3.031336e-10
-3.767938e-11
1.325992e-11
2.780231e-10
-4.425593e-11
1.795157e-11
2.350369e-10
-4.703034e-11
2.022874e-11
1.72379e-10
-4.196999e-11
1.023468e-11
8.622013e-11
-2.934964e-11
-7.197873e-12
1.143636e-13
-3.148441e-11
-5.720668e-12
1.753203e-14
-3.171362e-11
-4.542084e-12
1.864584e-14
-3.093514e-11
-3.48053e-12
1.783856e-14
-3.298546e-11
-2.798543e-12
-1.245664e-14
-3.302271e-11
-9.043786e-14
1.914396e-15
-3.082111e-11
-2.925103e-14
8.066281e-16
-3.021598e-11
9.080069e-14
-6.743687e-16
-3.064724e-11
-1.80839e-13
-2.108472e-15
-3.13557e-11
1.482947e-13
2.446423e-15
-3.068638e-11
-1.53581e-14
-2.989263e-17
-2.689459e-11
2.01204e-11
6.83372e-11
-4.749671e-12
2.672618e-11
1.489702e-10
-2.083799e-11
1.291841e-11
1.962108e-10
-3.342313e-11
2.168252e-12
2.197595e-10
-3.971503e-11
6.669238e-12
2.277085e-10
-4.809094e-11
1.084353e-11
2.223208e-10
-5.866798e-11
1.554507e-11
2.048166e-10
-6.983391e-11
2.250787e-11
1.749356e-10
-8.050771e-11
3.127983e-11
1.306476e-10
-8.688077e-11
2.537003e-11
6.757935e-11
-6.377197e-11
-8.424922e-12
9.473554e-14
-5.237237e-11
-6.782833e-12
2.182472e-14
-4.973905e-11
-3.986722e-12
1.72151e-14
-4.223755e-11
-2.990263e-12
1.704181e-15
-3.044102e-11
-3.647691e-12
-1.613672e-14
-2.601455e-11
8.608377e-14
7.00561e-16
-2.899764e-11
-1.578599e-13
2.381122e-16
-3.10028e-11
-1.022771e-13
6.699461e-16
-3.149609e-11
-1.858621e-13
9.77259e-16
-3.096274e-11
1.459512e-13
8.201949e-18
-3.138494e-11
-2.530018e-14
-4.071071e-17
-2.765528e-11
-5.088632e-14
-2.189533e-16
-2.370442e-11
1.739971e-11
3.536721e-11
-1.919947e-11
1.585948e-11
6.82719e-11
-3.770762e-11
7.018959e-12
8.589117e-11
-4.76424e-11
1.82295e-12
9.377098e-11
-5.092243e-11
3.682312e-12
9.620194e-11
-5.588165e-11
6.57991e-12
9.395008e-11
-6.491294e-11
1.067889e-11
8.72512e-11
-7.793111e-11
1.754297e-11
7.595865e-11
-9.744052e-11
2.893356e-11
5.903619e-11
-1.286239e-10
5.084886e-11
3.338385e-11
-1.824004e-10
2.106621e-12
4.843878e-14
-1.242016e-10
-2.732809e-12
2.966827e-14
-9.234902e-11
2.834963e-12
2.625097e-14
-6.806184e-11
3.989678e-12
-3.479413e-15
-4.867943e-11
-3.416375e-13
6.694219e-14
-3.922294e-11
-3.876303e-13
2.431067e-15
-3.350857e-11
-2.646237e-13
1.385902e-15
-2.999513e-11
-2.221156e-13
2.542949e-15
-3.130447e-11
-1.432203e-13
2.703724e-16
-3.118773e-11
-4.463137e-13
1.254623e-15
-3.201965e-11
-1.732124e-14
-7.009957e-17
-2.799103e-11
-1.807494e-14
1.008145e-16
-2.401783e-11
-1.602114e-14
-2.882752e-16
-1.908288e-11
5.822131e-11
2.447359e-14
-2.470132e-11
2.82393e-11
-2.35417e-15
-3.097635e-11
2.802666e-11
3.67948e-14
-3.764325e-11
1.972355e-11
3.205921e-14
-3.952168e-11
1.73214e-11
2.261521e-14
-2.518433e-11
5.031564e-13
7.78037e-16
-2.898276e-11
8.362935e-14
-1.943349e-16
-3.004435e-11
-4.360823e-13
-2.688707e-15
-3.492465e-11
-2.955739e-14
3.932894e-15
-3.156311e-11
-5.959253e-13
-4.741531e-15
-3.364008e-11
-4.99185e-15
7.67809e-16
-2.828035e-11
-1.057021e-13
-1.159879e-15
-2.612325e-11
-1.941851e-14
9.886541e-16
-1.928183e-11
-2.932451e-14
-4.465076e-16
-1.242712e-11
3.376458e-11
3.206558e-14
-1.101527e-11
2.160707e-11
2.460692e-14
-1.705576e-11
2.355273e-11
-7.518147e-15
-2.226348e-11
1.883338e-11
1.554859e-14
-2.543178e-11
3.038708e-11
8.524902e-14
-3.456424e-11
-6.465679e-13
9.600235e-16
-3.182682e-11
-3.65521e-13
3.241918e-15
-2.975002e-11
-1.397335e-13
-4.487548e-16
-3.261564e-11
4.290076e-13
2.718308e-15
-3.107854e-11
-2.512307e-13
-2.324547e-15
-3.174495e-11
8.79618e-15
-1.704199e-16
-2.872842e-11
-3.506032e-14
1.239751e-16
-2.457853e-11
9.354082e-15
-5.011843e-16
-1.99042e-11
-6.193112e-14
3.267765e-16
-1.278699e-11
2.735334e-15
2.393848e-16
2.303687e-11
6.718017e-18
-8.634356e-12
1.779351e-11
3.280663e-14
-1.593791e-11
1.810617e-11
1.677515e-14
-2.186777e-11
1.408859e-11
-4.648185e-14
-2.023909e-11
1.768805e-11
5.576671e-14
-2.782207e-11
1.908651e-14
-3.899385e-15
-3.462795e-11
-4.566628e-13
-4.842541e-15
-4.181941e-11
-2.89306e-13
5.993182e-15
-3.285935e-11
1.501907e-13
4.06202e-15
-3.09215e-11
-1.948839e-13
4.001435e-15
-3.165495e-11
-7.823158e-14
-1.002629e-15
-3.09583e-11
-2.668496e-14
3.658038e-16
-2.520001e-11
-8.355675e-14
-6.048543e-16
-2.056287e-11
2.631675e-14
6.599636e-16
-1.264062e-11
-2.080102e-14
-3.680682e-16
1.345639e-11
1.787154e-14
-6.915282e-12
1.242208e-11
4.680532e-15
-1.347943e-11
1.223214e-11
2.842329e-14
-1.933493e-11
9.303203e-12
1.031305e-14
-2.701362e-11
1.090337e-11
-2.881563e-14
-3.516432e-11
-7.908615e-14
3.15695e-16
-2.949007e-11
6.370321e-14
-3.942128e-15
-3.477649e-11
1.309564e-12
7.252254e-15
-2.881291e-11
6.757151e-14
-6.303004e-15
-3.295707e-11
-3.619515e-13
-6.120984e-17
-3.250332e-11
-9.264127e-14
-3.25054e-16
-2.940201e-11
5.534571e-14
3.592172e-16
-2.480113e-11
6.214632e-14
5.72762e-16
-1.968538e-11
3.129087e-14
-6.66214e-16
-1.287195e-11
-1.832328e-14
9.113108e-17
6.591293e-12
2.683222e-14
-6.530573e-12
5.768089e-12
2.137178e-14
-1.218922e-11
6.40698e-12
8.08347e-15
-1.914172e-11
4.559967e-12
1.755871e-14
-2.270728e-11
8.143736e-12
-5.710691e-16
-2.672372e-11
7.332588e-13
4.555458e-15
-2.557101e-11
-7.205216e-14
-6.723567e-15
-3.319306e-11
2.154967e-13
2.111862e-15
-3.167116e-11
-3.354852e-13
4.998439e-16
-3.288041e-11
1.76813e-13
-3.343794e-15
-3.276818e-11
-3.21796e-14
-4.583251e-16
-2.899376e-11
3.158009e-14
4.573485e-16
-2.502815e-11
-1.458304e-14
-8.84984e-17
-2.092838e-11
-1.659787e-14
4.084498e-16
-1.296372e-11
4.116083e-14
-2.584997e-17
-6.448924e-12
3.174194e-14
-6.304247e-12
-1.364719e-11
8.850106e-15
-7.913506e-12
-1.048859e-11
4.201978e-14
-1.434697e-11
-2.253167e-11
1.718711e-14
-1.031741e-11
-1.657809e-11
1.454672e-14
-1.432348e-11
-1.728473e-11
5.568988e-14
-2.327115e-11
-3.25641e-11
8.931527e-15
-2.433387e-11
-2.109026e-11
1.160615e-14
-2.922346e-11
-2.300731e-11
1.985619e-14
-3.496212e-11
-2.215931e-11
6.197996e-14
-3.856615e-11
2.786004e-11
-1.681934e-11
5.362162e-11
-3.302312e-11
6.708006e-11
-4.369068e-11
7.295446e-11
-4.851953e-11
7.429194e-11
-5.424673e-11
7.20012e-11
-6.344311e-11
6.633642e-11
-7.684377e-11
5.725485e-11
-9.667088e-11
4.411902e-11
-1.254804e-10
2.483216e-11
-1.783984e-10
-5.776715e-11
4.117747e-14
-1.212302e-10
-2.773992e-11
1.673391e-14
-8.929336e-11
-2.605018e-11
2.057072e-14
-6.402005e-11
-2.050182e-11
-5.469208e-15
-4.770015e-11
-1.474893e-11
1.09438e-13
-3.27137e-11
-1.59132e-11
5.722708e-11
-3.604753e-12
-1.417749e-11
1.244371e-10
-1.635889e-11
-6.820633e-12
1.63194e-10
-2.861087e-11
-2.671753e-12
1.821488e-10
-3.619594e-11
-3.504605e-12
1.876696e-10
-4.620156e-11
-6.256541e-12
1.821713e-10
-5.667511e-11
-1.031048e-11
1.668231e-10
-6.863054e-11
-1.763594e-11
1.415437e-10
-7.980994e-11
-2.898157e-11
1.050049e-10
-8.573954e-11
-4.963698e-11
5.400386e-11
-6.323743e-11
-2.905729e-12
7.880477e-14
-5.311095e-11
2.35299e-12
1.341879e-14
-4.773015e-11
-2.471728e-12
1.662711e-14
-4.166166e-11
-2.938201e-12
2.227064e-14
-3.935629e-11
7.125276e-13
2.358825e-14
-2.873668e-11
3.829573e-13
-3.856986e-16
-2.930189e-11
-1.849472e-11
7.617121e-11
-6.464502e-13
-2.402355e-11
1.736063e-10
-2.196457e-12
-1.374467e-11
2.322547e-10
-9.497633e-12
-4.260424e-12
2.630653e-10
-1.811906e-11
-6.556854e-12
2.729748e-10
-2.768834e-11
-1.085642e-11
2.655035e-10
-3.653204e-11
-1.543711e-11
2.424685e-10
-4.277746e-11
-2.26422e-11
2.041164e-10
-4.650152e-11
-3.111342e-11
1.490446e-10
-4.249244e-11
-2.613431e-11
7.417506e-11
-3.040063e-11
7.98646e-12
9.703381e-14
-3.132446e-11
6.4596e-12
1.802358e-14
-3.1611e-11
3.33041e-12
1.181614e-14
-3.069251e-11
-2.461703e-14
1.777191e-14
-2.77295e-11
4.940471e-12
1.335722e-14
-2.793682e-11
3.835102e-16
8.245513e-16
-2.964224e-11
2.174782e-13
1.863395e-15
-2.896567e-11
-1.686026e-11
8.877669e-11
5.941221e-12
-2.070536e-11
2.062516e-10
9.032839e-12
-1.234797e-11
2.793814e-10
3.862295e-12
-5.143561e-12
3.194042e-10
-6.200561e-12
-7.149763e-12
3.329714e-10
-1.482484e-11
-1.041242e-11
3.244451e-10
-2.188616e-11
-1.401757e-11
2.960603e-10
-2.604286e-11
-1.774916e-11
2.482403e-10
-2.670335e-11
-2.08403e-11
1.798513e-10
-2.298608e-11
-1.129346e-11
8.819226e-11
-1.907047e-11
7.284467e-12
1.144432e-13
-2.238977e-11
5.443609e-12
1.437772e-14
-2.4478e-11
3.860622e-12
1.978539e-14
-2.607439e-11
2.872722e-12
1.405568e-14
-3.000028e-11
4.451604e-12
4.050839e-14
-2.892556e-11
-2.449835e-13
-3.897663e-15
-3.289182e-11
-2.083371e-15
1.181709e-15
-3.135659e-11
-7.166989e-14
1.142552e-15
-2.923593e-11
-7.232112e-12
9.630794e-11
6.815781e-12
-1.056699e-11
2.257278e-10
1.116207e-11
-6.584718e-12
3.07592e-10
7.328931e-12
-4.204661e-12
3.530824e-10
-1.224594e-13
-4.707756e-12
3.690796e-10
-8.374217e-12
-6.023932e-12
3.601183e-10
-1.474466e-11
-8.225935e-12
3.287043e-10
-1.859446e-11
-9.827668e-12
2.753024e-10
-1.905776e-11
-9.595653e-12
1.988622e-10
-1.634153e-11
-3.798762e-12
9.69495e-11
-1.67137e-11
3.652962e-12
1.251223e-13
-1.96392e-11
2.924434e-12
1.464614e-14
-2.271633e-11
2.560397e-12
1.31068e-14
-2.438626e-11
2.585428e-12
2.49612e-14
-2.939795e-11
4.058448e-12
1.443951e-14
-2.707732e-11
-1.708779e-13
-4.064308e-15
-3.247895e-11
1.509447e-13
1.599782e-15
-3.059279e-11
2.574553e-13
1.423577e-15
-2.949899e-11
-2.263441e-13
-1.575994e-15
-3.174141e-11
3.220805e-12
9.915342e-11
6.985907e-12
1.495231e-12
2.324998e-10
1.100291e-11
-1.118062e-12
3.169792e-10
6.283406e-12
-6.261916e-13
3.641197e-10
-7.511023e-13
-1.547889e-13
3.809188e-10
-8.01352e-12
-2.848638e-13
3.72047e-10
-1.441798e-11
-1.861663e-13
3.399344e-10
-1.8377e-11
-8.05608e-13
2.850218e-10
-1.851279e-11
-4.31913e-13
2.061183e-10
-1.681212e-11
-1.6381e-13
1.005963e-10
-1.584443e-11
-6.630265e-14
1.293304e-13
-2.040358e-11
1.622455e-13
1.938562e-14
-2.423673e-11
1.51496e-13
1.255647e-14
-2.582786e-11
8.796555e-13
2.026152e-14
-2.896539e-11
8.732404e-13
3.622074e-14
-3.160931e-11
-2.239529e-13
6.321397e-16
-3.063976e-11
1.955807e-13
-1.056033e-16
-3.00181e-11
9.730259e-14
5.870509e-16
-2.972597e-11
-3.215792e-14
-1.025391e-16
-3.062317e-11
2.847708e-13
-5.689421e-16
-3.032815e-11
1.36473e-11
9.684726e-11
2.760433e-12
1.323071e-11
2.255475e-10
6.481887e-12
4.987691e-12
3.057416e-10
2.730113e-12
3.15446e-12
3.503123e-10
-7.442623e-12
4.018851e-12
3.66138e-10
-1.587045e-11
5.38778e-12
3.577693e-10
-2.228262e-11
7.163859e-12
3.274977e-10
-2.658054e-11
9.24075e-12
2.754885e-10
-2.711764e-11
9.119649e-12
2.002404e-10
-2.25744e-11
3.146864e-12
9.853339e-11
-1.995547e-11
-3.711514e-12
1.288293e-13
-2.231193e-11
-2.954371e-12
1.702371e-14
-2.524961e-11
-2.353447e-12
2.077368e-14
-2.888782e-11
-1.477044e-12
2.017638e-14
-3.007484e-11
-2.082968e-12
-4.610875e-15
-2.990769e-11
2.176864e-14
3.513843e-16
-2.992686e-11
-1.000245e-13
-9.929243e-16
-3.128196e-11
-3.919021e-14
-2.128923e-16
-3.100759e-11
-1.642284e-13
6.473749e-17
-3.118386e-11
-1.487092e-13
5.035559e-16
-3.119999e-11
1.316217e-14
2.882669e-16
-2.689892e-11
1.932281e-11
8.809232e-11
-1.683806e-12
2.394083e-11
2.012319e-10
-4.409657e-12
9.98971e-12
2.699433e-10
-1.023915e-11
3.141505e-12
3.068978e-10
-2.041784e-11
6.731813e-12
3.198751e-10
-2.972262e-11
9.736607e-12
3.125855e-10
-3.797722e-11
1.322998e-11
2.86921e-10
-4.425705e-11
1.775135e-11
2.428289e-10
-4.731751e-11
2.066736e-11
1.7828e-10
-4.237614e-11
1.037573e-11
8.92426e-11
-2.999645e-11
-7.31184e-12
1.185353e-13
-3.035725e-11
-5.696622e-12
1.896991e-14
-3.258772e-11
-4.237596e-12
1.921861e-14
-3.154181e-11
-4.308574e-12
1.055253e-14
-2.980257e-11
-3.226791e-13
3.245875e-14
-3.659726e-11
-2.396694e-13
2.771326e-15
-3.277035e-11
-1.203868e-13
1.174217e-15
-3.099476e-11
-2.368464e-16
1.190868e-15
-3.052671e-11
3.972584e-14
-2.83307e-16
-3.10772e-11
-1.864336e-13
-2.92893e-15
-3.135178e-11
1.357754e-14
3.009582e-16
-2.72725e-11
-1.474011e-14
-2.919016e-17
-2.318158e-11
2.032572e-11
7.015127e-11
-4.73716e-12
2.701371e-11
1.530217e-10
-1.996285e-11
1.325675e-11
2.017317e-10
-3.256008e-11
1.912968e-12
2.26139e-10
-3.971045e-11
5.953685e-12
2.344008e-10
-4.867607e-11
1.079429e-11
2.290836e-10
-5.907804e-11
1.58072e-11
2.11212e-10
-7.022646e-11
2.250838e-11
1.805181e-10
-8.046079e-11
3.078773e-11
1.34981e-10
-8.681406e-11
2.616533e-11
6.991773e-11
-6.456077e-11
-8.685288e-12
9.256223e-14
-5.286487e-11
-7.11372e-12
2.192952e-14
-4.801688e-11
-3.848189e-12
2.024098e-14
-4.314147e-11
-2.246218e-12
9.467094e-15
-3.618648e-11
-2.273762e-12
5.724938e-14
-2.917005e-11
1.495094e-13
1.593095e-15
-2.67024e-11
4.379242e-14
2.464762e-16
-2.973534e-11
-1.375533e-13
1.721472e-16
-3.133727e-11
-1.494372e-13
2.978272e-16
-3.169889e-11
-1.69319e-13
1.3599e-15
-3.151312e-11
1.561831e-14
8.804182e-18
-2.788463e-11
-2.209281e-14
-3.008096e-17
-2.384775e-11
-5.258277e-14
-2.437669e-16
-1.89864e-11
1.792596e-11
3.627877e-11
-1.891603e-11
1.58228e-11
7.008618e-11
-3.682652e-11
7.355122e-12
8.822928e-11
-4.731518e-11
1.532353e-12
9.646996e-11
-5.15045e-11
3.176536e-12
9.901594e-11
-5.692814e-11
6.474431e-12
9.670352e-11
-6.51444e-11
1.06711e-11
8.992185e-11
-7.83278e-11
1.79371e-11
7.83416e-11
-9.839128e-11
2.887594e-11
6.088179e-11
-1.284011e-10
4.979726e-11
3.447316e-11
-1.796921e-10
2.085679e-12
5.722338e-14
-1.261805e-10
-3.297341e-12
1.019345e-14
-9.264375e-11
2.5744e-12
3.055357e-14
-6.700615e-11
4.28474e-12
2.465872e-14
-5.285809e-11
1.900973e-12
4.473989e-14
-3.348861e-11
-6.158241e-13
-5.131572e-15
-3.811278e-11
-4.413229e-13
2.378106e-15
-3.362179e-11
-2.633627e-13
2.314297e-15
-3.05946e-11
-1.7443e-13
1.59707e-15
-3.146279e-11
-1.536272e-13
9.042085e-16
-3.187101e-11
-3.535217e-14
1.247182e-16
-2.841888e-11
-1.775517e-14
-7.878765e-17
-2.415877e-11
-1.824603e-14
1.127236e-16
-1.92789e-11
-1.653714e-14
-3.107841e-16
-1.22203e-11
5.821877e-11
2.799987e-14
-2.444943e-11
2.882226e-11
2.629703e-14
-3.208906e-11
2.743662e-11
-5.237335e-15
-3.482946e-11
2.172142e-11
4.801608e-14
-4.093352e-11
2.263324e-11
-2.278154e-15
-3.192245e-11
1.9607e-13
4.118453e-15
-2.647091e-11
4.952224e-13
5.359343e-16
-3.001831e-11
2.93247e-13
8.153818e-16
-3.078754e-11
-4.588521e-13
-3.737668e-15
-3.416836e-11
-1.849642e-13
4.191935e-15
-3.187364e-11
-5.274047e-14
-5.009881e-16
-2.972739e-11
-1.522584e-14
7.12339e-16
-2.446317e-11
-1.089602e-13
-1.16587e-15
-2.074964e-11
-2.344561e-14
1.001385e-15
-1.240198e-11
-3.187938e-14
-4.722724e-16
3.338194e-11
-6.741594e-15
-1.025994e-11
2.198023e-11
3.285338e-14
-1.529844e-11
2.416972e-11
2.398242e-14
-2.337434e-11
2.20142e-11
-1.818146e-14
-3.020233e-11
2.176674e-11
7.582863e-14
-2.989225e-11
-1.322413e-13
-2.452622e-15
-3.407705e-11
-5.061291e-13
1.189849e-15
-3.178907e-11
-2.240657e-13
5.664147e-15
-3.068304e-11
-1.84873e-13
-2.937274e-15
-3.267612e-11
2.165929e-13
2.186527e-15
-3.214157e-11
-2.950486e-15
-1.663351e-16
-2.830332e-11
-1.32107e-16
-1.858595e-16
-2.482823e-11
-3.636663e-14
1.106931e-16
-1.978573e-11
6.007747e-15
-5.237932e-16
-1.277956e-11
-6.347994e-14
3.468553e-16
2.229431e-11
1.598227e-14
-8.873331e-12
1.819922e-11
-9.222309e-16
-1.433698e-11
1.845161e-11
3.36823e-14
-2.230725e-11
1.44597e-11
1.44421e-14
-2.729547e-11
1.806449e-11
4.764459e-14
-2.609449e-11
1.613013e-13
1.557163e-15
-2.784039e-11
5.941262e-14
-3.406358e-15
-3.370627e-11
-6.403608e-13
-5.268107e-15
-3.897776e-11
-3.138552e-13
5.790691e-15
-3.259882e-11
-6.805317e-14
3.790004e-15
-3.145566e-11
-6.819478e-16
4.650064e-16
-2.838423e-11
-8.671881e-14
-9.980133e-16
-2.652729e-11
-2.781608e-14
3.551225e-16
-2.024554e-11
-8.685091e-14
-6.259443e-16
-1.313709e-11
2.696588e-14
6.749213e-16
1.349576e-11
2.439647e-14
-6.891537e-12
1.137254e-11
1.895641e-14
-1.250387e-11
1.294933e-11
7.00451e-15
-1.997622e-11
1.060798e-11
2.686709e-14
-2.57097e-11
1.739338e-11
6.469129e-15
-3.686719e-11
-8.088782e-14
2.682461e-15
-3.453923e-11
-7.549923e-14
1.095649e-15
-2.956026e-11
-2.200503e-14
-5.886629e-15
-3.482675e-11
1.150841e-12
7.813594e-15
-3.07062e-11
2.389687e-16
-6.600547e-15
-3.291001e-11
-3.88405e-14
-3.751158e-17
-2.907842e-11
-9.217103e-14
-3.02369e-16
-2.541366e-11
5.245265e-14
3.344246e-16
-2.002699e-11
6.528782e-14
6.08602e-16
-1.273399e-11
3.334247e-14
-6.948991e-16
6.233729e-12
-1.848979e-14
-6.285427e-12
5.89913e-12
2.786382e-14
-1.236178e-11
5.903064e-12
2.003869e-14
-1.80623e-11
6.134374e-12
1.17659e-14
-2.547097e-11
8.265136e-12
4.322193e-14
-3.109211e-11
5.22435e-13
3.430095e-15
-2.760589e-11
7.353378e-13
5.082395e-15
-2.762692e-11
-4.745512e-14
-6.62478e-15
-3.312539e-11
3.507148e-13
1.242108e-15
-3.199463e-11
-1.319742e-13
3.815549e-16
-3.296698e-11
1.564943e-14
-3.77058e-16
-2.928805e-11
-2.696839e-14
-4.218972e-16
-2.51297e-11
2.870581e-14
4.572044e-16
-2.018558e-11
-1.278003e-14
-6.262411e-17
-1.336453e-11
-1.787033e-14
4.062814e-16
3.266112e-14
-6.493166e-12
-6.509702e-12
6.874911e-15
-7.070078e-12
-5.709552e-12
2.853622e-14
-1.111707e-11
-1.394684e-11
1.268575e-14
-8.609828e-12
-1.154969e-11
5.945958e-15
-1.284178e-11
-1.13337e-11
4.763876e-14
-2.045342e-11
-2.241182e-11
1.394389e-14
-1.021252e-11
-1.762177e-11
1.937487e-14
-1.376949e-11
-1.830138e-11
1.414756e-14
-1.890342e-11
-1.431703e-11
5.764524e-14
-3.137125e-11
-3.275299e-11
1.082579e-15
-2.503827e-11
-2.063046e-11
9.325007e-15
-3.144549e-11
-2.353609e-11
1.565252e-14
-3.171453e-11
-2.055215e-11
2.794279e-14
-3.465418e-11
-1.929789e-11
4.875058e-14
-3.527119e-11
2.874104e-11
-1.724969e-11
5.540195e-11
-3.325529e-11
6.936726e-11
-4.265187e-11
7.553411e-11
-4.926688e-11
7.701592e-11
-5.477194e-11
7.469252e-11
-6.322559e-11
6.892224e-11
-7.640764e-11
5.95775e-11
-9.693812e-11
4.590604e-11
-1.276674e-10
2.573287e-11
-1.76194e-10
-5.865419e-11
5.301734e-14
-1.22588e-10
-2.846371e-11
1.212664e-14
-9.043061e-11
-2.679038e-11
1.229631e-14
-6.502039e-11
-1.725606e-11
1.651364e-14
-4.983846e-11
-1.493084e-11
6.026182e-14
-3.227399e-11
2.697526e-13
-3.210459e-15
-3.253745e-11
-1.636149e-11
5.900607e-11
-4.365085e-12
-1.493138e-11
1.284323e-10
-1.71734e-11
-7.232886e-12
1.686042e-10
-2.883e-11
-2.61923e-12
1.883812e-10
-3.680557e-11
-3.149149e-12
1.942985e-10
-4.624057e-11
-6.449374e-12
1.888228e-10
-5.726995e-11
-1.029788e-11
1.730786e-10
-6.810238e-11
-1.753273e-11
1.470562e-10
-7.932921e-11
-2.926883e-11
1.092405e-10
-8.600332e-11
-5.044789e-11
5.619065e-11
-6.363305e-11
-2.614979e-12
7.787889e-14
-5.253256e-11
2.380726e-12
2.12951e-14
-4.907375e-11
-3.016993e-12
1.329124e-14
-4.144593e-11
-5.071806e-12
2.042068e-14
-3.674537e-11
-4.376256e-12
2.886553e-14
-3.032292e-11
2.21793e-13
3.654081e-16
-2.901497e-11
3.478934e-13
-5.668063e-16
-2.96074e-11
-1.854524e-11
7.852024e-11
-1.446452e-12
-2.514924e-11
1.790087e-10
-2.103325e-12
-1.451385e-11
2.396088e-10
-7.975995e-12
-4.620791e-12
2.717778e-10
-1.87679e-11
-6.530296e-12
2.822964e-10
-2.804797e-11
-1.082461e-11
2.748799e-10
-3.663007e-11
-1.600545e-11
2.513174e-10
-4.338702e-11
-2.239889e-11
2.117805e-10
-4.581582e-11
-3.102767e-11
1.548469e-10
-4.217011e-11
-2.638172e-11
7.718369e-11
-3.040915e-11
8.17085e-12
9.977254e-14
-3.117882e-11
6.673532e-12
1.471166e-14
-3.25621e-11
3.347111e-12
1.915327e-14
-3.118152e-11
9.375018e-13
8.949384e-16
-2.89107e-11
6.312447e-12
1.73035e-14
-2.99285e-11
2.169637e-13
-4.492737e-16
-2.84945e-11
1.109487e-14
9.195713e-16
-2.992879e-11
2.894808e-13
2.050254e-15
-2.95201e-11
-1.628282e-11
9.139933e-11
5.721594e-12
-2.063325e-11
2.125065e-10
9.003253e-12
-1.03961e-11
2.880606e-10
4.05435e-12
-5.228065e-12
3.296219e-10
-5.342043e-12
-7.153325e-12
3.439878e-10
-1.476204e-11
-1.009828e-11
3.35515e-10
-2.179472e-11
-1.410268e-11
3.065129e-10
-2.644139e-11
-1.847319e-11
2.572921e-10
-2.645143e-11
-2.030876e-11
1.866085e-10
-2.277821e-11
-1.127792e-11
9.162681e-11
-1.893112e-11
7.230644e-12
1.206368e-13
-2.254391e-11
5.750655e-12
1.614663e-14
-2.522837e-11
3.84208e-12
1.177451e-14
-2.580023e-11
2.379563e-12
1.69813e-14
-2.603479e-11
4.800332e-12
-1.977204e-15
-3.100517e-11
8.833355e-14
-4.395627e-16
-2.933709e-11
-2.360834e-13
-3.707644e-15
-3.244155e-11
-1.290112e-14
9.503753e-16
-3.145115e-11
3.978077e-15
1.448136e-15
-2.980996e-11
-6.860704e-12
9.911359e-11
6.57301e-12
-9.707794e-12
2.323893e-10
1.0557e-11
-6.541888e-12
3.169169e-10
7.175516e-12
-4.399865e-12
3.640775e-10
8.972364e-14
-4.399677e-12
3.808945e-10
-7.689869e-12
-6.070314e-12
3.72032e-10
-1.448445e-11
-7.699877e-12
3.399251e-10
-1.843423e-11
-1.019864e-11
2.850204e-10
-1.891518e-11
-1.01177e-11
2.061146e-10
-1.664537e-11
-3.132811e-12
1.005964e-10
-1.700781e-11
3.591704e-12
1.286271e-13
-2.025985e-11
2.897406e-12
1.869632e-14
-2.238842e-11
2.486059e-12
1.121464e-14
-2.509707e-11
8.031328e-13
1.680185e-14
-2.446404e-11
2.788411e-13
1.959992e-14
-2.918097e-11
1.551059e-13
2.174693e-15
-2.768534e-11
-1.643966e-13
-4.301054e-15
-3.213591e-11
1.118544e-13
1.262142e-15
-3.097392e-11
2.686247e-13
2.465456e-15
-3.010261e-11
-3.062087e-13
-2.257341e-15
-3.11228e-11
3.513961e-12
1.019451e-10
6.597811e-12
2.100924e-12
2.392203e-10
1.056417e-11
-3.254092e-13
3.263002e-10
6.909228e-12
-6.196528e-13
3.751558e-10
-9.893918e-13
-3.020018e-13
3.927898e-10
-8.296311e-12
-1.987325e-13
3.839658e-10
-1.433149e-11
-3.393119e-13
3.511892e-10
-1.815676e-11
-1.944494e-13
2.947626e-10
-1.867984e-11
-9.68039e-13
2.133927e-10
-1.572139e-11
-2.932028e-13
1.04265e-10
-1.702536e-11
-6.468504e-14
1.340291e-13
-1.938364e-11
6.966689e-14
1.705315e-14
-2.343541e-11
9.372454e-14
2.075044e-14
-2.675539e-11
4.627484e-13
1.206441e-14
-2.787321e-11
4.895338e-13
9.510665e-15
-3.182187e-11
-8.967953e-14
-4.353027e-16
-3.162353e-11
-2.332612e-13
8.057146e-16
-3.065574e-11
1.563339e-13
-4.252154e-16
-3.064846e-11
1.670706e-13
9.274078e-16
-3.036814e-11
-3.060777e-14
-4.635106e-16
-3.099529e-11
2.169396e-14
-4.909589e-17
-2.694859e-11
1.399711e-11
9.946678e-11
2.183055e-12
1.381982e-11
2.319547e-10
5.485974e-12
5.374739e-12
3.145625e-10
2.181556e-12
2.671868e-12
3.606078e-10
-7.100223e-12
4.142089e-12
3.772401e-10
-1.594534e-11
5.435642e-12
3.689217e-10
-2.269312e-11
7.081626e-12
3.379858e-10
-2.660492e-11
9.181922e-12
2.846161e-10
-2.714395e-11
9.606776e-12
2.070851e-10
-2.293177e-11
2.739453e-12
1.020003e-10
-1.839441e-11
-3.802698e-12
1.325147e-13
-2.33514e-11
-2.837184e-12
2.0043e-14
-2.517997e-11
-2.374527e-12
1.539304e-14
-2.716427e-11
-2.215947e-12
2.400488e-14
-3.10984e-11
-3.140619e-12
-7.744044e-16
-2.757251e-11
-4.618228e-14
1.831197e-16
-3.01904e-11
3.54732e-14
6.43387e-16
-3.032826e-11
-1.099957e-13
-1.427914e-15
-3.152218e-11
-2.941824e-14
4.650339e-16
-3.117028e-11
-2.023781e-13
-7.255684e-16
-3.137261e-11
-1.405672e-14
7.165033e-17
-2.762839e-11
1.582245e-14
2.810435e-16
-2.318236e-11
1.86066e-11
9.042114e-11
-1.164927e-12
2.453433e-11
2.066982e-10
-5.575875e-12
1.13312e-11
2.775663e-10
-1.071764e-11
3.536018e-12
3.157479e-10
-2.071536e-11
6.015877e-12
3.29272e-10
-2.986022e-11
9.816926e-12
3.220727e-10
-3.820579e-11
1.342124e-11
2.958705e-10
-4.453479e-11
1.759392e-11
2.505948e-10
-4.713472e-11
2.051003e-11
1.841939e-10
-4.30098e-11
1.074924e-11
9.230384e-11
-3.001829e-11
-7.468192e-12
1.204209e-13
-3.109879e-11
-5.727691e-12
2.053902e-14
-3.176396e-11
-4.66103e-12
1.624141e-14
-3.184354e-11
-3.297835e-12
1.230095e-14
-3.064876e-11
-5.372855e-13
3.049178e-14
-3.195399e-11
-6.160402e-13
-3.678823e-15
-3.595174e-11
-2.3906e-13
3.000743e-15
-3.25497e-11
-9.154969e-14
1.437942e-15
-3.115922e-11
3.353659e-14
1.039791e-15
-3.10319e-11
7.492707e-14
-3.66723e-16
-3.154453e-11
-1.733768e-14
-2.963857e-16
-2.785004e-11
1.239201e-14
2.819988e-16
-2.355708e-11
-1.523686e-14
-3.589801e-17
-1.860945e-11
1.985074e-11
7.197419e-11
-4.563343e-12
2.635001e-11
1.570807e-10
-2.0298e-11
1.417982e-11
2.072151e-10
-3.330107e-11
2.510069e-12
2.325084e-10
-4.03243e-11
6.03036e-12
2.411814e-10
-4.933659e-11
1.046509e-11
2.3581e-10
-5.940471e-11
1.589877e-11
2.176394e-10
-7.07706e-11
2.291845e-11
1.861634e-10
-8.093293e-11
3.069532e-11
1.392732e-10
-8.668831e-11
2.566059e-11
7.223579e-11
-6.501947e-11
-8.601295e-12
9.772262e-14
-5.377399e-11
-7.275979e-12
1.477728e-14
-4.889296e-11
-4.175044e-12
2.244213e-14
-4.136967e-11
-9.313771e-13
2.232546e-14
-3.812576e-11
-2.949458e-12
5.041801e-14
-3.166649e-11
-1.235866e-13
-1.845222e-16
-2.959623e-11
2.032471e-13
1.461188e-15
-2.77869e-11
3.983623e-14
6.778636e-16
-3.026599e-11
-1.405082e-13
1.309874e-16
-3.154396e-11
-1.770511e-13
5.023023e-16
-3.18126e-11
-1.555466e-14
1.509741e-16
-2.798696e-11
1.574581e-14
-2.522851e-17
-2.407526e-11
-2.247393e-14
-2.098981e-17
-1.914064e-11
-5.337271e-14
-2.650522e-16
-1.214691e-11
1.729226e-11
3.723892e-11
-1.916842e-11
1.567985e-11
7.188546e-11
-3.742396e-11
6.674169e-12
9.056457e-11
-4.686726e-11
2.144759e-12
9.90614e-11
-5.25365e-11
3.120304e-12
1.018087e-10
-5.74219e-11
6.399728e-12
9.953411e-11
-6.619258e-11
1.065217e-11
9.254912e-11
-7.849944e-11
1.802248e-11
8.074769e-11
-9.889973e-11
2.965413e-11
6.280536e-11
-1.302118e-10
4.967416e-11
3.551542e-11
-1.792912e-10
2.24347e-12
5.672361e-14
-1.235993e-10
-3.134021e-12
2.418078e-14
-9.428668e-11
2.251399e-12
1.059192e-14
-6.747587e-11
4.365679e-12
2.459024e-14
-4.982649e-11
2.561876e-12
5.599468e-14
-3.320791e-11
-2.969546e-13
1.288077e-15
-3.307111e-11
-6.606523e-13
-4.868104e-15
-3.678334e-11
-6.083546e-13
1.797961e-15
-3.336485e-11
-2.047026e-13
2.162992e-15
-3.098246e-11
-2.161867e-13
2.3852e-15
-3.175474e-11
-1.087304e-14
4.091815e-17
-2.832821e-11
-3.844651e-14
1.402384e-16
-2.450847e-11
-1.727176e-14
-8.903698e-17
-1.941489e-11
-1.873666e-14
1.164587e-16
-1.237102e-11
-1.628268e-14
-3.269728e-16
5.730526e-11
-1.483203e-15
-2.383965e-11
2.898925e-11
2.902853e-14
-3.148845e-11
2.803532e-11
2.916105e-14
-3.619385e-11
2.098551e-11
-1.11728e-14
-3.399329e-11
2.23921e-11
6.812269e-14
-4.1732e-11
-2.848239e-13
4.46107e-15
-3.156968e-11
2.523361e-13
2.464785e-15
-2.834688e-11
3.578879e-13
9.639006e-16
-3.094871e-11
4.279275e-13
2.281456e-15
-3.1939e-11
-5.238884e-13
-3.314141e-15
-3.353462e-11
-1.550644e-14
3.122657e-16
-2.8408e-11
-5.588702e-14
-4.511186e-16
-2.549949e-11
-1.710218e-14
7.05398e-16
-1.968101e-11
-1.128942e-13
-1.189788e-15
-1.316029e-11
-2.493208e-14
1.03649e-15
3.374779e-11
1.206499e-14
-1.152919e-11
2.157814e-11
-8.051717e-15
-1.356123e-11
2.503796e-11
4.236336e-14
-2.208495e-11
2.153665e-11
4.055891e-14
-3.078445e-11
2.411389e-11
1.831435e-14
-3.653805e-11
4.645566e-13
-1.063773e-16
-2.988229e-11
-1.746031e-13
-3.459936e-15
-3.324884e-11
-5.674286e-13
7.253458e-16
-3.2179e-11
-1.633101e-14
6.321695e-15
-3.21436e-11
-2.115898e-13
-1.195678e-15
-3.268698e-11
2.550895e-14
6.911027e-17
-2.868426e-11
-3.846669e-15
-1.294932e-16
-2.452647e-11
-1.123396e-15
-1.75802e-16
-1.997353e-11
-3.875253e-14
9.658746e-17
-1.273165e-11
5.39916e-15
-5.457302e-16
2.228909e-11
2.692845e-14
-8.849447e-12
1.712284e-11
1.535672e-14
-1.465666e-11
1.945755e-11
2.985592e-15
-2.07584e-11
1.687221e-11
5.211996e-14
-2.895594e-11
2.206865e-11
1.759535e-14
-3.202149e-11
3.863007e-13
1.718509e-15
-2.705577e-11
8.306291e-14
3.031843e-15
-2.832942e-11
1.323716e-13
-4.621526e-15
-3.321245e-11
-5.482451e-13
-6.225254e-15
-3.665447e-11
-3.811423e-13
6.407318e-15
-3.279878e-11
-1.046532e-15
3.982006e-16
-2.822055e-11
-2.557822e-15
4.744297e-16
-2.464006e-11
-8.556076e-14
-1.015291e-15
-2.11253e-11
-3.084109e-14
3.334036e-16
-1.300976e-11
-8.993712e-14
-6.461728e-16
1.34782e-11
-9.860448e-15
-7.31719e-12
1.160209e-11
2.387606e-14
-1.259369e-11
1.221161e-11
1.869073e-14
-1.884682e-11
1.296804e-11
1.002426e-14
-2.688084e-11
1.273278e-11
-7.627514e-15
-3.070354e-11
-3.321741e-13
-1.958867e-16
-3.633644e-11
-1.678627e-13
3.119808e-15
-3.396847e-11
-1.817202e-14
9.313843e-16
-3.085758e-11
-3.30014e-14
-6.12269e-15
-3.491349e-11
1.054723e-12
6.384761e-15
-3.215154e-11
8.482722e-15
-5.199021e-16
-2.928921e-11
-4.237393e-14
-1.111811e-16
-2.520839e-11
-9.53052e-14
-2.894527e-16
-2.04501e-11
4.84955e-14
3.191097e-16
-1.293252e-11
6.848032e-14
6.385619e-16
7.126621e-12
2.821434e-14
-7.438723e-12
5.197984e-12
-1.824979e-14
-1.154543e-11
5.970715e-12
2.702865e-14
-1.8263e-11
5.329212e-12
1.628804e-14
-2.365567e-11
1.721518e-12
-1.645612e-14
-2.709774e-11
-1.167342e-15
-2.141109e-17
-3.166653e-11
5.84901e-13
3.580916e-15
-2.902561e-11
7.437042e-13
4.571557e-15
-2.955153e-11
-1.459553e-13
-5.207649e-15
-3.37262e-11
3.023624e-13
1.183688e-15
-3.254398e-11
-1.034709e-14
1.447156e-17
-2.934856e-11
1.174254e-14
-4.410488e-16
-2.533768e-11
-2.940618e-14
-4.705559e-16
-2.027402e-11
2.718148e-14
4.647619e-16
-1.302572e-11
-1.178393e-14
-5.044749e-17
9.870074e-15
-6.477926e-12
2.866357e-14
-1.22291e-11
-6.239216e-12
1.736824e-14
-7.775202e-12
-5.824466e-12
4.167529e-15
-1.272008e-11
-6.193095e-12
3.153577e-14
-1.634878e-11
-1.372075e-11
1.57472e-14
-8.817402e-12
-1.197443e-11
1.194439e-14
-1.426956e-11
-1.250355e-11
1.13334e-14
-1.859724e-11
-9.396057e-12
4.959958e-14
-2.569431e-11
-2.221004e-11
-4.701622e-15
-1.057028e-11
-1.740446e-11
1.608565e-14
-1.349401e-11
-1.899229e-11
1.299557e-14
-1.83537e-11
-1.491164e-11
2.840472e-14
-2.443675e-11
-1.667096e-11
5.531004e-14
-3.496898e-11
-3.335918e-11
3.644402e-14
-2.546192e-11
-2.073175e-11
1.462221e-15
-3.279784e-11
-2.378542e-11
4.532362e-15
-3.449933e-11
-2.207032e-11
2.949426e-15
-2.699339e-11
-2.391427e-11
-3.516912e-14
-2.553995e-11
1.288955e-13
-6.189847e-15
-3.476942e-11
2.963392e-11
-1.761746e-11
5.717558e-11
-3.433091e-11
7.166354e-11
-4.319161e-11
7.810692e-11
-4.809525e-11
7.973622e-11
-5.516208e-11
7.742626e-11
-6.398752e-11
7.149034e-11
-7.615908e-11
6.189409e-11
-9.639275e-11
4.777575e-11
-1.283095e-10
2.677801e-11
-1.793443e-10
-5.757143e-11
4.5967e-14
-1.211409e-10
-2.907615e-11
2.896852e-14
-9.120466e-11
-2.754706e-11
9.130315e-15
-6.597708e-11
-1.854923e-11
1.557411e-14
-5.165703e-11
-2.185173e-11
3.129723e-14
-3.259768e-11
-1.731011e-13
-9.363387e-16
-3.199122e-11
2.366211e-13
-2.698131e-15
-3.22048e-11
-1.635039e-11
6.081935e-11
-4.350251e-12
-1.523061e-11
1.324437e-10
-1.86901e-11
-8.352133e-12
1.740314e-10
-2.920501e-11
-2.818647e-12
1.946687e-10
-3.710931e-11
-3.669564e-12
2.009322e-10
-4.631178e-11
-6.334118e-12
1.954938e-10
-5.741106e-11
-1.058657e-11
1.793951e-10
-6.903828e-11
-1.737368e-11
1.525526e-10
-7.869943e-11
-2.900205e-11
1.134835e-10
-8.57106e-11
-5.10273e-11
5.846887e-11
-6.365832e-11
-2.60223e-12
8.015386e-14
-5.27648e-11
2.691585e-12
1.528326e-14
-4.856669e-11
-3.562514e-12
2.281841e-14
-4.226463e-11
-5.33238e-12
4.405347e-15
-3.533192e-11
-1.022908e-12
1.918019e-14
-2.97663e-11
2.945208e-13
-7.657171e-16
-3.052237e-11
3.059606e-13
8.433184e-16
-2.948642e-11
2.986657e-13
-9.214351e-16
-2.985939e-11
-1.778364e-11
8.083834e-11
-1.100437e-12
-2.58495e-11
1.844461e-10
-2.035615e-12
-1.382689e-11
2.470004e-10
-6.592136e-12
-4.265762e-12
2.804817e-10
-1.768121e-11
-6.616495e-12
2.916522e-10
-2.864732e-11
-1.073587e-11
2.842631e-10
-3.676979e-11
-1.599835e-11
2.601939e-10
-4.360529e-11
-2.316916e-11
2.195039e-10
-4.643778e-11
-3.050328e-11
1.606408e-10
-4.146928e-11
-2.61939e-11
8.017961e-11
-3.024701e-11
8.217952e-12
1.052222e-13
-3.129207e-11
6.702011e-12
1.432058e-14
-3.214504e-11
3.739312e-12
1.409086e-14
-3.250763e-11
1.114486e-12
8.576514e-15
-3.007443e-11
5.493066e-12
4.885755e-14
-3.001634e-11
1.854228e-13
-1.864825e-16
-3.011919e-11
2.636347e-13
-7.144736e-16
-2.912681e-11
-5.544596e-14
5.355763e-16
-3.021858e-11
3.227203e-13
2.488094e-15
-3.021503e-11
-1.564322e-11
9.406019e-11
5.781944e-12
-2.028662e-11
2.187779e-10
9.560721e-12
-1.05639e-11
2.967927e-10
4.193529e-12
-5.25301e-12
3.398939e-10
-5.380964e-12
-6.545823e-12
3.550097e-10
-1.421147e-11
-1.018799e-11
3.466215e-10
-2.172615e-11
-1.373708e-11
3.169707e-10
-2.619734e-11
-1.861515e-11
2.663794e-10
-2.711432e-11
-2.121128e-11
1.934035e-10
-2.218291e-11
-1.065407e-11
9.505928e-11
-1.868048e-11
7.177553e-12
1.231144e-13
-2.240621e-11
5.702582e-12
1.935598e-14
-2.536211e-11
4.420304e-12
1.523371e-14
-2.722849e-11
1.532923e-12
1.865371e-14
-2.663312e-11
6.082043e-12
2.388742e-14
-3.211952e-11
1.888079e-14
1.837081e-15
-3.09855e-11
1.020383e-13
-1.296555e-16
-2.983293e-11
-2.864379e-13
-4.362766e-15
-3.188245e-11
1.957443e-15
6.258846e-16
-3.137443e-11
-2.606241e-14
1.354753e-15
-3.045133e-11
-6.528246e-12
1.019005e-10
6.744055e-12
-9.234519e-12
2.390909e-10
1.074008e-11
-6.057879e-12
3.262346e-10
6.885501e-12
-4.29359e-12
3.75117e-10
-2.055165e-13
-4.456659e-12
3.927639e-10
-7.622939e-12
-5.707508e-12
3.839508e-10
-1.408713e-11
-7.887409e-12
3.511778e-10
-1.817354e-11
-9.60254e-12
2.947533e-10
-1.87556e-11
-1.077417e-11
2.133931e-10
-1.64084e-11
-3.557605e-12
1.042608e-10
-1.703089e-11
3.756524e-12
1.371104e-13
-2.072575e-11
2.73732e-12
1.465901e-14
-2.292745e-11
2.579078e-12
2.265563e-14
-2.497363e-11
1.2345e-12
7.505393e-15
-2.601141e-11
4.366105e-12
-2.46786e-14
-2.844274e-11
9.008758e-14
-1.986605e-16
-2.929024e-11
2.027283e-13
2.649336e-15
-2.867049e-11
-1.649959e-13
-4.079664e-15
-3.190287e-11
7.801495e-14
4.640361e-16
-3.111365e-11
2.687327e-13
1.823362e-15
-3.071018e-11
-2.202378e-14
-1.7009e-16
-2.753855e-11
3.759481e-12
1.047115e-10
7.308021e-12
2.338103e-12
2.459655e-10
1.08945e-11
-6.348734e-14
3.356931e-10
6.524309e-12
-6.699679e-13
3.861769e-10
-7.801428e-13
-1.488601e-13
4.046942e-10
-8.59815e-12
-1.975443e-13
3.959333e-10
-1.461439e-11
-2.989907e-13
3.624397e-10
-1.818509e-11
-4.22044e-13
3.045226e-10
-1.831149e-11
-3.229958e-13
2.206903e-10
-1.606683e-11
-1.120753e-12
1.07948e-10
-1.552887e-11
2.877908e-14
1.394747e-13
-2.074783e-11
-7.407379e-14
1.797675e-14
-2.215589e-11
2.89508e-13
1.570593e-14
-2.614891e-11
8.043076e-13
2.774969e-14
-2.993e-11
-2.660465e-12
-6.010363e-17
-2.86638e-11
-1.72609e-13
-9.128311e-16
-3.177502e-11
-1.249008e-13
-4.97669e-16
-3.163088e-11
-2.370072e-13
8.491511e-16
-3.076618e-11
1.483936e-13
-5.10181e-16
-3.109161e-11
1.413313e-13
8.499012e-16
-3.09893e-11
-1.109054e-16
2.340395e-17
-2.747103e-11
1.998235e-14
-9.944072e-17
-2.320904e-11
1.44145e-11
1.021001e-10
1.396009e-12
1.420376e-11
2.383207e-10
5.4537e-12
5.455729e-12
3.233858e-10
2.434401e-12
2.911199e-12
3.709807e-10
-7.567619e-12
3.647688e-12
3.883182e-10
-1.580042e-11
5.625236e-12
3.801071e-10
-2.291155e-11
7.291249e-12
3.485248e-10
-2.708286e-11
8.949369e-12
2.937267e-10
-2.707446e-11
9.730005e-12
2.139499e-10
-2.325843e-11
2.99679e-12
1.05487e-10
-1.865525e-11
-3.862982e-12
1.355949e-13
-2.188769e-11
-3.028408e-12
1.890412e-14
-2.606041e-11
-2.196635e-12
2.301333e-14
-2.771847e-11
-2.740812e-12
9.79097e-15
-2.781487e-11
-1.908406e-12
7.415409e-15
-2.998316e-11
2.295622e-14
4.662775e-16
-2.832596e-11
-3.506172e-14
-1.014123e-16
-3.048997e-11
6.072617e-14
3.558622e-16
-3.076748e-11
-1.803714e-13
-8.132184e-16
-3.158614e-11
1.556021e-15
-2.139015e-16
-3.138826e-11
-1.819424e-14
-6.615811e-17
-2.785196e-11
-1.427292e-14
1.292032e-16
-2.376846e-11
1.503968e-14
2.626764e-16
-1.859079e-11
1.89237e-11
9.277049e-11
-1.556578e-12
2.451392e-11
2.12174e-10
-4.853308e-12
1.160715e-11
2.851365e-10
-1.085737e-11
3.466685e-12
3.245849e-10
-2.053848e-11
6.232868e-12
3.38753e-10
-3.038095e-11
9.435015e-12
3.315272e-10
-3.826076e-11
1.35949e-11
3.048543e-10
-4.488193e-11
1.795601e-11
2.584192e-10
-4.742311e-11
2.019859e-11
1.900748e-10
-4.257471e-11
1.069547e-11
9.537009e-11
-3.110716e-11
-7.473908e-12
1.239317e-13
-3.103348e-11
-5.930996e-12
1.778986e-14
-3.245045e-11
-4.185005e-12
2.205099e-14
-3.181576e-11
-2.19526e-12
1.379277e-14
-3.074084e-11
-3.962986e-12
3.952629e-14
-3.007437e-11
-1.35115e-13
-9.973163e-17
-3.200166e-11
-6.529693e-13
-3.956393e-15
-3.501882e-11
-2.149023e-13
3.45489e-15
-3.246257e-11
-8.546212e-14
1.266631e-15
-3.145896e-11
5.877568e-14
1.047892e-15
-3.15441e-11
5.581394e-15
-9.479728e-18
-2.79926e-11
-1.527827e-14
-3.44586e-16
-2.402729e-11
1.042862e-14
3.011289e-16
-1.892382e-11
-1.595212e-14
-5.004156e-17
-1.193057e-11
2.055594e-11
7.384343e-11
-5.378122e-12
2.650294e-11
1.611244e-10
-1.948577e-11
1.344258e-11
2.126967e-10
-3.262223e-11
2.677239e-12
2.388074e-10
-3.981168e-11
5.548791e-12
2.479317e-10
-4.950729e-11
1.058487e-11
2.426251e-10
-6.034779e-11
1.575852e-11
2.240215e-10
-7.093479e-11
2.308942e-11
1.918391e-10
-8.159667e-11
3.135772e-11
1.436429e-10
-8.712376e-11
2.550736e-11
7.450423e-11
-6.480987e-11
-8.54666e-12
1.016612e-13
-5.411892e-11
-7.139021e-12
1.942341e-14
-4.980188e-11
-4.08654e-12
1.409812e-14
-4.260216e-11
-2.256224e-12
1.981159e-14
-3.497109e-11
-5.559888e-12
3.612442e-14
-3.036621e-11
-2.818805e-13
-1.079832e-15
-3.174686e-11
-1.021958e-13
-2.317399e-16
-2.982526e-11
1.815759e-13
1.273905e-15
-2.918018e-11
8.491433e-14
1.31459e-15
-3.07812e-11
-1.945859e-13
9.266762e-18
-3.196287e-11
-1.49212e-14
4.557916e-17
-2.824433e-11
-1.562283e-14
1.516723e-16
-2.415254e-11
1.61602e-14
-4.031894e-17
-1.933944e-11
-2.18827e-14
-1.427014e-17
-1.227504e-11
-5.460402e-14
-2.817243e-16
1.82416e-11
3.82104e-11
-1.93846e-11
1.632041e-11
7.375482e-11
-3.728971e-11
7.204165e-12
9.290103e-11
-4.693932e-11
1.674114e-12
1.01661e-10
-5.085191e-11
2.47849e-12
1.045444e-10
-5.777167e-11
6.285629e-12
1.02334e-10
-6.654223e-11
1.071827e-11
9.526755e-11
-7.970387e-11
1.810751e-11
8.30972e-11
-9.910372e-11
2.983199e-11
6.474998e-11
-1.30923e-10
5.119935e-11
3.6669e-11
-1.827554e-10
2.189797e-12
5.365736e-14
-1.240458e-10
-3.186815e-12
2.052024e-14
-9.142067e-11
2.202855e-12
2.382059e-14
-6.858948e-11
3.408477e-12
2.324958e-15
-4.99551e-11
8.206104e-13
4.9905e-14
-2.866804e-11
-4.633856e-13
-2.491686e-15
-3.310242e-11
-3.406899e-13
2.139249e-15
-3.255022e-11
-6.56338e-13
-5.173316e-15
-3.552658e-11
-4.959214e-13
1.714233e-15
-3.260258e-11
-3.035037e-13
2.378096e-15
-3.169883e-11
-1.349429e-14
2.234991e-16
-2.8255e-11
-1.361143e-14
4.653903e-17
-2.446508e-11
-3.87291e-14
1.509521e-16
-1.967809e-11
-1.746541e-14
-9.620148e-17
-1.247399e-11
-1.94086e-14
1.204232e-16
5.916501e-11
1.782175e-14
-2.549936e-11
2.816045e-11
-4.493908e-15
-3.03315e-11
2.767614e-11
2.879073e-14
-3.417814e-11
2.092254e-11
3.952435e-14
-3.582142e-11
1.835984e-11
-1.579337e-14
-2.804295e-11
-8.60176e-13
-9.244323e-15
-4.004711e-11
-1.257407e-13
5.257306e-15
-3.157144e-11
6.463144e-14
2.828399e-15
-3.016638e-11
3.581251e-13
2.59385e-16
-3.207551e-11
2.298017e-13
2.26673e-15
-3.251877e-11
-3.805622e-14
-2.722314e-16
-2.96139e-11
-2.304949e-14
2.783405e-16
-2.461476e-11
-5.688645e-14
-4.311743e-16
-2.037827e-11
-2.02565e-14
7.146062e-16
-1.265826e-11
-1.165717e-13
-1.232486e-15
3.416325e-11
3.102443e-14
-1.199503e-11
2.18916e-11
1.394687e-14
-1.6379e-11
2.391555e-11
-1.366299e-14
-1.793163e-11
2.345492e-11
5.826406e-14
-2.899562e-11
2.085998e-11
-5.060387e-14
-3.010632e-11
-5.441603e-13
-1.336192e-15
-3.549489e-11
5.443565e-13
1.544015e-15
-3.003297e-11
-2.25559e-13
-4.284368e-15
-3.254895e-11
-3.346452e-13
1.745667e-16
-3.276292e-11
-1.855981e-13
5.811588e-15
-3.248652e-11
-5.032819e-15
-2.075146e-17
-2.900889e-11
1.768235e-14
2.126819e-17
-2.482115e-11
-3.089234e-15
-1.555119e-16
-1.981349e-11
-2.120256e-15
-1.645701e-16
-1.285294e-11
-4.00594e-14
8.942112e-17
2.285788e-11
-5.000674e-15
-9.45289e-12
1.729975e-11
2.60212e-14
-1.459668e-11
1.822481e-11
1.896189e-14
-2.067068e-11
1.810917e-11
-6.047442e-15
-2.596303e-11
1.843398e-11
1.733138e-14
-3.497131e-11
-3.303498e-13
-2.606298e-16
-3.214646e-11
4.283691e-13
1.887572e-15
-2.897038e-11
1.072992e-13
3.096629e-15
-2.993911e-11
1.883221e-13
-3.214902e-15
-3.363804e-11
-5.528072e-13
-6.410243e-15
-3.527707e-11
-2.833495e-14
4.920762e-16
-2.927216e-11
-8.509781e-15
4.152314e-16
-2.460089e-11
-3.896016e-15
5.127121e-16
-1.989864e-11
-8.481751e-14
-1.033163e-15
-1.34546e-11
-3.297904e-14
3.281545e-16
1.439704e-11
2.802542e-14
-7.558303e-12
1.136001e-11
-7.470822e-15
-1.359051e-11
1.204542e-11
2.295233e-14
-1.864792e-11
9.956596e-12
1.736823e-14
-2.333948e-11
1.24925e-11
-1.334036e-16
-3.737424e-11
1.515508e-13
5.488008e-15
-3.088212e-11
-3.50154e-13
-1.525224e-15
-3.572197e-11
-8.708458e-14
2.770971e-15
-3.347291e-11
-8.982118e-15
1.114491e-15
-3.233205e-11
-1.01049e-13
-4.228115e-15
-3.428719e-11
1.042243e-13
5.932942e-16
-2.877979e-11
1.131631e-14
-4.781998e-16
-2.532643e-11
-4.218014e-14
-1.411836e-16
-2.032724e-11
-9.937859e-14
-2.913565e-16
-1.31638e-11
4.82346e-14
3.218302e-16
6.787097e-12
6.055216e-14
-6.94948e-12
6.346481e-12
2.982267e-14
-1.410234e-11
5.395663e-12
-2.334927e-14
-1.701452e-11
5.934871e-12
3.045812e-14
-2.420638e-11
6.615433e-12
4.237935e-14
-3.024111e-11
5.63943e-13
6.253694e-16
-2.793394e-11
-6.688425e-14
-1.111601e-15
-3.26035e-11
5.373976e-13
4.24521e-15
-3.036574e-11
6.192979e-13
3.137761e-15
-3.034467e-11
-5.915665e-14
-4.644404e-15
-3.377557e-11
2.655173e-14
1.951113e-16
-2.909353e-11
-4.891327e-15
5.929e-17
-2.540198e-11
1.321822e-14
-4.611777e-16
-2.04121e-11
-3.196901e-14
-5.029685e-16
-1.309361e-11
2.724622e-14
4.756662e-16
1.112364e-14
-6.328276e-12
8.893333e-15
-1.228637e-11
3.124574e-14
-1.844397e-11
-6.773353e-12
2.045984e-14
-7.136804e-12
-5.313316e-12
1.588236e-14
-1.450358e-11
-6.541177e-12
8.314148e-15
-1.864941e-11
-5.828136e-12
1.674952e-14
-2.013001e-11
-1.382546e-11
-1.116484e-15
-8.420807e-12
-1.185768e-11
1.693098e-14
-1.448669e-11
-1.303782e-11
1.191577e-14
-2.024834e-11
-1.098813e-11
1.13017e-14
-2.260951e-11
-8.240937e-12
5.0729e-14
-3.387503e-11
-2.163455e-11
4.29615e-14
-1.192961e-11
-1.715071e-11
-5.21782e-15
-1.418503e-11
-1.852757e-11
9.218545e-15
-1.881632e-11
-1.745387e-11
2.604962e-14
-2.325219e-11
-1.85815e-11
-1.546464e-14
-2.945899e-11
-1.64257e-13
-5.777287e-15
-3.474848e-11
-3.245435e-11
1.179239e-14
-2.517101e-11
-2.142022e-11
3.795027e-14
-3.33107e-11
-2.380882e-11
-5.658704e-15
-3.662433e-11
-2.087187e-11
-1.402861e-14
-3.241802e-11
-2.100033e-11
4.121465e-15
-2.813086e-11
2.027315e-13
4.726277e-15
-2.669783e-11
1.443306e-13
-5.846072e-15
-3.357172e-11
3.054998e-11
-1.774292e-11
5.896064e-11
-3.517642e-11
7.397017e-11
-4.556196e-11
8.079471e-11
-4.901844e-11
8.246495e-11
-5.451742e-11
8.016671e-11
-6.426891e-11
7.410529e-11
-7.725755e-11
6.418663e-11
-9.595924e-11
4.9629e-11
-1.274824e-10
2.789967e-11
-1.806507e-10
-5.829555e-11
4.607464e-14
-1.235687e-10
-2.830816e-11
1.604784e-14
-9.015974e-11
-2.856149e-11
3.289145e-14
-6.636667e-11
-2.073827e-11
9.048022e-15
-5.070205e-11
-2.361808e-11
9.480059e-15
-2.932419e-11
5.190447e-14
-3.82015e-16
-3.246388e-11
-1.478724e-13
-2.414116e-16
-3.169344e-11
1.840902e-13
-3.054287e-15
-3.189417e-11
-1.598776e-11
6.260727e-11
-4.143043e-12
-1.547821e-11
1.36479e-10
-1.927982e-11
-8.337674e-12
1.79467e-10
-3.02354e-11
-2.681199e-12
2.009471e-10
-3.732101e-11
-3.447396e-12
2.076147e-10
-4.696923e-11
-6.439442e-12
2.02165e-10
-5.728873e-11
-1.054664e-11
1.857355e-10
-6.923607e-11
-1.785444e-11
1.581169e-10
-7.99931e-11
-2.86616e-11
1.176997e-10
-8.486921e-11
-5.010273e-11
6.073631e-11
-6.409099e-11
-2.810587e-12
8.339138e-14
-5.253248e-11
2.604623e-12
1.636542e-14
-4.870458e-11
-2.728181e-12
1.298117e-14
-4.216428e-11
-4.55605e-12
1.912667e-14
-3.678435e-11
-2.029699e-13
3.137519e-14
-3.000242e-11
4.588497e-13
-5.045812e-16
-3.012427e-11
2.878054e-13
-7.548317e-16
-3.068088e-11
2.147238e-13
6.83052e-16
-3.021962e-11
4.117705e-13
-4.746406e-16
-3.029125e-11
-1.758386e-11
8.318486e-11
-1.168025e-12
-2.451229e-11
1.898811e-10
-2.909068e-12
-1.421606e-11
2.545175e-10
-6.111422e-12
-3.120954e-12
2.892351e-10
-1.750496e-11
-5.440535e-12
3.010041e-10
-2.812757e-11
-1.08578e-11
2.936856e-10
-3.737395e-11
-1.582101e-11
2.690722e-10
-4.355977e-11
-2.317779e-11
2.272614e-10
-4.682578e-11
-3.16968e-11
1.664943e-10
-4.185785e-11
-2.547772e-11
8.316305e-11
-2.962689e-11
8.311646e-12
1.096974e-13
-3.12741e-11
6.797189e-12
1.7229e-14
-3.240946e-11
3.593653e-12
1.382621e-14
-3.139934e-11
1.158266e-12
1.206707e-14
-3.223113e-11
5.288436e-12
4.40869e-14
-2.966523e-11
1.761673e-13
-2.023397e-16
-3.028379e-11
1.977041e-13
1.191187e-16
-3.041455e-11
2.526926e-13
-8.274428e-16
-2.981922e-11
3.052288e-14
4.022184e-16
-3.054965e-11
2.544031e-13
2.42202e-15
-3.063023e-11
-1.540339e-11
9.671987e-11
5.276091e-12
-1.916905e-11
2.250885e-10
8.586088e-12
-9.707907e-12
3.055179e-10
4.380892e-12
-5.247982e-12
3.501951e-10
-5.170037e-12
-6.521631e-12
3.660773e-10
-1.437772e-11
-9.519661e-12
3.577363e-10
-2.149399e-11
-1.39673e-11
3.274684e-10
-2.612784e-11
-1.818012e-11
2.754673e-10
-2.671181e-11
-2.14676e-11
2.002412e-10
-2.32875e-11
-1.154448e-11
9.850726e-11
-1.763456e-11
7.250691e-12
1.291904e-13
-2.207158e-11
5.61321e-12
1.567736e-14
-2.528813e-11
4.347271e-12
2.092986e-14
-2.719744e-11
2.305815e-12
1.821425e-14
-2.843879e-11
7.421231e-12
-4.276229e-14
-2.986883e-11
-5.380523e-14
-8.844359e-16
-3.207088e-11
2.975188e-14
2.074814e-15
-3.099035e-11
7.392021e-14
-4.47654e-16
-3.029533e-11
-1.941543e-13
-3.509706e-15
-3.183494e-11
-4.837054e-14
-4.282352e-17
-3.114566e-11
-5.147307e-15
1.315956e-16
-2.701613e-11
-6.444113e-12
1.046648e-10
6.862129e-12
-8.976243e-12
2.458259e-10
1.066333e-11
-5.472395e-12
3.356152e-10
6.683942e-12
-4.125808e-12
3.861381e-10
-6.92346e-13
-4.232072e-12
4.046719e-10
-8.026134e-12
-5.644048e-12
3.959195e-10
-1.413392e-11
-7.560857e-12
3.624336e-10
-1.806695e-11
-9.960371e-12
3.045149e-10
-1.839209e-11
-1.006845e-11
2.206804e-10
-1.63181e-11
-4.670999e-12
1.079484e-10
-1.652979e-11
3.813554e-12
1.390176e-13
-2.069993e-11
2.892507e-12
2.187024e-14
-2.371051e-11
2.098789e-12
1.024918e-14
-2.477171e-11
1.103339e-12
1.427416e-14
-2.547798e-11
1.819025e-12
4.025747e-14
-3.054253e-11
3.441023e-14
4.245221e-15
-2.874103e-11
1.469719e-13
-1.04777e-15
-2.946443e-11
1.635085e-13
2.572225e-15
-2.973825e-11
-1.249009e-13
-3.326028e-15
-3.183567e-11
4.172458e-14
1.148385e-16
-3.129379e-11
2.63607e-14
2.093173e-16
-2.726075e-11
-1.957632e-14
-1.977503e-16
-2.367025e-11
3.82634e-12
1.074776e-10
7.186297e-12
2.760223e-12
2.526608e-10
1.107191e-11
1.987973e-14
3.450894e-10
6.854501e-12
-4.884422e-13
3.97268e-10
-1.176989e-12
-4.544823e-13
4.165767e-10
-8.555967e-12
1.353599e-14
4.079327e-10
-1.496741e-11
-1.270152e-13
3.737383e-10
-1.847675e-11
-4.003671e-13
3.142759e-10
-1.85804e-11
-5.986358e-13
2.279962e-10
-1.531019e-11
-5.320867e-13
1.116508e-10
-1.622953e-11
-1.641702e-13
1.422481e-13
-1.911434e-11
1.267609e-13
1.97718e-14
-2.391993e-11
8.359235e-16
1.872104e-14
-2.440544e-11
-1.449104e-13
2.754805e-14
-2.887545e-11
-5.520797e-13
-1.300188e-14
-3.162933e-11
3.069463e-13
1.625341e-15
-2.90423e-11
-2.028643e-13
-8.234685e-16
-3.170615e-11
-1.765957e-13
-7.320999e-16
-3.158589e-11
-1.895358e-13
1.235331e-15
-3.101409e-11
9.691946e-14
-9.584195e-16
-3.129627e-11
1.533363e-14
9.553858e-17
-2.751683e-11
4.826895e-16
3.261275e-17
-2.365157e-11
2.206501e-14
-1.073379e-16
-1.859936e-11
1.417969e-11
1.047318e-10
1.603748e-12
1.456434e-11
2.446739e-10
3.963735e-12
5.833846e-12
3.321846e-10
2.326627e-12
2.784263e-12
3.813485e-10
-7.251274e-12
3.808031e-12
3.994757e-10
-1.628835e-11
5.273858e-12
3.912628e-10
-2.276919e-11
7.485687e-12
3.59096e-10
-2.735551e-11
9.401076e-12
3.028926e-10
-2.769689e-11
9.229531e-12
2.207904e-10
-2.297456e-11
3.648187e-12
1.089889e-10
-1.970001e-11
-4.062403e-12
1.389067e-13
-2.195363e-11
-2.970417e-12
1.903253e-14
-2.486015e-11
-2.621153e-12
1.602789e-14
-2.768604e-11
1.006561e-13
2.029745e-14
-3.020527e-11
-1.648714e-12
4.298233e-14
-3.055957e-11
-9.176072e-15
2.01275e-16
-3.01915e-11
5.631934e-14
3.67969e-16
-2.922863e-11
-1.444977e-14
2.60912e-16
-3.084654e-11
4.375561e-14
4.366607e-16
-3.116196e-11
-1.820034e-13
-1.416556e-15
-3.162789e-11
1.761422e-15
5.784231e-17
-2.786542e-11
-2.193922e-14
-1.31072e-16
-2.402532e-11
-1.322315e-14
1.647339e-16
-1.903438e-11
1.468299e-14
2.560109e-16
-1.190481e-11
1.895665e-11
9.517236e-11
-1.543626e-12
2.508743e-11
2.176318e-10
-6.456968e-12
1.221558e-11
2.927384e-10
-1.194915e-11
3.561225e-12
3.333923e-10
-2.055757e-11
5.886658e-12
3.482151e-10
-3.032093e-11
9.675832e-12
3.410703e-10
-3.899082e-11
1.337848e-11
3.137977e-10
-4.482346e-11
1.81338e-11
2.662762e-10
-4.781069e-11
2.075493e-11
1.96022e-10
-4.282476e-11
1.033932e-11
9.83956e-11
-3.04278e-11
-7.414108e-12
1.285223e-13
-3.212623e-11
-5.880873e-12
1.768888e-14
-3.230503e-11
-4.798221e-12
1.631784e-14
-3.178928e-11
-3.821532e-12
1.506139e-14
-3.037099e-11
-6.710631e-12
3.329828e-14
-2.986881e-11
-7.185208e-14
-2.719314e-16
-3.03627e-11
-1.189096e-13
6.719103e-16
-3.208331e-11
-6.612375e-13
-4.340236e-15
-3.419458e-11
-2.074577e-13
3.116694e-15
-3.233406e-11
-9.850881e-14
1.395578e-15
-3.181387e-11
4.800497e-15
1.040476e-16
-2.79936e-11
7.517098e-15
-1.171262e-18
-2.413643e-11
-1.514015e-14
-3.643856e-16
-1.92918e-11
1.002089e-14
3.053557e-16
-1.214181e-11
-1.659431e-14
-5.940024e-17
2.04823e-11
7.569517e-11
-5.100651e-12
2.648449e-11
1.652347e-10
-2.0714e-11
1.406933e-11
2.181543e-10
-3.276447e-11
3.131388e-12
2.451199e-10
-4.082231e-11
5.655611e-12
2.546501e-10
-4.970096e-11
1.029418e-11
2.494132e-10
-6.03163e-11
1.597766e-11
2.305038e-10
-7.212976e-11
2.306226e-11
1.974543e-10
-8.159061e-11
3.154255e-11
1.480388e-10
-8.782214e-11
2.638298e-11
7.686397e-11
-6.468992e-11
-8.547317e-12
1.031043e-13
-5.395421e-11
-7.127286e-12
2.069637e-14
-5.018784e-11
-4.19174e-12
1.800138e-14
-4.349247e-11
-2.097743e-12
1.929168e-15
-3.719709e-11
-4.574475e-12
3.477971e-14
-3.002241e-11
-2.619734e-13
-1.301569e-15
-3.064955e-11
-2.795323e-13
-6.875814e-16
-3.186015e-11
-9.928585e-14
-2.413967e-16
-3.006495e-11
1.625892e-13
-1.236073e-16
-3.021301e-11
8.518288e-16
2.347252e-15
-3.144371e-11
-1.74297e-14
-3.858554e-17
-2.845231e-11
-1.562297e-14
8.646999e-17
-2.437602e-11
-1.609369e-14
1.750201e-16
-1.940641e-11
1.651221e-14
-5.301823e-17
-1.241005e-11
-2.220728e-14
-1.267819e-17
1.779704e-11
3.912245e-11
-1.964195e-11
1.55646e-11
7.560454e-11
-3.797945e-11
7.071858e-12
9.528289e-11
-4.786775e-11
2.180115e-12
1.043011e-10
-5.219112e-11
3.647004e-12
1.073286e-10
-5.729285e-11
6.079577e-12
1.050932e-10
-6.664656e-11
1.065304e-11
9.794779e-11
-7.995232e-11
1.827599e-11
8.55557e-11
-1.005844e-10
2.998005e-11
6.661729e-11
-1.312002e-10
5.14481e-11
3.783349e-11
-1.837371e-10
2.585451e-12
6.164077e-14
-1.260794e-10
-3.154112e-12
1.218169e-14
-9.270533e-11
2.233735e-12
2.456079e-14
-6.60297e-11
3.600069e-12
3.531612e-14
-5.146997e-11
2.867254e-13
6.550648e-15
-3.221305e-11
-2.720067e-13
2.196747e-16
-2.937738e-11
-4.492769e-13
-2.339155e-15
-3.28236e-11
-3.39052e-13
1.41783e-15
-3.23243e-11
-6.880264e-13
-4.075036e-15
-3.439934e-11
-6.168065e-13
6.040965e-16
-3.227439e-11
-2.52779e-14
2.669082e-16
-2.827492e-11
-1.289635e-14
2.630165e-16
-2.443897e-11
-1.349252e-14
4.403264e-17
-1.967255e-11
-4.084292e-14
1.603734e-16
-1.263143e-11
-1.779795e-14
-1.024116e-16
5.96467e-11
3.559051e-14
-2.557951e-11
2.999488e-11
1.957491e-14
-3.369768e-11
2.706986e-11
-6.504668e-15
-3.340784e-11
2.087378e-11
3.182957e-14
-3.169528e-11
2.17373e-11
4.132083e-14
-3.82638e-11
-3.653154e-14
3.665629e-15
-2.879383e-11
-8.147406e-13
-9.597915e-15
-3.803038e-11
-2.18034e-13
5.684056e-15
-3.244503e-11
1.508892e-13
3.315818e-15
-3.097839e-11
1.796142e-13
-1.164853e-15
-3.253029e-11
3.408586e-14
2.382128e-16
-2.891896e-11
-3.817885e-14
-1.757168e-16
-2.546276e-11
-2.656912e-14
2.548369e-16
-1.98475e-11
-5.995244e-14
-4.287681e-16
-1.302361e-11
-2.107968e-14
7.391234e-16
3.447305e-11
-6.395762e-15
-1.166794e-11
2.223344e-11
3.215354e-14
-1.705363e-11
2.445731e-11
9.816043e-15
-2.275478e-11
2.012628e-11
-3.303315e-14
-2.01582e-11
2.490469e-11
-1.43126e-14
-3.565318e-11
2.959349e-14
4.060742e-15
-3.019235e-11
-5.805748e-13
-1.798108e-15
-3.432008e-11
5.001529e-13
1.351218e-15
-3.115757e-11
-9.541238e-14
-2.156917e-15
-3.31332e-11
-5.685845e-13
-5.400711e-16
-3.296916e-11
-8.783784e-15
4.494264e-16
-2.886888e-11
-9.557331e-16
2.836432e-17
-2.509258e-11
1.834449e-14
3.254293e-17
-2.001118e-11
-4.319369e-15
-1.8164e-16
-1.280364e-11
-1.198703e-15
-1.588243e-16
2.280984e-11
2.409493e-14
-8.683945e-12
1.802262e-11
-2.115748e-15
-1.621851e-11
1.786248e-11
2.377276e-14
-2.049126e-11
1.522777e-11
8.69675e-15
-2.611098e-11
1.517095e-11
-9.976189e-15
-2.869771e-11
1.056787e-14
-3.649198e-15
-3.469622e-11
-3.645199e-13
-2.707655e-16
-3.242145e-11
3.580228e-13
9.577776e-16
-3.087134e-11
2.76147e-13
3.268458e-15
-3.157621e-11
1.406948e-13
-2.973893e-15
-3.407605e-11
-4.685597e-14
-5.59857e-16
-3.125231e-11
-2.878252e-14
5.520791e-16
-2.532393e-11
-1.11055e-14
3.90047e-16
-1.992842e-11
-4.148011e-15
5.477459e-16
-1.286266e-11
-8.545159e-14
-1.063507e-15
1.424399e-11
6.009596e-14
-7.62805e-12
1.253089e-11
3.197672e-14
-1.406345e-11
1.204475e-11
-1.160757e-14
-2.03479e-11
1.025166e-11
1.369845e-14
-2.290762e-11
1.575958e-11
5.983015e-14
-3.2358e-11
-3.44592e-13
-6.58653e-16
-3.693378e-11
1.574067e-13
5.770883e-15
-3.118887e-11
-3.356411e-13
-1.720673e-15
-3.469378e-11
1.377674e-13
2.716518e-15
-3.300525e-11
-9.74566e-14
1.202623e-15
-3.246747e-11
-7.594375e-15
-3.978351e-16
-3.029139e-11
1.058858e-13
5.044794e-16
-2.500863e-11
1.313693e-14
-4.747415e-16
-2.039867e-11
-4.324448e-14
-1.403844e-16
-1.311464e-11
-1.034014e-13
-3.061288e-16
6.66558e-12
1.84718e-14
-6.662693e-12
6.047644e-12
6.304048e-14
-1.316874e-11
6.616343e-12
2.950389e-14
-2.109482e-11
3.870899e-12
-3.518623e-14
-2.075107e-11
6.004006e-12
2.354729e-14
-3.051364e-11
1.664308e-13
5.260616e-16
-3.064496e-11
6.240555e-13
9.620125e-16
-2.93245e-11
-9.830824e-14
-1.576874e-15
-3.305539e-11
5.038701e-13
4.787138e-15
-3.107458e-11
5.291251e-13
4.242024e-15
-3.10613e-11
-9.187625e-16
-6.205747e-16
-2.994581e-11
2.241676e-14
1.4008e-16
-2.525332e-11
-2.89497e-15
7.837215e-17
-2.048248e-11
1.468889e-14
-4.734e-16
-1.317019e-11
-3.412386e-14
-5.294974e-16
1.731802e-14
-6.993394e-12
9.056114e-15
-1.170555e-11
1.65038e-14
-1.886364e-11
3.05904e-14
-2.424049e-11
-7.007376e-12
1.091575e-14
-6.863627e-12
-5.933812e-12
2.38472e-14
-1.327579e-11
-5.579719e-12
1.755262e-14
-2.207396e-11
-5.116708e-12
-7.481185e-16
-2.449894e-11
-6.671872e-12
4.696417e-15
-2.145907e-11
-1.287972e-11
5.022301e-14
-8.941064e-12
-1.191975e-11
-3.000693e-15
-1.366915e-11
-1.284957e-11
1.843146e-14
-2.032162e-11
-1.26235e-11
5.851381e-15
-2.546146e-11
-1.630023e-11
-3.581425e-14
-2.417946e-11
-8.536979e-13
-5.601032e-15
-3.345835e-11
-2.048804e-11
1.110275e-14
-1.205157e-11
-1.667518e-11
4.118318e-14
-1.688893e-11
-1.79422e-11
-7.200323e-15
-2.015453e-11
-1.621548e-11
9.69746e-15
-2.365273e-11
-1.880237e-11
-3.720281e-14
-2.427955e-11
1.184703e-14
4.114679e-16
-2.994364e-11
-6.617849e-14
-4.895041e-15
-3.431443e-11
-3.296719e-11
7.556993e-15
-2.544363e-11
-2.067442e-11
9.665882e-15
-3.285868e-11
-2.408673e-11
4.319362e-14
-3.810564e-11
-2.060533e-11
-1.797251e-14
-3.695705e-11
-2.234174e-11
7.30769e-14
-3.251318e-11
1.176569e-13
6.734351e-15
-2.82502e-11
2.286612e-13
3.642424e-15
-2.854788e-11
2.672464e-13
-3.008854e-15
-3.248882e-11
3.144564e-11
-1.726367e-11
6.077282e-11
-3.544695e-11
7.628177e-11
-4.629381e-11
8.346176e-11
-5.103833e-11
8.522434e-11
-5.525095e-11
8.290336e-11
-6.372612e-11
7.673202e-11
-7.751129e-11
6.653582e-11
-9.759667e-11
5.144431e-11
-1.266686e-10
2.897817e-11
-1.788483e-10
-5.907553e-11
5.207162e-14
-1.243141e-10
-2.899414e-11
1.586586e-14
-9.20226e-11
-2.73758e-11
1.420208e-14
-6.559015e-11
-2.227032e-11
3.025142e-14
-4.889797e-11
-2.256021e-11
8.668107e-15
-2.871917e-11
5.380411e-13
5.147569e-16
-2.951296e-11
-9.322269e-15
-3.080592e-16
-3.231444e-11
-1.213443e-13
-7.917911e-16
-3.156653e-11
8.596909e-14
-2.890776e-15
-3.206848e-11
-1.587634e-11
6.442646e-11
-3.912485e-12
-1.475008e-11
1.404881e-10
-1.830283e-11
-8.276084e-12
1.849344e-10
-3.110966e-11
-2.485439e-12
2.072433e-10
-3.722443e-11
-2.236016e-12
2.142789e-10
-4.719788e-11
-6.434361e-12
2.088784e-10
-5.811443e-11
-1.05367e-11
1.920696e-10
-6.894067e-11
-1.779636e-11
1.637108e-10
-8.028759e-11
-2.953905e-11
1.219926e-10
-8.655645e-11
-4.963228e-11
6.296186e-11
-6.296224e-11
-2.306702e-12
8.723564e-14
-5.337108e-11
2.332703e-12
1.80692e-14
-4.809861e-11
-2.624042e-12
1.540358e-14
-4.257322e-11
-4.147419e-12
2.439585e-14
-3.701452e-11
-1.454705e-12
2.606116e-14
-3.03858e-11
3.622341e-13
-7.067733e-17
-3.026173e-11
4.075783e-13
-5.166063e-16
-3.042154e-11
3.572682e-13
-1.122183e-15
-3.091407e-11
1.656843e-13
1.019666e-15
-3.073115e-11
4.741682e-13
-8.072554e-16
-3.081141e-11
-1.734575e-11
8.553985e-11
-7.785123e-13
-2.449774e-11
1.95342e-10
-1.708117e-12
-1.319143e-11
2.619876e-10
-7.332136e-12
-2.95447e-12
2.980162e-10
-1.720844e-11
-5.226895e-12
3.103963e-10
-2.818155e-11
-1.000237e-11
3.031058e-10
-3.704071e-11
-1.606917e-11
2.77992e-10
-4.418551e-11
-2.295151e-11
2.350109e-10
-4.656408e-11
-3.172572e-11
1.723882e-10
-4.251803e-11
-2.712389e-11
8.618944e-11
-2.929802e-11
8.218847e-12
1.162012e-13
-3.049051e-11
6.919674e-12
1.76833e-14
-3.259701e-11
3.699934e-12
1.784703e-14
-3.184029e-11
1.065793e-12
1.330085e-14
-3.033945e-11
5.676176e-12
2.281707e-14
-3.073349e-11
1.047655e-13
6.657736e-16
-2.994803e-11
1.651475e-13
-2.286412e-16
-3.058244e-11
1.829827e-13
1.231197e-17
-3.084562e-11
2.454252e-13
-4.876321e-16
-3.052837e-11
1.879126e-14
2.148518e-16
-3.090646e-11
3.084167e-14
2.631985e-16
-2.710982e-11
-1.481196e-11
9.934869e-11
5.37088e-12
-1.934188e-11
2.314274e-10
9.038833e-12
-9.503464e-12
3.142953e-10
3.736951e-12
-4.836223e-12
3.604752e-10
-5.202822e-12
-6.186606e-12
3.771687e-10
-1.43026e-11
-9.482336e-12
3.688907e-10
-2.167274e-11
-1.335005e-11
3.379722e-10
-2.619257e-11
-1.864337e-11
2.845943e-10
-2.657621e-11
-2.093781e-11
2.070699e-10
-2.270221e-11
-1.185405e-11
1.020055e-10
-1.959008e-11
7.337222e-12
1.287386e-13
-2.104487e-11
5.799415e-12
2.128953e-14
-2.500216e-11
4.184701e-12
1.181055e-14
-2.742098e-11
2.417561e-12
2.587573e-14
-2.868258e-11
1.113049e-11
4.099252e-14
-3.81818e-11
1.382607e-13
7.364055e-15
-3.018926e-11
-5.21229e-14
-1.837208e-15
-3.195916e-11
-2.880487e-15
1.938948e-15
-3.103692e-11
1.065554e-13
-2.280487e-16
-3.073513e-11
-2.148194e-13
-3.630497e-15
-3.193707e-11
-1.87468e-15
5.4711e-17
-2.75985e-11
-1.219869e-14
9.646026e-17
-2.327964e-11
-6.077765e-12
1.074335e-10
6.722238e-12
-8.650889e-12
2.525262e-10
1.098215e-11
-5.81243e-12
3.450012e-10
7.030233e-12
-4.078625e-12
3.972161e-10
-8.17035e-13
-4.52006e-12
4.165549e-10
-8.505009e-12
-5.442823e-12
4.079232e-10
-1.4558e-11
-7.3836e-12
3.737337e-10
-1.816142e-11
-9.628194e-12
3.142756e-10
-1.859705e-11
-1.059114e-11
2.279916e-10
-1.573038e-11
-3.795751e-12
1.11639e-10
-1.673222e-11
3.650561e-12
1.422469e-13
-2.02334e-11
3.039503e-12
1.760095e-14
-2.361083e-11
2.215817e-12
2.318409e-14
-2.60078e-11
4.630203e-13
-3.396492e-16
-2.548824e-11
4.092229e-12
3.261851e-14
-3.030834e-11
4.314658e-13
-9.868331e-16
-3.099108e-11
1.12347e-13
4.694182e-15
-2.931134e-11
1.579808e-13
-9.645393e-16
-2.994265e-11
1.55026e-13
1.443607e-15
-3.055549e-11
-1.186788e-13
-2.290258e-15
-3.182971e-11
7.06819e-15
1.931273e-17
-2.77751e-11
2.663556e-14
2.01097e-16
-2.349759e-11
-1.961738e-14
-2.163004e-16
-1.891265e-11
4.297473e-12
1.102487e-10
6.954756e-12
2.983153e-12
2.593834e-10
1.150442e-11
1.674322e-13
3.544501e-10
7.298023e-12
-6.810628e-13
4.083538e-10
-7.736343e-13
-3.788462e-13
4.285313e-10
-8.939781e-12
-2.67983e-13
4.199056e-10
-1.496904e-11
9.005398e-14
3.850694e-10
-1.888545e-11
-2.903687e-14
3.24079e-10
-1.884347e-11
-4.492041e-13
2.352936e-10
-1.621907e-11
-8.874735e-13
1.153408e-10
-1.44534e-11
-9.508393e-14
1.491572e-13
-2.00908e-11
-2.12241e-13
1.660441e-14
-2.18787e-11
2.282291e-13
1.840711e-14
-2.683837e-11
-9.098184e-13
1.214625e-14
-2.355647e-11
1.286938e-12
1.083133e-15
-3.207386e-11
-6.314499e-14
1.84346e-15
-3.167128e-11
2.349205e-13
1.506185e-15
-2.933605e-11
-2.1627e-13
-7.985215e-16
-3.170592e-11
-1.802555e-13
-7.910364e-16
-3.170359e-11
-1.066296e-13
1.254312e-15
-3.137195e-11
9.341387e-15
-1.083232e-16
-2.778134e-11
1.488734e-14
8.470171e-17
-2.37425e-11
-6.546376e-16
3.984187e-17
-1.895708e-11
2.353243e-14
-1.131642e-16
-1.190476e-11
1.416453e-11
1.074571e-10
1.902373e-12
1.488834e-11
2.509601e-10
4.809251e-12
5.456364e-12
3.409856e-10
1.81408e-12
2.894682e-12
3.916914e-10
-7.347644e-12
3.470889e-12
4.106239e-10
-1.597142e-11
5.451394e-12
4.025023e-10
-2.327575e-11
7.226564e-12
3.696303e-10
-2.713522e-11
9.503414e-12
3.120898e-10
-2.792769e-11
1.004124e-11
2.276918e-10
-2.391296e-11
2.772322e-12
1.124546e-10
-1.886061e-11
-3.817613e-12
1.446444e-13
-2.318299e-11
-3.432786e-12
1.639783e-14
-2.441001e-11
-2.291484e-12
2.19845e-14
-2.743293e-11
-2.119331e-12
1.656264e-14
-2.9535e-11
-6.536796e-12
1.239113e-14
-3.078104e-11
1.518649e-13
-7.633188e-16
-3.094937e-11
3.348548e-15
4.944784e-16
-3.043494e-11
4.46732e-14
7.673603e-17
-3.023024e-11
-6.198271e-14
5.161147e-16
-3.13309e-11
7.610829e-14
2.145069e-16
-3.163024e-11
-2.068038e-14
-1.234159e-16
-2.806152e-11
3.450626e-15
5.143112e-17
-2.402596e-11
-2.313326e-14
-1.611444e-16
-1.927143e-11
-1.286363e-14
1.773721e-16
-1.217806e-11
1.485139e-14
2.609162e-16
2.021238e-11
9.755407e-11
-2.493141e-12
2.522343e-11
2.231653e-10
-5.877303e-12
1.217396e-11
3.002829e-10
-1.2441e-11
3.439184e-12
3.422184e-10
-2.111233e-11
5.868891e-12
3.576487e-10
-3.018565e-11
9.306732e-12
3.505908e-10
-3.882937e-11
1.37216e-11
3.22838e-10
-4.577501e-11
1.798987e-11
2.740811e-10
-4.758513e-11
2.085431e-11
2.01998e-10
-4.315504e-11
1.090814e-11
1.014903e-10
-3.044336e-11
-7.443096e-12
1.320168e-13
-3.141647e-11
-5.767364e-12
1.932601e-14
-3.349709e-11
-4.368658e-12
1.672582e-14
-3.219823e-11
-2.63038e-12
9.557067e-15
-3.136163e-11
-3.469041e-12
3.989836e-14
-3.186443e-11
-2.199885e-15
1.11819e-15
-3.02569e-11
-7.108047e-14
-3.776247e-16
-3.064905e-11
-1.471208e-13
4.243874e-16
-3.233523e-11
-6.102149e-13
-4.026093e-15
-3.360287e-11
-2.303822e-13
3.025809e-15
-3.229898e-11
-8.312728e-15
1.390233e-16
-2.823614e-11
5.469774e-15
1.067357e-16
-2.41499e-11
6.775991e-15
7.942228e-19
-1.937138e-11
-1.543237e-14
-3.860212e-16
-1.237337e-11
1.022722e-14
3.174927e-16
2.159967e-11
7.752154e-11
-5.629678e-12
2.729159e-11
1.69358e-10
-2.084131e-11
1.393981e-11
2.236927e-10
-3.313442e-11
3.027949e-12
2.514348e-10
-3.965734e-11
5.939115e-12
2.613853e-10
-4.985425e-11
1.022467e-11
2.561659e-10
-6.061006e-11
1.577075e-11
2.369531e-10
-7.192647e-11
2.344932e-11
2.03187e-10
-8.311997e-11
3.157544e-11
1.523546e-10
-8.762318e-11
2.646721e-11
7.924236e-11
-6.524275e-11
-8.509487e-12
1.09315e-13
-5.349033e-11
-7.132702e-12
1.784936e-14
-4.997351e-11
-4.111488e-12
2.12634e-14
-4.389263e-11
-1.049952e-12
2.137281e-14
-3.901376e-11
-5.730664e-12
4.418981e-14
-3.153617e-11
-5.192533e-14
9.759377e-16
-3.026931e-11
-2.543449e-13
-1.341205e-15
-3.09158e-11
-3.073792e-13
-9.585359e-16
-3.200656e-11
3.841591e-14
1.298081e-15
-3.112558e-11
4.600798e-14
-3.306782e-16
-3.129057e-11
7.983198e-15
1.847807e-16
-2.799971e-11
-2.135488e-14
-5.416669e-17
-2.456098e-11
-1.751874e-14
7.119044e-17
-1.958833e-11
-1.66743e-14
1.945787e-16
-1.246573e-11
1.749753e-14
-5.815282e-17
1.865759e-11
4.005015e-11
-1.962517e-11
1.638057e-11
7.744447e-11
-3.771253e-11
6.478766e-12
9.765748e-11
-4.696411e-11
1.584613e-12
1.069136e-10
-5.168729e-11
2.645221e-12
1.100749e-10
-5.759876e-11
6.509679e-12
1.078832e-10
-6.663016e-11
1.057367e-11
1.005892e-10
-7.993988e-11
1.822952e-11
8.796523e-11
-1.007392e-10
3.034888e-11
6.861836e-11
-1.331847e-10
5.146578e-11
3.888933e-11
-1.839161e-10
2.584963e-12
6.969673e-14
-1.26594e-10
-2.57654e-12
2.113176e-14
-9.353932e-11
1.82839e-12
7.550321e-15
-6.745461e-11
2.237655e-12
2.271112e-14
-4.751655e-11
1.273256e-12
-2.14726e-14
-3.133854e-11
-1.830544e-13
1.004989e-15
-3.216863e-11
-2.332308e-13
4.95843e-16
-3.013741e-11
-5.932711e-13
-2.427964e-15
-3.255788e-11
-2.068064e-13
1.7985e-15
-3.241441e-11
-6.349699e-13
-4.304802e-15
-3.368664e-11
-4.962287e-14
5.010332e-17
-2.876667e-11
-3.177405e-14
2.821956e-16
-2.445455e-11
-1.305871e-14
2.792522e-16
-1.96856e-11
-1.389794e-14
4.393632e-17
-1.265109e-11
-4.179705e-14
1.670634e-16
5.938757e-11
1.386641e-15
-2.493443e-11
3.011866e-11
3.871182e-14
-3.35789e-11
2.856122e-11
1.748497e-14
-3.791544e-11
1.916279e-11
-2.249786e-14
-3.275301e-11
1.625015e-11
3.460655e-15
-2.295749e-11
-3.353141e-13
-6.027799e-15
-3.754081e-11
4.878836e-14
5.494524e-15
-3.022294e-11
-9.021712e-13
-1.026479e-14
-3.672403e-11
-1.850778e-13
5.153606e-15
-3.315143e-11
-8.739452e-14
3.347904e-15
-3.145511e-11
2.176761e-14
-5.268826e-17
-2.881739e-11
2.635563e-14
1.188922e-16
-2.503302e-11
-3.965814e-14
-1.534663e-16
-2.04144e-11
-2.994774e-14
2.517724e-16
-1.279756e-11
-6.243055e-14
-4.416037e-16
3.499902e-11
3.585146e-14
-1.245986e-11
2.272084e-11
-7.647462e-15
-1.642017e-11
2.487694e-11
3.340406e-14
-2.422988e-11
2.162261e-11
2.318462e-16
-2.952473e-11
2.784328e-11
5.01675e-14
-3.277409e-11
-7.286067e-13
-1.201544e-15
-3.465526e-11
1.19168e-13
4.146964e-15
-3.045642e-11
-5.222237e-13
-2.945654e-15
-3.364074e-11
5.835738e-13
1.232449e-15
-3.239244e-11
-2.606908e-13
-2.652598e-15
-3.353283e-11
-3.89445e-14
1.387793e-16
-2.929491e-11
-1.992506e-14
4.166758e-16
-2.506656e-11
2.108305e-15
3.233655e-17
-2.022143e-11
1.894498e-14
5.235687e-17
-1.291443e-11
-4.538745e-15
-1.983547e-16
2.359904e-11
5.585035e-14
-9.518084e-12
1.777766e-11
2.629624e-14
-1.421958e-11
1.924384e-11
-3.238688e-15
-2.362102e-11
1.50336e-11
2.110117e-14
-2.559719e-11
2.126808e-11
3.150656e-14
-3.210863e-11
5.938662e-14
2.402884e-15
-2.92859e-11
4.527179e-14
-3.932283e-15
-3.448293e-11
-4.70892e-13
-2.651781e-16
-3.279327e-11
2.59979e-13
1.255682e-15
-3.163288e-11
6.366872e-14
1.763897e-15
-3.18439e-11
2.266336e-14
-2.822374e-16
-3.031113e-11
-5.760525e-14
-5.436585e-16
-2.679111e-11
-3.041455e-14
5.720856e-16
-2.041441e-11
-1.246312e-14
3.964061e-16
-1.291186e-11
-4.005358e-15
5.701757e-16
1.421028e-11
1.907702e-14
-7.552792e-12
1.207553e-11
6.27436e-14
-1.381568e-11
1.319222e-11
2.668313e-14
-2.108393e-11
9.616207e-12
-1.466522e-14
-2.609538e-11
1.338923e-11
5.690447e-14
-3.000206e-11
-1.654855e-13
-2.649349e-15
-3.282098e-11
-4.412799e-13
-5.374501e-16
-3.660316e-11
2.580219e-13
6.764451e-15
-3.179153e-11
-1.159795e-13
-1.531573e-15
-3.387219e-11
7.408637e-14
2.908832e-15
-3.286144e-11
-2.138909e-15
-1.110235e-17
-2.89572e-11
5.857894e-15
-3.527074e-16
-2.612487e-11
1.082846e-13
4.832688e-16
-2.022047e-11
1.305258e-14
-4.924515e-16
-1.315959e-11
-4.412609e-14
-1.379453e-16
6.677888e-12
4.883163e-14
-6.847315e-12
5.974404e-12
1.919142e-14
-1.2645e-11
6.192455e-12
5.843949e-14
-1.961356e-11
6.795905e-12
3.496101e-14
-2.890126e-11
1.031456e-11
2.712239e-14
-3.165991e-11
8.746246e-14
-1.020554e-15
-3.125299e-11
2.164298e-13
4.523714e-16
-3.133634e-11
7.048312e-13
1.779421e-15
-3.09576e-11
-1.274009e-13
-1.436552e-15
-3.286338e-11
3.368352e-13
3.416545e-15
-3.185918e-11
5.91281e-14
5.011443e-16
-2.797677e-11
3.80867e-15
-5.673595e-16
-2.588119e-11
2.083974e-14
1.15637e-16
-2.040712e-11
-2.45264e-15
8.231844e-17
-1.322237e-11
1.600241e-14
-4.911667e-16
1.496309e-14
-7.093078e-12
1.826167e-14
-1.318757e-11
7.366409e-15
-1.739084e-11
1.89398e-14
-2.395809e-11
-1.77048e-14
-3.144426e-11
-6.241271e-12
5.779846e-14
-6.791353e-12
-6.393339e-12
1.28171e-14
-1.24319e-11
-6.322513e-12
2.325806e-14
-2.010297e-11
-3.186493e-12
2.083959e-14
-3.16624e-11
-6.53223e-12
-2.605587e-14
-3.42689e-11
2.39454e-13
7.905423e-15
-2.289689e-11
-1.218112e-11
7.608208e-15
-8.372671e-12
-1.083396e-11
4.967448e-14
-1.497789e-11
-1.270306e-11
-3.469217e-15
-1.893242e-11
-1.225158e-11
2.34765e-14
-2.467292e-11
-1.559737e-11
2.168652e-14
-2.802783e-11
4.868139e-13
4.215032e-15
-2.500192e-11
-8.62165e-13
-6.002563e-15
-3.322505e-11
-2.12935e-11
-2.344905e-15
-1.182532e-11
-1.535874e-11
8.630028e-15
-1.745613e-11
-1.759122e-11
4.814908e-14
-2.370353e-11
-1.474329e-11
-2.367439e-14
-2.622412e-11
-1.62816e-11
6.092306e-14
-3.037198e-11
5.247627e-13
4.099102e-15
-2.51203e-11
-1.183252e-13
-2.922893e-16
-3.081643e-11
2.851627e-14
-3.365572e-15
-3.342638e-11
-3.390006e-11
3.145418e-14
-2.532907e-11
-2.108076e-11
6.510687e-15
-3.349262e-11
-2.340203e-11
1.194513e-14
-3.697936e-11
-2.046737e-11
4.363848e-14
-4.018142e-11
-1.943103e-11
7.310143e-14
-4.031833e-11
-1.39024e-13
-6.059736e-18
-3.247261e-11
9.618688e-14
6.459634e-15
-2.863236e-11
2.625518e-13
3.054239e-15
-2.980154e-11
2.443598e-13
-3.502226e-15
-3.251022e-11
3.236993e-11
-1.732338e-11
6.255198e-11
-3.431473e-11
7.862749e-11
-4.664663e-11
8.608185e-11
-5.155994e-11
8.794891e-11
-5.602241e-11
8.566461e-11
-6.447888e-11
7.934768e-11
-7.694763e-11
6.889955e-11
-9.78073e-11
5.333353e-11
-1.292594e-10
2.999914e-11
-1.775154e-10
-5.795706e-11
5.22357e-14
-1.231057e-10
-2.969696e-11
2.375666e-14
-9.234878e-11
-2.781223e-11
1.36224e-14
-6.69623e-11
-2.12559e-11
1.495633e-14
-4.862905e-11
-2.049337e-11
3.650257e-14
-3.033658e-11
6.8378e-13
7.371792e-16
-2.913671e-11
4.74806e-13
5.347085e-16
-2.974309e-11
2.79977e-14
-5.112662e-16
-3.216779e-11
-1.64132e-13
-6.685257e-16
-3.152767e-11
1.048608e-13
-3.024136e-15
-3.187181e-11
-1.579525e-11
6.626035e-11
-4.105359e-12
-1.470632e-11
1.445337e-10
-1.828801e-11
-7.192671e-12
1.903569e-10
-3.029851e-11
-2.341682e-12
2.135295e-10
-3.819473e-11
-1.930178e-12
2.209747e-10
-4.721995e-11
-5.795666e-12
2.155779e-10
-5.810927e-11
-1.062254e-11
1.984466e-10
-6.997102e-11
-1.781016e-11
1.692883e-10
-7.973628e-11
-2.942486e-11
1.263198e-10
-8.702895e-11
-5.129624e-11
6.526126e-11
-6.470359e-11
-2.362862e-12
8.781959e-14
-5.227939e-11
2.92451e-12
1.844171e-14
-4.93999e-11
-3.014495e-12
2.108003e-14
-4.147923e-11
-5.081026e-12
2.678296e-14
-3.657846e-11
-1.500028e-12
-1.457456e-14
-3.015227e-11
1.619948e-13
7.479473e-16
-3.05556e-11
3.102389e-13
1.142885e-16
-3.055071e-11
4.755435e-13
-4.332942e-16
-3.084084e-11
2.613183e-13
-9.927953e-16
-3.117711e-11
2.795415e-13
1.669083e-16
-3.110782e-11
3.847593e-14
-5.04809e-17
-2.735162e-11
-1.693419e-11
8.786924e-11
-1.201902e-12
-2.428146e-11
2.008225e-10
-2.054523e-12
-1.240525e-11
2.694784e-10
-6.49286e-12
-3.096328e-12
3.067437e-10
-1.781964e-11
-4.576473e-12
3.198065e-10
-2.821815e-11
-9.92461e-12
3.125603e-10
-3.716999e-11
-1.542187e-11
2.869088e-10
-4.387834e-11
-2.334081e-11
2.428045e-10
-4.73061e-11
-3.149928e-11
1.782572e-10
-4.192688e-11
-2.715998e-11
8.926134e-11
-3.028349e-11
8.105665e-12
1.143571e-13
-2.994864e-11
6.748646e-12
2.21612e-14
-3.145973e-11
3.970244e-12
1.703783e-14
-3.245428e-11
2.264141e-12
1.782621e-14
-3.187272e-11
6.26251e-12
8.096981e-15
-2.570193e-11
9.797754e-14
-1.100425e-15
-3.087375e-11
1.389176e-13
9.710374e-16
-3.032873e-11
1.610691e-13
-4.691211e-16
-3.089345e-11
2.002248e-13
-1.159413e-17
-3.116791e-11
2.33081e-13
-5.376051e-16
-3.122368e-11
1.753989e-15
3.794398e-17
-2.743419e-11
3.516444e-14
2.753484e-16
-2.334431e-11
-1.47083e-11
1.019793e-10
5.232884e-12
-1.865082e-11
2.377411e-10
8.235479e-12
-9.533382e-12
3.230899e-10
3.870622e-12
-5.156282e-12
3.708153e-10
-5.53955e-12
-6.568538e-12
3.882368e-10
-1.421791e-11
-9.221932e-12
3.800689e-10
-2.168159e-11
-1.332248e-11
3.485108e-10
-2.625024e-11
-1.79712e-11
2.937223e-10
-2.698139e-11
-2.172545e-11
2.139337e-10
-2.233631e-11
-1.127032e-11
1.054821e-10
-1.869453e-11
7.195469e-12
1.36429e-13
-2.302969e-11
5.85214e-12
1.33061e-14
-2.385996e-11
4.755668e-12
2.369576e-14
-2.761036e-11
2.48342e-12
3.087736e-14
-2.959758e-11
5.452995e-12
-8.723287e-15
-3.029007e-11
-7.601868e-13
-5.871965e-15
-3.696115e-11
1.44899e-13
7.472757e-15
-3.057513e-11
-1.003643e-13
-1.247236e-15
-3.178242e-11
6.346718e-14
1.918658e-15
-3.117107e-11
8.434821e-14
-7.99679e-16
-3.12971e-11
-2.303957e-14
-3.607127e-16
-2.827264e-11
-2.862369e-15
6.045873e-17
-2.376888e-11
-1.383909e-14
9.432428e-17
-1.866387e-11
-5.512772e-12
1.101976e-10
6.523617e-12
-8.180086e-12
2.59246e-10
1.040448e-11
-5.390268e-12
3.543615e-10
7.099616e-12
-4.344419e-12
4.082977e-10
-3.995937e-13
-4.637901e-12
4.284968e-10
-8.497176e-12
-5.800988e-12
4.198961e-10
-1.492463e-11
-7.240391e-12
3.85066e-10
-1.854105e-11
-9.326561e-12
3.240773e-10
-1.866054e-11
-1.019106e-11
2.35298e-10
-1.618401e-11
-4.396407e-12
1.153387e-10
-1.590846e-11
3.74733e-12
1.485286e-13
-2.046684e-11
2.798966e-12
1.76337e-14
-2.326104e-11
2.493427e-12
1.552348e-14
-2.591909e-11
2.555136e-12
2.954328e-14
-2.967822e-11
5.40235e-12
4.459663e-14
-2.956146e-11
-1.871137e-14
-1.504044e-15
-3.044597e-11
4.568705e-13
-1.483761e-15
-3.178567e-11
1.021699e-13
5.884201e-15
-3.014692e-11
2.012865e-13
-9.30815e-16
-3.071648e-11
8.265703e-14
1.24265e-15
-3.087987e-11
-1.071804e-14
-2.882853e-16
-2.818011e-11
9.079075e-15
7.524412e-18
-2.393633e-11
2.921996e-14
2.291011e-16
-1.885196e-11
-2.025063e-14
-2.405964e-16
-1.20596e-11
3.807331e-12
1.130784e-10
6.955268e-12
3.712949e-12
2.66082e-10
1.044374e-11
4.330431e-13
3.638387e-10
7.060107e-12
-6.378434e-13
4.194125e-10
-2.366656e-13
-7.162558e-13
4.404757e-10
-8.526305e-12
-1.950483e-13
4.319551e-10
-1.532351e-11
-1.438687e-13
3.963678e-10
-1.888067e-11
1.356465e-13
3.339142e-10
-1.935087e-11
6.494643e-14
2.426421e-10
-1.623226e-11
-4.242496e-13
1.190214e-10
-1.669181e-11
-9.0667e-14
1.513721e-13
-1.806765e-11
-7.104249e-14
2.107965e-14
-2.346911e-11
-2.199925e-13
1.459378e-14
-2.402158e-11
8.197359e-13
2.632303e-14
-2.992612e-11
-8.33745e-13
-4.358079e-16
-2.946459e-11
-1.898616e-13
-7.391272e-16
-3.18667e-11
-8.193951e-14
1.426535e-15
-3.165742e-11
3.648659e-13
1.687905e-15
-2.985764e-11
-2.354286e-13
-8.286634e-16
-3.177487e-11
-1.748173e-13
-6.473649e-16
-3.182148e-11
-1.298139e-14
1.683229e-16
-2.783279e-11
6.628627e-15
-1.37184e-16
-2.398114e-11
1.543291e-14
9.696925e-17
-1.906886e-11
-1.820373e-15
3.38575e-17
-1.21331e-11
2.470073e-14
-1.155511e-16
1.309613e-11
1.101737e-10
3.627039e-12
1.521216e-11
2.571975e-10
4.632215e-12
6.111189e-12
3.497446e-10
2.00523e-12
2.740016e-12
4.020465e-10
-7.839871e-12
3.407377e-12
4.217462e-10
-1.599406e-11
5.046091e-12
4.13728e-10
-2.290906e-11
7.471676e-12
3.802559e-10
-2.763433e-11
9.257733e-12
3.212405e-10
-2.755878e-11
9.946582e-12
2.346215e-10
-2.398153e-11
3.92115e-12
1.159852e-10
-2.044302e-11
-3.950001e-12
1.493896e-13
-2.224164e-11
-2.94293e-12
1.787141e-14
-2.601532e-11
-3.332498e-12
1.438398e-14
-2.550387e-11
-1.213726e-12
1.99239e-14
-2.89992e-11
-5.012361e-12
2.376181e-14
-2.825512e-11
8.458943e-16
3.789188e-16
-3.086503e-11
1.110815e-13
-9.831734e-16
-3.130127e-11
4.43426e-15
5.773735e-16
-3.083971e-11
-8.123018e-14
-1.053197e-16
-3.092817e-11
-3.938707e-14
4.482283e-16
-3.179597e-11
8.454293e-15
4.966554e-17
-2.810724e-11
-2.113489e-14
-1.34088e-16
-2.4192e-11
5.6844e-15
7.175271e-17
-1.928495e-11
-2.429443e-14
-1.814083e-16
-1.234397e-11
-1.290516e-14
1.831638e-16
2.077246e-11
9.988048e-11
-2.282633e-12
2.44824e-11
2.287125e-10
-6.246028e-12
1.281311e-11
3.078115e-10
-1.283456e-11
3.216e-12
3.510289e-10
-2.144991e-11
5.967943e-12
3.671077e-10
-3.058091e-11
9.230982e-12
3.600809e-10
-3.865778e-11
1.33193e-11
3.31849e-10
-4.538855e-11
1.852535e-11
2.819952e-10
-4.879547e-11
2.071071e-11
2.079075e-10
-4.268745e-11
1.088704e-11
1.046069e-10
-3.069019e-11
-7.378584e-12
1.380565e-13
-3.146511e-11
-5.877162e-12
1.854113e-14
-3.26804e-11
-4.234942e-12
1.897521e-14
-3.343471e-11
-1.192303e-12
1.749435e-14
-3.22331e-11
-5.73779e-12
3.90916e-14
-3.154942e-11
-8.778346e-14
-8.724992e-17
-3.197812e-11
-2.640992e-14
1.221876e-15
-3.069084e-11
-2.562467e-14
-5.379681e-16
-3.106609e-11
-1.557391e-13
3.230115e-16
-3.234055e-11
-5.371773e-13
-3.764426e-15
-3.307724e-11
-2.133327e-14
3.279685e-16
-2.865427e-11
-7.97032e-15
1.497827e-16
-2.435721e-11
7.268769e-15
1.104502e-16
-1.9404e-11
7.091612e-15
2.971685e-18
-1.242386e-11
-1.597183e-14
-4.02244e-16
2.090428e-11
7.932184e-11
-4.920467e-12
2.745333e-11
1.734143e-10
-2.184873e-11
1.373947e-11
2.29252e-10
-3.462801e-11
3.390268e-12
2.578182e-10
-4.149733e-11
5.859052e-12
2.681188e-10
-4.959757e-11
1.044391e-11
2.62944e-10
-6.057818e-11
1.566326e-11
2.433642e-10
-7.215239e-11
2.322385e-11
2.088744e-10
-8.26951e-11
3.22512e-11
1.568115e-10
-8.960003e-11
2.639957e-11
8.15196e-11
-6.485848e-11
-8.659944e-12
1.1415e-13
-5.389505e-11
-7.048447e-12
2.30092e-14
-4.903817e-11
-4.222359e-12
1.622775e-14
-4.396114e-11
-2.421539e-12
2.985728e-14
-3.933222e-11
-7.161033e-12
2.136007e-14
-3.08948e-11
-1.463537e-13
-9.705884e-16
-3.165478e-11
-4.781498e-14
1.389441e-15
-3.051841e-11
-2.376361e-13
-1.735879e-15
-3.141666e-11
-3.093122e-13
-8.639719e-16
-3.223251e-11
-4.778504e-14
8.422791e-16
-3.223778e-11
1.175514e-14
-1.213712e-17
-2.789871e-11
6.677034e-15
1.921384e-16
-2.422911e-11
-2.222755e-14
-4.565834e-17
-1.97331e-11
-1.931468e-14
5.703479e-17
-1.258493e-11
-1.709816e-14
2.056644e-16
1.791225e-11
4.096129e-11
-1.960954e-11
1.568419e-11
7.924618e-11
-3.826948e-11
6.442324e-12
1.000143e-10
-4.758913e-11
2.047181e-12
1.095516e-10
-5.170677e-11
3.202909e-12
1.128746e-10
-5.76876e-11
6.094623e-12
1.106438e-10
-6.649124e-11
1.07119e-11
1.032586e-10
-8.009055e-11
1.812088e-11
9.033399e-11
-1.005794e-10
3.033255e-11
7.055498e-11
-1.332573e-10
5.227505e-11
4.011052e-11
-1.868904e-10
2.396674e-12
5.81505e-14
-1.268108e-10
-2.645679e-12
3.083995e-14
-9.388398e-11
2.39586e-12
1.841098e-14
-6.74719e-11
2.647023e-12
6.624137e-15
-5.092165e-11
6.208347e-12
1.925752e-14
-3.784916e-11
-1.339446e-13
3.584002e-15
-3.166812e-11
-2.132826e-13
5.992274e-16
-3.205577e-11
-3.352555e-13
9.658943e-17
-3.088602e-11
-4.446532e-13
-2.307071e-15
-3.260404e-11
-3.404355e-13
1.43712e-15
-3.255563e-11
-5.632668e-14
-3.860433e-16
-2.979876e-11
-5.610812e-14
8.984486e-18
-2.485236e-11
-3.277678e-14
2.907055e-16
-1.971025e-11
-1.39214e-14
2.957125e-16
-1.26848e-11
-1.360239e-14
4.151669e-17
6.056394e-11
3.311845e-14
-2.577126e-11
3.006973e-11
-1.484187e-16
-3.231922e-11
2.919232e-11
3.69133e-14
-3.812257e-11
2.300962e-11
1.150526e-14
-3.95135e-11
2.129067e-11
3.674253e-15
-2.518707e-11
5.50742e-13
3.322982e-15
-2.482118e-11
-3.392365e-13
-6.02785e-15
-3.609695e-11
-8.070438e-14
2.219167e-15
-3.175718e-11
-7.652733e-13
-7.372399e-15
-3.597862e-11
-4.998632e-13
3.185728e-15
-3.292377e-11
9.640338e-15
3.78715e-16
-2.816422e-11
2.119181e-14
4.334583e-17
-2.49266e-11
2.665217e-14
9.640774e-17
-2.014808e-11
-4.317043e-14
-1.528277e-16
-1.308755e-11
-3.179349e-14
2.594972e-16
3.494239e-11
4.755713e-14
-1.144031e-11
2.298979e-11
3.823657e-14
-1.796012e-11
2.471622e-11
-1.011214e-14
-2.203331e-11
2.223185e-11
3.024637e-14
-3.157063e-11
2.186451e-11
5.542736e-14
-3.018403e-11
-3.545948e-13
2.117659e-15
-3.229934e-11
-6.706797e-13
-1.128774e-15
-3.362665e-11
6.632705e-14
4.242538e-15
-3.140786e-11
-3.307847e-13
-1.935831e-15
-3.360567e-11
3.198126e-13
-1.247448e-15
-3.273258e-11
-8.085938e-15
-2.397932e-16
-2.974861e-11
-4.034957e-14
1.951469e-16
-2.533114e-11
-2.111129e-14
4.362326e-16
-2.023353e-11
1.610841e-15
1.577819e-17
-1.303501e-11
2.004935e-14
6.029087e-17
2.270924e-11
1.417191e-14
-8.507231e-12
1.8634e-11
5.879755e-14
-1.624711e-11
1.836794e-11
2.106722e-14
-1.978302e-11
1.667748e-11
6.010141e-15
-3.085952e-11
2.070907e-11
-8.447353e-16
-3.334218e-11
-2.061519e-14
1.145961e-15
-3.273657e-11
1.790924e-13
3.19429e-15
-3.033343e-11
-1.623036e-13
-4.414264e-15
-3.450634e-11
-3.8635e-13
-3.022108e-16
-3.306002e-11
5.536877e-16
5.563576e-16
-3.185462e-11
1.890535e-14
3.385702e-16
-2.841736e-11
1.824802e-14
-3.781859e-16
-2.616307e-11
-6.108025e-14
-5.714808e-16
-2.140001e-11
-3.358946e-14
6.051329e-16
-1.316814e-11
-1.267901e-14
4.046367e-16
1.36549e-11
4.79085e-14
-7.138708e-12
1.220301e-11
1.947761e-14
-1.378018e-11
1.291631e-11
6.051039e-14
-2.077125e-11
1.294293e-11
2.425423e-14
-2.771895e-11
1.19076e-11
-1.83078e-14
-2.809032e-11
3.814049e-14
-1.368268e-15
-3.056744e-11
-1.64429e-13
-2.798261e-15
-3.357275e-11
-5.605499e-13
-5.598388e-16
-3.575287e-11
3.888493e-13
6.388103e-15
-3.247271e-11
-2.50578e-13
-1.545807e-15
-3.36904e-11
2.263138e-14
3.375988e-16
-2.938738e-11
-6.250304e-15
-2.926855e-17
-2.522281e-11
7.975174e-15
-3.19332e-16
-2.097971e-11
1.118858e-13
4.921785e-16
-1.308605e-11
1.37678e-14
-5.195517e-16
6.88042e-12
-6.704748e-15
-6.879356e-12
5.832351e-12
4.923116e-14
-1.284588e-11
6.403684e-12
1.831387e-14
-1.911324e-11
4.954554e-12
6.591474e-14
-2.480116e-11
1.851752e-12
3.226076e-14
-3.136704e-11
-8.696436e-14
2.518519e-15
-3.164861e-11
7.726507e-14
-1.165448e-15
-3.239265e-11
2.057867e-13
5.680703e-16
-3.19478e-11
6.704784e-13
8.840247e-16
-3.1696e-11
-1.99326e-13
-1.11421e-15
-3.272414e-11
4.042991e-14
3.661346e-16
-2.864296e-11
5.894663e-14
5.054396e-16
-2.45088e-11
7.579113e-15
-5.343279e-16
-2.083696e-11
2.155326e-14
1.091728e-16
-1.320248e-11
-2.968659e-15
9.018388e-17
5.949105e-14
-6.369731e-12
1.657469e-14
-1.358651e-11
1.683436e-14
-1.979278e-11
8.383902e-16
-2.111371e-11
5.86245e-15
-3.070532e-11
4.378219e-15
-3.15573e-11
-6.033137e-12
2.593028e-15
-6.139983e-12
-5.409454e-12
6.042966e-14
-1.2381e-11
-6.7803e-12
8.2269e-15
-1.845091e-11
-4.846131e-12
3.620294e-14
-2.792682e-11
-3.115379e-12
6.305923e-14
-4.481865e-11
-2.394519e-14
6.96938e-15
-3.428058e-11
2.852046e-13
7.207477e-15
-2.498303e-11
-1.277123e-11
-1.548623e-14
-8.638746e-12
-9.916884e-12
8.202196e-15
-1.390001e-11
-1.132508e-11
5.380202e-14
-2.15632e-11
-1.226904e-11
-1.378737e-14
-2.171255e-11
-9.327471e-12
4.723116e-14
-3.178352e-11
6.866096e-13
-6.859768e-16
-2.866416e-11
5.065525e-13
4.852905e-15
-2.65597e-11
-8.525381e-13
-6.182871e-15
-3.296728e-11
-2.254705e-11
3.494703e-14
-1.162316e-11
-1.606364e-11
-8.885276e-16
-1.70055e-11
-1.655357e-11
1.169046e-14
-2.446203e-11
-1.454123e-11
3.40719e-14
-2.9957e-11
-1.92749e-11
-2.506483e-15
-2.636697e-11
-2.66937e-13
-3.533373e-15
-3.045934e-11
4.698614e-13
5.355933e-15
-2.684636e-11
-9.17508e-14
-8.255984e-16
-3.116033e-11
-7.233126e-14
-4.210097e-15
-3.293967e-11
-3.35176e-11
3.081719e-14
-2.45353e-11
-2.172329e-11
3.262448e-14
-3.349023e-11
-2.379105e-11
7.802215e-15
-3.773113e-11
-2.010681e-11
6.606479e-15
-3.835995e-11
-2.525326e-11
5.782412e-14
-3.658477e-11
-6.116197e-13
-4.203561e-15
-3.912434e-11
-7.340802e-14
6.322804e-16
-3.328513e-11
2.030466e-13
8.565777e-15
-2.938524e-11
2.029943e-13
-5.478262e-16
-2.990174e-11
2.70238e-13
-2.887381e-15
-3.319302e-11
3.329803e-11
-1.720686e-11
6.436484e-11
-3.42417e-11
8.092132e-11
-4.422152e-11
8.864139e-11
-5.161745e-11
9.069665e-11
-5.625951e-11
8.840035e-11
-6.458212e-11
8.198994e-11
-7.781295e-11
7.124475e-11
-9.723997e-11
5.523834e-11
-1.293727e-10
3.112068e-11
-1.81868e-10
-5.746581e-11
4.509197e-14
-1.223167e-10
-2.853518e-11
2.188495e-14
-9.167807e-11
-2.879744e-11
2.445829e-14
-6.670697e-11
-2.215156e-11
2.301203e-14
-5.00977e-11
-1.984212e-11
4.350028e-15
-3.062056e-11
4.705179e-13
6.294416e-17
-3.074813e-11
7.671286e-13
6.005066e-16
-2.972118e-11
6.303356e-13
6.661385e-16
-3.013623e-11
-1.985624e-13
-2.328215e-16
-3.197256e-11
1.281855e-14
-7.76021e-16
-3.153683e-11
1.20275e-14
-3.440324e-16
-2.816084e-11
-1.595213e-11
6.805894e-11
-3.397884e-12
-1.487483e-11
1.485831e-10
-1.805296e-11
-7.034923e-12
1.958145e-10
-2.948993e-11
-2.363944e-12
2.197096e-10
-3.720588e-11
-1.935753e-12
2.276625e-10
-4.752956e-11
-5.749312e-12
2.223039e-10
-5.812755e-11
-1.027085e-11
2.048091e-10
-6.965421e-11
-1.793073e-11
1.749128e-10
-8.108297e-11
-2.955533e-11
1.306139e-10
-8.608786e-11
-5.089935e-11
6.759931e-11
-6.564977e-11
-2.626479e-12
8.946173e-14
-5.38707e-11
2.82035e-12
1.616141e-14
-4.838272e-11
-2.750997e-12
1.593445e-14
-4.275145e-11
-5.825537e-12
8.962408e-15
-3.35548e-11
-1.881693e-13
-1.507604e-14
-3.049064e-11
2.552371e-13
6.211866e-16
-3.040657e-11
1.393516e-13
8.350559e-16
-3.073484e-11
2.978181e-13
-3.782944e-17
-3.09861e-11
2.948244e-13
-4.053098e-16
-3.122406e-11
4.584633e-13
-9.281809e-16
-3.166427e-11
1.786533e-14
5.091046e-17
-2.760133e-11
3.674115e-14
-8.400466e-17
-2.35778e-11
-1.679335e-11
9.019932e-11
-5.240031e-13
-2.386992e-11
2.062769e-10
-2.046672e-12
-1.270583e-11
2.770044e-10
-6.631831e-12
-2.804122e-12
3.155307e-10
-1.765609e-11
-5.548461e-12
3.291838e-10
-2.82055e-11
-9.6214e-12
3.220385e-10
-3.727301e-11
-1.540963e-11
2.958574e-10
-4.402186e-11
-2.270183e-11
2.505918e-10
-4.695941e-11
-3.201771e-11
1.841749e-10
-4.298618e-11
-2.707522e-11
9.228479e-11
-2.914088e-11
8.328888e-12
1.231567e-13
-3.131843e-11
6.548476e-12
1.318144e-14
-3.065206e-11
3.809347e-12
2.243228e-14
-3.059692e-11
2.313754e-12
2.718827e-14
-3.246119e-11
3.811119e-12
1.204958e-14
-3.059107e-11
1.897253e-13
1.277048e-15
-2.678466e-11
1.046324e-13
-1.185915e-15
-3.111147e-11
1.235804e-13
1.028884e-15
-3.073777e-11
1.617988e-13
-3.531542e-16
-3.126184e-11
1.70487e-13
-1.185213e-16
-3.146237e-11
2.291376e-14
-5.60849e-17
-2.771117e-11
1.198379e-16
2.089166e-17
-2.365457e-11
3.857251e-14
2.895503e-16
-1.87071e-11
-1.385517e-11
1.045935e-10
5.417914e-12
-1.830945e-11
2.440548e-10
8.611646e-12
-9.725087e-12
3.318487e-10
3.725149e-12
-5.370441e-12
3.811596e-10
-5.458625e-12
-6.925794e-12
3.993669e-10
-1.437645e-11
-9.576735e-12
3.912208e-10
-2.157486e-11
-1.318035e-11
3.590779e-10
-2.628925e-11
-1.78888e-11
3.02883e-10
-2.684855e-11
-2.08336e-11
2.20793e-10
-2.322766e-11
-1.23745e-11
1.089798e-10
-1.784812e-11
7.301065e-12
1.391712e-13
-2.21373e-11
5.620139e-12
1.992102e-14
-2.587428e-11
4.550542e-12
1.035121e-14
-2.59553e-11
2.178863e-12
2.343872e-14
-2.735053e-11
6.827575e-12
-2.155379e-14
-3.129918e-11
1.049285e-13
1.033306e-15
-3.052535e-11
-7.245804e-13
-6.414205e-15
-3.546642e-11
7.248648e-14
7.589662e-15
-3.080087e-11
-6.479151e-14
-6.192044e-16
-3.185215e-11
5.063885e-14
1.758388e-15
-3.144974e-11
8.26556e-15
-8.013357e-17
-2.782398e-11
-2.656906e-14
-3.8672e-16
-2.429843e-11
-3.642911e-15
6.145978e-17
-1.904627e-11
-1.553258e-14
9.543065e-17
-1.194731e-11
-5.806251e-12
1.130181e-10
6.460936e-12
-7.147187e-12
2.659503e-10
1.00341e-11
-5.297468e-12
3.637439e-10
6.673056e-12
-4.266497e-12
4.193563e-10
-3.405798e-13
-4.940015e-12
4.404402e-10
-8.116233e-12
-5.855121e-12
4.319335e-10
-1.485657e-11
-7.530402e-12
3.963649e-10
-1.881512e-11
-9.22795e-12
3.339113e-10
-1.900756e-11
-9.741343e-12
2.426421e-10
-1.621736e-11
-3.992738e-12
1.190252e-10
-1.628916e-11
3.527912e-12
1.515515e-13
-1.941417e-11
3.005038e-12
2.068108e-14
-2.355816e-11
2.090979e-12
1.750268e-14
-2.564573e-11
2.661096e-12
1.946977e-14
-2.788111e-11
1.67828e-12
1.258844e-14
-3.240036e-11
5.871396e-14
2.081664e-15
-3.021484e-11
4.427541e-16
-6.530868e-16
-3.073145e-11
3.322982e-13
-3.31147e-15
-3.215329e-11
1.327705e-13
5.752079e-15
-3.091267e-11
1.7091e-13
2.865971e-17
-3.146179e-11
6.592039e-15
1.064e-16
-2.747219e-11
-8.29197e-15
-2.616486e-16
-2.424398e-11
9.577977e-15
-8.615052e-18
-1.919715e-11
3.135829e-14
2.397778e-16
-1.208226e-11
-2.078861e-14
-2.550212e-16
2.455105e-12
1.159289e-10
7.607224e-12
3.783423e-12
2.727542e-10
1.110315e-11
4.698009e-13
3.731843e-10
6.65804e-12
-6.482907e-13
4.304969e-10
-6.437854e-13
-7.610099e-13
4.523954e-10
-7.985644e-12
-6.336512e-13
4.439913e-10
-1.486461e-11
-1.036241e-14
4.077492e-10
-1.920696e-11
-1.259809e-13
3.43709e-10
-1.928745e-11
1.073766e-13
2.500209e-10
-1.691177e-11
1.973199e-14
1.227458e-10
-1.604392e-11
-5.194226e-14
1.5749e-13
-2.048251e-11
3.519695e-15
1.709796e-14
-2.101542e-11
7.770129e-14
2.140361e-14
-2.69418e-11
-7.129595e-13
1.567612e-14
-2.469434e-11
-1.510263e-14
4.509883e-14
-3.525584e-11
2.821405e-13
4.285676e-15
-2.994264e-11
-1.149345e-13
-1.158685e-15
-3.178704e-11
-7.188403e-14
1.884276e-15
-3.169124e-11
4.595424e-13
1.539531e-15
-3.068575e-11
-1.544302e-13
-8.198546e-16
-3.189901e-11
-2.177302e-14
-1.202357e-16
-2.825356e-11
-1.055039e-14
1.925437e-16
-2.399567e-11
4.928927e-15
-1.544161e-16
-1.92546e-11
1.567805e-14
1.009671e-16
-1.22346e-11
-2.567927e-15
3.122922e-17
1.260558e-11
1.12794e-10
5.170899e-12
1.387346e-11
2.633458e-10
7.596503e-12
6.222318e-12
3.585108e-10
2.353844e-12
2.539723e-12
4.123762e-10
-7.647278e-12
3.383569e-12
4.328882e-10
-1.638336e-11
4.894679e-12
4.249271e-10
-2.282784e-11
7.035458e-12
3.90862e-10
-2.7216e-11
9.620406e-12
3.30492e-10
-2.798621e-11
9.630678e-12
2.414933e-10
-2.33811e-11
3.518144e-12
1.195371e-10
-2.015588e-11
-3.838729e-12
1.547061e-13
-2.387074e-11
-3.126484e-12
1.938684e-14
-2.500917e-11
-2.498464e-12
1.476505e-14
-2.781216e-11
-2.762973e-12
3.785572e-15
-2.406938e-11
-4.95914e-12
1.59164e-14
-3.013364e-11
3.562494e-13
1.192721e-15
-2.883525e-11
-4.128354e-14
5.064854e-16
-3.100353e-11
7.606404e-14
-1.186836e-15
-3.14388e-11
1.383109e-14
8.666787e-16
-3.144309e-11
-2.250981e-14
3.912177e-17
-3.164497e-11
-8.176612e-15
2.071356e-17
-2.82184e-11
9.941458e-15
4.115157e-17
-2.425676e-11
-2.377124e-14
-1.494475e-16
-1.942633e-11
6.814497e-15
8.308644e-17
-1.236941e-11
-2.50334e-14
-1.909696e-16
2.053517e-11
1.022111e-10
-2.127124e-12
2.367249e-11
2.341905e-10
-4.01052e-12
1.100541e-11
3.152583e-10
-1.096669e-11
3.082694e-12
3.598712e-10
-2.138199e-11
5.609607e-12
3.765541e-10
-3.062484e-11
9.320538e-12
3.696025e-10
-3.895441e-11
1.321751e-11
3.408285e-10
-4.519226e-11
1.802305e-11
2.898693e-10
-4.809132e-11
2.156578e-11
2.139416e-10
-4.420392e-11
1.067223e-11
1.076435e-10
-2.999318e-11
-7.519979e-12
1.444408e-13
-3.172561e-11
-5.746077e-12
2.157999e-14
-3.278262e-11
-4.693102e-12
1.735563e-14
-3.226736e-11
-2.132953e-12
2.083065e-14
-3.387013e-11
-8.522484e-12
1.916716e-14
-3.114785e-11
-1.770155e-13
-1.51902e-15
-3.171401e-11
-1.636146e-13
-1.601287e-16
-3.207294e-11
1.485976e-15
1.415904e-15
-3.116514e-11
-5.080284e-14
-2.370068e-16
-3.156395e-11
-2.76216e-13
1.396226e-16
-3.223734e-11
-6.178286e-14
-4.195353e-16
-2.924811e-11
-2.213598e-14
3.173287e-16
-2.469882e-11
-8.7124e-15
1.585332e-16
-1.957136e-11
8.521112e-15
1.14028e-16
-1.246553e-11
7.524101e-15
4.591198e-18
2.113822e-11
8.112764e-11
-5.087173e-12
2.774509e-11
1.774652e-10
-2.091647e-11
1.268129e-11
2.34774e-10
-3.388409e-11
2.343338e-12
2.641584e-10
-4.098011e-11
5.399292e-12
2.748928e-10
-5.045863e-11
1.016144e-11
2.697062e-10
-6.04395e-11
1.571943e-11
2.49806e-10
-7.206821e-11
2.306504e-11
2.145198e-10
-8.282681e-11
3.194933e-11
1.61205e-10
-8.882725e-11
2.737272e-11
8.395999e-11
-6.716575e-11
-8.759454e-12
1.11054e-13
-5.35863e-11
-7.322908e-12
2.647769e-14
-4.925276e-11
-4.115661e-12
2.295108e-14
-4.258322e-11
-1.437301e-12
2.695627e-14
-3.999217e-11
-3.693684e-12
-1.000446e-14
-2.968925e-11
-6.985511e-14
-3.566417e-17
-3.106402e-11
-1.743534e-13
-1.004529e-15
-3.175071e-11
1.834958e-14
1.390607e-15
-3.111759e-11
-2.59098e-13
-1.337972e-15
-3.191494e-11
-3.442133e-13
-2.250514e-15
-3.2518e-11
-5.583032e-15
7.449133e-17
-2.869569e-11
1.001037e-14
7.72391e-17
-2.415447e-11
7.40384e-15
1.922855e-16
-1.953282e-11
-2.227911e-14
-3.419658e-17
-1.267646e-11
-2.029083e-14
4.80447e-17
1.889168e-11
4.186952e-11
-1.987729e-11
1.632748e-11
8.107418e-11
-3.761254e-11
6.303701e-12
1.023617e-10
-4.688242e-11
1.064338e-12
1.12171e-10
-5.102291e-11
3.095187e-12
1.156756e-10
-5.760618e-11
6.243262e-12
1.134596e-10
-6.678188e-11
1.046521e-11
1.058973e-10
-7.967421e-11
1.815408e-11
9.273395e-11
-1.007938e-10
3.002321e-11
7.244568e-11
-1.327443e-10
5.249874e-11
4.124728e-11
-1.870787e-10
2.541531e-12
7.052691e-14
-1.288023e-10
-2.787e-12
1.134559e-14
-9.396584e-11
3.016126e-12
3.177119e-14
-6.783943e-11
5.049615e-12
3.090101e-14
-4.970319e-11
5.766197e-12
2.688352e-14
-3.553468e-11
-5.749066e-13
1.32631e-16
-3.690358e-11
-1.199236e-13
3.119837e-15
-3.209435e-11
-2.411243e-13
1.031957e-15
-3.211556e-11
-3.669716e-13
1.839701e-16
-3.149059e-11
-4.557471e-13
-2.494197e-15
-3.284189e-11
-2.75569e-14
1.403598e-16
-2.892357e-11
-5.009028e-14
-3.807082e-16
-2.561583e-11
-5.881112e-14
3.187324e-18
-2.000634e-11
-3.453764e-14
3.008892e-16
-1.271589e-11
-1.440328e-14
3.078737e-16
6.04763e-11
3.854117e-14
-2.559586e-11
3.086218e-11
3.624093e-14
-3.389324e-11
2.861562e-11
-5.764523e-15
-3.633702e-11
2.382006e-11
4.536971e-14
-3.998852e-11
2.127444e-11
6.120843e-14
-3.948774e-11
1.747946e-13
7.352134e-15
-2.589992e-11
5.687406e-13
2.490071e-15
-2.728857e-11
-3.321791e-13
-4.444162e-15
-3.477166e-11
-1.254e-13
-3.271882e-16
-3.219267e-11
-8.593726e-13
-5.552179e-15
-3.487861e-11
-3.205992e-14
4.588119e-16
-2.921281e-11
-2.415392e-15
2.974633e-16
-2.455685e-11
2.079982e-14
9.129349e-17
-2.010455e-11
2.594581e-14
9.942604e-17
-1.296924e-11
-4.498026e-14
-1.594704e-16
3.418205e-11
1.713083e-14
-1.149215e-11
2.279645e-11
4.63646e-14
-1.567876e-11
2.529143e-11
4.450328e-14
-2.526144e-11
2.294133e-11
-1.683762e-14
-2.849648e-11
2.385496e-11
7.474941e-14
-3.555911e-11
1.489126e-13
-1.091778e-15
-2.990615e-11
-4.072847e-13
1.049179e-15
-3.168288e-11
-6.019131e-13
1.415983e-16
-3.341444e-11
4.47714e-14
3.823795e-15
-3.247553e-11
-3.954113e-13
-1.510271e-15
-3.342961e-11
5.273591e-14
5.129501e-18
-2.90885e-11
-2.092445e-14
-3.404853e-16
-2.566594e-11
-3.401745e-14
2.124319e-16
-2.040088e-11
-2.082025e-14
4.585005e-16
-1.305574e-11
1.890785e-15
3.172766e-18
2.302204e-11
4.982855e-14
-9.546897e-12
1.755034e-11
1.300614e-14
-1.38616e-11
2.011824e-11
5.802452e-14
-2.365487e-11
1.567865e-11
2.340683e-14
-2.322167e-11
2.370661e-11
-2.632591e-14
-4.34432e-11
1.863638e-14
6.377536e-15
-3.349689e-11
-1.715111e-13
3.222465e-16
-3.350725e-11
1.197834e-13
3.10092e-15
-3.154074e-11
-1.696906e-13
-4.865118e-15
-3.412352e-11
-4.686363e-13
-2.609655e-16
-3.318223e-11
1.509031e-14
5.221737e-17
-2.863516e-11
1.238338e-14
3.748917e-16
-2.480099e-11
1.992214e-14
-3.39734e-16
-2.098904e-11
-6.548908e-14
-6.160546e-16
-1.367174e-11
-3.578729e-14
6.28548e-16
1.365145e-11
-5.541142e-15
-6.790168e-12
1.126107e-11
4.658008e-14
-1.271888e-11
1.292738e-11
2.149145e-14
-2.034483e-11
1.208649e-11
6.89431e-14
-2.845982e-11
1.05511e-11
5.761685e-14
-3.704271e-11
6.403296e-13
3.978021e-15
-2.936467e-11
1.134223e-13
-1.509721e-15
-3.182563e-11
-9.516639e-14
-3.213713e-15
-3.363919e-11
-4.388253e-13
-7.486203e-16
-3.452294e-11
2.554965e-13
6.206466e-15
-3.302612e-11
-1.190534e-14
-1.246234e-16
-3.009617e-11
2.434712e-14
3.4352e-16
-2.550761e-11
-4.218642e-15
-3.46481e-17
-2.042249e-11
6.918709e-15
-3.244363e-16
-1.347656e-11
1.163241e-13
5.112029e-16
6.936149e-12
5.168263e-15
-6.972192e-12
6.180121e-12
-9.597197e-15
-1.304978e-11
6.882338e-12
5.194532e-14
-1.997653e-11
5.424184e-12
2.0136e-14
-2.48118e-11
5.862728e-12
4.702167e-14
-3.131114e-11
3.327958e-13
-1.181613e-15
-3.101178e-11
-1.715183e-13
1.938186e-15
-3.171293e-11
4.611719e-14
-7.881382e-16
-3.29883e-11
2.566034e-13
6.774063e-16
-3.220185e-11
6.207976e-13
1.44742e-15
-3.228237e-11
-1.352244e-14
-7.545176e-17
-2.923317e-11
3.808394e-14
3.131319e-16
-2.498755e-11
5.884693e-14
5.186875e-16
-1.9953e-11
8.636641e-15
-5.332753e-16
-1.342488e-11
2.213287e-14
1.054795e-16
-2.369325e-15
-5.967025e-12
6.119077e-14
-1.190976e-11
1.808657e-14
-2.052411e-11
1.459834e-14
-2.489946e-11
-6.184841e-15
-2.463683e-11
-2.776471e-15
-3.072502e-11
4.581037e-15
-3.184878e-11
-6.480538e-12
-2.71517e-14
-6.351969e-12
-5.189042e-12
3.427687e-15
-1.084257e-11
-5.676486e-12
6.11703e-14
-1.819985e-11
-6.658475e-12
1.43732e-14
-2.463837e-11
-1.098435e-11
-2.543618e-14
-2.678001e-11
-1.236458e-12
-1.013912e-14
-4.27344e-11
-1.428254e-13
6.142172e-15
-3.43778e-11
2.804131e-13
8.024589e-15
-2.719981e-11
-1.393428e-11
3.416067e-14
-8.929813e-12
-1.042128e-11
-1.628908e-14
-1.442197e-11
-1.04835e-11
7.004379e-15
-2.010298e-11
-9.619679e-12
6.080932e-14
-2.684721e-11
-1.457684e-11
-6.122583e-15
-2.640356e-11
-2.474271e-13
-4.339839e-15
-3.209597e-11
6.566543e-13
-8.521651e-16
-2.989567e-11
6.460105e-13
5.350822e-15
-2.826758e-11
-9.281823e-13
-6.198963e-15
-3.2611e-11
-2.28892e-11
3.101276e-14
-1.078888e-11
-1.756761e-11
3.378149e-14
-1.604962e-11
-1.76022e-11
-4.092028e-15
-2.344252e-11
-1.152499e-11
1.783306e-14
-3.312603e-11
-1.723895e-11
7.056813e-14
-3.905444e-11
-1.222973e-13
6.486673e-15
-2.696503e-11
-2.807176e-13
-5.585885e-15
-3.033186e-11
5.146258e-13
5.361709e-15
-2.880991e-11
-7.242912e-14
1.443974e-16
-3.064539e-11
6.79992e-15
-4.103125e-15
-3.289305e-11
-3.339894e-11
-3.546968e-15
-2.412204e-11
-2.167912e-11
3.055303e-14
-3.148691e-11
-2.49484e-11
3.380713e-14
-3.761016e-11
-2.019312e-11
1.388785e-14
-3.996937e-11
-2.639575e-11
-3.489475e-14
-3.206953e-11
2.636401e-13
-3.121856e-15
-3.592742e-11
-7.046866e-13
-4.444619e-15
-3.753258e-11
-1.44494e-13
-1.406404e-15
-3.400237e-11
2.677291e-13
1.077689e-14
-3.023855e-11
2.621764e-13
1.330649e-15
-3.033979e-11
1.668643e-14
-4.781813e-16
-2.94074e-11
3.424047e-11
-1.752828e-11
6.621621e-11
-3.447693e-11
8.326127e-11
-4.41689e-11
9.114075e-11
-4.929514e-11
9.343746e-11
-5.631451e-11
9.115803e-11
-6.479768e-11
8.460901e-11
-7.754088e-11
7.362111e-11
-9.825682e-11
5.711369e-11
-1.289086e-10
3.225346e-11
-1.816001e-10
-5.901833e-11
5.160475e-14
-1.254057e-10
-2.826816e-11
1.007206e-14
-9.126113e-11
-2.761468e-11
2.256439e-14
-6.690642e-11
-2.274931e-11
2.809199e-14
-4.999928e-11
-2.245611e-11
5.616338e-15
-2.825077e-11
2.695385e-13
7.206324e-16
-3.076624e-11
3.751114e-13
9.0552e-17
-3.11346e-11
7.934811e-13
6.49681e-16
-3.037955e-11
6.224291e-13
5.329826e-16
-3.074674e-11
2.664243e-14
-3.36637e-16
-3.180507e-11
-1.356818e-14
-5.27448e-17
-2.796968e-11
2.355515e-14
-3.724838e-16
-2.419843e-11
-1.544766e-11
6.990537e-11
-3.885063e-12
-1.416154e-11
1.526484e-10
-1.773235e-11
-7.522797e-12
2.012739e-10
-2.920191e-11
-2.203566e-12
2.259676e-10
-3.655015e-11
-2.871238e-12
2.343285e-10
-4.655223e-11
-5.619371e-12
2.290458e-10
-5.828027e-11
-1.029439e-11
2.111966e-10
-6.966291e-11
-1.761151e-11
1.805192e-10
-8.042748e-11
-2.964791e-11
1.349617e-10
-8.791586e-11
-5.138121e-11
6.988365e-11
-6.408666e-11
-2.386333e-12
9.539106e-14
-5.484255e-11
2.52576e-12
1.463213e-14
-4.988112e-11
-2.158039e-12
1.587092e-14
-4.250304e-11
-2.828752e-12
1.730865e-14
-3.7793e-11
1.482521e-12
3.408312e-14
-3.175501e-11
3.038992e-13
1.418219e-15
-3.070722e-11
2.577494e-13
1.630257e-16
-3.068171e-11
2.104398e-13
7.530424e-16
-3.108122e-11
3.58452e-13
-5.949452e-18
-3.141575e-11
4.741212e-13
-2.849476e-16
-3.176494e-11
2.523637e-14
-8.955745e-17
-2.809045e-11
1.763103e-14
3.74458e-17
-2.381675e-11
3.839243e-14
-8.031535e-17
-1.890549e-11
-1.611093e-11
9.25378e-11
-9.862178e-13
-2.218328e-11
2.117889e-10
-2.865189e-12
-1.229604e-11
2.845273e-10
-6.800431e-12
-3.169e-12
3.243264e-10
-1.763878e-11
-6.079829e-12
3.386168e-10
-2.792581e-11
-1.014721e-11
3.314845e-10
-3.705717e-11
-1.527492e-11
3.048372e-10
-4.415014e-11
-2.265862e-11
2.584087e-10
-4.709125e-11
-3.122268e-11
1.900792e-10
-4.253041e-11
-2.744551e-11
9.536062e-11
-3.098816e-11
8.064702e-12
1.212584e-13
-2.978649e-11
6.95001e-12
2.33625e-14
-3.268384e-11
3.387387e-12
1.007665e-14
-2.955873e-11
8.661753e-13
3.625979e-14
-2.947857e-11
3.733172e-12
-9.049062e-15
-2.960991e-11
1.905799e-13
2.027792e-16
-3.074808e-11
2.863381e-13
1.229157e-15
-2.807337e-11
8.171541e-14
-1.166493e-15
-3.135331e-11
1.096524e-13
9.664622e-16
-3.112622e-11
1.53626e-13
-3.938201e-16
-3.160757e-11
1.752682e-14
-2.420405e-18
-2.793326e-11
2.250424e-14
-5.486971e-17
-2.390126e-11
1.843521e-15
2.026051e-17
-1.898706e-11
4.008087e-14
2.970083e-16
-1.197447e-11
-1.399266e-11
1.0726e-10
4.785267e-12
-1.617021e-11
2.503739e-10
7.237381e-12
-8.928608e-12
3.406288e-10
3.364501e-12
-5.4815e-12
3.914773e-10
-5.386155e-12
-7.218588e-12
4.104978e-10
-1.430576e-11
-9.804787e-12
4.024361e-10
-2.16209e-11
-1.335308e-11
3.696143e-10
-2.627159e-11
-1.78745e-11
3.12078e-10
-2.684029e-11
-2.063857e-11
2.276841e-10
-2.287026e-11
-1.113482e-11
1.124652e-10
-1.955906e-11
7.155166e-12
1.44886e-13
-2.1371e-11
5.84515e-12
1.660588e-14
-2.49871e-11
4.047294e-12
2.092061e-14
-2.791518e-11
3.416843e-12
1.00502e-15
-2.683215e-11
7.730482e-12
2.970585e-14
-3.384823e-11
-1.057381e-13
2.468648e-15
-3.122018e-11
1.194828e-13
1.54166e-15
-3.084492e-11
-7.457352e-13
-6.017915e-15
-3.405803e-11
1.420309e-13
5.924333e-15
-3.107344e-11
-9.714677e-14
-1.594995e-16
-3.197399e-11
8.930562e-15
2.462571e-16
-2.792271e-11
6.470746e-15
-1.17169e-16
-2.400251e-11
-2.744288e-14
-3.954796e-16
-1.944758e-11
-5.084786e-15
5.903222e-17
-1.219083e-11
-1.654042e-14
9.790927e-17
-7.553908e-12
1.158322e-10
6.644277e-12
-6.994773e-12
2.726729e-10
9.681791e-12
-5.031016e-12
3.73101e-10
6.095448e-12
-4.313554e-12
4.304358e-10
-7.495422e-13
-5.018771e-12
4.523607e-10
-7.999369e-12
-6.235132e-12
4.439708e-10
-1.453583e-11
-7.488467e-12
4.07737e-10
-1.873275e-11
-9.452096e-12
3.437078e-10
-1.928066e-11
-9.722302e-12
2.500179e-10
-1.657376e-11
-3.358544e-12
1.227462e-10
-1.65476e-11
3.781073e-12
1.570703e-13
-2.001214e-11
2.54132e-12
1.721015e-14
-2.195564e-11
2.651872e-12
2.079273e-14
-2.618169e-11
9.583087e-13
1.87756e-14
-2.745063e-11
1.709109e-12
2.189686e-14
-2.97804e-11
7.729354e-14
-1.878677e-15
-3.223878e-11
4.569252e-14
1.797784e-15
-3.103967e-11
5.047422e-17
2.557697e-17
-3.120442e-11
1.967296e-13
-3.181757e-15
-3.201989e-11
6.559399e-14
5.065419e-15
-3.133099e-11
2.137718e-14
-1.534842e-17
-2.793419e-11
4.675754e-15
1.154415e-16
-2.378232e-11
-7.531688e-15
-2.488758e-16
-1.941585e-11
1.029218e-14
-2.087501e-17
-1.229863e-11
3.334145e-14
2.538713e-16
5.519829e-13
1.18699e-10
8.400831e-12
2.632566e-12
2.79341e-10
1.129175e-11
1.069551e-12
3.825645e-10
6.791812e-12
-1.068217e-12
4.415607e-10
-8.031131e-13
-8.019929e-13
4.643441e-10
-8.403298e-12
-6.685605e-13
4.560042e-10
-1.442362e-11
-5.393629e-13
4.191165e-10
-1.864102e-11
1.084372e-13
3.535941e-10
-1.957591e-11
-2.115377e-13
2.573473e-10
-1.67943e-11
-8.64689e-14
1.26498e-10
-1.704634e-11
-9.746197e-14
1.635375e-13
-1.967813e-11
-1.284227e-15
1.882151e-14
-2.362626e-11
2.051871e-13
1.739984e-14
-2.375755e-11
5.575771e-13
3.944277e-14
-3.041844e-11
6.932234e-13
-3.890412e-15
-3.055216e-11
-2.430006e-13
-4.955115e-15
-3.473044e-11
2.558861e-13
4.770561e-15
-3.062193e-11
-4.599659e-14
-7.236122e-16
-3.195728e-11
-8.606798e-14
1.260784e-15
-3.182951e-11
5.335047e-13
1.694399e-15
-3.153294e-11
-1.658247e-14
-7.367365e-17
-2.830331e-11
-2.297954e-14
-1.472784e-16
-2.436181e-11
-9.068494e-15
2.091054e-16
-1.927138e-11
3.931029e-15
-1.668556e-16
-1.234837e-11
1.622749e-14
1.058986e-16
1.185625e-11
1.154022e-10
5.280132e-12
1.305763e-11
2.69561e-10
8.738071e-12
6.477135e-12
3.672641e-10
3.278983e-12
2.518502e-12
4.227462e-10
-7.450823e-12
2.944941e-12
4.440144e-10
-1.609592e-11
4.893756e-12
4.361522e-10
-2.315368e-11
6.856687e-12
4.014395e-10
-2.702816e-11
9.12751e-12
3.39716e-10
-2.755054e-11
1.012852e-11
2.484751e-10
-2.356168e-11
3.083377e-12
1.230221e-10
-1.926602e-11
-3.889092e-12
1.614414e-13
-2.367932e-11
-3.026985e-12
2.109937e-14
-2.660598e-11
-2.566624e-12
1.975672e-14
-2.72176e-11
9.335851e-13
2.248211e-14
-3.106273e-11
-4.099446e-12
3.235622e-14
-2.843933e-11
-8.689821e-14
4.40306e-17
-3.023941e-11
3.685924e-13
1.190544e-15
-2.959675e-11
3.149494e-14
7.561116e-16
-3.124456e-11
2.486708e-14
-1.515129e-15
-3.176148e-11
-3.044776e-14
5.985304e-16
-3.197191e-11
-2.735236e-15
2.489867e-17
-2.812585e-11
-7.431273e-15
2.813286e-17
-2.434938e-11
1.128101e-14
4.681248e-17
-1.948917e-11
-2.535833e-14
-1.667994e-16
-1.246912e-11
7.349901e-15
8.981393e-17
1.949308e-11
1.045398e-10
-1.341187e-12
2.326945e-11
2.396385e-10
-4.116189e-12
9.967323e-12
3.227363e-10
-9.344037e-12
3.44636e-12
3.687099e-10
-2.090566e-11
5.279514e-12
3.860483e-10
-3.073248e-11
8.911739e-12
3.791095e-10
-3.885737e-11
1.323725e-11
3.498438e-10
-4.548833e-11
1.789088e-11
2.9771e-10
-4.788922e-11
2.086048e-11
2.19921e-10
-4.303975e-11
1.188403e-11
1.108169e-10
-3.188734e-11
-7.666934e-12
1.441296e-13
-3.096777e-11
-5.953707e-12
2.585772e-14
-3.312816e-11
-4.29553e-12
2.071991e-14
-3.26544e-11
-2.082221e-12
2.310891e-14
-3.175974e-11
-8.220632e-12
1.622092e-14
-2.961152e-11
-9.442192e-14
-3.939929e-16
-3.125874e-11
-1.759169e-13
-1.216682e-15
-3.202097e-11
-1.390405e-13
-1.419768e-16
-3.206029e-11
-8.554411e-14
1.100413e-15
-3.160231e-11
-3.138127e-14
-2.444728e-16
-3.209435e-11
-1.256865e-14
2.494965e-17
-2.861719e-11
-6.213784e-14
-4.121456e-16
-2.514822e-11
-2.353273e-14
3.108341e-16
-1.982188e-11
-9.818096e-15
1.660108e-16
-1.257328e-11
9.503189e-15
1.157705e-16
2.057591e-11
8.29085e-11
-4.114844e-12
2.689477e-11
1.815246e-10
-2.076477e-11
1.297716e-11
2.402524e-10
-3.419495e-11
1.741734e-12
2.704641e-10
-4.099885e-11
5.585553e-12
2.816786e-10
-5.024111e-11
1.002953e-11
2.765263e-10
-6.107659e-11
1.544917e-11
2.562258e-10
-7.188677e-11
2.301603e-11
2.202033e-10
-8.269832e-11
3.16365e-11
1.655516e-10
-8.890699e-11
2.697866e-11
8.631437e-11
-6.568415e-11
-8.683465e-12
1.21259e-13
-5.584954e-11
-7.313022e-12
1.63169e-14
-4.906445e-11
-4.275914e-12
2.71855e-14
-4.208167e-11
-2.170756e-12
2.464127e-14
-3.554013e-11
-5.547426e-12
-1.534805e-14
-2.900741e-11
-2.621836e-13
4.380847e-16
-3.013316e-11
-1.078737e-13
1.301296e-16
-3.122949e-11
-1.218331e-13
-1.259984e-15
-3.193748e-11
4.591701e-15
1.433481e-15
-3.176513e-11
-2.310932e-13
-1.506255e-15
-3.235961e-11
-3.201655e-14
-9.504684e-17
-2.887995e-11
-1.604462e-14
-2.890041e-17
-2.479401e-11
9.426569e-15
8.904853e-17
-1.949902e-11
7.447463e-15
1.976054e-16
-1.259683e-11
-2.246748e-14
-2.990914e-17
1.834004e-11
4.278454e-11
-2.004482e-11
1.60409e-11
8.28586e-11
-3.881387e-11
6.112686e-12
1.047187e-10
-4.727626e-11
1.695357e-12
1.14768e-10
-5.152736e-11
3.361723e-12
1.184497e-10
-5.71597e-11
6.307795e-12
1.16283e-10
-6.677389e-11
1.063582e-11
1.085963e-10
-8.01949e-11
1.789237e-11
9.509589e-11
-1.000783e-10
3.002331e-11
7.437558e-11
-1.329962e-10
5.145708e-11
4.232731e-11
-1.85471e-10
2.76601e-12
7.12708e-14
-1.292633e-10
-2.604159e-12
3.058697e-14
-9.542888e-11
2.697959e-12
5.189921e-15
-6.813842e-11
4.255554e-12
3.399666e-14
-4.849205e-11
3.661211e-13
-1.156498e-14
-2.90286e-11
-6.188436e-13
-2.028191e-15
-3.500706e-11
-6.259429e-13
3.840428e-16
-3.590013e-11
-1.434059e-13
3.468737e-15
-3.250649e-11
-1.546438e-13
7.16125e-16
-3.236404e-11
-3.382421e-13
2.394666e-16
-3.231829e-11
-4.344242e-14
-2.409875e-16
-2.915472e-11
-2.887566e-14
1.10522e-16
-2.497591e-11
-5.073124e-14
-4.062441e-16
-2.052147e-11
-6.148315e-14
3.786826e-18
-1.288808e-11
-3.557345e-14
3.087722e-16
5.924454e-11
1.952596e-14
-2.510933e-11
3.094959e-11
3.832466e-14
-3.381908e-11
2.95297e-11
3.851016e-14
-3.845693e-11
2.371272e-11
-5.086337e-15
-3.737496e-11
1.601022e-11
6.254249e-14
-3.279516e-11
-7.068405e-13
-3.64189e-15
-3.832611e-11
2.982014e-13
6.233488e-15
-2.79353e-11
4.125906e-13
3.804657e-15
-2.901034e-11
-1.331912e-13
-2.243796e-15
-3.454902e-11
-2.634637e-13
1.567228e-16
-3.22583e-11
-9.272275e-14
-8.506245e-16
-3.082653e-11
-3.925976e-14
4.820792e-16
-2.527602e-11
-7.720903e-15
2.71195e-16
-1.988925e-11
1.89884e-14
1.044098e-16
-1.296911e-11
2.700404e-14
1.020009e-16
3.458182e-11
4.149962e-14
-1.171614e-11
2.20521e-11
1.547342e-14
-1.602631e-11
2.505535e-11
4.926491e-14
-2.075642e-11
2.32586e-11
4.301312e-14
-3.322828e-11
2.494114e-11
-4.411956e-14
-3.017278e-11
-1.597645e-13
-3.896243e-15
-3.518063e-11
2.035875e-13
3.789625e-17
-2.984105e-11
-4.390373e-13
2.864791e-16
-3.116323e-11
-4.81722e-13
-1.185808e-15
-3.369762e-11
-1.043398e-13
5.277187e-15
-3.299237e-11
-3.291218e-14
-1.935556e-16
-2.970565e-11
5.15685e-14
-9.15836e-19
-2.522552e-11
-2.046409e-14
-3.532021e-16
-2.065146e-11
-3.399511e-14
2.210054e-16
-1.315224e-11
-2.019798e-14
4.868894e-16
2.223273e-11
1.501202e-15
-8.656824e-12
1.793161e-11
5.093775e-14
-1.639785e-11
1.911597e-11
1.417254e-14
-2.011873e-11
1.691731e-11
5.834917e-14
-2.862895e-11
2.027686e-11
4.600953e-14
-3.457312e-11
-8.615588e-13
-3.247886e-15
-4.190811e-11
-6.149828e-14
5.429265e-15
-3.348344e-11
-1.820412e-13
-2.035687e-16
-3.372366e-11
4.730323e-14
4.024697e-15
-3.228329e-11
-1.73397e-13
-3.883213e-15
-3.384821e-11
-4.161236e-14
-2.00841e-17
-2.956833e-11
5.644552e-15
-4.713763e-17
-2.498765e-11
1.154714e-14
4.129649e-16
-2.013367e-11
2.147223e-14
-3.300561e-16
-1.346664e-11
-6.815903e-14
-6.536561e-16
1.421473e-11
6.220159e-15
-7.311185e-12
1.141526e-11
-8.005088e-15
-1.204625e-11
1.242581e-11
4.75687e-14
-1.846976e-11
1.167883e-11
2.852504e-14
-2.65062e-11
1.122707e-11
6.94485e-14
-3.483871e-11
3.381932e-16
-2.613259e-16
-3.685189e-11
7.079347e-13
4.478271e-15
-3.106448e-11
6.356742e-14
-1.611129e-15
-3.292899e-11
-6.140444e-14
-3.694003e-15
-3.331466e-11
-3.617246e-13
-4.462063e-17
-3.382079e-11
3.139968e-14
6.454108e-16
-2.945692e-11
-2.114682e-14
-1.284449e-16
-2.603953e-11
2.93018e-14
3.586934e-16
-2.058873e-11
-3.738604e-15
-5.411128e-17
-1.322249e-11
6.702309e-15
-3.363839e-16
7.182393e-12
5.168321e-14
-7.263911e-12
6.207964e-12
4.484733e-15
-1.322853e-11
6.344572e-12
-1.12121e-14
-1.939192e-11
5.08475e-12
5.975633e-14
-2.540593e-11
8.680293e-12
8.101809e-15
-3.353204e-11
3.521115e-13
2.415999e-15
-3.218589e-11
3.883407e-13
-3.635309e-16
-3.079341e-11
-1.27446e-13
1.427955e-15
-3.19394e-11
2.022935e-13
-1.993299e-16
-3.268204e-11
2.035803e-13
-6.477628e-17
-3.285644e-11
6.415442e-14
1.391119e-16
-2.886854e-11
-1.290338e-14
-1.001141e-16
-2.54209e-11
3.866441e-14
3.445172e-16
-2.027453e-11
5.826338e-14
5.211042e-16
-1.300312e-11
9.114049e-15
-5.457083e-16
-2.714163e-14
-6.518312e-12
-3.112956e-15
-1.107241e-11
6.218407e-14
-1.772797e-11
2.376549e-14
-2.728589e-11
2.195715e-14
-3.698733e-11
4.819103e-15
-2.558478e-11
-4.258415e-15
-3.086834e-11
4.752465e-15
-3.210391e-11
-6.654523e-12
3.496223e-14
-7.603743e-12
-5.712993e-12
-2.902092e-14
-1.110886e-11
-5.774661e-12
1.263005e-15
-1.554157e-11
-4.516613e-12
8.063164e-14
-2.358508e-11
-7.754361e-12
-1.070125e-14
-3.123064e-11
3.3347e-13
3.755428e-15
-2.688015e-11
-1.286869e-12
-1.071661e-14
-4.014321e-11
-1.720277e-13
5.877982e-15
-3.385362e-11
1.105677e-13
7.920063e-15
-2.875693e-11
-1.396342e-11
2.685754e-14
-9.110167e-12
-1.166851e-11
3.478378e-14
-1.517111e-11
-1.13067e-11
-1.895504e-14
-2.095228e-11
-7.362966e-12
4.249845e-15
-2.446966e-11
-1.545833e-11
2.052915e-14
-2.950605e-11
4.599606e-13
3.239025e-15
-2.711797e-11
-3.204377e-13
-4.771201e-15
-3.27254e-11
6.170551e-13
-4.566502e-16
-3.066905e-11
6.007692e-13
4.714064e-15
-2.927587e-11
-7.390898e-13
-4.91549e-15
-3.21214e-11
-2.295204e-11
-6.501068e-15
-1.057559e-11
-1.777529e-11
3.36894e-14
-1.487035e-11
-1.879397e-11
3.371781e-14
-2.255852e-11
-1.292802e-11
1.227106e-14
-3.099723e-11
-2.374373e-11
-6.369189e-15
-3.677176e-11
-3.547669e-13
-2.572154e-15
-3.821508e-11
-1.072535e-13
6.999001e-15
-2.805242e-11
-1.655802e-13
-5.161189e-15
-2.991013e-11
4.695931e-13
3.97578e-15
-2.9597e-11
-1.216855e-14
1.894495e-15
-3.080802e-11
3.222426e-15
-5.080342e-16
-2.908732e-11
-3.408072e-11
1.657736e-14
-2.515907e-11
-2.133751e-11
-3.972319e-15
-3.112671e-11
-2.466779e-11
3.093456e-14
-3.460307e-11
-2.119565e-11
5.291026e-14
-3.94921e-11
-2.161426e-11
2.928213e-14
-4.141055e-11
4.145294e-13
7.255497e-15
-3.233419e-11
2.814573e-13
-2.586687e-15
-3.482589e-11
-6.129205e-13
-6.263366e-15
-3.575545e-11
-3.619744e-13
-1.358321e-16
-3.306231e-11
4.112906e-13
9.498478e-15
-3.101497e-11
1.735642e-14
2.590929e-16
-2.721438e-11
1.322803e-14
-4.41788e-16
-2.514546e-11
3.516988e-11
-1.724041e-11
6.802133e-11
-3.430828e-11
8.558897e-11
-4.482714e-11
9.376588e-11
-4.90629e-11
9.616955e-11
-5.492051e-11
9.392968e-11
-6.473409e-11
8.724691e-11
-7.780275e-11
7.597272e-11
-9.764246e-11
5.902624e-11
-1.300542e-10
3.334115e-11
-1.815718e-10
-5.872306e-11
5.276543e-14
-1.251852e-10
-2.948201e-11
1.822873e-14
-9.347253e-11
-2.711792e-11
7.100259e-15
-6.638741e-11
-1.941353e-11
2.544334e-14
-5.047617e-11
-1.765224e-11
1.734791e-14
-3.127167e-11
8.21289e-13
8.097547e-17
-2.88769e-11
2.280384e-13
7.399919e-16
-3.092071e-11
3.889457e-13
1.126373e-16
-3.150284e-11
7.551693e-13
5.903921e-16
-3.103102e-11
9.075051e-13
5.65714e-16
-3.14572e-11
-2.159993e-15
-3.271859e-17
-2.821006e-11
-1.811823e-15
-6.219463e-17
-2.410483e-11
2.342208e-14
-3.992529e-16
-1.934096e-11
-1.536267e-11
7.171872e-11
-3.421085e-12
-1.357607e-11
1.567357e-10
-1.737934e-11
-6.361416e-12
2.066613e-10
-2.940673e-11
-2.339486e-12
2.322499e-10
-3.611525e-11
-3.017949e-12
2.410558e-10
-4.634312e-11
-6.062251e-12
2.357611e-10
-5.736029e-11
-1.018971e-11
2.176122e-10
-6.981413e-11
-1.759231e-11
1.861482e-10
-8.043613e-11
-2.921833e-11
1.392843e-10
-8.686975e-11
-5.144181e-11
7.222266e-11
-6.627963e-11
-2.819879e-12
9.596297e-14
-5.310062e-11
2.960165e-12
1.999723e-14
-5.090168e-11
-3.189705e-12
1.326014e-14
-4.339625e-11
-4.492727e-12
1.027696e-14
-3.728757e-11
-3.899977e-12
3.01586e-14
-3.032702e-11
1.498533e-13
-5.066705e-16
-3.183631e-11
2.181897e-13
1.103111e-15
-3.079346e-11
2.757845e-13
7.27432e-16
-3.104875e-11
2.24759e-13
8.817894e-16
-3.144912e-11
3.356518e-13
-1.660343e-16
-3.177966e-11
3.413448e-14
-3.664445e-17
-2.818377e-11
2.755492e-14
-1.01402e-16
-2.420847e-11
1.667994e-14
3.315673e-17
-1.912222e-11
4.014104e-14
-8.127275e-17
-1.210584e-11
-1.625649e-11
9.490772e-11
-6.345166e-13
-2.083901e-11
2.172448e-10
-2.506513e-12
-1.148671e-11
2.919873e-10
-8.098325e-12
-3.315966e-12
3.330935e-10
-1.773938e-11
-6.397959e-12
3.48054e-10
-2.78867e-11
-1.042756e-11
3.409862e-10
-3.678213e-11
-1.547716e-11
3.137808e-10
-4.38703e-11
-2.264927e-11
2.662646e-10
-4.725486e-11
-3.106648e-11
1.960093e-10
-4.26467e-11
-2.652186e-11
9.840735e-11
-3.018796e-11
8.184107e-12
1.290622e-13
-3.191309e-11
6.450791e-12
1.324919e-14
-3.039356e-11
3.775476e-12
2.55627e-14
-3.25052e-11
-1.049859e-13
4.963813e-15
-2.619543e-11
6.782181e-12
-1.343103e-14
-2.888018e-11
1.431265e-13
1.015236e-15
-2.990754e-11
1.787383e-13
1.928316e-17
-3.088748e-11
2.027914e-13
1.060498e-15
-2.934022e-11
9.939807e-14
-8.555423e-16
-3.156339e-11
1.176549e-13
8.679637e-16
-3.162269e-11
1.570932e-14
-4.821501e-17
-2.806036e-11
1.751852e-14
-6.87622e-18
-2.410119e-11
2.322372e-14
-5.325287e-17
-1.919584e-11
2.528094e-15
1.602117e-17
-1.217748e-11
4.144575e-14
3.065768e-16
-1.526707e-11
1.099369e-10
4.706588e-12
-1.594861e-11
2.567577e-10
6.880761e-12
-8.87245e-12
3.493924e-10
2.229255e-12
-5.383364e-12
4.018136e-10
-5.909768e-12
-7.443355e-12
4.216042e-10
-1.406182e-11
-1.014905e-11
4.136512e-10
-2.158635e-11
-1.345741e-11
3.80216e-10
-2.623456e-11
-1.78955e-11
3.212354e-10
-2.698845e-11
-2.086326e-11
2.346099e-10
-2.265527e-11
-1.089964e-11
1.159807e-10
-1.88335e-11
7.261041e-12
1.495118e-13
-2.292607e-11
5.532889e-12
2.000275e-14
-2.438375e-11
4.647877e-12
1.413605e-14
-2.702151e-11
2.580695e-12
2.552486e-14
-2.972884e-11
4.555467e-12
2.927316e-14
-2.988531e-11
-2.623492e-13
-3.456884e-15
-3.356743e-11
-8.396506e-14
2.551534e-15
-3.115557e-11
9.877928e-14
1.117352e-15
-3.127953e-11
-5.077802e-13
-4.734961e-15
-3.352749e-11
9.850834e-14
6.036867e-15
-3.146374e-11
-1.001138e-14
-1.278192e-16
-2.837296e-11
7.95083e-15
2.6698e-16
-2.408906e-11
7.423631e-15
-1.216786e-16
-1.927074e-11
-2.886985e-14
-4.188783e-16
-1.243162e-11
-5.89422e-15
5.952355e-17
-9.580391e-12
1.186061e-10
6.936121e-12
-8.478367e-12
2.793702e-10
1.043789e-11
-4.755453e-12
3.825006e-10
6.024449e-12
-5.029597e-12
4.415013e-10
-1.015561e-12
-5.189574e-12
4.643043e-10
-8.301757e-12
-6.321349e-12
4.559843e-10
-1.434269e-11
-7.960872e-12
4.191051e-10
-1.846794e-11
-9.344495e-12
3.535854e-10
-1.915147e-11
-9.945018e-12
2.573488e-10
-1.689838e-11
-3.482746e-12
1.264936e-10
-1.691041e-11
3.812045e-12
1.636222e-13
-2.03509e-11
2.999724e-12
1.798983e-14
-2.301954e-11
1.757401e-12
1.58847e-14
-2.356508e-11
2.593936e-12
3.024617e-14
-2.831264e-11
3.293133e-12
1.220822e-14
-3.028062e-11
-3.234195e-14
-6.318433e-16
-3.018179e-11
9.428829e-14
-1.865101e-15
-3.207017e-11
-8.959404e-14
5.786181e-16
-3.133307e-11
1.199356e-14
1.640107e-15
-3.161839e-11
1.54845e-13
-3.176201e-15
-3.190526e-11
7.250049e-15
5.496012e-16
-2.78493e-11
2.183936e-14
-3.055715e-17
-2.410666e-11
2.551235e-15
9.277102e-17
-1.915032e-11
-7.516906e-15
-2.3821e-16
-1.24236e-11
1.077961e-14
-2.768683e-17
-2.424991e-13
1.214447e-10
8.945138e-12
9.115659e-13
2.859301e-10
1.363826e-11
1.042348e-12
3.919268e-10
7.275253e-12
-9.570947e-13
4.526746e-10
-8.523851e-13
-1.388182e-12
4.762812e-10
-8.40296e-12
-7.027048e-13
4.680485e-10
-1.483937e-11
-5.597178e-13
4.304597e-10
-1.834012e-11
-4.767344e-13
3.634605e-10
-1.889976e-11
1.176466e-13
2.647732e-10
-1.700728e-11
-3.541073e-13
1.301873e-10
-1.703309e-11
-1.275466e-13
1.683184e-13
-2.069667e-11
-8.520478e-14
2.153043e-14
-2.263725e-11
-3.242586e-14
1.609171e-14
-2.622204e-11
-4.055167e-13
-1.755254e-15
-2.247561e-11
-4.066788e-13
6.956896e-15
-3.451962e-11
2.517062e-14
3.532482e-15
-3.079819e-11
-2.588945e-13
-5.414624e-15
-3.406573e-11
2.324369e-13
4.375809e-15
-3.13098e-11
3.776823e-14
-3.934008e-16
-3.205836e-11
-3.212872e-14
1.440168e-15
-3.208308e-11
4.354785e-14
1.541799e-16
-2.803255e-11
-1.479686e-14
-4.50106e-17
-2.440459e-11
-2.398116e-14
-1.65103e-16
-1.955663e-11
-7.862044e-15
2.13555e-16
-1.237434e-11
3.762741e-15
-1.72658e-16
1.146572e-11
1.18017e-10
5.162626e-12
1.220602e-11
2.758756e-10
9.589996e-12
5.713619e-12
3.76012e-10
4.14288e-12
3.021807e-12
4.331211e-10
-6.674474e-12
2.773815e-12
4.551958e-10
-1.611456e-11
4.433957e-12
4.47366e-10
-2.280727e-11
6.851973e-12
4.120492e-10
-2.73634e-11
8.941389e-12
3.48908e-10
-2.727546e-11
9.599574e-12
2.554186e-10
-2.326332e-11
3.507587e-12
1.266168e-10
-1.87706e-11
-4.081977e-12
1.631072e-13
-2.273512e-11
-3.095898e-12
2.493834e-14
-2.655711e-11
-2.682451e-12
2.06161e-14
-2.828591e-11
-2.283809e-12
1.216785e-14
-2.715313e-11
-7.775225e-12
7.107791e-15
-3.179413e-11
2.583766e-13
1.330652e-15
-2.898193e-11
-8.185735e-14
-1.92656e-16
-3.039013e-11
3.948217e-13
9.720192e-16
-3.043314e-11
6.036697e-14
1.090484e-15
-3.156209e-11
7.48092e-14
-1.461712e-15
-3.213644e-11
-3.144659e-15
5.77783e-17
-2.838581e-11
-1.412195e-15
1.640515e-17
-2.429859e-11
-8.266919e-15
4.072147e-17
-1.956888e-11
1.158697e-14
4.974986e-17
-1.251579e-11
-2.656716e-14
-1.796392e-16
1.957598e-11
1.06843e-10
-1.447227e-12
2.283286e-11
2.450876e-10
-2.782021e-12
9.463732e-12
3.30245e-10
-8.294066e-12
3.554542e-12
3.775068e-10
-1.996579e-11
5.73036e-12
3.955525e-10
-3.053525e-11
8.701928e-12
3.886778e-10
-3.894946e-11
1.282973e-11
3.588406e-10
-4.523584e-11
1.787645e-11
3.055909e-10
-4.826057e-11
2.062973e-11
2.258637e-10
-4.28838e-11
1.07766e-11
1.139176e-10
-2.993524e-11
-7.56643e-12
1.527331e-13
-3.28997e-11
-6.070644e-12
1.901e-14
-3.221893e-11
-4.436848e-12
2.668285e-14
-3.305415e-11
-2.807779e-12
2.23532e-14
-3.211868e-11
-7.892747e-12
1.559967e-14
-2.972451e-11
7.997619e-14
1.370504e-16
-3.006245e-11
-1.620713e-13
-1.675097e-16
-3.140923e-11
-2.187721e-13
-1.638538e-15
-3.223386e-11
-1.488843e-13
-4.095587e-17
-3.219595e-11
-8.120701e-14
1.047615e-15
-3.206314e-11
-2.545441e-15
-1.522455e-17
-2.850884e-11
-1.549132e-14
1.387798e-17
-2.47064e-11
-6.322063e-14
-4.101345e-16
-2.012845e-11
-2.475917e-14
3.072376e-16
-1.271584e-11
-1.034086e-14
1.728548e-16
2.104252e-11
8.471586e-11
-4.659902e-12
2.697626e-11
1.855156e-10
-1.906541e-11
1.221607e-11
2.456443e-10
-3.227274e-11
1.190363e-12
2.767228e-10
-3.963215e-11
5.447383e-12
2.884094e-10
-4.980837e-11
1.025508e-11
2.833573e-10
-6.103076e-11
1.556697e-11
2.627117e-10
-7.253742e-11
2.273083e-11
2.258572e-10
-8.246508e-11
3.155463e-11
1.699455e-10
-8.874391e-11
2.63712e-11
8.862048e-11
-6.614874e-11
-8.767243e-12
1.208973e-13
-5.403577e-11
-7.204739e-12
2.930722e-14
-5.13028e-11
-4.311684e-12
1.396545e-14
-4.210376e-11
-3.073672e-12
2.477372e-14
-3.497378e-11
-3.377409e-12
-1.509302e-15
-3.222585e-11
-1.807914e-13
1.750268e-15
-2.954629e-11
-2.322931e-13
2.078193e-16
-3.073547e-11
-4.538413e-14
2.120294e-16
-3.156456e-11
-1.01689e-13
-1.072627e-15
-3.228221e-11
-3.580144e-14
1.072631e-15
-3.225831e-11
-2.326326e-14
-1.415007e-16
-2.876086e-11
-3.431536e-14
-1.170326e-16
-2.493194e-11
-1.613445e-14
-4.496394e-17
-1.994544e-11
8.314343e-15
9.17995e-17
-1.259733e-11
8.152874e-15
2.06881e-16
1.921283e-11
4.371803e-11
-2.01778e-11
1.695191e-11
8.467624e-11
-3.866845e-11
5.727544e-12
1.070062e-10
-4.702311e-11
8.726619e-13
1.173399e-10
-5.04767e-11
2.838858e-12
1.211933e-10
-5.712353e-11
6.408965e-12
1.190727e-10
-6.639464e-11
1.071031e-11
1.113048e-10
-8.027237e-11
1.828697e-11
9.752666e-11
-1.010634e-10
2.961347e-11
7.625828e-11
-1.318252e-10
5.172222e-11
4.346938e-11
-1.860578e-10
2.32142e-12
6.8199e-14
-1.284374e-10
-2.292324e-12
2.903051e-14
-9.604312e-11
3.426029e-12
3.653474e-14
-6.9525e-11
5.017062e-12
-3.806716e-16
-4.960582e-11
1.6479e-12
3.659703e-14
-3.456009e-11
-2.134809e-13
2.631819e-15
-2.968817e-11
-6.724132e-13
-2.371648e-15
-3.429572e-11
-5.683387e-13
4.222593e-16
-3.505803e-11
-2.196725e-13
3.115692e-15
-3.262663e-11
-1.898057e-13
1.005353e-15
-3.267499e-11
-2.651065e-14
1.857194e-17
-2.879528e-11
-4.460453e-14
-2.23052e-16
-2.516803e-11
-2.795084e-14
1.188667e-16
-2.010083e-11
-5.297909e-14
-4.307926e-16
-1.314831e-11
-6.365253e-14
1.906024e-18
5.987633e-11
3.868372e-14
-2.540705e-11
2.980062e-11
1.976586e-14
-3.290767e-11
2.973125e-11
3.736927e-14
-3.864019e-11
2.377469e-11
3.888972e-14
-3.908397e-11
1.437648e-11
-5.222506e-14
-2.69579e-11
-4.178193e-14
-5.110397e-15
-3.261519e-11
-6.274099e-13
-3.173476e-15
-3.696589e-11
1.707095e-13
7.516962e-15
-3.018687e-11
3.744424e-13
3.337144e-15
-2.983145e-11
-1.938628e-13
-2.82718e-15
-3.45269e-11
-1.629958e-14
6.784955e-17
-2.87757e-11
-9.771361e-14
-8.629294e-16
-2.646824e-11
-4.36791e-14
4.821401e-16
-2.035459e-11
-1.212612e-14
2.65047e-16
-1.288233e-11
1.931493e-14
1.094764e-16
3.387211e-11
6.798507e-15
-1.172406e-11
2.269037e-11
4.150135e-14
-1.662683e-11
2.441139e-11
1.649627e-14
-2.141666e-11
2.193777e-11
4.151603e-14
-2.619398e-11
2.531685e-11
5.414133e-14
-3.95146e-11
-3.53103e-13
8.654057e-15
-3.077956e-11
-1.923619e-13
-4.292097e-15
-3.460026e-11
3.274428e-13
4.375212e-16
-3.094338e-11
-7.618889e-14
7.5204e-16
-3.140942e-11
-5.711611e-13
-7.339962e-16
-3.367645e-11
-2.63159e-15
4.265273e-16
-2.936208e-11
-3.431478e-14
-2.10647e-16
-2.567533e-11
5.199868e-14
-1.583547e-17
-2.036868e-11
-2.275572e-14
-3.722499e-16
-1.329765e-11
-3.382591e-14
2.308327e-16
2.325254e-11
1.458514e-14
-9.118847e-12
1.71479e-11
1.626471e-15
-1.448943e-11
1.908227e-11
4.530825e-14
-2.333628e-11
1.548128e-11
3.651396e-15
-2.412422e-11
2.017417e-11
7.580482e-14
-3.841564e-11
2.818737e-13
4.492028e-15
-3.47099e-11
-7.955e-13
-3.966236e-15
-3.974387e-11
-9.225325e-14
5.280296e-15
-3.295831e-11
-2.42231e-13
5.864512e-16
-3.334473e-11
-1.461053e-13
3.233973e-15
-3.264078e-11
-1.057677e-14
-3.908847e-16
-3.01164e-11
-4.598217e-14
-2.033883e-17
-2.560694e-11
1.191383e-16
-9.914705e-17
-2.024749e-11
9.693983e-15
4.261572e-16
-1.307107e-11
2.411017e-14
-3.266255e-16
1.479623e-11
5.037604e-14
-7.698744e-12
1.198701e-11
4.142847e-15
-1.313341e-11
1.206393e-11
-4.839262e-15
-1.782542e-11
8.667231e-12
5.90611e-14
-2.236957e-11
1.079037e-11
-1.883685e-14
-2.89082e-11
2.954695e-13
-3.80118e-15
-3.439222e-11
-1.003747e-13
-3.60473e-16
-3.626676e-11
5.134977e-13
3.736457e-15
-3.223707e-11
1.543516e-13
-1.081599e-15
-3.278224e-11
-2.462842e-13
-2.933478e-15
-3.312593e-11
-4.021182e-14
-1.763842e-17
-3.012556e-11
2.861807e-14
6.734005e-16
-2.555734e-11
-2.335494e-14
-1.196639e-16
-2.09624e-11
3.239027e-14
3.711947e-16
-1.330814e-11
-2.900465e-15
-5.872745e-17
7.110551e-12
5.12506e-14
-7.202989e-12
6.445231e-12
4.938515e-14
-1.376476e-11
6.892875e-12
1.251877e-14
-2.019859e-11
6.56866e-12
-2.211403e-14
-2.598405e-11
9.805501e-12
5.194165e-14
-3.577746e-11
-1.665049e-13
1.838835e-15
-3.354847e-11
2.453874e-13
1.949995e-15
-3.294808e-11
3.472571e-13
1.334892e-16
-3.14517e-11
-8.688238e-14
1.22313e-15
-3.298493e-11
1.227735e-13
-1.372029e-16
-3.271133e-11
2.737514e-14
-7.695989e-17
-2.943777e-11
6.513186e-14
1.989645e-16
-2.513189e-11
-1.446641e-14
-1.151802e-16
-2.057477e-11
3.88714e-14
3.579463e-16
-1.31735e-11
5.960914e-14
5.38562e-16
3.41424e-14
-6.992428e-12
-2.885626e-14
-1.224984e-11
-4.644555e-15
-1.674701e-11
7.234253e-14
-2.234756e-11
5.819015e-14
-3.55035e-11
2.291561e-15
-3.644908e-11
5.347745e-15
-2.670083e-11
-4.166548e-15
-3.125216e-11
4.942851e-15
-3.175548e-11
-6.83811e-12
1.948784e-14
-7.302083e-12
-5.940412e-12
3.535842e-14
-1.365156e-11
-6.417324e-12
-3.26349e-14
-1.609759e-11
-5.101418e-12
-3.389247e-15
-1.791149e-11
-5.122754e-12
7.677573e-14
-3.472869e-11
3.15344e-13
1.213019e-15
-3.096767e-11
3.554407e-13
5.13518e-15
-2.690141e-11
-1.260026e-12
-1.086871e-14
-3.763002e-11
-1.876738e-13
5.775896e-15
-3.28431e-11
2.288242e-13
7.033192e-15
-2.995941e-11
-1.426089e-11
-4.389293e-15
-8.885778e-12
-1.181757e-11
2.532814e-14
-1.525405e-11
-1.220776e-11
3.696839e-14
-2.214027e-11
-7.962844e-12
-2.346543e-14
-2.618848e-11
-1.048971e-11
1.971e-14
-3.842974e-11
8.383938e-14
1.380557e-15
-3.018054e-11
4.170934e-13
3.900555e-15
-2.82562e-11
-3.843462e-13
-4.876237e-15
-3.347674e-11
5.099509e-13
-6.443355e-16
-3.080826e-11
4.649689e-13
4.841627e-15
-3.052401e-11
-8.990988e-14
-5.743898e-16
-2.84476e-11
-2.286756e-11
2.134899e-14
-1.151582e-11
-1.785286e-11
-6.642924e-15
-1.416481e-11
-1.868893e-11
4.052078e-14
-2.109105e-11
-1.603804e-11
4.488196e-14
-2.826463e-11
-2.177408e-11
-4.352075e-14
-3.167659e-11
-9.211337e-14
-6.760373e-16
-3.599277e-11
-3.747608e-13
-3.33626e-15
-3.683646e-11
1.628095e-14
7.047289e-15
-2.967679e-11
8.419994e-14
-2.757135e-15
-3.089924e-11
3.683072e-13
1.632175e-15
-3.015652e-11
3.383331e-15
1.733966e-16
-2.756165e-11
4.843207e-15
-4.728706e-16
-2.493142e-11
-3.378875e-11
1.159596e-14
-2.510064e-11
-2.220881e-11
1.885172e-14
-3.269042e-11
-2.393103e-11
-1.27578e-14
-3.444794e-11
-2.141204e-11
5.313161e-14
-3.301088e-11
-2.577841e-11
-3.120962e-14
-3.199369e-11
-2.903185e-13
-4.725334e-15
-4.011246e-11
3.274845e-13
7.785639e-15
-3.269119e-11
3.581667e-13
-1.399241e-15
-3.427156e-11
-7.938835e-13
-5.380665e-15
-3.478336e-11
-4.132711e-13
-3.077063e-15
-3.207326e-11
2.668107e-14
9.542935e-16
-2.780573e-11
1.686707e-14
3.412437e-16
-2.366718e-11
1.256911e-14
-4.414245e-16
-1.999077e-11
3.609242e-11
-1.681298e-11
6.986408e-11
-3.308146e-11
8.784166e-11
-4.324831e-11
9.635034e-11
-4.974545e-11
9.895438e-11
-5.488212e-11
9.667965e-11
-6.376256e-11
8.99065e-11
-7.76534e-11
7.833774e-11
-9.790074e-11
6.090791e-11
-1.289825e-10
3.447144e-11
-1.828147e-10
-5.915669e-11
5.43476e-14
-1.251603e-10
-2.887265e-11
1.722102e-14
-9.340582e-11
-2.886538e-11
1.694691e-14
-6.795183e-11
-2.010464e-11
5.643277e-15
-5.090991e-11
-2.367324e-11
2.560248e-14
-3.111762e-11
1.858393e-13
-3.200426e-16
-3.135166e-11
8.419114e-13
-3.500238e-17
-2.964617e-11
3.403801e-13
7.779952e-16
-3.118724e-11
3.603132e-13
4.731465e-17
-3.185733e-11
8.017625e-13
7.671828e-16
-3.174193e-11
7.870662e-14
5.32933e-17
-2.79558e-11
1.884721e-14
-2.79202e-17
-2.432045e-11
2.493288e-15
-7.086364e-17
-1.93407e-11
2.311029e-14
-4.188167e-16
-1.234763e-11
-1.531717e-11
7.357763e-11
-3.283231e-12
-1.261754e-11
1.607774e-10
-1.616391e-11
-6.16547e-12
2.119644e-10
-2.796016e-11
-2.575491e-12
2.384751e-10
-3.636323e-11
-2.721635e-12
2.477775e-10
-4.650932e-11
-6.186007e-12
2.425348e-10
-5.736579e-11
-1.032109e-11
2.239945e-10
-6.893207e-11
-1.756172e-11
1.918141e-10
-8.064509e-11
-2.907707e-11
1.436238e-10
-8.688144e-11
-5.062536e-11
7.452406e-11
-6.508756e-11
-2.938605e-12
1.01906e-13
-5.505505e-11
2.109468e-12
1.692018e-14
-4.879274e-11
-3.191327e-12
1.960686e-14
-4.404013e-11
-4.310235e-12
1.269281e-14
-3.938669e-11
-2.580174e-13
2.053401e-14
-3.065061e-11
2.948546e-13
-4.357863e-16
-3.062485e-11
1.888758e-13
-2.361461e-16
-3.200127e-11
2.455249e-13
1.511766e-15
-3.109938e-11
2.459659e-13
9.313996e-17
-3.149928e-11
2.361706e-13
8.515487e-16
-3.183467e-11
2.795164e-14
-9.381829e-18
-2.822047e-11
3.639437e-14
-3.393662e-17
-2.43017e-11
2.655914e-14
-1.058106e-16
-1.94228e-11
1.625594e-14
2.163556e-17
-1.226573e-11
4.187204e-14
-8.113417e-17
-1.741751e-11
9.729565e-11
-7.312838e-13
-2.058328e-11
2.227929e-10
-2.032518e-12
-1.135578e-11
2.994061e-10
-7.248864e-12
-4.029375e-12
3.418549e-10
-1.822758e-11
-6.793502e-12
3.57462e-10
-2.778581e-11
-1.067815e-11
3.504928e-10
-3.684206e-11
-1.557699e-11
3.227807e-10
-4.365579e-11
-2.27165e-11
2.740767e-10
-4.688742e-11
-3.123979e-11
2.019874e-10
-4.291107e-11
-2.625104e-11
1.014729e-10
-3.035598e-11
8.345087e-12
1.33488e-13
-3.116201e-11
6.730302e-12
2.007295e-14
-3.313877e-11
3.376702e-12
1.133387e-14
-2.91878e-11
1.814855e-12
3.68399e-14
-3.194113e-11
7.461281e-12
1.867674e-14
-2.913689e-11
1.570975e-13
1.25925e-16
-2.939469e-11
1.702524e-13
1.041262e-15
-3.024679e-11
1.958603e-13
6.897953e-17
-3.11515e-11
1.508487e-13
1.008263e-15
-3.027783e-11
7.911427e-14
-9.407633e-16
-3.184084e-11
1.193651e-14
9.768862e-17
-2.809515e-11
1.59368e-14
-5.679019e-17
-2.421623e-11
1.718141e-14
-5.711536e-18
-1.93555e-11
2.376502e-14
-5.339563e-17
-1.231836e-11
2.941364e-15
1.437531e-17
-1.742645e-11
1.125735e-10
4.590004e-12
-1.753494e-11
2.631461e-10
6.508137e-12
-8.574204e-12
3.582304e-10
1.766133e-12
-6.916959e-12
4.121495e-10
-6.22561e-12
-7.769776e-12
4.327331e-10
-1.445121e-11
-1.033632e-11
4.24842e-10
-2.121667e-11
-1.386726e-11
3.908177e-10
-2.626503e-11
-1.790269e-11
3.30461e-10
-2.690448e-11
-2.072305e-11
2.414916e-10
-2.312028e-11
-1.158156e-11
1.195235e-10
-1.809059e-11
7.287677e-12
1.534848e-13
-2.219799e-11
5.601857e-12
1.926439e-14
-2.553663e-11
4.176566e-12
2.300307e-14
-2.685974e-11
4.236357e-12
1.59041e-14
-2.873127e-11
7.26806e-12
2.42635e-14
-3.428142e-11
-8.933909e-15
2.695499e-15
-3.009013e-11
-2.368211e-13
-3.892979e-15
-3.317244e-11
-6.23492e-14
2.588346e-15
-3.133461e-11
6.667526e-14
8.299729e-16
-3.154818e-11
-5.911376e-13
-4.786937e-15
-3.324937e-11
1.312919e-14
7.048e-16
-2.798151e-11
-1.332568e-14
-1.445377e-16
-2.445746e-11
1.034366e-14
2.841014e-16
-1.935101e-11
8.465435e-15
-1.293026e-16
-1.236237e-11
-3.016933e-14
-4.36941e-16
-1.059112e-11
1.213685e-10
6.894051e-12
-1.043979e-11
2.860483e-10
1.086144e-11
-4.615592e-12
3.919017e-10
6.610318e-12
-5.001984e-12
4.526234e-10
-1.060518e-12
-5.951222e-12
4.762395e-10
-8.383201e-12
-6.453835e-12
4.680226e-10
-1.457344e-11
-8.028447e-12
4.304465e-10
-1.819899e-11
-9.925177e-12
3.63453e-10
-1.888407e-11
-9.746569e-12
2.647668e-10
-1.672695e-11
-3.829744e-12
1.301897e-10
-1.710438e-11
3.604469e-12
1.681575e-13
-2.052805e-11
3.08304e-12
2.239087e-14
-2.353907e-11
2.676455e-12
1.583598e-14
-2.577821e-11
6.275247e-13
1.933523e-14
-2.473172e-11
-8.905906e-13
-1.766575e-15
-2.80997e-11
1.428307e-13
2.773864e-16
-3.053727e-11
6.105845e-15
-5.968884e-16
-3.0729e-11
7.539932e-14
-8.058354e-16
-3.203089e-11
-9.412703e-14
8.966305e-18
-3.146243e-11
7.303558e-16
3.329354e-16
-3.186997e-11
2.71274e-14
-2.735e-16
-2.834865e-11
6.140041e-15
5.752916e-16
-2.407865e-11
2.3595e-14
-2.092062e-17
-1.937666e-11
5.898355e-16
7.924871e-17
-1.232102e-11
-7.928431e-15
-2.403226e-16
-3.007921e-13
1.242084e-10
8.359374e-12
8.173634e-14
2.926642e-10
1.35937e-11
1.349253e-12
4.012825e-10
8.572766e-12
-4.6348e-13
4.637873e-10
-3.612207e-13
-1.488635e-12
4.882786e-10
-8.582826e-12
-1.273125e-12
4.800826e-10
-1.471858e-11
-5.92953e-13
4.418332e-10
-1.8759e-11
-5.468636e-13
3.733002e-10
-1.868813e-11
-4.870254e-13
2.72173e-10
-1.623043e-11
-2.012854e-14
1.339778e-10
-1.72577e-11
-1.484246e-13
1.716562e-13
-2.085351e-11
-6.303897e-14
2.240116e-14
-2.374062e-11
-2.321049e-14
2.058554e-14
-2.536905e-11
5.589232e-13
2.191661e-14
-2.920405e-11
-6.874096e-13
3.460655e-14
-2.978123e-11
-2.545731e-13
-2.698627e-15
-3.400798e-11
-8.460851e-15
3.971097e-15
-3.111942e-11
-2.560275e-13
-5.338686e-15
-3.342428e-11
2.197706e-13
3.810013e-15
-3.17256e-11
1.629924e-15
3.823624e-17
-3.22027e-11
-1.572511e-15
1.737088e-16
-2.846865e-11
4.516433e-14
1.245204e-16
-2.422742e-11
-1.458727e-14
-3.656075e-17
-1.959354e-11
-2.506698e-14
-1.7476e-16
-1.25474e-11
-7.631117e-15
2.179705e-16
1.078738e-11
1.206041e-10
5.538788e-12
1.205038e-11
2.821739e-10
8.71434e-12
5.671785e-12
3.847706e-10
4.531808e-12
3.307248e-12
4.434641e-10
-5.958383e-12
3.360416e-12
4.663866e-10
-1.54866e-11
4.297818e-12
4.586459e-10
-2.296656e-11
6.410992e-12
4.22647e-10
-2.697507e-11
8.958006e-12
3.581375e-10
-2.768053e-11
9.337943e-12
2.623257e-10
-2.292077e-11
3.105739e-12
1.301631e-10
-1.912646e-11
-4.091101e-12
1.69934e-13
-2.213967e-11
-3.297814e-12
2.014777e-14
-2.551627e-11
-2.707377e-12
2.583774e-14
-2.835366e-11
-6.948603e-13
2.105881e-14
-3.054011e-11
-1.772887e-12
3.915118e-14
-3.359914e-11
-6.713392e-15
8.592958e-16
-3.179719e-11
2.619895e-13
1.308056e-15
-2.980902e-11
-2.31056e-14
3.929703e-16
-3.077488e-11
3.291859e-13
4.545773e-16
-3.116836e-11
1.029521e-13
1.170733e-15
-3.199061e-11
7.489841e-15
-1.790651e-16
-2.85362e-11
-2.86206e-15
6.868981e-17
-2.450589e-11
-1.905541e-15
-3.310081e-18
-1.955113e-11
-8.561736e-15
4.67374e-17
-1.257437e-11
1.22788e-14
5.369414e-17
1.927199e-11
1.091538e-10
-1.146907e-12
2.209747e-11
2.504778e-10
-2.917375e-12
9.913845e-12
3.377115e-10
-8.573816e-12
3.509522e-12
3.862832e-10
-1.938996e-11
5.985924e-12
4.050075e-10
-2.994298e-11
9.152966e-12
3.982602e-10
-3.899091e-11
1.278895e-11
3.679062e-10
-4.523926e-11
1.747605e-11
3.134474e-10
-4.786801e-11
2.066335e-11
2.31851e-10
-4.341634e-11
1.040796e-11
1.169811e-10
-2.998135e-11
-7.83499e-12
1.535623e-13
-3.074858e-11
-5.914323e-12
2.832246e-14
-3.422203e-11
-4.61451e-12
1.684973e-14
-3.196915e-11
-2.801463e-12
2.821538e-14
-3.349638e-11
-6.574388e-12
8.247481e-16
-2.924728e-11
1.634637e-13
-5.568027e-16
-3.019312e-11
5.482844e-14
3.336127e-16
-3.05132e-11
-7.388827e-14
-6.214589e-16
-3.160467e-11
-2.713302e-13
-1.456284e-15
-3.225824e-11
-1.003422e-13
4.061571e-17
-3.240495e-11
-1.181746e-14
1.074457e-16
-2.852567e-11
-2.539546e-15
-1.675492e-18
-2.462164e-11
-1.688049e-14
4.928243e-18
-1.985796e-11
-6.459269e-14
-4.104576e-16
-1.288383e-11
-2.572704e-14
3.109151e-16
2.077922e-11
8.649551e-11
-3.900458e-12
2.674354e-11
1.895275e-10
-1.934764e-11
1.26569e-11
2.509783e-10
-3.227001e-11
1.620067e-12
2.830136e-10
-3.967987e-11
5.543676e-12
2.951229e-10
-4.90424e-11
1.032208e-11
2.901417e-10
-6.051833e-11
1.580772e-11
2.692112e-10
-7.267139e-11
2.313685e-11
2.315831e-10
-8.319966e-11
3.115456e-11
1.742989e-10
-8.847962e-11
2.636011e-11
9.098448e-11
-6.577048e-11
-8.866371e-12
1.222165e-13
-5.48467e-11
-7.266504e-12
2.409156e-14
-4.907508e-11
-4.086005e-12
3.126e-14
-4.39126e-11
-2.94723e-12
1.420156e-16
-3.426804e-11
-2.129302e-12
4.957157e-14
-3.155084e-11
-3.336927e-13
1.953886e-15
-3.220174e-11
-1.727636e-13
1.082604e-15
-3.018722e-11
-2.557564e-13
5.428032e-16
-3.131055e-11
-1.051725e-13
2.723891e-16
-3.196165e-11
-1.149159e-13
-1.177814e-15
-3.266319e-11
-5.650394e-16
1.423323e-16
-2.868188e-11
-2.343567e-14
-1.509257e-16
-2.486423e-11
-3.607846e-14
-1.114008e-16
-2.004912e-11
-1.670978e-14
-6.085812e-17
-1.283247e-11
8.321987e-15
8.946542e-17
1.856288e-11
4.464089e-11
-2.027637e-11
1.684491e-11
8.645909e-11
-3.982363e-11
6.419992e-12
1.093656e-10
-4.857993e-11
1.108302e-12
1.199588e-10
-5.090705e-11
3.485477e-12
1.239683e-10
-5.674425e-11
6.246747e-12
1.218404e-10
-6.617519e-11
1.072989e-11
1.13978e-10
-7.987656e-11
1.831579e-11
9.996822e-11
-1.011813e-10
3.04185e-11
7.822095e-11
-1.336998e-10
5.062705e-11
4.455204e-11
-1.837294e-10
2.526464e-12
7.400579e-14
-1.286184e-10
-3.060414e-12
2.276915e-14
-9.55997e-11
3.358597e-12
3.146314e-14
-6.975998e-11
4.060301e-12
2.216705e-14
-5.008361e-11
-1.847604e-13
1.795464e-14
-3.539247e-11
-3.062584e-13
-7.525816e-16
-3.423672e-11
-1.683963e-13
2.521798e-15
-3.049124e-11
-7.286549e-13
-1.958732e-15
-3.34683e-11
-4.876519e-13
1.24382e-16
-3.420539e-11
-3.42127e-13
3.558504e-15
-3.278667e-11
-1.540995e-14
9.271408e-17
-2.905751e-11
-2.94841e-14
-1.593855e-17
-2.492874e-11
-4.498209e-14
-2.207197e-16
-2.024586e-11
-2.885037e-14
1.213457e-16
-1.295251e-11
-5.510064e-14
-4.488772e-16
5.847758e-11
1.230275e-14
-2.466611e-11
3.034734e-11
3.600973e-14
-3.316894e-11
2.908454e-11
2.657916e-14
-3.769913e-11
2.412943e-11
3.100986e-14
-4.080325e-11
2.279661e-11
4.902791e-14
-3.804204e-11
3.13581e-13
8.768622e-15
-2.761833e-11
-1.64189e-15
-5.001273e-15
-3.234046e-11
-7.128175e-13
-3.576936e-15
-3.60715e-11
9.932475e-14
6.100729e-15
-3.084278e-11
3.384929e-13
3.194407e-15
-3.12246e-11
-1.576754e-14
-3.662295e-16
-3.061957e-11
-2.420361e-14
1.26466e-16
-2.50007e-11
-1.007842e-13
-8.470121e-16
-2.114629e-11
-4.776991e-14
4.784589e-16
-1.312105e-11
-1.334907e-14
2.691964e-16
3.492636e-11
1.957889e-14
-1.176469e-11
2.169942e-11
4.61248e-15
-1.63363e-11
2.511806e-11
4.492366e-14
-2.291212e-11
2.012495e-11
8.640256e-15
-2.611342e-11
2.41629e-11
8.075635e-14
-3.040861e-11
-2.533103e-13
-3.62313e-15
-3.915717e-11
-3.013369e-13
9.083974e-15
-3.143057e-11
-1.616005e-13
-5.149232e-15
-3.446212e-11
3.912806e-13
7.217223e-16
-3.260966e-11
-1.742607e-13
1.409226e-15
-3.250923e-11
-5.853833e-14
-6.926128e-17
-2.990204e-11
3.55957e-15
4.241166e-16
-2.542621e-11
-3.044327e-14
-2.132441e-16
-2.066816e-11
5.12173e-14
-1.939933e-17
-1.316485e-11
-2.396332e-14
-3.952219e-16
2.34241e-11
4.427335e-14
-8.708099e-12
1.803527e-11
1.352536e-14
-1.52632e-11
1.907221e-11
1.688176e-15
-2.164449e-11
1.647344e-11
6.617598e-14
-3.139855e-11
2.328901e-11
5.681702e-14
-3.640089e-11
-3.37197e-13
-2.983212e-15
-3.805584e-11
2.841564e-13
4.905785e-15
-3.431625e-11
-8.217531e-13
-2.9276e-15
-3.717559e-11
1.963201e-14
4.857021e-15
-3.29207e-11
-2.242901e-13
1.240034e-15
-3.31727e-11
4.770686e-15
2.707125e-16
-2.917275e-11
-1.279186e-14
-3.481332e-16
-2.600919e-11
-4.847288e-14
-1.374573e-17
-2.064858e-11
-2.842892e-15
-1.332372e-16
-1.313857e-11
9.617967e-15
4.442282e-16
1.44161e-11
5.06873e-14
-7.392326e-12
1.27729e-11
4.901859e-14
-1.410503e-11
1.285509e-11
7.501034e-15
-1.914152e-11
9.914787e-12
-1.081135e-14
-2.138368e-11
1.619304e-11
4.560364e-14
-2.904855e-11
3.762457e-13
1.10377e-15
-2.996653e-11
2.90964e-13
-2.956553e-15
-3.384939e-11
-1.64707e-13
-1.340685e-15
-3.541944e-11
5.015007e-13
5.275776e-15
-3.242866e-11
-1.04205e-13
-2.274538e-15
-3.264335e-11
-2.503059e-14
-3.414082e-16
-2.960094e-11
-4.275804e-14
6.629381e-18
-2.60238e-11
2.833568e-14
6.812238e-16
-2.064028e-11
-2.606417e-14
-1.117483e-16
-1.350975e-11
3.479824e-14
3.861165e-16
7.012197e-12
5.435091e-15
-6.984209e-12
6.473591e-12
5.168185e-14
-1.376637e-11
6.654855e-12
5.369281e-14
-2.043903e-11
6.481127e-12
6.920301e-15
-2.680327e-11
9.874511e-12
2.451119e-14
-3.601997e-11
-4.436379e-13
-3.690407e-15
-3.533137e-11
-1.705879e-13
1.918738e-15
-3.364984e-11
2.20714e-13
1.066702e-15
-3.284831e-11
4.788426e-13
2.523623e-16
-3.253809e-11
-9.207361e-14
8.164706e-16
-3.31734e-11
2.118571e-14
8.774359e-17
-2.928999e-11
2.396841e-14
-5.656516e-17
-2.557841e-11
6.512635e-14
1.911615e-16
-2.037394e-11
-1.46268e-14
-1.25771e-16
-1.333604e-11
4.022986e-14
3.77377e-16
1.757531e-14
-7.015044e-12
3.542279e-14
-1.328354e-11
-2.966312e-14
-1.871301e-11
-2.098637e-14
-2.189266e-11
4.011327e-14
-2.766135e-11
-6.923679e-15
-3.523221e-11
2.89776e-15
-3.540809e-11
4.912148e-15
-2.84981e-11
-3.38298e-15
-3.195522e-11
4.697276e-15
-3.153177e-11
-7.022917e-12
4.799246e-15
-7.471914e-12
-6.082237e-12
1.805721e-14
-1.321682e-11
-6.239416e-12
3.603639e-14
-2.001321e-11
-6.410876e-12
-4.531803e-14
-1.800725e-11
-9.888995e-12
-9.524095e-15
-1.798245e-11
-3.376563e-13
-7.45463e-15
-3.478377e-11
2.942745e-13
2.022435e-15
-3.104288e-11
4.11825e-13
4.748952e-15
-2.76792e-11
-1.294473e-12
-1.164568e-14
-3.62974e-11
-1.044793e-13
6.757461e-15
-3.234881e-11
1.374984e-14
6.845128e-16
-2.675774e-11
-1.365213e-11
1.240111e-14
-9.53328e-12
-1.189981e-11
-3.900331e-15
-1.504779e-11
-1.264968e-11
2.735601e-14
-2.150194e-11
-1.142807e-11
3.967656e-14
-2.721122e-11
-1.134013e-11
-3.242173e-16
-3.729999e-11
-6.629058e-13
2.596433e-16
-3.772102e-11
1.688113e-13
9.966508e-16
-3.091055e-11
3.540132e-13
3.349356e-15
-2.968757e-11
-6.003086e-13
-4.793127e-15
-3.321766e-11
5.700942e-13
-5.599451e-16
-3.15331e-11
3.848825e-14
4.792556e-16
-2.734916e-11
-9.0413e-14
-5.588289e-16
-2.447399e-11
-2.322639e-11
1.44696e-14
-1.079108e-11
-1.786938e-11
2.428474e-14
-1.618524e-11
-1.990627e-11
-1.639388e-14
-1.82988e-11
-1.674567e-11
5.238362e-14
-2.627095e-11
-1.820019e-11
3.216112e-14
-3.718888e-11
-4.476742e-14
2.208894e-15
-3.155753e-11
3.090933e-15
-9.066702e-17
-3.478531e-11
-3.015375e-13
-4.124348e-15
-3.512893e-11
-9.184579e-14
6.38228e-15
-3.077731e-11
1.551076e-13
-2.272952e-15
-3.186209e-11
3.880031e-14
2.514951e-16
-2.702083e-11
6.105995e-15
1.707901e-16
-2.388735e-11
3.869763e-15
-4.748793e-16
-1.989242e-11
-3.390454e-11
1.303765e-14
-2.539244e-11
-2.173196e-11
9.182807e-15
-3.244515e-11
-2.450325e-11
1.557918e-14
-3.736159e-11
-2.071426e-11
-1.264825e-14
-3.417461e-11
-2.213681e-11
6.113684e-14
-3.532142e-11
3.231418e-13
-7.575248e-16
-3.207618e-11
-3.746911e-13
-6.063856e-15
-3.823121e-11
2.107531e-13
7.251019e-15
-3.276698e-11
2.033993e-13
-6.103698e-16
-3.432121e-11
-5.35657e-13
-6.011521e-15
-3.396176e-11
-4.529853e-14
-1.071185e-16
-2.8696e-11
1.706066e-14
9.305626e-16
-2.416331e-11
1.517804e-14
3.549483e-16
-1.910198e-11
1.4995e-14
-4.289874e-16
-1.269506e-11
3.705091e-11
-1.726448e-11
7.166841e-11
-3.218622e-11
9.00199e-11
-4.161088e-11
9.884079e-11
-4.808475e-11
1.017154e-10
-5.524155e-11
9.947638e-11
-6.38961e-11
9.253645e-11
-7.678085e-11
8.073176e-11
-9.774778e-11
6.279543e-11
-1.291025e-10
3.555166e-11
-1.808781e-10
-5.961224e-11
5.923649e-14
-1.260566e-10
-2.961175e-11
1.895757e-14
-9.350649e-11
-2.861883e-11
1.617653e-14
-6.810114e-11
-2.149985e-11
1.907542e-14
-5.099618e-11
-1.488058e-11
1.99142e-15
-3.669532e-11
1.620092e-13
-2.470741e-17
-3.110672e-11
1.166685e-13
-2.102345e-16
-3.135524e-11
8.528752e-13
-2.748389e-16
-3.043255e-11
3.806466e-13
9.566108e-16
-3.158637e-11
4.734481e-13
6.361978e-17
-3.22298e-11
8.830133e-14
6.987997e-17
-2.820662e-11
9.752354e-14
5.717206e-17
-2.415493e-11
2.590911e-14
-2.769184e-17
-1.952447e-11
5.564806e-15
-7.288693e-17
-1.240333e-11
2.280459e-14
-4.401489e-16
-1.660943e-11
7.545513e-11
-3.56683e-12
-1.273727e-11
1.64887e-10
-1.618749e-11
-5.665039e-12
2.172993e-10
-2.734515e-11
-2.741206e-12
2.447106e-10
-3.553815e-11
-3.701181e-12
2.544575e-10
-4.61361e-11
-6.157133e-12
2.493061e-10
-5.781259e-11
-1.036905e-11
2.304355e-10
-6.904615e-11
-1.760503e-11
1.974391e-10
-7.974774e-11
-2.919717e-11
1.480121e-10
-8.719107e-11
-5.047745e-11
7.683455e-11
-6.498805e-11
-2.685602e-12
1.031537e-13
-5.39438e-11
2.123863e-12
2.144078e-14
-5.047624e-11
-3.490557e-12
1.774864e-14
-4.202585e-11
-2.954327e-12
2.428021e-14
-3.943762e-11
-8.310455e-13
1.717488e-14
-3.144864e-11
2.311759e-13
1.007504e-15
-3.080577e-11
2.85137e-13
-3.076153e-16
-3.101472e-11
2.064397e-13
-3.12552e-16
-3.21836e-11
3.352779e-13
9.619729e-16
-3.159755e-11
2.891495e-13
5.941867e-16
-3.19707e-11
1.717733e-14
7.911776e-17
-2.829168e-11
3.000348e-14
-1.309444e-17
-2.436051e-11
3.682679e-14
-2.804667e-17
-1.950683e-11
2.766456e-14
-1.116074e-16
-1.245415e-11
1.605848e-14
1.818964e-17
-1.941024e-11
9.963961e-11
-1.043994e-12
-2.225907e-11
2.28343e-10
-2.449424e-12
-1.124325e-11
3.070078e-10
-7.319879e-12
-5.23321e-12
3.506437e-10
-1.772394e-11
-7.591039e-12
3.668853e-10
-2.781851e-11
-1.100139e-11
3.599706e-10
-3.657494e-11
-1.58855e-11
3.317863e-10
-4.382352e-11
-2.266544e-11
2.819459e-10
-4.678735e-11
-3.128311e-11
2.079108e-10
-4.230879e-11
-2.664611e-11
1.045974e-10
-3.096897e-11
8.203609e-12
1.360538e-13
-3.115677e-11
6.882476e-12
2.144143e-14
-3.245768e-11
3.812667e-12
1.928517e-14
-3.285403e-11
-7.717567e-14
-6.472068e-15
-2.505057e-11
3.397606e-12
1.978927e-14
-2.846916e-11
2.374408e-13
1.560586e-15
-2.967742e-11
2.069743e-13
-3.397345e-18
-3.000413e-11
1.844061e-13
1.141565e-15
-3.073129e-11
2.234194e-13
1.701118e-16
-3.164473e-11
8.680337e-14
7.574222e-16
-3.128897e-11
9.190976e-15
-8.439531e-17
-2.829033e-11
1.302783e-14
8.870055e-17
-2.425807e-11
1.616521e-14
-6.594094e-17
-1.946115e-11
1.695992e-14
-4.799082e-18
-1.241933e-11
2.444654e-14
-5.504543e-17
-1.784305e-11
1.152103e-10
4.143998e-12
-2.045049e-11
2.695069e-10
7.657226e-12
-9.020197e-12
3.670817e-10
1.969767e-12
-7.066826e-12
4.225581e-10
-6.582429e-12
-8.781159e-12
4.438614e-10
-1.451702e-11
-1.054723e-11
4.360579e-10
-2.155156e-11
-1.400397e-11
4.013934e-10
-2.580175e-11
-1.841265e-11
3.396859e-10
-2.700665e-11
-2.0619e-11
2.484448e-10
-2.301533e-11
-1.112251e-11
1.230197e-10
-1.931225e-11
7.047523e-12
1.592124e-13
-2.142784e-11
5.781564e-12
1.909589e-14
-2.491206e-11
4.053912e-12
1.703481e-14
-2.695709e-11
5.874638e-13
1.185913e-14
-2.691311e-11
3.281681e-12
1.75099e-14
-3.306511e-11
-1.662472e-13
-1.848473e-15
-3.39055e-11
1.941423e-14
3.163899e-15
-3.043332e-11
-2.678936e-13
-3.350268e-15
-3.269235e-11
-3.867786e-14
1.939425e-15
-3.172248e-11
8.53219e-14
4.862753e-16
-3.188058e-11
-6.421633e-14
-5.692066e-16
-2.94644e-11
1.088799e-14
7.891772e-16
-2.417687e-11
-1.397368e-14
-1.523659e-16
-1.962744e-11
1.196945e-14
2.941816e-16
-1.242481e-11
9.077972e-15
-1.337039e-16
-1.001216e-11
1.241354e-10
6.63446e-12
-1.191099e-11
2.927943e-10
1.165515e-11
-4.818575e-12
4.012857e-10
7.561253e-12
-4.414085e-12
4.63755e-10
-5.799837e-13
-6.031827e-12
4.882393e-10
-8.513604e-12
-7.075726e-12
4.800542e-10
-1.459614e-11
-8.130227e-12
4.418149e-10
-1.839123e-11
-9.977843e-12
3.732908e-10
-1.860113e-11
-1.045434e-11
2.72166e-10
-1.633429e-11
-3.502869e-12
1.339747e-10
-1.701648e-11
3.674995e-12
1.714859e-13
-2.081355e-11
2.770694e-12
2.21466e-14
-2.336493e-11
2.636217e-12
2.323013e-14
-2.626301e-11
1.52e-12
1.282592e-14
-2.685907e-11
5.732179e-12
8.079421e-15
-3.126515e-11
2.325134e-13
8.268811e-16
-2.872911e-11
1.685828e-13
5.336909e-16
-3.094524e-11
-3.758608e-14
-1.095633e-15
-3.127226e-11
7.63962e-14
-5.847338e-16
-3.229328e-11
-1.285526e-13
1.07518e-16
-3.168355e-11
-3.029327e-15
5.311409e-17
-2.830974e-11
3.219603e-14
-3.108169e-16
-2.448293e-11
6.421754e-15
6.033142e-16
-1.937843e-11
2.446253e-14
-1.58635e-17
-1.245153e-11
-2.24743e-16
7.430239e-17
-1.769511e-13
1.269323e-10
7.84239e-12
-3.579286e-13
2.993915e-10
1.352577e-11
7.316615e-13
4.106385e-10
9.097965e-12
2.061924e-13
4.748681e-10
5.804227e-13
-9.120494e-13
5.002807e-10
-8.087908e-12
-1.37712e-12
4.921856e-10
-1.499898e-11
-1.119363e-12
4.531959e-10
-1.854251e-11
-5.652038e-13
3.831701e-10
-1.910324e-11
-6.574153e-13
2.795397e-10
-1.607745e-11
-5.463091e-13
1.377328e-10
-1.631938e-11
-2.780005e-13
1.781791e-13
-2.09624e-11
-1.320163e-13
2.057148e-14
-2.402593e-11
1.32218e-13
2.301809e-14
-2.664078e-11
-3.384277e-13
1.278731e-14
-2.586975e-11
-6.32827e-13
1.09548e-14
-3.061353e-11
7.527468e-14
1.40244e-15
-3.007886e-11
-2.677055e-13
-3.066843e-15
-3.341558e-11
-9.277265e-17
3.883455e-15
-3.151286e-11
-2.131859e-13
-4.375995e-15
-3.313025e-11
2.240998e-13
3.216865e-15
-3.191972e-11
-7.286647e-16
-4.46713e-17
-2.862011e-11
-5.070666e-16
2.106569e-16
-2.45575e-11
4.796591e-14
1.181795e-16
-1.949589e-11
-1.403505e-14
-3.327214e-17
-1.257635e-11
-2.582275e-14
-1.823758e-16
1.050486e-11
1.232135e-10
5.936194e-12
1.156363e-11
2.88337e-10
9.344508e-12
5.388304e-12
3.935048e-10
4.401442e-12
3.337881e-12
4.537936e-10
-5.629496e-12
3.864491e-12
4.775425e-10
-1.498459e-11
4.879756e-12
4.699385e-10
-2.248448e-11
6.343308e-12
4.333168e-10
-2.717873e-11
8.503903e-12
3.673502e-10
-2.722374e-11
9.456512e-12
2.692746e-10
-2.345316e-11
2.7119e-12
1.336719e-10
-1.872207e-11
-4.115228e-12
1.730186e-13
-2.272972e-11
-3.239147e-12
2.483331e-14
-2.484105e-11
-2.813274e-12
1.80484e-14
-2.737168e-11
-1.422353e-12
3.193225e-14
-2.985591e-11
-6.793917e-12
1.619894e-14
-3.060759e-11
-1.378445e-13
-1.544763e-15
-3.339285e-11
-6.825467e-14
9.431451e-16
-3.177748e-11
2.391207e-13
8.603645e-16
-3.068561e-11
1.197656e-15
7.804655e-16
-3.146434e-11
3.201512e-13
4.127849e-16
-3.183952e-11
1.185564e-14
1.551579e-16
-2.841454e-11
9.128565e-15
-2.010119e-16
-2.463277e-11
-2.177814e-15
8.521737e-17
-1.970408e-11
-2.577748e-15
-1.105239e-17
-1.258029e-11
-8.874385e-15
5.049238e-17
1.940991e-11
1.114266e-10
-1.069567e-12
2.122771e-11
2.558322e-10
-1.050334e-12
9.54864e-12
3.450132e-10
-7.371528e-12
3.514668e-12
3.950523e-10
-1.926271e-11
6.08779e-12
4.144468e-10
-2.935741e-11
9.38611e-12
4.077971e-10
-3.852164e-11
1.328148e-11
3.769899e-10
-4.554754e-11
1.758213e-11
3.213761e-10
-4.764507e-11
2.025637e-11
2.378077e-10
-4.298481e-11
1.063245e-11
1.20092e-10
-3.079822e-11
-7.818533e-12
1.559097e-13
-3.091044e-11
-6.31987e-12
2.356565e-14
-3.170427e-11
-4.394889e-12
3.081767e-14
-3.400848e-11
-3.342251e-12
1.080385e-14
-3.16891e-11
-4.926188e-12
2.866123e-14
-3.107102e-11
4.612252e-14
2.021036e-15
-2.980021e-11
1.485413e-13
-7.047069e-16
-3.070145e-11
1.096617e-13
1.943992e-16
-3.110524e-11
-9.320316e-14
-5.595483e-17
-3.186541e-11
-2.796925e-13
-1.785995e-15
-3.238007e-11
-1.176685e-14
1.908889e-17
-2.878771e-11
-1.289665e-14
9.076452e-17
-2.465845e-11
-2.283959e-15
4.85413e-18
-1.981141e-11
-1.83801e-14
-1.671969e-18
-1.276369e-11
-6.611338e-14
-4.200427e-16
2.135412e-11
8.825133e-11
-4.689909e-12
2.703899e-11
1.934596e-10
-1.807636e-11
1.212094e-11
2.562979e-10
-3.081535e-11
1.57483e-12
2.892514e-10
-3.891636e-11
5.910639e-12
3.018603e-10
-4.884485e-11
1.032935e-11
2.96913e-10
-5.991072e-11
1.585635e-11
2.756672e-10
-7.214521e-11
2.337396e-11
2.373273e-10
-8.356086e-11
3.199684e-11
1.787314e-10
-8.933249e-11
2.576145e-11
9.329688e-11
-6.594663e-11
-8.838015e-12
1.272196e-13
-5.430072e-11
-7.4812e-12
2.174576e-14
-5.044445e-11
-4.128911e-12
2.571204e-14
-4.16756e-11
-2.541282e-12
3.767862e-14
-3.752711e-11
-3.613535e-12
3.983965e-14
-3.107547e-11
-2.537687e-13
-2.244288e-16
-3.167512e-11
-3.17857e-13
2.043855e-15
-3.22618e-11
-1.30251e-13
1.526e-15
-3.095767e-11
-2.513595e-13
-1.668419e-16
-3.183106e-11
-1.021676e-13
2.619908e-16
-3.246923e-11
-1.050725e-14
-1.171075e-16
-2.902919e-11
-1.720937e-15
1.435474e-16
-2.480371e-11
-2.444115e-14
-1.470223e-16
-2.002155e-11
-3.79012e-14
-1.186351e-16
-1.289934e-11
-1.656802e-14
-6.158933e-17
1.952121e-11
4.549533e-11
-2.03717e-11
1.730361e-11
8.822376e-11
-3.922733e-11
5.352537e-12
1.116513e-10
-4.779921e-11
4.902745e-13
1.225461e-10
-5.149311e-11
3.195519e-12
1.267256e-10
-5.686737e-11
6.5147e-12
1.246361e-10
-6.609099e-11
1.0633e-11
1.166284e-10
-7.953794e-11
1.831995e-11
1.023737e-10
-1.007539e-10
3.035455e-11
8.019442e-11
-1.337624e-10
5.205191e-11
4.572118e-11
-1.871243e-10
2.03317e-12
6.953586e-14
-1.271779e-10
-2.679556e-12
2.830253e-14
-9.564353e-11
2.744894e-12
2.316717e-14
-6.935067e-11
6.644523e-12
1.612451e-14
-5.246278e-11
4.366137e-12
6.044555e-14
-3.225775e-11
-2.809326e-13
-2.035165e-16
-3.481836e-11
-2.832064e-13
-7.69981e-16
-3.379539e-11
-3.381311e-13
2.360869e-15
-3.125896e-11
-6.000855e-13
-1.546381e-15
-3.309557e-11
-6.426726e-13
3.00313e-16
-3.34954e-11
-1.73556e-14
3.376173e-16
-2.917681e-11
-1.605299e-14
1.048065e-16
-2.512511e-11
-3.090914e-14
-2.554455e-17
-2.010671e-11
-4.655358e-14
-2.243464e-16
-1.304033e-11
-2.925243e-14
1.263433e-16
5.980771e-11
2.130522e-14
-2.494397e-11
2.920511e-11
1.163771e-14
-3.225951e-11
2.897301e-11
3.658885e-14
-3.716405e-11
2.236556e-11
2.780508e-14
-4.005042e-11
1.996928e-11
9.888771e-14
-3.709333e-11
-6.227231e-13
-2.210909e-15
-3.762181e-11
3.370341e-13
9.341743e-15
-2.864025e-11
-2.884638e-15
-5.544335e-15
-3.259541e-11
-6.151497e-13
-3.376398e-15
-3.571298e-11
-2.372353e-13
4.483205e-15
-3.140916e-11
4.911142e-14
4.61671e-16
-2.813253e-11
-2.970953e-14
-3.836444e-16
-2.637733e-11
-2.984685e-14
1.004554e-16
-2.022205e-11
-1.046388e-13
-8.400172e-16
-1.352554e-11
-5.000509e-14
4.894471e-16
3.500204e-11
3.892507e-14
-1.16394e-11
2.296262e-11
2.145977e-14
-1.680333e-11
2.421627e-11
2.477333e-15
-2.158566e-11
2.298733e-11
5.243763e-14
-2.97189e-11
2.89241e-11
5.257745e-15
-3.180846e-11
7.620638e-14
-2.296555e-15
-3.106829e-11
-2.235113e-13
-3.952446e-15
-3.839155e-11
-3.868286e-13
8.474012e-15
-3.196079e-11
-2.182015e-13
-3.993192e-15
-3.472587e-11
2.244567e-13
-1.732478e-15
-3.31999e-11
-1.278481e-14
1.643661e-16
-2.93137e-11
-5.346764e-14
1.010395e-16
-2.579507e-11
6.347229e-15
4.40381e-16
-2.050176e-11
-2.893684e-14
-2.257426e-16
-1.332253e-11
5.317426e-14
-2.110732e-17
2.302793e-11
4.955426e-14
-8.712877e-12
1.846533e-11
4.307763e-14
-1.450262e-11
1.96341e-11
1.559826e-14
-2.222233e-11
1.525056e-11
9.426534e-15
-2.710535e-11
1.841888e-11
1.490093e-14
-3.427563e-11
-5.211805e-13
3.640747e-17
-3.57688e-11
-3.384872e-13
-2.67774e-15
-3.716078e-11
2.699215e-13
4.892923e-15
-3.391033e-11
-5.417306e-13
-2.808757e-15
-3.613789e-11
-1.066413e-13
5.03766e-15
-3.360222e-11
-4.069657e-15
1.415682e-16
-2.953524e-11
1.077003e-14
2.241986e-16
-2.537217e-11
-1.589056e-14
-3.35669e-16
-2.09227e-11
-5.113893e-14
-3.313834e-18
-1.333955e-11
-4.128534e-15
-1.514375e-16
1.411474e-11
1.242415e-15
-7.05499e-12
1.239344e-11
5.06231e-14
-1.340836e-11
1.313385e-11
5.193321e-14
-2.064659e-11
1.008016e-11
-8.193544e-15
-2.287181e-11
9.805972e-12
-3.549729e-14
-2.13193e-11
2.818999e-13
-3.932902e-15
-3.027585e-11
4.136e-13
2.080665e-15
-3.124093e-11
3.489886e-13
-2.882164e-15
-3.356474e-11
-1.434283e-13
-1.175797e-15
-3.518737e-11
4.135487e-13
4.318847e-15
-3.282725e-11
5.205588e-15
-2.326219e-16
-2.926037e-11
-2.862835e-14
-3.300117e-16
-2.567577e-11
-4.130087e-14
2.454467e-18
-2.095767e-11
2.852331e-14
7.020634e-16
-1.335285e-11
-2.722692e-14
-1.142645e-16
6.831367e-12
2.851952e-14
-6.899645e-12
6.344434e-12
7.363375e-15
-1.329824e-11
6.405696e-12
5.449825e-14
-2.027066e-11
6.011297e-12
4.08526e-14
-2.648761e-11
3.732854e-12
1.601825e-15
-3.115989e-11
-6.553863e-13
-3.470368e-16
-3.58832e-11
-3.898116e-13
-3.506284e-15
-3.475162e-11
-1.434359e-13
1.652192e-15
-3.354277e-11
2.563322e-13
2.194623e-15
-3.306382e-11
4.127796e-13
-1.424193e-16
-3.360557e-11
-2.170825e-14
5.1287e-17
-2.95169e-11
1.955573e-14
5.609359e-17
-2.550292e-11
2.320643e-14
-5.417398e-17
-2.069258e-11
6.689564e-14
1.934328e-16
-1.323716e-11
-1.554686e-14
-1.325519e-16
6.158588e-15
-7.287671e-12
1.759522e-14
-1.328254e-11
3.443073e-14
-1.99331e-11
-3.528891e-14
-2.51867e-11
1.438942e-14
-3.122078e-11
-4.033672e-16
-2.839091e-11
-7.293582e-15
-3.456151e-11
2.686964e-15
-3.428806e-11
4.897168e-15
-3.006259e-11
-3.260817e-15
-3.230685e-11
5.947064e-16
-2.809617e-11
-6.793469e-12
9.963203e-15
-7.196715e-12
-6.153155e-12
2.309305e-15
-1.347356e-11
-6.559478e-12
1.894349e-14
-1.951185e-11
-6.3968e-12
4.073305e-14
-2.582623e-11
-7.784223e-12
-1.917433e-14
-2.102878e-11
6.476551e-13
3.242844e-15
-1.960686e-11
-3.990201e-13
-8.730997e-15
-3.492565e-11
2.754596e-13
2.549831e-15
-3.151981e-11
5.950814e-13
5.596291e-15
-2.960966e-11
-1.094469e-12
-1.172893e-14
-3.476574e-11
-5.436413e-15
6.825201e-16
-2.877158e-11
1.598238e-14
7.216227e-16
-2.325975e-11
-1.43228e-11
1.682176e-14
-9.236237e-12
-1.164441e-11
1.310553e-14
-1.609381e-11
-1.34238e-11
-4.697571e-15
-2.179906e-11
-1.183086e-11
2.491689e-14
-2.686323e-11
-1.275275e-11
4.886411e-15
-3.376707e-11
-7.372e-13
2.974589e-15
-3.652506e-11
-7.929092e-13
4.361944e-17
-3.633301e-11
2.523247e-13
-2.598226e-16
-3.126531e-11
4.227274e-13
3.152433e-15
-3.070153e-11
-5.610848e-13
-3.422852e-15
-3.223282e-11
5.459449e-14
-1.120949e-16
-2.820462e-11
4.049404e-14
5.127633e-16
-2.370665e-11
-9.257775e-14
-5.83937e-16
-1.962082e-11
-2.285333e-11
8.344535e-15
-1.12396e-11
-1.857751e-11
1.162686e-14
-1.421529e-11
-1.859794e-11
1.837096e-14
-2.247353e-11
-1.778398e-11
-1.536037e-14
-2.17656e-11
-2.249436e-11
-1.000572e-14
-2.671393e-11
3.619433e-14
-3.198241e-15
-3.646389e-11
1.113025e-13
2.664688e-15
-3.131524e-11
1.55043e-13
-1.864866e-16
-3.36646e-11
-4.844431e-13
-3.210745e-15
-3.475954e-11
1.511326e-15
5.031462e-15
-3.13367e-11
-1.357297e-15
-3.471199e-16
-2.83381e-11
4.729543e-14
3.252935e-16
-2.350475e-11
5.681122e-15
1.718049e-16
-1.925893e-11
6.382036e-15
-4.908211e-16
-1.267622e-11
-3.445691e-11
2.721496e-14
-2.527235e-11
-2.180681e-11
1.229289e-14
-3.336385e-11
-2.433582e-11
1.66278e-14
-3.702875e-11
-2.148073e-11
1.752031e-14
-3.780932e-11
-3.004632e-11
-8.415918e-14
-1.861824e-11
-5.464713e-15
-7.759111e-15
-3.534605e-11
3.24823e-13
1.876048e-15
-3.224188e-11
-3.940257e-13
-5.986404e-15
-3.637479e-11
6.782941e-14
5.732756e-15
-3.258566e-11
4.175486e-13
-2.722147e-16
-3.43046e-11
-8.076109e-14
-6.127796e-16
-3.003928e-11
-4.576884e-14
-2.120427e-16
-2.4834e-11
1.311962e-14
9.453335e-16
-1.947732e-11
1.546538e-14
3.774607e-16
-1.231624e-11
1.544436e-14
-4.372689e-16
3.803623e-11
-1.79094e-11
7.353156e-11
-3.218877e-11
9.222088e-11
-4.007049e-11
1.013862e-10
-4.696658e-11
1.044561e-10
-5.453553e-11
1.02265e-10
-6.421981e-11
9.521513e-11
-7.701229e-11
8.309074e-11
-9.688054e-11
6.472714e-11
-1.291153e-10
3.663396e-11
-1.808433e-10
-5.909321e-11
5.775687e-14
-1.243659e-10
-3.017369e-11
2.395818e-14
-9.380726e-11
-2.843996e-11
2.242117e-14
-6.870781e-11
-1.956361e-11
1.875749e-14
-5.172654e-11
-2.247214e-11
1.023969e-14
-2.982437e-11
-4.445146e-13
4.41087e-17
-3.606902e-11
1.97722e-13
-1.827183e-16
-3.119397e-11
1.409496e-13
4.380912e-17
-3.154004e-11
8.487684e-13
-1.880034e-16
-3.119025e-11
4.974588e-13
6.815593e-16
-3.208047e-11
3.757317e-14
1.134642e-18
-2.862162e-11
9.655288e-14
7.70138e-17
-2.436501e-11
1.045531e-13
5.392409e-17
-1.943976e-11
3.157393e-14
-2.567208e-17
-1.253099e-11
6.472957e-15
-7.666122e-17
-1.72424e-11
7.732301e-11
-4.385224e-12
-1.416866e-11
1.690265e-10
-1.61876e-11
-5.762045e-12
2.228752e-10
-2.729004e-11
-3.638653e-12
2.510175e-10
-3.527739e-11
-4.261144e-12
2.611656e-10
-4.557891e-11
-6.573083e-12
2.560418e-10
-5.731142e-11
-1.047598e-11
2.368772e-10
-6.969915e-11
-1.756618e-11
2.031235e-10
-7.990585e-11
-2.922806e-11
1.523499e-10
-8.625929e-11
-5.074957e-11
7.920865e-11
-6.548524e-11
-2.724876e-12
1.044524e-13
-5.394681e-11
2.491188e-12
1.995094e-14
-4.956707e-11
-3.122962e-12
2.058341e-14
-4.363475e-11
-5.806462e-12
1.028819e-14
-3.647402e-11
-3.727827e-12
8.683385e-15
-3.255393e-11
1.301318e-13
1.229521e-15
-3.14238e-11
3.142926e-13
8.509435e-16
-3.101176e-11
2.288833e-13
-8.879244e-16
-3.13938e-11
1.467119e-13
7.15709e-17
-3.232969e-11
3.60215e-13
1.524707e-15
-3.208089e-11
2.421246e-14
3.480486e-17
-2.839927e-11
2.075155e-14
6.793146e-17
-2.443258e-11
3.044581e-14
-1.992423e-17
-1.957754e-11
3.842334e-14
-2.308742e-17
-1.251513e-11
2.799631e-14
-1.170552e-16
-1.946639e-11
1.019965e-10
-1.115439e-12
-2.494429e-11
2.338678e-10
-2.432068e-12
-1.153251e-11
3.14728e-10
-7.655892e-12
-5.31823e-12
3.595298e-10
-1.796137e-11
-8.442623e-12
3.763205e-10
-2.74882e-11
-1.130855e-11
3.694675e-10
-3.65315e-11
-1.612336e-11
3.407627e-10
-4.342555e-11
-2.306869e-11
2.898221e-10
-4.70692e-11
-3.099062e-11
2.138909e-10
-4.245217e-11
-2.678459e-11
1.076532e-10
-2.970281e-11
8.110868e-12
1.42135e-13
-3.192438e-11
6.830253e-12
1.875087e-14
-3.22153e-11
3.95734e-12
2.188682e-14
-3.242109e-11
4.498403e-13
2.306913e-14
-3.289848e-11
3.629926e-12
2.729177e-14
-2.52511e-11
3.336601e-13
-2.898702e-15
-2.897995e-11
2.514516e-13
1.578247e-15
-3.045083e-11
1.599372e-13
6.757801e-16
-3.062457e-11
1.882739e-13
6.054234e-16
-3.136693e-11
2.485974e-13
3.210668e-16
-3.20154e-11
1.790352e-14
9.133277e-17
-2.785565e-11
9.268493e-15
-7.942144e-17
-2.442127e-11
1.261594e-14
9.002886e-17
-1.950712e-11
1.648176e-14
-7.776951e-17
-1.249839e-11
1.702384e-14
-5.251758e-18
-1.736092e-11
1.178279e-10
4.056592e-12
-2.25709e-11
2.758808e-10
7.718474e-12
-9.41387e-12
3.75918e-10
3.316669e-12
-6.296844e-12
4.329839e-10
-6.578009e-12
-8.933033e-12
4.550643e-10
-1.487652e-11
-1.127158e-11
4.472696e-10
-2.151094e-11
-1.408514e-11
4.119945e-10
-2.618244e-11
-1.855861e-11
3.488816e-10
-2.642077e-11
-2.128254e-11
2.553936e-10
-2.315661e-11
-1.089737e-11
1.26587e-10
-1.917912e-11
7.136569e-12
1.632873e-13
-2.266163e-11
5.495149e-12
2.181113e-14
-2.417398e-11
4.377662e-12
1.720132e-14
-2.672912e-11
2.688691e-12
2.181946e-14
-2.825054e-11
9.052678e-12
3.544057e-14
-3.059241e-11
-1.486265e-13
6.247698e-16
-3.290866e-11
-1.707068e-13
-1.973429e-15
-3.3326e-11
3.347323e-14
2.540898e-15
-3.091502e-11
-1.902788e-13
-2.57688e-15
-3.264904e-11
-5.019674e-14
2.064076e-15
-3.208569e-11
8.246865e-15
1.126582e-16
-2.833794e-11
-7.296797e-14
-6.484213e-16
-2.530432e-11
1.112107e-14
8.100784e-16
-1.94569e-11
-1.445497e-14
-1.573002e-16
-1.258864e-11
1.294971e-14
3.058735e-16
-1.012988e-11
1.268643e-10
6.574141e-12
-1.201082e-11
2.995112e-10
1.071569e-11
-5.174664e-12
4.106723e-10
8.096079e-12
-3.427398e-12
4.748576e-10
8.276629e-14
-5.4101e-12
5.002523e-10
-8.092801e-12
-7.150901e-12
4.921575e-10
-1.482862e-11
-8.616146e-12
4.531753e-10
-1.844718e-11
-1.011457e-11
3.83156e-10
-1.870255e-11
-1.044855e-11
2.79534e-10
-1.619761e-11
-4.191079e-12
1.377276e-10
-1.642759e-11
3.647951e-12
1.786325e-13
-2.083489e-11
2.878039e-12
2.03061e-14
-2.383235e-11
2.149792e-12
2.216883e-14
-2.542712e-11
1.700845e-12
2.026239e-14
-2.842886e-11
3.476837e-12
2.989039e-14
-3.112617e-11
-2.705911e-14
6.511119e-16
-3.132581e-11
2.763761e-13
7.369066e-16
-2.948869e-11
1.475323e-13
3.873933e-16
-3.140603e-11
-6.335964e-14
-1.382971e-15
-3.162096e-11
5.770403e-14
-5.487514e-16
-3.239364e-11
-9.667345e-15
4.674581e-17
-2.819903e-11
-3.732641e-15
5.791429e-17
-2.444373e-11
3.248482e-14
-3.282456e-16
-1.967828e-11
5.977295e-15
6.252048e-16
-1.246943e-11
2.54446e-14
-1.490302e-17
-2.963494e-13
1.296747e-10
7.455043e-12
-2.178719e-13
3.060101e-10
1.223838e-11
6.090163e-13
4.199931e-10
8.873744e-12
3.08912e-13
4.859422e-10
1.041166e-12
-1.018986e-13
5.122491e-10
-7.420473e-12
-8.353484e-13
5.042981e-10
-1.447393e-11
-1.15718e-12
4.646342e-10
-1.89289e-11
-1.079919e-12
3.930257e-10
-1.881277e-11
-5.917987e-13
2.869371e-10
-1.646855e-11
-8.480639e-13
1.414533e-10
-1.622196e-11
-2.016543e-13
1.820182e-13
-2.011743e-11
-3.038979e-13
2.394825e-14
-2.391447e-11
-1.266057e-13
1.92523e-14
-2.675243e-11
7.737728e-13
1.552218e-14
-2.898228e-11
1.566906e-12
4.289139e-14
-3.474612e-11
-3.530828e-14
7.375032e-16
-3.083312e-11
1.006858e-13
1.720884e-15
-3.069141e-11
-2.760774e-13
-2.685961e-15
-3.30333e-11
-4.763485e-14
2.780981e-15
-3.168897e-11
-1.926559e-13
-4.167211e-15
-3.29108e-11
2.076231e-14
3.971058e-16
-2.837258e-11
-1.435613e-15
-5.141882e-17
-2.469936e-11
2.014541e-16
2.20988e-16
-1.973115e-11
5.034592e-14
1.180719e-16
-1.254435e-11
-1.420368e-14
-3.370992e-17
1.03444e-11
1.257679e-10
5.977298e-12
1.119466e-11
2.944649e-10
8.8666e-12
5.849499e-12
4.021522e-10
4.297244e-12
3.301246e-12
4.641159e-10
-5.71082e-12
4.007389e-12
4.886883e-10
-1.468533e-11
5.336702e-12
4.811976e-10
-2.217272e-11
6.912973e-12
4.440012e-10
-2.678922e-11
8.514972e-12
3.76638e-10
-2.740633e-11
8.958175e-12
2.76199e-10
-2.288202e-11
3.000613e-12
1.372236e-10
-1.93643e-11
-4.191374e-12
1.768182e-13
-2.223252e-11
-3.315413e-12
2.339918e-14
-2.574523e-11
-2.600783e-12
2.588462e-14
-2.671512e-11
-2.403094e-12
2.131136e-14
-2.843622e-11
-4.846894e-12
9.1535e-15
-3.012491e-11
1.993885e-13
9.127106e-16
-3.091295e-11
-1.714632e-13
-1.563355e-15
-3.311367e-11
-1.525002e-14
7.977297e-16
-3.182066e-11
1.841407e-13
4.400618e-16
-3.140194e-11
2.45222e-14
1.344992e-15
-3.207254e-11
3.558181e-14
2.914256e-17
-2.833045e-11
1.497988e-14
1.748084e-16
-2.453843e-11
9.427145e-15
-2.186992e-16
-1.980961e-11
-2.215717e-15
9.445614e-17
-1.267102e-11
-3.014232e-15
-1.62464e-17
1.938961e-11
1.136444e-10
-8.160417e-13
2.058661e-11
2.610527e-10
-9.654665e-13
9.598582e-12
3.522638e-10
-6.483719e-12
4.160802e-12
4.037731e-10
-1.868694e-11
6.36843e-12
4.239057e-10
-2.916303e-11
9.500436e-12
4.173248e-10
-3.803525e-11
1.342586e-11
3.860319e-10
-4.513402e-11
1.817431e-11
3.293267e-10
-4.832722e-11
2.044979e-11
2.438354e-10
-4.218669e-11
1.027089e-11
1.231718e-10
-3.057221e-11
-7.725795e-12
1.61587e-13
-3.179791e-11
-6.275409e-12
2.094623e-14
-3.212359e-11
-5.004639e-12
2.377705e-14
-3.088969e-11
-1.890869e-12
4.077127e-14
-3.487151e-11
-4.585601e-12
4.591259e-15
-3.107861e-11
-1.777016e-13
-9.544605e-17
-3.124506e-11
2.004591e-14
1.973769e-15
-3.042174e-11
1.882071e-13
-6.18522e-16
-3.121665e-11
2.182036e-14
3.031898e-16
-3.166204e-11
1.158177e-15
-3.339831e-16
-3.225715e-11
-2.548581e-14
-1.82051e-16
-2.880552e-11
-1.138592e-14
2.724942e-17
-2.486291e-11
-1.474425e-14
8.884985e-17
-1.985844e-11
-2.044657e-15
6.340955e-18
-1.275462e-11
-1.920494e-14
-4.430929e-18
2.152362e-11
8.983393e-11
-4.082737e-12
2.681499e-11
1.972733e-10
-1.888577e-11
1.212716e-11
2.615545e-10
-3.100212e-11
1.950396e-12
2.955074e-10
-3.85827e-11
5.986916e-12
3.08586e-10
-4.842595e-11
1.06876e-11
3.037251e-10
-5.984507e-11
1.578096e-11
2.821118e-10
-7.154954e-11
2.335654e-11
2.430268e-10
-8.296913e-11
3.215737e-11
1.831862e-10
-8.994087e-11
2.706363e-11
9.568939e-11
-6.676222e-11
-8.951168e-12
1.283736e-13
-5.484861e-11
-7.42643e-12
2.490877e-14
-4.958319e-11
-4.352253e-12
2.001389e-14
-4.342145e-11
-2.06235e-12
1.275108e-14
-3.312851e-11
-5.417508e-12
2.607162e-15
-2.80831e-11
-1.98055e-13
-7.841579e-16
-3.132114e-11
-2.289016e-13
-2.626756e-16
-3.179648e-11
-3.140866e-13
2.344424e-15
-3.27112e-11
-1.515744e-13
1.440197e-15
-3.166684e-11
-2.814469e-13
1.475761e-16
-3.246784e-11
-1.00854e-14
2.809368e-17
-2.88858e-11
-1.069655e-14
-1.375332e-16
-2.507758e-11
-2.65702e-15
1.413599e-16
-1.998975e-11
-2.505802e-14
-1.438543e-16
-1.290086e-11
-3.912708e-14
-1.268487e-16
1.871645e-11
4.620484e-11
-2.010507e-11
1.72403e-11
8.983536e-11
-4.018691e-11
6.061351e-12
1.139374e-10
-4.859918e-11
3.607161e-13
1.251165e-10
-5.088415e-11
3.27568e-12
1.295222e-10
-5.756525e-11
6.455691e-12
1.274257e-10
-6.614873e-11
1.078633e-11
1.19313e-10
-7.964025e-11
1.815347e-11
1.047487e-10
-1.002188e-10
3.033279e-11
8.213151e-11
-1.332805e-10
5.196794e-11
4.690298e-11
-1.870933e-10
2.398949e-12
7.340806e-14
-1.296171e-10
-3.260254e-12
2.025844e-14
-9.474124e-11
2.797105e-12
2.965845e-14
-6.958989e-11
4.010916e-12
1.721596e-14
-5.117606e-11
-3.820721e-12
7.275397e-14
-2.901429e-11
-4.819608e-13
-9.355553e-16
-3.245482e-11
-3.561282e-13
3.003023e-16
-3.40855e-11
-3.517295e-13
-8.929084e-16
-3.358375e-11
-2.752938e-13
2.116094e-15
-3.170614e-11
-6.214639e-13
-1.949734e-15
-3.306564e-11
-5.638362e-14
5.036609e-17
-2.977599e-11
-1.977589e-14
3.748884e-16
-2.522947e-11
-1.529819e-14
1.051014e-16
-2.024545e-11
-3.186151e-14
-3.067834e-17
-1.298289e-11
-4.786333e-14
-2.317026e-16
5.988189e-11
3.34645e-14
-2.492342e-11
3.033894e-11
2.04846e-14
-3.238798e-11
2.840514e-11
1.633184e-14
-3.652821e-11
2.333652e-11
3.998191e-14
-3.769524e-11
1.819933e-11
-2.389697e-14
-2.988692e-11
-4.142988e-13
-3.874601e-15
-3.708166e-11
-5.474767e-13
-2.145067e-15
-3.649703e-11
3.161924e-13
7.848007e-15
-3.024729e-11
8.732837e-14
-3.56504e-15
-3.355503e-11
-7.800122e-13
-3.672657e-15
-3.464221e-11
-1.242379e-15
5.432145e-16
-2.821441e-11
3.763731e-14
4.354851e-16
-2.456309e-11
-3.438584e-14
-3.549688e-16
-2.113214e-11
-3.53198e-14
7.361421e-17
-1.308994e-11
-1.086677e-13
-8.550542e-16
3.442556e-11
4.790042e-14
-1.147694e-11
2.29557e-11
3.85793e-14
-1.61838e-11
2.560476e-11
2.1623e-14
-2.297587e-11
2.045097e-11
7.788919e-15
-2.69663e-11
2.365997e-11
3.057317e-14
-3.543909e-11
-3.340671e-13
4.061905e-15
-3.240992e-11
2.100865e-13
-1.863173e-15
-3.208489e-11
-2.802079e-13
-3.041816e-15
-3.696987e-11
-3.511984e-13
8.023975e-15
-3.248803e-11
-2.641554e-13
-4.009282e-15
-3.44143e-11
2.76749e-14
-9.550482e-17
-2.953666e-11
-2.867371e-14
4.202344e-17
-2.54365e-11
-4.942886e-14
1.629624e-16
-2.073421e-11
6.591876e-15
4.608898e-16
-1.324591e-11
-2.808944e-14
-2.377343e-16
2.309145e-11
7.340768e-15
-8.92994e-12
1.80124e-11
4.881187e-14
-1.445243e-11
1.987936e-11
4.840245e-14
-2.140415e-11
1.618167e-11
1.168015e-14
-2.849339e-11
2.208451e-11
-2.824422e-15
-3.97678e-11
2.927519e-14
-1.346586e-15
-3.387715e-11
-4.884249e-13
4.490682e-16
-3.516526e-11
-3.826173e-13
-2.390954e-15
-3.524554e-11
3.876287e-13
4.240372e-15
-3.405779e-11
-7.765314e-13
-2.157847e-15
-3.562424e-11
-5.440798e-15
4.940826e-16
-2.998737e-11
-2.580941e-15
1.310491e-16
-2.564337e-11
1.27945e-14
2.372454e-16
-2.053503e-11
-1.782569e-14
-3.387225e-16
-1.34881e-11
-5.286856e-14
2.873943e-18
1.481878e-11
3.055969e-14
-8.069684e-12
1.205536e-11
1.181668e-15
-1.27158e-11
1.308347e-11
5.722187e-14
-2.021009e-11
1.248443e-11
4.578912e-14
-2.709026e-11
1.491239e-11
5.24389e-14
-3.428975e-11
7.263015e-13
6.934202e-15
-2.298301e-11
2.654746e-13
-5.954548e-15
-3.168972e-11
2.891533e-13
2.371326e-15
-3.171971e-11
3.572284e-13
-2.763719e-15
-3.392251e-11
-2.272274e-13
-1.906884e-15
-3.476708e-11
6.430278e-14
5.662524e-16
-2.938412e-11
8.818783e-16
-2.404414e-16
-2.547754e-11
-2.646689e-14
-3.385211e-16
-2.074256e-11
-4.198166e-14
1.985471e-18
-1.352991e-11
2.930685e-14
7.270765e-16
7.008738e-12
1.413064e-14
-7.07793e-12
6.026704e-12
3.118781e-14
-1.298568e-11
6.690242e-12
3.885554e-15
-2.001816e-11
6.188027e-12
4.82118e-14
-2.663656e-11
7.936117e-12
5.291783e-14
-3.478773e-11
3.368601e-13
2.743317e-15
-3.181375e-11
-7.928369e-13
-3.992694e-16
-3.574435e-11
-3.055813e-13
-2.973582e-15
-3.425051e-11
-9.775858e-14
1.142385e-15
-3.372606e-11
2.283587e-13
2.386176e-15
-3.352385e-11
4.959153e-14
-5.112827e-17
-2.997208e-11
-2.196038e-14
7.846821e-17
-2.563616e-11
1.981983e-14
3.206869e-17
-2.065738e-11
2.324274e-14
-4.05084e-17
-1.341131e-11
6.921542e-14
1.928915e-16
1.474081e-14
-7.138659e-12
5.792152e-15
-1.371998e-11
1.498136e-14
-2.008195e-11
4.044587e-14
-2.677262e-11
-1.154481e-14
-3.383044e-11
2.292183e-15
-3.122461e-11
4.70773e-16
-2.958649e-11
-7.291238e-15
-3.368589e-11
3.105092e-15
-3.374614e-11
4.705061e-15
-3.143841e-11
-4.354005e-16
-2.8716e-11
6.005372e-16
-2.430245e-11
-6.341182e-12
1.930524e-14
-8.350289e-12
-5.735112e-12
8.918001e-15
-1.348683e-11
-6.845269e-12
7.787113e-15
-2.035457e-11
-6.400026e-12
1.316954e-14
-2.517474e-11
-4.58621e-12
5.701342e-14
-3.418671e-11
4.688384e-13
9.585672e-15
-2.27292e-11
7.943855e-13
4.213394e-15
-2.24147e-11
-3.895991e-13
-9.962311e-15
-3.4531e-11
3.296174e-13
1.097121e-15
-3.223441e-11
5.892284e-13
6.407886e-15
-3.171818e-11
-1.261193e-13
-1.186018e-15
-3.061181e-11
-3.218477e-15
6.901307e-16
-2.481518e-11
1.52506e-14
7.345886e-16
-1.882007e-11
-1.427293e-11
1.137625e-14
-8.795278e-12
-1.255183e-11
1.908389e-14
-1.563821e-11
-1.250893e-11
7.531627e-15
-2.260435e-11
-1.119579e-11
-7.955613e-15
-2.881888e-11
-8.947758e-12
3.973775e-14
-4.127457e-11
4.830347e-14
8.297012e-16
-3.342e-11
-8.182182e-13
2.258622e-15
-3.511682e-11
-7.433284e-13
3.748112e-16
-3.471235e-11
1.062579e-13
1.382162e-15
-3.152572e-11
4.884385e-13
3.3406e-15
-3.12794e-11
-5.38747e-14
-4.821224e-16
-2.85763e-11
5.262778e-14
-1.707173e-16
-2.442806e-11
4.1481e-14
5.420029e-16
-1.915091e-11
-9.461413e-14
-6.115848e-16
-1.257259e-11
-2.259256e-11
2.979355e-14
-1.203799e-11
-1.776871e-11
3.680714e-15
-1.546421e-11
-1.884124e-11
2.194945e-14
-2.012217e-11
-1.776567e-11
2.741405e-14
-2.651766e-11
-1.816485e-11
2.935242e-15
-3.316745e-11
6.898038e-13
-8.058697e-16
-2.692569e-11
-2.2069e-14
-4.142154e-15
-3.525466e-11
1.54494e-13
3.174227e-15
-3.127167e-11
2.985446e-14
-6.822121e-17
-3.365807e-11
-2.50783e-13
-2.462269e-15
-3.463409e-11
-8.004064e-15
6.187779e-16
-2.791147e-11
-6.805808e-15
-4.385503e-16
-2.452097e-11
5.114142e-14
3.3606e-16
-1.904886e-11
7.472028e-15
1.867296e-16
-1.2416e-11
7.497693e-15
-5.085601e-16
-3.396497e-11
3.072401e-14
-2.518493e-11
-2.264807e-11
2.962556e-14
-3.293299e-11
-2.450406e-11
1.966902e-14
-3.752358e-11
-2.110059e-11
4.400887e-15
-3.59148e-11
-2.135194e-11
4.541527e-14
-3.939926e-11
7.145495e-13
1.229914e-14
-1.962137e-11
-2.741161e-13
-1.054109e-14
-3.505984e-11
2.949337e-13
2.419373e-15
-3.267527e-11
-5.152592e-13
-5.480685e-15
-3.562034e-11
2.544453e-13
6.30894e-15
-3.281458e-11
2.539611e-14
-1.090175e-16
-3.023876e-11
-8.114165e-14
-6.61498e-16
-2.577535e-11
-5.107986e-14
-2.509053e-16
-1.995089e-11
1.244723e-14
9.650263e-16
-1.253588e-11
1.518065e-14
3.87022e-16
3.897555e-11
-1.91108e-11
7.540566e-11
-3.493532e-11
9.470995e-11
-4.064764e-11
1.040077e-10
-4.63754e-11
1.072167e-10
-5.40118e-11
1.050274e-10
-6.390479e-11
9.78912e-11
-7.744294e-11
8.550026e-11
-9.712506e-11
6.661564e-11
-1.28236e-10
3.779144e-11
-1.812145e-10
-5.84241e-11
5.4306e-14
-1.2503e-10
-2.978596e-11
2.043916e-14
-9.210445e-11
-2.88144e-11
2.18797e-14
-6.823708e-11
-2.14068e-11
2.047972e-14
-5.334117e-11
-2.293231e-11
-2.652756e-15
-3.313587e-11
4.665593e-13
1.996107e-15
-3.025447e-11
-5.861356e-13
-5.628258e-18
-3.522604e-11
3.663516e-13
-5.336045e-16
-3.152291e-11
2.223802e-13
1.567802e-16
-3.201372e-11
9.647177e-13
-1.473725e-16
-3.20388e-11
3.614985e-14
8.315606e-17
-2.852374e-11
4.205959e-14
-3.608891e-18
-2.471495e-11
1.007589e-13
8.38806e-17
-1.96034e-11
1.115715e-13
5.437184e-17
-1.251229e-11
3.355202e-14
-2.599453e-17
-1.75311e-11
7.914371e-11
-4.580126e-12
-1.561403e-11
1.73125e-10
-1.852467e-11
-5.590702e-12
2.286402e-10
-2.810024e-11
-3.443172e-12
2.574253e-10
-3.560509e-11
-4.909122e-12
2.678904e-10
-4.553869e-11
-6.746239e-12
2.628e-10
-5.691247e-11
-1.069405e-11
2.43283e-10
-6.918229e-11
-1.778036e-11
2.088118e-10
-8.075309e-11
-2.900794e-11
1.567447e-10
-8.639908e-11
-5.063067e-11
8.152188e-11
-6.475325e-11
-2.736977e-12
1.108922e-13
-5.45368e-11
2.70184e-12
1.673007e-14
-4.982708e-11
-2.936784e-12
2.063247e-14
-4.275697e-11
-5.636795e-12
1.731534e-14
-3.775525e-11
-9.489175e-13
3.702942e-14
-3.237239e-11
2.286898e-13
-1.255802e-15
-3.262107e-11
1.007252e-13
1.140452e-15
-3.136992e-11
3.481397e-13
9.282021e-16
-3.132684e-11
2.060824e-13
-5.800712e-16
-3.169012e-11
1.849228e-13
-1.162814e-16
-3.236056e-11
2.462416e-14
1.340145e-16
-2.850879e-11
2.700788e-14
6.208104e-17
-2.45235e-11
2.136127e-14
6.58761e-17
-1.964756e-11
3.100169e-14
-2.831619e-17
-1.257698e-11
3.92534e-14
-2.218985e-17
-1.95678e-11
1.043155e-10
-8.550941e-13
-2.568293e-11
2.393597e-10
-4.333404e-12
-1.203451e-11
3.224953e-10
-7.880521e-12
-4.338053e-12
3.684611e-10
-1.854905e-11
-8.511075e-12
3.858437e-10
-2.789715e-11
-1.195212e-11
3.789688e-10
-3.628749e-11
-1.617552e-11
3.497588e-10
-4.343289e-11
-2.331981e-11
2.976672e-10
-4.653474e-11
-3.159064e-11
2.198801e-10
-4.280648e-11
-2.607501e-11
1.10762e-10
-3.038319e-11
7.999216e-12
1.439771e-13
-3.045175e-11
6.692087e-12
2.290615e-14
-3.314374e-11
3.682706e-12
1.7057e-14
-3.157665e-11
1.762775e-12
2.873108e-14
-3.164605e-11
7.398239e-12
3.511227e-14
-3.150642e-11
4.251155e-13
3.648907e-15
-2.602958e-11
3.799438e-13
-3.402901e-15
-2.957956e-11
1.550209e-13
1.096217e-15
-3.1105e-11
1.611702e-13
1.082786e-15
-3.120914e-11
2.206744e-13
7.450041e-16
-3.193938e-11
2.092381e-14
2.537246e-17
-2.843051e-11
1.745735e-14
9.208307e-17
-2.410525e-11
9.76377e-15
-7.373635e-17
-1.963245e-11
1.284132e-14
8.932749e-17
-1.254114e-11
1.669728e-14
-8.431964e-17
-1.707901e-11
1.204175e-10
4.013956e-12
-2.273341e-11
2.822094e-10
7.901171e-12
-1.06484e-11
3.847324e-10
4.285943e-12
-4.588899e-12
4.433728e-10
-5.915839e-12
-8.256683e-12
4.662833e-10
-1.494287e-11
-1.138652e-11
4.585587e-10
-2.190758e-11
-1.465863e-11
4.225875e-10
-2.60463e-11
-1.852345e-11
3.581022e-10
-2.699952e-11
-2.146184e-11
2.623087e-10
-2.235099e-11
-1.164859e-11
1.301416e-10
-1.92414e-11
7.201434e-12
1.699428e-13
-2.262445e-11
5.572532e-12
2.060134e-14
-2.536945e-11
4.221846e-12
2.171979e-14
-2.630603e-11
2.616601e-12
2.446086e-14
-2.782945e-11
5.878427e-12
6.001094e-15
-3.096165e-11
3.899908e-14
-4.985667e-16
-3.082264e-11
-2.170582e-13
5.856287e-16
-3.27804e-11
-2.028266e-13
-1.116248e-15
-3.278044e-11
1.154372e-13
1.074145e-15
-3.128527e-11
-1.993721e-13
-1.94668e-15
-3.277094e-11
-6.231312e-15
2.17293e-16
-2.850209e-11
8.800853e-15
1.195593e-16
-2.447887e-11
-7.484347e-14
-6.662148e-16
-2.022447e-11
1.091561e-14
8.312864e-16
-1.252021e-11
-1.514024e-14
-1.647946e-16
-1.021889e-11
1.296062e-10
6.865089e-12
-1.201491e-11
3.060923e-10
1.12558e-11
-5.949157e-12
4.200309e-10
7.834662e-12
-3.056496e-12
4.859491e-10
3.636927e-13
-4.305866e-12
5.122367e-10
-7.694436e-12
-6.596553e-12
5.042763e-10
-1.443966e-11
-8.657605e-12
4.646148e-10
-1.875604e-11
-1.047181e-11
3.930093e-10
-1.890611e-11
-1.072695e-11
2.869265e-10
-1.597683e-11
-4.07713e-12
1.414532e-10
-1.66782e-11
3.650196e-12
1.820298e-13
-2.016198e-11
2.853121e-12
2.458652e-14
-2.400745e-11
2.258709e-12
1.856763e-14
-2.627171e-11
1.843112e-12
1.912243e-14
-2.664845e-11
2.250788e-12
-8.168043e-15
-2.945158e-11
-1.019839e-13
-8.766937e-16
-3.122557e-11
-5.548215e-14
4.019824e-16
-3.146528e-11
3.164291e-13
1.014595e-15
-3.032266e-11
1.116845e-13
7.449624e-16
-3.177138e-11
-7.644681e-14
-1.188478e-15
-3.203832e-11
6.872627e-15
-8.492774e-17
-2.872679e-11
-1.007105e-14
1.774164e-17
-2.438891e-11
-4.325523e-15
6.708145e-17
-1.965506e-11
3.247491e-14
-3.414097e-16
-1.264168e-11
5.967005e-15
6.48278e-16
3.558123e-13
1.323594e-10
7.037516e-12
-4.643075e-13
3.125508e-10
1.198652e-11
4.20499e-13
4.292602e-10
8.321688e-12
2.744331e-13
4.970205e-10
8.149395e-13
1.600797e-13
5.242166e-10
-7.076457e-12
-1.013868e-13
5.163816e-10
-1.405762e-11
-6.358285e-13
4.760844e-10
-1.836799e-11
-1.014582e-12
4.029621e-10
-1.93349e-11
-1.163274e-12
2.943158e-10
-1.608805e-11
-5.51361e-13
1.45203e-10
-1.665217e-11
-2.441668e-13
1.875265e-13
-2.005678e-11
-1.828453e-13
2.278882e-14
-2.325874e-11
-3.985577e-13
2.383402e-14
-2.617265e-11
5.454204e-13
1.540769e-14
-2.977947e-11
-3.839632e-12
4.955377e-14
-3.034224e-11
-1.899267e-13
-6.094153e-16
-3.438164e-11
-2.401373e-14
7.462898e-16
-3.113111e-11
1.419829e-13
1.336607e-15
-3.144359e-11
-2.268694e-13
-2.168608e-15
-3.289069e-11
4.645085e-14
2.470639e-15
-3.198832e-11
-2.135566e-14
-4.810156e-16
-2.917353e-11
2.005327e-14
4.159618e-16
-2.453999e-11
-8.684723e-16
-4.535311e-17
-1.984127e-11
1.186502e-15
2.30013e-16
-1.267756e-11
5.277498e-14
1.207654e-16
1.058373e-11
1.282439e-10
6.137534e-12
1.092559e-11
3.004293e-10
8.972934e-12
5.779508e-12
4.107333e-10
3.99924e-12
3.670286e-12
4.743824e-10
-5.482634e-12
4.206716e-12
4.998502e-10
-1.470144e-11
5.458234e-12
4.924538e-10
-2.187566e-11
7.255271e-12
4.546534e-10
-2.664076e-11
9.11577e-12
3.859403e-10
-2.704108e-11
9.022487e-12
2.83201e-10
-2.301122e-11
2.590834e-12
1.40743e-10
-1.871211e-11
-4.080275e-12
1.825943e-13
-2.2898e-11
-3.440714e-12
2.246414e-14
-2.50771e-11
-2.875379e-12
2.347849e-14
-2.793568e-11
-2.264841e-12
1.896675e-14
-2.648421e-11
-3.001888e-12
1.367934e-14
-3.017886e-11
8.306903e-14
4.90097e-16
-3.052378e-11
1.757e-13
1.055692e-15
-3.128643e-11
-1.397926e-13
-1.68728e-15
-3.2767e-11
-2.41738e-14
1.03105e-15
-3.203374e-11
1.184032e-13
3.516923e-16
-3.188031e-11
-1.40495e-15
1.401898e-16
-2.849765e-11
3.673607e-14
1.735657e-17
-2.451018e-11
1.730304e-14
1.924437e-16
-1.974896e-11
9.103061e-15
-2.279781e-16
-1.274051e-11
-2.300648e-15
9.891753e-17
2.01814e-11
1.156085e-10
-7.891956e-13
2.034681e-11
2.660787e-10
-9.04518e-14
9.006741e-12
3.593909e-10
-5.066642e-12
4.984752e-12
4.124736e-10
-1.822763e-11
6.607637e-12
4.333477e-10
-2.873282e-11
9.810623e-12
4.268962e-10
-3.783571e-11
1.348339e-11
3.9507e-10
-4.477849e-11
1.815835e-11
3.372362e-10
-4.78754e-11
2.123733e-11
2.498889e-10
-4.351838e-11
1.024594e-11
1.263078e-10
-2.85066e-11
-7.736541e-12
1.658005e-13
-3.167427e-11
-6.09764e-12
2.41208e-14
-3.314703e-11
-4.797264e-12
1.967484e-14
-3.1737e-11
-4.416587e-12
1.589726e-14
-2.867439e-11
-6.698783e-12
8.596221e-15
-3.40764e-11
-9.636208e-14
3.282697e-15
-3.13193e-11
-1.847018e-13
-5.17582e-16
-3.139015e-11
8.746474e-15
1.83162e-15
-3.098178e-11
1.11789e-13
-4.67448e-16
-3.172734e-11
4.606272e-14
1.451691e-16
-3.225969e-11
1.065713e-15
-5.911806e-18
-2.869005e-11
-2.754908e-14
-2.025905e-16
-2.489609e-11
-1.078667e-14
3.275637e-17
-2.000838e-11
-1.497614e-14
9.03925e-17
-1.279648e-11
-1.720119e-15
6.239387e-18
2.164538e-11
9.112751e-11
-4.341391e-12
2.746374e-11
2.007158e-10
-1.781107e-11
1.150458e-11
2.667113e-10
-2.996078e-11
1.441279e-12
3.016787e-10
-3.829696e-11
6.369202e-12
3.153457e-10
-4.843568e-11
1.071739e-11
3.105399e-10
-5.951738e-11
1.60953e-11
2.886123e-10
-7.170163e-11
2.314128e-11
2.487104e-10
-8.230989e-11
3.203333e-11
1.875916e-10
-8.919825e-11
2.696612e-11
9.810448e-11
-6.737513e-11
-8.821352e-12
1.317734e-13
-5.543162e-11
-7.547617e-12
2.288892e-14
-5.058456e-11
-4.360408e-12
2.526348e-14
-4.251724e-11
-1.688102e-12
2.071404e-14
-3.788249e-11
-3.268362e-12
5.597485e-14
-3.383426e-11
1.607582e-13
3.067574e-15
-2.88922e-11
-1.700907e-13
-6.722575e-16
-3.181921e-11
-2.800285e-13
-5.077977e-16
-3.198685e-11
-2.582338e-13
1.892593e-15
-3.298274e-11
-1.245058e-13
1.854478e-15
-3.242794e-11
-2.4743e-14
4.322349e-18
-2.889174e-11
-8.585342e-15
2.103829e-17
-2.498671e-11
-1.042243e-14
-1.404568e-16
-2.018464e-11
-3.441324e-15
1.363602e-16
-1.289591e-11
-2.575e-14
-1.435382e-16
1.950728e-11
4.67573e-11
-2.008264e-11
1.737021e-11
9.118357e-11
-3.879307e-11
5.731023e-12
1.160402e-10
-4.821777e-11
-1.893164e-14
1.277427e-10
-5.115024e-11
3.402042e-12
1.323032e-10
-5.709126e-11
6.599168e-12
1.302664e-10
-6.704292e-11
1.08286e-11
1.219975e-10
-7.974068e-11
1.837828e-11
1.071682e-10
-1.005903e-10
2.997486e-11
8.402225e-11
-1.323411e-10
5.157936e-11
4.805213e-11
-1.862063e-10
2.385771e-12
7.71852e-14
-1.294848e-10
-2.744048e-12
2.422028e-14
-9.657066e-11
2.008185e-12
1.793228e-14
-6.843262e-11
5.560249e-12
3.393456e-14
-5.201049e-11
-3.031974e-13
3.335452e-14
-3.297961e-11
-4.938682e-15
-2.548979e-16
-2.956762e-11
-4.278375e-13
-7.364118e-16
-3.258533e-11
-3.239996e-13
-1.739743e-16
-3.352532e-11
-3.061345e-13
-3.470292e-16
-3.37818e-11
-3.253413e-13
2.116538e-15
-3.242742e-11
-6.220622e-14
-2.38894e-16
-2.941507e-11
-6.250352e-14
4.51263e-17
-2.569694e-11
-1.908761e-14
4.055519e-16
-2.032978e-11
-1.60294e-14
1.030319e-16
-1.306282e-11
-3.24195e-14
-3.238891e-17
5.916395e-11
4.47406e-14
-2.480579e-11
3.044193e-11
3.336966e-14
-3.244444e-11
2.890494e-11
2.339463e-14
-3.584517e-11
2.111526e-11
1.491594e-14
-3.743422e-11
1.917643e-11
7.767423e-14
-3.396478e-11
-8.698207e-14
2.158278e-15
-2.985921e-11
-4.984141e-13
-5.052286e-15
-3.653228e-11
-6.120004e-13
-4.050351e-16
-3.510409e-11
2.722675e-13
6.607358e-15
-3.13569e-11
-9.241231e-15
-2.553429e-15
-3.386338e-11
-7.463765e-14
-3.476937e-16
-3.066119e-11
-5.229567e-15
5.525591e-16
-2.458752e-11
3.39634e-14
4.629081e-16
-1.995502e-11
-3.860359e-14
-3.557919e-16
-1.353799e-11
-3.795816e-14
5.72194e-17
3.43142e-11
1.135946e-14
-1.116671e-11
2.23738e-11
4.862299e-14
-1.590884e-11
2.564592e-11
3.917868e-14
-2.202825e-11
2.297276e-11
2.84007e-14
-2.996565e-11
3.116065e-11
-2.618196e-14
-3.672802e-11
-2.355506e-13
-2.83849e-15
-3.517413e-11
-3.769912e-13
4.041545e-15
-3.314618e-11
1.154227e-13
-1.483812e-15
-3.285902e-11
-3.413211e-13
-3.020246e-15
-3.630172e-11
-4.893273e-13
7.569889e-15
-3.308982e-11
-1.245988e-14
-4.141123e-16
-3.044753e-11
2.453942e-14
-1.378701e-16
-2.56211e-11
-2.728769e-14
-5.8666e-18
-2.055045e-11
-4.915863e-14
1.796488e-16
-1.336456e-11
7.265568e-15
4.848479e-16
2.384301e-11
3.038949e-14
-9.097076e-12
1.823215e-11
6.874927e-15
-1.507463e-11
1.945766e-11
5.342501e-14
-2.094578e-11
1.711595e-11
4.806767e-14
-2.635895e-11
1.796443e-11
1.043811e-14
-3.199014e-11
-3.690465e-13
-1.15388e-16
-3.873738e-11
1.24828e-14
-9.943763e-16
-3.321394e-11
-3.281277e-13
-9.164875e-16
-3.461622e-11
-1.777933e-13
-9.901035e-16
-3.441269e-11
4.320523e-13
2.927737e-15
-3.476792e-11
-6.998122e-14
-2.850066e-16
-3.170274e-11
-1.279683e-14
5.585641e-16
-2.592289e-11
-6.103115e-15
1.100761e-16
-2.073195e-11
1.049487e-14
2.434176e-16
-1.330675e-11
-1.847573e-14
-3.500877e-16
1.469017e-11
1.857584e-14
-7.755354e-12
1.280416e-11
3.315707e-14
-1.492894e-11
1.230475e-11
-9.519577e-16
-1.833349e-11
1.300808e-11
5.307353e-14
-2.724249e-11
1.27628e-11
3.384047e-14
-3.304203e-11
1.139715e-13
-1.471978e-15
-3.473536e-11
8.663905e-13
7.751927e-15
-2.545241e-11
6.442114e-14
-5.635816e-15
-3.203974e-11
3.123846e-13
1.417159e-15
-3.20439e-11
1.401619e-13
-2.120795e-15
-3.441034e-11
-2.269658e-14
-1.84158e-16
-3.085336e-11
6.283651e-14
5.276168e-16
-2.556337e-11
3.745221e-16
-2.572789e-16
-2.062848e-11
-2.61246e-14
-3.476075e-16
-1.343347e-11
-4.362264e-14
-3.631853e-18
7.289897e-12
3.811425e-14
-7.499056e-12
6.136653e-12
1.362401e-14
-1.328127e-11
6.296285e-12
2.612757e-14
-1.940576e-11
6.748166e-12
3.740954e-15
-2.69187e-11
3.938156e-12
5.718436e-14
-3.076402e-11
-2.931121e-13
-1.812484e-15
-3.500536e-11
3.029386e-13
2.546167e-15
-3.250517e-11
-7.891486e-13
-7.342812e-16
-3.502419e-11
-1.859309e-13
-2.446959e-15
-3.436191e-11
-2.145919e-13
1.03632e-15
-3.397573e-11
3.299265e-14
2.758492e-16
-2.996123e-11
4.633518e-14
-3.446159e-17
-2.593656e-11
-2.207949e-14
6.384627e-17
-2.07595e-11
1.912626e-14
3.430356e-17
-1.340149e-11
2.409742e-14
-4.072492e-17
1.118602e-14
-6.662436e-12
1.347694e-14
-1.323538e-11
9.297342e-15
-2.089999e-11
1.755521e-14
-2.68732e-11
1.692816e-14
-3.176265e-11
2.556917e-15
-3.400208e-11
2.1957e-15
-3.189871e-11
6.499441e-16
-3.101685e-11
-7.772499e-15
-3.341836e-11
3.258176e-15
-3.370088e-11
4.785595e-16
-2.809321e-11
-3.895038e-16
-2.477174e-11
5.845013e-16
-1.952356e-11
-6.855262e-12
1.655358e-14
-7.668408e-12
-5.641949e-12
2.001444e-14
-1.564616e-11
-6.475234e-12
1.107435e-14
-1.99281e-11
-5.98344e-12
3.29181e-15
-2.601877e-11
-6.486568e-12
4.114102e-14
-2.815056e-11
-1.678467e-13
-6.164695e-15
-3.371112e-11
5.197343e-13
8.974355e-15
-2.544539e-11
8.821979e-13
6.064864e-15
-2.569672e-11
-3.854145e-13
-9.685259e-15
-3.355346e-11
2.678798e-13
-1.158555e-16
-3.241885e-11
4.817906e-14
6.785455e-16
-2.831333e-11
-1.19501e-13
-1.151454e-15
-2.617028e-11
-5.658425e-15
7.027081e-16
-1.990119e-11
1.434639e-14
7.415312e-16
-1.217519e-11
-1.34413e-11
3.472353e-14
-9.337064e-12
-1.224834e-11
1.115945e-14
-1.454712e-11
-1.234169e-11
1.805452e-14
-2.259544e-11
-1.032542e-11
2.561267e-14
-3.096392e-11
-9.801954e-12
-3.215071e-14
-3.797514e-11
-3.687128e-13
-2.563495e-15
-3.992431e-11
5.158973e-14
5.743384e-16
-3.277422e-11
-6.361967e-13
2.923527e-15
-3.358084e-11
-8.521773e-13
9.099365e-16
-3.383509e-11
2.041237e-13
1.254325e-15
-3.234676e-11
4.864568e-14
2.468424e-16
-2.79035e-11
-4.824753e-14
-4.300504e-16
-2.473382e-11
4.751064e-14
-1.989339e-16
-1.968238e-11
4.333523e-14
5.705104e-16
-1.238023e-11
-9.781051e-14
-6.362712e-16
-2.253181e-11
3.025514e-14
-1.154278e-11
-1.739213e-11
3.05123e-14
-1.748714e-11
-1.927343e-11
1.066081e-14
-2.085375e-11
-1.889029e-11
1.528511e-14
-2.302226e-11
-2.270307e-11
-5.060894e-16
-2.625362e-11
4.40456e-13
3.041981e-15
-3.309148e-11
7.876823e-13
6.420788e-16
-2.746307e-11
6.4855e-14
-4.610844e-15
-3.425859e-11
-4.854045e-14
2.601443e-15
-3.221991e-11
1.403227e-13
-2.203497e-17
-3.421609e-11
-4.416904e-14
-3.660771e-16
-3.059499e-11
-1.413672e-15
6.569814e-16
-2.419746e-11
-4.822876e-15
-4.561479e-16
-1.975314e-11
5.402306e-14
3.496001e-16
-1.235176e-11
8.09555e-15
1.972519e-16
-3.388925e-11
1.341956e-14
-2.456199e-11
-2.194981e-11
3.375135e-14
-3.307437e-11
-2.547136e-11
2.876023e-14
-3.64724e-11
-2.000965e-11
-6.605312e-15
-3.916919e-11
-2.636878e-11
-2.906715e-14
-3.366252e-11
-4.542759e-13
-2.605684e-15
-3.820108e-11
8.032203e-13
1.344989e-14
-2.135957e-11
-2.371187e-13
-1.097779e-14
-3.424433e-11
2.103836e-13
1.619752e-15
-3.296325e-11
-3.227077e-13
-4.822375e-15
-3.47304e-11
1.185239e-14
7.196719e-16
-2.920831e-11
3.505878e-14
-6.985038e-17
-2.590181e-11
-8.527157e-14
-6.944379e-16
-2.060147e-11
-5.237487e-14
-2.753973e-16
-1.280956e-11
1.241239e-14
9.963218e-16
3.99008e-11
-1.87963e-11
7.72586e-11
-3.688325e-11
9.733401e-11
-4.33122e-11
1.067121e-10
-4.684446e-11
1.099828e-10
-5.407245e-11
1.078026e-10
-6.356853e-11
1.005376e-10
-7.731629e-11
8.791e-11
-9.777223e-11
6.855226e-11
-1.2831e-10
3.889007e-11
-1.801635e-10
-5.864298e-11
6.506085e-14
-1.252226e-10
-2.907501e-11
1.334418e-14
-9.325933e-11
-2.808452e-11
2.157154e-14
-6.701391e-11
-2.228086e-11
3.22445e-14
-5.180536e-11
-2.45258e-11
2.198218e-14
-3.023014e-11
9.52164e-14
8.293719e-17
-3.296193e-11
4.27433e-13
1.668099e-15
-3.071482e-11
-6.440733e-13
7.450735e-16
-3.441437e-11
2.772253e-13
-9.621997e-16
-3.18785e-11
2.839988e-13
-1.476886e-16
-3.236381e-11
9.096961e-14
4.514556e-18
-2.850443e-11
4.330439e-14
9.201919e-17
-2.464918e-11
4.18634e-14
-1.188058e-17
-1.987007e-11
1.060469e-13
8.902566e-17
-1.261664e-11
1.164022e-13
5.533389e-17
-1.716885e-11
8.095144e-11
-4.559736e-12
-1.576974e-11
1.772141e-10
-1.890289e-11
-6.431363e-12
2.343778e-10
-3.022293e-11
-2.27851e-12
2.638876e-10
-3.665539e-11
-4.878629e-12
2.747023e-10
-4.605264e-11
-7.109248e-12
2.695649e-10
-5.716021e-11
-1.071133e-11
2.497093e-10
-6.884072e-11
-1.799792e-11
2.144623e-10
-8.023476e-11
-2.944355e-11
1.611489e-10
-8.741943e-11
-4.988247e-11
8.388364e-11
-6.498061e-11
-2.811453e-12
1.137723e-13
-5.383385e-11
2.568871e-12
2.287702e-14
-5.044832e-11
-3.082538e-12
1.445328e-14
-4.311729e-11
-4.592502e-12
2.21921e-14
-3.659215e-11
-1.592064e-12
3.727187e-14
-2.898329e-11
3.477007e-13
7.773228e-17
-3.241056e-11
1.88535e-13
-1.026826e-15
-3.271089e-11
2.307473e-13
1.592587e-15
-3.163584e-11
3.177137e-13
7.318205e-16
-3.176923e-11
2.795623e-13
-1.053827e-15
-3.20805e-11
1.623241e-14
-1.156146e-17
-2.874182e-11
2.870644e-14
1.575397e-16
-2.463407e-11
2.801466e-14
5.585766e-17
-1.972552e-11
2.309321e-14
6.694305e-17
-1.263561e-11
3.139811e-14
-3.343586e-17
-1.915005e-11
1.06608e-10
-5.817639e-13
-2.576087e-11
2.448284e-10
-3.655026e-12
-1.333765e-11
3.301825e-10
-9.452777e-12
-2.557534e-12
3.773571e-10
-1.881781e-11
-7.77011e-12
3.95393e-10
-2.857365e-11
-1.199028e-11
3.885544e-10
-3.685805e-11
-1.672451e-11
3.587528e-10
-4.321072e-11
-2.318589e-11
3.055302e-10
-4.666053e-11
-3.188239e-11
2.258349e-10
-4.212606e-11
-2.695642e-11
1.138813e-10
-3.06144e-11
8.252084e-12
1.485095e-13
-3.132503e-11
6.684329e-12
2.072727e-14
-3.15728e-11
3.613008e-12
2.064639e-14
-3.260382e-11
8.238824e-13
1.763186e-14
-2.992773e-11
3.655279e-12
-1.602012e-14
-2.983556e-11
4.14091e-14
-1.840458e-15
-3.156593e-11
4.965261e-13
4.083284e-15
-2.73699e-11
4.51602e-13
-2.656138e-15
-3.048809e-11
1.254639e-13
-1.464189e-17
-3.142266e-11
1.117291e-13
1.449864e-15
-3.187049e-11
1.834323e-14
6.460569e-17
-2.838938e-11
2.363947e-14
2.145195e-17
-2.455972e-11
1.761202e-14
9.293485e-17
-1.943939e-11
1.010419e-14
-7.18631e-17
-1.262152e-11
1.28735e-14
9.166393e-17
-1.683744e-11
1.230154e-10
3.383547e-12
-2.238182e-11
2.884588e-10
7.280537e-12
-1.126995e-11
3.935214e-10
4.338168e-12
-3.711538e-12
4.53743e-10
-5.431625e-12
-6.807473e-12
4.774645e-10
-1.458824e-11
-1.090162e-11
4.698623e-10
-2.191911e-11
-1.473932e-11
4.332618e-10
-2.648609e-11
-1.901349e-11
3.673095e-10
-2.671667e-11
-2.127065e-11
2.69249e-10
-2.342625e-11
-1.186052e-11
1.336591e-10
-1.807378e-11
7.189892e-12
1.739934e-13
-2.266394e-11
5.694757e-12
2.517383e-14
-2.548742e-11
3.955195e-12
1.884457e-14
-2.713231e-11
1.254614e-12
1.064178e-14
-2.582642e-11
5.299439e-12
1.65159e-14
-3.108865e-11
2.646605e-14
9.646226e-16
-3.123415e-11
8.49724e-14
-1.525943e-16
-3.121094e-11
-2.529371e-13
6.064042e-17
-3.259739e-11
-1.431866e-13
-3.120202e-16
-3.265146e-11
9.706084e-14
7.342617e-16
-3.180955e-11
-2.233304e-14
-2.795894e-16
-2.909981e-11
-7.908062e-15
2.628189e-16
-2.461317e-11
7.976018e-15
1.168325e-16
-1.969213e-11
-7.631036e-14
-6.795293e-16
-1.292047e-11
1.112877e-14
8.56266e-16
-9.96575e-12
1.322923e-10
6.909185e-12
-1.184359e-11
3.125893e-10
1.088272e-11
-5.535073e-12
4.293002e-10
7.861658e-12
-3.294126e-12
4.970322e-10
3.153039e-13
-3.896966e-12
5.242161e-10
-7.553666e-12
-5.697069e-12
5.163693e-10
-1.41791e-11
-8.176079e-12
4.760684e-10
-1.834484e-11
-1.046836e-11
4.029477e-10
-1.923516e-11
-1.09329e-11
2.943003e-10
-1.652732e-11
-4.618657e-12
1.451939e-10
-1.563459e-11
3.624458e-12
1.869391e-13
-2.042914e-11
2.881636e-12
2.3093e-14
-2.322834e-11
2.204091e-12
2.413439e-14
-2.666638e-11
1.957866e-12
1.198874e-14
-2.778864e-11
4.712638e-12
4.140436e-14
-3.565864e-11
1.466124e-13
4.409201e-15
-2.987545e-11
-6.131559e-14
-1.276928e-15
-3.151519e-11
-7.88755e-14
5.168365e-16
-3.164502e-11
2.78626e-13
1.117113e-15
-3.113572e-11
7.477034e-14
2.90318e-16
-3.207002e-11
-6.67378e-15
-1.222151e-16
-2.851102e-11
1.104051e-14
-6.496852e-17
-2.477421e-11
-1.096686e-14
3.037003e-18
-1.964812e-11
-5.124117e-15
6.641369e-17
-1.263997e-11
3.291087e-14
-3.538578e-16
1.611585e-13
1.349548e-10
7.361943e-12
-7.059669e-14
3.188817e-10
1.078423e-11
6.594268e-13
4.384462e-10
7.83869e-12
3.996745e-13
5.080389e-10
5.681283e-13
2.668584e-13
5.362062e-10
-7.23063e-12
7.269674e-14
5.284722e-10
-1.37718e-11
-6.000065e-14
4.875089e-10
-1.815886e-11
-4.545952e-13
4.129087e-10
-1.87435e-11
-1.002615e-12
3.017766e-10
-1.678948e-11
-1.250584e-12
1.489285e-10
-1.595736e-11
-1.508064e-13
1.932431e-13
-2.046795e-11
-1.353593e-13
2.499014e-14
-2.33767e-11
-2.192651e-13
2.119817e-14
-2.597069e-11
-5.67496e-13
2.445673e-14
-2.801507e-11
-1.995691e-12
3.976904e-14
-3.101551e-11
2.559741e-13
-6.819218e-16
-3.059831e-11
-2.183083e-13
-5.728999e-16
-3.382401e-11
-2.251736e-14
3.991098e-16
-3.144166e-11
8.268733e-14
1.187858e-15
-3.193358e-11
-2.03113e-13
-1.279443e-15
-3.280162e-11
-2.784285e-17
2.80153e-16
-2.84527e-11
-2.208336e-14
-5.127973e-16
-2.512769e-11
1.837072e-14
4.138795e-16
-1.975762e-11
-2.980453e-16
-3.331881e-17
-1.27471e-11
1.76407e-15
2.354293e-16
1.100084e-11
1.304271e-10
6.395818e-12
1.1067e-11
3.061305e-10
8.690038e-12
5.955526e-12
4.191218e-10
3.547474e-12
4.101555e-12
4.846108e-10
-5.349985e-12
4.400542e-12
5.109885e-10
-1.440475e-11
5.738463e-12
5.037522e-10
-2.190425e-11
7.329599e-12
4.653104e-10
-2.636455e-11
9.319471e-12
3.952088e-10
-2.70765e-11
9.653961e-12
2.902143e-10
-2.25028e-11
2.585459e-12
1.443378e-10
-1.893394e-11
-4.001624e-12
1.871096e-13
-2.233332e-11
-3.24561e-12
2.458557e-14
-2.576512e-11
-3.138963e-12
2.134189e-14
-2.679053e-11
-1.943133e-12
2.173597e-14
-3.054617e-11
-1.789116e-12
4.618444e-14
-3.175994e-11
5.905379e-14
5.682004e-16
-3.044692e-11
3.680329e-14
9.437537e-17
-3.094632e-11
2.07314e-13
1.336464e-15
-3.167023e-11
-1.533713e-13
-1.22947e-15
-3.271112e-11
7.54004e-14
8.181078e-16
-3.234202e-11
9.669282e-15
-1.724406e-17
-2.84085e-11
-8.214661e-17
1.779535e-16
-2.462813e-11
3.746631e-14
4.28083e-18
-1.97558e-11
1.893835e-14
1.982842e-16
-1.271728e-11
9.200988e-15
-2.35655e-16
1.996843e-11
1.171669e-10
-3.525962e-13
2.080647e-11
2.70624e-10
1.876452e-13
9.171407e-12
3.663728e-10
-4.869908e-12
5.40071e-12
4.210631e-10
-1.760786e-11
7.172377e-12
4.428142e-10
-2.848218e-11
9.932773e-12
4.364799e-10
-3.750966e-11
1.3785e-11
4.041709e-10
-4.46293e-11
1.812429e-11
3.451415e-10
-4.769878e-11
2.096383e-11
2.558967e-10
-4.287195e-11
1.137714e-11
1.29472e-10
-3.109134e-11
-7.784833e-12
1.686813e-13
-2.942989e-11
-6.086629e-12
2.446982e-14
-3.315953e-11
-4.607746e-12
2.483557e-14
-3.298016e-11
-2.915249e-12
1.323117e-14
-3.066958e-11
-1.646954e-12
3.794608e-14
-3.048065e-11
-2.090673e-13
-9.39621e-16
-3.372858e-11
-1.299077e-13
3.124418e-15
-3.152087e-11
-1.590094e-13
7.858884e-18
-3.166296e-11
4.141888e-14
1.769508e-15
-3.148125e-11
1.420382e-13
-6.656406e-16
-3.227553e-11
2.193267e-15
2.091309e-17
-2.870454e-11
5.2244e-15
-8.753031e-18
-2.481125e-11
-2.972372e-14
-2.115436e-16
-2.004433e-11
-1.128325e-14
2.877101e-17
-1.288169e-11
-1.535839e-14
9.400721e-17
2.145777e-11
9.190781e-11
-3.290971e-12
2.734083e-11
2.035012e-10
-1.787812e-11
1.180191e-11
2.715043e-10
-2.959805e-11
1.7723e-12
3.077856e-10
-3.790104e-11
6.378317e-12
3.22073e-10
-4.799676e-11
1.108991e-11
3.174288e-10
-5.983115e-11
1.614947e-11
2.95128e-10
-7.140132e-11
2.352072e-11
2.544613e-10
-8.268476e-11
3.156888e-11
1.919691e-10
-8.84055e-11
2.676181e-11
1.004721e-10
-6.677176e-11
-8.845723e-12
1.353931e-13
-5.602687e-11
-7.335122e-12
2.403317e-14
-5.086544e-11
-4.643305e-12
2.2555e-14
-4.402218e-11
-2.672636e-12
1.634746e-14
-3.446463e-11
-6.341616e-12
2.823006e-14
-3.20673e-11
-3.410822e-13
-2.794801e-16
-3.369352e-11
1.322823e-13
3.220409e-15
-2.970988e-11
-1.722069e-13
-1.049582e-15
-3.242637e-11
-2.725533e-13
-2.440233e-17
-3.247347e-11
-3.497597e-13
1.97319e-15
-3.285827e-11
-1.396919e-14
1.411176e-16
-2.886473e-11
-2.480073e-14
2.767244e-17
-2.499313e-11
-9.037284e-15
1.713015e-17
-2.013915e-11
-1.08595e-14
-1.477899e-16
-1.300474e-11
-3.536323e-15
1.371821e-16
1.898843e-11
4.672569e-11
-1.976202e-11
1.700884e-11
9.208234e-11
-3.906552e-11
6.089071e-12
1.178401e-10
-4.781388e-11
7.04153e-14
1.302054e-10
-5.113604e-11
3.360663e-12
1.351275e-10
-5.733011e-11
6.600984e-12
1.331076e-10
-6.65709e-11
1.09847e-11
1.247457e-10
-8.085598e-11
1.847827e-11
1.09585e-10
-1.007897e-10
3.040295e-11
8.597174e-11
-1.332011e-10
5.089329e-11
4.912738e-11
-1.84505e-10
2.140932e-12
8.43459e-14
-1.290821e-10
-2.757665e-12
2.710458e-14
-9.629632e-11
2.787766e-12
2.564511e-14
-7.055414e-11
2.839891e-12
1.968043e-14
-5.032037e-11
-2.157827e-12
3.159345e-14
-3.110846e-11
-5.126692e-14
-1.171412e-16
-3.309964e-11
5.866468e-14
-8.175196e-17
-3.033113e-11
-4.243025e-13
-7.921217e-16
-3.283289e-11
-2.392445e-13
1.966818e-16
-3.345542e-11
-3.87936e-13
-1.147912e-15
-3.353712e-11
-2.208738e-14
2.997571e-16
-2.891877e-11
-6.517656e-14
-2.454287e-16
-2.543431e-11
-6.584679e-14
3.472073e-17
-2.066061e-11
-1.962847e-14
4.319793e-16
-1.311952e-11
-1.587477e-14
1.026457e-16
5.866148e-11
1.988439e-14
-2.430353e-11
2.972836e-11
4.831199e-14
-3.223024e-11
2.924501e-11
3.298046e-14
-3.611123e-11
2.258974e-11
1.515394e-14
-3.581929e-11
1.726445e-11
-6.339599e-14
-2.395213e-11
-2.842866e-13
-3.749408e-15
-3.404071e-11
8.765102e-15
4.255657e-15
-2.997562e-11
-5.826053e-13
-6.198391e-15
-3.522306e-11
-4.722017e-13
2.757071e-16
-3.47214e-11
1.570684e-13
7.014417e-15
-3.224457e-11
2.911055e-15
-4.393424e-16
-3.008813e-11
-8.116017e-14
-3.268366e-16
-2.644639e-11
-1.054559e-14
5.323697e-16
-1.997431e-11
3.174344e-14
4.90731e-16
-1.297704e-11
-4.017492e-14
-3.583296e-16
3.502286e-11
2.915976e-14
-1.12081e-11
2.243382e-11
1.180269e-14
-1.529678e-11
2.509426e-11
5.398527e-14
-2.167145e-11
2.180985e-11
3.919722e-14
-2.689375e-11
2.494176e-11
2.020106e-14
-3.74428e-11
-7.727631e-13
4.791216e-15
-3.650597e-11
-2.007987e-13
-3.372164e-15
-3.479821e-11
-5.606274e-13
2.813494e-15
-3.321425e-11
4.805956e-14
-2.174017e-15
-3.315686e-11
-4.397737e-13
-1.541656e-15
-3.544887e-11
-3.009516e-14
8.502862e-16
-2.946296e-11
-8.190969e-15
-3.932635e-16
-2.627062e-11
2.451088e-14
-1.796857e-16
-2.068858e-11
-2.637841e-14
-1.069097e-17
-1.330554e-11
-5.019963e-14
1.865874e-16
2.365153e-11
1.445669e-14
-9.046107e-12
1.906845e-11
3.040953e-14
-1.542614e-11
1.951283e-11
9.573671e-15
-2.234676e-11
1.574274e-11
2.795831e-14
-2.376588e-11
1.813299e-11
6.09807e-14
-3.232505e-11
3.089228e-13
-8.87657e-16
-3.225247e-11
-3.535762e-13
7.911439e-17
-3.73479e-11
1.09061e-13
-7.03352e-16
-3.289033e-11
-3.252101e-13
-1.372985e-15
-3.458648e-11
-1.496921e-13
-8.438865e-16
-3.475239e-11
4.01236e-14
3.984573e-16
-3.083563e-11
-8.45852e-14
-3.310471e-16
-2.721446e-11
-1.486126e-14
5.730608e-16
-2.090688e-11
-8.621689e-15
9.689127e-17
-1.341993e-11
1.086349e-14
2.585315e-16
1.459872e-11
3.663104e-14
-7.517814e-12
1.240946e-11
1.916373e-14
-1.409399e-11
1.328708e-11
2.954941e-14
-2.204727e-11
1.027521e-11
-1.974663e-14
-2.186991e-11
1.503395e-11
8.327428e-14
-3.930917e-11
4.76307e-14
1.463864e-15
-3.368148e-11
7.738215e-14
-2.138939e-15
-3.553902e-11
7.857258e-13
8.965632e-15
-2.804067e-11
7.931655e-14
-6.161848e-15
-3.203881e-11
3.780552e-13
1.950956e-15
-3.306839e-11
3.04527e-14
-2.758873e-16
-3.062318e-11
-1.702604e-14
-1.658218e-16
-2.658864e-11
6.479011e-14
5.23286e-16
-2.068713e-11
7.386688e-17
-2.702314e-16
-1.338297e-11
-2.618539e-14
-3.621635e-16
6.91932e-12
3.635872e-14
-7.303985e-12
6.504342e-12
3.792383e-14
-1.42308e-11
6.761248e-12
1.052025e-14
-2.017806e-11
5.257427e-12
3.295978e-14
-2.505245e-11
8.036368e-12
4.165634e-14
-3.505391e-11
3.508693e-13
2.021709e-15
-3.136014e-11
-2.159646e-13
-1.738352e-15
-3.549808e-11
4.217583e-13
3.590239e-15
-3.273894e-11
-6.712081e-13
-1.933552e-15
-3.415765e-11
-3.389151e-13
-2.623197e-15
-3.444277e-11
-2.485252e-14
1.333028e-16
-3.032789e-11
2.611364e-14
2.547173e-16
-2.599402e-11
4.721278e-14
-1.933149e-17
-2.095005e-11
-2.485449e-14
5.348045e-17
-1.346401e-11
1.945561e-14
3.473442e-17
1.939733e-14
-7.118717e-12
1.000404e-14
-1.267382e-11
1.757698e-14
-2.013639e-11
1.426681e-14
-2.733151e-11
-1.743914e-15
-3.356278e-11
1.177261e-15
-3.162823e-11
1.457974e-15
-3.42745e-11
2.319668e-15
-3.238306e-11
2.348759e-16
-3.134308e-11
-7.062902e-15
-3.371862e-11
3.045551e-16
-2.994998e-11
4.656907e-16
-2.436114e-11
-3.424432e-16
-1.987607e-11
5.980087e-16
-1.25288e-11
-6.298693e-12
3.434492e-14
-7.335242e-12
-6.141132e-12
1.685745e-14
-1.402126e-11
-5.490784e-12
2.213956e-14
-2.291942e-11
-5.343689e-12
-5.156482e-15
-2.515465e-11
-7.696156e-12
-2.227029e-15
-2.89252e-11
2.982751e-13
-7.384112e-16
-2.905657e-11
-1.802143e-13
-6.210976e-15
-3.337496e-11
5.178176e-13
8.307339e-15
-2.789862e-11
7.160014e-13
6.438589e-15
-2.792597e-11
-3.168566e-13
-7.42144e-15
-3.286945e-11
1.835496e-14
-9.093196e-17
-2.884857e-11
4.713039e-14
5.984747e-16
-2.449363e-11
-1.182553e-13
-1.195419e-15
-2.082735e-11
-6.327125e-15
7.232884e-16
-1.275855e-11
1.398739e-14
7.597228e-16
-1.373814e-11
2.951014e-14
-8.933707e-12
-1.139287e-11
3.597821e-14
-1.552138e-11
-1.265884e-11
1.260742e-14
-2.143092e-11
-1.428799e-11
2.89796e-14
-2.777356e-11
-1.168271e-11
2.232452e-14
-4.290891e-11
-4.919893e-13
3.445198e-15
-3.65964e-11
-3.900828e-13
-2.779424e-15
-3.818278e-11
2.072815e-13
2.020527e-15
-3.229911e-11
-6.699346e-13
1.546056e-15
-3.320246e-11
-6.341734e-13
5.281962e-16
-3.368793e-11
1.288902e-14
1.418516e-16
-2.889327e-11
4.671407e-14
2.647928e-16
-2.426723e-11
-5.36116e-14
-4.343171e-16
-1.991611e-11
4.743387e-14
-1.97451e-16
-1.267859e-11
4.441491e-14
5.915586e-16
-2.280675e-11
1.135971e-14
-1.112736e-11
-1.729158e-11
3.148267e-14
-1.631401e-11
-1.864151e-11
3.523328e-14
-2.45826e-11
-1.723498e-11
-3.747016e-14
-2.382013e-11
-1.629882e-11
1.817907e-14
-3.424315e-11
7.377442e-13
6.529735e-16
-2.704137e-11
3.447893e-13
2.937429e-15
-3.332509e-11
1.008232e-12
1.447467e-15
-2.883077e-11
-7.328958e-14
-6.45319e-15
-3.417968e-11
5.493351e-14
2.436176e-15
-3.33387e-11
3.151574e-15
3.665022e-17
-3.030032e-11
-3.819636e-14
-3.622948e-16
-2.618467e-11
3.831619e-16
6.542902e-16
-1.954711e-11
-2.85393e-15
-4.704722e-16
-1.271856e-11
5.590385e-14
3.555251e-16
-3.388451e-11
3.30894e-14
-2.484429e-11
-2.195475e-11
1.494943e-14
-3.169964e-11
-2.493999e-11
2.476252e-14
-3.632941e-11
-2.299528e-11
3.009158e-14
-3.619653e-11
-2.279693e-11
6.621716e-14
-4.176299e-11
1.741327e-13
6.225505e-15
-3.36378e-11
-4.851955e-13
-3.790084e-15
-3.698037e-11
1.009187e-12
1.547932e-14
-2.433952e-11
-4.777655e-13
-1.190576e-14
-3.388215e-11
3.064683e-13
1.49331e-15
-3.305507e-11
-5.195141e-14
-5.997782e-16
-3.065653e-11
1.385756e-14
7.490476e-16
-2.518e-11
3.413444e-14
-4.937093e-17
-2.066788e-11
-8.582909e-14
-7.287678e-16
-1.315359e-11
-5.526268e-14
-2.909168e-16
4.080458e-11
-1.89284e-11
7.908358e-11
-3.725833e-11
9.982684e-11
-4.633796e-11
1.094474e-10
-4.837201e-11
1.128132e-10
-5.457495e-11
1.10579e-10
-6.399481e-11
1.031954e-10
-7.700884e-11
9.028796e-11
-9.783149e-11
7.049448e-11
-1.293984e-10
4.002297e-11
-1.795352e-10
-5.824507e-11
6.435e-14
-1.246245e-10
-2.918948e-11
2.686772e-14
-9.350911e-11
-2.800818e-11
1.204643e-14
-6.8386e-11
-2.26181e-11
1.5755e-14
-4.907525e-11
-2.290723e-11
2.280457e-14
-3.088794e-11
6.679878e-13
8.148388e-16
-3.05895e-11
1.266081e-13
2.061954e-16
-3.28088e-11
4.147998e-13
1.502103e-15
-3.114144e-11
-7.889549e-13
7.08636e-16
-3.365313e-11
4.352978e-13
-5.033246e-16
-3.231479e-11
2.037636e-14
-3.593985e-17
-2.876224e-11
1.012667e-13
-8.988147e-18
-2.465566e-11
4.619538e-14
1.008741e-16
-1.984211e-11
4.394022e-14
-1.768932e-17
-1.277634e-11
1.10267e-13
9.109462e-17
-1.73354e-11
8.272634e-11
-4.364393e-12
-1.568983e-11
1.812755e-10
-1.95114e-11
-7.4433e-12
2.399627e-10
-3.094835e-11
-1.263531e-12
2.702916e-10
-3.797692e-11
-4.235212e-12
2.815321e-10
-4.702136e-11
-7.124575e-12
2.764079e-10
-5.777514e-11
-1.097536e-11
2.56135e-10
-6.937212e-11
-1.792957e-11
2.201287e-10
-7.984473e-11
-2.973933e-11
1.65513e-10
-8.686097e-11
-5.107278e-11
8.626222e-11
-6.570292e-11
-2.320164e-12
1.17701e-13
-5.430719e-11
2.612724e-12
2.115441e-14
-4.977589e-11
-3.091018e-12
2.331108e-14
-4.383531e-11
-4.410104e-12
1.32482e-14
-3.802566e-11
-1.332502e-12
1.880717e-14
-3.178052e-11
4.685749e-13
1.394107e-16
-2.951847e-11
2.348626e-13
-6.665155e-17
-3.22477e-11
1.040607e-13
-1.381504e-15
-3.270328e-11
2.475491e-13
1.741229e-15
-3.215128e-11
3.943954e-13
9.093854e-16
-3.235562e-11
2.053301e-14
-8.540876e-17
-2.855114e-11
1.552251e-14
-3.160011e-17
-2.483468e-11
3.050694e-14
1.769246e-16
-1.981754e-11
2.938166e-14
5.72699e-17
-1.269143e-11
2.358435e-14
6.891039e-17
-1.922468e-11
1.089241e-10
-5.024554e-13
-2.544874e-11
2.502394e-10
-3.724058e-12
-1.320899e-11
3.377351e-10
-9.534626e-12
-2.800966e-12
3.862095e-10
-1.921873e-11
-6.324081e-12
4.048996e-10
-2.879337e-11
-1.156603e-11
3.981533e-10
-3.748659e-11
-1.677009e-11
3.678316e-10
-4.390109e-11
-2.372888e-11
3.133848e-10
-4.637569e-11
-3.150037e-11
2.31804e-10
-4.245755e-11
-2.711988e-11
1.169646e-10
-2.9949e-11
8.19407e-12
1.527206e-13
-3.150074e-11
6.911734e-12
2.252551e-14
-3.256605e-11
3.750642e-12
2.144078e-14
-3.14174e-11
6.934285e-13
3.316453e-14
-3.220995e-11
7.888851e-12
1.242184e-14
-3.301724e-11
2.404114e-13
1.687579e-15
-2.998466e-11
6.236823e-14
-2.656347e-15
-3.163308e-11
4.96577e-13
4.644231e-15
-2.906682e-11
4.361092e-13
-2.364669e-15
-3.141569e-11
1.09172e-13
-7.788299e-17
-3.173392e-11
1.477525e-14
1.345446e-16
-2.836413e-11
1.965227e-14
8.024909e-17
-2.453809e-11
2.59672e-14
1.13577e-17
-1.975887e-11
1.757778e-14
9.273131e-17
-1.254235e-11
1.03126e-14
-7.097848e-17
-1.656496e-11
1.255611e-10
3.655463e-12
-2.209892e-11
2.946193e-10
6.890592e-12
-1.098277e-11
4.022204e-10
3.935137e-12
-3.807863e-12
4.641087e-10
-5.514508e-12
-6.139864e-12
4.886405e-10
-1.435656e-11
-9.862755e-12
4.81134e-10
-2.167345e-11
-1.440963e-11
4.439471e-10
-2.63573e-11
-1.90976e-11
3.766026e-10
-2.715514e-11
-2.174621e-11
2.761692e-10
-2.285255e-11
-1.137402e-11
1.37205e-10
-2.020427e-11
7.126771e-12
1.77547e-13
-2.146046e-11
5.634032e-12
2.388046e-14
-2.542174e-11
4.344898e-12
2.717054e-14
-2.77032e-11
3.848691e-12
1.307493e-14
-2.921398e-11
7.08566e-12
5.158466e-14
-2.85822e-11
1.501666e-13
-4.477683e-16
-3.11962e-11
-1.142784e-14
8.545027e-16
-3.147705e-11
8.004981e-14
-1.219492e-16
-3.170263e-11
-2.279346e-13
-3.752331e-16
-3.2349e-11
-1.198201e-13
-4.953799e-17
-3.286298e-11
9.990951e-15
1.346104e-16
-2.833371e-11
-2.744282e-14
-3.173274e-16
-2.507531e-11
-8.576736e-15
2.755816e-16
-1.979618e-11
7.745064e-15
1.157721e-16
-1.266741e-11
-7.85361e-14
-7.004646e-16
-9.558858e-12
1.348871e-10
6.934024e-12
-1.134248e-11
3.189047e-10
1.138182e-11
-5.404576e-12
4.384731e-10
7.691212e-12
-3.131213e-12
5.080514e-10
3.682908e-13
-3.90718e-12
5.362088e-10
-7.498364e-12
-5.524511e-12
5.284683e-10
-1.404047e-11
-7.481787e-12
4.87497e-10
-1.817523e-11
-1.002087e-11
4.128963e-10
-1.872521e-11
-1.080206e-11
3.017657e-10
-1.691991e-11
-4.601346e-12
1.489149e-10
-1.68815e-11
3.589756e-12
1.920873e-13
-1.92614e-11
2.830691e-12
2.235731e-14
-2.339431e-11
2.490404e-12
2.480119e-14
-2.598558e-11
1.737223e-12
2.76258e-14
-2.908735e-11
2.934591e-12
5.233093e-14
-3.289782e-11
-3.262617e-13
-1.006249e-15
-3.528331e-11
1.540631e-13
4.3301e-15
-3.038287e-11
-4.966744e-14
-1.246534e-15
-3.197449e-11
-9.954473e-14
3.462158e-16
-3.184535e-11
2.88247e-13
1.00357e-15
-3.194089e-11
6.096178e-15
3.99541e-17
-2.85374e-11
-7.361115e-15
-1.24788e-16
-2.464451e-11
1.324839e-14
-5.15727e-17
-1.99047e-11
-1.199737e-14
-5.718545e-18
-1.265981e-11
-5.723014e-15
6.693729e-17
-1.583074e-13
1.372422e-10
8.533982e-12
-3.686316e-14
3.248473e-10
1.177154e-11
3.721816e-13
4.473886e-10
7.343402e-12
6.349788e-13
5.190004e-10
3.378706e-13
3.529117e-13
5.481713e-10
-7.343068e-12
2.505509e-13
5.406078e-10
-1.38655e-11
-2.715099e-14
4.98946e-10
-1.784318e-11
-7.070367e-14
4.228278e-10
-1.868764e-11
-2.8306e-13
3.092461e-10
-1.629073e-11
-1.065055e-12
1.52729e-10
-1.692488e-11
-2.00973e-13
1.960768e-13
-1.963995e-11
-2.500284e-13
2.593149e-14
-2.347285e-11
1.262444e-13
2.71534e-14
-2.670637e-11
-1.491234e-13
1.649961e-14
-2.785912e-11
4.464869e-13
1.731954e-14
-3.05701e-11
1.041612e-13
-4.546653e-16
-3.12444e-11
2.467672e-13
-2.600095e-16
-3.087488e-11
-1.935668e-13
-9.139719e-16
-3.321019e-11
-4.545843e-15
6.573199e-16
-3.191297e-11
8.011048e-14
1.042164e-15
-3.199316e-11
-2.047694e-14
-1.638081e-16
-2.9085e-11
2.006991e-15
2.905954e-16
-2.459631e-11
-2.16994e-14
-5.154678e-16
-2.015545e-11
1.7486e-14
4.089445e-16
-1.272083e-11
1.487939e-16
-2.990474e-17
1.164047e-11
1.321429e-10
6.441219e-12
1.113969e-11
3.112642e-10
1.027844e-11
5.768271e-12
4.271962e-10
3.927103e-12
4.231761e-12
4.946826e-10
-5.357842e-12
4.814826e-12
5.221441e-10
-1.413859e-11
5.86418e-12
5.150634e-10
-2.162395e-11
7.628293e-12
4.760324e-10
-2.645622e-11
9.38038e-12
4.044856e-10
-2.690498e-11
9.749458e-12
2.971878e-10
-2.286633e-11
3.007883e-12
1.479342e-10
-1.772077e-11
-4.172344e-12
1.909572e-13
-2.242979e-11
-3.095623e-12
2.499284e-14
-2.533898e-11
-2.624696e-12
2.40932e-14
-2.781449e-11
-2.445803e-12
2.398357e-14
-2.737214e-11
-2.81718e-12
2.422294e-14
-2.959041e-11
-1.293453e-13
-1.066611e-15
-3.198158e-11
5.643077e-14
1.049629e-15
-3.082285e-11
5.610931e-14
5.383489e-18
-3.143489e-11
1.349877e-13
1.157156e-15
-3.20365e-11
-1.428293e-13
-1.470025e-15
-3.286492e-11
5.627233e-15
1.259553e-16
-2.874298e-11
6.683585e-15
-4.919163e-17
-2.460574e-11
1.051666e-15
1.979492e-16
-1.983737e-11
3.802132e-14
1.402923e-18
-1.27418e-11
1.980476e-14
2.023665e-16
2.054974e-11
1.180369e-10
-1.27024e-13
2.077316e-11
2.742602e-10
1.773651e-12
8.597121e-12
3.727727e-10
-3.092974e-12
5.623285e-12
4.294798e-10
-1.713991e-11
7.303434e-12
4.522337e-10
-2.793822e-11
1.040971e-11
4.461455e-10
-3.744464e-11
1.389555e-11
4.133054e-10
-4.439261e-11
1.845637e-11
3.531204e-10
-4.757778e-11
2.08157e-11
2.618933e-10
-4.300196e-11
1.07669e-11
1.32588e-10
-2.99911e-11
-7.707945e-12
1.744171e-13
-3.211338e-11
-6.107066e-12
2.416445e-14
-3.067812e-11
-4.701382e-12
2.14905e-14
-3.317575e-11
-2.475479e-12
3.377718e-14
-3.337651e-11
-5.621882e-12
4.200174e-14
-3.162739e-11
-2.606625e-13
1.033733e-15
-3.074464e-11
-2.090523e-13
-1.143873e-15
-3.33315e-11
-1.359401e-13
3.232569e-15
-3.166251e-11
-1.410594e-13
-1.900526e-16
-3.21317e-11
8.595754e-14
1.928552e-15
-3.223394e-11
1.468754e-14
-7.67855e-17
-2.87192e-11
4.548463e-15
1.75719e-17
-2.483431e-11
6.039329e-15
-6.878143e-18
-1.999618e-11
-3.078014e-14
-2.207611e-16
-1.291541e-11
-1.151202e-14
2.829465e-17
2.222309e-11
9.149314e-11
-2.96518e-12
2.773313e-11
2.051278e-10
-1.569023e-11
1.146845e-11
2.7553e-10
-2.787278e-11
1.134617e-12
3.135474e-10
-3.648032e-11
6.565157e-12
3.288142e-10
-4.784456e-11
1.107788e-11
3.243443e-10
-5.940363e-11
1.656567e-11
3.017521e-10
-7.208344e-11
2.35617e-11
2.602274e-10
-8.234118e-11
3.213495e-11
1.964202e-10
-8.899371e-11
2.592687e-11
1.02794e-10
-6.578525e-11
-8.866011e-12
1.415575e-13
-5.565577e-11
-7.297434e-12
2.486817e-14
-5.149903e-11
-4.613658e-12
2.356588e-14
-4.35418e-11
-2.097195e-12
2.012992e-14
-3.929025e-11
-4.222035e-12
6.234301e-14
-3.289471e-11
-1.515643e-13
-9.327392e-16
-3.210911e-11
-3.834096e-13
-7.78293e-16
-3.34312e-11
1.054118e-13
3.41813e-15
-3.041582e-11
-2.42654e-13
-1.232507e-15
-3.270168e-11
-3.098532e-13
1.078432e-16
-3.282302e-11
-3.207434e-14
2.487958e-16
-2.918963e-11
-1.396874e-14
1.56014e-16
-2.498419e-11
-2.495288e-14
2.585367e-17
-2.014723e-11
-8.99683e-15
1.676137e-17
-1.299567e-11
-1.110814e-14
-1.553992e-16
2.000492e-11
4.520869e-11
-1.845668e-11
1.716288e-11
9.191358e-11
-3.675406e-11
5.43655e-12
1.191183e-10
-4.623499e-11
-1.464407e-13
1.32398e-10
-4.970266e-11
2.865075e-12
1.378502e-10
-5.6734e-11
6.649643e-12
1.360449e-10
-6.695211e-11
1.100326e-11
1.275117e-10
-8.041871e-11
1.860987e-11
1.120744e-10
-1.021078e-10
3.053759e-11
8.790294e-11
-1.335191e-10
5.16624e-11
5.02842e-11
-1.862211e-10
2.106701e-12
7.797401e-14
-1.278188e-10
-3.06961e-12
3.631372e-14
-9.63201e-11
2.644008e-12
2.724395e-14
-6.976213e-11
5.296106e-12
2.540703e-14
-5.343664e-11
2.453182e-12
1.270197e-15
-3.582832e-11
-1.733012e-13
-2.013984e-16
-3.132525e-11
-8.621909e-14
3.751577e-17
-3.311976e-11
1.477811e-13
-4.236189e-16
-3.125045e-11
-4.520123e-13
-8.168461e-16
-3.324141e-11
-2.313745e-13
1.920851e-16
-3.336836e-11
-3.131975e-14
-1.239806e-16
-2.976273e-11
-2.691629e-14
3.091453e-16
-2.506616e-11
-6.783944e-14
-2.486553e-16
-2.049062e-11
-6.948445e-14
2.549514e-17
-1.329854e-11
-1.993821e-14
4.548966e-16
5.924723e-11
2.813718e-14
-2.422232e-11
2.946909e-11
2.198686e-14
-3.126821e-11
2.839035e-11
4.668839e-14
-3.560517e-11
2.201678e-11
3.959003e-14
-3.656062e-11
2.210921e-11
2.69059e-14
-3.316578e-11
1.869824e-13
8.320019e-15
-2.455079e-11
-2.804411e-13
-6.249941e-15
-3.398575e-11
7.646554e-14
6.378341e-15
-3.108604e-11
-4.409198e-13
-6.870515e-15
-3.437237e-11
-5.484643e-13
-2.814913e-17
-3.507944e-11
2.56397e-14
7.362317e-16
-2.880575e-11
-3.524231e-15
-4.757363e-16
-2.601396e-11
-8.464e-14
-3.341309e-16
-2.122415e-11
-1.613522e-14
5.224108e-16
-1.300149e-11
3.227275e-14
5.214917e-16
3.493661e-11
1.828098e-14
-1.133976e-11
2.319109e-11
3.020497e-14
-1.535774e-11
2.471233e-11
1.119642e-14
-2.044746e-11
2.182669e-11
4.979237e-14
-2.804673e-11
2.575214e-11
4.232132e-14
-3.539569e-11
-3.355105e-13
-2.26655e-15
-3.684503e-11
-8.819107e-13
4.679992e-15
-3.601144e-11
-2.15845e-13
-2.269748e-15
-3.436324e-11
-6.10784e-13
3.169061e-15
-3.296255e-11
-1.667871e-13
-2.337087e-15
-3.352492e-11
-3.392767e-14
-2.44019e-16
-3.133985e-11
-3.178664e-14
8.884393e-16
-2.552643e-11
-6.30137e-15
-4.006399e-16
-2.111145e-11
2.513193e-14
-1.996614e-16
-1.338048e-11
-2.487188e-14
-1.755508e-17
2.374504e-11
3.498177e-14
-9.367035e-12
1.873936e-11
1.43066e-14
-1.546786e-11
2.010149e-11
2.907421e-14
-2.234929e-11
1.816927e-11
-2.2963e-15
-3.044935e-11
1.740577e-11
8.106984e-14
-2.624963e-11
2.9532e-13
-2.646376e-15
-3.263839e-11
3.079167e-13
-9.438785e-16
-3.239904e-11
-2.950676e-13
-1.31427e-17
-3.604536e-11
2.176692e-13
4.141732e-16
-3.356217e-11
-4.608739e-13
-2.828889e-15
-3.429622e-11
-1.223124e-14
-5.821517e-17
-3.118912e-11
3.331161e-14
4.674501e-16
-2.658334e-11
-8.553313e-14
-2.995563e-16
-2.176033e-11
-1.754496e-14
5.746259e-16
-1.351264e-11
-1.005578e-14
9.301798e-17
1.442105e-11
3.046812e-14
-7.883474e-12
1.247851e-11
3.675266e-14
-1.371147e-11
1.330253e-11
1.627555e-14
-2.078579e-11
1.245541e-11
3.570689e-14
-2.932422e-11
1.490908e-11
2.028878e-15
-2.907089e-11
-4.409709e-13
-3.667338e-15
-3.868473e-11
-7.170645e-15
1.902922e-15
-3.399739e-11
-2.593731e-14
-3.165392e-15
-3.561861e-11
9.087891e-13
8.278293e-15
-2.970784e-11
3.220273e-14
-5.20903e-15
-3.313653e-11
5.234574e-14
2.167367e-16
-2.962039e-11
3.438199e-14
-3.234138e-16
-2.64155e-11
-1.155546e-14
-1.591372e-16
-2.136441e-11
6.512328e-14
5.338254e-16
-1.341292e-11
6.259179e-16
-2.836997e-16
6.662468e-12
5.084397e-14
-6.996266e-12
6.088109e-12
3.863869e-14
-1.3797e-11
6.998473e-12
3.796885e-14
-2.156351e-11
5.646776e-12
1.125602e-14
-2.59911e-11
2.762053e-12
2.722226e-14
-2.778058e-11
-4.166639e-13
-2.762597e-15
-3.475081e-11
3.77542e-13
2.122723e-15
-3.201895e-11
-3.008375e-13
-1.600931e-15
-3.551912e-11
4.513749e-13
3.430769e-15
-3.31564e-11
-8.10515e-13
-1.308236e-15
-3.387264e-11
-3.418105e-14
-3.032541e-16
-3.068449e-11
-2.402054e-14
1.286669e-16
-2.626468e-11
2.512097e-14
2.668335e-16
-2.099984e-11
4.681877e-14
-2.152563e-17
-1.356435e-11
-2.656678e-14
5.333357e-17
3.180496e-14
-6.474246e-12
2.171712e-14
-1.355183e-11
1.00875e-14
-1.864347e-11
1.150633e-14
-2.595338e-11
-3.618714e-14
-3.602135e-11
1.397998e-15
-3.301148e-11
1.013806e-15
-3.136814e-11
1.371791e-15
-3.380976e-11
2.393427e-15
-3.202087e-11
3.981763e-16
-3.167686e-11
-7.627437e-16
-2.999111e-11
3.014927e-16
-2.574954e-11
4.383594e-16
-1.965568e-11
-3.155925e-16
-1.274782e-11
6.143386e-16
-6.789489e-12
2.609657e-14
-7.080153e-12
-5.35918e-12
3.637914e-14
-1.358138e-11
-6.674067e-12
1.662537e-14
-2.025472e-11
-5.637837e-12
2.854885e-14
-3.208036e-11
-1.079583e-11
2.201015e-14
-2.679808e-11
2.87581e-13
-7.614686e-16
-2.929537e-11
2.580581e-13
-8.371033e-16
-3.006886e-11
-1.950999e-13
-4.794401e-15
-3.349078e-11
2.519848e-13
7.167187e-15
-2.922469e-11
7.036904e-13
4.60057e-15
-2.976255e-11
-3.125086e-14
-7.256936e-16
-2.928777e-11
2.343734e-14
-5.146663e-17
-2.493281e-11
5.155153e-14
6.475236e-16
-1.973504e-11
-1.179346e-13
-1.24607e-15
-1.324736e-11
-7.287912e-15
7.475366e-16
-1.406276e-11
6.644737e-15
-8.814613e-12
-1.148437e-11
3.229417e-14
-1.490867e-11
-1.21612e-11
3.056599e-14
-2.223214e-11
-1.239233e-11
-3.793097e-16
-2.674733e-11
-1.021413e-11
-4.898786e-14
-3.48034e-11
-4.470719e-13
-2.904706e-15
-4.111873e-11
-5.78615e-13
3.872303e-15
-3.487035e-11
-3.5577e-13
-3.744046e-15
-3.66155e-11
1.885586e-13
2.47908e-15
-3.286376e-11
-5.448394e-13
1.504326e-15
-3.364407e-11
-6.991855e-14
5.840276e-17
-3.011273e-11
1.290997e-14
1.57365e-16
-2.497954e-11
4.609821e-14
2.448611e-16
-1.9646e-11
-5.84534e-14
-4.319204e-16
-1.281924e-11
4.759327e-14
-2.058602e-16
-2.299476e-11
3.947638e-14
-1.098845e-11
-1.771304e-11
1.401161e-14
-1.542537e-11
-1.920936e-11
2.786431e-14
-2.218871e-11
-1.504426e-11
3.197656e-14
-3.27662e-11
-2.197312e-11
5.233291e-14
-2.548026e-11
1.645203e-13
-5.770304e-16
-3.386622e-11
7.489887e-13
-1.321129e-17
-2.747261e-11
2.871981e-13
8.100318e-16
-3.34328e-11
9.339593e-13
3.194115e-15
-3.090124e-11
1.836673e-14
-5.403338e-15
-3.426745e-11
3.040672e-15
2.30774e-16
-2.963538e-11
1.202277e-14
6.173595e-17
-2.597274e-11
-3.790681e-14
-3.717333e-16
-2.088387e-11
2.715916e-15
6.470171e-16
-1.263728e-11
-1.908494e-15
-4.821941e-16
-3.330361e-11
2.50858e-14
-2.496918e-11
-2.183888e-11
3.427835e-14
-3.228469e-11
-2.476205e-11
6.100789e-15
-3.496349e-11
-2.203382e-11
5.146776e-14
-3.695076e-11
-2.439658e-11
4.437138e-14
-3.439083e-11
-5.402044e-13
3.206078e-16
-4.054943e-11
8.548188e-14
6.429785e-15
-3.3316e-11
-4.937333e-13
-4.674698e-15
-3.6405e-11
1.112515e-12
1.671316e-14
-2.7262e-11
-1.908848e-13
-1.059027e-14
-3.33122e-11
1.910436e-14
1.219942e-16
-2.93425e-11
-4.529785e-14
-6.206529e-16
-2.627525e-11
1.096634e-14
7.528404e-16
-2.022471e-11
3.6208e-14
-3.635877e-17
-1.31871e-11
-8.883686e-14
-7.627307e-16
4.169061e-11
-1.855784e-11
8.089381e-11
-3.674309e-11
1.022088e-10
-4.730946e-11
1.12191e-10
-5.015216e-11
1.156356e-10
-5.544588e-11
1.134164e-10
-6.457331e-11
1.058493e-10
-7.769546e-11
9.267349e-11
-9.746386e-11
7.240441e-11
-1.297225e-10
4.11763e-11
-1.81816e-10
-5.784181e-11
6.313771e-14
-1.239241e-10
-2.887132e-11
2.230864e-14
-9.315491e-11
-2.843158e-11
2.806157e-14
-6.82801e-11
-2.021279e-11
6.478758e-15
-5.267505e-11
-2.147436e-11
3.401351e-14
-2.934211e-11
5.463298e-13
-1.291472e-15
-3.103579e-11
7.218695e-13
7.676554e-16
-3.107091e-11
1.598804e-13
5.072895e-16
-3.313584e-11
5.004837e-13
1.415413e-15
-3.163112e-11
-5.539604e-13
5.976242e-16
-3.292169e-11
2.888697e-14
-6.157773e-17
-2.873884e-11
2.615207e-14
-3.09434e-17
-2.48541e-11
1.038996e-13
-1.405134e-17
-1.986371e-11
5.013595e-14
1.063817e-16
-1.277954e-11
4.51781e-14
-2.092319e-17
-1.694284e-11
8.451688e-11
-4.427566e-12
-1.551289e-11
1.852749e-10
-1.864944e-11
-7.242329e-12
2.454565e-10
-3.127225e-11
-1.909298e-12
2.766529e-10
-3.801572e-11
-3.266345e-12
2.883114e-10
-4.781363e-11
-6.848534e-12
2.832553e-10
-5.85999e-11
-1.104411e-11
2.626392e-10
-7.004265e-11
-1.812947e-11
2.257895e-10
-8.071097e-11
-2.954329e-11
1.698829e-10
-8.629226e-11
-5.134576e-11
8.860213e-11
-6.499918e-11
-2.839569e-12
1.207181e-13
-5.455619e-11
3.161681e-12
2.390223e-14
-5.059398e-11
-3.181367e-12
2.019138e-14
-4.290874e-11
-4.033695e-12
2.245358e-14
-3.927279e-11
-8.438528e-13
2.509058e-14
-2.961784e-11
2.359487e-13
-4.926593e-16
-3.194684e-11
4.39092e-13
3.766309e-16
-3.014968e-11
2.098038e-13
-1.507241e-16
-3.198112e-11
1.355558e-13
-1.6567e-15
-3.263053e-11
1.578453e-13
1.662111e-15
-3.241544e-11
2.456208e-14
1.076102e-16
-2.876978e-11
2.35186e-14
-9.304043e-17
-2.469202e-11
1.391498e-14
-4.547144e-17
-1.997838e-11
3.235583e-14
2.003763e-16
-1.275192e-11
2.991962e-14
5.560985e-17
-1.847875e-11
1.111576e-10
-9.436065e-13
-2.546564e-11
2.555945e-10
-2.861329e-12
-1.320275e-11
3.451689e-10
-9.156855e-12
-2.959923e-12
3.950327e-10
-1.921379e-11
-5.811048e-12
4.143883e-10
-2.901932e-11
-1.072826e-11
4.077147e-10
-3.746572e-11
-1.653537e-11
3.769146e-10
-4.444075e-11
-2.383984e-11
3.213298e-10
-4.712933e-11
-3.217928e-11
2.377588e-10
-4.195361e-11
-2.639888e-11
1.200585e-10
-3.052483e-11
8.22768e-12
1.573474e-13
-3.093442e-11
6.788427e-12
2.231544e-14
-3.266146e-11
3.85988e-12
2.360667e-14
-3.215681e-11
3.216014e-13
1.149319e-14
-2.799825e-11
7.709142e-12
1.728334e-14
-3.316344e-11
1.118502e-14
1.62771e-15
-3.297171e-11
2.998417e-13
2.197311e-15
-3.024206e-11
-2.337696e-15
-3.272288e-15
-3.184324e-11
5.105729e-13
3.564914e-15
-3.039102e-11
3.823883e-13
-1.124481e-15
-3.210999e-11
1.177435e-14
-2.379976e-17
-2.827333e-11
1.483348e-14
1.437066e-16
-2.453023e-11
2.048334e-14
9.469178e-17
-1.976079e-11
2.849104e-14
6.318326e-18
-1.271616e-11
1.75647e-14
9.283821e-17
-1.641718e-11
1.280222e-10
3.559656e-12
-2.086449e-11
3.00561e-10
6.408289e-12
-1.094813e-11
4.108297e-10
3.726712e-12
-3.827472e-12
4.744056e-10
-5.665095e-12
-6.160095e-12
4.998332e-10
-1.444398e-11
-9.561138e-12
4.924162e-10
-2.158242e-11
-1.363432e-11
4.546064e-10
-2.616781e-11
-1.88795e-11
3.859003e-10
-2.680243e-11
-2.184196e-11
2.831787e-10
-2.315442e-11
-1.185612e-11
1.40725e-10
-1.910647e-11
7.230704e-12
1.834871e-13
-2.372832e-11
5.577855e-12
2.260624e-14
-2.42151e-11
4.12405e-12
2.197242e-14
-2.710567e-11
3.151168e-12
2.67806e-14
-2.926106e-11
3.631775e-12
4.10775e-14
-3.019505e-11
1.535982e-13
-7.134339e-17
-2.923463e-11
1.803162e-13
-1.074263e-16
-3.145344e-11
-6.515117e-14
3.091497e-16
-3.162951e-11
8.623378e-14
2.203529e-16
-3.217799e-11
-1.40096e-13
-4.229664e-16
-3.226364e-11
-1.223222e-14
-4.741651e-17
-2.917451e-11
1.123489e-14
1.551654e-16
-2.451318e-11
-2.771872e-14
-3.275741e-16
-2.011678e-11
-9.080661e-15
2.887027e-16
-1.273526e-11
7.640665e-15
1.156517e-16
-1.001674e-11
1.371771e-10
6.967321e-12
-1.103022e-11
3.249483e-10
1.089418e-11
-4.763722e-12
4.474214e-10
7.488385e-12
-3.050653e-12
5.190104e-10
4.122289e-13
-3.834122e-12
5.481739e-10
-7.403856e-12
-5.458313e-12
5.406062e-10
-1.391164e-11
-7.555734e-12
4.989415e-10
-1.794593e-11
-9.461082e-12
4.228191e-10
-1.870867e-11
-1.031159e-11
3.092386e-10
-1.618527e-11
-4.263661e-12
1.527248e-10
-1.751514e-11
3.566782e-12
1.965483e-13
-2.053129e-11
2.803469e-12
2.545617e-14
-2.232992e-11
2.173975e-12
1.765556e-14
-2.548827e-11
1.356502e-12
2.687962e-14
-2.761835e-11
2.266946e-12
2.542196e-14
-3.121738e-11
-1.47378e-13
-2.522657e-15
-3.282349e-11
-3.115347e-13
-8.156836e-16
-3.49424e-11
1.652868e-13
4.835034e-15
-3.098567e-11
-6.811594e-14
-1.922249e-15
-3.223008e-11
-4.108447e-14
5.964609e-16
-3.208296e-11
2.57218e-14
1.31681e-16
-2.84355e-11
7.389622e-15
2.745536e-17
-2.467288e-11
-7.958075e-15
-1.354661e-16
-1.983848e-11
1.403909e-14
-4.761483e-17
-1.279303e-11
-1.27737e-14
-8.683367e-18
-1.559426e-14
1.390287e-10
9.367054e-12
6.578012e-14
3.301721e-10
1.342232e-11
8.248114e-13
4.559629e-10
8.055059e-12
4.978145e-13
5.297717e-10
3.010312e-13
5.086653e-13
5.601398e-10
-7.316869e-12
3.20875e-13
5.527578e-10
-1.3933e-11
2.076711e-13
5.104475e-10
-1.793749e-11
-1.04849e-13
4.327628e-10
-1.8293e-11
-1.573024e-13
3.166826e-10
-1.623718e-11
-8.999758e-14
1.565338e-10
-1.698324e-11
-2.088744e-13
2.014381e-13
-2.077401e-11
-2.289999e-13
2.264169e-14
-2.250708e-11
-7.416675e-13
2.452151e-14
-2.541101e-11
4.818305e-13
2.793824e-14
-2.98058e-11
9.503166e-13
4.097001e-14
-3.184803e-11
-3.119081e-14
1.728918e-16
-3.074097e-11
1.171769e-13
-5.591125e-16
-3.155498e-11
3.067811e-13
-8.209052e-17
-3.124981e-11
-1.820137e-13
-1.688137e-16
-3.300633e-11
-1.403322e-14
3.002085e-16
-3.230972e-11
6.856758e-15
5.667003e-17
-2.846687e-11
-1.991985e-14
-1.27217e-16
-2.507468e-11
1.059291e-15
2.714539e-16
-1.981373e-11
-2.187219e-14
-5.213849e-16
-1.29329e-11
1.762704e-14
4.157085e-16
1.198341e-11
1.330462e-10
7.080822e-12
1.140879e-11
3.153615e-10
1.067272e-11
5.596081e-12
4.345773e-10
5.80905e-12
4.360598e-12
5.045086e-10
-4.641806e-12
4.825997e-12
5.332352e-10
-1.396089e-11
6.263079e-12
5.264608e-10
-2.136381e-11
7.718597e-12
4.867949e-10
-2.619539e-11
9.68704e-12
4.138382e-10
-2.704748e-11
9.841635e-12
3.041652e-10
-2.294131e-11
3.197442e-12
1.514878e-10
-1.884025e-11
-4.028879e-12
1.962395e-13
-2.128799e-11
-3.37527e-12
2.360766e-14
-2.517337e-11
-2.561603e-12
2.479556e-14
-2.754411e-11
-1.366239e-12
2.481e-14
-2.907363e-11
-2.334042e-12
1.323487e-14
-3.084891e-11
-6.179834e-14
5.742063e-16
-2.991389e-11
-1.443046e-13
-1.34589e-15
-3.218505e-11
7.956079e-14
1.04833e-15
-3.137854e-11
-3.179315e-14
-1.25896e-17
-3.195418e-11
1.389269e-13
1.05205e-15
-3.236125e-11
-1.75297e-14
-1.631659e-16
-2.9205e-11
8.735242e-15
1.563583e-16
-2.483895e-11
5.23794e-15
-5.818983e-17
-1.985077e-11
1.898661e-15
2.069819e-16
-1.278796e-11
3.941052e-14
3.021873e-18
2.082381e-11
1.173243e-10
1.603268e-12
2.134974e-11
2.762177e-10
3.166862e-12
8.781968e-12
3.781291e-10
-1.027362e-12
5.195353e-12
4.374092e-10
-1.507713e-11
7.529243e-12
4.616212e-10
-2.747878e-11
1.036506e-11
4.558553e-10
-3.691149e-11
1.437892e-11
4.225722e-10
-4.45242e-11
1.852875e-11
3.611369e-10
-4.740949e-11
2.118702e-11
2.679623e-10
-4.276253e-11
1.052679e-11
1.356831e-10
-3.069473e-11
-7.752528e-12
1.78635e-13
-3.09904e-11
-6.135592e-12
2.606911e-14
-3.328852e-11
-4.451186e-12
2.709903e-14
-3.091859e-11
-2.260474e-12
4.150849e-14
-3.319614e-11
-6.426073e-12
-2.75346e-15
-3.148424e-11
-2.665843e-13
-2.075913e-16
-3.166029e-11
-2.367618e-13
1.148694e-15
-3.119669e-11
-1.475797e-13
-5.708443e-16
-3.315492e-11
-1.162211e-13
2.536812e-15
-3.199447e-11
-1.165656e-13
-1.086204e-17
-3.257883e-11
6.265273e-15
2.181142e-16
-2.871056e-11
1.968877e-14
-7.989597e-17
-2.485055e-11
3.30778e-15
2.194859e-17
-2.002164e-11
6.872978e-15
-8.789955e-18
-1.289985e-11
-3.174952e-14
-2.283934e-16
2.269247e-11
8.806344e-11
4.499813e-14
2.782897e-11
2.042391e-10
-1.357606e-11
1.197722e-11
2.782628e-10
-2.589238e-11
1.071052e-12
3.187398e-10
-3.432262e-11
6.076671e-12
3.35381e-10
-4.625647e-11
1.128242e-11
3.31397e-10
-5.954478e-11
1.652038e-11
3.084549e-10
-7.166845e-11
2.403016e-11
2.661224e-10
-8.348807e-11
3.207282e-11
2.008692e-10
-8.845122e-11
2.671397e-11
1.051861e-10
-6.646423e-11
-8.95344e-12
1.41702e-13
-5.460279e-11
-7.358284e-12
3.07531e-14
-5.139802e-11
-4.254416e-12
2.395175e-14
-4.466547e-11
-5.449925e-13
2.075271e-14
-3.78531e-11
-6.959866e-12
3.139666e-14
-3.023191e-11
-1.616685e-13
-2.115989e-15
-3.302971e-11
-1.819255e-13
-3.043921e-16
-3.219248e-11
-4.051875e-13
-1.018107e-15
-3.283126e-11
7.750953e-14
3.326958e-15
-3.124386e-11
-2.662172e-13
-9.312214e-16
-3.277287e-11
-3.008483e-14
-2.326777e-17
-2.917273e-11
-3.338955e-14
2.686113e-16
-2.527241e-11
-1.458752e-14
1.695812e-16
-2.015433e-11
-2.574087e-14
3.145538e-17
-1.300504e-11
-9.043081e-15
1.730698e-17
2.036108e-11
3.862463e-11
-1.460039e-11
1.748913e-11
8.918893e-11
-3.433381e-11
5.977084e-12
1.193485e-10
-4.399766e-11
1.312668e-13
1.342888e-10
-4.82927e-11
2.985976e-12
1.404908e-10
-5.532618e-11
6.438587e-12
1.389691e-10
-6.613291e-11
1.114206e-11
1.304219e-10
-8.108262e-11
1.872011e-11
1.145892e-10
-1.018065e-10
3.066521e-11
8.991253e-11
-1.350388e-10
5.166146e-11
5.138118e-11
-1.864811e-10
2.240601e-12
8.407438e-14
-1.291009e-10
-3.23486e-12
2.369025e-14
-9.5099e-11
2.174296e-12
3.830046e-14
-7.020204e-11
4.049816e-12
2.490935e-14
-5.197849e-11
-4.854427e-13
1.973662e-14
-3.130474e-11
-1.95193e-13
7.863326e-16
-3.555509e-11
-1.550135e-13
-3.135119e-16
-3.158234e-11
-1.452234e-13
7.889714e-18
-3.310169e-11
8.668179e-14
-4.404928e-16
-3.202767e-11
-6.143499e-13
-7.918271e-16
-3.336894e-11
-2.455108e-14
2.11165e-17
-2.965643e-11
-3.414527e-14
-1.238546e-16
-2.572002e-11
-2.662253e-14
3.126825e-16
-2.025414e-11
-6.93777e-14
-2.492603e-16
-1.322346e-11
-7.194315e-14
2.069206e-17
5.924879e-11
1.533954e-14
-2.434932e-11
2.981352e-11
2.856533e-14
-3.085503e-11
2.806698e-11
1.462291e-14
-3.455671e-11
2.08014e-11
5.645721e-14
-3.480612e-11
2.320876e-11
2.673584e-14
-3.399006e-11
-3.88464e-13
2.222342e-15
-3.335459e-11
3.792006e-13
9.415682e-15
-2.56821e-11
-3.548934e-13
-7.736089e-15
-3.381625e-11
2.242532e-13
6.764939e-15
-3.246158e-11
-4.156271e-13
-6.968795e-15
-3.455482e-11
-5.044715e-14
-8.893005e-17
-3.11484e-11
2.222914e-14
8.317774e-16
-2.503081e-11
-4.835087e-15
-4.807269e-16
-2.092695e-11
-8.886678e-14
-3.362175e-16
-1.362598e-11
-1.913806e-14
5.149421e-16
3.497179e-11
3.709786e-14
-1.140044e-11
2.305641e-11
1.854177e-14
-1.569797e-11
2.504847e-11
2.871762e-14
-2.037853e-11
2.236042e-11
1.667565e-14
-2.471589e-11
2.530404e-11
5.445919e-14
-3.636241e-11
-3.678999e-14
-4.067208e-17
-3.525902e-11
-3.487403e-13
-2.145298e-15
-3.594664e-11
-1.000885e-12
4.072398e-15
-3.486827e-11
-1.92181e-13
-1.900505e-15
-3.438379e-11
-5.776837e-13
3.416751e-15
-3.320767e-11
-5.728612e-15
-2.889035e-16
-2.989945e-11
-2.587316e-14
-2.303836e-16
-2.692282e-11
-3.143577e-14
9.054718e-16
-2.063362e-11
-6.010145e-15
-4.006249e-16
-1.358786e-11
2.634042e-14
-2.112766e-16
2.356668e-11
2.451732e-14
-9.460658e-12
1.878656e-11
3.562151e-14
-1.590458e-11
2.010384e-11
1.438353e-14
-2.240217e-11
2.117094e-11
3.041061e-14
-3.130412e-11
1.795862e-11
3.017046e-14
-3.338767e-11
3.872197e-13
1.782998e-15
-2.739371e-11
3.445059e-13
-2.291427e-15
-3.319626e-11
3.312976e-13
-2.776064e-16
-3.255754e-11
-2.67096e-13
-1.397797e-15
-3.556173e-11
2.72071e-16
1.668094e-16
-3.421084e-11
-5.20412e-14
-2.300481e-16
-3.054952e-11
-2.413629e-14
-1.154933e-16
-2.689789e-11
2.856312e-14
4.674775e-16
-2.137527e-11
-8.793143e-14
-2.627806e-16
-1.394265e-11
-1.910291e-14
5.863379e-16
1.423187e-11
4.825825e-14
-7.933062e-12
1.230355e-11
3.329836e-14
-1.450185e-11
1.338301e-11
3.564811e-14
-2.036657e-11
1.158732e-11
2.563056e-14
-2.703483e-11
1.422101e-11
8.931984e-14
-4.177799e-11
2.317456e-13
8.035054e-15
-2.995723e-11
-5.07388e-13
-3.948844e-15
-3.777792e-11
-3.366845e-14
1.311178e-15
-3.379746e-11
3.962499e-14
-3.249118e-15
-3.465301e-11
7.284586e-13
8.562671e-15
-3.155284e-11
2.089512e-14
-5.456244e-16
-2.975406e-11
5.075114e-14
2.371706e-16
-2.571987e-11
4.121379e-14
-3.253926e-16
-2.126635e-11
-8.740111e-15
-1.620525e-16
-1.376333e-11
6.776122e-14
5.542177e-16
6.247995e-12
3.453336e-14
-6.485034e-12
5.865593e-12
5.464158e-14
-1.321732e-11
6.546748e-12
3.715154e-14
-2.078906e-11
6.952722e-12
4.959124e-14
-2.866456e-11
8.944846e-12
1.853227e-14
-3.529611e-11
6.877259e-13
3.0221e-15
-2.855698e-11
-3.036286e-13
-2.851573e-15
-3.463803e-11
3.767234e-13
1.848224e-15
-3.253305e-11
-3.15478e-13
-1.722255e-15
-3.470484e-11
3.803838e-13
3.29195e-15
-3.364645e-11
-7.63665e-14
-1.372266e-16
-3.030755e-11
-3.287682e-14
-2.810958e-16
-2.653243e-11
-2.514002e-14
1.409459e-16
-2.118104e-11
2.575056e-14
2.70979e-16
-1.359643e-11
4.785785e-14
-2.516849e-17
2.561873e-14
-6.941567e-12
3.194529e-14
-1.202298e-11
2.164527e-14
-2.058853e-11
1.051779e-14
-2.500023e-11
2.723346e-14
-3.791305e-11
2.336664e-15
-3.537845e-11
9.006553e-16
-3.250671e-11
2.09017e-15
-3.212745e-11
1.632935e-15
-3.309097e-11
4.676578e-16
-3.141752e-11
1.345844e-16
-2.835035e-11
-7.783686e-16
-2.578561e-11
3.169943e-16
-2.05887e-11
3.997904e-16
-1.267149e-11
-3.135409e-16
-6.757765e-12
4.100126e-15
-7.365136e-12
-5.953291e-12
2.807413e-14
-1.275073e-11
-5.833834e-12
3.206362e-14
-2.011933e-11
-6.985134e-12
1.742942e-14
-2.620679e-11
-4.470585e-12
4.523332e-14
-3.888595e-11
7.123425e-13
4.046089e-15
-2.835994e-11
3.376902e-13
-1.257676e-16
-2.968323e-11
2.583326e-13
-3.313433e-15
-3.082468e-11
-2.932865e-13
-4.37894e-15
-3.382549e-11
2.388342e-13
7.303543e-15
-3.054628e-11
7.02533e-14
4.667483e-16
-2.68718e-11
-3.111195e-14
-6.720317e-16
-2.534619e-11
2.411464e-14
-5.189179e-17
-2.007418e-11
5.373915e-14
6.927709e-16
-1.272314e-11
-1.209512e-13
-1.297476e-15
-1.42911e-11
4.861128e-14
-8.848721e-12
-1.201197e-11
7.047878e-15
-1.457298e-11
-1.236127e-11
3.480389e-14
-2.198222e-11
-9.298633e-12
3.249006e-14
-2.863738e-11
-3.850591e-12
5.797695e-14
-4.572276e-11
8.276585e-14
6.443679e-15
-3.416009e-11
-4.86329e-13
-3.912701e-15
-3.901659e-11
-4.970501e-13
4.623704e-15
-3.360132e-11
-3.391213e-13
-5.33723e-15
-3.582959e-11
2.833311e-13
3.279648e-15
-3.374754e-11
-5.657202e-14
1.596186e-16
-2.990459e-11
-6.611499e-14
2.195882e-17
-2.592685e-11
1.413548e-14
1.956225e-16
-2.010637e-11
4.571504e-14
2.316823e-16
-1.271192e-11
-6.184678e-14
-4.450358e-16
-2.2093e-11
1.728806e-14
-1.123151e-11
-1.788486e-11
4.139891e-14
-1.503436e-11
-1.855193e-11
1.252234e-14
-2.172345e-11
-1.496095e-11
3.590779e-14
-2.946776e-11
-1.94042e-11
7.692621e-14
-3.863834e-11
8.051703e-13
7.815867e-15
-2.727555e-11
1.301637e-13
-7.904681e-16
-3.33686e-11
7.880556e-13
4.317784e-16
-2.810735e-11
3.039845e-14
-4.610302e-16
-3.30494e-11
9.8985e-13
4.124087e-15
-3.2264e-11
-5.322917e-15
-5.382578e-16
-3.029347e-11
5.181791e-15
1.848323e-16
-2.553403e-11
1.607876e-14
6.603156e-17
-2.075606e-11
-3.694539e-14
-3.897798e-16
-1.332292e-11
2.812831e-15
6.579038e-16
-3.38514e-11
9.035011e-15
-2.408153e-11
-2.134053e-11
2.540868e-14
-3.254892e-11
-2.397657e-11
3.419861e-14
-3.687871e-11
-2.267452e-11
1.91849e-14
-3.263119e-11
-2.207034e-11
2.90205e-14
-3.569351e-11
2.701429e-13
-1.799951e-15
-3.411931e-11
-6.962895e-13
-2.451201e-16
-3.860233e-11
1.279237e-13
6.49684e-15
-3.286654e-11
-7.750039e-13
-4.702764e-15
-3.594122e-11
1.189115e-12
1.420277e-14
-2.990208e-11
-3.889073e-14
-1.017689e-15
-2.950111e-11
2.231047e-14
1.101529e-16
-2.534231e-11
-4.853708e-14
-6.258982e-16
-2.096849e-11
1.057957e-14
7.573389e-16
-1.299832e-11
3.713596e-14
-2.734587e-17
4.260275e-11
-1.86774e-11
8.266851e-11
-3.666702e-11
1.04545e-10
-4.717692e-11
1.148609e-10
-5.196882e-11
1.184203e-10
-5.620647e-11
1.162416e-10
-6.515632e-11
1.085701e-10
-7.840976e-11
9.505114e-11
-9.834012e-11
7.431236e-11
-1.291589e-10
4.229995e-11
-1.823815e-10
-5.927707e-11
6.78511e-14
-1.252804e-10
-2.848046e-11
1.919534e-14
-9.232981e-11
-2.837924e-11
2.008294e-14
-6.803667e-11
-2.152748e-11
3.226416e-14
-5.098091e-11
-2.234586e-11
2.248211e-14
-3.147099e-11
4.109211e-13
5.608891e-16
-2.978037e-11
4.826437e-13
-1.078982e-15
-3.116231e-11
7.697736e-13
4.66159e-16
-3.170706e-11
1.435411e-13
4.840797e-16
-3.342724e-11
7.141616e-13
1.368817e-15
-3.240835e-11
-5.791208e-14
6.905341e-17
-2.922438e-11
3.819163e-14
-7.449534e-17
-2.484884e-11
3.01507e-14
-3.118027e-17
-2.000919e-11
1.080987e-13
-1.480277e-17
-1.280551e-11
5.266786e-14
1.098589e-16
-1.669266e-11
8.626316e-11
-4.309942e-12
-1.531725e-11
1.892662e-10
-1.934507e-11
-6.966033e-12
2.508811e-10
-3.092237e-11
-1.876754e-12
2.829653e-10
-3.870581e-11
-2.31459e-12
2.950733e-10
-4.826432e-11
-6.445615e-12
2.900636e-10
-5.891744e-11
-1.093016e-11
2.691374e-10
-7.074308e-11
-1.834356e-11
2.315383e-10
-8.136767e-11
-2.970147e-11
1.742464e-10
-8.76691e-11
-5.090954e-11
9.093044e-11
-6.413743e-11
-2.705711e-12
1.252787e-13
-5.395455e-11
2.498182e-12
2.374616e-14
-5.027911e-11
-2.595128e-12
2.496123e-14
-4.424379e-11
-4.363546e-12
1.762671e-14
-3.837415e-11
-1.735044e-12
3.287411e-14
-3.0173e-11
4.032755e-13
-3.159652e-16
-3.012267e-11
2.265335e-13
-3.842299e-16
-3.224658e-11
4.495297e-13
6.277454e-16
-3.108476e-11
3.06689e-13
9.623791e-17
-3.212017e-11
1.879886e-13
-1.649338e-15
-3.265386e-11
1.295237e-14
1.433991e-16
-2.880169e-11
2.499328e-14
1.063923e-16
-2.486322e-11
2.210166e-14
-9.002894e-17
-1.989368e-11
1.289644e-14
-6.534639e-17
-1.285205e-11
3.343661e-14
2.13233e-16
-1.846391e-11
1.133473e-10
-7.158997e-13
-2.478713e-11
2.608035e-10
-3.012467e-12
-1.267916e-11
3.5251e-10
-8.870612e-12
-2.843858e-12
4.03784e-10
-1.889618e-11
-5.849784e-12
4.2388e-10
-2.899823e-11
-1.041187e-11
4.172815e-10
-3.771271e-11
-1.596724e-11
3.859669e-10
-4.418383e-11
-2.369847e-11
3.292699e-10
-4.75901e-11
-3.239393e-11
2.438097e-10
-4.268445e-11
-2.737235e-11
1.231342e-10
-2.951431e-11
8.272554e-12
1.615699e-13
-3.145181e-11
6.803312e-12
2.30324e-14
-3.216621e-11
3.576183e-12
2.217308e-14
-3.217125e-11
1.262086e-12
1.167301e-14
-3.040689e-11
6.905698e-12
4.294218e-14
-3.170283e-11
-6.160971e-14
-8.048148e-16
-3.303271e-11
3.423794e-15
1.29499e-15
-3.27767e-11
3.288157e-13
2.511253e-15
-3.108474e-11
8.181681e-14
-2.955548e-15
-3.224865e-11
3.942787e-13
3.301492e-15
-3.111737e-11
4.139702e-14
-1.526675e-16
-2.855489e-11
1.058324e-14
-3.104948e-17
-2.449251e-11
1.507268e-14
1.542093e-16
-1.977271e-11
2.14109e-14
1.075411e-16
-1.273374e-11
2.995499e-14
3.184574e-18
-1.621198e-11
1.302221e-10
3.786086e-12
-2.088076e-11
3.062857e-10
7.268812e-12
-1.016476e-11
4.192142e-10
3.33646e-12
-3.935294e-12
4.846418e-10
-5.625675e-12
-6.215565e-12
5.109913e-10
-1.442989e-11
-9.546078e-12
5.037386e-10
-2.165704e-11
-1.364279e-11
4.652884e-10
-2.616725e-11
-1.821589e-11
3.951738e-10
-2.669347e-11
-2.166101e-11
2.901831e-10
-2.248788e-11
-1.195125e-11
1.443297e-10
-1.906199e-11
7.165717e-12
1.874936e-13
-2.259171e-11
5.708693e-12
2.483535e-14
-2.664094e-11
4.233652e-12
2.16531e-14
-2.632702e-11
2.484448e-12
2.914121e-14
-2.83648e-11
4.169032e-12
1.306522e-14
-3.151751e-11
1.717666e-14
-3.82196e-16
-3.041353e-11
2.064972e-13
-1.423107e-16
-2.998166e-11
1.742746e-13
-1.024285e-17
-3.195103e-11
-8.372049e-14
1.000883e-15
-3.197603e-11
4.387606e-14
-5.115849e-16
-3.230759e-11
-1.342261e-14
-2.335425e-18
-2.870671e-11
-1.606885e-14
-6.421157e-17
-2.513431e-11
1.250998e-14
1.542959e-16
-1.976013e-11
-2.810426e-14
-3.363402e-16
-1.29056e-11
-9.501833e-15
3.004887e-16
-9.760978e-12
1.389646e-10
7.720185e-12
-1.11259e-11
3.303229e-10
1.218334e-11
-4.754347e-12
4.560086e-10
7.799181e-12
-3.116107e-12
5.297862e-10
3.208813e-13
-3.86782e-12
5.601413e-10
-7.171681e-12
-5.323756e-12
5.527578e-10
-1.389358e-11
-7.420524e-12
5.104459e-10
-1.777676e-11
-9.750162e-12
4.327616e-10
-1.824203e-11
-9.91074e-12
3.166789e-10
-1.641654e-11
-3.488871e-12
1.565319e-10
-1.65791e-11
3.691865e-12
2.0249e-13
-2.130228e-11
2.596289e-12
2.376782e-14
-2.3359e-11
2.54436e-12
2.929299e-14
-2.570007e-11
2.221813e-12
2.204897e-14
-2.737568e-11
3.247922e-12
9.464537e-15
-3.018876e-11
5.446885e-14
-6.92606e-16
-3.145563e-11
-1.72144e-13
-2.190902e-15
-3.270651e-11
-3.478543e-13
-1.153927e-15
-3.454684e-11
1.71929e-13
5.177909e-15
-3.159946e-11
-9.000555e-14
-1.729821e-15
-3.2338e-11
-9.567598e-15
4.413685e-17
-2.855326e-11
2.739512e-14
1.455337e-16
-2.460114e-11
7.078481e-15
1.925788e-17
-1.986478e-11
-8.008892e-15
-1.413107e-16
-1.277506e-11
1.46792e-14
-4.758346e-17
8.811823e-13
1.399508e-10
9.883022e-12
5.800471e-14
3.34435e-10
1.577041e-11
9.915125e-13
4.63772e-10
1.013621e-11
7.331476e-13
5.402584e-10
1.18815e-12
2.997051e-13
5.720248e-10
-7.049498e-12
4.372931e-13
5.64985e-10
-1.369645e-11
2.887009e-13
5.219951e-10
-1.803733e-11
1.832491e-13
4.427707e-10
-1.844264e-11
-1.436095e-13
3.241268e-10
-1.577272e-11
-3.306952e-13
1.603003e-10
-1.645754e-11
-7.054257e-14
2.078142e-13
-2.082574e-11
-1.745351e-13
2.436294e-14
-2.398438e-11
-1.979329e-13
2.001771e-14
-2.492942e-11
1.211248e-13
3.111532e-14
-2.704274e-11
-2.480366e-12
-1.444934e-15
-3.002604e-11
-1.097346e-13
-4.239521e-16
-3.204422e-11
-6.909281e-15
4.832798e-16
-3.097952e-11
1.187722e-13
-1.05391e-15
-3.182124e-11
3.04203e-13
4.972208e-17
-3.193945e-11
-1.691147e-13
-4.989384e-16
-3.314568e-11
3.745728e-15
7.377357e-17
-2.870803e-11
7.532201e-15
3.247619e-17
-2.466092e-11
-2.008336e-14
-1.038948e-16
-2.013831e-11
1.409245e-16
2.689446e-16
-1.27726e-11
-2.258034e-14
-5.343373e-16
1.176546e-11
1.322503e-10
9.703528e-12
1.1776e-11
3.174629e-10
1.388888e-11
4.99673e-12
4.406998e-10
8.247068e-12
4.081282e-12
5.137484e-10
-2.322986e-12
5.0066e-12
5.442531e-10
-1.312885e-11
6.144222e-12
5.379107e-10
-2.116181e-11
8.144395e-12
4.977047e-10
-2.60222e-11
9.667836e-12
4.232406e-10
-2.674426e-11
1.012924e-11
3.11214e-10
-2.307146e-11
3.309348e-12
1.550351e-10
-1.926239e-11
-3.977005e-12
2.008844e-13
-2.250158e-11
-3.155929e-12
2.636442e-14
-2.428653e-11
-3.046647e-12
2.00076e-14
-2.663833e-11
-7.921057e-13
3.221349e-14
-2.91556e-11
-4.77579e-12
2.11652e-14
-3.08579e-11
-1.116325e-13
1.017002e-15
-3.124475e-11
-2.713708e-14
9.154936e-16
-3.035277e-11
-1.777713e-13
-1.881321e-15
-3.218378e-11
8.292439e-14
1.167705e-15
-3.189845e-11
7.119604e-15
2.236109e-16
-3.240298e-11
1.521911e-14
1.47305e-16
-2.877822e-11
-2.128665e-14
-1.985432e-16
-2.519158e-11
1.06859e-14
1.626846e-16
-2.000548e-11
4.927546e-15
-6.486594e-17
-1.281664e-11
2.417445e-15
2.137238e-16
2.246853e-11
1.130927e-10
4.278899e-12
2.156975e-11
2.749142e-10
8.527383e-12
8.572539e-12
3.816237e-10
2.984302e-12
5.002455e-12
4.445007e-10
-1.204976e-11
7.141667e-12
4.707696e-10
-2.527765e-11
1.065178e-11
4.657143e-10
-3.668396e-11
1.419995e-11
4.31966e-10
-4.398267e-11
1.906877e-11
3.693136e-10
-4.777036e-11
2.117266e-11
2.74052e-10
-4.266184e-11
1.076648e-11
1.388305e-10
-2.996454e-11
-7.658804e-12
1.828708e-13
-3.187304e-11
-6.122297e-12
2.714599e-14
-3.224848e-11
-5.141939e-12
2.239396e-14
-3.245257e-11
-4.006364e-12
1.934069e-14
-2.759182e-11
-7.675538e-12
-7.483211e-15
-3.278384e-11
-1.22346e-13
9.431344e-16
-3.159538e-11
-2.372365e-13
-2.744185e-16
-3.185948e-11
-2.664104e-13
1.060598e-15
-3.166554e-11
-1.407565e-13
-5.588146e-16
-3.311617e-11
-7.75598e-14
2.983503e-15
-3.250487e-11
-1.10369e-14
-3.987651e-17
-2.896476e-11
6.177461e-15
2.150525e-16
-2.485207e-11
1.997795e-14
-8.437426e-17
-2.004283e-11
3.441165e-15
2.458528e-17
-1.2923e-11
7.280736e-15
-9.437221e-18
2.500585e-11
7.638476e-11
6.961928e-12
2.914641e-11
1.980476e-10
-5.454941e-12
1.1272e-11
2.784299e-10
-1.955756e-11
7.52216e-13
3.229621e-10
-3.076071e-11
6.027255e-12
3.41708e-10
-4.368674e-11
1.095276e-11
3.384921e-10
-5.788112e-11
1.683954e-11
3.154107e-10
-7.224349e-11
2.398663e-11
2.721204e-10
-8.302206e-11
3.266446e-11
2.054502e-10
-9.019319e-11
2.632865e-11
1.075394e-10
-6.549778e-11
-8.870457e-12
1.481781e-13
-5.524072e-11
-7.60522e-12
2.527494e-14
-5.023604e-11
-4.525728e-12
3.200548e-14
-4.47906e-11
-7.319812e-13
2.28793e-14
-4.005312e-11
-7.853973e-12
2.912506e-14
-3.079979e-11
4.387182e-15
2.624728e-18
-3.049278e-11
-2.0663e-13
-2.200174e-15
-3.303045e-11
-1.755409e-13
-3.007556e-16
-3.238413e-11
-3.563149e-13
-5.719129e-16
-3.28869e-11
9.157814e-14
3.566203e-15
-3.233732e-11
-2.68452e-14
-1.554235e-16
-2.918183e-11
-3.36223e-14
-2.782606e-17
-2.523145e-11
-3.621481e-14
2.650363e-16
-2.036498e-11
-1.480498e-14
1.848616e-16
-1.301963e-11
-2.630375e-14
3.213194e-17
2.996945e-11
6.119323e-12
1.883976e-11
7.965704e-11
-2.396738e-11
6.252985e-12
1.173421e-10
-3.878192e-11
-2.445419e-13
1.355025e-10
-4.478946e-11
2.981788e-12
1.43028e-10
-5.38116e-11
6.542313e-12
1.419603e-10
-6.489513e-11
1.101751e-11
1.333896e-10
-8.019818e-11
1.894642e-11
1.17281e-10
-1.02874e-10
3.092087e-11
9.19414e-11
-1.350174e-10
5.21782e-11
5.25762e-11
-1.886091e-10
2.086711e-12
8.1235e-14
-1.292016e-10
-3.148372e-12
3.116017e-14
-9.615462e-11
1.952687e-12
1.997492e-14
-6.900948e-11
3.862304e-12
4.368262e-14
-5.343705e-11
1.563532e-12
2.708759e-14
-3.061202e-11
-3.371002e-13
3.082697e-16
-3.145574e-11
-2.828347e-13
8.177003e-16
-3.50352e-11
-1.378494e-13
-4.064886e-16
-3.199463e-11
-1.076277e-13
1.934737e-16
-3.308721e-11
-3.682366e-14
-3.480844e-16
-3.273573e-11
-4.587954e-14
-6.512435e-17
-2.964129e-11
-2.542036e-14
-4.604719e-18
-2.562797e-11
-3.411088e-14
-1.346072e-16
-2.070206e-11
-2.752899e-14
3.218166e-16
-1.311189e-11
-7.105694e-14
-2.554508e-16
6.031286e-11
3.701502e-14
-2.547676e-11
2.982592e-11
1.218369e-14
-3.113424e-11
2.836273e-11
2.712884e-14
-3.428651e-11
2.156995e-11
2.526877e-14
-3.398322e-11
2.316917e-11
7.829064e-14
-3.289093e-11
-4.263425e-13
-1.673519e-15
-3.410312e-11
-3.03195e-13
1.627325e-15
-3.380769e-11
4.521172e-13
1.18516e-14
-2.831383e-11
-3.717267e-13
-9.451964e-15
-3.415446e-11
-2.921978e-14
5.373119e-15
-3.315643e-11
-4.204078e-14
-5.709134e-16
-3.074073e-11
-6.66647e-14
-1.126451e-16
-2.675984e-11
2.050404e-14
8.421365e-16
-2.027202e-11
-6.907517e-15
-4.854994e-16
-1.34757e-11
-9.217917e-14
-3.442579e-16
3.504616e-11
1.828264e-14
-1.171781e-11
2.304125e-11
3.810351e-14
-1.582832e-11
2.517108e-11
1.788959e-14
-2.08575e-11
2.253103e-11
1.876306e-14
-2.195142e-11
2.536893e-11
-1.844733e-15
-3.186439e-11
-2.159515e-13
-3.430378e-16
-3.569359e-11
-5.799678e-14
-4.223079e-17
-3.490284e-11
-2.741463e-13
-8.433123e-16
-3.497749e-11
-1.024731e-12
3.415581e-15
-3.410579e-11
-2.187541e-13
-2.694732e-15
-3.44042e-11
-4.456898e-14
4.036877e-16
-2.968658e-11
-1.664533e-15
-2.834684e-16
-2.588169e-11
-2.752941e-14
-2.121234e-16
-2.15685e-11
-3.316641e-14
9.250344e-16
-1.3367e-11
-5.482378e-15
-4.113266e-16
2.34731e-11
4.834691e-14
-9.613701e-12
1.835514e-11
2.678191e-14
-1.584881e-11
2.010759e-11
3.552468e-14
-2.286108e-11
1.926968e-11
1.99969e-14
-3.022172e-11
1.456236e-11
5.931272e-14
-3.271922e-11
-1.998549e-13
-4.382655e-16
-3.305517e-11
4.256802e-13
1.699165e-15
-2.901006e-11
3.755506e-13
-2.391337e-15
-3.406897e-11
3.320035e-13
-7.534132e-16
-3.337754e-11
-4.283116e-13
-3.892119e-16
-3.478244e-11
9.967173e-15
1.808398e-17
-3.046394e-11
-5.347418e-14
-1.996262e-16
-2.638213e-11
-2.601741e-14
-1.663975e-16
-2.159016e-11
2.663194e-14
4.527751e-16
-1.376144e-11
-9.015472e-14
-2.553786e-16
1.374756e-11
3.969547e-14
-7.767313e-12
1.211181e-11
4.997201e-14
-1.45369e-11
1.333507e-11
3.33229e-14
-2.173526e-11
1.178165e-11
3.669432e-14
-2.568394e-11
1.330238e-11
2.867707e-14
-3.183096e-11
-1.121275e-13
-5.925244e-15
-4.104428e-11
1.89144e-13
8.266405e-15
-3.052804e-11
-4.919796e-13
-3.68103e-15
-3.655007e-11
1.294467e-13
3.240208e-15
-3.368092e-11
-4.36553e-14
-4.269691e-15
-3.399972e-11
8.975353e-14
8.278163e-16
-2.84675e-11
1.276803e-14
-5.313691e-16
-2.585391e-11
5.206382e-14
2.71896e-16
-2.08062e-11
4.12457e-14
-3.481772e-16
-1.372256e-11
-7.59609e-15
-1.646147e-16
6.84587e-12
3.152934e-14
-7.012944e-12
5.343589e-12
3.499384e-14
-1.207135e-11
6.566935e-12
5.328137e-14
-2.022795e-11
5.392782e-12
4.510776e-14
-2.675595e-11
8.027904e-12
3.528057e-14
-3.796977e-11
-3.458168e-13
6.396995e-16
-3.505458e-11
6.930254e-13
3.259085e-15
-2.971973e-11
-3.522422e-13
-2.684429e-15
-3.467931e-11
3.458482e-13
1.754469e-15
-3.324026e-11
-4.522842e-13
-1.59695e-15
-3.428525e-11
4.19446e-14
3.445501e-16
-3.002641e-11
-7.278306e-14
-1.897516e-16
-2.627473e-11
-3.134679e-14
-2.799575e-16
-2.136726e-11
-2.610445e-14
1.475167e-16
-1.368703e-11
2.671523e-14
2.816654e-16
1.219133e-16
-6.815794e-12
2.621598e-14
-1.303374e-11
3.065902e-14
-1.807882e-11
2.667159e-14
-2.798885e-11
-9.104306e-16
-3.107811e-11
-7.351696e-15
-3.67103e-11
2.285454e-15
-3.451306e-11
9.225539e-16
-3.273715e-11
2.612632e-15
-3.323506e-11
1.764108e-15
-3.281303e-11
6.580068e-17
-2.813435e-11
1.432381e-16
-2.463673e-11
-7.982413e-16
-2.06231e-11
3.322624e-16
-1.315664e-11
3.9334e-16
-7.037132e-12
5.863485e-14
-7.435606e-12
-6.065819e-12
3.529453e-15
-1.336528e-11
-6.317149e-12
2.552181e-14
-1.900381e-11
-4.029881e-12
4.332298e-14
-2.549582e-11
-8.350473e-12
-6.226898e-14
-2.17996e-11
-5.939279e-13
-6.947833e-15
-3.788706e-11
5.993429e-13
3.674885e-15
-2.98326e-11
3.730575e-13
2.146461e-15
-3.064525e-11
2.193181e-13
-3.574119e-15
-3.130716e-11
-3.591456e-13
-5.319682e-15
-3.352713e-11
2.816778e-14
8.459525e-16
-2.748419e-11
7.015018e-14
4.51824e-16
-2.358564e-11
-3.352718e-14
-6.757436e-16
-2.03717e-11
2.258896e-14
-6.210234e-17
-1.292963e-11
5.597227e-14
7.297622e-16
-1.347998e-11
1.604186e-14
-8.606152e-12
-1.227554e-11
4.885002e-14
-1.45998e-11
-1.307647e-11
5.486612e-15
-2.011949e-11
-1.002003e-11
3.939877e-14
-2.736729e-11
-1.80294e-11
8.823864e-14
-3.055313e-11
-1.152399e-12
-3.784602e-15
-4.358642e-11
7.480777e-14
6.955949e-15
-3.315558e-11
-2.566148e-13
-4.158239e-15
-3.778291e-11
-4.16568e-13
6.308194e-15
-3.380486e-11
-4.003539e-13
-5.883663e-15
-3.462155e-11
2.711844e-14
2.802789e-16
-2.999383e-11
-5.946723e-14
2.109677e-16
-2.570812e-11
-6.706084e-14
-1.210183e-17
-2.075075e-11
1.549549e-14
1.891565e-16
-1.295411e-11
4.693263e-14
2.32594e-16
-2.248719e-11
6.005814e-15
-1.14925e-11
-1.71679e-11
1.882792e-14
-1.541867e-11
-1.934598e-11
3.112881e-14
-1.973836e-11
-1.593824e-11
2.91627e-14
-2.872093e-11
-2.072866e-11
1.774942e-14
-3.174956e-11
-5.425867e-13
-6.761095e-15
-3.777144e-11
9.061231e-13
7.786814e-15
-2.926281e-11
3.319108e-13
1.138861e-15
-3.343375e-11
8.556682e-13
2.060903e-15
-3.004891e-11
4.239631e-14
-2.120073e-15
-3.248417e-11
9.462318e-14
3.876675e-16
-2.870351e-11
5.34302e-15
-5.171412e-16
-2.599793e-11
3.375497e-15
1.951007e-16
-2.049385e-11
1.780591e-14
6.922255e-17
-1.327272e-11
-3.808639e-14
-4.075944e-16
-3.410469e-11
1.923709e-14
-2.525428e-11
-2.198784e-11
6.867881e-15
-3.067881e-11
-2.389559e-11
2.70222e-14
-3.713475e-11
-2.069399e-11
4.907787e-14
-3.803271e-11
-2.312191e-11
-1.229951e-14
-3.140895e-11
-2.022009e-14
-2.809332e-15
-3.593459e-11
2.410219e-13
-1.049365e-15
-3.38657e-11
-5.351559e-13
3.009567e-16
-3.644375e-11
8.468331e-14
5.94666e-15
-3.30612e-11
-6.831214e-13
-4.87655e-15
-3.450567e-11
9.984521e-14
1.519755e-15
-2.703199e-11
-2.955618e-14
-9.341627e-16
-2.546999e-11
2.082196e-14
1.280649e-16
-2.037158e-11
-4.937486e-14
-6.310932e-16
-1.338464e-11
9.415813e-15
7.745e-16
4.346455e-11
-1.792154e-11
8.444403e-11
-3.609195e-11
1.068231e-10
-4.618062e-11
1.174294e-10
-5.119289e-11
1.211827e-10
-5.7051e-11
1.190339e-10
-6.548012e-11
1.112695e-10
-7.886186e-11
9.751169e-11
-9.935326e-11
7.620989e-11
-1.301799e-10
4.340064e-11
-1.81369e-10
-5.923303e-11
7.436329e-14
-1.257566e-10
-2.974041e-11
2.349899e-14
-9.306615e-11
-2.760734e-11
1.976189e-14
-6.7445e-11
-2.033914e-11
3.264887e-14
-5.223882e-11
-2.091766e-11
1.578464e-14
-3.217928e-11
2.286435e-13
9.605643e-17
-3.144287e-11
4.165861e-13
5.732564e-16
-3.042677e-11
5.904166e-13
-7.721778e-16
-3.152497e-11
5.422663e-13
2.713505e-16
-3.238598e-11
1.044586e-13
4.762138e-16
-3.326241e-11
6.533486e-14
1.411601e-16
-2.884498e-11
-4.211163e-14
8.712017e-17
-2.523786e-11
4.124511e-14
-9.001456e-17
-2.002184e-11
3.337149e-14
-3.112725e-17
-1.289322e-11
1.120562e-13
-1.63262e-17
-1.603272e-11
8.796451e-11
-4.575289e-12
-1.458899e-11
1.931329e-10
-1.871977e-11
-6.803195e-12
2.562469e-10
-3.090352e-11
-1.974953e-12
2.892023e-10
-3.784583e-11
-2.827303e-12
3.018324e-10
-4.847553e-11
-6.063402e-12
2.968744e-10
-5.943649e-11
-1.06903e-11
2.756032e-10
-7.070139e-11
-1.828601e-11
2.372685e-10
-8.197012e-11
-3.024147e-11
1.787115e-10
-8.810384e-11
-5.105474e-11
9.325803e-11
-6.63393e-11
-2.697595e-12
1.273369e-13
-5.305624e-11
2.538406e-12
2.610845e-14
-4.970321e-11
-3.46122e-12
2.387016e-14
-4.330474e-11
-1.943716e-12
2.860987e-14
-4.124393e-11
-1.441566e-12
1.512542e-14
-3.03589e-11
2.205605e-13
2.591083e-16
-3.05915e-11
4.136251e-13
-1.512086e-16
-3.071414e-11
1.870804e-13
-9.756929e-16
-3.24245e-11
4.630158e-13
4.034375e-16
-3.176886e-11
4.703345e-13
3.374218e-16
-3.254464e-11
1.43012e-14
-1.429821e-16
-2.902147e-11
1.530084e-14
1.541379e-16
-2.489982e-11
2.5006e-14
1.083875e-16
-2.001371e-11
2.314164e-14
-9.098583e-17
-1.282691e-11
1.235549e-14
-7.467321e-17
-1.807343e-11
1.153128e-10
-7.991608e-13
-2.406789e-11
2.658009e-10
-2.985129e-12
-1.221673e-11
3.596942e-10
-8.144031e-12
-2.742241e-12
4.124869e-10
-1.877678e-11
-6.031645e-12
4.333351e-10
-2.851801e-11
-1.044121e-11
4.268776e-10
-3.767632e-11
-1.592083e-11
3.950411e-10
-4.451074e-11
-2.323371e-11
3.371823e-10
-4.710822e-11
-3.220888e-11
2.498445e-10
-4.313541e-11
-2.760812e-11
1.263034e-10
-3.019572e-11
8.294587e-12
1.676137e-13
-3.054068e-11
6.971958e-12
2.302481e-14
-3.272617e-11
3.73411e-12
2.170583e-14
-3.171555e-11
1.926892e-12
2.073506e-14
-3.175871e-11
2.891591e-12
5.623094e-14
-2.945628e-11
7.005965e-14
-1.052419e-15
-3.187868e-11
-2.558614e-14
-5.430147e-16
-3.285484e-11
-2.488373e-14
7.02772e-16
-3.245712e-11
3.428651e-13
3.040647e-15
-3.184348e-11
4.785645e-14
-2.589405e-15
-3.247354e-11
3.761727e-14
2.770978e-16
-2.78184e-11
4.275877e-14
-1.008143e-16
-2.470297e-11
9.426111e-15
-5.717868e-17
-1.976899e-11
1.507598e-14
1.633146e-16
-1.275302e-11
2.195304e-14
1.148715e-16
-1.656297e-11
1.319381e-10
4.355483e-12
-2.064071e-11
3.113967e-10
7.203719e-12
-9.648461e-12
4.272869e-10
3.993476e-12
-4.358014e-12
4.947066e-10
-5.487881e-12
-6.443786e-12
5.221476e-10
-1.41949e-11
-9.483906e-12
5.150634e-10
-2.157012e-11
-1.358341e-11
4.76028e-10
-2.622202e-11
-1.845565e-11
4.044762e-10
-2.67726e-11
-2.101002e-11
2.971596e-10
-2.260283e-11
-1.16441e-11
1.479141e-10
-1.790848e-11
7.462431e-12
1.930274e-13
-2.272191e-11
5.507547e-12
2.55016e-14
-2.552039e-11
4.18688e-12
2.230666e-14
-2.834577e-11
1.774964e-12
1.354722e-14
-2.600382e-11
6.052369e-12
1.669558e-14
-3.134374e-11
6.27076e-14
5.233763e-16
-3.163342e-11
7.003843e-14
-2.170693e-16
-3.078641e-11
1.280394e-13
-6.420631e-16
-3.055252e-11
1.480454e-13
4.472312e-18
-3.229404e-11
-2.028516e-14
9.195588e-16
-3.228277e-11
5.153862e-15
-2.595595e-17
-2.872161e-11
-8.540487e-15
9.994188e-18
-2.481322e-11
-1.653002e-14
-7.92233e-17
-2.017983e-11
1.362936e-14
1.578433e-16
-1.274376e-11
-2.886375e-14
-3.48659e-16
-9.596093e-12
1.398825e-10
8.896671e-12
-1.096739e-11
3.345354e-10
1.359108e-11
-4.285913e-12
4.63823e-10
9.5617e-12
-2.95683e-12
5.402745e-10
9.939407e-13
-4.180321e-12
5.720297e-10
-7.079425e-12
-5.427919e-12
5.649866e-10
-1.351408e-11
-7.201756e-12
5.21997e-10
-1.794e-11
-9.516626e-12
4.427705e-10
-1.808796e-11
-1.038993e-11
3.24132e-10
-1.546988e-11
-3.450768e-12
1.60305e-10
-1.705365e-11
3.942772e-12
2.086196e-13
-2.04789e-11
2.844958e-12
2.537654e-14
-2.43345e-11
1.753624e-12
2.184645e-14
-2.536486e-11
1.141667e-12
2.173759e-14
-2.69191e-11
1.586079e-12
1.356612e-14
-3.16834e-11
-5.681429e-15
3.154896e-16
-3.039332e-11
6.130955e-14
-4.509747e-16
-3.174199e-11
-2.028654e-13
-2.625291e-15
-3.242486e-11
-3.385858e-13
-1.594786e-15
-3.394281e-11
1.643075e-13
5.605401e-15
-3.219745e-11
-1.148553e-14
-1.933067e-16
-2.876569e-11
-9.77566e-15
3.932197e-17
-2.469484e-11
2.709466e-14
1.605564e-16
-1.982794e-11
7.74098e-15
1.824005e-17
-1.279778e-11
-8.241054e-15
-1.490498e-16
4.833775e-13
1.391226e-10
1.157642e-11
6.610075e-13
3.366831e-10
1.787452e-11
1.003303e-12
4.702551e-10
1.320017e-11
6.953001e-13
5.501067e-10
3.660965e-12
4.736716e-13
5.838147e-10
-6.06218e-12
1.822027e-13
5.772625e-10
-1.333921e-11
4.113052e-13
5.336867e-10
-1.763577e-11
2.282024e-13
4.528355e-10
-1.866236e-11
2.176774e-13
3.316372e-10
-1.606084e-11
-1.18956e-13
1.640625e-10
-1.609051e-11
-1.421009e-13
2.123235e-13
-2.017593e-11
-7.55985e-14
2.740753e-14
-2.391527e-11
-7.501792e-14
2.261407e-14
-2.701029e-11
3.336045e-15
1.953865e-14
-2.590515e-11
-1.380536e-13
1.009203e-14
-3.19628e-11
7.987811e-14
1.706449e-15
-3.020987e-11
-1.223747e-13
-8.670337e-16
-3.233167e-11
2.618565e-14
1.140995e-15
-3.140528e-11
8.569579e-14
-1.464713e-15
-3.215676e-11
3.268502e-13
-5.331939e-16
-3.249743e-11
-1.915637e-14
-1.941537e-17
-2.944e-11
4.659432e-15
1.060709e-16
-2.481027e-11
5.785215e-15
6.580579e-19
-1.98903e-11
-2.055128e-14
-8.109973e-17
-1.294155e-11
-5.753209e-16
2.696819e-16
1.269999e-11
1.277339e-10
1.369327e-11
1.196323e-11
3.159088e-10
1.980409e-11
5.231298e-12
4.446245e-10
1.321693e-11
3.776679e-12
5.219771e-10
1.23929e-12
4.697002e-12
5.54982e-10
-1.05995e-11
6.362886e-12
5.495066e-10
-2.04083e-11
7.884065e-12
5.087719e-10
-2.589352e-11
1.017171e-11
4.328236e-10
-2.671421e-11
9.916638e-12
3.18298e-10
-2.260631e-11
3.385659e-12
1.586317e-10
-1.927828e-11
-3.903435e-12
2.062353e-13
-2.290298e-11
-3.109481e-12
2.648133e-14
-2.553433e-11
-2.572242e-12
2.770046e-14
-2.693295e-11
-3.198322e-12
3.109701e-14
-2.758042e-11
-5.923319e-12
1.677095e-14
-3.122135e-11
-3.154508e-14
-2.07393e-16
-3.110039e-11
-1.455877e-13
7.098885e-16
-3.171982e-11
-4.80997e-15
1.49898e-15
-3.093603e-11
-1.992731e-13
-1.598932e-15
-3.240363e-11
8.593932e-14
6.005388e-16
-3.240224e-11
-2.733188e-16
1.430122e-17
-2.882971e-11
2.019165e-14
1.537796e-16
-2.488782e-11
-2.318055e-14
-2.045933e-16
-2.024888e-11
1.323994e-14
1.668913e-16
-1.289772e-11
5.014445e-15
-6.854753e-17
2.409438e-11
9.99823e-11
1.348256e-11
2.317821e-11
2.6713e-10
1.701581e-11
8.541303e-12
3.816931e-10
1.091442e-11
4.69761e-12
4.501786e-10
-6.628685e-12
7.003288e-12
4.795432e-10
-2.178588e-11
1.033227e-11
4.756482e-10
-3.456935e-11
1.460642e-11
4.416764e-10
-4.415831e-11
1.8736e-11
3.776579e-10
-4.710718e-11
2.183188e-11
2.803005e-10
-4.324752e-11
1.073125e-11
1.419634e-10
-3.019887e-11
-7.740228e-12
1.86022e-13
-3.097713e-11
-5.991876e-12
2.895433e-14
-3.3509e-11
-4.629859e-12
2.592056e-14
-3.222897e-11
-1.663601e-12
2.317447e-14
-3.166144e-11
-3.163581e-12
2.453821e-14
-3.270406e-11
-9.271407e-14
5.904036e-17
-3.275432e-11
-1.238123e-13
8.923748e-16
-3.17482e-11
-1.99194e-13
-4.633162e-16
-3.218336e-11
-2.731334e-13
9.794956e-16
-3.21116e-11
-1.441876e-13
-7.448807e-17
-3.313986e-11
-5.50981e-15
2.768066e-16
-2.89344e-11
-1.034373e-14
-1.695956e-17
-2.50499e-11
7.009067e-15
2.200567e-16
-2.004948e-11
2.083326e-14
-8.84586e-17
-1.294297e-11
3.471481e-15
2.634305e-17
3.390453e-11
3.715699e-11
3.112164e-11
1.800332e-10
1.178471e-11
1.260955e-11
2.736441e-10
-7.871436e-12
3.375598e-13
3.253367e-10
-2.255996e-11
5.789588e-12
3.476746e-10
-3.952864e-11
1.102588e-11
3.457449e-10
-5.543739e-11
1.654875e-11
3.22601e-10
-7.064938e-11
2.44178e-11
2.784399e-10
-8.412343e-11
3.261581e-11
2.101149e-10
-8.950801e-11
2.720756e-11
1.100139e-10
-6.772123e-11
-9.186713e-12
1.472569e-13
-5.410228e-11
-7.388561e-12
3.082555e-14
-5.102194e-11
-4.948774e-12
2.333339e-14
-4.338345e-11
-6.226329e-13
4.307809e-14
-4.049316e-11
-7.492203e-12
1.485036e-14
-3.132785e-11
-1.228143e-13
2.122783e-16
-3.11533e-11
-6.710427e-15
4.192947e-16
-3.08891e-11
-2.00844e-13
-2.697481e-15
-3.287376e-11
-1.979763e-13
-3.967734e-16
-3.268939e-11
-3.82109e-13
-5.735504e-16
-3.307943e-11
1.070223e-14
4.018744e-16
-2.883439e-11
-2.886873e-14
-1.713702e-16
-2.527746e-11
-3.584173e-14
-1.646121e-17
-2.034465e-11
-3.884157e-14
2.715077e-16
-1.313389e-11
-1.527357e-14
1.919842e-16
2.72696e-11
1.304103e-11
7.205711e-12
1.097557e-10
-2.471871e-11
-1.747842e-15
1.35138e-10
-3.868328e-11
2.558554e-12
1.453008e-10
-4.96181e-11
6.571829e-12
1.451314e-10
-6.358908e-11
1.115071e-11
1.365637e-10
-7.929968e-11
1.87884e-11
1.200623e-10
-1.019239e-10
3.125485e-11
9.415384e-11
-1.36603e-10
5.227561e-11
5.376623e-11
-1.887064e-10
2.257832e-12
8.881869e-14
-1.304585e-10
-3.235727e-12
2.433553e-14
-9.615257e-11
2.475018e-12
3.305362e-14
-7.035414e-11
3.956233e-12
1.786676e-14
-5.148328e-11
1.226777e-12
4.596298e-14
-3.179263e-11
-3.503895e-13
9.549016e-16
-3.080707e-11
-3.292663e-13
2.06228e-16
-3.154473e-11
-3.86215e-13
8.952468e-16
-3.438921e-11
-1.361071e-13
-4.625052e-16
-3.250971e-11
-1.699974e-13
-1.239823e-17
-3.320008e-11
9.944404e-15
-4.050673e-17
-2.918481e-11
-4.811806e-14
-4.121735e-17
-2.562435e-11
-2.444961e-14
-2.252227e-18
-2.064216e-11
-3.523445e-14
-1.404186e-16
-1.334327e-11
-2.81881e-14
3.287099e-16
5.978481e-11
2.040379e-14
-2.488023e-11
3.078065e-11
3.63066e-14
-3.334155e-11
2.880429e-11
1.714017e-14
-3.483326e-11
2.15753e-11
3.005878e-14
-3.348338e-11
1.712453e-11
-4.791352e-15
-2.509672e-11
-2.628476e-13
-4.672376e-15
-3.311613e-11
-3.74166e-13
-5.617652e-16
-3.474575e-11
-4.623125e-13
6.680587e-16
-3.420252e-11
5.22822e-13
1.097729e-14
-3.042226e-11
-4.107359e-13
-7.593465e-15
-3.406307e-11
7.374124e-15
5.990214e-16
-2.956175e-11
-5.149509e-14
-6.157215e-16
-2.646119e-11
-6.734842e-14
-1.063193e-16
-2.142067e-11
1.842666e-14
8.502267e-16
-1.31607e-11
-7.505714e-15
-4.959287e-16
3.544558e-11
4.719467e-14
-1.230208e-11
2.320311e-11
1.898978e-14
-1.682742e-11
2.527741e-11
3.424511e-14
-2.126709e-11
2.30293e-11
1.484955e-14
-2.495216e-11
2.533994e-11
8.103988e-14
-3.17067e-11
-4.031105e-13
3.290478e-15
-3.206411e-11
-1.677336e-13
-2.444512e-16
-3.497548e-11
-5.666283e-14
-8.601303e-16
-3.425355e-11
-1.919032e-13
-7.886472e-16
-3.475207e-11
-9.057326e-13
3.988071e-15
-3.414784e-11
-1.426672e-14
-3.322061e-16
-3.058309e-11
-5.107587e-14
3.788353e-16
-2.57497e-11
-3.03998e-15
-3.133158e-16
-2.090926e-11
-3.010418e-14
-1.95461e-16
-1.384058e-11
-3.365395e-14
9.500937e-16
2.311828e-11
3.770716e-14
-9.628093e-12
1.839856e-11
5.146992e-14
-1.628013e-11
1.972182e-11
2.294819e-14
-2.263389e-11
1.752506e-11
3.615063e-14
-2.882083e-11
1.712081e-11
-3.005361e-14
-3.546915e-11
9.755777e-15
-2.488023e-15
-3.263829e-11
-1.149051e-13
-3.4619e-16
-3.32106e-11
3.973885e-13
2.64051e-15
-3.053325e-11
3.097322e-13
-3.85705e-15
-3.382389e-11
1.415402e-13
3.07331e-16
-3.394673e-11
-4.214354e-14
-3.802466e-17
-3.084143e-11
1.007848e-14
-1.805213e-17
-2.630198e-11
-5.551479e-14
-1.999902e-16
-2.12459e-11
-2.549588e-14
-1.611132e-16
-1.387839e-11
2.634347e-14
4.494972e-16
1.392787e-11
3.096996e-14
-7.256099e-12
1.15596e-11
4.254138e-14
-1.426399e-11
1.279882e-11
4.232392e-14
-2.120497e-11
1.157592e-11
3.940168e-14
-2.831133e-11
8.532267e-12
1.267019e-14
-2.664719e-11
4.246804e-15
-3.01076e-15
-3.205301e-11
-2.344208e-13
-6.184122e-15
-3.971883e-11
1.337158e-13
8.295633e-15
-3.06251e-11
-4.796967e-13
-4.079629e-15
-3.55002e-11
5.22401e-14
2.881192e-15
-3.425199e-11
1.116704e-14
-3.867633e-16
-3.037775e-11
7.99952e-14
8.172465e-16
-2.494643e-11
9.442634e-15
-5.366176e-16
-2.092516e-11
5.43866e-14
2.888589e-16
-1.349468e-11
4.177512e-14
-3.651422e-16
6.772169e-12
3.945893e-14
-6.862339e-12
5.978314e-12
3.126754e-14
-1.317931e-11
5.200386e-12
2.795663e-14
-1.756264e-11
5.179196e-12
8.191803e-14
-2.605052e-11
5.411063e-12
-1.297849e-14
-3.367637e-11
-4.036531e-13
-3.631795e-15
-3.759452e-11
-3.431103e-13
5.052217e-16
-3.484545e-11
7.384786e-13
2.929737e-15
-3.133222e-11
-3.731051e-13
-1.988219e-15
-3.463123e-11
2.916309e-13
1.292636e-15
-3.384144e-11
-4.071441e-14
-1.424996e-16
-3.063577e-11
4.677685e-14
4.029538e-16
-2.60605e-11
-7.176104e-14
-2.222326e-16
-2.121662e-11
-3.186845e-14
-2.84898e-16
-1.378838e-11
-2.719664e-14
1.535602e-16
6.306602e-14
-7.242958e-12
-4.248023e-16
-1.295663e-11
2.434695e-14
-1.946999e-11
2.972481e-14
-2.242676e-11
2.901039e-14
-3.701507e-11
5.768242e-15
-3.160105e-11
-6.936809e-15
-3.54436e-11
1.935656e-15
-3.417945e-11
7.215122e-16
-3.336257e-11
1.784691e-15
-3.354222e-11
3.164797e-16
-2.91816e-11
2.091262e-17
-2.45273e-11
1.570604e-16
-1.989775e-11
-8.12094e-16
-1.319697e-11
3.507673e-16
-6.684972e-12
9.654582e-15
-6.753445e-12
-6.292105e-12
5.973337e-14
-1.36223e-11
-6.343643e-12
-1.073147e-16
-2.021223e-11
-6.038712e-12
2.795072e-14
-2.334084e-11
-5.817422e-12
5.968823e-14
-3.823619e-11
4.628344e-13
7.329795e-15
-2.341642e-11
-5.138894e-13
-7.597438e-15
-3.681348e-11
6.060007e-13
2.467648e-15
-3.058951e-11
3.701913e-13
2.68795e-15
-3.221115e-11
2.417653e-13
-1.878797e-15
-3.250332e-11
-2.95636e-14
-6.369434e-16
-2.975867e-11
2.556283e-14
8.337777e-16
-2.399587e-11
6.95567e-14
4.536213e-16
-1.924106e-11
-3.452771e-14
-6.902947e-16
-1.309069e-11
2.247335e-14
-7.318671e-17
-1.412338e-11
5.407087e-15
-8.483444e-12
-1.149962e-11
1.609818e-14
-1.427989e-11
-1.349211e-11
4.983705e-14
-2.06117e-11
-1.240434e-11
7.135707e-15
-2.376518e-11
-1.484182e-11
3.9485e-14
-3.36964e-11
4.118388e-14
-2.224388e-15
-3.111434e-11
-1.246772e-12
-3.178636e-15
-4.079859e-11
8.307586e-14
6.889409e-15
-3.246634e-11
-3.904868e-13
-5.289127e-15
-3.666353e-11
-3.188409e-13
6.6337e-15
-3.390073e-11
-4.387236e-14
-5.062233e-16
-3.060355e-11
2.180422e-14
2.276886e-16
-2.583683e-11
-5.825046e-14
2.291131e-16
-2.061976e-11
-6.63235e-14
-7.711229e-18
-1.328836e-11
1.591207e-14
1.882696e-16
-2.263044e-11
1.389722e-14
-1.158201e-11
-1.762407e-11
6.806986e-15
-1.599972e-11
-1.776508e-11
1.487484e-14
-2.157591e-11
-1.645341e-11
4.617738e-14
-2.407479e-11
-1.554095e-11
-4.879579e-15
-3.718934e-11
1.671895e-13
1.33677e-16
-3.194313e-11
-4.972565e-13
-6.320023e-15
-3.659599e-11
9.185349e-13
6.558068e-15
-3.044402e-11
2.80582e-14
-2.200312e-16
-3.384176e-11
1.130583e-12
3.043148e-15
-3.265164e-11
2.674781e-15
-1.06146e-16
-2.899554e-11
9.613701e-14
3.182791e-16
-2.491328e-11
5.27358e-15
-5.06424e-16
-2.080955e-11
4.574469e-15
2.165734e-16
-1.316395e-11
1.845484e-14
7.07394e-17
-3.424369e-11
3.723468e-14
-2.510073e-11
-2.199739e-11
1.729896e-14
-3.308427e-11
-2.459287e-11
1.18991e-14
-3.390331e-11
-2.072939e-11
3.640284e-14
-3.695217e-11
-2.427961e-11
-9.928307e-16
-3.541987e-11
1.715149e-13
1.173757e-15
-3.186988e-11
-3.178303e-14
-2.939902e-15
-3.62431e-11
2.107455e-13
-4.818934e-16
-3.380232e-11
-4.901575e-13
6.07986e-16
-3.526751e-11
3.910711e-13
6.661332e-15
-3.354518e-11
-8.640504e-14
-5.832179e-16
-3.044495e-11
9.521438e-14
1.382786e-15
-2.367575e-11
-3.155009e-14
-9.63302e-16
-2.049181e-11
2.206285e-14
1.590034e-16
-1.310099e-11
-5.209588e-14
-6.524867e-16
4.435095e-11
-1.749006e-11
8.617102e-11
-3.493638e-11
1.090694e-10
-4.582618e-11
1.199696e-10
-5.080856e-11
1.239572e-10
-5.678942e-11
1.218197e-10
-6.593443e-11
1.13939e-10
-7.891691e-11
9.993613e-11
-9.971869e-11
7.821798e-11
-1.318477e-10
4.449567e-11
-1.825421e-10
-5.89415e-11
7.236745e-14
-1.250183e-10
-2.978215e-11
3.06813e-14
-9.346387e-11
-2.896881e-11
2.60225e-14
-6.764124e-11
-1.926276e-11
1.303689e-14
-5.033211e-11
-2.268528e-11
-6.220778e-16
-3.135081e-11
2.216021e-13
1.032967e-15
-3.227925e-11
1.89571e-13
9.122871e-17
-3.145648e-11
4.567862e-13
-4.72279e-17
-3.100107e-11
6.346249e-13
-8.034289e-16
-3.201046e-11
6.970981e-13
8.596493e-16
-3.279905e-11
8.70832e-15
7.294483e-17
-2.94812e-11
6.282583e-14
1.242118e-16
-2.496299e-11
-4.066955e-14
9.649396e-17
-2.029967e-11
4.732691e-14
-1.006204e-16
-1.291547e-11
3.509192e-14
-3.264836e-17
-1.608187e-11
8.952385e-11
-4.061112e-12
-1.434713e-11
1.96903e-10
-1.882387e-11
-6.280855e-12
2.61465e-10
-3.027439e-11
-1.959802e-12
2.954046e-10
-3.796314e-11
-2.859394e-12
3.085538e-10
-4.772739e-11
-6.179655e-12
3.037044e-10
-5.95798e-11
-1.063708e-11
2.82087e-10
-7.124822e-11
-1.811316e-11
2.429696e-10
-8.16074e-11
-3.005707e-11
1.831381e-10
-8.867181e-11
-5.210407e-11
9.569811e-11
-6.607234e-11
-2.764351e-12
1.299504e-13
-5.517626e-11
2.634268e-12
2.348797e-14
-4.87291e-11
-2.942209e-12
2.616982e-14
-4.30985e-11
-3.775575e-12
3.049619e-14
-3.77565e-11
-6.034786e-12
1.703086e-14
-3.269134e-11
3.115921e-13
1.687553e-15
-3.07162e-11
2.344655e-13
1.193776e-16
-3.10439e-11
4.246863e-13
-3.661706e-16
-3.1396e-11
1.213586e-13
-5.199384e-16
-3.244241e-11
3.588937e-13
2.939232e-16
-3.226518e-11
3.291166e-14
2.575407e-17
-2.892673e-11
1.417562e-14
-1.473876e-16
-2.508242e-11
1.716499e-14
1.549825e-16
-2.005435e-11
2.611521e-14
1.110283e-16
-1.289228e-11
2.306301e-14
-9.151451e-17
-1.819114e-11
1.168794e-10
-3.505316e-13
-2.411402e-11
2.703114e-10
-2.370765e-12
-1.156295e-11
3.666752e-10
-8.368884e-12
-2.769553e-12
4.210616e-10
-1.831278e-11
-6.323187e-12
4.427962e-10
-2.834154e-11
-1.040768e-11
4.364695e-10
-3.716353e-11
-1.590878e-11
4.04162e-10
-4.44737e-11
-2.339075e-11
3.451246e-10
-4.754965e-11
-3.177008e-11
2.558489e-10
-4.2413e-11
-2.705831e-11
1.294423e-10
-3.085935e-11
8.409379e-12
1.722292e-13
-3.103311e-11
6.948156e-12
2.778173e-14
-3.202061e-11
4.055616e-12
2.15464e-14
-3.26562e-11
1.316446e-12
2.520719e-14
-3.139093e-11
3.368349e-12
2.520411e-14
-2.926848e-11
4.241633e-13
-1.112416e-15
-2.992453e-11
8.229483e-14
-8.396445e-16
-3.203273e-11
-4.018001e-14
-3.265173e-16
-3.281875e-11
1.256872e-14
1.030585e-15
-3.256684e-11
3.725881e-13
2.157169e-15
-3.231391e-11
1.077611e-14
-2.530026e-16
-2.884584e-11
3.44401e-14
2.532189e-16
-2.421028e-11
4.376101e-14
-7.715785e-17
-1.990557e-11
8.724271e-15
-6.933259e-17
-1.277015e-11
1.522351e-14
1.69137e-16
-1.620983e-11
1.328263e-10
5.431784e-12
-2.084483e-11
3.154006e-10
9.719912e-12
-9.779382e-12
4.346287e-10
5.256416e-12
-4.03223e-12
5.045158e-10
-4.742688e-12
-6.959555e-12
5.3323e-10
-1.378041e-11
-9.762534e-12
5.264578e-10
-2.122886e-11
-1.336785e-11
4.868002e-10
-2.616227e-11
-1.833087e-11
4.138416e-10
-2.678126e-11
-2.139649e-11
3.041631e-10
-2.280161e-11
-1.104251e-11
1.514662e-10
-1.855562e-11
7.450502e-12
1.965958e-13
-2.130283e-11
5.961201e-12
2.712245e-14
-2.58562e-11
4.087289e-12
2.711888e-14
-2.793621e-11
2.825073e-12
3.080757e-14
-3.023148e-11
5.579684e-12
3.460545e-14
-3.011055e-11
-9.998103e-15
-6.110297e-17
-3.151055e-11
4.068747e-14
5.096948e-16
-3.175749e-11
6.575809e-14
-3.248143e-16
-3.133915e-11
1.867588e-13
-2.46295e-16
-3.137794e-11
1.336766e-13
-4.536306e-16
-3.237915e-11
-5.317485e-15
1.332039e-16
-2.869338e-11
3.629993e-15
-4.324676e-17
-2.48542e-11
-5.745299e-15
2.321102e-17
-1.998052e-11
-1.739693e-14
-8.794742e-17
-1.296175e-11
1.43278e-14
1.611866e-16
-9.879481e-12
1.390608e-10
1.087249e-11
-1.058731e-11
3.367335e-10
1.740567e-11
-4.65155e-12
4.702827e-10
1.270303e-11
-2.922748e-12
5.501176e-10
3.328038e-12
-4.128442e-12
5.838169e-10
-6.183787e-12
-5.752025e-12
5.772666e-10
-1.340029e-11
-7.346017e-12
5.336905e-10
-1.743146e-11
-9.226002e-12
4.528391e-10
-1.855455e-11
-1.005175e-11
3.31642e-10
-1.535139e-11
-4.150457e-12
1.640739e-10
-1.519301e-11
3.865981e-12
2.128064e-13
-2.094327e-11
3.177876e-12
2.841656e-14
-2.374579e-11
2.219471e-12
2.202669e-14
-2.669359e-11
1.491504e-12
1.29205e-14
-2.699754e-11
4.348811e-12
4.856972e-14
-3.202017e-11
8.136989e-14
8.985944e-16
-3.180662e-11
3.556788e-14
1.286877e-16
-3.073414e-11
2.559414e-14
-6.222758e-16
-3.197334e-11
-1.593658e-13
-1.693999e-15
-3.248416e-11
-3.257859e-13
-1.514623e-15
-3.324682e-11
2.041988e-14
5.289342e-16
-2.864846e-11
-1.236907e-14
-1.976928e-16
-2.488174e-11
-9.245839e-15
3.869386e-17
-1.990745e-11
2.809759e-14
1.742626e-16
-1.278847e-11
8.291948e-15
1.658331e-17
9.580743e-13
1.345437e-10
1.607132e-11
6.52083e-13
3.351287e-10
2.378698e-11
7.279801e-13
4.744238e-10
1.812958e-11
5.861394e-13
5.588738e-10
7.61026e-12
3.432077e-13
5.952898e-10
-3.456914e-12
3.339058e-13
5.896863e-10
-1.243093e-11
1.300596e-13
5.455495e-10
-1.742772e-11
3.927623e-13
4.630815e-10
-1.810099e-11
8.581693e-14
3.391921e-10
-1.640778e-11
2.896021e-13
1.678636e-10
-1.675073e-11
-6.983819e-14
2.163065e-13
-1.980553e-11
-1.863293e-13
2.672481e-14
-2.311112e-11
-7.094968e-14
2.79839e-14
-2.649541e-11
-8.13303e-13
2.55772e-14
-2.952741e-11
9.129053e-13
3.897557e-14
-3.298493e-11
-9.062316e-14
3.54622e-16
-3.203792e-11
8.552576e-14
1.999708e-15
-3.044502e-11
-1.864009e-13
-1.647287e-15
-3.240845e-11
3.401264e-14
1.510654e-15
-3.195606e-11
7.167276e-14
-1.199234e-15
-3.244833e-11
2.984275e-14
-2.075505e-17
-2.887891e-11
-2.293593e-14
-6.423635e-17
-2.536568e-11
6.159957e-15
1.328218e-16
-1.998192e-11
4.831301e-15
-2.209161e-17
-1.283425e-11
-2.150288e-14
-7.563955e-17
1.471754e-11
1.142077e-10
2.269518e-11
1.300049e-11
3.075697e-10
3.155373e-11
5.415433e-12
4.446929e-10
2.276266e-11
3.642038e-12
5.285245e-10
7.719864e-12
4.550517e-12
5.652408e-10
-6.558226e-12
6.051275e-12
5.611912e-10
-1.797628e-11
8.182712e-12
5.201851e-10
-2.537746e-11
9.72599e-12
4.426177e-10
-2.668224e-11
1.05742e-11
3.25555e-10
-2.27469e-11
3.043545e-12
1.62225e-10
-1.850535e-11
-4.069898e-12
2.096624e-13
-2.282919e-11
-3.066012e-12
2.820541e-14
-2.584545e-11
-2.674966e-12
2.62921e-14
-2.758439e-11
-2.162385e-12
1.367193e-14
-2.657438e-11
-3.879937e-13
-1.251749e-15
-3.063227e-11
-1.810588e-14
-4.526336e-16
-3.141914e-11
-2.959533e-14
-7.673555e-17
-3.146438e-11
-2.034783e-13
3.887657e-16
-3.197344e-11
4.757114e-14
1.34012e-15
-3.155546e-11
-1.764819e-13
-1.503789e-15
-3.275393e-11
4.43826e-15
8.022562e-17
-2.887046e-11
3.876303e-16
4.027596e-17
-2.493611e-11
2.114109e-14
1.512488e-16
-2.005818e-11
-2.430016e-14
-2.09841e-16
-1.302783e-11
1.432553e-14
1.740537e-16
3.011967e-11
4.624996e-11
2.592759e-11
2.464068e-10
3.926766e-11
8.657528e-12
3.756955e-10
2.674786e-11
4.154203e-12
4.533074e-10
3.971276e-12
6.769654e-12
4.877376e-10
-1.578819e-11
1.032744e-11
4.857734e-10
-3.119017e-11
1.431285e-11
4.517493e-10
-4.240587e-11
1.929391e-11
3.864129e-10
-4.781847e-11
2.12759e-11
2.866918e-10
-4.222165e-11
1.141699e-11
1.452243e-10
-3.071971e-11
-7.822651e-12
1.894338e-13
-3.144498e-11
-6.132431e-12
2.748853e-14
-3.22464e-11
-4.381124e-12
2.931246e-14
-3.415876e-11
-3.013352e-12
1.838614e-14
-3.000764e-11
-8.679032e-12
2.846332e-14
-3.073904e-11
-2.42076e-13
-2.453229e-16
-3.27016e-11
-1.243355e-13
-6.572319e-17
-3.267451e-11
-7.97892e-14
1.063179e-15
-3.204799e-11
-1.907813e-13
-5.373836e-16
-3.241905e-11
-3.638956e-13
7.629127e-16
-3.243947e-11
-1.294624e-14
1.001763e-17
-2.94453e-11
-3.577082e-15
2.815019e-16
-2.503498e-11
-1.085641e-14
-1.419928e-17
-2.019256e-11
7.424125e-15
2.264638e-16
-1.295068e-11
2.180684e-14
-9.266157e-17
4.367181e-11
6.71198e-11
1.35528e-11
2.593936e-10
1.921473e-11
-8.407375e-14
3.243408e-10
-6.809756e-12
5.25694e-12
3.529062e-10
-3.048673e-11
1.099209e-11
3.533538e-10
-5.157076e-11
1.675063e-11
3.303151e-10
-6.879688e-11
2.402389e-11
2.850941e-10
-8.262941e-11
3.312048e-11
2.150956e-10
-9.10952e-11
2.708465e-11
1.125081e-10
-6.68417e-11
-9.057677e-12
1.542531e-13
-5.629836e-11
-7.831138e-12
2.417773e-14
-4.951667e-11
-4.251897e-12
3.074383e-14
-4.436594e-11
-2.714373e-12
2.480995e-14
-3.681997e-11
-7.852207e-12
1.231729e-14
-3.1827e-11
-1.504334e-13
1.339291e-15
-3.162723e-11
-1.275011e-13
1.037472e-16
-3.156666e-11
3.154564e-14
5.678277e-16
-3.15615e-11
-2.117612e-13
-2.273276e-15
-3.300084e-11
-1.858546e-13
-1.297067e-15
-3.293183e-11
-3.628365e-14
-8.970906e-17
-2.943887e-11
9.594056e-15
4.682377e-16
-2.499212e-11
-3.13443e-14
-1.91914e-16
-2.038947e-11
-3.829821e-14
-1.653429e-17
-1.313759e-11
-4.04032e-14
2.81119e-16
1.532404e-11
2.178884e-11
3.35544e-13
1.314177e-10
-2.096901e-11
1.651829e-12
1.470426e-10
-4.208345e-11
6.387856e-12
1.485613e-10
-5.946986e-11
1.123931e-11
1.401893e-10
-7.85318e-11
1.894941e-11
1.231343e-10
-1.014773e-10
3.091109e-11
9.642631e-11
-1.353713e-10
5.279623e-11
5.51105e-11
-1.909616e-10
2.032021e-12
8.622565e-14
-1.308603e-10
-2.967778e-12
3.236412e-14
-9.675895e-11
2.311433e-12
2.439713e-14
-6.972641e-11
3.876837e-12
3.045445e-14
-5.282239e-11
-3.032771e-13
2.433398e-14
-3.424947e-11
-2.779689e-13
-4.101429e-16
-3.18778e-11
-3.137654e-13
1.022482e-15
-3.108525e-11
-3.753148e-13
3.630024e-16
-3.180047e-11
-2.940646e-13
8.169983e-16
-3.38577e-11
-1.395612e-13
-4.04528e-16
-3.303907e-11
-6.329885e-15
5.646306e-18
-2.954423e-11
1.341047e-14
-7.007336e-17
-2.529648e-11
-4.956273e-14
-2.992172e-17
-2.064547e-11
-2.471023e-14
-7.41727e-19
-1.332055e-11
-3.556923e-14
-1.463518e-16
6.058553e-11
4.486621e-14
-2.536894e-11
3.028191e-11
2.068337e-14
-3.212909e-11
2.949943e-11
3.982237e-14
-3.77084e-11
2.13837e-11
-6.034904e-16
-3.345098e-11
2.083443e-11
4.299481e-14
-2.865798e-11
1.674466e-13
1.907076e-15
-2.591125e-11
-2.634365e-13
-5.124775e-15
-3.341567e-11
-5.360676e-13
-1.875672e-15
-3.534201e-11
-5.384899e-13
1.00398e-15
-3.462179e-11
2.537464e-13
1.118646e-14
-3.187357e-11
-4.011369e-14
-7.996952e-16
-3.021539e-11
-5.854563e-16
5.700863e-16
-2.565811e-11
-5.23989e-14
-6.380207e-16
-2.123258e-11
-6.980962e-14
-9.719532e-17
-1.373594e-11
1.831772e-14
8.689856e-16
3.511761e-11
3.412066e-14
-1.216223e-11
2.35935e-11
5.152338e-14
-1.784822e-11
2.576019e-11
1.307587e-14
-2.321425e-11
2.206026e-11
3.772178e-14
-2.608071e-11
2.262871e-11
2.308996e-14
-3.011623e-11
-3.595149e-13
-3.13701e-15
-3.201798e-11
-4.381454e-13
3.97814e-15
-3.257074e-11
-1.764357e-13
1.12002e-16
-3.479775e-11
8.636885e-14
-2.434553e-15
-3.450828e-11
-1.59485e-13
-8.998265e-16
-3.47522e-11
-8.523853e-14
5.048164e-16
-3.04387e-11
-1.947223e-14
-3.035137e-16
-2.640671e-11
-5.220167e-14
3.862783e-16
-2.08043e-11
-6.724103e-15
-3.514576e-16
-1.353422e-11
-3.167506e-14
-1.881849e-16
2.302947e-11
3.290076e-14
-9.261124e-12
1.813997e-11
4.201609e-14
-1.648539e-11
1.918011e-11
4.160059e-14
-2.311704e-11
1.699075e-11
2.527002e-14
-2.869839e-11
2.177493e-11
6.868998e-14
-4.374149e-11
-1.210412e-13
6.172723e-15
-3.498672e-11
1.459607e-13
-2.779232e-15
-3.258724e-11
-9.9392e-14
-1.503921e-15
-3.399604e-11
4.196205e-13
3.567977e-15
-3.195846e-11
1.401745e-13
-2.444461e-15
-3.401475e-11
2.880424e-14
-1.452284e-16
-3.021246e-11
-3.912894e-14
-2.820088e-17
-2.659769e-11
1.183953e-14
-6.741028e-18
-2.119008e-11
-5.928934e-14
-2.216527e-16
-1.371663e-11
-2.469814e-14
-1.580446e-16
1.425652e-11
4.357107e-14
-7.591495e-12
1.170042e-11
3.111746e-14
-1.316626e-11
1.233893e-11
4.051767e-14
-2.178857e-11
1.110278e-11
5.739324e-14
-2.772559e-11
1.48479e-11
6.384457e-15
-3.933618e-11
7.297886e-13
2.969591e-15
-2.775691e-11
1.044361e-13
-2.952829e-15
-3.247316e-11
-3.497087e-13
-5.89084e-15
-3.813697e-11
2.371889e-13
9.297776e-15
-3.184355e-11
-4.086137e-13
-4.558595e-15
-3.490179e-11
1.597697e-14
2.974149e-16
-3.056693e-11
3.405435e-15
-4.140079e-16
-2.637065e-11
7.732141e-14
8.282504e-16
-2.032724e-11
7.395042e-15
-5.457813e-16
-1.356918e-11
5.689632e-14
3.042897e-16
7.160794e-12
2.632503e-14
-7.204892e-12
6.090337e-12
3.927093e-14
-1.305601e-11
6.555142e-12
3.241048e-14
-2.000411e-11
2.579795e-12
2.669761e-14
-2.0464e-11
5.465723e-12
-1.253969e-14
-3.272978e-11
2.804693e-13
3.116391e-15
-3.356312e-11
-5.259113e-13
-3.751514e-15
-3.679702e-11
-4.654408e-13
1.65904e-16
-3.473667e-11
7.560021e-13
3.284726e-15
-3.23858e-11
-4.756135e-13
-2.608339e-15
-3.428177e-11
2.525877e-14
1.929381e-16
-3.018448e-11
-4.326667e-14
-1.709984e-16
-2.655495e-11
5.199778e-14
4.265699e-16
-2.107386e-11
-7.267398e-14
-2.317085e-16
-1.372765e-11
-3.247199e-14
-2.947828e-16
7.121064e-15
-6.628383e-12
6.467977e-14
-1.375549e-11
-1.175314e-15
-1.947406e-11
2.031896e-14
-2.566855e-11
7.12614e-14
-2.906944e-11
-4.758615e-15
-3.597383e-11
6.029632e-15
-3.185061e-11
-6.610914e-15
-3.492313e-11
1.680724e-15
-3.423467e-11
6.481882e-16
-3.340306e-11
1.839664e-16
-2.973357e-11
2.885514e-16
-2.524744e-11
3.025727e-17
-1.987222e-11
1.720844e-16
-1.286078e-11
-8.431025e-16
-6.950355e-12
3.653925e-15
-7.282456e-12
-5.993345e-12
8.609993e-15
-1.223389e-11
-6.505827e-12
6.048222e-14
-2.086145e-11
-5.239131e-12
6.89582e-15
-2.792776e-11
-3.979426e-12
1.02784e-14
-3.428153e-11
-4.490999e-13
2.751113e-16
-3.804272e-11
5.486277e-13
8.319014e-15
-2.572283e-11
-5.831627e-13
-7.580217e-15
-3.655501e-11
4.788418e-13
1.274139e-15
-3.117287e-11
2.098185e-13
1.227482e-15
-3.302459e-11
3.252792e-14
-1.883898e-16
-2.907629e-11
-3.179773e-14
-6.010652e-16
-2.568219e-11
2.471712e-14
8.248589e-16
-1.952142e-11
7.240273e-14
4.789986e-16
-1.255384e-11
-3.607068e-14
-7.175758e-16
-1.395666e-11
9.544419e-15
-8.800488e-12
-1.210706e-11
6.474836e-15
-1.415906e-11
-1.237945e-11
1.269658e-14
-1.9695e-11
-1.274544e-11
5.23943e-14
-2.447743e-11
-1.54359e-11
7.167896e-15
-2.430756e-11
6.669577e-14
-5.177907e-15
-3.329975e-11
8.846834e-14
-1.863257e-15
-3.17246e-11
-1.162563e-12
-2.110169e-15
-3.816182e-11
9.984089e-14
7.179518e-15
-3.298606e-11
-3.834624e-13
-5.323435e-15
-3.542165e-11
-3.834257e-14
5.408725e-16
-3.015722e-11
-4.335634e-14
-4.483181e-16
-2.632469e-11
2.225135e-14
2.353269e-16
-2.073514e-11
-5.7059e-14
2.383695e-16
-1.324352e-11
-6.81927e-14
-2.156107e-18
-2.318315e-11
3.950056e-14
-1.123636e-11
-1.748779e-11
1.457017e-14
-1.621448e-11
-1.843388e-11
7.675475e-15
-2.23799e-11
-1.560743e-11
2.042229e-14
-2.69812e-11
-1.754888e-11
8.588467e-15
-3.096961e-11
-6.922138e-13
-4.088661e-15
-3.599836e-11
3.938313e-14
5.585056e-17
-3.176725e-11
-4.337157e-13
-5.862579e-15
-3.546405e-11
6.328976e-13
6.371888e-15
-3.113436e-11
1.780897e-13
-3.028295e-16
-3.367751e-11
9.076165e-14
2.29343e-16
-2.934557e-11
1.337826e-14
-3.875825e-17
-2.514439e-11
9.626677e-14
3.186507e-16
-2.014104e-11
6.162521e-15
-4.995848e-16
-1.333428e-11
4.703912e-15
2.345899e-16
-3.427025e-11
2.721602e-14
-2.471907e-11
-2.211752e-11
3.686417e-14
-3.287884e-11
-2.476607e-11
2.411784e-14
-3.740788e-11
-2.337535e-11
-2.754091e-14
-3.007986e-11
-2.532294e-11
-3.017147e-14
-3.474989e-11
-2.372567e-13
1.54183e-15
-3.482484e-11
1.176376e-13
5.743854e-16
-3.297036e-11
-3.60439e-14
-2.596992e-15
-3.649623e-11
1.157448e-14
-1.892423e-15
-3.423784e-11
-3.440772e-13
2.024326e-15
-3.482874e-11
1.657052e-14
7.270025e-16
-2.971329e-11
-6.563372e-14
-5.900789e-16
-2.619384e-11
9.805319e-14
1.424763e-15
-1.929325e-11
-3.162607e-14
-1.012641e-15
-1.318335e-11
2.2761e-14
1.762411e-16
4.516251e-11
-1.730347e-11
8.787118e-11
-3.393693e-11
1.11237e-10
-4.380039e-11
1.224926e-10
-5.006551e-11
1.26696e-10
-5.640913e-11
1.246214e-10
-6.580356e-11
1.166142e-10
-7.932466e-11
1.02333e-10
-9.957501e-11
8.016213e-11
-1.319697e-10
4.574156e-11
-1.854154e-10
-5.922786e-11
6.882447e-14
-1.259902e-10
-2.967278e-11
2.469841e-14
-9.272478e-11
-2.903806e-11
3.162393e-14
-6.745362e-11
-2.257655e-11
2.007399e-14
-4.900031e-11
-2.753619e-11
1.455849e-14
-2.915034e-11
4.319774e-13
6.571776e-16
-3.15643e-11
1.830791e-13
9.73432e-16
-3.236069e-11
4.163854e-13
1.750863e-16
-3.171325e-11
5.849159e-13
1.555148e-16
-3.144175e-11
7.908331e-13
-8.434796e-16
-3.264478e-11
6.638086e-14
4.194578e-17
-2.912906e-11
1.634386e-14
9.505507e-17
-2.545454e-11
6.520494e-14
1.272161e-16
-2.013041e-11
-3.972198e-14
1.050274e-16
-1.306832e-11
5.030379e-14
-1.095815e-16
-1.614401e-11
9.080062e-11
-3.89482e-12
-1.429809e-11
2.002853e-10
-1.766633e-11
-6.257428e-12
2.66544e-10
-2.942762e-11
-2.425111e-12
3.015177e-10
-3.67553e-11
-3.382898e-12
3.152877e-10
-4.762815e-11
-6.197958e-12
3.105175e-10
-5.876287e-11
-1.062612e-11
2.886021e-10
-7.142268e-11
-1.824795e-11
2.486977e-10
-8.220589e-11
-2.992275e-11
1.87537e-10
-8.797501e-11
-5.143706e-11
9.806934e-11
-6.669099e-11
-2.642875e-12
1.370258e-13
-5.493059e-11
2.456135e-12
2.284387e-14
-5.07193e-11
-2.841044e-12
2.268352e-14
-4.188451e-11
-4.48485e-12
3.009178e-14
-3.745354e-11
-3.538388e-12
-1.006716e-14
-3.104763e-11
3.487827e-13
-1.732835e-16
-3.270161e-11
3.071234e-13
1.660381e-15
-3.111398e-11
2.82113e-13
1.266934e-16
-3.154784e-11
3.068189e-13
8.448893e-17
-3.194816e-11
1.554648e-13
-6.928548e-16
-3.253422e-11
3.707831e-14
1.02999e-17
-2.873422e-11
2.987829e-14
2.972077e-17
-2.499581e-11
1.46596e-14
-1.534846e-16
-2.019415e-11
1.880761e-14
1.611546e-16
-1.292915e-11
2.668445e-14
1.124106e-16
-1.78617e-11
1.177147e-10
3.736554e-14
-2.421901e-11
2.738994e-10
-1.155452e-12
-1.170116e-11
3.730307e-10
-6.954089e-12
-2.946585e-12
4.294427e-10
-1.784813e-11
-7.004641e-12
4.522019e-10
-2.765773e-11
-1.073041e-11
4.461282e-10
-3.700867e-11
-1.570282e-11
4.133036e-10
-4.397159e-11
-2.332568e-11
3.531189e-10
-4.750536e-11
-3.203763e-11
2.618836e-10
-4.30039e-11
-2.675377e-11
1.32548e-10
-2.980876e-11
8.452996e-12
1.751389e-13
-3.174548e-11
6.842947e-12
2.822302e-14
-3.193977e-11
4.166784e-12
2.975564e-14
-3.217613e-11
2.401355e-12
2.643566e-14
-3.239376e-11
4.662266e-12
2.229227e-14
-3.071663e-11
2.784924e-13
2.890561e-16
-2.974061e-11
4.319655e-13
-7.369806e-16
-3.049784e-11
3.621106e-14
-1.454212e-15
-3.208716e-11
-1.792623e-14
-2.177152e-16
-3.288863e-11
5.873368e-14
9.371865e-16
-3.283906e-11
3.395216e-14
2.72803e-16
-2.873862e-11
9.472419e-15
-2.572956e-16
-2.494136e-11
3.323741e-14
2.236837e-16
-1.961204e-11
4.500257e-14
-6.005301e-17
-1.283746e-11
8.223819e-15
-7.8243e-17
-1.588465e-11
1.320271e-10
6.147376e-12
-2.004302e-11
3.175557e-10
1.181266e-11
-9.466367e-12
4.407192e-10
8.342349e-12
-4.178079e-12
5.137332e-10
-2.708562e-12
-6.957166e-12
5.442282e-10
-1.290163e-11
-1.01448e-11
5.378991e-10
-2.080235e-11
-1.369588e-11
4.977062e-10
-2.576811e-11
-1.795311e-11
4.232512e-10
-2.685209e-11
-2.118743e-11
3.112198e-10
-2.273479e-11
-1.138638e-11
1.550366e-10
-1.912635e-11
7.480523e-12
2.013282e-13
-2.205751e-11
5.896891e-12
2.625737e-14
-2.403679e-11
4.692123e-12
2.57974e-14
-2.838279e-11
2.696535e-12
3.48441e-14
-2.930491e-11
4.820353e-12
9.735586e-15
-3.093179e-11
1.476605e-13
6.804046e-16
-3.038492e-11
-4.371337e-15
-3.955027e-16
-3.176574e-11
5.378356e-14
9.374407e-16
-3.195735e-11
7.086199e-14
-4.064293e-16
-3.187912e-11
1.464433e-13
-3.644279e-16
-3.219901e-11
1.253091e-14
-2.829865e-17
-2.878216e-11
-4.740675e-15
1.247619e-16
-2.481912e-11
2.660442e-15
-5.205746e-17
-2.002204e-11
-3.668315e-15
3.53863e-17
-1.287539e-11
-1.830026e-14
-9.364852e-17
-9.700694e-12
1.344696e-10
1.47034e-11
-1.043728e-11
3.35216e-10
2.261564e-11
-4.106111e-12
4.744459e-10
1.799867e-11
-2.998409e-12
5.588687e-10
7.526802e-12
-4.204614e-12
5.952849e-10
-3.586533e-12
-5.797364e-12
5.896816e-10
-1.244093e-11
-7.642322e-12
5.455543e-10
-1.746885e-11
-9.404028e-12
4.630861e-10
-1.788004e-11
-9.710399e-12
3.391992e-10
-1.634052e-11
-3.645832e-12
1.678707e-10
-1.519841e-11
3.734615e-12
2.15159e-13
-1.887992e-11
3.089175e-12
2.776132e-14
-2.422787e-11
2.658205e-12
2.96221e-14
-2.654317e-11
1.977604e-12
3.064556e-14
-2.966596e-11
1.474167e-12
2.516237e-14
-2.781724e-11
-7.70031e-14
-2.435412e-15
-3.204653e-11
6.274864e-14
1.190442e-15
-3.200394e-11
4.247093e-14
4.108661e-16
-3.127335e-11
2.503071e-14
-8.623754e-16
-3.221042e-11
-1.454179e-13
-2.16375e-15
-3.275223e-11
-3.350337e-14
-1.17401e-16
-2.948657e-11
2.112656e-14
5.465022e-16
-2.478328e-11
-1.355909e-14
-2.187715e-16
-2.004243e-11
-9.279238e-15
3.636209e-17
-1.284411e-11
2.903275e-14
1.837902e-16
1.401731e-12
1.209376e-10
2.630479e-11
1.541226e-12
3.265607e-10
3.517404e-11
1.230322e-12
4.745677e-10
2.774347e-11
5.063134e-13
5.658468e-10
1.428087e-11
3.103272e-13
6.062516e-10
8.924438e-13
1.397787e-13
6.022047e-10
-1.004234e-11
2.805706e-13
5.577773e-10
-1.673464e-11
4.954983e-14
4.73564e-10
-1.823298e-11
3.604974e-13
3.469197e-10
-1.563576e-11
-8.51179e-14
1.716741e-10
-1.70767e-11
-1.642394e-14
2.214939e-13
-2.068783e-11
-7.042626e-14
2.611607e-14
-2.281183e-11
-2.449661e-13
2.518625e-14
-2.562086e-11
1.686284e-13
3.845622e-14
-2.903913e-11
1.319804e-14
-5.042146e-15
-3.025396e-11
-2.844785e-13
-1.560336e-15
-3.283801e-11
-9.60609e-14
2.21288e-16
-3.212876e-11
1.73247e-13
2.605562e-15
-3.102523e-11
-1.915441e-13
-2.040317e-15
-3.239368e-11
-4.152871e-15
1.251561e-15
-3.244133e-11
1.136324e-14
-1.117787e-16
-2.886776e-11
3.203939e-14
-2.460186e-17
-2.496374e-11
-2.454018e-14
-6.579722e-17
-2.036764e-11
6.903373e-15
1.441354e-16
-1.288296e-11
4.534216e-15
-3.225495e-17
1.973996e-11
5.285195e-11
1.496456e-11
2.864067e-10
5.382227e-11
6.106703e-12
4.382463e-10
4.045731e-11
3.531789e-12
5.321648e-10
1.973704e-11
4.424039e-12
5.747646e-10
5.494979e-13
6.041905e-12
5.73069e-10
-1.412459e-11
7.866664e-12
5.320353e-10
-2.336036e-11
1.014741e-11
4.528684e-10
-2.648706e-11
9.880032e-12
3.330025e-10
-2.276613e-11
3.934409e-12
1.659394e-10
-1.897214e-11
-4.073825e-12
2.144824e-13
-2.21385e-11
-3.347981e-12
2.640898e-14
-2.561985e-11
-2.726615e-12
2.755082e-14
-2.757059e-11
-1.16749e-12
2.550697e-14
-2.963555e-11
-3.875518e-12
4.127904e-14
-3.167706e-11
-1.285855e-13
2.081175e-15
-3.087094e-11
-9.048395e-15
-7.40282e-16
-3.16792e-11
-2.293014e-14
1.555444e-17
-3.189026e-11
-2.460985e-13
5.424254e-16
-3.212096e-11
-1.215817e-14
9.018616e-16
-3.223628e-11
-1.874519e-14
-1.378798e-16
-2.913964e-11
2.332115e-15
6.262068e-17
-2.498868e-11
3.278144e-16
5.097016e-17
-2.010082e-11
2.240062e-14
1.551595e-16
-1.2942e-11
-2.544536e-14
-2.192365e-16
3.857602e-11
9.923089e-11
1.039314e-11
3.595083e-10
5.788066e-11
3.826841e-12
4.521708e-10
2.398158e-11
6.248833e-12
4.948464e-10
-4.114284e-12
1.027709e-11
4.963083e-10
-2.55847e-11
1.442532e-11
4.625383e-10
-3.965325e-11
1.893262e-11
3.956889e-10
-4.662194e-11
2.198282e-11
2.93476e-10
-4.3525e-11
1.05801e-11
1.485381e-10
-2.903687e-11
-7.847368e-12
1.950754e-13
-3.181593e-11
-6.223759e-12
2.65257e-14
-3.306674e-11
-4.522157e-12
2.752885e-14
-3.203309e-11
-1.155615e-12
3.470677e-14
-3.591762e-11
-6.154438e-12
4.513241e-14
-3.2203e-11
1.226466e-14
4.232446e-16
-3.102316e-11
-2.378752e-13
-2.024411e-16
-3.276658e-11
-9.536905e-14
9.767492e-17
-3.271114e-11
-8.722094e-14
1.029511e-15
-3.242479e-11
-2.045861e-13
-7.059478e-16
-3.266681e-11
-2.962408e-14
7.216146e-17
-2.890696e-11
-1.12451e-14
4.022642e-17
-2.542442e-11
-3.153947e-15
2.799414e-16
-2.019214e-11
-1.125403e-14
-1.113704e-17
-1.303357e-11
7.840248e-15
2.334439e-16
2.649477e-11
8.827999e-11
1.074958e-12
3.174895e-10
2.521793e-11
4.359269e-12
3.568279e-10
-1.34306e-11
1.056026e-11
3.61487e-10
-4.280345e-11
1.68722e-11
3.390661e-10
-6.599899e-11
2.435589e-11
2.924939e-10
-8.169196e-11
3.243618e-11
2.203663e-10
-8.95523e-11
2.745328e-11
1.152289e-10
-6.849941e-11
-9.137741e-12
1.557509e-13
-5.556388e-11
-7.577074e-12
3.090376e-14
-5.172568e-11
-4.750014e-12
2.262901e-14
-4.253796e-11
-1.014442e-12
4.107112e-14
-3.961516e-11
-5.940234e-12
1.71594e-14
-3.166284e-11
-1.612461e-13
4.471226e-16
-3.203473e-11
-1.679771e-13
1.158247e-15
-3.190514e-11
-1.13509e-13
-1.271544e-17
-3.207214e-11
1.584445e-14
6.854468e-16
-3.214103e-11
-2.237666e-13
-2.320503e-15
-3.329949e-11
-1.745641e-14
-5.790969e-17
-2.92971e-11
-4.175369e-14
-1.479472e-16
-2.546952e-11
9.683623e-15
5.060064e-16
-2.019623e-11
-3.3262e-14
-2.101846e-16
-1.31675e-11
-3.989669e-14
-1.782717e-17
8.328111e-12
2.575027e-11
2.415333e-12
1.47734e-10
-2.406976e-11
5.977669e-12
1.525101e-10
-5.204671e-11
1.121067e-11
1.445928e-10
-7.516199e-11
1.904642e-11
1.268465e-10
-1.014426e-10
3.104047e-11
9.897509e-11
-1.353312e-10
5.209616e-11
5.641869e-11
-1.889869e-10
2.062746e-12
9.536484e-14
-1.323638e-10
-2.964837e-12
2.722888e-14
-9.767602e-11
2.277459e-12
3.117305e-14
-6.965341e-11
3.809771e-12
1.950572e-14
-5.228864e-11
5.050263e-13
4.779229e-14
-3.293209e-11
-2.375549e-13
7.703813e-16
-3.396697e-11
-2.81928e-13
-5.465638e-16
-3.198833e-11
-3.790417e-13
9.221047e-16
-3.155642e-11
-2.236879e-13
3.80122e-16
-3.242781e-11
-3.752335e-13
9.221307e-16
-3.348582e-11
-1.14548e-14
-4.580902e-17
-2.942531e-11
-8.135075e-15
2.568916e-18
-2.557324e-11
1.439128e-14
-8.115571e-17
-2.044393e-11
-5.248951e-14
-3.023504e-17
-1.332461e-11
-2.495137e-14
1.285277e-18
5.99214e-11
3.103314e-14
-2.489082e-11
3.076628e-11
4.899252e-14
-3.279946e-11
2.872031e-11
1.710167e-14
-3.535638e-11
2.320418e-11
4.551118e-14
-3.942745e-11
1.966358e-11
4.078465e-14
-3.027494e-11
-1.208176e-13
1.458063e-16
-2.923326e-11
2.272829e-13
3.083735e-15
-2.761875e-11
-3.94334e-13
-5.970291e-15
-3.335732e-11
-5.267718e-13
-2.190554e-15
-3.477976e-11
-6.671947e-13
1.136441e-15
-3.381617e-11
3.693895e-14
1.162943e-15
-2.862295e-11
-4.431385e-14
-7.290782e-16
-2.612917e-11
-1.937347e-15
5.866449e-16
-2.072549e-11
-5.46299e-14
-6.681667e-16
-1.365445e-11
-7.16001e-14
-8.94932e-17
3.519758e-11
3.364927e-14
-1.231467e-11
2.300015e-11
3.489136e-14
-1.716437e-11
2.606564e-11
5.117105e-14
-2.517271e-11
2.407213e-11
1.553789e-14
-3.070676e-11
2.812874e-11
2.442526e-14
-3.284697e-11
8.230188e-14
4.538506e-16
-3.053079e-11
-3.452521e-13
-3.861532e-15
-3.297395e-11
-5.657352e-13
3.838651e-15
-3.29075e-11
-8.19774e-14
8.50123e-16
-3.450332e-11
-4.948231e-16
-1.175792e-15
-3.421939e-11
-1.494262e-14
-2.083841e-16
-3.08749e-11
-8.823342e-14
5.179782e-16
-2.630654e-11
-1.839795e-14
-2.946022e-16
-2.124909e-11
-5.468299e-14
4.086916e-16
-1.347383e-11
-7.619797e-15
-3.793014e-16
2.308855e-11
4.213065e-14
-8.931954e-12
1.791292e-11
3.585147e-14
-1.565242e-11
1.992077e-11
3.644669e-14
-2.441879e-11
1.729662e-11
5.494186e-14
-2.983994e-11
1.449564e-11
3.608193e-15
-2.916844e-11
-4.700479e-13
-5.555354e-15
-4.239279e-11
-1.792378e-13
6.445942e-15
-3.386504e-11
2.112512e-13
-3.488106e-15
-3.300817e-11
-1.464827e-13
-9.366415e-16
-3.391709e-11
3.290495e-13
2.557852e-15
-3.279162e-11
3.27765e-14
-2.033758e-16
-3.035044e-11
3.173864e-14
-1.265847e-16
-2.612298e-11
-3.81146e-14
-2.213626e-17
-2.138973e-11
1.23729e-14
-3.846971e-18
-1.36897e-11
-6.21654e-14
-2.357931e-16
1.397227e-11
2.444234e-14
-6.861869e-12
1.23338e-11
4.284745e-14
-1.39423e-11
1.266288e-11
3.124193e-14
-1.946467e-11
9.722381e-12
6.346065e-14
-2.936835e-11
1.372965e-11
9.715556e-15
-3.738502e-11
-2.060946e-13
9.415753e-16
-3.840904e-11
8.430927e-13
2.494535e-15
-2.952593e-11
2.473727e-14
-1.864183e-15
-3.335823e-11
-3.307359e-13
-7.167703e-15
-3.722925e-11
2.357978e-13
7.663446e-15
-3.326496e-11
-3.558997e-14
-3.435539e-16
-3.102472e-11
1.480624e-14
2.806255e-16
-2.644992e-11
5.828592e-16
-4.605508e-16
-2.127935e-11
7.761072e-14
8.581801e-16
-1.327364e-11
7.063553e-15
-5.656606e-16
6.88934e-12
6.636822e-14
-7.035408e-12
6.554785e-12
2.807216e-14
-1.38108e-11
6.234259e-12
4.022864e-14
-1.94352e-11
5.600137e-12
2.918355e-14
-2.596883e-11
1.110349e-11
3.998012e-14
-3.206516e-11
2.432341e-13
7.029542e-17
-3.287093e-11
2.325784e-13
3.029308e-15
-3.317635e-11
-4.932156e-13
-3.769697e-15
-3.595572e-11
-3.16066e-13
2.357113e-16
-3.486437e-11
5.794687e-13
2.60742e-15
-3.318319e-11
-3.842759e-14
-2.45458e-16
-3.056654e-11
2.610769e-14
2.20813e-16
-2.618551e-11
-4.581319e-14
-1.933055e-16
-2.142563e-11
5.420291e-14
4.456805e-16
-1.365614e-11
-7.485608e-14
-2.420506e-16
-4.964506e-17
-7.030437e-12
6.293493e-15
-1.257207e-11
6.525749e-14
-2.053984e-11
-8.241318e-15
-2.490887e-11
2.309935e-14
-3.000217e-11
2.540579e-15
-2.951656e-11
-4.573915e-15
-3.475683e-11
4.621869e-15
-3.207859e-11
-6.319489e-15
-3.531553e-11
2.526464e-15
-3.407506e-11
3.405298e-17
-2.96963e-11
2.157664e-16
-2.5688e-11
2.64586e-16
-2.035865e-11
3.3477e-17
-1.287994e-11
1.793422e-16
-7.190957e-12
5.885275e-15
-6.898227e-12
-6.243368e-12
3.729936e-15
-1.32701e-11
-6.111557e-12
1.086835e-14
-1.850949e-11
-6.202192e-12
7.191283e-14
-2.755939e-11
-8.10304e-12
6.875716e-15
-3.546751e-11
-2.829563e-13
1.804215e-15
-3.371583e-11
-4.800714e-13
-9.519477e-16
-3.744356e-11
4.969788e-13
8.465281e-15
-2.86304e-11
-6.265685e-13
-6.235066e-15
-3.618753e-11
5.752223e-13
2.098092e-15
-3.2704e-11
3.324173e-14
1.143248e-16
-2.936247e-11
3.057557e-14
-2.305417e-16
-2.519276e-11
-3.338446e-14
-6.120532e-16
-2.06562e-11
2.463778e-14
8.302569e-16
-1.271712e-11
7.485611e-14
5.017254e-16
-1.447728e-11
4.811099e-14
-8.928986e-12
-1.206258e-11
8.300193e-15
-1.436691e-11
-1.26919e-11
5.24427e-15
-2.010324e-11
-1.168903e-11
2.594995e-14
-2.359596e-11
-1.471542e-11
3.901426e-14
-2.697509e-11
7.408588e-13
3.39189e-15
-2.616585e-11
8.930631e-14
-3.937825e-15
-3.303609e-11
1.103416e-13
-4.060634e-15
-3.21539e-11
-9.72033e-13
-1.696288e-15
-3.714058e-11
2.353202e-13
7.375531e-15
-3.393806e-11
-4.436727e-14
-4.586527e-16
-3.129872e-11
-4.404621e-14
4.573468e-16
-2.602296e-11
-4.25357e-14
-4.525282e-16
-2.109621e-11
2.462347e-14
2.476612e-16
-1.331473e-11
-5.814239e-14
2.437355e-16
-2.259941e-11
2.564836e-14
-1.175294e-11
-1.808129e-11
3.70314e-14
-1.544775e-11
-1.873055e-11
1.512273e-14
-2.245545e-11
-1.618476e-11
4.231657e-15
-3.002969e-11
-1.384702e-11
1.866357e-14
-3.913397e-11
1.737146e-13
6.847292e-15
-3.184096e-11
-6.262558e-13
-3.589195e-15
-3.459311e-11
1.812884e-13
-7.67143e-16
-3.152077e-11
-4.338064e-13
-5.67414e-15
-3.477781e-11
6.955975e-13
6.914956e-15
-3.255814e-11
1.090339e-14
-8.685496e-18
-2.98027e-11
8.418501e-14
9.819721e-17
-2.539464e-11
1.150265e-14
-3.949268e-17
-2.032819e-11
9.86914e-14
3.260952e-16
-1.302262e-11
5.430893e-15
-5.201489e-16
-3.437596e-11
6.441935e-15
-2.4953e-11
-2.238325e-11
2.679387e-14
-3.206308e-11
-2.552703e-11
4.090594e-14
-3.652169e-11
-2.043075e-11
1.57404e-14
-3.963266e-11
-1.747477e-11
1.331336e-13
-4.082366e-11
2.695375e-13
5.49908e-16
-3.460756e-11
-1.764862e-13
6.995554e-16
-3.425172e-11
-5.105141e-16
1.117082e-15
-3.403792e-11
-2.286936e-13
-2.812437e-15
-3.575419e-11
7.477301e-14
-2.95902e-15
-3.394952e-11
-5.869445e-14
1.917427e-16
-3.109108e-11
1.889712e-14
8.645338e-16
-2.559957e-11
-6.790925e-14
-5.901443e-16
-2.09816e-11
1.030788e-13
1.471976e-15
-1.259417e-11
-3.384342e-14
-1.061125e-15
4.587234e-11
-1.747548e-11
8.945856e-11
-3.376042e-11
1.134475e-10
-4.295408e-11
1.250167e-10
-4.881491e-11
1.294669e-10
-5.62208e-11
1.274011e-10
-6.542071e-11
1.193054e-10
-7.919779e-11
1.047426e-10
-1.001329e-10
8.20841e-11
-1.316697e-10
4.686449e-11
-1.847231e-10
-5.994058e-11
8.689729e-14
-1.280809e-10
-2.991818e-11
1.65964e-14
-9.366579e-11
-2.851203e-11
2.404091e-14
-6.71159e-11
-2.090045e-11
3.206385e-14
-5.119768e-11
-1.750567e-11
4.691501e-14
-3.531429e-11
6.835704e-13
2.176099e-15
-2.960362e-11
2.837928e-13
1.851494e-16
-3.167713e-11
1.714537e-13
1.154505e-15
-3.24468e-11
3.883001e-13
4.996925e-16
-3.207409e-11
6.55212e-13
-1.334987e-17
-3.229395e-11
8.058824e-14
-9.569703e-17
-2.903624e-11
8.256108e-14
3.949575e-17
-2.519114e-11
1.781047e-14
9.635222e-17
-2.046593e-11
6.87941e-14
1.337156e-16
-1.299753e-11
-4.113318e-14
1.101351e-16
-1.598146e-11
9.155432e-11
-3.282647e-12
-1.464558e-11
2.030344e-10
-1.672076e-11
-6.255229e-12
2.71241e-10
-2.833084e-11
-2.368215e-12
3.075675e-10
-3.615906e-11
-3.762234e-12
3.219908e-10
-4.669613e-11
-6.483907e-12
3.173916e-10
-5.876067e-11
-1.054718e-11
2.951156e-10
-7.047596e-11
-1.818712e-11
2.544586e-10
-8.241058e-11
-3.023899e-11
1.919674e-10
-8.855792e-11
-5.130431e-11
1.004216e-10
-6.58022e-11
-2.638303e-12
1.372187e-13
-5.548286e-11
2.39195e-12
3.219596e-14
-5.055148e-11
-2.878486e-12
1.931211e-14
-4.378669e-11
-4.669529e-12
1.716655e-14
-3.494418e-11
-8.50709e-13
3.819735e-14
-3.210249e-11
2.362196e-13
1.497983e-15
-3.112883e-11
2.339145e-13
-4.468282e-16
-3.258937e-11
4.324993e-13
1.847298e-15
-3.171366e-11
2.053037e-13
1.760555e-16
-3.202288e-11
3.264744e-13
-5.477957e-16
-3.248719e-11
1.216236e-14
-3.433734e-17
-2.89594e-11
3.758631e-14
6.153863e-18
-2.489111e-11
3.158084e-14
3.58813e-17
-2.014143e-11
1.554697e-14
-1.542562e-16
-1.301431e-11
1.946751e-14
1.668377e-16
-1.752897e-11
1.170143e-10
2.083437e-12
-2.434979e-11
2.75808e-10
1.784318e-12
-1.181472e-11
3.782949e-10
-4.405437e-12
-3.032792e-12
4.373427e-10
-1.601477e-11
-7.168181e-12
4.615568e-10
-2.697696e-11
-1.114816e-11
4.55826e-10
-3.632792e-11
-1.603525e-11
4.225637e-10
-4.39291e-11
-2.296008e-11
3.611422e-10
-4.70193e-11
-3.188765e-11
2.679621e-10
-4.294501e-11
-2.680579e-11
1.356764e-10
-3.071264e-11
8.519546e-12
1.776947e-13
-3.073191e-11
6.953634e-12
2.711258e-14
-3.28191e-11
3.586651e-12
2.815044e-14
-3.092766e-11
7.699093e-13
2.989187e-14
-3.036724e-11
3.355439e-12
-1.349273e-15
-3.135639e-11
2.337958e-13
2.606578e-16
-3.094965e-11
2.718935e-13
4.011969e-16
-3.038098e-11
4.456613e-13
-8.753221e-16
-3.117503e-11
6.462518e-14
-1.278552e-15
-3.232512e-11
-2.451539e-14
-5.515507e-16
-3.296911e-11
2.451434e-15
1.183527e-16
-2.916852e-11
3.454097e-14
2.757808e-16
-2.48796e-11
1.239123e-14
-2.532039e-16
-2.009066e-11
3.300055e-14
2.111537e-16
-1.271555e-11
4.634457e-14
-5.625e-17
-1.555182e-11
1.275185e-10
1.013907e-11
-2.022214e-11
3.161043e-10
1.682637e-11
-9.222674e-12
4.446451e-10
1.290676e-11
-4.012307e-12
5.219409e-10
1.145019e-12
-7.031542e-12
5.549418e-10
-1.058504e-11
-1.027209e-11
5.494732e-10
-1.997395e-11
-1.39687e-11
5.087672e-10
-2.551996e-11
-1.836218e-11
4.328296e-10
-2.639376e-11
-2.068155e-11
3.183086e-10
-2.300254e-11
-1.105369e-11
1.586336e-10
-1.891444e-11
7.501303e-12
2.063566e-13
-2.277693e-11
5.989945e-12
2.647091e-14
-2.497593e-11
4.716979e-12
2.67489e-14
-2.617402e-11
3.924572e-12
3.678356e-14
-3.042985e-11
5.512798e-12
8.181807e-15
-3.379721e-11
6.744659e-14
6.681563e-16
-3.122066e-11
1.733644e-13
7.603376e-16
-3.095203e-11
-1.930645e-14
-1.427477e-16
-3.201893e-11
6.814564e-14
6.231478e-16
-3.22996e-11
1.624216e-14
-5.594178e-16
-3.23483e-11
1.621375e-14
-3.916299e-17
-2.866796e-11
1.416219e-14
-1.958864e-17
-2.490651e-11
-4.580678e-15
1.435372e-16
-2.000515e-11
1.562708e-15
-6.42664e-17
-1.290441e-11
-3.364066e-15
4.018236e-17
-9.309168e-12
1.208556e-10
2.398068e-11
-9.887578e-12
3.267171e-10
3.399245e-11
-3.772696e-12
4.745926e-10
2.739224e-11
-2.847554e-12
5.658322e-10
1.437872e-11
-4.122923e-12
6.062324e-10
1.016963e-12
-5.938416e-12
6.021912e-10
-9.99324e-12
-7.753777e-12
5.577691e-10
-1.659864e-11
-9.644604e-12
4.735681e-10
-1.825331e-11
-9.938975e-12
3.469232e-10
-1.532764e-11
-3.349446e-12
1.71682e-10
-1.687432e-11
3.968625e-12
2.204871e-13
-1.907059e-11
2.95663e-12
2.492629e-14
-2.191654e-11
2.511101e-12
2.669854e-14
-2.705629e-11
2.477248e-12
3.777153e-14
-2.898019e-11
3.128e-12
2.544793e-14
-3.304954e-11
2.805497e-13
3.396074e-15
-2.854572e-11
-5.291281e-14
-2.543979e-15
-3.209426e-11
4.686921e-14
9.894161e-16
-3.221359e-11
7.337668e-14
4.062001e-16
-3.187127e-11
2.074695e-14
-1.109737e-15
-3.253224e-11
-1.788475e-14
-2.576626e-16
-2.914806e-11
-3.400712e-14
-8.676965e-17
-2.543911e-11
2.297376e-14
5.867425e-16
-1.997525e-11
-1.447304e-14
-2.359008e-16
-1.291867e-11
-9.550715e-15
3.588202e-17
2.50095e-12
5.997495e-11
2.170477e-12
3.050019e-10
6.008127e-11
1.694548e-12
4.680105e-10
4.606114e-11
7.02012e-13
5.697528e-10
2.665445e-11
2.917611e-13
6.164034e-10
8.266006e-12
1.437556e-13
6.149096e-10
-5.894368e-12
-1.992039e-14
5.704745e-10
-1.483126e-11
2.345645e-13
4.845285e-10
-1.778414e-11
-1.536657e-13
3.548653e-10
-1.617046e-11
3.106753e-13
1.755968e-10
-1.592254e-11
-1.398431e-13
2.267727e-13
-2.089241e-11
-4.696459e-14
2.818536e-14
-2.400349e-11
-1.009626e-13
2.497195e-14
-2.551148e-11
-8.191609e-13
2.3664e-14
-2.615822e-11
1.287802e-12
6.186748e-15
-3.443812e-11
1.349138e-13
2.714033e-15
-3.064531e-11
-2.896271e-13
-1.644403e-15
-3.275064e-11
-9.679607e-14
-3.561436e-18
-3.224061e-11
1.606138e-13
2.961957e-15
-3.17897e-11
-1.804895e-13
-1.881984e-15
-3.253829e-11
-2.618092e-16
1.208948e-16
-2.887903e-11
1.577981e-14
-1.164955e-16
-2.496378e-11
3.417901e-14
-3.359674e-17
-2.010903e-11
-2.615009e-14
-6.998363e-17
-1.308646e-11
7.490631e-15
1.542014e-16
2.23019e-11
1.163898e-10
6.434169e-12
4.213016e-10
7.46132e-11
3.464957e-12
5.311549e-10
4.182326e-11
4.174217e-12
5.829801e-10
1.360425e-11
6.021129e-12
5.853396e-10
-7.439533e-12
7.986261e-12
5.446956e-10
-2.032786e-11
9.769385e-12
4.637535e-10
-2.508727e-11
1.042711e-11
3.408808e-10
-2.284569e-11
2.987761e-12
1.697531e-10
-1.897926e-11
-3.928866e-12
2.200087e-13
-2.277754e-11
-3.27534e-12
2.643851e-14
-2.510028e-11
-3.013589e-12
2.530267e-14
-2.718862e-11
-1.051038e-12
2.728669e-14
-2.781645e-11
-4.885293e-12
2.20864e-14
-3.114575e-11
9.224702e-15
8.123088e-16
-3.180382e-11
-1.104971e-13
1.84357e-15
-3.120726e-11
-6.444829e-15
-5.582771e-16
-3.192082e-11
-5.708821e-14
-2.875319e-17
-3.226466e-11
-2.140453e-13
8.230628e-16
-3.24747e-11
5.163621e-16
1.07528e-16
-2.871776e-11
-1.992252e-14
-1.652079e-16
-2.518446e-11
1.522174e-15
6.67658e-17
-2.014817e-11
6.790735e-16
5.467907e-17
-1.297315e-11
2.353346e-14
1.594861e-16
2.216557e-11
1.361075e-10
3.903769e-12
4.444922e-10
6.271626e-11
5.452116e-12
5.001335e-10
1.761947e-11
9.798982e-12
5.074123e-10
-1.443268e-11
1.45616e-11
4.746786e-10
-3.541384e-11
1.913001e-11
4.059979e-10
-4.476755e-11
2.145619e-11
3.007387e-10
-4.296627e-11
1.132041e-11
1.521015e-10
-3.095771e-11
-7.943685e-12
1.992841e-13
-3.011914e-11
-6.267645e-12
2.851485e-14
-3.31453e-11
-4.797669e-12
2.581868e-14
-3.308237e-11
-2.742309e-12
1.618345e-14
-3.040057e-11
-8.769155e-12
4.026262e-14
-3.353421e-11
-7.245553e-14
1.555879e-15
-3.240996e-11
-5.031318e-14
5.48644e-16
-3.132631e-11
-2.680624e-13
-5.009293e-16
-3.287686e-11
-1.232469e-13
-5.298764e-18
-3.293535e-11
-7.723472e-14
1.192007e-15
-3.282602e-11
-2.24534e-14
-7.128029e-17
-2.908921e-11
-3.423299e-14
5.231377e-17
-2.50524e-11
-1.144408e-14
5.776702e-17
-2.045834e-11
-3.225134e-15
2.847968e-16
-1.304146e-11
-1.153798e-14
-1.094132e-17
1.003686e-11
1.034807e-10
4.497248e-12
3.585448e-10
2.142056e-11
9.851852e-12
3.705208e-10
-2.634974e-11
1.655535e-11
3.495804e-10
-5.870412e-11
2.455445e-11
3.013914e-10
-8.049321e-11
3.290835e-11
2.263526e-10
-8.96711e-11
2.634098e-11
1.180436e-10
-6.664166e-11
-9.260882e-12
1.620722e-13
-5.707174e-11
-7.646469e-12
2.825446e-14
-5.091337e-11
-4.466067e-12
3.179883e-14
-4.507108e-11
-3.387592e-12
1.335418e-14
-3.549912e-11
-7.454472e-12
3.885181e-15
-3.205958e-11
1.385726e-14
1.891231e-15
-3.201293e-11
-1.66359e-13
3.664801e-16
-3.223454e-11
-1.321305e-13
1.17511e-15
-3.232664e-11
-1.104417e-13
-4.792042e-17
-3.246284e-11
-4.232197e-15
2.952677e-16
-3.27544e-11
-2.261222e-14
-2.466554e-16
-2.962978e-11
-1.802334e-14
-4.26331e-17
-2.536508e-11
-4.256706e-14
-1.675826e-16
-2.053783e-11
9.578377e-15
5.322059e-16
-1.307533e-11
-3.439224e-14
-2.204505e-16
4.455449e-12
2.265729e-11
5.67069e-12
1.57577e-10
-3.484965e-11
1.10742e-11
1.505604e-10
-6.917161e-11
1.910595e-11
1.317513e-10
-9.93266e-11
3.109729e-11
1.021767e-10
-1.360012e-10
5.204596e-11
5.786699e-11
-1.890413e-10
2.025965e-12
9.179303e-14
-1.309803e-10
-3.085958e-12
3.97149e-14
-9.860296e-11
2.285151e-12
2.510451e-14
-7.13923e-11
4.009427e-12
3.149023e-14
-5.06473e-11
-9.872672e-13
3.454729e-14
-3.194242e-11
-2.038641e-13
-6.180428e-16
-3.291761e-11
-2.954416e-13
9.262022e-16
-3.362984e-11
-2.675135e-13
-5.59606e-16
-3.233208e-11
-1.86555e-13
9.222609e-16
-3.218991e-11
-2.682637e-13
4.151143e-16
-3.304699e-11
-2.763028e-14
9.179152e-17
-2.978965e-11
-1.131245e-14
-4.587003e-17
-2.5486e-11
-7.65428e-15
5.198775e-18
-2.063494e-11
1.484409e-14
-9.369298e-17
-1.323974e-11
-5.448744e-14
-3.034892e-17
6.007025e-11
3.341766e-14
-2.496523e-11
3.024871e-11
3.248801e-14
-3.222521e-11
2.949694e-11
4.564086e-14
-3.659308e-11
2.155966e-11
1.077166e-14
-3.323484e-11
1.88843e-11
-1.5835e-14
-3.047941e-11
3.411996e-14
1.562716e-15
-3.031377e-11
-8.676106e-14
-4.730369e-16
-3.022718e-11
1.657277e-13
3.446288e-15
-2.978037e-11
-3.003345e-13
-4.161414e-15
-3.367585e-11
-6.577951e-13
-2.25186e-15
-3.371953e-11
-5.901773e-14
8.049874e-17
-2.993648e-11
2.691136e-14
1.143084e-15
-2.498158e-11
-4.841489e-14
-7.58084e-16
-2.106618e-11
-4.639678e-15
6.166401e-16
-1.340734e-11
-5.658331e-14
-7.018254e-16
3.486504e-11
3.915164e-14
-1.189177e-11
2.31822e-11
3.591293e-14
-1.77164e-11
2.553374e-11
2.494462e-14
-2.301108e-11
2.351395e-11
6.149615e-14
-3.178485e-11
2.188253e-11
-8.861342e-15
-3.895372e-11
-2.060587e-13
1.836723e-15
-3.310122e-11
1.260193e-13
1.301624e-15
-3.160779e-11
-4.566943e-13
-4.164663e-15
-3.366807e-11
-3.610002e-13
3.478556e-15
-3.291736e-11
-2.275766e-13
7.711009e-16
-3.407812e-11
1.150033e-14
-6.354107e-17
-3.027853e-11
-1.971331e-14
-2.514514e-16
-2.661405e-11
-9.069633e-14
5.059026e-16
-2.121046e-11
-1.8641e-14
-2.944397e-16
-1.370522e-11
-5.608282e-14
4.295154e-16
2.320804e-11
2.541112e-14
-9.302213e-12
1.791773e-11
4.324917e-14
-1.463528e-11
1.908102e-11
3.541884e-14
-2.230275e-11
1.694182e-11
5.301139e-14
-3.191098e-11
1.550139e-11
4.700527e-14
-3.333359e-11
6.711478e-13
3.636252e-15
-2.986789e-11
-4.567592e-13
-6.044997e-15
-4.028188e-11
-7.159381e-14
6.596407e-15
-3.292029e-11
2.89497e-13
-3.175482e-15
-3.393492e-11
-2.755192e-13
-1.352223e-15
-3.352331e-11
3.474822e-14
2.092746e-16
-2.941042e-11
2.783525e-14
-1.497933e-16
-2.624806e-11
3.228897e-14
-1.281706e-16
-2.107279e-11
-3.824334e-14
-1.451908e-17
-1.37921e-11
1.34178e-14
1.041264e-18
1.397664e-11
6.473378e-14
-7.236554e-12
1.22074e-11
2.525769e-14
-1.257478e-11
1.320752e-11
4.585367e-14
-2.108684e-11
9.513641e-12
2.600038e-14
-2.355626e-11
1.719278e-11
3.273145e-15
-3.670931e-11
5.141907e-14
3.289083e-15
-3.702627e-11
-1.862399e-13
1.294095e-15
-3.712884e-11
7.358843e-13
1.585307e-15
-3.165924e-11
-2.025592e-13
-1.634691e-15
-3.389942e-11
-3.044663e-13
-6.57644e-15
-3.607466e-11
2.328393e-14
7.889659e-16
-2.973238e-11
-3.110006e-14
-2.934625e-16
-2.680962e-11
1.641762e-14
3.083585e-16
-2.131704e-11
-1.035989e-15
-4.909695e-16
-1.37561e-11
8.02996e-14
8.939465e-16
6.668536e-12
1.909323e-14
-6.730026e-12
6.03137e-12
6.768806e-14
-1.319792e-11
6.481956e-12
3.028248e-14
-2.038064e-11
5.453059e-12
3.842529e-14
-2.511176e-11
7.776721e-12
4.74181e-14
-3.429462e-11
1.763319e-13
5.269138e-15
-3.278196e-11
3.00046e-13
7.783536e-16
-3.311484e-11
2.061249e-13
2.719745e-15
-3.296869e-11
-3.454296e-13
-5.030156e-15
-3.542722e-11
-2.231814e-13
4.804383e-16
-3.456863e-11
6.751324e-14
3.350957e-16
-2.968106e-11
-3.837951e-14
-2.903164e-16
-2.648126e-11
2.694647e-14
2.324528e-16
-2.11766e-11
-4.838884e-14
-2.045571e-16
-1.384756e-11
5.672552e-14
4.626278e-16
4.950903e-15
-7.316317e-12
1.477415e-15
-1.337111e-11
7.327018e-15
-1.867935e-11
6.928768e-14
-2.704018e-11
1.190404e-14
-3.298825e-11
3.049592e-15
-3.054033e-11
2.846192e-15
-3.025619e-11
-3.795349e-15
-3.494973e-11
3.876608e-15
-3.250011e-11
-6.905965e-15
-3.456733e-11
3.152421e-16
-3.021804e-11
6.364313e-18
-2.568402e-11
2.392526e-16
-2.064632e-11
2.365906e-16
-1.313201e-11
4.040511e-17
-7.406227e-12
5.186342e-14
-7.335571e-12
-6.409133e-12
5.369749e-15
-1.271727e-11
-6.278392e-12
2.924808e-15
-1.982347e-11
-5.955198e-12
1.278159e-14
-2.426551e-11
-7.42187e-12
6.018834e-14
-3.540019e-11
6.753414e-14
6.794366e-16
-3.44749e-11
-2.633633e-13
1.892469e-15
-3.313829e-11
-4.757097e-13
-1.53479e-15
-3.717028e-11
3.351386e-13
7.990027e-15
-3.0402e-11
-7.278557e-13
-6.375229e-15
-3.476219e-11
6.480487e-14
2.566297e-16
-2.926873e-11
3.096857e-14
1.412947e-16
-2.542323e-11
3.176383e-14
-2.319477e-16
-2.034116e-11
-3.583836e-14
-6.358888e-16
-1.329459e-11
2.487748e-14
8.452734e-16
-1.392672e-11
2.830124e-14
-8.782097e-12
-1.264927e-11
4.526411e-14
-1.460704e-11
-1.29271e-11
1.226734e-14
-2.042197e-11
-1.313001e-11
2.726485e-15
-2.339016e-11
-1.253119e-11
-1.498473e-14
-2.472907e-11
5.878744e-13
-2.686817e-15
-2.795526e-11
6.90264e-13
3.645395e-15
-2.813205e-11
1.598307e-13
-3.596113e-15
-3.333431e-11
-1.257289e-14
-4.463121e-15
-3.308091e-11
-9.085411e-13
-2.621201e-15
-3.549937e-11
1.52014e-14
7.829444e-16
-3.023084e-11
-3.563097e-14
-3.974867e-16
-2.681044e-11
-4.562297e-14
4.691898e-16
-2.088338e-11
-4.368816e-14
-4.838221e-16
-1.35209e-11
2.611661e-14
2.596098e-16
-2.265371e-11
-3.110327e-16
-1.185357e-11
-1.748162e-11
2.369857e-14
-1.673617e-11
-1.917798e-11
4.680515e-14
-2.200809e-11
-1.531e-11
4.391204e-15
-2.784979e-11
-1.380534e-11
2.131051e-14
-3.465922e-11
-8.339669e-13
-2.400005e-15
-3.761076e-11
1.040596e-13
5.798042e-15
-3.262038e-11
-5.092118e-13
-1.545026e-15
-3.399067e-11
1.898717e-13
-1.832033e-15
-3.238952e-11
-2.710756e-13
-6.115262e-15
-3.476718e-11
7.808195e-14
6.733265e-16
-2.912785e-11
2.24591e-14
1.253516e-16
-2.570465e-11
8.382664e-14
1.261778e-16
-2.045376e-11
1.003276e-14
-8.391434e-17
-1.314979e-11
1.018533e-13
3.416621e-16
-3.450678e-11
5.497305e-14
-2.57497e-11
-2.253312e-11
4.896402e-15
-3.244916e-11
-2.48981e-11
2.620839e-14
-3.580397e-11
-2.138935e-11
2.979782e-14
-3.625847e-11
-2.928927e-11
2.663932e-14
-2.937023e-11
-3.864766e-13
-6.051109e-15
-3.95311e-11
3.047505e-13
1.466184e-15
-3.471529e-11
-9.647915e-14
1.786441e-15
-3.436016e-11
-1.853692e-13
-7.316261e-18
-3.416534e-11
-1.916625e-13
-2.053211e-15
-3.438485e-11
-1.073566e-14
-2.943283e-16
-3.010315e-11
-5.777052e-14
6.512722e-17
-2.673111e-11
2.197321e-14
9.120819e-16
-2.057065e-11
-7.141691e-14
-5.874382e-16
-1.344621e-11
1.07331e-13
1.537327e-15
4.640305e-11
-1.715985e-11
9.078542e-11
-3.3892e-11
1.155226e-10
-4.257494e-11
1.275638e-10
-4.790858e-11
1.322249e-10
-5.536089e-11
1.302265e-10
-6.556596e-11
1.219807e-10
-7.871947e-11
1.071654e-10
-9.995841e-11
8.402684e-11
-1.325687e-10
4.799187e-11
-1.843024e-10
-5.935602e-11
7.602876e-14
-1.278788e-10
-3.036389e-11
4.323495e-14
-9.5464e-11
-2.857124e-11
1.38347e-14
-6.810429e-11
-2.336676e-11
1.825752e-14
-4.857996e-11
-2.348458e-11
2.676854e-14
-2.87975e-11
-1.934867e-13
-3.22165e-15
-3.510861e-11
6.644648e-13
2.630997e-15
-3.028023e-11
4.95615e-13
3.049514e-16
-3.19517e-11
1.143029e-13
9.958574e-16
-3.264508e-11
5.58454e-13
2.648076e-19
-3.260327e-11
5.99832e-14
2.657029e-17
-2.883866e-11
8.639804e-14
-7.331134e-17
-2.513209e-11
8.839298e-14
4.486166e-17
-2.030423e-11
2.091662e-14
9.733573e-17
-1.317135e-11
7.184292e-14
1.3833e-16
-1.563203e-11
9.11176e-11
-2.160363e-12
-1.406976e-11
2.045987e-10
-1.559121e-11
-6.239839e-12
2.752183e-10
-2.667423e-11
-2.454856e-12
3.133116e-10
-3.472529e-11
-3.978859e-12
3.286906e-10
-4.605341e-11
-6.683253e-12
3.242934e-10
-5.807594e-11
-1.075834e-11
3.017282e-10
-7.069227e-11
-1.798911e-11
2.602213e-10
-8.129755e-11
-3.008327e-11
1.964218e-10
-8.879335e-11
-5.155315e-11
1.028017e-10
-6.62166e-11
-2.458136e-12
1.398608e-13
-5.471596e-11
2.618413e-12
2.697254e-14
-5.115685e-11
-3.073084e-12
3.500948e-14
-4.406632e-11
-4.747326e-12
1.989878e-14
-3.849815e-11
-1.528214e-12
2.535807e-14
-3.046259e-11
1.085315e-13
-1.469881e-15
-3.212495e-11
2.661272e-13
1.556296e-15
-3.136744e-11
3.018661e-13
-1.994002e-16
-3.261618e-11
2.581365e-13
1.593085e-15
-3.215302e-11
2.198627e-13
7.853545e-17
-3.256271e-11
3.254466e-14
-3.031154e-17
-2.893541e-11
1.525278e-14
-4.257208e-17
-2.50634e-11
3.920614e-14
4.411257e-18
-2.00893e-11
3.265372e-14
3.231073e-17
-1.299451e-11
1.534375e-14
-1.581857e-16
-1.721351e-11
1.127524e-10
5.155517e-12
-2.35082e-11
2.744612e-10
5.998022e-12
-1.156445e-11
3.817221e-10
7.110255e-13
-2.832706e-12
4.443883e-10
-1.264463e-11
-7.165327e-12
4.706839e-10
-2.499345e-11
-1.130107e-11
4.656528e-10
-3.575059e-11
-1.630885e-11
4.319499e-10
-4.337235e-11
-2.335388e-11
3.693108e-10
-4.713748e-11
-3.137408e-11
2.74058e-10
-4.248257e-11
-2.651397e-11
1.388246e-10
-3.063278e-11
8.747861e-12
1.819967e-13
-3.184264e-11
7.129773e-12
2.522155e-14
-3.188889e-11
3.755727e-12
2.509603e-14
-3.193234e-11
6.3208e-13
2.474581e-14
-2.784282e-11
5.886495e-12
7.505985e-15
-3.139611e-11
1.679712e-13
2.24682e-15
-3.149952e-11
2.380277e-13
-2.488206e-16
-3.127455e-11
2.756193e-13
3.880427e-16
-3.09816e-11
4.051214e-13
-5.908569e-16
-3.180379e-11
9.265325e-14
-1.226253e-15
-3.274633e-11
-5.329626e-15
-4.830531e-17
-2.930119e-11
1.896057e-15
1.060465e-16
-2.518554e-11
3.609383e-14
2.882729e-16
-2.005988e-11
1.31533e-14
-2.585851e-16
-1.2955e-11
3.37359e-14
2.119017e-16
-1.650879e-11
1.140109e-10
1.996811e-11
-1.916617e-11
3.076928e-10
2.684815e-11
-8.96937e-12
4.447097e-10
2.185341e-11
-3.97061e-12
5.284726e-10
7.494538e-12
-6.825025e-12
5.651829e-10
-6.383554e-12
-1.037974e-11
5.611465e-10
-1.778978e-11
-1.418999e-11
5.201569e-10
-2.490924e-11
-1.857115e-11
4.4262e-10
-2.639095e-11
-2.119172e-11
3.255606e-10
-2.242486e-11
-1.065341e-11
1.62227e-10
-1.928138e-11
7.507208e-12
2.103118e-13
-2.233372e-11
5.91943e-12
2.765067e-14
-2.575464e-11
4.619375e-12
2.594295e-14
-2.714452e-11
1.916586e-12
2.002575e-14
-2.5796e-11
1.718572e-12
-1.174802e-14
-2.945983e-11
1.476639e-14
-1.185414e-15
-3.357161e-11
8.995784e-14
7.144986e-16
-3.16146e-11
1.616732e-13
1.031555e-15
-3.165286e-11
-3.012938e-14
-6.462351e-16
-3.218537e-11
8.775967e-14
9.661221e-16
-3.262384e-11
5.880171e-15
-5.619913e-17
-2.878254e-11
1.43227e-14
-6.014125e-17
-2.481494e-11
1.419067e-14
-2.016007e-17
-2.007779e-11
-4.712479e-15
1.528167e-16
-1.290729e-11
1.378833e-15
-6.932515e-17
-1.142166e-11
5.634405e-11
-9.829206e-12
3.052188e-10
5.663606e-11
-3.114556e-12
4.680492e-10
4.526208e-11
-2.464957e-12
5.69736e-10
2.664567e-11
-3.966951e-12
6.163744e-10
8.500222e-12
-5.864211e-12
6.148848e-10
-5.646738e-12
-7.971421e-12
5.704594e-10
-1.471078e-11
-9.825678e-12
4.84519e-10
-1.748621e-11
-1.007381e-11
3.548701e-10
-1.630243e-11
-3.696507e-12
1.755963e-10
-1.522157e-11
3.873774e-12
2.268001e-13
-2.077083e-11
3.271481e-12
2.7209e-14
-2.240529e-11
2.62942e-12
2.326471e-14
-2.470181e-11
2.742141e-12
5.153653e-14
-3.07875e-11
7.020792e-13
-2.417761e-14
-2.875123e-11
-7.826744e-14
-1.173603e-15
-3.292318e-11
2.844126e-13
3.636469e-15
-2.941388e-11
-4.400364e-14
-2.526459e-15
-3.231289e-11
5.050511e-14
7.322128e-16
-3.239625e-11
6.839822e-14
5.577808e-16
-3.235677e-11
3.55862e-15
-5.247374e-17
-2.894419e-11
-2.312138e-14
-3.146405e-16
-2.51849e-11
-3.59376e-14
-1.036345e-16
-2.043249e-11
2.464283e-14
6.207247e-16
-1.288766e-11
-1.521603e-14
-2.48918e-16
3.229411e-12
1.252973e-10
2.27153e-12
4.508651e-10
8.130205e-11
6.718979e-13
5.688415e-10
4.975202e-11
2.700819e-13
6.251286e-10
2.183831e-11
1.973342e-13
6.279831e-10
1.037633e-12
6.768636e-15
5.840107e-10
-1.142847e-11
-1.877238e-13
4.961755e-10
-1.651894e-11
1.406006e-13
3.632622e-10
-1.591631e-11
-5.222417e-13
1.796394e-10
-1.66904e-11
-6.301015e-14
2.293303e-13
-1.966643e-11
-2.01289e-13
2.881854e-14
-2.397665e-11
-1.764426e-13
2.969812e-14
-2.691272e-11
8.681677e-13
1.426351e-14
-2.758406e-11
4.516404e-13
3.986556e-14
-3.192143e-11
-2.586846e-13
1.856064e-16
-3.435904e-11
1.370485e-13
2.668409e-15
-3.108111e-11
-2.685873e-13
-1.744609e-15
-3.278091e-11
-1.340848e-13
-1.601924e-16
-3.253036e-11
1.649928e-13
2.972953e-15
-3.239992e-11
-1.651021e-14
-1.892259e-16
-2.895353e-11
-1.123921e-15
1.144385e-16
-2.498634e-11
1.760627e-14
-1.158198e-16
-2.011665e-11
3.609702e-14
-3.898364e-17
-1.296514e-11
-2.748322e-14
-7.331443e-17
1.197703e-11
1.593873e-10
3.460293e-12
5.233519e-10
8.285159e-11
3.627244e-12
5.890796e-10
3.755974e-11
5.727182e-12
5.981219e-10
4.919419e-12
8.043695e-12
5.58823e-10
-1.503026e-11
9.978044e-12
4.75824e-10
-2.325196e-11
9.92333e-12
3.493484e-10
-2.205546e-11
3.456305e-12
1.738242e-10
-1.904983e-11
-4.230241e-12
2.242639e-13
-2.257743e-11
-3.004425e-12
2.857976e-14
-2.606015e-11
-2.77245e-12
2.425549e-14
-2.719071e-11
-2.236047e-12
2.908234e-14
-2.784413e-11
-5.535375e-12
3.940668e-14
-3.118898e-11
1.469908e-14
8.256697e-16
-3.131737e-11
3.900595e-14
7.747148e-16
-3.215155e-11
-1.066431e-13
2.305217e-15
-3.16066e-11
-3.551401e-14
-9.99241e-16
-3.229537e-11
-4.772481e-14
-2.154671e-16
-3.259942e-11
-2.373698e-14
1.067746e-16
-2.893126e-11
2.23033e-16
1.153695e-16
-2.487065e-11
-2.130823e-14
-1.6879e-16
-2.028657e-11
1.549402e-15
7.014676e-17
-1.30055e-11
8.387293e-16
5.514648e-17
9.577672e-12
1.538271e-10
5.220857e-12
5.025973e-10
5.954499e-11
8.945362e-12
5.193398e-10
6.625493e-12
1.410388e-11
4.890087e-10
-2.630923e-11
1.938934e-11
4.182966e-10
-4.257999e-11
2.165685e-11
3.089911e-10
-4.182884e-11
1.065213e-11
1.558946e-10
-3.107158e-11
-8.038989e-12
2.051265e-13
-3.206787e-11
-6.313159e-12
2.870145e-14
-3.147109e-11
-4.855175e-12
2.611166e-14
-3.282844e-11
-2.684465e-12
2.934408e-14
-3.39493e-11
-5.459167e-12
5.013696e-14
-3.26216e-11
-1.399876e-13
-1.353993e-15
-3.333517e-11
-1.143049e-13
1.252875e-15
-3.252958e-11
-8.712056e-15
6.862916e-16
-3.166848e-11
-2.708364e-13
-4.669396e-16
-3.29815e-11
-9.027557e-14
3.214421e-16
-3.308367e-11
-4.123691e-15
1.106396e-16
-2.919918e-11
-2.261428e-14
-7.752833e-17
-2.518402e-11
-3.642512e-14
4.840373e-17
-2.023062e-11
-1.116926e-14
7.074103e-17
-1.318184e-11
-3.34474e-15
2.919364e-16
6.839901e-12
1.026137e-10
8.849426e-12
3.810612e-10
7.689877e-12
1.60464e-11
3.632209e-10
-4.500641e-11
2.424627e-11
3.13007e-10
-7.554823e-11
3.306375e-11
2.338473e-10
-9.008001e-11
2.705542e-11
1.212495e-10
-6.791488e-11
-9.319647e-12
1.639568e-13
-5.518481e-11
-7.762227e-12
3.363243e-14
-5.244088e-11
-4.961813e-12
2.696879e-14
-4.375474e-11
-1.324945e-12
3.540087e-14
-3.988029e-11
-2.189351e-12
6.60983e-14
-3.455173e-11
-1.248637e-13
1.651186e-15
-3.22018e-11
-4.093693e-14
1.295692e-15
-3.22456e-11
-1.332281e-13
6.305758e-16
-3.248133e-11
-1.726353e-13
1.277228e-15
-3.261437e-11
-1.412835e-13
-5.622373e-17
-3.287129e-11
3.708947e-15
7.472504e-17
-2.91682e-11
-2.609874e-14
-2.881892e-16
-2.56126e-11
-1.822408e-14
-3.652749e-17
-2.046932e-11
-4.434459e-14
-1.831108e-16
-1.326273e-11
1.006278e-14
5.578078e-16
2.631113e-12
1.043719e-11
9.963904e-12
1.598728e-10
-5.421598e-11
1.908924e-11
1.391835e-10
-9.585237e-11
3.114138e-11
1.066698e-10
-1.352233e-10
5.220971e-11
5.97342e-11
-1.902846e-10
2.132968e-12
9.359835e-14
-1.310001e-10
-3.363501e-12
3.095911e-14
-9.739743e-11
2.515274e-12
4.05158e-14
-7.180941e-11
5.488643e-12
2.771912e-14
-5.556628e-11
1.401701e-12
2.370134e-14
-3.350624e-11
-5.895217e-14
5.095289e-16
-3.198994e-11
-2.523728e-13
-6.267048e-16
-3.281626e-11
-2.865623e-13
7.144238e-16
-3.342122e-11
-2.321797e-13
-3.427811e-16
-3.277451e-11
-3.161253e-13
8.884283e-16
-3.282719e-11
-2.522382e-14
4.90128e-17
-2.942749e-11
-3.082003e-14
9.419278e-17
-2.577475e-11
-1.009248e-14
-4.890936e-17
-2.058079e-11
-8.21726e-15
5.876787e-18
-1.334287e-11
1.618719e-14
-9.928691e-17
5.99822e-11
3.864495e-14
-2.516687e-11
3.042451e-11
3.521848e-14
-3.230041e-11
2.920123e-11
2.474599e-14
-3.601679e-11
2.244141e-11
5.949294e-14
-3.586565e-11
2.225119e-11
9.512942e-15
-3.38815e-11
-1.425604e-13
1.518276e-15
-3.012992e-11
6.99864e-15
2.262759e-16
-3.066358e-11
-1.843597e-13
-1.97752e-16
-3.137407e-11
2.276266e-13
3.265489e-15
-3.087028e-11
-4.506514e-13
-3.973476e-15
-3.364097e-11
-5.708359e-14
-1.686845e-16
-2.996706e-11
-6.536334e-14
8.989465e-17
-2.59564e-11
2.625184e-14
1.184642e-15
-2.030023e-11
-5.307747e-14
-7.858738e-16
-1.35961e-11
-4.921336e-15
6.489211e-16
3.479633e-11
3.149382e-14
-1.167694e-11
2.263152e-11
4.034288e-14
-1.672898e-11
2.558992e-11
2.955114e-14
-2.44288e-11
2.267022e-11
4.31193e-14
-2.903244e-11
2.471819e-11
8.234591e-14
-4.22884e-11
-1.713407e-13
6.453091e-15
-3.77873e-11
-2.465085e-13
4.598492e-16
-3.316432e-11
3.418445e-14
3.044928e-16
-3.296481e-11
-3.887312e-13
-2.652443e-15
-3.384971e-11
-4.365651e-13
3.191041e-15
-3.299801e-11
-6.112387e-15
2.968578e-17
-3.034128e-11
1.233293e-14
-3.681016e-17
-2.618558e-11
-1.670988e-14
-2.275318e-16
-2.138831e-11
-9.498338e-14
5.023401e-16
-1.369903e-11
-1.861067e-14
-3.018754e-16
2.350028e-11
5.919256e-14
-9.674088e-12
1.817205e-11
2.457486e-14
-1.532029e-11
1.830868e-11
3.683182e-14
-1.988263e-11
1.64665e-11
6.078519e-14
-2.951429e-11
2.028338e-11
5.363166e-15
-3.580515e-11
6.238996e-13
1.122396e-15
-3.347658e-11
6.955734e-13
4.466139e-15
-3.065993e-11
-4.57639e-13
-5.564053e-15
-3.794972e-11
1.550425e-13
7.117057e-15
-3.334351e-11
2.767892e-13
-3.552205e-15
-3.438512e-11
-1.106509e-14
-7.897279e-17
-2.98442e-11
2.929477e-14
1.320941e-16
-2.565422e-11
2.896761e-14
-1.463362e-16
-2.116676e-11
3.192143e-14
-1.217018e-16
-1.363966e-11
-3.913145e-14
-1.423245e-17
1.388098e-11
2.02029e-14
-7.288205e-12
1.189892e-11
6.652907e-14
-1.323656e-11
1.248347e-11
2.547446e-14
-1.871741e-11
1.359788e-11
5.692913e-14
-2.953812e-11
1.705629e-11
-7.182388e-15
-3.293103e-11
-5.468179e-14
1.874884e-15
-3.599494e-11
-6.853397e-14
2.497117e-15
-3.61792e-11
-1.842893e-13
1.838368e-15
-3.660934e-11
6.071903e-13
1.121299e-15
-3.266323e-11
-2.477868e-13
-1.826127e-15
-3.410689e-11
-2.849924e-14
-5.706979e-16
-3.183886e-11
1.283448e-14
7.376711e-16
-2.583847e-11
-3.126199e-14
-3.109924e-16
-2.159293e-11
1.777727e-14
3.245858e-16
-1.377192e-11
-1.036602e-15
-5.164658e-16
6.710743e-12
-7.032097e-12
5.916885e-12
1.783816e-14
-1.271866e-11
6.140118e-12
6.775213e-14
-1.949417e-11
6.965988e-12
3.216724e-14
-2.753599e-11
2.751723e-12
2.072646e-15
-2.843398e-11
-7.663178e-14
-4.872837e-15
-3.381477e-11
8.516794e-14
3.873847e-15
-3.34407e-11
2.038797e-13
2.267618e-15
-3.372007e-11
3.370913e-13
4.096558e-15
-3.355874e-11
-2.137374e-13
-4.445199e-15
-3.523271e-11
-3.095196e-14
-5.598776e-17
-3.069212e-11
6.610579e-14
3.024831e-16
-2.58081e-11
-3.762485e-14
-2.928469e-16
-2.136598e-11
2.810886e-14
2.438428e-16
-1.372519e-11
-5.070352e-14
-2.146747e-16
5.76244e-14
-7.696969e-12
3.744192e-15
-1.383424e-11
1.599151e-15
-1.979632e-11
9.674407e-15
-2.467755e-11
9.112535e-14
-3.511913e-11
2.060574e-15
-3.308717e-11
3.101897e-15
-3.132775e-11
1.62141e-15
-3.15176e-11
-2.968275e-15
-3.542496e-11
4.604914e-15
-3.341153e-11
-8.866804e-16
-3.055195e-11
3.465306e-16
-2.606599e-11
2.052924e-18
-2.067347e-11
2.614193e-16
-1.327961e-11
2.28874e-16
-6.815159e-12
3.574556e-14
-7.239734e-12
-6.682811e-12
5.078003e-14
-1.360893e-11
-6.148716e-12
7.930376e-15
-1.973741e-11
-6.301591e-12
-5.371612e-15
-2.683246e-11
-5.513843e-12
-2.783569e-14
-3.126067e-11
8.894074e-14
-5.598379e-15
-3.496255e-11
5.746338e-14
1.538456e-15
-3.356643e-11
-2.990875e-13
2.314562e-15
-3.299761e-11
-4.947545e-13
-1.38405e-15
-3.649936e-11
1.790529e-13
6.851481e-15
-3.164723e-11
-6.805679e-14
-6.144495e-16
-3.070222e-11
6.568442e-14
1.702877e-16
-2.535143e-11
3.096296e-14
1.372638e-16
-2.050299e-11
3.274851e-14
-2.292705e-16
-1.314767e-11
-3.783723e-14
-6.589461e-16
-1.335742e-11
-8.101712e-15
-9.415867e-12
-1.185079e-11
2.548128e-14
-1.452603e-11
-1.346629e-11
5.448612e-14
-2.065516e-11
-1.267134e-11
-4.227045e-15
-2.350004e-11
-1.379789e-11
9.630087e-15
-2.36407e-11
2.2873e-13
-6.461444e-16
-2.641215e-11
5.491027e-13
-2.371039e-15
-2.961658e-11
5.719759e-13
2.713047e-15
-2.927909e-11
-2.283334e-14
-2.740786e-15
-3.374708e-11
1.013255e-15
-4.988814e-15
-3.360859e-11
-1.063595e-13
-2.315729e-16
-3.137743e-11
2.69499e-15
7.874486e-16
-2.603988e-11
-3.791725e-14
-4.327123e-16
-2.141554e-11
-4.482215e-14
4.957704e-16
-1.341455e-11
-4.496651e-14
-5.091747e-16
-2.314047e-11
6.711313e-14
-1.176108e-11
-1.76764e-11
-1.938745e-15
-1.684716e-11
-1.86514e-11
2.931202e-14
-2.314742e-11
-1.636703e-11
2.098668e-14
-2.732258e-11
-2.048312e-11
3.754883e-14
-3.729695e-11
-6.387866e-13
1.362015e-15
-3.409585e-11
-7.09859e-13
-2.800927e-15
-3.593992e-11
1.149795e-13
5.064895e-15
-3.325265e-11
-3.828695e-13
-2.165361e-15
-3.424118e-11
3.484501e-13
-6.691568e-16
-3.346031e-11
-3.736271e-14
-5.7562e-16
-3.087617e-11
8.29485e-14
6.168383e-16
-2.527442e-11
1.599725e-14
1.409457e-16
-2.068882e-11
9.002235e-14
1.836155e-16
-1.319439e-11
8.754855e-15
-1.07936e-16
-3.413931e-11
2.114161e-14
-2.518933e-11
-2.27061e-11
5.898888e-14
-3.375742e-11
-2.475224e-11
9.179492e-16
-3.649438e-11
-2.283998e-11
2.644227e-14
-3.654038e-11
-2.537568e-11
4.868069e-14
-3.403199e-11
4.802082e-13
3.202268e-15
-3.012101e-11
-3.926404e-13
-5.751366e-15
-3.778137e-11
1.868106e-13
7.754041e-16
-3.506958e-11
-2.223659e-13
2.170925e-15
-3.468913e-11
-9.417521e-14
1.615223e-16
-3.302378e-11
-2.230874e-14
-1.958957e-16
-3.043018e-11
-5.24435e-15
-2.860546e-16
-2.59644e-11
-5.856282e-14
3.239785e-17
-2.136014e-11
2.593839e-14
9.086229e-16
-1.324086e-11
-7.624692e-14
-5.975623e-16
4.639403e-11
-1.642505e-11
9.162787e-11
-3.269111e-11
1.172684e-10
-4.231299e-11
1.300117e-10
-4.754507e-11
1.350199e-10
-5.469723e-11
1.330605e-10
-6.491465e-11
1.247149e-10
-7.91359e-11
1.095712e-10
-9.92635e-11
8.59709e-11
-1.322418e-10
4.914825e-11
-1.854772e-10
-5.917884e-11
8.018284e-14
-1.274954e-10
-3.002329e-11
2.355161e-14
-9.522809e-11
-2.901031e-11
4.695256e-14
-6.978094e-11
-2.3795e-11
2.232364e-15
-4.930009e-11
-1.732097e-11
4.108937e-14
-3.312288e-11
3.994896e-13
1.327948e-15
-2.93143e-11
-2.454861e-13
-3.368845e-15
-3.498023e-11
8.202972e-13
2.752454e-15
-3.114976e-11
4.043416e-13
-7.022881e-17
-3.234968e-11
3.049427e-13
1.101221e-15
-3.297702e-11
5.00142e-14
2.247192e-17
-2.904088e-11
6.369144e-14
-6.134599e-18
-2.50064e-11
9.133656e-14
-6.06576e-17
-2.0275e-11
9.122277e-14
4.652505e-17
-1.310525e-11
2.260605e-14
1.007143e-16
-1.56493e-11
8.767979e-11
1.270764e-12
-1.330573e-11
2.036848e-10
-1.208687e-11
-6.222589e-12
2.778631e-10
-2.395415e-11
-2.149836e-12
3.184608e-10
-3.255398e-11
-3.964231e-12
3.352391e-10
-4.448053e-11
-6.825403e-12
3.313096e-10
-5.75597e-11
-1.085617e-11
3.084251e-10
-7.026693e-11
-1.822023e-11
2.661047e-10
-8.179526e-11
-2.972826e-11
2.008656e-10
-8.751207e-11
-5.117918e-11
1.051836e-10
-6.653239e-11
-2.091351e-12
1.442664e-13
-5.527007e-11
2.806643e-12
2.604957e-14
-5.041989e-11
-2.882801e-12
2.668118e-14
-4.458153e-11
-5.047635e-12
3.264388e-14
-3.865962e-11
-7.194201e-14
3.042792e-14
-3.306589e-11
4.469202e-13
1.682618e-15
-3.087656e-11
1.095323e-13
-1.646296e-15
-3.227852e-11
3.034629e-13
1.567188e-15
-3.175068e-11
2.450405e-13
-2.535243e-16
-3.275341e-11
3.224968e-13
1.558894e-15
-3.265854e-11
2.15547e-14
2.281327e-17
-2.899365e-11
3.102189e-14
-4.938365e-17
-2.50556e-11
1.60104e-14
-3.656066e-17
-2.021352e-11
4.043077e-14
1.797382e-18
-1.298353e-11
3.349162e-14
3.078512e-17
-1.833354e-11
9.963516e-11
1.459843e-11
-2.308628e-11
2.666029e-10
1.632451e-11
-1.129732e-11
3.816785e-10
8.031487e-12
-2.267795e-12
4.500105e-10
-6.620372e-12
-6.803214e-12
4.794209e-10
-2.138896e-11
-1.136524e-11
4.755721e-10
-3.390289e-11
-1.647307e-11
4.416279e-10
-4.314365e-11
-2.35988e-11
3.77651e-10
-4.671548e-11
-3.187459e-11
2.802933e-10
-4.275161e-11
-2.605954e-11
1.419617e-10
-3.021116e-11
8.752065e-12
1.868756e-13
-3.176101e-11
7.280616e-12
2.616862e-14
-3.321974e-11
4.066597e-12
2.427753e-14
-3.141239e-11
-6.78344e-14
2.524675e-14
-3.009445e-11
5.854355e-12
2.159987e-14
-3.225675e-11
2.214479e-13
1.53219e-15
-3.174815e-11
1.656564e-13
2.064594e-15
-3.164263e-11
1.829087e-13
-1.393741e-16
-3.15924e-11
2.449697e-13
4.916422e-16
-3.150064e-11
4.31059e-13
-1.095908e-15
-3.24447e-11
5.222396e-15
-1.001651e-16
-2.913773e-11
-6.092189e-15
-4.206909e-17
-2.53079e-11
2.402299e-15
1.018133e-16
-2.027986e-11
3.76279e-14
3.018928e-16
-1.294751e-11
1.37401e-14
-2.681496e-16
-2.125566e-11
5.23289e-11
-2.026627e-11
2.862802e-10
5.132843e-11
-8.922378e-12
4.381896e-10
3.907371e-11
-3.420267e-12
5.320798e-10
1.919803e-11
-6.592732e-12
5.746873e-10
6.264978e-13
-1.029654e-11
5.730097e-10
-1.37868e-11
-1.434936e-11
5.319989e-10
-2.323633e-11
-1.888282e-11
4.528442e-10
-2.608168e-11
-2.137677e-11
3.330056e-10
-2.256892e-11
-1.113924e-11
1.659398e-10
-1.8686e-11
7.498916e-12
2.140349e-13
-2.278446e-11
5.844628e-12
2.757977e-14
-2.491459e-11
4.366637e-12
2.569684e-14
-2.75608e-11
3.013919e-12
1.586289e-14
-2.752143e-11
6.320432e-12
2.490686e-14
-3.174811e-11
2.560209e-13
2.72135e-15
-3.002031e-11
-6.325304e-15
-1.490432e-15
-3.330806e-11
3.111477e-14
4.173342e-16
-3.194639e-11
1.782778e-13
6.513857e-16
-3.217375e-11
-1.825213e-14
3.331207e-16
-3.244672e-11
9.096205e-15
9.28201e-17
-2.900584e-11
7.915873e-15
-7.017899e-17
-2.490248e-11
1.46537e-14
-7.136797e-17
-2.002299e-11
1.459557e-14
-2.00564e-17
-1.295436e-11
-5.082569e-15
1.608143e-16
-1.488834e-11
1.213796e-10
-3.920568e-12
4.509096e-10
7.988206e-11
-2.49887e-12
5.688277e-10
4.933133e-11
-3.788023e-12
6.250966e-10
2.198762e-11
-5.678732e-12
6.279509e-10
1.332032e-12
-7.948691e-12
5.83988e-10
-1.119902e-11
-1.011138e-11
4.961638e-10
-1.643008e-11
-1.037237e-11
3.632527e-10
-1.538267e-11
-3.534369e-12
1.796496e-10
-1.733456e-11
3.79084e-12
2.282533e-13
-1.895465e-11
3.073712e-12
2.828556e-14
-2.405329e-11
3.002188e-12
2.933324e-14
-2.564564e-11
-3.359771e-14
1.704956e-14
-2.392604e-11
2.013176e-12
-1.130047e-14
-3.272493e-11
2.722516e-13
3.956314e-15
-2.944059e-11
-1.094531e-13
-1.685891e-15
-3.276993e-11
2.782984e-13
3.466008e-15
-3.020119e-11
-3.997248e-14
-2.484219e-15
-3.253692e-11
8.348921e-14
9.441694e-16
-3.256447e-11
5.977749e-15
4.931846e-17
-2.879992e-11
2.375954e-15
-4.427538e-17
-2.502923e-11
-2.478584e-14
-3.307767e-16
-2.027125e-11
-3.73595e-14
-1.187567e-16
-1.313097e-11
2.599945e-14
6.492291e-16
2.501069e-12
1.675901e-10
6.694858e-13
5.610366e-10
9.188106e-11
-3.495517e-14
6.315911e-10
4.695638e-11
3.673234e-14
6.415048e-10
1.402908e-11
1.362377e-13
5.99044e-10
-6.066213e-12
-1.11149e-13
5.090625e-10
-1.422329e-11
-4.023432e-13
3.722986e-10
-1.525459e-11
3.541861e-15
1.839509e-10
-1.676731e-11
-2.249181e-13
2.374612e-13
-2.058265e-11
-7.981437e-14
2.523005e-14
-2.259514e-11
-3.114173e-13
2.725903e-14
-2.650698e-11
9.585664e-13
2.873513e-14
-3.028119e-11
-1.158863e-12
5.541575e-14
-3.236536e-11
1.487826e-13
2.311579e-16
-3.213399e-11
-2.635921e-13
6.110484e-17
-3.412494e-11
1.468227e-13
2.646586e-15
-3.151145e-11
-2.981064e-13
-1.831837e-15
-3.28316e-11
-1.02949e-13
1.485405e-16
-3.274074e-11
1.62423e-14
3.007898e-16
-2.881381e-11
-1.6928e-14
-1.966302e-16
-2.504528e-11
-1.07616e-15
1.270194e-16
-2.014191e-11
1.832438e-14
-1.213014e-16
-1.297792e-11
3.755468e-14
-4.282781e-17
6.524554e-12
1.797343e-10
3.381906e-12
5.920182e-10
8.176208e-11
5.004653e-12
6.115477e-10
2.810237e-11
7.724979e-12
5.752505e-10
-5.108963e-12
1.004595e-11
4.900937e-10
-1.996339e-11
1.017534e-11
3.589556e-10
-2.141035e-11
2.847708e-12
1.78186e-10
-1.860566e-11
-4.12858e-12
2.306289e-13
-2.284709e-11
-3.437499e-12
2.829165e-14
-2.546948e-11
-2.34484e-12
2.824952e-14
-2.863674e-11
-2.438019e-12
2.401975e-14
-2.75716e-11
-3.948012e-12
1.638601e-14
-2.948128e-11
6.556507e-14
-7.155539e-16
-3.155925e-11
1.704193e-14
1.177567e-15
-3.155515e-11
3.46669e-14
5.254787e-16
-3.263655e-11
-9.112174e-14
2.243217e-15
-3.204061e-11
3.662036e-14
-6.277626e-16
-3.271891e-11
-5.727965e-15
-4.969595e-17
-2.903426e-11
-2.500371e-14
1.04073e-16
-2.504589e-11
1.00285e-15
1.254394e-16
-2.007961e-11
-2.247599e-14
-1.802629e-16
-1.308062e-11
1.716281e-15
7.611466e-17
6.604998e-12
1.553618e-10
7.901693e-12
5.323228e-10
4.753497e-11
1.328551e-11
5.068392e-10
-8.440537e-12
1.886893e-11
4.340505e-10
-3.67171e-11
2.19818e-11
3.192442e-10
-4.181449e-11
1.065816e-11
1.602134e-10
-2.975164e-11
-8.045827e-12
2.109699e-13
-3.222975e-11
-6.399865e-12
3.11417e-14
-3.345934e-11
-4.765367e-12
3.002882e-14
-3.174061e-11
-2.215967e-12
3.758283e-14
-3.211819e-11
-6.34675e-12
2.68453e-14
-3.009053e-11
-2.053657e-13
5.863303e-17
-3.270874e-11
-1.29949e-13
-9.324564e-16
-3.309625e-11
-1.174667e-13
7.686015e-16
-3.248373e-11
-2.9156e-14
9.789585e-16
-3.211108e-11
-2.794413e-13
-3.875834e-16
-3.301782e-11
-1.165661e-14
4.90495e-18
-2.940192e-11
-2.981857e-15
1.248399e-16
-2.526358e-11
-2.399222e-14
-8.654218e-17
-2.032112e-11
-3.864368e-14
4.522553e-17
-1.308183e-11
-1.114255e-14
7.650131e-17
4.772251e-12
8.662631e-11
1.390857e-11
3.821852e-10
-1.526243e-11
2.387232e-11
3.297953e-10
-6.666935e-11
3.252817e-11
2.442413e-10
-8.745485e-11
2.693069e-11
1.253612e-10
-6.893846e-11
-9.195103e-12
1.683882e-13
-5.647459e-11
-7.924e-12
3.080412e-14
-5.065124e-11
-4.656976e-12
3.283172e-14
-4.538491e-11
-1.093927e-12
2.003524e-14
-3.736613e-11
-7.515701e-12
2.421619e-14
-3.135544e-11
-3.693574e-13
-2.109885e-15
-3.442764e-11
-1.127675e-13
2.15162e-15
-3.235156e-11
-4.571914e-14
1.196065e-15
-3.226414e-11
-1.429942e-13
1.457726e-16
-3.275417e-11
-1.973239e-13
1.582094e-15
-3.29789e-11
-1.161763e-14
-1.186301e-17
-2.928361e-11
3.67348e-15
7.923637e-17
-2.527058e-11
-2.811396e-14
-3.045699e-16
-2.064184e-11
-1.879864e-14
-3.147746e-17
-1.323249e-11
-4.587723e-14
-1.957163e-16
3.077135e-12
-1.320339e-11
1.729449e-11
1.522869e-10
-8.477783e-11
3.105952e-11
1.141818e-10
-1.346885e-10
5.207729e-11
6.241235e-11
-1.901859e-10
2.168308e-12
9.906657e-14
-1.323595e-10
-3.285789e-12
3.110913e-14
-9.732716e-11
2.234977e-12
2.599078e-14
-7.052771e-11
3.839727e-12
5.565322e-14
-5.350366e-11
-1.020067e-12
1.560896e-14
-3.27224e-11
-2.400914e-13
4.287116e-16
-3.353056e-11
-4.712482e-14
5.983547e-16
-3.21482e-11
-2.267724e-13
-5.389305e-16
-3.290433e-11
-2.387844e-13
6.567367e-16
-3.329285e-11
-3.501006e-13
-5.931102e-16
-3.315872e-11
-2.946375e-14
1.001401e-16
-2.92818e-11
-2.833881e-14
6.95942e-17
-2.549947e-11
-3.071666e-14
9.992848e-17
-2.078613e-11
-9.645585e-15
-5.196077e-17
-1.332044e-11
-8.090106e-15
8.089279e-18
5.997511e-11
3.786319e-14
-2.526561e-11
3.01873e-11
3.819818e-14
-3.278217e-11
2.936731e-11
2.950774e-14
-3.621767e-11
2.298166e-11
4.156318e-14
-3.662771e-11
2.622562e-11
1.207252e-13
-3.791286e-11
-2.090366e-13
3.153842e-15
-3.398347e-11
-1.01702e-14
2.091378e-15
-3.028866e-11
-5.403542e-14
2.536476e-16
-3.147013e-11
-1.423531e-13
-3.14949e-16
-3.191762e-11
4.587534e-14
1.659459e-15
-3.178096e-11
-3.639393e-14
-4.401509e-16
-3.000882e-11
-6.533458e-14
-1.486825e-16
-2.600139e-11
-7.174667e-14
1.029669e-16
-2.097132e-11
2.419404e-14
1.245257e-15
-1.321628e-11
-5.586166e-14
-8.227044e-16
3.509324e-11
5.239025e-14
-1.170085e-11
2.259675e-11
3.360923e-14
-1.620372e-11
2.536022e-11
3.917101e-14
-2.394033e-11
2.354314e-11
5.057927e-14
-3.181271e-11
2.719278e-11
3.169803e-14
-3.625194e-11
-4.578437e-13
-6.65594e-15
-4.082178e-11
-2.122077e-13
6.294927e-15
-3.608578e-11
-3.183923e-13
3.135092e-16
-3.320924e-11
-1.101876e-14
9.692143e-16
-3.329648e-11
-4.867664e-13
-3.592449e-15
-3.308162e-11
-3.560212e-14
4.756996e-16
-2.951731e-11
-5.836088e-15
3.421577e-18
-2.625944e-11
1.515679e-14
-4.986593e-17
-2.113515e-11
-1.443736e-14
-1.986743e-16
-1.378391e-11
-9.82277e-14
5.121813e-16
2.284259e-11
1.75353e-14
-9.053814e-12
1.855003e-11
6.120981e-14
-1.64748e-11
1.886626e-11
2.444645e-14
-2.181616e-11
1.47871e-11
3.594423e-14
-2.061131e-11
2.108734e-11
-5.48554e-14
-3.402797e-11
-1.29218e-13
2.398966e-15
-3.543737e-11
5.958915e-13
6.04138e-17
-3.315798e-11
5.194763e-13
3.731703e-15
-3.151185e-11
-2.610174e-13
-4.504538e-15
-3.672361e-11
2.058728e-13
7.866587e-15
-3.443934e-11
4.011709e-14
-4.38349e-16
-3.047045e-11
-9.686461e-15
-8.915431e-17
-2.587937e-11
2.928795e-14
1.108507e-16
-2.080065e-11
2.983607e-14
-1.631169e-16
-1.369186e-11
3.236972e-14
-1.200093e-16
1.396482e-11
-7.573461e-12
1.196432e-11
2.037765e-14
-1.342253e-11
1.236818e-11
6.309894e-14
-1.966346e-11
1.158744e-11
1.797499e-14
-2.372441e-11
1.009679e-11
-5.66928e-15
-3.705904e-11
-1.589848e-13
3.54439e-15
-3.277495e-11
-6.117102e-14
1.19777e-15
-3.491597e-11
-1.605357e-13
2.25433e-15
-3.530318e-11
-1.116837e-13
3.354142e-15
-3.63834e-11
4.604963e-13
1.15066e-15
-3.338854e-11
-2.607198e-14
-2.46811e-16
-3.036655e-11
-3.102119e-14
-6.188561e-16
-2.739482e-11
1.350061e-14
7.518874e-16
-2.094071e-11
-3.238847e-14
-3.215075e-16
-1.392729e-11
1.931271e-14
3.40549e-16
6.024166e-12
-1.339668e-11
5.717546e-12
1.693712e-14
-1.852496e-11
4.906529e-12
6.998008e-14
-2.449724e-11
5.63965e-12
3.408689e-14
-3.344592e-11
7.440248e-13
7.641009e-15
-2.945015e-11
-1.708986e-14
-4.137549e-15
-3.329686e-11
1.185222e-14
1.709947e-15
-3.330058e-11
3.938651e-13
5.485215e-16
-3.402517e-11
2.717068e-13
5.758545e-15
-3.434692e-11
-3.338e-14
-4.447414e-16
-3.129103e-11
-3.438747e-14
-2.881957e-17
-2.657831e-11
6.650644e-14
3.155152e-16
-2.092495e-11
-3.94374e-14
-3.010771e-16
-1.38232e-11
2.934022e-14
2.524079e-16
3.954818e-14
-6.93647e-12
5.766783e-14
-1.466865e-11
3.305239e-15
-2.014401e-11
-1.017914e-14
-2.587831e-11
-2.994738e-14
-2.992904e-11
-6.893086e-15
-3.498729e-11
2.447869e-15
-3.313967e-11
2.547378e-15
-3.224294e-11
1.25794e-15
-3.241099e-11
-2.205141e-15
-3.472307e-11
6.278011e-16
-2.962377e-11
-9.304796e-16
-2.63644e-11
3.738774e-16
-2.093531e-11
-1.59537e-18
-1.331797e-11
2.771421e-16
-6.554148e-12
-1.281636e-14
-6.89462e-12
-5.89428e-12
3.418004e-14
-1.331417e-11
-6.405213e-12
6.097336e-14
-2.10826e-11
-6.538574e-12
-5.777311e-15
-2.638413e-11
-6.10242e-12
2.814827e-14
-3.497988e-11
-1.423e-14
2.782194e-15
-3.126277e-11
2.373845e-14
-5.772373e-15
-3.436173e-11
1.332483e-13
3.664714e-16
-3.354633e-11
-2.855379e-13
3.541877e-15
-3.350964e-11
-3.407007e-13
-1.160384e-15
-3.532345e-11
3.529304e-14
7.154089e-16
-2.835471e-11
-6.873912e-14
-5.947015e-16
-2.647231e-11
6.949942e-14
1.808968e-16
-2.04676e-11
3.101903e-14
1.241083e-16
-1.323585e-11
3.387816e-14
-2.349947e-16
-1.395952e-11
7.720231e-14
-9.608599e-12
-1.118359e-11
-8.476298e-15
-1.601928e-11
-1.277093e-11
3.549503e-14
-2.055957e-11
-1.338118e-11
3.578115e-14
-2.403965e-11
-1.309526e-11
4.134872e-15
-3.137019e-11
5.441889e-13
3.982105e-15
-2.49586e-11
2.936074e-13
-1.255451e-15
-2.867762e-11
4.913938e-13
-1.878221e-15
-3.103605e-11
5.472868e-13
1.779932e-15
-3.126171e-11
1.136762e-13
-2.622329e-15
-3.370579e-11
-5.182263e-15
-3.699567e-16
-2.986803e-11
-1.113349e-13
-3.038667e-16
-2.699232e-11
6.039755e-15
8.481885e-16
-2.090067e-11
-4.030976e-14
-4.685814e-16
-1.369752e-11
-4.577346e-14
5.244128e-16
-2.222123e-11
2.239981e-14
-1.18607e-11
-1.828129e-11
7.007655e-14
-1.661393e-11
-1.836635e-11
-4.68902e-15
-2.338624e-11
-1.499744e-11
1.220642e-14
-3.117178e-11
-2.077615e-11
7.139191e-14
-3.31694e-11
-4.325352e-14
-5.551397e-16
-3.684793e-11
-5.404216e-13
2.051429e-15
-3.339364e-11
-7.207946e-13
-2.029366e-15
-3.500826e-11
1.380263e-13
3.798696e-15
-3.344049e-11
-3.38034e-13
-1.708523e-15
-3.409228e-11
1.716132e-14
-1.022441e-16
-2.977337e-11
-3.78855e-14
-5.904678e-16
-2.654772e-11
8.060791e-14
5.862919e-16
-2.044024e-11
1.200891e-14
1.266405e-16
-1.333392e-11
9.437919e-14
2.202015e-16
-3.3652e-11
3.125431e-14
-2.565823e-11
-2.221181e-11
2.042244e-14
-3.295205e-11
-2.494376e-11
5.870442e-14
-3.825629e-11
-2.37847e-11
1.010597e-14
-3.698352e-11
-2.53927e-11
3.840668e-14
-2.82341e-11
4.24245e-15
-1.643927e-15
-3.410189e-11
4.410597e-13
4.106259e-15
-3.065706e-11
-5.112663e-13
-7.176425e-15
-3.606632e-11
-1.661061e-14
6.838455e-16
-3.520101e-11
-5.908119e-14
3.377251e-15
-3.405704e-11
-1.928128e-14
-8.365467e-18
-2.928814e-11
-1.783581e-14
-1.594069e-16
-2.62665e-11
-8.193766e-15
-2.886954e-16
-2.086731e-11
-5.635743e-14
4.224208e-17
-1.365991e-11
2.730991e-14
9.206753e-16
4.478956e-11
-1.496376e-11
9.143215e-11
-3.009424e-11
1.184496e-10
-4.036205e-11
1.322168e-10
-4.670586e-11
1.377502e-10
-5.427539e-11
1.359737e-10
-6.447286e-11
1.274788e-10
-7.860915e-11
1.120455e-10
-9.99796e-11
8.788678e-11
-1.311621e-10
5.02758e-11
-1.847457e-10
-5.896037e-11
8.310199e-14
-1.285118e-10
-2.97228e-11
2.876484e-14
-9.503291e-11
-2.886128e-11
2.060238e-14
-6.929636e-11
-2.251971e-11
4.812959e-14
-5.267026e-11
-1.661725e-11
3.458882e-14
-3.321187e-11
7.468896e-14
5.124593e-16
-3.289017e-11
3.533223e-13
1.342226e-15
-2.9932e-11
-2.321396e-13
-3.655345e-15
-3.47903e-11
6.750354e-13
2.955182e-15
-3.189514e-11
6.559401e-13
3.671238e-16
-3.291279e-11
2.459986e-14
1.003901e-16
-2.933975e-11
5.820429e-14
2.174232e-17
-2.515169e-11
6.65663e-14
-2.262385e-17
-2.021036e-11
9.628887e-14
-5.481525e-17
-1.310252e-11
9.426976e-14
4.71292e-17
-1.590739e-11
7.597165e-11
8.568092e-12
-1.280296e-11
1.974155e-10
-3.256963e-12
-6.003844e-12
2.778461e-10
-1.755476e-11
-2.402721e-12
3.225969e-10
-2.800273e-11
-3.796427e-12
3.415198e-10
-4.183931e-11
-6.846835e-12
3.383923e-10
-5.609662e-11
-1.095116e-11
3.153439e-10
-7.004199e-11
-1.831336e-11
2.721022e-10
-8.16355e-11
-3.005809e-11
2.054312e-10
-8.830045e-11
-5.065455e-11
1.075317e-10
-6.529122e-11
-2.32393e-12
1.450927e-13
-5.533424e-11
3.229633e-12
2.951803e-14
-5.125109e-11
-3.112789e-12
2.434106e-14
-4.332001e-11
-4.555335e-12
2.677538e-14
-4.025557e-11
-6.17624e-13
3.59001e-14
-3.264964e-11
1.563156e-13
-1.193458e-15
-3.298937e-11
4.613314e-13
1.872809e-15
-3.140321e-11
1.690958e-13
-1.470252e-15
-3.265956e-11
3.13864e-13
1.352254e-15
-3.211948e-11
4.333119e-13
-3.357941e-17
-3.2998e-11
2.808535e-14
1.590545e-16
-2.907108e-11
2.434714e-14
2.253515e-17
-2.510008e-11
3.143218e-14
-5.662355e-17
-2.021897e-11
1.714076e-14
-4.001395e-17
-1.305464e-11
4.153688e-14
4.264556e-18
-2.631708e-11
4.701627e-11
-2.403552e-11
2.458385e-10
3.838064e-11
-1.119342e-11
3.754473e-10
2.479586e-11
-2.336611e-12
4.530563e-10
3.884878e-12
-6.504096e-12
4.875621e-10
-1.483539e-11
-1.124808e-11
4.856673e-10
-3.051e-11
-1.659463e-11
4.516929e-10
-4.172166e-11
-2.377043e-11
3.86372e-10
-4.700709e-11
-3.220714e-11
2.866831e-10
-4.233591e-11
-2.65878e-11
1.452001e-10
-3.054091e-11
8.60775e-12
1.888158e-13
-3.11967e-11
7.397417e-12
2.838889e-14
-3.333288e-11
4.017812e-12
2.462612e-14
-3.293853e-11
1.046469e-12
2.06951e-14
-2.956841e-11
1.010175e-11
4.505289e-14
-3.416719e-11
1.261638e-13
2.843102e-15
-3.219289e-11
2.468452e-13
9.423748e-16
-3.20778e-11
1.822523e-13
2.564566e-15
-3.202059e-11
2.348093e-13
-4.082548e-16
-3.197834e-11
2.958209e-13
4.7497e-16
-3.218341e-11
3.830107e-14
-1.028166e-16
-2.890926e-11
3.692144e-15
-1.168616e-16
-2.519386e-11
-6.092259e-15
-3.01764e-17
-2.036431e-11
2.373393e-15
9.595758e-17
-1.30722e-11
3.911056e-14
3.149202e-16
-3.038394e-11
1.149625e-10
-9.498148e-12
4.211509e-10
7.383002e-11
-3.930071e-12
5.310208e-10
4.155977e-11
-6.372676e-12
5.828676e-10
1.361299e-11
-1.006744e-11
5.852603e-10
-7.207466e-12
-1.439543e-11
5.446454e-10
-1.996835e-11
-1.905816e-11
4.637247e-10
-2.517629e-11
-2.17962e-11
3.408523e-10
-2.253747e-11
-1.136563e-11
1.697522e-10
-1.854647e-11
7.602517e-12
2.182844e-13
-2.238023e-11
5.890259e-12
2.620046e-14
-2.560706e-11
4.316822e-12
2.796371e-14
-2.628832e-11
1.989488e-12
2.693178e-14
-2.972805e-11
6.066278e-12
4.496799e-14
-3.184934e-11
2.58797e-13
2.14993e-15
-3.176352e-11
2.67161e-13
2.233579e-15
-3.074728e-11
-2.557488e-15
-1.013862e-15
-3.323332e-11
5.616159e-14
5.748407e-16
-3.225811e-11
1.158438e-13
4.423956e-16
-3.229687e-11
-4.945542e-15
-8.613788e-18
-2.889682e-11
1.136865e-14
1.238244e-16
-2.50765e-11
9.053422e-15
-7.369186e-17
-2.008291e-11
1.426568e-14
-8.155134e-17
-1.293183e-11
1.486204e-14
-2.099247e-17
-9.104804e-12
1.658467e-10
-2.943207e-12
5.61025e-10
9.128474e-11
-3.880003e-12
6.315617e-10
4.671905e-11
-5.693065e-12
6.41471e-10
1.421962e-11
-7.74738e-12
5.990155e-10
-5.790965e-12
-1.011066e-11
5.090444e-10
-1.407843e-11
-1.068844e-11
3.722867e-10
-1.520378e-11
-4.058608e-12
1.839419e-10
-1.560438e-11
3.837238e-12
2.370914e-13
-2.128595e-11
2.88816e-12
2.314863e-14
-2.19262e-11
2.61032e-12
2.614378e-14
-2.702449e-11
1.744e-12
1.723406e-14
-2.656684e-11
4.906958e-12
4.202141e-14
-3.044318e-11
-6.077496e-15
-1.031486e-15
-3.268049e-11
2.200166e-13
3.773526e-15
-3.015951e-11
-8.397722e-14
-1.335424e-15
-3.275246e-11
2.875312e-13
3.619073e-15
-3.100481e-11
-2.109187e-14
-2.213098e-15
-3.27757e-11
8.282459e-15
4.359106e-17
-2.89761e-11
6.272862e-15
6.806085e-17
-2.493218e-11
2.629376e-15
-4.500991e-17
-2.016909e-11
-2.597018e-14
-3.433763e-16
-1.306031e-11
-3.88343e-14
-1.285343e-16
6.289788e-13
1.907455e-10
-4.875168e-14
6.347333e-10
9.217406e-11
-3.599308e-13
6.555548e-10
3.829209e-11
-1.450812e-13
6.163719e-10
4.594646e-12
4.847039e-14
5.242214e-10
-1.122615e-11
-2.622577e-13
3.825236e-10
-1.403556e-11
-6.097783e-13
1.88589e-10
-1.642529e-11
-2.219995e-13
2.418508e-13
-2.055553e-11
-3.086821e-13
2.995973e-14
-2.372517e-11
-1.353615e-13
2.394017e-14
-2.486226e-11
-4.793798e-13
3.351513e-14
-2.860869e-11
-1.152408e-12
3.328141e-14
-3.348859e-11
-6.895618e-14
1.415428e-15
-3.232141e-11
1.112149e-13
-2.207604e-16
-3.222645e-11
-2.497526e-13
4.95612e-16
-3.389043e-11
1.116726e-13
2.828395e-15
-3.197633e-11
-2.914828e-13
-1.952837e-15
-3.277775e-11
-1.766704e-14
1.143663e-17
-2.911139e-11
1.922502e-14
3.184406e-16
-2.494501e-11
-1.766361e-14
-2.119302e-16
-2.019143e-11
-9.572069e-16
1.350244e-16
-1.2997e-11
1.91394e-14
-1.268678e-16
3.938087e-12
1.835435e-10
4.359242e-12
6.256205e-10
7.125963e-11
6.904996e-12
5.951249e-10
1.463021e-11
9.698503e-12
5.080727e-10
-1.392349e-11
1.015839e-11
3.707772e-10
-1.999765e-11
3.174454e-12
1.831622e-10
-1.889484e-11
-4.340446e-12
2.368089e-13
-2.219656e-11
-3.248595e-12
2.983837e-14
-2.600963e-11
-3.001344e-12
2.843106e-14
-2.729285e-11
-9.706267e-14
3.728111e-14
-3.090128e-11
-1.662584e-12
3.094426e-14
-3.251835e-11
1.029306e-13
1.328584e-15
-2.991003e-11
6.138619e-15
-1.38927e-15
-3.189451e-11
6.867581e-14
1.490109e-15
-3.192018e-11
7.293566e-15
3.309378e-16
-3.290934e-11
-1.043045e-13
2.583171e-15
-3.256024e-11
1.31763e-15
-8.488804e-17
-2.911753e-11
-4.423136e-15
-4.795863e-17
-2.513442e-11
-2.714649e-14
1.047278e-16
-2.02093e-11
1.367584e-15
1.309138e-16
-1.298493e-11
-2.369505e-14
-1.89027e-16
4.400185e-12
1.409434e-10
1.133138e-11
5.297424e-10
2.721237e-11
1.806429e-11
4.558059e-10
-2.441788e-11
2.120616e-11
3.331893e-10
-3.940237e-11
1.113253e-11
1.657095e-10
-3.151399e-11
-8.072779e-12
2.138764e-13
-3.075604e-11
-6.496641e-12
3.203191e-14
-3.367703e-11
-4.962034e-12
3.06818e-14
-3.322931e-11
-2.627045e-12
2.216337e-14
-3.037387e-11
-9.506542e-12
9.694779e-15
-3.043447e-11
-8.400436e-14
-9.445281e-16
-3.045224e-11
-2.707872e-13
1.633467e-16
-3.278797e-11
-1.873385e-14
-5.230171e-16
-3.325018e-11
-1.332736e-13
7.324014e-16
-3.272841e-11
1.319875e-14
5.448113e-16
-3.269115e-11
-2.612591e-14
-3.122292e-17
-2.936736e-11
-1.001074e-14
2.496299e-17
-2.542419e-11
-3.298417e-15
1.199457e-16
-2.03753e-11
-2.492149e-14
-9.292804e-17
-1.313286e-11
-4.011003e-14
4.626646e-17
4.449423e-12
5.6301e-11
2.077251e-11
3.559871e-10
-4.502132e-11
3.213407e-11
2.607385e-10
-8.437022e-11
2.60865e-11
1.312366e-10
-6.736763e-11
-9.376577e-12
1.751643e-13
-5.727792e-11
-7.785493e-12
3.133516e-14
-5.200529e-11
-4.604691e-12
3.051013e-14
-4.388676e-11
-1.474585e-12
4.492741e-14
-4.028871e-11
-7.545862e-12
3.538421e-14
-3.117101e-11
-1.160469e-13
-8.304549e-16
-3.155768e-11
-4.31804e-13
-2.413865e-15
-3.421086e-11
-3.812731e-14
2.782719e-15
-3.267755e-11
-4.822965e-14
1.375117e-15
-3.269113e-11
-1.405379e-13
3.814353e-16
-3.321605e-11
-1.560761e-14
1.207852e-16
-2.935988e-11
-1.254957e-14
-1.64588e-17
-2.536832e-11
2.860121e-15
8.613878e-17
-2.041391e-11
-3.014851e-14
-3.219026e-16
-1.332347e-11
-1.916832e-14
-2.834367e-17
7.690831e-12
-5.254921e-11
2.867484e-11
1.29469e-10
-1.290054e-10
5.160776e-11
6.72051e-11
-1.912744e-10
2.043273e-12
1.045092e-13
-1.321502e-10
-3.278657e-12
3.485922e-14
-9.892011e-11
2.886221e-12
3.272125e-14
-7.095924e-11
4.265899e-12
3.760053e-14
-5.198015e-11
1.762243e-12
2.39788e-14
-2.956064e-11
-4.042125e-13
9.21893e-16
-3.261796e-11
-2.794163e-13
3.059836e-16
-3.343156e-11
-2.529096e-14
5.388975e-16
-3.240994e-11
-1.838509e-13
-4.361919e-16
-3.319823e-11
-3.111241e-13
5.592782e-16
-3.327463e-11
-2.687456e-14
-5.178738e-17
-2.953619e-11
-3.426612e-14
8.589701e-17
-2.540446e-11
-2.760424e-14
8.308389e-17
-2.060294e-11
-3.183065e-14
1.060265e-16
-1.343273e-11
-9.116348e-15
-5.58865e-17
5.993168e-11
4.214785e-14
-2.48857e-11
3.021907e-11
4.003979e-14
-3.301261e-11
2.988649e-11
3.506267e-14
-3.743794e-11
2.311637e-11
4.45447e-14
-3.604599e-11
1.6491e-11
-2.334335e-14
-2.61887e-11
-6.295124e-13
-9.098786e-15
-3.794077e-11
-1.820287e-13
4.356984e-15
-3.401828e-11
2.588166e-14
2.469903e-15
-3.183327e-11
6.459867e-14
1.152765e-16
-3.251168e-11
-2.979125e-13
-7.439864e-16
-3.256127e-11
8.467792e-15
2.483634e-16
-2.860003e-11
-4.89951e-14
-4.735042e-16
-2.605506e-11
-7.00322e-14
-1.618821e-16
-2.10024e-11
-7.884036e-14
1.030582e-16
-1.356443e-11
2.494739e-14
1.298641e-15
3.471183e-11
2.864913e-14
-1.195971e-11
2.29509e-11
5.338916e-14
-1.621387e-11
2.484041e-11
3.390806e-14
-2.235565e-11
2.204979e-11
5.305608e-14
-3.126779e-11
2.254024e-11
-4.009434e-14
-3.365538e-11
-5.263602e-13
1.173955e-16
-3.605809e-11
-3.504544e-13
-5.89204e-15
-3.88513e-11
-1.28292e-13
6.556755e-15
-3.481599e-11
-2.928405e-13
9.607502e-16
-3.364275e-11
-1.756311e-13
6.230874e-16
-3.297275e-11
-4.757869e-14
-4.62508e-16
-2.957009e-11
-3.728686e-14
4.929006e-16
-2.569303e-11
-3.11405e-15
3.167178e-17
-2.11816e-11
1.467791e-14
-7.328473e-17
-1.366945e-11
-1.344253e-14
-1.920452e-16
2.370833e-11
-1.004268e-11
1.77479e-11
1.712039e-14
-1.492388e-11
1.945053e-11
6.169352e-14
-2.378154e-11
1.702177e-11
1.930562e-14
-2.781893e-11
2.057494e-11
1.059277e-13
-3.132339e-11
-5.206144e-14
3.899268e-15
-3.408083e-11
4.598359e-14
1.88326e-15
-3.493724e-11
5.974548e-13
9.97225e-16
-3.325795e-11
5.216384e-13
3.960894e-15
-3.218986e-11
-3.544811e-13
-5.999313e-15
-3.611653e-11
2.09482e-14
7.419668e-16
-3.064092e-11
4.345034e-14
-3.973172e-16
-2.636819e-11
-8.026956e-15
-5.936354e-17
-2.093547e-11
2.970801e-14
1.153265e-16
-1.35184e-11
3.063909e-14
-1.799683e-16
1.202736e-11
-1.394651e-11
1.254578e-11
1.531137e-14
-2.04327e-11
1.14076e-11
7.678957e-14
-2.68909e-11
2.071005e-11
5.558269e-14
-3.887527e-11
4.325338e-14
2.695834e-15
-3.629878e-11
-8.657173e-14
3.675662e-15
-3.286185e-11
-2.177873e-14
3.199404e-15
-3.434483e-11
-2.729593e-14
-2.274044e-16
-3.543904e-11
-2.311235e-13
3.085748e-15
-3.562277e-11
5.829976e-14
1.576363e-16
-2.983394e-11
-1.986443e-14
-2.255469e-16
-2.627837e-11
-2.8583e-14
-6.496428e-16
-2.196799e-11
1.384152e-14
7.697647e-16
-1.360713e-11
-3.386647e-14
-3.318089e-16
5.649972e-12
-1.952346e-11
5.179775e-12
1.322903e-14
-2.356713e-11
8.749289e-12
6.126049e-14
-3.316311e-11
4.519554e-14
-3.753528e-15
-3.388471e-11
6.368438e-13
7.921027e-15
-3.050207e-11
-2.591009e-14
-2.685543e-15
-3.357917e-11
7.180981e-14
3.24114e-15
-3.334941e-11
2.318476e-13
-6.649456e-16
-3.419332e-11
3.64278e-14
4.098347e-16
-3.061969e-11
-3.467347e-14
-3.893623e-16
-2.699853e-11
-3.636223e-14
-5.216371e-17
-2.14469e-11
6.711739e-14
3.215278e-16
-1.360852e-11
-4.052437e-14
-3.08431e-16
-1.749357e-14
-6.616157e-12
3.717093e-14
-1.293446e-11
6.519795e-14
-2.140981e-11
-9.466847e-15
-2.697717e-11
1.209759e-14
-3.215292e-11
5.186722e-15
-3.030145e-11
-7.322214e-15
-3.464483e-11
1.864417e-15
-3.302511e-11
3.643122e-15
-3.273174e-11
1.399424e-15
-3.272817e-11
-3.690472e-16
-3.063473e-11
6.554293e-16
-2.557609e-11
-9.370015e-16
-2.11623e-11
3.870743e-16
-1.345711e-11
-5.448401e-18
-6.9113e-12
8.181794e-14
-7.470424e-12
-5.837302e-12
-1.592326e-14
-1.231784e-11
-6.37031e-12
4.35302e-14
-1.987244e-11
-7.556441e-12
4.197505e-14
-2.73787e-11
-8.651239e-12
8.935215e-15
-3.125039e-11
2.629514e-13
2.05965e-15
-3.498271e-11
-5.33624e-14
3.480214e-15
-3.139264e-11
1.284585e-13
-5.772711e-15
-3.387867e-11
1.478948e-13
-2.471892e-16
-3.376932e-11
-2.264133e-13
3.031753e-15
-3.371015e-11
-4.109707e-14
-2.579272e-17
-3.111034e-11
3.434088e-14
6.668224e-16
-2.474548e-11
-6.645901e-14
-6.001061e-16
-2.122818e-11
7.396242e-14
1.88187e-16
-1.323512e-11
3.152022e-14
1.261829e-16
-1.363724e-11
2.34938e-14
-8.483579e-12
-1.199789e-11
8.119505e-14
-1.633963e-11
-1.179731e-11
-1.210995e-14
-2.277618e-11
-1.167227e-11
2.007353e-15
-2.413176e-11
-9.976545e-12
9.047778e-14
-3.533196e-11
2.703457e-13
2.608327e-15
-3.166871e-11
6.214691e-13
3.288566e-15
-2.657772e-11
9.21412e-14
-1.226277e-15
-3.021811e-11
4.769038e-13
-1.893261e-15
-3.132511e-11
5.601312e-13
2.982228e-15
-3.219907e-11
9.295819e-15
-3.239317e-16
-2.993964e-11
-5.956732e-15
-4.197925e-16
-2.585387e-11
-1.144094e-13
-3.113799e-16
-2.159084e-11
7.052126e-15
8.959472e-16
-1.344324e-11
-4.309923e-14
-4.975285e-16
-2.205985e-11
2.38018e-14
-1.173152e-11
-1.721431e-11
2.283081e-14
-1.677422e-11
-1.867533e-11
7.291452e-14
-2.342468e-11
-1.667463e-11
-4.675339e-15
-3.085063e-11
-2.079377e-11
4.474299e-14
-3.621004e-11
-4.47033e-14
1.975069e-15
-3.301587e-11
-1.001346e-13
-3.359391e-16
-3.627052e-11
-5.49221e-13
1.587801e-15
-3.332334e-11
-4.810248e-13
-1.547084e-15
-3.521888e-11
2.859395e-13
4.761402e-15
-3.349875e-11
-4.807787e-14
-3.042963e-16
-3.016594e-11
2.008913e-14
-1.099118e-16
-2.572338e-11
-3.84302e-14
-6.034304e-16
-2.126125e-11
8.171421e-14
5.707741e-16
-1.322993e-11
1.015411e-14
1.177799e-16
-3.436804e-11
3.232979e-14
-2.469471e-11
-2.159902e-11
3.41413e-14
-3.396772e-11
-2.444713e-11
1.229053e-14
-3.73529e-11
-2.359582e-11
6.363839e-14
-3.754235e-11
-2.436617e-11
-4.053007e-14
-2.962701e-11
5.516999e-13
-1.734163e-15
-2.912456e-11
-1.21183e-14
-1.136093e-15
-3.474877e-11
6.177933e-13
4.538607e-15
-3.072373e-11
-5.647923e-13
-7.540186e-15
-3.538657e-11
1.581956e-13
1.893216e-15
-3.410745e-11
-3.202164e-14
1.643466e-16
-3.007551e-11
-1.637016e-14
-2.85728e-17
-2.547746e-11
-2.078752e-14
-1.46605e-16
-2.108298e-11
-9.069374e-15
-2.972241e-16
-1.34325e-11
-5.733861e-14
5.36003e-17
3.814044e-11
-9.580839e-12
8.862642e-11
-2.574873e-11
1.185363e-10
-3.634988e-11
1.340381e-10
-4.461055e-11
1.403596e-10
-5.312605e-11
1.389051e-10
-6.409167e-11
1.303619e-10
-7.838229e-11
1.145619e-10
-9.958422e-11
8.987863e-11
-1.322826e-10
5.135473e-11
-1.830918e-10
-5.906225e-11
8.189131e-14
-1.278869e-10
-2.934947e-11
3.281865e-14
-9.598369e-11
-2.912836e-11
2.873846e-14
-6.916878e-11
-2.296993e-11
2.249885e-14
-5.101008e-11
-2.260267e-11
4.458338e-14
-3.135232e-11
1.192961e-13
4.806712e-17
-3.320387e-11
3.637633e-14
4.038412e-16
-3.271001e-11
4.410596e-13
1.470257e-15
-3.046055e-11
-5.253371e-13
-3.895447e-15
-3.416318e-11
8.294707e-13
2.93039e-15
-3.254773e-11
5.077875e-14
5.331706e-17
-2.928982e-11
2.72657e-14
1.053906e-16
-2.538182e-11
6.674136e-14
2.066293e-17
-2.030607e-11
7.031484e-14
-3.401078e-17
-1.308115e-11
1.00638e-13
-5.241941e-17
-2.399691e-11
3.874152e-11
-1.488636e-11
1.793456e-10
1.679112e-11
-5.404935e-12
2.727807e-10
-4.2776e-12
-2.641508e-12
3.248647e-10
-1.953167e-11
-3.599008e-12
3.47418e-10
-3.679783e-11
-6.811407e-12
3.456054e-10
-5.350326e-11
-1.101906e-11
3.225297e-10
-6.890009e-11
-1.839502e-11
2.783794e-10
-8.177985e-11
-3.027074e-11
2.101001e-10
-8.836368e-11
-5.132165e-11
1.099816e-10
-6.604106e-11
-2.373142e-12
1.468983e-13
-5.419091e-11
3.062603e-12
2.651047e-14
-5.100907e-11
-2.642601e-12
3.039712e-14
-4.468048e-11
-4.391636e-12
2.275886e-14
-3.805614e-11
1.65943e-13
2.826911e-14
-3.065728e-11
4.976746e-14
6.271893e-16
-3.269441e-11
1.904669e-13
-1.242983e-15
-3.283914e-11
4.469539e-13
1.647086e-15
-3.189543e-11
4.938987e-14
-1.661763e-15
-3.279129e-11
4.976798e-13
1.882205e-15
-3.263058e-11
2.750393e-14
-1.794465e-17
-2.932884e-11
3.163736e-14
1.611023e-16
-2.516314e-11
2.356099e-14
2.727145e-17
-2.025207e-11
3.22442e-14
-6.183174e-17
-1.306595e-11
1.750099e-14
-4.311553e-17
-3.584312e-11
9.997961e-11
-1.266516e-11
3.590556e-10
5.765016e-11
-2.551774e-12
4.518472e-10
2.461514e-11
-6.420287e-12
4.946081e-10
-3.099901e-12
-1.107144e-11
4.961558e-10
-2.429551e-11
-1.666655e-11
4.624552e-10
-3.900176e-11
-2.390164e-11
3.956475e-10
-4.618511e-11
-3.232828e-11
2.934325e-10
-4.328461e-11
-2.726228e-11
1.485146e-10
-2.975591e-11
8.708243e-12
1.93173e-13
-3.152688e-11
7.249781e-12
2.615629e-14
-3.256979e-11
4.43594e-12
2.7594e-14
-3.351455e-11
1.532633e-12
2.217987e-14
-3.264673e-11
7.190991e-12
3.940072e-14
-3.07533e-11
-5.648232e-14
-1.447226e-15
-3.386404e-11
1.647257e-13
3.089282e-15
-3.220465e-11
2.287978e-13
1.20414e-15
-3.216668e-11
2.029971e-13
2.054885e-15
-3.239394e-11
2.802255e-13
-2.375984e-16
-3.24513e-11
2.714548e-14
7.324347e-17
-2.870067e-11
3.737924e-14
-1.159003e-16
-2.503633e-11
3.043695e-15
-1.244219e-16
-2.030256e-11
-6.282828e-15
-2.028084e-17
-1.311904e-11
2.143732e-15
9.409325e-17
-1.993623e-11
1.586145e-10
-4.700215e-12
5.231813e-10
8.341835e-11
-6.398161e-12
5.889311e-10
3.802452e-11
-1.00607e-11
5.980094e-10
5.26014e-12
-1.420727e-11
5.587533e-10
-1.483685e-11
-1.915718e-11
4.757822e-10
-2.298527e-11
-2.192451e-11
3.49321e-10
-2.244243e-11
-1.19065e-11
1.737884e-10
-1.87195e-11
7.501858e-12
2.240948e-13
-2.209559e-11
6.034313e-12
2.660904e-14
-2.554082e-11
4.317694e-12
2.385065e-14
-2.736472e-11
8.432719e-13
2.872266e-14
-2.553711e-11
9.066416e-12
5.497091e-14
-3.412733e-11
3.590684e-14
1.683104e-15
-3.208368e-11
3.172094e-13
2.327617e-15
-3.198007e-11
2.326315e-13
2.045506e-15
-3.126287e-11
-2.1887e-14
-1.120953e-15
-3.316763e-11
5.332042e-14
7.595289e-16
-3.262831e-11
1.246426e-14
1.592155e-17
-2.875964e-11
-4.453148e-15
8.857968e-18
-2.500827e-11
1.260584e-14
1.258418e-16
-2.020412e-11
1.01413e-14
-7.731797e-17
-1.29693e-11
1.440859e-14
-8.799998e-17
-6.239495e-12
1.899956e-10
-3.834151e-12
6.347037e-10
9.193442e-11
-5.742295e-12
6.555245e-10
3.807095e-11
-7.953494e-12
6.163432e-10
4.72249e-12
-9.885565e-12
5.241979e-10
-1.100919e-11
-1.062382e-11
3.825056e-10
-1.395915e-11
-4.228881e-12
1.885736e-10
-1.620423e-11
3.725209e-12
2.412113e-13
-1.943628e-11
3.102763e-12
2.990981e-14
-2.471653e-11
2.276621e-12
2.108008e-14
-2.43799e-11
3.015916e-12
3.960343e-14
-3.070037e-11
4.677014e-12
4.581078e-14
-3.287431e-11
2.302817e-13
1.317754e-15
-3.090905e-11
1.70103e-14
-1.17753e-15
-3.268427e-11
2.249033e-13
3.580777e-15
-3.07828e-11
-8.685407e-14
-1.251596e-15
-3.293804e-11
2.919094e-13
3.547784e-15
-3.203342e-11
-1.674768e-15
-2.189355e-16
-2.911375e-11
8.858756e-15
2.405108e-17
-2.507585e-11
6.06391e-15
6.95214e-17
-2.01125e-11
2.639125e-15
-4.440554e-17
-1.30111e-11
-2.709328e-14
-3.558712e-16
-1.116425e-13
1.958702e-10
-2.72639e-13
6.700726e-10
8.23074e-11
-5.785868e-13
6.370694e-10
2.510294e-11
-3.489398e-13
5.431324e-10
-4.266693e-12
-1.558265e-13
3.950427e-10
-1.34559e-11
-4.670321e-13
1.938461e-10
-1.564272e-11
-1.825461e-13
2.498921e-13
-2.047344e-11
-2.75164e-13
2.726111e-14
-2.353327e-11
-4.86026e-13
3.018033e-14
-2.631072e-11
9.244814e-13
2.288212e-14
-2.601502e-11
4.121985e-13
2.058987e-14
-3.085209e-11
-6.356234e-14
-7.813954e-16
-3.334326e-11
-4.378733e-14
1.773722e-15
-3.238945e-11
9.234004e-14
-1.672061e-16
-3.2161e-11
-2.510974e-13
-1.367562e-16
-3.363352e-11
1.429781e-13
3.025551e-15
-3.252571e-11
-3.315449e-14
-2.287407e-16
-2.916784e-11
-1.846751e-14
3.053149e-17
-2.518104e-11
1.995307e-14
3.298595e-16
-2.012727e-11
-1.834163e-14
-2.251264e-16
-1.303354e-11
-7.644913e-16
1.45468e-16
2.175114e-12
1.706108e-10
5.843704e-12
6.196029e-10
5.229212e-11
8.735043e-12
5.321522e-10
-1.257131e-13
9.769589e-12
3.865855e-10
-1.833062e-11
2.894732e-12
1.894196e-10
-1.801246e-11
-4.265511e-12
2.427501e-13
-2.258447e-11
-3.583777e-12
3.164662e-14
-2.513113e-11
-2.656563e-12
2.792059e-14
-2.835623e-11
-2.830731e-12
2.235083e-14
-2.721433e-11
-6.590886e-12
2.875505e-14
-3.417354e-11
-1.361407e-13
3.967958e-16
-3.252112e-11
1.224911e-13
1.593674e-15
-3.054854e-11
-3.723615e-14
-1.535347e-15
-3.200783e-11
2.431678e-14
1.495782e-15
-3.242399e-11
-2.362394e-14
3.09591e-16
-3.29413e-11
-1.245144e-14
2.556349e-16
-2.901264e-11
3.059869e-15
-6.864663e-17
-2.519341e-11
-4.912874e-15
-5.359665e-17
-2.027616e-11
-2.825894e-14
1.070296e-16
-1.30586e-11
1.827555e-15
1.3764e-16
3.358904e-12
1.115751e-10
1.532718e-11
4.871038e-10
1.330503e-12
2.033315e-11
3.542765e-10
-3.376479e-11
9.94556e-12
1.734425e-10
-3.099593e-11
-8.113646e-12
2.217558e-13
-3.2659e-11
-6.460535e-12
2.941664e-14
-3.21057e-11
-5.154651e-12
2.89275e-14
-3.319434e-11
-2.571691e-12
3.293798e-14
-3.225154e-11
-6.520872e-12
2.881443e-14
-3.19056e-11
2.064217e-13
6.061205e-16
-3.085814e-11
-5.305394e-14
-8.689707e-16
-3.093418e-11
-2.666837e-13
-4.268323e-16
-3.275684e-11
-7.562617e-14
-5.202055e-17
-3.340195e-11
-6.67986e-14
3.739896e-16
-3.313953e-11
4.16397e-16
6.835923e-17
-2.913923e-11
-2.683157e-14
-2.155412e-17
-2.540168e-11
-1.061253e-14
3.024128e-17
-2.049098e-11
-3.316013e-15
1.261535e-16
-1.31628e-11
-2.575801e-14
-9.923289e-17
7.714747e-12
1.263724e-11
2.835835e-11
2.902009e-10
-7.42929e-11
2.543748e-11
1.412889e-10
-6.827547e-11
-9.433144e-12
1.794796e-13
-5.57799e-11
-7.984657e-12
3.415326e-14
-5.259127e-11
-4.65638e-12
3.07606e-14
-4.455745e-11
-2.335e-12
2.854941e-14
-3.743566e-11
-6.476222e-12
3.33684e-14
-3.2505e-11
-2.101798e-13
1.386562e-15
-3.147905e-11
-1.514915e-13
-6.535341e-16
-3.179254e-11
-4.542069e-13
-2.949089e-15
-3.382319e-11
-7.049697e-14
2.958069e-15
-3.298675e-11
-3.55997e-14
1.326507e-15
-3.337415e-11
-1.346243e-14
4.5171e-17
-2.956299e-11
-1.419229e-14
1.285301e-16
-2.543108e-11
-1.259102e-14
-1.571943e-17
-2.048796e-11
2.406628e-15
8.912403e-17
-1.321428e-11
-3.156349e-14
-3.367689e-16
1.730606e-11
-1.12525e-10
4.929579e-11
7.901502e-11
-1.903046e-10
1.666903e-12
1.096852e-13
-1.3289e-10
-3.452189e-12
4.04262e-14
-9.852587e-11
2.64892e-12
3.359171e-14
-7.175875e-11
3.511429e-12
2.881604e-14
-5.157485e-11
-1.402092e-13
1.24429e-14
-3.568799e-11
-2.228638e-13
9.542523e-16
-3.006647e-11
-4.097087e-13
8.810367e-16
-3.251096e-11
-4.008302e-13
3.463772e-16
-3.322535e-11
1.975369e-14
4.545668e-16
-3.261942e-11
-2.594695e-13
-4.245207e-16
-3.345583e-11
-2.50049e-14
6.44418e-17
-2.964417e-11
-2.872295e-14
-5.035744e-17
-2.559659e-11
-3.465411e-14
7.872297e-17
-2.05517e-11
-2.823512e-14
9.169583e-17
-1.3343e-11
-3.243836e-14
1.114691e-16
5.999425e-11
3.24454e-14
-2.535885e-11
3.010042e-11
4.233495e-14
-3.211192e-11
2.982981e-11
4.266143e-14
-3.819579e-11
2.190336e-11
4.35184e-14
-3.798475e-11
1.953891e-11
3.296574e-15
-3.39062e-11
2.518176e-13
4.664528e-15
-2.705303e-11
-6.089778e-13
-1.08168e-14
-3.741035e-11
-2.35367e-13
3.489562e-15
-3.397428e-11
-1.08858e-14
3.537167e-15
-3.308099e-11
-1.451502e-13
3.074548e-16
-3.285669e-11
-2.073485e-14
3.598491e-18
-2.916768e-11
5.121768e-16
2.335034e-16
-2.500986e-11
-5.393464e-14
-4.584863e-16
-2.104386e-11
-7.62269e-14
-1.84038e-16
-1.358657e-11
-8.318128e-14
1.066778e-16
3.553588e-11
-1.207058e-11
2.246024e-11
2.753822e-14
-1.677407e-11
2.53878e-11
5.237217e-14
-2.232392e-11
2.151134e-11
3.233372e-14
-2.706942e-11
3.035256e-11
6.157028e-14
-4.186202e-11
-2.817701e-13
3.679729e-15
-3.303416e-11
-6.419076e-13
-8.901821e-16
-3.555461e-11
-3.453816e-13
-4.610022e-15
-3.697971e-11
9.002172e-14
6.814916e-15
-3.475721e-11
-3.723887e-13
1.13074e-15
-3.411821e-11
9.236874e-15
9.394093e-17
-2.944233e-11
-5.491173e-14
-5.196429e-16
-2.58047e-11
-3.770875e-14
5.337958e-16
-2.083408e-11
-3.866947e-15
3.847167e-17
-1.36979e-11
1.600823e-14
-8.559e-17
1.86481e-11
-1.69948e-11
1.861224e-11
1.10659e-14
-2.112505e-11
1.781904e-11
7.36513e-14
-3.045745e-11
1.828794e-11
1.322595e-17
-2.498201e-11
1.957949e-13
-5.221661e-15
-3.170611e-11
-6.283069e-14
4.594593e-15
-3.403542e-11
5.39394e-14
3.147391e-15
-3.484084e-11
6.614644e-13
1.547861e-16
-3.413663e-11
5.198425e-13
2.454692e-15
-3.35951e-11
-2.512929e-14
-5.131652e-16
-3.205785e-11
1.60804e-14
7.664458e-16
-2.647003e-11
4.846642e-14
-4.449315e-16
-2.129483e-11
-8.961289e-15
-5.93414e-17
-1.359438e-11
3.116962e-14
1.337946e-16
1.235552e-11
-2.11108e-11
1.151746e-11
1.696548e-14
-2.688334e-11
1.299083e-11
5.375924e-14
-3.214981e-11
-7.544181e-13
-3.732525e-15
-3.801909e-11
-5.173315e-14
2.591044e-15
-3.550926e-11
-1.43972e-13
3.829785e-15
-3.364302e-11
1.3599e-13
3.032309e-15
-3.497751e-11
-1.562661e-14
1.695184e-15
-3.523424e-11
-2.015555e-14
2.186374e-16
-3.145914e-11
6.49848e-14
1.188393e-16
-2.594966e-11
-2.004913e-14
-2.037771e-16
-2.123206e-11
-2.795522e-14
-6.662168e-16
-1.411778e-11
1.550965e-14
7.929775e-16
5.457664e-12
-2.564773e-11
7.020395e-12
2.900209e-14
-3.084772e-11
2.218192e-14
2.706354e-15
-3.395746e-11
7.091598e-14
-4.204798e-15
-3.427896e-11
7.335575e-13
5.929142e-15
-3.119174e-11
-6.402912e-17
-2.623368e-15
-3.436939e-11
-8.839165e-14
4.65955e-15
-3.383709e-11
3.178132e-14
4.045996e-17
-3.043662e-11
2.285466e-14
3.330715e-16
-2.65231e-11
-3.344469e-14
-3.895492e-16
-2.170801e-11
-3.740582e-14
-6.648078e-17
-1.387419e-11
6.889838e-14
3.306643e-16
8.353753e-14
-7.308458e-12
-1.90421e-14
-1.2515e-11
4.469262e-14
-1.94262e-11
6.328565e-14
-2.947575e-11
5.681088e-14
-3.633661e-11
9.959841e-16
-3.231103e-11
4.861124e-15
-3.115484e-11
-6.585346e-15
-3.420091e-11
2.342296e-15
-3.342749e-11
3.273321e-15
-3.288343e-11
1.102162e-16
-2.919136e-11
-3.320989e-16
-2.643883e-11
6.416287e-16
-2.062938e-11
-9.335131e-16
-1.358762e-11
4.022282e-16
-6.645373e-12
2.411093e-14
-6.841211e-12
-6.121984e-12
8.409176e-14
-1.378648e-11
-6.186814e-12
-1.587832e-14
-1.803532e-11
-5.620973e-12
3.153216e-14
-2.631014e-11
-4.29726e-12
7.747411e-14
-3.369329e-11
3.362066e-13
2.627709e-15
-3.093119e-11
8.804902e-14
-8.949226e-17
-3.463757e-11
-1.175895e-14
4.112126e-15
-3.165678e-11
1.895345e-13
-5.361729e-15
-3.411746e-11
1.784998e-13
3.41829e-18
-3.380368e-11
-3.625903e-14
2.292711e-16
-3.004487e-11
-3.554512e-14
5.695426e-17
-2.679849e-11
3.607446e-14
6.886338e-16
-2.010005e-11
-6.510096e-14
-6.158482e-16
-1.362324e-11
7.764888e-14
1.9324e-16
-1.347765e-11
1.596607e-14
-8.666518e-12
-1.16586e-11
2.547264e-14
-1.392815e-11
-1.247726e-11
7.884456e-14
-2.307646e-11
-8.967818e-12
-1.496254e-14
-3.062747e-11
-1.207783e-11
4.152452e-14
-3.325107e-11
1.1598e-13
3.582142e-16
-3.57184e-11
1.596684e-13
2.693337e-15
-3.194536e-11
5.815157e-13
3.583718e-15
-2.818403e-11
7.830561e-14
-1.535159e-15
-3.070321e-11
4.662506e-13
-9.546307e-16
-3.220301e-11
5.790148e-14
2.941243e-16
-2.864169e-11
1.702658e-14
-3.84793e-16
-2.589258e-11
-9.030646e-15
-4.358076e-16
-2.085277e-11
-1.170605e-13
-3.179514e-16
-1.38175e-11
7.314371e-15
9.345412e-16
-2.277083e-11
3.754338e-14
-1.176002e-11
-1.702299e-11
2.444443e-14
-1.645233e-11
-1.802456e-11
1.412171e-14
-2.313053e-11
-1.798938e-11
8.189848e-14
-2.96647e-11
-2.107911e-11
2.613676e-15
-3.467279e-11
-1.013608e-13
2.094366e-15
-3.557443e-11
-4.325569e-14
1.972033e-15
-3.245144e-11
3.106846e-14
-2.226917e-15
-3.578982e-11
-5.439843e-13
2.864747e-15
-3.390912e-11
-4.810847e-13
-1.585804e-15
-3.460318e-11
2.151332e-14
5.564599e-16
-2.974617e-11
-4.826507e-14
-2.961971e-16
-2.602813e-11
2.231911e-14
-1.150412e-16
-2.073703e-11
-3.642432e-14
-6.032327e-16
-1.363895e-11
8.339373e-14
5.823368e-16
-3.434529e-11
3.687259e-14
-2.475164e-11
-2.247462e-11
3.26972e-14
-3.170635e-11
-2.396729e-11
3.532201e-14
-3.942546e-11
-2.212939e-11
1.629368e-14
-3.832753e-11
-2.177167e-11
7.888303e-14
-4.078386e-11
5.233233e-13
2.96595e-15
-2.953067e-11
5.352158e-13
-3.518264e-15
-3.056807e-11
-1.154596e-13
2.05157e-16
-3.53974e-11
6.234776e-13
5.912765e-15
-3.17421e-11
-3.436674e-13
-9.084768e-15
-3.491039e-11
7.033775e-15
1.659658e-16
-3.014602e-11
-2.831484e-14
2.184389e-16
-2.596256e-11
-2.254057e-14
-6.901361e-17
-2.061125e-11
-2.09758e-14
-1.348732e-16
-1.354368e-11
-1.066261e-14
-3.134698e-16
8.108937e-12
7.909764e-11
-1.546726e-11
1.164026e-10
-2.889114e-11
1.350719e-10
-4.004288e-11
1.428497e-10
-5.071312e-11
1.418691e-10
-6.29389e-11
1.333422e-10
-7.816537e-11
1.172186e-10
-9.958154e-11
9.191352e-11
-1.321425e-10
5.252324e-11
-1.849699e-10
-5.819278e-11
7.784672e-14
-1.271416e-10
-2.968431e-11
2.842532e-14
-9.514543e-11
-2.85713e-11
3.574473e-14
-7.017973e-11
-2.29938e-11
2.782958e-14
-5.077497e-11
-1.935466e-11
3.06169e-14
-3.179196e-11
4.555828e-13
7.72189e-16
-3.170619e-11
-8.441564e-15
7.788489e-17
-3.305904e-11
1.453527e-13
5.957094e-16
-3.277572e-11
5.06794e-13
1.558983e-15
-3.111555e-11
-3.381502e-13
-3.705814e-15
-3.349896e-11
8.048961e-14
2.665091e-16
-2.902192e-11
5.922936e-14
8.131492e-17
-2.534822e-11
3.126731e-14
1.099176e-16
-2.046836e-11
7.345123e-14
2.014999e-17
-1.313453e-11
7.28467e-14
-4.057754e-17
-2.286271e-11
7.138374e-11
-6.676531e-12
2.584297e-10
2.505225e-11
-2.818936e-12
3.238075e-10
-3.069808e-12
-3.702385e-12
3.525805e-10
-2.740843e-11
-6.711208e-12
3.531577e-10
-4.872339e-11
-1.108377e-11
3.302089e-10
-6.680779e-11
-1.8476e-11
2.850397e-10
-8.107149e-11
-3.025624e-11
2.150306e-10
-8.890545e-11
-5.192505e-11
1.124856e-10
-6.623107e-11
-2.427117e-12
1.49447e-13
-5.478926e-11
3.163847e-12
2.599871e-14
-5.012101e-11
-2.300868e-12
2.480915e-14
-4.432715e-11
-2.784919e-12
3.316105e-14
-4.053787e-11
1.244016e-12
3.650471e-14
-3.246202e-11
2.309949e-13
6.049916e-16
-3.104687e-11
-2.809355e-15
7.11669e-16
-3.268395e-11
2.840271e-13
-1.354832e-15
-3.300882e-11
3.726845e-13
1.748884e-15
-3.221341e-11
8.839002e-14
-1.6542e-15
-3.290163e-11
3.118601e-14
2.010177e-16
-2.907218e-11
3.393199e-14
-7.942014e-18
-2.536255e-11
3.091192e-14
1.610248e-16
-2.030308e-11
2.406753e-14
3.065382e-17
-1.308811e-11
3.289094e-14
-6.460498e-17
-2.389883e-11
1.366394e-10
-4.050497e-12
4.44134e-10
6.469351e-11
-6.309917e-12
4.99853e-10
1.929531e-11
-1.106307e-11
5.072141e-10
-1.31316e-11
-1.657802e-11
4.745536e-10
-3.402103e-11
-2.410187e-11
4.059302e-10
-4.437054e-11
-3.242216e-11
3.007029e-10
-4.302041e-11
-2.716361e-11
1.520507e-10
-3.156414e-11
8.378527e-12
1.969185e-13
-3.051694e-11
7.353859e-12
2.773153e-14
-3.286048e-11
4.119042e-12
2.544016e-14
-3.24326e-11
1.161697e-12
3.498339e-14
-3.396147e-11
7.390047e-12
5.869671e-14
-3.131126e-11
6.797547e-14
-5.726799e-16
-3.097647e-11
-4.890841e-14
-1.940643e-15
-3.338057e-11
1.612677e-13
3.674334e-15
-3.238196e-11
2.571788e-13
1.445775e-15
-3.25752e-11
1.964892e-13
2.061384e-15
-3.274331e-11
2.889749e-14
-6.021579e-17
-2.890502e-11
2.817467e-14
6.737293e-17
-2.488056e-11
3.801978e-14
-1.13932e-16
-2.020192e-11
2.712925e-15
-1.392497e-16
-1.309692e-11
-6.531407e-15
-1.552843e-17
-1.040546e-11
1.800797e-10
-6.338589e-12
5.918502e-10
8.30126e-11
-9.840312e-12
6.114115e-10
2.874709e-11
-1.438218e-11
5.75153e-10
-4.691965e-12
-1.900098e-11
4.900336e-10
-1.997986e-11
-2.194874e-11
3.589169e-10
-2.128902e-11
-1.190012e-11
1.781606e-10
-1.913485e-11
7.315726e-12
2.295981e-13
-2.219598e-11
6.053085e-12
2.834356e-14
-2.505225e-11
4.481575e-12
2.553986e-14
-2.779784e-11
3.048948e-12
2.856318e-14
-2.749746e-11
9.515533e-12
1.451069e-14
-3.061126e-11
-1.527761e-13
-1.795332e-15
-3.390365e-11
1.714983e-14
1.69978e-15
-3.229223e-11
3.405769e-13
2.711928e-15
-3.253994e-11
2.692149e-13
2.27618e-15
-3.176007e-11
-4.07646e-14
-1.620694e-15
-3.305066e-11
4.686862e-15
8.402765e-17
-2.90393e-11
1.142238e-14
1.363133e-17
-2.494157e-11
-4.218085e-15
1.58967e-17
-2.01748e-11
1.294072e-14
1.300361e-16
-1.303429e-11
1.071797e-14
-8.020011e-17
-4.64636e-12
1.956196e-10
-5.080161e-12
6.700384e-10
8.225015e-11
-7.963951e-12
6.370438e-10
2.478175e-11
-1.03013e-11
5.43109e-10
-4.233726e-12
-1.038431e-11
3.950197e-10
-1.332042e-11
-4.06338e-12
1.938287e-10
-1.56066e-11
3.821338e-12
2.492693e-13
-2.009735e-11
2.909015e-12
2.783479e-14
-2.263011e-11
2.605666e-12
2.942175e-14
-2.787104e-11
5.313768e-13
1.562586e-14
-2.409314e-11
7.298949e-13
1.801443e-14
-3.130644e-11
-1.133724e-13
-8.867016e-17
-3.291562e-11
2.35861e-13
1.253695e-15
-3.137678e-11
7.87827e-14
-8.078724e-16
-3.277248e-11
2.366538e-13
3.661031e-15
-3.148296e-11
-1.082055e-13
-1.760581e-15
-3.294576e-11
2.891406e-14
3.679402e-16
-2.859875e-11
-9.414661e-16
-1.761278e-16
-2.51491e-11
9.781043e-15
1.736968e-17
-2.022186e-11
5.998847e-15
7.754065e-17
-1.29907e-11
2.835189e-15
-4.663489e-17
-3.529188e-13
1.831645e-10
-3.768111e-13
6.621909e-10
6.343077e-11
-8.651745e-13
5.681207e-10
9.718513e-12
-6.618242e-13
4.116023e-10
-1.041988e-11
-5.181653e-13
2.004384e-10
-1.662326e-11
-1.89969e-13
2.539047e-13
-1.960072e-11
-1.229979e-13
3.26443e-14
-2.395812e-11
-4.224625e-13
2.383431e-14
-2.581086e-11
-9.762216e-14
3.17249e-14
-2.923986e-11
-2.144966e-12
2.190688e-14
-3.080979e-11
6.502164e-14
-3.206764e-16
-3.11473e-11
-6.179877e-14
-9.420901e-16
-3.31114e-11
-1.289979e-14
1.797038e-15
-3.273884e-11
1.147061e-13
4.181166e-16
-3.248193e-11
-2.558801e-13
1.446938e-17
-3.350374e-11
1.563281e-14
2.920717e-16
-2.89546e-11
-3.22676e-14
-2.603911e-16
-2.523602e-11
-1.983684e-14
3.601997e-17
-2.030021e-11
2.123184e-14
3.442501e-16
-1.300322e-11
-1.92241e-14
-2.379629e-16
1.368561e-12
1.416379e-10
7.351263e-12
5.654377e-10
2.697654e-11
8.496343e-12
4.097116e-10
-1.145086e-11
2.619367e-12
1.981072e-10
-1.968622e-11
-4.329105e-12
2.490923e-13
-2.168017e-11
-3.43876e-12
3.147468e-14
-2.562103e-11
-3.069159e-12
3.259124e-14
-2.731078e-11
-8.228979e-13
3.145196e-14
-3.022369e-11
-3.018307e-12
2.794763e-14
-3.102192e-11
-1.022556e-13
-2.399107e-15
-3.389211e-11
-1.654983e-13
3.081718e-16
-3.24036e-11
1.070391e-13
1.912884e-15
-3.13782e-11
-3.302561e-14
-1.449292e-15
-3.245657e-11
1.090522e-14
1.543972e-15
-3.281327e-11
-3.402099e-15
1.923203e-17
-2.9305e-11
-1.432772e-14
2.651794e-16
-2.512174e-11
3.675537e-15
-7.737554e-17
-2.031772e-11
-4.377004e-15
-5.590989e-17
-1.309918e-11
-2.964157e-14
1.093055e-16
4.541223e-12
6.920006e-11
1.705718e-11
3.888333e-10
-2.198423e-11
9.145424e-12
1.86042e-10
-3.007253e-11
-8.335348e-12
2.262212e-13
-3.19715e-11
-6.399449e-12
3.362263e-14
-3.425817e-11
-4.810779e-12
2.848993e-14
-3.205501e-11
-2.903098e-12
4.154814e-14
-3.279802e-11
-7.838872e-12
1.680019e-14
-3.113948e-11
-1.422737e-13
1.834841e-15
-3.201805e-11
1.582783e-13
4.679461e-16
-3.131154e-11
-5.518667e-15
-8.302391e-16
-3.162483e-11
-2.7013e-13
-4.298395e-16
-3.304021e-11
-6.847668e-14
-1.857093e-16
-3.349744e-11
-9.439786e-15
6.843169e-17
-2.946698e-11
1.056655e-15
5.035708e-17
-2.523831e-11
-2.799508e-14
-2.83257e-17
-2.047771e-11
-1.068149e-14
4.509675e-17
-1.322886e-11
-3.264045e-15
1.275104e-16
1.378106e-11
-4.07662e-11
2.209992e-11
1.625996e-10
-6.842926e-11
-9.739068e-12
1.794254e-13
-5.674488e-11
-7.990138e-12
3.61172e-14
-5.127514e-11
-4.883149e-12
3.1772e-14
-4.512734e-11
-1.881746e-12
3.223386e-14
-3.934965e-11
-7.482079e-12
2.478811e-14
-3.038788e-11
-1.676861e-13
-8.182831e-16
-3.262707e-11
-1.99521e-13
1.654058e-15
-3.188045e-11
-8.207962e-14
-3.786366e-16
-3.233307e-11
-4.682593e-13
-3.39142e-15
-3.375833e-11
-4.727547e-14
2.488325e-15
-3.34114e-11
-5.694575e-15
1.314722e-16
-2.971988e-11
-1.290827e-14
8.446264e-17
-2.558121e-11
-1.562898e-14
1.239154e-16
-2.053781e-11
-1.255994e-14
-1.619127e-17
-1.325855e-11
2.35895e-15
9.34865e-17
3.822926e-11
-1.999091e-10
2.001235e-12
1.02171e-13
-1.32189e-10
-3.737822e-12
4.647782e-14
-9.907514e-11
2.598239e-12
4.281619e-14
-7.141177e-11
3.02534e-12
2.483846e-14
-5.302172e-11
1.012569e-13
4.765429e-14
-3.27087e-11
-2.64691e-13
2.288134e-16
-3.525727e-11
-1.814822e-13
6.639357e-16
-3.062556e-11
-4.013607e-13
1.082431e-15
-3.257866e-11
-3.149934e-13
4.001941e-16
-3.32227e-11
6.083521e-15
4.691657e-16
-3.310111e-11
-1.975171e-14
-4.061704e-17
-2.976907e-11
-2.3336e-14
5.247086e-17
-2.568232e-11
-2.949785e-14
-4.937668e-17
-2.068249e-11
-3.587372e-14
7.331628e-17
-1.332799e-11
-2.859179e-14
9.7396e-17
6.088548e-11
-2.550937e-11
3.016147e-11
3.282465e-14
-3.316823e-11
2.958557e-11
4.089212e-14
-3.643154e-11
2.248605e-11
4.788189e-14
-3.933927e-11
2.3207e-11
1.677282e-14
-3.129982e-11
-1.061208e-13
1.571924e-15
-3.425467e-11
3.489997e-13
6.440149e-15
-2.854883e-11
-7.009666e-13
-1.085071e-14
-3.667685e-11
-3.500185e-13
3.99951e-15
-3.415151e-11
-2.082452e-13
2.421485e-15
-3.319558e-11
-1.274923e-14
-1.230397e-17
-2.935707e-11
-2.92592e-14
9.157905e-18
-2.536376e-11
-4.281831e-15
2.188217e-16
-2.036514e-11
-5.927752e-14
-4.579796e-16
-1.361161e-11
-7.999633e-14
-1.983256e-16
2.353862e-11
-1.724959e-11
2.505394e-11
2.619152e-14
-2.342291e-11
2.241781e-11
4.857658e-14
-2.710206e-11
2.493418e-11
4.710908e-14
-3.365508e-11
-8.14577e-13
-3.247792e-15
-4.06511e-11
-1.606261e-13
3.759175e-15
-3.252328e-11
-6.8277e-13
-8.288134e-16
-3.474657e-11
-1.609789e-13
-4.711447e-15
-3.653892e-11
4.049402e-15
6.811152e-15
-3.500128e-11
-2.383861e-14
2.050546e-17
-3.042252e-11
7.023744e-15
1.141945e-16
-2.564293e-11
-5.805709e-14
-5.507252e-16
-2.093604e-11
-3.824538e-14
5.545304e-16
-1.353877e-11
-3.442521e-15
4.502013e-17
1.968914e-11
-2.478717e-11
1.493116e-11
1.026235e-14
-2.486026e-11
2.255707e-11
5.340305e-14
-4.086478e-11
-1.283032e-14
4.057503e-15
-2.548844e-11
1.537607e-13
-6.632811e-15
-3.246016e-11
-2.585462e-13
5.619121e-15
-3.448632e-11
2.037845e-14
1.504507e-15
-3.523542e-11
5.163141e-13
5.223003e-16
-3.492595e-11
5.795117e-14
3.989427e-16
-3.009623e-11
-3.147467e-14
-5.407115e-16
-2.758588e-11
1.788616e-14
8.018834e-16
-2.135402e-11
4.947755e-14
-4.639452e-16
-1.377917e-11
-1.002317e-14
-6.839402e-17
1.142216e-11
-2.726629e-11
1.655429e-11
3.597871e-14
-3.681187e-11
3.464684e-13
2.231534e-15
-3.225057e-11
-7.6009e-13
-4.340561e-15
-3.697899e-11
1.506387e-13
2.905494e-15
-3.543621e-11
-1.133119e-13
2.573548e-15
-3.439874e-11
-1.436937e-13
4.446264e-15
-3.519264e-11
-5.443703e-15
1.182268e-16
-3.117593e-11
-1.157184e-14
2.841755e-16
-2.713704e-11
6.58332e-14
8.210576e-17
-2.103547e-11
-2.093712e-14
-2.047072e-16
-1.376351e-11
-2.798127e-14
-6.847298e-16
6.2798e-12
-3.287481e-11
1.16247e-13
1.653551e-16
-3.11997e-11
-1.265671e-13
1.982889e-15
-3.45973e-11
1.026253e-13
-2.418336e-15
-3.421116e-11
6.55301e-13
6.376293e-15
-3.198186e-11
1.145465e-14
-5.110425e-15
-3.453031e-11
5.77535e-15
4.53182e-16
-3.039252e-11
3.12173e-14
2.262113e-16
-2.636561e-11
2.354994e-14
3.461336e-16
-2.143227e-11
-3.298304e-14
-3.796193e-16
-1.399697e-11
-3.842551e-14
-7.421226e-17
2.491039e-14
-6.497495e-12
8.589193e-14
-1.385841e-11
-1.799513e-14
-1.881169e-11
3.400768e-14
-2.516102e-11
7.702908e-14
-3.487714e-11
-1.693721e-15
-3.619597e-11
1.489104e-15
-3.291654e-11
4.995804e-15
-3.191535e-11
-6.896109e-15
-3.417636e-11
9.857034e-16
-3.375184e-11
3.724285e-16
-2.940993e-11
1.47076e-16
-2.53759e-11
-3.417314e-16
-2.122377e-11
6.320995e-16
-1.333036e-11
-9.487269e-16
-6.584875e-12
8.671082e-15
-6.910444e-12
-5.960939e-12
2.644659e-14
-1.23745e-11
-6.407515e-12
8.653914e-14
-2.036042e-11
-5.680238e-12
-3.734627e-14
-2.149193e-11
-3.64144e-12
5.19319e-14
-3.481692e-11
-2.404722e-14
6.622067e-16
-3.341903e-11
4.287165e-13
3.683461e-15
-3.091376e-11
2.473452e-13
2.070653e-16
-3.427876e-11
1.255164e-13
3.216769e-15
-3.187593e-11
1.332322e-13
-5.152589e-15
-3.409689e-11
9.999197e-15
1.819283e-17
-3.012313e-11
-3.758984e-14
2.254772e-16
-2.601029e-11
-3.488188e-14
4.884632e-17
-2.146948e-11
3.786062e-14
6.94919e-16
-1.307771e-11
-6.485775e-14
-6.32099e-16
-1.424337e-11
3.520842e-14
-8.67749e-12
-1.154216e-11
1.655611e-14
-1.421617e-11
-1.1883e-11
2.326746e-14
-2.000407e-11
-1.194074e-11
1.058009e-13
-2.97964e-11
-1.225185e-11
4.086428e-14
-3.981097e-11
-7.695519e-14
4.003609e-15
-3.342269e-11
1.125074e-13
-1.543502e-16
-3.585892e-11
1.128289e-13
3.589408e-15
-3.224186e-11
5.924296e-13
3.809141e-15
-2.949721e-11
1.082234e-14
-2.361919e-15
-3.1729e-11
4.483467e-14
-2.500399e-16
-2.901856e-11
6.482272e-14
4.046602e-16
-2.497451e-11
1.577831e-14
-3.594658e-16
-2.086675e-11
-1.130614e-14
-4.65509e-16
-1.346105e-11
-1.21412e-13
-3.249947e-16
-2.286536e-11
4.58696e-14
-1.15409e-11
-1.765931e-11
3.645381e-14
-1.67626e-11
-1.70379e-11
2.216793e-14
-2.361828e-11
-1.48372e-11
3.31633e-14
-3.043647e-11
-1.474786e-11
5.910259e-14
-3.791475e-11
3.556647e-13
1.71908e-15
-3.445863e-11
-1.456027e-13
1.785315e-15
-3.474535e-11
9.602589e-14
2.016387e-15
-3.187999e-11
-8.123094e-14
-2.294228e-15
-3.524142e-11
-6.266657e-13
2.589654e-15
-3.368214e-11
-6.659152e-14
-2.348947e-16
-3.065852e-11
3.431364e-14
6.399552e-16
-2.575828e-11
-4.719819e-14
-3.160995e-16
-2.094718e-11
2.504159e-14
-1.214035e-16
-1.339358e-11
-3.697166e-14
-6.176613e-16
-3.36843e-11
9.621169e-15
-2.445592e-11
-2.252112e-11
3.580529e-14
-3.194385e-11
-2.533379e-11
3.727675e-14
-3.517134e-11
-2.130004e-11
5.865389e-14
-4.133168e-11
-2.48368e-11
3.819548e-14
-3.338021e-11
2.352387e-13
-2.19715e-15
-4.006228e-11
5.847948e-13
3.929827e-15
-2.974268e-11
4.519577e-13
-4.638758e-15
-3.181019e-11
-4.258677e-13
6.297677e-17
-3.482625e-11
8.100565e-13
5.695508e-15
-3.305713e-11
-5.833254e-14
-9.916296e-16
-3.095064e-11
1.564197e-14
2.703067e-16
-2.609128e-11
-2.960021e-14
2.197576e-16
-2.0902e-11
-2.501397e-14
-6.337187e-17
-1.333023e-11
-2.214529e-14
-1.338848e-16
1.912252e-11
1.088951e-10
-1.524387e-11
1.346678e-10
-3.133626e-11
1.450844e-10
-4.599012e-11
1.450002e-10
-6.059211e-11
1.364907e-10
-7.724637e-11
1.200188e-10
-9.95869e-11
9.407651e-11
-1.322549e-10
5.372776e-11
-1.854918e-10
-5.932414e-11
7.875043e-14
-1.279625e-10
-2.893894e-11
2.183896e-14
-9.503342e-11
-2.856451e-11
2.609154e-14
-6.893631e-11
-1.930493e-11
3.805181e-14
-5.38486e-11
-1.766321e-11
2.961392e-14
-3.23002e-11
3.180462e-13
-1.537283e-16
-3.197332e-11
4.304221e-13
1.044004e-15
-3.205222e-11
-4.679662e-14
-2.503851e-16
-3.298034e-11
2.453217e-13
6.032037e-16
-3.29446e-11
7.661041e-13
1.722888e-15
-3.225366e-11
-5.448196e-14
-3.939191e-16
-2.977832e-11
9.763187e-14
2.475622e-16
-2.51762e-11
6.229223e-14
8.991098e-17
-2.045446e-11
3.650393e-14
1.177467e-16
-1.322516e-11
7.787064e-14
1.978897e-17
-1.436322e-11
9.380427e-11
-2.864644e-12
3.169799e-10
3.063388e-11
-3.984881e-12
3.564732e-10
-9.292406e-12
-6.746113e-12
3.612424e-10
-3.982291e-11
-1.103448e-11
3.38912e-10
-6.301196e-11
-1.859839e-11
2.924088e-10
-7.976669e-11
-3.036904e-11
2.20322e-10
-8.853932e-11
-5.157315e-11
1.151491e-10
-6.718553e-11
-2.80055e-12
1.537772e-13
-5.49451e-11
2.969925e-12
2.453769e-14
-5.042032e-11
-2.390914e-12
2.707158e-14
-4.368506e-11
-3.669921e-12
3.397732e-14
-3.960829e-11
-3.655065e-12
4.214481e-14
-2.981662e-11
-4.702464e-14
-5.492721e-16
-3.246335e-11
2.593309e-13
6.176089e-16
-3.150853e-11
-2.654259e-14
8.218799e-16
-3.262165e-11
2.273103e-13
-1.202126e-15
-3.324694e-11
4.183423e-13
1.658081e-15
-3.274538e-11
3.064286e-16
-2.252248e-16
-2.931653e-11
3.509284e-14
2.180486e-16
-2.518439e-11
3.543479e-14
-6.403931e-18
-2.044535e-11
3.237739e-14
1.653781e-16
-1.312159e-11
2.413506e-14
3.163122e-17
-1.212854e-11
1.555921e-10
-6.335273e-12
5.023035e-10
6.225034e-11
-1.078322e-11
5.191177e-10
8.358294e-12
-1.671062e-11
4.888513e-10
-2.509843e-11
-2.398574e-11
4.181893e-10
-4.132546e-11
-3.269252e-11
3.08927e-10
-4.190964e-11
-2.712379e-11
1.558605e-10
-3.160819e-11
8.450457e-12
2.033339e-13
-3.25839e-11
6.845001e-12
2.565491e-14
-3.132739e-11
4.240183e-12
2.874075e-14
-3.268796e-11
2.356976e-12
3.547526e-14
-3.184716e-11
8.659075e-12
1.815315e-14
-3.339018e-11
-5.557596e-15
-7.753053e-16
-3.158298e-11
1.434875e-13
3.106047e-16
-3.144881e-11
-1.22549e-13
-2.255353e-15
-3.280679e-11
1.899257e-13
2.429352e-15
-3.272539e-11
2.74737e-13
2.631237e-15
-3.306799e-11
1.969405e-14
1.960546e-16
-2.912802e-11
2.911616e-14
-5.863273e-17
-2.503982e-11
2.824697e-14
6.588212e-17
-2.010876e-11
3.931506e-14
-1.142591e-16
-1.305386e-11
2.244751e-15
-1.495655e-16
-7.783062e-12
1.843675e-10
-8.717576e-12
6.254741e-10
7.261218e-11
-1.402112e-11
5.950171e-10
1.495824e-11
-1.931419e-11
5.079887e-10
-1.364146e-11
-2.187437e-11
3.707194e-10
-2.032737e-11
-1.169495e-11
1.831286e-10
-1.861628e-11
7.39897e-12
2.376736e-13
-2.259677e-11
5.713015e-12
2.927455e-14
-2.501899e-11
4.883045e-12
2.884693e-14
-2.738774e-11
3.001326e-12
4.021234e-14
-3.03822e-11
6.068949e-12
2.985504e-14
-3.288138e-11
1.029518e-13
1.632831e-15
-3.092888e-11
-1.028835e-13
-1.933566e-15
-3.368805e-11
2.274386e-15
1.01051e-15
-3.23539e-11
2.621641e-13
3.174037e-15
-3.293071e-11
2.817824e-13
2.541785e-15
-3.236246e-11
-3.955311e-15
-1.651089e-16
-2.934761e-11
2.332079e-15
6.855173e-17
-2.511638e-11
1.122143e-14
-6.25966e-18
-2.014484e-11
-3.894858e-15
2.956776e-17
-1.303466e-11
1.319798e-14
1.330295e-16
-3.11169e-12
1.831612e-10
-6.653289e-12
6.621592e-10
6.343658e-11
-1.025715e-11
5.681006e-10
9.186127e-12
-1.100552e-11
4.115796e-10
-1.047242e-11
-3.908948e-12
2.004208e-10
-1.65103e-11
3.786808e-12
2.538563e-13
-1.946389e-11
3.084247e-12
3.190265e-14
-2.332803e-11
2.435246e-12
2.714399e-14
-2.553618e-11
3.002047e-12
3.530906e-14
-3.113037e-11
4.606611e-12
5.779616e-16
-3.097885e-11
1.333673e-13
-5.979884e-16
-3.146213e-11
-8.687596e-14
2.851275e-17
-3.295784e-11
1.717902e-13
9.512377e-16
-3.156543e-11
5.197094e-14
-7.422031e-16
-3.295114e-11
3.469079e-13
3.780953e-15
-3.238977e-11
-1.532068e-14
-1.63265e-16
-2.927149e-11
2.601483e-14
3.32436e-16
-2.480113e-11
-1.830429e-15
-1.762419e-16
-2.026017e-11
1.089571e-14
2.357899e-17
-1.305547e-11
6.097717e-15
7.817794e-17
-4.580318e-13
1.539569e-10
-5.123649e-13
6.021385e-10
3.727954e-11
-1.296753e-12
4.35491e-10
-4.403288e-12
-1.064936e-12
2.094818e-10
-1.577023e-11
-2.605541e-13
2.590008e-13
-2.056883e-11
-1.631294e-13
2.977553e-14
-2.288603e-11
-6.115839e-14
3.372165e-14
-2.704023e-11
9.108293e-13
2.740474e-14
-2.766927e-11
-2.743905e-12
3.547887e-14
-2.991964e-11
-2.745834e-15
-2.735432e-16
-3.106907e-11
8.295519e-14
1.310042e-16
-3.154048e-11
-7.177088e-14
-1.062629e-15
-3.298828e-11
-1.889621e-14
1.363769e-15
-3.291013e-11
9.734676e-14
3.191231e-16
-3.299414e-11
-2.638935e-14
3.322998e-17
-2.972426e-11
1.629994e-14
2.915483e-16
-2.506788e-11
-3.389532e-14
-2.814268e-16
-2.034631e-11
-1.967166e-14
4.065898e-17
-1.31028e-11
2.209713e-14
3.575196e-16
1.588788e-12
9.830872e-11
7.010612e-12
4.460893e-10
6.087999e-13
1.071441e-12
2.11769e-10
-1.703367e-11
-4.411717e-12
2.557885e-13
-2.348977e-11
-3.456923e-12
3.100549e-14
-2.463314e-11
-2.967928e-12
3.099605e-14
-2.755181e-11
-2.285162e-12
3.155476e-14
-2.812868e-11
-6.041314e-12
1.976864e-14
-3.235732e-11
-4.546124e-15
1.572111e-15
-3.128691e-11
-1.161101e-13
-2.395567e-15
-3.35982e-11
-1.685474e-13
2.108482e-16
-3.223864e-11
8.478947e-14
1.018446e-15
-3.202431e-11
4.06274e-15
-5.533349e-16
-3.294872e-11
1.900778e-15
1.741251e-16
-2.919229e-11
-5.348129e-15
1.53336e-17
-2.536106e-11
-1.474091e-14
2.840074e-16
-2.027548e-11
4.75732e-15
-7.896334e-17
-1.312334e-11
-4.704418e-15
-5.93612e-17
6.010727e-12
1.840263e-11
6.229318e-12
2.104001e-10
-3.04714e-11
-8.51656e-12
2.234993e-13
-3.116518e-11
-6.769017e-12
3.356185e-14
-3.320402e-11
-4.632556e-12
3.475633e-14
-3.457735e-11
-3.615747e-12
1.797728e-14
-3.049898e-11
-6.735166e-12
2.005225e-14
-3.385482e-11
-3.035924e-14
1.842311e-15
-3.146684e-11
-1.61927e-13
1.476791e-15
-3.211239e-11
1.986308e-13
4.838738e-16
-3.175784e-11
-9.893742e-14
-6.37246e-16
-3.227957e-11
-2.483331e-13
-5.593027e-16
-3.313196e-11
-1.769366e-16
1.957418e-17
-2.973682e-11
-8.932673e-15
4.563966e-17
-2.547052e-11
2.14421e-15
6.08008e-17
-2.037974e-11
-3.008052e-14
-3.754842e-17
-1.322291e-11
-1.102289e-14
5.137393e-17
8.887654e-12
-7.151143e-11
-9.581441e-12
1.537833e-13
-5.669647e-11
-8.266727e-12
3.879083e-14
-5.223581e-11
-4.474637e-12
3.719013e-14
-4.428649e-11
-2.600145e-12
3.776878e-14
-3.96544e-11
-7.007113e-12
3.321369e-14
-3.258762e-11
1.467696e-14
1.023784e-15
-3.078444e-11
-2.104697e-13
-1.220752e-15
-3.264799e-11
-2.13136e-13
1.610774e-15
-3.239968e-11
-1.171665e-13
-1.312803e-16
-3.275668e-11
-4.167071e-13
-3.35517e-15
-3.368404e-11
-3.739351e-15
3.244683e-16
-2.973391e-11
-1.098287e-14
1.123141e-16
-2.570563e-11
-1.335499e-14
9.113062e-17
-2.063791e-11
-1.634609e-14
1.249479e-16
-1.328996e-11
-1.242953e-14
-1.746384e-17
1.029155e-12
-1.398529e-10
-3.474623e-12
5.063575e-14
-9.859336e-11
2.084712e-12
4.5828e-14
-7.165525e-11
2.95048e-12
3.481768e-14
-5.205602e-11
2.179399e-12
5.228076e-14
-3.23713e-11
-2.10459e-13
-6.536649e-16
-3.26569e-11
-3.787859e-13
1.390438e-16
-3.463529e-11
-1.251081e-13
8.306551e-16
-3.139785e-11
-3.599008e-13
1.060698e-15
-3.289544e-11
-2.939198e-13
2.929011e-16
-3.342253e-11
8.309108e-15
5.431155e-17
-2.952243e-11
-2.026077e-14
-3.139474e-17
-2.577812e-11
-2.320212e-14
5.41986e-17
-2.074857e-11
-3.070124e-14
-4.977765e-17
-1.339766e-11
-3.667982e-14
7.229862e-17
3.14956e-11
-3.367286e-11
3.004139e-11
3.053196e-14
-3.83494e-11
2.141984e-11
3.035384e-14
-3.554506e-11
2.281508e-11
6.334609e-14
-3.845076e-11
-3.161734e-13
2.174381e-15
-3.158012e-11
-1.398315e-13
8.568194e-17
-3.44314e-11
3.877951e-13
7.283786e-15
-3.066039e-11
-7.976755e-13
-1.121239e-14
-3.620626e-11
-5.248935e-13
3.250185e-15
-3.408394e-11
-1.132874e-14
3.17213e-16
-2.957904e-11
-1.765547e-14
-2.923817e-17
-2.55533e-11
-3.199801e-14
1.387255e-17
-2.056306e-11
-7.822979e-15
2.16855e-16
-1.328357e-11
-6.228485e-14
-4.688019e-16
2.611102e-11
-2.402512e-11
2.089079e-11
3.07722e-14
-2.948706e-11
2.527404e-11
3.783118e-14
-2.988799e-11
1.731696e-14
-9.90198e-16
-3.376132e-11
-6.939714e-13
-2.62443e-15
-3.914814e-11
-1.640732e-13
5.289312e-15
-3.296918e-11
-6.377544e-13
-2.877188e-15
-3.459661e-11
-2.870976e-13
-5.094914e-15
-3.626954e-11
1.155976e-14
6.887667e-16
-3.113782e-11
-3.047608e-14
8.252313e-17
-2.632637e-11
8.269358e-15
1.100184e-16
-2.079883e-11
-6.092561e-14
-5.723379e-16
-1.360238e-11
-3.882486e-14
5.772258e-16
1.702933e-11
-3.068762e-11
2.323232e-11
-2.0384e-15
-3.170114e-11
-4.53732e-13
-4.698621e-16
-3.981531e-11
1.095061e-13
5.046387e-15
-2.66826e-11
5.724387e-14
-8.014194e-15
-3.326477e-11
-1.372605e-13
4.994651e-15
-3.452906e-11
-1.076652e-13
2.79671e-15
-3.532881e-11
6.258813e-14
4.920717e-17
-3.100972e-11
5.977201e-14
3.552134e-16
-2.61039e-11
-3.312713e-14
-5.507632e-16
-2.210253e-11
1.855157e-14
8.194168e-16
-1.381e-11
5.137602e-14
-4.825125e-16
1.195535e-11
-3.43078e-11
-3.231892e-13
1.726048e-15
-3.672659e-11
3.970512e-13
3.455078e-15
-3.260618e-11
-9.143807e-13
-5.746732e-15
-3.59157e-11
1.139427e-13
2.647342e-15
-3.521339e-11
-2.429706e-13
2.438266e-15
-3.419028e-11
3.972165e-15
3.967653e-16
-3.121539e-11
-5.481571e-15
1.908577e-16
-2.692566e-11
-9.018263e-15
3.064728e-16
-2.182083e-11
6.523731e-14
6.295599e-17
-1.366814e-11
-2.204313e-14
-2.105655e-16
3.323719e-13
-3.360364e-11
2.302271e-13
9.565287e-16
-3.200872e-11
-1.011442e-13
1.520546e-15
-3.433735e-11
7.062332e-14
-3.141037e-15
-3.419055e-11
6.948548e-13
7.317375e-15
-3.327807e-11
3.076657e-15
-4.780632e-16
-3.072245e-11
-6.460166e-15
3.235318e-16
-2.64428e-11
3.212463e-14
2.542846e-16
-2.13139e-11
2.239711e-14
3.633469e-16
-1.387629e-11
-3.327184e-14
-3.934393e-16
1.032111e-14
-6.599657e-12
2.654194e-14
-1.228401e-11
8.565799e-14
-2.072939e-11
-3.363306e-14
-2.467433e-11
5.352023e-14
-2.953444e-11
-5.886399e-15
-3.45828e-11
-1.73996e-15
-3.579976e-11
2.064972e-15
-3.336354e-11
3.69156e-15
-3.231928e-11
-5.650795e-15
-3.456042e-11
1.207439e-16
-3.009356e-11
3.816067e-16
-2.558192e-11
1.330102e-16
-2.055308e-11
-3.238085e-16
-1.36322e-11
6.331214e-16
-6.765118e-12
3.672249e-14
-7.613323e-12
-5.848652e-12
1.072661e-14
-1.261422e-11
-6.200168e-12
1.947559e-14
-1.791992e-11
-6.015931e-12
9.890274e-14
-2.680654e-11
-4.595707e-12
3.605675e-14
-2.901462e-11
-5.408714e-13
-2.904992e-15
-3.430445e-11
-7.368011e-14
4.418438e-16
-3.293662e-11
4.796471e-13
4.650648e-15
-3.200394e-11
8.705881e-14
-3.469438e-17
-3.430005e-11
2.901868e-15
3.431745e-15
-3.270805e-11
1.006268e-14
-5.821452e-16
-3.033557e-11
1.518863e-14
1.642013e-17
-2.605111e-11
-3.906269e-14
2.320801e-16
-2.097287e-11
-3.135022e-14
5.930737e-17
-1.376144e-11
3.946161e-14
7.125608e-16
-1.392195e-11
4.794976e-14
-9.006263e-12
-1.230075e-11
3.525763e-14
-1.421154e-11
-1.217422e-11
8.132543e-15
-1.919756e-11
-1.127802e-11
4.336543e-14
-2.352181e-11
-9.996642e-12
3.229639e-14
-3.55526e-11
-5.878623e-13
-1.59131e-15
-3.919739e-11
-6.590276e-14
4.452339e-15
-3.345773e-11
6.594619e-14
-1.649538e-15
-3.580475e-11
8.235242e-14
4.262787e-15
-3.314271e-11
6.605744e-13
3.779922e-15
-3.170401e-11
1.18199e-14
-1.274254e-16
-2.855265e-11
4.00725e-14
-3.226291e-16
-2.527212e-11
6.367099e-14
4.133727e-16
-2.030332e-11
1.621554e-14
-3.555818e-16
-1.347162e-11
-1.352325e-14
-4.835812e-16
-2.267775e-11
-1.305365e-15
-1.090872e-11
-1.764628e-11
5.005153e-14
-1.650146e-11
-1.839285e-11
3.907835e-14
-2.390686e-11
-1.445724e-11
3.834221e-14
-3.082172e-11
-1.959811e-11
4.167332e-14
-3.603246e-11
-9.988434e-14
-1.823713e-15
-3.712814e-11
3.704355e-13
1.567187e-15
-3.400829e-11
-2.217687e-14
2.031396e-15
-3.411487e-11
3.841713e-13
4.664047e-15
-3.282248e-11
-4.650896e-14
-3.392633e-15
-3.429298e-11
-5.858018e-14
2.19343e-16
-2.984418e-11
-6.761588e-14
-2.609474e-16
-2.648083e-11
3.753745e-14
6.423407e-16
-2.077576e-11
-4.564125e-14
-3.207411e-16
-1.350397e-11
2.636641e-14
-1.295016e-16
-3.484473e-11
1.493203e-14
-2.453281e-11
-2.146805e-11
1.019003e-14
-3.190212e-11
-2.529469e-11
3.359524e-14
-3.526232e-11
-2.250966e-11
3.122127e-14
-3.20674e-11
-2.260948e-11
-1.31302e-14
-3.739975e-11
3.940418e-13
2.57378e-15
-3.356338e-11
2.35499e-13
-2.373959e-15
-3.829331e-11
5.909887e-13
3.996099e-15
-3.126944e-11
3.193926e-13
-3.194312e-15
-3.22422e-11
-3.79344e-13
-2.244346e-15
-3.350203e-11
7.031355e-14
8.132592e-16
-2.950942e-11
-6.975123e-14
-1.085696e-15
-2.6637e-11
1.578496e-14
2.751696e-16
-2.100677e-11
-3.156927e-14
2.136159e-16
-1.347273e-11
-2.765576e-14
-6.517454e-17
2.785266e-11
1.310978e-10
-1.463497e-11
1.468451e-10
-3.709654e-11
1.484019e-10
-5.617384e-11
1.400793e-10
-7.528975e-11
1.230661e-10
-9.903777e-11
9.637673e-11
-1.325086e-10
5.499827e-11
-1.852938e-10
-5.996065e-11
8.791183e-14
-1.282526e-10
-2.964196e-11
1.994514e-14
-9.537376e-11
-2.832277e-11
2.116482e-14
-6.915271e-11
-2.142404e-11
3.314861e-14
-5.130759e-11
-2.414202e-11
3.446515e-14
-3.377108e-11
1.478292e-13
-3.073984e-16
-3.254812e-11
2.664724e-13
-3.854794e-16
-3.206233e-11
3.938002e-13
1.076844e-15
-3.265344e-11
4.420216e-14
2.155804e-16
-3.316414e-11
3.157756e-13
7.809326e-17
-3.301993e-11
6.27821e-14
1.787402e-16
-2.881988e-11
-4.121813e-14
-3.828727e-16
-2.574956e-11
1.01856e-13
2.583685e-16
-2.035306e-11
6.781208e-14
9.475384e-17
-1.322747e-11
3.926252e-14
1.232418e-16
-9.734919e-12
1.080618e-10
-3.974804e-12
3.581967e-10
2.654499e-11
-6.68758e-12
3.70255e-10
-2.24127e-11
-1.114168e-11
3.493899e-10
-5.590997e-11
-1.848178e-11
3.012612e-10
-7.74546e-11
-3.050072e-11
2.262812e-10
-8.804163e-11
-5.177359e-11
1.180055e-10
-6.677168e-11
-2.719951e-12
1.576358e-13
-5.590226e-11
2.317849e-12
2.733992e-14
-5.045549e-11
-2.947013e-12
2.276586e-14
-4.329604e-11
-3.243516e-12
3.707109e-14
-3.819969e-11
-2.383204e-12
3.812881e-15
-2.884335e-11
3.600009e-13
-8.07754e-16
-3.031117e-11
-2.318446e-14
-2.917813e-16
-3.245209e-11
2.413749e-13
4.855656e-16
-3.21045e-11
6.024878e-14
9.338544e-16
-3.27459e-11
1.579237e-13
-1.453143e-15
-3.332133e-11
4.21997e-14
1.867982e-16
-2.919688e-11
1.112248e-16
-2.152971e-16
-2.538527e-11
3.479546e-14
2.271465e-16
-2.033599e-11
3.688374e-14
-4.671433e-18
-1.320172e-11
3.316765e-14
1.699648e-16
-8.425142e-12
1.575317e-10
-9.625296e-12
5.320911e-10
5.020542e-11
-1.63816e-11
5.0667e-10
-7.095568e-12
-2.424242e-11
4.339205e-10
-3.593139e-11
-3.242448e-11
3.191411e-10
-4.104983e-11
-2.746552e-11
1.601498e-10
-3.042542e-11
8.622295e-12
2.102547e-13
-3.271604e-11
6.993978e-12
2.859332e-14
-3.388671e-11
3.600765e-12
2.400414e-14
-3.011626e-11
2.035202e-12
3.429949e-14
-3.181799e-11
5.035442e-12
-1.085096e-15
-3.111201e-11
-1.27066e-13
1.060108e-18
-3.326876e-11
1.560445e-14
-9.741257e-16
-3.1805e-11
9.650456e-14
-1.037792e-16
-3.202756e-11
1.321323e-14
-1.165139e-15
-3.298338e-11
1.261252e-13
2.333707e-15
-3.294104e-11
2.707796e-14
2.280955e-16
-2.940346e-11
2.261797e-14
2.213137e-16
-2.520888e-11
3.192232e-14
-7.002752e-17
-2.022314e-11
2.906669e-14
6.483382e-17
-1.301788e-11
4.070546e-14
-1.148967e-16
-5.350952e-12
1.714721e-10
-1.189211e-11
6.1949e-10
5.339839e-11
-1.887582e-11
5.320694e-10
-5.110148e-13
-2.216996e-11
3.865025e-10
-1.829488e-11
-1.203518e-11
1.89369e-10
-1.843403e-11
7.468868e-12
2.405567e-13
-2.217486e-11
5.72916e-12
3.249088e-14
-2.525525e-11
4.359134e-12
2.995759e-14
-2.700364e-11
3.560261e-12
2.573875e-14
-2.808905e-11
6.073489e-12
-1.807819e-14
-3.21514e-11
-5.615929e-14
-1.429867e-15
-3.300026e-11
1.519295e-13
1.673186e-15
-3.131288e-11
-1.248819e-13
-1.742744e-15
-3.347673e-11
7.549698e-15
1.353517e-15
-3.262662e-11
2.343017e-13
2.280004e-15
-3.287385e-11
3.693485e-14
3.186008e-16
-2.883729e-11
-1.49188e-15
-1.52246e-16
-2.534675e-11
3.281879e-15
7.616986e-17
-2.025382e-11
1.053539e-14
-1.756388e-17
-1.302639e-11
-4.041971e-15
3.360038e-17
-2.260913e-12
1.53936e-10
-8.333924e-12
6.02115e-10
3.724579e-11
-1.084599e-11
4.354744e-10
-5.184413e-12
-4.741468e-12
2.094613e-10
-1.58271e-11
3.696917e-12
2.610764e-13
-2.034748e-11
3.000558e-12
2.935049e-14
-2.263564e-11
2.661434e-12
3.159632e-14
-2.612044e-11
1.353497e-12
2.135098e-14
-2.608591e-11
1.247574e-12
2.893852e-14
-3.555312e-11
6.560379e-14
4.883542e-15
-3.136248e-11
1.136053e-13
-1.123768e-15
-3.155712e-11
-1.032692e-13
2.035554e-16
-3.2994e-11
2.463301e-13
1.199001e-15
-3.209248e-11
2.954486e-14
-8.64783e-16
-3.308978e-11
3.053969e-14
4.059959e-16
-2.88546e-11
-1.487823e-14
-1.601731e-16
-2.530288e-11
2.568553e-14
3.363477e-16
-2.005091e-11
-2.862136e-15
-1.898432e-16
-1.307233e-11
1.148302e-14
2.839218e-17
-5.084432e-13
1.09493e-10
-7.461847e-13
4.725109e-10
7.989819e-12
-1.757759e-12
2.235192e-10
-1.56045e-11
-4.259773e-13
2.656075e-13
-1.963931e-11
-2.520608e-13
2.796042e-14
-2.37738e-11
-2.181055e-13
3.002446e-14
-2.569072e-11
1.064952e-13
4.333136e-14
-2.958892e-11
-5.523026e-12
1.891058e-14
-2.850712e-11
4.193029e-13
-7.006342e-16
-3.042379e-11
-2.129044e-14
-2.642165e-16
-3.138587e-11
8.800361e-14
-1.058076e-17
-3.210839e-11
-1.148444e-14
-3.568431e-16
-3.318374e-11
-6.154513e-14
5.027687e-16
-3.295022e-11
1.082465e-14
2.496342e-17
-2.93515e-11
-2.553393e-14
8.339384e-17
-2.563322e-11
1.59918e-14
2.995619e-16
-2.023157e-11
-3.539216e-14
-2.976202e-16
-1.313435e-11
-1.992968e-14
4.269861e-17
1.343113e-12
4.376695e-11
-4.929591e-15
2.370313e-10
-1.84148e-11
-4.618298e-12
2.463831e-13
-2.079714e-11
-3.544295e-12
3.436077e-14
-2.67223e-11
-2.865433e-12
2.998584e-14
-2.645523e-11
-1.49331e-12
3.344523e-14
-2.986958e-11
-2.875559e-12
3.506801e-14
-3.233401e-11
-7.086198e-14
3.350122e-16
-3.243988e-11
-3.794489e-14
1.793873e-15
-3.161565e-11
-8.05276e-14
-2.547173e-15
-3.35197e-11
-6.784911e-14
9.86699e-16
-3.259367e-11
3.141501e-14
6.97131e-16
-3.260335e-11
-5.42714e-15
-1.24428e-16
-2.934016e-11
4.59294e-15
1.972936e-16
-2.525998e-11
-7.057638e-15
4.249482e-18
-2.044595e-11
-1.538123e-14
3.054915e-16
-1.310811e-11
5.174091e-15
-8.390382e-17
-3.374005e-12
-2.96935e-11
-8.479788e-12
1.882956e-13
-3.141005e-11
-6.911541e-12
3.477974e-14
-3.253389e-11
-5.204937e-12
3.392053e-14
-3.25473e-11
-1.991465e-12
3.291378e-14
-3.536988e-11
-5.583225e-12
3.980514e-14
-3.226704e-11
-2.214662e-13
-1.97775e-15
-3.368375e-11
-3.660674e-14
1.860019e-15
-3.195155e-11
-1.451974e-13
2.274056e-15
-3.2331e-11
1.67797e-13
7.799882e-17
-3.232619e-11
-8.364437e-14
-8.866909e-16
-3.286423e-11
-2.48264e-14
-6.07145e-17
-2.946823e-11
4.634311e-15
2.341507e-17
-2.568382e-11
-1.007061e-14
4.310159e-17
-2.054001e-11
3.474181e-15
6.870817e-17
-1.318486e-11
-3.155011e-14
-4.57201e-17
-1.09564e-11
-5.926491e-11
-8.22453e-12
3.945284e-14
-5.196715e-11
-4.906405e-12
3.932069e-14
-4.53097e-11
-3.3735e-12
3.287392e-14
-3.810936e-11
-7.461745e-12
2.940376e-14
-3.03422e-11
-1.972992e-13
-6.600831e-16
-3.268283e-11
3.06778e-14
1.487187e-15
-3.142916e-11
-1.372526e-13
-1.201957e-15
-3.280558e-11
-2.264175e-13
1.311166e-15
-3.284144e-11
-1.25913e-13
4.688493e-17
-3.319668e-11
-5.034734e-14
-3.769154e-16
-2.992715e-11
-4.39078e-15
3.276422e-16
-2.57251e-11
-1.26684e-14
1.123037e-16
-2.073143e-11
-1.296758e-14
1.030178e-16
-1.334367e-11
-1.703244e-14
1.272071e-16
-4.413951e-12
-1.039677e-10
2.5949e-12
4.650165e-14
-7.124838e-11
3.020568e-12
4.220243e-14
-5.341468e-11
2.476871e-12
5.392609e-14
-3.213849e-11
-3.145494e-13
3.620382e-16
-3.249004e-11
-2.056033e-13
-4.05468e-16
-3.266105e-11
-3.744071e-13
2.325666e-16
-3.413424e-11
-2.145071e-13
6.594117e-16
-3.22874e-11
-3.685061e-13
9.257138e-16
-3.331147e-11
-2.832875e-14
3.430171e-17
-2.977609e-11
6.00294e-15
4.742517e-17
-2.559926e-11
-2.168776e-14
-3.03314e-17
-2.081356e-11
-2.35869e-14
5.647665e-17
-1.343753e-11
-3.138842e-14
-5.133386e-17
3.091231e-11
-3.873178e-11
2.238204e-11
3.448235e-14
-3.998935e-11
2.138451e-11
5.790143e-14
-3.206417e-11
-5.623682e-13
-3.521686e-15
-3.746837e-11
-1.911486e-13
2.104338e-15
-3.212657e-11
-2.700387e-13
7.024095e-16
-3.426522e-11
2.794217e-13
6.128745e-15
-3.176001e-11
-9.084815e-13
-9.833943e-15
-3.560573e-11
-4.419555e-14
3.078307e-16
-3.035685e-11
-1.490455e-14
3.866617e-16
-2.57361e-11
-2.084482e-14
-4.560626e-17
-2.073564e-11
-3.575582e-14
2.474412e-17
-1.337402e-11
-9.351302e-15
2.234738e-16
2.212011e-11
-2.921094e-11
3.009998e-11
2.170036e-14
-3.666308e-11
-2.574491e-14
4.348048e-15
-3.075846e-11
8.533315e-15
-1.849162e-16
-3.39252e-11
-7.716853e-13
-4.150618e-15
-3.849519e-11
3.887531e-14
5.018877e-15
-3.398189e-11
-6.21098e-13
-2.753272e-15
-3.452162e-11
-2.298774e-14
-4.957784e-16
-3.218804e-11
7.353405e-15
7.088044e-16
-2.685454e-11
-2.793766e-14
7.117817e-17
-2.124603e-11
9.317118e-15
1.031119e-16
-1.352521e-11
-6.223372e-14
-5.92248e-16
2.288088e-11
-4.255415e-11
-1.552887e-13
9.153703e-15
-3.205955e-11
-4.159969e-13
-2.090636e-15
-3.823088e-11
1.473895e-13
6.025216e-15
-2.926856e-11
5.21054e-14
-7.567e-15
-3.435652e-11
-2.548918e-13
5.771688e-15
-3.443049e-11
7.562519e-15
1.529929e-16
-3.134747e-11
6.919801e-14
5.896318e-17
-2.677431e-11
5.956413e-14
3.82809e-16
-2.111721e-11
-3.484318e-14
-5.566262e-16
-1.418464e-11
1.946241e-14
8.391202e-16
5.239335e-13
-3.477601e-11
-3.834546e-13
1.169349e-15
-3.620254e-11
4.21441e-13
3.274388e-15
-3.333594e-11
-8.415679e-13
-5.416485e-15
-3.576573e-11
7.6761e-14
2.986583e-15
-3.479434e-11
-2.341134e-14
2.554298e-16
-3.046051e-11
-7.126606e-16
4.07859e-16
-2.695592e-11
-4.305902e-15
1.732127e-16
-2.170435e-11
-8.24544e-15
3.429256e-16
-1.405607e-11
6.668501e-14
5.228068e-17
2.316219e-13
-3.404159e-11
1.685068e-13
9.218146e-16
-3.296123e-11
-1.512816e-13
1.142326e-15
-3.419926e-11
6.660051e-15
-3.184119e-15
-3.457304e-11
7.127595e-14
8.047559e-16
-2.981807e-11
2.995652e-15
-4.677656e-16
-2.66238e-11
-1.007309e-14
3.054415e-16
-2.138636e-11
3.195574e-14
2.540388e-16
-1.381776e-11
2.241378e-14
3.835061e-16
3.534282e-14
-6.880575e-12
1.139665e-14
-1.244228e-11
2.190435e-14
-1.834487e-11
1.024824e-13
-2.727758e-11
-3.350557e-14
-2.882955e-11
1.205854e-15
-3.035018e-11
-4.583753e-15
-3.415863e-11
-4.054029e-15
-3.517285e-11
2.929744e-15
-3.342063e-11
3.838244e-15
-3.263566e-11
-6.035257e-16
-3.07459e-11
1.126006e-16
-2.602688e-11
3.94339e-16
-2.068744e-11
1.185915e-16
-1.332537e-11
-3.304897e-16
-6.815234e-12
5.262411e-14
-7.161138e-12
-6.064838e-12
3.826524e-14
-1.400155e-11
-6.219407e-12
1.227833e-15
-1.861807e-11
-5.892364e-12
3.407546e-14
-2.325518e-11
-8.066725e-12
7.811101e-14
-2.9869e-11
-1.660745e-13
8.132301e-16
-2.989006e-11
-4.542134e-13
-2.310799e-15
-3.395526e-11
-4.207358e-15
-6.075443e-16
-3.272659e-11
5.30767e-13
3.929555e-15
-3.310723e-11
1.781101e-13
6.025298e-16
-3.381908e-11
7.382686e-15
3.845597e-16
-2.933041e-11
1.585768e-14
-5.385598e-16
-2.619593e-11
1.542243e-14
-4.635554e-18
-2.098831e-11
-3.932571e-14
2.490122e-16
-1.354151e-11
-3.104911e-14
6.352952e-17
-1.388212e-11
-1.688937e-14
-8.683786e-12
-1.184619e-11
4.899684e-14
-1.485697e-11
-1.262651e-11
4.196963e-14
-2.019679e-11
-1.204387e-11
1.050869e-14
-2.167252e-11
-1.107141e-11
3.844928e-15
-3.134246e-11
-2.741169e-13
-7.906229e-16
-3.529604e-11
-6.063292e-13
-1.800665e-15
-3.816698e-11
-1.095797e-13
4.752275e-15
-3.304359e-11
-1.166843e-13
-2.115815e-15
-3.539812e-11
1.220023e-13
3.025195e-15
-3.335199e-11
5.763194e-14
4.015562e-16
-2.871818e-11
1.059612e-14
-1.518073e-17
-2.490518e-11
3.773597e-14
-3.476985e-16
-2.047966e-11
6.392606e-14
4.120779e-16
-1.320667e-11
1.580956e-14
-3.627809e-16
-2.398726e-11
1.598371e-14
-1.096866e-11
-1.77464e-11
-2.173677e-15
-1.45334e-11
-1.810874e-11
5.173524e-14
-2.384412e-11
-1.600357e-11
3.592551e-14
-3.068833e-11
-2.246716e-11
-4.572773e-14
-3.17311e-11
-1.823288e-13
-4.428299e-15
-3.559646e-11
-2.22112e-14
-1.28046e-15
-3.598282e-11
3.74301e-13
1.596518e-15
-3.364567e-11
-9.115598e-14
2.239931e-15
-3.405964e-11
4.31201e-13
3.064066e-15
-3.390377e-11
-3.877225e-15
-2.340736e-16
-3.043126e-11
-4.338783e-14
2.256498e-16
-2.582724e-11
-6.767213e-14
-2.77669e-16
-2.13015e-11
4.003282e-14
6.72785e-16
-1.342389e-11
-4.641104e-14
-3.316634e-16
-3.476697e-11
2.9341e-14
-2.533262e-11
-2.283176e-11
1.155726e-14
-3.141348e-11
-2.365745e-11
1.155117e-14
-3.664964e-11
-2.385656e-11
2.972597e-14
-3.3144e-11
-2.721917e-11
5.750151e-14
-2.945469e-11
-3.714838e-14
-2.358523e-15
-3.651369e-11
3.74716e-13
2.071047e-15
-3.380329e-11
3.098898e-13
-8.38115e-16
-3.664769e-11
5.519312e-13
2.231496e-15
-3.274824e-11
4.544973e-13
-1.773345e-15
-3.258199e-11
-4.485896e-14
-1.37631e-16
-2.981113e-11
7.20686e-14
7.568026e-16
-2.560934e-11
-7.32527e-14
-1.089509e-15
-2.13711e-11
1.742411e-14
2.868726e-16
-1.353206e-11
-3.385621e-14
2.111725e-16
3.025703e-11
1.475553e-10
-1.935236e-11
1.523508e-10
-4.776832e-11
1.444575e-10
-7.176642e-11
1.267413e-10
-9.759125e-11
9.890243e-11
-1.323171e-10
5.635e-11
-1.858346e-10
-6.034498e-11
8.485096e-14
-1.275563e-10
-3.039377e-11
3.211076e-14
-9.561083e-11
-2.920824e-11
1.937801e-14
-6.919331e-11
-2.138039e-11
3.152028e-14
-5.113776e-11
-1.894761e-11
1.493668e-14
-3.506189e-11
3.790369e-14
4.957694e-16
-3.355974e-11
9.732948e-14
-1.174663e-16
-3.272732e-11
3.538346e-13
-5.492872e-16
-3.227775e-11
2.47946e-13
1.290819e-15
-3.320454e-11
1.588935e-13
-2.832673e-16
-3.330737e-11
2.196863e-14
3.040631e-17
-2.942061e-11
7.038689e-14
1.842123e-16
-2.502427e-11
-4.198957e-14
-4.029648e-16
-2.074934e-11
1.083496e-13
2.683868e-16
-1.318435e-11
7.063053e-14
9.727118e-17
-5.546256e-12
1.066568e-10
-6.10311e-12
3.807965e-10
1.24682e-11
-1.108063e-11
3.630158e-10
-4.137775e-11
-1.86516e-11
3.128466e-10
-7.317039e-11
-3.015101e-11
2.337297e-10
-8.730072e-11
-5.185968e-11
1.211903e-10
-6.685984e-11
-2.498028e-12
1.64014e-13
-5.554315e-11
2.572912e-12
2.752153e-14
-5.150466e-11
-3.168211e-12
2.881183e-14
-4.379084e-11
-3.421709e-12
2.266133e-14
-3.796883e-11
-2.590069e-12
-1.018562e-14
-3.083801e-11
4.122703e-13
2.124953e-15
-2.958932e-11
3.84691e-13
-6.812352e-16
-3.086609e-11
1.641734e-14
-6.508493e-16
-3.262925e-11
2.092806e-13
5.332208e-16
-3.247777e-11
2.169989e-13
8.193846e-16
-3.306437e-11
1.92833e-14
-1.327418e-16
-2.960243e-11
4.433903e-14
1.714412e-16
-2.52995e-11
8.153405e-18
-2.225198e-16
-2.048326e-11
3.709555e-14
2.358626e-16
-1.315537e-11
3.766451e-14
-5.430979e-18
-5.628745e-12
1.430347e-10
-1.412021e-11
5.295653e-10
2.954245e-11
-2.393293e-11
4.55676e-10
-2.382184e-11
-3.268757e-11
3.330694e-10
-3.940264e-11
-2.718309e-11
1.656136e-10
-3.136713e-11
8.435095e-12
2.10486e-13
-3.126449e-11
7.142318e-12
3.31459e-14
-3.414849e-11
3.962212e-12
2.777151e-14
-3.357378e-11
-1.02032e-13
3.07749e-15
-2.659395e-11
4.386421e-12
2.020426e-15
-3.039091e-11
2.520057e-14
3.379722e-16
-3.132558e-11
-9.480815e-14
3.143228e-16
-3.314631e-11
-9.575517e-15
-1.417652e-15
-3.191229e-11
9.319964e-14
-3.638689e-16
-3.243223e-11
-1.746896e-14
-7.951349e-16
-3.33172e-11
6.172413e-15
2.357699e-16
-2.93292e-11
2.641645e-14
2.512918e-16
-2.542559e-11
2.481273e-14
2.303874e-16
-2.033886e-11
3.315965e-14
-7.274041e-17
-1.308186e-11
2.960379e-14
6.490894e-17
-4.020432e-12
1.422681e-10
-1.588046e-11
5.653546e-10
2.765407e-11
-2.163402e-11
4.09638e-10
-1.289369e-11
-1.202253e-11
1.980271e-10
-1.966536e-11
7.26509e-12
2.465696e-13
-2.188315e-11
5.894838e-12
2.756316e-14
-2.507502e-11
4.196827e-12
3.234442e-14
-2.685902e-11
1.117534e-12
2.394441e-14
-2.687578e-11
4.915509e-12
2.323395e-14
-3.2148e-11
-5.461837e-14
7.079146e-16
-3.213168e-11
-1.100286e-14
-1.496875e-15
-3.33578e-11
1.103809e-13
2.368267e-15
-3.168521e-11
-1.233569e-13
-2.323389e-15
-3.338417e-11
4.876737e-14
1.213085e-15
-3.296084e-11
2.598888e-14
2.506921e-16
-2.922778e-11
3.884865e-14
3.254529e-16
-2.49915e-11
-6.31446e-16
-1.556202e-16
-2.041308e-11
3.076289e-15
8.048704e-17
-1.308421e-11
1.052437e-14
-2.323769e-17
-2.449183e-12
1.093028e-10
-8.447928e-12
4.724876e-10
7.906501e-12
-4.437998e-12
2.235099e-10
-1.654362e-11
3.553839e-12
2.664513e-13
-1.969063e-11
2.778563e-12
2.903026e-14
-2.337995e-11
2.594448e-12
3.051483e-14
-2.551613e-11
1.650303e-12
2.910438e-14
-2.781047e-11
4.63413e-12
4.393123e-14
-3.645469e-11
-9.294769e-14
-1.170911e-16
-3.505626e-11
1.010867e-13
4.610709e-15
-3.206419e-11
1.654515e-13
-1.02408e-16
-3.17644e-11
-1.223106e-13
-7.549158e-16
-3.306496e-11
2.439068e-13
1.020781e-15
-3.275154e-11
6.373567e-15
-7.261791e-17
-2.939999e-11
3.212747e-14
4.105724e-16
-2.499078e-11
-1.496278e-14
-1.547533e-16
-2.038915e-11
2.653278e-14
3.42327e-16
-1.298238e-11
-3.624441e-15
-2.025022e-16
-6.430251e-13
5.201126e-11
-9.7405e-13
2.490767e-10
-1.659064e-11
-4.942882e-13
2.577634e-13
-1.959674e-11
-4.666389e-13
3.140246e-14
-2.273347e-11
-1.065394e-13
2.704168e-14
-2.658539e-11
-4.129327e-13
2.226811e-14
-2.688626e-11
-2.230179e-12
2.493083e-15
-3.074648e-11
4.663538e-13
1.507082e-15
-2.916699e-11
3.951793e-13
-5.937845e-16
-3.098091e-11
2.943265e-14
-5.961316e-16
-3.155582e-11
-6.770889e-15
-3.036763e-16
-3.253385e-11
-2.978756e-14
-7.720282e-17
-3.33221e-11
-2.850471e-15
1.15399e-16
-2.929379e-11
7.369344e-15
-8.663521e-18
-2.536936e-11
-2.601885e-14
9.960512e-17
-2.06029e-11
1.63808e-14
3.06264e-16
-1.307638e-11
-3.707097e-14
-3.112607e-16
-4.922453e-12
-1.47208e-11
-4.510084e-12
2.040476e-13
-2.221707e-11
-3.743526e-12
2.937259e-14
-2.396976e-11
-2.95001e-12
3.276576e-14
-2.90472e-11
-2.265481e-12
2.613824e-14
-2.630152e-11
-4.833057e-12
3.802165e-14
-3.101982e-11
-1.297402e-13
-1.40978e-15
-3.248818e-11
-1.242462e-13
1.033799e-16
-3.253065e-11
8.845013e-15
2.029144e-15
-3.205281e-11
-1.761104e-13
-2.600722e-15
-3.350744e-11
-7.473075e-14
7.733035e-16
-3.312536e-11
4.333939e-15
1.02512e-16
-2.908208e-11
-7.887849e-15
-1.411262e-16
-2.539987e-11
5.879157e-15
2.156524e-16
-2.038004e-11
-8.690804e-15
-6.233566e-18
-1.319974e-11
-1.564798e-14
3.214619e-16
-9.570594e-12
-3.077322e-11
-6.97397e-12
3.712993e-14
-3.26758e-11
-5.475439e-12
3.518759e-14
-3.202758e-11
-4.386517e-12
3.469783e-14
-3.172207e-11
-6.552636e-12
5.387053e-14
-3.680515e-11
-1.303976e-13
1.92202e-15
-3.238752e-11
-2.710239e-13
-2.417136e-15
-3.341938e-11
-4.070372e-14
1.744968e-15
-3.2383e-11
-1.42183e-13
2.378854e-15
-3.272378e-11
2.063362e-13
2.601142e-16
-3.295681e-11
-5.690299e-15
-8.417958e-17
-2.926711e-11
-2.324886e-14
-7.173372e-17
-2.551389e-11
6.116549e-15
3.677337e-17
-2.068017e-11
-1.127698e-14
2.904603e-17
-1.327003e-11
4.268438e-15
7.810294e-17
-9.682356e-12
-5.40016e-11
-4.894611e-12
3.830757e-14
-4.455578e-11
-1.99756e-12
3.284893e-14
-4.041847e-11
-3.960886e-12
4.223417e-14
-3.2112e-11
8.53828e-14
1.544457e-17
-3.084496e-11
-2.272479e-13
-6.719603e-16
-3.27473e-11
6.347913e-14
1.163215e-15
-3.23288e-11
-1.481083e-13
-5.891852e-16
-3.317399e-11
-2.608337e-13
7.580321e-16
-3.317999e-11
-1.030483e-14
3.353115e-17
-2.956888e-11
-5.24468e-14
-4.028009e-16
-2.586775e-11
-4.433009e-15
3.528399e-16
-2.074745e-11
-1.428657e-14
1.089842e-16
-1.339693e-11
-1.281005e-14
1.080702e-16
1.776894e-12
-7.495791e-11
3.268147e-12
5.042161e-14
-5.231467e-11
1.36046e-12
4.575912e-14
-3.371916e-11
-2.863022e-13
4.866697e-16
-3.250499e-11
-3.399942e-13
5.223882e-16
-3.250417e-11
-1.611131e-13
-6.34471e-16
-3.29775e-11
-2.444041e-13
1.170532e-16
-3.404099e-11
-1.751035e-13
7.841089e-16
-3.325733e-11
-2.954637e-14
1.123751e-16
-2.966959e-11
-3.274387e-14
3.17964e-17
-2.579718e-11
7.435985e-15
4.854392e-17
-2.07025e-11
-2.342175e-14
-3.301757e-17
-1.347218e-11
-2.381849e-14
5.92799e-17
2.342748e-11
-4.011119e-11
2.063899e-11
1.427903e-14
-3.09861e-11
-1.493198e-13
1.843388e-15
-3.214137e-11
-5.042626e-13
-3.53717e-15
-3.604341e-11
-3.596215e-13
2.1655e-15
-3.296157e-11
-2.473382e-13
1.901918e-15
-3.441706e-11
1.415744e-13
5.206172e-15
-3.263287e-11
-7.798977e-14
-1.087305e-15
-3.145068e-11
-5.504889e-14
2.162693e-16
-2.629128e-11
-1.84434e-14
4.037828e-16
-2.085827e-11
-2.573883e-14
-5.407209e-17
-1.348043e-11
-3.809844e-14
2.512991e-17
2.604702e-11
-3.314974e-11
-5.175612e-13
2.18662e-15
-3.628244e-11
-1.264777e-14
3.529039e-15
-3.212667e-11
-1.587165e-13
-1.507244e-16
-3.427281e-11
-5.477927e-13
-4.004136e-15
-3.774718e-11
-1.935454e-13
4.491339e-15
-3.436753e-11
-6.093065e-14
-1.434869e-16
-3.073372e-11
-3.885009e-14
-5.955437e-16
-2.765623e-11
1.240903e-14
7.417351e-16
-2.159235e-11
-2.738547e-14
6.238866e-17
-1.375084e-11
1.059196e-14
1.031635e-16
-5.28942e-13
-4.185176e-11
-4.845503e-14
8.807659e-15
-3.268268e-11
-3.82963e-13
-1.303295e-15
-3.685577e-11
2.738171e-13
4.697297e-15
-3.174092e-11
-1.9778e-13
-6.66709e-15
-3.421487e-11
-3.2365e-15
7.348363e-16
-3.062847e-11
4.531935e-15
1.774673e-16
-2.705218e-11
7.141591e-14
3.167762e-17
-2.157174e-11
5.915706e-14
3.931689e-16
-1.370273e-11
-3.550516e-14
-5.655105e-16
4.639703e-13
-3.472563e-11
-4.258093e-13
-4.360789e-16
-3.514471e-11
3.747826e-13
4.326906e-15
-3.415852e-11
-8.641065e-13
-4.716575e-15
-3.519486e-11
2.455308e-14
3.718673e-16
-3.0951e-11
-3.168343e-14
1.984557e-16
-2.64661e-11
-1.259449e-15
4.601506e-16
-2.17047e-11
-6.178396e-15
1.662541e-16
-1.401527e-11
-7.123889e-15
3.669412e-16
1.68491e-13
-3.359409e-11
1.165279e-13
2.877129e-16
-3.328557e-11
-1.554493e-13
2.882574e-15
-3.449767e-11
8.085382e-15
-3.715355e-16
-3.086397e-11
6.974083e-14
8.440111e-16
-2.592627e-11
4.783936e-15
-4.693284e-16
-2.149334e-11
-1.141628e-14
3.101226e-16
-1.385675e-11
3.276243e-14
2.531433e-16
5.907026e-14
-6.873127e-12
3.637983e-14
-1.306299e-11
6.681492e-15
-1.86904e-11
3.306132e-14
-2.422373e-11
1.057792e-13
-3.61544e-11
7.691751e-15
-2.926653e-11
6.118738e-17
-3.10966e-11
-3.863409e-15
-3.416278e-11
-3.240601e-15
-3.496216e-11
2.134569e-15
-3.344645e-11
4.745245e-16
-2.917994e-11
-6.886202e-16
-2.650638e-11
1.329778e-16
-2.097322e-11
4.012036e-16
-1.339568e-11
1.146928e-16
-6.437923e-12
-2.240619e-14
-7.256276e-12
-5.927769e-12
5.507203e-14
-1.313371e-11
-5.975945e-12
3.51641e-14
-2.084689e-11
-5.477065e-12
1.093328e-14
-2.544855e-11
-5.049087e-12
3.481512e-14
-2.863852e-11
3.472035e-13
-2.716755e-15
-3.057807e-11
-1.746719e-13
1.528023e-15
-3.091306e-11
-5.001137e-13
-2.009382e-15
-3.384472e-11
4.472049e-14
9.842653e-17
-3.340427e-11
4.415423e-13
3.525412e-15
-3.347804e-11
1.863111e-14
3.678702e-17
-3.0016e-11
3.734965e-15
3.46254e-16
-2.54555e-11
1.816851e-14
-5.655336e-16
-2.106974e-11
1.711217e-14
-1.176935e-17
-1.355066e-11
-4.077401e-14
2.598843e-16
-1.454795e-11
2.299425e-14
-9.615641e-12
-1.176308e-11
-1.691659e-14
-1.452607e-11
-1.32072e-11
4.59513e-14
-1.989191e-11
-1.360249e-11
3.575322e-14
-2.300373e-11
-8.806424e-12
1.869682e-14
-3.47201e-11
-2.567399e-13
-3.087006e-15
-3.189095e-11
-2.877629e-13
-2.910454e-16
-3.477896e-11
-4.881101e-13
-2.629822e-15
-3.704622e-11
-1.259235e-13
7.320625e-15
-3.35986e-11
-1.473319e-13
-1.689009e-15
-3.475015e-11
1.13403e-14
2.533615e-16
-2.96536e-11
4.366952e-14
3.134136e-16
-2.506102e-11
1.086007e-14
-1.446759e-17
-2.02348e-11
3.875339e-14
-3.525196e-16
-1.330304e-11
6.51908e-14
4.233633e-16
-2.297865e-11
2.935089e-14
-1.198024e-11
-1.900398e-11
1.483363e-14
-1.493966e-11
-1.889577e-11
-8.935839e-15
-1.918751e-11
-1.526622e-11
6.751985e-14
-3.265981e-11
-1.610341e-11
4.02388e-14
-4.342004e-11
4.619195e-14
4.89125e-15
-3.106733e-11
-1.845972e-13
-6.301561e-15
-3.507794e-11
-1.466406e-14
4.468857e-16
-3.495992e-11
3.884591e-13
1.669573e-16
-3.400806e-11
5.230892e-14
1.592149e-15
-3.413217e-11
2.335209e-14
4.028216e-16
-3.025385e-11
-1.135836e-15
-1.843483e-16
-2.631195e-11
-4.297722e-14
2.374782e-16
-2.084532e-11
-7.023018e-14
-2.797077e-16
-1.370727e-11
4.176971e-14
6.904351e-16
-3.519246e-11
2.405756e-14
-2.52105e-11
-2.27557e-11
2.835421e-14
-3.313003e-11
-2.545034e-11
2.014584e-14
-3.53542e-11
-2.027837e-11
1.021396e-14
-3.777795e-11
-2.582843e-11
-4.563681e-15
-2.621306e-11
7.576092e-13
7.265016e-17
-3.035497e-11
-6.480876e-14
-5.040443e-16
-3.529553e-11
3.97868e-13
-4.093907e-17
-3.386923e-11
3.530961e-13
1.828651e-15
-3.629147e-11
4.723777e-13
5.813565e-16
-3.319847e-11
3.455967e-14
-2.582082e-16
-2.910658e-11
-3.274121e-14
-1.639609e-16
-2.589295e-11
7.011469e-14
8.027792e-16
-2.068476e-11
-7.412048e-14
-1.121782e-15
-1.372799e-11
1.746257e-14
3.065816e-16
2.604666e-11
1.57433e-10
-3.058044e-11
1.504221e-10
-6.488568e-11
1.316193e-10
-9.543746e-11
1.020636e-10
-1.311525e-10
5.777724e-11
-1.858123e-10
-6.01434e-11
9.018054e-14
-1.280912e-10
-3.092507e-11
2.420334e-14
-9.407893e-11
-2.912023e-11
3.295324e-14
-6.980987e-11
-2.163196e-11
2.752203e-14
-5.111586e-11
-2.314452e-11
9.673049e-15
-3.092914e-11
-1.733828e-13
9.189247e-16
-3.460222e-11
-7.11037e-15
5.152463e-16
-3.332027e-11
9.470146e-14
-2.241831e-16
-3.297707e-11
3.484886e-13
-7.344619e-16
-3.284979e-11
3.505932e-13
1.179568e-15
-3.346119e-11
1.546362e-14
2.259196e-19
-2.962654e-11
2.589226e-14
1.638861e-17
-2.55071e-11
7.595014e-14
1.955103e-16
-2.02678e-11
-4.037952e-14
-4.206662e-16
-1.339457e-11
1.132821e-13
2.809711e-16
-3.08156e-12
9.027682e-11
-9.906691e-12
3.819817e-10
-1.074877e-11
-1.865318e-11
3.296292e-10
-6.352394e-11
-3.032032e-11
2.440974e-10
-8.602789e-11
-5.139906e-11
1.252562e-10
-6.717793e-11
-2.644643e-12
1.642429e-13
-5.565914e-11
2.737774e-12
3.254753e-14
-5.117165e-11
-2.994022e-12
2.623974e-14
-4.462962e-11
-5.781838e-12
1.584982e-14
-3.827203e-11
-1.001674e-12
1.772142e-14
-3.294612e-11
3.111872e-13
6.676376e-16
-3.122987e-11
4.749541e-13
1.81888e-15
-3.048847e-11
3.394018e-13
-5.589545e-16
-3.142252e-11
7.538796e-14
-4.855597e-16
-3.296811e-11
1.88301e-13
5.796998e-16
-3.294229e-11
6.47402e-15
9.65386e-17
-2.941171e-11
2.176943e-14
-1.421444e-16
-2.558927e-11
4.587723e-14
1.650006e-16
-2.043264e-11
1.371139e-16
-2.250789e-16
-1.324001e-11
3.82964e-14
2.434963e-16
-4.78312e-12
1.133635e-10
-2.066709e-11
4.869735e-10
3.002704e-12
-3.235118e-11
3.541674e-10
-3.426135e-11
-2.734258e-11
1.733379e-10
-3.180848e-11
8.234318e-12
2.189806e-13
-3.222087e-11
6.969198e-12
2.590191e-14
-3.234352e-11
4.033725e-12
3.324354e-14
-3.404799e-11
1.486363e-12
2.524888e-14
-3.414973e-11
8.144096e-12
5.554986e-14
-3.004581e-11
2.098719e-13
3.125636e-16
-3.080215e-11
4.781372e-14
-4.064451e-17
-3.154542e-11
-1.23009e-13
4.722034e-16
-3.314339e-11
8.967108e-15
-4.836594e-16
-3.24008e-11
8.044495e-14
-1.69734e-15
-3.276378e-11
-6.439964e-15
-9.559238e-17
-2.96548e-11
3.714541e-15
2.850162e-16
-2.537806e-11
2.679236e-14
2.686586e-16
-2.049059e-11
2.637678e-14
2.431e-16
-1.314355e-11
3.444199e-14
-7.708762e-17
-4.966362e-12
9.85131e-11
-1.800262e-11
4.460199e-10
7.916693e-13
-1.150334e-11
2.117067e-10
-1.950197e-11
7.270714e-12
2.523906e-13
-2.326429e-11
5.731613e-12
2.913024e-14
-2.484706e-11
4.373735e-12
2.393547e-14
-2.690985e-11
1.557449e-12
3.369699e-14
-2.695554e-11
7.341341e-12
2.4639e-14
-2.995128e-11
-9.750255e-14
6.014306e-16
-3.230561e-11
-5.413981e-14
6.505124e-16
-3.210459e-11
-9.819374e-14
-2.134263e-15
-3.35939e-11
1.067709e-13
2.615877e-15
-3.234632e-11
-1.669188e-13
-2.074299e-15
-3.329532e-11
4.479539e-15
1.532496e-16
-2.933352e-11
3.205942e-14
2.486248e-16
-2.530231e-11
4.127772e-14
3.468578e-16
-2.018873e-11
-2.81018e-16
-1.587769e-16
-1.317008e-11
3.215352e-15
8.592924e-17
-2.394925e-12
5.159483e-11
-2.177415e-12
2.490524e-10
-1.642572e-11
3.61417e-12
2.583083e-13
-2.051858e-11
2.756479e-12
3.205489e-14
-2.293701e-11
1.909811e-12
2.50906e-14
-2.544421e-11
1.414045e-12
2.501744e-14
-2.749303e-11
2.95349e-12
4.518982e-14
-3.339194e-11
-2.354338e-13
-1.510812e-15
-3.592833e-11
-1.125597e-13
-5.518808e-16
-3.443589e-11
3.310398e-14
4.568191e-15
-3.264562e-11
2.292602e-13
1.658014e-16
-3.233567e-11
-7.051068e-14
-4.503701e-16
-3.324335e-11
2.533635e-14
8.90399e-17
-2.917833e-11
6.901797e-15
-4.118504e-17
-2.540755e-11
3.421538e-14
4.235652e-16
-2.018314e-11
-1.520609e-14
-1.584489e-16
-1.315848e-11
2.769581e-14
3.570912e-16
-1.004353e-12
-1.178513e-11
-3.549152e-13
2.101231e-13
-2.057141e-11
-5.617087e-13
2.788276e-14
-2.278747e-11
-5.846032e-13
3.229433e-14
-2.516864e-11
5.445015e-13
2.115144e-14
-2.957996e-11
2.989056e-13
2.972382e-14
-3.239502e-11
1.62357e-13
9.052822e-18
-3.096219e-11
4.31737e-13
1.185958e-15
-2.990598e-11
4.171981e-13
-3.93049e-16
-3.158562e-11
7.169245e-14
-2.589434e-16
-3.217069e-11
-8.619448e-14
-5.153068e-16
-3.283689e-11
-4.039117e-15
6.375266e-20
-2.95838e-11
2.030112e-16
9.737926e-17
-2.534294e-11
7.093909e-15
-5.852395e-18
-2.044787e-11
-2.627776e-14
1.145546e-16
-1.326448e-11
1.693578e-14
3.164907e-16
-5.45167e-12
-1.850611e-11
-3.618268e-12
3.318811e-14
-2.559054e-11
-2.997568e-12
2.973598e-14
-2.649883e-11
-1.408423e-12
5.266922e-14
-3.224143e-11
-7.151218e-12
1.704375e-14
-2.60347e-11
4.766585e-16
-2.521486e-15
-3.108336e-11
-1.269746e-13
-9.495455e-16
-3.272378e-11
-8.913807e-14
1.447059e-16
-3.271306e-11
-1.048363e-14
1.917015e-15
-3.249432e-11
-1.124067e-13
-2.956499e-15
-3.343137e-11
-7.883697e-15
4.744862e-17
-2.951849e-11
9.595838e-16
1.563333e-16
-2.521124e-11
-8.498062e-15
-1.469595e-16
-2.049202e-11
6.728222e-15
2.241136e-16
-1.317388e-11
-9.48809e-15
-1.097285e-17
-7.995934e-12
-3.244932e-11
-5.652657e-12
3.528035e-14
-3.198415e-11
-2.791679e-12
4.065647e-14
-3.138127e-11
-5.4298e-12
2.505285e-14
-3.057137e-11
-5.462916e-13
-2.667052e-15
-3.614021e-11
-1.509173e-13
2.373134e-15
-3.254526e-11
-2.426945e-13
-2.143159e-15
-3.326709e-11
-6.840306e-14
1.082506e-15
-3.270663e-11
-1.178456e-13
2.403801e-15
-3.310425e-11
1.855877e-14
3.699517e-17
-2.935294e-11
6.061888e-16
-8.430973e-17
-2.535424e-11
-2.345053e-14
-7.939162e-17
-2.059147e-11
7.090024e-15
4.459305e-17
-1.334174e-11
-1.210935e-14
2.446806e-17
-6.147044e-12
-4.614638e-11
-2.352439e-12
3.509397e-14
-3.911608e-11
-8.322092e-12
5.050098e-14
-3.103458e-11
-2.868939e-13
6.665563e-16
-3.221299e-11
8.366935e-14
6.972931e-17
-3.1419e-11
-1.916719e-13
-9.332989e-16
-3.288538e-11
-2.124977e-14
1.021773e-15
-3.283395e-11
-1.314614e-13
-5.494908e-16
-3.34316e-11
-2.572112e-14
9.225023e-17
-2.957184e-11
-9.291907e-15
5.490531e-17
-2.56073e-11
-5.544015e-14
-4.347417e-16
-2.085764e-11
-3.95793e-15
3.769576e-16
-1.340916e-11
-1.497553e-14
1.079186e-16
2.537395e-12
-5.432372e-11
7.29474e-13
3.663972e-14
-3.273775e-11
-2.986183e-13
1.000318e-15
-3.368191e-11
-2.357305e-13
4.509665e-16
-3.29022e-11
-3.35902e-13
2.493552e-16
-3.274166e-11
-1.623506e-13
-5.479326e-16
-3.333816e-11
-2.960659e-13
1.583557e-16
-3.380921e-11
-1.676363e-14
8.725098e-17
-2.964824e-11
-2.998015e-14
1.252131e-16
-2.571633e-11
-3.356093e-14
3.100733e-17
-2.08414e-11
8.167324e-15
4.990446e-17
-1.342475e-11
-2.409911e-14
-3.570397e-17
2.322322e-11
-3.867565e-11
-2.213572e-13
3.477661e-15
-3.136298e-11
-1.005095e-13
2.332926e-15
-3.244851e-11
-5.265542e-13
-3.26406e-15
-3.500822e-11
-3.092792e-13
-8.293846e-16
-3.365788e-11
-3.427715e-13
3.102217e-15
-3.417312e-11
2.949603e-14
6.324295e-16
-2.92476e-11
-7.94513e-14
-1.028112e-15
-2.703966e-11
-6.073734e-14
2.019044e-16
-2.122773e-11
-2.286934e-14
4.080671e-16
-1.354107e-11
-2.810522e-14
-6.033413e-17
-1.543527e-13
-3.367979e-11
-4.262315e-13
2.236694e-15
-3.570397e-11
-1.590828e-13
3.099376e-15
-3.310346e-11
-2.193864e-13
-1.831054e-17
-3.44452e-11
-6.738272e-13
-2.913735e-15
-3.638428e-11
-1.2102e-14
4.282179e-16
-3.057984e-11
-6.220217e-14
-1.145996e-16
-2.65865e-11
-3.805561e-14
-6.067018e-16
-2.212895e-11
1.509107e-14
7.672621e-16
-1.392119e-11
-2.726517e-14
5.775962e-17
-5.051957e-13
-4.068004e-11
-1.089179e-13
9.249815e-15
-3.334087e-11
-1.682297e-13
-5.476374e-16
-3.66426e-11
1.600256e-13
3.958332e-15
-3.263294e-11
-1.351087e-14
-8.25256e-16
-3.050701e-11
-3.643335e-15
8.315386e-16
-2.651151e-11
6.186997e-15
2.066768e-16
-2.173651e-11
7.152952e-14
1.765805e-17
-1.39308e-11
6.005504e-14
4.028853e-16
6.120133e-13
-3.428751e-11
-3.075506e-13
8.505253e-16
-3.459941e-11
2.960803e-13
4.001974e-15
-3.431645e-11
-8.123248e-14
-6.527319e-16
-3.121683e-11
3.444575e-14
4.47993e-16
-2.675308e-11
-3.375263e-14
1.844341e-16
-2.139575e-11
-3.498237e-15
4.998262e-16
-1.400766e-11
-6.271146e-15
1.605649e-16
1.685272e-13
-3.335276e-11
5.40063e-14
-1.030483e-16
-3.378031e-11
-2.000746e-14
2.865692e-16
-3.078259e-11
7.238156e-15
-3.980459e-16
-2.671698e-11
6.982179e-14
8.744112e-16
-2.103229e-11
5.640562e-15
-4.738686e-16
-1.391258e-11
-1.19884e-14
3.215662e-16
-3.048705e-14
-6.231845e-12
6.165478e-14
-1.283753e-11
3.732751e-14
-1.918172e-11
1.560006e-14
-2.433271e-11
-3.716642e-14
-2.816286e-11
-4.501275e-15
-3.593426e-11
8.948883e-15
-3.013167e-11
-3.63926e-16
-3.146928e-11
-4.391403e-15
-3.421163e-11
-3.195041e-15
-3.454487e-11
1.624229e-16
-2.994433e-11
5.924565e-16
-2.535664e-11
-7.275253e-16
-2.129564e-11
1.374842e-16
-1.35475e-11
4.196287e-16
-7.085104e-12
2.8025e-14
-7.66958e-12
-5.539011e-12
-2.199731e-14
-1.328182e-11
-6.03038e-12
5.553432e-14
-2.04179e-11
-5.915335e-12
3.873487e-14
-2.87998e-11
-1.210101e-11
-3.988531e-14
-2.178345e-11
-5.388576e-14
-3.059134e-15
-2.941016e-11
3.502582e-13
-2.146561e-15
-3.116077e-11
-1.676849e-13
-3.760558e-16
-3.154557e-11
-5.075523e-13
-1.402902e-15
-3.401815e-11
3.302215e-14
4.792033e-16
-3.413983e-11
4.695757e-14
3.745549e-16
-2.9771e-11
3.403037e-14
8.058687e-17
-2.599904e-11
4.005799e-15
3.555733e-16
-2.059812e-11
1.985633e-14
-5.825086e-16
-1.358865e-11
1.76542e-14
-1.805504e-17
-1.396537e-11
3.167159e-14
-9.231585e-12
-1.254107e-11
2.261854e-14
-1.625859e-11
-1.241111e-11
-1.949582e-14
-2.090655e-11
-1.232573e-11
4.163067e-14
-2.286879e-11
-1.160132e-11
4.38355e-14
-2.817347e-11
-6.040124e-14
8.15686e-16
-3.518706e-11
-2.082422e-13
-2.849319e-15
-3.286434e-11
-2.607122e-13
1.230489e-15
-3.432015e-11
-6.150569e-13
-4.155513e-15
-3.596344e-11
2.622006e-14
5.38239e-15
-3.392137e-11
2.635196e-15
-7.211873e-17
-3.074183e-11
1.224154e-14
2.73663e-16
-2.575406e-11
4.190241e-14
2.95006e-16
-2.034708e-11
1.135106e-14
-1.570813e-17
-1.318272e-11
3.954517e-14
-3.671485e-16
-2.322252e-11
2.28452e-14
-1.205993e-11
-1.770233e-11
2.909616e-14
-1.724627e-11
-1.95751e-11
1.874355e-14
-2.106809e-11
-1.776643e-11
-1.464952e-14
-2.167601e-11
-1.823348e-11
6.138703e-14
-4.039671e-11
-6.386465e-13
1.607607e-15
-4.147209e-11
2.619973e-13
6.136332e-15
-3.053982e-11
-6.252496e-14
-7.592325e-15
-3.454263e-11
-5.732719e-14
7.580747e-16
-3.489752e-11
5.135101e-13
2.67944e-16
-3.429388e-11
-1.170083e-14
2.175363e-16
-3.038209e-11
1.666045e-14
3.060351e-16
-2.620056e-11
1.184077e-15
-1.675226e-16
-2.118333e-11
-4.417742e-14
2.377051e-16
-1.347707e-11
-7.260716e-14
-2.859088e-16
-3.475607e-11
4.404881e-14
-2.55076e-11
-2.323049e-11
2.365074e-14
-3.295239e-11
-2.56793e-11
3.468084e-14
-3.6811e-11
-2.36746e-11
8.304076e-16
-3.378625e-11
-2.046057e-11
2.904206e-14
-4.065321e-11
8.04316e-13
6.581658e-15
-2.734949e-11
6.929919e-13
-1.430511e-15
-3.123317e-11
-1.57933e-13
1.059487e-15
-3.486032e-11
2.097523e-13
-1.433709e-15
-3.387117e-11
4.307792e-13
2.298404e-15
-3.613967e-11
4.516808e-14
4.062713e-17
-2.947467e-11
3.953824e-14
-2.828067e-16
-2.530778e-11
-3.838275e-14
-1.738785e-16
-2.091014e-11
7.192215e-14
8.241717e-16
-1.337512e-11
-7.761898e-14
-1.163477e-15
1.338648e-11
1.597546e-10
-4.989976e-11
1.390509e-10
-9.111191e-11
1.065274e-10
-1.304685e-10
5.959605e-11
-1.845683e-10
-5.945553e-11
8.713187e-14
-1.288847e-10
-3.064259e-11
3.152686e-14
-9.4759e-11
-2.948951e-11
2.266502e-14
-6.767972e-11
-2.32724e-11
4.734021e-14
-5.256908e-11
-2.275338e-11
-4.473024e-14
-2.979571e-11
5.353547e-13
-1.617062e-15
-3.124085e-11
-2.774489e-13
7.930725e-16
-3.400792e-11
9.79229e-14
6.45367e-16
-3.328751e-11
-3.661713e-14
-3.37845e-17
-3.311099e-11
3.861319e-13
-6.321016e-16
-3.331345e-11
2.256554e-14
1.458703e-16
-2.973756e-11
1.640666e-14
-1.26334e-17
-2.565372e-11
2.942598e-14
7.455021e-18
-2.06045e-11
8.109128e-14
2.050353e-16
-1.3159e-11
-4.172971e-14
-4.392795e-16
-3.039349e-12
5.961969e-11
-1.686891e-11
3.558298e-10
-4.082978e-11
-3.032608e-11
2.605998e-10
-8.217521e-11
-5.151054e-11
1.311105e-10
-6.774123e-11
-2.930729e-12
1.704313e-13
-5.590218e-11
2.612624e-12
2.60065e-14
-5.130642e-11
-2.916643e-12
3.350933e-14
-4.430996e-11
-3.389257e-12
2.262009e-14
-3.993182e-11
-1.764603e-13
4.702512e-14
-3.04435e-11
6.630922e-14
-6.737299e-16
-3.292822e-11
2.614261e-13
4.182373e-16
-3.162592e-11
4.347895e-13
1.966708e-15
-3.126105e-11
3.611054e-13
-4.626315e-16
-3.206846e-11
8.241851e-14
-6.841367e-16
-3.314264e-11
2.707274e-14
7.937192e-17
-2.934375e-11
7.360001e-15
1.029185e-16
-2.544779e-11
2.317136e-14
-1.455428e-16
-2.062478e-11
4.75904e-14
1.65542e-16
-1.321723e-11
-7.108109e-17
-2.324601e-16
-7.573305e-12
7.045571e-11
-2.824536e-11
3.88731e-10
-2.137916e-11
-2.706833e-11
1.859568e-10
-3.131575e-11
8.27873e-12
2.254173e-13
-3.269881e-11
6.729462e-12
2.989955e-14
-3.323474e-11
3.932012e-12
2.588736e-14
-3.196051e-11
2.081322e-12
3.989826e-14
-3.469576e-11
5.39654e-12
4.720177e-14
-3.249166e-11
1.20819e-13
2.12696e-15
-3.04612e-11
2.559044e-13
5.392853e-16
-3.138945e-11
4.061631e-14
-5.351766e-17
-3.184289e-11
-8.218476e-14
-4.566496e-17
-3.31744e-11
2.176143e-15
-8.7095e-16
-3.297505e-11
4.44e-15
-7.040092e-17
-2.921733e-11
-1.337106e-14
-1.416222e-16
-2.562892e-11
3.034652e-15
2.854547e-16
-2.047419e-11
2.719448e-14
2.812692e-16
-1.322291e-11
2.755829e-14
2.529155e-16
-6.375673e-12
4.329216e-11
-8.281998e-12
2.369735e-10
-1.836512e-11
7.24506e-12
2.489639e-13
-2.30052e-11
5.732582e-12
3.07859e-14
-2.625871e-11
4.497996e-12
2.973033e-14
-2.74996e-11
2.175561e-12
3.054953e-14
-2.779652e-11
8.055973e-12
3.538774e-14
-3.232798e-11
4.570788e-14
1.430365e-15
-3.038762e-11
-1.594197e-14
6.903413e-16
-3.264972e-11
-4.773777e-14
9.474543e-16
-3.220432e-11
-1.293597e-13
-2.955075e-15
-3.339005e-11
1.046121e-13
2.587307e-15
-3.2887e-11
-1.540319e-14
-2.064981e-16
-2.961372e-11
6.226224e-15
1.540135e-16
-2.537685e-11
3.165959e-14
2.532017e-16
-2.040829e-11
4.3107e-14
3.667523e-16
-1.306264e-11
-4.286945e-16
-1.671409e-16
3.222266e-12
-1.247179e-11
3.70603e-12
2.087729e-13
-2.031019e-11
2.754929e-12
2.930906e-14
-2.384384e-11
2.284274e-12
3.380485e-14
-2.588867e-11
2.180167e-12
1.896311e-14
-2.719987e-11
3.590472e-12
3.29321e-14
-3.102899e-11
7.088982e-14
-2.269521e-15
-3.338614e-11
-2.119733e-13
-8.071129e-16
-3.550886e-11
-9.718321e-14
-6.412347e-17
-3.392692e-11
-1.771069e-14
3.139989e-15
-3.275504e-11
2.586803e-13
7.46924e-16
-3.29288e-11
-5.505165e-15
-1.857456e-17
-2.953619e-11
2.395027e-14
4.668257e-17
-2.526049e-11
7.459957e-15
-2.903922e-17
-2.046876e-11
3.645031e-14
4.382384e-16
-1.305738e-11
-1.579463e-14
-1.619395e-16
-2.868959e-13
-1.661095e-11
-3.122937e-13
2.709759e-14
-2.388553e-11
-6.896079e-13
2.716813e-14
-2.515698e-11
-5.710834e-13
3.145394e-14
-2.615427e-11
-2.019969e-12
6.664238e-14
-3.51297e-11
2.779582e-14
2.081304e-15
-3.253766e-11
1.798601e-13
-1.382164e-17
-3.113595e-11
4.918646e-13
7.199844e-16
-3.069383e-11
3.298876e-13
-2.704973e-16
-3.214905e-11
8.655186e-14
-3.025592e-16
-3.272469e-11
-1.325066e-15
-5.199568e-17
-2.923486e-11
-3.264152e-15
1.823561e-17
-2.555322e-11
6.44911e-16
8.903726e-17
-2.043228e-11
6.899491e-15
-9.011907e-18
-1.319999e-11
-2.701552e-14
1.22311e-16
-4.852798e-12
-2.162204e-11
-2.850243e-12
3.581769e-14
-2.846407e-11
-3.051914e-12
2.989979e-14
-2.635045e-11
-3.212571e-12
8.219271e-15
-3.490417e-11
4.846595e-13
4.70675e-15
-2.722667e-11
3.34417e-14
-2.239077e-15
-3.118879e-11
-1.71872e-13
-1.843016e-15
-3.308485e-11
-1.213129e-13
4.505853e-16
-3.292329e-11
-1.906989e-15
1.529127e-15
-3.287616e-11
-1.232403e-14
-2.158304e-16
-2.969365e-11
-1.430572e-14
-2.179064e-17
-2.553803e-11
-1.656589e-16
1.610325e-16
-2.036785e-11
-8.260855e-15
-1.522444e-16
-1.324029e-11
7.424807e-15
2.340328e-16
-6.09712e-12
-3.253626e-11
-4.035946e-12
4.870587e-14
-3.048063e-11
-8.657661e-12
1.740598e-14
-3.136007e-11
3.926964e-14
1.635965e-15
-3.100425e-11
-5.841229e-13
-2.432877e-15
-3.53578e-11
-1.948353e-13
1.887585e-15
-3.274056e-11
-1.929726e-13
-2.023427e-15
-3.345632e-11
-7.200517e-14
1.533484e-15
-3.304573e-11
-1.02483e-14
2.211764e-16
-2.946202e-11
1.96054e-14
4.121871e-17
-2.5426e-11
9.906293e-16
-8.641972e-17
-2.047933e-11
-2.43574e-14
-8.846329e-17
-1.331091e-11
7.692704e-15
5.073071e-17
-2.191922e-12
-4.158601e-11
-6.98105e-12
4.070193e-14
-3.174133e-11
-1.035485e-13
5.941987e-16
-3.134773e-11
-3.038031e-13
6.814122e-16
-3.229202e-11
7.84366e-14
-4.817685e-17
-3.202805e-11
-1.934528e-13
-4.582941e-16
-3.322747e-11
-4.507084e-14
7.670954e-16
-3.317863e-11
-1.370471e-14
-5.076546e-17
-2.974039e-11
-2.858105e-14
6.389718e-17
-2.563995e-11
-8.934767e-15
7.832809e-17
-2.067626e-11
-5.862506e-14
-4.647446e-16
-1.34774e-11
-3.444773e-15
3.993847e-16
-1.278547e-12
-3.005133e-11
-2.672021e-13
9.449488e-16
-3.280643e-11
-3.109638e-13
9.361424e-16
-3.362655e-11
-3.278897e-13
4.454725e-16
-3.328416e-11
-2.857333e-13
5.10581e-16
-3.305416e-11
-1.4871e-13
-5.416585e-16
-3.365608e-11
-2.973696e-14
-8.37379e-19
-3.00694e-11
-2.118834e-14
8.167859e-17
-2.570978e-11
-2.958768e-14
1.354599e-16
-2.078875e-11
-3.535663e-14
3.182729e-17
-1.349975e-11
9.851948e-15
5.18452e-17
-6.305254e-13
-3.809229e-11
-1.842276e-13
2.80242e-15
-3.181599e-11
-1.268493e-13
1.766328e-15
-3.302397e-11
-2.756123e-13
-1.326829e-15
-3.506133e-11
-4.021086e-13
1.495265e-16
-3.40928e-11
-2.415948e-14
2.061212e-16
-3.02882e-11
2.26108e-14
5.96677e-16
-2.549502e-11
-8.323441e-14
-1.044706e-15
-2.170117e-11
-6.618265e-14
2.075362e-16
-1.37331e-11
-2.479041e-14
4.205702e-16
-4.889823e-14
-3.395889e-11
-5.913391e-13
2.189884e-15
-3.564367e-11
-1.797879e-13
3.329671e-15
-3.313459e-11
-3.031313e-13
-1.170143e-16
-3.411043e-11
-5.342622e-14
-2.599017e-16
-3.203185e-11
-1.925876e-14
3.814292e-16
-2.648699e-11
-6.081367e-14
-1.346021e-16
-2.14452e-11
-3.707458e-14
-6.115966e-16
-1.419288e-11
1.752821e-14
7.965424e-16
-6.144633e-13
-3.847295e-11
4.783943e-15
7.168803e-15
-3.356733e-11
-2.788001e-13
1.904232e-15
-3.608515e-11
1.836356e-14
3.719524e-16
-2.914354e-11
-2.864991e-14
-8.904939e-16
-2.650468e-11
-4.914886e-15
8.821628e-16
-2.138739e-11
6.998742e-15
2.380481e-16
-1.400395e-11
7.371868e-14
1.236554e-17
6.364102e-13
-3.468974e-11
-3.410794e-13
7.408548e-16
-3.483814e-11
4.41149e-14
4.531362e-16
-3.048837e-11
-8.958007e-14
-6.706422e-16
-2.697108e-11
3.914275e-14
4.849564e-16
-2.156141e-11
-3.651167e-14
1.759646e-16
-1.386455e-11
-3.892589e-15
5.260768e-16
2.517256e-13
-3.41881e-11
5.218197e-15
-7.682343e-17
-3.028538e-11
-1.822352e-14
3.173975e-16
-2.664694e-11
7.465816e-15
-4.278626e-16
-2.157065e-11
7.031883e-14
8.971603e-16
-1.368651e-11
6.429066e-15
-4.834831e-16
3.131877e-14
-7.312066e-12
-3.314786e-14
-1.152131e-11
5.960692e-14
-1.894607e-11
3.9806e-14
-2.542646e-11
4.555069e-14
-3.605538e-11
4.254799e-15
-2.866763e-11
-6.335825e-15
-3.541793e-11
9.431246e-15
-3.138316e-11
6.642025e-16
-3.218485e-11
-4.425533e-15
-3.444792e-11
-2.898116e-16
-3.062173e-11
6.176563e-17
-2.599001e-11
6.320749e-16
-2.054446e-11
-7.523971e-16
-1.371162e-11
1.439214e-16
-6.541267e-12
3.662728e-14
-7.664639e-12
-6.478651e-12
2.68845e-14
-1.39256e-11
-5.969676e-12
-2.595494e-14
-1.95545e-11
-4.665932e-12
5.968289e-14
-2.840001e-11
-2.155466e-12
5.438821e-14
-3.857451e-11
7.532645e-13
8.499541e-15
-2.276225e-11
-1.070788e-13
-4.828567e-15
-3.058027e-11
3.294001e-13
-1.144257e-15
-3.150862e-11
-2.829096e-13
-8.40203e-16
-3.229187e-11
-5.845129e-13
-1.230018e-15
-3.395904e-11
-2.570355e-15
4.172972e-17
-3.042977e-11
4.746061e-14
3.859436e-16
-2.581025e-11
3.549667e-14
9.30042e-17
-2.099157e-11
4.789189e-15
3.814491e-16
-1.336834e-11
2.051647e-14
-6.030857e-16
-1.379983e-11
1.662565e-14
-9.512838e-12
-1.185464e-11
3.016776e-14
-1.531879e-11
-1.309585e-11
2.112886e-14
-2.297734e-11
-1.176066e-11
-2.375424e-14
-2.692246e-11
-1.262965e-11
8.679692e-14
-2.768973e-11
4.708278e-13
-2.330484e-15
-2.94744e-11
-2.637805e-13
4.95222e-16
-3.538322e-11
-2.29778e-13
-3.026607e-15
-3.331225e-11
-3.577537e-13
1.340212e-15
-3.436144e-11
-3.848198e-13
-4.009276e-15
-3.527521e-11
-3.208119e-15
5.702465e-16
-3.025145e-11
8.062983e-15
1.470296e-17
-2.65032e-11
1.136743e-14
2.496591e-16
-2.084706e-11
4.493337e-14
3.20471e-16
-1.324799e-11
1.189589e-14
-2.251184e-17
-2.358561e-11
5.1922e-14
-1.137503e-11
-1.811868e-11
2.397531e-14
-1.728499e-11
-1.911129e-11
2.951454e-14
-2.408229e-11
-1.959671e-11
7.211176e-15
-2.54096e-11
-1.818515e-11
3.50271e-15
-2.387668e-11
-6.773071e-13
-7.346238e-15
-3.852903e-11
-7.34477e-13
9.137709e-16
-3.889461e-11
3.637673e-13
8.163264e-15
-3.122654e-11
-4.772687e-14
-8.849313e-15
-3.458881e-11
-3.590569e-14
1.463512e-15
-3.51502e-11
3.198657e-14
3.590955e-17
-3.049387e-11
-5.204397e-16
2.198361e-16
-2.624044e-11
1.719344e-14
3.049507e-16
-2.110715e-11
4.368764e-15
-1.787022e-16
-1.365855e-11
-4.602763e-14
2.433592e-16
-3.426966e-11
2.29161e-14
-2.517627e-11
-2.262045e-11
4.684842e-14
-3.3682e-11
-2.649963e-11
1.833528e-14
-3.60408e-11
-2.329213e-11
2.002198e-14
-3.711045e-11
-2.022602e-11
3.232081e-14
-3.696488e-11
-6.300117e-13
-2.736196e-15
-3.957758e-11
7.612317e-13
7.626677e-15
-2.906878e-11
6.844306e-13
-2.085826e-15
-3.160811e-11
-2.522753e-13
8.301986e-16
-3.534206e-11
4.069503e-13
-1.024982e-15
-3.401731e-11
4.071918e-14
1.208314e-16
-3.192754e-11
5.161713e-14
1.597567e-16
-2.555258e-11
3.657706e-14
-3.058391e-16
-2.051128e-11
-4.022949e-14
-1.711978e-16
-1.351548e-11
7.337407e-14
8.582036e-16
-1.017667e-11
1.521764e-10
-8.00433e-11
1.140461e-10
-1.292036e-10
6.224579e-11
-1.848345e-10
-5.99363e-11
9.038832e-14
-1.274588e-10
-3.005362e-11
2.427844e-14
-9.622147e-11
-2.934167e-11
3.540214e-14
-6.84735e-11
-2.392604e-11
1.538606e-14
-4.728715e-11
-1.71587e-11
-1.905774e-14
-3.613994e-11
4.626968e-13
6.646997e-15
-3.03869e-11
6.670397e-13
-1.897026e-15
-3.180473e-11
-4.87364e-14
8.93576e-16
-3.370179e-11
6.037953e-14
4.162106e-16
-3.328222e-11
1.524386e-13
-1.290281e-16
-3.344382e-11
3.124701e-14
-7.637727e-17
-2.963708e-11
3.631529e-14
1.500566e-16
-2.573443e-11
1.9276e-14
-1.371063e-17
-2.070222e-11
3.372786e-14
3.860388e-18
-1.333541e-11
8.476723e-14
2.130137e-16
-7.125495e-12
1.559219e-11
-2.792249e-11
2.900841e-10
-7.076064e-11
-5.15775e-11
1.411855e-10
-6.776838e-11
-2.922808e-12
1.756425e-13
-5.642729e-11
2.421218e-12
3.031774e-14
-5.161825e-11
-3.081213e-12
2.114842e-14
-4.433258e-11
-3.633618e-12
3.715766e-14
-3.874379e-11
-6.239057e-12
4.091608e-14
-2.873797e-11
4.281988e-13
7.13659e-16
-3.087547e-11
5.200949e-14
-6.337857e-16
-3.291202e-11
2.227502e-13
6.677046e-16
-3.213507e-11
3.544922e-13
1.75623e-15
-3.188594e-11
4.708658e-13
-8.120031e-16
-3.2867e-11
-1.266484e-15
-5.431011e-17
-2.94973e-11
2.835031e-14
7.976448e-17
-2.541564e-11
6.780096e-15
1.126249e-16
-2.053251e-11
2.40162e-14
-1.489626e-16
-1.331951e-11
4.859552e-14
1.683336e-16
-1.318964e-11
1.874596e-11
-2.292524e-11
2.103149e-10
-3.109635e-11
8.069267e-12
2.240183e-13
-3.201635e-11
6.874025e-12
3.228765e-14
-3.385449e-11
3.285151e-12
2.879527e-14
-3.208835e-11
4.962824e-13
1.922303e-14
-3.041031e-11
4.781869e-12
1.604054e-14
-3.169851e-11
1.291802e-13
-4.81921e-16
-3.264616e-11
1.105977e-13
1.847992e-15
-3.088597e-11
2.108093e-13
9.517312e-16
-3.201918e-11
9.840146e-14
1.066382e-16
-3.242906e-11
-8.71766e-14
-1.128813e-16
-3.324297e-11
-7.564748e-16
-1.040706e-16
-2.936227e-11
2.659898e-15
-7.884508e-17
-2.531677e-11
-1.256174e-14
-1.36154e-16
-2.06443e-11
3.060831e-15
2.855746e-16
-1.323061e-11
2.797212e-14
2.930228e-16
2.358958e-12
-1.586787e-11
7.282749e-12
2.029431e-13
-2.177118e-11
5.692666e-12
3.270961e-14
-2.595727e-11
4.209175e-12
3.000878e-14
-2.826013e-11
2.087406e-12
1.3392e-14
-2.752225e-11
6.799659e-12
1.92634e-14
-3.114506e-11
4.072162e-14
-1.471976e-15
-3.244236e-11
9.018769e-14
1.300946e-15
-3.085746e-11
-7.41904e-14
7.250425e-16
-3.305986e-11
4.637947e-14
1.891971e-15
-3.261716e-11
-1.689886e-13
-3.071099e-15
-3.316334e-11
6.009891e-15
2.613542e-16
-2.927957e-11
-1.614962e-14
-2.243675e-16
-2.558846e-11
6.835796e-15
1.652818e-16
-2.046565e-11
3.113641e-14
2.528878e-16
-1.318098e-11
4.470906e-14
3.83206e-16
4.454475e-12
-1.687195e-11
2.885911e-12
2.602206e-14
-2.351147e-11
2.031571e-12
2.940305e-14
-2.662183e-11
4.43178e-13
3.021213e-14
-2.708245e-11
4.746053e-13
4.958717e-14
-2.987014e-11
6.248522e-14
5.527367e-16
-3.118905e-11
4.89755e-14
-1.873445e-15
-3.330467e-11
-2.386616e-13
-1.782706e-15
-3.513902e-11
-3.643691e-14
1.271619e-15
-3.384616e-11
-5.906938e-14
2.950934e-15
-3.267181e-11
2.57685e-14
2.370331e-18
-2.928451e-11
-3.701822e-15
-8.272832e-18
-2.551763e-11
2.380502e-14
3.558221e-17
-2.038695e-11
7.91324e-15
-1.971315e-17
-1.320908e-11
3.801399e-14
4.527686e-16
-2.708445e-13
-2.116965e-11
-2.925172e-13
2.585048e-14
-2.650414e-11
-1.462387e-12
2.639605e-14
-2.688499e-11
-2.103048e-12
1.276678e-14
-2.756153e-11
-6.019988e-14
-3.092133e-15
-3.464429e-11
1.362862e-14
2.04141e-15
-3.264113e-11
2.168916e-13
8.551141e-16
-3.16317e-11
4.941782e-13
6.396081e-16
-3.16247e-11
3.432884e-13
-4.859928e-16
-3.275879e-11
4.930116e-15
-3.719836e-17
-2.913856e-11
-2.737443e-15
-5.249438e-17
-2.530712e-11
-2.86156e-15
2.583898e-17
-2.057471e-11
1.251429e-15
8.345367e-17
-1.319415e-11
6.936612e-15
-1.04878e-17
-4.215786e-12
-2.353667e-11
-2.13798e-12
5.521675e-14
-3.05369e-11
-3.795041e-12
8.902267e-15
-3.16325e-11
-3.946405e-13
2.255128e-17
-3.443958e-11
4.754802e-13
4.369181e-15
-2.857419e-11
5.878079e-14
-1.896976e-15
-3.158911e-11
-2.171556e-13
-2.195157e-15
-3.325542e-11
-1.081426e-13
7.543775e-16
-3.316836e-11
-4.246854e-15
1.564202e-16
-2.929601e-11
-9.323778e-15
-1.983928e-16
-2.56573e-11
-1.505422e-14
-3.681351e-17
-2.059146e-11
-5.043226e-16
1.67989e-16
-1.318149e-11
-8.457754e-15
-1.592171e-16
-2.930546e-12
-3.18579e-11
-6.426294e-12
1.237529e-14
-3.137841e-11
4.889517e-15
1.153633e-15
-3.159246e-11
4.252738e-14
1.779053e-15
-3.15207e-11
-5.117307e-13
-2.692782e-15
-3.485441e-11
-2.332668e-13
1.832972e-15
-3.29899e-11
-1.792961e-13
-1.808074e-15
-3.355191e-11
-6.585215e-15
1.690627e-16
-2.944115e-11
-8.57179e-15
2.297552e-16
-2.550582e-11
1.89314e-14
4.772587e-17
-2.053521e-11
1.410722e-15
-8.647041e-17
-1.325584e-11
-2.534124e-14
-9.592878e-17
-1.103987e-11
-3.210068e-11
-1.778885e-13
5.723553e-16
-3.19352e-11
-1.428785e-13
5.893919e-16
-3.170459e-11
-2.724999e-13
7.266052e-16
-3.252546e-11
3.983764e-14
-1.859831e-16
-3.261792e-11
-1.81251e-13
-4.89746e-16
-3.342406e-11
2.335529e-15
1.093564e-16
-2.95549e-11
-1.350436e-14
-4.674346e-17
-2.574356e-11
-3.078356e-14
4.813514e-17
-2.071776e-11
-8.721018e-15
9.374633e-17
-1.338174e-11
-6.137729e-14
-4.913461e-16
-1.13692e-13
-3.062295e-11
-2.817094e-13
8.280307e-16
-3.286571e-11
-3.55708e-13
1.114045e-15
-3.360512e-11
-3.141152e-13
4.437361e-16
-3.350322e-11
-2.901729e-13
4.125036e-16
-3.344362e-11
-1.49921e-14
-5.356923e-17
-2.994486e-11
-3.126341e-14
7.959005e-18
-2.603091e-11
-2.290083e-14
7.603624e-17
-2.079011e-11
-3.045177e-14
1.435496e-16
-1.347572e-11
-3.631105e-14
3.247298e-17
-6.073292e-13
-3.686916e-11
-2.635115e-13
2.040333e-15
-3.238697e-11
1.649552e-14
2.726342e-15
-3.339673e-11
-4.188366e-13
-1.051365e-15
-3.528111e-11
-3.832685e-14
-4.685248e-17
-3.027424e-11
-2.739038e-14
2.318492e-16
-2.623447e-11
1.87524e-14
6.01388e-16
-2.070333e-11
-8.86552e-14
-1.067484e-15
-1.395932e-11
-6.963532e-14
2.198048e-16
-1.71213e-13
-3.390163e-11
-4.318911e-13
2.3566e-15
-3.547977e-11
-3.139913e-13
3.99754e-15
-3.327259e-11
-2.453785e-14
-9.733434e-17
-3.036589e-11
-5.673112e-14
-2.222156e-16
-2.754435e-11
-1.653627e-14
3.978639e-16
-2.137929e-11
-6.179863e-14
-1.436342e-16
-1.386481e-11
-3.652703e-14
-6.284994e-16
-4.755732e-13
-3.667205e-11
-2.352621e-13
7.945206e-15
-3.424707e-11
-2.858031e-14
9.754912e-17
-3.193275e-11
1.448985e-14
3.980709e-16
-2.549825e-11
-3.389717e-14
-9.123453e-16
-2.14264e-11
-7.226082e-15
9.199417e-16
-1.384182e-11
7.980023e-15
2.546651e-16
5.235415e-13
-3.520028e-11
-2.582276e-14
8.210992e-18
-3.111767e-11
4.247578e-14
4.983717e-16
-2.650371e-11
-8.859586e-14
-6.277604e-16
-2.172605e-11
4.2857e-14
5.106825e-16
-1.394217e-11
-3.779806e-14
1.775009e-16
2.656444e-14
-3.07085e-11
4.264758e-15
-7.014116e-17
-2.633039e-11
-1.220827e-14
3.517939e-16
-2.152311e-11
7.20151e-15
-4.392282e-16
-1.396823e-11
7.208689e-14
9.211439e-16
3.868547e-14
-6.781166e-12
3.057571e-14
-1.403362e-11
-3.573158e-14
-1.724973e-11
6.785173e-14
-2.364749e-11
1.174582e-14
-2.692585e-11
-3.775469e-15
-3.566791e-11
5.565291e-15
-2.988396e-11
-6.140329e-15
-3.475434e-11
8.267278e-15
-3.211765e-11
1.772742e-15
-3.311605e-11
-5.365284e-16
-3.067249e-11
-3.043797e-16
-2.647033e-11
7.79719e-17
-2.097875e-11
6.57648e-16
-1.334964e-11
-7.806264e-16
-6.428035e-12
3.718269e-15
-7.397143e-12
-5.694525e-12
3.780093e-14
-1.406465e-11
-6.753391e-12
2.515962e-14
-2.053989e-11
-4.332283e-12
-2.719891e-14
-2.674919e-11
-6.880444e-12
8.856853e-14
-3.412123e-11
-4.7772e-13
-2.105472e-15
-3.745018e-11
8.116762e-13
8.597678e-15
-2.466723e-11
-1.018046e-13
-4.048186e-15
-3.139243e-11
3.466866e-13
1.005572e-16
-3.21728e-11
-2.035328e-13
-1.97378e-15
-3.321883e-11
-6.227518e-14
-1.062702e-16
-3.031628e-11
-6.636966e-15
3.603238e-17
-2.62692e-11
5.011685e-14
3.771679e-16
-2.0859e-11
3.643362e-14
1.100037e-16
-1.357562e-11
4.712725e-15
3.907208e-16
-1.472945e-11
6.798377e-14
-9.181935e-12
-1.176266e-11
1.456004e-14
-1.595566e-11
-1.28239e-11
3.435401e-14
-2.193733e-11
-1.263847e-11
2.309346e-14
-3.012765e-11
-1.11175e-11
7.364317e-15
-3.316665e-11
4.597617e-13
2.48625e-15
-2.940765e-11
5.659693e-13
-1.451147e-15
-3.121561e-11
-3.862978e-13
2.663788e-17
-3.523211e-11
-2.679143e-13
-4.136597e-15
-3.30757e-11
-3.407068e-13
1.661991e-15
-3.442958e-11
-4.841953e-14
-3.216485e-16
-3.131628e-11
-6.68454e-15
4.63327e-16
-2.62487e-11
6.812261e-15
4.908546e-17
-2.131456e-11
1.115867e-14
2.406395e-16
-1.351163e-11
4.657027e-14
3.323998e-16
-2.247985e-11
1.765204e-14
-1.179574e-11
-1.857364e-11
5.292324e-14
-1.563786e-11
-1.913525e-11
2.739735e-14
-2.482449e-11
-1.64485e-11
1.797146e-14
-3.117871e-11
-1.464831e-11
3.796433e-14
-3.146189e-11
5.039429e-13
3.232815e-15
-2.551523e-11
-5.82651e-13
-5.195173e-15
-3.672211e-11
-4.126252e-13
-6.940044e-16
-3.6805e-11
4.666975e-13
7.055593e-15
-3.278022e-11
6.834022e-14
-7.103307e-15
-3.44422e-11
-6.564256e-15
2.250395e-17
-3.122147e-11
3.414983e-14
1.158977e-16
-2.635125e-11
2.827216e-15
2.507941e-16
-2.113369e-11
2.091139e-14
3.030183e-16
-1.361644e-11
5.181709e-15
-1.869709e-16
-3.472291e-11
2.397266e-14
-2.524555e-11
-2.235181e-11
2.327395e-14
-3.287764e-11
-2.511661e-11
4.330696e-14
-3.809898e-11
-2.468455e-11
2.308978e-14
-3.522911e-11
-2.053229e-11
6.083812e-14
-3.460718e-11
-1.725029e-13
3.89959e-16
-3.62171e-11
-7.318079e-13
-3.969522e-15
-3.795293e-11
6.93788e-13
7.702665e-15
-3.073455e-11
3.478468e-13
-6.265894e-16
-3.223941e-11
-1.251894e-13
5.600609e-17
-3.50308e-11
3.185636e-14
-5.472003e-17
-3.025331e-11
4.417296e-14
7.138047e-17
-2.74149e-11
5.190155e-14
1.382523e-16
-2.068224e-11
3.588326e-14
-3.06759e-16
-1.332126e-11
-4.3723e-14
-1.72803e-16
-4.885713e-11
1.293542e-10
-1.235245e-10
6.706691e-11
-1.858037e-10
-6.003758e-11
9.853802e-14
-1.276268e-10
-3.044843e-11
2.660554e-14
-9.462313e-11
-2.88942e-11
2.001993e-14
-7.044146e-11
-2.321158e-11
2.802325e-14
-4.911546e-11
-1.468405e-11
6.204047e-14
-3.908775e-11
-7.108815e-14
3.185405e-15
-3.556505e-11
4.77115e-13
5.819674e-15
-3.112269e-11
5.905488e-13
-1.375739e-15
-3.245817e-11
-1.105941e-13
5.053381e-16
-3.356295e-11
2.818401e-13
5.070064e-16
-3.335267e-11
4.52813e-15
-1.885474e-17
-2.978141e-11
4.021211e-14
-6.67479e-17
-2.565876e-11
3.87356e-14
1.634192e-16
-2.076038e-11
2.336256e-14
-1.832839e-17
-1.338784e-11
3.637944e-14
3.564741e-18
-1.634311e-11
-3.812313e-11
-4.881202e-11
1.625083e-10
-6.622294e-11
-3.142504e-12
1.817894e-13
-5.644728e-11
2.42204e-12
3.092292e-14
-5.199516e-11
-3.365293e-12
3.248731e-14
-4.505035e-11
-4.610873e-12
2.66121e-14
-3.934286e-11
-3.923246e-12
3.867368e-14
-3.040014e-11
6.780376e-13
5.39061e-16
-2.934793e-11
4.476719e-13
8.956251e-16
-3.139371e-11
6.78059e-14
-7.861353e-16
-3.302112e-11
2.704617e-13
3.997302e-16
-3.260886e-11
4.282117e-13
2.067977e-15
-3.272558e-11
3.13682e-14
-9.467738e-17
-2.930027e-11
9.707239e-16
-6.20864e-17
-2.555722e-11
2.797886e-14
8.570016e-17
-2.052435e-11
7.13339e-15
1.143442e-16
-1.327701e-11
2.44775e-14
-1.521524e-16
-8.553313e-12
-3.058405e-11
8.300006e-12
1.878392e-13
-3.195188e-11
6.616347e-12
3.549378e-14
-3.296543e-11
3.638932e-12
3.140441e-14
-3.335891e-11
1.526422e-12
2.571655e-14
-3.167574e-11
9.064977e-12
3.851077e-14
-3.297075e-11
8.176633e-14
-1.111608e-16
-3.190365e-11
1.004368e-13
-4.757677e-16
-3.272549e-11
7.208757e-14
1.627707e-15
-3.112609e-11
1.645982e-13
4.462369e-17
-3.233014e-11
1.100932e-13
1.096075e-15
-3.298257e-11
-1.172727e-14
3.486493e-17
-2.957036e-11
-2.349103e-15
-1.406906e-16
-2.54178e-11
3.094754e-15
-7.73859e-17
-2.044256e-11
-1.249509e-14
-1.369486e-16
-1.331978e-11
2.979808e-15
2.913867e-16
8.857739e-12
-1.994258e-11
5.733915e-12
2.973336e-14
-2.463246e-11
4.223589e-12
3.26213e-14
-2.821336e-11
2.387228e-12
3.40275e-14
-3.041108e-11
7.914045e-12
6.898024e-14
-3.55305e-11
1.169488e-13
1.962468e-15
-3.143311e-11
8.823256e-14
-1.467507e-15
-3.268935e-11
2.71652e-14
1.099499e-15
-3.113966e-11
-1.269962e-13
-4.429396e-16
-3.307179e-11
3.581713e-14
2.42814e-15
-3.298313e-11
-1.574776e-14
-2.893956e-16
-2.952465e-11
3.549087e-15
2.699118e-16
-2.53516e-11
-1.554383e-14
-2.280559e-16
-2.060902e-11
7.106134e-15
1.647418e-16
-1.321745e-11
3.144601e-14
2.598943e-16
3.626895e-12
-2.07527e-11
2.182598e-12
2.642026e-14
-2.604289e-11
1.196944e-12
3.251485e-14
-2.941113e-11
3.81075e-12
2.590137e-14
-3.331678e-11
2.844829e-13
1.297542e-15
-3.049815e-11
7.096433e-14
9.366567e-16
-3.148669e-11
5.075769e-14
-2.493453e-15
-3.320258e-11
-3.166841e-13
-1.959584e-15
-3.444211e-11
4.580449e-14
9.074312e-16
-3.382281e-11
-1.369645e-15
3.77253e-16
-2.909716e-11
2.836793e-14
2.565094e-17
-2.533861e-11
-3.379021e-15
-1.206479e-17
-2.055233e-11
2.313388e-14
2.812001e-17
-1.317415e-11
8.249048e-15
-1.845103e-17
-2.327435e-13
-2.515585e-11
6.031669e-13
4.176358e-14
-2.943723e-11
1.586757e-12
2.47837e-14
-3.240893e-11
3.587865e-13
4.408409e-15
-2.848069e-11
-9.941895e-14
-3.028507e-15
-3.413519e-11
-1.085808e-14
1.600536e-15
-3.267832e-11
2.30897e-13
6.284011e-16
-3.245642e-11
5.682574e-13
7.343823e-16
-3.25703e-11
3.93427e-14
-3.071016e-17
-2.916992e-11
5.680031e-15
-4.497849e-17
-2.523376e-11
-3.052615e-15
-5.044461e-17
-2.042482e-11
-2.643653e-15
2.862989e-17
-1.326982e-11
1.509348e-15
8.4372e-17
-4.194014e-12
-2.24194e-11
-6.253278e-12
1.687525e-15
-3.107256e-11
1.045159e-13
1.990839e-15
-3.189222e-11
-4.024631e-13
-2.40872e-16
-3.390296e-11
4.543578e-13
3.827502e-15
-2.975955e-11
1.132228e-13
-1.148122e-15
-3.235619e-11
-2.056696e-13
-1.866062e-15
-3.331943e-11
-1.010854e-14
5.790909e-17
-2.952478e-11
-5.323156e-15
1.409805e-16
-2.538421e-11
-9.047491e-15
-1.901066e-16
-2.066664e-11
-1.57135e-14
-4.443549e-17
-1.329962e-11
-4.383493e-16
1.746647e-16
-9.608107e-12
-3.357967e-11
-1.265285e-14
1.612064e-15
-3.165349e-11
-2.871597e-14
8.06613e-16
-3.190849e-11
1.915037e-15
1.6204e-15
-3.198809e-11
-5.366197e-13
-2.07708e-15
-3.445233e-11
-2.167206e-13
1.537027e-15
-3.322957e-11
-2.265058e-14
-2.240724e-16
-2.983588e-11
-6.115107e-15
1.781513e-16
-2.550323e-11
-8.545009e-15
2.304497e-16
-2.058972e-11
1.914232e-14
5.66863e-17
-1.328955e-11
1.799089e-15
-8.917353e-17
-1.081855e-13
-3.214097e-11
-1.99879e-13
3.077497e-16
-3.217089e-11
-1.173435e-13
7.804034e-16
-3.218044e-11
-2.511222e-13
8.155615e-16
-3.286589e-11
4.684319e-14
-1.196216e-16
-3.322236e-11
-2.089512e-14
-6.915933e-17
-2.974499e-11
2.133892e-15
1.096031e-16
-2.563259e-11
-1.353858e-14
-3.345648e-17
-2.077813e-11
-3.188014e-14
3.964104e-17
-1.341318e-11
-8.606737e-15
1.017964e-16
-8.610252e-14
-3.130681e-11
-2.715972e-13
1.042947e-15
-3.30808e-11
-2.933478e-13
8.909166e-16
-3.358366e-11
-4.814084e-13
4.648556e-16
-3.369057e-11
-2.845411e-14
4.787818e-17
-2.980713e-11
-1.807608e-14
-5.82975e-17
-2.59361e-11
-3.069085e-14
1.902853e-17
-2.101138e-11
-2.448224e-14
7.545029e-17
-1.348083e-11
-3.13141e-14
1.498649e-16
-5.843348e-13
-3.560788e-11
-1.763778e-13
2.103819e-15
-3.310214e-11
-1.95474e-13
1.732202e-15
-3.356778e-11
-3.567559e-14
-1.588331e-16
-3.134158e-11
-4.361725e-14
4.393584e-17
-2.6197e-11
-3.148519e-14
2.452474e-16
-2.120664e-11
1.553105e-14
6.285317e-16
-1.347228e-11
-9.293466e-14
-1.111548e-15
-1.415333e-13
-3.446277e-11
-6.497569e-13
2.010868e-15
-3.501418e-11
-8.516312e-15
3.925227e-16
-2.977186e-11
-2.031143e-14
-9.06293e-17
-2.633099e-11
-5.53406e-14
-2.209625e-16
-2.205909e-11
-1.479726e-14
4.109378e-16
-1.383285e-11
-6.312315e-14
-1.529628e-16
-4.948675e-13
-3.621926e-11
-1.031143e-14
7.458677e-16
-3.069421e-11
-3.366022e-14
1.308059e-16
-2.750789e-11
1.123136e-14
3.650777e-16
-2.076417e-11
-3.88372e-14
-9.359838e-16
-1.388419e-11
-8.207612e-15
9.546077e-16
5.205611e-14
-3.132043e-11
-2.641715e-14
-7.532452e-19
-2.688861e-11
3.653739e-14
4.304646e-16
-2.14676e-11
-9.047769e-14
-6.013696e-16
-1.403509e-11
4.55849e-14
5.326226e-16
1.977632e-14
-2.662734e-11
6.45031e-16
-6.86493e-17
-2.133002e-11
-8.894044e-15
3.725637e-16
-1.394105e-11
7.786113e-15
-4.554024e-16
-2.519688e-15
-6.4217e-12
3.895135e-14
-1.270722e-11
3.54137e-14
-2.109167e-11
-4.753784e-14
-2.159519e-11
8.267344e-14
-2.990965e-11
-2.123957e-16
-2.769407e-11
-4.440108e-15
-3.546375e-11
6.296727e-15
-3.121137e-11
-5.147713e-15
-3.46927e-11
6.778461e-15
-3.27553e-11
1.592278e-16
-2.965095e-11
-5.085797e-16
-2.649627e-11
-3.402986e-16
-2.133411e-11
8.810203e-17
-1.357511e-11
6.807651e-16
-7.124561e-12
7.77771e-14
-7.98651e-12
-5.731336e-12
2.296179e-15
-1.344479e-11
-5.750471e-12
4.300288e-14
-2.144525e-11
-6.448806e-12
3.160981e-14
-2.698513e-11
-7.581685e-12
-6.520178e-14
-2.975271e-11
-3.038876e-13
-3.156612e-15
-3.330533e-11
-4.586182e-13
-2.468931e-15
-3.613509e-11
9.813925e-13
1.081398e-14
-2.745521e-11
-8.686082e-14
-5.105675e-15
-3.192505e-11
4.413246e-13
-1.498587e-16
-3.352278e-11
-2.772963e-14
-1.698443e-16
-2.976351e-11
-6.380983e-14
-1.261903e-16
-2.627078e-11
-4.621216e-15
6.816621e-17
-2.114259e-11
5.127329e-14
3.612717e-16
-1.351259e-11
3.73792e-14
1.209372e-16
-1.364523e-11
1.373385e-14
-8.818172e-12
-1.274301e-11
6.86264e-14
-1.536548e-11
-1.198089e-11
1.642547e-14
-2.323039e-11
-1.027607e-11
3.568084e-14
-2.849204e-11
-1.518813e-11
3.384948e-14
-2.992334e-11
-2.013892e-13
-6.835515e-16
-3.263938e-11
3.974887e-13
1.767115e-15
-3.109998e-11
4.718329e-13
-5.377594e-16
-3.270921e-11
-5.112745e-13
1.861721e-16
-3.488738e-11
-2.535366e-13
-3.333626e-15
-3.342457e-11
-3.751716e-14
1.354362e-16
-3.060613e-11
-4.157149e-14
-3.503306e-16
-2.697222e-11
-1.061418e-14
4.574701e-16
-2.118853e-11
4.086106e-15
4.888582e-17
-1.373736e-11
1.137495e-14
2.492907e-16
-2.298149e-11
2.392761e-14
-1.177966e-11
-1.72947e-11
1.927579e-14
-1.683699e-11
-2.011097e-11
5.355382e-14
-2.091355e-11
-1.6975e-11
3.278952e-14
-3.257386e-11
-1.791797e-11
1.377612e-14
-3.463596e-11
-3.138228e-15
1.556992e-15
-3.176341e-11
4.999024e-13
3.292381e-15
-2.784292e-11
-4.065603e-13
-5.718904e-15
-3.628871e-11
-3.361207e-13
1.032197e-15
-3.621786e-11
4.952922e-13
6.079977e-15
-3.381332e-11
-5.216499e-15
-7.496695e-16
-3.06134e-11
-1.198312e-14
-3.883769e-17
-2.686922e-11
3.526289e-14
9.468696e-17
-2.122554e-11
6.491955e-15
2.654311e-16
-1.364655e-11
2.286135e-14
3.165755e-16
-3.446247e-11
3.122784e-14
-2.562478e-11
-2.266703e-11
2.62793e-14
-3.308713e-11
-2.447966e-11
1.946552e-14
-3.733242e-11
-2.21745e-11
5.019586e-14
-3.923945e-11
-2.384519e-11
1.495851e-14
-2.66489e-11
-4.374475e-15
-2.465923e-15
-3.45765e-11
-1.872993e-13
9.020149e-16
-3.541787e-11
-5.284008e-13
-3.875833e-15
-3.650638e-11
4.833824e-13
6.63185e-15
-3.159471e-11
5.371731e-13
-1.150557e-16
-3.336791e-11
-2.094626e-14
6.107562e-17
-3.09865e-11
3.267093e-14
-6.815189e-17
-2.616627e-11
4.358266e-14
9.704242e-17
-2.189761e-11
5.188268e-14
1.079232e-16
-1.34114e-11
3.549129e-14
-3.174478e-16
-1.076683e-10
7.890358e-11
-1.843589e-10
-6.029742e-11
1.149186e-13
-1.285667e-10
-3.036884e-11
3.221377e-14
-9.487468e-11
-2.920121e-11
2.942371e-14
-6.891211e-11
-2.271346e-11
1.938252e-14
-5.243095e-11
-2.021012e-11
7.093509e-14
-3.332319e-11
-4.31086e-13
-2.308685e-15
-3.833575e-11
-6.740182e-14
2.805036e-15
-3.480744e-11
4.60544e-13
5.475764e-15
-3.170419e-11
5.254212e-13
-1.144965e-15
-3.280415e-11
4.684876e-14
1.145117e-15
-3.347405e-11
1.478846e-14
6.388014e-17
-2.968559e-11
8.758623e-15
-4.491152e-17
-2.578745e-11
4.446687e-14
-6.8673e-17
-2.071872e-11
4.085629e-14
1.729366e-16
-1.342158e-11
2.553877e-14
-2.074693e-17
-3.709581e-11
-6.945399e-11
-3.019541e-12
1.575441e-13
-5.476037e-11
2.110992e-12
4.096684e-14
-5.197829e-11
-3.574857e-12
3.007462e-14
-4.485966e-11
-4.968702e-12
2.488487e-14
-3.870205e-11
-8.102527e-13
2.480566e-14
-2.974376e-11
4.371743e-13
-8.478861e-16
-3.092733e-11
7.158689e-13
6.466094e-16
-2.998924e-11
4.140696e-13
4.010022e-16
-3.189067e-11
1.051452e-13
-4.016161e-16
-3.318146e-11
3.318407e-13
5.727473e-16
-3.311736e-11
4.103905e-14
2.276742e-16
-2.9192e-11
3.2231e-14
-1.042529e-16
-2.539708e-11
3.403733e-16
-6.405116e-17
-2.063081e-11
2.89175e-14
8.731675e-17
-1.328183e-11
6.80148e-15
1.170166e-16
1.009585e-11
-3.151271e-11
6.889666e-12
3.709068e-14
-3.312014e-11
3.430932e-12
3.518342e-14
-3.225401e-11
1.433659e-12
3.553549e-14
-3.261028e-11
6.351121e-12
4.261397e-14
-3.040127e-11
-9.777514e-14
-6.399261e-16
-3.290135e-11
8.690091e-14
-7.776578e-18
-3.212201e-11
8.51661e-14
-4.590819e-16
-3.303007e-11
2.017762e-13
2.370214e-15
-3.192087e-11
2.081504e-13
3.969223e-16
-3.283594e-11
7.630751e-15
2.39101e-17
-2.935365e-11
-1.132201e-14
3.162914e-17
-2.557414e-11
-2.787926e-15
-1.574214e-16
-2.051874e-11
3.369991e-15
-7.866365e-17
-1.322594e-11
-1.268444e-14
-1.391386e-16
7.470718e-12
-2.376416e-11
4.377878e-12
2.967528e-14
-2.68946e-11
2.664031e-12
4.622537e-14
-2.982333e-11
7.225904e-12
4.294143e-14
-3.413895e-11
-2.061046e-13
-1.19345e-15
-3.516353e-11
1.366353e-13
2.16057e-15
-3.18825e-11
3.64036e-14
-1.309885e-15
-3.305501e-11
1.684553e-13
1.821637e-15
-3.191961e-11
-1.079039e-13
-2.361992e-16
-3.307267e-11
2.275831e-15
1.749145e-16
-2.934224e-11
-1.840558e-14
-3.242845e-16
-2.555759e-11
2.091793e-15
2.873631e-16
-2.046568e-11
-1.567343e-14
-2.31185e-16
-1.329731e-11
7.175362e-15
1.696831e-16
2.756477e-12
-2.378345e-11
1.654785e-12
2.677461e-14
-2.721702e-11
5.150962e-12
3.585803e-14
-3.321875e-11
1.195263e-13
1.240528e-15
-3.312465e-11
3.036289e-13
6.092619e-16
-3.135231e-11
1.010927e-13
1.475276e-15
-3.191875e-11
5.407179e-14
-1.860918e-15
-3.327566e-11
-3.210822e-13
-2.523062e-15
-3.378084e-11
-6.272396e-15
9.935256e-17
-3.002202e-11
-4.887153e-15
3.76827e-16
-2.523964e-11
3.128005e-14
4.383544e-17
-2.044066e-11
-3.048336e-15
-1.681826e-17
-1.3258e-11
2.351041e-14
2.746295e-17
-8.129207e-13
-2.859782e-11
-1.153294e-12
4.402643e-14
-3.487388e-11
-4.653126e-14
9.475747e-16
-3.236338e-11
3.256831e-13
4.190657e-15
-2.952909e-11
-1.59174e-14
-2.765203e-15
-3.394351e-11
-1.687754e-14
1.427548e-15
-3.284249e-11
2.324164e-13
7.721087e-16
-3.307891e-11
5.388127e-14
6.012013e-17
-2.902817e-11
4.041066e-14
-3.430181e-17
-2.526462e-11
6.688161e-15
-4.284356e-17
-2.038199e-11
-3.495874e-15
-4.496758e-17
-1.320701e-11
-2.526669e-15
2.924881e-17
-2.508449e-12
-2.981815e-11
1.937053e-13
-1.448724e-15
-3.133565e-11
5.862635e-14
1.902829e-15
-3.217899e-11
-3.292079e-13
7.605468e-16
-3.370834e-11
4.006541e-13
3.314428e-15
-3.092003e-11
5.829295e-14
-1.222808e-15
-3.293199e-11
-2.100117e-14
-1.994208e-16
-2.962034e-11
-9.941086e-15
5.817515e-17
-2.555179e-11
-5.309886e-15
1.31768e-16
-2.049876e-11
-7.94207e-15
-1.880439e-16
-1.333667e-11
-1.620839e-14
-4.766547e-17
-3.671615e-13
-3.35107e-11
-5.721816e-14
1.194053e-15
-3.198046e-11
3.970279e-14
1.284606e-15
-3.232977e-11
-3.567127e-14
1.718468e-15
-3.250917e-11
-4.940105e-13
-2.370497e-15
-3.404195e-11
-2.109434e-14
1.608639e-16
-2.957411e-11
-2.292421e-14
-2.069213e-16
-2.579986e-11
-6.690989e-15
1.806526e-16
-2.059735e-11
-9.125238e-15
2.342177e-16
-1.331681e-11
1.969066e-14
6.127046e-17
-1.385927e-13
-3.213839e-11
-1.653428e-13
4.515495e-16
-3.249439e-11
-1.356877e-13
6.602804e-16
-3.263214e-11
-2.721354e-13
8.146694e-16
-3.333828e-11
3.07954e-15
-2.074518e-17
-2.960888e-11
-1.947153e-14
-6.47368e-17
-2.576126e-11
8.938849e-16
1.086544e-16
-2.071498e-11
-1.367839e-14
-2.767608e-17
-1.344324e-11
-3.264772e-14
3.845626e-17
-8.450815e-14
-3.21832e-11
-2.782611e-13
1.20305e-15
-3.32906e-11
-3.965617e-13
7.88743e-16
-3.365811e-11
-3.189496e-14
4.263271e-17
-3.000791e-11
-3.083467e-14
4.126041e-17
-2.583808e-11
-1.837379e-14
-6.736248e-17
-2.094848e-11
-3.13876e-14
3.041231e-17
-1.359756e-11
-2.499487e-14
7.484396e-17
-4.308648e-13
-3.516208e-11
-2.626323e-13
1.8943e-15
-3.378445e-11
-1.052034e-14
2.409007e-16
-2.999736e-11
-4.892657e-14
-1.873235e-16
-2.70175e-11
-4.7848e-14
2.191585e-17
-2.1167e-11
-3.65704e-14
2.571956e-16
-1.373033e-11
1.51746e-14
6.5294e-16
-4.611017e-13
-3.484688e-11
-4.639669e-14
2.190947e-16
-3.104518e-11
-8.444234e-15
3.520068e-16
-2.590043e-11
-2.113596e-14
-6.036488e-17
-2.127339e-11
-5.47793e-14
-2.199976e-16
-1.416014e-11
-1.356425e-14
4.222193e-16
-3.878738e-14
-3.244327e-11
-2.755199e-14
7.525756e-16
-2.661756e-11
-3.097699e-14
1.710663e-16
-2.207228e-11
8.918543e-15
3.46385e-16
-1.354827e-11
-4.199508e-14
-9.662997e-16
6.132565e-14
-2.703684e-11
-2.230792e-14
2.560475e-17
-2.166532e-11
3.164741e-14
3.878773e-16
-1.391729e-11
-9.301839e-14
-6.086771e-16
1.78155e-14
-2.151272e-11
-2.187694e-15
-7.79768e-17
-1.385579e-11
-7.459437e-15
3.895011e-16
8.104941e-14
-7.513549e-12
-5.445458e-15
-1.210616e-11
4.774481e-14
-1.870767e-11
3.958638e-14
-2.781585e-11
-4.278397e-14
-2.841274e-11
-2.075536e-15
-3.063152e-11
6.299684e-16
-2.904733e-11
-5.079797e-15
-3.530204e-11
5.29358e-15
-3.189763e-11
-4.553856e-15
-3.462438e-11
7.25835e-16
-2.942804e-11
1.738867e-16
-2.580237e-11
-4.940561e-16
-2.13242e-11
-3.828533e-16
-1.376691e-11
9.867287e-17
-6.750776e-12
1.535317e-14
-6.878005e-12
-6.531119e-12
7.996196e-14
-1.458594e-11
-5.386356e-12
5.917305e-16
-2.013107e-11
-4.471104e-12
3.377301e-14
-2.764419e-11
-3.41549e-12
2.452403e-14
-3.919679e-11
-1.165475e-13
5.92677e-15
-3.030053e-11
-3.045233e-13
-2.722373e-15
-3.282908e-11
-5.033186e-13
-2.852699e-15
-3.555153e-11
9.342151e-13
9.407094e-15
-2.967085e-11
-5.755373e-14
-4.889528e-15
-3.260573e-11
4.121798e-14
1.421588e-17
-3.000298e-11
-2.591304e-14
-1.955943e-16
-2.585784e-11
-6.364781e-14
-1.283715e-16
-2.120173e-11
-4.689761e-15
7.260154e-17
-1.365566e-11
5.269117e-14
3.686954e-16
-1.361093e-11
2.521711e-14
-9.398858e-12
-1.133552e-11
1.276992e-14
-1.475685e-11
-1.294081e-11
7.761186e-14
-2.292053e-11
-1.111254e-11
1.598423e-14
-2.923815e-11
-1.938547e-11
-2.102343e-14
-2.765444e-11
2.981867e-13
-2.39015e-15
-3.039255e-11
-2.029068e-13
7.980272e-17
-3.256937e-11
2.492208e-13
6.914044e-16
-3.244674e-11
2.838818e-13
8.20071e-17
-3.313044e-11
-3.840751e-13
-1.087837e-15
-3.399895e-11
-3.12592e-14
-3.144572e-16
-2.994578e-11
-3.236705e-14
2.120036e-16
-2.644278e-11
-4.233644e-14
-3.359233e-16
-2.164634e-11
-1.296306e-14
4.473989e-16
-1.369429e-11
3.090925e-15
4.44335e-17
-2.289333e-11
2.689092e-14
-1.162645e-11
-1.811406e-11
2.300343e-14
-1.635153e-11
-1.845417e-11
1.523533e-14
-2.288208e-11
-1.869746e-11
4.850443e-14
-2.458178e-11
-1.78149e-11
4.64631e-14
-3.940107e-11
-2.238504e-13
5.743928e-15
-3.422527e-11
-1.57506e-15
6.596821e-16
-3.220071e-11
5.463059e-13
1.253702e-15
-2.98298e-11
-2.772415e-13
-4.969459e-15
-3.603445e-11
-2.770048e-13
1.711037e-15
-3.570485e-11
4.30305e-14
5.936422e-16
-3.010581e-11
2.361383e-15
-7.239246e-16
-2.643829e-11
-1.015043e-14
-3.009274e-17
-2.156555e-11
3.720394e-14
9.050684e-17
-1.370258e-11
7.460031e-15
2.763208e-16
-3.48327e-11
4.882775e-14
-2.55598e-11
-2.254522e-11
3.074846e-14
-3.349915e-11
-2.497127e-11
2.424225e-14
-3.741045e-11
-2.18691e-11
3.115275e-14
-3.831324e-11
-2.184709e-11
3.694653e-14
-3.809636e-11
6.412482e-13
4.867416e-15
-2.855116e-11
6.773492e-14
-2.050164e-15
-3.433413e-11
-1.32914e-13
3.474292e-16
-3.485191e-11
-5.512723e-13
-2.893137e-15
-3.572068e-11
5.769889e-13
4.669028e-15
-3.249982e-11
4.185262e-14
-6.04696e-17
-2.988274e-11
-1.329601e-14
1.662173e-16
-2.670879e-11
3.144624e-14
-1.12239e-16
-2.11007e-11
4.626375e-14
1.390096e-16
-1.399546e-11
5.223946e-14
8.830895e-17
-1.935504e-10
-5.983667e-11
1.101377e-13
-1.274251e-10
-3.079455e-11
5.281034e-14
-9.572291e-11
-2.956484e-11
3.200334e-14
-6.898412e-11
-2.331452e-11
2.572823e-14
-5.077656e-11
-2.16677e-11
3.443923e-14
-3.19372e-11
3.598119e-13
-2.914924e-15
-3.334444e-11
-4.324271e-13
-2.010886e-15
-3.755752e-11
-3.997871e-14
4.475297e-15
-3.429351e-11
4.165729e-13
4.944779e-15
-3.216309e-11
5.551136e-13
-1.588522e-15
-3.331273e-11
-6.312489e-15
9.50504e-17
-2.979616e-11
3.261409e-14
7.446036e-17
-2.570851e-11
7.217059e-15
-5.083977e-17
-2.081042e-11
4.939651e-14
-7.588115e-17
-1.341054e-11
4.17966e-14
1.819219e-16
-1.661166e-12
-5.742422e-11
2.236982e-12
4.359874e-14
-5.013363e-11
-3.49074e-12
4.163629e-14
-4.515186e-11
-3.44876e-12
2.986877e-14
-4.017114e-11
-1.002519e-12
3.114375e-14
-3.172811e-11
3.29439e-13
1.007288e-15
-3.035505e-11
4.190217e-13
-9.153108e-16
-3.150562e-11
7.071224e-13
9.064438e-16
-3.067493e-11
4.237626e-13
5.228161e-16
-3.231692e-11
1.161232e-13
-4.580822e-16
-3.33237e-11
2.461964e-14
4.593267e-17
-2.948983e-11
4.261575e-14
2.208692e-16
-2.531672e-11
3.275806e-14
-1.026074e-16
-2.0527e-11
6.032521e-16
-6.799633e-17
-1.334219e-11
2.929155e-14
8.9832e-17
8.770826e-12
-3.279026e-11
3.753548e-12
3.713803e-14
-3.257241e-11
2.330115e-13
3.818139e-14
-2.997594e-11
3.454506e-12
2.189083e-14
-2.911437e-11
6.30895e-14
-5.169015e-17
-3.081568e-11
-6.992266e-14
-3.788322e-16
-3.28841e-11
7.419423e-14
-1.226769e-16
-3.232208e-11
2.028721e-14
-5.314046e-16
-3.316347e-11
1.269623e-13
2.017318e-15
-3.269851e-11
1.943466e-14
5.396035e-17
-2.928329e-11
7.283051e-15
4.181229e-17
-2.541403e-11
-1.081564e-14
3.679995e-17
-2.061901e-11
-3.353707e-15
-1.730809e-16
-1.326964e-11
3.260188e-15
-8.013352e-17
5.967567e-12
-2.698708e-11
2.776345e-12
4.504178e-14
-2.81706e-11
5.730055e-12
5.02821e-15
-3.06792e-11
-9.799445e-14
-1.829876e-15
-3.399643e-11
-2.036823e-13
-1.160983e-15
-3.460493e-11
8.513094e-14
1.637014e-15
-3.217177e-11
2.274427e-14
-1.232791e-15
-3.319443e-11
1.570985e-13
2.253467e-15
-3.280921e-11
-7.476633e-15
-2.298898e-17
-2.943437e-11
1.963481e-15
2.031533e-16
-2.539532e-11
-2.076419e-14
-3.553031e-16
-2.061063e-11
9.424749e-16
2.969773e-16
-1.323049e-11
-1.596652e-14
-2.371443e-16
2.207324e-12
-2.694814e-11
2.79125e-12
3.647199e-14
-3.135129e-11
-2.316352e-13
-6.920431e-16
-3.319418e-11
1.408745e-13
1.46357e-15
-3.301493e-11
2.349232e-13
2.199725e-16
-3.186464e-11
8.852827e-14
1.171121e-15
-3.23536e-11
8.800948e-14
-1.454005e-15
-3.339124e-11
-3.456577e-14
-2.185284e-16
-3.002293e-11
-6.006715e-15
8.903599e-17
-2.589959e-11
-6.703183e-15
3.705203e-16
-2.039561e-11
3.32442e-14
6.178296e-17
-1.321036e-11
-3.264152e-15
-2.192582e-17
-1.310756e-14
-3.148592e-11
-1.420847e-13
-4.395887e-15
-3.461075e-11
-5.083827e-15
9.997436e-16
-3.244287e-11
3.072358e-13
4.167362e-15
-3.036857e-11
8.997966e-15
-2.803756e-15
-3.37095e-11
-8.124986e-15
1.758268e-15
-3.311627e-11
2.32652e-14
7.938003e-17
-2.940934e-11
5.531612e-14
4.759847e-17
-2.516829e-11
4.054931e-14
-3.71264e-17
-2.040711e-11
7.511075e-15
-4.506626e-17
-1.318822e-11
-3.789352e-15
-4.295719e-17
-6.71732e-14
-3.02772e-11
1.822011e-13
-1.285391e-15
-3.163332e-11
7.42763e-14
1.52906e-15
-3.223597e-11
-3.327118e-13
6.206786e-16
-3.366491e-11
4.505955e-13
3.369893e-15
-3.225559e-11
8.464131e-15
-1.664902e-16
-2.932086e-11
-2.198389e-14
-1.744303e-16
-2.562221e-11
-9.666382e-15
6.556917e-17
-2.061204e-11
-5.141671e-15
1.31429e-16
-1.325966e-11
-7.794449e-15
-1.949994e-16
-3.34636e-13
-3.360838e-11
-2.645067e-14
1.796691e-15
-3.237572e-11
-2.596492e-14
6.740515e-16
-3.272685e-11
-2.011692e-14
1.641661e-15
-3.30411e-11
-5.202471e-14
-2.018909e-16
-3.020879e-11
-2.063937e-14
1.276399e-16
-2.560249e-11
-2.285375e-14
-2.074151e-16
-2.079557e-11
-6.979676e-15
1.838104e-16
-1.333048e-11
-9.721231e-15
2.396675e-16
-1.060692e-13
-3.243165e-11
-1.853073e-13
2.693585e-16
-3.289135e-11
-1.212363e-13
6.013624e-16
-3.322335e-11
-2.504142e-14
1.003435e-16
-2.969708e-11
8.366244e-16
-3.26973e-17
-2.566432e-11
-1.971842e-14
-6.009832e-17
-2.080335e-11
-3.035216e-18
1.079002e-16
-1.341472e-11
-1.386438e-14
-2.626849e-17
-2.043704e-13
-3.28987e-11
-2.972288e-13
1.233968e-15
-3.357482e-11
-2.987469e-14
9.48605e-17
-2.998305e-11
-3.603348e-14
4.231032e-17
-2.599456e-11
-3.116652e-14
4.466104e-17
-2.088677e-11
-1.979125e-14
-7.87881e-17
-1.356558e-11
-3.184873e-14
3.641269e-17
-5.023735e-13
-3.535038e-11
-2.157521e-14
1.974559e-16
-3.01243e-11
-2.084265e-14
1.600792e-16
-2.606636e-11
-5.153366e-14
-1.420381e-16
-2.169326e-11
-5.443432e-14
-5.716534e-18
-1.370707e-11
-3.908222e-14
2.715833e-16
-2.762517e-14
-3.110096e-11
-4.850559e-14
3.141048e-16
-2.681786e-11
-6.914142e-15
3.409801e-16
-2.099391e-11
-2.282336e-14
-5.489752e-17
-1.378555e-11
-5.389636e-14
-2.230157e-16
-5.288604e-14
-2.793872e-11
-3.154842e-14
7.804654e-16
-2.150152e-11
-2.984884e-14
2.02941e-16
-1.419377e-11
8.803022e-15
3.434499e-16
6.73025e-14
-2.175698e-11
-2.191227e-14
5.145569e-17
-1.400771e-11
3.03012e-14
3.793225e-16
1.795691e-14
-1.394068e-11
-3.10907e-15
-8.373073e-17
2.422879e-14
-6.767171e-12
8.528828e-14
-1.447898e-11
-1.291767e-14
-1.745012e-11
4.189379e-14
-2.348058e-11
6.346969e-15
-3.198072e-11
4.74332e-15
-2.870219e-11
-2.47988e-15
-3.16167e-11
9.158545e-16
-3.078207e-11
-5.018896e-15
-3.490376e-11
4.308937e-15
-3.244933e-11
-4.462653e-16
-3.090662e-11
7.296686e-16
-2.56447e-11
1.727196e-16
-2.089697e-11
-4.861737e-16
-1.375846e-11
-4.026704e-16
-6.301645e-12
2.435446e-14
-7.305488e-12
-5.962946e-12
1.317289e-14
-1.222047e-11
-6.832856e-12
8.363875e-14
-2.116111e-11
-4.576989e-12
-1.540623e-15
-2.676593e-11
-8.122623e-12
7.394743e-14
-3.948516e-11
-3.997031e-13
9.468922e-16
-3.867143e-11
-1.200793e-13
6.104398e-15
-3.143337e-11
-1.553857e-13
-3.708008e-15
-3.337418e-11
-3.479452e-13
-2.606646e-15
-3.566357e-11
8.943243e-13
8.338613e-15
-3.144476e-11
-7.063226e-15
-4.458034e-16
-2.92585e-11
4.155121e-14
-1.367105e-17
-2.60229e-11
-2.706381e-14
-1.957132e-16
-2.093516e-11
-6.450012e-14
-1.347971e-16
-1.370903e-11
-4.902634e-15
7.154861e-17
-1.356794e-11
2.814545e-14
-9.344035e-12
-1.142738e-11
2.798828e-14
-1.61169e-11
-1.239762e-11
1.142413e-14
-2.078675e-11
-1.235959e-11
7.571229e-14
-2.974802e-11
-1.098737e-11
2.669711e-14
-3.739002e-11
7.878034e-13
5.951505e-15
-2.874109e-11
3.215951e-13
-3.252806e-15
-3.111383e-11
-1.352484e-13
3.173e-16
-3.304266e-11
7.935976e-14
1.268455e-15
-3.336188e-11
2.571699e-13
-2.417408e-16
-3.344708e-11
-3.587721e-14
-7.741216e-17
-3.023534e-11
-3.309167e-14
-3.898472e-16
-2.597105e-11
-3.35547e-14
2.11268e-16
-2.130699e-11
-4.198894e-14
-3.293697e-16
-1.392281e-11
-1.430803e-14
4.60959e-16
-2.302986e-11
5.100595e-14
-1.190245e-11
-1.790565e-11
2.518427e-14
-1.633e-11
-1.885069e-11
2.201757e-14
-2.254055e-11
-1.51815e-11
2.215145e-14
-2.967083e-11
-1.657851e-11
1.516296e-14
-3.046956e-11
-1.840077e-13
-6.266638e-15
-3.867895e-11
-3.206399e-13
5.622849e-15
-3.335779e-11
-1.418108e-14
9.286249e-16
-3.252554e-11
2.988249e-13
1.999279e-15
-3.123035e-11
-2.959068e-13
-6.192417e-15
-3.512705e-11
-3.997594e-14
2.569525e-16
-3.163807e-11
3.873362e-14
6.312574e-16
-2.608867e-11
3.964699e-15
-7.539765e-16
-2.12939e-11
-8.931235e-15
-1.702221e-17
-1.387229e-11
3.867354e-14
8.911613e-17
-3.444668e-11
5.052366e-14
-2.545057e-11
-2.28815e-11
4.857315e-14
-3.355318e-11
-2.511256e-11
3.444801e-14
-3.81059e-11
-2.372728e-11
1.025919e-14
-3.681553e-11
-2.619262e-11
4.314949e-14
-3.458e-11
-6.141818e-13
-9.236873e-16
-3.767412e-11
5.681196e-13
3.541756e-15
-3.039714e-11
3.93947e-15
2.174253e-17
-3.406094e-11
-1.609384e-13
-1.034034e-15
-3.462831e-11
-3.989139e-13
-1.870956e-15
-3.51839e-11
5.662705e-14
6.554753e-16
-2.915615e-11
4.334054e-14
-1.38222e-16
-2.589246e-11
-1.259164e-14
2.135847e-16
-2.143315e-11
3.215235e-14
-1.532234e-16
-1.362974e-11
4.846439e-14
1.664536e-16
-5.97752e-11
-1.352074e-10
-3.055107e-11
6.052953e-14
-9.467147e-11
-2.932428e-11
5.166724e-14
-7.001252e-11
-2.321042e-11
1.776463e-14
-4.939848e-11
-1.867541e-11
4.193404e-14
-3.375657e-11
4.240651e-13
-2.356238e-17
-3.21331e-11
3.255473e-13
-2.49966e-15
-3.327757e-11
-3.164297e-13
-2.929197e-15
-3.6607e-11
-4.006247e-14
4.711881e-15
-3.438872e-11
5.282369e-13
5.432085e-15
-3.28824e-11
6.078581e-14
-2.179902e-16
-2.97175e-11
3.616977e-15
1.150443e-16
-2.580056e-11
3.556936e-14
8.255225e-17
-2.075985e-11
7.883544e-15
-5.37151e-17
-1.346032e-11
5.202887e-14
-8.15269e-17
3.773433e-12
-5.241096e-11
-3.297719e-12
4.337839e-14
-4.316612e-11
-5.515892e-12
5.618557e-14
-3.957824e-11
-2.242271e-12
2.343329e-14
-3.477502e-11
3.190528e-13
1.600389e-15
-3.203051e-11
3.254887e-13
6.812255e-16
-3.106403e-11
4.916319e-13
-7.924757e-16
-3.211462e-11
7.30737e-13
1.126871e-15
-3.170624e-11
4.623696e-13
3.654597e-16
-3.295641e-11
1.927689e-15
-6.341888e-17
-2.968193e-11
2.94439e-14
7.963177e-17
-2.553086e-11
4.348791e-14
2.155673e-16
-2.047504e-11
3.440592e-14
-1.028254e-16
-1.329683e-11
3.310372e-16
-7.010057e-17
5.269506e-12
-3.212211e-11
1.507066e-12
3.853856e-14
-3.149752e-11
5.926604e-12
3.908687e-14
-3.049067e-11
3.752319e-13
5.717208e-16
-2.962284e-11
9.393776e-14
-2.727931e-16
-3.133117e-11
-7.656591e-14
-3.61181e-16
-3.298203e-11
1.296298e-13
1.906433e-16
-3.278121e-11
6.01952e-15
-1.213244e-15
-3.328491e-11
6.726103e-15
1.819945e-16
-2.919604e-11
2.075738e-14
1.34244e-16
-2.536766e-11
7.148629e-15
4.187594e-17
-2.051579e-11
-1.06334e-14
4.31554e-17
-1.332003e-11
-4.028353e-15
-1.843017e-16
3.085312e-12
-2.795099e-11
5.019969e-12
-2.28602e-15
-3.076317e-11
-2.654812e-14
-3.462034e-16
-3.098373e-11
-1.361288e-13
-1.475817e-15
-3.373864e-11
-2.040928e-13
-1.389654e-15
-3.39394e-11
8.566245e-14
1.451147e-15
-3.239113e-11
1.631372e-14
-1.323244e-15
-3.320296e-11
1.354277e-14
2.058807e-16
-2.925241e-11
-1.146539e-15
2.702542e-17
-2.547921e-11
2.781748e-15
2.309396e-16
-2.049174e-11
-2.205614e-14
-3.742096e-16
-1.331229e-11
4.732603e-16
3.077254e-16
3.901215e-12
-3.117337e-11
-1.033363e-13
-1.456435e-15
-3.146576e-11
-2.066303e-13
-7.109997e-16
-3.319871e-11
1.818915e-13
2.158698e-15
-3.32009e-11
1.787677e-13
-1.828505e-16
-3.222227e-11
8.169567e-14
1.24084e-15
-3.278312e-11
8.174315e-15
-1.896977e-16
-2.968656e-11
-3.09845e-14
-2.290741e-16
-2.59218e-11
-4.543754e-15
1.123938e-16
-2.082137e-11
-8.406458e-15
3.678039e-16
-1.319795e-11
3.478016e-14
7.065128e-17
-1.516742e-14
-3.165381e-11
-1.591559e-13
-4.321438e-15
-3.426914e-11
-1.733075e-15
1.047666e-15
-3.266395e-11
3.000627e-13
4.432069e-15
-3.129595e-11
3.93204e-14
-2.968304e-15
-3.341699e-11
4.66482e-16
1.719196e-16
-2.948284e-11
2.497643e-14
1.053256e-16
-2.545334e-11
5.758379e-14
4.159427e-17
-2.034718e-11
4.092384e-14
-4.131616e-17
-1.320409e-11
7.858188e-15
-4.772081e-17
-7.456108e-14
-3.082729e-11
2.147829e-13
-1.082383e-15
-3.206934e-11
6.430833e-14
1.113811e-15
-3.260193e-11
-3.202991e-13
6.788576e-16
-3.354934e-11
4.585004e-14
3.714904e-16
-2.883029e-11
7.293187e-15
-1.660166e-16
-2.540474e-11
-2.371693e-14
-1.810908e-16
-2.065713e-11
-9.42075e-15
7.251012e-17
-1.331801e-11
-4.962605e-15
1.334326e-16
-3.415168e-13
-3.372679e-11
-5.58825e-14
1.221647e-15
-3.275783e-11
2.075127e-15
9.501208e-16
-3.311109e-11
-2.333507e-15
1.849498e-16
-2.943227e-11
-4.785837e-14
-2.013105e-16
-2.607811e-11
-2.123519e-14
1.238577e-16
-2.066733e-11
-2.278876e-14
-2.053278e-16
-1.343159e-11
-7.296992e-15
1.875775e-16
-1.177073e-13
-3.287272e-11
-1.810457e-13
4.394807e-16
-3.327614e-11
-1.229707e-14
5.959633e-17
-2.96219e-11
-2.522993e-14
1.095799e-16
-2.573288e-11
-1.171779e-16
-3.72632e-17
-2.074161e-11
-1.997228e-14
-6.091354e-17
-1.346635e-11
-2.799132e-16
1.103454e-16
-3.205059e-13
-3.337372e-11
-2.686014e-14
1.527927e-16
-2.994143e-11
-3.251171e-14
1.147105e-16
-2.597834e-11
-3.733731e-14
4.476493e-17
-2.099478e-11
-3.242279e-14
4.54943e-17
-1.353946e-11
-2.032987e-14
-8.684014e-17
-4.025309e-14
-3.153287e-11
-2.560926e-14
2.677415e-16
-2.611958e-11
-2.481768e-14
1.479841e-16
-2.107847e-11
-5.502239e-14
-1.226544e-16
-1.395814e-11
-5.84694e-14
-2.798527e-17
-2.526855e-14
-2.687475e-11
-4.849311e-14
3.434354e-16
-2.158312e-11
-7.597932e-15
3.332154e-16
-1.364687e-11
-2.372013e-14
-5.229135e-17
-5.722357e-14
-2.236188e-11
-3.605228e-14
7.87837e-16
-1.392566e-11
-2.9268e-14
2.241e-16
6.760218e-14
-1.404455e-11
-2.164328e-14
6.295978e-17
1.889729e-14
1.791431e-14
-6.276678e-12
2.715769e-14
-1.273492e-11
8.478334e-14
-2.183449e-11
-2.291878e-14
-2.216803e-11
5.684232e-14
-3.223576e-11
1.292358e-15
-3.217742e-11
4.619069e-15
-2.96087e-11
-2.926255e-15
-3.273813e-11
1.317827e-15
-3.174659e-11
-4.869538e-15
-3.402819e-11
5.175434e-16
-2.918421e-11
-4.411747e-16
-2.672223e-11
7.402362e-16
-2.079225e-11
1.799645e-16
-1.355595e-11
-5.014514e-16
-6.861126e-12
2.165234e-14
-6.704871e-12
-5.241639e-12
2.44116e-14
-1.348728e-11
-6.475935e-12
1.525621e-14
-1.81601e-11
-7.021457e-12
9.310647e-14
-2.695422e-11
-8.319589e-12
-2.510311e-14
-2.950845e-11
-2.402811e-13
-4.35993e-15
-3.822148e-11
-4.674951e-13
6.997878e-16
-3.789512e-11
-1.968126e-13
5.510155e-15
-3.256192e-11
-1.708752e-13
-2.581852e-15
-3.403424e-11
-3.51551e-13
-2.666332e-15
-3.493452e-11
8.932874e-14
8.889193e-16
-2.838213e-11
-3.223142e-15
-3.94033e-16
-2.548828e-11
4.215929e-14
-5.799862e-18
-2.103688e-11
-2.77587e-14
-2.124463e-16
-1.358402e-11
-6.662642e-14
-1.341769e-16
-1.396112e-11
5.528515e-14
-9.168518e-12
-1.161391e-11
2.902117e-14
-1.564893e-11
-1.230077e-11
2.514765e-14
-2.27603e-11
-1.048806e-11
-6.827131e-15
-2.552749e-11
-1.5594e-11
4.510966e-14
-3.218309e-11
-3.564049e-13
-2.792639e-15
-3.705545e-11
8.020898e-13
6.056266e-15
-3.016209e-11
3.908856e-13
-3.227494e-15
-3.211228e-11
-9.549015e-14
2.973889e-16
-3.342121e-11
2.178375e-13
5.065481e-16
-3.376242e-11
4.28809e-14
1.817744e-17
-2.984624e-11
-2.803485e-14
-1.785338e-17
-2.623329e-11
-3.353094e-14
-4.237442e-16
-2.100449e-11
-3.475868e-14
2.173216e-16
-1.376104e-11
-4.347505e-14
-3.348965e-16
-2.290103e-11
5.356633e-14
-1.162794e-11
-1.800131e-11
5.034889e-14
-1.688316e-11
-1.844647e-11
3.465284e-14
-2.313076e-11
-1.779569e-11
1.67068e-14
-2.855775e-11
-1.759896e-11
4.385277e-14
-3.875077e-11
6.300629e-14
7.53206e-15
-3.159204e-11
-1.651191e-13
-6.339574e-15
-3.77238e-11
-1.463475e-13
6.006975e-15
-3.274277e-11
1.560427e-14
1.155749e-16
-3.282051e-11
4.340389e-13
2.340425e-15
-3.199547e-11
-4.273979e-14
-5.738495e-16
-3.110647e-11
-4.118522e-14
1.463301e-16
-2.721636e-11
4.026736e-14
6.535435e-16
-2.106822e-11
4.458867e-15
-7.74474e-16
-1.374784e-11
-8.939067e-15
-1.317335e-17
-3.474718e-11
-2.500688e-11
-2.241129e-11
5.171535e-14
-3.367227e-11
-2.519004e-11
5.067626e-14
-3.781762e-11
-2.16104e-11
2.846599e-14
-4.005073e-11
-2.254366e-11
1.545224e-14
-3.357111e-11
4.624738e-13
-2.539206e-15
-3.479483e-11
-4.994411e-13
-6.495928e-16
-3.752027e-11
4.995453e-13
3.548869e-15
-3.055996e-11
-1.94999e-13
-1.298395e-15
-3.400508e-11
-1.54368e-13
1.029993e-15
-3.427631e-11
-6.076372e-14
-3.301789e-16
-3.121534e-11
5.56229e-14
6.453566e-16
-2.540291e-11
4.02899e-14
-1.100933e-16
-2.091174e-11
-1.031629e-14
2.466252e-16
-1.378003e-11
3.247146e-14
-1.830454e-16
-3.072323e-11
-1.006769e-10
-2.912269e-11
5.811735e-14
-6.894195e-11
-2.347297e-11
5.511525e-14
-5.22386e-11
-2.400036e-11
4.57098e-14
-2.797455e-11
1.519225e-13
-1.604225e-15
-3.336234e-11
3.543851e-13
2.907885e-16
-3.225497e-11
3.48375e-13
-2.806125e-15
-3.306868e-11
-4.623509e-13
-3.585868e-15
-3.538196e-11
7.283283e-14
4.74343e-15
-3.420042e-11
5.395264e-14
6.433619e-16
-2.934325e-11
6.515812e-14
-2.271732e-16
-2.575602e-11
7.848704e-15
1.215236e-16
-2.083297e-11
4.064245e-14
8.903372e-17
-1.343955e-11
7.505498e-15
-5.558836e-17
-1.921913e-12
-4.525316e-11
-6.064144e-12
4.70368e-14
-3.575086e-11
-1.202117e-13
1.424303e-14
-3.389611e-11
1.587535e-14
8.659783e-16
-3.447982e-11
3.068793e-13
1.524324e-15
-3.234443e-11
2.968157e-13
6.200382e-16
-3.167987e-11
3.035776e-13
-1.092495e-15
-3.246658e-11
9.516715e-13
9.174642e-16
-3.293516e-11
4.775654e-14
7.204772e-17
-2.938316e-11
3.844766e-15
-6.200704e-17
-2.570774e-11
3.330871e-14
9.912864e-17
-2.061363e-11
4.514271e-14
2.1987e-16
-1.327338e-11
3.500936e-14
-1.063076e-16
2.355119e-12
-3.149641e-11
4.658801e-12
3.370625e-14
-3.135262e-11
2.794264e-13
8.498584e-16
-3.086322e-11
4.439401e-13
8.820155e-16
-3.032728e-11
1.003851e-13
-5.971973e-16
-3.18401e-11
-2.255074e-14
-5.175124e-16
-3.311435e-11
1.623159e-13
2.099669e-16
-3.318008e-11
2.526528e-15
-4.547667e-17
-2.960738e-11
1.091123e-15
1.086513e-16
-2.534016e-11
2.187138e-14
1.584348e-16
-2.049069e-11
7.361657e-15
4.399925e-17
-1.327264e-11
-1.094782e-14
4.624854e-17
7.918133e-12
-3.245667e-11
1.76788e-13
1.550133e-15
-3.116745e-11
1.349845e-14
-2.559659e-16
-3.136074e-11
-1.668566e-13
-1.664652e-15
-3.346821e-11
-1.183188e-13
-5.989873e-16
-3.374011e-11
1.073496e-13
1.164594e-15
-3.280294e-11
2.155259e-15
-1.513926e-16
-2.955511e-11
8.909973e-15
1.774013e-16
-2.535777e-11
-5.549628e-16
1.542681e-17
-2.055724e-11
2.946992e-15
2.529541e-16
-1.32476e-11
-2.337492e-14
-3.926602e-16
1.397538e-13
-3.143777e-11
-6.026654e-14
-1.070767e-15
-3.166729e-11
-2.924942e-13
-1.292421e-15
-3.308443e-11
1.57502e-13
2.360507e-15
-3.329613e-11
1.760622e-13
1.540427e-16
-3.272781e-11
9.262013e-15
1.184387e-16
-2.920477e-11
9.828481e-15
-1.934343e-16
-2.565978e-11
-3.181565e-14
-2.43993e-16
-2.085352e-11
-3.354532e-15
1.208084e-16
-1.340693e-11
-9.312016e-15
3.748849e-16
-3.927568e-15
-3.193617e-11
-1.651444e-13
-4.60315e-15
-3.395162e-11
2.503107e-14
8.169734e-16
-3.29456e-11
3.213548e-13
4.570121e-15
-3.232518e-11
-8.489733e-16
-3.242692e-16
-2.971254e-11
-1.380389e-15
1.679291e-16
-2.551589e-11
2.6043e-14
1.131955e-16
-2.053491e-11
5.93359e-14
3.96012e-17
-1.31784e-11
4.19046e-14
-4.439464e-17
-1.327013e-13
-3.113971e-11
1.923785e-13
-1.596944e-15
-3.261037e-11
1.05174e-13
2.243612e-15
-3.305717e-11
-3.551633e-14
6.988389e-17
-2.980946e-11
4.461226e-14
3.437471e-16
-2.504576e-11
7.438155e-15
-1.663434e-16
-2.051929e-11
-2.522212e-14
-1.872541e-16
-1.334291e-11
-9.60784e-15
7.703735e-17
-4.025355e-13
-3.357997e-11
-4.601697e-14
1.774562e-15
-3.314633e-11
-1.786169e-15
8.873621e-17
-2.949495e-11
-3.206157e-15
1.825483e-16
-2.550528e-11
-4.839642e-14
-1.966094e-16
-2.09845e-11
-2.204734e-14
1.169696e-16
-1.337063e-11
-2.298797e-14
-2.08131e-16
-8.784003e-15
-3.338394e-11
-1.827113e-14
5.310103e-17
-2.964962e-11
-1.242519e-14
6.008583e-17
-2.56797e-11
-2.596435e-14
1.143138e-16
-2.07888e-11
-6.714104e-16
-3.778251e-17
-1.343753e-11
-2.013866e-14
-6.31139e-17
-2.052466e-14
-2.975443e-11
-2.983308e-14
1.536076e-16
-2.595891e-11
-3.304907e-14
1.200779e-16
-2.098928e-11
-3.951569e-14
4.662263e-17
-1.359588e-11
-3.276257e-14
4.804975e-17
-5.384513e-14
-2.720208e-11
-2.841347e-14
2.919448e-16
-2.110576e-11
-2.967409e-14
1.371178e-16
-1.36642e-11
-5.712952e-14
-1.134286e-16
-2.483589e-14
-2.162686e-11
-4.986646e-14
3.604347e-16
-1.393404e-11
-7.587483e-15
3.378473e-16
-5.98045e-14
-1.434682e-11
-3.807269e-14
8.074367e-16
6.962049e-14
2.781475e-14
-6.871522e-12
1.74635e-14
-1.147776e-11
2.424311e-14
-1.928561e-11
1.042969e-13
-2.955294e-11
-2.875867e-14
-2.994115e-11
-7.35685e-16
-3.253785e-11
1.280018e-15
-3.226495e-11
4.245972e-15
-3.095875e-11
-2.808489e-15
-3.343717e-11
1.514781e-15
-3.252982e-11
-4.571992e-16
-3.033816e-11
4.940343e-16
-2.54693e-11
-4.363846e-16
-2.150514e-11
7.597781e-16
-1.351362e-11
1.87264e-16
-6.297861e-12
5.784262e-14
-7.751172e-12
-6.131181e-12
2.085113e-14
-1.219336e-11
-5.80252e-12
2.513773e-14
-2.005672e-11
-5.607514e-12
1.020137e-14
-2.329658e-11
-6.60935e-12
1.026413e-13
-3.669264e-11
7.325793e-14
4.110709e-15
-3.019393e-11
-3.046058e-13
-4.843072e-15
-3.660688e-11
-5.103816e-13
8.21574e-17
-3.704284e-11
-2.233154e-13
6.620011e-15
-3.304823e-11
-9.766346e-14
-3.279722e-15
-3.382831e-11
-4.113997e-14
-1.788785e-16
-3.093469e-11
8.626074e-14
8.334073e-16
-2.488181e-11
-4.557412e-15
-3.950188e-16
-2.069389e-11
4.339695e-14
-1.340706e-18
-1.363145e-11
-2.918537e-14
-2.219769e-16
-1.341405e-11
6.495303e-14
-9.600845e-12
-1.183115e-11
5.598253e-14
-1.543856e-11
-1.212969e-11
2.875586e-14
-2.208197e-11
-1.076034e-11
2.312705e-14
-2.991765e-11
-1.119482e-11
4.438617e-14
-3.191848e-11
3.052883e-13
1.748527e-15
-3.193761e-11
-3.450365e-13
-3.567883e-15
-3.630628e-11
7.498811e-13
5.869881e-15
-3.14708e-11
3.859502e-13
-2.444913e-15
-3.297288e-11
-5.507395e-14
-1.380429e-16
-3.338397e-11
2.528937e-14
1.567061e-16
-2.999076e-11
3.774399e-14
-8.803147e-17
-2.596065e-11
-2.631545e-14
2.601546e-17
-2.119659e-11
-3.367885e-14
-4.41628e-16
-1.362591e-11
-3.645189e-14
2.27722e-16
-2.240539e-11
-1.236972e-11
-1.789683e-11
5.322869e-14
-1.62242e-11
-1.906352e-11
5.257507e-14
-2.314692e-11
-1.659019e-11
1.86946e-14
-2.816789e-11
-1.743494e-11
2.564813e-14
-3.39107e-11
-4.089373e-13
-2.982201e-15
-3.808514e-11
1.105156e-15
7.826928e-15
-3.252997e-11
-8.326225e-14
-5.685925e-15
-3.663069e-11
-1.780838e-15
6.436546e-15
-3.347101e-11
3.377676e-14
7.545633e-16
-3.34455e-11
5.08356e-14
2.088021e-16
-2.863731e-11
-4.382948e-14
-5.761448e-16
-2.683701e-11
-3.617893e-14
1.544604e-16
-2.18106e-11
4.163564e-14
6.655923e-16
-1.363321e-11
4.904456e-15
-8.040883e-16
-2.295874e-11
-3.277917e-11
-2.487985e-11
4.980603e-14
-3.804965e-11
-2.278636e-11
4.921315e-14
-3.853822e-11
-2.358177e-11
5.464071e-14
-4.139727e-11
2.847052e-13
5.578547e-15
-3.442302e-11
4.688702e-13
-2.209346e-15
-3.502346e-11
-4.849886e-13
-5.074157e-16
-3.711496e-11
5.081253e-13
2.666187e-15
-3.106904e-11
-1.103349e-13
-8.26351e-16
-3.434345e-11
-2.249853e-14
4.539298e-17
-3.048472e-11
-5.981059e-14
-3.224556e-16
-2.686084e-11
5.256184e-14
6.180958e-16
-2.062193e-11
3.998577e-14
-1.09984e-16
-1.354229e-11
-1.009907e-14
2.74498e-16
-2.968242e-11
-7.296221e-11
-2.389754e-11
6.431349e-14
-5.12689e-11
-2.195953e-11
5.158786e-14
-3.084256e-11
8.196718e-13
2.149966e-15
-2.889932e-11
1.998994e-13
-1.362922e-15
-3.280592e-11
4.914391e-13
-1.741161e-16
-3.259105e-11
2.858596e-13
-1.919989e-15
-3.326744e-11
-3.807546e-13
-3.388326e-15
-3.443589e-11
-5.789936e-15
4.217734e-16
-3.036218e-11
6.203919e-14
6.708458e-16
-2.546137e-11
6.620953e-14
-2.426576e-16
-2.080937e-11
1.206328e-14
1.254996e-16
-1.348564e-11
4.347409e-14
9.287732e-17
-3.439379e-12
-3.954861e-11
1.612838e-12
2.054602e-14
-3.30366e-11
1.775493e-13
-3.131038e-17
-3.381327e-11
-4.813285e-14
7.220725e-16
-3.405142e-11
2.235593e-13
1.922761e-15
-3.274531e-11
2.172675e-13
6.252895e-16
-3.215254e-11
4.982646e-13
-1.117273e-15
-3.310576e-11
8.306728e-14
8.95822e-17
-2.93609e-11
4.813188e-14
6.000826e-17
-2.547689e-11
2.819136e-15
-6.73239e-17
-2.075105e-11
3.569081e-14
1.114415e-16
-1.334404e-11
4.625214e-14
2.265361e-16
7.156672e-12
-3.098075e-11
1.604957e-13
8.498341e-16
-3.126641e-11
2.93427e-13
2.862787e-16
-3.122761e-11
4.330675e-13
1.29466e-15
-3.134142e-11
1.231426e-13
-1.804822e-16
-3.234832e-11
-4.69894e-14
-6.229086e-16
-3.320793e-11
8.244541e-15
1.55605e-17
-2.954004e-11
4.33418e-15
-4.999675e-17
-2.561503e-11
9.679464e-17
8.60335e-17
-2.049582e-11
2.270535e-14
1.759276e-16
-1.326592e-11
7.305328e-15
4.56093e-17
1.531445e-13
-3.254683e-11
1.480736e-13
1.286446e-15
-3.160054e-11
-2.246381e-14
-1.718194e-16
-3.189711e-11
-1.307196e-13
-1.445007e-15
-3.345194e-11
-1.635754e-13
-1.117875e-15
-3.375902e-11
1.063792e-14
1.288693e-16
-2.925874e-11
2.579654e-17
-1.440637e-16
-2.558976e-11
7.88381e-15
1.896737e-16
-2.048454e-11
-4.104527e-16
1.160011e-17
-1.328649e-11
3.112716e-15
2.676725e-16
1.241736e-13
-3.173929e-11
-3.885989e-14
-1.44523e-15
-3.201683e-11
-2.261692e-13
-1.351401e-15
-3.316674e-11
1.072231e-13
2.331332e-15
-3.325711e-11
1.814482e-14
5.875267e-18
-2.919146e-11
1.161524e-14
1.516083e-16
-2.52922e-11
1.146977e-14
-2.045105e-16
-2.067566e-11
-3.249237e-14
-2.536684e-16
-1.343408e-11
-2.903675e-15
1.281583e-16
5.744683e-15
-3.233635e-11
-1.890111e-13
-4.389903e-15
-3.382372e-11
-4.753368e-14
3.721271e-16
-3.316563e-11
3.426085e-14
5.191733e-16
-2.885211e-11
1.890772e-15
-3.298124e-16
-2.570138e-11
-1.495885e-15
1.828891e-16
-2.058592e-11
2.696685e-14
1.200088e-16
-1.327008e-11
6.164535e-14
3.910255e-17
-3.142897e-14
-3.185294e-11
2.298063e-13
-7.74549e-16
-3.314191e-11
1.280734e-14
1.427332e-16
-2.945025e-11
-3.385375e-14
1.137724e-16
-2.576882e-11
4.58475e-14
3.397101e-16
-2.028715e-11
7.500102e-15
-1.700107e-16
-1.327912e-11
-2.644924e-14
-1.96017e-16
-3.822902e-13
-3.340482e-11
-6.560963e-15
1.588653e-16
-2.953226e-11
1.555296e-15
1.003508e-16
-2.555878e-11
-4.381317e-15
1.886692e-16
-2.061151e-11
-4.892765e-14
-1.979796e-16
-1.352953e-11
-2.299494e-14
1.169834e-16
-9.50718e-15
-2.973294e-11
-1.821357e-14
5.656448e-17
-2.570184e-11
-1.282618e-14
6.707677e-17
-2.075776e-11
-2.682691e-14
1.152609e-16
-1.346033e-11
-5.798211e-16
-3.779953e-17
-2.164181e-14
-2.581785e-11
-3.159591e-14
1.648736e-16
-2.098146e-11
-3.485386e-14
1.235513e-16
-1.359856e-11
-4.055473e-14
4.84169e-17
-5.737302e-14
-2.182301e-11
-3.203699e-14
2.925784e-16
-1.367543e-11
-3.159112e-14
1.41608e-16
-2.74953e-14
-1.396192e-11
-5.062597e-14
3.783892e-16
-6.141559e-14
6.214666e-14
-6.391727e-12
2.848711e-14
-1.300171e-11
1.437589e-14
-1.726131e-11
4.0197e-14
-2.497636e-11
1.030957e-13
-3.739915e-11
6.476631e-15
-3.041458e-11
-1.910757e-15
-3.282345e-11
2.199606e-15
-3.278146e-11
4.563379e-15
-3.189324e-11
-2.877365e-15
-3.367664e-11
1.036875e-16
-2.922662e-11
-4.538343e-16
-2.634595e-11
5.060778e-16
-2.069271e-11
-4.333684e-16
-1.387161e-11
7.857033e-16
-6.017466e-12
7.287118e-14
-7.506369e-12
-5.368348e-12
5.853552e-14
-1.430425e-11
-6.36274e-12
1.950857e-14
-1.796614e-11
-3.019736e-12
3.354669e-14
-2.795392e-11
-7.139698e-12
-2.699868e-14
-2.680397e-11
3.371285e-13
-7.087675e-15
-3.678995e-11
1.06644e-13
5.559202e-15
-3.119291e-11
-2.235797e-13
-3.638034e-15
-3.532031e-11
-6.082687e-13
-1.470149e-15
-3.61748e-11
-1.233626e-13
6.010986e-15
-3.279953e-11
-2.048757e-14
-3.336661e-16
-3.013725e-11
-3.648194e-14
-1.831449e-16
-2.672433e-11
8.722666e-14
8.103338e-16
-2.030441e-11
-4.542296e-15
-3.987596e-16
-1.347708e-11
4.474808e-14
5.73287e-18
-1.273016e-11
-9.66681e-12
-1.114736e-11
6.680838e-14
-1.64723e-11
-1.307457e-11
5.158597e-14
-2.161755e-11
-9.799277e-12
3.294397e-14
-2.908549e-11
-1.39772e-11
3.622404e-14
-3.349394e-11
-4.785393e-13
4.054284e-15
-3.235555e-11
2.56289e-13
2.176938e-15
-3.132598e-11
-2.689497e-13
-3.844005e-15
-3.560248e-11
5.44326e-13
5.92595e-15
-3.208598e-11
3.638304e-13
-2.785029e-15
-3.347579e-11
-2.374777e-14
-2.8247e-17
-2.986893e-11
3.249344e-14
2.188962e-16
-2.60122e-11
3.176297e-14
-1.362793e-16
-2.103533e-11
-2.557902e-14
5.674108e-17
-1.372251e-11
-3.480171e-14
-4.698266e-16
-1.727458e-11
-1.809355e-11
-1.923402e-11
4.689988e-14
-2.204679e-11
-1.607725e-11
5.589886e-14
-3.006976e-11
-2.023756e-11
3.125642e-14
-3.206266e-11
-6.318404e-15
1.751088e-16
-3.368851e-11
-3.901292e-13
-3.97068e-15
-3.722209e-11
-1.750087e-13
7.457569e-15
-3.256715e-11
-1.092401e-13
-6.16636e-15
-3.566554e-11
1.468348e-14
7.517488e-15
-3.421607e-11
2.484223e-15
3.827885e-17
-2.989308e-11
5.252765e-14
2.066571e-16
-2.505823e-11
-4.428685e-14
-5.251703e-16
-2.156602e-11
-3.14885e-14
1.545053e-16
-1.400387e-11
4.264135e-14
6.86958e-16
-2.574231e-11
-3.688501e-11
-2.213544e-11
5.685899e-14
-3.969916e-11
-2.506474e-11
7.909386e-14
-3.617318e-11
-1.489774e-13
-1.992656e-15
-3.999365e-11
1.948714e-13
5.332597e-15
-3.508869e-11
4.695257e-13
-2.762671e-15
-3.506379e-11
-4.545079e-13
-8.538742e-17
-3.5838e-11
5.886913e-13
4.306695e-15
-3.284271e-11
-1.363831e-14
-2.26071e-16
-3.06503e-11
-2.176575e-14
1.066187e-16
-2.634214e-11
-5.638036e-14
-2.869015e-16
-2.154174e-11
5.194522e-14
6.007931e-16
-1.341329e-11
3.908648e-14
-1.184119e-16
-2.362607e-11
-5.294855e-11
-1.833848e-11
2.72269e-14
-3.171589e-11
4.914443e-13
1.964296e-16
-3.126008e-11
8.238705e-13
2.368998e-15
-2.998431e-11
3.639708e-13
-1.2886e-15
-3.269878e-11
4.591915e-13
-9.895068e-16
-3.319431e-11
5.598067e-13
-1.51016e-15
-3.374089e-11
-5.438716e-14
-3.480974e-16
-3.064104e-11
7.0334e-15
4.656906e-16
-2.624182e-11
6.927435e-14
6.913746e-16
-2.06096e-11
6.880295e-14
-2.46723e-16
-1.347773e-11
1.367713e-14
1.285953e-16
4.346515e-13
-3.322496e-11
1.4228e-13
2.58677e-15
-3.308832e-11
1.564224e-13
-1.890134e-16
-3.361085e-11
-4.074135e-14
4.901824e-16
-3.375491e-11
9.930457e-14
1.977765e-15
-3.300769e-11
3.408908e-13
5.809507e-16
-3.287782e-11
4.108735e-14
-9.916112e-17
-2.951583e-11
8.783019e-14
8.646859e-17
-2.546061e-11
4.909921e-14
6.073513e-17
-2.059848e-11
2.262833e-15
-6.986519e-17
-1.342235e-11
3.665772e-14
1.161829e-16
3.414972e-13
-3.128908e-11
2.167685e-13
1.004098e-15
-3.132364e-11
2.70345e-13
1.923472e-16
-3.165988e-11
4.077075e-13
9.583534e-16
-3.216405e-11
1.446983e-13
-1.140371e-16
-3.298733e-11
-1.01084e-14
-5.002505e-17
-2.957472e-11
9.58374e-15
3.215967e-17
-2.557624e-11
4.779102e-15
-4.968956e-17
-2.06675e-11
-5.91556e-16
7.467466e-17
-1.328011e-11
2.316066e-14
1.84378e-16
1.309266e-13
-3.265388e-11
9.337576e-14
1.414107e-15
-3.19064e-11
3.634525e-15
-3.15902e-16
-3.24333e-11
-9.433736e-14
-1.966314e-15
-3.349372e-11
-1.381437e-14
-7.797576e-17
-3.002446e-11
9.748009e-15
1.533317e-16
-2.535553e-11
-1.874643e-15
-1.61793e-16
-2.064472e-11
7.435877e-15
2.013058e-16
-1.325472e-11
-7.607111e-16
7.392643e-18
1.391053e-13
-3.202845e-11
-1.952443e-14
-7.810509e-16
-3.251558e-11
-2.530016e-13
-1.153644e-15
-3.325902e-11
1.359727e-14
2.164678e-16
-2.958687e-11
2.075074e-14
-1.804106e-17
-2.530325e-11
1.280431e-14
1.672818e-16
-2.042959e-11
1.284877e-14
-2.098973e-16
-1.33447e-11
-3.367686e-14
-2.64792e-16
1.856492e-14
-3.260165e-11
-1.478856e-13
-4.345793e-15
-3.367724e-11
-3.620186e-15
4.786118e-17
-2.955094e-11
3.380988e-14
5.435898e-16
-2.504459e-11
1.648174e-15
-3.457948e-16
-2.071671e-11
-1.317375e-15
1.926988e-16
-1.33038e-11
2.815587e-14
1.252061e-16
-7.976891e-14
-3.26349e-11
2.157628e-14
-1.334866e-16
-2.949121e-11
1.367884e-14
1.328709e-16
-2.550701e-11
-3.441043e-14
1.308795e-16
-2.076799e-11
4.727002e-14
3.433784e-16
-1.316625e-11
7.861932e-15
-1.746326e-16
-3.9533e-14
-2.9748e-11
-7.218891e-15
1.710297e-16
-2.559462e-11
2.069502e-15
1.109941e-16
-2.065193e-11
-5.150448e-15
1.928391e-16
-1.334991e-11
-5.035712e-14
-2.021865e-16
-8.224821e-15
-2.577278e-11
-1.855483e-14
5.431045e-17
-2.077798e-11
-1.286211e-14
7.334475e-17
-1.345163e-11
-2.756479e-14
1.172152e-16
-2.351908e-14
-2.089367e-11
-3.309023e-14
1.780246e-16
-1.359774e-11
-3.555775e-14
1.268698e-16
-6.007207e-14
-1.403078e-11
-3.436034e-14
2.971107e-16
-2.877657e-14
7.924312e-14
-6.133648e-12
6.307169e-14
-1.183098e-11
3.243872e-14
-1.938736e-11
5.338926e-15
-2.0325e-11
-3.555504e-14
-3.246725e-11
-5.61475e-15
-3.672074e-11
6.879198e-15
-3.151474e-11
-9.891354e-16
-3.297944e-11
1.565904e-15
-3.382438e-11
4.781973e-15
-3.250506e-11
-3.107546e-16
-3.002947e-11
4.59612e-17
-2.551199e-11
-4.568644e-16
-2.128536e-11
5.180051e-16
-1.34825e-11
-4.408722e-16
-5.667837e-12
-6.995458e-12
-5.018474e-12
7.600915e-14
-1.376148e-11
-5.37339e-12
5.854565e-14
-2.222724e-11
-6.383053e-12
4.221467e-15
-2.153083e-11
-1.114001e-11
3.899477e-14
-3.09178e-11
1.584267e-13
5.699749e-15
-2.772878e-11
2.584394e-13
-7.965515e-15
-3.660187e-11
8.488361e-14
4.845826e-15
-3.228687e-11
-1.839275e-13
-2.671699e-15
-3.530367e-11
-4.580226e-13
-5.259569e-16
-3.547411e-11
-1.635257e-14
5.92879e-16
-2.926191e-11
-2.238758e-14
-3.905266e-16
-2.618531e-11
-3.25868e-14
-1.511021e-16
-2.151073e-11
8.949381e-14
8.231987e-16
-1.328936e-11
-5.01325e-15
-4.140743e-16
-1.039832e-11
-1.653779e-11
-1.208927e-11
6.369641e-14
-2.383024e-11
-1.125349e-11
5.607959e-14
-2.668359e-11
-1.156417e-11
4.001422e-14
-3.789376e-11
2.443394e-14
6.876993e-16
-3.383135e-11
-4.866282e-13
3.881476e-15
-3.301096e-11
5.238761e-13
3.685868e-15
-3.132702e-11
-3.135301e-13
-6.425595e-15
-3.566523e-11
6.176751e-13
7.224561e-15
-3.313736e-11
3.178836e-14
-3.362177e-16
-2.986624e-11
-2.598942e-14
-9.22805e-17
-2.597837e-11
3.413949e-14
2.601976e-16
-2.103945e-11
2.837424e-14
-1.703011e-16
-1.365124e-11
-2.596553e-14
7.459742e-17
-1.822691e-11
-2.571476e-11
-1.68813e-11
4.88288e-14
-2.767156e-11
-1.792085e-11
7.410538e-14
-3.781733e-11
1.712162e-13
2.992553e-15
-3.271158e-11
3.959292e-14
1.178434e-15
-3.359512e-11
-3.107659e-13
-3.999643e-15
-3.616501e-11
-2.288992e-13
7.830703e-15
-3.259488e-11
-1.685903e-13
-6.941239e-15
-3.542732e-11
-1.497085e-14
6.469666e-16
-3.053829e-11
-2.494983e-15
7.462093e-17
-2.590976e-11
5.042776e-14
1.770466e-16
-2.042205e-11
-4.28072e-14
-5.120397e-16
-1.389312e-11
-3.00558e-14
1.613632e-16
-2.334622e-11
-3.735154e-11
-2.506874e-11
2.325037e-14
-3.309475e-11
1.868693e-13
-2.188003e-15
-3.613075e-11
-1.709753e-13
-1.32129e-15
-3.811905e-11
1.427447e-13
3.555355e-15
-3.425225e-11
3.316098e-13
-1.70944e-15
-3.446756e-11
-4.555871e-13
-1.06478e-15
-3.463191e-11
5.705386e-14
4.668394e-16
-2.95463e-11
-1.436155e-14
-1.89719e-16
-2.650456e-11
-2.525328e-14
8.204979e-17
-2.123677e-11
-5.401978e-14
-2.487807e-16
-1.385762e-11
5.215693e-14
6.144492e-16
-1.888074e-11
-3.396053e-11
2.455671e-13
3.266297e-15
-3.192614e-11
5.057794e-13
-3.655429e-16
-3.171339e-11
7.752863e-13
2.005994e-15
-3.098446e-11
3.151513e-13
2.964686e-17
-3.317451e-11
5.308191e-13
-1.340155e-15
-3.360918e-11
3.530079e-14
-2.140189e-16
-3.004556e-11
-4.261766e-14
-3.658396e-16
-2.644774e-11
1.033411e-14
5.003938e-16
-2.114007e-11
7.599982e-14
7.104497e-16
-1.337777e-11
7.171235e-14
-2.548375e-16
2.936111e-13
-3.330339e-11
1.53269e-13
2.443084e-15
-3.30983e-11
1.319843e-13
4.97868e-17
-3.366872e-11
1.098135e-14
5.509363e-16
-3.372e-11
2.884544e-13
1.545182e-15
-3.340179e-11
3.193364e-14
7.807033e-17
-2.934283e-11
4.587381e-14
-9.909891e-17
-2.55861e-11
9.172156e-14
9.195676e-17
-2.059029e-11
5.047904e-14
5.89225e-17
-1.334859e-11
1.497911e-15
-7.151283e-17
3.61408e-13
-3.171588e-11
2.268943e-13
1.533373e-15
-3.181345e-11
3.127959e-13
6.470557e-17
-3.231833e-11
4.030901e-13
7.497594e-16
-3.284755e-11
9.593404e-15
-2.689935e-17
-2.941442e-11
-1.046676e-14
-5.599382e-17
-2.561286e-11
1.145599e-14
4.420099e-17
-2.064594e-11
5.223235e-15
-4.991792e-17
-1.336576e-11
-7.144694e-16
7.390388e-17
1.404587e-13
-3.285068e-11
8.744959e-14
1.227111e-15
-3.22949e-11
-2.88457e-14
-3.888525e-16
-3.294312e-11
-1.111364e-14
-1.402815e-16
-2.977082e-11
-1.674692e-14
-1.325285e-16
-2.592587e-11
1.033839e-14
1.661421e-16
-2.048813e-11
-3.136062e-15
-1.745624e-16
-1.334243e-11
7.351349e-15
2.110103e-16
1.47964e-13
-3.243502e-11
-5.521967e-14
-1.414656e-15
-3.308515e-11
-2.565175e-14
-9.052058e-17
-2.959269e-11
1.347531e-14
2.329408e-16
-2.559688e-11
2.125858e-14
-3.455802e-17
-2.044952e-11
1.314285e-14
1.76739e-16
-1.322504e-11
1.350753e-14
-2.160457e-16
-7.82879e-14
-3.289693e-11
-1.423186e-14
-4.75846e-16
-2.992972e-11
-6.6208e-15
3.118995e-17
-2.557447e-11
3.467659e-14
5.644668e-16
-2.027827e-11
1.824622e-15
-3.560094e-16
-1.33754e-11
-1.102553e-15
1.996773e-16
-8.220858e-15
-2.914148e-11
2.367578e-14
-5.872225e-17
-2.552919e-11
1.335029e-14
1.166636e-16
-2.060265e-11
-3.457367e-14
1.471692e-16
-1.340996e-11
4.889164e-14
3.513023e-16
-3.436383e-14
-2.576042e-11
-8.913437e-15
1.74054e-16
-2.068268e-11
3.06801e-15
1.21643e-16
-1.337325e-11
-5.462436e-15
1.990603e-16
-9.534143e-15
-2.082589e-11
-1.904206e-14
5.14118e-17
-1.346617e-11
-1.291457e-14
7.921924e-17
-2.594414e-14
-1.355928e-11
-3.362504e-14
1.886123e-16
-6.187262e-14
-5.519899e-12
8.535804e-14
-1.125984e-11
6.126154e-14
-1.729804e-11
3.363869e-14
-2.587919e-11
3.838805e-14
-3.062199e-11
2.930816e-15
-3.199263e-11
-6.991762e-15
-3.576797e-11
7.20863e-15
-3.272123e-11
2.440018e-16
-3.348548e-11
1.352565e-15
-3.453924e-11
4.040542e-16
-2.922954e-11
-2.327868e-16
-2.60808e-11
1.626928e-17
-2.074043e-11
-4.663281e-16
-1.378191e-11
5.339845e-16
-4.498262e-12
-1.280563e-11
-5.138125e-12
7.817517e-14
-2.091326e-11
-3.227019e-12
6.516982e-14
-3.059775e-11
-8.3423e-12
5.587286e-15
-2.456591e-11
1.501835e-13
-3.980598e-15
-3.114741e-11
1.097508e-13
7.061661e-15
-2.923595e-11
2.35981e-13
-7.908006e-15
-3.625345e-11
-1.18427e-15
2.952391e-15
-3.2807e-11
-9.830474e-14
-2.310125e-15
-3.518122e-11
-5.584347e-14
-1.228451e-17
-3.147915e-11
-6.556365e-15
5.912794e-16
-2.554953e-11
-2.449655e-14
-3.889253e-16
-2.119263e-11
-3.17014e-14
-1.470445e-16
-1.388257e-11
9.2458e-14
8.487401e-16
-1.090484e-11
-2.392006e-11
-9.154059e-12
7.525774e-14
-3.179385e-11
-1.675472e-11
2.832493e-14
-2.818719e-11
-6.361616e-13
-2.887058e-15
-3.742576e-11
-2.131347e-14
8.933094e-16
-3.419161e-11
-3.834932e-13
3.169153e-15
-3.33993e-11
6.885974e-13
5.009312e-15
-3.27797e-11
-2.510008e-13
-5.218098e-15
-3.545212e-11
7.29383e-14
6.64434e-16
-2.961869e-11
3.495947e-14
-3.071753e-16
-2.593345e-11
-2.684956e-14
-1.118693e-16
-2.104532e-11
3.534973e-14
2.692193e-16
-1.364726e-11
2.738311e-14
-1.86098e-16
-1.567521e-11
-3.351174e-11
-2.228201e-11
2.750333e-14
-3.014295e-11
-4.986329e-13
-3.77501e-15
-3.733192e-11
2.154762e-13
3.071538e-15
-3.326721e-11
1.628483e-13
8.73117e-16
-3.385341e-11
-3.21157e-13
-3.925223e-15
-3.572186e-11
-2.422354e-13
7.827723e-15
-3.352637e-11
-1.48617e-14
-6.551136e-16
-3.153136e-11
-1.971115e-14
6.477238e-16
-2.642344e-11
-3.660802e-15
7.947083e-17
-2.09462e-11
5.009417e-14
1.606256e-16
-1.333899e-11
-4.32523e-14
-5.170116e-16
-2.496575e-11
-3.176472e-11
1.469211e-13
1.777641e-15
-3.345987e-11
1.761834e-13
-2.775605e-15
-3.584911e-11
-5.385272e-14
-1.19355e-16
-3.68275e-11
1.310688e-13
4.91891e-15
-3.381008e-11
4.718774e-13
-3.13013e-15
-3.44444e-11
-5.748224e-14
-9.017309e-17
-3.088232e-11
5.414419e-14
4.252225e-16
-2.569695e-11
-1.752577e-14
-1.937761e-16
-2.135599e-11
-2.772545e-14
5.438194e-17
-1.37254e-11
-5.540859e-14
-2.353423e-16
1.080194e-13
-3.385782e-11
2.414143e-13
3.147619e-15
-3.215976e-11
5.291779e-13
-9.953281e-17
-3.224071e-11
6.786804e-13
1.958583e-15
-3.199426e-11
3.749947e-13
-2.578008e-16
-3.38911e-11
3.991358e-14
-1.172166e-16
-2.993571e-11
4.474257e-14
-2.367256e-16
-2.599289e-11
-4.067861e-14
-3.932542e-16
-2.129136e-11
1.35467e-14
5.300347e-16
-1.365068e-11
8.081767e-14
7.318805e-16
2.923324e-13
-3.335164e-11
9.863846e-14
2.605882e-15
-3.309846e-11
1.532846e-13
-1.91784e-16
-3.379904e-11
1.307809e-13
8.632125e-16
-3.368867e-11
1.53171e-14
1.750474e-16
-2.974673e-11
3.33946e-14
6.455693e-17
-2.546498e-11
4.67049e-14
-1.014226e-16
-2.068202e-11
9.597324e-14
9.544324e-17
-1.334837e-11
5.167134e-14
5.916846e-17
3.608154e-13
-3.222884e-11
2.686539e-13
1.31549e-15
-3.257513e-11
2.885225e-13
5.321942e-16
-3.305559e-11
4.037856e-14
9.484702e-17
-2.928746e-11
7.196836e-15
-4.576574e-17
-2.54974e-11
-1.191526e-14
-5.860711e-17
-2.067982e-11
1.238331e-14
5.082594e-17
-1.335654e-11
5.103439e-15
-5.264146e-17
1.337482e-13
-3.305089e-11
1.129402e-13
1.406912e-15
-3.278635e-11
9.857716e-16
-4.405592e-17
-2.934988e-11
-1.111761e-14
-1.538402e-16
-2.573788e-11
-1.692606e-14
-1.440613e-16
-2.086778e-11
1.094187e-14
1.785107e-16
-1.326786e-11
-3.874301e-15
-1.849826e-16
1.296629e-13
-3.294265e-11
-1.117105e-14
-1.531529e-16
-2.951098e-11
-2.801199e-14
-5.833847e-17
-2.56094e-11
1.38736e-14
2.446476e-16
-2.064265e-11
2.2294e-14
-4.169706e-17
-1.324302e-11
1.344629e-14
1.833651e-16
2.331484e-15
-2.930897e-11
-1.080766e-14
-4.981702e-16
-2.586601e-11
-6.342421e-15
3.261744e-17
-2.063514e-11
3.54721e-14
5.781133e-16
-1.315622e-11
1.889642e-15
-3.671225e-16
-1.549162e-14
-2.529642e-11
2.509099e-14
-3.730963e-17
-2.060845e-11
1.269812e-14
1.103525e-16
-1.333178e-11
-3.535025e-14
1.575973e-16
-3.413106e-14
-2.078979e-11
-9.64394e-15
1.78724e-16
-1.339326e-11
3.639234e-15
1.276206e-16
-9.761182e-15
-1.34919e-11
-1.935047e-14
5.112388e-17
-2.728901e-14
-9.848973e-12
8.900405e-14
-1.656339e-11
6.901892e-14
-2.079547e-11
4.057993e-14
-3.456172e-11
1.110649e-15
-3.095346e-11
4.733319e-15
-3.165899e-11
-8.157807e-15
-3.510238e-11
5.536403e-15
-3.308573e-11
2.675304e-16
-3.41136e-11
2.064653e-16
-3.07708e-11
3.640894e-16
-2.555053e-11
-1.904256e-16
-2.111141e-11
1.004771e-19
-1.351949e-11
-4.79052e-16
-4.279444e-12
-1.93525e-11
-3.014693e-12
8.757054e-14
-2.72694e-11
-5.193117e-12
2.406457e-14
-4.265408e-11
3.468587e-13
1.020929e-14
-2.602134e-11
1.530839e-13
-5.734727e-15
-3.148583e-11
9.556335e-14
6.638009e-15
-3.085615e-11
1.105828e-13
-6.286144e-15
-3.611942e-11
1.097725e-13
2.462371e-15
-3.339844e-11
-2.337825e-14
-3.719371e-16
-3.131387e-11
-5.058758e-14
1.045015e-16
-2.71479e-11
-5.950701e-15
5.930006e-16
-2.076421e-11
-2.563687e-14
-4.188947e-16
-1.37452e-11
-3.17489e-14
-1.467211e-16
-8.29946e-12
-3.130303e-11
-1.81499e-11
5.775312e-14
-3.687333e-11
4.988921e-13
3.848891e-15
-2.952778e-11
-7.4409e-13
-2.690705e-15
-3.693011e-11
-7.508922e-14
3.468832e-16
-3.405402e-11
-3.601365e-13
1.777191e-15
-3.35361e-11
6.073746e-13
6.212683e-15
-3.420684e-11
-3.148561e-14
-5.996929e-16
-3.135747e-11
8.377743e-14
6.755478e-16
-2.571517e-11
3.645246e-14
-3.123289e-16
-2.09897e-11
-2.798308e-14
-1.282459e-16
-1.366728e-11
3.598353e-14
2.814294e-16
-1.938297e-11
-3.966615e-11
5.417881e-13
6.054374e-15
-3.079672e-11
-5.081746e-13
-5.151006e-15
-3.660787e-11
3.048722e-13
2.716199e-15
-3.321481e-11
1.226002e-13
1.305329e-15
-3.410568e-11
-2.867546e-13
-3.95779e-15
-3.513847e-11
-2.209681e-14
8.506521e-16
-3.004889e-11
-2.109432e-14
-6.051922e-16
-2.715088e-11
-1.845507e-14
6.643235e-16
-2.130737e-11
-4.157525e-15
7.260246e-17
-1.359326e-11
5.126049e-14
1.627548e-16
5.287875e-13
-3.241178e-11
6.462889e-14
2.598752e-15
-3.389151e-11
1.444969e-13
-3.175268e-15
-3.497891e-11
-1.2053e-13
-1.464199e-17
-3.611016e-11
2.433053e-13
4.825873e-15
-3.405856e-11
4.795843e-14
-2.868502e-16
-3.068397e-11
-5.315089e-14
-1.1673e-16
-2.67349e-11
5.117544e-14
4.268947e-16
-2.083183e-11
-1.926201e-14
-1.853547e-16
-1.378902e-11
-2.993838e-14
3.591331e-17
8.527968e-14
-3.368178e-11
3.150676e-13
3.361917e-15
-3.255268e-11
4.86034e-13
-1.557528e-16
-3.290754e-11
8.244339e-13
9.58028e-16
-3.303734e-11
2.690051e-14
5.535783e-18
-3.018554e-11
4.973708e-14
-8.022414e-17
-2.59463e-11
4.922543e-14
-2.435082e-16
-2.097738e-11
-3.954182e-14
-4.109616e-16
-1.374029e-11
1.488604e-14
5.571042e-16
2.372489e-13
-3.331799e-11
7.699512e-14
2.460536e-15
-3.328413e-11
2.115087e-13
1.349878e-16
-3.388817e-11
-1.190683e-15
6.910076e-17
-2.995288e-11
2.347181e-14
1.842751e-16
-2.576352e-11
3.295941e-14
6.08577e-17
-2.060937e-11
4.907774e-14
-1.062949e-16
-1.340049e-11
9.974133e-14
1.013543e-16
3.705331e-13
-3.273991e-11
2.462221e-13
1.059724e-15
-3.30779e-11
2.773918e-14
4.150176e-17
-2.948639e-11
4.077667e-14
1.185764e-16
-2.54119e-11
7.311853e-15
-4.185871e-17
-2.060671e-11
-1.281215e-14
-6.379353e-17
-1.338114e-11
1.294044e-14
5.556388e-17
1.714662e-13
-3.326012e-11
1.729549e-14
1.444663e-16
-2.921243e-11
2.962928e-15
-3.677411e-17
-2.542886e-11
-1.000484e-14
-1.540784e-16
-2.074575e-11
-1.782397e-14
-1.609773e-16
-1.34537e-11
1.146049e-14
1.89228e-16
1.293628e-14
-2.933211e-11
-1.559972e-14
-2.091668e-16
-2.55525e-11
-2.912266e-14
-5.814273e-17
-2.066369e-11
1.382317e-14
2.563415e-16
-1.333833e-11
2.316185e-14
-4.556126e-17
1.741826e-15
-2.539672e-11
-1.136334e-14
-5.169758e-16
-2.083344e-11
-6.411762e-15
3.251525e-17
-1.334289e-11
3.671645e-14
5.973111e-16
-1.806965e-14
-2.047627e-11
2.600397e-14
-1.794577e-17
-1.33332e-11
1.27819e-14
1.088501e-16
-3.30888e-14
-1.344643e-11
-9.989357e-15
1.841753e-16
-9.958068e-15
-1.388664e-11
9.850528e-14
-1.980198e-11
-3.434803e-14
-2.617575e-11
-4.52191e-15
-3.461342e-11
1.597606e-15
-3.190993e-11
5.476747e-15
-3.231718e-11
-8.384541e-15
-3.54755e-11
4.255942e-15
-3.297942e-11
-1.192167e-17
-3.05457e-11
2.801914e-16
-2.663277e-11
3.14514e-16
-2.07965e-11
-1.644682e-16
-1.370034e-11
-1.090807e-17
-2.775395e-12
-2.485935e-11
-8.488401e-12
7.979954e-14
-3.706481e-11
-1.010629e-12
-5.526423e-16
-4.123216e-11
4.567895e-13
1.031249e-14
-2.822036e-11
2.630194e-13
-4.91186e-15
-3.220241e-11
-1.30224e-14
4.513664e-15
-3.187565e-11
5.588789e-14
-5.093728e-15
-3.545788e-11
1.137648e-14
4.058925e-16
-2.985019e-11
-2.012777e-14
-4.330433e-16
-2.705129e-11
-5.392215e-14
1.001622e-16
-2.181803e-11
-3.094416e-15
6.118314e-16
-1.352717e-11
-2.666657e-14
-4.416793e-16
-1.643702e-11
-3.502437e-11
1.546723e-14
-1.253196e-15
-3.611928e-11
5.321538e-13
3.19114e-15
-3.09506e-11
-6.707181e-13
-3.093614e-15
-3.62045e-11
-1.771152e-13
2.306048e-15
-3.388149e-11
-3.181125e-13
5.574549e-16
-3.367465e-11
6.192245e-14
5.584287e-16
-3.04896e-11
-2.650266e-14
-4.893147e-16
-2.704346e-11
8.527705e-14
6.871532e-16
-2.085401e-11
3.950055e-14
-3.068409e-16
-1.363095e-11
-2.957061e-14
-1.375897e-16
-2.22624e-13
-3.887956e-11
5.021743e-13
6.32423e-15
-3.189098e-11
-4.075989e-13
-3.848098e-15
-3.570464e-11
1.679864e-13
2.515642e-15
-3.345654e-11
4.657084e-14
3.98181e-16
-3.426931e-11
-3.747923e-14
-3.838471e-16
-3.120883e-11
-2.23353e-14
8.166139e-16
-2.607827e-11
-1.994095e-14
-6.193189e-16
-2.178907e-11
-1.601329e-14
6.857214e-16
-1.377998e-11
-5.175434e-15
6.55706e-17
4.89767e-13
-3.295919e-11
1.627592e-13
2.820972e-15
-3.439551e-11
1.423015e-13
-3.33265e-15
-3.460455e-11
-5.257779e-14
-1.792505e-15
-3.578766e-11
2.654142e-14
5.319747e-16
-3.04408e-11
5.068263e-14
-2.189275e-16
-2.653594e-11
-5.71348e-14
-1.08482e-16
-2.152073e-11
5.022448e-14
4.389311e-16
-1.353459e-11
-2.119093e-14
-1.83178e-16
1.734875e-13
-3.364754e-11
2.332947e-13
3.345064e-15
-3.298638e-11
5.927966e-13
-2.587159e-17
-3.351278e-11
7.433181e-14
1.817137e-16
-2.949637e-11
3.696019e-14
-3.590077e-17
-2.609871e-11
5.516485e-14
-9.418427e-17
-2.096139e-11
5.321081e-14
-2.544718e-16
-1.357698e-11
-4.059386e-14
-4.295407e-16
2.379108e-13
-3.338581e-11
1.153622e-13
2.610058e-15
-3.351445e-11
1.44225e-14
6.423189e-18
-3.012641e-11
4.290476e-15
5.996481e-17
-2.592349e-11
2.335348e-14
1.96361e-16
-2.080342e-11
3.391193e-14
6.004295e-17
-1.337015e-11
5.075379e-14
-1.126214e-16
3.487287e-13
-3.315944e-11
2.115337e-14
1.129184e-16
-2.947426e-11
2.448874e-14
4.509454e-17
-2.555471e-11
4.09469e-14
1.166217e-16
-2.055348e-11
7.506849e-15
-4.245444e-17
-1.334673e-11
-1.380237e-14
-6.715212e-17
1.792417e-14
-2.959565e-11
1.981721e-14
1.522497e-16
-2.532537e-11
3.893753e-15
-3.369213e-17
-2.054275e-11
-1.003429e-14
-1.594698e-16
-1.339954e-11
-1.890126e-14
-1.718804e-16
1.301606e-14
-2.540765e-11
-1.583642e-14
-2.080757e-16
-2.062301e-11
-3.060546e-14
-6.595143e-17
-1.335732e-11
1.423483e-14
2.669616e-16
2.859442e-15
-2.051964e-11
-1.15878e-14
-5.311959e-16
-1.344126e-11
-6.393264e-15
3.219663e-17
-2.092791e-14
-1.327795e-11
2.681443e-14
-1.202164e-17
-3.344583e-14
-1.614319e-11
5.606559e-15
-2.840891e-11
5.612546e-15
-2.757751e-11
-5.439734e-15
-3.474295e-11
2.522539e-16
-3.258352e-11
5.923087e-15
-3.29185e-11
-6.587772e-15
-3.555541e-11
5.443448e-16
-2.957085e-11
-6.23943e-17
-2.652e-11
3.128485e-16
-2.146405e-11
2.882912e-16
-1.356106e-11
-1.582567e-16
-1.547624e-11
-2.499932e-11
-5.230886e-13
-5.637029e-15
-3.6981e-11
-1.050865e-12
-3.37959e-16
-3.948957e-11
4.479081e-13
9.690278e-15
-3.025631e-11
2.597017e-13
-3.673583e-15
-3.277206e-11
-6.353195e-15
4.932568e-15
-3.254093e-11
1.77607e-14
-6.298738e-16
-3.137848e-11
1.513663e-14
3.921431e-16
-2.592987e-11
-1.967032e-14
-4.415897e-16
-2.176374e-11
-5.621086e-14
1.009745e-16
-1.405409e-11
-2.497615e-15
6.37772e-16
-2.953842e-13
-3.485077e-11
6.773006e-14
-1.256232e-15
-3.502949e-11
5.87312e-13
2.247291e-15
-3.172521e-11
-7.323592e-13
-2.194592e-15
-3.542009e-11
-8.730573e-14
1.285799e-15
-3.417435e-11
-4.077787e-14
2.223566e-16
-3.009987e-11
5.548228e-14
5.02446e-16
-2.641924e-11
-2.966607e-14
-5.087857e-16
-2.175177e-11
8.710825e-14
6.995257e-16
-1.357196e-11
4.152444e-14
-3.090504e-16
-1.832068e-13
-3.784994e-11
3.779528e-13
5.510091e-15
-3.27694e-11
-4.747723e-13
-2.932763e-15
-3.510015e-11
2.798843e-13
2.346358e-15
-3.42794e-11
4.813634e-15
4.981769e-17
-3.057929e-11
-3.637472e-14
-3.784123e-16
-2.694467e-11
-2.323033e-14
8.252384e-16
-2.109643e-11
-1.771456e-14
-6.228804e-16
-1.40245e-11
-1.52015e-14
7.156333e-16
3.983203e-13
-3.289287e-11
2.23679e-13
2.059234e-15
-3.434641e-11
2.039427e-13
-2.255061e-15
-3.483611e-11
-1.467142e-14
-6.35582e-17
-3.173434e-11
2.187304e-14
4.739522e-16
-2.639361e-11
4.887976e-14
-2.347131e-16
-2.139976e-11
-5.930489e-14
-9.289113e-17
-1.387988e-11
5.08389e-14
4.492274e-16
1.629e-13
-3.384045e-11
3.299985e-13
3.436907e-15
-3.348905e-11
5.515963e-14
-1.562839e-17
-2.985157e-11
8.414161e-14
1.598271e-16
-2.56117e-11
4.119754e-14
-1.670272e-17
-2.105088e-11
6.105882e-14
-1.000439e-16
-1.357374e-11
5.530107e-14
-2.685937e-16
3.98037e-13
-3.366581e-11
7.332786e-15
2.51836e-16
-2.985335e-11
1.679583e-14
4.377891e-17
-2.604946e-11
5.052991e-15
5.215521e-17
-2.092121e-11
2.486909e-14
2.034233e-16
-1.346454e-11
3.436098e-14
6.320348e-17
3.208126e-14
-2.954626e-11
2.195363e-14
1.070272e-16
-2.555669e-11
2.451049e-14
4.777364e-17
-2.064946e-11
4.190584e-14
1.16962e-16
-1.332266e-11
7.709858e-15
-4.37899e-17
1.916623e-14
-2.562148e-11
2.030194e-14
1.555019e-16
-2.048088e-11
4.105092e-15
-2.767899e-17
-1.330002e-11
-1.033613e-14
-1.64054e-16
1.368771e-14
-2.05274e-11
-1.560229e-14
-2.085594e-16
-1.333711e-11
-3.191255e-14
-7.120392e-17
3.392104e-15
-1.328292e-11
-1.2054e-14
-5.491802e-16
-2.255088e-14
-3.161121e-11
4.130057e-15
-2.933316e-11
6.624319e-15
-2.95045e-11
-6.336954e-15
-3.471852e-11
-9.52447e-16
-3.302831e-11
6.29061e-15
-3.34755e-11
-7.083823e-16
-3.152861e-11
5.483786e-16
-2.582278e-11
-2.946539e-17
-2.143131e-11
3.340673e-16
-1.387071e-11
2.841874e-16
4.816387e-13
-2.613129e-11
-5.095049e-13
-6.525686e-15
-3.682411e-11
-9.516784e-13
6.980496e-16
-3.750603e-11
3.744211e-13
6.827658e-15
-3.15232e-11
3.336053e-13
-1.71272e-15
-3.369633e-11
4.17629e-15
5.424466e-16
-2.916628e-11
2.30915e-14
-6.386644e-16
-2.709568e-11
1.849087e-14
3.966326e-16
-2.100831e-11
-1.935555e-14
-4.367749e-16
-1.403623e-11
-5.906043e-14
9.641927e-17
-3.913167e-13
-3.415976e-11
1.612687e-13
-5.580698e-16
-3.425581e-11
2.17363e-13
2.107952e-15
-3.27431e-11
-6.255724e-13
-2.326663e-15
-3.468995e-11
-1.250162e-14
1.110538e-16
-3.051778e-11
-4.540265e-14
2.378083e-16
-2.616051e-11
5.590623e-14
5.411265e-16
-2.134509e-11
-3.028196e-14
-5.253966e-16
-1.402171e-11
8.918768e-14
7.182299e-16
-5.512391e-14
-3.675557e-11
2.178928e-13
5.068393e-15
-3.302128e-11
-2.221108e-13
-2.680899e-15
-3.505023e-11
2.557987e-14
2.987337e-16
-3.060304e-11
6.822763e-15
5.333569e-17
-2.649978e-11
-3.444299e-14
-3.944652e-16
-2.169244e-11
-2.304703e-14
8.581093e-16
-1.368739e-11
-1.790701e-14
-6.454792e-16
4.233723e-13
-3.318044e-11
3.608673e-13
2.267285e-15
-3.406908e-11
9.941114e-15
-2.970686e-16
-3.10599e-11
-9.666589e-15
-5.883098e-17
-2.725531e-11
2.116366e-14
4.809459e-16
-2.129756e-11
4.928169e-14
-2.659702e-16
-1.382588e-11
-6.179038e-14
-8.550483e-17
2.118539e-13
-3.396224e-11
2.682132e-14
3.740406e-16
-2.985642e-11
6.557881e-14
1.786297e-18
-2.587938e-11
8.621676e-14
1.544651e-16
-2.07439e-11
4.503352e-14
-9.547726e-18
-1.361577e-11
6.461101e-14
-1.013719e-16
3.087252e-14
-2.99665e-11
7.85495e-15
2.492931e-16
-2.58594e-11
1.787704e-14
5.885688e-17
-2.09983e-11
6.30122e-15
4.660891e-17
-1.35342e-11
2.56099e-14
2.104789e-16
3.356927e-14
-2.560362e-11
2.320383e-14
1.125883e-16
-2.065796e-11
2.497477e-14
5.191026e-17
-1.337343e-11
4.312813e-14
1.205185e-16
1.981605e-14
-2.067925e-11
2.041934e-14
1.635357e-16
-1.327309e-11
4.191941e-15
-2.668358e-17
1.418963e-14
-1.329001e-11
-1.576528e-14
-2.107635e-16
3.972196e-15
-3.16774e-11
2.299419e-15
-3.04078e-11
8.25246e-15
-3.12612e-11
-5.45379e-15
-3.419781e-11
-1.399829e-15
-3.337204e-11
6.126755e-16
-3.001516e-11
-6.79388e-16
-2.722061e-11
5.26221e-16
-2.09942e-11
-1.355243e-18
-1.387636e-11
3.483628e-16
5.023067e-13
-2.831935e-11
-4.924762e-13
-5.717286e-15
-3.595344e-11
-8.574381e-13
1.081702e-15
-3.584242e-11
3.809567e-13
7.330229e-15
-3.265618e-11
3.187275e-14
-3.493729e-16
-3.016293e-11
8.660151e-15
5.755727e-16
-2.547016e-11
2.43278e-14
-6.430787e-16
-2.180751e-11
2.051966e-14
3.953082e-16
-1.366257e-11
-2.021926e-14
-4.384902e-16
-1.398412e-13
-3.351424e-11
1.855084e-13
-2.232373e-16
-3.443619e-11
3.243611e-13
2.738785e-15
-3.378049e-11
-6.845525e-14
-2.336867e-16
-3.085428e-11
-9.790854e-15
7.217933e-17
-2.644769e-11
-4.639004e-14
2.280034e-16
-2.118992e-11
5.753534e-14
5.705707e-16
-1.382134e-11
-3.11344e-14
-5.469821e-16
-3.659591e-13
-3.641814e-11
3.320086e-13
3.965585e-15
-3.363864e-11
-3.830285e-14
-2.799322e-16
-3.12052e-11
2.004996e-14
2.718265e-16
-2.648046e-11
7.618127e-15
5.871051e-17
-2.14e-11
-3.415523e-14
-4.124298e-16
-1.399734e-11
-2.400755e-14
8.873778e-16
5.385953e-13
-3.395468e-11
2.528968e-14
2.345609e-16
-3.036831e-11
1.265004e-14
-3.497799e-16
-2.682019e-11
-9.699686e-15
-3.411356e-17
-2.185371e-11
2.218865e-14
4.9884e-16
-1.376937e-11
4.985924e-14
-2.895519e-16
8.669018e-15
-3.023256e-11
3.081251e-14
3.977711e-16
-2.588851e-11
6.968704e-14
6.226286e-18
-2.092228e-11
9.113649e-14
1.499604e-16
-1.34729e-11
4.688625e-14
-6.570407e-18
3.364024e-14
-2.594151e-11
8.026758e-15
2.6309e-16
-2.088371e-11
1.921066e-14
7.200151e-17
-1.356887e-11
6.066135e-15
4.468943e-17
3.507338e-14
-2.068835e-11
2.43538e-14
1.197859e-16
-1.338131e-11
2.553659e-14
5.248501e-17
2.023294e-14
-1.337198e-11
2.053674e-14
1.685462e-16
1.465748e-14
-3.221996e-11
2.870754e-15
-3.090784e-11
5.890425e-15
-3.215761e-11
-2.896218e-15
-3.399622e-11
-1.619098e-16
-2.988436e-11
6.159116e-16
-2.60856e-11
-6.939196e-16
-2.190188e-11
5.104025e-16
-1.367727e-11
1.26776e-17
5.624037e-13
-3.03939e-11
-6.101873e-13
-5.065142e-15
-3.497783e-11
-7.023366e-13
1.530818e-15
-3.542238e-11
3.682848e-14
7.411175e-16
-2.931701e-11
3.597432e-14
-3.755042e-16
-2.617876e-11
9.239338e-15
5.842417e-16
-2.073384e-11
2.540301e-14
-6.473164e-16
-1.406409e-11
2.104276e-14
3.976233e-16
-1.98449e-13
-3.372459e-11
3.764725e-13
5.759076e-17
-3.506091e-11
2.29343e-14
2.152847e-16
-3.014681e-11
-6.305714e-14
-2.093033e-16
-2.666781e-11
-1.068132e-14
7.78288e-17
-2.136652e-11
-4.754776e-14
2.196682e-16
-1.376315e-11
5.968097e-14
5.996296e-16
-3.156375e-13
-3.579194e-11
2.237611e-14
4.324022e-16
-3.01087e-11
-4.24787e-14
-2.695267e-16
-2.694392e-11
1.991825e-14
2.956744e-16
-2.136691e-11
8.21721e-15
5.859895e-17
-1.385023e-11
-3.484453e-14
-4.309702e-16
4.540899e-14
-3.034917e-11
3.160339e-14
3.267382e-16
-2.634253e-11
1.177593e-14
-3.813986e-16
-2.159923e-11
-9.579631e-15
-3.363275e-17
-1.405122e-11
2.277667e-14
5.270903e-16
2.250186e-14
-2.616424e-11
3.254261e-14
4.162564e-16
-2.093483e-11
7.403013e-14
9.706106e-18
-1.35635e-11
9.486261e-14
1.528548e-16
3.457027e-14
-2.093695e-11
9.10438e-15
2.741048e-16
-1.351832e-11
1.975157e-14
7.83649e-17
3.622994e-14
-1.339895e-11
2.530652e-14
1.269565e-16
2.075096e-14
-3.266207e-11
3.711575e-15
-3.139031e-11
5.004376e-15
-3.288733e-11
-4.312346e-16
-3.037707e-11
-1.836697e-16
-2.600659e-11
6.583893e-16
-2.11327e-11
-7.169933e-16
-1.411782e-11
5.147079e-16
3.395807e-13
-3.130365e-11
-5.622947e-13
-5.319658e-15
-3.481541e-11
-8.3709e-14
1.543627e-16
-3.177882e-11
3.305036e-14
8.014401e-16
-2.562291e-11
3.812105e-14
-3.505723e-16
-2.118936e-11
8.516261e-15
5.944056e-16
-1.354002e-11
2.617229e-14
-6.620627e-16
4.297031e-15
-3.471822e-11
2.148328e-14
-6.598829e-17
-3.121273e-11
3.693198e-14
2.807919e-16
-2.614708e-11
-6.137283e-14
-2.14472e-16
-2.151214e-11
-1.077815e-14
9.613358e-17
-1.384743e-11
-4.903226e-14
2.180831e-16
-3.607624e-14
-3.170973e-11
2.783754e-14
4.518685e-16
-2.612958e-11
-4.435041e-14
-2.707187e-16
-2.168828e-11
2.246336e-14
2.998908e-16
-1.382927e-11
8.420486e-15
6.406235e-17
4.284892e-14
-2.631809e-11
3.409985e-14
3.674632e-16
-2.124942e-11
1.212444e-14
-4.08118e-16
-1.393691e-11
-1.105161e-14
-3.682018e-17
2.569744e-14
-2.112238e-11
3.425772e-14
4.351636e-16
-1.357432e-11
7.736061e-14
1.085245e-17
3.641795e-14
-1.354577e-11
9.28456e-15
2.856301e-16
3.747267e-14
-3.332237e-11
5.285236e-15
-3.288031e-11
5.360372e-16
-2.950643e-11
-4.714261e-16
-2.636044e-11
-2.063558e-16
-2.111e-11
7.058053e-16
-1.373823e-11
-7.431312e-16
3.499019e-13
-3.247036e-11
-5.585578e-14
-4.755005e-16
-3.111749e-11
-8.950055e-14
1.478085e-16
-2.742776e-11
3.137391e-14
8.041767e-16
-2.085035e-11
4.140545e-14
-3.355878e-16
-1.376453e-11
8.202474e-15
6.098063e-16
-6.460858e-15
-3.094586e-11
2.409989e-14
-8.011277e-17
-2.695357e-11
3.793735e-14
2.865064e-16
-2.11809e-11
-6.268649e-14
-2.214666e-16
-1.392511e-11
-1.132363e-14
1.072046e-16
-3.201839e-14
-2.73051e-11
2.847188e-14
4.428214e-16
-2.115517e-11
-4.288662e-14
-2.750168e-16
-1.399916e-11
2.411786e-14
3.087892e-16
3.987279e-14
-2.126446e-11
3.734747e-14
4.086335e-16
-1.374544e-11
1.163776e-14
-4.328218e-16
2.933047e-14
-1.36734e-11
3.507962e-14
4.527873e-16
3.739148e-14
-3.324801e-11
5.816528e-16
-2.981644e-11
6.799485e-16
-2.576705e-11
-4.766275e-16
-2.132547e-11
-2.192499e-16
-1.374332e-11
7.400171e-16
4.652523e-14
-2.923928e-11
-5.132548e-14
-4.764489e-16
-2.689859e-11
-9.280094e-14
1.346318e-16
-2.201587e-11
3.15719e-14
8.00515e-16
-1.360436e-11
4.343781e-14
-3.430471e-16
-5.100135e-15
-2.673326e-11
2.376065e-14
-8.607553e-17
-2.170829e-11
3.769509e-14
2.892641e-16
-1.376437e-11
-6.546522e-14
-2.336115e-16
-3.255233e-14
-2.192211e-11
2.93546e-14
4.49927e-16
-1.374053e-11
-4.376805e-14
-2.779503e-16
4.024399e-14
-1.377126e-11
3.941468e-14
4.364447e-16
3.103318e-14
-2.975243e-11
4.972315e-16
-2.603713e-11
7.120152e-16
-2.095039e-11
-4.790538e-16
-1.384387e-11
-2.309334e-16
5.042009e-14
-2.552148e-11
-4.896117e-14
-4.78864e-16
-2.168578e-11
-9.274204e-14
1.461745e-16
-1.417575e-11
3.294124e-14
8.185255e-16
-3.749856e-15
-2.156066e-11
2.495993e-14
-8.464979e-17
-1.402144e-11
3.756476e-14
2.957228e-16
-3.248853e-14
-1.411398e-11
2.959521e-14
4.620265e-16
4.073727e-14
-2.600382e-11
5.21881e-16
-2.1123e-11
7.272941e-16
-1.365721e-11
-4.965867e-16
5.329507e-14
-2.079522e-11
-4.90385e-14
-4.739917e-16
-1.402717e-11
-9.529739e-14
1.541449e-16
-1.355286e-15
-1.394869e-11
2.603797e-14
-8.562711e-17
-3.385353e-14
-2.115219e-11
5.68623e-16
-1.374627e-11
7.503418e-16
5.60522e-14
-1.35948e-11
-5.117917e-14
-4.830283e-16
-3.750884e-16
-1.377898e-11
6.04115e-16
5.776448e-14
)
;

boundaryField
{
    airInlet
    {
        type            calculated;
        value           nonuniform List<scalar> 
100
(
-1e-10
-1e-10
-1e-10
-1e-10
-1e-10
-1e-10
-1e-10
-1e-10
-1e-10
-1e-10
-1e-10
-1e-10
-1e-10
-1e-10
-1e-10
-1e-10
-1e-10
-1e-10
-1e-10
-1e-10
-1e-10
-1e-10
-1e-10
-1e-10
-1e-10
-1e-10
-1e-10
-1e-10
-1e-10
-1e-10
-1e-10
-1e-10
-1e-10
-1e-10
-1e-10
-1e-10
-1e-10
-1e-10
-1e-10
-1e-10
-1e-10
-1e-10
-1e-10
-1e-10
-1e-10
-1e-10
-1e-10
-1e-10
-1e-10
-1e-10
-1e-10
-1e-10
-1e-10
-1e-10
-1e-10
-1e-10
-1e-10
-1e-10
-1e-10
-1e-10
-1e-10
-1e-10
-1e-10
-1e-10
-1e-10
-1e-10
-1e-10
-1e-10
-1e-10
-1e-10
-1e-10
-1e-10
-1e-10
-1e-10
-1e-10
-1e-10
-1e-10
-1e-10
-1e-10
-1e-10
-1e-10
-1e-10
-1e-10
-1e-10
-1e-10
-1e-10
-1e-10
-1e-10
-1e-10
-1e-10
-1e-10
-1e-10
-1e-10
-1e-10
-1e-10
-1e-10
-1e-10
-1e-10
-1e-10
-1e-10
)
;
    }
    airOutlet
    {
        type            calculated;
        value           nonuniform List<scalar> 
100
(
2.136336e-12
4.469793e-11
8.534846e-11
1.190754e-10
1.463667e-10
1.671482e-10
1.80382e-10
1.838063e-10
1.718732e-10
1.279414e-10
3.481693e-11
1.33346e-10
2.260913e-10
3.006008e-10
3.570436e-10
3.94915e-10
4.111291e-10
3.995932e-10
3.470286e-10
2.225895e-10
5.729601e-11
1.979694e-10
3.262108e-10
4.271977e-10
5.013194e-10
5.471431e-10
5.602234e-10
5.326593e-10
4.473816e-10
2.706853e-10
7.116597e-11
2.383274e-10
3.883383e-10
5.060414e-10
5.908923e-10
6.408154e-10
6.50598e-10
6.117183e-10
5.052792e-10
2.970346e-10
7.777166e-11
2.578633e-10
4.179336e-10
5.437524e-10
6.336689e-10
6.853171e-10
6.932434e-10
6.487098e-10
5.319624e-10
3.089362e-10
7.771192e-11
2.576728e-10
4.179258e-10
5.43722e-10
6.336315e-10
6.852762e-10
6.93205e-10
6.486903e-10
5.319311e-10
3.088801e-10
7.106711e-11
2.382232e-10
3.881709e-10
5.058606e-10
5.907127e-10
6.406554e-10
6.504735e-10
6.116258e-10
5.052027e-10
2.969595e-10
5.70963e-11
1.979214e-10
3.258498e-10
4.268512e-10
5.010178e-10
5.468924e-10
5.600212e-10
5.324967e-10
4.47237e-10
2.704844e-10
3.457488e-11
1.332689e-10
2.257438e-10
3.001932e-10
3.567061e-10
3.946286e-10
4.108854e-10
3.993774e-10
3.468548e-10
2.222922e-10
5.641607e-12
4.477851e-11
8.523609e-11
1.188848e-10
1.461978e-10
1.669869e-10
1.802272e-10
1.836107e-10
1.715753e-10
1.274706e-10
)
;
    }
    cathodeSides
    {
        type            calculated;
        value           uniform 0;
    }
    air_to_interconnect
    {
        type            calculated;
        value           uniform 0;
    }
    air_to_electrolyte
    {
        type            calculated;
        value           uniform 0;
    }
}


// ************************************************************************* //
