/*--------------------------------*- C++ -*----------------------------------*\
| =========                 |                                                 |
| \\      /  F ield         | OpenFOAM: The Open Source CFD Toolbox           |
|  \\    /   O peration     | Version:  2312                                  |
|   \\  /    A nd           | Website:  www.openfoam.com                      |
|    \\/     M anipulation  |                                                 |
\*---------------------------------------------------------------------------*/
FoamFile
{
    version     2.0;
    format      ascii;
    arch        "LSB;label=32;scalar=64";
    class       volScalarField;
    location    "1.5";
    object      contErrCp;
}
// * * * * * * * * * * * * * * * * * * * * * * * * * * * * * * * * * * * * * //

dimensions      [1 -1 -3 -1 0 0 0];

internalField   nonuniform List<scalar> 
52000
(
0
0
0
0
0
0
0
0
0
0
0
0
0
0
0
0
0
0
0
0
0
0
0
0
0
0
0
0
0
0
0
0
0
0
0
0
0
0
0
0
0
0
0
0
0
0
0
0
0
0
0
0
0
0
0
0
0
0
0
0
0
0
0
0
0
0
0
0
0
0
0
0
0
0
0
0
0
0
0
0
0
0
0
0
0
0
0
0
0
0
0
0
0
0
0
0
0
0
0
0
0
0
0
0
0
0
0
0
0
0
0
0
0
0
0
0
0
0
0
0
0
0
0
0
0
0
0
0
0
0
0
0
0
0
0
0
0
0
0
0
0
0
0
0
0
0
0
0
0
0
0
0
0
0
0
0
0
0
0
0
0
0
0
0
0
0
0
0
0
0
0
0
0
0
0
0
0
0
0
0
0
0
0
0
0
0
0
0
0
0
0
0
0
0
0
0
0
0
0
0
0
0
0
0
0
0
0
0
0
0
0
0
0
0
0
0
0
0
0
0
0
0
0
0
0
0
0
0
0
0
0
0
0
0
0
0
0
0
0
0
-0.0002165282
0
0
0
0
0
0
0
0
0
0
0
0
0
0
0
0
0
0
0
0
0
0
0
0
0
0
0
0
0
0
0
0
0
0
0
0
0
0
0
0
0
0
0
0
0
0
0
0
0
0
0
0
0
0
0
0
0
0
0
0
0
0
0
0
0
-0.0001839875
0
0
0
0
0
-0.0001340487
-0.0001434312
0
0
0
0
0
0
0
0
0
0
0
0
0
0
0
0
0
0
0
0
0
0
0
0
0
0
0
0
0
0
0
0
0
0
0
0
0
0
0
0
0
0
0
0
0
0
0
0
0
0
0
0
0
0
0
0
0
0
0
0
0
0
0
0
0
0
0
0
0
0
-0.0002097705
0
0
0
0
0
-0.0002142289
-0.0002381973
0
0
0
0
0
-0.0002189563
-0.0002281451
0.01300355
0
0
0
0
0
0
0
0
0
0
0
0
0
0
0
0
0
0
0
0
0
0
0
0
0
0
0
0
0
0
0
0
0
0
0
0
0
0
0
0
0
0
0
0
0
0
0
0
0
0
0
0
0
0
0
0
0
0
0
0
0
0
0
0
0
0
0
0
0
0
0
0
0
0
0
-0.0001712452
0
0
0
0
0
-0.0001784357
-0.0001966754
0
0
0
0
0
-0.0001728017
-0.0001942981
-3.603295e-05
0
0
0
0
0
-0.0001642394
-0.0001604269
-0.0001512896
0.01550862
0
0
0
0
0
0
0
0
0
0
0
0
0
0
0
0
0
0
0
0
0
0
0
0
0
0
0
0
0
0
0
0
0
0
0
0
0
0
0
0
0
0
0
0
0
0
0
0
0
0
0
0
0
0
0
0
0
0
0
0
0
0
0
0
0
0
0
0
0
0
0
0
0
0
0
0
0
0
0
0
-0.0001920808
0
0
0
0
0
-0.0002127418
-0.0002271926
0
0
0
0
0
-0.000213076
-0.0002415434
-7.873396e-05
0
0
0
0
0
-0.000217134
-0.0002364969
-0.0002145298
4.072489e-05
0
0
0
0
0
-0.0002187173
-0.000241399
-0.0002136555
0.002134651
0.01538038
0
0
0
0
0
0
0
0
0
0
0
0
0
0
0
0
0
0
0
0
0
0
0
0
0
0
0
0
0
0
0
0
0
0
0
0
0
0
0
0
0
0
0
0
0
0
0
0
0
0
0
0
0
0
0
0
0
0
0
0
0
0
0
0
0
0
0
0
0
0
0
0
0
0
0
0
0
0
0
0
0
0
0
0
0
-0.0001920724
0
0
0
0
0
-0.0001733146
-0.0001864877
0
0
0
0
0
-0.0001754986
-0.0002027148
-6.452194e-05
0
0
0
0
0
-0.0001713489
-0.0002019718
-0.0002070332
3.580241e-05
0
0
0
0
0
-0.0001681462
-0.0001963321
-0.000198284
7.535971e-05
7.818984e-05
0
0
0
0
0
-0.0001556614
-0.0001853528
-0.0001658464
0.000232135
0.002976154
0.003140519
0
0
0
0
0
0
0
0
0
0
0
0
0
0
0
0
0
0
0
0
0
0
0
0
0
0
0
0
0
0
0
0
0
0
0
0
0
0
0
0
0
0
0
0
0
0
0
0
0
0
0
0
0
0
0
0
0
0
0
0
0
0
0
0
0
0
0
0
0
2.315125e-06
0
0
0
0
0
0
0
0
0
0
0
0
0
0
0
0
0
0
0
0
-0.0001712481
0
0
0
0
0
-0.0001733183
-0.0001864911
0
0
0
0
0
-0.0002017432
-0.0002313958
-7.432581e-05
0
0
0
0
0
-0.0002060525
-0.0002385304
-0.0002551706
0.00121428
0
0
0
0
0
-0.0001824897
-0.0002373232
-0.0001963908
4.102499e-05
7.927766e-05
0
0
0
0
0
-0.0001889671
-0.0002423154
-0.0002243162
5.019027e-05
0.0001023418
0.0006380893
0
0
0
0
0
-0.0002179928
-0.0002404212
-0.0002490664
4.268795e-05
0.001291325
0.0009415384
0.2923998
0
0
0
0
0
0
0
0
0
0
0
0
0
0
0
0
0
0
0
0
0
0
0
0
0
0
0
0
0
0
0
0
0
0
0
0
0
0
0
0
0
0
0
0
0
0
0
0
0
0
0
0
0
0
0
0
0
8.416803e-06
0
0
0
0
0
0
0
0
0
0
0
0
0
0
0
2.125811e-06
4.32987e-06
0
0
0
0
0
0
0
0
0
0
0
0
0
0
0
0
0
0
0
0
-0.0002097727
0
0
0
0
0
-0.0002127434
-0.0002271938
0
0
0
0
0
-0.0002017342
-0.0002313922
-7.432984e-05
0
0
0
0
0
-0.0001681606
-0.0001983263
-0.0002192866
0.001339546
0
0
0
0
0
-0.0001630518
-0.0001998987
-0.0001995124
5.804634e-05
0.001116077
0
0
0
0
0
-0.0001638063
-0.0001950059
-0.0001961035
4.461134e-05
9.641931e-05
0.000130727
0
0
0
0
0
-0.0001597321
-0.0001908812
-0.0002076598
6.454284e-05
0.0001039041
0.0001531373
0.2682321
0
0
0
0
0
-0.0001486391
-0.0001780513
-0.0001900662
7.820221e-05
0.001064105
0.0002553046
0.2941557
-5.732891e-05
0
0
0
0
0
0
0
0
0
0
0
0
0
0
0
0
0
0
0
0
0
0
0
0
0
0
0
0
0
0
0
0
0
0
0
0
0
0
0
0
0
0
0
0
2.739823e-05
0
0
0
0
0
0
0
0
0
0
0
0
0
0
0
7.54387e-06
1.527827e-05
0
0
0
0
0
0
0
0
0
0
0
0
0
0
0
8.702903e-07
3.217806e-06
1.525941e-06
0
0
0
0
0
0
0
0
0
0
0
0
0
0
0
0
0
0
0
0
-0.0001839874
0
0
0
0
0
-0.0001784395
-0.0001966788
0
0
0
0
0
-0.0001755018
-0.0002027187
-6.451841e-05
0
0
0
0
0
-0.0001681681
-0.0001983296
-0.0002192913
0.001339545
0
0
0
0
0
-0.0002052854
-0.0002288931
-0.0002458193
3.857585e-05
0.001731647
0
0
0
0
0
-0.0002050049
-0.0002313905
-0.0002258216
3.870063e-05
9.380093e-05
0.0001307807
0
0
0
0
0
-0.0001980068
-0.0002069934
-0.0002523448
4.579559e-05
9.736573e-05
0.0001481548
0.2933803
0
0
0
0
0
-0.000218787
-0.0002107066
-0.0002553251
5.338749e-05
0.001139892
0.0001652894
0.2875241
0.0441005
0
0
0
0
0
-0.0001900655
-0.0002387166
-0.0002481261
4.768217e-05
0.001031634
0.0002064657
0.2980385
0.01497098
-8.545603e-06
0
0
0
0
0
0
0
0
0
0
0
0
0
0
0
0
0
0
0
0
0
0
0
0
0
0
0
0
0
0
9.992219e-05
0
0
0
0
0
0
0
0
0
0
0
0
0
0
0
2.495486e-05
4.12263e-05
0
0
0
0
0
0
0
0
0
0
0
0
0
0
0
5.843687e-06
1.294691e-05
1.859426e-05
0
0
0
0
0
0
0
0
0
0
0
0
0
0
0
7.532421e-07
3.343979e-07
-1.815107e-07
2.472378e-06
0
0
0
0
0
0
0
0
0
0
0
0
0
0
0
0
0
0
0
0
-0.0002165259
0
0
0
0
0
-0.0002142305
-0.0002381983
0
0
0
0
0
-0.0002130772
-0.0002415446
-7.872884e-05
0
0
0
0
0
-0.0002060492
-0.0002385316
-0.000255172
0.001214273
0
0
0
0
0
-0.0002052821
-0.0002288842
-0.0002458151
3.857753e-05
0.001731647
0
0
0
0
0
-0.0001767385
-0.0001913452
-0.0002096942
5.053136e-05
9.057605e-05
0.0001449944
0
0
0
0
0
-0.0001739154
-0.0001869935
-0.0002114413
5.157432e-05
9.351636e-05
0.0001462037
0.3039022
0
0
0
0
0
-0.0001702907
-0.0001870065
-0.0002059365
5.56952e-05
0.000248392
0.0001520297
0.2896203
0.02035113
0
0
0
0
0
-0.0001750639
-0.0001820286
-0.0001987933
5.848918e-05
0.001131915
0.0001747755
0.2987123
0.02300951
-4.517774e-05
0
0
0
0
0
-0.0001868473
-0.0001678548
-0.0001840831
7.374098e-05
0.001033533
0.000198596
0.299045
0.01128874
-4.359377e-05
2.5416e-05
0
0
0
0
0
0
0
0
0
0
0
0
0
0
0
9.406655e-05
0
0
0
0
0
0
0
0
0
0
0
0
0
0
0
8.467908e-05
8.822409e-05
0
0
0
0
0
0
0
0
0
0
0
0
0
0
0
2.243567e-05
3.57268e-05
4.510863e-05
0
0
0
0
0
0
0
0
0
0
0
0
0
0
0
8.268127e-07
4.431171e-07
1.345662e-05
6.444632e-06
0
0
0
0
0
0
0
0
0
0
0
0
0
0
0
7.303546e-07
3.929098e-07
-4.414614e-08
4.015264e-07
6.44171e-06
0
0
0
0
0
0
0
0
0
0
0
0
0
0
0
0
0
0
0
0
0
0
0
0
0
-0.0001340559
-0.000143433
0
0
0
0
0
-0.0001728057
-0.0001943007
-3.603175e-05
0
0
0
0
0
-0.0001713518
-0.0002019751
-0.0002070292
3.580252e-05
0
0
0
0
0
-0.0001630548
-0.0001999021
-0.0001995125
5.804763e-05
0.001116077
0
0
0
0
0
-0.0001767465
-0.0001913528
-0.000209697
5.052677e-05
9.057604e-05
0.0001449945
0
0
0
0
0
-0.0002179949
-0.0002300649
-0.0002420452
3.656105e-05
9.294347e-05
0.000146141
0.3094685
0
0
0
0
0
-0.0002167324
-0.0002293269
-0.0002440063
3.983402e-05
9.515147e-05
0.0001487584
0.2918347
0.01031727
0
0
0
0
0
-0.0002165376
-0.0002235464
-0.0002195967
3.165195e-05
0.0009407501
0.0001605435
0.2986958
0.02116267
0.00108876
0
0
0
0
0
-0.0001977271
-0.0002422263
-0.0002196288
2.901814e-05
0.001089463
0.0001927216
0.3006904
0.01358121
0.0008725136
0.0002422051
0
0
0
0
0
-0.0002112529
-0.0002099381
-0.0002448522
3.80546e-05
0.001033349
0.0001989868
0.2993506
0.01028237
0.0001582599
0.0002124589
8.979703e-05
0
0
0
0
0
0
0
0
0
0
0
0
0
0
0
8.172339e-05
9.063085e-05
0
0
0
0
0
0
0
0
0
0
0
0
0
0
0
6.128336e-05
7.435268e-05
8.022302e-05
0
0
0
0
0
0
0
0
0
0
0
0
0
0
0
9.505885e-07
2.094704e-05
3.730597e-05
4.044239e-05
0
0
0
0
0
0
0
0
0
0
0
0
0
0
0
8.041747e-07
4.852568e-07
7.789888e-08
-3.983522e-07
1.112037e-05
0
0
0
0
0
0
0
0
0
0
0
0
0
0
0
7.034339e-07
3.796046e-07
3.830848e-08
-3.398527e-07
-8.609528e-07
-6.489676e-07
0
0
0
0
0
0
0
0
0
0
0
0
0
0
0
0
0
0
0
0
0
0
0
0
0
0
0
0
0
0
-0.0002189509
-0.0002281464
0.01300414
0
0
0
0
0
-0.0002171265
-0.0002364983
-0.0002145255
4.072493e-05
0
0
0
0
0
-0.0001824888
-0.0002373243
-0.0001963864
4.10245e-05
7.927768e-05
0
0
0
0
0
-0.0002050015
-0.0002313871
-0.0002258245
3.870232e-05
9.380091e-05
0.0001307807
0
0
0
0
0
-0.0002179883
-0.0002300617
-0.0002420358
3.656189e-05
9.294319e-05
0.000146141
0.3094685
0
0
0
0
0
-0.0001791437
-0.0002012651
-0.0002009118
5.345703e-05
9.263144e-05
0.0001478793
0.2946183
0.004399199
0
0
0
0
0
-0.0001807045
-0.0001971601
-0.0001966036
5.349177e-05
0.0003566879
0.0001494725
0.2985424
0.01935759
0.0002158269
0
0
0
0
0
-0.0001830413
-0.0001928481
-0.0001974825
4.269699e-05
0.001046683
0.000174164
0.3010567
0.01376967
0.0005012171
0.0001182027
0
0
0
0
0
-0.0001857656
-0.0001971297
-0.0001908101
5.264749e-05
0.001061028
0.0001919378
0.3012474
0.01132881
0.0003036282
0.0001090209
-1.749337e-05
0
0
0
0
0
-0.000166339
-0.0002099494
-0.0001698884
4.944096e-05
0.001030589
0.0001993727
0.2994651
0.009948951
9.280058e-05
0.0001127448
-2.224856e-05
0.0001898293
0
0
0
0
0
0
0
0
0
0
0
0
0
0
0
6.19291e-05
7.660037e-05
8.71972e-05
0
0
0
0
0
0
0
0
0
0
0
0
0
0
0
1.167113e-06
5.231029e-05
6.688539e-05
7.395425e-05
0
0
0
0
0
0
0
0
0
0
0
0
0
0
0
9.283002e-07
7.025683e-07
3.735997e-07
2.757386e-05
1.770107e-05
0
0
0
0
0
0
0
0
0
0
0
0
0
0
0
7.767289e-07
4.696031e-07
1.444793e-07
-2.053376e-07
-7.189097e-07
2.570613e-06
0
0
0
0
0
0
0
0
0
0
0
0
0
0
0
6.800218e-07
3.474699e-07
3.117401e-08
-2.642677e-07
-6.491294e-07
5.375125e-07
-8.434669e-07
0
0
0
0
0
0
0
0
0
0
0
0
0
0
0
0
0
0
0
0
0
0
0
0
0
0
0
0
0
0
0
0
0
0
0
-0.0001642414
-0.0001604312
-0.0001512821
0.01550862
0
0
0
0
0
-0.0001681488
-0.0001963363
-0.0001982786
7.535964e-05
7.818989e-05
0
0
0
0
0
-0.0001638089
-0.0001950091
-0.0001960995
4.461144e-05
9.64191e-05
0.000130727
0
0
0
0
0
-0.0001739183
-0.0001869964
-0.0002114447
5.157543e-05
9.351669e-05
0.0001462036
0.3039022
0
0
0
0
0
-0.0001791476
-0.0002012732
-0.0002009197
5.345488e-05
9.263146e-05
0.0001478793
0.2946183
0.004399199
0
0
0
0
0
-0.0002044837
-0.0002429474
-0.000240592
3.85751e-05
9.765998e-05
0.0001486097
0.2996552
0.01704201
1.256282e-05
0
0
0
0
0
-0.0002032164
-0.0002414013
-0.0002396399
3.592823e-05
0.0008517733
0.0001580281
0.3011771
0.01365074
0.0002519048
0.0001420877
0
0
0
0
0
-0.0002031832
-0.0002406369
-0.0002356401
3.283791e-05
0.001039784
0.000183146
0.3017677
0.01126728
0.0002767178
0.0001153944
-1.561717e-05
0
0
0
0
0
-0.0002052383
-0.0002205083
-0.0002523846
4.377183e-05
0.001049486
0.0001912753
0.3014146
0.01073194
0.0001383591
3.771673e-05
-1.97468e-05
6.807635e-06
0
0
0
0
0
-0.0001674032
-0.0002331224
-0.0002164685
3.347124e-05
0.001030348
0.0002004347
0.2995104
0.009838535
7.603398e-05
-1.998958e-05
-2.243871e-05
0.0001684204
0.0001573531
0
0
0
0
0
0
0
0
0
0
0
0
0
0
0
1.667533e-06
5.567286e-05
7.262487e-05
8.440764e-05
0
0
0
0
0
0
0
0
0
0
0
0
0
0
0
1.145885e-06
1.129462e-06
2.763642e-05
5.593827e-05
4.917123e-05
0
0
0
0
0
0
0
0
0
0
0
0
0
0
0
9.011562e-07
6.846421e-07
4.334943e-07
1.414138e-07
-3.401699e-07
6.661831e-06
0
0
0
0
0
0
0
0
0
0
0
0
0
0
0
7.525222e-07
4.320873e-07
1.336494e-07
-1.445419e-07
-4.997145e-07
-2.992594e-07
-1.314623e-06
0
0
0
0
0
0
0
0
0
0
0
0
0
0
0
6.613456e-07
3.041839e-07
-4.728796e-09
-2.658027e-07
-5.61749e-07
-8.501512e-07
-1.787601e-07
-6.403484e-07
0
0
0
0
0
0
0
0
0
0
0
0
0
0
0
0
0
0
0
0
0
0
0
0
0
0
0
0
0
0
0
0
0
0
0
0
0
0
0
0
-0.0002187126
-0.0002413935
-0.0002136538
0.002134654
0.01538038
0
0
0
0
0
-0.000188965
-0.0002423076
-0.00022432
5.019026e-05
0.0001023414
0.0006381011
0
0
0
0
0
-0.000198004
-0.0002069861
-0.0002523463
4.579565e-05
9.736572e-05
0.0001481547
0.2933803
0
0
0
0
0
-0.0002167301
-0.0002293234
-0.0002440026
3.983557e-05
9.515152e-05
0.0001487584
0.2918347
0.01031727
0
0
0
0
0
-0.0002044783
-0.0002429408
-0.0002405884
3.858097e-05
9.765767e-05
0.0001486096
0.2996552
0.01704201
1.256282e-05
0
0
0
0
0
-0.0001703814
-0.0002035445
-0.0002109999
6.363914e-05
0.0006999753
0.0001550851
0.3016916
0.01259319
8.46348e-05
0.0001548643
0
0
0
0
0
-0.0001720477
-0.0002047985
-0.0002066894
6.096619e-05
0.0009909527
0.0001704886
0.3017851
0.01145798
0.0002502172
0.0001204911
-1.40431e-05
0
0
0
0
0
-0.0001696844
-0.0002071759
-0.0002025776
5.839782e-05
0.001031816
0.0001843733
0.3020396
0.01036817
0.000133469
3.031168e-05
-1.75096e-05
7.665764e-05
0
0
0
0
0
-0.0001649419
-0.0002091479
-0.0002034322
5.966089e-05
0.001033491
0.0001909426
0.3014597
0.0105858
0.0001027759
-8.574725e-06
-1.982963e-05
0.0001090896
0.0001131159
0
0
0
0
0
-0.0001913071
-0.0001855597
-0.0002177672
6.73723e-05
0.00102953
0.0002006242
0.299533
0.009808362
7.076846e-05
-1.481532e-05
-2.254674e-05
8.88582e-05
0.0001338254
0.000122691
0
0
0
0
0
0
0
0
0
0
0
0
0
0
0
1.649565e-06
2.012119e-06
3.643272e-05
6.57199e-05
6.752561e-05
0
0
0
0
0
0
0
0
0
0
0
0
0
0
0
1.119833e-06
1.111899e-06
1.014507e-06
8.361014e-07
2.388449e-05
1.098777e-05
0
0
0
0
0
0
0
0
0
0
0
0
0
0
0
8.765598e-07
6.475892e-07
4.200315e-07
2.026121e-07
-1.070596e-07
-5.446914e-07
-8.415108e-07
0
0
0
0
0
0
0
0
0
0
0
0
0
0
0
7.32923e-07
3.949252e-07
8.900633e-08
-1.506987e-07
-4.276314e-07
-7.171598e-07
-9.143482e-07
-1.316248e-06
0
0
0
0
0
0
0
0
0
0
0
0
0
0
0
6.444006e-07
2.694261e-07
-6.779092e-08
-3.045842e-07
-5.537087e-07
-7.709092e-07
-8.458379e-07
-1.943279e-07
8.901522e-06
0
0
0
0
0
0
0
0
0
0
0
0
0
0
0
0
0
0
0
0
0
0
0
0
0
0
0
0
0
0
0
0
0
0
0
0
0
0
0
0
0
0
0
0
0
-0.000155666
-0.0001853546
-0.0001658513
0.0002321382
0.002976153
0.003140517
0
0
0
0
0
-0.0001597388
-0.0001908835
-0.0002076639
6.454217e-05
0.0001039041
0.0001531373
0.2682321
0
0
0
0
0
-0.0001702973
-0.000187009
-0.0002059393
5.569606e-05
0.000248391
0.0001520296
0.2896203
0.02035112
0
0
0
0
0
-0.0001807084
-0.0001971632
-0.0001966065
5.349011e-05
0.0003566833
0.0001494724
0.2985424
0.0193576
0.0002158268
0
0
0
0
0
-0.0001703824
-0.0002035486
-0.000211008
6.363792e-05
0.0006999747
0.0001550851
0.3016916
0.01259319
8.463487e-05
0.0001548643
0
0
0
0
0
-0.0001985432
-0.0002284023
-0.0002541443
4.995514e-05
0.000958036
0.0001640856
0.3020332
0.01103361
0.0002037774
0.0001331818
-1.328926e-05
0
0
0
0
0
-0.0001982162
-0.0002269778
-0.0002525881
4.825016e-05
0.001016144
0.0001776663
0.302039
0.01051826
0.0001355673
2.768116e-05
-1.592761e-05
0.0001053286
0
0
0
0
0
-0.0001926921
-0.000226382
-0.0002512748
4.870333e-05
0.001029691
0.0001844516
0.3021441
0.0100534
9.166839e-05
-7.145131e-06
-1.742635e-05
8.553505e-05
8.142545e-05
0
0
0
0
0
-0.000187667
-0.0002276001
-0.0002296901
4.210335e-05
0.0009869088
0.0001909676
0.3014734
0.01056472
9.41911e-05
-4.656193e-06
-1.974816e-05
3.912569e-05
8.864729e-05
8.745408e-05
0
0
0
0
0
-0.0002039039
-0.0001866248
-0.0002393678
5.285717e-05
0.001030003
0.000201872
0.2995432
0.009798999
6.679816e-05
-2.509625e-06
-2.249198e-05
4.20031e-06
4.351246e-05
9.500655e-05
8.10529e-05
0
0
0
0
0
0
0
0
0
0
0
0
0
0
0
1.624526e-06
1.999544e-06
2.110088e-06
2.066128e-06
3.709072e-05
7.863478e-05
0
0
0
0
0
0
0
0
0
0
0
0
0
0
0
1.094946e-06
1.075278e-06
1.001909e-06
9.025803e-07
6.87799e-07
2.513226e-07
1.629655e-07
0
0
0
0
0
0
0
0
0
0
0
0
0
0
0
8.559594e-07
6.100378e-07
3.764871e-07
1.935144e-07
-3.203209e-08
-3.237377e-07
-5.55183e-07
-9.810388e-07
0
0
0
0
0
0
0
0
0
0
0
0
0
0
0
7.150215e-07
3.6754e-07
4.21312e-08
-1.999168e-07
-4.311149e-07
-6.309511e-07
-7.183462e-07
-9.302982e-07
1.177188e-05
0
0
0
0
0
0
0
0
0
0
0
0
0
0
0
6.316525e-07
2.391662e-07
-1.104314e-07
-3.782905e-07
-5.936233e-07
-7.675889e-07
-7.667249e-07
-8.613154e-07
2.283657e-07
5.287808e-07
0
0
0
0
0
0
0
0
0
0
0
0
0
0
0
0
0
0
0
0
0
0
0
0
0
0
0
0
0
0
0
0
0
0
0
0
0
0
0
0
0
0
0
0
0
0
0
0
0
0
-0.0002179908
-0.0002404164
-0.0002490608
4.268846e-05
0.001291324
0.0009415381
0.2923998
0
0
0
0
0
-0.0002187844
-0.0002107048
-0.0002553165
5.338677e-05
0.00113989
0.0001652894
0.2875241
0.0441005
0
0
0
0
0
-0.0002165345
-0.0002235437
-0.0002195891
3.165123e-05
0.0009407462
0.0001605434
0.2986958
0.02116268
0.00108876
0
0
0
0
0
-0.0002032107
-0.000241399
-0.0002396361
3.592952e-05
0.0008517711
0.0001580281
0.3011771
0.01365074
0.0002519049
0.0001420876
0
0
0
0
0
-0.0001985374
-0.0002283967
-0.0002541422
4.995782e-05
0.0009580356
0.0001640856
0.3020332
0.01103361
0.0002037774
0.0001331817
-1.328928e-05
0
0
0
0
0
-0.0001882684
-0.0001937901
-0.0002130543
6.428013e-05
0.0009996902
0.0001737236
0.3021445
0.01036257
0.0001194041
2.640422e-05
-1.513809e-05
0.0001319725
0
0
0
0
0
-0.0001888162
-0.0001950601
-0.0002141709
6.340252e-05
0.001021363
0.000179925
0.3021456
0.01013365
9.692396e-05
-3.058355e-06
-1.581915e-05
9.079584e-05
7.452121e-05
0
0
0
0
0
-0.0001947994
-0.0001904025
-0.0002164435
6.513034e-05
0.001027941
0.0001845192
0.3021839
0.009947449
7.793515e-05
-4.899637e-06
-1.731489e-05
1.778829e-05
6.09567e-05
5.839311e-05
0
0
0
0
0
-0.0001957872
-0.0001863
-0.0002189515
5.92496e-05
0.0009765463
0.0001914474
0.3014765
0.01056658
7.817697e-05
-4.724359e-06
-1.966491e-05
6.276079e-06
1.914134e-05
6.195567e-05
6.004498e-05
0
0
0
0
0
-0.0001793195
-0.0002121373
-0.0001868897
3.666375e-05
0.00102928
0.00020184
0.2995453
0.009795678
4.633579e-05
-7.027565e-06
-2.244514e-05
4.207269e-06
4.09247e-06
3.948518e-06
4.731405e-05
8.924594e-05
0
0
0
0
0
0
0
0
0
0
0
0
0
0
0
1.596764e-06
1.962209e-06
2.103308e-06
2.145428e-06
2.05572e-06
1.647762e-06
6.304271e-05
0
0
0
0
0
0
0
0
0
0
0
0
0
0
0
1.072721e-06
1.036402e-06
9.590669e-07
8.953239e-07
7.701088e-07
5.023847e-07
2.1221e-07
3.716463e-05
0
0
0
0
0
0
0
0
0
0
0
0
0
0
0
8.370669e-07
5.796409e-07
3.287304e-07
1.455594e-07
-3.696675e-08
-2.279219e-07
-3.396178e-07
-5.873495e-07
6.029007e-06
0
0
0
0
0
0
0
0
0
0
0
0
0
0
0
7.018998e-07
3.340981e-07
5.279389e-09
-2.554419e-07
-4.851128e-07
-6.251106e-07
-6.324418e-07
-7.40935e-07
-5.781881e-07
-3.350927e-07
0
0
0
0
0
0
0
0
0
0
0
0
0
0
0
6.224597e-07
2.130873e-07
-1.541043e-07
-4.321843e-07
-6.879e-07
-8.029223e-07
-7.617718e-07
-7.848906e-07
-8.93781e-07
8.430877e-07
1.127742e-05
0
0
0
0
0
0
0
0
0
0
0
0
0
0
0
0
0
0
0
0
0
0
0
0
0
0
0
0
0
0
0
0
0
0
0
0
0
0
0
0
0
0
0
0
0
0
0
0
0
0
0
0
0
0
0
-0.0001486434
-0.0001780559
-0.0001900683
7.819816e-05
0.001064109
0.0002553045
0.2941557
-5.732889e-05
0
0
0
0
0
-0.0001750659
-0.0001820355
-0.0001987958
5.848561e-05
0.001131918
0.0001747756
0.2987123
0.0230095
-4.517774e-05
0
0
0
0
0
-0.0001830439
-0.0001928549
-0.0001974851
4.26934e-05
0.001046681
0.0001741639
0.3010566
0.01376967
0.0005012171
0.0001182026
0
0
0
0
0
-0.0001720489
-0.0002048026
-0.0002066929
6.096497e-05
0.0009909517
0.0001704886
0.3017851
0.01145798
0.0002502172
0.0001204909
-1.404315e-05
0
0
0
0
0
-0.0001882736
-0.000193791
-0.0002130586
6.427856e-05
0.0009996901
0.0001737236
0.3021445
0.01036257
0.0001194041
2.640409e-05
-1.513811e-05
0.0001319724
0
0
0
0
0
-0.0001973168
-0.0002218022
-0.0002382065
3.739823e-05
0.001016596
0.0001778361
0.3021883
0.0100788
9.158909e-05
-3.159796e-06
-1.502422e-05
0.0001061001
6.630162e-05
0
0
0
0
0
-0.000199239
-0.0002210896
-0.0002365316
3.791699e-05
0.001023206
0.0001811052
0.3021881
0.009982659
8.195126e-05
-2.563453e-06
-1.569038e-05
1.410908e-05
5.37782e-05
4.593861e-05
0
0
0
0
0
-0.000203484
-0.0002149653
-0.0002362418
3.846875e-05
0.001028365
0.0001851849
0.3021967
0.00991319
5.445048e-05
-8.61385e-06
-1.721305e-05
7.969553e-06
1.106075e-05
3.707074e-05
4.188717e-05
0
0
0
0
0
-0.0002086336
-0.0002087942
-0.0002356157
3.883997e-05
0.0009466813
0.0001920886
0.3014762
0.01056989
6.326704e-05
-1.313268e-06
-1.961193e-05
6.300254e-06
6.098862e-06
5.902216e-06
3.345986e-05
9.130611e-05
0
0
0
0
0
-0.0001832188
-0.0002252177
-0.0001912842
2.32904e-05
0.001029189
0.0002026515
0.2995459
0.009793874
3.750787e-05
1.752893e-06
-2.243465e-05
4.164485e-06
4.107425e-06
4.068571e-06
3.984474e-06
3.579514e-06
8.826392e-05
0
0
0
0
0
0
0
0
0
0
0
0
0
0
0
1.568348e-06
1.917687e-06
2.06068e-06
2.144739e-06
2.151002e-06
1.933583e-06
1.559115e-06
6.009238e-05
0
0
0
0
0
0
0
0
0
0
0
0
0
0
0
1.052546e-06
1.001383e-06
9.095999e-07
8.48418e-07
7.682852e-07
6.116802e-07
4.566109e-07
1.484195e-07
3.493258e-06
0
0
0
0
0
0
0
0
0
0
0
0
0
0
0
8.235016e-07
5.439218e-07
2.874594e-07
8.895894e-08
-8.787549e-08
-2.170967e-07
-2.443629e-07
-3.787996e-07
-6.39101e-07
-1.071022e-06
0
0
0
0
0
0
0
0
0
0
0
0
0
0
0
6.92287e-07
3.071671e-07
-4.312765e-08
-3.01294e-07
-5.359669e-07
-6.607454e-07
-6.250402e-07
-6.578793e-07
-7.814867e-07
4.816503e-08
1.134968e-05
0
0
0
0
0
0
0
0
0
0
0
0
0
0
0
6.155156e-07
1.932671e-07
-1.927666e-07
-4.881822e-07
-7.338241e-07
-8.587934e-07
-7.951262e-07
-7.799011e-07
-8.196687e-07
-9.395791e-07
1.220248e-05
1.155658e-05
0
0
0
0
0
0
0
0
0
0
0
0
0
0
0
0
0
0
0
0
0
0
0
0
0
0
0
0
0
0
0
0
0
0
0
0
0
0
0
0
0
0
0
0
0
0
0
0
0
0
0
0
0
0
0
0
0
0
0
0
-0.0001900624
-0.0002387147
-0.0002481209
4.768312e-05
0.001031645
0.0002064657
0.2980385
0.01497098
-8.545585e-06
0
0
0
0
0
-0.0001977243
-0.0002422234
-0.0002196268
2.902152e-05
0.001089465
0.0001927217
0.3006904
0.01358121
0.0008725135
0.0002422051
0
0
0
0
0
-0.0002031802
-0.0002406335
-0.0002356373
3.284089e-05
0.001039783
0.000183146
0.3017677
0.01126729
0.0002767178
0.0001153943
-1.561722e-05
0
0
0
0
0
-0.0001982107
-0.0002269717
-0.0002525858
4.825313e-05
0.001016144
0.0001776663
0.302039
0.01051825
0.0001355673
2.768087e-05
-1.592765e-05
0.0001053286
0
0
0
0
0
-0.0001973126
-0.0002217961
-0.0002382005
3.73983e-05
0.001016596
0.000177836
0.3021883
0.0100788
9.1589e-05
-3.159342e-06
-1.502424e-05
0.0001061001
6.63016e-05
0
0
0
0
0
-0.0001737802
-0.000211645
-0.0002019379
4.788871e-05
0.001019035
0.0001795033
0.302206
0.009964429
7.804525e-05
-2.468136e-06
-1.488582e-05
1.176685e-05
4.296991e-05
3.60652e-05
0
0
0
0
0
-0.0001751394
-0.0002125031
-0.0002007524
4.715959e-05
0.001022508
0.0001819722
0.3022027
0.009926291
5.498563e-05
-9.058655e-06
-1.556993e-05
9.147245e-06
9.333592e-06
2.720855e-05
2.96562e-05
0
0
0
0
0
-0.000178156
-0.0002182079
-0.0001960269
4.184967e-05
0.001026942
0.0001858063
0.3022007
0.009902012
4.142397e-05
1.295754e-06
-1.717205e-05
8.004393e-06
7.737409e-06
7.487834e-06
2.143715e-05
9.304515e-05
0
0
0
0
0
-0.0001786007
-0.0002182178
-0.0001907091
3.586788e-05
0.0009162193
0.0001927744
0.3014759
0.0105711
5.85093e-05
4.293859e-06
-1.963279e-05
6.257165e-06
6.127576e-06
6.03879e-06
5.971052e-06
5.666619e-06
9.041307e-05
0
0
0
0
0
-0.0001643004
-0.0001978997
-0.0002181632
4.73102e-05
0.001028696
0.0002037301
0.2995462
0.009791963
3.738315e-05
3.587666e-06
-2.246683e-05
4.096843e-06
4.065992e-06
4.089569e-06
4.11747e-06
3.928088e-06
3.420952e-06
8.018938e-05
0
0
0
0
0
0
0
0
0
0
0
0
0
0
0
1.542478e-06
1.871913e-06
2.00626e-06
2.099504e-06
2.156909e-06
2.062228e-06
1.836073e-06
1.441302e-06
9.497103e-06
0
0
0
0
0
0
0
0
0
0
0
0
0
0
0
1.037703e-06
9.630503e-07
8.619201e-07
7.902109e-07
7.197505e-07
6.309496e-07
5.649331e-07
3.852686e-07
6.342881e-08
-2.759112e-07
0
0
0
0
0
0
0
0
0
0
0
0
0
0
0
8.132716e-07
5.162651e-07
2.356273e-07
3.761573e-08
-1.448638e-07
-2.515466e-07
-2.321471e-07
-2.865726e-07
-4.368004e-07
-7.067963e-07
1.169437e-05
0
0
0
0
0
0
0
0
0
0
0
0
0
0
0
6.8487e-07
2.86461e-07
-8.288211e-08
-3.634127e-07
-5.928596e-07
-7.190958e-07
-6.586772e-07
-6.5046e-07
-7.008561e-07
-8.362055e-07
1.230365e-05
1.166713e-05
0
0
0
0
0
0
0
0
0
0
0
0
0
0
0
6.095018e-07
1.785914e-07
-2.224329e-07
-5.385297e-07
-8.031485e-07
-9.242743e-07
-8.492381e-07
-8.118954e-07
-8.141755e-07
-8.676201e-07
1.26091e-05
1.251219e-05
1.104142e-05
0
0
0
0
0
0
0
0
0
0
0
0
0
0
0
0
0
0
0
0
0
0
0
0
0
0
0
0
0
0
0
0
0
0
0
0
0
0
0
0
0
0
0
0
0
0
0
0
0
0
0
0
0
0
0
0
0
0
0
0
0
0
0
0
0
-0.0001868501
-0.0001678591
-0.0001840878
7.373971e-05
0.001033542
0.0001985963
0.299045
0.01128874
-4.359377e-05
2.541608e-05
0
0
0
0
0
-0.0001857684
-0.0001971315
-0.0001908173
5.264819e-05
0.001061029
0.000191938
0.3012474
0.01132881
0.0003036282
0.0001090209
-1.749342e-05
0
0
0
0
0
-0.0001696867
-0.0002071785
-0.0002025801
5.839814e-05
0.001031816
0.0001843733
0.3020395
0.01036819
0.0001334691
3.031152e-05
-1.750965e-05
7.665761e-05
0
0
0
0
0
-0.0001888206
-0.000195061
-0.0002141753
6.340063e-05
0.001021363
0.000179925
0.3021456
0.01013366
9.69239e-05
-3.05843e-06
-1.581919e-05
9.079575e-05
7.452117e-05
0
0
0
0
0
-0.0001737818
-0.0002116503
-0.000201939
4.788263e-05
0.001019035
0.0001795034
0.302206
0.009964428
7.804514e-05
-2.467272e-06
-1.488584e-05
1.176684e-05
4.296987e-05
3.606517e-05
0
0
0
0
0
-0.0001769592
-0.0002233395
-0.0002320011
3.760599e-05
0.001020508
0.0001809803
0.3022109
0.009920474
5.407256e-05
-6.812949e-06
-1.475563e-05
9.737332e-06
9.367448e-06
1.910138e-05
2.329318e-05
0
0
0
0
0
-0.000173912
-0.0002250012
-0.0002307507
3.665183e-05
0.001022988
0.0001829125
0.3022082
0.009905852
4.299328e-05
3.545915e-06
-1.553218e-05
9.192209e-06
8.871215e-06
8.566449e-06
1.367443e-05
9.400872e-05
0
0
0
0
0
-0.0001729187
-0.0002286734
-0.0002241579
3.509846e-05
0.001027044
0.0001867709
0.3022022
0.009897927
3.806697e-05
6.208154e-06
-1.721465e-05
7.963172e-06
7.775882e-06
7.642147e-06
7.560751e-06
7.182691e-06
9.223937e-05
0
0
0
0
0
-0.0001729887
-0.0002313389
-0.0002162659
2.917376e-05
0.0008718485
0.0001937499
0.3014755
0.01057044
5.857308e-05
5.499386e-06
-1.971118e-05
6.180873e-06
6.088311e-06
6.073263e-06
6.11534e-06
5.979239e-06
5.430126e-06
8.153107e-05
0
0
0
0
0
-0.0001995622
-0.0002003492
-0.0002295114
5.395111e-05
0.001028704
0.0002050568
0.2995466
0.009790557
3.733511e-05
3.545013e-06
-2.252181e-05
4.013402e-06
3.998599e-06
4.050655e-06
4.146201e-06
4.096575e-06
3.755733e-06
3.227031e-06
1.607721e-05
0
0
0
0
0
0
0
0
0
0
0
0
0
0
0
1.521879e-06
1.825207e-06
1.946683e-06
2.038188e-06
2.112323e-06
2.094963e-06
1.962996e-06
1.70993e-06
1.300426e-06
7.784207e-07
0
0
0
0
0
0
0
0
0
0
0
0
0
0
0
1.025933e-06
9.329127e-07
8.070509e-07
7.314034e-07
6.590445e-07
5.996629e-07
5.85304e-07
4.902567e-07
2.939176e-07
-3.813564e-08
1.232446e-05
0
0
0
0
0
0
0
0
0
0
0
0
0
0
0
8.050692e-07
4.943667e-07
1.951184e-07
-2.903891e-08
-2.075035e-07
-3.12301e-07
-2.64655e-07
-2.744175e-07
-3.472139e-07
-5.099527e-07
1.259033e-05
1.194722e-05
0
0
0
0
0
0
0
0
0
0
0
0
0
0
0
6.78386e-07
2.70771e-07
-1.137795e-07
-4.148985e-07
-6.686815e-07
-7.885889e-07
-7.15158e-07
-6.826809e-07
-6.929571e-07
-7.578442e-07
1.271145e-05
1.260627e-05
1.11425e-05
0
0
0
0
0
0
0
0
0
0
0
0
0
0
0
6.041532e-07
1.65453e-07
-2.441205e-07
-5.773327e-07
-8.652605e-07
-1.003335e-06
-9.128697e-07
-8.640454e-07
-8.445059e-07
-8.614794e-07
1.276565e-05
1.293595e-05
1.191577e-05
9.160421e-06
0
0
0
0
0
0
0
0
0
0
0
0
0
0
0
0
0
0
0
0
0
0
0
0
0
0
0
0
0
0
0
0
0
0
0
0
0
0
0
0
0
0
0
0
0
0
0
0
0
0
0
0
0
0
0
0
0
0
0
0
0
0
0
0
0
0
0
0
0
0
-0.0002112504
-0.000209935
-0.0002448499
3.805744e-05
0.001033353
0.0001989872
0.2993506
0.01028237
0.0001582599
0.0002124589
8.979699e-05
0
0
0
0
0
-0.0002052362
-0.0002205055
-0.0002523813
4.377444e-05
0.001049488
0.0001912754
0.3014145
0.01073195
0.0001383591
3.771682e-05
-1.974683e-05
6.807609e-06
0
0
0
0
0
-0.0001926871
-0.0002263787
-0.0002512713
4.870435e-05
0.001029691
0.0001844516
0.3021441
0.01005341
9.166861e-05
-7.145224e-06
-1.742639e-05
8.5535e-05
8.142541e-05
0
0
0
0
0
-0.0001992344
-0.0002210836
-0.0002365254
3.791687e-05
0.001023206
0.0001811052
0.3021881
0.00998266
8.195116e-05
-2.563454e-06
-1.569042e-05
1.410905e-05
5.377815e-05
4.593856e-05
0
0
0
0
0
-0.0001769503
-0.0002233354
-0.0002319952
3.76067e-05
0.001020508
0.0001809804
0.3022109
0.009920472
5.407248e-05
-6.812855e-06
-1.475563e-05
9.737316e-06
9.367432e-06
1.910135e-05
2.329315e-05
0
0
0
0
0
-0.0001604543
-0.000195986
-0.0002224418
5.448898e-05
0.001020323
0.0001817723
0.3022133
0.009903841
4.337208e-05
4.593993e-06
-1.47184e-05
9.792035e-06
9.436644e-06
9.090809e-06
1.092127e-05
9.447512e-05
0
0
0
0
0
-0.0001611402
-0.0001966173
-0.0002240845
5.514333e-05
0.001022385
0.0001837504
0.3022104
0.009897782
4.025005e-05
7.675294e-06
-1.558219e-05
9.153491e-06
8.919381e-06
8.741121e-06
8.621671e-06
8.211632e-06
9.328369e-05
0
0
0
0
0
-0.0001606078
-0.0001987821
-0.0002279799
5.849488e-05
0.001026599
0.0001875924
0.3022026
0.009895266
3.788978e-05
7.105614e-06
-1.732158e-05
7.881902e-06
7.739677e-06
7.686111e-06
7.719954e-06
7.60298e-06
6.887619e-06
8.128034e-05
0
0
0
0
0
-0.0001617984
-0.0001981283
-0.000227011
5.814547e-05
0.0008486702
0.0001947515
0.3014758
0.01056962
5.858937e-05
5.418149e-06
-1.979585e-05
6.072944e-06
6.015327e-06
6.038886e-06
6.158587e-06
6.153981e-06
5.728777e-06
5.151808e-06
1.489197e-05
0
0
0
0
0
-0.0001615125
-0.0001810745
-0.0001990137
4.700045e-05
0.001028393
0.0002055692
0.2995476
0.009789231
3.732344e-05
3.491925e-06
-2.256161e-05
3.931316e-06
3.912479e-06
3.983063e-06
4.113582e-06
4.154518e-06
3.920246e-06
3.550977e-06
3.007571e-06
2.967971e-06
0
0
0
0
0
0
0
0
0
0
0
0
0
0
0
1.50424e-06
1.786225e-06
1.883941e-06
1.967688e-06
2.049391e-06
2.06974e-06
1.996354e-06
1.833017e-06
1.562409e-06
1.141763e-06
1.34885e-05
0
0
0
0
0
0
0
0
0
0
0
0
0
0
0
1.016007e-06
9.078298e-07
7.636086e-07
6.6211e-07
5.8875e-07
5.367681e-07
5.55869e-07
5.104083e-07
3.960476e-07
1.868143e-07
1.323566e-05
1.258886e-05
0
0
0
0
0
0
0
0
0
0
0
0
0
0
0
7.978006e-07
4.769945e-07
1.627416e-07
-8.099079e-08
-2.891616e-07
-3.872109e-07
-3.234246e-07
-3.054858e-07
-3.346719e-07
-4.227248e-07
1.300389e-05
1.287596e-05
1.141384e-05
0
0
0
0
0
0
0
0
0
0
0
0
0
0
0
6.726049e-07
2.565679e-07
-1.369238e-07
-4.551625e-07
-7.315682e-07
-8.73667e-07
-7.826402e-07
-7.370778e-07
-7.2346e-07
-7.492841e-07
1.286975e-05
1.30299e-05
1.201005e-05
9.264542e-06
0
0
0
0
0
0
0
0
0
0
0
0
0
0
0
5.99707e-07
1.533241e-07
-2.637054e-07
-6.0526e-07
-9.130764e-07
-1.072464e-06
-9.89474e-07
-9.255619e-07
-8.945081e-07
-8.900538e-07
1.280079e-05
1.309856e-05
1.232651e-05
9.77721e-06
4.476335e-06
0
0
0
0
0
0
0
0
0
0
0
0
0
0
0
0
0
0
0
0
0
0
0
0
0
0
0
0
0
0
0
0
0
0
0
0
0
0
0
0
0
0
0
0
0
0
0
0
0
0
0
0
0
0
0
0
0
0
0
0
0
0
0
0
0
0
0
0
0
9.406653e-05
0
0
0
0
0
-0.000166342
-0.0002099522
-0.0001698928
4.944025e-05
0.001030595
0.000199373
0.2994651
0.009948951
9.280057e-05
0.0001127445
-2.224857e-05
0.0001898293
0
0
0
0
0
-0.0001649447
-0.0002091507
-0.000203434
5.965878e-05
0.001033491
0.0001909426
0.3014597
0.01058581
0.0001027761
-8.574687e-06
-1.982965e-05
0.0001090896
0.0001131158
0
0
0
0
0
-0.0001948026
-0.0001904051
-0.0002164462
6.512837e-05
0.00102794
0.0001845192
0.3021838
0.009947456
7.79354e-05
-4.899615e-06
-1.731493e-05
1.778826e-05
6.095666e-05
5.839306e-05
0
0
0
0
0
-0.0001751409
-0.0002125082
-0.000200754
4.715372e-05
0.001022507
0.0001819723
0.3022027
0.009926292
5.498561e-05
-9.058661e-06
-1.556993e-05
9.147209e-06
9.333554e-06
2.720849e-05
2.965614e-05
0
0
0
0
0
-0.000160457
-0.0001959876
-0.000222448
5.448648e-05
0.001020323
0.0001817724
0.3022133
0.009903842
4.337203e-05
4.59395e-06
-1.471842e-05
9.792029e-06
9.436627e-06
9.09079e-06
1.092125e-05
9.447509e-05
0
0
0
0
0
-0.0002011743
-0.0001936338
-0.0002359814
4.118416e-05
0.001020775
0.0001827901
0.3022142
0.009897109
4.117108e-05
8.411338e-06
-1.4771e-05
9.756592e-06
9.494368e-06
9.284385e-06
9.126733e-06
8.687648e-06
9.390011e-05
0
0
0
0
0
-0.0001976701
-0.0001921201
-0.0002374526
4.392414e-05
0.001022915
0.0001846175
0.3022109
0.009893787
3.990666e-05
8.262618e-06
-1.570105e-05
9.069811e-06
8.886453e-06
8.795356e-06
8.801318e-06
8.676515e-06
7.875442e-06
8.091167e-05
0
0
0
0
0
-0.0001969789
-0.000191748
-0.0002395327
5.151155e-05
0.001027127
0.0001885626
0.3022027
0.009893589
3.780489e-05
7.001986e-06
-1.742267e-05
7.759632e-06
7.663008e-06
7.656399e-06
7.774073e-06
7.788692e-06
7.288728e-06
6.547568e-06
1.306593e-05
0
0
0
0
0
-0.0001970359
-0.0001906613
-0.0002394434
5.320861e-05
0.0008246479
0.0001955727
0.3014768
0.01056844
5.859118e-05
5.332497e-06
-1.986732e-05
5.969404e-06
5.909447e-06
5.968625e-06
6.132845e-06
6.223527e-06
5.898204e-06
5.442814e-06
4.846488e-06
4.648299e-06
0
0
0
0
0
-0.0001656955
-0.0001874207
-0.0002024549
1.699829e-05
0.001028458
0.0002060183
0.299548
0.009787608
3.733133e-05
3.456248e-06
-2.261127e-05
3.857475e-06
3.827189e-06
3.893176e-06
4.046752e-06
4.140611e-06
3.977754e-06
3.710169e-06
3.323604e-06
2.769111e-06
1.507519e-05
0
0
0
0
0
0
0
0
0
0
0
0
0
0
0
1.488768e-06
1.751612e-06
1.831633e-06
1.892368e-06
1.968151e-06
2.006335e-06
1.972839e-06
1.865831e-06
1.682192e-06
1.398294e-06
1.438483e-05
1.370904e-05
0
0
0
0
0
0
0
0
0
0
0
0
0
0
0
1.0072e-06
8.866654e-07
7.271367e-07
6.073511e-07
5.056697e-07
4.549285e-07
4.951161e-07
4.824027e-07
4.164652e-07
2.862665e-07
1.366431e-05
1.349252e-05
1.20276e-05
0
0
0
0
0
0
0
0
0
0
0
0
0
0
0
7.912881e-07
4.610221e-07
1.372926e-07
-1.226396e-07
-3.518683e-07
-4.790391e-07
-3.961003e-07
-3.62027e-07
-3.639928e-07
-4.095111e-07
1.316651e-05
1.330484e-05
1.227139e-05
9.533122e-06
0
0
0
0
0
0
0
0
0
0
0
0
0
0
0
6.677797e-07
2.434308e-07
-1.580851e-07
-4.848754e-07
-7.809384e-07
-9.430231e-07
-8.650436e-07
-8.022956e-07
-7.755905e-07
-7.77946e-07
1.290573e-05
1.319393e-05
1.242122e-05
9.881632e-06
4.599642e-06
0
0
0
0
0
0
0
0
0
0
0
0
0
0
0
5.972979e-07
1.427496e-07
-2.819761e-07
-6.305749e-07
-9.468128e-07
-1.125173e-06
-1.056517e-06
-9.996814e-07
-9.53916e-07
-9.379316e-07
1.278253e-05
1.313743e-05
1.248877e-05
1.013858e-05
4.9278e-06
0
0
0
0
0
0
0
0
0
0
0
0
0
0
0
0
0
0
0
0
0
0
0
0
0
0
0
0
0
0
0
0
0
0
0
0
0
0
0
0
0
0
0
0
0
0
0
0
0
0
0
0
0
0
0
0
0
0
9.992219e-05
0
0
0
0
0
0
0
0
0
0
0
0
0
0
0
8.172339e-05
9.063084e-05
0
0
0
0
0
-0.0001673988
-0.0002331199
-0.0002164651
3.347287e-05
0.001030352
0.0002004348
0.2995104
0.009838535
7.603397e-05
-1.998952e-05
-2.243873e-05
0.0001684204
0.0001573531
0
0
0
0
0
-0.0001876622
-0.0002275978
-0.0002296869
4.21043e-05
0.0009869124
0.0001909676
0.3014733
0.01056473
9.419138e-05
-4.65614e-06
-1.974819e-05
3.912567e-05
8.864726e-05
8.745406e-05
0
0
0
0
0
-0.0002034791
-0.0002149603
-0.0002362388
3.847005e-05
0.001028364
0.000185185
0.3021967
0.009913198
5.445067e-05
-8.613844e-06
-1.721305e-05
7.969517e-06
1.106072e-05
3.70707e-05
4.188713e-05
0
0
0
0
0
-0.0001739068
-0.0002249971
-0.0002307451
3.665216e-05
0.001022987
0.0001829126
0.3022082
0.009905855
4.299322e-05
3.545888e-06
-1.553222e-05
9.192209e-06
8.871174e-06
8.566404e-06
1.367436e-05
9.400865e-05
0
0
0
0
0
-0.000201182
-0.0001936281
-0.0002359775
4.118638e-05
0.001020775
0.0001827901
0.3022142
0.009897108
4.117102e-05
8.411326e-06
-1.477102e-05
9.756571e-06
9.494365e-06
9.284364e-06
9.126708e-06
8.687617e-06
9.390006e-05
0
0
0
0
0
-0.000174599
-0.0001781923
-0.0002029469
3.476798e-05
0.001020309
0.0001833634
0.3022144
0.009893519
4.087046e-05
8.859006e-06
-1.489335e-05
9.672987e-06
9.464967e-06
9.348993e-06
9.32811e-06
9.186613e-06
8.332028e-06
7.994657e-05
0
0
0
0
0
-0.0001735975
-0.0001790815
-0.0002030944
3.385237e-05
0.00102245
0.000185296
0.3022113
0.009891442
3.9749e-05
8.147429e-06
-1.580915e-05
8.939713e-06
8.808068e-06
8.769987e-06
8.868399e-06
8.878619e-06
8.318666e-06
7.493194e-06
1.120094e-05
0
0
0
0
0
-0.0001741604
-0.0001782642
-0.0002051115
3.683886e-05
0.001026805
0.0001891867
0.3022033
0.009892438
3.775614e-05
6.900186e-06
-1.751249e-05
7.644659e-06
7.545042e-06
7.583966e-06
7.753423e-06
7.863557e-06
7.467997e-06
6.937685e-06
6.18111e-06
5.594021e-06
0
0
0
0
0
-0.0001727778
-0.0001777151
-0.0002021775
3.618967e-05
0.0007901685
0.0001960593
0.3014773
0.01056653
5.858796e-05
5.266314e-06
-1.994295e-05
5.872892e-06
5.808089e-06
5.863578e-06
6.064548e-06
6.208875e-06
5.966589e-06
5.606649e-06
5.13396e-06
4.522552e-06
1.678089e-05
0
0
0
0
0
-0.0001647974
-0.0001379117
-0.0001821444
3.131256e-05
0.001028479
0.0002072194
0.2995482
0.009785983
3.73551e-05
3.426427e-06
-2.26497e-05
3.789066e-06
3.750874e-06
3.804122e-06
3.951259e-06
4.071707e-06
3.965388e-06
3.766313e-06
3.478055e-06
3.078788e-06
1.59726e-05
1.524333e-05
0
0
0
0
0
0
0
0
0
0
0
0
0
0
0
1.474797e-06
1.721286e-06
1.784784e-06
1.830053e-06
1.881376e-06
1.914669e-06
1.911821e-06
1.843692e-06
1.715014e-06
1.514906e-06
1.483356e-05
1.459691e-05
1.312518e-05
0
0
0
0
0
0
0
0
0
0
0
0
0
0
0
9.992544e-07
8.673526e-07
6.964404e-07
5.612831e-07
4.406231e-07
3.630046e-07
4.158358e-07
4.240535e-07
3.902338e-07
3.072397e-07
1.383485e-05
1.393538e-05
1.287523e-05
1.014986e-05
0
0
0
0
0
0
0
0
0
0
0
0
0
0
0
7.85805e-07
4.462e-07
1.135789e-07
-1.549192e-07
-4.020518e-07
-5.476265e-07
-4.850401e-07
-4.322088e-07
-4.18107e-07
-4.368931e-07
1.320558e-05
1.347283e-05
1.268865e-05
1.014702e-05
4.885502e-06
0
0
0
0
0
0
0
0
0
0
0
0
0
0
0
6.651511e-07
2.319403e-07
-1.778631e-07
-5.121827e-07
-8.166939e-07
-9.972628e-07
-9.323007e-07
-8.819608e-07
-8.385422e-07
-8.278047e-07
1.288693e-05
1.323358e-05
1.258513e-05
1.024278e-05
5.071804e-06
0
0
0
0
0
0
0
0
0
0
0
0
0
0
0
0
5.979948e-07
1.361369e-07
-2.981027e-07
-6.543228e-07
-9.774296e-07
-1.161938e-06
-1.107727e-06
-1.064754e-06
-1.025628e-06
-9.953017e-07
1.273917e-05
1.312194e-05
1.252955e-05
1.028762e-05
5.188244e-06
0
0
0
0
0
0
0
0
0
0
0
0
0
0
0
0
0
0
0
0
0
0
0
0
0
0
0
0
0
0
0
0
0
0
0
0
0
0
0
0
0
0
0
0
0
0
2.739823e-05
0
0
0
0
0
0
0
0
0
0
0
0
0
0
0
8.467908e-05
8.822409e-05
0
0
0
0
0
0
0
0
0
0
0
0
0
0
0
6.19291e-05
7.660037e-05
8.719719e-05
0
0
0
0
0
-0.000191312
-0.0001855626
-0.0002177701
6.737042e-05
0.001029535
0.0002006244
0.299533
0.00980836
7.076846e-05
-1.481528e-05
-2.254675e-05
8.885819e-05
0.0001338254
0.000122691
0
0
0
0
0
-0.0001957904
-0.0001863028
-0.0002189546
5.92484e-05
0.0009765505
0.0001914476
0.3014764
0.01056658
7.817717e-05
-4.724351e-06
-1.966491e-05
6.276057e-06
1.914132e-05
6.195565e-05
6.004497e-05
0
0
0
0
0
-0.0001781558
-0.0002182116
-0.0001960297
4.184679e-05
0.001026941
0.0001858065
0.3022006
0.009902019
4.142408e-05
1.295723e-06
-1.71721e-05
8.004393e-06
7.737371e-06
7.487795e-06
2.14371e-05
9.304509e-05
0
0
0
0
0
-0.0001611411
-0.0001966191
-0.0002240882
5.514025e-05
0.001022384
0.0001837505
0.3022104
0.009897783
4.024997e-05
7.675212e-06
-1.558223e-05
9.15345e-06
8.919382e-06
8.741073e-06
8.621616e-06
8.211557e-06
9.32836e-05
0
0
0
0
0
-0.0001746413
-0.0001781922
-0.0002029479
3.476034e-05
0.001020309
0.0001833634
0.3022144
0.009893517
4.087045e-05
8.858946e-06
-1.489339e-05
9.672966e-06
9.46494e-06
9.348995e-06
9.328083e-06
9.186586e-06
8.331998e-06
7.994655e-05
0
0
0
0
0
-0.0001694934
-0.000218625
-0.000197199
1.612804e-06
0.001020219
0.0001841876
0.3022145
0.009891419
4.072145e-05
8.739447e-06
-1.500411e-05
9.539818e-06
9.386924e-06
9.327501e-06
9.408167e-06
9.406049e-06
8.80747e-06
7.929837e-06
9.159353e-06
0
0
0
0
0
-0.0001667986
-0.0002165921
-0.0001965146
1.27364e-06
0.001022412
0.0001861546
0.3022114
0.0098899
3.966489e-05
8.037724e-06
-1.590847e-05
8.818668e-06
8.683332e-06
8.696697e-06
8.851395e-06
8.95909e-06
8.513315e-06
7.923686e-06
7.084483e-06
6.209284e-06
0
0
0
0
0
-0.0001682253
-0.0002163778
-0.0001956255
3.122484e-06
0.001026768
0.0001900159
0.3022038
0.009890689
3.772591e-05
6.81861e-06
-1.760168e-05
7.534837e-06
7.434477e-06
7.469293e-06
7.683715e-06
7.846575e-06
7.541287e-06
7.111003e-06
6.564151e-06
5.798142e-06
1.798269e-05
0
0
0
0
0
-0.0001693908
-0.0002133996
-0.0001934588
4.919904e-07
0.0007482082
0.0001971905
0.3014774
0.01056484
5.857782e-05
5.206908e-06
-2.000505e-05
5.782389e-06
5.713524e-06
5.763586e-06
5.958227e-06
6.136977e-06
5.953482e-06
5.673506e-06
5.29289e-06
4.807854e-06
1.767532e-05
1.687926e-05
0
0
0
0
0
-0.0001625543
-0.0001279687
-0.0001777925
-8.792405e-06
0.001028971
0.0002088701
0.2995487
0.009784328
3.736804e-05
3.417568e-06
-2.26848e-05
3.727702e-06
3.679867e-06
3.724855e-06
3.857595e-06
3.96922e-06
3.899352e-06
3.755188e-06
3.5335e-06
3.228809e-06
1.646376e-05
1.61211e-05
1.460308e-05
0
0
0
0
0
0
0
0
0
0
0
0
0
0
0
1.462026e-06
1.693471e-06
1.743925e-06
1.773818e-06
1.81066e-06
1.820507e-06
1.82317e-06
1.785425e-06
1.694663e-06
1.54813e-06
1.501694e-05
1.505629e-05
1.395538e-05
1.126101e-05
0
0
0
0
0
0
0
0
0
0
0
0
0
0
0
9.924879e-07
8.493796e-07
6.682357e-07
5.226822e-07
3.860679e-07
2.924211e-07
3.269217e-07
3.476233e-07
3.345567e-07
2.830238e-07
1.388015e-05
1.411086e-05
1.330479e-05
1.076042e-05
5.52778e-06
0
0
0
0
0
0
0
0
0
0
0
0
0
0
0
7.82768e-07
4.331609e-07
9.135031e-08
-1.853521e-07
-4.401917e-07
-6.02014e-07
-5.515344e-07
-5.181767e-07
-4.857901e-07
-4.885341e-07
1.318761e-05
1.351545e-05
1.285647e-05
1.051742e-05
5.361931e-06
0
0
0
0
0
0
0
0
0
0
0
0
0
0
0
0
6.658509e-07
2.247473e-07
-1.953728e-07
-5.378482e-07
-8.496357e-07
-1.036153e-06
-9.849676e-07
-9.472826e-07
-9.155141e-07
-8.885662e-07
1.284155e-05
1.321759e-05
1.262676e-05
1.039548e-05
5.333572e-06
0
0
0
0
0
0
0
0
0
0
0
0
0
0
0
0
0
6.012237e-07
1.355246e-07
-3.08525e-07
-6.754008e-07
-1.006261e-06
-1.19528e-06
-1.143251e-06
-1.11473e-06
-1.088873e-06
-1.064698e-06
1.26842e-05
1.308094e-05
1.251653e-05
1.033117e-05
5.306461e-06
0
0
0
0
0
0
0
0
0
0
0
0
0
0
0
0
0
0
0
0
0
0
0
0
0
0
0
0
0
0
0
0
0
8.416803e-06
0
0
0
0
0
0
0
0
0
0
0
0
0
0
0
2.495486e-05
4.12263e-05
0
0
0
0
0
0
0
0
0
0
0
0
0
0
0
6.128336e-05
7.435268e-05
8.022302e-05
0
0
0
0
0
0
0
0
0
0
0
0
0
0
0
1.667532e-06
5.567286e-05
7.262487e-05
8.440764e-05
0
0
0
0
0
-0.0002039006
-0.0001866202
-0.0002393649
5.285905e-05
0.001030007
0.0002018722
0.2995432
0.009798996
6.679816e-05
-2.509626e-06
-2.249198e-05
4.2003e-06
4.351245e-05
9.500654e-05
8.105291e-05
0
0
0
0
0
-0.0002086289
-0.0002087892
-0.0002356133
3.884202e-05
0.0009466856
0.0001920888
0.3014762
0.0105699
6.326715e-05
-1.31326e-06
-1.961197e-05
6.300253e-06
6.09884e-06
5.902196e-06
3.345984e-05
9.130609e-05
0
0
0
0
0
-0.0001729138
-0.0002286685
-0.000224153
3.50992e-05
0.001027044
0.0001867709
0.3022022
0.009897934
3.806706e-05
6.208012e-06
-1.72147e-05
7.963131e-06
7.775882e-06
7.642106e-06
7.560705e-06
7.18264e-06
9.223931e-05
0
0
0
0
0
-0.0001976713
-0.0001921184
-0.000237449
4.392517e-05
0.001022914
0.0001846175
0.3022109
0.009893788
3.990666e-05
8.262534e-06
-1.570118e-05
9.069767e-06
8.886408e-06
8.795357e-06
8.801258e-06
8.676449e-06
7.875369e-06
8.091157e-05
0
0
0
0
0
-0.0001694957
-0.0002186275
-0.0001971952
1.612101e-06
0.001020219
0.0001841877
0.3022145
0.009891419
4.07214e-05
8.739438e-06
-1.500416e-05
9.539766e-06
9.386899e-06
9.327481e-06
9.408169e-06
9.406018e-06
8.807441e-06
7.929808e-06
9.159322e-06
0
0
0
0
0
-0.0001218209
-0.0001932632
-0.0001840408
1.792759e-05
0.001019714
0.0001851095
0.3022148
0.009889882
4.063841e-05
8.626113e-06
-1.510693e-05
9.41623e-06
9.259523e-06
9.254936e-06
9.394344e-06
9.493802e-06
9.018675e-06
8.391149e-06
7.501649e-06
6.462216e-06
0
0
0
0
0
-0.0001281698
-0.000192979
-0.0001846512
1.572165e-05
0.001021855
0.0001872064
0.3022116
0.009888409
3.960695e-05
7.947862e-06
-1.600467e-05
8.701249e-06
8.567662e-06
8.576454e-06
8.78155e-06
8.941006e-06
8.591881e-06
8.111868e-06
7.506814e-06
6.661154e-06
1.874728e-05
0
0
0
0
0
-0.0001674229
-0.0001915527
-0.0001839539
1.461442e-05
0.001026324
0.0001912223
0.3022042
0.009888798
3.77039e-05
6.742581e-06
-1.767609e-05
7.431421e-06
7.328516e-06
7.362496e-06
7.570271e-06
7.773213e-06
7.525961e-06
7.182676e-06
6.732367e-06
6.174411e-06
1.892861e-05
1.804005e-05
0
0
0
0
0
-0.0001515232
-0.0001708946
-0.0001815219
1.197278e-05
0.0007167262
0.0001986351
0.3014779
0.01056327
5.857577e-05
5.166095e-06
-2.006327e-05
5.70054e-06
5.624356e-06
5.670114e-06
5.858286e-06
6.026696e-06
5.884732e-06
5.661767e-06
5.359018e-06
4.962393e-06
1.815603e-05
1.775275e-05
1.617407e-05
0
0
0
0
0
-0.0001457799
-0.0001280153
-0.0001435316
-5.060177e-05
0.001028861
0.000210017
0.2995496
0.009782753
3.738776e-05
3.420281e-06
-2.270043e-05
3.670511e-06
3.616573e-06
3.650502e-06
3.774783e-06
3.871719e-06
3.80054e-06
3.692292e-06
3.524113e-06
3.284127e-06
1.667537e-05
1.661947e-05
1.544155e-05
1.274639e-05
0
0
0
0
0
0
0
0
0
0
0
0
0
0
0
1.450954e-06
1.667533e-06
1.706362e-06
1.725148e-06
1.746288e-06
1.745561e-06
1.732229e-06
1.700056e-06
1.639494e-06
1.529904e-06
1.50729e-05
1.524408e-05
1.440018e-05
1.184915e-05
6.692765e-06
0
0
0
0
0
0
0
0
0
0
0
0
0
0
0
9.885876e-07
8.334794e-07
6.417505e-07
4.871284e-07
3.405449e-07
2.338194e-07
2.585687e-07
2.618111e-07
2.61025e-07
2.301092e-07
1.386491e-05
1.415959e-05
1.348003e-05
1.114088e-05
6.021217e-06
0
0
0
0
0
0
0
0
0
0
0
0
0
0
0
0
7.83393e-07
4.249589e-07
7.157018e-08
-2.140403e-07
-4.766721e-07
-6.428443e-07
-6.042356e-07
-5.827855e-07
-5.688017e-07
-5.537701e-07
1.314046e-05
1.350032e-05
1.290112e-05
1.067458e-05
5.638786e-06
0
0
0
0
0
0
0
0
0
0
0
0
0
0
0
0
0
6.693236e-07
2.240005e-07
-2.066879e-07
-5.606977e-07
-8.807194e-07
-1.071947e-06
-1.022532e-06
-9.986297e-07
-9.790916e-07
-9.62907e-07
1.27833e-05
1.317469e-05
1.261328e-05
1.043562e-05
5.453014e-06
0
0
0
0
0
0
0
0
0
0
0
0
0
0
0
0
0
0
6.058298e-07
1.396381e-07
-3.10338e-07
-6.892021e-07
-1.031932e-06
-1.22674e-06
-1.175479e-06
-1.148931e-06
-1.137872e-06
-1.126265e-06
1.261688e-05
1.302796e-05
1.2478e-05
1.032528e-05
5.33355e-06
0
0
0
0
0
0
0
0
0
0
0
0
0
0
0
0
0
0
0
2.315126e-06
0
0
0
0
0
0
0
0
0
0
0
0
0
0
0
7.543871e-06
1.527827e-05
0
0
0
0
0
0
0
0
0
0
0
0
0
0
0
2.243567e-05
3.57268e-05
4.510863e-05
0
0
0
0
0
0
0
0
0
0
0
0
0
0
0
1.167114e-06
5.231029e-05
6.688539e-05
7.395425e-05
0
0
0
0
0
0
0
0
0
0
0
0
0
0
0
1.649565e-06
2.012118e-06
3.643272e-05
6.57199e-05
6.752562e-05
0
0
0
0
0
-0.0001793208
-0.0002121429
-0.0001868926
3.666096e-05
0.001029283
0.0002018403
0.2995453
0.009795675
4.633577e-05
-7.027577e-06
-2.244516e-05
4.207269e-06
4.092463e-06
3.948512e-06
4.731405e-05
8.924593e-05
0
0
0
0
0
-0.0001786027
-0.0002182218
-0.000190712
3.586508e-05
0.0009162181
0.0001927744
0.3014759
0.01057111
5.85094e-05
4.293689e-06
-1.963282e-05
6.257138e-06
6.127576e-06
6.038769e-06
5.971034e-06
5.666602e-06
9.041304e-05
0
0
0
0
0
-0.0001606189
-0.0001987809
-0.0002279843
5.849154e-05
0.001026598
0.0001875924
0.3022026
0.009895272
3.788994e-05
7.10543e-06
-1.732175e-05
7.881857e-06
7.739635e-06
7.68611e-06
7.719906e-06
7.602932e-06
6.887569e-06
8.128026e-05
0
0
0
0
0
-0.000173519
-0.0001790988
-0.0002030958
3.3848e-05
0.001022449
0.000185296
0.3022113
0.009891445
3.974901e-05
8.147421e-06
-1.58093e-05
8.939604e-06
8.80802e-06
8.769934e-06
8.868403e-06
8.878544e-06
8.318597e-06
7.493123e-06
1.120087e-05
0
0
0
0
0
-0.0001217414
-0.0001931927
-0.000184062
1.793254e-05
0.001019714
0.0001851095
0.3022148
0.009889881
4.06384e-05
8.626083e-06
-1.510692e-05
9.416187e-06
9.259472e-06
9.254917e-06
9.394321e-06
9.493806e-06
9.018645e-06
8.391124e-06
7.501621e-06
6.462187e-06
0
0
0
0
0
-0.0001282729
-0.0001858455
-0.0002265465
1.817789e-05
0.001020258
0.0001863439
0.3022151
0.00988817
4.057591e-05
8.532933e-06
-1.520634e-05
9.295426e-06
9.141689e-06
9.132511e-06
9.325655e-06
9.476944e-06
9.104206e-06
8.595368e-06
7.953343e-06
7.059804e-06
1.90844e-05
0
0
0
0
0
-0.0001347535
-0.0001854418
-0.0002256077
1.652729e-05
0.001022452
0.000188428
0.3022123
0.009886816
3.957306e-05
7.862364e-06
-1.608563e-05
8.590367e-06
8.455021e-06
8.465645e-06
8.663806e-06
8.868037e-06
8.575521e-06
8.188645e-06
7.689474e-06
7.074756e-06
1.978609e-05
1.877652e-05
0
0
0
0
0
-0.00016166
-0.0001847556
-0.0002220132
1.66722e-05
0.001026817
0.0001925398
0.3022047
0.009887066
3.769368e-05
6.683165e-06
-1.774751e-05
7.337335e-06
7.228332e-06
7.259654e-06
7.465868e-06
7.657581e-06
7.455892e-06
7.168927e-06
6.803362e-06
6.337989e-06
1.950551e-05
1.896066e-05
1.730323e-05
0
0
0
0
0
-0.0001429963
-0.000160709
-0.0001682123
9.833478e-06
0.0006870669
0.0001999059
0.3014786
0.0105617
5.85852e-05
5.147086e-06
-2.010305e-05
5.623551e-06
5.544092e-06
5.581158e-06
5.764694e-06
5.925481e-06
5.778661e-06
5.596472e-06
5.349209e-06
5.028523e-06
1.837241e-05
1.824642e-05
1.702942e-05
1.431921e-05
0
0
0
0
0
-0.0001396781
-0.0001446821
-0.0001387144
-8.900918e-05
0.001028977
0.0002112859
0.2995504
0.009781241
3.744912e-05
3.434387e-06
-2.270576e-05
3.616992e-06
3.5577e-06
3.584833e-06
3.696241e-06
3.786643e-06
3.706702e-06
3.597413e-06
3.464721e-06
3.276955e-06
1.675158e-05
1.683444e-05
1.592584e-05
1.333432e-05
8.218485e-06
0
0
0
0
0
0
0
0
0
0
0
0
0
0
0
1.443986e-06
1.644506e-06
1.671113e-06
1.680443e-06
1.691145e-06
1.677143e-06
1.659889e-06
1.612416e-06
1.557438e-06
1.478033e-06
1.50633e-05
1.530333e-05
1.458743e-05
1.224203e-05
7.167584e-06
0
0
0
0
0
0
0
0
0
0
0
0
0
0
0
0
9.889463e-07
8.233173e-07
6.180772e-07
4.535612e-07
2.986328e-07
1.848491e-07
2.01849e-07
1.955058e-07
1.782869e-07
1.594632e-07
1.381667e-05
1.414723e-05
1.353083e-05
1.130605e-05
6.302678e-06
0
0
0
0
0
0
0
0
0
0
0
0
0
0
0
0
0
7.870262e-07
4.238863e-07
5.876752e-08
-2.397118e-07
-5.112069e-07
-6.823208e-07
-6.43601e-07
-6.340025e-07
-6.317605e-07
-6.338679e-07
1.307791e-05
1.345582e-05
1.288862e-05
1.071807e-05
5.764274e-06
0
0
0
0
0
0
0
0
0
0
0
0
0
0
0
0
0
0
6.742417e-07
2.285192e-07
-2.087544e-07
-5.756428e-07
-9.084834e-07
-1.105787e-06
-1.057114e-06
-1.03477e-06
-1.029364e-06
-1.024931e-06
1.2713e-05
1.311857e-05
1.257298e-05
1.042405e-05
5.48522e-06
0
0
0
0
0
0
0
0
0
0
0
0
0
0
0
0
0
0
0
6.100481e-07
1.457455e-07
-3.054574e-07
-6.920841e-07
-1.04885e-06
-1.254793e-06
-1.205906e-06
-1.179996e-06
-1.17068e-06
-1.174526e-06
1.255946e-05
1.296284e-05
1.24271e-05
1.028818e-05
5.313074e-06
0
0
0
0
0
0
0
0
0
0
0
0
0
0
0
0
0
0
0
0
2.125811e-06
4.32987e-06
0
0
0
0
0
0
0
0
0
0
0
0
0
0
0
5.843687e-06
1.294691e-05
1.859426e-05
0
0
0
0
0
0
0
0
0
0
0
0
0
0
0
9.505892e-07
2.094704e-05
3.730597e-05
4.04424e-05
0
0
0
0
0
0
0
0
0
0
0
0
0
0
0
1.145885e-06
1.129463e-06
2.763642e-05
5.593827e-05
4.917123e-05
0
0
0
0
0
0
0
0
0
0
0
0
0
0
0
1.624526e-06
1.999545e-06
2.110088e-06
2.066129e-06
3.709073e-05
7.863478e-05
0
0
0
0
0
-0.0001832076
-0.0002252148
-0.0001912799
2.329211e-05
0.001029193
0.0002026516
0.2995459
0.009793872
3.750787e-05
1.752799e-06
-2.243467e-05
4.164473e-06
4.107426e-06
4.068565e-06
3.984471e-06
3.579514e-06
8.826392e-05
0
0
0
0
0
-0.0001729776
-0.0002313353
-0.0002162615
2.917463e-05
0.0008718451
0.0001937499
0.3014755
0.01057045
5.857324e-05
5.499191e-06
-1.971137e-05
6.180842e-06
6.088285e-06
6.073263e-06
6.115321e-06
5.979224e-06
5.43011e-06
8.153106e-05
0
0
0
0
0
-0.0001970098
-0.0001917397
-0.0002395287
5.151117e-05
0.001027126
0.0001885626
0.3022027
0.009893595
3.780506e-05
7.001993e-06
-1.742288e-05
7.759508e-06
7.662961e-06
7.656353e-06
7.774071e-06
7.788641e-06
7.288682e-06
6.547519e-06
1.306588e-05
0
0
0
0
0
-0.0001667588
-0.0002166224
-0.0001965106
1.274044e-06
0.001022411
0.0001861547
0.3022114
0.009889902
3.966489e-05
8.037691e-06
-1.590846e-05
8.818544e-06
8.683213e-06
8.69664e-06
8.85133e-06
8.959093e-06
8.513243e-06
7.923623e-06
7.084414e-06
6.209222e-06
0
0
0
0
0
-0.0001282418
-0.0001858041
-0.0002265817
1.822524e-05
0.001020257
0.000186344
0.3022151
0.009888168
4.05759e-05
8.532917e-06
-1.520635e-05
9.295434e-06
9.141645e-06
9.132457e-06
9.325633e-06
9.476908e-06
9.104209e-06
8.595337e-06
7.953319e-06
7.059777e-06
1.908438e-05
0
0
0
0
0
-0.0001333606
-0.00015095
-0.0002025047
2.635652e-05
0.001020488
0.0001873162
0.3022156
0.0098865
4.053558e-05
8.442774e-06
-1.52898e-05
9.181133e-06
9.026061e-06
9.019973e-06
9.206256e-06
9.405528e-06
9.089035e-06
8.678852e-06
8.151648e-06
7.500878e-06
2.018358e-05
1.910391e-05
0
0
0
0
0
-0.0001378134
-0.0001831801
-0.0001995942
2.357853e-05
0.001022651
0.000189451
0.3022129
0.009884997
3.956701e-05
7.795411e-06
-1.61647e-05
8.489517e-06
8.348282e-06
8.357148e-06
8.556493e-06
8.749017e-06
8.505888e-06
8.173955e-06
7.765475e-06
7.252335e-06
2.039614e-05
1.978891e-05
1.802759e-05
0
0
0
0
0
-0.0001414919
-0.0001708825
-0.0001822143
2.127802e-05
0.001027176
0.0001935483
0.3022054
0.009885512
3.769386e-05
6.65247e-06
-1.780145e-05
7.248256e-06
7.137294e-06
7.161808e-06
7.364819e-06
7.553202e-06
7.344809e-06
7.102469e-06
6.791806e-06
6.409101e-06
1.973135e-05
1.954681e-05
1.821381e-05
1.546641e-05
0
0
0
0
0
-0.0001300256
-0.0001489684
-0.0001446415
-3.845939e-05
0.000666828
0.0002010046
0.3014794
0.01056017
5.862873e-05
5.14576e-06
-2.012532e-05
5.551474e-06
5.468736e-06
5.5017e-06
5.674478e-06
5.831235e-06
5.681473e-06
5.494863e-06
5.287767e-06
5.021154e-06
1.846247e-05
1.846643e-05
1.751568e-05
1.491679e-05
9.832057e-06
0
0
0
0
0
-0.0001273735
-0.0001442228
-0.0001404327
-0.0001005785
0.001029136
0.0002123917
0.2995511
0.009779715
3.754133e-05
3.482823e-06
-2.269946e-05
3.569413e-06
3.502512e-06
3.52392e-06
3.627707e-06
3.705568e-06
3.624857e-06
3.507345e-06
3.373803e-06
3.221329e-06
1.675618e-05
1.69135e-05
1.613938e-05
1.376944e-05
8.703785e-06
0
0
0
0
0
0
0
0
0
0
0
0
0
0
0
0
1.443225e-06
1.629248e-06
1.639575e-06
1.638308e-06
1.640635e-06
1.618889e-06
1.593709e-06
1.542624e-06
1.473064e-06
1.399277e-06
1.502174e-05
1.529671e-05
1.464877e-05
1.241927e-05
7.456688e-06
0
0
0
0
0
0
0
0
0
0
0
0
0
0
0
0
0
9.92808e-07
8.215093e-07
6.026136e-07
4.233875e-07
2.588848e-07
1.398855e-07
1.54601e-07
1.404864e-07
1.138268e-07
7.976157e-08
1.375062e-05
1.410197e-05
1.352123e-05
1.1356e-05
6.438045e-06
0
0
0
0
0
0
0
0
0
0
0
0
0
0
0
0
0
0
7.923162e-07
4.284992e-07
5.616935e-08
-2.56495e-07
-5.422241e-07
-7.197704e-07
-6.817198e-07
-6.717828e-07
-6.816851e-07
-6.954134e-07
1.300303e-05
1.339565e-05
1.284693e-05
1.070768e-05
5.80063e-06
0
0
0
0
0
0
0
0
0
0
0
0
0
0
0
0
0
0
0
6.787135e-07
2.350831e-07
-2.032482e-07
-5.788757e-07
-9.267451e-07
-1.13606e-06
-1.089831e-06
-1.068097e-06
-1.064007e-06
-1.074358e-06
1.265316e-05
1.305156e-05
1.251905e-05
1.038653e-05
5.474428e-06
0
0
0
0
0
0
0
0
0
0
0
0
0
0
0
0
0
0
0
0
6.136803e-07
1.510515e-07
-2.980081e-07
-6.865537e-07
-1.052727e-06
-1.273364e-06
-1.233042e-06
-1.209371e-06
-1.200548e-06
-1.20589e-06
1.251169e-05
1.290834e-05
1.23642e-05
1.024201e-05
5.290853e-06
0
0
0
0
0
340158.6
0
0
0
0
0
0
0
0
0
0
0
0
0
0
0
8.702908e-07
3.217807e-06
1.525942e-06
0
0
0
0
0
0
0
0
0
0
0
0
0
0
0
8.268133e-07
4.431179e-07
1.345663e-05
6.444633e-06
0
0
0
0
0
0
0
0
0
0
0
0
0
0
0
9.283007e-07
7.025695e-07
3.736013e-07
2.757386e-05
1.770108e-05
0
0
0
0
0
0
0
0
0
0
0
0
0
0
0
1.119834e-06
1.111899e-06
1.014508e-06
8.361035e-07
2.38845e-05
1.098778e-05
0
0
0
0
0
0
0
0
0
0
0
0
0
0
0
1.596763e-06
1.962208e-06
2.103308e-06
2.145429e-06
2.055723e-06
1.647768e-06
6.30425e-05
0
0
0
0
0
-0.0001643072
-0.000197901
-0.0002181699
4.730928e-05
0.001028701
0.0002037302
0.2995462
0.009791961
3.738319e-05
3.587648e-06
-2.246695e-05
4.096828e-06
4.065982e-06
4.089569e-06
4.117468e-06
3.928088e-06
3.420951e-06
8.018952e-05
0
0
0
0
0
-0.0001618069
-0.0001981309
-0.0002270172
5.814261e-05
0.000848676
0.0001947516
0.3014758
0.01056962
5.858957e-05
5.418164e-06
-1.979608e-05
6.072845e-06
6.015296e-06
6.038861e-06
6.158586e-06
6.153964e-06
5.72876e-06
5.151793e-06
1.489195e-05
0
0
0
0
0
-0.000174182
-0.0001782703
-0.0002051114
3.68326e-05
0.001026804
0.0001891867
0.3022033
0.009892444
3.775628e-05
6.900158e-06
-1.75125e-05
7.644496e-06
7.544913e-06
7.583916e-06
7.753369e-06
7.863556e-06
7.467949e-06
6.93764e-06
6.181065e-06
5.593978e-06
0
0
0
0
0
-0.0001281832
-0.0001929933
-0.000184657
1.57276e-05
0.001021855
0.0001872065
0.3022116
0.009888411
3.960693e-05
7.947855e-06
-1.600471e-05
8.701248e-06
8.567533e-06
8.576318e-06
8.781478e-06
8.940926e-06
8.591884e-06
8.111783e-06
7.50675e-06
6.661087e-06
1.874722e-05
0
0
0
0
0
-0.0001333771
-0.0001509584
-0.0002025199
2.632375e-05
0.001020489
0.0001873162
0.3022156
0.009886501
4.053551e-05
8.442733e-06
-1.528981e-05
9.181116e-06
9.02607e-06
9.019923e-06
9.206195e-06
9.4055e-06
9.089003e-06
8.678857e-06
8.15162e-06
7.500854e-06
2.018355e-05
1.910388e-05
0
0
0
0
0
-0.0001390872
-0.0001586452
-0.00019828
-3.427108e-05
0.001020904
0.0001882424
0.3022162
0.009884824
4.052104e-05
8.372714e-06
-1.537264e-05
9.077417e-06
8.916298e-06
8.908942e-06
9.097669e-06
9.285242e-06
9.020912e-06
8.665352e-06
8.234102e-06
7.69375e-06
2.081861e-05
2.017292e-05
1.835037e-05
0
0
0
0
0
-0.0001364564
-0.0001725558
-0.0001883854
-3.183016e-05
0.001023365
0.0001902911
0.3022135
0.009883289
3.956758e-05
7.759182e-06
-1.622474e-05
8.393337e-06
8.251299e-06
8.253773e-06
8.450815e-06
8.64235e-06
8.391616e-06
8.107972e-06
7.753131e-06
7.328367e-06
2.063577e-05
2.040554e-05
1.903158e-05
1.620629e-05
0
0
0
0
0
-0.0001412177
-0.0001626694
-0.0001745214
-1.727919e-05
0.001027844
0.0001945054
0.302206
0.009883945
3.773021e-05
6.643798e-06
-1.783276e-05
7.164785e-06
7.051361e-06
7.073005e-06
7.267964e-06
7.452447e-06
7.2447e-06
6.99619e-06
6.729353e-06
6.400291e-06
1.982646e-05
1.977632e-05
1.878902e-05
1.610713e-05
1.102241e-05
0
0
0
0
0
-0.0001317652
-0.0001481595
-0.000157741
-8.041847e-05
0.0006480496
0.000202024
0.3014801
0.01055864
5.871129e-05
5.183185e-06
-2.013179e-05
5.487761e-06
5.398124e-06
5.427301e-06
5.594821e-06
5.739749e-06
5.591e-06
5.401844e-06
5.190644e-06
4.963838e-06
1.846268e-05
1.8561e-05
1.773431e-05
1.535914e-05
1.03331e-05
0
0
0
0
0
0
-0.0001301145
-0.0001449488
-0.0001527987
-9.764291e-05
0.001029358
0.0002132702
0.2995515
0.009778213
3.763823e-05
3.559342e-06
-2.266038e-05
3.536359e-06
3.453297e-06
3.4667e-06
3.564363e-06
3.635341e-06
3.546673e-06
3.428733e-06
3.287488e-06
3.134345e-06
1.670682e-05
1.692247e-05
1.622036e-05
1.397295e-05
9.043714e-06
0
0
0
0
0
0
0
0
0
0
0
0
0
0
0
0
0
1.447656e-06
1.625464e-06
1.618493e-06
1.600407e-06
1.592842e-06
1.565668e-06
1.537585e-06
1.478434e-06
1.405731e-06
1.318124e-06
1.494664e-05
1.526077e-05
1.464513e-05
1.248008e-05
7.604559e-06
0
0
0
0
0
0
0
0
0
0
0
0
0
0
0
0
0
0
9.986558e-07
8.263635e-07
5.989582e-07
4.035633e-07
2.230019e-07
9.714289e-08
1.112254e-07
9.506431e-08
6.032607e-08
1.693285e-08
1.367795e-05
1.403945e-05
1.34792e-05
1.134876e-05
6.481679e-06
0
0
0
0
0
0
0
0
0
0
0
0
0
0
0
0
0
0
0
7.970872e-07
4.356106e-07
6.163234e-08
-2.604168e-07
-5.625759e-07
-7.534759e-07
-7.179058e-07
-7.084888e-07
-7.177815e-07
-7.44221e-07
1.294227e-05
1.332484e-05
1.278923e-05
1.066902e-05
5.791438e-06
0
0
0
0
0
0
0
0
0
0
0
0
0
0
0
0
0
0
0
0
6.82586e-07
2.407099e-07
-1.952052e-07
-5.723656e-07
-9.310522e-07
-1.156051e-06
-1.119103e-06
-1.099667e-06
-1.096034e-06
-1.107439e-06
1.260432e-05
1.299365e-05
1.245743e-05
1.033503e-05
5.440252e-06
0
0
0
0
0
347231.7
0
0
0
0
0
0
0
0
0
0
0
0
0
0
0
6.142488e-07
1.556831e-07
-2.917254e-07
-6.779678e-07
-1.046678e-06
-1.277833e-06
-1.250999e-06
-1.235572e-06
-1.228857e-06
-1.234531e-06
1.248102e-05
1.286127e-05
1.231691e-05
1.017793e-05
5.235096e-06
0
0
0
0
0
218956.3
312645.3
0
0
0
0
0
0
0
0
0
0
0
0
0
0
0
7.532426e-07
3.343986e-07
-1.815098e-07
2.47238e-06
0
0
0
0
0
0
0
0
0
0
0
0
0
0
0
8.041753e-07
4.852577e-07
7.790012e-08
-3.983504e-07
1.112038e-05
0
0
0
0
0
0
0
0
0
0
0
0
0
0
0
9.011573e-07
6.846427e-07
4.334958e-07
1.41416e-07
-3.401676e-07
6.661834e-06
0
0
0
0
0
0
0
0
0
0
0
0
0
0
0
1.094947e-06
1.075279e-06
1.001909e-06
9.025828e-07
6.878018e-07
2.513284e-07
1.629707e-07
0
0
0
0
0
0
0
0
0
0
0
0
0
0
0
1.56834e-06
1.917684e-06
2.060678e-06
2.144739e-06
2.151005e-06
1.933588e-06
1.55912e-06
6.009238e-05
0
0
0
0
0
-0.000199576
-0.0002003349
-0.0002295086
5.395409e-05
0.001028706
0.0002050569
0.2995466
0.009790555
3.733512e-05
3.545117e-06
-2.25219e-05
4.013345e-06
3.998586e-06
4.050647e-06
4.146201e-06
4.096575e-06
3.755734e-06
3.227032e-06
1.607721e-05
0
0
0
0
0
-0.0001970496
-0.0001906599
-0.0002394377
5.321091e-05
0.0008246483
0.0001955728
0.3014768
0.01056844
5.859131e-05
5.332461e-06
-1.986732e-05
5.969256e-06
5.909348e-06
5.968595e-06
6.132821e-06
6.223526e-06
5.898188e-06
5.4428e-06
4.846472e-06
4.648284e-06
0
0
0
0
0
-0.0001682305
-0.0002163885
-0.0001956209
3.122867e-06
0.001026767
0.000190016
0.3022038
0.009890696
3.772599e-05
6.818577e-06
-1.760174e-05
7.534829e-06
7.434307e-06
7.469154e-06
7.683657e-06
7.846518e-06
7.541286e-06
7.110954e-06
6.564108e-06
5.798097e-06
1.798265e-05
0
0
0
0
0
-0.000134769
-0.0001854453
-0.0002256133
1.649173e-05
0.001022452
0.000188428
0.3022123
0.009886818
3.957301e-05
7.862273e-06
-1.608567e-05
8.590323e-06
8.455032e-06
8.465506e-06
8.663642e-06
8.867944e-06
8.575445e-06
8.188634e-06
7.689406e-06
7.074695e-06
1.978603e-05
1.877646e-05
0
0
0
0
0
-0.0001390997
-0.0001586667
-0.0001982928
-3.435414e-05
0.001020903
0.0001882422
0.3022162
0.009884821
4.0521e-05
8.37269e-06
-1.537269e-05
9.077406e-06
8.91628e-06
8.908952e-06
9.097619e-06
9.285185e-06
9.020895e-06
8.66532e-06
8.234104e-06
7.693722e-06
2.081859e-05
2.01729e-05
1.835034e-05
0
0
0
0
0
-0.0001276562
-0.0001470344
-0.0001826492
-6.153037e-05
0.001020449
0.0001889276
0.3022168
0.009883162
4.052011e-05
8.33401e-06
-1.543531e-05
8.977835e-06
8.816868e-06
8.802985e-06
8.989927e-06
9.17757e-06
8.905457e-06
8.600835e-06
8.222926e-06
7.775981e-06
2.107292e-05
2.08131e-05
1.94099e-05
1.653996e-05
0
0
0
0
0
-0.0001355711
-0.0001554582
-0.0001774295
-3.922719e-05
0.001022862
0.0001912256
0.3022141
0.009881706
3.959172e-05
7.746197e-06
-1.626035e-05
8.303111e-06
8.15905e-06
8.159949e-06
8.349451e-06
8.537501e-06
8.289367e-06
7.998715e-06
7.691192e-06
7.318941e-06
2.073568e-05
2.064856e-05
1.963092e-05
1.693953e-05
1.179298e-05
0
0
0
0
0
-0.0001667242
-0.0001827273
-0.0001906059
-3.766141e-05
0.001027509
0.0001953923
0.3022066
0.009882395
3.78138e-05
6.674592e-06
-1.784611e-05
7.091571e-06
6.970758e-06
6.98962e-06
7.180069e-06
7.35567e-06
7.148079e-06
6.900519e-06
6.627917e-06
6.342121e-06
1.982667e-05
1.987618e-05
1.901729e-05
1.663337e-05
1.156789e-05
0
0
0
0
0
0
-0.0001706583
-0.000186156
-0.0001934656
-7.884954e-05
0.0006458659
0.0002027441
0.3014805
0.01055711
5.880205e-05
5.260338e-06
-2.010072e-05
5.442419e-06
5.335599e-06
5.357498e-06
5.520464e-06
5.659615e-06
5.502971e-06
5.315167e-06
5.101799e-06
4.871185e-06
1.841154e-05
1.856428e-05
1.783595e-05
1.556752e-05
1.068827e-05
0
0
0
0
0
0
0
-0.0001695399
-0.00018348
-0.0001881669
-8.242175e-05
0.001029476
0.0002134876
0.2995519
0.009776644
3.772758e-05
3.64547e-06
-2.259417e-05
3.525811e-06
3.419276e-06
3.415469e-06
3.504739e-06
3.570602e-06
3.479191e-06
3.353176e-06
3.212048e-06
3.051736e-06
1.662382e-05
1.687746e-05
1.623706e-05
1.405363e-05
9.219249e-06
0
0
0
0
0
0
0
0
0
0
0
0
0
0
0
0
0
0
1.454953e-06
1.631074e-06
1.612561e-06
1.5751e-06
1.549636e-06
1.515205e-06
1.486335e-06
1.424533e-06
1.34328e-06
1.253139e-06
1.486756e-05
1.518907e-05
1.462044e-05
1.247925e-05
7.659895e-06
0
0
0
0
0
0
0
0
0
0
0
0
0
0
0
0
0
0
0
1.003863e-06
8.343791e-07
6.046142e-07
3.983802e-07
1.994246e-07
5.846082e-08
6.996896e-08
5.334582e-08
1.681133e-08
-3.521745e-08
1.361585e-05
1.397143e-05
1.34222e-05
1.131038e-05
6.476112e-06
0
0
0
0
0
0
0
0
0
0
0
0
0
0
0
0
0
0
0
0
8.012613e-07
4.4164e-07
7.034395e-08
-2.542303e-07
-5.676943e-07
-7.756524e-07
-7.504813e-07
-7.43379e-07
-7.530299e-07
-7.785589e-07
1.289438e-05
1.326514e-05
1.272591e-05
1.06141e-05
5.756478e-06
0
0
0
0
0
361174.2
0
0
0
0
0
0
0
0
0
0
0
0
0
0
0
6.831561e-07
2.456797e-07
-1.885488e-07
-5.630532e-07
-9.233982e-07
-1.160986e-06
-1.138425e-06
-1.12792e-06
-1.126445e-06
-1.138137e-06
1.257208e-05
1.29456e-05
1.24032e-05
1.028304e-05
5.392006e-06
0
0
0
0
0
224256
319195
0
0
0
0
0
0
0
0
0
0
0
0
0
0
0
6.149032e-07
1.540973e-07
-2.862004e-07
-6.708572e-07
-1.037092e-06
-1.271713e-06
-1.255359e-06
-1.252862e-06
-1.254114e-06
-1.261766e-06
1.245295e-05
1.28318e-05
1.227071e-05
1.014966e-05
5.189685e-06
0
0
0
0
0
-16326.13
196050.8
291078.6
0
0
0
0
0
0
0
0
0
0
0
0
0
0
0
7.303549e-07
3.929107e-07
-4.414505e-08
4.014117e-07
6.441718e-06
0
0
0
0
0
0
0
0
0
0
0
0
0
0
0
7.7673e-07
4.696036e-07
1.444806e-07
-2.053361e-07
-7.189076e-07
2.570617e-06
0
0
0
0
0
0
0
0
0
0
0
0
0
0
0
8.765612e-07
6.475906e-07
4.200321e-07
2.026143e-07
-1.070569e-07
-5.446884e-07
-8.415065e-07
0
0
0
0
0
0
0
0
0
0
0
0
0
0
0
1.072721e-06
1.036403e-06
9.590686e-07
8.953247e-07
7.701123e-07
5.023884e-07
2.122144e-07
3.714373e-05
0
0
0
0
0
0
0
0
0
0
0
0
0
0
0
1.542464e-06
1.871898e-06
2.006258e-06
2.099504e-06
2.15691e-06
2.062233e-06
1.836076e-06
1.441306e-06
9.49539e-06
0
0
0
0
0
-0.0001615233
-0.0001810784
-0.0001990118
4.69914e-05
0.001028397
0.0002055694
0.2995476
0.009789229
3.732345e-05
3.491944e-06
-2.256155e-05
3.931222e-06
3.912424e-06
3.983052e-06
4.113577e-06
4.154518e-06
3.920244e-06
3.550976e-06
3.007571e-06
2.967967e-06
0
0
0
0
0
-0.0001728177
-0.0001777213
-0.0002021684
3.617828e-05
0.0007901649
0.0001960594
0.3014773
0.01056654
5.858803e-05
5.266306e-06
-1.9943e-05
5.872873e-06
5.807938e-06
5.863478e-06
6.06452e-06
6.208854e-06
5.96659e-06
5.606632e-06
5.133945e-06
4.522538e-06
1.678088e-05
0
0
0
0
0
-0.0001675163
-0.0001915919
-0.0001839605
1.463978e-05
0.001026323
0.0001912223
0.3022042
0.009888803
3.770398e-05
6.742455e-06
-1.767614e-05
7.431366e-06
7.328509e-06
7.362311e-06
7.570113e-06
7.77315e-06
7.525905e-06
7.182676e-06
6.73232e-06
6.174371e-06
1.892856e-05
1.804002e-05
0
0
0
0
0
-0.0001377961
-0.0001832422
-0.0001995959
2.356839e-05
0.001022649
0.0001894506
0.3022129
0.009884996
3.956695e-05
7.79533e-06
-1.616483e-05
8.489489e-06
8.348242e-06
8.357164e-06
8.556339e-06
8.748821e-06
8.505794e-06
8.173879e-06
7.765479e-06
7.252268e-06
2.039608e-05
1.978885e-05
1.802754e-05
0
0
0
0
0
-0.0001276307
-0.0001470138
-0.0001827062
-6.153242e-05
0.001020447
0.0001889274
0.3022168
0.009883161
4.052006e-05
8.333968e-06
-1.543536e-05
8.977794e-06
8.816858e-06
8.802968e-06
8.989942e-06
9.177527e-06
8.905413e-06
8.600824e-06
8.222893e-06
7.775985e-06
2.107289e-05
2.081308e-05
1.940988e-05
1.653994e-05
0
0
0
0
0
-0.0001305833
-0.0001492305
-0.0001758526
-6.201386e-05
0.001020561
0.0001901616
0.3022173
0.00988159
4.054412e-05
8.319549e-06
-1.547276e-05
8.884465e-06
8.721502e-06
8.707247e-06
8.88644e-06
9.070917e-06
8.802272e-06
8.49047e-06
8.162404e-06
7.76774e-06
2.117887e-05
2.107041e-05
2.003165e-05
1.732168e-05
1.214439e-05
0
0
0
0
0
-0.0001978625
-0.0002153657
-0.0002227375
-4.886569e-05
0.001022873
0.0001922243
0.3022147
0.009880155
3.96738e-05
7.773117e-06
-1.627799e-05
8.224593e-06
8.072388e-06
8.071146e-06
8.257504e-06
8.436718e-06
8.188874e-06
7.901071e-06
7.58699e-06
7.261326e-06
2.073554e-05
2.075315e-05
1.987257e-05
1.747759e-05
1.245032e-05
0
0
0
0
0
0
-0.0001851632
-0.0002019016
-0.0002069143
-4.338444e-05
0.001027332
0.0001958219
0.302207
0.009880832
3.790533e-05
6.752915e-06
-1.781995e-05
7.038452e-06
6.900002e-06
6.91129e-06
7.098213e-06
7.267577e-06
7.055183e-06
6.808083e-06
6.53671e-06
6.245515e-06
1.977313e-05
1.988035e-05
1.91245e-05
1.685181e-05
1.200332e-05
0
0
0
0
0
0
0
-0.0001937983
-0.0002110446
-0.0002147411
-5.900963e-05
0.000646295
0.0002030334
0.3014808
0.0105555
5.887837e-05
5.351163e-06
-2.003345e-05
5.427012e-06
5.291295e-06
5.295528e-06
5.450616e-06
5.584939e-06
5.42607e-06
5.230361e-06
5.018893e-06
4.786491e-06
1.832317e-05
1.85177e-05
1.784197e-05
1.568006e-05
1.086627e-05
0
0
0
0
0
0
0
0
-0.0001914011
-0.0002074286
-0.0002081017
-6.015109e-05
0.001029417
0.0002134768
0.2995522
0.009774988
3.777533e-05
3.727206e-06
-2.251949e-05
3.534109e-06
3.408247e-06
3.38033e-06
3.4511e-06
3.509625e-06
3.417018e-06
3.288487e-06
3.138851e-06
2.979402e-06
1.654344e-05
1.679832e-05
1.619812e-05
1.408367e-05
9.295459e-06
0
0
0
0
0
0
0
0
0
0
0
0
0
0
0
0
0
0
0
1.461284e-06
1.641209e-06
1.618936e-06
1.567575e-06
1.520938e-06
1.469449e-06
1.43772e-06
1.37533e-06
1.291662e-06
1.192191e-06
1.480366e-05
1.511271e-05
1.455294e-05
1.247599e-05
7.661611e-06
0
0
0
0
0
0
0
0
0
0
0
0
0
0
0
0
0
0
0
0
1.008467e-06
8.410744e-07
6.144243e-07
4.046542e-07
1.929098e-07
3.302054e-08
3.262277e-08
1.361503e-08
-2.319691e-08
-7.676241e-08
1.356465e-05
1.391052e-05
1.336322e-05
1.126298e-05
6.442461e-06
0
0
0
0
0
382130
0
0
0
0
0
0
0
0
0
0
0
0
0
0
0
8.017736e-07
4.470813e-07
7.747198e-08
-2.442021e-07
-5.609091e-07
-7.814442e-07
-7.719001e-07
-7.747974e-07
-7.866067e-07
-8.123123e-07
1.286476e-05
1.321841e-05
1.266713e-05
1.056537e-05
5.705301e-06
0
0
0
0
0
228151.6
332188.9
0
0
0
0
0
0
0
0
0
0
0
0
0
0
0
6.837926e-07
2.439267e-07
-1.826018e-07
-5.555373e-07
-9.129305e-07
-1.152669e-06
-1.143238e-06
-1.146514e-06
-1.153663e-06
-1.167379e-06
1.254204e-05
1.291469e-05
1.235633e-05
1.023695e-05
5.35879e-06
0
0
0
0
0
-11055.15
200964.8
297235.1
0
0
0
0
0
0
0
0
0
0
0
0
0
0
0
6.190034e-07
1.524931e-07
-2.897247e-07
-6.645575e-07
-1.029239e-06
-1.26165e-06
-1.249492e-06
-1.257097e-06
-1.270692e-06
-1.286068e-06
1.242617e-05
1.280476e-05
1.2242e-05
1.010238e-05
5.182864e-06
0
0
0
0
0
201777.6
-41633.41
178299.7
268439.1
0
0
0
0
0
0
0
0
0
0
0
0
0
0
0
7.034348e-07
3.796052e-07
3.830941e-08
-3.398515e-07
-8.609519e-07
-6.490063e-07
0
0
0
0
0
0
0
0
0
0
0
0
0
0
0
7.525236e-07
4.320884e-07
1.336498e-07
-1.445401e-07
-4.99713e-07
-2.992752e-07
-1.31462e-06
0
0
0
0
0
0
0
0
0
0
0
0
0
0
0
8.559604e-07
6.100396e-07
3.76489e-07
1.935153e-07
-3.202955e-08
-3.237339e-07
-5.551813e-07
-9.810365e-07
0
0
0
0
0
0
0
0
0
0
0
0
0
0
0
1.052543e-06
1.00138e-06
9.096017e-07
8.484205e-07
7.68286e-07
6.116851e-07
4.566143e-07
1.484228e-07
3.494566e-06
0
0
0
0
0
0
0
0
0
0
0
0
0
0
0
1.521877e-06
1.825178e-06
1.946665e-06
2.038186e-06
2.112325e-06
2.094963e-06
1.962998e-06
1.709935e-06
1.300433e-06
7.784249e-07
0
0
0
0
0
-0.0001656864
-0.0001872418
-0.0002024484
1.699157e-05
0.001028462
0.0002060184
0.299548
0.009787605
3.733133e-05
3.456247e-06
-2.261128e-05
3.857457e-06
3.827093e-06
3.893123e-06
4.046744e-06
4.140609e-06
3.977752e-06
3.710171e-06
3.323605e-06
2.769113e-06
1.507519e-05
0
0
0
0
0
-0.000169388
-0.0002134008
-0.0001934419
4.922221e-07
0.0007482106
0.0001971905
0.3014773
0.01056484
5.857798e-05
5.206777e-06
-2.000511e-05
5.782338e-06
5.713504e-06
5.763426e-06
5.958124e-06
6.13695e-06
5.953459e-06
5.673504e-06
5.292876e-06
4.80784e-06
1.767531e-05
1.687925e-05
0
0
0
0
0
-0.0001616993
-0.0001847581
-0.000222019
1.670493e-05
0.001026817
0.0001925394
0.3022047
0.009887075
3.769376e-05
6.683014e-06
-1.77477e-05
7.337286e-06
7.228276e-06
7.259647e-06
7.465656e-06
7.657411e-06
7.455835e-06
7.168875e-06
6.803362e-06
6.337946e-06
1.950547e-05
1.896062e-05
1.730319e-05
0
0
0
0
0
-0.000136474
-0.0001726024
-0.0001883919
-3.180881e-05
0.001023365
0.000190291
0.3022135
0.00988329
3.956753e-05
7.759142e-06
-1.622489e-05
8.393225e-06
8.251268e-06
8.253727e-06
8.450843e-06
8.642179e-06
8.391421e-06
8.107878e-06
7.753059e-06
7.328368e-06
2.06357e-05
2.040548e-05
1.903153e-05
1.620623e-05
0
0
0
0
0
-0.0001306001
-0.0001492467
-0.0001758962
-6.194229e-05
0.001020561
0.0001901618
0.3022173
0.00988159
4.054404e-05
8.319528e-06
-1.547279e-05
8.884416e-06
8.72146e-06
8.707237e-06
8.886428e-06
9.070939e-06
8.802233e-06
8.490441e-06
8.162398e-06
7.767709e-06
2.117887e-05
2.107038e-05
2.003163e-05
1.732165e-05
1.214437e-05
0
0
0
0
0
-0.0002121322
-0.0002296463
-0.0002371335
-6.662173e-05
0.001020483
0.000190928
0.3022179
0.00988004
4.062963e-05
8.344954e-06
-1.549197e-05
8.803694e-06
8.632e-06
8.61561e-06
8.793213e-06
8.968262e-06
8.700075e-06
8.391966e-06
8.057179e-06
7.711486e-06
2.118e-05
2.11808e-05
2.028682e-05
1.788233e-05
1.284829e-05
0
0
0
0
0
0
-0.0002064066
-0.0002245556
-0.0002289374
-2.771917e-05
0.0010227
0.0001922387
0.3022151
0.009878559
3.976251e-05
7.853634e-06
-1.625475e-05
8.16676e-06
7.996991e-06
7.987518e-06
8.171182e-06
8.345105e-06
8.092213e-06
7.805001e-06
7.493993e-06
7.162171e-06
2.068235e-05
2.075721e-05
1.998436e-05
1.770941e-05
1.287687e-05
0
0
0
0
0
0
0
-0.0002049666
-0.0002227712
-0.0002274071
-1.505296e-05
0.001027119
0.0001959052
0.3022073
0.009879189
3.797367e-05
6.845339e-06
-1.775123e-05
7.019857e-06
6.848815e-06
6.842437e-06
7.021197e-06
7.186109e-06
6.97059e-06
6.718954e-06
6.448448e-06
6.15877e-06
1.968103e-05
1.983077e-05
1.913376e-05
1.697031e-05
1.21919e-05
0
0
0
0
0
0
0
0
-0.0002173567
-0.0002371907
-0.0002416907
-1.172888e-05
0.0006467469
0.0002029651
0.3014812
0.01055379
5.891028e-05
5.432989e-06
-1.995466e-05
5.4371e-06
5.276099e-06
5.251915e-06
5.388402e-06
5.514789e-06
5.354476e-06
5.156703e-06
4.937064e-06
4.7073e-06
1.824097e-05
1.84336e-05
1.780137e-05
1.568811e-05
1.099645e-05
0
0
0
0
0
0
0
0
0
-0.0002139392
-0.0002324378
-0.0002340905
-1.121985e-05
0.001029181
0.0002131776
0.2995527
0.009773255
3.776477e-05
3.784988e-06
-2.245315e-05
3.551266e-06
3.416445e-06
3.368709e-06
3.414666e-06
3.454607e-06
3.358446e-06
3.228958e-06
3.076989e-06
2.908302e-06
1.647274e-05
1.672097e-05
1.612349e-05
1.405417e-05
9.349156e-06
0
0
0
0
0
0
0
0
0
0
0
0
0
0
0
0
0
0
0
0
1.466907e-06
1.649549e-06
1.63096e-06
1.57443e-06
1.512078e-06
1.439109e-06
1.393622e-06
1.328606e-06
1.244566e-06
1.1429e-06
1.474387e-05
1.505058e-05
1.447851e-05
1.241473e-05
7.699534e-06
0
0
0
0
0
413995.5
0
0
0
0
0
0
0
0
0
0
0
0
0
0
0
1.008765e-06
8.472532e-07
6.223296e-07
4.158457e-07
1.996519e-07
2.577649e-08
8.077461e-09
-2.236216e-08
-6.13728e-08
-1.15018e-07
1.352411e-05
1.386061e-05
1.330314e-05
1.122128e-05
6.413367e-06
0
0
0
0
0
238649.5
351710.5
0
0
0
0
0
0
0
0
0
0
0
0
0
0
0
8.022932e-07
4.450248e-07
8.402747e-08
-2.361899e-07
-5.497592e-07
-7.7454e-07
-7.775406e-07
-7.953993e-07
-8.168528e-07
-8.44561e-07
1.283169e-05
1.319171e-05
1.262219e-05
1.050785e-05
5.686547e-06
0
0
0
0
0
5442.465
204411.8
309526.5
0
0
0
0
0
0
0
0
0
0
0
0
0
0
0
6.880153e-07
2.420919e-07
-1.864407e-07
-5.487498e-07
-9.046634e-07
-1.141608e-06
-1.135201e-06
-1.151189e-06
-1.171487e-06
-1.193557e-06
1.251333e-05
1.288577e-05
1.232622e-05
1.019265e-05
5.332163e-06
0
0
0
0
0
202134.6
-35019.1
182214.7
274285.1
0
0
0
0
0
0
0
0
0
0
0
0
0
0
0
6.24458e-07
1.575992e-07
-2.933727e-07
-6.697705e-07
-1.022235e-06
-1.253425e-06
-1.239879e-06
-1.251446e-06
-1.274786e-06
-1.301899e-06
1.240225e-05
1.277886e-05
1.221542e-05
1.00771e-05
5.157492e-06
0
0
0
0
0
192393
178526.4
-61661.86
159789.7
254617
0
0
0
0
0
0
0
0
0
0
0
0
0
0
0
6.800231e-07
3.474711e-07
3.117442e-08
-2.642665e-07
-6.491278e-07
5.375103e-07
-8.435091e-07
0
0
0
0
0
0
0
0
0
0
0
0
0
0
0
7.329243e-07
3.949268e-07
8.900802e-08
-1.50698e-07
-4.276299e-07
-7.17159e-07
-9.143465e-07
-1.316248e-06
0
0
0
0
0
0
0
0
0
0
0
0
0
0
0
8.37067e-07
5.796416e-07
3.287326e-07
1.455619e-07
-3.696598e-08
-2.279191e-07
-3.396155e-07
-5.873468e-07
6.028987e-06
0
0
0
0
0
0
0
0
0
0
0
0
0
0
0
1.037702e-06
9.630423e-07
8.619167e-07
7.902131e-07
7.197543e-07
6.309506e-07
5.649363e-07
3.852714e-07
6.343396e-08
-2.75907e-07
0
0
0
0
0
0
0
0
0
0
0
0
0
0
0
1.504235e-06
1.786217e-06
1.883904e-06
1.96767e-06
2.049392e-06
2.069744e-06
1.996354e-06
1.833023e-06
1.562413e-06
1.141766e-06
1.348851e-05
0
0
0
0
0
-0.0001648831
-0.0001379242
-0.000182149
3.131849e-05
0.001028482
0.0002072196
0.2995482
0.009785981
3.735511e-05
3.426328e-06
-2.264973e-05
3.789032e-06
3.750853e-06
3.804024e-06
3.951209e-06
4.071701e-06
3.965384e-06
3.766314e-06
3.478055e-06
3.078788e-06
1.59726e-05
1.524333e-05
0
0
0
0
0
-0.0001515714
-0.0001708879
-0.0001815315
1.198043e-05
0.0007167254
0.0001986349
0.3014779
0.01056328
5.85759e-05
5.165946e-06
-2.006347e-05
5.700487e-06
5.624304e-06
5.67009e-06
5.858112e-06
6.026592e-06
5.884707e-06
5.661748e-06
5.359017e-06
4.962379e-06
1.815602e-05
1.775274e-05
1.617406e-05
0
0
0
0
0
-0.0001414697
-0.0001709383
-0.0001822052
2.132012e-05
0.001027176
0.0001935484
0.3022054
0.009885519
3.769396e-05
6.652395e-06
-1.780165e-05
7.248107e-06
7.137246e-06
7.161749e-06
7.364811e-06
7.552966e-06
7.344645e-06
7.102412e-06
6.791753e-06
6.409101e-06
1.973131e-05
1.954678e-05
1.821377e-05
1.546638e-05
0
0
0
0
0
-0.0001355482
-0.0001554355
-0.0001774825
-3.916378e-05
0.001022862
0.000191226
0.3022141
0.009881709
3.959161e-05
7.746172e-06
-1.626044e-05
8.30298e-06
8.158936e-06
8.15992e-06
8.349401e-06
8.537539e-06
8.289202e-06
7.998524e-06
7.6911e-06
7.318895e-06
2.073568e-05
2.064849e-05
1.963087e-05
1.693948e-05
1.179293e-05
0
0
0
0
0
-0.0002121181
-0.0002296321
-0.0002371188
-6.659742e-05
0.001020484
0.0001909284
0.3022179
0.009880039
4.062956e-05
8.344905e-06
-1.549199e-05
8.80366e-06
8.63195e-06
8.615565e-06
8.793217e-06
8.968257e-06
8.700095e-06
8.391933e-06
8.057154e-06
7.711482e-06
2.117997e-05
2.11808e-05
2.02868e-05
1.788231e-05
1.284827e-05
0
0
0
0
0
0
-0.0002115836
-0.0002313999
-0.0002373088
-2.886163e-05
0.001020325
0.00019076
0.3022182
0.009878434
4.071698e-05
8.427213e-06
-1.546996e-05
8.743645e-06
8.554697e-06
8.52948e-06
8.70427e-06
8.875772e-06
8.601649e-06
8.294301e-06
7.963407e-06
7.611396e-06
2.112805e-05
2.118619e-05
2.040408e-05
1.812765e-05
1.330291e-05
0
0
0
0
0
0
0
-0.0002079324
-0.0002285156
-0.0002327403
1.93879e-05
0.001022849
0.0001921727
0.3022152
0.009876899
3.981648e-05
7.946642e-06
-1.618409e-05
8.146021e-06
7.941536e-06
7.914773e-06
8.089609e-06
8.259718e-06
8.004271e-06
7.712378e-06
7.402349e-06
7.073834e-06
2.058784e-05
2.070789e-05
1.999396e-05
1.783571e-05
1.307943e-05
0
0
0
0
0
0
0
0
-0.0001746812
-0.0001977604
-0.0002057123
3.035921e-05
0.001027064
0.0001956021
0.3022077
0.009877431
3.799646e-05
6.924234e-06
-1.76709e-05
7.031163e-06
6.830801e-06
6.792868e-06
6.953381e-06
7.109438e-06
6.892554e-06
6.637755e-06
6.362951e-06
6.074648e-06
1.959697e-05
1.974324e-05
1.908765e-05
1.698684e-05
1.232863e-05
0
0
0
0
0
0
0
0
0
-0.0001768887
-0.0001998344
-0.0002056904
4.97972e-05
0.000667715
0.000202291
0.3014817
0.01055205
5.887713e-05
5.48989e-06
-1.988565e-05
5.459001e-06
5.285722e-06
5.236735e-06
5.344986e-06
5.452198e-06
5.287208e-06
5.088256e-06
4.866628e-06
4.628205e-06
1.816386e-05
1.835478e-05
1.772208e-05
1.565632e-05
1.100543e-05
0
0
0
0
0
0
0
0
0
0
-0.0001726465
-0.0001938602
-0.000197442
5.097053e-05
0.001028951
0.0002121631
0.2995532
0.009771501
3.771805e-05
3.798288e-06
-2.240537e-05
3.565199e-06
3.433487e-06
3.37677e-06
3.402292e-06
3.417372e-06
3.305582e-06
3.172834e-06
3.020154e-06
2.849276e-06
1.640319e-05
1.665272e-05
1.604809e-05
1.398584e-05
9.336455e-06
0
0
0
0
0
441872.5
0
0
0
0
0
0
0
0
0
0
0
0
0
0
0
1.466142e-06
1.657311e-06
1.640573e-06
1.587659e-06
1.519229e-06
1.429512e-06
1.364409e-06
1.286216e-06
1.199773e-06
1.097958e-06
1.469574e-05
1.499225e-05
1.441727e-05
1.234099e-05
7.649673e-06
0
0
0
0
0
253580.9
382582.4
0
0
0
0
0
0
0
0
0
0
0
0
0
0
0
1.008948e-06
8.445701e-07
6.298221e-07
4.246363e-07
2.119533e-07
3.260324e-08
1.03856e-09
-4.593649e-08
-9.595328e-08
-1.516199e-07
1.34867e-05
1.382171e-05
1.325501e-05
1.116202e-05
6.405358e-06
0
0
0
0
0
17992.43
215488.1
327996.9
0
0
0
0
0
0
0
0
0
0
0
0
0
0
0
8.067383e-07
4.427207e-07
7.968907e-08
-2.28692e-07
-5.410078e-07
-7.62861e-07
-7.709325e-07
-8.008724e-07
-8.365774e-07
-8.736196e-07
1.280001e-05
1.315986e-05
1.260123e-05
1.04667e-05
5.632177e-06
0
0
0
0
0
202537.5
-19302.63
185368.2
286015.5
0
0
0
0
0
0
0
0
0
0
0
0
0
0
0
6.93904e-07
2.471093e-07
-1.905051e-07
-5.543987e-07
-8.971221e-07
-1.132976e-06
-1.124623e-06
-1.143389e-06
-1.176008e-06
-1.210568e-06
1.24876e-05
1.285803e-05
1.229793e-05
1.016218e-05
5.294568e-06
0
0
0
0
0
192661.6
178786.6
-49357.8
162753.1
260236
0
0
0
0
0
0
0
0
0
0
0
0
0
0
6.276064e-07
1.643156e-07
-2.872941e-07
-6.752323e-07
-1.028952e-06
-1.2461e-06
-1.232023e-06
-1.24236e-06
-1.269317e-06
-1.305845e-06
1.238668e-05
1.275568e-05
1.219016e-05
1.004692e-05
5.113536e-06
0
0
0
0
0
187681.3
170209
159858.5
-81724.73
149719.7
4.655606e-05
0
0
0
0
0
0
0
0
0
0
0
0
0
0
0
6.613469e-07
3.041853e-07
-4.727481e-09
-2.658025e-07
-5.617479e-07
-8.501503e-07
-1.787625e-07
-6.403942e-07
0
0
0
0
0
0
0
0
0
0
0
0
0
0
0
7.150222e-07
3.675413e-07
4.21329e-08
-1.999151e-07
-4.311145e-07
-6.309502e-07
-7.183433e-07
-9.302966e-07
1.177184e-05
0
0
0
0
0
0
0
0
0
0
0
0
0
0
0
8.235021e-07
5.439206e-07
2.874603e-07
8.896162e-08
-8.787252e-08
-2.170949e-07
-2.443594e-07
-3.787955e-07
-6.390984e-07
-1.07102e-06
0
0
0
0
0
0
0
0
0
0
0
0
0
0
0
1.025933e-06
9.329095e-07
8.0704e-07
7.314011e-07
6.590483e-07
5.996678e-07
5.853043e-07
4.90261e-07
2.939223e-07
-3.813122e-08
1.232445e-05
0
0
0
0
0
0
0
0
0
0
0
0
0
0
0
1.488763e-06
1.751602e-06
1.831621e-06
1.892329e-06
1.968137e-06
2.006337e-06
1.972843e-06
1.86583e-06
1.682196e-06
1.398298e-06
1.438483e-05
1.370904e-05
0
0
0
0
0
-0.000162549
-0.0001278926
-0.0001777224
-8.915822e-06
0.001028975
0.0002088701
0.2995487
0.009784325
3.736807e-05
3.417478e-06
-2.268494e-05
3.727664e-06
3.679832e-06
3.724831e-06
3.857496e-06
3.969174e-06
3.899347e-06
3.755186e-06
3.533499e-06
3.228809e-06
1.646376e-05
1.61211e-05
1.460308e-05
0
0
0
0
0
-0.000143039
-0.0001607122
-0.0001681432
9.868964e-06
0.0006870775
0.0001999061
0.3014786
0.01056171
5.858528e-05
5.147033e-06
-2.010325e-05
5.623407e-06
5.544037e-06
5.581103e-06
5.764665e-06
5.925294e-06
5.778559e-06
5.596447e-06
5.349189e-06
5.028523e-06
1.837239e-05
1.824641e-05
1.702941e-05
1.43192e-05
0
0
0
0
0
-0.0001412373
-0.0001627109
-0.0001745257
-1.721384e-05
0.001027845
0.0001945059
0.302206
0.00988395
3.77303e-05
6.643762e-06
-1.783286e-05
7.164611e-06
7.051207e-06
7.072954e-06
7.267899e-06
7.45244e-06
7.244473e-06
6.996032e-06
6.729298e-06
6.400243e-06
1.982646e-05
1.977628e-05
1.878898e-05
1.61071e-05
1.102237e-05
0
0
0
0
0
-0.0001978898
-0.0002153919
-0.0002227637
-4.880783e-05
0.001022873
0.0001922247
0.3022147
0.009880156
3.96737e-05
7.772953e-06
-1.627805e-05
8.224511e-06
8.072253e-06
8.071025e-06
8.257478e-06
8.436665e-06
8.188912e-06
7.90091e-06
7.586802e-06
7.261258e-06
2.073549e-05
2.075315e-05
1.987251e-05
1.747753e-05
1.245026e-05
0
0
0
0
0
0
-0.0002116052
-0.000231422
-0.0002373313
-2.887814e-05
0.001020325
0.0001907595
0.3022182
0.009878433
4.071691e-05
8.427156e-06
-1.547005e-05
8.743629e-06
8.554667e-06
8.529426e-06
8.704228e-06
8.875795e-06
8.601646e-06
8.294321e-06
7.963376e-06
7.611376e-06
2.112805e-05
2.118616e-05
2.040408e-05
1.812762e-05
1.330289e-05
0
0
0
0
0
0
0
-0.0002137801
-0.0002352438
-0.0002399304
3.193701e-05
0.001020679
0.000190606
0.3022184
0.009876746
4.076418e-05
8.520487e-06
-1.539795e-05
8.721669e-06
8.497223e-06
8.455272e-06
8.620537e-06
8.787803e-06
8.5129e-06
8.200036e-06
7.870278e-06
7.522371e-06
2.103267e-05
2.113799e-05
2.041511e-05
1.825728e-05
1.350993e-05
0
0
0
0
0
0
0
0
-0.0001522859
-0.0001774418
-0.0001872068
7.083739e-05
0.001023009
0.0001914886
0.3022158
0.009875108
3.982833e-05
8.021431e-06
-1.61033e-05
8.158262e-06
7.921529e-06
7.861414e-06
8.01866e-06
8.178862e-06
7.922526e-06
7.627969e-06
7.313668e-06
6.986584e-06
2.05023e-05
2.061814e-05
1.99477e-05
1.785547e-05
1.321674e-05
0
0
0
0
0
0
0
0
0
-0.0001647197
-0.0001890826
-0.000201072
4.094189e-05
0.001027189
0.0001945955
0.3022082
0.009875643
3.794664e-05
6.977627e-06
-1.760153e-05
7.056004e-06
6.841479e-06
6.775268e-06
6.904844e-06
7.04188e-06
6.819095e-06
6.563212e-06
6.285011e-06
5.992648e-06
1.951521e-05
1.966281e-05
1.900514e-05
1.694344e-05
1.235695e-05
0
0
0
0
0
0
0
0
0
0
-0.0001678986
-0.000191812
-0.0002028698
5.707474e-05
0.0006978253
0.0002010625
0.3014821
0.01055029
5.881512e-05
5.490799e-06
-1.983616e-05
5.477136e-06
5.306626e-06
5.245856e-06
5.329502e-06
5.408621e-06
5.227182e-06
5.023914e-06
4.801381e-06
4.560959e-06
1.808678e-05
1.828065e-05
1.764549e-05
1.558345e-05
1.098884e-05
0
0
0
0
0
463144.5
0
0
0
0
0
-0.0001654801
-0.0001872485
-0.000195861
5.677746e-05
0.001029074
0.0002106661
0.2995533
0.009769691
3.766496e-05
3.791531e-06
-2.240551e-05
3.578046e-06
3.44721e-06
3.39363e-06
3.410138e-06
3.404424e-06
3.269841e-06
3.122172e-06
2.966509e-06
2.79517e-06
1.634563e-05
1.65851e-05
1.598131e-05
1.391068e-05
9.279246e-06
0
0
0
0
0
264394.4
408254.2
0
0
0
0
0
0
0
0
0
0
0
0
0
0
0
1.464917e-06
1.652835e-06
1.649795e-06
1.597994e-06
1.533295e-06
1.436663e-06
1.355106e-06
1.258214e-06
1.15912e-06
1.055116e-06
1.465191e-05
1.494601e-05
1.436124e-05
1.227919e-05
7.574651e-06
0
0
0
0
0
40935.16
230061.8
358245
0
0
0
0
0
0
0
0
0
0
0
0
0
0
0
1.013802e-06
8.413248e-07
6.246047e-07
4.331837e-07
2.214076e-07
4.543065e-08
7.551542e-09
-5.277001e-08
-1.184986e-07
-1.847845e-07
1.345083e-05
1.378575e-05
1.321702e-05
1.111743e-05
6.348117e-06
0
0
0
0
0
203027.7
-6990.504
197077.6
303662.5
0
0
0
0
0
0
0
0
0
0
0
0
0
0
0
8.132089e-07
4.479012e-07
7.486357e-08
-2.349794e-07
-5.326807e-07
-7.537637e-07
-7.597751e-07
-7.945431e-07
-8.418794e-07
-8.924305e-07
1.277144e-05
1.312926e-05
1.257002e-05
1.045623e-05
5.60072e-06
0
0
0
0
0
192902.5
179078.2
-39061.24
165699.1
271539.9
0
0
0
0
0
0
0
0
0
0
0
0
0
0
6.97261e-07
2.54545e-07
-1.848059e-07
-5.604326e-07
-9.043748e-07
-1.125099e-06
-1.116379e-06
-1.133375e-06
-1.168401e-06
-1.214932e-06
1.247091e-05
1.283316e-05
1.227072e-05
1.013355e-05
5.261242e-06
0
0
0
0
0
187876.7
170392.8
160047.6
-66966.69
152277.2
-0.0001958543
0
0
0
0
0
0
0
0
0
0
0
0
0
6.304755e-07
1.672757e-07
-2.794958e-07
-6.681814e-07
-1.036078e-06
-1.253609e-06
-1.225004e-06
-1.234934e-06
-1.26083e-06
-1.30053e-06
1.238253e-05
1.274074e-05
1.216731e-05
1.002473e-05
5.094822e-06
0
0
0
0
0
185871.3
166060.4
152405.2
140966.9
-92629
0.0001491971
-3.41187e-06
0
0
0
0
0
0
0
0
0
0
0
0
0
0
0
6.444013e-07
2.694272e-07
-6.778915e-08
-3.045829e-07
-5.537085e-07
-7.70908e-07
-8.458354e-07
-1.943302e-07
8.901473e-06
0
0
0
0
0
0
0
0
0
0
0
0
0
0
0
7.019006e-07
3.340985e-07
5.280903e-09
-2.554396e-07
-4.851107e-07
-6.251098e-07
-6.324389e-07
-7.409348e-07
-5.78203e-07
-3.35105e-07
0
0
0
0
0
0
0
0
0
0
0
0
0
0
0
8.132724e-07
5.16264e-07
2.356255e-07
3.761757e-08
-1.448604e-07
-2.515427e-07
-2.321479e-07
-2.865709e-07
-4.367985e-07
-7.067939e-07
1.169437e-05
0
0
0
0
0
0
0
0
0
0
0
0
0
0
0
1.016006e-06
9.07827e-07
7.636029e-07
6.620993e-07
5.887502e-07
5.367727e-07
5.558724e-07
5.104101e-07
3.9605e-07
1.868168e-07
1.323566e-05
1.258886e-05
0
0
0
0
0
0
0
0
0
0
0
0
0
0
0
1.474781e-06
1.721273e-06
1.78477e-06
1.830038e-06
1.881338e-06
1.914658e-06
1.911825e-06
1.843695e-06
1.715016e-06
1.51491e-06
1.483357e-05
1.459691e-05
1.312518e-05
0
0
0
0
0
-0.000145831
-0.000128036
-0.0001435419
-5.065388e-05
0.001028864
0.0002100173
0.2995496
0.009782751
3.738776e-05
3.420286e-06
-2.270057e-05
3.670412e-06
3.616533e-06
3.650466e-06
3.774754e-06
3.871619e-06
3.800494e-06
3.692287e-06
3.52411e-06
3.284127e-06
1.667537e-05
1.661947e-05
1.544155e-05
1.274639e-05
0
0
0
0
0
-0.0001300057
-0.0001490225
-0.0001446064
-3.852537e-05
0.0006668214
0.0002010052
0.3014794
0.01056017
5.862879e-05
5.145706e-06
-2.012541e-05
5.551309e-06
5.468587e-06
5.501642e-06
5.674418e-06
5.831201e-06
5.681294e-06
5.494766e-06
5.287741e-06
5.021135e-06
1.846247e-05
1.846641e-05
1.751567e-05
1.491677e-05
9.832045e-06
0
0
0
0
0
-0.0001667139
-0.000182717
-0.0001905944
-3.758946e-05
0.001027509
0.0001953925
0.3022066
0.009882401
3.781376e-05
6.674393e-06
-1.784619e-05
7.091466e-06
6.970577e-06
6.989456e-06
7.180014e-06
7.355609e-06
7.148073e-06
6.900299e-06
6.627765e-06
6.342068e-06
1.982662e-05
1.987618e-05
1.901725e-05
1.663334e-05
1.156785e-05
0
0
0
0
0
0
-0.0002063925
-0.00022454
-0.0002289212
-2.770114e-05
0.0010227
0.0001922375
0.3022151
0.00987856
3.976245e-05
7.853415e-06
-1.625499e-05
8.166723e-06
7.996907e-06
7.987375e-06
8.17105e-06
8.34508e-06
8.09216e-06
7.805038e-06
7.493838e-06
7.161986e-06
2.068228e-05
2.075717e-05
1.998437e-05
1.770935e-05
1.287683e-05
0
0
0
0
0
0
0
-0.000213768
-0.0002352329
-0.0002399182
3.195554e-05
0.001020677
0.0001906055
0.3022184
0.009876744
4.076413e-05
8.520437e-06
-1.539805e-05
8.721592e-06
8.497214e-06
8.45524e-06
8.620478e-06
8.787766e-06
8.512926e-06
8.200036e-06
7.870298e-06
7.522343e-06
2.103265e-05
2.113799e-05
2.041509e-05
1.825728e-05
1.35099e-05
0
0
0
0
0
0
0
0
-0.0001329685
-0.0001588701
-0.0001686365
8.997873e-05
0.001020974
0.0001896291
0.302219
0.009874943
4.076704e-05
8.593084e-06
-1.531705e-05
8.734533e-06
8.475964e-06
8.400111e-06
8.548668e-06
8.704969e-06
8.428681e-06
8.114881e-06
7.780084e-06
7.433755e-06
2.09465e-05
2.104743e-05
2.036977e-05
1.827926e-05
1.365327e-05
0
0
0
0
0
0
0
0
0
-0.0001476206
-0.0001726856
-0.0001871956
4.444195e-05
0.001023257
0.0001901393
0.3022161
0.009873293
3.976164e-05
8.071386e-06
-1.603488e-05
8.184894e-06
7.933097e-06
7.841973e-06
7.966788e-06
8.108566e-06
7.845091e-06
7.549938e-06
7.232623e-06
6.901738e-06
2.041759e-05
2.053641e-05
1.98631e-05
1.781099e-05
1.324593e-05
0
0
0
0
0
0
0
0
0
0
-0.00014581
-0.0001696788
-0.0001853713
3.190325e-05
0.001027058
0.0001931788
0.3022084
0.009873851
3.787795e-05
6.96753e-06
-1.755243e-05
7.07712e-06
6.864912e-06
6.785262e-06
6.887357e-06
6.993558e-06
6.754367e-06
6.493008e-06
6.214013e-06
5.917811e-06
1.943566e-05
1.958441e-05
1.892714e-05
1.686748e-05
1.231554e-05
0
0
0
0
0
476905.3
0
0
0
0
0
-0.0001442082
-0.0001675484
-0.0001822947
4.278828e-05
0.0007390464
0.0001995913
0.3014821
0.01054847
5.875774e-05
5.473765e-06
-1.984418e-05
5.493483e-06
5.323923e-06
5.265724e-06
5.33806e-06
5.3927e-06
5.185424e-06
4.9665e-06
4.739987e-06
4.498932e-06
1.802117e-05
1.820607e-05
1.757326e-05
1.550721e-05
1.092694e-05
0
0
0
0
0
271912.2
427752.4
0
0
0
0
0
-0.0001415164
-0.0001632734
-0.0001755755
4.219468e-05
0.001028757
0.0002089997
0.2995531
0.009767781
3.758266e-05
3.791567e-06
-2.242213e-05
3.566797e-06
3.460159e-06
3.407054e-06
3.426795e-06
3.411999e-06
3.25733e-06
3.088014e-06
2.918077e-06
2.74402e-06
1.629304e-05
1.65298e-05
1.591633e-05
1.384375e-05
9.201328e-06
0
0
0
0
0
60169.56
240032.7
382330
0
0
0
0
0
0
0
0
0
0
0
0
0
0
0
1.470777e-06
1.647136e-06
1.642662e-06
1.608232e-06
1.544028e-06
1.451116e-06
1.361903e-06
1.249194e-06
1.132397e-06
1.016227e-06
1.461006e-05
1.490396e-05
1.431602e-05
1.222837e-05
7.509838e-06
0
0
0
0
0
203441.1
17146.54
211257.2
333297.5
0
0
0
0
0
0
0
0
0
0
0
0
0
0
0
1.020977e-06
8.470898e-07
6.184286e-07
4.258956e-07
2.308419e-07
5.516813e-08
1.979527e-08
-4.658081e-08
-1.251244e-07
-2.062503e-07
1.341832e-05
1.375117e-05
1.318187e-05
1.107896e-05
6.312585e-06
0
0
0
0
0
193159.6
179385.1
-26898.44
177833.5
288563.2
0
0
0
0
0
0
0
0
0
0
0
0
0
0
8.166236e-07
4.564291e-07
8.064802e-08
-2.420054e-07
-5.406657e-07
-7.450783e-07
-7.510899e-07
-7.840154e-07
-8.358134e-07
-8.975587e-07
1.275296e-05
1.310166e-05
1.253996e-05
1.042448e-05
5.609081e-06
0
0
0
0
0
187977.8
170542.6
160265.7
-58216.07
155108.2
-9.451365e-05
0
0
0
0
0
0
0
0
0
0
0
0
0
7.002296e-07
2.577759e-07
-1.760325e-07
-5.542207e-07
-9.122013e-07
-1.13319e-06
-1.108836e-06
-1.125587e-06
-1.159035e-06
-1.207481e-06
1.246635e-05
1.281715e-05
1.224632e-05
1.010597e-05
5.230078e-06
0
0
0
0
0
186008
166180.7
152527.5
141111.4
-73625.17
-5.717318e-05
0.0002356788
0
0
0
0
0
0
0
0
0
0
0
0
6.325953e-07
1.704166e-07
-2.767365e-07
-6.596352e-07
-1.027938e-06
-1.261631e-06
-1.232249e-06
-1.228234e-06
-1.253893e-06
-1.2927e-06
1.238751e-05
1.27367e-05
1.21475e-05
9.9976e-06
5.054669e-06
0
0
0
0
0
186097.3
164497.9
148707.1
134390.6
130199.7
-4.925008e-05
-0.0001230623
1.102394e-05
0
0
0
0
0
0
0
0
0
0
0
0
0
0
0
6.316535e-07
2.391669e-07
-1.104303e-07
-3.782891e-07
-5.936219e-07
-7.675887e-07
-7.66723e-07
-8.613149e-07
2.283617e-07
5.287403e-07
0
0
0
0
0
0
0
0
0
0
0
0
0
0
0
6.922882e-07
3.071671e-07
-4.312717e-08
-3.012923e-07
-5.359647e-07
-6.607427e-07
-6.250405e-07
-6.578773e-07
-7.814847e-07
4.814917e-08
1.134968e-05
0
0
0
0
0
0
0
0
0
0
0
0
0
0
0
8.050703e-07
4.94367e-07
1.951161e-07
-2.903986e-08
-2.075003e-07
-3.122984e-07
-2.646525e-07
-2.744155e-07
-3.47212e-07
-5.099498e-07
1.259034e-05
1.194722e-05
0
0
0
0
0
0
0
0
0
0
0
0
0
0
0
1.007196e-06
8.866623e-07
7.271324e-07
6.073438e-07
5.056618e-07
4.549302e-07
4.951203e-07
4.82406e-07
4.164642e-07
2.862709e-07
1.366432e-05
1.349253e-05
1.202761e-05
0
0
0
0
0
0
0
0
0
0
0
0
0
0
0
1.462008e-06
1.693437e-06
1.743908e-06
1.773802e-06
1.810643e-06
1.820473e-06
1.82316e-06
1.785427e-06
1.694667e-06
1.548129e-06
1.501695e-05
1.505629e-05
1.395539e-05
1.126102e-05
0
0
0
0
0
-0.0001397207
-0.0001447086
-0.0001386358
-8.899959e-05
0.001028981
0.0002112865
0.2995504
0.009781239
3.744915e-05
3.43435e-06
-2.270582e-05
3.61688e-06
3.557596e-06
3.584791e-06
3.696203e-06
3.78661e-06
3.706603e-06
3.597373e-06
3.464716e-06
3.276953e-06
1.675157e-05
1.683444e-05
1.592584e-05
1.333432e-05
8.218486e-06
0
0
0
0
0
-0.0001317929
-0.0001481887
-0.0001577754
-8.040574e-05
0.0006480611
0.0002020242
0.3014801
0.01055864
5.871132e-05
5.183e-06
-2.013188e-05
5.487668e-06
5.397954e-06
5.427145e-06
5.594755e-06
5.739685e-06
5.590966e-06
5.401669e-06
5.190551e-06
4.963816e-06
1.846266e-05
1.8561e-05
1.77343e-05
1.535912e-05
1.033309e-05
0
0
0
0
0
0
-0.0001851936
-0.0002019334
-0.0002069459
-4.337565e-05
0.001027331
0.0001958208
0.302207
0.009880838
3.79053e-05
6.752675e-06
-1.782028e-05
7.038393e-06
6.899894e-06
6.911097e-06
7.098031e-06
7.267524e-06
7.055126e-06
6.808076e-06
6.536496e-06
6.245367e-06
1.977308e-05
1.988031e-05
1.91245e-05
1.685177e-05
1.200329e-05
0
0
0
0
0
0
0
-0.0002079508
-0.0002285348
-0.0002327594
1.937987e-05
0.001022846
0.0001921714
0.3022152
0.009876898
3.98164e-05
7.946556e-06
-1.618437e-05
8.145813e-06
7.941502e-06
7.914684e-06
8.089453e-06
8.259573e-06
8.004245e-06
7.712328e-06
7.402384e-06
7.073682e-06
2.058766e-05
2.070783e-05
1.999392e-05
1.783571e-05
1.307938e-05
0
0
0
0
0
0
0
0
-0.0001329794
-0.0001588815
-0.000168648
8.997486e-05
0.001020973
0.000189629
0.302219
0.009874938
4.076699e-05
8.593064e-06
-1.531709e-05
8.734446e-06
8.475886e-06
8.400103e-06
8.548631e-06
8.704904e-06
8.42865e-06
8.114916e-06
7.780087e-06
7.433773e-06
2.094647e-05
2.104742e-05
2.036977e-05
1.827923e-05
1.365326e-05
0
0
0
0
0
0
0
0
0
-0.0001504894
-0.0001755687
-0.0001905469
3.944218e-05
0.001021372
0.0001881028
0.3022192
0.009873123
4.069231e-05
8.640312e-06
-1.524915e-05
8.762036e-06
8.488207e-06
8.379343e-06
8.495212e-06
8.634114e-06
8.349366e-06
8.034486e-06
7.698352e-06
7.347537e-06
2.08605e-05
2.096514e-05
2.028441e-05
1.823585e-05
1.36845e-05
0
0
0
0
0
0
0
0
0
0
-0.0001475539
-0.0001709652
-0.0001896476
8.927399e-06
0.001022779
0.000188625
0.3022162
0.009871454
3.968586e-05
8.052789e-06
-1.59868e-05
8.208034e-06
7.958102e-06
7.85281e-06
7.947592e-06
8.057126e-06
7.77778e-06
7.475966e-06
7.158353e-06
6.823871e-06
2.033548e-05
2.045527e-05
1.978392e-05
1.773299e-05
1.320107e-05
0
0
0
0
0
484837.1
0
0
0
0
0
-0.0001483688
-0.0001698144
-0.0001864036
-7.417267e-06
0.001026682
0.0001921841
0.3022083
0.009872014
3.781978e-05
6.943496e-06
-1.756739e-05
7.095782e-06
6.884925e-06
6.80721e-06
6.896593e-06
6.975866e-06
6.708097e-06
6.431162e-06
6.147088e-06
5.850379e-06
1.936246e-05
1.950801e-05
1.885094e-05
1.678992e-05
1.225054e-05
0
0
0
0
0
276716.2
440295.6
0
0
0
0
0
-0.0001504497
-0.0001713277
-0.0001874134
-5.643626e-06
0.0007650981
0.0001983978
0.3014817
0.01054658
5.867142e-05
5.477618e-06
-1.986826e-05
5.47812e-06
5.339824e-06
5.28215e-06
5.356959e-06
5.400803e-06
5.170065e-06
4.926651e-06
4.685217e-06
4.440502e-06
1.796098e-05
1.814294e-05
1.750183e-05
1.543516e-05
1.084787e-05
0
0
0
0
0
102210.8
246541.9
400553.1
0
0
0
0
0
-0.0001481483
-0.000167567
-0.0001811112
-6.265675e-06
0.00102811
0.0002081036
0.2995527
0.009765794
3.744834e-05
3.777106e-06
-2.242158e-05
3.5524e-06
3.448393e-06
3.420154e-06
3.439863e-06
3.428589e-06
3.264494e-06
3.075918e-06
2.885568e-06
2.697839e-06
1.624326e-05
1.647946e-05
1.586231e-05
1.378417e-05
9.13153e-06
0
0
0
0
0
203565.7
35883.37
220883.2
356249.2
0
0
0
0
0
0
0
0
0
0
0
0
0
0
0
1.479633e-06
1.654364e-06
1.633732e-06
1.599173e-06
1.555045e-06
1.461971e-06
1.37568e-06
1.255605e-06
1.123656e-06
9.908367e-07
1.457206e-05
1.486373e-05
1.427503e-05
1.218257e-05
7.473006e-06
0
0
0
0
0
193289
179531.8
-1970.62
191507.1
317416.3
0
0
0
0
0
0
0
0
0
0
0
0
0
0
1.024435e-06
8.568133e-07
6.248942e-07
4.172604e-07
2.218181e-07
6.496759e-08
2.908208e-08
-3.505355e-08
-1.192668e-07
-2.126713e-07
1.339728e-05
1.371982e-05
1.314799e-05
1.104331e-05
6.270827e-06
0
0
0
0
0
188030.2
170647
160453.8
-46150.39
167275.7
-0.0001988604
0
0
0
0
0
0
0
0
0
0
0
0
0
8.198001e-07
4.594409e-07
9.103589e-08
-2.35816e-07
-5.496741e-07
-7.539335e-07
-7.427694e-07
-7.758166e-07
-8.260083e-07
-8.9174e-07
1.274757e-05
1.308393e-05
1.251284e-05
1.039388e-05
5.574242e-06
0
0
0
0
0
185993.1
166208.2
152620
141291.9
-65340.32
-2.630559e-05
7.910172e-05
0
0
0
0
0
0
0
0
0
0
0
0
7.025303e-07
2.608911e-07
-1.728601e-07
-5.44471e-07
-9.05658e-07
-1.141967e-06
-1.116635e-06
-1.118388e-06
-1.15176e-06
-1.19882e-06
1.247707e-05
1.281267e-05
1.22307e-05
1.008125e-05
5.20019e-06
0
0
0
0
0
186187.7
164567.1
148773.8
134477.1
130322.8
-8.310873e-05
-3.772004e-05
-0.0001315451
0
0
0
0
0
0
0
0
0
0
0
6.278556e-07
1.728516e-07
-2.733566e-07
-6.571382e-07
-1.018887e-06
-1.252842e-06
-1.240036e-06
-1.235137e-06
-1.247523e-06
-1.286292e-06
1.239471e-05
1.274153e-05
1.214969e-05
9.992794e-06
5.041918e-06
0
0
0
0
0
187899.9
164743.6
147335.2
131136.7
124119.7
0.000116617
0.00018742
0.0001461274
-5.671947e-05
0
0
0
0
0
0
0
0
0
0
0
0
0
0
0
6.22461e-07
2.130876e-07
-1.541039e-07
-4.321831e-07
-6.878982e-07
-8.029207e-07
-7.617717e-07
-7.848895e-07
-8.937792e-07
8.430858e-07
1.127743e-05
0
0
0
0
0
0
0
0
0
0
0
0
0
0
0
6.848716e-07
2.864619e-07
-8.288283e-08
-3.634123e-07
-5.928572e-07
-7.190928e-07
-6.586756e-07
-6.50459e-07
-7.008552e-07
-8.362039e-07
1.230365e-05
1.166714e-05
0
0
0
0
0
0
0
0
0
0
0
0
0
0
0
7.978006e-07
4.769947e-07
1.627409e-07
-8.099393e-08
-2.891608e-07
-3.872062e-07
-3.2342e-07
-3.054825e-07
-3.34672e-07
-4.227212e-07
1.30039e-05
1.287596e-05
1.141384e-05
0
0
0
0
0
0
0
0
0
0
0
0
0
0
0
9.992498e-07
8.673425e-07
6.964351e-07
5.612786e-07
4.406146e-07
3.629985e-07
4.158385e-07
4.240589e-07
3.90239e-07
3.072412e-07
1.383485e-05
1.393539e-05
1.287523e-05
1.014986e-05
0
0
0
0
0
0
0
0
0
0
0
0
0
0
0
1.450945e-06
1.667496e-06
1.706318e-06
1.725128e-06
1.746272e-06
1.745543e-06
1.732195e-06
1.700046e-06
1.639496e-06
1.529907e-06
1.50729e-05
1.524408e-05
1.440019e-05
1.184915e-05
6.692768e-06
0
0
0
0
0
-0.0001273517
-0.0001442755
-0.0001404588
-0.000100635
0.001029141
0.0002123922
0.2995511
0.009779713
3.754132e-05
3.482709e-06
-2.269952e-05
3.569352e-06
3.502396e-06
3.523811e-06
3.627661e-06
3.705528e-06
3.624828e-06
3.507254e-06
3.37376e-06
3.221325e-06
1.675618e-05
1.69135e-05
1.613938e-05
1.376944e-05
8.703785e-06
0
0
0
0
0
0
-0.0001706451
-0.0001861424
-0.0001934479
-7.875171e-05
0.0006458934
0.0002027434
0.3014805
0.01055711
5.880209e-05
5.260103e-06
-2.010106e-05
5.44236e-06
5.3355e-06
5.357319e-06
5.520292e-06
5.659542e-06
5.502909e-06
5.315136e-06
5.101632e-06
4.871094e-06
1.841152e-05
1.856426e-05
1.783595e-05
1.55675e-05
1.068825e-05
0
0
0
0
0
0
0
-0.0002049532
-0.0002227584
-0.0002273931
-1.50226e-05
0.001027115
0.0001959036
0.3022072
0.009879195
3.797378e-05
6.84523e-06
-1.775158e-05
7.019575e-06
6.848757e-06
6.842323e-06
7.02098e-06
7.185913e-06
6.970546e-06
6.718901e-06
6.448442e-06
6.158564e-06
1.968089e-05
1.983072e-05
1.913372e-05
1.697031e-05
1.219186e-05
0
0
0
0
0
0
0
0
-0.0001522678
-0.0001774243
-0.0001871887
7.085943e-05
0.001023008
0.000191488
0.3022158
0.009875104
3.982829e-05
8.021399e-06
-1.61034e-05
8.15803e-06
7.921315e-06
7.861383e-06
8.018559e-06
8.178694e-06
7.922387e-06
7.627946e-06
7.313619e-06
6.986619e-06
2.050215e-05
2.061796e-05
1.994764e-05
1.785544e-05
1.321671e-05
0
0
0
0
0
0
0
0
0
-0.0001504764
-0.0001755553
-0.0001905332
3.945762e-05
0.001021372
0.0001881026
0.3022192
0.009873125
4.069211e-05
8.640229e-06
-1.524918e-05
8.762018e-06
8.488115e-06
8.379261e-06
8.495207e-06
8.634074e-06
8.349303e-06
8.034457e-06
7.698387e-06
7.34754e-06
2.086052e-05
2.096512e-05
2.028438e-05
1.823585e-05
1.368447e-05
0
0
0
0
0
0
0
0
0
0
-0.0001435033
-0.0001668221
-0.0001850397
2.255418e-06
0.001020527
0.0001865272
0.3022192
0.009871268
4.061332e-05
8.617313e-06
-1.52023e-05
8.786207e-06
8.513997e-06
8.390977e-06
8.474495e-06
8.581201e-06
8.281555e-06
7.958731e-06
7.621822e-06
7.269031e-06
2.077713e-05
2.088282e-05
2.020472e-05
1.815726e-05
1.363839e-05
0
0
0
0
0
488434.3
0
0
0
0
0
-0.0001465753
-0.000166989
-0.000182969
-3.254636e-05
0.001021864
0.0001880732
0.302216
0.009869611
3.961929e-05
8.0244e-06
-1.60072e-05
8.228255e-06
7.980015e-06
7.876087e-06
7.957624e-06
8.037767e-06
7.728559e-06
7.411692e-06
7.087863e-06
6.753382e-06
2.025924e-05
2.037664e-05
1.970518e-05
1.765429e-05
1.313412e-05
0
0
0
0
0
284339.1
447487.1
0
0
0
0
0
-0.0001422835
-0.0001611202
-0.0001741324
-2.332846e-05
0.001025355
0.0001913116
0.3022081
0.009870163
3.773618e-05
6.947162e-06
-1.759654e-05
7.078286e-06
6.902919e-06
6.826095e-06
6.917139e-06
6.984529e-06
6.691059e-06
6.387039e-06
6.088158e-06
5.786738e-06
1.92971e-05
1.943718e-05
1.877785e-05
1.671411e-05
1.21701e-05
0
0
0
0
0
112863
250635.1
412225.7
0
0
0
0
0
-0.0001444169
-0.0001626001
-0.0001745052
-2.071647e-05
0.000788597
0.0001976362
0.3014812
0.0105448
5.853985e-05
5.469518e-06
-1.986559e-05
5.45804e-06
5.324841e-06
5.297705e-06
5.372563e-06
5.41928e-06
5.177705e-06
4.911829e-06
4.64735e-06
4.388389e-06
1.790425e-05
1.808541e-05
1.744005e-05
1.536951e-05
1.077305e-05
0
0
0
0
0
203373.7
78620.93
226679.3
373584.8
0
0
0
0
0
-0.0001426198
-0.0001591684
-0.0001683485
-1.995172e-05
0.001025872
0.0002075676
0.2995526
0.00976373
3.729879e-05
3.729975e-06
-2.243067e-05
3.564238e-06
3.433215e-06
3.407877e-06
3.453139e-06
3.441455e-06
3.280257e-06
3.082612e-06
2.873869e-06
2.667035e-06
1.619832e-05
1.643174e-05
1.581337e-05
1.372962e-05
9.085947e-06
0
0
0
0
0
193156.4
179321.7
16441.25
201071.7
339591.7
0
0
0
0
0
0
0
0
0
0
0
0
0
0
1.483066e-06
1.666432e-06
1.641762e-06
1.587799e-06
1.544491e-06
1.473272e-06
1.386018e-06
1.268537e-06
1.129646e-06
9.823603e-07
1.454727e-05
1.482719e-05
1.423573e-05
1.214119e-05
7.423436e-06
0
0
0
0
0
187938.1
170550.8
160431.3
-20087.11
180454.9
0.0002037793
0
0
0
0
0
0
0
0
0
0
0
0
0
1.027772e-06
8.595701e-07
6.367914e-07
4.241604e-07
2.110252e-07
5.507184e-08
3.846839e-08
-2.62934e-08
-1.08569e-07
-2.071587e-07
1.339059e-05
1.369968e-05
1.311727e-05
1.100897e-05
6.231962e-06
0
0
0
0
0
185929.6
166134.8
152630.2
141428.2
-53445.86
-0.0001736506
0.0002112063
0
0
0
0
0
0
0
0
0
0
0
0
8.22356e-07
4.62902e-07
9.365219e-08
-2.238532e-07
-5.432534e-07
-7.639784e-07
-7.512985e-07
-7.678763e-07
-8.183571e-07
-8.827361e-07
1.275291e-05
1.307861e-05
1.24955e-05
1.036633e-05
5.540855e-06
0
0
0
0
0
186104.4
164493.8
148758.3
134547.3
130489.4
-7.714956e-06
1.609526e-05
-0.0001566458
0
0
0
0
0
0
0
0
0
0
0
6.974739e-07
2.635886e-07
-1.696968e-07
-5.412573e-07
-8.952455e-07
-1.135419e-06
-1.125145e-06
-1.12581e-06
-1.144916e-06
-1.19211e-06
1.248513e-05
1.282459e-05
1.222613e-05
1.006541e-05
5.173414e-06
0
0
0
0
0
192280.7
164772.8
147357.1
131174.9
124189.7
-0.0001095005
-6.530857e-05
-1.439533e-05
0.0002230054
0
0
0
0
0
0
0
0
0
0
6.227187e-07
1.627139e-07
-2.706614e-07
-6.535298e-07
-1.01676e-06
-1.243489e-06
-1.231595e-06
-1.242653e-06
-1.254006e-06
-1.280266e-06
1.240053e-05
1.274814e-05
1.215717e-05
9.978481e-06
5.014212e-06
0
0
0
0
0
211078.3
166400.9
147584.8
129937.8
121111.8
-3.043837e-05
-0.0001189559
-0.0002412443
-0.0001944997
1.595478e-05
0
0
0
0
0
0
0
0
0
0
0
0
0
0
0
6.155172e-07
1.93268e-07
-1.927666e-07
-4.881822e-07
-7.33823e-07
-8.587917e-07
-7.951256e-07
-7.799008e-07
-8.196688e-07
-9.395779e-07
1.220248e-05
1.155658e-05
0
0
0
0
0
0
0
0
0
0
0
0
0
0
0
6.78387e-07
2.707726e-07
-1.137787e-07
-4.148998e-07
-6.686802e-07
-7.885854e-07
-7.151557e-07
-6.826797e-07
-6.929568e-07
-7.578423e-07
1.271145e-05
1.260627e-05
1.11425e-05
0
0
0
0
0
0
0
0
0
0
0
0
0
0
0
7.912876e-07
4.610205e-07
1.372926e-07
-1.226397e-07
-3.518718e-07
-4.790366e-07
-3.960965e-07
-3.620231e-07
-3.639892e-07
-4.095105e-07
1.316651e-05
1.330484e-05
1.22714e-05
9.533124e-06
0
0
0
0
0
0
0
0
0
0
0
0
0
0
0
9.924866e-07
8.493677e-07
6.682214e-07
5.226762e-07
3.860637e-07
2.92412e-07
3.269174e-07
3.476258e-07
3.345596e-07
2.830274e-07
1.388015e-05
1.411086e-05
1.330479e-05
1.076042e-05
5.527783e-06
0
0
0
0
0
0
0
0
0
0
0
0
0
0
0
1.44398e-06
1.644486e-06
1.671064e-06
1.680394e-06
1.691125e-06
1.677127e-06
1.659867e-06
1.612384e-06
1.557428e-06
1.478036e-06
1.50633e-05
1.530333e-05
1.458743e-05
1.224204e-05
7.167587e-06
0
0
0
0
0
0
-0.0001301435
-0.0001449779
-0.0001528327
-9.756173e-05
0.001029359
0.0002132695
0.2995515
0.009778211
3.763818e-05
3.559236e-06
-2.26606e-05
3.536315e-06
3.453233e-06
3.466581e-06
3.564248e-06
3.635293e-06
3.546637e-06
3.428702e-06
3.287396e-06
3.134306e-06
1.670682e-05
1.692247e-05
1.622035e-05
1.397295e-05
9.043715e-06
0
0
0
0
0
0
0
-0.0001938318
-0.0002110797
-0.0002147768
-5.901066e-05
0.0006463924
0.0002030321
0.3014808
0.01055551
5.887847e-05
5.351022e-06
-2.003378e-05
5.426741e-06
5.291229e-06
5.295424e-06
5.45042e-06
5.584755e-06
5.426e-06
5.230303e-06
5.01886e-06
4.786327e-06
1.832309e-05
1.851767e-05
1.784196e-05
1.568006e-05
1.086626e-05
0
0
0
0
0
0
0
0
-0.0001746931
-0.0001977731
-0.0002057257
3.036307e-05
0.001027063
0.0001956008
0.3022077
0.009877438
3.799659e-05
6.924134e-06
-1.767103e-05
7.030867e-06
6.83051e-06
6.792807e-06
6.95325e-06
7.109203e-06
6.892364e-06
6.63771e-06
6.362902e-06
6.074641e-06
1.959677e-05
1.97431e-05
1.90876e-05
1.69868e-05
1.232863e-05
0
0
0
0
0
0
0
0
0
-0.0001476363
-0.0001727028
-0.0001872119
4.443211e-05
0.001023258
0.0001901388
0.3022161
0.009873298
3.976121e-05
8.071306e-06
-1.603496e-05
8.184838e-06
7.932854e-06
7.841747e-06
7.966763e-06
8.108444e-06
7.844927e-06
7.549803e-06
7.232599e-06
6.901692e-06
2.041763e-05
2.053626e-05
1.986293e-05
1.781093e-05
1.324588e-05
0
0
0
0
0
0
0
0
0
0
-0.0001435134
-0.0001668327
-0.0001850506
2.245139e-06
0.001020527
0.0001865269
0.3022192
0.009871275
4.06132e-05
8.617099e-06
-1.520239e-05
8.78619e-06
8.513978e-06
8.390876e-06
8.474405e-06
8.581199e-06
8.281514e-06
7.95867e-06
7.621797e-06
7.26907e-06
2.077713e-05
2.088284e-05
2.020468e-05
1.815724e-05
1.363839e-05
0
0
0
0
0
488434.3
0
0
0
0
0
-0.000173131
-0.0001935605
-0.0002102276
-4.737633e-05
0.001019655
0.0001862854
0.302219
0.0098694
4.054072e-05
8.586941e-06
-1.522562e-05
8.807178e-06
8.536893e-06
8.414928e-06
8.485551e-06
8.560143e-06
8.230918e-06
7.894025e-06
7.549649e-06
7.196385e-06
2.070044e-05
2.080306e-05
2.012488e-05
1.807811e-05
1.357058e-05
0
0
0
0
0
285521.2
450736.2
0
0
0
0
0
-0.0001666524
-0.000185821
-0.0001988151
-3.515999e-05
0.00102017
0.000187463
0.3022162
0.009867763
3.953125e-05
8.025579e-06
-1.603955e-05
8.209714e-06
7.99952e-06
7.89676e-06
7.97925e-06
8.047181e-06
7.709918e-06
7.364772e-06
7.026664e-06
6.686383e-06
2.019114e-05
2.030277e-05
1.963016e-05
1.757603e-05
1.305255e-05
0
0
0
0
0
115993.4
258660.2
418891.2
0
0
0
0
0
-0.0001651233
-0.0001827203
-0.0001904648
-3.615864e-05
0.001023446
0.0001908381
0.3022076
0.009868451
3.76138e-05
6.939815e-06
-1.759474e-05
7.054924e-06
6.886224e-06
6.84352e-06
6.935004e-06
7.004456e-06
6.699219e-06
6.370623e-06
6.04625e-06
5.730733e-06
1.923538e-05
1.937475e-05
1.870862e-05
1.66456e-05
1.209155e-05
0
0
0
0
0
203046.8
88896.22
230273.4
384673.8
0
0
0
0
0
-0.0001704415
-0.0001873078
-0.0001938482
-3.401874e-05
0.000796379
0.0001973761
0.3014805
0.01054311
5.840272e-05
5.423048e-06
-1.987152e-05
5.473388e-06
5.304969e-06
5.283073e-06
5.387871e-06
5.434508e-06
5.195228e-06
4.918932e-06
4.633031e-06
4.352554e-06
1.785366e-05
1.803111e-05
1.738423e-05
1.530712e-05
1.072162e-05
0
0
0
0
0
196333
178822.4
59167.63
206441.3
356305.8
0
0
0
0
-0.0001695852
-0.0001846104
-0.000187424
-3.33661e-05
0.001018761
0.0002075422
0.2995525
0.009761537
3.71488e-05
3.681695e-06
-2.247064e-05
3.584114e-06
3.444739e-06
3.391783e-06
3.440389e-06
3.454743e-06
3.29249e-06
3.097348e-06
2.880038e-06
2.655705e-06
1.616836e-05
1.638866e-05
1.576694e-05
1.368049e-05
9.027408e-06
0
0
0
0
0
191345.6
170132.7
160012
-1887.796
189878.5
-7.85999e-05
0
0
0
0
0
0
0
0
0
0
0
0
0
1.486452e-06
1.668877e-06
1.656014e-06
1.596183e-06
1.531073e-06
1.461987e-06
1.396831e-06
1.278275e-06
1.141594e-06
9.878966e-07
1.453853e-05
1.48035e-05
1.420005e-05
1.210155e-05
7.378704e-06
0
0
0
0
0
193258
165855.8
152396.9
141347.6
-25971.61
9.102171e-05
-4.988023e-05
0
0
0
0
0
0
0
0
0
0
0
0
1.030718e-06
8.632291e-07
6.388787e-07
4.377937e-07
2.18164e-07
4.317148e-08
2.895371e-08
-1.734062e-08
-1.004074e-07
-1.973883e-07
1.339547e-05
1.369307e-05
1.309761e-05
1.097785e-05
6.194719e-06
0
0
0
0
0
189950.2
164332.7
148612.3
134528
130611.5
-5.81384e-05
0.0002542387
-1.798723e-05
0
0
0
0
0
0
0
0
0
0
0
8.166353e-07
4.660212e-07
9.735329e-08
-2.216733e-07
-5.29805e-07
-7.5753e-07
-7.610294e-07
-7.759767e-07
-8.108149e-07
-8.756864e-07
1.276113e-05
1.308368e-05
1.249002e-05
1.034864e-05
5.510805e-06
0
0
0
0
0
196374.1
164647.1
147253.2
131150.8
124254.5
0.0001325388
0.0003010335
-9.045599e-05
0.0002209936
0
0
0
0
0
0
0
0
0
0
6.919684e-07
2.528196e-07
-1.666645e-07
-5.382342e-07
-8.917839e-07
-1.12469e-06
-1.118918e-06
-1.134025e-06
-1.151882e-06
-1.185635e-06
1.24912e-05
1.283203e-05
1.224251e-05
1.006045e-05
5.156051e-06
0
0
0
0
0
210798.6
171597.1
147571.6
129937.2
121137.6
-4.287339e-05
3.03842e-05
3.392517e-05
0.0001226781
-0.0001936534
0
0
0
0
0
0
0
0
0
6.188598e-07
1.523112e-07
-2.857105e-07
-6.506131e-07
-1.012885e-06
-1.241714e-06
-1.222786e-06
-1.234526e-06
-1.261234e-06
-1.286269e-06
1.24061e-05
1.275347e-05
1.21625e-05
9.984936e-06
5.017748e-06
0
0
0
0
0
236763.3
193522.5
149111.4
130168.5
120002.8
5.929766e-05
5.302497e-05
-5.754053e-05
0.0002282255
7.28013e-05
1.712364e-05
0
0
0
0
0
0
0
0
0
0
0
0
0
0
0
6.095031e-07
1.785934e-07
-2.224321e-07
-5.3853e-07
-8.031483e-07
-9.242743e-07
-8.492375e-07
-8.118943e-07
-8.141754e-07
-8.676181e-07
1.26091e-05
1.251219e-05
1.104142e-05
0
0
0
0
0
0
0
0
0
0
0
0
0
0
0
6.726057e-07
2.565689e-07
-1.369221e-07
-4.551621e-07
-7.315695e-07
-8.736651e-07
-7.826383e-07
-7.370765e-07
-7.234573e-07
-7.492838e-07
1.286975e-05
1.30299e-05
1.201005e-05
9.264543e-06
0
0
0
0
0
0
0
0
0
0
0
0
0
0
0
7.858059e-07
4.461972e-07
1.135766e-07
-1.54919e-07
-4.020517e-07
-5.476308e-07
-4.850383e-07
-4.322063e-07
-4.181046e-07
-4.368907e-07
1.320558e-05
1.347283e-05
1.268865e-05
1.014702e-05
4.885504e-06
0
0
0
0
0
0
0
0
0
0
0
0
0
0
0
9.885874e-07
8.334738e-07
6.417335e-07
4.871133e-07
3.405397e-07
2.338158e-07
2.585596e-07
2.618074e-07
2.610275e-07
2.301133e-07
1.386491e-05
1.415959e-05
1.348003e-05
1.114088e-05
6.02122e-06
0
0
0
0
0
0
0
0
0
0
0
0
0
0
0
0
1.443194e-06
1.629233e-06
1.639549e-06
1.638254e-06
1.640584e-06
1.618867e-06
1.593693e-06
1.542609e-06
1.473034e-06
1.399267e-06
1.502174e-05
1.529671e-05
1.464877e-05
1.241928e-05
7.456692e-06
0
0
0
0
0
0
0
-0.0001695255
-0.0001834655
-0.0001881492
-8.232519e-05
0.001029473
0.0002134867
0.2995519
0.009776642
3.77276e-05
3.645405e-06
-2.259439e-05
3.525627e-06
3.41923e-06
3.415403e-06
3.504613e-06
3.570481e-06
3.479141e-06
3.35314e-06
3.212017e-06
3.051651e-06
1.662378e-05
1.687746e-05
1.623706e-05
1.405362e-05
9.219249e-06
0
0
0
0
0
0
0
0
-0.0002173395
-0.0002371743
-0.0002416739
-1.169537e-05
0.0006468059
0.0002029628
0.3014812
0.0105538
5.891046e-05
5.432931e-06
-1.995479e-05
5.43683e-06
5.275822e-06
5.251846e-06
5.388288e-06
5.51458e-06
5.354295e-06
5.156635e-06
4.937004e-06
4.70727e-06
1.824081e-05
1.843352e-05
1.780135e-05
1.568809e-05
1.099645e-05
0
0
0
0
0
0
0
0
0
-0.0001647025
-0.000189065
-0.0002010541
4.096285e-05
0.00102719
0.0001945944
0.3022082
0.009875649
3.794639e-05
6.977504e-06
-1.760165e-05
7.055922e-06
6.841174e-06
6.774958e-06
6.904775e-06
7.041728e-06
6.818867e-06
6.56303e-06
6.284973e-06
5.992605e-06
1.95152e-05
1.966262e-05
1.900501e-05
1.69434e-05
1.235691e-05
0
0
0
0
0
0
0
0
0
0
-0.0001475448
-0.0001709561
-0.0001896382
8.940163e-06
0.001022778
0.0001886243
0.3022162
0.009871466
3.968568e-05
8.052247e-06
-1.598705e-05
8.207982e-06
7.958046e-06
7.852546e-06
7.947345e-06
8.057096e-06
7.777657e-06
7.475808e-06
7.158223e-06
6.82385e-06
2.033543e-05
2.045531e-05
1.978378e-05
1.773283e-05
1.320102e-05
0
0
0
0
0
484837.1
0
0
0
0
0
-0.0001731246
-0.0001935542
-0.0002102215
-4.73704e-05
0.001019654
0.0001862853
0.302219
0.009869402
4.054079e-05
8.586877e-06
-1.522595e-05
8.807091e-06
8.536877e-06
8.414909e-06
8.485434e-06
8.560031e-06
8.230916e-06
7.893987e-06
7.54959e-06
7.196364e-06
2.070048e-05
2.080307e-05
2.01249e-05
1.807806e-05
1.357056e-05
0
0
0
0
0
285521.2
450736.2
0
0
0
0
0
-0.0001603079
-0.0001802016
-0.0001925324
-2.013295e-05
0.001017514
0.0001857325
0.3022193
0.009867529
4.044922e-05
8.585962e-06
-1.525929e-05
8.788129e-06
8.557121e-06
8.436536e-06
8.507736e-06
8.570781e-06
8.210632e-06
7.845758e-06
7.488087e-06
7.127799e-06
2.063006e-05
2.072884e-05
2.004885e-05
1.79988e-05
1.34885e-05
0
0
0
0
0
115047.5
259615.3
421894.1
0
0
0
0
0
-0.0001589257
-0.0001785897
-0.0001863831
-2.19493e-05
0.001017645
0.0001870697
0.3022159
0.00986591
3.941122e-05
8.016389e-06
-1.604006e-05
8.184538e-06
7.982007e-06
7.915684e-06
7.998827e-06
8.068068e-06
7.718774e-06
7.34682e-06
6.982113e-06
6.628271e-06
2.012619e-05
2.023786e-05
1.955784e-05
1.750583e-05
1.297164e-05
0
0
0
0
0
202751
92227.25
238689.1
391000.1
0
0
0
0
0
-0.0002169696
-0.0002364309
-0.0002430645
-2.127537e-05
0.001018589
0.0001907009
0.3022067
0.009866975
3.749951e-05
6.892991e-06
-1.760176e-05
7.072726e-06
6.863527e-06
6.827651e-06
6.951973e-06
7.021901e-06
6.718101e-06
6.378199e-06
6.030425e-06
5.691099e-06
1.918108e-05
1.931574e-05
1.864812e-05
1.657718e-05
1.20325e-05
0
0
0
0
0
196249.5
178259
69202.73
209755.3
366986.6
0
0
0
0
-0.0002180176
-0.0002369439
-0.0002417932
-1.526811e-05
0.0007913141
0.000197308
0.3014788
0.01054151
5.826851e-05
5.38074e-06
-1.991298e-05
5.498458e-06
5.319507e-06
5.263173e-06
5.373547e-06
5.449619e-06
5.209709e-06
4.935274e-06
4.639524e-06
4.338705e-06
1.781888e-05
1.798272e-05
1.733153e-05
1.525127e-05
1.065493e-05
0
0
0
0
0
190328.3
173485.3
159323.8
40431.6
195012.7
-8.279597e-05
0
0
0
-0.0002171862
-0.0002346979
-0.0002358855
-1.405991e-05
0.0009989285
0.0002075113
0.2995523
0.009758735
3.701054e-05
3.63834e-06
-2.251005e-05
3.585505e-06
3.464444e-06
3.402886e-06
3.423256e-06
3.441712e-06
3.305179e-06
3.108855e-06
2.893581e-06
2.661301e-06
1.615679e-05
1.636012e-05
1.572504e-05
1.363391e-05
8.974822e-06
0
0
0
0
0
192194.9
169652.3
151808.2
140875.7
-8114.408
-0.0001317992
6.983507e-05
0
0
0
0
0
0
0
0
0
0
0
0
1.490344e-06
1.672476e-06
1.657629e-06
1.611865e-06
1.53954e-06
1.447532e-06
1.386009e-06
1.288576e-06
1.150654e-06
9.987428e-07
1.454329e-05
1.479487e-05
1.4177e-05
1.206558e-05
7.33605e-06
0
0
0
0
0
195944.8
172699
148228.7
134264.5
130525.5
2.880961e-05
-3.656234e-05
-2.052177e-05
0
0
0
0
0
0
0
0
0
0
0
1.023783e-06
8.670575e-07
6.428335e-07
4.391744e-07
2.333185e-07
5.037639e-08
1.743987e-08
-2.635255e-08
-9.190759e-08
-1.898803e-07
1.340435e-05
1.369755e-05
1.309083e-05
1.095787e-05
6.16104e-06
0
0
0
0
0
198835.6
169228.2
147044.3
130995.5
124233.2
-0.0001910836
0.0001679338
-0.0001454871
2.778828e-05
0
0
0
0
0
0
0
0
0
0
8.105842e-07
4.53733e-07
1.009472e-07
-2.177555e-07
-5.281452e-07
-7.431013e-07
-7.54913e-07
-7.853617e-07
-8.183954e-07
-8.68551e-07
1.276751e-05
1.309114e-05
1.249478e-05
1.034257e-05
5.491202e-06
0
0
0
0
0
204418
176573.5
147429.8
129836.2
121115.5
8.60535e-05
-7.702793e-05
-0.0003161949
-7.371319e-05
-0.0001082904
0
0
0
0
0
0
0
0
0
6.876488e-07
2.416763e-07
-1.825328e-07
-5.349259e-07
-8.891793e-07
-1.120918e-06
-1.108804e-06
-1.128161e-06
-1.159772e-06
-1.192072e-06
1.249716e-05
1.283756e-05
1.224966e-05
1.008689e-05
5.150094e-06
0
0
0
0
0
236167.8
193134
155001.7
130137.4
119992.9
-0.0001918469
-5.618077e-05
-9.754744e-05
7.60529e-06
-9.16241e-05
-1.750747e-05
0
0
0
0
0
0
0
0
6.190014e-07
1.434868e-07
-3.008894e-07
-6.699746e-07
-1.009772e-06
-1.237658e-06
-1.221145e-06
-1.226601e-06
-1.253438e-06
-1.293183e-06
1.24002e-05
1.275872e-05
1.21701e-05
9.992954e-06
5.015524e-06
0
0
0
0
0
20736
221157.3
179293.8
131535.6
120213.8
-6.419914e-06
-3.288955e-05
-0.0002206874
0.0002051487
-8.342891e-05
7.927313e-06
-1.198325e-05
0
0
0
0
0
0
0
0
0
0
0
0
0
0
0
6.041542e-07
1.654544e-07
-2.441183e-07
-5.773323e-07
-8.652611e-07
-1.003335e-06
-9.128666e-07
-8.640427e-07
-8.445047e-07
-8.614793e-07
1.276565e-05
1.293595e-05
1.191577e-05
9.160422e-06
0
0
0
0
0
0
0
0
0
0
0
0
0
0
0
6.677775e-07
2.43431e-07
-1.58084e-07
-4.848733e-07
-7.809376e-07
-9.430237e-07
-8.650422e-07
-8.02293e-07
-7.755866e-07
-7.779446e-07
1.290573e-05
1.319393e-05
1.242122e-05
9.881633e-06
4.599643e-06
0
0
0
0
0
0
0
0
0
0
0
0
0
0
0
7.827696e-07
4.331603e-07
9.134595e-08
-1.853538e-07
-4.401909e-07
-6.020124e-07
-5.515364e-07
-5.181738e-07
-4.857853e-07
-4.885305e-07
1.318762e-05
1.351545e-05
1.285647e-05
1.051742e-05
5.361933e-06
0
0
0
0
0
0
0
0
0
0
0
0
0
0
0
0
9.889385e-07
8.233132e-07
6.180688e-07
4.535427e-07
2.986193e-07
1.848438e-07
2.018458e-07
1.954998e-07
1.782823e-07
1.594642e-07
1.381668e-05
1.414724e-05
1.353083e-05
1.130606e-05
6.302681e-06
0
0
0
0
0
0
0
0
0
0
0
0
0
0
0
0
0
1.447628e-06
1.625403e-06
1.618472e-06
1.600378e-06
1.592786e-06
1.565616e-06
1.537566e-06
1.478419e-06
1.405712e-06
1.318094e-06
1.494663e-05
1.526077e-05
1.464513e-05
1.248008e-05
7.604562e-06
0
0
0
0
0
0
0
0
-0.0001914351
-0.0002074643
-0.0002081374
-6.015778e-05
0.00102942
0.0002134737
0.2995522
0.009774986
3.777547e-05
3.727178e-06
-2.251959e-05
3.533936e-06
3.408056e-06
3.380281e-06
3.451032e-06
3.509494e-06
3.416902e-06
3.288443e-06
3.138815e-06
2.979373e-06
1.654335e-05
1.679829e-05
1.619812e-05
1.408367e-05
9.295457e-06
0
0
0
0
0
0
0
0
0
-0.0001769022
-0.0001998493
-0.0002057063
4.979955e-05
0.0006676914
0.0002022897
0.3014817
0.01055205
5.887699e-05
5.489798e-06
-1.988577e-05
5.458916e-06
5.285446e-06
5.236441e-06
5.344906e-06
5.452068e-06
5.287003e-06
5.088083e-06
4.866563e-06
4.628151e-06
1.816383e-05
1.835463e-05
1.7722e-05
1.56563e-05
1.100541e-05
0
0
0
0
0
0
0
0
0
0
-0.0001458224
-0.0001696916
-0.0001853853
3.189e-05
0.001027057
0.0001931779
0.3022084
0.009873856
3.787788e-05
6.966806e-06
-1.755276e-05
7.077041e-06
6.864828e-06
6.78494e-06
6.887009e-06
6.993476e-06
6.754218e-06
6.492788e-06
6.213837e-06
5.917774e-06
1.943562e-05
1.95844e-05
1.892695e-05
1.686735e-05
1.231549e-05
0
0
0
0
0
476905.3
0
0
0
0
0
-0.0001465928
-0.0001670068
-0.0001829874
-3.255372e-05
0.001021863
0.000188073
0.302216
0.009869618
3.961936e-05
8.024224e-06
-1.600807e-05
8.228021e-06
7.979964e-06
7.876032e-06
7.957324e-06
8.037513e-06
7.728509e-06
7.411572e-06
7.08771e-06
6.753256e-06
2.025922e-05
2.03766e-05
1.970521e-05
1.765416e-05
1.313396e-05
0
0
0
0
0
284339.1
447487.1
0
0
0
0
0
-0.0001603155
-0.0001802094
-0.0001925408
-2.013875e-05
0.001017514
0.0001857323
0.3022193
0.009867524
4.044922e-05
8.585923e-06
-1.525936e-05
8.787838e-06
8.557033e-06
8.43652e-06
8.507718e-06
8.570635e-06
8.210522e-06
7.845755e-06
7.48805e-06
7.127744e-06
2.063004e-05
2.072888e-05
2.004886e-05
1.799881e-05
1.348845e-05
0
0
0
0
0
115047.5
259615.3
421894.1
0
0
0
0
0
-0.0001646663
-0.0001850617
-0.0001955624
-1.323133e-05
0.001015399
0.0001853601
0.3022193
0.009865744
4.032974e-05
8.575026e-06
-1.526165e-05
8.762384e-06
8.539191e-06
8.456172e-06
8.528221e-06
8.592164e-06
8.220698e-06
7.826206e-06
7.442265e-06
7.0694e-06
2.056359e-05
2.066165e-05
1.997645e-05
1.792768e-05
1.340653e-05
0
0
0
0
0
202583
92403.43
239484.3
393848.5
0
0
0
0
0
-0.0002145107
-0.0002350673
-0.0002439457
-9.36786e-06
0.001008819
0.0001869539
0.3022146
0.009864536
3.931202e-05
7.968675e-06
-1.604973e-05
8.203957e-06
7.957672e-06
7.899281e-06
8.017358e-06
8.087225e-06
7.738562e-06
7.355046e-06
6.964808e-06
6.586139e-06
2.006989e-05
2.017579e-05
1.949527e-05
1.743417e-05
1.291109e-05
0
0
0
0
0
195707.5
177806.7
73248.53
218401
373079
0
0
0
0
-0.0002141462
-0.0002353795
-0.0002409243
1.905657e-05
0.001000899
0.0001906299
0.3022036
0.009866116
3.738755e-05
6.859056e-06
-1.764544e-05
7.100998e-06
6.880286e-06
6.805433e-06
6.936905e-06
7.038545e-06
6.7347e-06
6.395792e-06
6.037332e-06
5.675823e-06
1.914266e-05
1.926386e-05
1.859091e-05
1.651676e-05
1.196449e-05
0
0
0
0
0
191801.9
173410.2
158617.3
50336.46
198174.5
6.508607e-05
0
0
0
-0.0002151239
-0.0002365944
-0.0002406375
2.37911e-05
0.0007564322
0.0001972834
0.3014746
0.01054077
5.812584e-05
5.347294e-06
-1.994989e-05
5.499092e-06
5.343383e-06
5.276823e-06
5.353331e-06
5.435408e-06
5.224125e-06
4.948905e-06
4.6545e-06
4.344532e-06
1.780482e-05
1.794963e-05
1.728458e-05
1.519858e-05
1.059555e-05
0
0
0
0
0
190632.9
168324.3
155282
140155.9
32890.21
-0.0001025506
0.0003060725
0
0
-0.0002121366
-0.0002326758
-0.0002335671
2.672824e-05
0.0009577999
0.0002071811
0.2995507
0.009754612
3.690573e-05
3.580611e-06
-2.254571e-05
3.588757e-06
3.465271e-06
3.42235e-06
3.433865e-06
3.423943e-06
3.292738e-06
3.120925e-06
2.904282e-06
2.673508e-06
1.616147e-05
1.634873e-05
1.569736e-05
1.359189e-05
8.925145e-06
0
0
0
0
0
194996.6
171558.7
152410.7
133654.8
130065.6
6.420137e-05
9.155994e-05
6.338643e-05
0
0
0
0
0
0
0
0
0
0
0
1.479354e-06
1.677809e-06
1.661415e-06
1.612647e-06
1.556298e-06
1.455988e-06
1.372059e-06
1.278361e-06
1.160427e-06
1.007064e-06
1.45531e-05
1.479913e-05
1.416819e-05
1.204227e-05
7.297414e-06
0
0
0
0
0
196740.5
175850.2
156162
130611.4
123979
-7.622023e-06
2.003763e-05
-0.0001117358
-0.0001189182
0
0
0
0
0
0
0
0
0
0
1.016648e-06
8.521961e-07
6.47358e-07
4.434156e-07
2.339046e-07
6.642834e-08
2.427098e-08
-3.744233e-08
-1.003104e-07
-1.818454e-07
1.341114e-05
1.370555e-05
1.309483e-05
1.095047e-05
6.13906e-06
0
0
0
0
0
206617.2
179386.6
152660.9
129641.4
120969.2
7.074957e-05
0.0002285207
-0.0001770017
-3.46085e-05
-4.766995e-05
0
0
0
0
0
0
0
0
0
8.056419e-07
4.41495e-07
8.279622e-08
-2.137696e-07
-5.239993e-07
-7.418507e-07
-7.4117e-07
-7.796494e-07
-8.274028e-07
-8.7553e-07
1.277409e-05
1.309694e-05
1.250168e-05
1.034699e-05
5.483808e-06
0
0
0
0
0
226980.9
185247.9
160720.6
130012.6
119900.3
1.730908e-05
-0.0001276768
-1.843023e-05
6.04642e-06
0.0001729865
4.041963e-08
0
0
0
0
0
0
0
0
6.877966e-07
2.316953e-07
-1.987789e-07
-5.550473e-07
-8.856237e-07
-1.118789e-06
-1.105223e-06
-1.118977e-06
-1.154309e-06
-1.199618e-06
1.249082e-05
1.284316e-05
1.225475e-05
1.009443e-05
5.19677e-06
0
0
0
0
0
19659.69
220462.5
178820.3
137848.9
120176.1
-3.059119e-05
0.0001108162
1.614761e-05
7.706993e-05
-5.866431e-05
-8.199476e-06
2.516465e-05
0
0
0
0
0
0
0
6.207238e-07
1.416511e-07
-3.141254e-07
-6.892911e-07
-1.03314e-06
-1.234481e-06
-1.217325e-06
-1.225142e-06
-1.2467e-06
-1.285748e-06
1.239324e-05
1.275324e-05
1.217762e-05
9.995517e-06
5.022404e-06
0
0
0
0
0
37199.52
3592.457
208121.7
163852.9
121482.3
0.0001115984
-0.0001071849
-2.168541e-06
0.0003200947
-0.000119894
-7.774164e-06
2.919744e-06
1.508043e-06
0
0
0
0
0
0
0
0
0
0
0
0
0
0
0
5.997048e-07
1.533252e-07
-2.637038e-07
-6.052576e-07
-9.130761e-07
-1.072465e-06
-9.894742e-07
-9.25561e-07
-8.94508e-07
-8.900526e-07
1.280079e-05
1.309856e-05
1.232651e-05
9.777211e-06
4.476336e-06
0
0
0
0
0
0
0
0
0
0
0
0
0
0
0
6.651494e-07
2.319373e-07
-1.778631e-07
-5.12181e-07
-8.166912e-07
-9.97263e-07
-9.323045e-07
-8.819592e-07
-8.385415e-07
-8.278037e-07
1.288693e-05
1.323358e-05
1.258513e-05
1.024278e-05
5.071805e-06
0
0
0
0
0
0
0
0
0
0
0
0
0
0
0
0
7.833919e-07
4.249589e-07
7.156842e-08
-2.140443e-07
-4.766715e-07
-6.428426e-07
-6.04236e-07
-5.827899e-07
-5.688009e-07
-5.537672e-07
1.314046e-05
1.350032e-05
1.290112e-05
1.067458e-05
5.638788e-06
0
0
0
0
0
0
0
0
0
0
0
0
0
0
0
0
0
9.928053e-07
8.214894e-07
6.026067e-07
4.233781e-07
2.588678e-07
1.398749e-07
1.545972e-07
1.404846e-07
1.138175e-07
7.975607e-08
1.375063e-05
1.410197e-05
1.352123e-05
1.1356e-05
6.438047e-06
0
0
0
0
0
0
0
0
0
0
0
0
0
0
0
0
0
0
1.454946e-06
1.63102e-06
1.61248e-06
1.575076e-06
1.549606e-06
1.515151e-06
1.486288e-06
1.424512e-06
1.343267e-06
1.253122e-06
1.486753e-05
1.518906e-05
1.462045e-05
1.247925e-05
7.659894e-06
0
0
0
0
0
0
0
0
0
-0.0002139206
-0.0002324204
-0.0002340726
-1.118406e-05
0.001029189
0.0002131755
0.2995527
0.009773252
3.776483e-05
3.784976e-06
-2.245324e-05
3.551208e-06
3.416263e-06
3.36851e-06
3.414612e-06
3.454537e-06
3.358321e-06
3.228845e-06
3.076944e-06
2.908268e-06
1.647271e-05
1.672089e-05
1.612345e-05
1.405417e-05
9.349154e-06
0
0
0
0
0
0
0
0
0
0
-0.0001678768
-0.0001917899
-0.0002028478
5.709691e-05
0.0006978452
0.0002010617
0.3014821
0.01055029
5.881511e-05
5.490178e-06
-1.983647e-05
5.477054e-06
5.306538e-06
5.245568e-06
5.32918e-06
5.408526e-06
5.227051e-06
5.023717e-06
4.801213e-06
4.560897e-06
1.808672e-05
1.828062e-05
1.764534e-05
1.558337e-05
1.098882e-05
0
0
0
0
0
463144.5
0
0
0
0
0
-0.0001483565
-0.0001698018
-0.00018639
-7.412503e-06
0.00102668
0.0001921836
0.3022083
0.009872022
3.781973e-05
6.943259e-06
-1.756853e-05
7.095469e-06
6.884845e-06
6.807121e-06
6.896233e-06
6.975486e-06
6.708016e-06
6.431017e-06
6.146875e-06
5.850209e-06
1.936243e-05
1.950798e-05
1.885094e-05
1.678974e-05
1.225042e-05
0
0
0
0
0
276716.2
440295.6
0
0
0
0
0
-0.0001666433
-0.0001858119
-0.0001988055
-3.514335e-05
0.001020168
0.0001874627
0.3022162
0.009867758
3.953108e-05
8.0255e-06
-1.603974e-05
8.208942e-06
7.999279e-06
7.896711e-06
7.979197e-06
8.046859e-06
7.70966e-06
7.364719e-06
7.026545e-06
6.686236e-06
2.019102e-05
2.030275e-05
1.963012e-05
1.757606e-05
1.305243e-05
0
0
0
0
0
115993.4
258660.2
418891.3
0
0
0
0
0
-0.0001646595
-0.0001850545
-0.000195555
-1.322351e-05
0.001015398
0.0001853599
0.3022193
0.009865744
4.032951e-05
8.574811e-06
-1.526171e-05
8.762332e-06
8.538885e-06
8.45608e-06
8.528206e-06
8.59213e-06
8.220555e-06
7.826114e-06
7.442263e-06
7.069363e-06
2.056354e-05
2.066164e-05
1.997649e-05
1.792769e-05
1.340655e-05
0
0
0
0
0
202583
92403.42
239484.3
393848.5
0
0
0
0
0
-0.0001597336
-0.0001811502
-0.0001918148
6.878036e-06
0.001004098
0.000185078
0.3022188
0.009864231
4.024157e-05
8.526654e-06
-1.527336e-05
8.782609e-06
8.514435e-06
8.43946e-06
8.547466e-06
8.612234e-06
8.240951e-06
7.835618e-06
7.4234e-06
7.026073e-06
2.050731e-05
2.059814e-05
1.991138e-05
1.785655e-05
1.334513e-05
0
0
0
0
0
195421.4
177561.4
74075.2
219113.8
375822.3
0
0
0
0
-0.0001873411
-0.0002094544
-0.0002172991
2.991029e-05
0.0009862311
0.0001866469
0.302212
0.009864424
3.920922e-05
7.942786e-06
-1.609561e-05
8.234144e-06
7.975925e-06
7.875579e-06
8.002091e-06
8.105518e-06
7.756802e-06
7.373475e-06
6.972334e-06
6.569447e-06
2.002907e-05
2.012204e-05
1.943511e-05
1.737239e-05
1.283972e-05
0
0
0
0
0
191978.7
172703.1
158071.4
55501.47
206712.7
1.739751e-05
0
0
0
-0.0001951444
-0.0002202097
-0.0002291492
6.220625e-05
0.0009610552
0.000190342
0.3021963
0.009867367
3.724938e-05
6.835996e-06
-1.767846e-05
7.101016e-06
6.906922e-06
6.821062e-06
6.914902e-06
7.023868e-06
6.75058e-06
6.411446e-06
6.053429e-06
5.682001e-06
1.912738e-05
1.922732e-05
1.854064e-05
1.645968e-05
1.190048e-05
0
0
0
0
0
189393
169542.3
155352.4
139435.2
42594.1
1.530345e-05
5.102062e-05
0
0
-0.0001927732
-0.0002182232
-0.0002267654
6.644992e-05
0.0006853956
0.0001964549
0.3014642
0.01054135
5.803925e-05
5.268142e-06
-1.997798e-05
5.501437e-06
5.343522e-06
5.299474e-06
5.366091e-06
5.414865e-06
5.210595e-06
4.962613e-06
4.667201e-06
4.357975e-06
1.780961e-05
1.793582e-05
1.725256e-05
1.515166e-05
1.053972e-05
0
0
0
0
0
193181.9
169641.8
150886.3
137201.1
129371.2
-0.0001436819
0.0001089929
-0.0003882591
0
-0.0001895177
-0.0002131791
-0.0002194762
6.965555e-05
0.000877621
0.0002056733
0.2995398
0.009748774
3.682856e-05
3.546027e-06
-2.261891e-05
3.598587e-06
3.468503e-06
3.422454e-06
3.453147e-06
3.434304e-06
3.275649e-06
3.109234e-06
2.915715e-06
2.683337e-06
1.617244e-05
1.635278e-05
1.568583e-05
1.356407e-05
8.880396e-06
0
0
0
0
0
194401.7
175181.7
155189.8
135088
123398.1
-0.000104143
-3.75703e-05
5.672874e-05
-0.0001439134
0
0
0
0
0
0
0
0
0
0
1.468324e-06
1.656538e-06
1.667654e-06
1.616606e-06
1.556184e-06
1.47337e-06
1.380065e-06
1.264958e-06
1.150948e-06
1.016289e-06
1.456063e-05
1.480788e-05
1.417185e-05
1.20328e-05
7.271988e-06
0
0
0
0
0
198945.9
176882.3
159447.3
139109.3
120611.2
-0.0001977758
4.52654e-05
-0.0001530107
0.0001706181
9.557325e-05
0
0
0
0
0
0
0
0
0
1.010603e-06
8.378213e-07
6.257597e-07
4.484694e-07
2.38439e-07
6.652511e-08
3.956817e-08
-3.108731e-08
-1.10939e-07
-1.895422e-07
1.341857e-05
1.371171e-05
1.310216e-05
1.095389e-05
6.130228e-06
0
0
0
0
0
228769.4
187797.8
163863.5
135676.5
119729.4
0.0001834007
-6.647158e-05
0.000164954
6.702076e-05
8.976565e-05
3.061775e-05
0
0
0
0
0
0
0
0
8.057656e-07
4.299654e-07
6.503985e-08
-2.369204e-07
-5.196811e-07
-7.376075e-07
-7.400672e-07
-7.668899e-07
-8.221622e-07
-8.841372e-07
1.276725e-05
1.310313e-05
1.250701e-05
1.035375e-05
5.487854e-06
0
0
0
0
0
21320.74
210384.1
169854.3
144054.7
120068.6
4.332937e-05
-5.524855e-05
-6.294902e-07
-3.849284e-05
2.245101e-05
-5.754038e-06
3.47437e-06
0
0
0
0
0
0
0
6.897288e-07
2.299399e-07
-2.138997e-07
-5.756746e-07
-9.092868e-07
-1.115165e-06
-1.103322e-06
-1.115579e-06
-1.146297e-06
-1.194583e-06
1.248325e-05
1.283727e-05
1.226005e-05
1.009937e-05
5.206208e-06
0
0
0
0
0
36389.2
2393.436
207349.9
163339.6
127796.9
2.886377e-05
6.247246e-05
-0.0001062857
-7.957672e-06
3.608099e-05
1.320283e-06
9.815177e-06
-2.809576e-05
0
0
0
0
0
0
6.1995e-07
1.41635e-07
-3.174796e-07
-7.063624e-07
-1.056192e-06
-1.260222e-06
-1.214332e-06
-1.221569e-06
-1.245477e-06
-1.280412e-06
1.240401e-05
1.274653e-05
1.217242e-05
9.999323e-06
5.027955e-06
0
0
0
0
0
48497.25
19145.17
-10695.89
194362.6
154416
-5.537797e-05
-0.0001999254
5.499881e-05
-0.0001665344
-0.000135644
1.716478e-05
3.115197e-06
-2.299305e-05
1.627304e-05
0
0
0
0
0
0
0
0
0
0
0
0
0
0
0
5.972963e-07
1.427467e-07
-2.819753e-07
-6.305729e-07
-9.468096e-07
-1.125173e-06
-1.056517e-06
-9.996826e-07
-9.539172e-07
-9.379292e-07
1.278253e-05
1.313743e-05
1.248877e-05
1.013858e-05
4.927801e-06
0
0
0
0
0
0
0
0
0
0
0
0
0
0
0
0
6.658519e-07
2.247451e-07
-1.953761e-07
-5.378479e-07
-8.496325e-07
-1.03615e-06
-9.849641e-07
-9.472832e-07
-9.155133e-07
-8.885631e-07
1.284155e-05
1.321759e-05
1.262676e-05
1.039548e-05
5.333574e-06
0
0
0
0
0
0
0
0
0
0
0
0
0
0
0
0
0
7.870296e-07
4.238822e-07
5.876688e-08
-2.397134e-07
-5.112092e-07
-6.82318e-07
-6.435997e-07
-6.340011e-07
-6.317635e-07
-6.33866e-07
1.307792e-05
1.345582e-05
1.288862e-05
1.071807e-05
5.764275e-06
0
0
0
0
0
0
0
0
0
0
0
0
0
0
0
0
0
0
9.986603e-07
8.2635e-07
5.98931e-07
4.035552e-07
2.229932e-07
9.712773e-08
1.112147e-07
9.506032e-08
6.032114e-08
1.692429e-08
1.367794e-05
1.403945e-05
1.34792e-05
1.134877e-05
6.481678e-06
0
0
0
0
0
0
0
0
0
0
0
0
0
0
0
0
0
0
0
1.461279e-06
1.641194e-06
1.618865e-06
1.567485e-06
1.520912e-06
1.46942e-06
1.437667e-06
1.375282e-06
1.291645e-06
1.192176e-06
1.480365e-05
1.511268e-05
1.455293e-05
1.2476e-05
7.661614e-06
0
0
0
0
0
0
0
0
0
0
-0.0001726602
-0.0001938755
-0.0001974587
5.097321e-05
0.001028953
0.000212163
0.2995532
0.009771497
3.771795e-05
3.797974e-06
-2.240556e-05
3.565139e-06
3.433422e-06
3.376582e-06
3.402081e-06
3.417315e-06
3.305513e-06
3.172713e-06
3.020046e-06
2.849233e-06
1.640316e-05
1.665269e-05
1.604801e-05
1.398581e-05
9.33645e-06
0
0
0
0
0
441872.5
0
0
0
0
0
-0.0001442211
-0.0001675618
-0.0001823093
4.276966e-05
0.0007390841
0.0001995908
0.3014821
0.01054847
5.875752e-05
5.473548e-06
-1.984526e-05
5.493189e-06
5.323839e-06
5.265631e-06
5.337748e-06
5.392353e-06
5.185328e-06
4.966373e-06
4.739798e-06
4.498772e-06
1.802111e-05
1.820602e-05
1.757324e-05
1.550706e-05
1.092687e-05
0
0
0
0
0
271912.2
427752.4
0
0
0
0
0
-0.0001423004
-0.0001611371
-0.00017415
-2.333942e-05
0.001025355
0.0001913111
0.3022081
0.00987017
3.773582e-05
6.947022e-06
-1.759681e-05
7.077296e-06
6.902596e-06
6.826007e-06
6.917039e-06
6.984146e-06
6.690693e-06
6.386957e-06
6.088011e-06
5.786534e-06
1.929693e-05
1.943715e-05
1.877782e-05
1.67141e-05
1.216992e-05
0
0
0
0
0
112863
250635.1
412225.7
0
0
0
0
0
-0.0001589325
-0.000178597
-0.0001863905
-2.195145e-05
0.001017644
0.0001870692
0.3022159
0.009865911
3.941064e-05
8.015826e-06
-1.604024e-05
8.184396e-06
7.981199e-06
7.915431e-06
7.998781e-06
8.068015e-06
7.718466e-06
7.346573e-06
6.982063e-06
6.628153e-06
2.012605e-05
2.023774e-05
1.955781e-05
1.75058e-05
1.297167e-05
0
0
0
0
0
202751
92227.26
238689.1
391000.1
0
0
0
0
0
-0.0001597393
-0.0001811564
-0.0001918214
6.87362e-06
0.001004102
0.0001850777
0.3022188
0.009864232
4.024145e-05
8.526281e-06
-1.52737e-05
8.782564e-06
8.514383e-06
8.439127e-06
8.547367e-06
8.612204e-06
8.240932e-06
7.835495e-06
7.423314e-06
7.026072e-06
2.050727e-05
2.059809e-05
1.991136e-05
1.78566e-05
1.334514e-05
0
0
0
0
0
195421.4
177561.4
74075.19
219113.8
375822.3
0
0
0
0
-0.0001892509
-0.0002113509
-0.0002226539
-9.475842e-07
0.000979998
0.000184708
0.3022179
0.009863382
4.014442e-05
8.505794e-06
-1.532071e-05
8.813582e-06
8.533436e-06
8.415555e-06
8.532006e-06
8.63121e-06
8.260063e-06
7.854473e-06
7.432084e-06
7.007854e-06
2.046534e-05
2.054458e-05
1.984985e-05
1.77916e-05
1.327567e-05
0
0
0
0
0
192271.3
172334.3
157780.1
56563.87
207386.4
-5.648089e-05
0
0
0
-0.0001953182
-0.000219702
-0.0002300461
4.297121e-05
0.0009368158
0.0001861838
0.3022062
0.009865829
3.907532e-05
7.927828e-06
-1.612448e-05
8.233716e-06
8.00428e-06
7.892572e-06
7.978673e-06
8.090863e-06
7.774276e-06
7.390695e-06
6.989186e-06
6.5762e-06
2.001246e-05
2.008322e-05
1.938306e-05
1.731239e-05
1.277581e-05
0
0
0
0
0
188549.8
169819.8
154543.2
138884.5
48321.09
0.0003129662
-5.345736e-05
0
0
-0.0001323127
-0.0001589497
-0.0001725586
8.144805e-05
0.0008789377
0.0001887357
0.3021812
0.009871774
3.718343e-05
6.746186e-06
-1.76993e-05
7.102416e-06
6.906435e-06
6.846014e-06
6.929428e-06
7.001855e-06
6.736632e-06
6.426549e-06
6.068049e-06
5.696424e-06
1.913243e-05
1.921243e-05
1.850533e-05
1.640951e-05
1.184022e-05
0
0
0
0
0
191803.7
168132.6
151665.2
137495.2
128678.7
0.0002513072
-2.325752e-05
-3.11109e-05
0
-0.0001328488
-0.0001584722
-0.000171898
8.109842e-05
0.0005457425
0.0001942163
0.3014355
0.01054581
5.801655e-05
5.21413e-06
-2.006667e-05
5.514929e-06
5.345754e-06
5.298926e-06
5.387717e-06
5.42722e-06
5.190877e-06
4.949936e-06
4.680182e-06
4.369678e-06
1.782164e-05
1.793988e-05
1.723864e-05
1.511961e-05
1.048999e-05
0
0
0
0
0
192392
173006.5
153040.2
133541.1
126890.7
-5.305765e-05
0.0001033626
-1.113233e-05
0.0001988905
-0.0001394434
-0.0001542627
-0.0001649204
8.369883e-05
0.0007299591
0.0002023962
0.2995165
0.009745365
3.676896e-05
3.535536e-06
-2.267544e-05
3.554727e-06
3.478293e-06
3.425686e-06
3.452389e-06
3.453675e-06
3.285447e-06
3.092872e-06
2.904917e-06
2.694115e-06
1.618137e-05
1.636247e-05
1.568914e-05
1.355184e-05
8.850382e-06
0
0
0
0
0
196205.7
174098.5
159474.5
138481.9
125097.4
7.727476e-05
2.985638e-05
-4.837411e-05
4.139617e-05
0.000160893
0
0
0
0
0
0
0
0
0
1.458568e-06
1.636197e-06
1.639205e-06
1.623418e-06
1.560304e-06
1.472774e-06
1.396621e-06
1.272385e-06
1.138126e-06
1.007655e-06
1.456918e-05
1.481471e-05
1.417979e-05
1.203576e-05
7.260975e-06
0
0
0
0
0
225855.7
178422.1
161069.6
142294.2
129073.6
-0.0002249881
0.0002280204
4.12189e-05
0.0001174195
-0.0001065121
5.739116e-06
0
0
0
0
0
0
0
0
1.010551e-06
8.237914e-07
6.052918e-07
4.2141e-07
2.439251e-07
7.112458e-08
3.954575e-08
-1.681904e-08
-1.051526e-07
-1.996845e-07
1.341107e-05
1.37187e-05
1.310781e-05
1.096105e-05
6.132965e-06
0
0
0
0
0
16784.56
212596.7
172726.2
147424.9
125763.3
-8.085581e-05
-0.0002212843
0.0001148752
-0.0001445869
-3.068347e-05
-4.932981e-06
-4.984892e-05
0
0
0
0
0
0
0
8.079996e-07
4.279572e-07
4.759148e-08
-2.592953e-07
-5.472966e-07
-7.331743e-07
-7.36049e-07
-7.659864e-07
-8.105819e-07
-8.794232e-07
1.275865e-05
1.309679e-05
1.251287e-05
1.03589e-05
5.495458e-06
0
0
0
0
0
38532.93
4623.237
196730.7
153454.9
134052
8.738684e-05
-2.399673e-05
2.730807e-05
0.0001245542
9.755576e-05
-7.817367e-07
1.652273e-05
-2.389809e-06
0
0
0
0
0
0
6.892393e-07
2.312454e-07
-2.172057e-07
-5.954456e-07
-9.338406e-07
-1.140622e-06
-1.099878e-06
-1.113958e-06
-1.143075e-06
-1.188028e-06
1.248765e-05
1.282997e-05
1.225436e-05
1.010452e-05
5.211606e-06
0
0
0
0
0
47881.68
18198.91
-11992.04
193567.8
153899.3
-0.000127589
-0.0001767045
2.370126e-05
3.611664e-05
2.307003e-06
2.252723e-06
1.306109e-05
-1.867966e-05
1.536292e-05
0
0
0
0
0
6.100937e-07
1.481022e-07
-3.177993e-07
-7.111549e-07
-1.076778e-06
-1.285477e-06
-1.239072e-06
-1.218758e-06
-1.242223e-06
-1.279391e-06
1.240422e-05
1.275841e-05
1.216717e-05
9.99454e-06
5.032702e-06
0
0
0
0
0
57158.12
29685.15
4152.962
-25712.82
189477.3
0.0001245374
0.0001245711
0.0001384321
-5.671364e-05
0.0001408595
-2.716716e-06
-1.945331e-05
-7.601069e-06
9.107742e-06
-1.209804e-05
0
0
0
0
0
0
0
0
0
0
0
0
0
0
0
5.979964e-07
1.361356e-07
-2.981056e-07
-6.543217e-07
-9.774272e-07
-1.161935e-06
-1.107726e-06
-1.064755e-06
-1.025628e-06
-9.953003e-07
1.273917e-05
1.312194e-05
1.252955e-05
1.028762e-05
5.188245e-06
0
0
0
0
0
0
0
0
0
0
0
0
0
0
0
0
0
6.693288e-07
2.240015e-07
-2.066898e-07
-5.607012e-07
-8.807181e-07
-1.071944e-06
-1.022528e-06
-9.986319e-07
-9.790931e-07
-9.629064e-07
1.27833e-05
1.317469e-05
1.261328e-05
1.043562e-05
5.453015e-06
0
0
0
0
0
0
0
0
0
0
0
0
0
0
0
0
0
0
7.923227e-07
4.285e-07
5.616377e-08
-2.564956e-07
-5.422249e-07
-7.197721e-07
-6.817176e-07
-6.717807e-07
-6.816855e-07
-6.954171e-07
1.300303e-05
1.339565e-05
1.284693e-05
1.070768e-05
5.800629e-06
0
0
0
0
0
0
0
0
0
0
0
0
0
0
0
0
0
0
0
1.003866e-06
8.343783e-07
6.045938e-07
3.983507e-07
1.994166e-07
5.845314e-08
6.995603e-08
5.333549e-08
1.680602e-08
-3.521999e-08
1.361585e-05
1.397142e-05
1.34222e-05
1.131039e-05
6.476115e-06
0
0
0
0
0
0
0
0
0
0
0
0
0
0
0
0
0
0
0
0
1.466883e-06
1.649532e-06
1.630936e-06
1.574352e-06
1.511986e-06
1.439083e-06
1.393594e-06
1.328555e-06
1.244523e-06
1.142881e-06
1.474386e-05
1.505056e-05
1.447848e-05
1.241472e-05
7.699535e-06
0
0
0
0
0
413995.5
0
0
0
0
0
-0.0001654569
-0.000187225
-0.0001958386
5.679879e-05
0.001029076
0.0002106656
0.2995533
0.009769688
3.76648e-05
3.791403e-06
-2.240624e-05
3.577854e-06
3.447148e-06
3.393561e-06
3.409944e-06
3.404205e-06
3.269787e-06
3.122107e-06
2.966391e-06
2.795065e-06
1.634559e-05
1.658507e-05
1.598128e-05
1.39106e-05
9.279211e-06
0
0
0
0
0
264394.3
408254.2
0
0
0
0
0
-0.0001504374
-0.0001713145
-0.0001873994
-5.639061e-06
0.0007650717
0.0001983971
0.3014817
0.01054659
5.867095e-05
5.477465e-06
-1.986853e-05
5.477211e-06
5.339523e-06
5.28206e-06
5.356855e-06
5.40047e-06
5.169729e-06
4.926556e-06
4.685091e-06
4.440318e-06
1.796082e-05
1.814288e-05
1.750178e-05
1.543513e-05
1.084773e-05
0
0
0
0
0
102210.7
246541.9
400553.1
0
0
0
0
0
-0.0001651151
-0.0001827126
-0.0001904563
-3.614854e-05
0.001023444
0.0001908374
0.3022076
0.009868455
3.761328e-05
6.939077e-06
-1.759499e-05
7.054731e-06
6.885196e-06
6.843175e-06
6.934903e-06
7.004347e-06
6.698852e-06
6.370269e-06
6.046169e-06
5.730593e-06
1.923518e-05
1.937459e-05
1.870859e-05
1.664557e-05
1.209155e-05
0
0
0
0
0
203046.8
88896.21
230273.4
384673.8
0
0
0
0
0
-0.0002144956
-0.0002350522
-0.000243931
-9.35925e-06
0.001008827
0.000186953
0.3022146
0.009864539
3.931173e-05
7.967863e-06
-1.605065e-05
8.203837e-06
7.957528e-06
7.898402e-06
8.017084e-06
8.087179e-06
7.738511e-06
7.354751e-06
6.964574e-06
6.586094e-06
2.006977e-05
2.017565e-05
1.949515e-05
1.743415e-05
1.291105e-05
0
0
0
0
0
195707.5
177806.7
73248.55
218401
373079
0
0
0
0
-0.000189246
-0.0002113457
-0.0002226485
-9.428779e-07
0.0009800016
0.000184708
0.3022179
0.009863367
4.014441e-05
8.505697e-06
-1.532119e-05
8.813286e-06
8.533391e-06
8.4155e-06
8.531625e-06
8.631105e-06
8.26005e-06
7.854458e-06
7.431967e-06
7.007771e-06
2.046534e-05
2.054454e-05
1.98498e-05
1.779159e-05
1.327571e-05
0
0
0
0
0
192271.3
172334.3
157780.1
56563.86
207386.4
-0.0001265052
0
0
0
-0.000189266
-0.0002123259
-0.0002221266
1.858317e-05
0.0009254999
0.0001841412
0.3022152
0.00986347
3.999786e-05
8.495075e-06
-1.534672e-05
8.812729e-06
8.562493e-06
8.433232e-06
8.508701e-06
8.616435e-06
8.278199e-06
7.872531e-06
7.449324e-06
7.015743e-06
2.044696e-05
2.050467e-05
1.97984e-05
1.773026e-05
1.320705e-05
0
0
0
0
0
188125.4
170355
154123
138592.1
49476.42
-4.965777e-05
6.530511e-05
0
0
-0.000135798
-0.0001622628
-0.000176197
6.58648e-05
0.0008376988
0.0001843584
0.3021936
0.0098697
3.901371e-05
7.832494e-06
-1.613985e-05
8.234517e-06
8.003373e-06
7.919043e-06
7.994442e-06
8.06738e-06
7.760369e-06
7.407358e-06
7.005303e-06
6.591294e-06
2.001804e-05
2.006708e-05
1.934555e-05
1.726045e-05
1.271258e-05
0
0
0
0
0
190890.7
167112.5
152051.5
136678.4
128150.6
-4.659252e-05
-0.0003214012
6.301979e-05
0
-0.0001370544
-0.0001619856
-0.0001808847
3.637517e-05
0.0007215527
0.0001860296
0.3021506
0.009882882
3.720165e-05
6.682615e-06
-1.779598e-05
7.118659e-06
6.907669e-06
6.844779e-06
6.952963e-06
7.0159e-06
6.715539e-06
6.413503e-06
6.082374e-06
5.709946e-06
1.91453e-05
1.921668e-05
1.849063e-05
1.637424e-05
1.178717e-05
0
0
0
0
0
190881.8
171360.8
151356.2
133966.5
127282.3
-0.0001172514
-0.0002538028
3.049234e-05
-5.36365e-05
-0.0001571053
-0.0001630107
-0.0001808301
3.491996e-05
0.0002571822
0.0001904227
0.3013809
0.01056392
5.811363e-05
5.181396e-06
-2.013782e-05
5.45558e-06
5.358819e-06
5.301022e-06
5.386326e-06
5.44859e-06
5.20256e-06
4.93109e-06
4.668505e-06
4.381922e-06
1.783234e-05
1.795045e-05
1.724184e-05
1.510498e-05
1.045571e-05
0
0
0
0
0
193896.3
171716.9
157062.2
136294.1
123603
-6.434998e-05
-3.301031e-05
-3.731748e-05
-1.160148e-05
-1.7804e-05
-0.0001857236
-0.0001760526
3.572447e-05
0.0004677662
0.000197793
0.2994676
0.009739836
3.669004e-05
3.556209e-06
-2.271431e-05
3.512816e-06
3.433716e-06
3.435451e-06
3.455599e-06
3.452476e-06
3.303853e-06
3.101944e-06
2.889314e-06
2.684331e-06
1.619137e-05
1.637058e-05
1.569782e-05
1.355434e-05
8.836511e-06
0
0
0
0
0
222715.9
175218.4
157979.4
143183.9
128638.8
-4.954369e-05
-0.0002525519
-9.531584e-05
4.32967e-05
-9.157467e-05
-1.17153e-05
0
0
0
0
0
0
0
0
1.457566e-06
1.61605e-06
1.612496e-06
1.58995e-06
1.567529e-06
1.47685e-06
1.39593e-06
1.287846e-06
1.144857e-06
9.954484e-07
1.456082e-05
1.482275e-05
1.418604e-05
1.204343e-05
7.263206e-06
0
0
0
0
0
10662.56
209326.5
162058.3
144542.1
132134.6
5.478584e-05
0.0003742708
0.0001660286
-5.785461e-05
-6.50578e-05
1.169679e-06
-2.896604e-06
0
0
0
0
0
0
0
1.013275e-06
8.21193e-07
5.844111e-07
3.961692e-07
2.1219e-07
7.679148e-08
4.39146e-08
-1.703279e-08
-9.210067e-08
-1.945437e-07
1.340099e-05
1.371178e-05
1.311444e-05
1.096649e-05
6.140972e-06
0
0
0
0
0
34721.99
-226.4771
199320.3
156551.9
137426.7
-3.202759e-05
0.0001135738
2.182624e-05
-0.0001657492
-1.38967e-05
-6.954889e-06
-8.021094e-06
2.321996e-05
0
0
0
0
0
0
8.080819e-07
4.297031e-07
4.38192e-08
-2.820392e-07
-5.73696e-07
-7.633269e-07
-7.318355e-07
-7.622171e-07
-8.098884e-07
-8.692737e-07
1.276257e-05
1.308851e-05
1.250675e-05
1.036462e-05
5.501061e-06
0
0
0
0
0
50359.85
20881.05
-9279.335
181948.5
143480.4
0.0001016559
-5.576089e-05
-2.425674e-05
-9.074341e-06
-0.0001315484
-1.357464e-05
1.514634e-05
-1.686354e-05
1.884375e-05
0
0
0
0
0
6.795147e-07
2.283655e-07
-2.157486e-07
-6.002436e-07
-9.582319e-07
-1.167445e-06
-1.124273e-06
-1.110724e-06
-1.141821e-06
-1.185019e-06
1.248937e-05
1.283389e-05
1.224713e-05
1.009851e-05
5.216992e-06
0
0
0
0
0
56674.04
28921.58
3099.099
-27050.12
188698.8
-3.623151e-05
0.0001497512
0.0001755407
-0.0001104512
-1.247072e-05
1.381049e-05
-4.481548e-06
-1.696015e-05
2.125398e-05
1.177619e-06
0
0
0
0
5.903565e-07
1.471517e-07
-3.095443e-07
-7.116289e-07
-1.082925e-06
-1.30854e-06
-1.263332e-06
-1.242166e-06
-1.239607e-06
-1.276505e-06
1.240491e-05
1.275575e-05
1.218596e-05
9.986581e-06
5.025886e-06
0
0
0
0
0
65097.88
37704.62
14109.47
-11504.98
-31576.45
0.0002317129
-0.0001316014
-7.484334e-05
5.567164e-05
0.0001612069
-2.031429e-05
1.041864e-05
4.987383e-06
9.381049e-06
2.327389e-06
0
0
0
0
0
0
0
0
0
0
0
0
0
0
0
0
6.012294e-07
1.355268e-07
-3.085268e-07
-6.754044e-07
-1.00626e-06
-1.195278e-06
-1.143248e-06
-1.11473e-06
-1.088874e-06
-1.0647e-06
1.26842e-05
1.308094e-05
1.251653e-05
1.033117e-05
5.306461e-06
0
0
0
0
0
0
0
0
0
0
0
0
0
0
0
0
0
0
6.742489e-07
2.285243e-07
-2.08753e-07
-5.756453e-07
-9.084897e-07
-1.105787e-06
-1.05711e-06
-1.034769e-06
-1.029363e-06
-1.024933e-06
1.2713e-05
1.311857e-05
1.257298e-05
1.042405e-05
5.48522e-06
0
0
0
0
0
0
0
0
0
0
0
0
0
0
0
0
0
0
0
7.970923e-07
4.356156e-07
6.163194e-08
-2.604213e-07
-5.62576e-07
-7.53476e-07
-7.179059e-07
-7.084866e-07
-7.177821e-07
-7.442206e-07
1.294226e-05
1.332484e-05
1.278923e-05
1.066902e-05
5.79144e-06
0
0
0
0
0
0
0
0
0
0
0
0
0
0
0
0
0
0
0
0
1.008466e-06
8.410723e-07
6.144197e-07
4.04633e-07
1.928836e-07
3.301414e-08
3.261491e-08
1.360145e-08
-2.320582e-08
-7.676621e-08
1.356464e-05
1.391051e-05
1.336321e-05
1.126298e-05
6.442463e-06
0
0
0
0
0
382130
0
0
0
0
0
0
0
0
0
0
0
0
0
0
0
1.466052e-06
1.657255e-06
1.640548e-06
1.58763e-06
1.519146e-06
1.429421e-06
1.364385e-06
1.286186e-06
1.199725e-06
1.097913e-06
1.469572e-05
1.499224e-05
1.441725e-05
1.234097e-05
7.649664e-06
0
0
0
0
0
253580.9
382582.4
0
0
0
0
0
-0.0001415304
-0.0001632875
-0.0001755908
4.217677e-05
0.001028763
0.0002089991
0.299553
0.009767779
3.758258e-05
3.791427e-06
-2.242234e-05
3.566201e-06
3.459963e-06
3.406989e-06
3.426721e-06
3.411798e-06
3.257119e-06
3.087959e-06
2.918014e-06
2.743908e-06
1.629293e-05
1.652976e-05
1.59163e-05
1.384373e-05
9.201252e-06
0
0
0
0
0
60169.55
240032.7
382329.9
0
0
0
0
0
-0.0001444335
-0.0001626165
-0.0001745223
-2.073191e-05
0.0007886309
0.0001976357
0.3014812
0.01054481
5.85395e-05
5.468841e-06
-1.986585e-05
5.457856e-06
5.32391e-06
5.297389e-06
5.372462e-06
5.419165e-06
5.177386e-06
4.911504e-06
4.647256e-06
4.388265e-06
1.790407e-05
1.808526e-05
1.743999e-05
1.536946e-05
1.077302e-05
0
0
0
0
0
203373.7
78620.92
226679.3
373584.8
0
0
0
0
0
-0.0002169764
-0.0002364382
-0.000243073
-2.127877e-05
0.001018592
0.0001907
0.3022067
0.009866983
3.749938e-05
6.89191e-06
-1.760299e-05
7.072563e-06
6.86333e-06
6.826547e-06
6.951587e-06
7.021783e-06
6.717998e-06
6.377846e-06
6.030081e-06
5.691019e-06
1.918093e-05
1.931555e-05
1.864797e-05
1.657715e-05
1.203247e-05
0
0
0
0
0
196249.5
178259
69202.72
209755.3
366986.6
0
0
0
0
-0.0001873443
-0.0002094581
-0.000217304
2.990075e-05
0.0009862389
0.0001866468
0.302212
0.009864406
3.920918e-05
7.942558e-06
-1.609685e-05
8.233355e-06
7.975802e-06
7.87543e-06
8.001093e-06
8.105224e-06
7.756758e-06
7.373426e-06
6.972051e-06
6.569229e-06
2.002903e-05
2.012192e-05
1.943498e-05
1.737228e-05
1.28397e-05
0
0
0
0
0
191978.7
172703.1
158071.4
55501.49
206712.7
3.377074e-05
0
0
0
-0.0001892685
-0.0002123287
-0.0002221293
1.857983e-05
0.0009254896
0.0001841414
0.3022152
0.009863478
3.999753e-05
8.495046e-06
-1.534682e-05
8.812303e-06
8.562186e-06
8.433185e-06
8.508644e-06
8.616015e-06
8.278097e-06
7.872519e-06
7.449306e-06
7.01563e-06
2.044688e-05
2.050467e-05
1.979837e-05
1.773022e-05
1.320704e-05
0
0
0
0
0
188125.4
170355
154123
138592.1
49476.41
-4.056054e-05
0.0002080429
0
0
-0.0001868955
-0.000212444
-0.0002247773
3.241334e-05
0.0008217987
0.0001826021
0.3022088
0.009864746
3.991065e-05
8.397229e-06
-1.535922e-05
8.813423e-06
8.561094e-06
8.460314e-06
8.525092e-06
8.593325e-06
8.264178e-06
7.889847e-06
7.466235e-06
7.031174e-06
2.045421e-05
2.048667e-05
1.975984e-05
1.767984e-05
1.314247e-05
0
0
0
0
0
190437.3
166601
152928.8
136254.4
127870.5
5.080144e-05
0.0001428019
1.644631e-05
0
-0.0001530568
-0.0001776197
-0.0001955637
2.329905e-05
0.0006451157
0.0001815204
0.3021688
0.009880133
3.900801e-05
7.764133e-06
-1.6241e-05
8.252668e-06
8.004013e-06
7.917444e-06
8.019348e-06
8.08262e-06
7.737858e-06
7.394367e-06
7.021154e-06
6.606234e-06
2.00315e-05
2.007182e-05
1.932972e-05
1.7223e-05
1.26577e-05
0
0
0
0
0
189887.8
170274.6
150222.4
134417.7
126494.2
5.065023e-05
2.830284e-05
0.0001103047
-6.862948e-05
-0.0001387721
-0.0001728717
-0.0001896725
-5.445727e-06
0.0003512162
0.0001817593
0.3020965
0.009906757
3.738105e-05
6.638745e-06
-1.787421e-05
7.049441e-06
6.923311e-06
6.845802e-06
6.95076e-06
7.039055e-06
6.728826e-06
6.393377e-06
6.07038e-06
5.723481e-06
1.915774e-05
1.922796e-05
1.849396e-05
1.63595e-05
1.174963e-05
0
0
0
0
0
192183.7
169934.3
155242.3
134587.5
123896.8
3.770794e-05
0.0001806826
9.454721e-05
-7.724826e-06
3.316701e-05
-0.0001667828
-0.0001898614
-9.388494e-06
0.0001133741
0.0001848153
0.3012858
0.01059859
5.839743e-05
5.190726e-06
-2.019621e-05
5.398677e-06
5.301482e-06
5.313728e-06
5.388215e-06
5.44677e-06
5.22285e-06
4.941921e-06
4.65057e-06
4.371372e-06
1.784371e-05
1.796021e-05
1.725124e-05
1.510728e-05
1.043937e-05
0
0
0
0
0
220097.9
172527
155350.1
140736.5
126510.3
4.343441e-05
0.0002241074
2.0488e-06
-3.051231e-05
-7.034564e-05
1.544904e-05
-0.0001835502
-9.677823e-06
0.0001109465
0.0001915509
0.2993653
0.009730213
3.655031e-05
3.580522e-06
-2.270337e-05
3.471336e-06
3.391644e-06
3.390195e-06
3.465378e-06
3.455513e-06
3.302564e-06
3.119111e-06
2.897525e-06
2.669522e-06
1.618198e-05
1.637998e-05
1.570525e-05
1.356263e-05
8.838231e-06
0
0
0
0
0
3758.847
205793.9
158532.3
141380.1
133390
-4.383218e-05
8.118099e-05
0.0002295149
0.0002227359
-3.618011e-05
1.010117e-05
-9.381821e-07
0
0
0
0
0
0
0
1.466456e-06
1.611713e-06
1.584856e-06
1.559057e-06
1.530171e-06
1.484233e-06
1.399789e-06
1.286972e-06
1.159e-06
1.001388e-06
1.454877e-05
1.481507e-05
1.419367e-05
1.204943e-05
7.271753e-06
0
0
0
0
0
29489.2
-6743.033
195797.8
145053.3
134598
-0.0001204542
-7.659438e-05
-0.0002997911
-0.0002523169
-2.921796e-05
-1.316395e-05
2.093876e-05
-1.225697e-05
0
0
0
0
0
0
1.0144e-06
8.236712e-07
5.797335e-07
3.694248e-07
1.830441e-07
4.252804e-08
4.92911e-08
-1.290973e-08
-9.256252e-08
-1.829233e-07
1.340518e-05
1.370209e-05
1.310776e-05
1.097299e-05
6.146868e-06
0
0
0
0
0
47081.86
16715.02
-14364.49
184826.7
146579
-8.113588e-05
-1.443194e-05
-1.812601e-05
0.0001774134
8.865714e-05
8.328574e-06
2.770944e-05
-4.302081e-06
-6.957309e-06
0
0
0
0
0
7.988234e-07
4.288062e-07
4.574284e-08
-2.875021e-07
-6.016343e-07
-7.920059e-07
-7.607997e-07
-7.582305e-07
-8.064276e-07
-8.688791e-07
1.277191e-05
1.309184e-05
1.249857e-05
1.03581e-05
5.507075e-06
0
0
0
0
0
59360.49
31907.85
6239.896
-24026.1
173533
3.132057e-07
-0.0002827882
4.40375e-05
3.558315e-05
4.231457e-05
-7.398778e-06
2.484242e-05
4.018132e-06
1.141222e-05
-8.865232e-06
0
0
0
0
6.596177e-07
2.243235e-07
-2.188586e-07
-5.986662e-07
-9.646779e-07
-1.195231e-06
-1.150037e-06
-1.133689e-06
-1.138836e-06
-1.184117e-06
1.249572e-05
1.283282e-05
1.225061e-05
1.009098e-05
5.209523e-06
0
0
0
0
0
64698.41
37062.08
13228.68
-12608.85
-32911.72
6.332134e-05
0.0001782861
-2.756557e-05
-0.0001153415
7.287525e-05
1.815405e-05
-1.824257e-05
1.23044e-05
3.465677e-05
-5.575684e-06
0
0
0
0
5.654544e-07
1.311698e-07
-3.025215e-07
-7.002901e-07
-1.082218e-06
-1.31576e-06
-1.285722e-06
-1.265111e-06
-1.261407e-06
-1.274096e-06
1.240721e-05
1.275624e-05
1.217695e-05
1.001269e-05
5.017628e-06
0
0
0
0
0
71572.34
45173.3
21633.63
-2069.538
-17826.73
8.597528e-06
-4.165407e-05
-3.005049e-05
0.00016635
-4.808229e-05
-2.171683e-05
2.827303e-05
-1.206192e-05
3.54515e-06
-5.094092e-06
0
0
0
0
0
0
0
0
0
0
0
0
0
0
0
0
0
6.058371e-07
1.39644e-07
-3.103353e-07
-6.892037e-07
-1.031939e-06
-1.226738e-06
-1.175476e-06
-1.148926e-06
-1.137873e-06
-1.126266e-06
1.261688e-05
1.302796e-05
1.2478e-05
1.032528e-05
5.33355e-06
0
0
0
0
0
0
0
0
0
0
0
0
0
0
0
0
0
0
0
6.787191e-07
2.350902e-07
-2.032427e-07
-5.788732e-07
-9.267499e-07
-1.136077e-06
-1.089828e-06
-1.068091e-06
-1.064003e-06
-1.074356e-06
1.265316e-05
1.305156e-05
1.251906e-05
1.038653e-05
5.474429e-06
0
0
0
0
0
0
0
0
0
0
0
0
0
0
0
0
0
0
0
0
8.012674e-07
4.416436e-07
7.034761e-08
-2.542295e-07
-5.676951e-07
-7.756505e-07
-7.504806e-07
-7.433799e-07
-7.530283e-07
-7.78557e-07
1.289438e-05
1.326513e-05
1.272591e-05
1.06141e-05
5.75648e-06
0
0
0
0
0
361174.2
0
0
0
0
0
0
0
0
0
0
0
0
0
0
0
1.008746e-06
8.472426e-07
6.22324e-07
4.158393e-07
1.996367e-07
2.575481e-08
8.071644e-09
-2.236843e-08
-6.138633e-08
-1.150278e-07
1.35241e-05
1.386061e-05
1.330314e-05
1.122127e-05
6.413367e-06
0
0
0
0
0
238649.5
351710.5
0
0
0
0
0
0
0
0
0
0
0
0
0
0
0
1.464908e-06
1.652647e-06
1.649721e-06
1.597964e-06
1.533257e-06
1.436582e-06
1.355018e-06
1.258188e-06
1.159095e-06
1.055069e-06
1.465187e-05
1.494599e-05
1.436122e-05
1.227918e-05
7.574623e-06
0
0
0
0
0
40935.15
230061.8
358245
0
0
0
0
0
-0.0001481361
-0.0001675542
-0.0001810971
-6.264032e-06
0.001028111
0.0002081031
0.2995527
0.009765792
3.744833e-05
3.776718e-06
-2.242179e-05
3.552279e-06
3.44778e-06
3.419952e-06
3.439792e-06
3.428508e-06
3.264301e-06
3.075714e-06
2.885518e-06
2.697778e-06
1.624315e-05
1.647936e-05
1.586227e-05
1.378414e-05
9.131505e-06
0
0
0
0
0
203565.7
35883.36
220883.2
356249.2
0
0
0
0
0
-0.0001704328
-0.0001872995
-0.0001938389
-3.400848e-05
0.000796376
0.0001973752
0.3014805
0.01054311
5.840275e-05
5.422113e-06
-1.98727e-05
5.473235e-06
5.304781e-06
5.282093e-06
5.387527e-06
5.434397e-06
5.19512e-06
4.918621e-06
4.632716e-06
4.35246e-06
1.785353e-05
1.803094e-05
1.738409e-05
1.530706e-05
1.072157e-05
0
0
0
0
0
196333
178822.4
59167.62
206441.3
356305.8
0
0
0
0
-0.0002141301
-0.0002353632
-0.0002409085
1.906809e-05
0.001000905
0.0001906297
0.3022036
0.009866119
3.738757e-05
6.858761e-06
-1.764702e-05
7.099968e-06
6.88012e-06
6.805224e-06
6.93567e-06
7.038126e-06
6.734582e-06
6.395692e-06
6.036994e-06
5.675494e-06
1.914258e-05
1.926372e-05
1.859073e-05
1.651661e-05
1.196446e-05
0
0
0
0
0
191801.9
173410.2
158617.3
50336.45
198174.5
-3.975764e-05
0
0
0
-0.0001953132
-0.0002196969
-0.0002300413
4.29704e-05
0.0009367929
0.000186184
0.3022062
0.009865845
3.907474e-05
7.927757e-06
-1.612475e-05
8.232613e-06
8.00346e-06
7.892445e-06
7.978517e-06
8.089761e-06
7.773992e-06
7.390652e-06
6.989139e-06
6.57593e-06
2.001226e-05
2.008318e-05
1.938294e-05
1.731227e-05
1.27757e-05
0
0
0
0
0
188549.8
169819.9
154543.2
138884.5
48321.11
6.718993e-05
-5.331877e-05
0
0
-0.0001868931
-0.0002124416
-0.0002247752
3.241545e-05
0.0008217995
0.0001826019
0.3022088
0.009864743
3.991031e-05
8.397023e-06
-1.535927e-05
8.813339e-06
8.56064e-06
8.459983e-06
8.525042e-06
8.593265e-06
8.263773e-06
7.889749e-06
7.466223e-06
7.031159e-06
2.04541e-05
2.048659e-05
1.975984e-05
1.76798e-05
1.314242e-05
0
0
0
0
0
190437.3
166601
152928.8
136254.4
127870.5
-0.0001841721
-2.442291e-05
-0.0002188289
0
-0.0001545545
-0.000179736
-0.0001935544
4.736627e-05
0.0006164152
0.0001796685
0.3021961
0.009869657
3.985762e-05
8.326526e-06
-1.546261e-05
8.832568e-06
8.561648e-06
8.458087e-06
8.55053e-06
8.609159e-06
8.242053e-06
7.876736e-06
7.482752e-06
7.046877e-06
2.046795e-05
2.049327e-05
1.974177e-05
1.764133e-05
1.309101e-05
0
0
0
0
0
189395.9
169736.4
149655
135607.1
126084.6
0.0001423785
-0.0001599688
-0.0003167045
9.183351e-05
-0.0001416895
-0.000175388
-0.0001879933
5.370783e-06
0.0002426361
0.0001768453
0.3021269
0.009901989
3.914712e-05
7.714473e-06
-1.632283e-05
8.177288e-06
8.021475e-06
7.91786e-06
8.016892e-06
8.107127e-06
7.752287e-06
7.372884e-06
7.009227e-06
6.621279e-06
2.004529e-05
2.008359e-05
1.93335e-05
1.720733e-05
1.261795e-05
0
0
0
0
0
191067.1
168764.2
154045
133442.3
124355.7
3.001561e-05
-5.841183e-05
7.150702e-05
0.0002303921
1.267007e-05
-0.0002380021
-0.0002263797
-3.504743e-05
9.473672e-05
0.0001755877
0.3020104
0.009948941
3.780189e-05
6.641886e-06
-1.794066e-05
6.982917e-06
6.857325e-06
6.860951e-06
6.951447e-06
7.036318e-06
6.750811e-06
6.405713e-06
6.051264e-06
5.712665e-06
1.917035e-05
1.923936e-05
1.850393e-05
1.636185e-05
1.17346e-05
0
0
0
0
0
212754.9
170535.7
153389.9
138897.4
124852.3
1.981861e-05
-9.94202e-05
3.16868e-05
-7.204436e-05
2.792951e-05
-2.341477e-06
-0.0002372959
-4.791292e-05
0.0001002795
0.000176137
0.3011364
0.01065463
5.894885e-05
5.212084e-06
-2.020197e-05
5.344018e-06
5.247134e-06
5.258266e-06
5.40072e-06
5.448305e-06
5.220994e-06
4.96083e-06
4.660388e-06
4.354377e-06
1.783363e-05
1.797091e-05
1.726022e-05
1.511615e-05
1.044085e-05
0
0
0
0
0
-1851.788
202842.3
155585.4
138711.7
131010.3
0.0001736455
1.183971e-05
-0.0002219671
5.488512e-05
-1.627974e-05
-9.147335e-06
-6.479246e-06
-0.0001666756
0.0001087767
0.0001722776
0.2991477
0.009714309
3.629355e-05
3.581953e-06
-7.578394e-06
3.460365e-06
3.348621e-06
3.348215e-06
3.419356e-06
3.465309e-06
3.305403e-06
3.117641e-06
2.913209e-06
2.676754e-06
1.616746e-05
1.63714e-05
1.571418e-05
1.356971e-05
8.84736e-06
0
0
0
0
0
23491.16
-14075.34
191995.8
141452.1
131506
-0.0001419241
0.0001905214
-0.0001178016
7.726682e-05
-9.916402e-05
-1.201345e-05
-1.340707e-05
-1.514277e-05
0
0
0
0
0
0
1.479706e-06
1.615682e-06
1.578164e-06
1.525633e-06
1.496299e-06
1.444803e-06
1.406813e-06
1.290601e-06
1.157868e-06
1.01399e-06
1.455357e-05
1.480351e-05
1.418626e-05
1.205694e-05
7.278181e-06
0
0
0
0
0
42508.11
11035.5
-21168.36
181282.1
134910.5
4.499853e-05
-0.0001219345
-9.018204e-05
-3.245024e-05
7.512814e-05
-3.268573e-06
7.576698e-06
-1.806938e-05
-3.228451e-06
0
0
0
0
0
1.005998e-06
8.251132e-07
5.824236e-07
3.628081e-07
1.506494e-07
1.118218e-08
1.637706e-08
-7.834335e-09
-8.874889e-08
-1.836671e-07
1.341616e-05
1.370553e-05
1.309821e-05
1.096578e-05
6.153776e-06
0
0
0
0
0
56432.11
28236.69
1805.366
-29165.05
176463
-6.106839e-05
0.0001490453
7.062761e-05
-7.931656e-05
-8.950377e-05
-2.142063e-05
-9.835689e-06
-1.503721e-05
1.461703e-05
2.222619e-06
0
0
0
0
7.797007e-07
4.238914e-07
4.525454e-08
-2.855054e-07
-6.090541e-07
-8.236709e-07
-7.883442e-07
-7.856207e-07
-8.027425e-07
-8.657697e-07
1.277176e-05
1.30999e-05
1.250124e-05
1.03496e-05
5.498842e-06
0
0
0
0
0
67493.29
40229
16649.07
-9175.805
-29874.07
8.40381e-05
-0.0001843944
0.0001108964
-0.0001727083
4.043089e-05
-1.879155e-05
1.859743e-05
-1.098775e-05
-3.516169e-06
-7.793184e-07
0
0
0
0
6.344442e-07
2.118751e-07
-2.196476e-07
-6.016202e-07
-9.627714e-07
-1.203243e-06
-1.177014e-06
-1.158019e-06
-1.160038e-06
-1.181345e-06
1.24923e-05
1.28404e-05
1.224381e-05
1.009403e-05
5.200888e-06
0
0
0
0
0
71181.55
44608.25
20865.47
-3008.259
-18936.11
-0.0001743304
-0.0001100141
-0.0001581193
-8.138261e-06
4.986905e-05
1.287522e-05
-4.192044e-05
3.457805e-06
-1.228573e-05
-1.664361e-05
0
0
0
0
5.599447e-07
1.059874e-07
-3.160041e-07
-6.905218e-07
-1.088888e-06
-1.312352e-06
-1.292994e-06
-1.286681e-06
-1.282656e-06
-1.294007e-06
1.240923e-05
1.275812e-05
1.217864e-05
9.992999e-06
5.066282e-06
0
0
0
0
0
76597.71
51383.47
28734.84
5017.127
-8759.268
-8.663632e-05
6.784621e-05
-0.0001129484
0.0001140582
-0.0001207211
1.125678e-06
2.448456e-05
-4.876823e-06
1.90162e-05
-1.135244e-06
0
0
0
0
0
0
0
0
0
0
0
0
0
0
0
0
0
0
6.100537e-07
1.457531e-07
-3.054511e-07
-6.920803e-07
-1.048855e-06
-1.254812e-06
-1.205904e-06
-1.179995e-06
-1.170679e-06
-1.174526e-06
1.255946e-05
1.296284e-05
1.24271e-05
1.028818e-05
5.313074e-06
0
0
0
0
0
0
0
0
0
0
0
0
0
0
0
0
0
0
0
0
6.82594e-07
2.407156e-07
-1.951985e-07
-5.72359e-07
-9.310473e-07
-1.156068e-06
-1.119125e-06
-1.099664e-06
-1.096032e-06
-1.107438e-06
1.260432e-05
1.299365e-05
1.245742e-05
1.033503e-05
5.440252e-06
0
0
0
0
0
347231.7
0
0
0
0
0
0
0
0
0
0
0
0
0
0
0
8.01775e-07
4.470864e-07
7.747477e-08
-2.441981e-07
-5.609017e-07
-7.81442e-07
-7.719006e-07
-7.747995e-07
-7.866085e-07
-8.123097e-07
1.286476e-05
1.321841e-05
1.266713e-05
1.056537e-05
5.705303e-06
0
0
0
0
0
228151.6
332188.9
0
0
0
0
0
0
0
0
0
0
0
0
0
0
0
1.008955e-06
8.445188e-07
6.29806e-07
4.246292e-07
2.119486e-07
3.260301e-08
1.017341e-09
-4.594351e-08
-9.596058e-08
-1.516334e-07
1.348669e-05
1.38217e-05
1.325501e-05
1.116201e-05
6.405351e-06
0
0
0
0
0
17992.42
215488.1
327996.9
0
0
0
0
0
0
0
0
0
0
0
0
0
0
0
1.470775e-06
1.647104e-06
1.642418e-06
1.608153e-06
1.543992e-06
1.451069e-06
1.361826e-06
1.24911e-06
1.132375e-06
1.016201e-06
1.461002e-05
1.490392e-05
1.4316e-05
1.222836e-05
7.509822e-06
0
0
0
0
0
203441.1
17146.53
211257.2
333297.5
0
0
0
0
0
-0.0001426384
-0.0001591866
-0.0001683671
-1.996728e-05
0.001025887
0.0002075672
0.2995526
0.009763727
3.729877e-05
3.729527e-06
-2.24315e-05
3.564141e-06
3.43309e-06
3.407245e-06
3.452931e-06
3.441376e-06
3.280176e-06
3.082425e-06
2.873672e-06
2.666986e-06
1.619826e-05
1.643164e-05
1.581327e-05
1.372959e-05
9.085918e-06
0
0
0
0
0
193156.4
179321.7
16441.24
201071.7
339591.7
0
0
0
0
-0.0002180237
-0.0002369504
-0.0002418008
-1.52702e-05
0.0007913442
0.0001973079
0.3014788
0.01054153
5.826856e-05
5.380457e-06
-1.991441e-05
5.497501e-06
5.319352e-06
5.262976e-06
5.372483e-06
5.44925e-06
5.209601e-06
4.935168e-06
4.639226e-06
4.338404e-06
1.781879e-05
1.79826e-05
1.733137e-05
1.525113e-05
1.065488e-05
0
0
0
0
0
190328.3
173485.3
159323.8
40431.59
195012.7
-2.670291e-06
0
0
0
-0.000195147
-0.0002202117
-0.000229152
6.219701e-05
0.0009610396
0.0001903421
0.3021963
0.009867375
3.724904e-05
6.835917e-06
-1.767882e-05
7.099656e-06
6.905857e-06
6.820887e-06
6.914671e-06
7.022521e-06
6.750174e-06
6.41133e-06
6.053336e-06
5.681676e-06
1.912706e-05
1.922724e-05
1.85405e-05
1.64595e-05
1.190034e-05
0
0
0
0
0
189393
169542.4
155352.4
139435.2
42594.09
-0.0002434196
1.71626e-05
0
0
-0.0001358036
-0.0001622684
-0.0001762023
6.585536e-05
0.000837701
0.000184358
0.3021936
0.009869693
3.901304e-05
7.83191e-06
-1.613999e-05
8.234287e-06
8.002207e-06
7.918161e-06
7.99431e-06
8.067213e-06
7.759302e-06
7.407084e-06
7.005263e-06
6.591248e-06
2.001778e-05
2.006688e-05
1.934552e-05
1.726033e-05
1.271246e-05
0
0
0
0
0
190890.7
167112.6
152051.5
136678.4
128150.6
0.0001321073
-0.0001213313
6.717156e-05
0
-0.0001545559
-0.0001797372
-0.0001935555
4.736378e-05
0.0006164161
0.0001796682
0.3021961
0.00986966
3.985762e-05
8.326202e-06
-1.546297e-05
8.832523e-06
8.561566e-06
8.457585e-06
8.550158e-06
8.609106e-06
8.241994e-06
7.876342e-06
7.482658e-06
7.046865e-06
2.046793e-05
2.049316e-05
1.97417e-05
1.764133e-05
1.309098e-05
0
0
0
0
0
189395.9
169736.4
149655
135607.1
126084.6
9.296724e-05
0.000223237
0.000109
4.586562e-05
-0.0001775983
-0.0001783096
-0.0001925487
2.883827e-05
0.0002242111
0.0001750082
0.3021747
0.009880795
3.990267e-05
8.274562e-06
-1.554626e-05
8.754069e-06
8.580054e-06
8.458463e-06
8.547211e-06
8.634178e-06
8.257043e-06
7.85565e-06
7.470684e-06
7.062609e-06
2.048245e-05
2.050527e-05
1.974814e-05
1.762251e-05
1.305011e-05
0
0
0
0
0
190517.6
168186.1
153452.6
132870.1
125633.5
-4.803689e-06
-0.0001278455
0.000192516
0.0002452802
-7.415833e-05
-0.0002933226
-0.0002729046
-2.375527e-05
9.162554e-05
0.0001699784
0.3020639
0.009938472
3.949913e-05
7.714266e-06
-1.639329e-05
8.104738e-06
7.949915e-06
7.934735e-06
8.016948e-06
8.104289e-06
7.775563e-06
7.386291e-06
6.988806e-06
6.610538e-06
2.005995e-05
2.009628e-05
1.934387e-05
1.721009e-05
1.260236e-05
0
0
0
0
0
211448.9
169239.6
152106.6
137691.8
123741.3
-4.039547e-05
-0.0001029875
8.274127e-05
-0.0001228815
-0.0002861735
3.335743e-06
-0.0002825436
-1.882531e-05
9.328704e-05
0.0001555898
0.3018928
0.01000996
3.857318e-05
6.659777e-06
-1.795458e-05
6.919981e-06
6.794615e-06
6.798122e-06
6.966306e-06
7.03654e-06
6.748061e-06
6.426212e-06
6.06248e-06
5.694592e-06
1.916005e-05
1.925127e-05
1.851446e-05
1.637116e-05
1.17361e-05
0
0
0
0
0
-5783.925
193926
153412
136733.6
129224.2
-4.335214e-05
-5.318433e-05
0.000255834
-4.183144e-05
3.223376e-05
-9.516521e-06
5.598074e-06
-0.0001868206
9.755439e-05
0.0001605126
0.3009296
0.01072508
5.988589e-05
5.239388e-06
-2.017348e-05
5.328967e-06
5.193406e-06
5.206617e-06
5.346672e-06
5.460788e-06
5.222402e-06
4.958811e-06
4.67767e-06
4.363056e-06
1.781705e-05
1.796173e-05
1.727041e-05
1.512471e-05
1.045051e-05
0
0
0
0
0
18549.18
-20042.51
188822
138469
128907.4
0.0001129648
-0.0001676477
-0.0001258569
0.0001312095
-5.752193e-05
-7.957133e-07
2.533426e-05
1.265896e-05
0.01389001
0.0001695638
0.2985492
0.009692627
3.596151e-05
3.534948e-06
-1.323719e-05
3.47136e-06
3.336908e-06
3.303132e-06
3.377539e-06
3.418531e-06
3.314711e-06
3.120303e-06
2.911505e-06
2.69076e-06
1.617333e-05
1.635753e-05
1.570591e-05
1.357853e-05
8.854842e-06
0
0
0
0
0
37184.98
4553.683
-28802.18
177476.6
131384.6
-0.000138141
0.0001037016
-0.0002605796
4.132617e-05
-9.543998e-05
-6.73073e-06
2.99963e-05
-4.093693e-06
2.287277e-05
0
0
0
0
0
1.484684e-06
1.620824e-06
1.582325e-06
1.516883e-06
1.457343e-06
1.409222e-06
1.369023e-06
1.297193e-06
1.161257e-06
1.012516e-06
1.456571e-05
1.480742e-05
1.41749e-05
1.204884e-05
7.28625e-06
0
0
0
0
0
52283.6
23168.37
-4202.52
-36011.21
173041.4
-3.38587e-05
-0.000101692
0.0003275842
8.471176e-05
6.58638e-05
-1.841416e-06
-6.931508e-06
-1.798907e-05
1.245441e-05
2.360011e-06
0
0
0
0
1.024874e-06
8.20309e-07
5.848262e-07
3.654422e-07
1.416134e-07
-2.541483e-08
-1.367345e-08
-3.897243e-08
-8.403752e-08
-1.801376e-07
1.341473e-05
1.37153e-05
1.310083e-05
1.095589e-05
6.144444e-06
0
0
0
0
0
64755.04
36874.31
12678.79
-13690.98
-34929.27
-7.088389e-06
7.858598e-05
-5.815634e-05
5.095407e-06
0.0001007657
7.015235e-06
2.739802e-05
-1.291408e-05
-1.738823e-06
-2.661153e-06
0
0
0
0
7.552529e-07
4.121688e-07
4.293106e-08
-2.85461e-07
-6.070408e-07
-8.332402e-07
-8.191679e-07
-8.115935e-07
-8.282913e-07
-8.62386e-07
1.277448e-05
1.309942e-05
1.250866e-05
1.035153e-05
5.489133e-06
0
0
0
0
0
73950.83
47862.5
24444.05
685.8559
-15503.15
-3.559034e-05
-3.652185e-05
0.0001307197
6.084515e-05
0.0001243954
-1.766232e-05
3.154041e-05
7.796607e-06
1.855658e-06
-6.663544e-06
0
0
0
0
6.29269e-07
1.886428e-07
-2.272877e-07
-5.998235e-07
-9.644345e-07
-1.199984e-06
-1.185117e-06
-1.184138e-06
-1.18259e-06
-1.200556e-06
1.249465e-05
1.283514e-05
1.225601e-05
1.00764e-05
5.203634e-06
0
0
0
0
0
79901.05
50822.87
28038.77
4184.189
-9708.925
-7.853635e-05
0.0002629061
5.876597e-05
1.792851e-05
5.714329e-05
-3.081492e-05
-4.488083e-05
3.116236e-05
6.612475e-06
5.542412e-06
0
0
0
0
5.941204e-07
9.828697e-08
-3.416901e-07
-7.019931e-07
-1.065457e-06
-1.307954e-06
-1.289961e-06
-1.293946e-06
-1.303217e-06
-1.313375e-06
1.239049e-05
1.27599e-05
1.218194e-05
9.991692e-06
5.024079e-06
0
0
0
0
0
79940.96
56321.27
34746.4
11793.77
-1978.03
0.0001822548
7.559748e-05
-9.699308e-05
2.128479e-05
-7.44343e-05
1.112425e-05
-8.405694e-06
-1.359435e-05
-1.728975e-05
-6.754626e-06
0
0
0
0
0
0
0
0
0
0
0
0
0
0
0
0
0
0
0
6.136882e-07
1.510576e-07
-2.980005e-07
-6.865467e-07
-1.052722e-06
-1.273379e-06
-1.233064e-06
-1.209369e-06
-1.200546e-06
-1.205888e-06
1.251169e-05
1.290834e-05
1.23642e-05
1.024201e-05
5.290853e-06
0
0
0
0
0
340158.6
0
0
0
0
0
0
0
0
0
0
0
0
0
0
0
6.831634e-07
2.456887e-07
-1.885429e-07
-5.630457e-07
-9.233866e-07
-1.160981e-06
-1.138443e-06
-1.127943e-06
-1.126444e-06
-1.138134e-06
1.257209e-05
1.29456e-05
1.24032e-05
1.028304e-05
5.392006e-06
0
0
0
0
0
224256
319195
0
0
0
0
0
0
0
0
0
0
0
0
0
0
0
8.023042e-07
4.450209e-07
8.403247e-08
-2.361867e-07
-5.497522e-07
-7.745192e-07
-7.775372e-07
-7.953961e-07
-8.168525e-07
-8.445617e-07
1.283169e-05
1.319171e-05
1.262219e-05
1.050785e-05
5.686545e-06
0
0
0
0
0
5442.46
204411.8
309526.5
0
0
0
0
0
0
0
0
0
0
0
0
0
0
0
1.013813e-06
8.413231e-07
6.245341e-07
4.331684e-07
2.213996e-07
4.543236e-08
7.554041e-09
-5.279066e-08
-1.18504e-07
-1.847918e-07
1.345082e-05
1.378574e-05
1.321702e-05
1.111742e-05
6.348109e-06
0
0
0
0
0
203027.7
-6990.509
197077.6
303662.5
0
0
0
0
0
0
0
0
0
0
0
0
0
0
0
1.479542e-06
1.654343e-06
1.633687e-06
1.598907e-06
1.554968e-06
1.461926e-06
1.37563e-06
1.25553e-06
1.123575e-06
9.908147e-07
1.457204e-05
1.486368e-05
1.427498e-05
1.218255e-05
7.472993e-06
0
0
0
0
0
193289
179531.8
-1970.626
191507.1
317416.3
0
0
0
0
-0.0001695758
-0.0001846014
-0.000187414
-3.335183e-05
0.001018791
0.0002075423
0.2995525
0.009761538
3.71488e-05
3.681573e-06
-2.247158e-05
3.583485e-06
3.44464e-06
3.391654e-06
3.439733e-06
3.454528e-06
3.292413e-06
3.09727e-06
2.87986e-06
2.655516e-06
1.616832e-05
1.638861e-05
1.576684e-05
1.36804e-05
9.027371e-06
0
0
0
0
0
191345.6
170132.7
160012
-1887.804
189878.5
5.541247e-05
0
0
0
-0.0002151079
-0.0002365782
-0.000240622
2.380071e-05
0.0007564165
0.0001972836
0.3014746
0.01054077
5.812568e-05
5.347215e-06
-1.995024e-05
5.497904e-06
5.342403e-06
5.276662e-06
5.353117e-06
5.434269e-06
5.223768e-06
4.948803e-06
4.654395e-06
4.344242e-06
1.780453e-05
1.794954e-05
1.728446e-05
1.519842e-05
1.059541e-05
0
0
0
0
0
190632.9
168324.3
155282
140155.9
32890.2
-6.131018e-05
0.0001010476
0
0
-0.0001323089
-0.0001589451
-0.0001725536
8.144454e-05
0.0008789398
0.0001887351
0.3021812
0.009871779
3.718287e-05
6.745425e-06
-1.76995e-05
7.102121e-06
6.905021e-06
6.844874e-06
6.929235e-06
7.001607e-06
6.73533e-06
6.426156e-06
6.06794e-06
5.696337e-06
1.913211e-05
1.921212e-05
1.850525e-05
1.640937e-05
1.184005e-05
0
0
0
0
0
191803.7
168132.6
151665.2
137495.2
128678.7
-5.096803e-06
0.000202269
-6.94058e-05
0
-0.0001530586
-0.0001776205
-0.0001955637
2.330185e-05
0.0006451175
0.0001815198
0.3021688
0.00988014
3.900791e-05
7.763227e-06
-1.624198e-05
8.25255e-06
8.003778e-06
7.916158e-06
8.018362e-06
8.082479e-06
7.737697e-06
7.393334e-06
7.020887e-06
6.606195e-06
2.003146e-05
2.007157e-05
1.932954e-05
1.722297e-05
1.265759e-05
0
0
0
0
0
189887.8
170274.7
150222.4
134417.7
126494.2
2.313009e-05
7.244773e-05
-3.472854e-05
3.056414e-05
-0.0001776004
-0.0001783107
-0.0001925496
2.883932e-05
0.0002242164
0.0001750083
0.3021747
0.009880779
3.990263e-05
8.27446e-06
-1.554676e-05
8.753744e-06
8.580023e-06
8.458371e-06
8.546626e-06
8.633772e-06
8.256992e-06
7.855594e-06
7.470306e-06
7.062517e-06
2.048244e-05
2.050526e-05
1.974803e-05
1.762244e-05
1.305011e-05
0
0
0
0
0
190517.6
168186.1
153452.6
132870.1
125633.5
3.882967e-05
-5.17843e-05
-0.0001251096
-8.573183e-05
0.0001037725
-0.0002140322
-0.0002214203
5.993118e-06
9.068042e-05
0.0001676457
0.3021407
0.009898492
4.007634e-05
8.272659e-06
-1.561813e-05
8.678528e-06
8.505621e-06
8.476249e-06
8.547274e-06
8.630277e-06
8.280807e-06
7.869591e-06
7.450682e-06
7.051698e-06
2.049862e-05
2.051864e-05
1.975867e-05
1.762952e-05
1.302939e-05
0
0
0
0
0
210818.5
168602.2
151473.5
137096.5
123186.6
-5.308744e-05
-4.937032e-05
5.978463e-06
-2.901957e-05
-3.702263e-05
2.943043e-06
-0.0002400061
1.102418e-05
8.979879e-05
0.0001518455
0.3019842
0.009985484
4.013861e-05
7.73131e-06
-1.641037e-05
8.036975e-06
7.881808e-06
7.866962e-06
8.03348e-06
8.103844e-06
7.772729e-06
7.408007e-06
7.001024e-06
6.591218e-06
2.004973e-05
2.011043e-05
1.935562e-05
1.72197e-05
1.260426e-05
0
0
0
0
0
-8259.398
192440.3
152000.2
135443
128055.5
-3.360161e-05
-1.060409e-05
0.0001007513
-0.0001570558
0.0001205008
8.949461e-06
-1.73742e-06
-0.0001542151
9.147023e-05
0.0001537232
0.3016693
0.01007024
3.970603e-05
6.677888e-06
-1.793389e-05
6.902279e-06
6.73372e-06
6.739459e-06
6.906034e-06
7.051403e-06
6.74822e-06
6.423314e-06
6.081232e-06
5.704548e-06
1.914274e-05
1.924191e-05
1.852583e-05
1.63812e-05
1.174609e-05
0
0
0
0
0
15021.89
-24237.77
178725.8
136280.2
126986.5
4.120174e-06
3.997485e-05
0.0001505104
-0.0002558418
5.935166e-05
1.039025e-05
1.006298e-05
-1.400913e-05
0.002351019
0.0001566883
0.3000473
0.01075842
6.118078e-05
5.198756e-06
-1.801301e-05
5.340877e-06
5.17835e-06
5.153216e-06
5.297466e-06
5.406932e-06
5.234248e-06
4.960121e-06
4.675375e-06
4.378498e-06
1.782418e-05
1.794592e-05
1.726155e-05
1.513479e-05
1.045942e-05
0
0
0
0
0
32748.58
-787.2966
-35008.14
174312.2
128480.5
-6.683815e-05
-0.0001173243
1.944814e-05
-1.538069e-05
-3.830842e-05
1.203944e-05
3.269842e-06
-7.516185e-06
-1.285136e-05
0.01004279
0.2952909
0.009678416
3.562387e-05
3.486766e-06
3.82108e-06
3.497597e-06
3.344064e-06
3.290302e-06
3.329124e-06
3.376323e-06
3.270015e-06
3.129015e-06
2.913981e-06
2.688701e-06
1.618695e-05
1.63623e-05
1.569234e-05
1.356943e-05
8.864391e-06
0
0
0
0
0
47392.41
17310.46
-11028.85
-43661.53
169378.5
-5.279275e-05
0.0002654114
-6.172582e-05
0.0002462389
3.936018e-06
-1.206847e-06
1.678415e-05
-2.980329e-05
2.163244e-05
-0.001283997
0
0
0
0
2.379012e-05
1.61699e-06
1.588691e-06
1.520686e-06
1.445709e-06
1.365596e-06
1.335006e-06
1.261467e-06
1.167351e-06
1.015647e-06
1.456344e-05
1.481837e-05
1.417779e-05
1.203712e-05
7.275481e-06
0
0
0
0
0
60809.64
32189.08
7243.989
-19773.94
-41650.31
2.304871e-06
-4.647125e-05
0.000144201
-0.0001285103
-1.229314e-05
1.704224e-05
1.494169e-05
1.333102e-05
3.650475e-05
-9.96974e-06
0
0
0
0
0.0001020299
8.110926e-07
5.81907e-07
3.685983e-07
1.437102e-07
-3.759486e-08
-4.934017e-08
-6.725933e-08
-1.130915e-07
-1.758438e-07
1.341806e-05
1.371346e-05
1.311015e-05
1.095763e-05
6.13319e-06
0
0
0
0
0
71242.76
44675.54
20763.44
-3389.323
-19955.91
6.231033e-05
-5.246885e-05
1.187857e-05
8.227481e-06
-6.366483e-05
1.2473e-05
-1.695146e-05
-2.981823e-05
3.899818e-06
1.714146e-06
0
0
0
0
7.504472e-07
3.91899e-07
3.580043e-08
-2.857407e-07
-6.0658e-07
-8.306088e-07
-8.288613e-07
-8.414429e-07
-8.523622e-07
-8.857965e-07
1.277742e-05
1.310186e-05
1.250777e-05
1.035949e-05
5.490323e-06
0
0
0
0
0
78828.79
54036.05
31688.26
8019.876
-6024.726
-3.894079e-05
3.983781e-05
5.806765e-05
0.0001263084
-9.395433e-05
2.113347e-06
2.746999e-05
-8.673848e-06
-3.788633e-05
4.082275e-06
0
0
0
0
6.652077e-07
1.866683e-07
-2.499114e-07
-6.046189e-07
-9.711743e-07
-1.195323e-06
-1.182292e-06
-1.192287e-06
-1.207677e-06
-1.221163e-06
1.248045e-05
1.283723e-05
1.224549e-05
1.009921e-05
5.166245e-06
0
0
0
0
0
83937.82
59926.66
34052.3
11028.45
-2826.363
0.0001038384
7.091438e-05
-9.913802e-05
-4.081608e-05
4.602133e-05
-2.322876e-05
3.67902e-05
3.189403e-05
-1.855583e-05
-1.0611e-05
0
0
0
0
9.238961e-07
1.266043e-07
-3.509538e-07
-7.279302e-07
-1.075662e-06
-1.319538e-06
-1.286003e-06
-1.291296e-06
-1.310526e-06
-1.332823e-06
1.237219e-05
1.274295e-05
1.218335e-05
9.992394e-06
5.026349e-06
0
0
0
0
0
81000.44
59761.71
39621.79
17613.52
4557.863
-8.754893e-05
-0.000113201
-4.141646e-05
-5.753585e-05
-2.172633e-05
1.30786e-05
-1.242609e-05
3.912037e-05
-1.220526e-05
1.180354e-05
0
0
0
0
0
0
0
0
0
0
0
0
0
0
0
0
0
0
0
0
6.142571e-07
1.556926e-07
-2.917188e-07
-6.779593e-07
-1.046667e-06
-1.277827e-06
-1.251018e-06
-1.235599e-06
-1.228856e-06
-1.23453e-06
1.248102e-05
1.286127e-05
1.231691e-05
1.017793e-05
5.235094e-06
0
0
0
0
0
218956.3
312645.3
0
0
0
0
0
0
0
0
0
0
0
0
0
0
0
6.838046e-07
2.439364e-07
-1.825907e-07
-5.555309e-07
-9.129197e-07
-1.152644e-06
-1.14323e-06
-1.146536e-06
-1.15369e-06
-1.167377e-06
1.254204e-05
1.29147e-05
1.235633e-05
1.023695e-05
5.358789e-06
0
0
0
0
0
-11055.15
200964.8
297235.1
0
0
0
0
0
0
0
0
0
0
0
0
0
0
0
8.067522e-07
4.427299e-07
7.9684e-08
-2.286834e-07
-5.410041e-07
-7.628447e-07
-7.70908e-07
-8.008701e-07
-8.365771e-07
-8.736198e-07
1.280001e-05
1.315986e-05
1.260123e-05
1.04667e-05
5.632173e-06
0
0
0
0
0
202537.5
-19302.64
185368.2
286015.5
0
0
0
0
0
0
0
0
0
0
0
0
0
0
0
1.020962e-06
8.470942e-07
6.184216e-07
4.258244e-07
2.308335e-07
5.515489e-08
1.97975e-08
-4.657504e-08
-1.251415e-07
-2.062561e-07
1.341831e-05
1.375116e-05
1.318186e-05
1.107895e-05
6.31258e-06
0
0
0
0
0
193159.6
179385.1
-26898.44
177833.5
288563.2
0
0
0
0
0
0
0
0
0
0
0
0
0
0
1.482965e-06
1.666236e-06
1.641731e-06
1.587747e-06
1.544227e-06
1.473201e-06
1.385973e-06
1.268486e-06
1.129574e-06
9.822817e-07
1.454725e-05
1.482716e-05
1.423569e-05
1.214115e-05
7.423419e-06
0
0
0
0
0
187938.1
170550.8
160431.3
-20087.12
180454.9
9.390064e-05
0
0
0
-0.0002171923
-0.0002347043
-0.0002358931
-1.406224e-05
0.000998897
0.000207512
0.2995523
0.009758731
3.701054e-05
3.638291e-06
-2.251029e-05
3.584769e-06
3.463795e-06
3.402785e-06
3.423121e-06
3.441035e-06
3.304974e-06
3.10878e-06
2.893504e-06
2.661129e-06
1.615661e-05
1.636007e-05
1.572499e-05
1.363381e-05
8.974732e-06
0
0
0
0
0
192194.9
169652.3
151808.2
140875.7
-8114.416
-6.360353e-05
3.508492e-05
0
0
-0.0001927756
-0.0002182253
-0.0002267683
6.643924e-05
0.0006854134
0.0001964546
0.3014642
0.01054136
5.803876e-05
5.267434e-06
-1.997817e-05
5.50117e-06
5.342314e-06
5.298443e-06
5.365917e-06
5.414633e-06
5.209497e-06
4.962269e-06
4.667101e-06
4.357877e-06
1.780933e-05
1.793554e-05
1.725247e-05
1.515154e-05
1.053956e-05
0
0
0
0
0
193182
169641.8
150886.3
137201.1
129371.2
0.0001954086
0.000134652
-0.0001834106
0
-0.000137061
-0.0001619916
-0.0001808898
3.636501e-05
0.0007215533
0.0001860291
0.3021506
0.009882894
3.720151e-05
6.681462e-06
-1.779728e-05
7.118515e-06
6.907365e-06
6.843259e-06
6.951692e-06
7.015692e-06
6.715296e-06
6.412243e-06
6.081995e-06
5.70984e-06
1.914522e-05
1.921637e-05
1.849033e-05
1.637416e-05
1.178704e-05
0
0
0
0
0
190881.8
171360.8
151356.2
133966.5
127282.3
0.0001685713
0.0001543196
-3.552694e-05
8.329614e-05
-0.0001416942
-0.0001753896
-0.0001879941
5.371632e-06
0.0002426439
0.0001768455
0.3021269
0.009901979
3.914699e-05
7.714235e-06
-1.632417e-05
8.176436e-06
8.021357e-06
7.91762e-06
8.015406e-06
8.106049e-06
7.752149e-06
7.372727e-06
7.008227e-06
6.621023e-06
2.004525e-05
2.008355e-05
1.933325e-05
1.720715e-05
1.261792e-05
0
0
0
0
0
191067.1
168764.2
154045
133442.3
124355.8
-1.091786e-05
6.159368e-06
-1.677795e-05
-2.92146e-06
-8.397187e-05
-0.0002140329
-0.0002214206
5.992821e-06
9.068043e-05
0.0001676457
0.3021407
0.009898496
4.007614e-05
8.272625e-06
-1.561824e-05
8.678077e-06
8.505303e-06
8.476201e-06
8.547185e-06
8.629594e-06
8.280413e-06
7.869539e-06
7.450626e-06
7.051331e-06
2.049853e-05
2.051863e-05
1.975865e-05
1.762942e-05
1.302932e-05
0
0
0
0
0
210818.5
168602.2
151473.5
137096.5
123186.6
-0.000109059
3.732535e-05
-0.0002927502
0.0001393779
8.213638e-05
2.763779e-06
-0.0002597785
-1.595671e-05
8.90167e-05
0.0001500888
0.3020881
0.009917783
4.040022e-05
8.290307e-06
-1.563676e-05
8.608796e-06
8.434789e-06
8.405858e-06
8.564693e-06
8.629868e-06
8.276896e-06
7.891758e-06
7.463392e-06
7.032812e-06
2.048812e-05
2.053461e-05
1.977105e-05
1.763919e-05
1.303897e-05
0
0
0
0
0
-8916.107
191723.4
151306.6
134807.4
127478.9
-6.439869e-05
-9.518349e-05
3.352584e-05
0.0001426805
-1.291765e-05
1.636328e-08
-1.238526e-05
-0.0001550898
8.877971e-05
0.0001498711
0.3017318
0.01001495
4.097485e-05
7.744909e-06
-1.639361e-05
8.016841e-06
7.816548e-06
7.803596e-06
7.968851e-06
8.120385e-06
7.772248e-06
7.405019e-06
7.020907e-06
6.602097e-06
2.003099e-05
2.010114e-05
1.936996e-05
1.723089e-05
1.261441e-05
0
0
0
0
0
13351.47
-26882.52
177122.4
134862.8
125735.5
5.187126e-05
5.301391e-05
1.338504e-05
-5.944736e-05
0.0001779314
-1.779506e-05
-5.885088e-06
9.566704e-06
0.004843702
0.0001491043
0.3006236
0.0100536
4.098073e-05
6.666784e-06
-1.78764e-05
6.918728e-06
6.716339e-06
6.680052e-06
6.851077e-06
6.991807e-06
6.762351e-06
6.423425e-06
6.078064e-06
5.721333e-06
1.915101e-05
1.922555e-05
1.851679e-05
1.639247e-05
1.175638e-05
0
0
0
0
0
29547.29
-4604.282
-39373.8
163472.4
126355.3
-7.382329e-06
-4.296128e-05
6.28467e-05
-0.0002695501
4.028213e-05
-1.666017e-05
-1.678958e-05
-2.923049e-06
2.216834e-06
0.01111805
0.2973261
0.01071308
6.209307e-05
5.170422e-06
5.609016e-06
5.357523e-06
5.188762e-06
5.137769e-06
5.243588e-06
5.358337e-06
5.182884e-06
4.971232e-06
4.676561e-06
4.375869e-06
1.783932e-05
1.795179e-05
1.724614e-05
1.512498e-05
1.047036e-05
0
0
0
0
0
43268.96
12435.99
-16641.57
-49855.64
166334
-0.0001514666
0.0001754119
-4.210831e-05
-6.325292e-06
5.464464e-05
2.498685e-06
-2.432242e-05
-9.27065e-06
-1.345181e-05
-0.001143677
0.2778821
0.0107172
3.548791e-05
3.453126e-06
3.901899e-06
3.50491e-06
3.357327e-06
3.296135e-06
3.313492e-06
3.323392e-06
3.22979e-06
3.086893e-06
2.921994e-06
2.690992e-06
1.618398e-05
1.637467e-05
1.569585e-05
1.35555e-05
8.852044e-06
0
0
0
0
0
56101.04
26719.1
1001.253
-26650.11
-49144.86
-2.422272e-05
2.337486e-05
-0.0002137002
-6.838333e-05
-6.976919e-05
-8.09603e-06
-2.3415e-05
-1.072972e-05
1.004757e-05
-0.0003741904
0.002958429
0
0
0
5.053251e-05
1.656695e-06
1.585657e-06
1.527627e-06
1.448052e-06
1.349381e-06
1.292466e-06
1.229509e-06
1.134051e-06
1.021192e-06
1.456649e-05
1.481567e-05
1.418844e-05
1.203884e-05
7.262188e-06
0
0
0
0
0
67352.33
40165.54
15677.85
-8928.925
-25939.67
-6.551631e-05
-6.380302e-05
7.33445e-07
7.601635e-05
-1.268213e-05
-8.630489e-06
-1.963902e-05
-9.508218e-06
-5.970479e-06
-1.239433e-05
0
0
0
0
0.0001466367
7.94194e-07
5.772625e-07
3.670081e-07
1.466969e-07
-3.618232e-08
-6.174524e-08
-1.018432e-07
-1.392453e-07
-2.025534e-07
1.34218e-05
1.371657e-05
1.310773e-05
1.096792e-05
6.133934e-06
0
0
0
0
0
76033.96
50864.7
28158.68
4213.342
-10052.64
0.0001102602
-1.396541e-05
2.476397e-05
-3.611866e-05
-4.118789e-05
2.809748e-05
-2.229308e-05
1.39149e-05
1.655913e-05
-2.340592e-06
0
0
0
0
7.85567e-07
3.930106e-07
1.732818e-08
-2.896491e-07
-6.114814e-07
-8.256678e-07
-8.267531e-07
-8.512329e-07
-8.81157e-07
-9.076921e-07
1.275526e-05
1.310445e-05
1.251003e-05
1.035811e-05
5.501119e-06
0
0
0
0
0
82425.98
58821.37
37649.77
14923.27
991.3832
-5.120105e-05
-8.653748e-05
-6.029008e-05
-0.0002064861
-0.0001541378
2.507649e-05
-1.085194e-05
-3.026694e-05
-2.603775e-06
2.084433e-05
0
0
0
0
1.001704e-06
2.220344e-07
-2.508939e-07
-6.267788e-07
-9.726826e-07
-1.204972e-06
-1.178144e-06
-1.189894e-06
-1.215853e-06
-1.245133e-06
1.246098e-05
1.282636e-05
1.224728e-05
1.007769e-05
5.210629e-06
0
0
0
0
0
85037.94
64337.77
43389.3
16847.8
3772.778
-0.0001806071
-0.0001811495
0.0001125526
2.183292e-05
3.628821e-05
6.312309e-06
1.884886e-05
-1.778446e-05
1.751402e-05
5.817071e-06
0
0
0
0
0
4.042481e-07
-3.287115e-07
-7.378667e-07
-1.102634e-06
-1.339595e-06
-1.297617e-06
-1.287785e-06
-1.308243e-06
-1.340105e-06
1.233721e-05
1.272642e-05
1.216798e-05
9.993883e-06
5.02525e-06
0
0
0
0
0
81631.58
60910.04
43151.56
22414.26
10185.25
-8.04017e-05
7.943806e-05
-0.0001024295
6.488768e-05
0.0001090646
2.103223e-06
-1.681002e-05
1.002533e-05
-5.78744e-05
1.164495e-05
0
0
0
0
0
0
0
0
0
0
0
0
0
0
0
0
0
0
0
0
0
6.14915e-07
1.541089e-07
-2.861893e-07
-6.7085e-07
-1.03708e-06
-1.271688e-06
-1.255355e-06
-1.252885e-06
-1.25414e-06
-1.261763e-06
1.245295e-05
1.28318e-05
1.227071e-05
1.014966e-05
5.189682e-06
0
0
0
0
0
-16326.14
196050.8
291078.6
0
0
0
0
0
0
0
0
0
0
0
0
0
0
0
6.880299e-07
2.421043e-07
-1.864282e-07
-5.487363e-07
-9.046561e-07
-1.141586e-06
-1.135177e-06
-1.151183e-06
-1.171512e-06
-1.193583e-06
1.251333e-05
1.288577e-05
1.232622e-05
1.019265e-05
5.33216e-06
0
0
0
0
0
202134.6
-35019.11
182214.7
274285.1
0
0
0
0
0
0
0
0
0
0
0
0
0
0
0
8.132156e-07
4.479143e-07
7.487189e-08
-2.349777e-07
-5.326665e-07
-7.537619e-07
-7.597571e-07
-7.945201e-07
-8.418774e-07
-8.924297e-07
1.277144e-05
1.312926e-05
1.257002e-05
1.045623e-05
5.600719e-06
0
0
0
0
0
192902.5
179078.2
-39061.24
165699.1
271539.9
0
0
0
0
0
0
0
0
0
0
0
0
0
0
1.024426e-06
8.567638e-07
6.248949e-07
4.172525e-07
2.217635e-07
6.496593e-08
2.906957e-08
-3.50494e-08
-1.192632e-07
-2.126911e-07
1.339728e-05
1.371981e-05
1.314797e-05
1.10433e-05
6.270822e-06
0
0
0
0
0
188030.2
170647
160453.8
-46150.39
167275.7
7.981883e-05
0
0
0
0
0
0
0
0
0
0
0
0
0
1.48644e-06
1.668664e-06
1.655758e-06
1.596148e-06
1.531021e-06
1.461733e-06
1.39676e-06
1.278226e-06
1.141544e-06
9.878279e-07
1.453845e-05
1.480348e-05
1.420003e-05
1.210151e-05
7.378665e-06
0
0
0
0
0
193258
165855.8
152396.9
141347.6
-25971.61
0.0001197976
-0.0002314192
0
0
-0.0002121195
-0.0002326586
-0.0002335507
2.673787e-05
0.0009578111
0.0002071812
0.2995507
0.009754608
3.690572e-05
3.58023e-06
-2.254584e-05
3.588584e-06
3.464527e-06
3.421681e-06
3.433762e-06
3.423802e-06
3.292085e-06
3.120727e-06
2.904209e-06
2.673435e-06
1.616131e-05
1.634855e-05
1.569732e-05
1.359184e-05
8.925048e-06
0
0
0
0
0
194996.6
171558.7
152410.7
133654.8
130065.6
-6.750412e-05
7.973683e-05
-9.728388e-05
0
-0.0001328455
-0.0001584682
-0.0001718937
8.109495e-05
0.0005457494
0.0001942158
0.3014355
0.01054583
5.80165e-05
5.21311e-06
-2.006791e-05
5.514805e-06
5.345476e-06
5.297663e-06
5.386597e-06
5.427034e-06
5.190653e-06
4.948874e-06
4.679849e-06
4.369581e-06
1.782154e-05
1.79396e-05
1.723837e-05
1.511952e-05
1.048987e-05
0
0
0
0
0
192392
173006.5
153040.2
133541.1
126890.7
-2.902426e-05
-0.0001181428
-0.0001585727
0.0001626525
-0.0001387701
-0.0001728731
-0.0001896721
-5.441715e-06
0.0003512267
0.0001817593
0.3020965
0.009906772
3.738116e-05
6.638395e-06
-1.787592e-05
7.048341e-06
6.923164e-06
6.845487e-06
6.949047e-06
7.037671e-06
6.728624e-06
6.393144e-06
6.069163e-06
5.723115e-06
1.915764e-05
1.922788e-05
1.849366e-05
1.635921e-05
1.174955e-05
0
0
0
0
0
192183.7
169934.3
155242.4
134587.5
123896.8
-3.886165e-05
-0.0001998386
-0.0002343951
2.214271e-05
-2.583723e-05
-0.0002933269
-0.0002729072
-2.374983e-05
9.162556e-05
0.0001699784
0.3020639
0.009938478
3.9499e-05
7.714184e-06
-1.639358e-05
8.103559e-06
7.949032e-06
7.934628e-06
8.01668e-06
8.102628e-06
7.77452e-06
7.386159e-06
6.988654e-06
6.609574e-06
2.00597e-05
2.009624e-05
1.934383e-05
1.720985e-05
1.260219e-05
0
0
0
0
0
211448.9
169239.6
152106.6
137691.8
123741.3
0.0001474398
-1.728492e-05
7.604303e-05
-2.120784e-05
6.886687e-05
3.825317e-06
-0.0002597844
-1.595479e-05
8.901667e-05
0.0001500888
0.3020881
0.009917784
4.04e-05
8.290271e-06
-1.56368e-05
8.608707e-06
8.434327e-06
8.4055e-06
8.564657e-06
8.629756e-06
8.27627e-06
7.891359e-06
7.463346e-06
7.03276e-06
2.048776e-05
2.053452e-05
1.977105e-05
1.763918e-05
1.303887e-05
0
0
0
0
0
-8916.112
191723.4
151306.6
134807.4
127478.9
5.551228e-05
4.110256e-06
-1.051787e-05
0.0004220084
-9.839734e-05
6.247562e-06
-1.29235e-05
-0.0001740841
8.625574e-05
0.0001480266
0.3018273
0.009918142
4.076617e-05
8.303841e-06
-1.562001e-05
8.587351e-06
8.367849e-06
8.340064e-06
8.497684e-06
8.647278e-06
8.276456e-06
7.887752e-06
7.483689e-06
7.044147e-06
2.047283e-05
2.052496e-05
1.978815e-05
1.765094e-05
1.304902e-05
0
0
0
0
0
12225.55
-27397.17
176350.2
134167.6
125119.9
7.922116e-05
5.237472e-05
0.000230615
-1.935336e-06
-9.566057e-05
5.740426e-06
-2.653283e-06
1.976615e-05
7.603889e-05
0.0001449237
0.3008178
0.009951113
4.167506e-05
7.748982e-06
-1.636174e-05
8.037092e-06
7.796839e-06
7.740285e-06
7.90987e-06
8.056673e-06
7.78798e-06
7.40451e-06
7.017704e-06
6.619919e-06
2.00401e-05
2.008331e-05
1.936096e-05
1.72468e-05
1.262578e-05
0
0
0
0
0
28045.9
-6228.296
-42124.39
161869.1
124981.5
-0.0002029097
-0.000119427
-5.315983e-05
0.0001887422
-2.197745e-05
-2.732726e-06
3.646924e-05
1.182819e-05
-1.482182e-05
0.01227546
0.2978027
0.01011515
4.111079e-05
6.638482e-06
-4.696041e-06
6.941777e-06
6.731204e-06
6.662715e-06
6.792352e-06
6.937993e-06
6.705527e-06
6.436654e-06
6.078125e-06
5.717857e-06
1.916755e-05
1.923244e-05
1.850127e-05
1.63824e-05
1.176864e-05
0
0
0
0
0
40247.48
8918.92
-20648.1
-54202.03
155353.2
-2.417857e-05
8.827616e-05
4.91474e-07
-1.507679e-05
0.000210539
1.017387e-05
1.714384e-05
2.207184e-05
-3.090179e-06
-0.001973795
0.2786069
0.01156129
6.133697e-05
5.150375e-06
5.858521e-06
5.374939e-06
5.206157e-06
5.146253e-06
5.226554e-06
5.303879e-06
5.136674e-06
4.922838e-06
4.686809e-06
4.37696e-06
1.783568e-05
1.796559e-05
1.725055e-05
1.510924e-05
1.045687e-05
0
0
0
0
0
52111.93
22123.44
-4175.737
-32276.14
-55194.17
-2.932956e-05
0.0001000057
-0.0002126394
-8.603704e-05
2.336142e-05
1.043605e-05
6.871663e-06
2.363581e-05
7.741242e-06
0.003318556
1.780425e-05
0.01769599
4.881221e-05
3.418083e-06
3.798801e-06
0.0001063308
3.354458e-06
3.308048e-06
3.316458e-06
3.301695e-06
3.17825e-06
3.049218e-06
2.882815e-06
2.69827e-06
1.618641e-05
1.637123e-05
1.570803e-05
1.355755e-05
8.836349e-06
0
0
0
0
0
62708.15
34850.08
9788.033
-15252.23
-32686.17
6.813855e-05
7.609988e-05
-5.216507e-05
0.0002248263
0.000112985
5.103246e-06
-1.484582e-06
6.009423e-06
1.432661e-05
-0.001238975
0.001698062
-0.0005841085
0
0
7.295408e-05
0.0001108087
1.586023e-06
1.524907e-06
1.454017e-06
1.349027e-06
1.275853e-06
1.188238e-06
1.104587e-06
9.906257e-07
1.457139e-05
1.481861e-05
1.418506e-05
1.205085e-05
7.262566e-06
0
0
0
0
0
72111.32
46390.32
23228.06
-1003.118
-15511.33
6.830143e-06
7.367097e-05
-1.838734e-06
-1.678561e-05
-0.0001868547
-3.292974e-05
1.91381e-05
-3.328212e-06
1.152618e-05
-2.100676e-06
0
0
0
0
0.0001792211
7.987336e-07
5.627537e-07
3.655964e-07
1.416294e-07
-3.102684e-08
-6.103803e-08
-1.144082e-07
-1.726171e-07
-2.262613e-07
1.339637e-05
1.371991e-05
1.311086e-05
1.096465e-05
6.147902e-06
0
0
0
0
0
79907.42
55563.01
34126.52
11254.9
-2780.199
0.0001936156
-0.000218138
-7.74045e-05
1.919388e-05
6.091625e-05
1.181713e-05
-3.078302e-05
1.329515e-05
1.186599e-05
-3.541706e-06
0
0
0
0
1.112821e-06
4.307766e-07
2.129916e-08
-3.068744e-07
-6.135394e-07
-8.358793e-07
-8.224468e-07
-8.496546e-07
-8.909847e-07
-9.351956e-07
1.273461e-05
1.308424e-05
1.251233e-05
1.036052e-05
5.499098e-06
0
0
0
0
0
83688.65
62511.87
42374.19
20682.56
7641.982
-4.981747e-06
7.783985e-05
0.000110435
0.0001349054
0.0001489795
-3.983675e-06
-1.650835e-05
1.590915e-05
1.692501e-05
1.290918e-06
0
0
0
0
0
5.096179e-07
-2.182975e-07
-6.270641e-07
-9.937538e-07
-1.227654e-06
-1.187864e-06
-1.18622e-06
-1.213886e-06
-1.253274e-06
1.241825e-05
1.280874e-05
1.224268e-05
1.007918e-05
5.167553e-06
0
0
0
0
0
85698.62
65519.14
48216.42
26193.92
9397.973
-8.033475e-05
0.0002763489
0.0001837998
-0.0001504703
-7.582855e-05
1.559272e-05
-3.542315e-06
-1.562362e-05
6.741798e-06
-1.541594e-05
0
0
0
0
0
0
-1.030996e-07
-7.21251e-07
-1.113233e-06
-1.373359e-06
-1.317574e-06
-1.299303e-06
-1.305146e-06
-1.338175e-06
1.228746e-05
1.269255e-05
1.215116e-05
9.977794e-06
5.025989e-06
0
0
0
0
0
83002.42
61598.75
44383.46
25980.27
14867.21
2.150592e-05
0.0001935098
3.446894e-05
0.000151796
-2.721195e-05
-1.294019e-05
-4.395606e-06
1.299782e-06
2.29723e-06
3.791895e-05
0
0
0
0
0
0
0
0
0
0
0
0
0
0
0
0
0
0
0
0
0
0
6.190175e-07
1.525058e-07
-2.897101e-07
-6.645442e-07
-1.029231e-06
-1.261628e-06
-1.249471e-06
-1.25709e-06
-1.270716e-06
-1.286097e-06
1.242617e-05
1.280476e-05
1.2242e-05
1.010238e-05
5.182861e-06
0
0
0
0
0
201777.6
-41633.41
178299.7
268439.1
0
0
0
0
0
0
0
0
0
0
0
0
0
0
0
6.93917e-07
2.471242e-07
-1.904923e-07
-5.543799e-07
-8.971051e-07
-1.13297e-06
-1.124601e-06
-1.143365e-06
-1.176005e-06
-1.210593e-06
1.248758e-05
1.285803e-05
1.229793e-05
1.016218e-05
5.294567e-06
0
0
0
0
0
192661.6
178786.6
-49357.81
162753.1
260236
0
0
0
0
0
0
0
0
0
0
0
0
0
0
8.166367e-07
4.564302e-07
8.066076e-08
-2.419958e-07
-5.406486e-07
-7.450603e-07
-7.510893e-07
-7.840001e-07
-8.357905e-07
-8.975557e-07
1.275296e-05
1.310166e-05
1.253996e-05
1.042448e-05
5.60908e-06
0
0
0
0
0
187977.8
170542.6
160265.7
-58216.08
155108.2
6.19073e-05
0
0
0
0
0
0
0
0
0
0
0
0
0
1.027786e-06
8.595241e-07
6.367215e-07
4.241614e-07
2.110208e-07
5.503504e-08
3.846694e-08
-2.630824e-08
-1.085685e-07
-2.071535e-07
1.339058e-05
1.369968e-05
1.311726e-05
1.100895e-05
6.231952e-06
0
0
0
0
0
185929.6
166134.8
152630.2
141428.2
-53445.87
-9.317299e-05
1.212131e-05
0
0
0
0
0
0
0
0
0
0
0
0
1.490351e-06
1.672429e-06
1.657356e-06
1.611586e-06
1.539507e-06
1.447482e-06
1.385766e-06
1.28851e-06
1.150605e-06
9.986911e-07
1.454323e-05
1.479479e-05
1.417698e-05
1.206556e-05
7.336008e-06
0
0
0
0
0
195944.8
172699
148228.7
134264.5
130525.5
-0.0002459629
-0.00032111
0.0002236804
0
-0.000189521
-0.0002131821
-0.0002194801
6.964411e-05
0.000877632
0.0002056724
0.2995398
0.009748773
3.682854e-05
3.545536e-06
-2.261977e-05
3.598513e-06
3.468325e-06
3.421706e-06
3.452451e-06
3.434199e-06
3.275514e-06
3.108607e-06
2.915523e-06
2.683264e-06
1.617237e-05
1.635262e-05
1.568565e-05
1.356402e-05
8.880343e-06
0
0
0
0
0
194401.7
175181.7
155189.8
135088
123398.1
0.0001219614
0.0002035184
-0.0001065227
-0.0001213566
-0.0001571107
-0.0001630169
-0.0001808354
3.491009e-05
0.0002572011
0.0001904229
0.3013809
0.01056393
5.811391e-05
5.181105e-06
-2.013941e-05
5.454558e-06
5.358686e-06
5.300723e-06
5.384973e-06
5.447389e-06
5.202381e-06
4.930874e-06
4.667478e-06
4.3816e-06
1.783224e-05
1.795036e-05
1.724158e-05
1.510472e-05
1.045562e-05
0
0
0
0
0
193896.3
171716.9
157062.2
136294.1
123603
0.0001696205
-1.080558e-05
1.258987e-05
0.0001016781
-5.723341e-05
-0.0002380186
-0.0002263956
-3.504439e-05
9.473686e-05
0.0001755877
0.3020104
0.009948944
3.780214e-05
6.641802e-06
-1.794105e-05
6.981448e-06
6.856188e-06
6.8608e-06
6.951087e-06
7.034461e-06
6.749473e-06
6.405519e-06
6.051036e-06
5.711489e-06
1.916999e-05
1.923927e-05
1.850386e-05
1.636156e-05
1.173432e-05
0
0
0
0
0
212755
170535.7
153389.9
138897.4
124852.3
2.107668e-05
0.0001133547
-4.806441e-07
5.455623e-05
-1.686921e-05
-3.746041e-06
-0.0002400062
1.102728e-05
8.979889e-05
0.0001518455
0.3019842
0.009985487
4.013852e-05
7.731196e-06
-1.641047e-05
8.036723e-06
7.880571e-06
7.866022e-06
8.033364e-06
8.103551e-06
7.771102e-06
7.406996e-06
7.000894e-06
6.591071e-06
2.004879e-05
2.011019e-05
1.935559e-05
1.721966e-05
1.260403e-05
0
0
0
0
0
-8259.427
192440.3
152000.1
135443.1
128055.5
0.0001169607
2.181737e-05
-5.089031e-05
-3.651366e-05
-8.852308e-05
-9.859788e-06
1.845083e-06
-0.0001740765
8.625573e-05
0.0001480266
0.3018273
0.009918146
4.076617e-05
8.303808e-06
-1.562007e-05
8.587324e-06
8.367767e-06
8.33954e-06
8.497283e-06
8.647264e-06
8.276369e-06
7.887085e-06
7.483321e-06
7.044101e-06
2.047278e-05
2.052461e-05
1.978806e-05
1.765094e-05
1.3049e-05
0
0
0
0
0
12225.54
-27397.17
176350.2
134167.6
125119.9
2.193165e-05
-2.100538e-05
8.551358e-05
-3.472475e-05
-0.0001659152
1.873712e-05
-1.593744e-05
-8.229903e-06
7.95009e-05
0.0001435529
0.3010207
0.009855884
4.089753e-05
8.295836e-06
-1.559237e-05
8.608897e-06
8.346919e-06
8.275456e-06
8.436538e-06
8.581283e-06
8.293047e-06
7.887315e-06
7.47946e-06
7.062339e-06
2.048227e-05
2.051155e-05
1.977859e-05
1.767159e-05
1.306082e-05
0
0
0
0
0
27005.41
-7460.136
-42440.5
161100.3
124308.2
-2.20918e-06
7.362055e-06
-5.584687e-05
-0.0001461652
-1.493626e-05
9.047337e-06
-5.903787e-08
-4.911185e-06
-6.799195e-06
0.01217478
0.2987412
0.009944075
4.10658e-05
7.718783e-06
-1.631419e-05
8.063501e-06
7.815602e-06
7.720707e-06
7.847563e-06
7.999121e-06
7.727239e-06
7.419279e-06
7.017219e-06
6.616394e-06
2.005765e-05
2.009096e-05
1.934365e-05
1.723667e-05
1.26461e-05
0
0
0
0
0
38795.84
7441.14
-22132.81
-56933.42
153803.2
-0.0001184015
0.0003305657
7.058241e-05
1.969417e-05
-0.0001295915
6.164453e-08
4.93255e-06
-2.952737e-05
-8.093764e-06
0.001726036
0.2770533
0.01128946
4.134279e-05
6.626798e-06
7.539629e-06
6.960448e-06
6.75185e-06
6.675747e-06
6.774747e-06
6.879338e-06
6.654379e-06
6.383102e-06
6.090373e-06
5.717908e-06
1.916276e-05
1.924751e-05
1.850657e-05
1.636744e-05
1.17546e-05
0
0
0
0
0
49178.59
18762.8
-7902.869
-36276.8
-59429.52
-4.951542e-05
-0.0001040395
-0.0002024993
8.794806e-05
-1.991134e-05
3.034573e-06
-2.990639e-05
-2.143194e-05
-1.508876e-05
-0.001857423
0.01363435
0.0178534
7.362915e-05
5.133958e-06
5.794545e-06
4.718544e-05
5.19689e-06
5.16162e-06
5.23096e-06
5.283272e-06
5.084396e-06
4.879627e-06
4.641812e-06
4.386247e-06
1.783703e-05
1.796142e-05
1.726423e-05
1.511198e-05
1.043924e-05
0
0
0
0
0
58718.38
30367.61
4862.793
-20465.75
-38188.02
1.424944e-05
-1.943338e-05
-0.0001620516
0.0002184056
0.0001463752
6.747206e-06
-8.86408e-06
-5.787498e-06
-5.594659e-06
0.0008785231
-0.01163012
-0.002237712
0.02355722
2.478263e-06
2.406858e-05
0.000186749
3.412048e-06
3.302883e-06
3.325715e-06
3.299629e-06
3.156004e-06
2.999277e-06
2.848183e-06
2.662347e-06
1.619287e-05
1.637361e-05
1.570375e-05
1.357143e-05
8.836674e-06
0
0
0
0
0
67471.83
41118.79
17473.21
-6999.818
-21723.06
-2.069976e-05
3.114027e-07
-5.703258e-06
0.0001260286
-0.0001628458
-3.506513e-06
-3.336695e-05
1.201762e-05
1.153583e-05
0.0003298256
0.003420855
-0.003014287
0.0008037249
0
9.792946e-05
0.000149143
1.576513e-06
1.527755e-06
1.447615e-06
1.35453e-06
1.27448e-06
1.171397e-06
1.064729e-06
9.640111e-07
1.45423e-05
1.482292e-05
1.418816e-05
1.204643e-05
7.278929e-06
0
0
0
0
0
76314.72
51053.9
29218.82
6178.589
-7930.422
7.714735e-05
-0.0001018707
-1.416024e-06
1.202579e-06
3.718891e-06
1.068962e-05
4.406851e-05
-2.665118e-06
6.955606e-06
-3.924613e-06
0
0
0
0
0.0001811784
8.388639e-07
5.719794e-07
3.528957e-07
1.411886e-07
-4.325296e-08
-5.671895e-08
-1.143804e-07
-1.852575e-07
-2.583617e-07
1.337406e-05
1.369665e-05
1.311377e-05
1.09683e-05
6.143412e-06
0
0
0
0
0
81411.21
59528.96
38768.78
17012.18
3997.464
-8.167405e-05
-0.0001812598
0.0002347334
-3.924935e-05
-1.190236e-05
-9.808925e-06
-3.178522e-06
-1.029709e-05
-1.597902e-05
-8.188755e-06
0
0
0
0
0
7.126117e-07
5.922003e-08
-3.01176e-07
-6.300636e-07
-8.566158e-07
-8.328138e-07
-8.459857e-07
-8.899167e-07
-9.45004e-07
1.26889e-05
1.306565e-05
1.249353e-05
1.036247e-05
5.502315e-06
0
0
0
0
0
84484.15
63854.72
46151.46
25334.66
13204.13
-8.464078e-05
-3.167688e-05
-7.273326e-05
-5.091915e-05
-0.0001402023
-4.964351e-06
6.902235e-06
4.940633e-06
-1.508736e-05
-1.213603e-06
0
0
0
0
0
0
2.056766e-08
-5.982798e-07
-9.937289e-07
-1.262424e-06
-1.210438e-06
-1.195847e-06
-1.210754e-06
-1.251684e-06
1.23693e-05
1.276569e-05
1.222638e-05
1.008573e-05
5.168766e-06
0
0
0
0
0
87040.72
66233.97
49475.12
31319.16
18531.85
7.529089e-05
3.834552e-06
-0.00013711
-4.810031e-05
-1.800666e-05
1.355439e-05
-4.477487e-05
-1.06926e-05
2.429778e-05
-1.547917e-05
0
0
0
0
0
0
0
-5.481946e-07
-1.102888e-06
-1.385093e-06
-1.35134e-06
-1.318639e-06
-1.316556e-06
-1.33559e-06
1.224608e-05
1.263957e-05
1.210958e-05
9.962429e-06
5.009981e-06
0
0
0
0
0
83874.2
62814.88
45127.63
27262.83
18387.28
-5.24492e-05
2.908219e-05
-0.0001347138
-4.734443e-05
-5.97963e-05
-4.570366e-06
2.332281e-05
1.520158e-06
-6.154233e-06
-5.271293e-06
0
0
0
0
0
0
0
0
0
0
0
0
0
0
0
0
0
0
0
0
0
0
0
6.24468e-07
1.576143e-07
-2.933595e-07
-6.697519e-07
-1.022219e-06
-1.253419e-06
-1.239856e-06
-1.251424e-06
-1.274783e-06
-1.301926e-06
1.240222e-05
1.277886e-05
1.221542e-05
1.00771e-05
5.15749e-06
0
0
0
0
0
192393
178526.4
-61661.86
159789.7
254617
0
0
0
0
0
0
0
0
0
0
0
0
0
0
6.972759e-07
2.54561e-07
-1.8479e-07
-5.604183e-07
-9.043476e-07
-1.125082e-06
-1.116373e-06
-1.133356e-06
-1.168378e-06
-1.214927e-06
1.247088e-05
1.283313e-05
1.227072e-05
1.013355e-05
5.261243e-06
0
0
0
0
0
187876.7
170392.8
160047.6
-66966.69
152277.2
-4.278744e-05
0
0
0
0
0
0
0
0
0
0
0
0
0
8.198202e-07
4.594478e-07
9.103618e-08
-2.358015e-07
-5.496609e-07
-7.539039e-07
-7.427499e-07
-7.75817e-07
-8.259938e-07
-8.917191e-07
1.274758e-05
1.308393e-05
1.251284e-05
1.039388e-05
5.574241e-06
0
0
0
0
0
185993.1
166208.2
152620
141291.9
-65340.32
7.469294e-05
-0.000100344
0
0
0
0
0
0
0
0
0
0
0
0
1.030736e-06
8.632329e-07
6.388169e-07
4.37723e-07
2.18169e-07
4.317036e-08
2.891885e-08
-1.734364e-08
-1.004246e-07
-1.973884e-07
1.339547e-05
1.369305e-05
1.309761e-05
1.097784e-05
6.194705e-06
0
0
0
0
0
189950.2
164332.7
148612.3
134528
130611.5
-7.518239e-05
6.333562e-05
0.000125291
0
0
0
0
0
0
0
0
0
0
0
1.479256e-06
1.677796e-06
1.661346e-06
1.612362e-06
1.556021e-06
1.455958e-06
1.37201e-06
1.278127e-06
1.160362e-06
1.007015e-06
1.455305e-05
1.479906e-05
1.416812e-05
1.204225e-05
7.29739e-06
0
0
0
0
0
196740.5
175850.2
156162
130611.4
123979
-0.0002333931
0.0003379522
0.0002931616
-0.0002175909
-0.0001394403
-0.000154259
-0.0001649164
8.36949e-05
0.0007299564
0.0002023964
0.2995165
0.009745366
3.676896e-05
3.535395e-06
-2.26765e-05
3.554055e-06
3.478219e-06
3.425504e-06
3.451638e-06
3.452955e-06
3.285345e-06
3.09274e-06
2.904309e-06
2.69393e-06
1.61813e-05
1.63624e-05
1.568898e-05
1.355167e-05
8.85034e-06
0
0
0
0
0
196205.7
174098.5
159474.5
138481.9
125097.4
0.0001640969
-0.0003771622
-6.239191e-05
4.705062e-05
0.0001373711
-0.0001667806
-0.0001898617
-9.383902e-06
0.0001133706
0.0001848154
0.3012858
0.01059859
5.839771e-05
5.190606e-06
-2.019659e-05
5.397369e-06
5.30043e-06
5.31359e-06
5.387886e-06
5.445343e-06
5.221692e-06
4.941746e-06
4.650359e-06
4.370381e-06
1.784339e-05
1.796012e-05
1.725115e-05
1.510703e-05
1.043911e-05
0
0
0
0
0
220097.9
172527
155350.1
140736.5
126510.4
4.92508e-06
-0.0001761857
7.556426e-06
-0.0001777095
-4.331391e-05
-1.393802e-05
-0.0002825473
-1.881186e-05
9.328706e-05
0.0001555899
0.3018928
0.01000996
3.857342e-05
6.659626e-06
-1.795472e-05
6.919667e-06
6.793089e-06
6.796906e-06
6.966132e-06
7.03618e-06
6.74623e-06
6.424918e-06
6.062291e-06
5.694373e-06
1.915891e-05
1.925092e-05
1.851437e-05
1.63711e-05
1.173581e-05
0
0
0
0
0
-5783.945
193926
153412
136733.7
129224.2
-0.0002285128
-0.0001094194
-0.0001438464
-1.673941e-05
7.754566e-05
-1.088979e-05
1.12368e-05
-0.0001550825
8.877973e-05
0.000149871
0.3017318
0.01001495
4.097484e-05
7.744781e-06
-1.639377e-05
8.016746e-06
7.816292e-06
7.802256e-06
7.967796e-06
8.120259e-06
7.771929e-06
7.40346e-06
7.019931e-06
6.601973e-06
2.003085e-05
2.010024e-05
1.936973e-05
1.723085e-05
1.261438e-05
0
0
0
0
0
13351.43
-26882.55
177122.4
134862.8
125735.5
-0.0001590197
-2.209782e-05
-0.0002287104
0.0001872615
1.144531e-05
-1.1936e-06
-2.00207e-06
8.660902e-06
7.950117e-05
0.0001435529
0.3010207
0.009855885
4.089754e-05
8.295791e-06
-1.559243e-05
8.608855e-06
8.346895e-06
8.275351e-06
8.435939e-06
8.580887e-06
8.293008e-06
7.887189e-06
7.478834e-06
7.061962e-06
2.048222e-05
2.05115e-05
1.977823e-05
1.76715e-05
1.306082e-05
0
0
0
0
0
27005.39
-7460.149
-42440.5
161100.3
124308.2
0.0001401395
-1.28444e-05
-4.055068e-05
-0.0001445005
-7.245466e-06
6.704311e-06
-1.848169e-05
5.033065e-06
3.756504e-06
0.01200225
0.2995961
0.009768188
4.02086e-05
8.287643e-06
-1.555504e-05
8.6371e-06
8.366873e-06
8.254755e-06
8.373428e-06
8.521678e-06
8.230127e-06
7.902856e-06
7.47907e-06
7.057804e-06
2.05002e-05
2.051946e-05
1.976879e-05
1.766048e-05
1.308966e-05
0
0
0
0
0
38394.5
6287.024
-23438.18
-57047.98
153063.5
-0.0001862195
-4.023624e-05
-2.932254e-05
5.014047e-05
4.164832e-05
-2.696239e-05
-2.213778e-05
-1.691354e-05
1.265627e-06
-0.0008314336
0.27755
0.01053726
4.089658e-05
7.713355e-06
8.51185e-06
8.048606e-06
7.839548e-06
7.737998e-06
7.82772e-06
7.936926e-06
7.672526e-06
7.362061e-06
7.030832e-06
6.615981e-06
2.005301e-05
2.010702e-05
1.934961e-05
1.721906e-05
1.26318e-05
0
0
0
0
0
47763.89
17316.15
-9261.385
-37554.63
-62085.44
-4.248135e-05
-4.103051e-05
-0.0001965202
7.548063e-05
-7.6717e-05
-5.466893e-06
-1.292808e-05
7.870017e-06
1.543812e-05
0.003526638
-0.007042853
0.01789293
5.892977e-05
6.620691e-06
7.488838e-06
3.038635e-05
6.737662e-06
6.69394e-06
6.784844e-06
6.861649e-06
6.598146e-06
6.335285e-06
6.040572e-06
5.728979e-06
1.916318e-05
1.924207e-05
1.852154e-05
1.637091e-05
1.173954e-05
0
0
0
0
0
56335.61
27080.77
1273.777
-24202.13
-42089.2
4.023219e-05
0.0001858551
4.620432e-05
0.0002378976
-1.170479e-05
-6.156616e-06
-2.051033e-05
2.703138e-05
3.416305e-05
-0.002396886
0.007108047
-0.01246661
0.02377101
3.323767e-06
6.062394e-06
0.0001285658
5.253528e-06
5.14981e-06
5.242668e-06
5.280141e-06
5.063745e-06
4.829587e-06
4.602139e-06
4.345002e-06
1.784533e-05
1.796284e-05
1.725915e-05
1.512761e-05
1.043999e-05
0
0
0
0
0
63446.65
36621.56
12646.51
-11981.7
-26826.5
3.524574e-05
-3.174933e-05
0.0002047886
5.680032e-05
-0.0001493055
-2.481744e-05
-7.737328e-07
1.298611e-06
3.427438e-06
-0.008189754
-0.004360159
0.01016403
-0.006314093
0.03113081
4.633473e-05
0.0002808423
0.0001919755
3.313782e-06
3.315283e-06
3.305801e-06
3.152501e-06
2.976716e-06
2.799951e-06
2.631163e-06
1.615868e-05
1.63793e-05
1.570652e-05
1.356586e-05
8.85572e-06
0
0
0
0
0
72009
45784.5
23494.6
303.4672
-13830
5.04581e-05
4.323669e-05
9.984856e-05
-5.295253e-05
-5.725862e-05
1.625999e-05
3.283351e-06
4.122299e-05
-2.843731e-06
0.00187569
-0.003273999
-0.002225876
-0.004806182
-0.004281907
0.0001188748
0.0001706922
1.593833e-06
1.52014e-06
1.450146e-06
1.339104e-06
1.278767e-06
1.169136e-06
1.047766e-06
9.256763e-07
1.451729e-05
1.479627e-05
1.419187e-05
1.205039e-05
7.272872e-06
0
0
0
0
0
78119.76
55348.09
33830.08
11947.54
-1024.827
8.555886e-05
-9.19857e-05
9.424661e-05
5.39235e-08
2.224497e-05
-7.217262e-06
-7.417196e-06
-9.754825e-06
7.437089e-06
-4.297066e-06
0
0
0
0
0
1.101545e-06
6.14915e-07
3.656694e-07
1.288316e-07
-6.341772e-08
-6.921925e-08
-1.109213e-07
-1.85883e-07
-2.709805e-07
1.332461e-05
1.367657e-05
1.309194e-05
1.097079e-05
6.148535e-06
0
0
0
0
0
82421.45
61110.93
42820.74
21584.86
9552.323
-4.408517e-06
7.284734e-08
5.507093e-05
-0.0001164556
0.0001326792
1.281396e-05
1.588309e-05
-2.000884e-05
2.234321e-06
1.04842e-05
0
0
0
0
0
0
2.955367e-07
-2.648634e-07
-6.246076e-07
-8.920486e-07
-8.535362e-07
-8.56341e-07
-8.868477e-07
-9.444898e-07
1.263996e-05
1.301969e-05
1.247631e-05
1.034375e-05
5.503958e-06
0
0
0
0
0
85824.07
64710.41
47570.82
29142.82
17741.55
5.804467e-06
-4.486126e-05
4.119408e-05
0.0001481419
-3.571291e-05
-2.740635e-06
-9.885422e-06
-8.83408e-06
-2.893321e-05
1.331604e-05
0
0
0
0
0
0
0
-4.086464e-07
-9.709732e-07
-1.27431e-06
-1.245258e-06
-1.217863e-06
-1.22029e-06
-1.2491e-06
1.232936e-05
1.271363e-05
1.218412e-05
1.00694e-05
5.194977e-06
0
0
0
0
0
87864.88
67406.69
50242.7
32624.61
23674.69
5.304253e-05
9.120402e-05
7.626347e-05
-5.697554e-06
-6.396198e-05
1.181989e-05
-5.862065e-06
2.321395e-05
6.038642e-06
-5.805098e-06
0
0
0
0
0
0
0
0
-9.797462e-07
-1.372064e-06
-1.367479e-06
-1.351105e-06
-1.335282e-06
-1.346971e-06
1.220868e-05
1.259432e-05
1.205635e-05
9.945087e-06
4.991906e-06
0
0
0
0
0
88506.67
63520.59
46204.19
28045.06
19672.14
-7.017123e-05
-4.574048e-05
-0.000273617
-3.952534e-05
3.232417e-05
-1.390761e-05
3.507065e-07
-2.346947e-05
6.679825e-06
3.691134e-06
0
0
0
0
0
0
0
0
0
0
0
0
0
0
0
0
0
0
0
0
0
0
0
6.276177e-07
1.643336e-07
-2.872782e-07
-6.752177e-07
-1.028929e-06
-1.246084e-06
-1.232017e-06
-1.24234e-06
-1.269297e-06
-1.30584e-06
1.238665e-05
1.275568e-05
1.219017e-05
1.004692e-05
5.113536e-06
0
0
0
0
0
187681.3
170209
159858.5
-81724.73
149719.7
-2.642619e-05
0
0
0
0
0
0
0
0
0
0
0
0
0
7.002473e-07
2.577994e-07
-1.760093e-07
-5.54203e-07
-9.121844e-07
-1.133158e-06
-1.108815e-06
-1.125585e-06
-1.159015e-06
-1.20746e-06
1.246635e-05
1.281712e-05
1.224629e-05
1.010597e-05
5.230078e-06
0
0
0
0
0
186008
166180.7
152527.5
141111.4
-73625.17
-0.0001434764
3.172703e-05
0
0
0
0
0
0
0
0
0
0
0
0
8.22374e-07
4.629171e-07
9.366478e-08
-2.23845e-07
-5.432353e-07
-7.639619e-07
-7.512706e-07
-7.678618e-07
-8.183588e-07
-8.82723e-07
1.275293e-05
1.307862e-05
1.24955e-05
1.03663e-05
5.540852e-06
0
0
0
0
0
186104.4
164493.8
148758.3
134547.3
130489.4
-0.0001738542
-0.0002117038
2.804435e-05
0
0
0
0
0
0
0
0
0
0
0
1.023768e-06
8.67081e-07
6.428279e-07
4.391195e-07
2.332667e-07
5.03855e-08
1.743897e-08
-2.638684e-08
-9.190822e-08
-1.898972e-07
1.340434e-05
1.369756e-05
1.309081e-05
1.095787e-05
6.161031e-06
0
0
0
0
0
198835.6
169228.2
147044.3
130995.5
124233.2
-5.469461e-05
-2.895919e-06
2.099412e-05
-0.0002566797
0
0
0
0
0
0
0
0
0
0
1.468202e-06
1.656322e-06
1.667637e-06
1.616531e-06
1.555924e-06
1.473087e-06
1.380037e-06
1.264911e-06
1.150721e-06
1.016226e-06
1.456058e-05
1.480783e-05
1.417178e-05
1.203272e-05
7.271968e-06
0
0
0
0
0
198945.9
176882.3
159447.3
139109.3
120611.2
-2.026152e-05
5.854221e-05
-0.0003477481
-0.0001037049
0.0001695443
-0.000185729
-0.0001760582
3.571468e-05
0.0004677731
0.0001977934
0.2994675
0.009739835
3.669e-05
3.556163e-06
-2.271458e-05
3.511983e-06
3.433025e-06
3.435372e-06
3.45541e-06
3.451707e-06
3.303163e-06
3.101848e-06
2.889186e-06
2.683745e-06
1.619119e-05
1.637051e-05
1.569775e-05
1.355419e-05
8.836351e-06
0
0
0
0
0
222715.9
175218.4
157979.4
143183.9
128638.8
-0.000185093
-0.0001156598
0.0001686551
-5.609308e-05
-3.766579e-05
-3.114335e-06
-0.0002373103
-4.790915e-05
0.0001002796
0.0001761371
0.3011364
0.01065464
5.894902e-05
5.211956e-06
-2.020213e-05
5.343722e-06
5.24579e-06
5.257168e-06
5.400556e-06
5.447966e-06
5.219599e-06
4.959711e-06
4.660221e-06
4.354174e-06
1.783266e-05
1.797061e-05
1.726013e-05
1.511606e-05
1.04406e-05
0
0
0
0
0
-1851.811
202842.3
155585.4
138711.7
131010.3
-9.448263e-05
-1.618554e-05
3.344236e-05
1.287994e-05
0.0002158662
-1.115676e-05
1.445311e-05
-0.0001542011
9.147048e-05
0.0001537231
0.3016693
0.01007024
3.970602e-05
6.677736e-06
-1.79341e-05
6.902164e-06
6.733391e-06
6.737816e-06
6.90468e-06
7.051245e-06
6.747804e-06
6.421562e-06
6.079981e-06
5.704367e-06
1.914252e-05
1.92408e-05
1.85255e-05
1.638112e-05
1.174601e-05
0
0
0
0
0
15021.83
-24237.79
178725.8
136280.2
126986.6
3.47304e-05
0.0001780587
-6.481759e-05
4.430606e-05
5.457325e-05
-1.569814e-05
1.219736e-05
-1.323256e-05
7.603899e-05
0.0001449235
0.3008178
0.009951115
4.167503e-05
7.748868e-06
-1.636193e-05
8.036961e-06
7.796746e-06
7.740034e-06
7.908323e-06
8.055545e-06
7.787823e-06
7.404236e-06
7.016194e-06
6.618974e-06
2.003997e-05
2.008317e-05
1.936009e-05
1.724657e-05
1.262575e-05
0
0
0
0
0
28045.84
-6228.334
-42124.43
161869.2
124981.4
-2.901086e-05
0.000236196
-0.0001443757
4.313604e-05
-0.0001196826
-3.462528e-06
6.297137e-06
2.68011e-05
-4.102296e-06
0.01200226
0.2995961
0.009768194
4.020864e-05
8.287608e-06
-1.55551e-05
8.637041e-06
8.366828e-06
8.254718e-06
8.37333e-06
8.521041e-06
8.229716e-06
7.902792e-06
7.478925e-06
7.057194e-06
2.049985e-05
2.051941e-05
1.976874e-05
1.766014e-05
1.308957e-05
0
0
0
0
0
38394.49
6287.007
-23438.19
-57047.99
153063.5
-9.388525e-05
0.0001095693
0.0001552977
0.0001290754
0.000117311
8.283408e-06
-2.699565e-05
-2.792141e-06
1.106529e-05
-0.001911493
0.27801
0.009751457
3.903459e-05
8.285142e-06
8.893846e-06
8.621501e-06
8.39264e-06
8.273025e-06
8.3526e-06
8.459029e-06
8.173467e-06
7.843529e-06
7.493412e-06
7.057483e-06
2.049167e-05
2.053581e-05
1.977489e-05
1.765675e-05
1.307343e-05
0
0
0
0
0
47368.5
17023.68
-10495.14
-38865.78
-62118.94
-9.053297e-05
-2.827856e-06
-7.34409e-06
-1.09752e-05
1.463702e-05
-2.083051e-06
3.485149e-05
2.396279e-05
-2.7387e-06
-0.002358961
0.0007328598
0.01792421
4.702893e-05
7.717707e-06
8.71146e-06
8.082606e-06
7.822232e-06
7.759616e-06
7.843708e-06
7.916942e-06
7.612909e-06
7.31093e-06
6.977563e-06
6.628334e-06
2.005303e-05
2.010186e-05
1.936551e-05
1.722309e-05
1.261219e-05
0
0
0
0
0
54951.69
25656.36
-68.95144
-25368.39
-43255.2
4.481151e-05
0.0001229205
0.0001124571
3.001861e-05
-0.0001044418
1.051014e-05
8.052394e-06
1.149557e-05
-2.007714e-05
-0.001181379
-0.01593474
0.01066248
0.02381872
4.403747e-06
7.451931e-06
8.487011e-05
6.747209e-06
6.677087e-06
6.798571e-06
6.867734e-06
6.581091e-06
6.281533e-06
5.996642e-06
5.683267e-06
1.917317e-05
1.924271e-05
1.851479e-05
1.6388e-05
1.174082e-05
0
0
0
0
0
60978.6
34118.6
9121.247
-15593.1
-30472.62
4.695106e-05
-0.0001851035
-0.000218219
-6.897184e-06
-0.0001271913
2.302064e-06
1.596248e-05
1.264786e-05
-1.616106e-05
0.00394314
2.737629e-05
-0.001183662
0.00331589
0.03145873
2.196034e-05
0.0002114361
0.0001706474
5.159945e-06
5.225374e-06
5.286418e-06
5.058735e-06
4.808967e-06
4.554303e-06
4.30931e-06
1.780611e-05
1.797018e-05
1.726114e-05
1.512106e-05
1.046135e-05
0
0
0
0
0
68252.13
41250.41
18645.75
-4589.645
-18712.89
0.0002293527
-4.367029e-05
-6.82057e-05
-0.0002215975
2.949849e-05
1.709921e-05
4.10416e-05
-2.199099e-05
-2.226918e-05
-0.00495248
0.01629085
-0.009356451
0.00847967
0.01669458
4.329758e-05
0.0003744921
0.0002617031
3.318192e-06
3.32176e-06
3.286472e-06
3.156962e-06
2.971917e-06
2.777251e-06
2.584818e-06
1.612952e-05
1.634805e-05
1.571146e-05
1.356982e-05
8.848122e-06
0
0
0
0
0
74134.89
50408.26
28111.55
6091.406
-6813.656
1.997711e-05
-1.211792e-05
7.909579e-05
-2.592783e-05
-9.892117e-06
-2.818084e-06
-1.817216e-05
3.306104e-07
-1.397441e-05
4.73295e-05
-0.002618462
0.002525753
0.001473781
0.007766334
0.004866053
0.0001573403
1.646207e-06
1.541734e-06
1.442379e-06
1.319296e-06
1.26288e-06
1.172245e-06
1.044599e-06
9.086842e-07
1.446232e-05
1.477392e-05
1.41669e-05
1.205357e-05
7.278931e-06
0
0
0
0
0
79420.73
57227.43
38210.05
16491.3
4535.242
0.0001024074
-5.199882e-05
0.0001316707
-8.864904e-05
8.892392e-06
-1.450097e-05
1.134991e-05
-3.739564e-06
-6.405871e-06
-1.20599e-05
0
0
0
0
0
0
8.424948e-07
4.099864e-07
1.424668e-07
-9.95691e-08
-8.956398e-08
-1.234734e-07
-1.832571e-07
-2.722855e-07
1.327447e-05
1.362698e-05
1.307346e-05
1.094896e-05
6.150622e-06
0
0
0
0
0
83721.22
62191.26
44477.7
25662.25
14010.87
5.068065e-05
-1.89543e-05
2.615231e-06
0.0001243008
-6.473476e-06
-1.680475e-05
-8.973302e-06
-6.491502e-06
1.170781e-05
7.022587e-06
0
0
0
0
0
0
0
-6.916207e-08
-5.931993e-07
-9.052321e-07
-8.891236e-07
-8.76563e-07
-8.971277e-07
-9.421237e-07
1.26008e-05
1.296775e-05
1.243107e-05
1.032661e-05
5.48272e-06
0
0
0
0
0
86550.47
65863.1
48484.48
30607.47
21495.54
-5.56137e-05
-7.084454e-05
0.0001081636
0.0001325683
-0.0002125553
1.192718e-06
1.656953e-05
2.685029e-05
5.894053e-06
1.991154e-05
0
0
0
0
0
0
0
0
-8.297931e-07
-1.258951e-06
-1.26173e-06
-1.251449e-06
-1.241669e-06
-1.258572e-06
1.229358e-05
1.266991e-05
1.213199e-05
1.00297e-05
5.176074e-06
0
0
0
0
0
87947.65
68059.3
51263.35
33428.63
24982.01
-3.307174e-05
-5.437764e-05
-0.000116139
-5.716045e-05
0.0001072402
1.637377e-05
-2.551487e-05
-1.55095e-07
9.031114e-06
-2.758785e-06
0
0
0
0
0
0
0
0
0
-1.275586e-06
-1.363281e-06
-1.367842e-06
-1.36641e-06
-1.365185e-06
1.215793e-05
1.255321e-05
1.20106e-05
9.893002e-06
5.014482e-06
0
0
0
0
0
82548.86
68938.46
46769.39
29025.65
20461.22
9.144243e-05
5.553509e-05
2.523232e-05
0.000356516
6.194668e-05
1.676607e-05
2.771913e-05
-8.213462e-06
8.67224e-06
-9.65157e-06
0
0
0
0
0
0
0
0
0
0
0
0
0
0
0
0
0
0
0
0
0
0
0
6.304926e-07
1.672957e-07
-2.79478e-07
-6.681642e-07
-1.036062e-06
-1.253585e-06
-1.224987e-06
-1.234929e-06
-1.26081e-06
-1.300512e-06
1.238253e-05
1.274075e-05
1.216729e-05
1.002472e-05
5.09482e-06
0
0
0
0
0
185871.3
166060.4
152405.2
140966.9
-92629.01
-9.881954e-05
-8.25714e-05
0
0
0
0
0
0
0
0
0
0
0
0
7.025486e-07
2.609143e-07
-1.728319e-07
-5.444482e-07
-9.05638e-07
-1.141948e-06
-1.116603e-06
-1.118371e-06
-1.151755e-06
-1.198804e-06
1.247709e-05
1.281267e-05
1.223067e-05
1.008121e-05
5.20019e-06
0
0
0
0
0
186187.7
164567.1
148773.8
134477.1
130322.8
1.068307e-05
0.0001924366
2.417179e-05
0
0
0
0
0
0
0
0
0
0
0
8.166399e-07
4.660488e-07
9.737604e-08
-2.216488e-07
-5.297799e-07
-7.575092e-07
-7.610144e-07
-7.759511e-07
-8.107966e-07
-8.756893e-07
1.276114e-05
1.30837e-05
1.249003e-05
1.034861e-05
5.510802e-06
0
0
0
0
0
196374.1
164647.1
147253.2
131150.8
124254.5
5.27462e-05
9.875889e-05
3.275211e-05
0.0001651191
0
0
0
0
0
0
0
0
0
0
1.016631e-06
8.521509e-07
6.473803e-07
4.4341e-07
2.33872e-07
6.637875e-08
2.428015e-08
-3.74436e-08
-1.003423e-07
-1.818486e-07
1.341112e-05
1.370554e-05
1.309483e-05
1.095046e-05
6.139053e-06
0
0
0
0
0
206617.2
179386.6
152660.9
129641.4
120969.2
3.894704e-06
-0.0001420475
4.623963e-05
-9.338861e-05
0.0001794487
0
0
0
0
0
0
0
0
0
1.458543e-06
1.635939e-06
1.638929e-06
1.623402e-06
1.560238e-06
1.472523e-06
1.396349e-06
1.272357e-06
1.138079e-06
1.007435e-06
1.456912e-05
1.481466e-05
1.417974e-05
1.20357e-05
7.260906e-06
0
0
0
0
0
225855.7
178422.1
161069.6
142294.2
129073.6
-9.734037e-05
2.359289e-06
3.693771e-05
0.000159043
-2.707745e-05
-1.134069e-05
-0.0001835461
-9.67267e-06
0.0001109464
0.0001915509
0.2993653
0.009730213
3.65503e-05
3.580455e-06
-2.270348e-05
3.471138e-06
3.390797e-06
3.389476e-06
3.465302e-06
3.455292e-06
3.301857e-06
3.118423e-06
2.897432e-06
2.669399e-06
1.61814e-05
1.637981e-05
1.570518e-05
1.356256e-05
8.838083e-06
0
0
0
0
0
3758.825
205793.9
158532.3
141380.1
133390
9.353869e-05
9.173797e-05
-6.757639e-05
-2.018702e-05
2.753577e-05
7.993956e-06
1.73931e-06
-0.0001868054
9.75544e-05
0.0001605126
0.3009296
0.01072507
5.988589e-05
5.239242e-06
-2.01737e-05
5.328839e-06
5.193099e-06
5.205215e-06
5.345461e-06
5.460624e-06
5.222051e-06
4.957483e-06
4.676588e-06
4.362893e-06
1.781685e-05
1.79608e-05
1.727011e-05
1.512463e-05
1.045043e-05
0
0
0
0
0
18549.12
-20042.53
188822
138469
128907.4
1.708108e-05
6.825052e-05
-0.0002453083
-2.74127e-05
-1.64224e-05
-1.617581e-05
3.990489e-06
1.031568e-05
0.00484306
0.0001491041
0.3006236
0.01005361
4.098066e-05
6.666625e-06
-1.787666e-05
6.918553e-06
6.716208e-06
6.679708e-06
6.849236e-06
6.990365e-06
6.762148e-06
6.423055e-06
6.076369e-06
5.72012e-06
1.915083e-05
1.922534e-05
1.851572e-05
1.639215e-05
1.175631e-05
0
0
0
0
0
29547.22
-4604.335
-39373.81
163472.4
126355.3
-5.414516e-05
-0.0001935675
5.891718e-05
0.0002637291
-3.282698e-05
-1.096253e-05
2.265716e-05
8.461384e-06
1.411141e-05
0.01217478
0.2987412
0.009944084
4.106582e-05
7.718675e-06
-1.631436e-05
8.06334e-06
7.81547e-06
7.720626e-06
7.847281e-06
7.997422e-06
7.726115e-06
7.419142e-06
7.016976e-06
6.614933e-06
2.005676e-05
2.009083e-05
1.934351e-05
1.723583e-05
1.264589e-05
0
0
0
0
0
38795.82
7441.075
-22132.84
-56933.45
153803.2
-2.684323e-05
-2.440967e-05
-0.0001798724
-6.608441e-06
5.592974e-05
-1.662101e-06
1.000749e-05
3.992092e-07
-3.129167e-05
-0.003093332
0.27801
0.009751449
3.903464e-05
8.285133e-06
8.893792e-06
8.621448e-06
8.39258e-06
8.272974e-06
8.352578e-06
8.458932e-06
8.172837e-06
7.843107e-06
7.493327e-06
7.057384e-06
2.049111e-05
2.053547e-05
1.977485e-05
1.76567e-05
1.30731e-05
0
0
0
0
0
47368.5
17023.68
-10495.15
-38865.79
-62118.95
0.000227895
-8.884665e-06
-0.0004881694
-4.427232e-05
-0.0001424263
-1.134517e-05
-1.080156e-05
3.132529e-05
2.903359e-06
-0.0007790215
0.002882538
0.0179432
3.502114e-05
8.29069e-06
9.350847e-06
8.656449e-06
8.374815e-06
8.296654e-06
8.369183e-06
8.438141e-06
8.113459e-06
7.790543e-06
7.438168e-06
7.070495e-06
2.04918e-05
2.05258e-05
1.979107e-05
1.766068e-05
1.307923e-05
0
0
0
0
0
53917.42
25359.7
-206.7778
-26612.26
-44534.67
0.0001701875
0.0001376763
0.0002293766
2.281603e-05
5.777597e-05
-6.485621e-06
2.802826e-06
-2.34706e-06
-2.989194e-05
0.001162066
0.005956699
-0.02239646
0.02384929
5.29347e-06
8.679027e-06
5.524083e-05
7.830799e-06
7.739664e-06
7.862265e-06
7.933105e-06
7.593695e-06
7.253954e-06
6.93059e-06
6.579363e-06
2.006418e-05
2.010215e-05
1.935935e-05
1.724117e-05
1.261389e-05
0
0
0
0
0
59482.72
32699.35
7787.955
-16753.47
-31533.37
5.052957e-05
0.0001094347
-0.0002033077
6.505227e-06
-8.064154e-05
9.605029e-06
-1.543128e-05
-2.374913e-06
2.091881e-06
-0.002562319
0.009461701
0.01556992
-0.001962889
0.03153559
7.483472e-06
0.0001436781
0.0001600932
6.684263e-06
6.776417e-06
6.874022e-06
6.585711e-06
6.264992e-06
5.945348e-06
5.643737e-06
1.91296e-05
1.925153e-05
1.851613e-05
1.637883e-05
1.176388e-05
0
0
0
0
0
65957.61
38657.59
16169.21
-8143.879
-22240.74
-8.187396e-05
-5.440608e-05
0.0003322868
9.271754e-05
3.473325e-06
-7.805781e-07
-2.264362e-06
-5.011651e-06
-1.724411e-05
0.005885986
-0.01869694
0.0001746716
-0.008896509
0.005575366
7.015289e-06
0.0003004012
0.0002449725
5.161255e-06
5.228821e-06
5.261966e-06
5.062738e-06
4.802298e-06
4.53375e-06
4.263672e-06
1.777273e-05
1.793423e-05
1.726756e-05
1.512458e-05
1.045242e-05
0
0
0
0
0
70635.22
46135.63
23229.35
1170.556
-11616.38
3.217425e-05
-0.000257338
-4.953774e-05
9.332548e-05
6.660482e-05
1.715119e-06
-1.910538e-05
-3.868111e-05
1.775287e-05
-0.0001583159
0.004837004
-0.001930405
0.01078897
-0.01688784
-0.006421256
0.0004411399
0.0002911652
3.365542e-06
3.322437e-06
3.269739e-06
3.136852e-06
2.974795e-06
2.771338e-06
2.562086e-06
1.606738e-05
1.6322e-05
1.568218e-05
1.357401e-05
8.854865e-06
0
0
0
0
0
75759.4
52604.08
32819.21
10642.31
-1240.922
-5.083947e-05
2.636659e-05
-0.0001167807
-0.0001626179
-7.327615e-05
-1.132652e-06
1.262949e-05
2.014348e-06
-1.448726e-05
-0.001520101
-0.001165879
-0.006140759
-0.00443839
0.002804564
-0.004288351
-0.005285691
1.834617e-06
1.597611e-06
1.464962e-06
1.281994e-06
1.242596e-06
1.156174e-06
1.046629e-06
9.047436e-07
1.440938e-05
1.471905e-05
1.414644e-05
1.202862e-05
7.281575e-06
0
0
0
0
0
80610.75
58612.17
40161.38
20891.56
8965.621
0.0001909393
-1.787143e-05
4.639166e-05
-6.94571e-06
3.604826e-05
-6.519983e-06
1.821154e-05
-1.857707e-05
1.786556e-06
-1.703513e-07
0
0
0
0
0
0
0
6.038912e-07
1.838993e-07
-1.091801e-07
-1.260626e-07
-1.434509e-07
-1.957875e-07
-2.704846e-07
1.323506e-05
1.357398e-05
1.302461e-05
1.093065e-05
6.125858e-06
0
0
0
0
0
84306.71
63275.89
45624.4
27362.22
18023.62
-1.670792e-05
0.0001136605
0.0001110208
7.442109e-05
-0.0001427082
-1.01064e-05
2.040078e-05
6.003382e-06
-8.273553e-06
1.928403e-06
0
0
0
0
0
0
0
0
-4.403107e-07
-8.865844e-07
-9.071967e-07
-9.109052e-07
-9.167622e-07
-9.523248e-07
1.256645e-05
1.292489e-05
1.237905e-05
1.02837e-05
5.462957e-06
0
0
0
0
0
86490.2
66405.31
49469.69
31560.13
22960.23
-5.600498e-05
-2.985646e-05
8.881932e-05
-5.892362e-05
-0.0001136257
6.155526e-06
-2.543209e-06
-1.402416e-05
-2.326317e-05
-5.858492e-06
0
0
0
0
0
0
0
0
0
-1.147304e-06
-1.25528e-06
-1.268481e-06
-1.273638e-06
-1.279437e-06
1.225023e-05
1.263047e-05
1.208758e-05
9.983165e-06
5.141948e-06
0
0
0
0
0
82508.05
68158.26
51770.89
34346.09
25792.73
4.992623e-05
3.556572e-05
3.697613e-05
-8.462992e-06
1.106477e-05
-1.107724e-05
-1.097757e-05
2.39366e-05
-9.383586e-06
-7.931546e-06
0
0
0
0
0
0
0
0
0
0
-1.16715e-06
-1.366731e-06
-1.383819e-06
-1.394977e-06
1.21125e-05
1.249795e-05
1.196888e-05
9.8529e-06
4.987789e-06
0
0
0
0
0
80645.1
62468.1
52842.25
29476.32
21432.79
0.0001723366
-0.0001708219
-0.000114453
7.092637e-05
-0.0001717957
-5.850078e-06
-9.503878e-06
-2.270512e-05
1.466798e-05
1.518273e-06
0
0
0
0
0
0
0
0
0
0
0
0
0
0
0
0
0
0
0
0
0
0
0
6.326128e-07
1.704324e-07
-2.767162e-07
-6.596088e-07
-1.027919e-06
-1.261617e-06
-1.232225e-06
-1.22822e-06
-1.253886e-06
-1.292685e-06
1.238753e-05
1.273671e-05
1.214742e-05
9.997563e-06
5.054669e-06
0
0
0
0
0
186097.3
164497.9
148707.1
134390.6
130199.7
-0.0001497826
4.264165e-05
0.0002259971
0
0
0
0
0
0
0
0
0
0
0
6.974815e-07
2.636147e-07
-1.696755e-07
-5.412288e-07
-8.952091e-07
-1.135398e-06
-1.125129e-06
-1.125782e-06
-1.144901e-06
-1.192108e-06
1.248514e-05
1.282461e-05
1.222614e-05
1.006538e-05
5.173381e-06
0
0
0
0
0
192280.7
164772.8
147357.1
131174.9
124189.7
8.753978e-06
-1.837458e-05
-0.0001600964
6.606449e-06
0
0
0
0
0
0
0
0
0
0
8.105893e-07
4.537432e-07
1.009886e-07
-2.177332e-07
-5.281039e-07
-7.430813e-07
-7.549128e-07
-7.853486e-07
-8.18368e-07
-8.685376e-07
1.27675e-05
1.309115e-05
1.24948e-05
1.034257e-05
5.491201e-06
0
0
0
0
0
204418
176573.5
147429.8
129836.2
121115.5
-1.306891e-05
0.00013559
-0.0001275505
0.0001827784
-0.0001478991
0
0
0
0
0
0
0
0
0
1.010606e-06
8.377662e-07
6.256925e-07
4.484971e-07
2.384262e-07
6.650772e-08
3.952484e-08
-3.108082e-08
-1.109411e-07
-1.895752e-07
1.341857e-05
1.371169e-05
1.310215e-05
1.09539e-05
6.130224e-06
0
0
0
0
0
228769.4
187797.8
163863.5
135676.5
119729.4
0.0002478094
6.733396e-05
0.0003128055
8.68924e-05
7.728413e-05
-5.779949e-06
0
0
0
0
0
0
0
0
1.457556e-06
1.615983e-06
1.612171e-06
1.58965e-06
1.567526e-06
1.476787e-06
1.395667e-06
1.2876e-06
1.14483e-06
9.954027e-07
1.45606e-05
1.482268e-05
1.418599e-05
1.204338e-05
7.263144e-06
0
0
0
0
0
10662.55
209326.5
162058.3
144542.2
132134.6
4.679089e-05
5.069499e-05
5.166314e-05
-2.934773e-05
-3.47226e-05
1.174954e-05
8.924738e-07
-0.0001666744
0.0001087768
0.0001722777
0.2991477
0.009714309
3.629353e-05
3.581857e-06
-7.578247e-06
3.460277e-06
3.348417e-06
3.34735e-06
3.418607e-06
3.465203e-06
3.305253e-06
3.116924e-06
2.912566e-06
2.676661e-06
1.616734e-05
1.637085e-05
1.571401e-05
1.356965e-05
8.847294e-06
0
0
0
0
0
23491.11
-14075.36
191995.8
141452.1
131506
0.000159448
-9.698276e-05
0.0002126327
0.0002005443
-2.948126e-06
-7.653358e-07
-1.893977e-05
-7.704411e-06
0.002351561
0.0001566882
0.3000473
0.01075842
6.118068e-05
5.19864e-06
-1.801328e-05
5.340701e-06
5.178221e-06
5.152895e-06
5.295941e-06
5.405647e-06
5.234083e-06
4.959786e-06
4.674089e-06
4.377454e-06
1.782402e-05
1.794573e-05
1.726065e-05
1.51345e-05
1.045934e-05
0
0
0
0
0
32748.51
-787.3537
-35008.16
174312.2
128480.5
0.0001454494
-3.83182e-05
0.0001434807
0.0001772155
7.061339e-05
5.865768e-06
-5.492617e-06
3.540386e-06
-1.342669e-05
0.01227546
0.2978027
0.01011516
4.111078e-05
6.63831e-06
-4.696276e-06
6.941555e-06
6.731019e-06
6.662591e-06
6.791968e-06
6.936009e-06
6.704106e-06
6.436472e-06
6.077769e-06
5.71619e-06
1.916634e-05
1.923227e-05
1.850107e-05
1.638137e-05
1.176833e-05
0
0
0
0
0
40247.45
8918.857
-20648.14
-54202.04
155353.2
-2.348684e-05
7.071339e-05
0.0001432244
-9.873456e-05
-9.430536e-05
-5.23842e-06
1.246167e-05
-1.467017e-05
-2.026871e-05
-0.002135209
0.27755
0.01053725
4.089667e-05
7.713293e-06
8.511693e-06
8.048461e-06
7.839384e-06
7.737868e-06
7.82764e-06
7.936621e-06
7.670866e-06
7.360951e-06
7.030719e-06
6.6157e-06
2.005164e-05
2.010613e-05
1.934947e-05
1.721893e-05
1.263099e-05
0
0
0
0
0
47763.85
17316.13
-9261.449
-37554.66
-62085.48
1.77754e-05
-8.075708e-05
2.193049e-06
4.212286e-05
0.0001643006
1.155532e-05
1.49556e-06
-2.350398e-06
2.484231e-06
0.005310656
0.002763558
0.0179432
3.50211e-05
8.290667e-06
9.350828e-06
8.656394e-06
8.374762e-06
8.296591e-06
8.369148e-06
8.43811e-06
8.113387e-06
7.789914e-06
7.437736e-06
7.070454e-06
2.049173e-05
2.052525e-05
1.979076e-05
1.766063e-05
1.307918e-05
0
0
0
0
0
53917.38
25359.7
-206.7849
-26612.28
-44534.68
3.179602e-05
-0.0002755389
0.0001892059
0.0003347439
-2.168958e-05
4.909285e-07
9.608793e-07
7.772909e-06
-1.223137e-05
0.002102211
0.004761045
0.01128868
0.02386317
5.766377e-06
9.31803e-06
2.070068e-05
8.381314e-06
8.276623e-06
8.391136e-06
8.454576e-06
8.093414e-06
7.733285e-06
7.389492e-06
7.019686e-06
2.050355e-05
2.052629e-05
1.977713e-05
1.7679e-05
1.308047e-05
0
0
0
0
0
59148.73
31521.01
7636.751
-16732.97
-32748.04
0.0002300581
-0.0001185394
-7.879597e-05
-1.449555e-05
2.450315e-05
-7.398861e-06
-6.687452e-06
2.512557e-05
-2.965244e-05
0.004936707
-0.01105336
-0.006029411
0.02725741
0.03158269
8.698676e-06
8.42317e-05
7.874954e-06
7.743181e-06
7.837155e-06
7.948685e-06
7.608882e-06
7.235353e-06
6.876247e-06
6.537041e-06
2.001749e-05
2.011204e-05
1.936048e-05
1.723343e-05
1.263803e-05
0
0
0
0
0
64560.66
37123.78
14800.37
-9303.811
-23297.55
5.016657e-05
-7.077202e-05
-0.0002259251
6.286704e-05
-6.333642e-05
1.009159e-05
-1.77076e-05
1.649143e-05
-1.341087e-05
0.00157764
0.009709656
-0.005463427
0.003064993
-0.009827695
8.558014e-06
0.0002215954
0.0002415028
6.682924e-06
6.774909e-06
6.844677e-06
6.589333e-06
6.268167e-06
5.929154e-06
5.594904e-06
1.909261e-05
1.921158e-05
1.852388e-05
1.63819e-05
1.175031e-05
0
0
0
0
0
68508.02
43702.21
20661.3
-1131.959
-15093.1
-8.014185e-05
3.931379e-05
4.562939e-05
-0.0002233853
-9.63965e-05
-4.906815e-06
1.242727e-05
-1.563106e-05
-2.194364e-07
0.004831077
-0.006871896
0.001622431
0.005756589
-0.001075809
-0.007901916
0.0003804091
0.0003007445
5.211594e-06
5.225483e-06
5.245757e-06
5.037231e-06
4.804235e-06
4.525633e-06
4.243206e-06
1.77282e-05
1.790445e-05
1.723388e-05
1.513011e-05
1.04593e-05
0
0
0
0
0
72486.28
48583.83
28193.51
5690.286
-6073.244
-0.0001039138
-0.0001113112
0.0001677721
6.12926e-05
3.025293e-06
-6.85474e-07
5.866574e-07
1.244054e-05
3.213999e-05
0.0009094147
0.01040451
-0.0084267
-0.003158124
-0.0056046
0.009535188
-0.003103324
0.0002506816
3.454797e-06
3.366278e-06
3.236735e-06
3.119029e-06
2.954318e-06
2.772667e-06
2.55505e-06
1.601015e-05
1.62603e-05
1.56584e-05
1.354491e-05
8.858346e-06
0
0
0
0
0
76784.23
54330.22
35083.89
15364.12
3196.207
-0.0001123233
0.0001619326
-9.209828e-05
7.415393e-05
2.501958e-05
6.546978e-06
8.363727e-06
-1.629046e-05
5.772131e-07
0.000768422
0.004763551
0.001119466
0.004677157
0.005976472
-0.001013795
-0.0004255008
-0.0005614866
1.783515e-06
1.519691e-06
1.274593e-06
1.204736e-06
1.136046e-06
1.030485e-06
9.056032e-07
1.436877e-05
1.46633e-05
1.40924e-05
1.200844e-05
7.253544e-06
0
0
0
0
0
81018.04
59548.52
41623.79
22882.44
13289.92
-9.304063e-05
-0.0001621
-0.0001269951
9.223467e-05
-0.0001017072
1.299676e-05
-6.786977e-06
-1.797371e-05
2.930236e-06
3.741054e-06
0
0
0
0
0
0
0
0
3.460707e-07
-8.561906e-08
-1.407718e-07
-1.787479e-07
-2.152657e-07
-2.829848e-07
1.320154e-05
1.353089e-05
1.297146e-05
1.088402e-05
6.10489e-06
0
0
0
0
0
84113.55
63658.16
46517.77
28551.8
19720.76
3.428388e-05
-3.047633e-05
-0.0001716458
-0.0001497185
-7.542232e-06
4.555678e-07
1.887775e-05
-9.070344e-06
-1.02949e-05
7.330116e-06
0
0
0
0
0
0
0
0
0
-7.633289e-07
-8.96874e-07
-9.295658e-07
-9.495781e-07
-9.713975e-07
1.252396e-05
1.288688e-05
1.233538e-05
1.023698e-05
5.425017e-06
0
0
0
0
0
86110.35
66357.6
49856.36
32433.41
23918.42
7.811087e-05
0.0001320583
0.0001009254
-6.881176e-05
-4.772911e-05
3.290736e-06
3.387532e-06
1.498324e-05
-1.022884e-05
1.099534e-05
0
0
0
0
0
0
0
0
0
0
-1.155177e-06
-1.266377e-06
-1.290817e-06
-1.310032e-06
1.219977e-05
1.258419e-05
1.204745e-05
9.943829e-06
5.111145e-06
0
0
0
0
0
84894.23
62243.49
51888.71
34736.04
26699.44
-7.839267e-05
-7.81322e-06
0.0001224326
3.142902e-05
-5.940965e-05
-5.082498e-06
1.016807e-05
9.773914e-06
-2.012481e-05
5.102826e-06
0
0
0
0
0
0
0
0
0
0
0
-1.619606e-06
-1.386167e-06
-1.4129e-06
1.2078e-05
1.245057e-05
1.190857e-05
9.816652e-06
4.963816e-06
0
0
0
0
0
79754.99
60567.12
45974.54
35908.69
21823.39
-0.0001449375
-0.0001546806
-2.731088e-07
7.470608e-05
-3.295785e-05
-3.070634e-06
1.058571e-05
1.041168e-06
-5.422535e-06
-9.13554e-06
0
0
0
0
0
0
0
0
0
0
0
0
0
0
0
0
0
0
0
0
0
0
0
6.278641e-07
1.728729e-07
-2.73335e-07
-6.571091e-07
-1.018856e-06
-1.252822e-06
-1.240017e-06
-1.235114e-06
-1.247509e-06
-1.28629e-06
1.239472e-05
1.274156e-05
1.214969e-05
9.99282e-06
5.041887e-06
0
0
0
0
0
187899.9
164743.6
147335.2
131136.7
124119.7
-8.612927e-05
0.0002647472
-2.16975e-05
-0.0002031971
0
0
0
0
0
0
0
0
0
0
6.919767e-07
2.528383e-07
-1.66631e-07
-5.382099e-07
-8.917405e-07
-1.124647e-06
-1.118896e-06
-1.134008e-06
-1.151853e-06
-1.18562e-06
1.24912e-05
1.283205e-05
1.224252e-05
1.006045e-05
5.156018e-06
0
0
0
0
0
210798.6
171597.1
147571.6
129937.2
121137.6
-0.0001180881
5.88332e-05
5.277424e-08
-1.568761e-05
-4.14806e-05
0
0
0
0
0
0
0
0
0
8.056494e-07
4.415023e-07
8.281305e-08
-2.137283e-07
-5.239753e-07
-7.418127e-07
-7.41153e-07
-7.796324e-07
-8.273895e-07
-8.75508e-07
1.27741e-05
1.309693e-05
1.250168e-05
1.034699e-05
5.483826e-06
0
0
0
0
0
226980.9
185247.9
160720.6
130012.6
119900.3
-0.0001660548
5.683742e-05
-0.0002140734
4.673026e-05
-8.456323e-05
1.840982e-05
0
0
0
0
0
0
0
0
1.010558e-06
8.237803e-07
6.052146e-07
4.213415e-07
2.439482e-07
7.112937e-08
3.953195e-08
-1.68482e-08
-1.051454e-07
-1.996871e-07
1.341103e-05
1.371869e-05
1.310779e-05
1.096103e-05
6.132973e-06
0
0
0
0
0
16784.55
212596.7
172726.2
147424.9
125763.3
-0.0001616668
-0.0003442138
8.224525e-06
-2.301928e-05
-9.130927e-05
-9.025871e-07
-2.035755e-06
0
0
0
0
0
0
0
1.466443e-06
1.611679e-06
1.58477e-06
1.558713e-06
1.529883e-06
1.484236e-06
1.39969e-06
1.286758e-06
1.158763e-06
1.00136e-06
1.454872e-05
1.481486e-05
1.419361e-05
1.204938e-05
7.271701e-06
0
0
0
0
0
29489.17
-6743.049
195797.8
145053.3
134598.1
8.145476e-05
-3.89826e-05
-0.0001242047
-0.0001064652
-4.165874e-06
-1.032447e-05
-1.061514e-05
1.374663e-05
0.01389
0.0001695637
0.2985492
0.009692627
3.596151e-05
3.534865e-06
-1.323838e-05
3.471247e-06
3.336816e-06
3.302915e-06
3.376658e-06
3.41773e-06
3.314669e-06
3.12012e-06
2.910809e-06
2.690137e-06
1.617324e-05
1.635741e-05
1.570537e-05
1.357837e-05
8.854777e-06
0
0
0
0
0
37184.92
4553.633
-28802.2
177476.6
131384.6
-0.0001507913
-8.417516e-05
0.0001263654
-0.0003143708
-0.0001485678
1.122714e-05
9.446594e-06
2.11234e-05
1.459024e-05
0.01111806
0.2973261
0.01071309
6.209299e-05
5.170274e-06
5.608811e-06
5.357307e-06
5.188583e-06
5.137635e-06
5.243229e-06
5.356727e-06
5.181626e-06
4.971038e-06
4.676252e-06
4.374629e-06
1.783832e-05
1.795163e-05
1.724595e-05
1.512411e-05
1.047009e-05
0
0
0
0
0
43268.92
12435.92
-16641.62
-49855.66
166334
4.023895e-05
-0.000225176
-3.696147e-05
-0.0002061872
1.627395e-05
-1.186501e-05
-1.693653e-05
1.982203e-05
-1.361168e-06
0.001606373
0.2770533
0.01128947
4.13428e-05
6.626721e-06
7.539413e-06
6.960248e-06
6.751622e-06
6.675554e-06
6.774599e-06
6.878952e-06
6.652409e-06
6.381723e-06
6.090199e-06
5.717538e-06
1.916112e-05
1.924639e-05
1.85064e-05
1.636724e-05
1.175361e-05
0
0
0
0
0
49178.56
18762.77
-7902.927
-36276.84
-59429.53
-8.104288e-05
6.231178e-05
-5.472075e-05
-0.0001022972
1.18957e-05
-2.152219e-05
1.957603e-05
8.608794e-06
7.939782e-06
0.003912392
-0.0002586456
0.01792421
4.70289e-05
7.717537e-06
8.711398e-06
8.082455e-06
7.822085e-06
7.759445e-06
7.843578e-06
7.916847e-06
7.612619e-06
7.30928e-06
6.976488e-06
6.628176e-06
2.005282e-05
2.010049e-05
1.936462e-05
1.722296e-05
1.261206e-05
0
0
0
0
0
54951.59
25656.33
-68.97048
-25368.45
-43255.23
3.212706e-05
8.689408e-05
0.0001788428
0.0001801998
2.031799e-05
-3.45415e-06
-8.238659e-06
1.387325e-05
9.172404e-06
-0.0007127497
-0.01604318
-0.0129031
0.02386317
5.766373e-06
9.317971e-06
2.070065e-05
8.381259e-06
8.276568e-06
8.391075e-06
8.45453e-06
8.093402e-06
7.733159e-06
7.388839e-06
7.019313e-06
2.050355e-05
2.052619e-05
1.977662e-05
1.767871e-05
1.308042e-05
0
0
0
0
0
59148.71
31520.98
7636.745
-16732.98
-32748.06
-2.853815e-05
1.163706e-05
0.0001798135
-0.000170571
5.691265e-05
-1.882188e-06
1.344967e-05
-6.45349e-06
1.993622e-05
-0.00140269
0.008101729
0.002273523
-0.008003805
0.03160361
9.317107e-06
2.168653e-05
8.436593e-06
8.277275e-06
8.36801e-06
8.477712e-06
8.108797e-06
7.713992e-06
7.334953e-06
6.975805e-06
2.045506e-05
2.053672e-05
1.977848e-05
1.765734e-05
1.31048e-05
0
0
0
0
0
64257.16
36822.39
13515.12
-9302.912
-23214.96
-5.961623e-05
-0.0003874019
-0.0001109589
-1.214224e-05
-9.034979e-05
1.089895e-05
6.606654e-06
2.56779e-05
-2.268606e-05
-0.001298738
0.001754456
0.008458062
-0.004422881
-0.02115381
9.731056e-06
0.000129073
0.0002548092
7.738892e-06
7.830876e-06
7.915803e-06
7.62246e-06
7.249231e-06
6.858242e-06
6.485333e-06
1.997786e-05
2.006912e-05
1.936916e-05
1.723648e-05
1.262773e-05
0
0
0
0
0
67207.05
42253.83
19177.77
-2371.103
-16154.23
-3.771101e-05
-6.041515e-05
0.0001032314
0.000146795
5.516171e-05
2.520409e-06
-1.912756e-05
5.559585e-06
-8.939386e-06
0.002011272
-0.009520536
-0.003103891
0.001753481
0.003776291
-0.002899088
0.0002798105
0.0003132772
6.737973e-06
6.766849e-06
6.828286e-06
6.55868e-06
6.269402e-06
5.93081e-06
5.578976e-06
1.904537e-05
1.917855e-05
1.848636e-05
1.638863e-05
1.175717e-05
0
0
0
0
0
70443
46307.98
25771.65
3295.28
-8251.335
-0.0002142822
-8.40095e-05
6.29858e-05
-0.0002669896
1.871919e-05
1.224844e-05
-7.154913e-06
-1.607386e-05
2.144112e-05
0.0011102
-0.01303367
0.0138957
0.005760444
-0.007029469
0.006939859
0.008733559
0.0003278022
5.318859e-06
5.271648e-06
5.209756e-06
5.019592e-06
4.778195e-06
4.525645e-06
4.233633e-06
1.76931e-05
1.786175e-05
1.720669e-05
1.50967e-05
1.046396e-05
0
0
0
0
0
73392.59
50552.03
30706.51
10660.96
-1666.276
0.0001074212
-9.077917e-06
0.0001087858
-4.882709e-05
-5.565684e-06
1.276833e-05
1.3723e-06
1.857569e-06
3.728406e-06
-0.001168087
-0.0105019
-0.01317333
0.002377794
-0.007214998
0.0009737001
-0.005534115
-0.00269741
3.624698e-06
3.453653e-06
3.244102e-06
3.084938e-06
2.93621e-06
2.751994e-06
2.55488e-06
1.59678e-05
1.62004e-05
1.559773e-05
1.352163e-05
8.826012e-06
0
0
0
0
0
77001.35
55057.76
36902.5
17664.97
7830.196
1.629831e-05
0.0002762672
-0.0001790597
0.0001748168
2.289843e-05
-1.632931e-06
1.399911e-05
-1.247007e-05
5.364388e-06
-0.0008508099
0.001456922
-0.005596087
-0.004237201
-0.006252741
-0.003225654
-0.005594239
-0.002690037
0.004525284
1.689551e-06
1.304853e-06
1.19214e-06
1.099321e-06
1.010685e-06
8.89443e-07
1.433561e-05
1.46189e-05
1.403647e-05
1.195654e-05
7.230626e-06
0
0
0
0
0
80719.02
59726.08
42336.35
24392.54
15274.16
0.0001011127
5.888668e-05
-3.46078e-05
0.0002652005
-0.0001305441
-1.348555e-05
-1.609757e-05
1.274736e-05
8.317098e-07
-4.481519e-06
0
0
0
0
0
0
0
0
0
4.769538e-08
-1.24514e-07
-1.940425e-07
-2.490445e-07
-3.01963e-07
1.315824e-05
1.349369e-05
1.292743e-05
1.083586e-05
6.062888e-06
0
0
0
0
0
84484.03
63468.44
46728.71
29320.2
20913.42
0.0001251288
4.525521e-05
7.694433e-05
8.030935e-05
0.0001315048
1.186193e-05
1.096766e-05
-1.018552e-05
-1.316799e-05
1.646179e-06
0
0
0
0
0
0
0
0
0
0
-7.862414e-07
-9.23366e-07
-9.685186e-07
-1.002605e-06
1.248042e-05
1.284162e-05
1.229655e-05
1.019792e-05
5.393298e-06
0
0
0
0
0
83880.49
66283.48
49826.37
32695.59
24777.85
0.0001080465
-0.0001557466
-8.971634e-05
-0.0001980244
5.893893e-05
-5.131151e-06
-2.902966e-06
1.502821e-05
-2.847006e-05
1.137676e-05
0
0
0
0
0
0
0
0
0
0
0
-1.192884e-06
-1.29146e-06
-1.328012e-06
1.216465e-05
1.253039e-05
1.200104e-05
9.908759e-06
5.087415e-06
0
0
0
0
0
79596.54
65380.61
45604.78
34858.96
27029.15
-7.092931e-05
0.0001482438
3.140843e-05
-0.0001611175
-0.0001441386
1.665118e-06
1.895178e-05
-8.565532e-06
-9.938206e-06
9.352056e-06
0
0
0
0
0
0
0
0
0
0
0
0
-1.35514e-06
-1.418533e-06
1.211475e-05
1.241631e-05
1.186157e-05
9.750491e-06
4.943688e-06
0
0
0
0
0
81986.38
59690.58
44087.04
28845.99
28200.59
0.0001315317
6.159463e-05
1.903298e-05
1.207044e-05
0.0001169187
-1.173699e-05
2.135602e-06
-1.747067e-05
-7.271662e-06
9.588091e-06
0
0
0
0
0
0
0
0
0
0
0
0
0
0
0
0
0
0
0
0
0
0
0
6.227235e-07
1.627345e-07
-2.706252e-07
-6.535059e-07
-1.01672e-06
-1.243435e-06
-1.231554e-06
-1.242639e-06
-1.253988e-06
-1.280254e-06
1.240054e-05
1.274815e-05
1.215717e-05
9.97848e-06
5.014149e-06
0
0
0
0
0
211078.3
166400.9
147584.8
129937.8
121111.8
-9.157341e-05
-4.28507e-05
3.049145e-05
6.631464e-05
0.0001068049
0
0
0
0
0
0
0
0
0
6.876579e-07
2.417009e-07
-1.825101e-07
-5.348816e-07
-8.891511e-07
-1.120887e-06
-1.108764e-06
-1.128143e-06
-1.159758e-06
-1.192047e-06
1.249717e-05
1.283756e-05
1.224966e-05
1.00869e-05
5.150094e-06
0
0
0
0
0
236167.8
193134
155001.7
130137.4
119992.9
7.19258e-05
-2.29855e-06
-0.0001257856
-4.038639e-05
8.665075e-05
-4.83074e-06
0
0
0
0
0
0
0
0
8.057665e-07
4.299711e-07
6.505562e-08
-2.368956e-07
-5.196317e-07
-7.375613e-07
-7.40013e-07
-7.668545e-07
-8.221443e-07
-8.841266e-07
1.276727e-05
1.310314e-05
1.2507e-05
1.035375e-05
5.48788e-06
0
0
0
0
0
21320.74
210384.1
169854.3
144054.7
120068.6
-7.135618e-05
3.718311e-06
-3.140843e-05
0.0001168519
2.815808e-05
-1.41717e-05
-1.132934e-05
0
0
0
0
0
0
0
1.013276e-06
8.211882e-07
5.84393e-07
3.960896e-07
2.121415e-07
7.683297e-08
4.391974e-08
-1.703073e-08
-9.212843e-08
-1.945633e-07
1.340099e-05
1.371174e-05
1.311444e-05
1.096647e-05
6.140957e-06
0
0
0
0
0
34721.97
-226.488
199320.3
156551.9
137426.7
2.638572e-05
4.898974e-05
0.0002197747
-2.401382e-05
-0.0001026854
9.427184e-06
1.471846e-06
5.023677e-06
0
0
0
0
0
0
1.479683e-06
1.61564e-06
1.578119e-06
1.525539e-06
1.495983e-06
1.444522e-06
1.406774e-06
1.290542e-06
1.157637e-06
1.013761e-06
1.455354e-05
1.480347e-05
1.418605e-05
1.205688e-05
7.278128e-06
0
0
0
0
0
42508.07
11035.46
-21168.38
181282.1
134910.5
-6.172014e-05
1.301673e-05
-8.658973e-05
0.0002958135
6.02488e-06
1.09319e-05
2.011172e-05
-1.31789e-05
-6.055226e-06
0.01004279
0.2952908
0.009678416
3.562389e-05
3.486691e-06
3.820942e-06
3.497447e-06
3.343939e-06
3.290205e-06
3.328907e-06
3.375396e-06
3.269307e-06
3.128941e-06
2.913783e-06
2.688073e-06
1.618634e-05
1.636222e-05
1.569222e-05
1.35689e-05
8.86423e-06
0
0
0
0
0
47392.38
17310.4
-11028.9
-43661.55
169378.5
4.074105e-05
0.0001456072
0.0002811439
1.526742e-05
0.0001156148
-1.609484e-05
-1.87396e-05
-1.373158e-05
-3.321068e-07
-0.001733519
0.2786069
0.0115613
6.133701e-05
5.150348e-06
5.858311e-06
5.374742e-06
5.205934e-06
5.146063e-06
5.226388e-06
5.303504e-06
5.135096e-06
4.921619e-06
4.686658e-06
4.376661e-06
1.783452e-05
1.79646e-05
1.72504e-05
1.510905e-05
1.045603e-05
0
0
0
0
0
52111.9
22123.41
-4175.797
-32276.19
-55194.19
-5.768194e-05
3.853401e-05
9.578078e-05
6.611344e-05
0.0001097404
-1.979466e-06
2.437503e-05
6.307387e-07
-2.233767e-07
0.002771453
0.002565569
0.01789293
5.892978e-05
6.620513e-06
7.48876e-06
3.038615e-05
6.737455e-06
6.693696e-06
6.784628e-06
6.861519e-06
6.597721e-06
6.333397e-06
6.039265e-06
5.72881e-06
1.916279e-05
1.924054e-05
1.852042e-05
1.637074e-05
1.173935e-05
0
0
0
0
0
56335.5
27080.75
1273.751
-24202.19
-42089.24
-3.963272e-05
0.000175136
-1.692508e-05
-4.035895e-06
0.0001378635
1.274387e-05
3.415489e-05
-1.480225e-05
-1.731213e-05
-0.001477459
0.005200938
0.01504714
0.02384929
5.293439e-06
8.678855e-06
5.524075e-05
7.830644e-06
7.739511e-06
7.862083e-06
7.932971e-06
7.593585e-06
7.253627e-06
6.929009e-06
6.578317e-06
2.006411e-05
2.010188e-05
1.935804e-05
1.724031e-05
1.261378e-05
0
0
0
0
0
59482.66
32699.25
7787.92
-16753.49
-31533.43
0.0001086949
-0.0001332245
-1.261795e-05
-0.0001156535
-0.0001411553
-1.139627e-05
-8.213243e-06
1.774437e-06
-1.87301e-05
-0.0004340522
-0.004492113
0.008650684
0.009555507
0.03160361
9.317105e-06
2.168643e-05
8.436578e-06
8.277217e-06
8.367951e-06
8.477641e-06
8.108752e-06
7.713938e-06
7.334805e-06
6.975217e-06
2.045476e-05
2.053668e-05
1.977839e-05
1.765689e-05
1.310453e-05
0
0
0
0
0
64257.16
36822.37
13515.09
-9302.917
-23214.96
-0.0001217859
2.998602e-05
-3.256246e-05
-5.062287e-05
9.291567e-05
-2.42625e-05
7.414146e-07
-1.063658e-05
7.582603e-06
-0.002082016
-0.001340198
-0.003083775
-0.0166323
0.0101415
1.030173e-05
1.907549e-05
0.0002893179
8.271698e-06
8.358264e-06
8.452354e-06
8.130565e-06
7.727882e-06
7.31639e-06
6.924025e-06
2.041397e-05
2.049208e-05
1.978765e-05
1.766074e-05
1.306941e-05
0
0
0
0
0
66936.71
41973.19
18915.35
-3685.851
-16093.66
8.476001e-05
2.810978e-05
0.0001297509
0.0003115684
3.784233e-05
2.859006e-06
-1.652613e-05
-1.457224e-05
-2.663797e-05
0.0004287642
0.01264277
-0.007507351
-0.001647043
-0.01258348
0.01958247
0.0001452178
0.0003479347
7.798147e-06
7.815766e-06
7.898356e-06
7.588155e-06
7.260823e-06
6.870504e-06
6.467827e-06
1.992764e-05
2.003366e-05
1.93288e-05
1.724403e-05
1.263492e-05
0
0
0
0
0
69890.85
44946.48
24361.01
1942.876
-9409.647
6.672567e-05
-6.757544e-05
4.352614e-05
-0.0002120759
1.796615e-05
5.824168e-06
2.470756e-06
3.083229e-06
1.040533e-05
-0.005272401
0.008094102
-0.005830508
-0.006565149
0.001863344
0.003559939
0.008445275
0.0003753427
6.864925e-06
6.817575e-06
6.789532e-06
6.540522e-06
6.238054e-06
5.92986e-06
5.57898e-06
1.902933e-05
1.913339e-05
1.845615e-05
1.635145e-05
1.176293e-05
0
0
0
0
0
71300.45
48368.12
28432.34
8399.472
-3935.223
-9.806589e-05
0.0003190059
0.0002087014
-2.533348e-05
0.000184521
-1.382878e-05
-2.236417e-05
1.569696e-06
1.224953e-05
0.0009293605
-0.01004279
0.0120881
-0.00328799
-0.0027327
-0.001630801
-0.007546019
0.005031343
5.520842e-06
5.376454e-06
5.219395e-06
4.982799e-06
4.759947e-06
4.499312e-06
4.23183e-06
1.764877e-05
1.782564e-05
1.716514e-05
1.507018e-05
1.042717e-05
0
0
0
0
0
73434.74
51125.93
32780.22
13206.12
3205.351
4.219989e-05
-1.316745e-05
1.212211e-05
-3.595986e-06
-7.790305e-05
1.352245e-06
-1.67599e-05
-1.128654e-06
-8.935502e-06
0.002305457
-0.004682501
0.01826424
0.008724255
-0.007832716
0.002271085
0.02088411
0.005335737
0.009354081
3.651349e-06
3.300479e-06
3.086903e-06
2.902853e-06
2.733841e-06
2.5341e-06
1.593464e-05
1.615416e-05
1.553764e-05
1.346312e-05
8.800016e-06
0
0
0
0
0
76628.85
55015.79
37369.91
19537.86
10120.44
1.95455e-05
-8.846162e-05
-0.0001470597
0.0001195145
-9.372432e-05
-2.514341e-05
1.132628e-05
-1.967853e-05
9.695625e-06
0.0005270582
0.001980196
-0.003783591
-0.0002780734
0.003911835
0.002019386
0.005499955
-0.004473792
0.001068598
-0.003346502
1.455739e-06
1.216371e-06
1.086127e-06
9.754581e-07
8.700341e-07
1.428998e-05
1.458194e-05
1.399086e-05
1.190531e-05
7.182992e-06
0
0
0
0
0
81938.97
59414.73
42320.13
24962.87
16783.04
7.591897e-05
-0.0001811329
7.313125e-05
3.142007e-05
-0.0001304784
-1.612141e-05
4.169153e-05
1.456144e-05
1.322853e-05
4.147572e-07
0
0
0
0
0
0
0
0
0
0
-2.529818e-09
-1.815206e-07
-2.646011e-07
-3.341406e-07
1.311604e-05
1.344774e-05
1.288926e-05
1.079592e-05
6.029052e-06
0
0
0
0
0
82111.48
64154.12
46551.61
29396.35
21664.25
0.00014293
-3.549851e-05
3.823421e-05
-0.000146651
-6.161827e-05
-2.592872e-05
-3.072391e-05
-7.759224e-06
1.616235e-05
-5.38407e-07
0
0
0
0
0
0
0
0
0
0
0
-8.297047e-07
-9.657515e-07
-1.021927e-06
1.244499e-05
1.279626e-05
1.225124e-05
1.01637e-05
5.368816e-06
0
0
0
0
0
82974.03
64020.74
50023.87
32670.04
24979.68
7.423558e-07
-1.425554e-05
0.0002573311
-0.0001029346
0.0001446318
-1.680512e-05
2.297947e-05
1.683644e-05
-2.308556e-05
1.371417e-05
0
0
0
0
0
0
0
0
0
0
0
0
-1.241334e-06
-1.33132e-06
1.219932e-05
1.249569e-05
1.194303e-05
9.867194e-06
5.067616e-06
0
0
0
0
0
81848.4
59350.06
49375.91
28393.33
27127.9
-2.730232e-05
0.0001726858
-7.159954e-05
-0.0001024013
6.187218e-05
1.360604e-05
2.328864e-05
-1.537177e-05
1.13963e-05
6.782072e-06
0
0
0
0
0
0
0
0
0
0
0
0
0
-1.392094e-06
1.124134e-05
1.245554e-05
1.182793e-05
9.707902e-06
4.870329e-06
0
0
0
0
0
86441.13
61903.87
43247.15
26967.5
21211.94
-1.979223e-05
-0.0001869071
-4.453679e-05
2.526672e-05
5.804934e-05
-2.951281e-05
5.870646e-06
-9.28035e-06
2.879887e-05
-9.573461e-07
0
0
0
0
0
0
0
0
0
0
0
0
0
0
0
0
0
0
0
0
0
0
0
6.188614e-07
1.523322e-07
-2.856779e-07
-6.505663e-07
-1.012852e-06
-1.24164e-06
-1.222731e-06
-1.234533e-06
-1.26122e-06
-1.286251e-06
1.240611e-05
1.275348e-05
1.216251e-05
9.984939e-06
5.017685e-06
0
0
0
0
0
236763.3
193522.5
149111.4
130168.5
120002.8
-8.256704e-05
0.0002701739
0.0002507851
2.61255e-05
-4.252056e-06
-2.05972e-05
0
0
0
0
0
0
0
0
6.878031e-07
2.317084e-07
-1.987588e-07
-5.550063e-07
-8.855716e-07
-1.118791e-06
-1.105153e-06
-1.118939e-06
-1.154317e-06
-1.199603e-06
1.249084e-05
1.284317e-05
1.225475e-05
1.009444e-05
5.196775e-06
0
0
0
0
0
19659.68
220462.5
178820.3
137848.9
120176.1
3.225422e-05
-7.069276e-05
8.873722e-05
0.0001006717
1.124142e-05
-8.808383e-06
-3.007109e-06
0
0
0
0
0
0
0
8.079981e-07
4.279619e-07
4.760421e-08
-2.592698e-07
-5.472539e-07
-7.331014e-07
-7.360234e-07
-7.659338e-07
-8.105725e-07
-8.794083e-07
1.275866e-05
1.309681e-05
1.251288e-05
1.035889e-05
5.495455e-06
0
0
0
0
0
38532.92
4623.23
196730.7
153454.9
134052
2.491034e-05
2.584154e-05
0.0001265974
5.425992e-05
-2.064342e-05
9.694069e-06
9.866806e-06
-1.841503e-05
0
0
0
0
0
0
1.014394e-06
8.236622e-07
5.797237e-07
3.694033e-07
1.829958e-07
4.250787e-08
4.933151e-08
-1.29034e-08
-9.25628e-08
-1.830047e-07
1.340519e-05
1.370208e-05
1.310772e-05
1.097298e-05
6.146844e-06
0
0
0
0
0
47081.83
16715
-14364.5
184826.7
146579
7.146449e-05
1.362683e-05
0.0001806539
-1.478193e-05
-2.843338e-05
-1.931026e-05
-8.978256e-06
9.421598e-06
1.225702e-06
0
0
0
0
0
1.484661e-06
1.620773e-06
1.58227e-06
1.516831e-06
1.457258e-06
1.408927e-06
1.368721e-06
1.297194e-06
1.161152e-06
1.012314e-06
1.456546e-05
1.480739e-05
1.417486e-05
1.204864e-05
7.286189e-06
0
0
0
0
0
52283.57
23168.33
-4202.556
-36011.22
173041.4
-2.271901e-05
0.0002286584
3.719732e-05
0.000143619
-0.0001559089
2.78358e-05
-1.471606e-05
-2.427816e-05
1.110519e-05
-2.026837e-06
0.2778821
0.01071722
3.548789e-05
3.453098e-06
3.901759e-06
3.504773e-06
3.357171e-06
3.296003e-06
3.313386e-06
3.32316e-06
3.228979e-06
3.086178e-06
2.921921e-06
2.690844e-06
1.618334e-05
1.637407e-05
1.569574e-05
1.355538e-05
8.851536e-06
0
0
0
0
0
56101.01
26719.07
1001.2
-26650.15
-49144.87
-0.0001143515
3.059175e-05
-0.0001394814
-0.0002884354
-0.0001651412
2.410083e-06
4.196143e-05
6.8748e-07
2.827351e-06
-0.0005354548
0.002866811
0.0178534
7.362938e-05
5.133805e-06
5.794491e-06
4.71875e-05
5.196688e-06
5.161382e-06
5.230747e-06
5.283104e-06
5.084031e-06
4.878125e-06
4.640655e-06
4.3861e-06
1.783678e-05
1.796027e-05
1.726327e-05
1.511183e-05
1.043906e-05
0
0
0
0
0
58718.26
30367.59
4862.762
-20465.81
-38188.06
-0.0001496255
-5.832512e-05
-0.0002532193
-1.336627e-05
-3.025934e-05
-1.048802e-06
1.57547e-05
-4.794396e-06
2.864518e-06
-0.0001342005
-0.007302402
-0.008350309
0.02381872
4.403712e-06
7.451698e-06
8.487003e-05
6.746993e-06
6.676867e-06
6.798297e-06
6.867481e-06
6.580905e-06
6.281139e-06
5.994859e-06
5.681984e-06
1.917295e-05
1.924234e-05
1.851328e-05
1.638691e-05
1.174063e-05
0
0
0
0
0
60978.49
34118.5
9121.23
-15593.12
-30472.67
4.978784e-05
0.0002364797
-0.0001342621
6.001419e-05
5.446953e-05
-4.449226e-06
-6.694932e-06
-2.008235e-05
1.127396e-05
-0.001170983
0.00233307
-0.01038713
-0.004069631
0.03158269
8.698666e-06
8.423147e-05
7.874912e-06
7.743019e-06
7.836991e-06
7.948493e-06
7.60873e-06
7.235243e-06
6.875971e-06
6.535509e-06
2.001658e-05
2.011187e-05
1.936024e-05
1.723214e-05
1.263723e-05
0
0
0
0
0
64560.62
37123.73
14800.28
-9303.847
-23297.57
8.123038e-06
2.646322e-05
0.0001442957
-0.0001345189
4.47696e-05
1.574039e-05
1.103004e-06
-7.325069e-06
-2.936248e-05
5.463246e-05
-0.0003566629
-0.009518395
0.01112592
0.004317255
1.030176e-05
1.907551e-05
0.0002893179
8.271682e-06
8.358202e-06
8.452292e-06
8.130486e-06
7.727863e-06
7.316318e-06
6.923927e-06
2.041342e-05
2.049174e-05
1.978762e-05
1.766068e-05
1.306897e-05
0
0
0
0
0
66936.7
41973.18
18915.34
-3685.88
-16093.66
-2.554792e-05
0.0002766148
0.0001347982
-6.138434e-05
-7.709228e-05
-2.472047e-06
2.164504e-05
-2.294072e-06
-2.148008e-06
0.001232208
-0.006791954
0.01320865
-0.004150431
0.009376853
-0.001009217
9.047707e-06
0.0004151611
8.333502e-06
8.338294e-06
8.432981e-06
8.104722e-06
7.748039e-06
7.328478e-06
6.906133e-06
2.036686e-05
2.045525e-05
1.974567e-05
1.766873e-05
1.307719e-05
0
0
0
0
0
70232.78
44692.54
24111.32
1728.363
-10701.75
-3.527529e-05
-5.333793e-05
0.0001074458
0.0001526849
-0.0002147218
2.997859e-06
-7.963441e-06
3.583259e-08
-5.152714e-07
0.0008818001
-0.0008001859
0.01372288
-0.002823133
0.004030799
0.001906689
-0.0166383
0.0004467235
7.935102e-06
7.869171e-06
7.85598e-06
7.568693e-06
7.225773e-06
6.880027e-06
6.478174e-06
1.991039e-05
1.998564e-05
1.929635e-05
1.720403e-05
1.264143e-05
0
0
0
0
0
70747.97
47931.92
27099.58
7109.267
-5202.485
-3.007384e-05
-0.0001187443
0.0001168355
-3.554691e-05
8.349452e-05
-1.536895e-05
-1.342005e-05
-6.531243e-06
1.137048e-05
-0.003743965
0.01863243
-0.002632811
0.0004291017
0.005807231
-0.004211743
0.003545225
0.004747151
7.073793e-06
6.942216e-06
6.804348e-06
6.501035e-06
6.219029e-06
5.89813e-06
5.575959e-06
1.901415e-05
1.911747e-05
1.841278e-05
1.632205e-05
1.17223e-05
0
0
0
0
0
71870.64
48868.02
30604.38
11084.11
1059.768
6.426398e-06
0.0001357586
-8.552722e-05
5.17131e-05
-5.22394e-05
4.134368e-06
1.698843e-05
1.629366e-05
9.804255e-06
-0.005698067
-0.003453774
0.003343111
-0.005596859
0.002280381
0.02443933
-0.001511085
-0.001864009
-0.01299888
5.614078e-06
5.292924e-06
4.988188e-06
4.723802e-06
4.480769e-06
4.205331e-06
1.761202e-05
1.777743e-05
1.712902e-05
1.502874e-05
1.039791e-05
0
0
0
0
0
72999.77
50886.43
33064.51
15340.64
5735.91
-6.661538e-05
0.0001414989
3.747812e-05
-4.056826e-05
-4.064373e-05
7.186467e-06
3.781344e-06
-4.982457e-06
-1.245757e-05
0.004304879
-0.01036545
0.00628634
0.01505953
-0.008089859
-0.007330268
-0.006871068
-0.01146305
0.01446644
-0.009257509
3.493245e-06
3.137298e-06
2.903554e-06
2.701598e-06
2.516035e-06
1.588562e-05
1.611698e-05
1.548984e-05
1.340742e-05
8.745469e-06
0
0
0
0
0
78688.8
54610.46
37109.29
19844.51
11987.01
2.136808e-05
-7.085299e-05
2.056812e-05
-0.000124654
-3.408852e-05
1.074357e-05
1.997563e-05
-1.368642e-05
7.797393e-07
0.001007082
-0.0006580732
0.008125021
-0.0006565122
0.006724464
0.0004538113
-0.002313609
-9.052609e-05
0.001846245
0.003380096
-0.0002783787
1.362866e-06
1.107091e-06
9.620258e-07
8.364504e-07
1.424844e-05
1.453377e-05
1.395266e-05
1.186323e-05
7.145299e-06
0
0
0
0
0
79480.35
60965.42
42009.86
24797.23
17332.47
0.0001220553
-6.144619e-05
0.0002832543
5.648401e-05
-1.656084e-05
2.416e-06
1.840657e-05
-2.80617e-05
-2.184083e-05
-1.290189e-05
0
0
0
0
0
0
0
0
0
0
0
-7.359658e-08
-2.554492e-07
-3.500465e-07
1.307999e-05
1.340386e-05
1.284326e-05
1.076183e-05
6.002456e-06
0
0
0
0
0
81029.44
61734.67
47508.66
29221.31
21680.27
0.0002511809
-0.0002255721
7.567987e-05
-8.66871e-05
3.777968e-05
-5.363717e-06
3.784203e-05
-7.227144e-07
-2.644195e-05
-1.384979e-05
0
0
0
0
0
0
0
0
0
0
0
0
-8.927889e-07
-1.022334e-06
1.247222e-05
1.276145e-05
1.220656e-05
1.012321e-05
5.34898e-06
0
0
0
0
0
85278.36
63168.86
47747.45
33036.99
24933.44
5.797755e-05
-7.345235e-05
5.645521e-06
-0.0002269517
0.0001303998
-9.575532e-06
8.235664e-06
-2.507215e-05
-1.935917e-05
1.334942e-05
0
0
0
0
0
0
0
0
0
0
0
0
0
-1.301226e-06
1.132245e-05
1.253244e-05
1.190892e-05
9.803163e-06
5.04014e-06
0
0
0
0
0
90578.93
61585.34
42764.51
32520.34
20728.95
4.349226e-05
8.349133e-05
-7.632263e-05
-2.06231e-05
7.499659e-05
-1.350669e-05
-6.216015e-06
-1.102748e-05
4.162154e-06
3.791151e-06
0
0
0
0
0
0
0
0
0
0
0
0
0
0
1.365581e-05
1.157623e-05
1.186616e-05
9.675881e-06
4.839326e-06
0
0
0
0
0
92514.48
65852.57
45446.26
26153.1
19337.19
-7.304293e-05
8.816847e-05
0.0001934424
0.0001249488
-8.53624e-05
-1.978884e-05
3.372864e-05
6.453466e-06
2.155686e-05
-1.002258e-05
0
0
0
0
0
0
0
0
0
0
0
0
0
0
0
0
0
0
0
0
0
0
0
6.190013e-07
1.43493e-07
-3.008611e-07
-6.699299e-07
-1.009715e-06
-1.23761e-06
-1.221088e-06
-1.22662e-06
-1.253423e-06
-1.293171e-06
1.240022e-05
1.275872e-05
1.21701e-05
9.992955e-06
5.015493e-06
0
0
0
0
0
20735.99
221157.3
179293.8
131535.6
120213.8
3.121004e-05
1.877187e-05
-6.732157e-05
-0.0002818776
-0.0001524175
-1.983156e-05
2.822103e-05
0
0
0
0
0
0
0
6.897285e-07
2.299468e-07
-2.138905e-07
-5.756361e-07
-9.092323e-07
-1.115122e-06
-1.103271e-06
-1.115536e-06
-1.146313e-06
-1.194595e-06
1.248326e-05
1.283728e-05
1.226005e-05
1.009937e-05
5.206208e-06
0
0
0
0
0
36389.19
2393.432
207349.9
163339.6
127796.9
-4.014514e-05
-3.407178e-05
1.540409e-05
-0.000199716
1.105797e-05
-6.862378e-06
1.052988e-05
8.901982e-06
0
0
0
0
0
0
8.080805e-07
4.297048e-07
4.382844e-08
-2.820303e-07
-5.736494e-07
-7.632503e-07
-7.31784e-07
-7.621913e-07
-8.098897e-07
-8.692191e-07
1.276258e-05
1.308851e-05
1.250676e-05
1.036463e-05
5.50105e-06
0
0
0
0
0
50359.83
20881.04
-9279.343
181948.5
143480.4
5.230752e-05
-0.0001016793
3.125716e-06
-4.539707e-05
-4.462657e-05
9.735899e-06
-1.979934e-05
6.158391e-06
1.634906e-05
0
0
0
0
0
1.005991e-06
8.250977e-07
5.824081e-07
3.627965e-07
1.506219e-07
1.117143e-08
1.63584e-08
-7.81675e-09
-8.874549e-08
-1.837165e-07
1.341613e-05
1.370556e-05
1.30982e-05
1.096574e-05
6.153766e-06
0
0
0
0
0
56432.1
28236.67
1805.342
-29165.06
176463
0.0001652097
1.748798e-05
-8.729038e-05
-6.997781e-05
-4.058919e-05
1.81322e-06
2.082695e-05
-5.222424e-07
4.075127e-06
6.331793e-06
0
0
0
0
2.379009e-05
1.616942e-06
1.588623e-06
1.520625e-06
1.445662e-06
1.365514e-06
1.334678e-06
1.261212e-06
1.167301e-06
1.015588e-06
1.456321e-05
1.481815e-05
1.417776e-05
1.203708e-05
7.275279e-06
0
0
0
0
0
60809.61
32189.06
7243.951
-19773.97
-41650.32
0.0001134016
1.345086e-06
-0.0001636733
-4.019935e-05
-0.0001031492
-2.240115e-05
-2.512123e-05
6.701027e-06
1.288978e-05
-2.954426e-07
0
0.01769599
4.881247e-05
3.418022e-06
3.798761e-06
0.0001063306
3.354315e-06
3.307884e-06
3.316314e-06
3.301582e-06
3.178078e-06
3.048431e-06
2.882125e-06
2.698198e-06
1.618621e-05
1.637058e-05
1.570744e-05
1.355746e-05
8.836236e-06
0
0
0
0
0
62708.05
34850.05
9788.003
-15252.28
-32686.21
-1.966223e-05
6.969969e-05
9.077389e-05
0.0001867635
0.0001011273
5.359834e-06
4.076027e-06
-3.5574e-05
-2.870528e-07
-0.0002630477
-0.0003998971
-0.006596361
0.02377101
3.323742e-06
6.062129e-06
0.0001285658
5.253315e-06
5.149596e-06
5.242406e-06
5.279913e-06
5.063576e-06
4.829209e-06
4.600688e-06
4.343907e-06
1.784522e-05
1.79626e-05
1.725804e-05
1.512669e-05
1.043985e-05
0
0
0
0
0
63446.53
36621.45
12646.49
-11981.72
-26826.55
7.116373e-06
0.0001099983
0.0002389098
0.000209763
-8.526223e-06
-8.223792e-06
7.525364e-06
-3.311782e-05
-2.506336e-05
0.001673923
-0.002063165
0.01306226
0.005831733
0.03153559
7.483445e-06
0.0001436778
0.0001600932
6.684031e-06
6.776171e-06
6.873723e-06
6.585467e-06
6.264805e-06
5.945013e-06
5.641973e-06
1.912837e-05
1.925134e-05
1.851581e-05
1.637734e-05
1.176283e-05
0
0
0
0
0
65957.58
38657.49
16169.12
-8143.894
-22240.76
0.0001135354
0.0001454613
-0.0003163328
1.600422e-05
-3.652222e-05
2.080135e-06
-2.032104e-06
-6.858975e-06
8.315269e-06
0.0008446056
-0.003358517
0.01166984
0.01021479
-0.01206996
9.731113e-06
0.000129073
0.0002548091
7.738848e-06
7.830703e-06
7.915628e-06
7.622268e-06
7.249078e-06
6.858156e-06
6.485066e-06
1.997643e-05
2.006817e-05
1.936904e-05
1.723622e-05
1.262651e-05
0
0
0
0
0
67207.01
42253.79
19177.73
-2371.192
-16154.26
-0.0001653615
1.841291e-05
-0.000239554
-3.897623e-05
7.208077e-05
5.821603e-06
-1.586444e-05
-9.371939e-06
1.322881e-05
0.007225215
0.00431038
-0.01195263
0.02208851
0.0089794
0.01166721
9.047734e-06
0.0004151611
8.333444e-06
8.338277e-06
8.432915e-06
8.104659e-06
7.747991e-06
7.328395e-06
6.906104e-06
2.036676e-05
2.045472e-05
1.974535e-05
1.766869e-05
1.307714e-05
0
0
0
0
0
70232.75
44692.53
24111.31
1728.353
-10701.78
5.470525e-05
-0.0001345936
-0.000317024
-9.954662e-05
8.011885e-05
8.907445e-06
2.914966e-06
6.812164e-08
1.298553e-05
-0.002516257
0.0006278828
-0.008012857
-0.005302158
0.0001951793
-0.006058865
-0.01087552
0.0005325277
8.470456e-06
8.391649e-06
8.390257e-06
8.083284e-06
7.722061e-06
7.34673e-06
6.916054e-06
2.035166e-05
2.041143e-05
1.971194e-05
1.762708e-05
1.308402e-05
0
0
0
0
0
70584.57
48497.49
26871.14
6901.769
-5394.006
3.63348e-05
6.561401e-06
-3.221981e-05
-0.0002460488
-0.0001247577
-3.221719e-06
6.872058e-06
1.379425e-05
1.188871e-05
-0.005642601
-0.009622324
-0.005524587
-0.006673198
0.003066179
0.002052428
-0.003757364
0.004719884
8.125375e-06
8.004576e-06
7.87362e-06
7.52556e-06
7.205288e-06
6.844587e-06
6.485595e-06
1.992007e-05
1.996885e-05
1.924984e-05
1.717246e-05
1.259794e-05
0
0
0
0
0
70558.08
48412.66
30341.76
9864.866
-152.385
-7.121478e-05
0.0002006503
5.587902e-05
-5.928903e-05
6.893689e-06
3.034453e-06
1.368943e-05
6.612484e-06
-1.64408e-05
0.0007157064
-0.008244519
-0.01811525
-0.01279474
0.004787246
-0.02514847
0.0004386939
-0.007495068
-0.002829713
7.19412e-06
6.897904e-06
6.512281e-06
6.1801e-06
5.878627e-06
5.544032e-06
1.897635e-05
1.909973e-05
1.839694e-05
1.628454e-05
1.169047e-05
0
0
0
0
0
71360.76
49370.6
30792.23
13320.77
3725.617
0.0001017452
-7.712966e-05
5.593296e-05
-0.0001206561
-0.0001803713
8.676749e-06
-8.03187e-06
8.271703e-06
1.485327e-05
0.001125522
0.01148083
0.003932016
-0.02528803
0.009600429
0.01673849
-0.006625292
0.001521409
-0.009972006
0.01177877
5.538352e-06
5.055396e-06
4.727913e-06
4.445736e-06
4.186688e-06
1.755608e-05
1.773622e-05
1.707913e-05
1.499457e-05
1.03542e-05
0
0
0
0
0
75734.45
50403.06
32588.31
15448.89
7861.251
8.698666e-06
1.989347e-05
-0.0003087427
-0.0002451681
7.98671e-05
-6.671926e-06
1.521392e-05
8.677298e-06
2.167458e-05
0.0002101538
-0.0001975143
-0.005312808
0.01316061
-0.01863086
-0.00170948
0.01393407
0.00204496
0.004497873
-0.01187059
0.005226083
3.332017e-06
2.950024e-06
2.701324e-06
2.485175e-06
1.584623e-05
1.606549e-05
1.54511e-05
1.336251e-05
8.702477e-06
0
0
0
0
0
76198.35
57017.6
36688.69
19418.4
12270.53
-5.110691e-05
-0.0001020386
0.0001504239
0.0001706938
8.837405e-05
-7.716971e-06
-1.594953e-05
-1.635626e-05
8.209827e-06
-0.001355617
-0.0009768605
0.00297552
-0.00515809
0.003169555
0.001613547
0.0003335264
0.00152449
-0.008074026
0.004181996
-0.001354846
0
1.244e-06
9.796904e-07
8.227651e-07
1.421125e-05
1.449058e-05
1.390445e-05
1.182847e-05
7.115309e-06
0
0
0
0
0
78146.09
58440.95
43835.19
24481.35
17107.25
-3.910559e-05
-9.873068e-05
9.061147e-05
-0.0002002628
-8.255301e-05
1.123745e-05
-5.891531e-06
1.016261e-05
1.156127e-05
1.368319e-05
0
0
0
0
0
0
0
0
0
0
0
0
-1.614226e-07
-3.443863e-07
1.311209e-05
1.33683e-05
1.280012e-05
1.072049e-05
5.981811e-06
0
0
0
0
0
83385.35
60725.26
45064.49
30339.52
21489.69
-3.485595e-05
-0.0001833157
0.0001687008
-3.646774e-05
5.329195e-05
1.177498e-05
1.38029e-05
-2.231704e-05
1.082503e-05
1.074389e-05
0
0
0
0
0
0
0
0
0
0
0
0
0
-9.744326e-07
1.159203e-05
1.278927e-05
1.217266e-05
1.008324e-05
5.322273e-06
0
0
0
0
0
89310.63
65461.67
46968.77
30758.02
25324.83
5.96501e-05
-6.526055e-05
0.0001167078
-0.0001655055
7.645325e-05
-6.544714e-06
9.172393e-06
1.154947e-05
2.136968e-06
3.213496e-06
0
0
0
0
0
0
0
0
0
0
0
0
0
0
1.378824e-05
1.16494e-05
1.194461e-05
9.770646e-06
4.966727e-06
0
0
0
0
0
96520.96
70559.76
44986.79
25591.57
24836.46
0.0003773313
2.786281e-05
-6.87892e-06
-0.0002033517
-1.27451e-05
-9.598643e-06
1.783617e-05
4.84261e-06
2.020669e-08
-2.049572e-06
0
0
0
0
0
0
0
0
0
0
0
0
0
0
0
1.396052e-05
1.101607e-05
9.706914e-06
4.809969e-06
0
0
0
0
0
98017.54
71423.47
48949.16
28328.52
18495.14
-5.57826e-05
0.0001958846
5.932647e-05
-0.0001104844
-7.032143e-05
4.928884e-06
2.207801e-05
-1.88946e-05
-1.103048e-05
-1.289042e-05
0
0
0
0
0
0
0
0
0
0
0
0
0
0
0
0
0
0
0
0
0
0
6.207237e-07
1.416515e-07
-3.141131e-07
-6.892552e-07
-1.033083e-06
-1.234447e-06
-1.217253e-06
-1.225139e-06
-1.246647e-06
-1.285706e-06
1.239325e-05
1.275325e-05
1.217763e-05
9.995522e-06
5.022402e-06
0
0
0
0
0
37199.51
3592.454
208121.7
163852.9
121482.3
2.7175e-05
0.0001153171
4.744626e-06
-0.0001365884
0.000118366
8.559442e-06
7.513533e-06
-4.535924e-06
0
0
0
0
0
0
6.892391e-07
2.312493e-07
-2.172037e-07
-5.954317e-07
-9.337879e-07
-1.140578e-06
-1.099821e-06
-1.113931e-06
-1.143087e-06
-1.188024e-06
1.248764e-05
1.282994e-05
1.225437e-05
1.010453e-05
5.211602e-06
0
0
0
0
0
47881.67
18198.9
-11992.04
193567.8
153899.3
-8.864621e-05
-9.59042e-05
-0.0002214969
0.0001858385
0.0002388414
-2.216686e-05
-1.777915e-06
1.19293e-06
-3.128176e-06
0
0
0
0
0
7.988212e-07
4.288033e-07
4.574816e-08
-2.874992e-07
-6.016211e-07
-7.919483e-07
-7.607231e-07
-7.582044e-07
-8.064576e-07
-8.687818e-07
1.277191e-05
1.309185e-05
1.249857e-05
1.035811e-05
5.50708e-06
0
0
0
0
0
59360.48
31907.83
6239.881
-24026.11
173533
-0.0001738764
-9.482054e-05
8.055769e-05
-9.139347e-05
-7.511747e-05
2.533407e-06
9.592921e-06
6.810815e-06
-2.220599e-05
-7.168375e-06
0
0
0
0
1.024866e-06
8.202923e-07
5.848034e-07
3.654237e-07
1.41591e-07
-2.542178e-08
-1.368117e-08
-3.903436e-08
-8.40263e-08
-1.801845e-07
1.341472e-05
1.371531e-05
1.310086e-05
1.095588e-05
6.144401e-06
0
0
0
0
0
64755.02
36874.29
12678.77
-13691
-34929.28
-0.0001216066
-8.657194e-05
-0.0002054523
0.0001830686
-2.760464e-05
9.746075e-06
-2.463848e-05
4.219546e-06
4.92809e-06
-5.557968e-06
0
0
0
0
5.053251e-05
1.656645e-06
1.585594e-06
1.527551e-06
1.447987e-06
1.349305e-06
1.292341e-06
1.229242e-06
1.133759e-06
1.02119e-06
1.456645e-05
1.481547e-05
1.41882e-05
1.203881e-05
7.262139e-06
0
0
0
0
0
67352.26
40165.52
15677.82
-8928.962
-25939.7
0.0001093761
-0.0001561536
3.056876e-05
9.974208e-05
-1.565574e-05
1.032166e-05
4.173362e-05
-1.318382e-06
-3.863247e-06
4.173626e-06
0
0
0.02355722
2.478235e-06
2.40684e-05
0.0001867489
3.411899e-06
3.302734e-06
3.325541e-06
3.299482e-06
3.155926e-06
2.99908e-06
2.84742e-06
2.661704e-06
1.619278e-05
1.63734e-05
1.570315e-05
1.357088e-05
8.83659e-06
0
0
0
0
0
67471.73
41118.7
17473.19
-6999.846
-21723.11
9.897991e-05
-4.899506e-05
-4.315756e-05
-2.464405e-05
-0.000107053
-1.231951e-05
3.09783e-06
-5.806751e-06
1.405309e-05
0.002608103
0.0008594336
-0.003608769
0.006283473
0.03145873
2.19603e-05
0.0002114359
0.0001706474
5.159719e-06
5.225138e-06
5.286137e-06
5.058513e-06
4.808764e-06
4.553965e-06
4.307953e-06
1.780505e-05
1.797007e-05
1.726092e-05
1.511997e-05
1.046046e-05
0
0
0
0
0
68252.09
41250.31
18645.65
-4589.666
-18712.92
9.562572e-05
0.0002190347
-3.049127e-05
-9.839499e-05
-6.789649e-05
1.259607e-05
6.755243e-06
-1.370926e-05
2.669825e-05
0.0009884287
0.001504291
-0.006552174
-0.0144398
-0.01369491
8.558071e-06
0.0002215953
0.0002415026
6.682859e-06
6.774649e-06
6.84441e-06
6.589042e-06
6.267904e-06
5.929055e-06
5.594537e-06
1.909089e-05
1.921036e-05
1.852366e-05
1.638154e-05
1.174891e-05
0
0
0
0
0
68507.99
43702.19
20661.22
-1132.047
-15093.12
-4.597981e-05
-8.411196e-05
-0.0001168469
0.0002025751
8.383251e-05
-3.129427e-06
-7.13778e-06
1.234987e-05
-1.523483e-06
-0.001057117
0.002484622
0.009980604
-0.004771596
-0.007987311
0.01069789
0.0001452178
0.0003479347
7.797985e-06
7.81572e-06
7.898172e-06
7.587985e-06
7.26063e-06
6.87037e-06
6.467742e-06
1.992742e-05
2.003224e-05
1.93279e-05
1.724386e-05
1.26347e-05
0
0
0
0
0
69890.74
44946.44
24360.97
1942.847
-9409.733
-0.0001160662
0.0001760243
0.0001472928
0.0002445853
9.132705e-06
7.458451e-07
-8.406402e-06
1.668358e-05
1.440351e-05
0.002860268
-0.008364523
0.003048752
0.002004383
-0.02135437
-0.003475385
-0.0154188
0.0005325277
8.47046e-06
8.391586e-06
8.390239e-06
8.083219e-06
7.722004e-06
7.346639e-06
6.916018e-06
2.035162e-05
2.041138e-05
1.971136e-05
1.762681e-05
1.3084e-05
0
0
0
0
0
70584.46
48497.46
26871.13
6901.765
-5394.014
-2.156444e-05
-1.61921e-05
0.0001476006
0.0002190413
-3.683608e-05
1.662638e-06
-3.670292e-06
-3.983335e-06
2.657697e-06
0.004920157
0.006716491
0.003951993
0.007079934
0.004862779
-0.008169866
0.004918605
0.01351948
8.630853e-06
8.527028e-06
8.408112e-06
8.039703e-06
7.699639e-06
7.320708e-06
6.932215e-06
2.035699e-05
2.03978e-05
1.967297e-05
1.759418e-05
1.303883e-05
0
0
0
0
0
71347.42
48156.88
31187.81
9675.233
-339.933
8.046425e-05
-4.157728e-05
6.734144e-05
6.698684e-05
0.0001692109
-6.421465e-06
1.091345e-05
-1.676286e-05
2.248728e-06
-0.001855593
0.01403631
0.00398458
0.01030918
-0.001240786
0.02435549
-0.01456716
0.008798357
-0.001512187
8.23946e-06
7.97961e-06
7.539942e-06
7.162634e-06
6.82356e-06
6.450014e-06
1.99124e-05
1.997696e-05
1.923369e-05
1.712635e-05
1.256336e-05
0
0
0
0
0
69994.94
47899.42
30492.43
13249.06
2581.58
-9.408572e-05
0.000170038
-0.0001653334
-7.57995e-05
-2.547497e-05
1.603195e-05
-8.035729e-06
-6.308317e-06
-5.723996e-06
0.008833139
0.001727353
0.01356492
0.01112424
0.01361193
-0.01063807
-0.001496715
-0.004933013
0.003150675
-0.002565326
7.16476e-06
6.599615e-06
6.18995e-06
5.840754e-06
5.524304e-06
1.891273e-05
1.905748e-05
1.837743e-05
1.626869e-05
1.164386e-05
0
0
0
0
0
74565.67
48794.07
31284.55
13319.58
5953.977
0.0001040156
-6.273707e-05
4.906557e-05
2.411205e-05
2.53459e-05
1.56935e-05
-1.219954e-05
-1.779779e-05
-1.494905e-05
-0.0009864768
-0.00283901
-0.001651087
-0.01852377
0.01163691
-0.01169627
-0.005660107
0.0002589183
-0.004079539
0.002336744
-0.005016778
5.300163e-06
4.791125e-06
4.448921e-06
4.153046e-06
1.751491e-05
1.767771e-05
1.703592e-05
1.494704e-05
1.032513e-05
0
0
0
0
0
73246.87
53494.04
32077.49
14796.61
7943.827
9.475273e-05
-1.386898e-07
-5.510064e-05
6.668366e-05
0.0001299958
2.17193e-06
3.210833e-06
-2.677598e-05
-1.672185e-05
-0.0009018336
0.005970563
-0.00368538
0.002410638
-0.01404291
-0.007133025
0.008460656
-0.001472131
0.009403946
-0.01009764
-7.658719e-05
0
3.132e-06
2.743662e-06
2.484125e-06
1.581177e-05
1.602428e-05
1.539954e-05
1.332664e-05
8.668353e-06
0
0
0
0
0
74585.73
54437.6
39374.89
18980.58
11785.87
-5.747074e-06
-6.774383e-05
7.329532e-05
-0.0002005962
-0.0001021573
8.347046e-06
1.582335e-05
3.117288e-06
6.86824e-06
0.0009812989
0.002301214
-0.005511205
0.002135143
0.00131323
-0.009688379
0.00271812
0.001204068
-0.0007381772
0.001863232
-0.002180307
0
0
1.103532e-06
8.369326e-07
1.424337e-05
1.445384e-05
1.386198e-05
1.17848e-05
7.092904e-06
0
0
0
0
0
80561.09
57209.17
41271.39
26458.59
16777.96
-9.460413e-05
-4.742162e-05
3.747019e-05
-0.0001452717
2.792799e-05
-1.651094e-08
-3.430312e-06
5.845065e-06
-5.969536e-06
-9.640535e-07
0
0
0
0
0
0
0
0
0
0
0
0
0
-2.678489e-07
1.223275e-05
1.340268e-05
1.27656e-05
1.068212e-05
5.953719e-06
0
0
0
0
0
87141.62
63071.53
44147.42
27887.62
22614.47
-0.0001566601
0.0001663676
7.148576e-05
-7.907718e-05
-2.654501e-06
5.087862e-06
-1.187059e-05
-1.863306e-05
1.446825e-06
4.099288e-06
0
0
0
0
0
0
0
0
0
0
0
0
0
0
1.392766e-05
1.190289e-05
1.219465e-05
1.005146e-05
5.294283e-06
0
0
0
0
0
95208.14
68951.38
49252.57
30028.66
23065.38
-0.0001126927
-0.000117407
0.0001928001
-6.701592e-05
0.0001776197
7.57845e-06
-6.029995e-06
1.547087e-06
-4.976967e-06
5.213595e-06
0
0
0
0
0
0
0
0
0
0
0
0
0
0
0
1.409375e-05
1.109137e-05
9.799216e-06
4.936751e-06
0
0
0
0
0
97372.07
75979.35
54137.06
27790.37
17909.88
6.314811e-05
-0.0004555087
-0.0002537848
-2.432324e-05
0.0001850113
-1.603698e-05
7.904886e-06
-5.37831e-06
-1.230631e-06
-3.136351e-06
0
0
0
0
0
0
0
0
0
0
0
0
0
0
0
1.32488e-05
8.899244e-06
4.820538e-06
0
0
0
0
0
99370.08
77246.4
54079.37
31497.92
20627.3
1.965468e-05
9.797408e-05
-9.177424e-05
-0.0001768598
3.361183e-05
5.295465e-06
9.077142e-06
-3.794055e-06
1.907907e-05
9.264386e-06
0
0
0
0
0
0
0
0
0
0
0
0
0
0
0
0
0
0
0
0
0
6.199504e-07
1.416377e-07
-3.174712e-07
-7.063486e-07
-1.056148e-06
-1.260188e-06
-1.214235e-06
-1.221569e-06
-1.245395e-06
-1.280329e-06
1.240405e-05
1.274654e-05
1.217245e-05
9.999328e-06
5.027923e-06
0
0
0
0
0
48497.25
19145.17
-10695.9
194362.6
154416
-0.0002363488
-5.769998e-05
-0.0001535474
-0.0001310365
0.0001496835
5.299161e-06
2.655197e-06
3.199688e-06
-3.046693e-06
0
0
0
0
0
6.795147e-07
2.283671e-07
-2.157503e-07
-6.00241e-07
-9.582263e-07
-1.167424e-06
-1.124209e-06
-1.110672e-06
-1.141824e-06
-1.185009e-06
1.248937e-05
1.28339e-05
1.224713e-05
1.009852e-05
5.216997e-06
0
0
0
0
0
56674.03
28921.57
3099.091
-27050.13
188698.8
6.077296e-05
0.0001371342
8.001956e-05
0.0001339341
-0.0001703113
-1.101629e-05
2.69679e-06
7.764296e-06
-9.688005e-06
3.971675e-06
0
0
0
0
7.796977e-07
4.238866e-07
4.52513e-08
-2.855028e-07
-6.090502e-07
-8.236628e-07
-7.882317e-07
-7.856139e-07
-8.027481e-07
-8.657212e-07
1.277177e-05
1.309992e-05
1.250122e-05
1.03496e-05
5.498848e-06
0
0
0
0
0
67493.28
40228.99
16649.05
-9175.82
-29874.08
0.0001005328
0.000187971
3.207155e-05
5.298429e-05
0.000115609
1.887285e-05
-2.125761e-06
-3.433826e-06
-2.189564e-06
1.214893e-06
0
0
0
0
0.0001020299
8.110747e-07
5.818838e-07
3.685726e-07
1.436877e-07
-3.760537e-08
-4.934861e-08
-6.729026e-08
-1.131553e-07
-1.758647e-07
1.341806e-05
1.371347e-05
1.311016e-05
1.095763e-05
6.133176e-06
0
0
0
0
0
71242.72
44675.53
20763.43
-3389.347
-19955.93
-5.004751e-05
8.165301e-05
-7.710445e-05
0.0001348615
-7.576524e-05
9.922542e-06
-1.676496e-05
1.780803e-05
7.247071e-06
3.418413e-06
0
0
0
0
7.295405e-05
0.0001108087
1.585957e-06
1.524836e-06
1.453938e-06
1.348964e-06
1.275773e-06
1.188163e-06
1.10427e-06
9.903871e-07
1.45714e-05
1.481855e-05
1.418483e-05
1.205064e-05
7.262533e-06
0
0
0
0
0
72111.26
46390.26
23228.03
-1003.14
-15511.37
-0.0001495914
-4.713907e-05
4.385472e-05
-5.178682e-05
-3.600644e-05
1.398242e-05
-7.571114e-06
-2.928619e-05
6.816582e-06
3.782386e-06
0
0
0
0.03113081
4.63347e-05
0.0002808422
0.0001919755
3.313625e-06
3.315124e-06
3.305619e-06
3.152386e-06
2.976578e-06
2.799798e-06
2.630453e-06
1.615807e-05
1.637918e-05
1.570633e-05
1.356528e-05
8.855184e-06
0
0
0
0
0
72008.96
45784.41
23494.51
303.443
-13830.03
-3.07137e-05
-0.0001087153
2.298767e-05
0.0001229972
-7.789457e-05
7.626597e-06
1.517404e-05
7.662107e-06
-2.137653e-05
-8.507882e-06
-0.006418007
-0.001127856
0.002913345
0.003266347
7.015324e-06
0.0003004011
0.0002449724
5.161204e-06
5.228572e-06
5.261712e-06
5.062462e-06
4.802052e-06
4.533598e-06
4.263367e-06
1.777139e-05
1.793323e-05
1.726742e-05
1.512431e-05
1.045136e-05
0
0
0
0
0
70635.18
46135.6
23229.25
1170.46
-11616.4
-2.234642e-05
-0.0001163035
-6.618063e-05
1.314912e-06
-4.706921e-05
1.071232e-05
-7.91631e-06
7.25207e-06
1.222097e-05
-0.0006779946
0.0008232646
-0.003294242
-0.0004316844
-0.002825752
2.557827e-05
0.0002798106
0.0003132772
6.737742e-06
6.766772e-06
6.828002e-06
6.558421e-06
6.269117e-06
5.930576e-06
5.57883e-06
1.904497e-05
1.917684e-05
1.848514e-05
1.638837e-05
1.175682e-05
0
0
0
0
0
70442.88
46307.96
25771.63
3295.201
-8251.418
4.321483e-05
0.000105482
-8.358077e-05
7.015405e-05
-9.967646e-05
-2.503034e-05
-1.140976e-05
-8.463433e-06
-2.420147e-05
-0.003451103
-0.003441943
-0.006408295
0.004836777
0.003697524
-0.002927603
0.0001945828
0.0004467236
7.935101e-06
7.868997e-06
7.855931e-06
7.568513e-06
7.225608e-06
6.879852e-06
6.47809e-06
1.991034e-05
1.998539e-05
1.929497e-05
1.720314e-05
1.264125e-05
0
0
0
0
0
70747.7
47931.82
27099.54
7109.228
-5202.51
0.0001227152
0.0001148053
-8.975164e-05
-0.0001929245
-8.2458e-05
-2.970611e-07
-4.224686e-06
1.001002e-06
2.940505e-06
-0.008387883
-0.01503317
0.00649939
-0.01274614
-0.003944519
0.01554549
0.001303363
0.008486579
8.630889e-06
8.527037e-06
8.408045e-06
8.039688e-06
7.699579e-06
7.320648e-06
6.932153e-06
2.035697e-05
2.039778e-05
1.967286e-05
1.759372e-05
1.303853e-05
0
0
0
0
0
71347.38
48156.79
31187.78
9675.228
-339.937
-8.56323e-05
0.0001673664
-0.0001652257
-0.0001282047
-0.0001105007
-7.229129e-06
1.912184e-06
-1.924558e-05
-1.520995e-05
0.002409114
-0.01222233
0.01078582
-0.007568759
0.01683452
-0.01863647
0.02210023
-0.01632655
-0.001853226
8.730992e-06
8.515589e-06
8.054443e-06
7.656437e-06
7.297837e-06
6.906243e-06
2.037159e-05
2.039985e-05
1.966333e-05
1.756186e-05
1.300263e-05
0
0
0
0
0
70731.67
48533.63
30124.29
14363.53
2410.991
3.709498e-05
4.063804e-05
0.0001232278
5.390601e-06
-1.462298e-05
-1.018089e-05
8.351276e-06
-2.0663e-05
1.256773e-05
0.0005738069
0.001956521
2.295829e-06
-0.005946818
0.005760365
-0.01809829
0.003917397
7.824851e-05
-0.001217183
0.004753207
8.23471e-06
7.640074e-06
7.175432e-06
6.781923e-06
6.42877e-06
1.984562e-05
1.996619e-05
1.924092e-05
1.711184e-05
1.251518e-05
0
0
0
0
0
73499.09
47261.23
29705.67
13198.37
5958.419
-0.0001158999
-1.183929e-05
-0.000190166
3.991687e-05
3.681606e-05
4.831974e-06
-2.418433e-05
-5.045356e-06
1.129558e-05
0.0004116702
-0.0183864
-0.004342858
-0.00250047
-0.01194307
0.01113626
0.02243413
0.006298488
0.01231123
0.004255226
-0.0007928647
6.868588e-06
6.27289e-06
5.849526e-06
5.487827e-06
1.886882e-05
1.899107e-05
1.833304e-05
1.624487e-05
1.162777e-05
0
0
0
0
0
71463.43
52354.27
30663.93
13798.15
5923.459
0.000200332
-4.390957e-05
-0.0001477274
-0.000185932
-0.0001249988
4.206887e-06
-1.505479e-05
2.254187e-06
1.270549e-05
-0.004384635
-0.002901289
-0.002228416
-0.01142871
0.008044966
0.00324167
0.006850042
0.004604435
-0.005916324
0.01693397
0.002007294
0
5.031631e-06
4.507506e-06
4.15554e-06
1.747643e-05
1.763445e-05
1.697732e-05
1.490646e-05
1.028775e-05
0
0
0
0
0
71379.05
50897.45
35447.57
14260.18
7235.734
7.897205e-05
-0.0001849212
2.838652e-05
2.405462e-05
8.60762e-05
6.005125e-06
-1.980331e-05
-3.54905e-06
1.622459e-05
-0.001832404
-0.001367014
-0.002705703
-0.004701074
0.01345671
0.01246228
-0.007215073
-0.009218147
-0.006324563
-0.008785746
0.001060459
0
0
2.918317e-06
2.522193e-06
1.585438e-05
1.598994e-05
1.53589e-05
1.327944e-05
8.643585e-06
0
0
0
0
0
77054.36
52966.71
36735.73
21809.82
11334.22
-0.0001201182
-2.339668e-05
4.160619e-05
3.988389e-05
8.533938e-05
-4.616486e-06
-1.270698e-05
-1.244968e-05
1.918072e-06
0.001245761
-0.001231746
-0.002221842
-0.0003581933
0.002606568
-0.002026473
0.006145387
0.0034382
5.630418e-05
-0.003837385
0.0001388217
0
0
0
9.461279e-07
1.336814e-05
1.44884e-05
1.382634e-05
1.174705e-05
7.06214e-06
0
0
0
0
0
83996.24
59615.17
40162.18
23881.21
18737.95
-0.0001209744
5.264746e-06
-0.0001126465
-6.739099e-05
0.0001529619
1.013249e-05
-1.017585e-05
-9.462814e-06
3.159819e-06
-3.502342e-06
0
0
0
0
0
0
0
0
0
0
0
0
0
0
1.322023e-05
1.251628e-05
1.279906e-05
1.064976e-05
5.927385e-06
0
0
0
0
0
92947.12
66274.94
46485.71
27036.81
20191.59
-4.22033e-05
0.0002945514
-0.000222304
5.62741e-05
9.205353e-05
1.656143e-06
-5.976203e-06
1.673849e-05
2.12764e-06
2.670341e-06
0
0
0
0
0
0
0
0
0
0
0
0
0
0
0
1.419914e-05
1.133889e-05
1.005625e-05
5.266026e-06
0
0
0
0
0
95730.76
74325.33
52267.6
32290.2
22312.45
3.957826e-05
0.0001038891
5.87056e-05
-9.322607e-05
4.215155e-05
-9.015902e-07
-3.811547e-06
-2.044697e-06
-1.193922e-05
2.025767e-06
0
0
0
0
0
0
0
0
0
0
0
0
0
0
0
1.33659e-05
8.990188e-06
4.945515e-06
0
0
0
0
0
98793.12
76377.07
59099.16
36953.31
20063.84
-0.0001061769
-5.549099e-05
0.0002710335
0.0002639203
2.549067e-05
-3.289769e-06
2.528094e-05
-4.523863e-06
5.680476e-06
-7.710658e-06
0
0
0
0
0
0
0
0
0
0
0
0
0
0
0
1.081478e-05
4.024578e-06
0
0
0
0
0
100286
78460.73
60182.3
36295.66
23664.39
-6.371275e-05
0.000130538
-0.0001972642
-4.443307e-05
0.000114591
6.007695e-06
3.708432e-06
-2.360516e-05
7.463658e-06
-9.995181e-06
0
0
0
0
0
0
0
0
0
0
0
0
0
0
0
0
0
0
0
0
6.100938e-07
1.481039e-07
-3.177936e-07
-7.111394e-07
-1.076763e-06
-1.285459e-06
-1.238997e-06
-1.218757e-06
-1.242147e-06
-1.279307e-06
1.24043e-05
1.275845e-05
1.216718e-05
9.994534e-06
5.032644e-06
0
0
0
0
0
57158.11
29685.14
4152.956
-25712.82
189477.3
-0.0001664116
0.0001611275
-1.723075e-05
-5.890208e-05
0.0001326472
-7.487274e-07
-5.741525e-06
8.696467e-06
-1.251845e-05
-3.506623e-06
0
0
0
0
6.596166e-07
2.243226e-07
-2.18859e-07
-5.986619e-07
-9.646807e-07
-1.195194e-06
-1.149977e-06
-1.133632e-06
-1.138764e-06
-1.184149e-06
1.249575e-05
1.283288e-05
1.225062e-05
1.009098e-05
5.209532e-06
0
0
0
0
0
64698.41
37062.08
13228.67
-12608.86
-32911.72
-8.410784e-07
-8.66008e-05
-6.628967e-05
2.904176e-05
2.877617e-05
-3.808844e-07
-5.007393e-06
1.865074e-05
-1.764449e-05
9.25198e-06
0
0
0
0
7.552553e-07
4.121632e-07
4.292426e-08
-2.854647e-07
-6.070379e-07
-8.33236e-07
-8.191036e-07
-8.115893e-07
-8.2829e-07
-8.623432e-07
1.277449e-05
1.309945e-05
1.250865e-05
1.035154e-05
5.489132e-06
0
0
0
0
0
73950.8
47862.49
24444.04
685.8409
-15503.16
4.968257e-05
-0.0001138408
-8.914398e-05
0.0001103244
1.989391e-05
-3.697696e-06
-1.325651e-05
1.554777e-05
-2.288831e-05
-8.628989e-06
0
0
0
0
0.0001466367
7.941993e-07
5.772381e-07
3.669823e-07
1.466731e-07
-3.621975e-08
-6.175298e-08
-1.0189e-07
-1.39312e-07
-2.026249e-07
1.342182e-05
1.371656e-05
1.310777e-05
1.096788e-05
6.133929e-06
0
0
0
0
0
76033.92
50864.67
28158.67
4213.326
-10052.66
8.923126e-05
0.0001352138
-4.603301e-05
5.301472e-05
-1.746607e-05
-2.575092e-07
-6.046988e-06
4.925576e-06
1.129838e-05
-3.145217e-06
0
0
0
0
9.792945e-05
0.000149143
1.576515e-06
1.527681e-06
1.447542e-06
1.354449e-06
1.274419e-06
1.171351e-06
1.0646e-06
9.637602e-07
1.454207e-05
1.482287e-05
1.418812e-05
1.20462e-05
7.278747e-06
0
0
0
0
0
76314.69
51053.83
29218.76
6178.568
-7930.444
7.335094e-05
0.0001322099
-2.42332e-05
5.956138e-05
1.414324e-05
3.540575e-06
-2.775776e-05
-9.165083e-06
1.921037e-05
-4.609595e-06
0
0
0
0
4.329758e-05
0.0003744921
0.000261703
3.318173e-06
3.321593e-06
3.286307e-06
3.156786e-06
2.971804e-06
2.777185e-06
2.584673e-06
1.612879e-05
1.634741e-05
1.571131e-05
1.356966e-05
8.847553e-06
0
0
0
0
0
74134.86
50408.23
28111.46
6091.323
-6813.679
-9.625936e-06
1.625725e-05
-2.959197e-05
0.0001379068
-0.0001196886
2.358448e-06
-1.963309e-05
9.061023e-07
-2.15868e-05
0.0008401001
-0.003722686
0.000969347
0.005909638
0.00406836
0.004700039
0.0003804091
0.0003007445
5.211371e-06
5.225426e-06
5.245486e-06
5.036984e-06
4.803969e-06
4.525392e-06
4.243071e-06
1.772793e-05
1.790317e-05
1.723286e-05
1.512991e-05
1.045903e-05
0
0
0
0
0
72486.15
48583.8
28193.48
5690.196
-6073.335
4.462897e-05
4.461857e-06
9.220538e-05
-0.0002364428
-1.721024e-05
-7.926407e-06
-1.16153e-05
-7.356638e-07
-1.53431e-05
0.000127713
0.00804752
-0.001415117
-0.005698075
-0.01491806
0.0127869
0.00262011
0.0003753428
6.864897e-06
6.817313e-06
6.789447e-06
6.54025e-06
6.237805e-06
5.929594e-06
5.578775e-06
1.902912e-05
1.913303e-05
1.845449e-05
1.635029e-05
1.176264e-05
0
0
0
0
0
71300.08
48368.01
28432.32
8399.453
-3935.297
0.0002156762
-3.206835e-05
7.314218e-07
0.0001027436
-6.603494e-06
-1.264914e-05
2.1178e-05
1.461549e-05
7.038821e-06
0.000227167
0.007668485
0.004134433
0.01369618
0.002366729
-0.002637833
0.004265705
-0.008481643
8.125458e-06
8.004586e-06
7.873433e-06
7.525513e-06
7.205114e-06
6.84443e-06
6.485438e-06
1.992005e-05
1.996875e-05
1.924962e-05
1.71711e-05
1.259707e-05
0
0
0
0
0
70557.98
48412.43
30341.67
9864.829
-152.4233
8.962076e-05
-9.407115e-05
3.939599e-05
7.241894e-06
2.725323e-05
1.116721e-05
6.431531e-06
1.138744e-05
-2.041844e-06
-8.975875e-05
0.01663319
0.007416886
-0.002899705
-0.002504229
0.01640117
-0.005862965
0.003214409
-0.01496464
8.731036e-06
8.5156e-06
8.054379e-06
7.656421e-06
7.297776e-06
6.906189e-06
2.037152e-05
2.039984e-05
1.966329e-05
1.756187e-05
1.30022e-05
0
0
0
0
0
70731.68
48533.59
30124.21
14363.5
2410.986
8.890671e-06
9.219863e-05
-9.275779e-05
7.712453e-05
4.477357e-05
1.008439e-05
1.981891e-05
-2.722076e-05
1.78725e-05
-0.000624225
-0.001984974
-0.01735652
0.001643814
-0.0104636
0.0004672135
-0.01224323
0.008743134
-0.005003721
-0.01115331
8.745229e-06
8.156573e-06
7.669407e-06
7.255602e-06
6.883314e-06
2.033415e-05
2.04123e-05
1.965926e-05
1.756646e-05
1.298348e-05
0
0
0
0
0
74366.14
47841.48
30110.85
12761.17
7161.762
8.160407e-05
-0.0001142664
-0.0001648183
-5.266993e-05
6.866778e-05
-8.819523e-07
-7.726773e-06
1.406624e-05
1.845122e-05
-0.0003053399
-0.001919852
0.01382928
0.0176338
0.009574855
-0.009918854
-0.01674902
-0.0124816
-0.006847059
-0.007479675
0.005245804
7.900447e-06
7.271015e-06
6.793411e-06
6.388464e-06
1.980101e-05
1.989681e-05
1.922806e-05
1.712329e-05
1.250271e-05
0
0
0
0
0
71109.75
51117.8
29017.06
12211.23
5872.962
-6.665156e-06
3.690366e-05
8.294636e-05
7.909344e-05
4.226597e-06
-6.893504e-07
7.802894e-06
7.375523e-06
9.664818e-06
-0.001218851
0.0004616983
0.01587309
0.02420251
-0.005846048
0.01195339
-0.02337306
-0.01619624
-0.01365242
-0.003691791
-0.007139973
0
6.539649e-06
5.927147e-06
5.495844e-06
1.8826e-05
1.89449e-05
1.826642e-05
1.62021e-05
1.161394e-05
0
0
0
0
0
69392.02
48911.92
34496.47
13140.3
6378.173
-0.0001215338
-0.0001662864
-2.999221e-05
3.948822e-06
0.0002046706
4.372017e-06
6.601802e-06
1.500342e-05
2.21283e-05
0.002065258
0.009223347
0.01442922
0.0004035837
-0.004402469
-0.005136828
-0.001882819
0.0005677732
-0.01277808
0.008300572
-0.004571515
0
0
4.738121e-06
4.209536e-06
1.752116e-05
1.759583e-05
1.693449e-05
1.485229e-05
1.025832e-05
0
0
0
0
0
73902.25
49206.56
32774.43
17763.76
6685.918
-0.0001720584
-0.0002103872
0.0002312888
-2.855212e-05
1.62458e-05
1.36619e-05
2.323189e-06
7.915119e-06
1.082997e-05
0.005342912
0.008509516
0.003130788
0.009176365
0.0007118129
0.006706815
0.002032314
0.01114316
0.003127653
0.007887124
0.000877513
0
0
0
2.682816e-06
1.49998e-05
1.603453e-05
1.532551e-05
1.324331e-05
8.608851e-06
0
0
0
0
0
80148.46
55423.31
35427.19
19147.07
14121.75
-6.728386e-05
9.356987e-05
-8.788784e-05
5.316802e-05
-3.751676e-05
6.435828e-06
1.829849e-05
1.198457e-05
-2.210131e-06
-0.0001181003
-0.001846807
-0.001812213
0.00302446
-0.004199184
-0.0009910735
0.0001836486
0.007004452
-0.004791893
-0.002640707
0.001127028
0
0
0
0
1.427706e-05
1.360614e-05
1.386031e-05
1.171359e-05
7.036273e-06
0
0
0
0
0
89642.71
62487.36
42560.15
22863.08
16202.45
-7.095181e-05
0.0001253834
1.308697e-05
0.0003002612
6.567052e-05
-7.185056e-06
-1.819671e-05
-1.604029e-07
8.400833e-06
-4.227308e-06
0
0
0
0
0
0
0
0
0
0
0
0
0
0
0
1.359356e-05
1.194463e-05
1.067708e-05
5.898475e-06
0
0
0
0
0
93090.48
71558.18
49205.88
29351.44
19328.05
0.0001753732
0.0001221896
-0.0001734806
0.0001184126
-1.683119e-05
-1.417445e-05
-2.057956e-05
7.073182e-07
-2.051387e-05
-1.450942e-06
0
0
0
0
0
0
0
0
0
0
0
0
0
0
0
1.344698e-05
9.247008e-06
5.231151e-06
0
0
0
0
0
97283.45
74387.87
57182.96
34955.43
24525.82
-3.001058e-05
-3.721993e-05
-1.928447e-05
0.0001255715
-1.237344e-05
-8.350011e-06
-2.95217e-05
-6.774481e-07
2.427519e-05
1.051763e-05
0
0
0
0
0
0
0
0
0
0
0
0
0
0
0
1.092543e-05
4.152611e-06
0
0
0
0
0
99629.98
77659.6
59138.46
41573.37
29064.7
-0.0001613681
0.0001557615
9.675054e-06
8.870592e-05
-0.0001044102
-5.219735e-07
6.977404e-06
7.953958e-06
-1.179084e-06
-4.559631e-06
0
0
0
0
0
0
0
0
0
0
0
0
0
0
0
5.447404e-06
0
0
0
0
0
100262.3
79362.35
61307.73
42471.9
28311.27
-6.432077e-06
0.0001864249
-0.0002134129
0.0002769038
4.292711e-05
-1.064224e-07
2.364672e-06
-2.287309e-05
1.362623e-05
-6.798968e-06
0
0
0
0
0
0
0
0
0
0
0
0
0
0
0
0
0
0
0
5.903559e-07
1.471517e-07
-3.095418e-07
-7.116214e-07
-1.082902e-06
-1.308535e-06
-1.263287e-06
-1.242167e-06
-1.239508e-06
-1.276427e-06
1.240499e-05
1.275583e-05
1.218597e-05
9.986583e-06
5.025858e-06
0
0
0
0
0
65097.88
37704.62
14109.46
-11504.98
-31576.45
-4.445818e-05
0.0001908164
-3.726505e-05
9.386609e-05
5.80894e-05
3.114843e-06
-7.389459e-06
2.322269e-07
-1.322125e-05
7.855026e-06
0
0
0
0
6.344465e-07
2.118736e-07
-2.196487e-07
-6.016173e-07
-9.627549e-07
-1.20326e-06
-1.176997e-06
-1.157965e-06
-1.159967e-06
-1.181354e-06
1.249232e-05
1.284043e-05
1.224381e-05
1.009404e-05
5.20089e-06
0
0
0
0
0
71181.54
44608.25
20865.46
-3008.268
-18936.12
0.0001350892
5.93194e-05
-8.313806e-05
-2.258683e-05
-7.169086e-06
5.632173e-06
5.972932e-06
-5.504297e-06
-2.944796e-05
1.835631e-05
0
0
0
0
7.504444e-07
3.919053e-07
3.579329e-08
-2.857471e-07
-6.065826e-07
-8.306032e-07
-8.288196e-07
-8.414817e-07
-8.523691e-07
-8.857504e-07
1.277743e-05
1.310187e-05
1.250781e-05
1.03595e-05
5.490357e-06
0
0
0
0
0
78828.77
54036.02
31688.25
8019.865
-6024.741
0.0001243077
-3.202222e-05
-3.266059e-05
-0.0001378254
-0.0001525064
-1.706191e-06
-2.570832e-06
-1.661927e-05
6.496163e-06
8.553462e-06
0
0
0
0
0.0001792211
7.98718e-07
5.627627e-07
3.655701e-07
1.416052e-07
-3.104234e-08
-6.105149e-08
-1.144191e-07
-1.726813e-07
-2.263275e-07
1.339634e-05
1.371989e-05
1.311091e-05
1.096463e-05
6.147859e-06
0
0
0
0
0
79907.4
55562.97
34126.49
11254.89
-2780.215
-3.135743e-05
-3.481112e-05
4.561665e-05
0.0001731805
2.541206e-05
-7.003447e-06
-1.000465e-06
6.210112e-06
2.451189e-05
-1.307803e-05
0
0
0
0
0.0001188748
0.0001706922
1.593772e-06
1.520146e-06
1.450069e-06
1.339031e-06
1.278693e-06
1.169079e-06
1.047682e-06
9.256026e-07
1.451708e-05
1.479598e-05
1.419188e-05
1.205027e-05
7.272708e-06
0
0
0
0
0
78119.74
55348.07
33830.02
11947.48
-1024.848
4.173877e-05
7.01879e-05
0.0001286922
-5.011842e-07
-9.666977e-05
1.317413e-06
-7.756835e-06
3.017573e-06
5.059978e-06
-7.505979e-06
0
0
0
0
0
0.0004411399
0.0002911651
3.36539e-06
3.322422e-06
3.269564e-06
3.136691e-06
2.974626e-06
2.771183e-06
2.562029e-06
1.606723e-05
1.632127e-05
1.568151e-05
1.357388e-05
8.854706e-06
0
0
0
0
0
75759.29
52604.05
32819.18
10642.23
-1241.002
-5.278189e-05
0.0001318902
-6.201018e-05
1.541737e-05
-0.0001112078
-4.199179e-06
1.231195e-05
2.557067e-05
1.989624e-06
-0.001524583
-0.0007409265
0.0006777137
0.003949553
0.002816271
-0.003634674
-0.005034889
0.0003278022
5.318812e-06
5.2714e-06
5.209692e-06
5.019333e-06
4.777959e-06
4.52539e-06
4.233472e-06
1.769297e-05
1.78615e-05
1.720541e-05
1.509569e-05
1.046372e-05
0
0
0
0
0
73392.21
50551.91
30706.48
10660.94
-1666.361
-2.827402e-05
6.001846e-05
0.0001260094
-1.781426e-05
0.0001683967
-1.644634e-05
1.070454e-05
-7.786187e-06
-7.66875e-06
-0.002195841
-0.0143304
-0.01456776
0.005875596
0.007058166
-0.001313973
-0.0008195216
-0.001358271
7.073865e-06
6.942184e-06
6.804062e-06
6.500951e-06
6.218764e-06
5.897888e-06
5.5757e-06
1.901392e-05
1.911732e-05
1.84124e-05
1.632047e-05
1.172114e-05
0
0
0
0
0
71870.53
48867.67
30604.28
11084.1
1059.75
0.0001288292
-0.0002811899
-8.989356e-05
-0.0002312357
-1.638501e-05
-2.951838e-06
2.75277e-06
1.381241e-05
1.829957e-05
0.001549144
-0.003810772
0.003879578
-0.002259884
0.002347899
-0.009950618
-0.0003257174
-0.002754935
0.02443726
8.239565e-06
7.979627e-06
7.539763e-06
7.162589e-06
6.823394e-06
6.449862e-06
1.991225e-05
1.997688e-05
1.923362e-05
1.712612e-05
1.256213e-05
0
0
0
0
0
69994.92
47899.31
30492.22
13248.97
2581.544
0.0002203688
-3.875442e-05
-8.758011e-05
-8.947729e-05
-6.007601e-05
1.46906e-05
1.233273e-06
-2.245752e-05
-1.693677e-05
0.001260286
-0.002142525
0.008922303
-0.008931242
0.0224035
3.58662e-05
0.006292421
-0.01152947
0.003732961
0.006182132
8.74528e-06
8.156587e-06
7.669345e-06
7.255587e-06
6.883258e-06
2.03341e-05
2.041224e-05
1.965924e-05
1.756647e-05
1.298338e-05
0
0
0
0
0
74365.98
47841.5
30110.8
12761.09
7161.738
8.072164e-05
4.140157e-05
-4.866476e-05
-3.291042e-05
7.763108e-05
4.188607e-06
-6.877177e-06
-1.068149e-05
1.018711e-05
0.001399027
0.002141674
-0.008864549
-0.00785381
-0.002204536
0.00850002
-5.649775e-05
0.02220971
0.006116616
0.01460658
-0.001982549
8.391835e-06
7.76711e-06
7.267048e-06
6.842415e-06
2.028582e-05
2.037396e-05
1.966958e-05
1.755127e-05
1.299343e-05
0
0
0
0
0
71045.34
51823.7
29369.73
12434.49
5423.352
-0.0001876073
-4.452052e-05
6.965359e-06
0.0001222227
-3.630606e-05
-1.753364e-05
-3.255125e-05
1.535027e-05
-2.027913e-05
-0.002553563
-0.0017593
0.006247278
-0.02485709
-0.006217679
0.00138782
0.0248567
0.00949315
0.01970076
-0.003081199
0.0001551834
0
7.531448e-06
6.883294e-06
6.398703e-06
1.974882e-05
1.985075e-05
1.915862e-05
1.710129e-05
1.250659e-05
0
0
0
0
0
68909.62
48630.62
33139.95
11481.91
4828.34
0.0001205536
-5.931293e-05
8.946604e-05
-7.430392e-05
0.0001038185
1.655933e-05
-4.18593e-06
-2.264071e-05
1.367529e-05
-0.00667125
0.003200167
-0.008987762
-0.0006245928
-0.01145872
-0.004363662
0.009260723
0.005862137
0.003142704
0.01068205
0.003566241
0
0
6.188051e-06
5.568278e-06
1.888006e-05
1.890185e-05
1.822061e-05
1.614015e-05
1.15832e-05
0
0
0
0
0
71958.5
47047.99
30739.21
17094.94
5706.791
7.249023e-05
4.724822e-06
0.0001114874
0.0001451375
4.270756e-05
3.045121e-06
8.65453e-06
2.177069e-06
6.048782e-06
-0.002643892
-0.02093489
-0.010241
0.00639423
-0.01433751
-0.005977702
-0.002986543
-0.006361619
0.01185185
0.007435934
-0.003553092
0
0
0
4.428736e-06
1.669233e-05
1.764264e-05
1.689679e-05
1.481402e-05
1.021699e-05
0
0
0
0
0
76738.19
51715.07
31281.36
15056.76
10127.48
-1.596264e-05
0.000150177
0.0002343591
-0.0001643368
-6.206852e-05
-5.350869e-07
-2.986371e-05
7.511441e-06
-1.361429e-05
-0.002940336
-0.01190617
-0.009128374
-0.01401165
-0.005467322
-0.004193403
-0.01009416
-0.02153109
-0.003715763
0.007022799
-0.002074696
0
0
0
0
1.587443e-05
1.517201e-05
1.536909e-05
1.321176e-05
8.584309e-06
0
0
0
0
0
85602.55
57945.33
37872.37
17962.33
11511.38
3.500308e-05
-6.56328e-05
7.94814e-05
0.0001491652
-4.745838e-05
-6.075914e-06
-1.793949e-06
-1.234932e-05
-1.423489e-05
0.0008949665
0.0002840428
0.002026354
0.005650298
0.00408035
-4.251547e-05
0.009377594
-0.000457806
-0.002472233
0.006147251
0.001295276
0
0
0
0
0
1.457347e-05
1.301063e-05
1.174209e-05
7.006151e-06
0
0
0
0
0
89390.17
67616.49
44941.51
25234.55
15186.04
-1.291304e-05
0.0001095537
-0.00012573
9.732663e-05
-0.0001925553
2.400618e-07
-2.442062e-06
4.303398e-06
3.011226e-06
5.715056e-07
0
0
0
0
0
0
0
0
0
0
0
0
0
0
0
1.292429e-05
9.87208e-06
5.908501e-06
0
0
0
0
0
94840.86
71232.04
54032
31714.95
21589.01
-0.0003048087
-0.0002291515
-0.0002075826
6.675994e-05
-8.589026e-05
1.223879e-05
1.643315e-05
2.672345e-05
-7.270195e-06
4.768253e-06
0
0
0
0
0
0
0
0
0
0
0
0
0
0
0
1.090445e-05
4.44167e-06
0
0
0
0
0
97968.33
75800.3
56885.05
39528.17
27055.76
-9.48328e-05
0.0002049932
9.345139e-05
-4.247928e-05
-0.0001857264
-1.307683e-05
-7.499795e-06
3.618434e-05
-9.308365e-06
-2.194064e-05
0
0
0
0
0
0
0
0
0
0
0
0
0
0
0
5.569828e-06
0
0
0
0
0
99615.57
78475.1
60331.78
41331.3
33531.07
-4.058087e-05
0.0002403139
-5.824823e-05
-0.0001057744
-0.0001274251
7.067873e-06
-1.040452e-06
-1.029093e-05
-2.728052e-05
2.977931e-06
0
0
0
0
0
0
0
0
0
0
0
0
0
0
0
0
0
0
0
0
95524.46
79440.68
62221.81
43504.92
34307.68
0.0001194677
-7.118945e-05
-0.0001548576
0.0001750454
-0.0001796458
2.111337e-05
-1.97397e-07
-1.603947e-05
2.058996e-05
-3.424153e-06
0
0
0
0
0
0
0
0
0
0
0
0
0
0
0
0
0
0
5.654566e-07
1.311695e-07
-3.025213e-07
-7.002869e-07
-1.082199e-06
-1.315749e-06
-1.285708e-06
-1.265095e-06
-1.261331e-06
-1.273996e-06
1.240729e-05
1.275631e-05
1.217693e-05
1.00127e-05
5.017628e-06
0
0
0
0
0
71572.33
45173.3
21633.63
-2069.545
-17826.74
7.683627e-05
-3.017326e-05
-0.0001846858
-2.819077e-06
-8.217522e-05
7.352358e-06
4.213494e-06
2.688278e-06
-9.563735e-06
-7.304007e-07
0
0
0
0
6.292684e-07
1.886487e-07
-2.272892e-07
-5.998242e-07
-9.644301e-07
-1.200004e-06
-1.185141e-06
-1.184121e-06
-1.182582e-06
-1.200564e-06
1.249469e-05
1.283516e-05
1.225598e-05
1.007645e-05
5.203639e-06
0
0
0
0
0
79901.04
50822.86
28038.77
4184.182
-9708.934
1.097118e-05
-0.0002551801
-8.071474e-06
0.0001362974
6.962141e-05
1.177516e-05
2.009839e-06
-1.367985e-05
-2.526958e-06
2.307077e-05
0
0
0
0
7.855647e-07
3.930077e-07
1.733831e-08
-2.89656e-07
-6.114861e-07
-8.256669e-07
-8.267473e-07
-8.512687e-07
-8.811589e-07
-9.076384e-07
1.275525e-05
1.310448e-05
1.251006e-05
1.035813e-05
5.501192e-06
0
0
0
0
0
82425.97
58821.35
37649.75
14923.26
991.3722
-0.0001888737
-0.0001210356
-3.672828e-05
7.690323e-05
0.0001012004
1.003782e-05
-6.198442e-06
-1.140478e-05
2.115249e-05
-5.128365e-06
0
0
0
0
0.0001811784
8.388563e-07
5.7196e-07
3.529091e-07
1.411638e-07
-4.327471e-08
-5.673783e-08
-1.144244e-07
-1.853073e-07
-2.583403e-07
1.337401e-05
1.369657e-05
1.311381e-05
1.096829e-05
6.143416e-06
0
0
0
0
0
81411.19
59528.94
38768.74
17012.14
3997.448
0.0001427666
0.0001205858
0.0001063205
-0.0002039478
-0.0001114571
-9.571926e-06
1.52072e-05
1.423164e-05
1.64982e-05
-1.517162e-05
0
0
0
0
0
0.0001573403
1.646185e-06
1.541666e-06
1.442391e-06
1.319218e-06
1.262807e-06
1.172175e-06
1.04454e-06
9.086423e-07
1.44623e-05
1.477361e-05
1.416669e-05
1.205345e-05
7.278867e-06
0
0
0
0
0
79420.65
57227.4
38210.03
16491.24
4535.185
-0.0001159835
6.731706e-05
-0.0002365251
-6.989762e-05
-7.369822e-05
-1.723234e-06
-2.434514e-06
1.643468e-05
8.441337e-06
4.501873e-06
0
0
0
0
0
0
0.0002506816
3.454755e-06
3.366115e-06
3.236722e-06
3.118861e-06
2.954163e-06
2.772504e-06
2.55489e-06
1.601009e-05
1.626011e-05
1.565763e-05
1.354429e-05
8.858143e-06
0
0
0
0
0
76783.92
54330.12
35083.86
15364.09
3196.132
-2.973127e-05
2.092568e-05
-0.0001654204
-2.719192e-07
-6.078046e-05
9.292287e-06
3.008994e-06
1.45312e-06
-1.008508e-05
0.0008341901
0.00661512
0.005277923
0.002182969
-0.004502013
0.01239322
0.0006191708
0.004179244
5.52088e-06
5.376399e-06
5.219126e-06
4.982739e-06
4.759697e-06
4.499083e-06
4.231584e-06
1.764858e-05
1.782556e-05
1.716488e-05
1.506892e-05
1.042619e-05
0
0
0
0
0
73434.64
51125.59
32780.11
13206.1
3205.327
-0.0001786354
3.411458e-05
-0.0002135481
-7.585774e-05
-6.864154e-05
2.021519e-06
2.898371e-05
-8.814932e-06
-1.617092e-06
-0.0004123898
0.009208595
0.00684424
-0.002098789
-0.01205298
-0.01096959
-0.005955905
-0.01593892
-0.02047936
7.194201e-06
6.89787e-06
6.512004e-06
6.180021e-06
5.878374e-06
5.543801e-06
1.897609e-05
1.909952e-05
1.839673e-05
1.628418e-05
1.168894e-05
0
0
0
0
0
71360.74
49370.49
30791.91
13320.68
3725.603
0.0001210647
-0.0001725745
0.0002760318
0.0001199359
0.0002055365
1.387553e-06
2.019604e-06
2.427452e-05
-2.237696e-05
-0.004120015
-0.007183827
-0.02344042
0.005305596
-0.006297832
-0.001713709
-0.001437081
0.003878536
0.0014804
0.003661574
8.234833e-06
7.640091e-06
7.175257e-06
6.78188e-06
6.428608e-06
1.984547e-05
1.996605e-05
1.924084e-05
1.711175e-05
1.251501e-05
0
0
0
0
0
73498.85
47261.23
29705.55
13198.18
5958.331
-7.073658e-05
-4.203558e-05
2.984849e-05
3.937087e-05
2.391556e-05
2.281765e-06
-1.048797e-05
-2.11632e-05
1.692364e-05
0.0003564744
-0.01229051
0.01621564
0.0006345497
-0.006955579
-0.0182548
0.01633449
-0.01337556
0.0003718032
-0.00993072
-0.0002311524
8.391887e-06
7.76712e-06
7.266986e-06
6.8424e-06
2.028577e-05
2.037391e-05
1.966951e-05
1.755133e-05
1.299344e-05
0
0
0
0
0
71045.24
51823.54
29369.76
12434.45
5423.277
0.0001398731
-0.000141241
3.19243e-05
-5.814439e-05
1.844732e-05
-1.773919e-06
-1.836969e-05
-9.353329e-06
-6.725542e-06
0.00318185
0.0002583677
0.005195954
0.009450379
0.003683873
-0.003378744
-0.003168106
-0.002519323
-0.01816915
-0.007535969
0.002064188
0
8.005469e-06
7.359e-06
6.852331e-06
2.023546e-05
2.032377e-05
1.963135e-05
1.755887e-05
1.295731e-05
0
0
0
0
0
68779.34
48460.95
33613.21
11655.25
4983.417
0.0001255477
0.0001586263
-6.08725e-05
3.77022e-05
-5.363617e-05
-5.629017e-06
8.191263e-06
3.969467e-05
1.10161e-05
-0.005968904
0.0005903646
0.01115264
-0.001805448
0.004041801
0.01884018
-0.0186467
-0.02109216
-0.0003219285
-0.004330237
0.0001811752
0
0
7.144096e-06
6.483114e-06
1.980328e-05
1.979715e-05
1.911599e-05
1.70349e-05
1.250449e-05
0
0
0
0
0
71504.42
46664.33
30589.39
15718.55
4086.941
-4.294423e-05
-0.0001615109
-6.134107e-05
-0.0001114611
4.117614e-05
-6.965998e-06
-2.91674e-05
-3.297615e-06
1.552791e-05
-0.001597654
0.02199224
-0.01336008
-0.0161245
0.003119335
0.007022887
0.01929362
0.004556914
0.007837484
-0.00711858
-0.0005556644
0
0
0
5.82321e-06
1.909909e-05
1.89593e-05
1.817849e-05
1.609913e-05
1.153443e-05
0
0
0
0
0
74615.39
49595.9
29104.05
13136.01
9584.024
-0.0001432418
9.402102e-06
8.667379e-05
1.913218e-05
-0.0001360379
-5.069619e-06
-3.160907e-06
-1.298258e-05
-4.255846e-06
-0.002914437
0.008528446
0.01563862
0.008928913
-0.00702046
0.009304062
0.005299305
0.005850401
-0.002640238
-0.01062198
0.0006098951
0
0
0
0
1.754353e-05
1.68043e-05
1.694297e-05
1.477858e-05
1.019063e-05
0
0
0
0
0
82054.27
53975.35
33775.65
13716.4
7479
-0.0001687128
1.393054e-05
-0.0002060719
-0.000284642
0.0001328882
9.88504e-06
-2.251724e-05
1.76122e-05
-1.947455e-05
0.002515948
0.006106899
0.007920152
-0.008621153
0.002153364
0.009869246
-0.01563122
-0.006449794
0.01799309
-0.01010394
-0.0006858068
0
0
0
0
0
1.610791e-05
1.453912e-05
1.325007e-05
8.555736e-06
0
0
0
0
0
84985.73
62892.89
39895.9
20375.57
10348.3
0.0002464084
-4.54189e-05
0.0001234336
-0.0002171385
-6.22924e-05
-7.59448e-07
1.385227e-05
-1.059337e-05
-1.1378e-05
-0.0003848786
-0.002005589
-0.0006974523
-8.469566e-05
-0.006149673
-0.004392961
-0.004600167
-0.004436416
0.0008977993
0.003207895
-0.0001040629
0
0
0
0
0
1.38839e-05
1.094327e-05
7.01887e-06
0
0
0
0
0
91380.42
66880.25
49618.37
27253.96
17496.31
2.503333e-05
6.658643e-05
-7.310064e-05
8.326527e-05
6.28194e-07
-1.102007e-06
-7.835133e-06
4.931086e-06
-5.386495e-07
6.771388e-06
0
0
0
0
0
0
0
0
0
0
0
0
0
0
0
1.050876e-05
5.128321e-06
0
0
0
0
0
95311.73
72840.97
53342.75
36200.14
23810.03
-0.0001673308
0.0002939751
2.431108e-05
9.427141e-05
-6.400417e-06
1.414504e-05
-2.03841e-05
-3.152432e-06
-1.382758e-05
1.274994e-05
0
0
0
0
0
0
0
0
0
0
0
0
0
0
0
5.60911e-06
0
0
0
0
0
97976.1
76450.87
58206.38
38949.88
31468.74
-0.0001221083
0.0001670641
-0.0002244593
3.130625e-07
6.25259e-05
1.78667e-05
6.036905e-06
7.915337e-06
-1.888074e-05
1.131725e-05
0
0
0
0
0
0
0
0
0
0
0
0
0
0
0
0
0
0
0
0
99372.98
78560.46
61154.91
42431.33
33142.51
-5.509895e-05
0.0001335447
-6.489367e-05
-2.072784e-05
9.863874e-05
8.345766e-06
-1.179264e-05
2.447429e-05
6.424803e-06
6.389484e-06
0
0
0
0
0
0
0
0
0
0
0
0
0
0
0
0
0
0
0
98017.86
73915.04
62404.1
44408.13
35245.78
2.879668e-05
-0.000230342
0.0001567797
0.0001146801
-0.000123913
3.901294e-06
-2.590958e-05
-2.962532e-06
2.450111e-06
-7.876911e-06
0
0
0
0
0
0
0
0
0
0
0
0
0
0
0
0
0
5.599446e-07
1.059928e-07
-3.160041e-07
-6.905214e-07
-1.088882e-06
-1.312344e-06
-1.292946e-06
-1.286626e-06
-1.282654e-06
-1.293936e-06
1.240932e-05
1.275819e-05
1.217868e-05
9.993085e-06
5.066252e-06
0
0
0
0
0
76597.7
51383.46
28734.84
5017.121
-8759.274
4.236213e-05
-0.0001801989
3.363232e-05
0.0001792815
7.142872e-05
1.296397e-05
-2.211135e-05
-1.792632e-05
9.242446e-06
6.128256e-06
0
0
0
0
6.65206e-07
1.866696e-07
-2.499023e-07
-6.046196e-07
-9.711739e-07
-1.19533e-06
-1.182317e-06
-1.192278e-06
-1.20772e-06
-1.221145e-06
1.248049e-05
1.283726e-05
1.224547e-05
1.009926e-05
5.166258e-06
0
0
0
0
0
83937.81
59926.64
34052.29
11028.44
-2826.37
4.169534e-05
-9.517627e-05
0.0002760676
1.199054e-05
-4.15734e-05
-1.725223e-05
-3.649422e-06
-8.917629e-06
-5.095617e-06
1.43793e-06
0
0
0
0
1.11282e-06
4.307726e-07
2.129724e-08
-3.068601e-07
-6.135444e-07
-8.358819e-07
-8.224404e-07
-8.496838e-07
-8.909788e-07
-9.352277e-07
1.273459e-05
1.308428e-05
1.251232e-05
1.036053e-05
5.499149e-06
0
0
0
0
0
83688.64
62511.86
42374.17
20682.54
7641.971
-2.487569e-07
0.0004630919
9.918926e-05
1.68316e-05
-9.935647e-05
1.259159e-05
-8.808576e-06
3.522047e-06
1.634091e-05
-3.921714e-06
0
0
0
0
0
1.101541e-06
6.149048e-07
3.656496e-07
1.2885e-07
-6.344038e-08
-6.923976e-08
-1.109449e-07
-1.859322e-07
-2.70988e-07
1.332454e-05
1.367653e-05
1.309194e-05
1.097077e-05
6.148582e-06
0
0
0
0
0
82421.41
61110.91
42820.72
21584.83
9552.287
2.31679e-05
-7.486389e-05
-0.0001474283
-0.0001281171
8.641824e-05
-2.101602e-05
-3.163564e-06
-1.702868e-05
-1.846778e-05
-8.013999e-06
0
0
0
0
0
0
1.834613e-06
1.597587e-06
1.464892e-06
1.28201e-06
1.24252e-06
1.156107e-06
1.046546e-06
9.046548e-07
1.440938e-05
1.471896e-05
1.41462e-05
1.202833e-05
7.281472e-06
0
0
0
0
0
80610.55
58612.1
40161.36
20891.53
8965.566
-4.097081e-05
-2.507002e-05
-7.739128e-05
0.000223433
-3.640899e-05
9.037571e-06
3.688938e-07
9.790579e-06
-9.39281e-06
-3.14518e-06
0
0
0
0
0
0
0
3.624708e-06
3.453604e-06
3.24393e-06
3.084926e-06
2.936048e-06
2.751845e-06
2.554722e-06
1.596768e-05
1.620031e-05
1.559749e-05
1.352094e-05
8.825345e-06
0
0
0
0
0
77001.25
55057.48
36902.4
17664.94
7830.167
-2.129407e-05
-2.910476e-05
-4.325793e-05
0.0001411598
4.219535e-06
-1.970983e-06
-7.811812e-07
3.355147e-05
-7.619835e-06
-0.0003667631
-0.00556986
-0.002257113
-0.002745752
0.000436389
0.001671403
-0.005803389
0.001558772
0.00379163
5.614116e-06
5.292861e-06
4.987927e-06
4.723745e-06
4.480528e-06
4.20511e-06
1.761178e-05
1.777725e-05
1.712894e-05
1.502849e-05
1.039671e-05
0
0
0
0
0
72999.7
50886.33
33064.18
15340.53
5735.888
-0.000175391
0.0001586032
-4.137046e-05
0.0001020857
4.998914e-05
5.923722e-06
6.271998e-06
-2.413171e-06
2.067772e-05
-0.0004558872
0.01687505
0.0003841463
-0.009171935
-0.004036815
-0.009014686
0.01111583
0.01054983
0.005038649
0.003265335
7.164849e-06
6.599583e-06
6.189683e-06
5.840677e-06
5.524058e-06
1.89125e-05
1.905723e-05
1.837721e-05
1.626848e-05
1.164354e-05
0
0
0
0
0
74565.5
48794.08
31284.44
13319.28
5953.888
9.889188e-05
-9.57107e-05
3.322288e-05
-7.414339e-05
-1.915047e-06
1.377981e-05
4.098617e-06
-1.014345e-05
-1.088105e-05
-0.001527836
0.0134646
-0.005607001
0.02303835
-0.006497237
0.003429246
-0.00736977
-0.005151636
-0.01535336
0.01042316
-0.00382068
7.900568e-06
7.271033e-06
6.793244e-06
6.388422e-06
1.980086e-05
1.989666e-05
1.922792e-05
1.712326e-05
1.250265e-05
0
0
0
0
0
71109.48
51117.54
29017.08
12211.11
5872.783
7.595315e-05
-4.768656e-05
-0.0001869494
-0.0001757213
-3.889578e-06
-1.783506e-06
-4.124046e-06
4.19528e-06
1.011994e-05
0.003656101
2.279385e-05
-0.007867815
-0.00162114
-0.008300199
0.01113276
-0.01282269
-0.00466773
0.01176078
0.01126713
-0.008619573
0
8.005518e-06
7.359015e-06
6.852274e-06
2.023545e-05
2.032372e-05
1.963129e-05
1.755883e-05
1.295729e-05
0
0
0
0
0
68779.5
48460.88
33613.04
11655.29
4983.375
-0.0001019165
-0.0003471032
0.0001583084
-7.153187e-05
0.000186591
1.065954e-05
-1.136445e-05
2.000947e-05
2.467157e-06
0.001367363
0.005224462
-0.007242524
0.003717727
0.01036191
0.006350642
0.003872589
0.00166489
0.007671413
0.004869102
0.002047255
0
0
7.607382e-06
6.938905e-06
2.028369e-05
2.027332e-05
1.958237e-05
1.751291e-05
1.29629e-05
0
0
0
0
0
71388.25
46440.79
30294.73
16007.44
4194.76
-2.789561e-05
-0.0002003674
3.988719e-05
0.0002324553
2.977823e-05
2.956447e-07
1.919336e-05
6.387842e-07
-5.839312e-06
-0.004120184
0.008519755
-0.004706868
-0.009770683
0.005245988
-0.01881185
-0.01730553
0.006520609
0.001309136
0.0004074799
-0.004578944
0
0
0
6.789829e-06
2.004914e-05
1.985401e-05
1.9059e-05
1.700389e-05
1.245427e-05
0
0
0
0
0
74037.77
49235.98
28877.68
13145.33
8236.02
2.189149e-05
-8.687451e-05
2.235793e-05
0.0001551435
-2.267615e-05
4.361815e-06
-1.806719e-06
1.980552e-05
-5.165789e-06
-0.00535536
0.002313273
-0.01471866
0.008134446
0.01053671
0.005984066
0.00944469
0.0003692993
-0.004711833
0.0002376628
0.003513797
0
0
0
0
1.896682e-05
1.918498e-05
1.824014e-05
1.605951e-05
1.150585e-05
0
0
0
0
0
79852.66
51675.44
31633.93
11678.54
5659.27
-0.0001511255
0.0001705655
2.069615e-05
-2.755118e-06
-6.319786e-05
1.19815e-05
8.643232e-06
-8.299196e-06
1.389579e-05
-0.003754482
0.002633879
-0.008186104
0.009935462
-0.005780567
-0.002783336
0.0009414108
0.01357774
-0.008578521
0.003902981
-0.000972335
0
0
0
0
0
1.777382e-05
1.613611e-05
1.482043e-05
1.015824e-05
0
0
0
0
0
81091.47
58795.48
35534.8
16174.32
6177.531
-2.371765e-05
1.525605e-05
5.153118e-05
0.0001037288
0.0002276809
-1.801943e-05
-1.0771e-05
2.249395e-05
2.024369e-05
0.001720029
-0.002297544
-0.008687226
-0.001421131
0.0104371
0.005174908
0.007452791
-0.0002938682
0.001521826
-0.01836447
0.002837609
0
0
0
0
0
1.534898e-05
1.247176e-05
8.579131e-06
0
0
0
0
0
87219.59
61779.06
44401.5
22030.99
12691.47
-8.795689e-05
-0.0003814264
9.849515e-06
-0.0001176658
0.0001260743
-7.143167e-07
-1.470233e-05
-6.709314e-06
1.564848e-05
-0.001499549
0.002922848
0.001477766
3.052429e-05
-0.001284495
0.005505315
-0.006301915
0.003001463
-0.001712922
0.003540209
0.001627862
0
0
0
0
0
1.155972e-05
6.24923e-06
0
0
0
0
0
91598.51
68726.94
48511.82
31594.57
19366.9
6.304623e-05
-5.320145e-05
-0.0001521713
-7.211418e-05
-2.832818e-05
-1.104917e-05
6.00241e-06
-6.804112e-07
-1.503961e-06
-1.583108e-06
0
0
0
0
0
0
0
0
0
0
0
0
0
0
0
5.465204e-06
0
0
0
0
0
95357.46
73257.37
54859.14
35233.19
28128.32
0.0001692029
0.0002165324
7.8358e-05
0.0002195565
3.749168e-05
-2.681364e-06
1.493324e-05
1.576122e-05
-1.980587e-05
6.505758e-06
0
0
0
0
0
0
0
0
0
0
0
0
0
0
0
0
0
0
0
0
97613.45
76554.31
58856.37
40175.12
30752.64
0.0001221361
0.0002272963
-0.0001512866
4.16525e-05
-7.522016e-05
-5.473135e-06
-2.271269e-05
-8.957971e-06
-9.635204e-06
2.64601e-06
0
0
0
0
0
0
0
0
0
0
0
0
0
0
0
0
0
0
0
97730.19
78312.1
61342.27
43241.34
34145.98
-4.231712e-05
0.0001435921
-0.0002703693
-8.096129e-05
-2.855205e-05
-3.698825e-06
1.376357e-07
7.436139e-06
-3.090883e-05
5.173447e-06
0
0
0
0
0
0
0
0
0
0
0
0
0
0
0
0
0
0
105291.3
76402.68
56262.65
44651.87
36075.94
-7.966566e-05
-8.420735e-05
0.0002392526
-0.0001167755
-0.0001046834
4.941683e-06
-1.458226e-05
6.508034e-06
7.953825e-06
3.459328e-07
0
0
0
0
0
0
0
0
0
0
0
0
0
0
0
0
5.941189e-07
9.828944e-08
-3.416815e-07
-7.019929e-07
-1.065456e-06
-1.307948e-06
-1.28995e-06
-1.293973e-06
-1.303176e-06
-1.313338e-06
1.239058e-05
1.276e-05
1.218202e-05
9.991747e-06
5.02402e-06
0
0
0
0
0
79940.96
56321.27
34746.39
11793.77
-1978.035
-1.499158e-05
-0.0001453401
2.767272e-05
8.524337e-05
-6.697617e-05
1.301231e-06
-1.432766e-05
2.183117e-05
8.820556e-06
-4.097894e-06
0
0
0
0
1.001703e-06
2.22032e-07
-2.508903e-07
-6.267666e-07
-9.72682e-07
-1.204972e-06
-1.178154e-06
-1.189886e-06
-1.215888e-06
-1.245121e-06
1.246102e-05
1.282639e-05
1.22473e-05
1.007773e-05
5.210644e-06
0
0
0
0
0
85037.93
64337.77
43389.29
16847.79
3772.772
0.0001127574
-3.626246e-05
1.318691e-05
-0.0001572736
-0.0001515873
-6.962167e-06
1.63789e-05
-3.381425e-07
2.187923e-05
1.172067e-05
0
0
0
0
0
7.126075e-07
5.921476e-08
-3.011756e-07
-6.300456e-07
-8.566188e-07
-8.328162e-07
-8.460108e-07
-8.899119e-07
-9.450471e-07
1.268889e-05
1.306565e-05
1.24935e-05
1.036249e-05
5.502317e-06
0
0
0
0
0
84484.13
63854.71
46151.45
25334.64
13204.11
-0.0001212401
1.723242e-05
-0.0003460364
-5.177088e-05
-7.801669e-06
7.670673e-06
-6.44764e-06
-8.671097e-07
-2.670446e-06
-7.923119e-06
0
0
0
0
0
0
8.4249e-07
4.09974e-07
1.4245e-07
-9.954759e-08
-8.958488e-08
-1.234946e-07
-1.832736e-07
-2.72267e-07
1.327446e-05
1.362696e-05
1.307351e-05
1.094893e-05
6.150602e-06
0
0
0
0
0
83721.1
62191.21
44477.68
25662.23
14010.84
-1.661342e-05
1.054769e-05
5.172874e-05
5.134962e-07
9.32529e-06
5.081812e-06
2.574205e-05
2.266377e-05
1.293427e-05
9.714189e-06
0
0
0
0
0
0
0
1.783512e-06
1.519662e-06
1.274523e-06
1.204751e-06
1.135976e-06
1.030418e-06
9.055335e-07
1.436872e-05
1.466326e-05
1.409233e-05
1.200813e-05
7.253295e-06
0
0
0
0
0
81017.95
59548.33
41623.72
22882.41
13289.89
9.000779e-05
4.508153e-05
-0.0001204222
-3.274366e-06
-7.534189e-05
-2.590663e-06
-1.351299e-05
-7.217859e-06
-1.789034e-05
2.909305e-06
0
0
0
0
0
0
0
0
3.651354e-06
3.300425e-06
3.086738e-06
2.902842e-06
2.733685e-06
2.533956e-06
1.593449e-05
1.615404e-05
1.553755e-05
1.346295e-05
8.799281e-06
0
0
0
0
0
76628.77
55015.69
37369.64
19537.77
10120.42
-8.799345e-07
5.994762e-05
-7.391637e-05
6.320906e-05
-5.112392e-05
-7.195982e-06
1.890826e-05
-9.26869e-06
-2.518709e-05
0.001540509
-0.002584368
0.009784784
0.001866441
0.005086491
0.003009325
-0.003220631
-0.002173263
0.0001206184
-0.002855297
5.538387e-06
5.055335e-06
4.72766e-06
4.445678e-06
4.186452e-06
1.755586e-05
1.773599e-05
1.707898e-05
1.499445e-05
1.035392e-05
0
0
0
0
0
75734.56
50402.99
32588.22
15448.58
7861.151
-0.000223329
0.000183725
-5.061849e-05
-8.684527e-05
3.23385e-05
-1.865927e-05
-1.021988e-05
-2.656569e-06
3.349085e-06
-0.0002900928
-0.005282208
-0.002958723
-0.01241131
0.01687344
0.01007553
0.01671768
0.005284752
-0.003415693
-0.0193434
0.003576825
6.868676e-06
6.272858e-06
5.849269e-06
5.487752e-06
1.886858e-05
1.899086e-05
1.83328e-05
1.624462e-05
1.162765e-05
0
0
0
0
0
71462.98
52354.1
30663.96
13798.03
5923.177
9.269844e-05
-0.0001430177
8.450274e-05
0.0001489151
-7.338153e-05
-1.32849e-06
-1.468219e-05
8.111962e-06
5.771407e-06
-0.0009823641
0.002690884
0.01198644
-0.006217719
-0.004132906
0.002998432
0.01418595
-0.003215411
0.002328758
0.01449931
0.0040862
0
7.531564e-06
6.883311e-06
6.398542e-06
1.974878e-05
1.98506e-05
1.915848e-05
1.710116e-05
1.250648e-05
0
0
0
0
0
68910.02
48630.41
33139.66
11481.94
4828.221
-3.288423e-05
-2.810441e-05
0.0001026513
0.0003234822
0.0001950479
-8.748484e-07
3.735833e-06
6.45622e-06
-1.261299e-05
-0.003217712
-0.01063461
0.0002588632
-0.002961591
0.002543193
0.004265943
0.01009644
0.006298957
0.01276496
-0.01293094
0.001109655
0
0
7.607429e-06
6.938915e-06
2.028364e-05
2.02733e-05
1.958232e-05
1.751286e-05
1.296286e-05
0
0
0
0
0
71385.08
46440.96
30294.68
16007.26
4194.793
-1.560911e-05
6.550654e-05
0.0002996463
-0.0001204346
7.006533e-05
-2.613649e-05
-1.063667e-05
1.938071e-05
3.817061e-06
-0.00183256
-0.006325178
-0.01082701
0.01001067
-0.007802314
0.001494914
-0.007039408
0.006778528
-0.0003404661
-0.008194553
0.006480921
0
0
0
7.271452e-06
2.053358e-05
2.03221e-05
1.953331e-05
1.746864e-05
1.294172e-05
0
0
0
0
0
73858.89
49024.1
28540.11
12771.35
8454.453
-1.308214e-06
-1.968041e-05
8.048575e-05
-0.0001196769
-0.0002215405
-1.468346e-05
1.273607e-05
-2.098956e-05
-1.158531e-05
-0.002443739
0.003392537
-0.01116169
0.001601415
0.009628814
-0.01035824
0.005102756
0.0009559881
0.005771711
0.001988035
-0.0003481597
0
0
0
0
1.992518e-05
2.010681e-05
1.911848e-05
1.694026e-05
1.244762e-05
0
0
0
0
0
79227.46
51190.28
31427.02
11631.21
5733.554
6.502126e-05
-0.0001134024
9.955844e-05
4.337951e-05
-6.716411e-05
-7.52797e-06
-2.50299e-05
-1.086845e-05
1.410208e-08
0.003060785
0.009316615
-0.001222968
0.001484051
0.004644267
-0.01060046
-0.008915435
-0.006088507
-0.0001796688
-0.01122309
0.001384544
0
0
0
0
0
1.912227e-05
1.845971e-05
1.61272e-05
1.146974e-05
0
0
0
0
0
79268.63
56423.11
33211.04
14167.62
4254.455
-0.0001491415
6.507225e-05
-0.0002085645
-0.0001167173
-6.761399e-05
6.980001e-06
1.407019e-05
-5.947012e-06
3.573809e-06
-0.0006864822
0.01511264
-0.002153106
0.01855012
-0.01668545
-0.01924856
-0.01717238
0.007036868
-0.001746207
0.01751484
-0.002049136
0
0
0
0
0
1.699692e-05
1.406557e-05
1.018844e-05
0
0
0
0
0
83512.73
57328.47
39922.81
17563.01
8557.992
0.0001850457
-6.351249e-06
0.0001342153
-0.0001301825
-1.863646e-05
-3.360238e-06
1.905118e-05
-7.090292e-06
-3.245977e-06
-0.0007139492
-0.004337377
-0.001845442
-0.002458609
-0.003561966
0.0003863735
0.01903154
-0.007812867
0.004466312
-0.003134974
0.001737113
0
0
0
0
0
1.308407e-05
7.833418e-06
0
0
0
0
0
87185.77
63867.89
42910.4
26209.22
14190.12
-0.0001646347
0.0001035344
0.0002243575
4.807888e-05
0.0001280957
-7.427843e-06
-9.466624e-06
-5.210794e-06
-4.875415e-06
-0.0007381308
0.007449277
-0.003442451
-0.0003246668
-0.002927539
-0.005291738
-0.0006428487
0.005030766
-0.000309579
-0.00247328
-0.0001128991
0
0
0
0
0
6.59392e-06
0
0
0
0
0
91690.42
68862.71
50263.52
30209.95
23533.86
-0.0001273399
-2.252483e-05
0.0003094217
7.783778e-05
7.701433e-05
-1.500545e-05
4.578228e-06
-1.196012e-05
2.924578e-06
-4.675686e-06
0
0
0
0
0
0
0
0
0
0
0
0
0
0
0
0
0
0
0
0
94781.77
73391.39
55262.25
36650.17
27037.04
2.058263e-06
-0.000230412
-0.0001714179
-0.0003811557
-0.0001872993
-1.594119e-05
-1.853705e-06
-1.684239e-05
7.746214e-06
1.1598e-05
0
0
0
0
0
0
0
0
0
0
0
0
0
0
0
0
0
0
0
100891.5
76183.96
59058.31
40808.68
31877.46
-7.55357e-05
-7.517147e-05
-0.0001702999
-8.930235e-05
6.385316e-05
1.657683e-05
7.183938e-06
6.422172e-06
2.097045e-05
8.547085e-06
0
0
0
0
0
0
0
0
0
0
0
0
0
0
0
0
0
0
104957.1
75919.07
61126.7
43488.93
34885.21
3.061718e-05
8.675582e-05
-0.0002144207
0.0001236755
8.398781e-05
1.070396e-05
5.363142e-06
1.454764e-05
-1.626563e-05
1.169248e-05
0
0
0
0
0
0
0
0
0
0
0
0
0
0
0
0
0
109433.6
83461.12
58754.28
38149.78
36304.15
-7.044428e-05
0.0002136251
0.000132617
-4.390185e-05
3.287506e-05
-7.930023e-06
1.749266e-05
1.071441e-05
1.587114e-05
-9.495796e-07
0
0
0
0
0
0
0
0
0
0
0
0
0
0
0
9.23895e-07
1.266028e-07
-3.509489e-07
-7.279194e-07
-1.075661e-06
-1.319537e-06
-1.286008e-06
-1.291291e-06
-1.310471e-06
-1.332762e-06
1.237226e-05
1.274304e-05
1.218338e-05
9.992447e-06
5.026286e-06
0
0
0
0
0
81000.44
59761.71
39621.78
17613.52
4557.859
-3.900798e-06
-8.435133e-05
0.000100145
-1.93257e-05
-8.92654e-05
5.413145e-06
-7.032693e-06
1.005535e-05
-3.110944e-05
8.933337e-06
0
0
0
0
0
5.096149e-07
-2.183e-07
-6.270574e-07
-9.937389e-07
-1.227653e-06
-1.187864e-06
-1.186223e-06
-1.213918e-06
-1.253266e-06
1.241826e-05
1.280878e-05
1.224273e-05
1.007925e-05
5.167561e-06
0
0
0
0
0
85698.61
65519.13
48216.41
26193.9
9397.962
7.260026e-05
-0.0001169578
-9.307507e-06
0.0002033351
1.595142e-05
1.328884e-05
1.018879e-05
-3.819657e-06
8.110327e-06
-1.201062e-05
0
0
0
0
0
0
2.955314e-07
-2.648692e-07
-6.24603e-07
-8.920295e-07
-8.535403e-07
-8.563456e-07
-8.868786e-07
-9.4449e-07
1.263996e-05
1.301968e-05
1.247628e-05
1.034381e-05
5.503918e-06
0
0
0
0
0
85824.01
64710.39
47570.81
29142.81
17741.53
-5.31708e-05
0.0003038428
-5.112977e-05
-5.076366e-05
-9.533725e-05
-3.155326e-06
-3.379662e-06
-1.806126e-05
5.178953e-06
3.835785e-06
0
0
0
0
0
0
0
6.038843e-07
1.83886e-07
-1.091937e-07
-1.260421e-07
-1.434706e-07
-1.958069e-07
-2.704894e-07
1.323509e-05
1.357397e-05
1.302466e-05
1.093069e-05
6.12582e-06
0
0
0
0
0
84306.64
63275.78
45624.35
27362.2
18023.6
6.096235e-05
-1.572559e-05
-8.808392e-05
-7.555027e-05
7.532517e-05
1.701005e-05
-1.897095e-05
-9.0482e-06
-3.079528e-06
5.784919e-07
0
0
0
0
0
0
0
0
1.689543e-06
1.304823e-06
1.192071e-06
1.099337e-06
1.010615e-06
8.893794e-07
1.433554e-05
1.461888e-05
1.403643e-05
1.19564e-05
7.230388e-06
0
0
0
0
0
80718.93
59726
42336.16
24392.47
15274.14
9.577278e-05
-4.378832e-05
-7.996166e-05
0.0001344347
3.444917e-05
-8.494062e-06
-2.060755e-05
1.288187e-05
2.363007e-06
8.452384e-06
0
0
0
0
0
0
0
0
0
3.493247e-06
3.137247e-06
2.903394e-06
2.70159e-06
2.515884e-06
1.588548e-05
1.611683e-05
1.548972e-05
1.340734e-05
8.745232e-06
0
0
0
0
0
78688.95
54610.39
37109.2
19844.26
11986.92
9.36498e-05
6.499069e-06
-4.107727e-05
0.0002324206
0.0001009228
3.793633e-06
2.152379e-05
-9.675144e-06
-8.606712e-06
-0.001696514
-0.0008080882
-0.003028261
-0.0008684711
2.407473e-05
0.001308024
-0.006016297
0.001563358
0.004825578
0.009637614
-0.0003311932
5.300197e-06
4.791066e-06
4.448679e-06
4.152993e-06
1.751468e-05
1.76775e-05
1.70357e-05
1.494683e-05
1.032501e-05
0
0
0
0
0
73246.37
53494.25
32077.43
14796.53
7943.533
1.756394e-05
0.0002014831
-0.0002737193
-9.231086e-06
1.191883e-05
-3.830794e-07
1.004501e-05
1.510452e-05
-8.414436e-06
-0.003037748
0.0002071964
-0.005029817
0.0004181023
0.01124333
-0.005381097
-0.01164955
0.006572857
0.004710253
-0.01732619
0.001938119
0
6.539734e-06
5.927117e-06
5.495596e-06
1.882592e-05
1.894467e-05
1.826621e-05
1.620187e-05
1.161377e-05
0
0
0
0
0
69392.54
48911.52
34496.29
13140.35
6378.059
0.000198926
1.220518e-05
7.383373e-05
-4.388455e-05
-0.0001617285
-9.581036e-07
-5.441686e-06
-4.694121e-06
5.594068e-07
0.00311161
0.003025269
-0.002030589
-0.008299466
-0.01269275
0.003497586
0.002583434
-0.01430421
-0.01390812
-0.009131807
-0.006538517
0
0
7.14421e-06
6.48313e-06
1.980312e-05
1.979712e-05
1.911585e-05
1.703477e-05
1.250433e-05
0
0
0
0
0
71495.29
46664.77
30589.24
15718.24
4086.979
-8.330707e-05
7.77994e-05
-4.821011e-05
-9.567424e-05
-0.0001978614
1.46518e-06
-4.701934e-06
1.50061e-05
1.071272e-06
-0.002472354
0.007517653
0.009033099
0.007975582
0.01265514
0.01792082
-0.004054006
-0.008025447
-0.001051677
-0.01680521
0.005380059
0
0
0
7.271499e-06
2.053359e-05
2.032205e-05
1.953329e-05
1.746859e-05
1.294168e-05
0
0
0
0
0
73857.64
49020.57
28540.29
12771.31
8454.282
6.269664e-05
-5.093314e-05
-8.974973e-05
-9.050084e-05
6.646855e-05
-2.236057e-05
6.685536e-06
1.355603e-05
-1.332581e-05
-9.7399e-05
0.003871581
0.0117638
0.02154556
-0.007778919
0.005579836
-0.004962026
-0.01569798
-0.000392507
-0.008325986
0.0006585452
0
0
0
0
2.035348e-05
2.057924e-05
1.957927e-05
1.742342e-05
1.291767e-05
0
0
0
0
0
79028.3
50916.11
31099.01
11222.56
5343.953
-0.0001525019
5.891302e-05
-3.805611e-05
-4.035612e-05
6.728662e-05
1.940705e-05
3.531397e-05
-1.328308e-05
-5.026045e-07
0.005363179
-0.0006962451
-0.003365673
0.006297109
-0.01011756
-0.003255098
-0.005406093
0.01256599
0.003619177
-0.003334163
0.0003949173
0
0
0
0
0
1.989495e-05
1.936545e-05
1.700276e-05
1.237107e-05
0
0
0
0
0
77754.46
55892.35
32877.74
14135.72
4281.913
2.272361e-05
-0.000224224
-0.0001353785
-5.23944e-05
4.490132e-05
-9.83728e-06
-3.971741e-06
2.728193e-05
1.264657e-05
0.0007529305
-0.01424151
-0.001502701
-0.002935036
0.009621272
0.0171835
0.02652024
0.01597008
-0.01809161
-0.002268678
0.007355431
0
0
0
0
0
1.831313e-05
1.631667e-05
1.154553e-05
0
0
0
0
0
81751.36
55568.3
37531.89
15373.08
6660.497
4.953072e-06
0.0001436993
0.0001489001
0.0003176772
7.581782e-05
3.727759e-06
-2.019122e-05
-2.495422e-05
-6.574876e-06
-0.003792923
0.005230104
-0.00571627
0.01347222
-0.0005948233
-0.006726443
0.002654225
0.01853407
0.01198551
0.005122565
-0.002218512
0
0
0
0
0
1.462762e-05
9.466873e-06
0
0
0
0
0
83262.09
59603.45
38077.12
21632.02
9784.966
8.518763e-05
-0.0002803714
6.468623e-05
-0.0001067283
9.573489e-05
9.612741e-06
2.172374e-05
-1.473546e-05
-1.557842e-06
0.0006151658
-0.01173944
-0.002701509
-0.001269833
0.01331386
0.01366699
-0.006826517
0.001204167
0.009352161
0.0005639983
0.0004420813
0
0
0
0
0
8.203254e-06
0
0
0
0
0
87332.67
63720.91
44902.4
24439.62
18189.74
-7.43174e-05
0.000119353
4.815656e-05
-9.962362e-06
1.533552e-05
-4.215653e-07
4.327973e-06
1.228759e-05
2.163387e-05
-0.0008813448
0.004889984
-0.003601919
-0.0004593999
-0.001436504
-0.0004313109
0.009945262
-0.002610088
-0.0003711535
0.003076145
-0.0007556878
0
0
0
0
0
0
0
0
0
0
90870.87
69028.93
50368.27
31857.52
22038.34
5.002804e-05
0.0002028911
-0.0001323514
-0.0003233228
6.239772e-05
4.07531e-06
1.607401e-05
-2.707545e-06
-4.681933e-06
4.663135e-08
0
0
0
0
0
0
0
0
0
0
0
0
0
0
0
0
0
0
0
98576.16
72808.39
55488.52
37032.1
28347.23
0.0001565314
-1.131009e-05
-3.456701e-05
0.0001267297
0.0002245521
-9.207616e-06
-1.293104e-06
-1.201829e-06
-3.088171e-06
-1.838939e-05
0
0
0
0
0
0
0
0
0
0
0
0
0
0
0
0
0
0
108256.5
79506.11
58720.7
41068.64
32445.35
-0.000151988
-2.008255e-05
8.445003e-06
7.131174e-05
0.00013524
-1.142314e-05
-1.662707e-05
-7.222784e-07
2.02976e-05
-1.493735e-05
0
0
0
0
0
0
0
0
0
0
0
0
0
0
0
0
0
109142.8
82923.59
58118.86
43275.25
35118.24
0.0002393882
-0.0002269266
-0.0001382846
0.0001134693
2.27612e-05
7.668021e-06
-2.417399e-05
-1.031331e-05
-2.528362e-05
7.686166e-06
0
0
0
0
0
0
0
0
0
0
0
0
0
0
0
0
114321.3
87556.09
65618.25
40625.52
29744.5
-7.756211e-05
7.520842e-05
-0.0001914142
-0.0001109245
-3.891514e-05
-1.002379e-05
3.196592e-05
-1.269917e-05
-6.464958e-06
-8.373191e-06
0
0
0
0
0
0
0
0
0
0
0
0
0
0
0
4.042452e-07
-3.287135e-07
-7.378591e-07
-1.102621e-06
-1.339595e-06
-1.297617e-06
-1.287812e-06
-1.308233e-06
-1.340047e-06
1.233722e-05
1.272652e-05
1.216799e-05
9.994008e-06
5.025189e-06
0
0
0
0
0
81631.58
60910.03
43151.56
22414.25
10185.24
-9.527253e-05
-4.695473e-05
8.781144e-05
1.308948e-05
6.35099e-05
8.659889e-06
-5.283778e-06
-7.319357e-06
-1.044219e-05
1.697059e-05
0
0
0
0
0
0
2.056366e-08
-5.982831e-07
-9.937193e-07
-1.262408e-06
-1.210435e-06
-1.195847e-06
-1.210778e-06
-1.251717e-06
1.23693e-05
1.27657e-05
1.222642e-05
1.008569e-05
5.168796e-06
0
0
0
0
0
87040.69
66233.96
49475.11
31319.15
18531.83
-9.315288e-05
-0.0001808642
-8.742742e-05
-1.174943e-05
-0.0001657704
-5.582409e-06
-1.930286e-05
-1.571026e-05
-1.351843e-05
-5.762432e-06
0
0
0
0
0
0
0
-6.916952e-08
-5.932056e-07
-9.052248e-07
-8.891032e-07
-8.765641e-07
-8.971315e-07
-9.421177e-07
1.26008e-05
1.296775e-05
1.243101e-05
1.032665e-05
5.482682e-06
0
0
0
0
0
86550.41
65863.04
48484.46
30607.46
21495.52
-7.794654e-05
0.0002073572
-0.0003232171
5.921162e-05
0.0001283342
-1.854249e-06
-5.712315e-06
4.889234e-06
6.623316e-06
-3.286028e-06
0
0
0
0
0
0
0
0
3.460612e-07
-8.563315e-08
-1.407847e-07
-1.787252e-07
-2.152866e-07
-2.830035e-07
1.320153e-05
1.353087e-05
1.297149e-05
1.088407e-05
6.104919e-06
0
0
0
0
0
84113.45
63658.09
46517.66
28551.76
19720.75
-1.195048e-06
-8.373466e-05
1.754467e-05
-8.186691e-07
4.485169e-05
6.798457e-06
-1.758826e-05
1.600512e-05
-4.309508e-07
-6.261288e-06
0
0
0
0
0
0
0
0
0
1.455729e-06
1.216342e-06
1.086064e-06
9.754749e-07
8.699684e-07
1.428992e-05
1.458187e-05
1.399085e-05
1.190522e-05
7.182919e-06
0
0
0
0
0
81939.13
59414.64
42320.05
24962.7
16782.98
-4.342288e-05
-0.0001831603
-0.000110248
8.983349e-06
-0.0001117702
7.9132e-06
2.959344e-06
1.79608e-05
-1.338413e-05
-5.335274e-07
0
0
0
0
0
0
0
0
0
0
3.332018e-06
2.949975e-06
2.701171e-06
2.485164e-06
1.584608e-05
1.606536e-05
1.545094e-05
1.33624e-05
8.702391e-06
0
0
0
0
0
76197.9
57017.84
36688.63
19418.32
12270.28
3.487189e-05
-0.0001260899
-2.15808e-06
0.0001338319
-0.0001521265
-3.874345e-05
1.232957e-05
-2.71386e-05
-9.053621e-06
0.002544912
0.0005427874
0.002152332
-0.001615523
-0.002757262
-0.001848647
-0.006618333
0.0009991579
-0.003620085
0.001161989
-0.00320627
0
5.031664e-06
4.50745e-06
4.155306e-06
1.747637e-05
1.763424e-05
1.697712e-05
1.490623e-05
1.028758e-05
0
0
0
0
0
71379.46
50896.98
35447.85
14260.13
7235.659
-6.794205e-06
-0.0001061332
-0.0001803333
0.0002797933
2.280747e-05
1.407187e-05
1.318816e-05
3.226969e-06
-2.890732e-05
0.0005788083
0.002317145
-0.008809352
-0.0003353943
0.006902367
-0.01414193
-0.009514991
0.00569401
-4.660814e-06
0.005630732
0.005473709
0
0
6.188132e-06
5.568249e-06
1.887982e-05
1.890178e-05
1.822039e-05
1.613995e-05
1.158299e-05
0
0
0
0
0
71944.59
47048.55
30738.85
17094.73
5706.852
-8.866142e-06
-0.0001306733
-1.946355e-05
0.0001019363
-6.717097e-05
1.085104e-05
-1.080762e-06
-3.705445e-06
1.229195e-05
-0.001495877
-0.01073026
-0.007480582
-0.003934499
0.008474242
-0.002622202
0.002189432
-0.002975883
-0.005007422
0.01119348
3.550026e-05
0
0
0
6.789938e-06
2.004916e-05
1.985386e-05
1.905896e-05
1.700375e-05
1.245414e-05
0
0
0
0
0
74034.22
49225.8
28878.14
13145.22
8235.706
-2.822319e-05
-0.0001448214
-0.0001182515
-2.941842e-05
2.151773e-05
7.124239e-08
-3.442554e-06
7.353071e-06
-2.933306e-05
0.002846581
0.001451734
-0.005758078
-0.01836798
-0.006653224
-0.021865
-0.008619528
0.004878899
0.001557079
0.01539362
0.009352949
0
0
0
0
2.035353e-05
2.057924e-05
1.957921e-05
1.742341e-05
1.291762e-05
0
0
0
0
0
79027.89
50914.8
31095.2
11222.75
5343.922
4.510815e-05
-0.0001527366
-9.089911e-05
-3.302062e-05
5.481883e-05
8.333757e-06
2.306295e-05
-1.166816e-05
-6.232092e-06
0.002424775
-0.004740497
-0.005222262
-0.01009789
-0.01242042
0.003338923
0.005238052
-0.003049337
0.01213545
-0.00186326
0.000945937
0
0
0
0
0
2.031097e-05
1.983182e-05
1.746137e-05
1.287808e-05
0
0
0
0
0
78980.68
55600.36
32488.47
13734.73
3862.085
7.140955e-05
0.0002589101
-6.84781e-06
8.602409e-05
-5.262617e-06
-2.158616e-06
-2.522641e-05
-2.335728e-05
1.204851e-05
0.0001916817
0.0005981555
0.005053895
-0.01317261
-0.00119045
-0.008302017
-0.01202475
0.002459563
-0.007454606
-0.005387285
0.001651152
0
0
0
0
0
1.909567e-05
1.722095e-05
1.24353e-05
0
0
0
0
0
81301.46
53908.38
37154.54
15214.19
6699.51
9.191436e-05
-0.0002124103
8.157114e-05
0.0003640642
5.460804e-05
-2.555735e-06
2.140962e-05
1.340147e-05
-2.703981e-05
-0.0004860964
-0.007035412
-0.001782708
0.004536176
-0.01411598
0.008498204
-0.01124344
-0.01752986
0.003435866
0.01167782
-0.0007588307
0
0
0
0
0
1.592693e-05
1.165629e-05
0
0
0
0
0
81356.11
57900.03
36544.9
19379.48
7701.64
2.137867e-05
0.0001666667
-5.679348e-05
-6.201166e-05
-0.0001753899
-4.22864e-06
1.101895e-07
1.00097e-05
1.305761e-05
0.007203762
0.003361201
-0.002464551
0.01387925
-0.02459495
-0.01138875
-0.0003262761
-0.01033977
0.001701256
-0.009503045
-0.005103554
0
0
0
0
0
9.850692e-06
0
0
0
0
0
83462.6
59216.27
40253.39
19512.07
13671.4
0.0001068692
-9.110861e-05
0.0001953752
-0.0001338666
6.055902e-05
-8.482557e-06
-5.756653e-06
-1.953213e-05
2.140512e-05
0.003369525
-0.003160669
3.11472e-06
0.009493178
0.01107321
0.0004523855
-0.01558816
0.01985207
0.0004499233
-0.009053966
0.001719286
0
0
0
0
0
0
0
0
0
0
86264.19
63924.69
44705.2
26323.2
16322.38
6.531562e-05
-5.36746e-05
5.311492e-05
-0.0002348042
-2.144348e-05
-1.503367e-05
-7.374726e-06
1.98232e-05
-3.446539e-06
0.001297103
0.001035637
-0.0005079439
-0.007546706
0.004429289
-0.0002942512
0.001856606
-0.008762873
0.006131619
0.002021511
-0.0001526502
0
0
0
0
0
0
0
0
0
95261.69
68209.88
50614.61
31934.77
23570.02
0.000114946
-0.0001261726
-0.0001070041
0.0001730067
6.14072e-05
-1.707565e-05
-3.494356e-07
6.854783e-07
-7.130394e-06
9.070085e-06
0
0
0
0
0
0
0
0
0
0
0
0
0
0
0
0
0
0
105727.3
76655.24
54940.69
37312.46
28672.46
-0.0001066351
-0.0002710851
3.045444e-05
0.0001159449
-3.150664e-05
2.456464e-07
6.343244e-06
1.498494e-05
1.659901e-05
1.364976e-06
0
0
0
0
0
0
0
0
0
0
0
0
0
0
0
0
0
108189.4
86681.8
62081.48
40734.21
32692.34
-7.075893e-05
9.873395e-05
0.0001327118
-5.854641e-05
-3.788335e-05
-6.830605e-06
1.8705e-05
3.419771e-06
-1.43277e-06
-1.107052e-05
0
0
0
0
0
0
0
0
0
0
0
0
0
0
0
0
114300.8
87058.19
64923.05
39903.79
34821.02
4.392044e-06
-0.0001790842
0.0002690459
0.0002215678
-4.356217e-06
1.559869e-05
-2.627057e-05
1.859762e-05
1.096313e-05
8.225e-06
0
0
0
0
0
0
0
0
0
0
0
0
0
0
0
124356.2
92604.66
69697.99
47318.73
32178.85
3.313857e-05
0.0001243266
-0.0001219701
0.0001826074
5.650596e-05
8.228253e-06
1.155609e-05
-3.871808e-05
-1.206318e-05
8.216985e-06
0
0
0
0
0
0
0
0
0
0
0
0
0
0
0
-1.031036e-07
-7.212532e-07
-1.113223e-06
-1.373345e-06
-1.317573e-06
-1.299305e-06
-1.305168e-06
-1.338126e-06
1.228751e-05
1.269262e-05
1.215118e-05
9.977882e-06
5.02595e-06
0
0
0
0
0
83002.4
61598.74
44383.46
25980.26
14867.21
1.593972e-05
4.547886e-06
-2.220533e-05
-0.0001085913
3.267452e-05
-9.063716e-06
-1.331873e-05
-9.127578e-06
1.98517e-05
2.638008e-06
0
0
0
0
0
0
0
-4.086516e-07
-9.709763e-07
-1.274299e-06
-1.245242e-06
-1.217864e-06
-1.22029e-06
-1.249127e-06
1.232936e-05
1.271363e-05
1.218407e-05
1.006942e-05
5.194985e-06
0
0
0
0
0
87864.82
67406.66
50242.69
32624.61
23674.68
-2.433684e-05
0.0001539887
7.070223e-05
0.0002018027
1.129145e-05
2.098109e-05
1.01666e-05
1.118689e-05
1.993131e-05
8.513099e-06
0
0
0
0
0
0
0
0
-4.403199e-07
-8.865914e-07
-9.071899e-07
-9.108865e-07
-9.167656e-07
-9.523277e-07
1.256641e-05
1.292489e-05
1.2379e-05
1.02837e-05
5.46299e-06
0
0
0
0
0
86490.11
66405.25
49469.63
31560.1
22960.22
-5.859022e-05
0.0001351157
-0.0002999449
8.437891e-05
-1.580123e-05
3.283223e-07
2.339745e-05
1.331808e-05
-5.16651e-06
1.067074e-06
0
0
0
0
0
0
0
0
0
4.768364e-08
-1.245263e-07
-1.940525e-07
-2.490262e-07
-3.019815e-07
1.315822e-05
1.349367e-05
1.292746e-05
1.08359e-05
6.062937e-06
0
0
0
0
0
84484.19
63468.34
46728.63
29320.09
20913.37
-8.224249e-05
-0.0001447061
-5.646916e-05
0.0001955576
0.0001571603
-1.009325e-06
6.68905e-06
4.998188e-06
1.539345e-05
6.807581e-06
0
0
0
0
0
0
0
0
0
0
1.362855e-06
1.107063e-06
9.619625e-07
8.364643e-07
1.424837e-05
1.453371e-05
1.395258e-05
1.186313e-05
7.145302e-06
0
0
0
0
0
79479.96
60965.65
42009.78
24797.15
17332.3
0.0001647663
0.0002162987
0.0002710135
0.0001009405
6.688686e-05
4.196623e-05
-3.911409e-06
-1.040754e-05
-1.307222e-05
-2.511791e-07
0
0
0
0
0
0
0
0
0
0
0
3.131999e-06
2.743613e-06
2.483978e-06
1.581176e-05
1.602414e-05
1.539941e-05
1.332651e-05
8.668204e-06
0
0
0
0
0
74585.82
54437.18
39375.2
18980.52
11785.79
-0.0001557857
-0.0001514142
0.0001643872
7.419811e-05
-0.0001188099
1.929743e-05
3.278741e-05
-1.443932e-05
1.693312e-05
-0.0007800065
-0.003086573
0.002519453
0.0003889663
0.0008211713
0.001047464
0.003531579
0.007755446
0.002219688
0.004706303
0.001270197
0
0
4.738152e-06
4.209481e-06
1.752094e-05
1.759579e-05
1.693428e-05
1.48521e-05
1.02581e-05
0
0
0
0
0
73885.46
49207.04
32773.98
17764.09
6685.871
7.153627e-05
-7.845226e-05
0.0001155946
0.000133529
-0.0001165919
-4.694246e-06
-1.588272e-05
-1.726455e-05
1.687736e-06
0.003088016
-0.00249187
-0.0003565013
0.004606167
-0.005131891
-0.005440648
0.01257367
0.01220804
0.01350777
-0.001464033
0.0004581424
0
0
0
5.82329e-06
1.909906e-05
1.895906e-05
1.817842e-05
1.609892e-05
1.153424e-05
0
0
0
0
0
74610.05
49580.43
29104.65
13135.68
9583.813
-2.773691e-06
-4.624041e-07
-8.932209e-05
2.712556e-05
-0.0001210006
1.558127e-05
-2.36446e-05
-4.368252e-06
9.070168e-06
-0.002309247
-0.002989461
0.007354277
0.01158831
-0.01301913
-0.006142858
-0.00499954
-0.0004313829
-0.01160617
-0.01063567
0.001609369
0
0
0
0
1.992529e-05
2.010682e-05
1.911833e-05
1.694022e-05
1.244748e-05
0
0
0
0
0
79226.32
51186.53
31416.03
11631.68
5733.467
5.064561e-05
7.251937e-05
0.0002813391
0.0001716134
4.731576e-05
-6.214802e-06
3.542913e-06
2.880155e-05
6.620652e-06
-8.939943e-05
-0.009623177
0.01219632
0.005712561
0.008042309
0.005500413
0.005454694
-0.0009389255
0.004567412
0.002430353
0.0008849702
0
0
0
0
0
2.031102e-05
1.983182e-05
1.746132e-05
1.287807e-05
0
0
0
0
0
78980.6
55599.96
32487.11
13730.77
3862.263
-0.0001836895
-2.382808e-05
0.0001015104
0.0001505517
8.049037e-05
7.128142e-06
-1.825318e-05
-1.60814e-05
2.523562e-05
-0.000923784
-0.006517408
0.005845725
0.01742149
0.01157071
0.01288785
0.001843075
-0.006407899
0.00753772
-0.0065178
-0.002671931
0
0
0
0
0
1.950033e-05
1.768757e-05
1.289707e-05
0
0
0
0
0
84686.63
55322.7
36750.14
14752.97
6285.446
-0.0001698523
-3.3488e-05
-0.0002539327
2.83396e-05
-6.896739e-05
-1.160729e-06
-2.382578e-05
1.035379e-05
-3.867582e-06
-0.0005935183
0.004613685
0.005819348
-0.01052958
0.01516507
-0.007346865
0.01029146
-0.01276211
-0.004860395
-0.004855808
0.0001084318
0
0
0
0
0
1.684653e-05
1.258063e-05
0
0
0
0
0
80733.04
57898
34791.36
19178.51
7612.882
0.0002603124
-0.0001836741
0.0002926905
-1.409142e-05
-0.0001388909
-1.862917e-05
-9.123273e-06
-2.10286e-06
-1.799471e-05
0.003206916
0.0006522781
-0.003984271
-0.0002185443
0.00148335
0.002855145
0.01419307
-0.002373123
-0.008021931
-0.005665371
0.001167923
0
0
0
0
0
1.10947e-05
0
0
0
0
0
81588.49
57346.56
38773.74
18297.98
11521.83
-3.91434e-05
-3.247035e-05
-7.298998e-06
-0.0001049001
-5.400978e-05
1.823552e-05
1.23303e-05
1.316534e-05
1.099318e-06
-0.002181336
-0.005756723
0.006933607
-0.003980408
-0.01470765
0.002948594
0.002971366
-0.01075115
0.002508325
-0.004798218
0.0003997324
0
0
0
0
0
0
0
0
0
0
82114.94
59458.82
39802.04
21576.73
11468.61
-3.859016e-05
-0.0001463178
1.265689e-06
-9.203419e-05
0.0001603386
1.440305e-05
1.514919e-05
-5.676738e-06
-2.280937e-06
0.001225141
-0.005613348
0.001253475
0.01694734
-0.003577862
-0.003360381
-0.005580148
0.01297611
-0.02391423
-0.006082952
-4.87961e-05
0
0
0
0
0
0
0
0
0
91252.3
62868.65
44974.2
26092.39
18079.99
9.994925e-05
0.0001240055
5.981219e-05
-0.0002113946
0.0001543267
1.368322e-05
2.971897e-06
9.704103e-06
-1.518304e-05
0.002964579
0.0006856424
0.002863564
-0.0008130649
0.006786775
-0.005078169
0.003550878
-0.006380095
0.001547242
0.00096922
-0.001407814
0
0
0
0
0
0
0
0
102040.6
72665.24
49841.44
32227.53
23604.06
4.677367e-05
-0.0001291787
7.85946e-05
3.538837e-05
-3.41755e-05
1.278175e-05
8.986406e-06
-1.783278e-05
-1.420058e-05
6.356834e-06
0
0
0
0
0
0
0
0
0
0
0
0
0
0
0
0
0
110404.6
83603.53
58827.18
36770.35
28941.73
-2.188825e-05
-1.094381e-05
0.0001579474
0.0001807622
-5.181419e-05
-9.35934e-06
4.994891e-06
-1.19404e-05
-2.563867e-05
-3.618858e-06
0
0
0
0
0
0
0
0
0
0
0
0
0
0
0
0
113870.7
85797.75
69085.13
44089.95
32280.06
-0.0001285897
-6.58413e-05
-2.875937e-05
-0.000117192
4.478219e-05
1.397336e-06
5.171265e-06
-2.048588e-05
5.673473e-07
7.16521e-06
0
0
0
0
0
0
0
0
0
0
0
0
0
0
0
124011.6
92372.21
69039.03
46532.23
31429.54
-1.340101e-05
-3.214769e-05
1.042488e-05
-0.0001942052
-0.0001369445
3.64707e-07
-4.306763e-06
1.528385e-05
-1.679373e-06
1.30349e-07
0
0
0
0
0
0
0
0
0
0
0
0
0
0
0
102643.8
74849.9
51368.51
38718.61
0.0001431396
2.356743e-05
-8.456218e-05
-3.261057e-05
-7.915562e-05
-2.59056e-06
-2.686778e-06
-1.119133e-05
3.37125e-05
1.084538e-05
0
0
0
0
0
0
0
0
0
0
0
0
0
0
0
-5.481997e-07
-1.102891e-06
-1.385082e-06
-1.351326e-06
-1.318638e-06
-1.316557e-06
-1.335547e-06
1.224613e-05
1.263962e-05
1.210958e-05
9.962481e-06
5.009975e-06
0
0
0
0
0
83874.16
62814.86
45127.62
27262.83
18387.27
-1.860891e-05
-0.0001490548
-5.4947e-05
7.975565e-05
0.000100325
6.382007e-07
1.082381e-05
1.8868e-05
1.669474e-05
-1.050243e-05
0
0
0
0
0
0
0
0
-8.297988e-07
-1.258955e-06
-1.261718e-06
-1.251434e-06
-1.241667e-06
-1.258573e-06
1.229362e-05
1.266991e-05
1.213195e-05
1.002977e-05
5.176095e-06
0
0
0
0
0
87947.57
68059.24
51263.32
33428.62
24982
-0.0001444799
-8.153434e-05
-1.294324e-05
-6.833506e-05
-0.0001254707
3.92542e-06
-4.454265e-05
-4.390255e-06
1.525034e-05
-1.358549e-06
0
0
0
0
0
0
0
0
0
-7.633402e-07
-8.96879e-07
-9.295565e-07
-9.495593e-07
-9.713999e-07
1.252396e-05
1.288684e-05
1.233534e-05
1.023698e-05
5.425081e-06
0
0
0
0
0
86110.46
66357.51
49856.3
32433.35
23918.4
3.884891e-05
4.188094e-05
2.028273e-05
0.0001826774
4.485731e-05
-1.539931e-05
-1.009677e-05
-2.669912e-05
-1.275035e-05
1.093742e-06
0
0
0
0
0
0
0
0
0
0
-2.541309e-09
-1.815341e-07
-2.64613e-07
-3.341201e-07
1.311602e-05
1.344772e-05
1.288924e-05
1.079595e-05
6.029045e-06
0
0
0
0
0
82111.09
64154.32
46551.51
29396.28
21664.15
-2.633142e-05
9.174111e-05
0.0002090095
0.0001178434
-0.0001039628
-3.621698e-05
-1.017418e-06
-9.198726e-06
-7.79996e-06
-7.588092e-06
0
0
0
0
0
0
0
0
0
0
0
1.24399e-06
9.796633e-07
8.227057e-07
1.421126e-05
1.449051e-05
1.390439e-05
1.182841e-05
7.115303e-06
0
0
0
0
0
78145.62
58440.57
43835.48
24481.28
17107.18
-3.173974e-05
-0.0001037482
-0.0001295355
-0.0001842914
-5.948778e-05
2.463775e-06
-3.155662e-05
-5.747102e-06
9.887129e-06
6.138895e-06
0
0
0
0
0
0
0
0
0
0
0
0
2.918316e-06
2.522146e-06
1.585424e-05
1.598994e-05
1.535877e-05
1.327931e-05
8.64346e-06
0
0
0
0
0
77036.92
52966.86
36735.32
21810.17
11334.16
-8.607459e-05
0.0001988587
0.0001407248
-0.0001741409
-2.165681e-05
2.15638e-05
-3.487258e-05
-1.339538e-06
1.016139e-05
0.0007667945
0.002718961
0.00171115
0.001948071
0.001899771
0.001208776
-0.001094476
-0.003758804
-0.00764362
-0.005205784
-0.003478233
0
0
0
4.428766e-06
1.669228e-05
1.764242e-05
1.689674e-05
1.481382e-05
1.02168e-05
0
0
0
0
0
76731.57
51696.47
31281.87
15056.33
10127.82
6.63567e-05
-5.489012e-06
0.0001001155
-2.022513e-06
1.852044e-05
3.430036e-06
1.331907e-05
1.18596e-05
-8.371136e-06
-0.0002672778
-0.001196615
-0.008175349
-0.00330386
-0.000697696
0.005642988
0.01352987
-0.01563274
-0.006624868
0.00321227
-0.0006881889
0
0
0
0
1.89669e-05
1.918495e-05
1.823992e-05
1.605945e-05
1.150565e-05
0
0
0
0
0
79850.94
51669.8
31617.25
11679.14
5658.968
-1.074125e-05
-9.159122e-06
0.000176573
0.0001015953
-3.774371e-05
-1.310146e-07
-6.643831e-06
1.467768e-05
-1.033896e-05
-0.0006953927
0.008412129
-0.001207881
-0.00185168
-0.006558704
0.009104089
0.0006323582
0.005294681
-0.001810866
0.007060128
-0.001662304
0
0
0
0
0
1.989505e-05
1.936547e-05
1.700262e-05
1.237103e-05
0
0
0
0
0
77754.25
55891.23
32873.86
14124.31
4282.367
0.00017293
-0.000183397
-6.591434e-05
-0.000146772
-5.905881e-05
9.859143e-06
-9.651792e-06
5.761137e-06
-4.842851e-05
-0.001906293
0.004456593
0.008618071
-0.006748025
-0.007799327
0.007699548
-0.001188247
0.01456105
0.004774194
-0.01672241
0.002040698
0
0
0
0
0
1.950037e-05
1.768758e-05
1.289703e-05
0
0
0
0
0
84686.55
55322.61
36749.75
14751.6
6281.532
2.125582e-05
0.0003197306
9.611646e-05
0.000162146
-6.112842e-05
-1.340945e-05
-6.724108e-06
1.31428e-05
6.443125e-06
0.005113468
0.006230414
0.008316405
0.006804335
-0.003815997
0.001721726
-0.003020576
-0.000397239
0.0123687
-0.008978004
0.001138102
0
0
0
0
0
1.725749e-05
1.305472e-05
0
0
0
0
0
80454.86
61306.21
36402.31
18704.77
7138.792
-8.560383e-05
6.976079e-05
-1.432197e-05
0.0002245762
-2.708542e-05
6.834974e-06
3.072906e-06
1.85547e-05
2.705216e-07
-0.00239952
0.005415127
-0.002356847
-0.01283347
0.01702367
0.009156871
-0.001816719
0.007271745
0.01075921
-0.01185264
0.001240724
0
0
0
0
0
1.196116e-05
0
0
0
0
0
80971.15
56634.38
39388.12
16549.14
11388.5
9.241924e-05
-0.0001060065
0.0001547457
-0.0001081037
2.411591e-05
-1.76385e-05
2.321843e-05
1.033439e-05
2.566825e-06
0.002457757
-0.01047752
-0.001278177
0.0008850676
0.018141
-0.004112183
-0.01375105
-0.002445541
-0.006283423
0.005004021
-0.005603961
0
0
0
0
0
0
0
0
0
0
79957.32
57603.69
38139.62
20414.18
10402.01
1.659827e-05
0.0001928554
0.0001606953
-0.0001218738
9.520166e-05
2.326181e-05
-2.5308e-05
-7.386955e-06
-2.021687e-05
0.004541961
0.005344187
0.004380585
0.009431957
0.0119112
-0.0005642054
0.0002926356
0.001897634
0.00972159
0.002286511
0.003610264
0
0
0
0
0
0
0
0
0
87570.71
58132.86
40096.98
21087.1
13399.74
5.5394e-05
-1.760797e-05
0.0001004965
-1.905284e-05
-3.34199e-06
-1.512948e-05
-2.866127e-06
5.761118e-06
5.30825e-06
-0.00183851
0.003384553
0.004413994
-0.005393417
-0.01307598
0.01166314
-0.001533425
0.01914874
-0.01433295
-0.0004912463
0.0001784279
0
0
0
0
0
0
0
0
97559.09
67933.19
43979.19
26398.46
17822.5
0.0001749014
0.0001555938
-9.689372e-05
5.328913e-06
8.575459e-05
-1.048047e-05
-2.54467e-05
1.410166e-05
-1.55223e-05
0.001434701
-0.008913174
-0.003726543
-0.006393407
-0.007868449
-0.005298067
-0.007528399
0.001652109
0.001597539
0.0049167
0.0008108424
0
0
0
0
0
0
0
107000
79225.05
54338.05
31469.35
23887.11
-0.0001957457
-7.912945e-05
-5.960179e-05
6.479649e-05
-5.547954e-05
1.177596e-06
-1.400798e-05
8.424903e-06
9.326153e-06
2.531137e-06
0
0
0
0
0
0
0
0
0
0
0
0
0
0
0
0
117044.7
88244.32
65594.17
40644.99
28330.36
5.204606e-06
0.0001800947
8.794442e-05
7.849243e-05
-0.0002246597
-3.330823e-06
1.39256e-05
1.630353e-06
1.789309e-06
8.958774e-06
0
0
0
0
0
0
0
0
0
0
0
0
0
0
0
122768.9
91623.06
67549.35
50930.97
35574.35
-2.557582e-05
0.0001384639
-3.561301e-05
0.0001410009
0.000110013
-7.976598e-06
5.185563e-06
6.517917e-06
4.177519e-06
-7.423864e-07
0
0
0
0
0
0
0
0
0
0
0
0
0
0
0
102035
74450.64
50614.7
37897.85
4.740526e-05
0.0001077815
-1.524509e-05
2.653996e-05
0.0002228555
9.336444e-06
-1.43093e-05
-3.745479e-06
-2.799728e-05
-4.086433e-06
0
0
0
0
0
0
0
0
0
0
0
0
0
0
0
84975.5
56518.79
42692.55
-3.5162e-06
-0.0001217469
6.703819e-05
-0.0001513044
0.0001268316
9.062695e-06
6.325031e-06
-1.773656e-05
-1.477393e-06
-6.463045e-06
0
0
0
0
0
0
0
0
0
0
0
0
0
0
0
-9.797524e-07
-1.372067e-06
-1.367468e-06
-1.351091e-06
-1.335282e-06
-1.346969e-06
1.220866e-05
1.259437e-05
1.20563e-05
9.945093e-06
4.99192e-06
0
0
0
0
0
88506.58
63520.56
46204.17
28045.05
19672.13
-0.0002165994
0.0001968185
0.0001072871
-8.956571e-07
-1.071301e-05
-2.848599e-06
-1.578124e-05
-1.963893e-06
-2.077955e-05
-7.269644e-06
0
0
0
0
0
0
0
0
0
-1.147311e-06
-1.255283e-06
-1.26847e-06
-1.273622e-06
-1.279437e-06
1.225023e-05
1.26305e-05
1.208754e-05
9.98322e-06
5.14195e-06
0
0
0
0
0
82508.03
68158.18
51770.83
34346.06
25792.72
3.630643e-05
0.0001004442
0.0001184634
9.871239e-05
5.23844e-05
1.849131e-05
-2.164923e-05
3.353822e-05
7.566081e-06
-1.076064e-05
0
0
0
0
0
0
0
0
0
0
-7.86251e-07
-9.233715e-07
-9.685136e-07
-1.002588e-06
1.248042e-05
1.284162e-05
1.229651e-05
1.019796e-05
5.393351e-06
0
0
0
0
0
83880.07
66283.62
49826.28
32695.53
24777.79
6.270659e-05
-5.763345e-05
5.183188e-05
-9.632253e-05
-1.749221e-05
2.175997e-06
1.152426e-05
1.972342e-05
5.271245e-06
4.884973e-06
0
0
0
0
0
0
0
0
0
0
0
-7.360658e-08
-2.554614e-07
-3.500572e-07
1.308001e-05
1.340384e-05
1.284324e-05
1.076185e-05
6.002455e-06
0
0
0
0
0
81028.4
61734.3
47508.91
29221.21
21680.2
0.0001198842
0.0001367107
7.792387e-05
-0.000274129
-6.533512e-05
6.578265e-07
2.040372e-05
6.598623e-06
-1.012979e-05
7.264021e-06
0
0
0
0
0
0
0
0
0
0
0
0
1.103522e-06
8.369063e-07
1.424332e-05
1.445385e-05
1.386192e-05
1.178475e-05
7.092844e-06
0
0
0
0
0
80544.8
57208.77
41271.03
26458.91
16777.89
-9.493539e-05
0.000134871
-5.333725e-05
-0.0002132124
1.259059e-05
-9.605953e-06
-5.875104e-06
-1.203286e-06
4.981647e-06
-5.776818e-06
0
0
0
0
0
0
0
0
0
0
0
0
0
2.682818e-06
1.499975e-05
1.603439e-05
1.53255e-05
1.324317e-05
8.608732e-06
0
0
0
0
0
80141.12
55404.15
35427.4
19146.67
14122.12
-0.0001236078
-2.773288e-05
-4.571729e-05
-1.038617e-05
0.0001014684
-5.595182e-06
-2.013231e-05
2.829564e-05
-1.821023e-05
-0.0003393808
-0.002515867
0.001771195
0.0002076454
-0.000748525
0.001131913
0.0003191269
0.00470992
0.001199635
0.004091727
0.002877999
0
0
0
0
1.754355e-05
1.680425e-05
1.694276e-05
1.477854e-05
1.019043e-05
0
0
0
0
0
82052.21
53968.34
33755.65
13716.91
7478.578
-3.003355e-06
-0.0001065413
-6.819194e-05
-1.756893e-06
-9.038626e-05
5.642973e-06
3.216687e-06
5.536562e-06
-6.711225e-06
0.003992243
-0.00331245
0.002251374
0.005657791
-0.008150496
0.0009794696
-0.002342423
-0.006059937
0.01083685
-0.0004854161
-0.00150952
0
0
0
0
0
1.912235e-05
1.845969e-05
1.612698e-05
1.146968e-05
0
0
0
0
0
79268.33
56421.38
33205.19
14150.33
4255.035
1.481559e-05
-6.116909e-06
4.66108e-05
-2.20932e-05
-2.476101e-05
-8.471596e-06
-2.100187e-05
-4.31717e-06
8.927803e-06
0.003351365
0.009918749
-0.006781063
-0.002740326
0.01149721
-0.002904854
-0.002940642
-0.003872412
-0.007493918
0.0005969739
0.0005689824
0
0
0
0
0
1.909577e-05
1.722096e-05
1.243517e-05
0
0
0
0
0
81301.36
53908.17
37153.44
15210.27
6688.235
-9.169483e-05
-0.0001122907
0.0004045687
3.666822e-05
2.748896e-05
-6.980235e-06
9.888084e-07
2.055827e-05
-1.561493e-05
0.001409572
-0.002201452
-0.009798995
-0.01016634
-0.007289429
-0.002760186
0.01322153
0.01332037
-0.01156157
0.00436649
0.003417105
0
0
0
0
0
1.725753e-05
1.305473e-05
0
0
0
0
0
80454.82
61306.13
36402.22
18704.39
7137.451
-3.080599e-05
-8.80013e-05
-0.0003833333
-0.0002033414
-0.0001457222
1.070306e-06
2.259244e-05
-8.457234e-06
-7.10658e-06
-0.0006925178
-0.01702571
0.003972259
-0.001959006
-0.004539575
0.001304383
-0.002494395
-0.01275051
0.0168362
0.003320918
0.00166708
0
0
0
0
0
1.240688e-05
0
0
0
0
0
80695.67
56134
42474.6
18345.28
10901.16
5.895686e-05
-2.912219e-05
3.538339e-06
-7.529624e-05
-8.840169e-05
-2.746885e-06
-9.667041e-06
-1.49607e-05
6.004653e-06
0.00119278
0.01502565
0.005612867
0.004609364
-0.006259597
-0.01679661
-0.006102907
0.006940994
-0.006428881
0.001935736
0.01043795
0
0
0
0
0
0
0
0
0
0
79117.53
56886.5
37329.14
21617.82
8698.51
-4.784655e-06
-0.0001302297
-6.904594e-06
-8.43888e-06
4.952675e-05
5.190842e-06
2.056134e-05
-1.251199e-05
-5.379362e-07
-0.006271929
-0.009319646
0.009969511
-0.02402782
-0.005886987
-0.01092442
0.01279884
0.01653569
-0.007340177
0.004001643
-0.002391183
0
0
0
0
0
0
0
0
0
85667.29
55997.27
38432.61
19730.79
12383.92
3.885288e-06
-9.925179e-05
8.50596e-05
-5.250938e-05
1.860426e-05
-5.10389e-06
-3.153096e-05
3.647218e-05
-2.596378e-06
0.002733726
-0.004266964
-0.009037491
-0.009896093
-0.005355558
-0.0226839
0.01193946
-0.01447127
-0.005900689
0.003925033
-0.0008815748
0
0
0
0
0
0
0
0
93532.89
63671.2
38844.85
21410.9
12895.77
0.0001588513
-0.0001372212
1.617033e-06
0.0001241902
6.207394e-05
-2.724969e-06
1.315196e-05
-8.551994e-06
-1.357319e-05
-0.001085943
0.009197631
-0.006855204
0.003209443
0.01847696
0.008523426
0.007875079
-0.01051567
-0.01634027
-0.001779669
-0.004873218
0
0
0
0
0
0
0
102725
74004.25
49086.13
25431.58
18119.55
-0.0001349017
-0.0001530199
-0.0002586041
-0.0001965553
7.151823e-05
7.57368e-06
2.066625e-05
1.922021e-05
-9.484408e-06
0.0006891177
-0.002314811
0.006476843
0.0008439721
-0.0002845129
0.001859674
-0.001796051
0.005986602
0.001898773
0.005071115
0.0005942349
0
0
0
0
0
0
114596.8
84149.41
60706.78
35943.45
23075.14
-0.0002100348
0.0001761803
0.000123729
6.159163e-05
-4.572472e-05
1.418159e-05
-8.344307e-06
4.491037e-06
1.536837e-05
3.203429e-06
0
0
0
0
0
0
0
0
0
0
0
0
0
0
0
120703.7
95044.26
70230.57
47240.67
32127.25
-7.897346e-05
0.0001506273
-9.960999e-05
-7.686479e-05
-0.0001007864
1.45145e-05
1.058004e-05
-2.149217e-05
6.483208e-06
1.502776e-06
0
0
0
0
0
0
0
0
0
0
0
0
0
0
0
100436.7
73458.38
49007.8
42241.94
-0.0001482204
6.981889e-05
-0.0001669499
0.0001360751
-0.0001145697
-1.143112e-05
1.964915e-05
-2.204809e-05
-2.498286e-05
3.197285e-06
0
0
0
0
0
0
0
0
0
0
0
0
0
0
0
84160.09
56018.23
41899.95
9.028407e-06
-0.0001094311
-0.0002320472
8.710121e-05
-3.850667e-05
-8.950406e-06
-4.224561e-06
1.152737e-05
4.975903e-06
1.239366e-05
0
0
0
0
0
0
0
0
0
0
0
0
0
0
0
66537.46
47752.13
-1.332989e-05
-0.0001093547
6.234944e-05
-7.420849e-05
0.0001790465
-2.265475e-05
-7.369292e-06
-3.554357e-06
-5.160105e-06
5.447409e-06
0
0
0
0
0
0
0
0
0
0
0
0
0
0
0
-1.275592e-06
-1.363284e-06
-1.367831e-06
-1.366398e-06
-1.365184e-06
1.215793e-05
1.255321e-05
1.20106e-05
9.893004e-06
5.014483e-06
0
0
0
0
0
82548.84
68938.38
46769.35
29025.63
20461.21
0.0001156883
0.0002834239
-0.0003255408
-0.0001186396
1.024523e-05
3.469019e-06
1.165594e-06
2.171903e-05
-1.636931e-05
1.001256e-05
0
0
0
0
0
0
0
0
0
0
-1.155184e-06
-1.266378e-06
-1.290808e-06
-1.310018e-06
1.219977e-05
1.258419e-05
1.204745e-05
9.943878e-06
5.111147e-06
0
0
0
0
0
84893.78
62243.48
51888.63
34735.98
26699.4
0.0001436031
-0.0001168073
0.0001231699
-0.0001147286
-0.0001450577
7.903988e-06
-9.096378e-06
9.349641e-06
-3.391387e-06
-1.753388e-06
0
0
0
0
0
0
0
0
0
0
0
-8.297142e-07
-9.657582e-07
-1.021919e-06
1.2445e-05
1.279626e-05
1.225123e-05
1.016369e-05
5.368818e-06
0
0
0
0
0
82972.54
64020.35
50024.04
32669.95
24979.62
-0.0001196786
-3.719244e-05
-3.607555e-05
-6.995308e-05
6.570026e-06
-8.598245e-06
1.183963e-05
-1.814174e-05
-7.210715e-06
6.41709e-07
0
0
0
0
0
0
0
0
0
0
0
0
-1.61435e-07
-3.443975e-07
1.311208e-05
1.336832e-05
1.28001e-05
1.072047e-05
5.981792e-06
0
0
0
0
0
83370.68
60724.29
45064.14
30339.79
21489.59
-4.956485e-05
-0.0001613315
-0.0001764343
-2.391175e-05
0.000182467
5.798524e-06
3.156511e-06
-1.330465e-05
-1.069724e-05
6.885021e-06
0
0
0
0
0
0
0
0
0
0
0
0
0
9.461182e-07
1.336812e-05
1.448834e-05
1.382636e-05
1.1747e-05
7.062086e-06
0
0
0
0
0
83988.71
59597.5
40161.84
23880.86
18738.28
7.959126e-05
1.581627e-05
-0.0001863582
0.0001936575
0.0002165887
2.824417e-06
2.695263e-05
7.377658e-06
-2.705233e-06
-2.189532e-07
0
0
0
0
0
0
0
0
0
0
0
0
0
0
1.587443e-05
1.517197e-05
1.536896e-05
1.321175e-05
8.584183e-06
0
0
0
0
0
85600.35
57937.53
37851.88
17962.55
11510.99
5.652048e-05
0.0001892711
5.687764e-05
2.021639e-06
-1.56247e-05
-5.383278e-06
1.077812e-05
-2.309877e-06
-1.788836e-05
0.001453953
-0.0006784923
0.004218434
-5.793969e-05
0.005868872
0.004026991
-0.001409147
-0.006035991
-0.006197785
0.002313678
-0.0009850421
0
0
0
0
0
1.777384e-05
1.613606e-05
1.482023e-05
1.01582e-05
0
0
0
0
0
81091.08
58793.38
35527.5
16153.62
6178.02
1.552399e-05
-0.0001654831
9.648675e-05
-6.770847e-05
-3.491437e-05
-3.733067e-06
-8.898591e-07
-2.292853e-05
-2.464913e-06
-0.003165901
-0.004011268
-0.002255045
0.0004095281
-0.01067192
0.002557055
-0.0001841901
0.0008921255
0.008419091
-0.001565206
-0.003012308
0
0
0
0
0
1.83132e-05
1.631664e-05
1.154533e-05
0
0
0
0
0
81751.3
55568.01
37530.18
15367.15
6643.396
7.695932e-05
-0.0002174456
1.994347e-05
1.192105e-05
-0.0001649147
-4.270655e-07
1.625662e-05
2.395938e-05
1.439054e-05
-0.004813582
-0.005299623
-0.00462753
0.00710565
0.01077539
-0.005576039
-0.00596829
-0.008169787
0.00892687
0.001528967
0.0006441777
0
0
0
0
0
1.684662e-05
1.258064e-05
0
0
0
0
0
80732.92
57897.89
34791.14
19177.43
7609.044
0.0001505043
0.000122408
-5.703365e-05
-0.0004593812
-3.354993e-05
4.243197e-06
-6.004764e-07
-2.927287e-05
-6.881681e-06
0.003411842
-0.005011749
0.007437424
-0.007623996
0.007107728
-0.009966275
-0.0007235007
0.00638772
-0.01082822
-0.007638491
-0.002491084
0
0
0
0
0
1.240692e-05
0
0
0
0
0
80695.62
56133.96
42474.51
18345.18
10900.79
-1.589943e-05
0.0001004608
7.708355e-06
0.0002020231
8.574073e-05
-4.375456e-06
-9.804733e-06
-4.980176e-06
2.55466e-05
-0.001525992
0.0005487344
0.01163452
-0.009118615
0.01586405
-0.001207629
-0.001171778
-0.0179202
0.01466062
-0.007010241
0.0001989124
0
0
0
0
0
0
0
0
0
0
78719.79
56385.77
36600.83
24296.34
10539.05
6.269085e-05
-0.0001480499
0.0001238182
-4.737497e-05
3.438768e-05
3.052456e-07
-4.695985e-06
2.821113e-06
1.106717e-05
0.001679524
0.006503337
0.00304271
-0.007412224
0.006059584
0.008298268
-0.01069659
0.006358949
-0.004212932
-0.003050917
0.000511196
0
0
0
0
0
0
0
0
0
86434.17
55059.36
37608.63
18881.52
13791.53
0.0001498635
7.452248e-05
8.860069e-05
0.000115158
-2.182973e-05
-1.642476e-05
1.557112e-06
-1.52951e-05
-1.139182e-06
0.001299488
0.01662853
0.02116551
0.0105847
0.01429473
0.000286467
-0.001792055
-0.006462187
-0.0116948
0.00222531
0.001355237
0
0
0
0
0
0
0
0
91560.5
61772.86
36906.23
20041.07
11690.45
-0.0001276098
-8.866765e-05
0.0001348812
-0.0001755642
-5.332413e-05
-1.077425e-05
3.133522e-06
2.093717e-05
-2.038298e-05
-0.0006783994
-0.009788933
-0.009407885
0.008907004
-0.006069106
0.003178375
0.004269887
-0.002525285
-0.001263831
0.006025158
0.001158952
0
0
0
0
0
0
0
99328.24
69385.57
44423.75
20198.91
13210.37
1.51974e-06
-2.140978e-05
0.000218474
5.144451e-05
-0.0001642403
-2.951616e-05
-2.016269e-06
-6.892968e-08
1.172895e-05
0.001384683
-0.002304709
0.008850806
0.005413806
0.01946396
-0.005171885
-0.008627885
-0.01331037
0.008084586
0.006839204
0.0004429414
0
0
0
0
0
0
111332.9
79139.09
54957.37
30504.09
17118.52
6.162347e-05
0.0001100192
5.034557e-05
0.0001640214
7.852961e-05
-1.65771e-05
-7.407201e-06
-1.128164e-05
3.5693e-06
0.0005762077
0.001349941
0.0004429553
0.0006991383
-0.006676648
0.001422081
-0.00410058
0.008402132
0.006222064
-0.005370408
-0.001267208
0
0
0
0
0
117824.4
91882.81
65630.62
42132.55
27446.73
-0.0001034857
0.0003298107
-0.0001576353
-5.02252e-05
5.129609e-06
4.010848e-08
-1.814422e-05
-1.874145e-06
8.489641e-06
-1.039194e-05
0
0
0
0
0
0
0
0
0
0
0
0
0
0
0
97820.29
77121.61
51849.5
38533.73
0.0001152095
6.901879e-05
-0.000292251
-0.0001210996
5.377964e-05
-9.817389e-06
-6.95992e-06
-2.226055e-06
3.072152e-05
-3.918659e-06
0
0
0
0
0
0
0
0
0
0
0
0
0
0
0
82274.45
54894
40260.74
-0.0001216066
7.892155e-05
-4.422802e-05
0.0002280115
3.138683e-05
7.31658e-06
3.503192e-07
-6.323145e-06
2.487322e-06
1.39063e-05
0
0
0
0
0
0
0
0
0
0
0
0
0
0
0
65597.07
47205.57
1.910698e-05
-3.644862e-05
0.000135343
0.0002340419
-1.806736e-05
-4.496259e-08
-9.108227e-06
-1.432289e-06
-1.601389e-05
-9.473457e-06
0
0
0
0
0
0
0
0
0
0
0
0
0
0
0
57400.13
-2.758539e-05
1.68351e-06
5.197599e-05
-2.582827e-05
-1.130368e-05
-1.435024e-05
8.291566e-06
4.387174e-06
-3.577528e-06
9.968529e-06
0
0
0
0
0
0
0
0
0
0
0
0
0
0
0
-1.167165e-06
-1.366733e-06
-1.38381e-06
-1.394964e-06
1.21125e-05
1.249795e-05
1.196888e-05
9.852944e-06
4.987742e-06
0
0
0
0
0
80644.7
62468.09
52842.18
29476.28
21432.77
-5.72991e-05
-0.0001901499
-0.0001362927
0.0001164119
3.652074e-06
-1.062098e-05
-2.040041e-06
-9.567432e-06
-3.088192e-05
1.120602e-05
0
0
0
0
0
0
0
0
0
0
0
-1.19289e-06
-1.291464e-06
-1.328e-06
1.216467e-05
1.253039e-05
1.200104e-05
9.908762e-06
5.087415e-06
0
0
0
0
0
79595.25
65380.19
45604.78
34858.88
27029.09
-4.632549e-07
-0.0002364273
0.000116203
-0.0001751715
0.0001514141
1.268342e-05
-1.181175e-05
1.195687e-05
-1.218463e-06
-6.394495e-06
0
0
0
0
0
0
0
0
0
0
0
0
-8.927978e-07
-1.022338e-06
1.247223e-05
1.276147e-05
1.220655e-05
1.01232e-05
5.34898e-06
0
0
0
0
0
85265.15
63167.44
47747.09
33037.17
24933.35
1.256072e-05
0.0002109549
0.0001703469
-5.541126e-05
3.832623e-05
-1.340538e-07
1.219084e-05
-6.459436e-07
2.141239e-05
3.314965e-06
0
0
0
0
0
0
0
0
0
0
0
0
0
-2.678584e-07
1.223274e-05
1.340267e-05
1.276562e-05
1.068211e-05
5.953701e-06
0
0
0
0
0
87134.25
63055.82
44146.52
27887.28
22614.74
-8.566881e-05
7.996248e-05
7.434622e-06
9.873208e-05
-3.22295e-05
-1.642564e-05
4.967447e-06
-1.457221e-05
2.72588e-05
5.166485e-06
0
0
0
0
0
0
0
0
0
0
0
0
0
0
1.427705e-05
1.360611e-05
1.386025e-05
1.17136e-05
7.036217e-06
0
0
0
0
0
89640.48
62479.4
42541.43
22862.76
16202.11
4.002517e-05
2.400137e-05
1.999746e-05
0.0001953901
-0.0001718551
-5.598888e-06
1.680664e-05
-3.960291e-05
-2.115101e-07
1.269361e-05
0
0
0
0
0
0
0
0
0
0
0
0
0
0
0
1.610791e-05
1.453908e-05
1.324994e-05
8.55573e-06
0
0
0
0
0
84985.26
62890.63
39887.79
20354.44
10348.51
-3.706663e-05
-6.23988e-05
2.292734e-05
1.556847e-05
-3.435841e-05
-1.325449e-05
-8.674633e-06
-1.449086e-05
1.245323e-05
0.0007263824
-0.001412303
-0.0002273599
-0.002947807
-0.001348801
0.006379456
0.001928356
-0.004063301
-0.0004139928
0.0008347349
0.00176959
0
0
0
0
0
1.699695e-05
1.406553e-05
1.018825e-05
0
0
0
0
0
83512.63
57328.09
39920.7
17555.62
8537.519
0.0001856633
-4.278321e-06
0.000191264
-2.900471e-05
0.0001174103
1.731907e-05
-6.711713e-06
1.351334e-05
1.349185e-05
-0.0030409
0.01341163
0.002796236
-0.002531079
-0.01276199
0.00506451
-0.01157429
-0.009651202
-0.001719897
-0.0113653
0.001954819
0
0
0
0
0
1.592699e-05
1.165626e-05
0
0
0
0
0
81355.97
57900
36544.61
19377.79
7695.836
-7.33267e-06
1.56179e-05
0.0001348858
4.441634e-05
-1.069514e-05
1.305168e-05
2.348028e-05
-7.772535e-06
-1.920358e-05
0.002561684
0.00842407
0.006912693
0.01661895
-0.01301055
0.01436518
0.01060888
0.00718445
-0.0008877116
0.00185031
0.003830924
0
0
0
0
0
1.196125e-05
0
0
0
0
0
80971.01
56634.25
39387.98
16548.92
11387.47
-8.154423e-05
-0.0001734215
-8.636774e-05
0.0001365881
0.0002270762
-1.447852e-05
-1.007002e-05
-6.342499e-06
1.975496e-05
-0.0004633257
-0.002194077
0.003014528
-0.005451218
-0.003911247
-0.004783182
0.001778904
0.00777604
-0.02058452
0.001609564
-0.002699429
0
0
0
0
0
0
0
0
0
0
78719.84
56385.73
36600.79
24296.25
10538.94
-8.798181e-05
-2.836207e-05
-3.831832e-05
7.046498e-05
5.545546e-06
-4.803158e-06
-5.375333e-06
2.770916e-05
2.269886e-06
0.001808109
-0.0004455996
-0.01124736
-0.0128911
0.003852989
-0.002582103
0.02341134
0.003368906
0.00527372
0.007050333
0.001009468
0
0
0
0
0
0
0
0
0
86405.19
54438.17
36878.1
18015.24
16255.28
3.450566e-05
-0.0001091958
0.0001175855
-6.734489e-05
2.538012e-05
1.218079e-06
-2.660146e-06
4.678984e-06
-1.650924e-05
-0.0008583067
-0.01483214
-0.0216538
-0.01964854
-0.004509398
0.002986544
0.006220033
-0.003464864
0.007747108
0.004667001
0.0009517148
0
0
0
0
0
0
0
0
90414.66
62693.71
35866.29
19173.38
10848.81
6.252777e-05
-0.0001480899
-7.510636e-05
-0.0001268936
-0.0001155379
9.011262e-06
2.626323e-05
-2.077605e-05
-1.030125e-05
0.001947038
-0.005527028
-0.003419754
-0.009389917
-0.0115492
-0.005518991
-0.007508495
-0.004712845
0.02534249
0.006429151
-0.000282849
0
0
0
0
0
0
0
99234
67449.81
42700.13
18562.25
11989.56
-0.0001207912
0.0001487567
9.116941e-05
4.978362e-05
3.918873e-05
5.978552e-06
1.24585e-05
4.327705e-07
-2.662628e-05
0.001480989
0.002403116
-0.001822313
-0.01072192
-0.01097505
0.007225416
0.003948901
0.005117746
-0.01023527
-0.005685513
-0.0004319111
0
0
0
0
0
0
108333.3
75376.2
49932.31
25732.6
11982.74
1.563493e-05
9.04166e-05
-4.759694e-05
-6.428277e-05
4.435385e-05
2.43011e-05
3.103836e-05
1.490158e-06
-1.933139e-06
-0.001801754
0.003465806
0.009875194
-0.00471634
0.003231677
-0.01220174
0.0121289
-0.005869004
-0.0004472882
-0.002869887
-0.004183677
0
0
0
0
0
114074.4
87852.53
60098.68
36189.04
22061.62
9.190746e-05
9.229175e-05
4.53061e-05
-0.0001290655
-2.381645e-05
-1.361197e-05
2.262794e-05
1.900315e-06
-4.068357e-06
-0.0003328765
-0.002872495
-0.0007716943
-0.001335741
0.0001465557
0.005305445
0.0009935876
0.003566911
-0.001347628
-0.002436616
0.00186062
0
0
0
0
0
94112.11
73428.15
47031.55
33430.81
0.0001433077
6.026075e-05
-0.0001168648
0.0001293523
-5.294676e-05
-5.813924e-06
-1.626572e-05
-6.951727e-06
-7.340431e-06
-1.075844e-05
0
0
0
0
0
0
0
0
0
0
0
0
0
0
0
79217.25
58711.29
43047.69
4.562811e-05
-1.99334e-05
0.0001254585
0.0001864687
0.0001003304
-2.76577e-06
6.407241e-06
2.858313e-06
6.361776e-06
-1.491741e-05
0
0
0
0
0
0
0
0
0
0
0
0
0
0
0
63547
46033.73
1.490976e-05
7.654883e-05
1.454076e-06
9.51689e-06
-6.090722e-05
7.784094e-06
2.858088e-07
6.947836e-06
-1.131462e-06
1.146886e-05
0
0
0
0
0
0
0
0
0
0
0
0
0
0
0
56414.92
8.252812e-05
1.26139e-05
6.696955e-05
-0.0001772986
-0.0001663728
3.031676e-05
7.841946e-06
-4.011042e-06
1.233864e-06
7.88584e-06
0
0
0
0
0
0
0
0
0
0
0
0
0
0
0
1.423831e-05
8.283247e-05
1.008033e-05
5.185392e-06
2.444362e-05
4.561075e-07
5.422846e-07
2.772052e-05
1.512256e-06
8.946284e-06
0
0
0
0
0
0
0
0
0
0
0
0
0
0
0
-1.619605e-06
-1.386166e-06
-1.412889e-06
1.207802e-05
1.245057e-05
1.190857e-05
9.816694e-06
4.963767e-06
0
0
0
0
0
79753.54
60566.76
45974.54
35908.62
21823.36
-0.0001132001
4.895329e-08
-8.395225e-07
9.368439e-05
6.490515e-05
-4.213959e-06
2.601544e-05
-8.544571e-06
9.470264e-06
2.227513e-05
0
0
0
0
0
0
0
0
0
0
0
0
-1.24134e-06
-1.331323e-06
1.219933e-05
1.24957e-05
1.194303e-05
9.867195e-06
5.067635e-06
0
0
0
0
0
81841.29
59348.93
49375.52
28393.33
27127.82
-2.76679e-06
-2.612435e-05
0.0001772784
-0.0002647503
4.992013e-05
6.328289e-06
-7.161945e-06
8.812287e-06
-1.242991e-05
2.770162e-06
0
0
0
0
0
0
0
0
0
0
0
0
0
-9.74442e-07
1.159202e-05
1.278928e-05
1.217268e-05
1.008324e-05
5.322268e-06
0
0
0
0
0
89303.52
65447.68
46967.42
30757.67
25325.01
0.0001411955
2.802126e-05
-0.0001770356
-0.0003258506
5.424272e-05
2.090497e-06
-1.058584e-05
5.31989e-06
-6.296418e-06
-1.266654e-05
0
0
0
0
0
0
0
0
0
0
0
0
0
0
1.322022e-05
1.251627e-05
1.279905e-05
1.064977e-05
5.927367e-06
0
0
0
0
0
92944.92
66267.18
46469.24
27035.95
20191.26
-0.0001534203
0.0001459931
-7.232617e-05
0.0001276273
3.699539e-05
-2.301865e-06
2.865319e-05
1.011976e-05
3.179989e-05
-1.633812e-05
0
0
0
0
0
0
0
0
0
0
0
0
0
0
0
1.457346e-05
1.301061e-05
1.174204e-05
7.006165e-06
0
0
0
0
0
89389.63
67614.18
44933.27
25215.34
15185.72
-0.0001035464
-0.0001475932
-1.464441e-05
3.362187e-05
-9.088085e-06
2.707987e-05
4.680375e-06
-1.785541e-05
1.499772e-05
2.432284e-07
0
0
0
0
0
0
0
0
0
0
0
0
0
0
0
1.534898e-05
1.247172e-05
8.57901e-06
0
0
0
0
0
87219.47
61778.58
44399.2
22022.76
12670.56
2.265534e-05
7.711927e-05
0.0001933907
-0.0001703563
-3.215197e-05
8.226715e-06
6.340913e-06
2.329286e-05
1.101078e-05
0.001457585
-0.003193519
0.0008032583
0.002769696
0.006396739
0.009974536
-0.005283916
0.001897304
0.005280276
1.839868e-05
-0.0003768096
0
0
0
0
0
1.462764e-05
9.466827e-06
0
0
0
0
0
83261.93
59603.38
38076.75
21629.92
9777.702
1.879149e-05
-0.0001002649
-8.50383e-05
2.631935e-05
-1.892393e-05
-2.464166e-06
-3.403266e-05
2.693316e-05
-1.467012e-05
-0.001307568
0.01084651
-0.02500288
-0.01523795
0.001199522
-0.006775614
-0.008608993
0.008293016
-0.005266407
0.0006843888
0.0001941044
0
0
0
0
0
1.109476e-05
0
0
0
0
0
81588.32
57346.41
38773.73
18297.68
11520.19
-0.0001760361
-6.449574e-05
-0.0002382232
-2.512035e-06
-6.228183e-05
-6.741976e-06
1.728903e-06
-1.257e-05
9.177631e-06
-0.002688315
-0.006122873
-0.00729154
0.002345321
-0.008695025
0.01177367
-0.003789422
0.001449678
0.0108711
-0.003229479
0.004520321
0
0
0
0
0
0
0
0
0
0
79117.67
56886.36
37329
21617.66
8698.299
-3.613967e-05
0.0001017781
0.0001570386
4.586492e-05
-0.0001541577
1.043702e-05
3.187551e-05
2.016241e-05
2.570673e-05
0.005244022
5.804679e-05
0.01255551
0.008427019
0.005737723
0.001918531
0.006759759
-0.01403527
-0.007413827
0.002487606
0.003575514
0
0
0
0
0
0
0
0
0
86405.2
54438.23
36878.05
18015.2
16255.19
-0.0001474194
9.613215e-06
0.0001760365
-5.108559e-05
2.180305e-05
-2.55059e-06
-5.505589e-06
4.234521e-06
-2.548192e-05
-0.003748379
0.002750687
-0.000312508
0.007510965
0.01873912
0.0001925569
-0.004220548
-0.01854237
-0.008091336
0.0117356
-0.0008662831
0
0
0
0
0
0
0
0
92332.17
63010.45
35018.76
18304.03
9958.672
7.658015e-06
-6.152234e-05
0.0002034651
-6.681206e-06
-1.352781e-05
-7.960332e-06
-9.122759e-06
1.923903e-05
1.463261e-05
-0.0004266471
-0.001142407
-0.001443008
-0.002928696
0.01095537
-0.003335959
0.01932206
0.008946248
-0.004425553
-0.002068776
-0.0009883638
0
0
0
0
0
0
0
96596.15
66451.96
43795.25
17484.89
11129.23
0.0001273977
5.822793e-07
7.106793e-05
-0.0001064484
6.054556e-05
-4.035055e-06
-1.293136e-05
-1.913301e-05
-6.431369e-07
-0.001622411
-0.005570108
-0.0002662764
0.0005672245
-0.01151092
0.0065387
0.007118922
0.008340457
0.004469795
-0.006206206
0.0006323947
0
0
0
0
0
0
106945.2
75157.74
48209.03
24290.52
10510.05
-5.03634e-05
-6.925161e-06
-0.0001249401
8.464319e-05
-9.740298e-05
-1.539754e-06
5.870453e-06
2.102635e-06
8.419369e-06
-0.0007575805
-0.007770447
-0.006834361
0.004513791
0.006865133
0.008269817
-0.002869195
-0.01374959
0.005719213
0.006170902
0.006203972
0
0
0
0
0
114091.5
84227.06
56184.57
31049.79
17365.95
5.831836e-05
5.890267e-06
-5.630252e-05
-2.974304e-05
-3.074612e-05
-1.664364e-05
-2.182437e-05
4.560205e-06
1.541916e-05
0.001419314
0.00167444
-0.001620813
-0.000371383
-0.00514498
0.004621832
0.002839426
-0.002129423
0.007204539
0.0004788067
0.006712641
0
0
0
0
0
89452.39
68841.93
41311.13
27528.14
-9.027374e-05
-0.0001696947
-0.00020074
1.831953e-05
9.307183e-05
-4.874801e-06
2.642671e-05
-1.493975e-05
3.196288e-06
-0.0006638296
0.001718165
0.001993274
0.002327683
-0.0007892375
0.0003945926
-0.009036159
0.005685004
-0.003500842
0.0049609
-0.0003380785
0
0
0
0
0
74889.59
54770.21
38227.78
8.105886e-05
-4.833811e-05
-0.0001810841
7.135063e-05
-8.067065e-05
6.540296e-06
-1.723596e-05
1.160922e-05
1.006007e-05
8.30668e-06
0
0
0
0
0
0
0
0
0
0
0
0
0
0
0
60249.8
49771.25
1.854626e-05
-1.233854e-07
-0.000107145
-0.0002054742
-3.074489e-05
-7.639618e-06
8.540464e-06
2.40807e-06
1.456985e-05
-1.466041e-06
0
0
0
0
0
0
0
0
0
0
0
0
0
0
0
54321.11
0.0001296413
0.0001170574
3.596141e-05
-6.513755e-06
-1.092138e-05
8.562641e-07
-2.479053e-05
1.039115e-05
6.557381e-06
-1.908592e-06
0
0
0
0
0
0
0
0
0
0
0
0
0
0
0
-3.200085e-05
-9.622581e-05
0.0001396402
-0.0001223866
0.0001337413
1.185133e-05
-3.683289e-05
-1.005026e-05
2.441458e-05
-4.68293e-06
0
0
0
0
0
0
0
0
0
0
0
0
0
0
0
-6.062575e-05
-1.517239e-05
3.653901e-05
-6.057494e-05
-8.77719e-06
-2.45358e-05
7.669934e-06
-3.169621e-05
-1.779639e-06
0
0
0
0
0
0
0
0
0
0
0
0
0
0
0
-1.355143e-06
-1.418537e-06
1.211476e-05
1.241632e-05
1.186157e-05
9.750494e-06
4.943683e-06
0
0
0
0
0
81979.36
59689.3
44086.71
28846
28200.52
3.438995e-05
2.793494e-05
-0.0001087056
6.535998e-05
-1.940381e-05
-1.685724e-05
-2.661583e-06
-3.428488e-05
9.702097e-06
-2.316659e-06
0
0
0
0
0
0
0
0
0
0
0
0
0
-1.301232e-06
1.132244e-05
1.253245e-05
1.190894e-05
9.803162e-06
5.040137e-06
0
0
0
0
0
90572.08
61578.5
42763.52
32519.97
20728.97
3.05663e-05
8.255684e-05
-9.787867e-07
-2.191694e-05
0.0001774423
5.983303e-06
6.880626e-06
-7.276562e-06
-2.059867e-05
7.456406e-06
0
0
0
0
0
0
0
0
0
0
0
0
0
0
1.392765e-05
1.190288e-05
1.219466e-05
1.005147e-05
5.29428e-06
0
0
0
0
0
95206
68943.94
49238.04
30027.37
23065.04
0.0002571903
-0.0002447537
-0.0001980335
-3.00011e-05
0.0002066062
5.91315e-06
-7.418864e-06
5.92978e-06
-2.2265e-05
-8.356245e-07
0
0
0
0
0
0
0
0
0
0
0
0
0
0
0
1.359355e-05
1.194462e-05
1.067707e-05
5.898493e-06
0
0
0
0
0
93089.89
71555.9
49197.87
29334.64
19327.2
-8.219596e-06
-6.922596e-05
-5.641084e-05
8.889675e-06
-8.788483e-05
-1.61718e-05
-4.134112e-06
-2.372411e-05
2.993639e-06
-1.335992e-05
0
0
0
0
0
0
0
0
0
0
0
0
0
0
0
1.388389e-05
1.094324e-05
7.018822e-06
0
0
0
0
0
91380.28
66879.69
49616.01
27245.6
17477.29
-0.0001093723
-6.056575e-05
0.000145691
7.18933e-05
1.610589e-06
-3.552519e-05
-9.479375e-06
7.712239e-06
5.909136e-06
6.719117e-06
0
0
0
0
0
0
0
0
0
0
0
0
0
0
0
1.308407e-05
7.83338e-06
0
0
0
0
0
87185.62
63867.78
42909.92
26206.92
14182.02
0.0001877619
-0.0001971368
-4.33933e-05
-0.0002108894
7.491898e-05
1.577941e-06
-5.402164e-06
-1.035515e-06
-2.170692e-05
-0.001163089
-0.00712243
0.004963493
0.005095783
-0.004230471
0.0001186214
-0.005828304
0.0002612592
0.002329685
-0.003574033
0.002757793
0
0
0
0
0
9.850717e-06
0
0
0
0
0
83462.4
59216.11
40253.33
19511.7
13669.35
5.617259e-05
-0.000161511
-5.124609e-05
0.0002293529
-9.945113e-05
-1.450835e-05
-4.03476e-06
1.110078e-05
-2.203405e-05
-0.000538668
0.005021203
-0.009784109
0.007428749
0.005933154
0.007926345
0.007926821
-0.0002613055
-0.01063183
0.002001714
0.001222894
0
0
0
0
0
0
0
0
0
0
79957.57
57603.52
38139.46
20414.19
10401.72
0.0001308597
0.0002941601
-1.693243e-05
0.0001717048
-4.50377e-05
1.084876e-05
1.027081e-05
-5.534514e-07
-8.063973e-06
-0.0001412101
0.003716289
-0.002538416
0.001878048
-0.002299234
0.002917763
-0.01026641
0.02616146
0.002273063
-0.002155704
-0.001844022
0
0
0
0
0
0
0
0
0
86434.17
55059.52
37608.48
18881.37
13791.36
-3.309128e-05
-3.71014e-05
-2.320798e-05
-9.27502e-05
-4.836297e-06
1.620338e-05
-2.465608e-05
-2.950838e-05
-3.943067e-05
-0.004125069
-0.003983237
-0.0104512
-0.00237185
0.001574256
-0.009974958
0.002599459
0.003057898
0.004017599
-0.002157913
-0.0006765976
0
0
0
0
0
0
0
0
92332.18
63010.47
35018.82
18303.99
9958.627
0.0001317896
0.0001250054
4.420634e-05
-0.0002717803
-7.201089e-06
-8.120471e-06
-3.389097e-06
-4.828393e-06
1.111506e-05
0.001973131
0.009132519
0.005438647
0.01683852
0.0006634416
-0.006514213
-0.01026914
0.001691097
0.006868516
0.006204607
-0.007086132
0
0
0
0
0
0
0
95860.79
68733.24
44498.93
16502.56
10236.14
6.20454e-05
5.321855e-05
-3.813712e-05
-0.0002003851
-3.971032e-05
2.147601e-06
-3.44899e-06
1.220445e-05
-1.403307e-06
0.0004209455
0.01668494
0.001932346
-0.007793266
0.008038304
-0.002407556
0.01693683
-0.01470324
-0.01277208
-0.00677109
-0.00157959
0
0
0
0
0
0
105854.2
72154.62
47497.38
25575.46
9451.117
2.939056e-05
-8.312751e-05
-7.719469e-05
-7.741834e-05
0.0001918958
8.502446e-06
1.253206e-05
4.131839e-06
1.903851e-05
2.945022e-05
0.007620644
0.001713657
0.006862329
0.02339106
0.0119596
-0.002337706
0.002240996
-0.008037357
0.005282267
0.001930381
0
0
0
0
0
110325.4
82447.21
55837.93
29633.74
16073.5
-5.366586e-05
0.0001893928
9.429128e-05
9.965875e-05
-0.0001722065
-5.078437e-07
-7.970029e-06
-2.06323e-05
-5.673806e-06
0.0002937004
0.00635135
0.0009418568
-0.0001608504
-0.007401314
8.798043e-05
-0.01191829
-0.009314584
0.01339013
-0.003671306
-0.004977335
0
0
0
0
0
89223.68
64777.57
37480.47
22452.4
-5.999095e-05
-0.000309221
4.447034e-06
-6.175609e-05
-1.381492e-05
5.688773e-06
2.433488e-05
9.142375e-06
-8.143604e-06
-0.005754879
-0.01077755
-0.005266163
-0.007137443
0.003562328
0.003455659
-0.003889526
0.006819506
0.005614029
-0.03131153
-0.001290389
0
0
0
0
0
69564.85
49958.83
32542.7
3.228846e-05
0.0001036956
4.312698e-05
0.0001515131
3.059685e-05
-4.148048e-07
-5.205268e-06
-2.006545e-05
-3.668837e-06
0.001912406
0.002677061
0.0006257879
-0.002254509
0.007565247
0.002948272
0.004528357
0.003031399
-0.006419997
0.0006220075
-0.00301393
0
0
0
0
0
55613.21
45794.57
-0.0002774579
-0.000176817
4.475741e-05
0.0003615062
-0.000138324
-1.423061e-05
2.245642e-06
2.611312e-05
-7.603471e-06
-1.365822e-05
0
0
0
0
0
0
0
0
0
0
0
0
0
0
0
50970
0.0002369194
-0.00012145
-8.590519e-05
6.349846e-05
6.675777e-05
2.271395e-06
1.771647e-05
-9.290586e-07
2.13121e-05
-5.267929e-06
0
0
0
0
0
0
0
0
0
0
0
0
0
0
0
-0.0001255603
-0.0001306385
-0.0002014998
-4.821591e-05
3.918306e-05
1.777442e-06
-3.397978e-06
1.276165e-05
-2.994148e-07
-1.094642e-05
0
0
0
0
0
0
0
0
0
0
0
0
0
0
0
5.315997e-05
0.0001375172
-0.0002176721
3.947928e-05
-9.641877e-06
8.551503e-06
1.321782e-05
-5.704677e-07
-1.102148e-05
0
0
0
0
0
0
0
0
0
0
0
0
0
0
0
6.685801e-05
-0.0001601642
-3.30951e-06
-8.165882e-06
7.284858e-06
2.344574e-05
-1.941947e-06
2.061154e-05
0
0
0
0
0
0
0
0
0
0
0
0
0
0
0
-1.392101e-06
1.124134e-05
1.245555e-05
1.182794e-05
9.707901e-06
4.87032e-06
0
0
0
0
0
86436.62
61897.1
43246.02
26967.2
21211.95
0.0001269295
-9.696138e-05
-6.858442e-05
7.222386e-05
2.561552e-05
-6.650914e-06
1.241262e-05
1.761691e-05
2.266936e-05
-4.812507e-06
0
0
0
0
0
0
0
0
0
0
0
0
0
0
1.378823e-05
1.16494e-05
1.194462e-05
9.770659e-06
4.966727e-06
0
0
0
0
0
96518.88
70552.6
44980.27
25590.68
24836.09
-5.95126e-06
6.75909e-06
-0.0002235506
-3.603028e-09
-2.310839e-05
8.871538e-06
2.738477e-06
-1.558498e-05
1.757111e-05
7.178305e-06
0
0
0
0
0
0
0
0
0
0
0
0
0
0
0
1.419913e-05
1.133888e-05
1.005626e-05
5.266041e-06
0
0
0
0
0
95730.15
74323.1
52259.94
32275.44
22311.17
0.0002031858
-0.0002441545
0.0003498386
0.0002493616
4.887092e-05
-5.885461e-06
1.545764e-05
1.56674e-05
-3.653572e-06
1.039709e-05
0
0
0
0
0
0
0
0
0
0
0
0
0
0
0
1.292428e-05
9.87207e-06
5.908493e-06
0
0
0
0
0
94840.71
71231.43
54029.66
31706.85
21572.36
-0.0001908555
0.0001044874
0.0002103065
6.106553e-06
9.419056e-06
3.113557e-06
2.917399e-06
5.423314e-06
4.978095e-06
-1.363056e-05
0
0
0
0
0
0
0
0
0
0
0
0
0
0
0
1.155971e-05
6.249208e-06
0
0
0
0
0
91598.39
68726.8
48511.26
31592.2
19358.64
0.0001045395
0.0001587977
2.53658e-05
2.843624e-05
-6.293529e-05
-3.772313e-06
5.548225e-05
-2.020339e-05
-2.724594e-05
1.852823e-06
0
0
0
0
0
0
0
0
0
0
0
0
0
0
0
8.203254e-06
0
0
0
0
0
87332.47
63720.75
44902.31
24439.15
18187.49
-0.000101485
-0.0001265048
0.0003269893
7.244294e-05
0.0001118648
1.384484e-05
2.213675e-05
2.168458e-05
8.855026e-07
0.0007392251
0.003055926
0.004464887
0.003039554
-0.002210761
0.002429036
-0.003652103
0.002901205
0.006185037
0.007671511
-0.000358523
0
0
0
0
0
0
0
0
0
0
82115.23
59458.62
39801.86
21576.68
11468.26
-0.0001221691
-2.88898e-05
1.136552e-05
0.0001691005
-0.000105186
3.024211e-06
1.601684e-05
-1.014002e-05
1.770307e-06
0.003470568
-0.004395583
-0.003752937
0.00789287
0.005516271
-0.01244749
-0.009293185
-0.01560814
-0.002969543
0.005319535
0.0007511187
0
0
0
0
0
0
0
0
0
85667.32
55997.55
38432.44
19730.62
12383.94
8.599427e-05
-1.214309e-05
-0.0002863093
-5.465082e-05
-2.100044e-05
1.119492e-05
-5.933403e-06
-8.707368e-06
1.621781e-05
0.001572059
-0.0006572829
0.006974638
-0.003077384
0.002591936
0.003645498
0.0007454072
-0.002919918
-0.01531607
-0.001091405
0.001153552
0
0
0
0
0
0
0
0
90414.68
62693.72
35866.47
19173.23
10848.67
-1.939986e-05
-5.405554e-05
9.713838e-05
-2.755389e-05
1.221794e-05
-2.268371e-05
-2.013895e-05
3.049885e-05
9.973661e-06
0.001151804
0.0001786932
0.008103228
0.002092689
-0.0008359644
-0.003294642
-0.002495972
-0.00307023
-0.01094029
-0.003063369
0.001377761
0
0
0
0
0
0
0
95860.79
68733.25
44498.95
16502.63
10236.09
-0.0001739464
6.936839e-06
0.0001584876
-0.0001146146
0.0001066079
1.248122e-05
4.690383e-06
-4.480649e-06
-1.58269e-06
-0.001647757
-0.009569008
-0.008139403
-0.004243941
-0.006212896
-0.008899171
-0.01813529
-0.006546488
-0.005810219
0.002034466
-0.001997369
0
0
0
0
0
0
105711.7
71563.8
50058.99
26574.89
8451.021
-2.767766e-05
-4.013336e-06
-0.0002463695
-1.832815e-05
3.373464e-05
1.16439e-05
-1.365387e-05
2.462876e-05
-2.199232e-05
0.0006613053
-0.009593344
-0.001575847
0.003336554
-0.001536297
0.001846805
0.004448069
-0.001167903
0.005534801
0.005786184
0.0004544966
0
0
0
0
0
108100
81265.17
52581.86
29257.78
17420.14
-1.493124e-05
7.377878e-05
5.87359e-05
0.0001015482
9.243762e-05
-2.177396e-05
2.049384e-06
-1.687155e-05
1.466011e-05
0.0001145521
-0.002359357
0.0034108
-0.005441628
-0.0027065
-0.0180585
-5.165818e-05
0.01350175
0.006999969
-0.004026288
-0.001528133
0
0
0
0
0
84712.02
62850.85
37086.82
21179.1
-4.179855e-05
2.539602e-05
-5.017538e-05
-2.706802e-05
-7.969482e-05
1.266442e-05
1.293353e-05
1.482296e-05
2.08686e-05
-0.0004372473
0.0009812
0.003018058
0.006211607
-0.005536321
0.00456726
0.003213111
-0.0218657
-0.008716406
0.02515673
0.003970644
0
0
0
0
0
69185.5
45747.15
28820.07
6.211323e-05
2.515416e-05
8.335722e-05
-0.0001521973
6.510445e-06
1.586937e-06
-5.319184e-06
-5.80072e-06
-1.085887e-05
0.001847234
0.003600343
0.001537901
-0.001482531
-0.01273661
-0.003635693
0.0005512044
-0.008641767
0.007931209
0.000295828
0.008731079
0
0
0
0
0
49991.38
40977.68
-0.0001195824
-5.106443e-05
0.0001532135
3.274824e-05
3.125934e-05
-9.990542e-06
-3.024187e-05
7.567089e-06
1.726494e-05
-0.0009477075
-0.005411298
-0.0001491473
0.00354641
0.005132953
-0.007028486
0.006310987
-0.002630131
0.003087224
0.0004055462
-0.0003192196
0
0
0
0
0
46281.61
0.0001114249
0.0002313821
0.0001341118
-0.0001232749
-0.0001494798
1.562976e-05
1.960572e-05
-1.116688e-05
-1.427903e-05
6.654944e-06
0
0
0
0
0
0
0
0
0
0
0
0
0
0
0
4.16612e-05
-0.000262461
8.47317e-05
0.0001302065
-3.014014e-06
-2.497276e-07
-9.665939e-06
-3.725454e-06
-3.60226e-07
-1.469028e-05
0
0
0
0
0
0
0
0
0
0
0
0
0
0
0
0.0002337215
-0.0001078954
0.0002836407
-1.46119e-05
-1.51881e-05
-7.674275e-06
5.387003e-06
-1.35373e-05
-6.06075e-06
0
0
0
0
0
0
0
0
0
0
0
0
0
0
0
3.464451e-05
-0.0001530492
9.346226e-05
5.843947e-06
5.117502e-06
-1.105623e-05
9.902959e-06
-7.797046e-06
0
0
0
0
0
0
0
0
0
0
0
0
0
0
0
-0.0001296873
0.000112459
8.692886e-07
1.27548e-05
-2.959982e-07
-2.352635e-05
-2.058391e-06
0
0
0
0
0
0
0
0
0
0
0
0
0
0
0
1.36558e-05
1.157622e-05
1.186617e-05
9.675893e-06
4.839324e-06
0
0
0
0
0
92513.03
65848.15
45439.8
26152.06
19336.89
7.747937e-05
-0.0002240343
3.987407e-05
1.774084e-05
1.460116e-05
9.12916e-07
1.302015e-05
1.034318e-05
-2.773948e-05
-3.420205e-07
0
0
0
0
0
0
0
0
0
0
0
0
0
0
0
1.409374e-05
1.109137e-05
9.799225e-06
4.936764e-06
0
0
0
0
0
97371.45
75977.18
54129.71
27784.11
17909.01
0.0001445322
-5.982735e-05
-8.460367e-05
2.640282e-05
-1.658346e-05
-2.140349e-06
-2.408216e-06
-1.784169e-06
-1.027169e-05
-9.689568e-06
0
0
0
0
0
0
0
0
0
0
0
0
0
0
0
1.344697e-05
9.247003e-06
5.231157e-06
0
0
0
0
0
97283.31
74387.23
57180.68
34947.69
24511.18
-0.0001250147
-0.0003336474
6.231403e-05
-0.0002747942
-0.0001900912
9.322976e-06
5.866837e-06
-2.789337e-05
-1.555478e-05
-4.213973e-06
0
0
0
0
0
0
0
0
0
0
0
0
0
0
0
1.050875e-05
5.128312e-06
0
0
0
0
0
95311.64
72840.82
53342.13
36197.79
23802
4.97821e-05
0.0001804247
-5.796371e-05
-0.0001362167
-3.304603e-05
3.108769e-05
-9.452738e-06
1.200081e-05
6.26782e-06
5.653113e-06
0
0
0
0
0
0
0
0
0
0
0
0
0
0
0
6.593912e-06
0
0
0
0
0
91690.25
68862.59
50263.39
30209.38
23531.53
-0.0001283067
-0.0001145744
-3.053224e-05
0.0001998696
-6.15309e-05
-7.644868e-06
-7.872098e-06
-2.418103e-05
1.222036e-05
1.573199e-05
0
0
0
0
0
0
0
0
0
0
0
0
0
0
0
0
0
0
0
0
86264.51
63924.49
44705.05
26323.12
16321.91
-0.0001069484
6.493236e-05
-1.758043e-05
-0.0002380781
-1.570744e-05
-1.455696e-05
-1.95354e-05
-2.148221e-05
-2.789807e-05
0.002337571
-0.001301942
-0.0001543329
0.002722841
-0.007919413
0.005553778
0.00392198
-0.001038837
0.002032371
-0.003708425
-0.001426812
0
0
0
0
0
0
0
0
0
87570.75
58133.2
40096.77
21086.91
13399.69
5.945516e-05
0.0001657561
4.300605e-05
-0.0001150031
-0.0001041197
5.883143e-07
1.012725e-07
-1.163632e-05
1.266214e-05
0.002898907
-0.003017653
0.006063767
0.003694714
0.0036236
0.001705512
0.004799772
0.02118071
0.0002524408
0.003898923
-0.001106549
0
0
0
0
0
0
0
0
91560.56
61772.91
36906.54
20040.89
11690.28
-0.0001218299
4.681894e-05
5.948039e-05
2.616867e-06
7.557854e-05
1.158519e-05
-6.979178e-06
-3.847698e-07
2.267821e-06
-0.006302671
0.004619721
-0.005584169
0.008249838
-0.004609332
0.00672617
0.00346808
0.006597961
0.01699531
0.008795702
0.001782647
0
0
0
0
0
0
0
96596.13
66451.98
43795.27
17485.07
11129.09
-4.167733e-06
-0.0001585507
0.0002025561
0.0001021598
-1.576712e-05
3.005828e-07
2.745344e-05
1.671384e-05
-2.416522e-05
0.001588081
-0.006352182
0.01202439
-0.006216297
-0.005373979
0.005672129
0.007536891
0.007057142
0.002954345
0.01295104
0.003698161
0
0
0
0
0
0
105711.7
71563.81
50059
26574.92
8451.09
-0.0001247121
0.0002277538
-0.0001076198
-7.6027e-05
8.241951e-05
1.523677e-05
-1.011198e-05
8.334529e-07
4.56319e-06
0.003616015
0.01320483
-0.005654993
-0.007371036
0.001973393
0.003771895
-0.004238885
0.01045709
0.0218223
-0.006623828
0.004410234
0
0
0
0
0
107081.3
81133.4
52269.29
31965.49
18501.4
0.0001316761
4.370797e-05
-0.0001448731
0.0002788263
7.923633e-05
2.124532e-05
-1.84581e-05
2.279846e-05
1.510206e-06
-0.003543317
0.001225062
0.009144261
-0.005868651
-0.005663441
-0.002717986
0.007430266
0.0021146
-0.01221545
-0.01112926
0.001845414
0
0
0
0
0
82029.15
61679.13
33761.01
20947.28
-8.830145e-05
-3.805988e-05
-0.0002052522
-8.554063e-05
2.663693e-05
-2.31838e-05
-2.948021e-06
2.758086e-06
-1.860541e-06
0.001087526
-0.01077372
-0.00411153
-0.004245375
-0.00647208
0.005956331
-0.006138716
0.002679933
0.009015794
-0.0194693
0.001453547
0
0
0
0
0
64124.97
43884.73
28409.36
-2.832355e-05
0.0001422059
1.625618e-05
9.422626e-06
-4.776491e-05
4.543073e-06
-1.628285e-05
1.304776e-05
7.982876e-06
-0.0005306479
0.001391554
0.01391586
0.003212021
-0.007668198
0.005025903
-0.01220087
0.01523094
0.003324897
-0.0006212602
-0.002842423
0
0
0
0
0
49590.91
36788.23
-3.247906e-05
-0.0001849211
-9.804631e-05
0.0002439346
8.288692e-05
5.740191e-06
7.327757e-06
1.150852e-05
-3.297861e-06
-0.0007979567
-0.006168036
-0.0001217088
-0.006595954
-0.01044934
0.01905276
-0.0133857
0.0004018006
-0.006571959
0.004609286
-0.002298634
0
0
0
0
0
40641.45
-0.0001946341
0.0001312764
-5.399729e-06
-0.0001663969
-1.395393e-05
-2.395554e-05
-8.457341e-06
2.732165e-05
3.223732e-07
-0.0001903567
0.00536668
0.002982815
0.0005154359
0.001298581
0.0009143779
0.005378327
-0.003712635
-0.002563897
0.0005102128
0.001085853
0
0
0
0
0
0.0001420785
-0.0001065339
-7.052364e-05
-0.0001011493
8.73099e-05
9.018215e-06
-1.546162e-05
-1.950355e-05
9.348889e-06
-1.654557e-06
0
0
0
0
0
0
0
0
0
0
0
0
0
0
0
6.462155e-06
0.0001307651
-5.29966e-05
-7.137259e-06
3.065703e-06
1.7497e-05
-1.001566e-06
2.846476e-06
-3.523261e-06
0
0
0
0
0
0
0
0
0
0
0
0
0
0
0
-0.0002174608
0.0002628656
-0.0001706468
-5.008771e-06
9.048756e-06
1.998756e-06
4.374297e-06
8.829711e-06
0
0
0
0
0
0
0
0
0
0
0
0
0
0
0
4.792994e-05
3.620491e-05
1.874362e-06
-2.471146e-05
-7.480482e-06
3.211076e-06
-9.363293e-06
0
0
0
0
0
0
0
0
0
0
0
0
0
0
0
3.115625e-05
-8.104432e-06
-2.49969e-05
-6.764323e-06
-7.119418e-06
1.174895e-05
0
0
0
0
0
0
0
0
0
0
0
0
0
0
0
1.39605e-05
1.101607e-05
9.706923e-06
4.80998e-06
0
0
0
0
0
98016.92
71422.03
48944.88
28322.32
18494.12
5.894711e-05
-0.0001003217
-3.804831e-05
1.765288e-05
4.575478e-05
-9.685628e-06
5.180282e-07
-2.451788e-05
-6.516561e-06
1.48369e-05
0
0
0
0
0
0
0
0
0
0
0
0
0
0
0
1.33659e-05
8.990185e-06
4.945524e-06
0
0
0
0
0
98792.98
76376.42
59096.93
36945.89
20057.64
4.163759e-05
-0.0001889281
2.733058e-05
-7.189584e-05
4.758837e-05
-3.029932e-06
1.152321e-05
-1.160267e-06
-3.122846e-06
9.899915e-06
0
0
0
0
0
0
0
0
0
0
0
0
0
0
0
1.090444e-05
4.441665e-06
0
0
0
0
0
97968.24
75800.15
56884.4
39525.87
27048.06
-2.53392e-05
0.0002175929
0.0003059243
8.090969e-05
3.266303e-06
2.166525e-06
-5.833137e-06
4.364745e-06
1.233973e-05
-1.011419e-06
0
0
0
0
0
0
0
0
0
0
0
0
0
0
0
5.465195e-06
0
0
0
0
0
95357.32
73257.28
54858.99
35232.57
28125.99
-8.635052e-05
-8.769052e-05
-0.0002590368
-7.099259e-05
7.421877e-05
-7.492958e-06
-3.935946e-05
1.649418e-05
9.08151e-07
-6.935414e-06
0
0
0
0
0
0
0
0
0
0
0
0
0
0
0
0
0
0
0
0
90871.19
69028.76
50368.16
31857.4
22037.78
-0.0001386193
5.331034e-05
9.530181e-05
-6.99994e-06
-7.796496e-05
6.680882e-06
4.434232e-06
1.606205e-05
9.175535e-06
-9.259484e-06
0
0
0
0
0
0
0
0
0
0
0
0
0
0
0
0
0
0
0
91252.36
62869.02
44973.99
26092.23
18079.91
-6.168972e-05
-2.713793e-05
8.844264e-05
8.086721e-05
9.126514e-05
-3.073008e-06
-5.43112e-07
8.577085e-06
4.057941e-06
9.698428e-05
-0.000537662
0.0009957657
-0.001482159
-0.008739131
0.001772608
-0.002420384
-0.00989715
0.004181856
-0.004707051
0.001994016
0
0
0
0
0
0
0
0
93532.95
63671.26
38845.22
21410.69
12895.59
-5.380905e-05
-0.0001617671
-9.979961e-05
-5.783411e-05
0.0001050125
8.026577e-06
7.410577e-06
1.175324e-05
2.167078e-07
-0.002655465
-0.009250231
0.01280249
-0.00715602
0.01008709
-0.01327734
0.003305083
-0.003934671
-0.004781133
0.01143893
-0.002240004
0
0
0
0
0
0
0
99233.99
67449.87
42700.19
18562.57
11989.39
3.529048e-05
1.33525e-05
-0.0001175927
-9.416666e-05
8.985823e-05
3.113101e-06
-1.43992e-05
1.029546e-05
4.96276e-06
0.001689076
0.00473274
-0.02017299
0.002616698
-0.01868829
0.005638543
0.0006351074
-0.0002283434
0.007747489
-0.01055759
-0.005353155
0
0
0
0
0
0
105854.2
72154.6
47497.41
25575.48
9451.297
-0.0001198663
-0.0001365185
5.456332e-05
-0.0001610648
-0.0001365502
-1.034359e-05
1.598997e-05
-1.282487e-05
-1.12968e-05
0.003212139
-0.01521501
0.02258659
0.002695543
0.007595162
-0.007078005
-0.002045252
-0.004050201
-0.00811461
0.001220252
-0.00280973
0
0
0
0
0
107081.3
81133.41
52269.3
31965.51
18501.43
0.0001188206
0.0001930019
-4.461025e-05
0.0001122297
-2.05928e-05
-1.802276e-05
-1.938776e-05
-9.144558e-06
-1.262429e-05
0.002999688
0.00197373
-0.02736413
0.005651095
-0.007617155
-0.005506541
-0.02272798
0.0009012359
-0.005592741
0.001458907
-0.002443513
0
0
0
0
0
80795.72
61569.98
33760.24
23638.81
3.347572e-05
-0.0001396245
-3.399664e-05
0.0001548011
-0.0001244883
2.292119e-05
-2.503509e-05
-1.964929e-07
-9.784888e-06
-0.0007006335
0.008246917
-0.009741527
0.008619752
-0.001444556
0.007538851
0.01363632
0.003192188
-0.004468907
0.01577813
0.005487619
0
0
0
0
0
61107.07
42812.35
25134.49
6.714278e-05
0.0003634452
-4.185519e-05
0.0001447178
6.171272e-05
-2.751875e-05
8.529467e-06
1.792042e-05
-8.726267e-06
0.004670557
-0.003435772
0.005270859
0.003630926
0.02081079
-0.001402571
-0.01512425
-0.007114822
0.007628993
-0.006762113
0.0005402829
0
0
0
0
0
44299.09
34989.56
0.0001691688
1.447414e-05
-8.261567e-05
2.518649e-05
-4.004383e-06
-1.414075e-05
2.020638e-05
1.347629e-05
-1.699949e-05
6.990858e-05
0.003039109
0.00257765
-0.01665852
-0.003260027
0.006259395
0.003641667
0.01343207
0.002171552
-0.004663577
0.002985587
0
0
0
0
0
40212.91
-0.0001728519
-7.883987e-06
0.0001469562
0.0001320104
-0.0001619234
2.575933e-05
2.859699e-06
-1.432893e-06
-6.843379e-07
-0.001665591
-0.002680576
0.02217383
-0.004916051
-0.001390631
0.006073129
-0.008246255
0.008948728
0.01219346
0.01196894
-0.004834512
0
0
0
0
0
-0.0001137306
0.0001942448
-0.0001224006
0.0001610756
-1.54804e-06
3.207632e-06
1.45807e-05
3.072767e-05
6.225468e-07
0.0003039439
0.00427234
-0.004480908
0.001570958
-0.003025191
-0.002206242
-0.006910949
-0.007153597
-0.005390268
0.003483873
-0.003166594
0
0
0
0
0
-0.0001008323
4.086758e-05
4.916668e-06
8.851192e-05
-1.54406e-05
-2.419583e-05
1.293828e-05
2.903265e-05
2.059089e-06
0
0
0
0
0
0
0
0
0
0
0
0
0
0
0
-0.0001278381
-0.0001992726
4.208769e-05
-4.426897e-06
-1.164422e-06
-4.365908e-06
1.540653e-05
3.079887e-06
0
0
0
0
0
0
0
0
0
0
0
0
0
0
0
0.0002141739
-0.0001050991
-1.06168e-05
1.068868e-05
2.551743e-05
1.962721e-05
-1.283309e-06
0
0
0
0
0
0
0
0
0
0
0
0
0
0
0
-0.0001225392
1.291828e-05
6.256554e-06
1.773763e-05
1.42512e-05
-3.358319e-06
0
0
0
0
0
0
0
0
0
0
0
0
0
0
0
1.465063e-05
5.623038e-06
7.585162e-06
7.89313e-06
9.071055e-08
0
0
0
0
0
0
0
0
0
0
0
0
0
0
0
1.324881e-05
8.899242e-06
4.820547e-06
0
0
0
0
0
99369.94
77245.75
54077.97
31493.76
20621.14
-3.491425e-05
-0.0001636834
8.068472e-05
8.045347e-05
-5.042089e-05
-1.177463e-05
8.940647e-06
-2.347664e-06
9.50414e-06
5.307813e-07
0
0
0
0
0
0
0
0
0
0
0
0
0
0
0
1.092542e-05
4.152609e-06
0
0
0
0
0
99629.89
77659.45
59137.8
41571.12
29057.31
-3.13486e-06
-0.0001500713
4.5487e-05
-2.809364e-05
9.727742e-05
-6.982021e-06
-1.18926e-05
-1.147738e-05
-7.288499e-06
1.974806e-06
0
0
0
0
0
0
0
0
0
0
0
0
0
0
0
5.609103e-06
0
0
0
0
0
97975.99
76450.8
58206.23
38949.23
31466.46
-3.185914e-06
-8.27361e-05
-0.0001156348
-9.343062e-05
-0.0001026382
3.112771e-05
1.00801e-05
7.922495e-06
-8.459609e-06
-1.071371e-06
0
0
0
0
0
0
0
0
0
0
0
0
0
0
0
0
0
0
0
0
94782.08
73391.26
55262.18
36650.03
27036.42
-6.69375e-05
0.0001525375
0.0001212038
0.0001902788
7.682096e-05
-2.397972e-05
-1.569573e-05
1.802522e-05
-1.491506e-05
4.675287e-07
0
0
0
0
0
0
0
0
0
0
0
0
0
0
0
0
0
0
0
95261.77
68210.25
50614.45
31934.67
23569.9
-0.0001698037
0.0002472124
7.408341e-05
-0.0001260091
-1.329506e-05
-8.64247e-06
1.026602e-05
9.124792e-06
-4.51895e-06
-9.229034e-06
0
0
0
0
0
0
0
0
0
0
0
0
0
0
0
0
0
0
97559.15
67933.27
43979.59
26398.26
17822.35
0.0001819406
9.009548e-05
0.0001219738
-0.0001662891
-2.849723e-05
1.121009e-05
-1.218609e-06
1.693001e-05
1.700712e-06
0.0004564505
0.003341288
-0.005760288
4.489296e-05
-0.002119454
0.007166696
-0.002245451
-0.003487653
-0.0006948341
-0.0006208822
0.002281715
0
0
0
0
0
0
0
99328.21
69385.64
44423.83
20199.29
13210.16
-2.5785e-05
-6.304012e-05
-4.186704e-05
0.0001270904
3.011588e-05
-2.251759e-05
-1.841458e-06
-1.842161e-05
-1.794443e-05
-0.001888126
0.003430827
0.003602633
-0.009205629
0.02115159
-0.00330917
0.0120628
-0.01092984
-0.002906607
-0.003944068
-0.006681376
0
0
0
0
0
0
106945.2
75157.75
48209.1
24290.59
10510.36
-2.617746e-05
-3.283426e-05
7.256047e-05
-4.198531e-06
-2.178937e-05
1.70177e-05
-8.342226e-07
1.770507e-06
-3.993825e-05
-0.0007190663
-0.003092796
0.004762265
-0.01472079
0.0008410259
0.02676469
0.0008642412
-0.004031625
0.002388598
0.005375469
-9.314271e-05
0
0
0
0
0
108100
81265.16
52581.85
29257.8
17420.17
2.563295e-06
3.507638e-05
9.096479e-05
2.219485e-05
6.700876e-06
1.907782e-05
-5.588456e-06
-3.006836e-05
1.820661e-06
0.002451091
0.004284694
0.03010307
-0.0005481452
0.007146074
0.005226438
0.02268686
0.0101408
0.003278716
0.004390919
0.005642746
0
0
0
0
0
80795.73
61569.98
33760.25
23638.83
2.33618e-05
-0.000106594
-0.0002095109
-0.0001785136
-6.932044e-05
1.220897e-05
1.199397e-05
1.487261e-05
1.780862e-05
0.001552989
-0.003778826
0.001517146
0.003031222
0.001609259
-0.007565061
-0.01044545
-0.004028761
-0.004839971
-0.01197425
-0.0009967332
0
0
0
0
0
59717.56
42737.79
25259.76
4.005145e-05
-5.093876e-05
9.972008e-05
4.496941e-05
-7.990736e-05
1.552152e-05
-1.810999e-05
4.839532e-06
2.110883e-05
-0.001552602
0.004772773
0.01406435
0.009816267
-0.02008421
-0.002806324
0.01084274
0.005768251
-0.006663841
0.007181499
0.0001184872
0
0
0
0
0
41143.56
33975.58
-0.0001135848
-0.0001008336
-0.0003692638
0.00017532
-1.452782e-05
-6.258391e-06
1.169959e-05
6.248178e-06
1.068226e-06
-0.001722904
-0.009580582
-0.006040419
0.002986218
0.00324254
0.0004364211
0.00486736
0.0009559451
0.003422985
8.304427e-05
0.004438698
0
0
0
0
0
34943.08
5.431821e-05
-4.545316e-05
-4.15137e-05
3.962968e-05
-1.43899e-05
1.708022e-05
2.725232e-05
-2.933251e-05
-8.787416e-06
-0.001516664
0.002777201
-0.01262673
0.005967839
0.01919576
0.006394948
0.004598277
-0.009518489
-0.02460683
-0.002616498
0.004210599
0
0
0
0
0
0.0001136335
7.18504e-05
2.45484e-05
-1.190739e-05
2.612426e-06
-3.145692e-06
-2.94293e-05
-2.199795e-05
-9.775211e-06
-0.001750728
-0.006857107
0.001068639
-0.01024366
0.003130531
0.00736346
0.00532826
0.002491278
0.000910023
-0.006658333
-0.00117964
0
0
0
0
0
0.0001547188
-0.0001183844
0.0001786885
-6.753095e-05
6.153701e-06
-1.050758e-05
2.630984e-05
-1.575871e-05
0.0006547559
-0.001562877
-0.003751554
0.003849307
-0.009213316
0.003228261
0.003263954
-0.0007702698
-1.72138e-05
-0.002943446
-0.001478075
0
0
0
0
0
6.855473e-05
1.017664e-05
-1.146835e-05
-1.763386e-05
1.382397e-05
2.020043e-05
-9.197878e-06
-1.46818e-05
0
0
0
0
0
0
0
0
0
0
0
0
0
0
0
0.0002425171
0.0001747675
9.466722e-06
-9.383339e-06
-1.141558e-05
-1.271174e-05
-9.884303e-06
0
0
0
0
0
0
0
0
0
0
0
0
0
0
0
-0.0001566529
1.076514e-05
2.187766e-05
1.368082e-05
-1.204275e-05
-9.89782e-06
0
0
0
0
0
0
0
0
0
0
0
0
0
0
0
1.403336e-05
5.09198e-06
-7.458699e-06
-7.452959e-06
-1.397734e-05
0
0
0
0
0
0
0
0
0
0
0
0
0
0
0
-2.556989e-05
-6.676021e-06
5.407893e-06
-4.60595e-06
0
0
0
0
0
0
0
0
0
0
0
0
0
0
0
1.081478e-05
4.024576e-06
0
0
0
0
0
100285.9
78460.58
60181.64
36294.29
23660.24
-2.107481e-05
0.0001572831
0.0001147635
-9.827168e-05
-6.367841e-05
-3.984401e-06
9.908893e-06
-1.151599e-05
3.552041e-06
5.101001e-07
0
0
0
0
0
0
0
0
0
0
0
0
0
0
0
5.569822e-06
0
0
0
0
0
99615.46
78475.04
60331.63
41330.63
33528.83
-2.767247e-06
-0.0001014116
9.194702e-05
7.821992e-05
3.455142e-05
-4.701771e-06
1.510591e-05
1.887715e-05
1.041693e-05
2.589823e-06
0
0
0
0
0
0
0
0
0
0
0
0
0
0
0
0
0
0
0
0
97613.74
76554.2
58856.32
40174.97
30751.99
-1.573642e-05
0.0001297569
1.829159e-05
1.657536e-05
9.954729e-06
-1.006368e-05
-3.255127e-05
-1.352076e-05
-4.986387e-06
-1.992992e-06
0
0
0
0
0
0
0
0
0
0
0
0
0
0
0
0
0
0
0
98576.24
72808.73
55488.4
37032.04
28347.09
-4.53529e-05
0.000164684
-4.722204e-05
1.294559e-06
-6.529508e-05
-7.304254e-06
2.626569e-05
3.056555e-05
-8.18194e-06
4.086192e-06
0
0
0
0
0
0
0
0
0
0
0
0
0
0
0
0
0
0
102040.7
72665.33
49841.83
32227.37
23603.96
-1.223334e-05
0.0001754833
-0.0001169584
-0.0001163731
0.0001893369
9.357287e-06
4.237311e-07
-4.567456e-06
-3.638771e-06
2.230364e-06
0
0
0
0
0
0
0
0
0
0
0
0
0
0
0
0
0
102725
74004.32
49086.22
25431.99
18119.35
-0.0001447032
-0.0001314291
-0.0001036324
9.596084e-06
0.0001650427
-8.908584e-06
-2.316188e-05
1.40171e-05
-9.475439e-06
-0.0002710746
-0.002147189
-0.001216017
0.0009575742
-0.004264542
-0.003755782
-0.002489046
0.003810331
0.008023026
0.002821973
0.0004660283
0
0
0
0
0
0
108333.4
75376.19
49932.39
25732.69
11983.12
0.0001295486
-0.0001189396
6.474457e-05
0.0001674995
-7.483233e-05
9.711082e-06
1.994678e-05
1.03253e-05
9.032718e-06
-0.0002760552
0.007236304
-0.01067991
0.02119746
0.000698856
-0.02719604
0.002981777
-0.007231239
0.0008508202
-0.002879355
0.0004775087
0
0
0
0
0
110325.4
82447.23
55837.95
29633.82
16073.57
-8.235249e-05
0.0001503601
-2.16283e-05
-0.0001054855
3.054575e-05
9.646265e-06
-2.165267e-05
-1.245637e-05
1.613678e-05
0.008899956
0.001651571
-0.005614617
-0.003119246
0.01236809
-0.01677519
-0.03071436
-0.01954487
-0.0007727947
0.003479807
-0.007225634
0
0
0
0
0
82029.14
61679.12
33761
20947.31
1.137894e-05
-9.18695e-05
-6.134399e-05
0.0002113296
-1.252198e-05
-6.066415e-06
-1.428987e-06
2.791604e-06
2.096681e-05
-0.002260366
0.005464936
-0.02392872
-0.005089446
0.007204699
-0.005789449
0.01375963
0.002283981
-0.009619074
0.008419467
-0.005353437
0
0
0
0
0
59717.56
42737.79
25259.77
0.0001309431
-7.733336e-05
0.00010917
0.0001138999
2.805705e-05
-1.631634e-05
-5.667513e-06
4.123267e-07
-1.836189e-05
0.0001587541
-0.007306838
-0.01398669
0.003924055
-0.001371769
0.002311304
0.0001936063
0.01492755
0.01036083
0.0009050819
0.005492104
0
0
0
0
0
39691.96
33911.99
-1.920036e-05
-6.969658e-05
2.584076e-05
-0.0001619526
-6.28638e-05
6.519796e-06
-3.023471e-06
-6.581728e-06
-9.075184e-06
-0.0002795435
0.00808943
0.003494068
-0.00768617
-0.001591962
-0.002101252
0.007075962
-0.01354194
-0.01088636
0.00827876
-0.008119235
0
0
0
0
0
31798.14
-0.0002120594
6.27535e-05
5.23254e-05
0.0002079006
-0.0001301341
-2.12109e-06
-1.053777e-05
1.893295e-05
-1.535757e-05
-0.002636008
-0.00835751
-0.0017097
0.002801337
-0.01427161
-0.01512031
-0.0005435887
0.005397656
0.01201756
-0.0001669726
-0.006309404
0
0
0
0
0
-0.0001705347
-0.0001571959
-6.327648e-05
4.251354e-05
6.208959e-05
1.457119e-05
-2.462318e-05
-1.602818e-05
2.980422e-05
0.002215649
0.004006928
-0.0004934267
0.01761099
-0.0184581
-0.01056499
-0.01930311
0.001018741
0.007375757
0.003869193
0.001906836
0
0
0
0
0
-0.0002985755
0.0001382046
-7.360539e-05
-5.329951e-06
-7.648983e-06
6.159623e-06
-1.205698e-05
1.976997e-05
0.0001863176
0.005072122
0.00766307
-0.002750742
0.01105414
0.001988425
-0.009387325
0.00298377
-0.002405269
0.01514967
0.002516835
0
0
0
0
0
-6.456246e-06
-3.399353e-06
-6.7546e-05
-2.329658e-05
-1.034417e-05
3.698704e-05
-3.233932e-05
-0.001484311
-0.005465446
0.00219138
-0.004181
-0.004176582
0.00788534
-0.004260921
-0.0005817469
0.003250547
0.006836748
-0.00181778
0
0
0
0
0
-0.000188326
-3.721466e-05
-1.328241e-05
3.104591e-06
4.823011e-06
-1.29042e-05
4.033812e-06
0
0
0
0
0
0
0
0
0
0
0
0
0
0
0
-0.0001835796
6.460461e-07
-3.053971e-05
1.980141e-05
1.84268e-05
1.111866e-05
0
0
0
0
0
0
0
0
0
0
0
0
0
0
0
1.48484e-05
-1.590002e-05
-2.137932e-06
-1.485749e-05
-1.482963e-07
0
0
0
0
0
0
0
0
0
0
0
0
0
0
0
-9.202456e-06
-2.777847e-05
9.152118e-06
-1.003641e-05
0
0
0
0
0
0
0
0
0
0
0
0
0
0
0
1.872856e-05
7.186254e-06
9.752932e-07
0
0
0
0
0
0
0
0
0
0
0
0
0
0
0
5.447399e-06
0
0
0
0
0
100262.2
79362.29
61307.58
42471.23
28309.9
7.372208e-05
-4.567681e-05
-0.0001271412
-5.722194e-05
0.0001040736
9.246872e-07
-7.928299e-07
1.148978e-05
1.034904e-05
-2.199893e-06
0
0
0
0
0
0
0
0
0
0
0
0
0
0
0
0
0
0
0
0
99373.25
78560.36
61154.86
42431.18
33141.85
-2.582176e-06
-6.055739e-05
8.503896e-05
5.841158e-05
1.786163e-05
4.972859e-06
-1.188623e-05
2.632931e-06
-8.69047e-06
-9.745968e-07
0
0
0
0
0
0
0
0
0
0
0
0
0
0
0
0
0
0
0
100891.6
76184.28
59058.22
40808.64
31877.31
-1.195227e-05
-5.508497e-05
2.070219e-05
6.668208e-05
3.456954e-05
1.010428e-05
9.647926e-06
2.283847e-05
1.398098e-05
4.335007e-06
0
0
0
0
0
0
0
0
0
0
0
0
0
0
0
0
0
0
105727.3
76655.33
54941.05
37312.34
28672.4
-0.0001304272
2.726137e-05
-0.0001908097
-0.0002258006
-5.396686e-05
-6.140442e-07
1.84288e-05
-1.37117e-05
-1.543584e-06
4.16568e-06
0
0
0
0
0
0
0
0
0
0
0
0
0
0
0
0
0
106999.9
79225.12
54338.15
31469.75
23886.96
-2.9199e-05
7.997769e-05
2.230865e-06
3.959178e-05
8.012283e-05
-2.101611e-05
-8.543614e-06
1.176398e-05
-5.972071e-06
-3.880562e-06
0
0
0
0
0
0
0
0
0
0
0
0
0
0
0
0
111332.9
79139.08
54957.44
30504.18
17118.93
-0.000109601
0.0002544074
-4.518883e-05
-3.462542e-06
9.332708e-06
-1.77306e-05
5.230971e-06
5.902222e-06
-9.467343e-06
-0.000920009
0.00130759
0.00264659
-0.0006702341
0.002171663
0.007217089
0.00303529
0.001620313
-0.002001107
-0.003500824
-0.000185052
0
0
0
0
0
114091.5
84227.07
56184.56
31049.87
17366.03
0.000111413
-9.290374e-05
0.0002563571
-6.318108e-05
-1.807799e-05
1.28209e-05
-1.251545e-05
-9.536818e-07
7.518844e-06
0.00138747
-0.0008256669
-0.002046076
0.009542807
-0.01376188
-0.0004216841
0.01659112
0.0107339
0.000782455
-0.009261702
-0.001482001
0
0
0
0
0
84712.04
62850.87
37086.85
21179.17
1.092751e-05
2.869799e-05
-0.0001235634
9.923184e-05
9.102237e-05
1.351807e-05
-2.304265e-05
6.060701e-06
1.182573e-05
-0.002073047
-0.01966312
-0.004655943
0.008532712
-0.002717529
-0.002402327
-0.006079498
-0.0003594597
0.00918168
0.003690505
-0.001068581
0
0
0
0
0
61107.06
42812.35
25134.48
0.0001360009
3.939212e-05
1.503976e-05
0.0002448847
-0.00017777
1.374509e-05
8.133319e-06
-1.037358e-05
2.850533e-05
-0.000806544
0.01089688
0.0008273547
0.01643843
0.006008871
-0.004719575
0.004019882
-0.01457594
-0.003027335
-0.004100551
-0.006841295
0
0
0
0
0
39691.97
33912
-0.0002333363
-0.0002454941
5.007343e-05
-0.0001128397
4.566133e-05
1.114708e-05
3.068861e-05
1.369895e-05
1.363015e-05
-0.002305964
-0.009519273
-0.001877197
0.009951986
-0.01062645
0.004417807
-0.01233294
0.008139753
0.007777977
-0.002347083
0.00519255
0
0
0
0
0
30352.11
-2.694317e-05
-0.0002008712
0.0002032504
-6.507298e-06
0.0001132436
1.217782e-05
-1.98009e-06
-2.77663e-05
2.472342e-05
0.002326893
-0.004378121
0.003937375
-0.005351486
0.009657694
0.01010491
0.000594908
-0.008438089
0.006479795
0.0006756834
-0.003570644
0
0
0
0
0
2.588688e-05
6.329065e-05
-3.411119e-05
-3.397532e-05
-6.17263e-05
1.647097e-05
-7.585535e-06
8.316114e-06
-5.013653e-06
0.003871445
-0.004826664
0.01271245
0.002969988
-0.003610252
-0.002637201
0.02109699
-0.00758206
-0.004647096
0.001699765
-0.003831718
0
0
0
0
0
0.0001150079
0.0002355738
-0.0001566787
-1.592062e-05
-1.180515e-05
-2.925811e-05
-2.796516e-06
7.769726e-06
-0.00340266
-0.008374184
0.008068452
-0.002434831
-0.004837918
-0.003302075
-0.003113421
0.002303929
0.01374241
-0.01178415
0.0009537455
0
0
0
0
0
0.0002717619
-0.0002174024
0.0001072224
-1.557056e-06
1.060665e-05
-1.186895e-05
2.465131e-05
0.002189804
0.002075181
0.001662019
0.01433926
-0.003382117
-0.003222769
0.005489521
0.005910171
-0.004544765
-0.01106842
0.0004793859
0
0
0
0
0
-5.21777e-05
4.432176e-05
-8.087619e-07
2.897665e-05
7.587319e-06
-1.610956e-05
-0.002496872
0.002459037
0.00669679
0.003088899
0.001148949
0.002329473
-0.007069883
0.0001449836
-0.007312123
0.002878169
-0.002293781
0
0
0
0
0
0.0002134672
8.694377e-06
2.873781e-05
-1.121651e-05
-1.00817e-06
5.159947e-06
0
0
0
0
0
0
0
0
0
0
0
0
0
0
0
5.518164e-06
-1.237934e-05
1.130962e-05
-1.393046e-05
-1.627015e-05
0
0
0
0
0
0
0
0
0
0
0
0
0
0
0
-2.447309e-05
-1.806077e-05
-1.83339e-05
6.686087e-06
0
0
0
0
0
0
0
0
0
0
0
0
0
0
0
4.545162e-06
3.379569e-05
-4.231325e-06
0
0
0
0
0
0
0
0
0
0
0
0
0
0
0
-2.326448e-05
-3.836962e-06
0
0
0
0
0
0
0
0
0
0
0
0
0
0
0
0
0
0
0
0
95524.61
79440.59
62221.76
43504.77
34307.01
6.784751e-05
-0.0001438747
0.0001319383
2.172989e-05
3.884722e-05
1.045513e-05
1.11357e-05
-3.68226e-06
-1.780569e-05
-3.070885e-06
0
0
0
0
0
0
0
0
0
0
0
0
0
0
0
0
0
0
0
97730.23
78312.39
61342.19
43241.31
34145.83
0.0001079656
3.206506e-05
0.0001064916
0.0001294208
-4.677872e-05
-1.35481e-05
-1.735211e-05
3.791021e-05
2.927357e-06
-4.592787e-06
0
0
0
0
0
0
0
0
0
0
0
0
0
0
0
0
0
0
108256.6
79506.2
58721.04
41068.55
32445.32
9.224746e-05
-4.560687e-05
7.803936e-05
-0.0001340895
-1.135691e-05
-1.070712e-06
-1.318483e-05
-5.776039e-06
-1.822665e-05
-8.612456e-06
0
0
0
0
0
0
0
0
0
0
0
0
0
0
0
0
0
110404.6
83603.59
58827.29
36770.73
28941.62
9.301281e-05
0.0001652152
0.0001074958
-4.594787e-05
0.0001438257
-4.399352e-06
9.672507e-06
3.49969e-06
1.313523e-05
-3.438791e-06
0
0
0
0
0
0
0
0
0
0
0
0
0
0
0
0
114596.8
84149.4
60706.85
35943.55
23075.54
5.20554e-05
2.822893e-05
-0.0001884654
-0.0002337662
2.236884e-05
-2.808155e-06
1.639244e-05
5.030295e-06
-2.691838e-05
3.717703e-06
0
0
0
0
0
0
0
0
0
0
0
0
0
0
0
114074.4
87852.54
60098.67
36189.12
22061.72
-0.0001002595
2.492028e-05
-0.0001255141
5.346313e-05
6.369478e-05
-2.194601e-05
8.353674e-08
-2.14421e-05
-2.569734e-05
-0.0002054193
2.911658e-05
-0.000284804
-0.001363897
0.002190689
0.006070087
-0.003726969
-0.00333962
0.007955961
0.009525548
0.001553524
0
0
0
0
0
89223.7
64777.59
37480.48
22452.48
2.819399e-05
5.433762e-05
-2.242462e-07
-0.0001786349
8.380785e-05
-1.525054e-05
-6.669965e-06
-3.256106e-07
-1.520033e-05
-0.005168395
-0.002320679
0.01610357
-0.01871943
-0.002164513
0.003862791
0.00862496
0.00595609
-0.004858413
-0.003220088
0.0009476765
0
0
0
0
0
64125
43884.76
28409.39
0.0001153397
-3.530144e-05
8.896336e-05
5.977123e-05
-0.0001237805
5.351324e-06
-2.88397e-06
1.575268e-05
-2.026569e-05
0.001371996
-0.00427659
0.009336991
0.002997359
-0.008503494
0.001261284
-0.005143796
0.009125399
0.007576249
0.0002551735
0.002241586
0
0
0
0
0
41143.54
33975.57
-0.0001448185
-9.951819e-05
-7.82588e-05
0.0001710277
-0.0001048435
1.275399e-05
-2.824064e-05
1.057034e-06
-3.636742e-06
0.0003787447
0.01098098
-0.008893262
0.001062899
-0.0001748855
-0.002561091
-0.005130904
-0.002106262
0.002314967
0.001025207
0.0004541789
0
0
0
0
0
30352.11
-0.0002146393
0.0001208573
7.395138e-05
3.923682e-05
8.606521e-05
-2.568937e-06
4.98664e-06
-2.788016e-05
-1.062589e-05
-0.002669589
0.01930154
0.005805818
-0.005180593
-0.006050313
0.00169446
-0.001863002
0.008840229
-0.005220298
-0.005360731
-0.000601938
0
0
0
0
0
1.409358e-05
8.950357e-05
0.0003220819
-0.0002233479
-9.401508e-05
-1.462666e-05
-1.213431e-05
1.311304e-07
1.904325e-05
9.475633e-05
0.0007675386
-0.004497599
-0.007122979
0.008067265
0.02297884
-0.009932272
0.01458531
-0.004165762
-0.01305191
0.005352253
0
0
0
0
0
-0.0002265206
2.024718e-05
9.576811e-05
3.578334e-05
1.927517e-05
-1.938969e-05
1.833463e-05
-1.112363e-07
-0.004816686
-0.002179364
0.006528817
-0.00018844
-0.01037503
0.01776541
0.01730501
-0.02102769
-0.01149026
-0.0007216829
-0.003249265
0
0
0
0
0
5.365197e-05
-1.079929e-05
0.000147779
-7.895149e-06
2.498405e-05
1.490359e-05
3.029697e-05
-0.00286908
-0.002664503
0.006990771
-0.006725225
0.006737086
-0.002875312
0.003081637
-0.01017015
0.002092898
0.005067598
0.003173154
0
0
0
0
0
-0.0001002158
0.0001069658
-2.827047e-05
1.797949e-05
-2.999966e-06
1.154656e-05
-0.002679781
-0.008381203
0.003960663
-0.007116949
0.002613439
0.001609572
0.008426586
0.007093175
0.006153482
-0.008547274
0.0001113353
0
0
0
0
0
4.156204e-05
-3.025357e-06
1.381903e-05
-8.6465e-06
-1.590556e-05
-0.0009783982
0.001940656
-0.001447736
0.001314247
-0.008329941
0.001897379
0.007106097
0.004852768
-0.004672988
-0.002038725
-0.002497633
0
0
0
0
0
-1.53869e-05
-7.393894e-06
-1.477868e-05
9.432016e-06
-5.339153e-07
0
0
0
0
0
0
0
0
0
0
0
0
0
0
0
6.494548e-06
-3.90653e-07
5.698246e-06
1.113789e-05
0
0
0
0
0
0
0
0
0
0
0
0
0
0
0
1.931516e-05
2.965404e-05
7.08166e-06
0
0
0
0
0
0
0
0
0
0
0
0
0
0
0
1.19008e-05
-1.212348e-05
0
0
0
0
0
0
0
0
0
0
0
0
0
0
0
1.212385e-05
0
0
0
0
0
0
0
0
0
0
0
0
0
0
0
0
0
0
0
98017.91
73915.2
62404.03
44408.1
35245.63
-4.649213e-05
-0.0001662101
0.0001393766
-0.0001368095
-1.457196e-05
-3.369214e-06
-2.139527e-05
-1.293053e-05
-1.107979e-05
1.246283e-05
0
0
0
0
0
0
0
0
0
0
0
0
0
0
0
0
0
0
104957.1
75919.12
61127.02
43488.86
34885.19
5.188557e-05
-0.0001409692
9.031136e-06
-9.706699e-05
-0.0001906659
-1.534198e-05
-3.034314e-06
1.775758e-05
-2.19672e-05
-1.028918e-05
0
0
0
0
0
0
0
0
0
0
0
0
0
0
0
0
0
108189.4
86681.85
62081.59
40734.56
32692.26
-9.503667e-05
-0.0001051685
0.0001336761
-3.571621e-05
0.0001288185
-1.227647e-06
2.041654e-06
-3.296928e-06
1.349548e-05
5.446682e-06
0
0
0
0
0
0
0
0
0
0
0
0
0
0
0
0
117044.7
88244.33
65594.23
40645.11
28330.74
9.873343e-05
-9.230724e-05
-0.000168796
-0.0001319918
0.0001688477
-1.356942e-05
-6.396452e-07
9.480021e-06
-2.172175e-05
-1.052824e-05
0
0
0
0
0
0
0
0
0
0
0
0
0
0
0
117824.4
91882.82
65630.61
42132.62
27446.83
0.0002121025
-0.0002048495
-0.0001481179
0.0002179483
0.0001294483
-1.713781e-05
-5.909538e-06
5.135552e-06
6.237157e-06
1.567384e-05
0
0
0
0
0
0
0
0
0
0
0
0
0
0
0
89452.4
68841.95
41311.12
27528.22
-3.156188e-05
0.000107669
9.44855e-05
-7.797692e-05
2.193402e-05
-2.23995e-05
3.186139e-05
1.803202e-06
5.234036e-05
0.001238585
0.002209743
5.933738e-05
0.00329784
-0.005734372
-0.002963889
-0.005522132
-0.005044763
0.0001065342
-0.004703002
-0.001825225
0
0
0
0
0
69185.52
45747.17
28820.08
7.021307e-05
-0.0001001032
-0.0001280873
0.0001282419
1.825251e-05
-1.773163e-06
2.167155e-05
-1.794304e-06
1.451276e-05
0.0007275043
0.0127551
0.007739761
0.001502537
0.009545865
0.003370384
0.01233051
-0.008500074
-0.003142283
0.01009891
-0.004987883
0
0
0
0
0
44299.11
34989.59
-0.0003020526
-0.0001076037
3.947615e-05
-5.434158e-05
-6.022294e-06
1.384931e-05
-4.356064e-06
1.300573e-06
3.150462e-06
0.004766124
-0.00524695
0.008399981
-0.01032315
-0.006858007
0.005863146
0.005307956
-0.001369686
-0.0001371176
-0.007648717
-0.005894017
0
0
0
0
0
31798.13
-0.0001395317
0.0002023047
-3.347871e-05
-0.00011592
-0.0001080723
-1.217696e-05
-1.244835e-05
6.419297e-06
-1.864473e-05
-0.002166172
-0.001588414
-0.01441107
-0.004499427
0.008702859
0.007924232
0.009254464
0.01498135
0.01192866
-0.004839491
-0.00173602
0
0
0
0
0
0.0001026886
0.0001801203
8.024233e-05
7.88109e-05
-5.59582e-05
-1.440597e-05
-7.315973e-06
9.917571e-06
-2.300629e-06
0.0002137828
-0.001281577
-0.01908815
0.01014142
0.004168084
-0.01193311
-0.009554861
-0.01226483
0.01192726
-0.00257177
-0.004342777
0
0
0
0
0
-0.0001278294
5.394559e-05
3.059805e-05
0.0001230538
1.263158e-05
2.449935e-05
-2.667602e-06
-5.794927e-06
0.004711025
-0.0008488202
-0.009920396
-0.00759362
0.001798106
-0.00897441
-0.01546889
0.007818685
-0.009814997
0.009458674
0.005864195
0
0
0
0
0
0.0003004325
0.0001105311
-8.178369e-05
6.613682e-06
-3.562606e-05
2.45002e-05
-2.435258e-05
-0.0008246114
0.01647161
-0.003276566
-0.003067172
0.006949532
-0.006083476
-0.004991065
0.0002585553
0.01478177
0.001563784
-0.002239811
0
0
0
0
0
-2.550341e-05
-0.0001151709
9.232737e-06
-1.271348e-05
-3.467421e-05
-6.409285e-06
-0.002625293
0.007774796
-0.01219098
-0.005934309
-0.003254507
-0.0131239
-0.00624885
-0.01781468
0.0009908575
0.007038596
-0.001736263
0
0
0
0
0
-7.027934e-06
2.705658e-06
1.725812e-05
-1.00164e-05
1.710028e-06
-0.004157565
-0.001913764
0.002556035
-0.001812144
0.009379816
-0.01573358
-0.01701552
-0.01151256
0.005114839
0.009934093
0.00434466
0
0
0
0
0
-1.175884e-05
9.727805e-06
1.468498e-06
-5.226514e-06
0.0004686203
0.001551169
0.004436839
0.005754967
0.0008008805
0.001257805
-0.008335532
-0.004671191
-0.00111816
0.005650057
-0.0002110431
0
0
0
0
0
9.209669e-06
1.042685e-06
6.806099e-06
-8.588178e-06
0
0
0
0
0
0
0
0
0
0
0
0
0
0
0
-1.919372e-05
7.800571e-06
2.963783e-06
0
0
0
0
0
0
0
0
0
0
0
0
0
0
0
2.894384e-06
-9.285917e-06
0
0
0
0
0
0
0
0
0
0
0
0
0
0
0
-1.653038e-05
0
0
0
0
0
0
0
0
0
0
0
0
0
0
0
0
0
0
0
0
0
0
0
0
0
0
0
0
0
0
0
0
0
105291.3
76402.73
56262.81
44651.81
36075.91
3.59166e-05
0.0002063017
-2.529774e-05
6.407188e-06
4.107519e-05
4.918098e-06
1.658e-05
1.127106e-05
-8.584962e-07
1.346034e-05
0
0
0
0
0
0
0
0
0
0
0
0
0
0
0
0
0
109142.8
82923.62
58118.91
43275.57
35118.17
-0.0001062202
1.962621e-06
5.592549e-05
-1.128604e-05
4.346173e-05
5.152373e-07
2.636328e-05
1.452063e-05
-1.275687e-05
9.466112e-06
0
0
0
0
0
0
0
0
0
0
0
0
0
0
0
0
113870.7
85797.75
69085.19
44090.07
32280.41
5.306767e-05
8.810904e-05
0.0001484395
-5.6273e-05
6.619956e-05
-1.345673e-05
3.739594e-06
-5.51236e-06
-1.230152e-06
-6.858735e-06
0
0
0
0
0
0
0
0
0
0
0
0
0
0
0
120703.6
95044.27
70230.58
47240.74
32127.37
-7.209399e-05
-0.0001615546
1.020923e-05
0.000143377
3.425615e-06
-4.495036e-06
2.36378e-05
1.369133e-05
-1.090504e-05
1.068329e-05
0
0
0
0
0
0
0
0
0
0
0
0
0
0
0
94112.11
73428.16
47031.55
33430.89
0.0001739644
-0.0001219126
0.0001784742
0.0001945022
-9.4651e-05
1.891139e-05
1.777442e-05
1.222016e-06
-1.521881e-05
-3.294325e-06
0
0
0
0
0
0
0
0
0
0
0
0
0
0
0
69564.86
49958.86
32542.7
3.109977e-06
5.730559e-05
-4.311438e-05
-2.868033e-05
9.482046e-05
-2.191162e-06
6.838925e-06
-1.311551e-05
1.381812e-05
-0.001851774
-0.003567422
-0.001875272
-0.003392366
-0.002031327
0.007590307
-0.00335963
0.008201942
-7.442207e-05
0.002284361
0.002905054
0
0
0
0
0
49590.94
36788.25
-7.794424e-05
-0.0002423068
0.0001317849
-0.0001253452
-0.0001743189
1.065146e-05
-1.300504e-05
-3.184458e-05
-1.207274e-06
-0.001888147
0.0003863477
-0.01802158
-0.003764584
-0.007754928
-0.007590445
-0.001781774
-0.002592997
-0.00836558
0.002723192
-0.001719087
0
0
0
0
0
34943.1
-5.935987e-06
0.0002600258
-6.697358e-05
1.057547e-05
-6.245408e-05
3.988994e-06
-1.434549e-06
-8.0337e-06
-2.743346e-05
-0.002833835
-0.006243742
0.001499512
-0.00037041
-0.002847643
-0.01146322
0.008540036
-0.002704479
-0.007066958
-0.001698876
0.007350248
0
0
0
0
0
8.602835e-05
0.0001087113
-2.816516e-05
-1.070204e-05
6.299876e-05
1.340359e-05
7.006159e-07
-7.045179e-06
7.240942e-06
0.006004185
-0.004096277
0.006504484
0.0003169078
0.006665481
0.004780349
0.006024369
0.004465802
-0.01043742
0.00422806
0.003414655
0
0
0
0
0
-8.634971e-05
8.619495e-05
-0.0002569126
-2.143493e-05
-1.843656e-06
1.305602e-05
-4.592666e-06
-2.875893e-05
-0.0005782972
-0.002562779
0.01054207
0.002307891
0.002597221
-0.02424899
0.01976176
0.003415959
-0.002095716
-0.01138177
0.0008413118
0
0
0
0
0
0.0001149359
-0.0002422619
-0.0001849289
-1.389132e-05
-2.358926e-06
-1.426521e-05
-4.509971e-06
-0.0002335155
-0.01894383
0.0005077921
0.004165942
0.003961517
0.01496311
0.007177189
0.008327523
-0.003123291
0.00678
-0.002764748
0
0
0
0
0
-0.000239849
-8.133763e-05
-3.989852e-06
-3.126114e-06
2.949259e-05
-1.873602e-05
0.002260149
-0.001626882
0.002287647
0.02106471
0.004090302
0.005760097
0.01281129
0.007079128
-0.008914373
-0.009642077
-0.0005961585
0
0
0
0
0
-2.846299e-05
1.581433e-05
1.385635e-05
2.110398e-05
1.67227e-05
-0.0009608593
0.003321742
-0.0006168218
0.003731307
-0.007460554
0.01069865
0.02105674
0.01420926
0.009432831
-0.000775818
-0.003372623
0
0
0
0
0
4.006763e-06
-4.032198e-06
7.911034e-06
-4.486244e-06
0.001172201
-0.001610975
-0.004366496
-0.005956192
0.01261219
-0.004798297
0.01412556
0.009474997
0.01546749
-0.01024135
-0.003811777
0
0
0
0
0
1.573492e-05
-3.607071e-07
-6.950663e-06
0.001808679
-0.001753825
-0.00548283
-0.006516896
-0.006738367
-0.002340509
-0.004349113
0.005779593
-0.002150349
0.002941907
0.0004047422
0
0
0
0
0
3.576301e-06
-9.551774e-06
-5.982347e-06
0
0
0
0
0
0
0
0
0
0
0
0
0
0
0
2.556419e-05
-4.57336e-06
0
0
0
0
0
0
0
0
0
0
0
0
0
0
0
1.533627e-06
0
0
0
0
0
0
0
0
0
0
0
0
0
0
0
0
0
0
0
0
0
0
0
0
0
0
0
0
0
0
0
0
0
0
0
0
0
0
0
0
0
0
0
0
0
0
109433.6
83461.15
58754.33
38149.95
36304.1
0.0001055284
0.0001219238
-6.754654e-05
0.0001754682
-6.387151e-05
9.776024e-07
-3.907628e-06
-2.416414e-05
1.808828e-05
-1.456925e-06
0
0
0
0
0
0
0
0
0
0
0
0
0
0
0
0
114300.8
87058.2
64923.07
39903.84
34821.35
0.0001795941
-3.004818e-06
-7.361321e-05
-4.602349e-05
2.369123e-05
1.288403e-06
1.301198e-05
-4.859363e-06
8.923072e-06
-4.693702e-06
0
0
0
0
0
0
0
0
0
0
0
0
0
0
0
122768.8
91623.06
67549.35
50931.04
35574.46
0.0001055062
-0.0001326472
-3.632248e-05
-0.0001954691
-5.594312e-05
-6.955632e-06
-3.865567e-06
4.977857e-06
7.126623e-06
-1.399225e-06
0
0
0
0
0
0
0
0
0
0
0
0
0
0
0
97820.27
77121.62
51849.52
38533.8
6.789916e-05
0.0001153668
-3.607651e-05
-9.705965e-05
-1.641882e-05
-7.183264e-06
1.431554e-05
-4.937043e-06
-1.417889e-07
2.047957e-06
0
0
0
0
0
0
0
0
0
0
0
0
0
0
0
74889.59
54770.23
38227.78
-3.601809e-05
-0.000176664
0.0001208581
-4.419628e-05
-4.513208e-05
1.085486e-05
-9.717643e-06
-1.886062e-05
3.000808e-07
1.013564e-05
0
0
0
0
0
0
0
0
0
0
0
0
0
0
0
49991.4
40977.7
2.178895e-05
-2.239217e-05
-0.0001739442
-6.933462e-05
2.330067e-05
-1.3426e-05
7.348037e-06
1.882595e-05
1.019197e-05
-0.001736796
0.001970356
-0.003308074
-0.001656729
0.002224822
0.002885872
-0.001445995
-0.001076782
-0.002276796
-0.005082386
-0.00260035
0
0
0
0
0
40212.94
1.214756e-05
0.0001265308
0.0002178071
-1.334905e-05
0.0001703855
9.357935e-07
1.966748e-06
2.002702e-05
4.281442e-05
-0.001056243
-0.009043673
0.0003005034
0.01690063
0.01057731
0.0085665
-0.003774373
-0.008781846
-5.725523e-05
0.005072934
-0.001036109
0
0
0
0
0
4.004703e-05
-2.423218e-05
-0.0001032419
-4.726053e-05
-9.697101e-05
1.128455e-05
-1.650509e-05
-2.104355e-05
1.954308e-05
0.0003595438
0.008441567
-0.01009685
0.00896909
0.001387299
-0.01156037
0.01604931
-0.01073225
0.009170884
-0.005406042
0.002612444
0
0
0
0
0
-5.686375e-05
0.0001467795
-6.643264e-05
5.858083e-05
8.000356e-06
-2.621972e-05
1.041528e-05
1.259358e-05
-0.001159104
-0.002825386
0.01345694
-0.001644575
0.01452506
0.00602902
-0.01309881
0.002814996
0.002953903
0.007210427
-0.004719128
0
0
0
0
0
-2.511823e-05
-0.000222751
0.0001549121
5.296218e-06
1.747248e-05
2.658034e-05
6.953587e-06
-0.00469011
0.01824251
0.006984819
0.003444462
0.00751698
-0.01593088
0.01266758
-0.01681524
0.003245098
0.004600185
0.0001777659
0
0
0
0
0
7.754428e-05
0.0001754208
2.513923e-05
5.921377e-06
-1.806162e-05
2.035673e-05
-0.003065231
-0.005088166
0.007163258
-0.01223426
-0.01460255
-7.035338e-05
0.004111627
-0.01404434
-0.006782744
-0.006712251
0.0003411094
0
0
0
0
0
9.907867e-05
-5.264241e-06
6.974819e-06
2.505815e-06
-2.812846e-05
-0.004568521
-0.003355025
0.008046293
-0.007605082
-0.01959743
-0.006063366
-0.007307577
-0.00713967
-0.01145152
0.0004047854
-0.0008312686
0
0
0
0
0
6.252812e-06
-1.771376e-05
-1.928855e-05
-1.093692e-05
-0.002982176
0.001078253
0.001009757
0.003985103
-0.01125814
0.01084076
0.00110887
-0.01872532
-0.007516716
0.001624275
0.0008671523
0
0
0
0
0
7.537097e-06
-2.555133e-06
-4.782306e-06
-0.005461589
-0.0008694799
0.001214328
0.005287802
-0.001987164
-0.01291443
0.009974788
-0.001748857
0.002684778
-0.008446018
-0.002915519
0
0
0
0
0
-2.109043e-05
-1.619977e-06
-0.001513169
-0.003741766
-0.001874154
0.006340694
0.006491174
0.01036482
0.001394322
0.004137546
0.002545414
0.008686226
-0.001974269
0
0
0
0
0
6.813895e-06
3.723325e-06
0
0
0
0
0
0
0
0
0
0
0
0
0
0
0
-1.745033e-05
0
0
0
0
0
0
0
0
0
0
0
0
0
0
0
0
0
0
0
0
0
0
0
0
0
0
0
0
0
0
0
0
0
0
0
0
0
0
0
0
0
0
0
0
0
0
0
0
0
0
0
0
0
0
0
0
0
0
114321.3
87556.1
65618.28
40625.57
29744.67
-1.678397e-05
-7.541375e-05
-9.961914e-05
5.780997e-05
-9.443414e-05
-7.238485e-07
9.51829e-07
-4.432888e-06
3.58729e-06
-1.211308e-05
0
0
0
0
0
0
0
0
0
0
0
0
0
0
0
124011.5
92372.2
69039.04
46532.26
31429.59
2.527867e-05
-0.0001473853
0.0001549252
0.0001106834
8.117035e-05
-4.253414e-06
3.485837e-06
-1.155812e-05
-2.440272e-05
-2.371023e-06
0
0
0
0
0
0
0
0
0
0
0
0
0
0
0
100436.7
73458.37
49007.81
42242
0.0001551231
-0.0001485854
0.0001354793
4.985601e-05
0.0001060624
1.33318e-05
1.30978e-05
2.063093e-05
-1.640587e-05
-6.405347e-06
0
0
0
0
0
0
0
0
0
0
0
0
0
0
0
79217.24
58711.3
43047.7
8.277367e-06
-9.331325e-05
-3.51871e-05
6.828126e-05
0.0001207948
-2.884008e-06
-7.776623e-08
-1.546186e-05
-4.298837e-06
-6.894129e-06
0
0
0
0
0
0
0
0
0
0
0
0
0
0
0
55613.22
45794.59
5.311572e-05
0.0001323189
-3.160028e-05
-0.0001781817
7.709861e-05
2.172539e-06
-7.619893e-06
2.715166e-07
1.702911e-05
-1.981978e-07
0
0
0
0
0
0
0
0
0
0
0
0
0
0
0
40641.47
0.0001552872
-3.171477e-05
0.0001185905
0.0001960859
0.0001333014
1.885211e-05
2.284754e-05
4.012665e-06
-1.945372e-05
0.0002036783
0.004460479
-0.0007210328
0.0003387334
0.002978806
-0.0009534094
0.003378788
-0.0009150839
0.005959522
0.0008047912
0.0001807713
0
0
0
0
0
7.639205e-05
-3.271075e-05
-1.008835e-05
-6.249013e-05
-4.887929e-05
-2.548437e-05
-7.284072e-06
3.958963e-06
-3.551879e-06
-0.002680282
-0.0006456372
0.01543317
-0.009863342
-0.01362768
-0.001652018
0.003118816
0.009044021
0.0009336888
-0.006197811
0.0002236578
0
0
0
0
0
-0.0001323847
0.0002298521
0.0001191624
0.0001069035
1.859937e-05
3.611584e-06
1.02619e-05
1.433195e-07
-0.002405315
0.006226551
-0.01022827
0.003228477
-0.01393957
0.002004852
-0.004763004
-0.01662066
-0.0001301931
-0.01037254
0.003672353
0
0
0
0
0
-2.329895e-05
-0.0002087367
4.304332e-05
-1.477682e-05
-2.376847e-05
4.524702e-06
1.750666e-05
-0.004937818
-0.003878277
-1.225618e-05
-0.003594057
0.004219526
0.004160771
-0.005804089
0.02186554
-0.005305744
-0.0008548437
-0.0006583095
0
0
0
0
0
-4.409518e-05
8.058315e-05
8.080941e-08
4.543688e-07
-1.270385e-05
-2.147174e-05
0.0003083696
0.01172176
-0.01196414
-0.0001583824
-0.001748361
-0.01981447
-0.005869999
0.01137147
-0.00586872
-0.003995895
-0.002713924
0
0
0
0
0
-0.0001059307
-3.404088e-06
-2.126198e-05
7.811295e-06
1.140535e-05
0.001745826
0.003125495
0.009474039
0.008018181
0.003091741
0.008366831
0.01283554
-0.01412836
0.004650106
0.009313404
0.006226242
0
0
0
0
0
-3.085169e-07
5.575275e-06
-8.399769e-06
2.785833e-06
0.0008514841
0.004150543
-0.001127424
-0.00347647
-0.005992703
0.002764734
0.000890597
0.001888951
-0.01485963
-0.001825208
-0.0005338999
0
0
0
0
0
-4.341652e-06
1.821905e-05
2.025596e-06
0.005260387
0.003098068
0.01499959
-0.004564274
0.004846261
-0.0008707413
-0.009601532
-0.006948171
0.006816397
-0.0005464162
0.0002271215
0
0
0
0
0
-5.252949e-06
1.642177e-05
-0.0003797266
0.01347437
-0.002951831
-0.003589732
-0.02438275
-0.01210652
0.006678812
-0.003699736
-0.001181403
-0.01157837
-0.002898348
0
0
0
0
0
1.472626e-05
0.0003282282
0.002426338
-0.0005347002
0.004093576
-0.006928359
-0.0001298169
0.002577097
-0.003040172
-0.0005002782
0.0003080083
-0.003896314
0
0
0
0
0
-3.229558e-06
0
0
0
0
0
0
0
0
0
0
0
0
0
0
0
0
0
0
0
0
0
0
0
0
0
0
0
0
0
0
0
0
0
0
0
0
0
0
0
0
0
0
0
0
0
0
0
0
0
0
0
0
0
0
0
0
0
0
0
0
0
0
0
0
0
0
0
0
0
124356.2
92604.66
69698
47318.76
32178.91
-6.826035e-05
1.165972e-05
-1.843268e-05
-9.559577e-05
-0.0001017067
1.560195e-05
-1.120326e-06
8.713625e-06
6.431047e-06
2.747733e-06
0
0
0
0
0
0
0
0
0
0
0
0
0
0
0
102035
74450.64
50614.71
37897.88
-1.432521e-05
-0.0001438189
-7.564096e-05
-6.723254e-05
-5.70635e-05
-2.286554e-05
5.549545e-07
7.41366e-06
8.44262e-06
1.620899e-05
0
0
0
0
0
0
0
0
0
0
0
0
0
0
0
82274.44
54894
40260.74
5.555929e-05
-0.0001933009
0.0002077767
-0.0001600169
-4.086791e-05
-2.10724e-06
-6.737546e-06
-8.621615e-06
-2.383329e-05
1.795923e-05
0
0
0
0
0
0
0
0
0
0
0
0
0
0
0
60249.79
49771.27
0.0001981223
-1.132878e-05
-0.0001364755
-2.985002e-05
-4.386707e-05
9.054608e-06
-8.039784e-06
1.262229e-05
1.870804e-05
6.463883e-06
0
0
0
0
0
0
0
0
0
0
0
0
0
0
0
46281.62
-8.87709e-05
-5.777917e-05
-8.071015e-05
4.770131e-06
0.0001051368
-2.416667e-05
-1.511825e-05
-4.837822e-06
-3.585363e-06
-1.004616e-05
0
0
0
0
0
0
0
0
0
0
0
0
0
0
0
-5.389081e-05
-7.865989e-05
4.10531e-05
-0.000165238
-2.820973e-05
2.678202e-06
-3.34583e-05
-5.438505e-06
8.887866e-07
0.001296207
-0.0008644392
0.001765051
0.0004025201
-0.001134602
-0.007938973
-0.002821064
-0.00653516
0.0004337466
-0.006327901
-0.00116169
0
0
0
0
0
3.219695e-05
-3.38e-05
-0.000152027
-2.508782e-05
3.869419e-06
4.420149e-05
1.346671e-05
-8.249676e-06
-0.003705688
0.001525109
0.007116362
-0.00155916
0.009362528
-0.005352264
0.009382055
0.00878842
0.002567797
0.0033482
0.002662177
0
0
0
0
0
0.0002209563
-0.0002957554
-3.159285e-05
-1.450357e-05
-1.609729e-05
-6.239371e-06
-3.219886e-06
0.0006183436
0.004381125
-0.01254463
-0.008293567
0.00113172
-0.00952336
-0.01629055
0.0008575251
-0.006912517
0.003756449
0.003248274
0
0
0
0
0
6.673975e-05
7.716666e-05
2.08087e-05
5.582332e-06
4.511427e-05
-2.194527e-06
-0.001264565
0.005997446
-0.005005825
-0.006872469
0.01443703
0.01827636
0.006159177
0.01038372
-0.005089551
0.003407715
0.003198653
0
0
0
0
0
5.509044e-05
-3.000256e-06
-2.443022e-05
-2.314113e-05
1.853677e-05
-0.001424366
-0.004971201
-0.01135835
-0.007944903
0.01801018
-0.0120524
-0.008576855
0.0115046
-6.536872e-05
0.003505882
0.001944769
0
0
0
0
0
8.376838e-06
-1.256416e-06
1.695509e-05
3.420343e-06
-0.001191204
-0.009463734
0.01011305
-0.01619898
0.005984895
-0.005842074
0.01603724
-0.00407089
0.01478643
0.002506923
-0.002215407
0
0
0
0
0
2.078269e-06
4.572132e-06
7.080711e-06
-0.006379214
-0.003687412
-0.01618427
-0.009579544
0.007596678
0.02071012
-0.006522662
0.00605146
-0.004680969
0.01692934
0.005782168
0
0
0
0
0
-2.160927e-06
-2.038642e-05
-0.000110924
-0.01318752
-0.004497521
-0.01128313
0.01263545
0.003377454
-0.007276391
0.006910643
0.0006486476
0.0088755
0.008210803
0
0
0
0
0
-5.395429e-06
-0.003857227
0.003141697
0.01021203
0.01161293
0.006939511
0.006342692
-0.001844875
-0.01231712
0.001735581
-0.003431636
0.005331758
0
0
0
0
0
0.001066211
-0.003532665
0.005470375
0.004036202
-0.00724841
0.002188955
0.001157044
-0.002374269
0.003834894
-0.003377762
-0.002303177
0
0
0
0
0
0
0
0
0
0
0
0
0
0
0
0
0
0
0
0
0
0
0
0
0
0
0
0
0
0
0
0
0
0
0
0
0
0
0
0
0
0
0
0
0
0
0
0
0
0
0
0
0
0
0
0
0
0
0
0
0
0
0
0
0
0
0
0
0
0
102643.7
74849.9
51368.52
38718.64
3.750734e-05
-2.285067e-05
-6.90987e-05
-3.410771e-05
7.265101e-05
-5.685029e-07
-9.402388e-06
1.045511e-05
-2.32018e-05
3.021886e-07
0
0
0
0
0
0
0
0
0
0
0
0
0
0
0
84160.07
56018.23
41899.96
1.954765e-05
-2.437007e-05
0.000263205
9.061234e-06
-2.514139e-05
-5.035653e-06
1.793898e-05
-5.974565e-06
-9.688282e-06
-1.550554e-06
0
0
0
0
0
0
0
0
0
0
0
0
0
0
0
63546.99
46033.73
-5.571318e-05
-0.0001742362
9.649571e-05
-0.0002459155
7.202029e-05
-2.546861e-05
-8.628058e-06
4.112182e-06
2.660346e-06
1.180727e-05
0
0
0
0
0
0
0
0
0
0
0
0
0
0
0
50970
-2.894742e-05
-0.0002206016
-3.813924e-05
0.0001471791
6.153373e-05
2.931725e-07
-1.830967e-05
2.294599e-05
-6.693239e-06
-9.530883e-06
0
0
0
0
0
0
0
0
0
0
0
0
0
0
0
5.854003e-05
9.953781e-05
-3.962916e-05
-9.959395e-05
-7.681227e-07
2.439883e-07
2.017515e-05
1.45144e-05
-1.095108e-05
5.061957e-06
0
0
0
0
0
0
0
0
0
0
0
0
0
0
0
9.757476e-05
-0.0002432133
-1.307335e-05
9.648663e-05
-1.10916e-06
-1.644851e-05
3.8917e-05
-4.94123e-06
-0.0004173358
0.001061813
-0.005556646
-0.004150734
-0.002324905
-0.0005218586
0.002716844
-0.0007717277
0.00177361
-0.0008451793
0.003239207
0
0
0
0
0
-0.0001869505
5.544984e-05
5.600765e-05
-5.758207e-07
1.55269e-05
-4.078785e-05
1.064515e-05
0.003472761
0.009615938
0.01587349
0.001827479
-0.01282019
0.007982019
0.02329559
-0.01692704
-0.01155685
-0.0002637244
-0.002302317
0
0
0
0
0
-0.0002620208
0.0001212654
-1.652834e-05
-2.521714e-06
-2.627243e-05
-7.386724e-06
-0.004229724
-0.007003408
-0.003143591
0.005292619
-0.007607106
-0.001640346
0.004121805
0.002322159
0.0008463854
0.01847758
-0.002967682
0
0
0
0
0
-1.460114e-05
-1.127401e-05
-3.388744e-05
3.360869e-06
-2.457497e-05
-0.0009309462
-0.001394067
0.002437347
0.009522244
0.00258951
-0.01157588
-0.01886061
-0.004284617
0.001716593
0.001472152
-0.0036279
0
0
0
0
0
-8.385266e-06
2.946231e-05
1.909086e-05
3.673101e-06
-0.002347124
0.002982543
-0.01423967
-0.007042091
0.009111428
-0.01105096
-6.973083e-05
0.01569216
-0.008679949
-0.006002727
-0.003369662
0
0
0
0
0
-2.290311e-05
-2.577564e-06
-3.825779e-06
-0.003815854
0.002556169
0.007671089
0.009370895
0.01062089
-0.01357845
0.004451832
-0.00441728
0.001726779
0.001879199
0.001602255
0
0
0
0
0
1.269889e-05
-8.657205e-06
-0.002034325
0.01442293
0.009395716
0.007745099
0.009974088
-0.007605736
-0.004201857
-0.001376417
-0.005335829
0.00181982
-0.00852927
0
0
0
0
0
1.436467e-06
-0.002980608
-0.0120436
-0.008082671
-0.007123448
0.0004922574
0.008283534
-0.01087261
0.02669336
-0.01169939
-0.002404121
-0.00275723
0
0
0
0
0
0.001635803
0.004252911
-0.01413512
-0.01969837
-0.008534272
0.004444046
-0.01003716
0.005764987
0.009536543
-0.003271789
0.004400116
0
0
0
0
0
-0.0003991937
0.003918763
0.001880905
0.003864994
0.01167635
-0.006399507
0.00133338
-0.0006814594
-0.006516958
0.002249694
0
0
0
0
0
0
0
0
0
0
0
0
0
0
0
0
0
0
0
0
0
0
0
0
0
0
0
0
0
0
0
0
0
0
0
0
0
0
0
0
0
0
0
0
0
0
0
0
0
0
0
0
0
0
0
0
0
0
0
0
0
0
0
0
0
84975.48
56518.79
42692.57
0.000174809
-7.945993e-05
0.0001666196
0.0001685783
-3.803451e-07
2.638531e-06
-2.662279e-06
8.748365e-06
-3.279295e-06
1.396587e-05
0
0
0
0
0
0
0
0
0
0
0
0
0
0
0
65597.05
47205.57
-2.064536e-05
-8.614225e-05
-1.113286e-05
-0.0002544736
5.36077e-05
-1.264133e-05
1.631419e-06
2.041434e-05
1.024475e-05
-1.45432e-06
0
0
0
0
0
0
0
0
0
0
0
0
0
0
0
54321.11
-2.616823e-05
-5.698781e-05
0.0001477989
-0.0001032493
0.0001848665
1.548169e-05
3.286053e-05
5.895428e-06
-7.538488e-06
2.572421e-07
0
0
0
0
0
0
0
0
0
0
0
0
0
0
0
3.414421e-05
0.0001147938
1.463247e-05
0.0001037445
7.421197e-06
-1.84037e-05
1.502423e-05
1.465758e-06
-1.850147e-05
-3.70728e-06
0
0
0
0
0
0
0
0
0
0
0
0
0
0
0
2.295558e-05
-5.543033e-05
0.000139499
0.0001545222
1.155994e-05
-2.039586e-06
-3.23905e-06
-1.865911e-05
1.032884e-05
0
0
0
0
0
0
0
0
0
0
0
0
0
0
0
-0.0001762972
0.0002316629
5.394945e-05
-1.637129e-05
4.647676e-06
6.114644e-07
-3.712407e-05
0.001058618
-0.0004009875
-0.01260229
0.007180168
0.004697726
0.0001262304
-0.006978578
0.002329086
0.001381688
-0.001826813
0.0007965487
0
0
0
0
0
9.065387e-05
-4.023697e-06
7.103763e-06
5.177776e-06
-1.049024e-05
2.145923e-05
-0.004574389
-0.004082453
-0.007631918
-0.01198735
-0.0002748967
0.006742954
-0.008368323
0.004313193
0.01633867
-0.001467521
0.004230821
0
0
0
0
0
0.0001578187
1.02177e-05
2.105404e-05
1.945957e-05
8.708541e-06
-0.002173456
0.0006303002
0.0009293844
0.0009407713
-0.001379542
0.004679555
0.003875679
-0.006968843
-0.004366406
0.00529184
0.003038837
0
0
0
0
0
-7.493356e-06
1.478825e-05
2.740194e-05
7.466758e-06
0.0004276318
-0.001655545
0.006791359
0.01935134
0.006615124
-0.0002439537
0.007130079
0.007957662
0.000429013
-0.002615664
0.004297936
0
0
0
0
0
4.342329e-06
-5.964051e-05
-2.185353e-05
-0.0003031558
-0.001100357
-0.009640895
0.00670842
-0.01292833
-0.005542983
0.005724558
-0.009676364
-0.006618629
0.00761305
0.001978935
0
0
0
0
0
1.453723e-05
2.086637e-05
-0.0008664518
-0.00130361
0.00265592
0.005408677
-0.002653732
0.006043019
-0.003776539
-0.01174808
-0.001671473
-0.004966809
-0.002076416
0
0
0
0
0
-2.552238e-05
0.0004533476
0.00632007
-0.008943477
-0.008363805
-0.004218648
-0.01458569
0.01490529
-0.008656041
0.005290129
0.00689965
0.00135406
0
0
0
0
0
0.001665146
0.005051638
0.01407099
0.008590149
0.008737647
-0.01196193
-0.01406092
-0.006185622
0.001331765
-0.003125916
0.0005043992
0
0
0
0
0
-0.003991842
-0.005130793
-0.003723642
-0.003290457
-0.001919592
0.009824988
0.008931812
-0.001909128
0.006716222
6.044519e-05
0
0
0
0
0
0.003942958
-0.008515981
0.002005694
0.004144812
-0.007606901
0.0009999446
0.005612458
0.001681752
0.001866753
0
0
0
0
0
0
0
0
0
0
0
0
0
0
0
0
0
0
0
0
0
0
0
0
0
0
0
0
0
0
0
0
0
0
0
0
0
0
0
0
0
0
0
0
0
0
0
0
0
0
0
0
0
0
0
0
0
0
0
0
66537.45
47752.13
3.81461e-05
-0.0002796189
1.200478e-05
-0.0001635973
-0.0001292493
1.050066e-05
-2.715149e-06
-1.423641e-05
-1.217617e-05
-1.457702e-07
0
0
0
0
0
0
0
0
0
0
0
0
0
0
0
56414.9
0.0002396588
4.042711e-05
0.0002017569
0.0001041544
0.0001260064
1.621e-06
3.868183e-05
-1.54029e-06
-2.613207e-05
1.298231e-06
0
0
0
0
0
0
0
0
0
0
0
0
0
0
0
-3.624063e-05
-3.491794e-05
0.0001144419
1.433776e-05
7.20292e-05
-2.062936e-06
-3.079183e-05
-1.27586e-05
-6.503874e-07
3.281364e-06
0
0
0
0
0
0
0
0
0
0
0
0
0
0
0
-0.0001748446
-6.694258e-05
7.710371e-06
-0.0001031198
-5.195853e-06
2.848581e-05
-2.587303e-05
1.216591e-05
3.28317e-06
0
0
0
0
0
0
0
0
0
0
0
0
0
0
0
-7.244975e-05
-1.946863e-05
-6.36817e-05
-6.246992e-06
-1.317928e-05
-7.533693e-06
1.386287e-05
1.076873e-05
0
0
0
0
0
0
0
0
0
0
0
0
0
0
0
1.40671e-05
1.31205e-05
-1.452481e-05
1.685717e-05
-2.820536e-06
2.777828e-06
0.001570538
0.002111347
-0.003101033
0.009063786
-0.002483449
-0.004002054
-0.002823118
-0.0007942458
0.0001560821
-0.00100409
-0.002956701
0
0
0
0
0
3.359764e-05
-3.727638e-06
6.260066e-06
-1.213653e-05
7.824177e-06
0.00408733
0.003075554
0.007101264
0.007822204
-0.0003470595
-0.004230482
-0.001473963
0.002306123
-0.005199175
-0.01841199
-0.006677843
0
0
0
0
0
-8.004352e-06
1.417139e-06
-2.293576e-05
-1.699249e-05
-0.0008092578
0.01151478
0.01168989
-0.01459401
0.001313193
-0.0005348904
-0.003144098
-0.007464994
0.002595108
-0.002885342
-0.003369127
0
0
0
0
0
4.800026e-06
1.116398e-05
-1.51032e-05
-0.003439004
-0.006206342
0.002063832
-0.003835388
-0.009102301
-0.01421513
-0.002623349
-0.001145295
0.00181575
-0.00102508
-0.001155288
0
0
0
0
0
1.325143e-05
1.586617e-05
0.003397013
0.008592317
-0.007335087
0.002969417
-0.00421488
0.01306585
0.01198389
0.001606385
-0.01087719
0.002361147
-0.005637348
0
0
0
0
0
2.713195e-06
-0.003098517
0.005733421
0.005752846
-0.004191337
-0.009781124
-0.002098746
0.001579204
-0.01015142
0.01455936
-0.007902112
-0.001862539
0
0
0
0
0
0.001853846
0.001054298
-0.0073888
-0.002597383
0.01197298
0.00785429
0.01653079
-0.008893189
-0.01116256
-0.002744201
0.003107914
0
0
0
0
0
0.006394559
-0.007682525
-0.009143375
0.01637758
-0.007833842
-0.01362365
0.001446038
0.01072599
-0.01755595
0.003715008
0
0
0
0
0
-0.0007001805
0.01054255
0.007533241
-0.01524058
0.004469634
0.003665569
-0.009853437
0.002134708
-0.004717541
0
0
0
0
0
-0.004649285
0.0006670622
0.001980555
0.00244191
-0.0006283023
0.003419393
-0.00877542
-0.0001506163
0
0
0
0
0
0
0
0
0
0
0
0
0
0
0
0
0
0
0
0
0
0
0
0
0
0
0
0
0
0
0
0
0
0
0
0
0
0
0
0
0
0
0
0
0
0
0
0
0
0
0
0
0
0
0
57400.12
-0.0001032256
-1.113956e-05
0.000127587
4.607211e-05
8.998709e-05
-6.30962e-06
-3.892491e-06
1.669259e-06
1.255981e-05
5.566915e-06
0
0
0
0
0
0
0
0
0
0
0
0
0
0
0
3.797361e-05
-0.0003610685
-4.10607e-05
-0.0001992707
-0.000112796
-5.769996e-06
-2.486876e-06
-2.708027e-05
-9.225641e-06
9.99823e-06
0
0
0
0
0
0
0
0
0
0
0
0
0
0
0
-7.904145e-05
0.0002161509
1.470685e-05
-0.0001013216
8.320788e-06
-2.399501e-05
1.113245e-05
5.250169e-06
5.36729e-06
0
0
0
0
0
0
0
0
0
0
0
0
0
0
0
0.0002460133
-5.936206e-05
3.174528e-05
-5.813919e-07
-1.078629e-05
-1.003696e-05
4.173639e-06
-6.918935e-06
0
0
0
0
0
0
0
0
0
0
0
0
0
0
0
0.0001538831
4.413532e-05
1.339047e-06
-1.373955e-06
-1.515142e-06
-4.701491e-06
-1.623531e-05
0
0
0
0
0
0
0
0
0
0
0
0
0
0
0
3.00022e-05
6.898658e-07
1.530454e-05
-7.992385e-06
1.049174e-06
-6.662896e-05
-0.002885545
-0.005785444
0.00112832
-0.001506113
0.0009202776
0.003351144
0.006069962
-0.000416107
-0.00138714
0.001077848
0
0
0
0
0
3.321657e-06
-5.760937e-06
-1.399076e-05
1.964324e-05
-2.062829e-05
-0.006519096
-0.00748539
0.001955641
-0.01748936
-0.0001492851
0.002007258
0.01357478
-0.007881141
0.003027411
0.008321024
0
0
0
0
0
2.415487e-05
5.079908e-06
8.147571e-06
-0.0002205651
0.007246331
-0.0056992
-0.002306845
0.003491928
0.02419181
0.003219867
0.01579229
-0.01463544
0.003150527
0.001179071
0
0
0
0
0
4.745748e-06
-2.426129e-05
0.001576207
-0.0001859995
-0.003233108
0.02377631
-0.004886044
0.009563039
0.005872169
0.007990068
0.02348407
-0.005562876
0.0008147873
0
0
0
0
0
4.735703e-06
0.006932302
-0.009533916
-0.008486969
0.001894793
0.003600543
-0.004792471
-0.008363448
0.007523166
0.006864181
0.01259289
-0.001187738
0
0
0
0
0
0.0004794972
0.006909531
-0.006990709
0.01519263
-0.002528378
0.008219636
0.02061145
-0.005547427
0.007697939
-0.001350456
-0.004839208
0
0
0
0
0
-0.004461957
-0.00419796
0.01717372
-0.0119519
2.61806e-05
0.02134532
-0.01377034
-0.006484575
0.01259261
0.004050858
0
0
0
0
0
-0.02003283
0.01662796
0.007844722
0.005494561
0.00973534
0.002216085
0.003807167
-0.002361814
0.002302759
0
0
0
0
0
0.003967369
-0.006632947
-0.00509464
0.0006563174
0.003379183
-0.01605853
0.004719488
-0.000317051
0
0
0
0
0
0.002813097
0.001175166
0.00211504
-0.003070944
-0.0003900906
-0.006409564
0.002645427
0
0
0
0
0
0
0
0
0
0
0
0
0
0
0
0
0
0
0
0
0
0
0
0
0
0
0
0
0
0
0
0
0
0
0
0
0
0
0
0
0
0
0
0
0
0
0
0
0
0
3.057395e-05
0.0001599289
0.0001224126
9.387124e-05
-1.680031e-05
-2.768005e-06
2.255282e-05
-3.833685e-06
4.998148e-06
1.951953e-06
0
0
0
0
0
0
0
0
0
0
0
0
0
0
0
-7.609806e-05
5.61504e-05
3.721685e-05
5.712944e-05
-9.756165e-06
1.575707e-05
7.606241e-06
6.794442e-06
7.852027e-06
0
0
0
0
0
0
0
0
0
0
0
0
0
0
0
5.496178e-05
-0.0002291339
-9.317723e-05
5.249121e-08
-1.565015e-06
4.356538e-05
1.939125e-05
-4.754274e-06
0
0
0
0
0
0
0
0
0
0
0
0
0
0
0
-0.000109106
6.80058e-05
7.887752e-06
-3.714317e-06
4.912177e-06
1.252305e-05
1.653656e-06
0
0
0
0
0
0
0
0
0
0
0
0
0
0
0
-6.301868e-05
-4.876198e-06
-3.075837e-06
6.349363e-06
3.278647e-08
8.567515e-06
0
0
0
0
0
0
0
0
0
0
0
0
0
0
0
9.891069e-06
5.813187e-06
6.222223e-06
8.012898e-06
0.0008174982
-0.0007789633
-0.0008357188
0.001617123
0.001792141
-0.001258038
-0.001873767
-0.005325915
0.001555588
5.381626e-05
-0.001360969
0
0
0
0
0
-1.642746e-05
-1.1812e-05
2.854021e-05
-0.001764985
0.000667261
-0.001913932
0.003483462
-0.004062613
-0.002240598
0.00626134
-0.01246892
0.01063765
-0.0002338657
0.002068487
0
0
0
0
0
-4.571611e-06
-1.588722e-05
0.00288572
-0.0009339534
0.0160732
-0.02393823
0.008394093
-0.004055007
-0.00830261
-0.007082599
-0.02125957
0.007557133
0.002851196
0
0
0
0
0
-1.660851e-05
0.002553029
0.001706154
0.010931
-0.000847776
-0.01137527
0.008308542
-0.00189778
-0.01333707
-0.01111172
0.001009344
-4.620345e-05
0
0
0
0
0
-0.002300082
-0.01017009
0.01660925
-0.01317134
0.008052511
-0.01105934
-0.01373536
0.004795318
-0.00616178
-0.005959416
0.0008487406
0
0
0
0
0
-0.003235061
-0.005786147
-0.008308368
0.005930967
0.002323742
-0.01256804
-0.008412561
0.008874339
-0.002101441
-0.0004044497
0
0
0
0
0
-0.002549579
-0.01198261
-0.01711132
-0.0008173651
-0.009756339
-0.02397859
0.009951001
0.005158153
0.003369323
0
0
0
0
0
0.01554035
0.003867421
-0.00484279
0.007775389
0.0008946015
0.004689745
0.007486645
-0.003425422
0
0
0
0
0
-0.0006941324
0.004014538
-0.009069602
-0.003338577
0.002376289
0.02022735
0.0002623304
0
0
0
0
0
0.001707243
0.00155214
0.0001524388
2.750554e-06
0.003134509
0.001548748
0
0
0
0
0
0
0
0
0
0
0
0
0
0
0
0
0
0
0
0
0
0
0
0
0
0
0
0
0
0
0
0
0
0
0
0
0
0
0
0
0
0
0
0
0
-1.661908e-05
-6.85424e-05
-0.0001146731
-8.505839e-05
8.813474e-06
-2.701786e-05
-1.483454e-05
-3.314384e-06
-6.384013e-06
0
0
0
0
0
0
0
0
0
0
0
0
0
0
0
7.681325e-05
0.0001646567
-3.1827e-05
-1.548621e-05
2.113354e-05
-1.044019e-05
1.940975e-06
1.040556e-06
0
0
0
0
0
0
0
0
0
0
0
0
0
0
0
9.767709e-05
3.096931e-05
5.986212e-06
1.709848e-05
2.135054e-07
-2.602877e-05
-1.122203e-05
0
0
0
0
0
0
0
0
0
0
0
0
0
0
0
-6.473754e-05
-9.826894e-06
1.096123e-05
2.34348e-05
-1.852893e-06
-2.826108e-06
0
0
0
0
0
0
0
0
0
0
0
0
0
0
0
-8.950549e-06
1.046887e-05
4.06585e-07
-1.347427e-05
1.108715e-06
0
0
0
0
0
0
0
0
0
0
0
0
0
0
0
-3.413849e-06
-3.701356e-06
1.687462e-06
-0.00101748
-0.001720273
0.00323206
0.004747463
-0.0005544497
0.004105045
-0.005153792
-0.0007809324
-0.00264496
0.001383639
-0.0009384212
0
0
0
0
0
8.351518e-06
-8.636434e-06
0.0002812436
-0.00258891
-0.01816522
0.008724489
-0.01958828
-0.006712971
0.004238505
0.0009846609
0.002395158
-0.01226938
0.001333087
0
0
0
0
0
-2.510736e-06
-0.001565865
-0.0006800002
-0.001368292
-0.004488711
0.01231961
-0.008109618
0.01187943
0.004971268
-0.01480651
-0.0007187773
0.00138233
0
0
0
0
0
-0.0007885518
-0.003396034
-0.009756645
-0.007943677
0.00333922
0.005175134
0.00227557
-0.02009445
0.005791608
0.0008713068
-0.003024516
0
0
0
0
0
0.004317753
-0.003837081
-0.007938145
-0.0004482468
-0.01188902
0.009389946
0.01015458
-0.01605916
0.01063654
0.003382785
0
0
0
0
0
0.01017901
0.009628984
0.01855904
-0.009463702
0.01046913
0.01451108
0.006208215
0.0005948339
-0.0003673191
0
0
0
0
0
-0.0126235
-0.007883888
-0.004318318
0.0001881131
0.004640631
0.01572583
-0.005261597
0.001660279
0
0
0
0
0
0.004173568
-0.002440912
0.007729604
0.005693793
-0.005416158
-0.007471572
-0.005221231
0
0
0
0
0
-0.006220404
-0.01478495
0.00443253
-0.001416692
0.001041595
-0.001869826
0
0
0
0
0
-0.0008971795
-0.002576346
-0.001331526
0.003771015
0.0005851975
0
0
0
0
0
0
0
0
0
0
0
0
0
0
0
0
0
0
0
0
0
0
0
0
0
0
0
0
0
0
0
0
0
0
0
0
0
0
0
0
-8.163795e-05
-9.431307e-05
9.787492e-05
1.158083e-05
-1.985765e-05
3.725456e-05
1.510442e-05
5.856041e-06
0
0
0
0
0
0
0
0
0
0
0
0
0
0
0
9.889447e-05
-3.225443e-05
6.744609e-06
-3.562195e-06
-8.773698e-06
2.993209e-05
-1.742722e-06
0
0
0
0
0
0
0
0
0
0
0
0
0
0
0
-0.000130431
1.956212e-05
-2.756069e-05
-1.370114e-05
-5.385742e-06
1.407101e-06
0
0
0
0
0
0
0
0
0
0
0
0
0
0
0
-2.660938e-07
1.073639e-05
-2.813716e-05
-2.533057e-05
1.733039e-06
0
0
0
0
0
0
0
0
0
0
0
0
0
0
0
-6.415026e-06
2.378444e-06
-1.934112e-05
4.775484e-06
0
0
0
0
0
0
0
0
0
0
0
0
0
0
0
1.623522e-05
1.590213e-05
0.0004384988
0.005313904
0.007920798
-0.0001433448
0.003732581
-0.0002483207
-0.004172767
0.004030483
0.002454125
0.00356764
-0.001981213
0
0
0
0
0
-5.896163e-06
0.001108974
-0.001257089
-0.01169884
0.004573886
-0.01392219
0.01272811
-0.005512136
-0.0007322252
0.006230475
0.008500407
0.002573822
0
0
0
0
0
0.004444852
0.003366497
0.0005840999
0.00612875
0.005942757
-0.005616511
0.004756811
0.007854722
0.004787671
0.01748617
0.003847769
0
0
0
0
0
-0.005150855
-0.0007486813
0.002373359
0.006892282
-0.001585012
0.008381006
-0.01124681
0.008243883
-0.0004544053
-0.002723568
0
0
0
0
0
0.001525316
0.002482164
-0.008242698
0.00986629
-0.01051686
0.001226277
-0.00364169
-0.001181808
-0.005241622
0
0
0
0
0
0.00379766
0.002743798
-0.002165607
0.007071436
-0.008188348
-0.01106077
-0.007495084
-0.004976429
0
0
0
0
0
0.004414836
0.00415125
-0.01061022
0.0003504814
0.004521621
0.0005929974
0.004991206
0
0
0
0
0
-0.008679253
0.003458981
0.003384772
-0.009494622
-0.005649709
-0.003536465
0
0
0
0
0
0.01428006
0.006276956
0.008410692
0.000603571
-0.005998176
0
0
0
0
0
2.536446e-05
-0.00231677
0.001273374
-0.002587777
0
0
0
0
0
0
0
0
0
0
0
0
0
0
0
0
0
0
0
0
0
0
0
0
0
0
0
0
0
0
0
0
0
0
0
1.219062e-05
0.0001030375
-7.329512e-06
-1.918932e-05
1.31033e-05
-3.265124e-05
-9.69347e-06
0
0
0
0
0
0
0
0
0
0
0
0
0
0
0
-2.70037e-05
8.85243e-06
3.54018e-06
3.083241e-05
5.365614e-06
-1.325959e-05
0
0
0
0
0
0
0
0
0
0
0
0
0
0
0
-8.718594e-06
-9.865551e-06
2.951665e-05
-1.228536e-05
-1.99431e-06
0
0
0
0
0
0
0
0
0
0
0
0
0
0
0
9.483967e-06
-1.375773e-07
2.457117e-05
8.642324e-06
0
0
0
0
0
0
0
0
0
0
0
0
0
0
0
-7.145517e-06
-1.740223e-05
1.305428e-05
0
0
0
0
0
0
0
0
0
0
0
0
0
0
0
-2.93709e-05
-0.000642935
-0.002042317
-0.001076223
0.001443269
0.001326129
-0.006962681
0.005007923
0.001130994
0.0008764211
-0.002410735
-0.000905002
0
0
0
0
0
-0.005312495
0.007115573
0.001906784
0.0032409
-0.007850513
-0.00768433
-0.0002680028
-0.00942436
-0.01376848
-0.008079075
-0.005348309
0
0
0
0
0
-0.02437386
-0.005945349
0.009541966
-0.004509602
-0.003947877
-0.00277505
-0.007474959
0.004752979
-0.005575775
0.001631972
0
0
0
0
0
0.01088751
0.009827916
-0.002851609
-0.003182679
-0.008593902
-0.005745422
0.01936485
0.01466664
0.001284805
0
0
0
0
0
-0.007725577
-0.003849605
0.005666474
-0.0181164
0.007785017
-0.008080018
0.006559834
0.006297048
0
0
0
0
0
0.00772915
0.00280885
0.005261438
-0.001541716
-0.009650152
-0.006627561
-0.004715293
0
0
0
0
0
0.01603473
0.01017113
-0.004893232
0.01566242
0.01237545
0.0103667
0
0
0
0
0
-0.01201376
0.01261862
0.006004178
-0.00372534
0.001342538
0
0
0
0
0
-0.002722314
0.004562174
-0.01063503
0.001747231
0
0
0
0
0
-0.002083898
-0.004079739
-0.00309907
0
0
0
0
0
0
0
0
0
0
0
0
0
0
0
0
0
0
0
0
0
0
0
0
0
0
0
0
0
0
7.459348e-05
4.991553e-06
1.364506e-06
1.821901e-05
-2.636043e-05
7.99413e-06
0
0
0
0
0
0
0
0
0
0
0
0
0
0
0
-7.902515e-06
-2.319839e-05
-7.483851e-06
-1.572946e-05
-1.71266e-06
0
0
0
0
0
0
0
0
0
0
0
0
0
0
0
9.157914e-07
3.927924e-06
-2.552287e-05
9.563513e-06
0
0
0
0
0
0
0
0
0
0
0
0
0
0
0
-5.087591e-06
-8.945539e-06
-1.808453e-06
0
0
0
0
0
0
0
0
0
0
0
0
0
0
0
1.188509e-05
9.744773e-06
0
0
0
0
0
0
0
0
0
0
0
0
0
0
0
-0.001290962
-0.001060515
0.002056515
0.007024573
-0.003341749
0.01124583
0.003015714
-0.001104975
0.007423268
-0.0001772953
0.001602665
0
0
0
0
0
0.01539045
-0.005464536
-0.01595285
-0.003623878
0.007613045
0.02244434
-0.004829071
0.001314566
-0.000304659
-0.001067592
0
0
0
0
0
0.006397138
-0.01068054
-0.003073479
-0.0005939777
0.007792613
0.01193875
-0.008207123
-0.005575726
-0.001865318
0
0
0
0
0
-0.006378336
0.008576968
0.007607643
-0.002017285
0.02017791
0.01473546
-0.01636896
-0.003710554
0
0
0
0
0
-0.02209234
-0.0107589
-0.01154724
0.01358538
0.004562388
0.01464226
0.007517166
0
0
0
0
0
-0.00439022
-0.003374889
0.001679068
-0.01443867
0.006157797
-0.01026856
0
0
0
0
0
-0.003081696
-0.02126855
-0.004747584
-0.006369086
-0.004719447
0
0
0
0
0
0.01330308
-0.007119735
-0.003083683
0.003759137
0
0
0
0
0
0.0008687825
0.0140842
0.006409587
0
0
0
0
0
0.006797521
0.001855312
0
0
0
0
0
0
0
0
0
0
0
0
0
0
0
0
0
0
0
0
0
0
0
0
0
5.925944e-06
-1.486088e-06
8.417951e-07
-1.340431e-05
1.881124e-05
0
0
0
0
0
0
0
0
0
0
0
0
0
0
0
1.650802e-06
-3.702071e-07
1.030525e-05
-5.124135e-07
0
0
0
0
0
0
0
0
0
0
0
0
0
0
0
-8.593303e-07
1.250206e-05
8.18418e-06
0
0
0
0
0
0
0
0
0
0
0
0
0
0
0
8.776456e-06
1.150914e-05
0
0
0
0
0
0
0
0
0
0
0
0
0
0
0
-7.673845e-06
0
0
0
0
0
0
0
0
0
0
0
0
0
0
0
-0.00111235
-0.00364282
0.004610507
-0.001380986
0.0005395856
-0.01002436
0.003138854
-0.0003973425
0.003593674
-0.0001903434
0
0
0
0
0
0.004087912
0.009473328
0.01725726
0.0008001828
-0.003348329
-0.01942927
0.005493366
-0.003298816
0.002480368
0
0
0
0
0
0.005066378
0.002345712
-0.003699446
-0.003557559
0.002778525
-0.01137837
-0.003168279
-0.005199232
0
0
0
0
0
0.02201174
-0.01268006
0.0008616829
-0.003491834
-0.0105511
-0.02123407
-0.002677885
0
0
0
0
0
-0.009008336
0.02136728
-0.007691755
0.01064155
-0.007103272
0.002487348
0
0
0
0
0
-0.01614008
0.00412018
0.01463222
-0.003537306
-0.002642095
0
0
0
0
0
-0.0171571
0.006033548
-0.004890537
0.003944636
0
0
0
0
0
-0.006745058
-0.002608214
0.00237438
0
0
0
0
0
-0.01481572
-0.007042922
0
0
0
0
0
0.001176821
0
0
0
0
0
0
0
0
0
0
0
0
0
0
0
0
0
0
0
0
4.337547e-06
4.108749e-06
6.146724e-06
5.768977e-06
0
0
0
0
0
0
0
0
0
0
0
0
0
0
0
4.385269e-06
8.711146e-06
9.19736e-07
0
0
0
0
0
0
0
0
0
0
0
0
0
0
0
1.440395e-05
-1.129362e-05
0
0
0
0
0
0
0
0
0
0
0
0
0
0
0
-2.022752e-06
0
0
0
0
0
0
0
0
0
0
0
0
0
0
0
0
0
0
0
0
0
0
0
0
0
0
0
0
0
0
-0.001632443
0.002921601
-0.003699242
0.0006495711
0.002507717
0.0004862682
0.0002548638
0.002260685
-0.001564257
0
0
0
0
0
0.004566917
-0.0007212573
-0.009014494
0.006895513
0.005496504
0.00943679
-0.0006348834
0.003127035
0
0
0
0
0
-0.01088727
-0.002777336
0.01255575
0.0002906383
-0.01604873
0.003799664
0.005171355
0
0
0
0
0
0.004128477
-0.0009314981
0.01326636
-0.007701509
0.006194703
0.007398813
0
0
0
0
0
0.02205574
-0.006410993
-0.0006994002
-0.002216767
0.003321676
0
0
0
0
0
0.02107278
0.006307043
-0.01025905
0.0004516117
0
0
0
0
0
0.01177377
-0.003599386
-0.0004931484
0
0
0
0
0
-0.003969735
0.003234185
0
0
0
0
0
0.0007399801
0
0
0
0
0
0
0
0
0
0
0
0
0
0
0
0
0
0
0
0
-1.677218e-05
-2.403083e-06
-1.629745e-06
0
0
0
0
0
0
0
0
0
0
0
0
0
0
0
9.060661e-06
-6.047188e-06
0
0
0
0
0
0
0
0
0
0
0
0
0
0
0
-8.558714e-06
0
0
0
0
0
0
0
0
0
0
0
0
0
0
0
0
0
0
0
0
0
0
0
0
0
0
0
0
0
0
0
0
0
0
0
0
0
0
0
0
0
0
0
0
-0.004067102
-0.005695531
0.001951608
-0.003471587
-0.007170775
0.001930387
0.0006989159
-6.598645e-05
0
0
0
0
0
-0.001695518
0.007514042
-0.001509639
0.005104669
0.0004876787
-0.0006223465
-0.001225689
0
0
0
0
0
0.00347936
-0.01255819
-0.0164483
0.003998894
0.008618499
-0.001972797
0
0
0
0
0
-0.009349818
0.001274262
0.00702233
0.009724182
-0.002664518
0
0
0
0
0
-0.001593849
6.544409e-05
-0.006124592
-0.000326914
0
0
0
0
0
-0.004189359
0.0002968876
0.00330023
0
0
0
0
0
0.0004261257
-0.001050916
0
0
0
0
0
0.00147623
0
0
0
0
0
0
0
0
0
0
0
0
0
0
0
0
0
0
0
0
-6.869917e-06
-1.055437e-06
0
0
0
0
0
0
0
0
0
0
0
0
0
0
0
-9.819818e-06
0
0
0
0
0
0
0
0
0
0
0
0
0
0
0
0
0
0
0
0
0
0
0
0
0
0
0
0
0
0
0
0
0
0
0
0
0
0
0
0
0
0
0
0
0
0
0
0
0
0
0
0
0
0
0
0
0
0.003645612
-0.003958108
-0.0003963056
-0.003717385
0.004199795
0.0009768967
-0.0005793747
0
0
0
0
0
-0.003611731
0.0006751863
0.009504042
-0.0001847607
-0.001315829
-0.000537241
0
0
0
0
0
-0.007191168
0.02229153
-0.00026632
0.001432657
-0.007318795
0
0
0
0
0
-0.005592909
-0.000413935
-0.00259927
-0.004488998
0
0
0
0
0
0.00164015
-0.004557117
0.0002696513
0
0
0
0
0
-0.004240038
0.0001811365
0
0
0
0
0
-0.001957174
0
0
0
0
0
0
0
0
0
0
0
0
0
0
0
0
0
0
0
0
1.071053e-05
0
0
0
0
0
0
0
0
0
0
0
0
0
0
0
0
0
0
0
0
0
0
0
0
0
0
0
0
0
0
0
0
0
0
0
0
0
0
0
0
0
0
0
0
0
0
0
0
0
0
0
0
0
0
0
0
0
0
0
0
0
0
0
0
0
0
0
0
0
-0.002228485
0.004812053
-0.004107359
5.399716e-05
-0.003121474
-0.001018272
0
0
0
0
0
-0.009108467
-0.0009078434
-0.001231866
-0.01582611
0.003917094
0
0
0
0
0
0.01850588
-0.01582062
0.009598888
0.00139226
0
0
0
0
0
-0.000430039
-0.0007845214
0.00417369
0
0
0
0
0
0.0001743883
0.00453229
0
0
0
0
0
0.002613123
0
0
0
0
0
0
0
0
0
0
0
0
0
0
0
0
0
0
0
0
0
0
0
0
0
0
0
0
0
0
0
0
0
0
0
0
0
0
0
0
0
0
0
0
0
0
0
0
0
0
0
0
0
0
0
0
0
0
0
0
0
0
0
0
0
0
0
0
0
0
0
0
0
0
0
0
0
0
0
0
0
0
0
0
0
0.001405641
-0.001438552
0.00642084
0.007136856
0.0006994535
0
0
0
0
0
0.008014816
0.008402052
-0.0134561
0.001121836
0
0
0
0
0
-0.005179631
-0.001332662
-0.0008862422
0
0
0
0
0
0.01377144
-8.014089e-05
0
0
0
0
0
-0.002219901
0
0
0
0
0
0
0
0
0
0
0
0
0
0
0
0
0
0
0
0
0
0
0
0
0
0
0
0
0
0
0
0
0
0
0
0
0
0
0
0
0
0
0
0
0
0
0
0
0
0
0
0
0
0
0
0
0
0
0
0
0
0
0
0
0
0
0
0
0
0
0
0
0
0
0
0
0
0
0
0
-0.003422528
-0.005776915
0.0003055231
0.0005185308
0
0
0
0
0
0.007269548
0.007547859
0.006313719
0
0
0
0
0
-0.01012585
-0.001589455
0
0
0
0
0
-0.001039963
0
0
0
0
0
0
0
0
0
0
0
0
0
0
0
0
0
0
0
0
0
0
0
0
0
0
0
0
0
0
0
0
0
0
0
0
0
0
0
0
0
0
0
0
0
0
0
0
0
0
0
0
0
0
0
0
0
0
0
0
0
0
0
0
0
0
0
0
0
0
0
0
0
0
0
0.002301907
0.002146195
-0.003475234
0
0
0
0
0
-0.01159869
0.0007230376
0
0
0
0
0
0.005580325
0
0
0
0
0
0
0
0
0
0
0
0
0
0
0
0
0
0
0
0
0
0
0
0
0
0
0
0
0
0
0
0
0
0
0
0
0
0
0
0
0
0
0
0
0
0
0
0
0
0
0
0
0
0
0
0
0
0
0
0
0
0
0
0
0
0
0
0
0
0
0.0003178134
0.001087081
0
0
0
0
0
-0.002984926
0
0
0
0
0
0
0
0
0
0
0
0
0
0
0
0
0
0
0
0
0
0
0
0
0
0
0
0
0
0
0
0
0
0
0
0
0
0
0
0
0
0
0
0
0
0
0
0
0
0
0
0
0
0
0
0
0
0
0
0
0
0
0
0
0
0.001973745
0
0
0
0
0
0
0
0
0
0
0
0
0
0
0
0
0
0
0
0
0
0
0
0
0
0
0
0
0
0
0
0
0
0
0
0
0
0
0
0
0
0
0
0
0
0
0
0
0
0
0
0
0
0
0
0
0
0
0
0
0
0
0
0
0
0
0
0
0
0
0
0
0
0
0
0
0
0
0
0
0
0
0
0
0
0
0
0
0
0
0
0
0
0
0
0
0
0
0
0
0
0
0
0
0
0
0
0
0
0
0
0
0
0
0
0
0
0
0
0
0
0
0
0
0
0
0
0
0
0
0
0
0
0
0
0
0
0
0
0
0
0
0
0
0
0
0
0
0
0
0
0
0
0
0
0
0
0
0
0
0
0
0
0
0
0
0
0
0
0
0
0
0
0
0
0
0
0
0
0
0
0
0
0
0
0
0
0
0
0
0
0
0
0
0
0
0
0
0
0
0
0
0
0
0
0
0
0
0
0
0
0
0
0
0
0
0
0
0
0
0
0
0
0
0
0
0
0
0
0
0
0
0
0
0
0
0
0
0
0
)
;

boundaryField
{
    interconnect0
    {
        type            calculated;
        value           uniform 0;
    }
    interconnectSides
    {
        type            calculated;
        value           uniform 0;
    }
    airInlet
    {
        type            calculated;
        value           uniform 0;
    }
    airOutlet
    {
        type            calculated;
        value           uniform 0;
    }
    cathodeSides
    {
        type            calculated;
        value           uniform 0;
    }
    electrolyteSides
    {
        type            calculated;
        value           uniform 0;
    }
    anodeSides
    {
        type            calculated;
        value           uniform 0;
    }
    fuelInlet
    {
        type            calculated;
        value           uniform 0;
    }
    fuelOutlet
    {
        type            calculated;
        value           uniform 0;
    }
    interconnect1
    {
        type            calculated;
        value           uniform 0;
    }
}


// ************************************************************************* //
