/*--------------------------------*- C++ -*----------------------------------*\
| =========                 |                                                 |
| \\      /  F ield         | OpenFOAM: The Open Source CFD Toolbox           |
|  \\    /   O peration     | Version:  2312                                  |
|   \\  /    A nd           | Website:  www.openfoam.com                      |
|    \\/     M anipulation  |                                                 |
\*---------------------------------------------------------------------------*/
FoamFile
{
    version     2.0;
    format      ascii;
    arch        "LSB;label=32;scalar=64";
    class       volScalarField;
    location    "1.5";
    object      T;
}
// * * * * * * * * * * * * * * * * * * * * * * * * * * * * * * * * * * * * * //

dimensions      [0 0 0 1 0 0 0];

internalField   nonuniform List<scalar> 
52000
(
313.1495
313.1495
313.1495
313.1484
313.1495
313.1495
313.1484
313.1495
313.1484
313.1473
313.1495
313.1495
313.1485
313.1495
313.1484
313.1473
313.1495
313.1484
313.1473
313.146
313.1495
313.1495
313.1485
313.1495
313.1485
313.1474
313.1495
313.1484
313.1473
313.1461
313.1495
313.1484
313.1473
313.146
313.1445
313.1495
313.1495
313.1486
313.1495
313.1485
313.1475
313.1495
313.1485
313.1474
313.1462
313.1495
313.1484
313.1473
313.1461
313.1446
313.1495
313.1484
313.1473
313.146
313.1445
313.1432
313.1496
313.1495
313.1486
313.1495
313.1486
313.1476
313.1495
313.1485
313.1475
313.1463
313.1495
313.1485
313.1474
313.1462
313.1447
313.1495
313.1484
313.1473
313.1461
313.1446
313.1433
313.1495
313.1484
313.1473
313.146
313.1445
313.1432
313.1423
313.1496
313.1496
313.1487
313.1495
313.1486
313.1477
313.1495
313.1486
313.1476
313.1466
313.1495
313.1485
313.1475
313.1463
313.145
313.1495
313.1485
313.1474
313.1462
313.1447
313.1434
313.1495
313.1484
313.1473
313.1461
313.1446
313.1433
313.1424
313.1495
313.1484
313.1473
313.146
313.1445
313.1432
313.1423
313.1414
313.1496
313.1496
313.1487
313.1496
313.1487
313.1478
313.1495
313.1486
313.1477
313.1468
313.1495
313.1486
313.1476
313.1466
313.1453
313.1495
313.1485
313.1475
313.1463
313.145
313.1435
313.1495
313.1485
313.1474
313.1462
313.1447
313.1434
313.1424
313.1495
313.1484
313.1473
313.1461
313.1446
313.1433
313.1424
313.1414
313.1495
313.1484
313.1473
313.146
313.1445
313.1432
313.1423
313.1414
313.1404
313.1496
313.1496
313.1488
313.1496
313.1487
313.1479
313.1496
313.1487
313.1478
313.1471
313.1495
313.1486
313.1477
313.1468
313.146
313.1495
313.1486
313.1476
313.1466
313.1453
313.1436
313.1495
313.1485
313.1475
313.1463
313.145
313.1435
313.1425
313.1495
313.1485
313.1474
313.1462
313.1447
313.1433
313.1424
313.1414
313.1495
313.1484
313.1473
313.1461
313.1446
313.1433
313.1423
313.1414
313.1404
313.1495
313.1484
313.1473
313.146
313.1445
313.1432
313.1423
313.1414
313.1404
313.1395
313.1496
313.1496
313.1488
313.1496
313.1488
313.148
313.1496
313.1487
313.1479
313.1472
313.1496
313.1487
313.1478
313.1471
313.1465
313.1495
313.1486
313.1477
313.1468
313.146
313.1444
313.1495
313.1486
313.1476
313.1465
313.1453
313.1436
313.1425
313.1495
313.1485
313.1475
313.1463
313.145
313.1435
313.1425
313.1415
313.1495
313.1485
313.1474
313.1462
313.1447
313.1433
313.1424
313.1414
313.1404
313.1495
313.1484
313.1473
313.1461
313.1446
313.1433
313.1423
313.1414
313.1404
313.1395
313.1495
313.1484
313.1473
313.146
313.1445
313.1432
313.1423
313.1414
313.1404
313.1394
313.1385
313.1496
313.1496
313.1488
313.1496
313.1488
313.148
313.1496
313.1488
313.148
313.1474
313.1496
313.1487
313.1479
313.1472
313.1468
313.1496
313.1487
313.1478
313.147
313.1465
313.1449
313.1495
313.1486
313.1477
313.1468
313.146
313.1444
313.1426
313.1495
313.1486
313.1476
313.1465
313.1453
313.1436
313.1425
313.1415
313.1495
313.1485
313.1475
313.1463
313.145
313.1435
313.1424
313.1414
313.1405
313.1495
313.1485
313.1474
313.1462
313.1447
313.1433
313.1424
313.1414
313.1404
313.1395
313.1495
313.1484
313.1473
313.1461
313.1446
313.1433
313.1423
313.1414
313.1404
313.1394
313.1385
313.1495
313.1484
313.1473
313.146
313.1445
313.1432
313.1423
313.1414
313.1404
313.1394
313.1384
313.1375
313.1496
313.1496
313.1488
313.1496
313.1488
313.148
313.1496
313.1488
313.148
313.1474
313.1496
313.1488
313.148
313.1474
313.147
313.1496
313.1487
313.1479
313.1472
313.1468
313.145
313.1496
313.1487
313.1478
313.147
313.1465
313.1448
313.1421
313.1495
313.1486
313.1477
313.1468
313.146
313.1444
313.1425
313.1405
313.1495
313.1486
313.1476
313.1466
313.1453
313.1436
313.1425
313.1415
313.1405
313.1495
313.1485
313.1475
313.1463
313.145
313.1435
313.1424
313.1414
313.1404
313.1395
313.1495
313.1485
313.1474
313.1462
313.1447
313.1433
313.1424
313.1414
313.1404
313.1394
313.1384
313.1495
313.1484
313.1473
313.1461
313.1446
313.1433
313.1423
313.1414
313.1404
313.1394
313.1384
313.1375
313.1495
313.1484
313.1473
313.146
313.1445
313.1432
313.1423
313.1414
313.1404
313.1394
313.1384
313.1375
313.1365
313.1496
313.1496
313.1487
313.1496
313.1488
313.148
313.1496
313.1488
313.148
313.1474
313.1496
313.1488
313.148
313.1474
313.1471
313.1496
313.1488
313.148
313.1474
313.147
313.145
313.1496
313.1487
313.1479
313.1472
313.1468
313.1449
313.1415
313.1496
313.1487
313.1478
313.147
313.1465
313.1448
313.142
313.1389
313.1495
313.1486
313.1477
313.1468
313.146
313.1444
313.1424
313.1408
313.1379
313.1495
313.1486
313.1476
313.1466
313.1453
313.1436
313.1425
313.1415
313.1404
313.1394
313.1495
313.1485
313.1475
313.1463
313.145
313.1435
313.1424
313.1414
313.1404
313.1394
313.1384
313.1495
313.1485
313.1474
313.1462
313.1447
313.1434
313.1424
313.1414
313.1404
313.1394
313.1384
313.1374
313.1495
313.1484
313.1473
313.1461
313.1446
313.1433
313.1423
313.1414
313.1404
313.1394
313.1384
313.1374
313.1365
313.1495
313.1484
313.1473
313.146
313.1445
313.1432
313.1423
313.1414
313.1404
313.1394
313.1384
313.1374
313.1365
313.1355
313.1495
313.1496
313.1487
313.1496
313.1487
313.1479
313.1496
313.1488
313.148
313.1474
313.1496
313.1488
313.148
313.1474
313.1471
313.1496
313.1488
313.148
313.1474
313.1471
313.145
313.1496
313.1488
313.148
313.1474
313.147
313.1449
313.1411
313.1496
313.1487
313.1479
313.1472
313.1468
313.1449
313.1414
313.1376
313.1496
313.1487
313.1478
313.147
313.1465
313.1448
313.142
313.1393
313.1335
313.1495
313.1486
313.1477
313.1468
313.146
313.1444
313.1424
313.1409
313.1382
313.1347
313.1495
313.1486
313.1476
313.1466
313.1453
313.1436
313.1425
313.1414
313.1404
313.1394
313.1384
313.1495
313.1485
313.1475
313.1463
313.145
313.1435
313.1424
313.1414
313.1404
313.1394
313.1384
313.1374
313.1495
313.1485
313.1474
313.1462
313.1447
313.1434
313.1424
313.1414
313.1404
313.1394
313.1384
313.1374
313.1364
313.1495
313.1484
313.1473
313.1461
313.1446
313.1433
313.1424
313.1414
313.1404
313.1394
313.1384
313.1374
313.1364
313.1355
313.1495
313.1484
313.1473
313.146
313.1446
313.1432
313.1423
313.1414
313.1404
313.1394
313.1384
313.1374
313.1364
313.1355
313.1346
313.1495
313.1495
313.1486
313.1496
313.1487
313.1478
313.1496
313.1487
313.1479
313.1472
313.1496
313.1488
313.148
313.1474
313.147
313.1496
313.1488
313.148
313.1474
313.1471
313.145
313.1496
313.1488
313.148
313.1474
313.1471
313.1449
313.1408
313.1496
313.1488
313.148
313.1474
313.147
313.1449
313.1409
313.1366
313.1496
313.1487
313.1479
313.1472
313.1468
313.1449
313.1414
313.1379
313.1299
313.1496
313.1487
313.1478
313.147
313.1465
313.1448
313.142
313.1394
313.1339
313.126
313.1495
313.1486
313.1477
313.1468
313.146
313.1444
313.1424
313.1408
313.1382
313.1346
313.1311
313.1495
313.1486
313.1476
313.1466
313.1453
313.1436
313.1425
313.1415
313.1404
313.1394
313.1384
313.1374
313.1495
313.1485
313.1475
313.1463
313.145
313.1435
313.1424
313.1414
313.1404
313.1394
313.1384
313.1374
313.1364
313.1495
313.1485
313.1474
313.1462
313.1447
313.1434
313.1424
313.1414
313.1404
313.1394
313.1384
313.1374
313.1364
313.1354
313.1495
313.1484
313.1473
313.1461
313.1446
313.1433
313.1424
313.1414
313.1404
313.1394
313.1384
313.1374
313.1364
313.1355
313.1346
313.1495
313.1484
313.1473
313.146
313.1446
313.1433
313.1423
313.1414
313.1404
313.1394
313.1384
313.1374
313.1364
313.1355
313.1346
313.1226
313.1495
313.1495
313.1486
313.1495
313.1486
313.1477
313.1496
313.1487
313.1478
313.1471
313.1496
313.1487
313.1479
313.1472
313.1468
313.1496
313.1488
313.148
313.1474
313.147
313.145
313.1496
313.1488
313.148
313.1474
313.1471
313.1449
313.1408
313.1496
313.1488
313.148
313.1474
313.1471
313.1449
313.1406
313.136
313.1496
313.1488
313.148
313.1474
313.147
313.1449
313.1409
313.1368
313.1272
313.1496
313.1487
313.1479
313.1472
313.1468
313.1449
313.1414
313.1379
313.1301
313.1188
313.1496
313.1487
313.1478
313.1471
313.1465
313.1448
313.1419
313.1393
313.1338
313.1257
313.1175
313.1495
313.1486
313.1477
313.1468
313.146
313.1444
313.1424
313.1408
313.1383
313.1346
313.1308
313.1267
313.1495
313.1486
313.1476
313.1466
313.1453
313.1436
313.1425
313.1415
313.1404
313.1394
313.1384
313.1374
313.1363
313.1495
313.1485
313.1475
313.1463
313.145
313.1435
313.1425
313.1414
313.1404
313.1394
313.1384
313.1374
313.1363
313.1353
313.1495
313.1485
313.1474
313.1462
313.1447
313.1434
313.1424
313.1414
313.1404
313.1394
313.1384
313.1374
313.1364
313.1354
313.1344
313.1495
313.1484
313.1473
313.1461
313.1446
313.1433
313.1424
313.1414
313.1404
313.1394
313.1384
313.1374
313.1364
313.1354
313.1345
313.1224
313.1495
313.1484
313.1473
313.146
313.1446
313.1433
313.1423
313.1414
313.1404
313.1394
313.1384
313.1374
313.1364
313.1355
313.1345
313.1225
313.0995
313.1495
313.1495
313.1485
313.1495
313.1486
313.1476
313.1495
313.1486
313.1477
313.1468
313.1496
313.1487
313.1478
313.1471
313.1465
313.1496
313.1487
313.1479
313.1472
313.1468
313.145
313.1496
313.1488
313.148
313.1474
313.147
313.1449
313.1411
313.1496
313.1488
313.148
313.1474
313.1471
313.1449
313.1406
313.136
313.1496
313.1488
313.148
313.1474
313.1471
313.1449
313.1406
313.1362
313.1258
313.1496
313.1488
313.148
313.1474
313.147
313.1449
313.1409
313.1367
313.1274
313.1137
313.1496
313.1487
313.1479
313.1472
313.1468
313.1449
313.1413
313.1379
313.13
313.1183
313.1066
313.1496
313.1487
313.1478
313.1471
313.1465
313.1448
313.1419
313.1393
313.1339
313.1256
313.1169
313.1073
313.1495
313.1486
313.1477
313.1468
313.146
313.1444
313.1424
313.1408
313.1384
313.1347
313.1308
313.1263
313.1202
313.1495
313.1486
313.1476
313.1466
313.1454
313.1436
313.1425
313.1415
313.1404
313.1394
313.1384
313.1373
313.1363
313.1352
313.1495
313.1485
313.1475
313.1463
313.145
313.1435
313.1425
313.1414
313.1404
313.1394
313.1384
313.1373
313.1363
313.1353
313.1342
313.1495
313.1485
313.1474
313.1462
313.1447
313.1434
313.1424
313.1414
313.1404
313.1394
313.1384
313.1374
313.1364
313.1353
313.1344
313.1219
313.1495
313.1484
313.1473
313.1461
313.1446
313.1433
313.1424
313.1414
313.1404
313.1394
313.1384
313.1374
313.1364
313.1354
313.1345
313.1223
313.0991
313.1495
313.1484
313.1473
313.146
313.1446
313.1433
313.1423
313.1414
313.1404
313.1394
313.1384
313.1374
313.1364
313.1355
313.1345
313.1224
313.0993
313.0765
313.1495
313.1495
313.1485
313.1495
313.1485
313.1475
313.1495
313.1486
313.1476
313.1466
313.1495
313.1486
313.1477
313.1468
313.146
313.1496
313.1487
313.1478
313.147
313.1465
313.1449
313.1496
313.1487
313.1479
313.1472
313.1468
313.1449
313.1415
313.1496
313.1488
313.148
313.1474
313.147
313.1449
313.1409
313.1366
313.1496
313.1488
313.148
313.1474
313.1471
313.1449
313.1406
313.1362
313.1258
313.1496
313.1488
313.148
313.1474
313.1471
313.1449
313.1406
313.1361
313.126
313.1111
313.1496
313.1488
313.148
313.1474
313.147
313.1449
313.1408
313.1367
313.1273
313.1131
313.0991
313.1496
313.1487
313.1479
313.1472
313.1468
313.1449
313.1413
313.1378
313.13
313.1182
313.1057
313.0924
313.1496
313.1487
313.1478
313.1471
313.1465
313.1448
313.1419
313.1392
313.134
313.1256
313.1167
313.1064
313.093
313.1495
313.1486
313.1477
313.1468
313.146
313.1444
313.1424
313.1408
313.1384
313.1347
313.1308
313.1262
313.1198
313.1085
313.1495
313.1486
313.1476
313.1466
313.1454
313.1436
313.1425
313.1415
313.1404
313.1394
313.1384
313.1373
313.1362
313.1351
313.1339
313.1495
313.1485
313.1475
313.1463
313.145
313.1435
313.1425
313.1415
313.1404
313.1394
313.1384
313.1373
313.1363
313.1352
313.1342
313.1202
313.1495
313.1485
313.1474
313.1462
313.1448
313.1434
313.1424
313.1414
313.1404
313.1394
313.1384
313.1374
313.1364
313.1353
313.1343
313.1218
313.0979
313.1495
313.1484
313.1473
313.1461
313.1446
313.1433
313.1424
313.1414
313.1404
313.1394
313.1384
313.1374
313.1364
313.1354
313.1345
313.1222
313.0989
313.076
313.1495
313.1484
313.1473
313.146
313.1446
313.1433
313.1423
313.1414
313.1404
313.1395
313.1385
313.1375
313.1365
313.1355
313.1345
313.1224
313.0991
313.0761
313.0536
313.1495
313.1495
313.1484
313.1495
313.1485
313.1474
313.1495
313.1485
313.1475
313.1463
313.1495
313.1486
313.1476
313.1466
313.1453
313.1495
313.1486
313.1477
313.1468
313.146
313.1444
313.1496
313.1487
313.1478
313.147
313.1465
313.1448
313.1421
313.1496
313.1487
313.1479
313.1472
313.1468
313.1449
313.1414
313.1376
313.1496
313.1488
313.148
313.1474
313.147
313.1449
313.1409
313.1368
313.1272
313.1496
313.1488
313.148
313.1474
313.1471
313.1449
313.1406
313.1361
313.126
313.1111
313.1496
313.1488
313.148
313.1474
313.1471
313.1448
313.1405
313.1361
313.1259
313.1105
313.0954
313.1496
313.1488
313.148
313.1474
313.147
313.1449
313.1408
313.1367
313.1273
313.113
313.098
313.0825
313.1496
313.1487
313.1479
313.1472
313.1468
313.1449
313.1413
313.1377
313.1302
313.1181
313.1055
313.0911
313.0735
313.1496
313.1487
313.1478
313.1471
313.1465
313.1448
313.1419
313.1392
313.1341
313.1258
313.1167
313.1062
313.092
313.0708
313.1495
313.1486
313.1477
313.1468
313.146
313.1444
313.1424
313.1408
313.1384
313.1348
313.1308
313.1262
313.1197
313.1081
313.0811
313.1495
313.1486
313.1476
313.1466
313.1454
313.1436
313.1425
313.1415
313.1404
313.1394
313.1384
313.1373
313.1362
313.1351
313.1339
313.1123
313.1495
313.1485
313.1475
313.1463
313.145
313.1435
313.1425
313.1415
313.1405
313.1394
313.1384
313.1374
313.1363
313.1352
313.1341
313.1201
313.0942
313.1495
313.1485
313.1474
313.1462
313.1448
313.1434
313.1424
313.1414
313.1404
313.1394
313.1384
313.1374
313.1364
313.1353
313.1343
313.1217
313.0976
313.0743
313.1495
313.1484
313.1473
313.1461
313.1446
313.1433
313.1424
313.1414
313.1404
313.1395
313.1384
313.1374
313.1364
313.1354
313.1345
313.1222
313.0987
313.0756
313.053
313.1495
313.1484
313.1473
313.146
313.1446
313.1433
313.1424
313.1414
313.1404
313.1395
313.1385
313.1375
313.1365
313.1355
313.1345
313.1224
313.0991
313.0759
313.0531
313.0308
313.1495
313.1484
313.1495
313.1484
313.1473
313.1495
313.1485
313.1474
313.1462
313.1495
313.1485
313.1475
313.1463
313.145
313.1495
313.1486
313.1476
313.1466
313.1453
313.1436
313.1495
313.1486
313.1477
313.1468
313.146
313.1444
313.1426
313.1496
313.1487
313.1478
313.147
313.1465
313.1448
313.142
313.1389
313.1496
313.1487
313.1479
313.1472
313.1468
313.1449
313.1414
313.1379
313.1299
313.1496
313.1488
313.148
313.1474
313.147
313.1449
313.1409
313.1367
313.1274
313.1137
313.1496
313.1488
313.148
313.1474
313.1471
313.1448
313.1405
313.1361
313.1259
313.1105
313.0954
313.1496
313.1488
313.148
313.1474
313.1471
313.1448
313.1404
313.136
313.1258
313.1103
313.0942
313.0776
313.1496
313.1488
313.148
313.1474
313.147
313.1448
313.1407
313.1366
313.1273
313.1129
313.0978
313.0809
313.0613
313.1496
313.1487
313.1479
313.1472
313.1468
313.1449
313.1412
313.1377
313.1303
313.1183
313.1054
313.0908
313.072
313.0471
313.1496
313.1487
313.1478
313.1471
313.1465
313.1448
313.1418
313.1392
313.1342
313.126
313.1168
313.1062
313.0917
313.0697
313.0342
313.1495
313.1486
313.1477
313.1468
313.146
313.1444
313.1424
313.1408
313.1384
313.1349
313.1309
313.1262
313.1196
313.1079
313.0805
313.0379
313.1495
313.1486
313.1476
313.1466
313.1454
313.1436
313.1425
313.1415
313.1405
313.1394
313.1384
313.1373
313.1362
313.1351
313.1338
313.1121
313.0813
313.1495
313.1485
313.1475
313.1464
313.145
313.1435
313.1425
313.1415
313.1405
313.1394
313.1384
313.1374
313.1363
313.1352
313.1341
313.12
313.0938
313.0696
313.1495
313.1485
313.1474
313.1462
313.1448
313.1434
313.1424
313.1414
313.1405
313.1395
313.1384
313.1374
313.1364
313.1353
313.1343
313.1216
313.0974
313.0739
313.0512
313.1495
313.1484
313.1473
313.1461
313.1446
313.1433
313.1424
313.1414
313.1404
313.1395
313.1385
313.1375
313.1364
313.1354
313.1345
313.1222
313.0986
313.0753
313.0525
313.0303
313.1495
313.1484
313.1473
313.146
313.1446
313.1433
313.1424
313.1414
313.1404
313.1395
313.1385
313.1375
313.1365
313.1355
313.1346
313.1224
313.0991
313.0758
313.0527
313.0302
313.0189
313.1495
313.1484
313.1473
313.1495
313.1484
313.1473
313.1461
313.1495
313.1485
313.1474
313.1462
313.1447
313.1495
313.1485
313.1475
313.1463
313.145
313.1435
313.1495
313.1486
313.1476
313.1465
313.1453
313.1436
313.1425
313.1495
313.1486
313.1477
313.1468
313.146
313.1444
313.1425
313.1405
313.1496
313.1487
313.1478
313.147
313.1465
313.1448
313.142
313.1393
313.1335
313.1496
313.1487
313.1479
313.1472
313.1468
313.1449
313.1414
313.1379
313.1301
313.1188
313.1496
313.1488
313.148
313.1474
313.147
313.1449
313.1408
313.1367
313.1273
313.1131
313.0991
313.1496
313.1488
313.148
313.1474
313.1471
313.1448
313.1404
313.136
313.1258
313.1103
313.0942
313.0776
313.1496
313.1488
313.148
313.1474
313.1471
313.1448
313.1404
313.1359
313.1259
313.1102
313.0939
313.0759
313.0555
313.1496
313.1488
313.148
313.1474
313.147
313.1448
313.1407
313.1365
313.1275
313.113
313.0976
313.0806
313.0595
313.0335
313.1496
313.1487
313.1479
313.1472
313.1468
313.1449
313.1412
313.1376
313.1304
313.1186
313.1055
313.0907
313.0716
313.0455
313.0102
313.1496
313.1487
313.1478
313.1471
313.1465
313.1448
313.1418
313.1391
313.1342
313.1261
313.1169
313.1062
313.0916
313.0693
313.033
313.0041
313.1495
313.1486
313.1477
313.1468
313.146
313.1444
313.1424
313.1407
313.1385
313.1349
313.1309
313.1263
313.1196
313.1078
313.0802
313.0371
313.0314
313.1495
313.1486
313.1476
313.1466
313.1454
313.1436
313.1425
313.1415
313.1405
313.1394
313.1384
313.1373
313.1362
313.1351
313.1338
313.112
313.0809
313.0563
313.1495
313.1485
313.1475
313.1464
313.145
313.1435
313.1425
313.1415
313.1405
313.1394
313.1384
313.1374
313.1363
313.1352
313.1341
313.1199
313.0936
313.0691
313.0464
313.1495
313.1485
313.1474
313.1462
313.1448
313.1434
313.1424
313.1414
313.1405
313.1395
313.1384
313.1374
313.1364
313.1354
313.1343
313.1216
313.0973
313.0736
313.0506
313.0286
313.1495
313.1484
313.1473
313.1461
313.1446
313.1433
313.1424
313.1414
313.1405
313.1395
313.1385
313.1375
313.1365
313.1355
313.1345
313.1222
313.0986
313.0752
313.0521
313.0296
313.0184
313.1495
313.1484
313.1473
313.146
313.1446
313.1433
313.1424
313.1414
313.1404
313.1395
313.1385
313.1375
313.1365
313.1355
313.1346
313.1225
313.0991
313.0758
313.0526
313.0297
313.0182
313.0178
313.1495
313.1484
313.1473
313.146
313.1495
313.1484
313.1473
313.1461
313.1446
313.1495
313.1485
313.1474
313.1462
313.1447
313.1434
313.1495
313.1485
313.1475
313.1463
313.145
313.1435
313.1425
313.1495
313.1486
313.1476
313.1465
313.1453
313.1436
313.1425
313.1415
313.1495
313.1486
313.1477
313.1468
313.146
313.1444
313.1424
313.1408
313.1379
313.1496
313.1487
313.1478
313.147
313.1465
313.1448
313.142
313.1394
313.1339
313.126
313.1496
313.1487
313.1479
313.1472
313.1468
313.1449
313.1413
313.1379
313.13
313.1183
313.1066
313.1496
313.1488
313.148
313.1474
313.147
313.1449
313.1408
313.1367
313.1273
313.113
313.098
313.0825
313.1496
313.1488
313.148
313.1474
313.1471
313.1448
313.1404
313.1359
313.1259
313.1102
313.0939
313.0759
313.0555
313.1496
313.1488
313.148
313.1474
313.1471
313.1448
313.1403
313.1358
313.1261
313.1105
313.0937
313.0755
313.0536
313.0272
313.1496
313.1488
313.148
313.1474
313.147
313.1448
313.1406
313.1364
313.1277
313.1134
313.0978
313.0804
313.0591
313.0316
312.9977
313.1496
313.1487
313.1479
313.1472
313.1468
313.1448
313.1411
313.1375
313.1305
313.1189
313.1057
313.0908
313.0715
313.045
313.0087
312.9858
313.1496
313.1487
313.1478
313.1471
313.1465
313.1448
313.1418
313.1391
313.1343
313.1263
313.1171
313.1063
313.0916
313.0691
313.0324
313.003
313.0016
313.1495
313.1486
313.1477
313.1468
313.146
313.1444
313.1424
313.1407
313.1385
313.135
313.131
313.1263
313.1197
313.1078
313.0801
313.0366
313.0306
313.0217
313.1495
313.1486
313.1476
313.1466
313.1454
313.1436
313.1425
313.1415
313.1405
313.1394
313.1384
313.1374
313.1363
313.1351
313.1338
313.1119
313.0806
313.0556
313.0346
313.1495
313.1485
313.1475
313.1464
313.145
313.1435
313.1425
313.1415
313.1405
313.1395
313.1384
313.1374
313.1363
313.1352
313.1341
313.1199
313.0935
313.0688
313.0458
313.0243
313.1495
313.1485
313.1474
313.1462
313.1448
313.1434
313.1424
313.1415
313.1405
313.1395
313.1385
313.1374
313.1364
313.1354
313.1344
313.1217
313.0973
313.0735
313.0502
313.0279
313.017
313.1495
313.1484
313.1473
313.1461
313.1446
313.1433
313.1424
313.1414
313.1405
313.1395
313.1385
313.1375
313.1365
313.1355
313.1345
313.1223
313.0987
313.0752
313.052
313.0291
313.0177
313.0173
313.1495
313.1484
313.1473
313.146
313.1446
313.1433
313.1424
313.1414
313.1405
313.1395
313.1385
313.1375
313.1365
313.1355
313.1346
313.1225
313.0992
313.0758
313.0526
313.0295
313.0177
313.0171
313.0167
313.1495
313.1484
313.1473
313.146
313.1445
313.1495
313.1484
313.1473
313.1461
313.1446
313.1433
313.1495
313.1485
313.1474
313.1462
313.1447
313.1434
313.1424
313.1495
313.1485
313.1475
313.1463
313.145
313.1435
313.1425
313.1415
313.1495
313.1486
313.1476
313.1466
313.1453
313.1436
313.1425
313.1415
313.1405
313.1495
313.1486
313.1477
313.1468
313.146
313.1444
313.1424
313.1409
313.1382
313.1347
313.1496
313.1487
313.1478
313.1471
313.1465
313.1448
313.1419
313.1393
313.1338
313.1257
313.1175
313.1496
313.1487
313.1479
313.1472
313.1468
313.1449
313.1413
313.1378
313.13
313.1182
313.1057
313.0924
313.1496
313.1488
313.148
313.1474
313.147
313.1448
313.1407
313.1366
313.1273
313.1129
313.0978
313.0809
313.0613
313.1496
313.1488
313.148
313.1474
313.1471
313.1448
313.1403
313.1358
313.1261
313.1105
313.0937
313.0755
313.0536
313.0272
313.1496
313.1488
313.148
313.1474
313.1471
313.1448
313.1403
313.1357
313.1264
313.1109
313.0939
313.0754
313.0531
313.0252
312.9921
313.1496
313.1488
313.148
313.1474
313.147
313.1448
313.1406
313.1363
313.1279
313.1138
313.098
313.0805
313.0589
313.031
312.996
312.9758
313.1496
313.1487
313.1479
313.1472
313.1468
313.1448
313.1411
313.1375
313.1307
313.1192
313.106
313.0909
313.0716
313.0448
313.008
312.9845
312.9844
313.1496
313.1487
313.1478
313.1471
313.1465
313.1448
313.1418
313.139
313.1345
313.1265
313.1173
313.1065
313.0918
313.0691
313.0322
313.0022
313.0005
312.997
313.1495
313.1486
313.1477
313.1468
313.146
313.1444
313.1424
313.1407
313.1385
313.1351
313.131
313.1264
313.1197
313.1079
313.0801
313.0364
313.03
313.0208
313.0104
313.1495
313.1486
313.1476
313.1466
313.1454
313.1436
313.1425
313.1415
313.1405
313.1395
313.1384
313.1374
313.1363
313.1351
313.1338
313.1119
313.0805
313.0552
313.0338
313.0149
313.1495
313.1485
313.1475
313.1464
313.145
313.1435
313.1425
313.1415
313.1405
313.1395
313.1384
313.1374
313.1363
313.1352
313.1341
313.1199
313.0935
313.0686
313.0453
313.0235
313.0132
313.1495
313.1485
313.1474
313.1462
313.1448
313.1434
313.1424
313.1415
313.1405
313.1395
313.1385
313.1374
313.1364
313.1354
313.1344
313.1217
313.0974
313.0735
313.0501
313.0274
313.0162
313.0159
313.1495
313.1484
313.1473
313.1461
313.1446
313.1433
313.1424
313.1414
313.1405
313.1395
313.1385
313.1375
313.1365
313.1355
313.1345
313.1223
313.0988
313.0753
313.052
313.0289
313.0172
313.0166
313.0163
313.1495
313.1484
313.1473
313.146
313.1446
313.1433
313.1424
313.1414
313.1405
313.1395
313.1385
313.1375
313.1365
313.1355
313.1346
313.1225
313.0992
313.0759
313.0527
313.0295
313.0175
313.0166
313.016
313.0157
313.1495
313.1484
313.1473
313.146
313.1445
313.1432
313.1495
313.1484
313.1473
313.1461
313.1446
313.1433
313.1424
313.1495
313.1485
313.1474
313.1462
313.1447
313.1433
313.1424
313.1414
313.1495
313.1485
313.1475
313.1463
313.145
313.1435
313.1424
313.1414
313.1405
313.1495
313.1486
313.1476
313.1466
313.1453
313.1436
313.1425
313.1415
313.1404
313.1394
313.1495
313.1486
313.1477
313.1468
313.146
313.1444
313.1424
313.1408
313.1382
313.1346
313.1311
313.1496
313.1487
313.1478
313.1471
313.1465
313.1448
313.1419
313.1393
313.1339
313.1256
313.1169
313.1073
313.1496
313.1487
313.1479
313.1472
313.1468
313.1449
313.1413
313.1377
313.1302
313.1181
313.1055
313.0911
313.0735
313.1496
313.1488
313.148
313.1474
313.147
313.1448
313.1407
313.1365
313.1275
313.113
313.0976
313.0806
313.0595
313.0335
313.1496
313.1488
313.148
313.1474
313.1471
313.1448
313.1403
313.1357
313.1264
313.1109
313.0939
313.0754
313.0531
313.0252
312.9921
313.1496
313.1488
313.148
313.1474
313.1471
313.1447
313.1402
313.1356
313.1266
313.1114
313.0942
313.0755
313.0529
313.0245
312.9903
312.9714
313.1496
313.1488
313.148
313.1474
313.147
313.1448
313.1405
313.1362
313.1281
313.1143
313.0984
313.0808
313.059
313.0307
312.9951
312.9745
312.9749
313.1496
313.1487
313.1479
313.1472
313.1468
313.1448
313.1411
313.1374
313.1309
313.1196
313.1062
313.0912
313.0717
313.0448
313.0077
312.9837
312.9832
312.9818
313.1496
313.1487
313.1478
313.1471
313.1465
313.1448
313.1417
313.139
313.1345
313.1268
313.1174
313.1066
313.0919
313.0692
313.0322
313.002
312.9997
312.9959
312.9909
313.1495
313.1486
313.1477
313.1468
313.146
313.1444
313.1424
313.1407
313.1386
313.1352
313.1311
313.1264
313.1198
313.1079
313.0801
313.0364
313.0298
313.0201
313.0094
312.9984
313.1495
313.1486
313.1476
313.1466
313.1454
313.1436
313.1425
313.1415
313.1405
313.1395
313.1384
313.1374
313.1363
313.1351
313.1338
313.1119
313.0805
313.055
313.0332
313.0139
313.0051
313.1495
313.1485
313.1475
313.1464
313.145
313.1435
313.1425
313.1415
313.1405
313.1395
313.1384
313.1374
313.1364
313.1353
313.1342
313.12
313.0936
313.0686
313.0451
313.023
313.0123
313.0122
313.1495
313.1485
313.1474
313.1462
313.1448
313.1434
313.1424
313.1415
313.1405
313.1395
313.1385
313.1375
313.1364
313.1354
313.1344
313.1217
313.0975
313.0735
313.0501
313.0272
313.0156
313.0151
313.0148
313.1495
313.1484
313.1473
313.1461
313.1446
313.1433
313.1424
313.1414
313.1405
313.1395
313.1385
313.1375
313.1365
313.1355
313.1345
313.1223
313.0988
313.0754
313.0521
313.0289
313.017
313.0161
313.0155
313.0152
313.1495
313.1484
313.1473
313.146
313.1446
313.1433
313.1424
313.1414
313.1405
313.1395
313.1385
313.1375
313.1365
313.1356
313.1346
313.1226
313.0993
313.0761
313.0528
313.0296
313.0175
313.0163
313.0155
313.0149
313.0147
313.1495
313.1484
313.1473
313.146
313.1445
313.1432
313.1423
313.1495
313.1484
313.1473
313.1461
313.1446
313.1433
313.1424
313.1414
313.1495
313.1485
313.1474
313.1462
313.1447
313.1433
313.1424
313.1414
313.1404
313.1495
313.1485
313.1475
313.1463
313.145
313.1435
313.1424
313.1414
313.1404
313.1395
313.1495
313.1486
313.1476
313.1466
313.1453
313.1436
313.1425
313.1414
313.1404
313.1394
313.1384
313.1495
313.1486
313.1477
313.1468
313.146
313.1444
313.1424
313.1408
313.1383
313.1346
313.1308
313.1267
313.1496
313.1487
313.1478
313.1471
313.1465
313.1448
313.1419
313.1392
313.134
313.1256
313.1167
313.1064
313.093
313.1496
313.1487
313.1479
313.1472
313.1468
313.1449
313.1412
313.1377
313.1303
313.1183
313.1054
313.0908
313.072
313.0471
313.1496
313.1488
313.148
313.1474
313.147
313.1448
313.1406
313.1364
313.1277
313.1134
313.0978
313.0804
313.0591
313.0316
312.9977
313.1496
313.1488
313.148
313.1474
313.1471
313.1447
313.1402
313.1356
313.1266
313.1114
313.0942
313.0755
313.0529
313.0245
312.9903
312.9714
313.1496
313.1488
313.148
313.1474
313.1471
313.1447
313.1402
313.1355
313.1268
313.1118
313.0946
313.0757
313.0529
313.0243
312.9895
312.97
312.9707
313.1496
313.1488
313.148
313.1474
313.147
313.1448
313.1404
313.1361
313.1283
313.1147
313.0987
313.081
313.0592
313.0308
312.9948
312.9736
312.9736
312.9731
313.1496
313.1487
313.1479
313.1472
313.1468
313.1448
313.141
313.1373
313.131
313.1199
313.1065
313.0914
313.0719
313.045
313.0077
312.9833
312.9823
312.9805
312.9781
313.1496
313.1487
313.1478
313.1471
313.1465
313.1448
313.1417
313.139
313.1346
313.1269
313.1176
313.1068
313.092
313.0694
313.0323
313.0019
312.9994
312.9951
312.9897
312.9838
313.1495
313.1486
313.1477
313.1468
313.146
313.1444
313.1423
313.1407
313.1386
313.1352
313.1312
313.1265
313.1199
313.108
313.0802
313.0365
313.0298
313.0199
313.0087
312.9972
312.9919
313.1495
313.1486
313.1476
313.1466
313.1454
313.1436
313.1425
313.1415
313.1405
313.1395
313.1384
313.1374
313.1363
313.1351
313.1339
313.112
313.0805
313.055
313.033
313.0133
313.0041
313.0042
313.1495
313.1485
313.1475
313.1464
313.145
313.1435
313.1425
313.1415
313.1405
313.1395
313.1385
313.1374
313.1364
313.1353
313.1342
313.12
313.0937
313.0687
313.0451
313.0228
313.0117
313.0113
313.0111
313.1495
313.1485
313.1474
313.1462
313.1448
313.1434
313.1424
313.1415
313.1405
313.1395
313.1385
313.1375
313.1364
313.1354
313.1344
313.1218
313.0975
313.0736
313.0502
313.0272
313.0154
313.0145
313.014
313.0138
313.1495
313.1484
313.1473
313.1461
313.1446
313.1433
313.1424
313.1414
313.1405
313.1395
313.1385
313.1375
313.1365
313.1355
313.1346
313.1224
313.0989
313.0755
313.0522
313.0291
313.017
313.0158
313.015
313.0144
313.0142
313.1495
313.1484
313.1473
313.146
313.1446
313.1433
313.1424
313.1414
313.1405
313.1395
313.1385
313.1375
313.1365
313.1356
313.1346
313.1226
313.0994
313.0762
313.053
313.0298
313.0176
313.0163
313.0152
313.0144
313.0139
313.0137
313.1495
313.1484
313.1473
313.146
313.1445
313.1432
313.1423
313.1414
313.1495
313.1484
313.1473
313.1461
313.1446
313.1433
313.1423
313.1414
313.1404
313.1495
313.1485
313.1474
313.1462
313.1447
313.1433
313.1424
313.1414
313.1404
313.1395
313.1495
313.1485
313.1475
313.1463
313.145
313.1435
313.1424
313.1414
313.1404
313.1394
313.1384
313.1495
313.1486
313.1476
313.1466
313.1453
313.1436
313.1425
313.1415
313.1404
313.1394
313.1384
313.1374
313.1495
313.1486
313.1477
313.1468
313.146
313.1444
313.1424
313.1408
313.1384
313.1347
313.1308
313.1263
313.1202
313.1496
313.1487
313.1478
313.1471
313.1465
313.1448
313.1419
313.1392
313.1341
313.1258
313.1167
313.1062
313.092
313.0708
313.1496
313.1487
313.1479
313.1472
313.1468
313.1449
313.1412
313.1376
313.1304
313.1186
313.1055
313.0907
313.0716
313.0455
313.0102
313.1496
313.1488
313.148
313.1474
313.147
313.1448
313.1406
313.1363
313.1279
313.1138
313.098
313.0805
313.0589
313.031
312.996
312.9758
313.1496
313.1488
313.148
313.1474
313.1471
313.1447
313.1402
313.1355
313.1268
313.1118
313.0946
313.0757
313.0529
313.0243
312.9895
312.97
312.9707
313.1496
313.1488
313.148
313.1474
313.1471
313.1447
313.1401
313.1354
313.127
313.1123
313.0949
313.076
313.0532
313.0243
312.9892
312.9691
312.9693
312.9692
313.1496
313.1488
313.148
313.1474
313.147
313.1447
313.1404
313.136
313.1285
313.1151
313.099
313.0813
313.0594
313.0309
312.9948
312.9732
312.9726
312.9718
312.9705
313.1496
313.1487
313.1479
313.1472
313.1468
313.1448
313.141
313.1373
313.1311
313.1201
313.1068
313.0916
313.0721
313.0452
313.0079
312.9833
312.9819
312.9796
312.9767
312.9735
313.1496
313.1487
313.1478
313.1471
313.1465
313.1447
313.1417
313.1389
313.1347
313.1271
313.1177
313.1069
313.0922
313.0696
313.0325
313.0021
312.9994
312.9948
312.9889
312.9824
312.9796
313.1495
313.1486
313.1477
313.1468
313.146
313.1444
313.1423
313.1407
313.1386
313.1353
313.1312
313.1265
313.1199
313.1081
313.0804
313.0366
313.0299
313.0199
313.0084
312.9964
312.9907
312.9912
313.1495
313.1486
313.1476
313.1466
313.1454
313.1436
313.1425
313.1415
313.1405
313.1395
313.1384
313.1374
313.1363
313.1352
313.1339
313.112
313.0806
313.0551
313.033
313.013
313.0034
313.0032
313.0033
313.1495
313.1485
313.1475
313.1464
313.145
313.1435
313.1425
313.1415
313.1405
313.1395
313.1385
313.1374
313.1364
313.1353
313.1342
313.1201
313.0937
313.0688
313.0452
313.0228
313.0115
313.0107
313.0102
313.0101
313.1495
313.1485
313.1474
313.1462
313.1448
313.1434
313.1424
313.1415
313.1405
313.1395
313.1385
313.1375
313.1364
313.1354
313.1344
313.1218
313.0976
313.0738
313.0503
313.0273
313.0154
313.0143
313.0134
313.013
313.0128
313.1495
313.1484
313.1473
313.1461
313.1446
313.1433
313.1424
313.1414
313.1405
313.1395
313.1385
313.1375
313.1365
313.1355
313.1346
313.1224
313.099
313.0756
313.0523
313.0292
313.0171
313.0158
313.0147
313.0139
313.0134
313.0133
313.1495
313.1484
313.1473
313.146
313.1446
313.1433
313.1424
313.1414
313.1405
313.1395
313.1385
313.1375
313.1365
313.1356
313.1346
313.1226
313.0994
313.0763
313.0531
313.03
313.0178
313.0165
313.0152
313.0142
313.0133
313.013
313.0129
313.1495
313.1484
313.1473
313.146
313.1445
313.1432
313.1423
313.1414
313.1404
313.1495
313.1484
313.1473
313.1461
313.1446
313.1433
313.1423
313.1414
313.1404
313.1395
313.1495
313.1485
313.1474
313.1462
313.1447
313.1433
313.1424
313.1414
313.1404
313.1394
313.1384
313.1495
313.1485
313.1475
313.1463
313.145
313.1435
313.1424
313.1414
313.1404
313.1394
313.1384
313.1374
313.1495
313.1486
313.1476
313.1466
313.1453
313.1436
313.1425
313.1415
313.1404
313.1394
313.1384
313.1374
313.1363
313.1495
313.1486
313.1477
313.1468
313.146
313.1444
313.1424
313.1408
313.1384
313.1347
313.1308
313.1262
313.1198
313.1085
313.1496
313.1487
313.1478
313.1471
313.1465
313.1448
313.1418
313.1392
313.1342
313.126
313.1168
313.1062
313.0917
313.0697
313.0342
313.1496
313.1487
313.1479
313.1472
313.1468
313.1448
313.1411
313.1375
313.1305
313.1189
313.1057
313.0908
313.0715
313.045
313.0087
312.9858
313.1496
313.1488
313.148
313.1474
313.147
313.1448
313.1405
313.1362
313.1281
313.1143
313.0984
313.0808
313.059
313.0307
312.9951
312.9745
312.9749
313.1496
313.1488
313.148
313.1474
313.1471
313.1447
313.1401
313.1354
313.127
313.1123
313.0949
313.076
313.0532
313.0243
312.9892
312.9691
312.9693
312.9692
313.1496
313.1488
313.148
313.1474
313.1471
313.1447
313.14
313.1353
313.1272
313.1127
313.0953
313.0763
313.0534
313.0245
312.9892
312.9687
312.9683
312.9678
312.9671
313.1496
313.1488
313.148
313.1474
313.147
313.1447
313.1403
313.136
313.1286
313.1154
313.0993
313.0816
313.0597
313.0312
312.995
312.9732
312.9723
312.9708
312.9691
312.9672
313.1496
313.1487
313.1479
313.1472
313.1468
313.1448
313.1409
313.1372
313.1312
313.1204
313.107
313.0918
313.0724
313.0454
313.0081
312.9835
312.9819
312.9792
312.9758
312.972
312.9707
313.1496
313.1487
313.1478
313.1471
313.1465
313.1447
313.1417
313.1388
313.1347
313.1272
313.1179
313.1071
313.0923
313.0697
313.0327
313.0023
312.9996
312.9947
312.9885
312.9815
312.9782
312.9792
313.1495
313.1486
313.1477
313.1468
313.146
313.1444
313.1423
313.1407
313.1386
313.1353
313.1313
313.1266
313.12
313.1082
313.0805
313.0369
313.0301
313.02
313.0084
312.9961
312.9898
312.99
312.9906
313.1495
313.1486
313.1476
313.1466
313.1454
313.1436
313.1425
313.1415
313.1405
313.1395
313.1384
313.1374
313.1363
313.1352
313.1339
313.1121
313.0807
313.0553
313.0331
313.013
313.0031
313.0025
313.0023
313.0024
313.1495
313.1485
313.1475
313.1464
313.145
313.1435
313.1425
313.1415
313.1405
313.1395
313.1385
313.1374
313.1364
313.1353
313.1342
313.1201
313.0938
313.069
313.0454
313.0229
313.0115
313.0104
313.0096
313.0092
313.0092
313.1495
313.1485
313.1474
313.1462
313.1448
313.1434
313.1424
313.1415
313.1405
313.1395
313.1385
313.1375
313.1364
313.1354
313.1344
313.1218
313.0977
313.0739
313.0505
313.0275
313.0155
313.0143
313.0132
313.0124
313.012
313.0119
313.1495
313.1484
313.1473
313.1461
313.1446
313.1433
313.1424
313.1414
313.1405
313.1395
313.1385
313.1375
313.1365
313.1355
313.1346
313.1224
313.099
313.0757
313.0525
313.0294
313.0173
313.016
313.0147
313.0137
313.0128
313.0125
313.0125
313.1495
313.1484
313.1473
313.146
313.1446
313.1433
313.1424
313.1414
313.1405
313.1395
313.1385
313.1375
313.1365
313.1356
313.1346
313.1226
313.0995
313.0764
313.0533
313.0302
313.018
313.0167
313.0154
313.0142
313.0131
313.0124
313.0121
313.0122
313.1495
313.1484
313.1473
313.146
313.1445
313.1432
313.1423
313.1414
313.1404
313.1395
313.1495
313.1484
313.1473
313.1461
313.1446
313.1433
313.1423
313.1414
313.1404
313.1394
313.1385
313.1495
313.1485
313.1474
313.1462
313.1447
313.1434
313.1424
313.1414
313.1404
313.1394
313.1384
313.1374
313.1495
313.1485
313.1475
313.1463
313.145
313.1435
313.1424
313.1414
313.1404
313.1394
313.1384
313.1374
313.1364
313.1495
313.1486
313.1476
313.1466
313.1454
313.1436
313.1425
313.1415
313.1404
313.1394
313.1384
313.1373
313.1363
313.1352
313.1495
313.1486
313.1477
313.1468
313.146
313.1444
313.1424
313.1408
313.1384
313.1348
313.1308
313.1262
313.1197
313.1081
313.0811
313.1496
313.1487
313.1478
313.1471
313.1465
313.1448
313.1418
313.1391
313.1342
313.1261
313.1169
313.1062
313.0916
313.0693
313.033
313.0041
313.1496
313.1487
313.1479
313.1472
313.1468
313.1448
313.1411
313.1375
313.1307
313.1192
313.106
313.0909
313.0716
313.0448
313.008
312.9845
312.9844
313.1496
313.1488
313.148
313.1474
313.147
313.1448
313.1404
313.1361
313.1283
313.1147
313.0987
313.081
313.0592
313.0308
312.9948
312.9736
312.9736
312.9731
313.1496
313.1488
313.148
313.1474
313.1471
313.1447
313.14
313.1353
313.1272
313.1127
313.0953
313.0763
313.0534
313.0245
312.9892
312.9687
312.9683
312.9678
312.9671
313.1496
313.1488
313.148
313.1474
313.1471
313.1447
313.14
313.1352
313.1273
313.1131
313.0956
313.0767
313.0537
313.0248
312.9894
312.9687
312.968
312.9668
312.9656
312.9643
313.1496
313.1488
313.148
313.1474
313.147
313.1447
313.1403
313.1359
313.1287
313.1157
313.0996
313.0818
313.0599
313.0315
312.9953
312.9734
312.9723
312.9704
312.9681
312.9657
312.9652
313.1496
313.1487
313.1479
313.1472
313.1468
313.1448
313.1409
313.1371
313.1313
313.1206
313.1072
313.092
313.0726
313.0456
313.0084
312.9838
312.9821
312.9792
312.9754
312.971
312.9692
312.9704
313.1496
313.1487
313.1478
313.1471
313.1465
313.1447
313.1416
313.1388
313.1348
313.1274
313.118
313.1072
313.0925
313.0699
313.0329
313.0026
312.9998
312.9949
312.9885
312.9812
312.9773
312.9778
312.9787
313.1495
313.1486
313.1477
313.1468
313.146
313.1444
313.1423
313.1406
313.1387
313.1354
313.1313
313.1266
313.12
313.1082
313.0806
313.037
313.0303
313.0202
313.0085
312.9961
312.9895
312.9892
312.9894
312.99
313.1495
313.1486
313.1476
313.1466
313.1454
313.1436
313.1425
313.1415
313.1405
313.1395
313.1385
313.1374
313.1363
313.1352
313.1339
313.1122
313.0809
313.0554
313.0333
313.0131
313.0031
313.0022
313.0015
313.0014
313.0015
313.1495
313.1485
313.1475
313.1464
313.145
313.1435
313.1425
313.1415
313.1405
313.1395
313.1385
313.1374
313.1364
313.1353
313.1342
313.1201
313.0939
313.0691
313.0455
313.0231
313.0116
313.0104
313.0094
313.0086
313.0083
313.0083
313.1495
313.1485
313.1474
313.1462
313.1448
313.1434
313.1424
313.1415
313.1405
313.1395
313.1385
313.1375
313.1365
313.1354
313.1344
313.1219
313.0978
313.074
313.0507
313.0277
313.0157
313.0144
313.0132
313.0121
313.0114
313.011
313.0111
313.1495
313.1484
313.1473
313.1461
313.1446
313.1433
313.1424
313.1414
313.1405
313.1395
313.1385
313.1375
313.1365
313.1355
313.1346
313.1224
313.0991
313.0758
313.0527
313.0296
313.0175
313.0162
313.0149
313.0137
313.0126
313.0119
313.0117
313.0117
313.1495
313.1484
313.1473
313.146
313.1446
313.1433
313.1424
313.1414
313.1405
313.1395
313.1385
313.1375
313.1365
313.1356
313.1347
313.1227
313.0995
313.0764
313.0534
313.0304
313.0182
313.0169
313.0155
313.0143
313.0131
313.0121
313.0115
313.0113
313.0115
313.1495
313.1484
313.1473
313.146
313.1445
313.1432
313.1423
313.1414
313.1404
313.1394
313.1385
313.1495
313.1484
313.1473
313.1461
313.1446
313.1433
313.1423
313.1414
313.1404
313.1394
313.1384
313.1375
313.1495
313.1485
313.1474
313.1462
313.1447
313.1434
313.1424
313.1414
313.1404
313.1394
313.1384
313.1374
313.1364
313.1495
313.1485
313.1475
313.1463
313.145
313.1435
313.1425
313.1414
313.1404
313.1394
313.1384
313.1374
313.1363
313.1353
313.1495
313.1486
313.1476
313.1466
313.1454
313.1436
313.1425
313.1415
313.1404
313.1394
313.1384
313.1373
313.1362
313.1351
313.1339
313.1495
313.1486
313.1477
313.1468
313.146
313.1444
313.1424
313.1408
313.1384
313.1349
313.1309
313.1262
313.1196
313.1079
313.0805
313.0379
313.1496
313.1487
313.1478
313.1471
313.1465
313.1448
313.1418
313.1391
313.1343
313.1263
313.1171
313.1063
313.0916
313.0691
313.0324
313.003
313.0016
313.1496
313.1487
313.1479
313.1472
313.1468
313.1448
313.1411
313.1374
313.1309
313.1196
313.1062
313.0912
313.0717
313.0448
313.0077
312.9837
312.9832
312.9818
313.1496
313.1488
313.148
313.1474
313.147
313.1447
313.1404
313.136
313.1285
313.1151
313.099
313.0813
313.0594
313.0309
312.9948
312.9732
312.9726
312.9718
312.9705
313.1496
313.1488
313.148
313.1474
313.1471
313.1447
313.14
313.1352
313.1273
313.1131
313.0956
313.0767
313.0537
313.0248
312.9894
312.9687
312.968
312.9668
312.9656
312.9643
313.1496
313.1488
313.148
313.1474
313.1471
313.1447
313.1399
313.1351
313.1275
313.1134
313.0959
313.0769
313.054
313.0251
312.9897
312.9689
312.968
312.9664
312.9646
312.9628
312.9626
313.1496
313.1488
313.148
313.1474
313.147
313.1447
313.1402
313.1358
313.1289
313.1161
313.0999
313.0821
313.0602
313.0317
312.9956
312.9737
312.9725
312.9704
312.9677
312.9647
312.9636
312.9649
313.1496
313.1487
313.1479
313.1472
313.1468
313.1447
313.1409
313.1371
313.1314
313.1209
313.1074
313.0922
313.0727
313.0458
313.0087
312.9841
312.9824
312.9794
312.9754
312.9707
312.9682
312.9689
312.97
313.1496
313.1487
313.1478
313.1471
313.1465
313.1447
313.1416
313.1388
313.1348
313.1276
313.1181
313.1073
313.0926
313.07
313.0331
313.0029
313.0001
312.9952
312.9887
312.9811
312.9769
312.9768
312.9773
312.9783
313.1495
313.1486
313.1477
313.1468
313.146
313.1444
313.1423
313.1406
313.1387
313.1354
313.1313
313.1267
313.1201
313.1083
313.0807
313.0372
313.0305
313.0205
313.0087
312.9962
312.9895
312.9888
312.9885
312.9887
312.9893
313.1495
313.1486
313.1476
313.1466
313.1454
313.1436
313.1425
313.1415
313.1405
313.1395
313.1385
313.1374
313.1363
313.1352
313.1339
313.1122
313.081
313.0556
313.0335
313.0134
313.0032
313.0022
313.0012
313.0006
313.0005
313.0007
313.1495
313.1485
313.1475
313.1464
313.145
313.1435
313.1425
313.1415
313.1405
313.1395
313.1385
313.1374
313.1364
313.1353
313.1342
313.1202
313.094
313.0692
313.0457
313.0233
313.0118
313.0105
313.0094
313.0083
313.0076
313.0074
313.0075
313.1495
313.1485
313.1474
313.1462
313.1448
313.1434
313.1424
313.1415
313.1405
313.1395
313.1385
313.1375
313.1365
313.1354
313.1345
313.1219
313.0978
313.0741
313.0508
313.0279
313.016
313.0146
313.0133
313.0121
313.0111
313.0104
313.0102
313.0103
313.1495
313.1484
313.1473
313.1461
313.1446
313.1433
313.1424
313.1414
313.1405
313.1395
313.1385
313.1375
313.1365
313.1355
313.1346
313.1225
313.0991
313.0759
313.0528
313.0298
313.0177
313.0164
313.0151
313.0138
313.0126
313.0117
313.0111
313.0109
313.011
313.1495
313.1484
313.1473
313.146
313.1446
313.1433
313.1424
313.1414
313.1405
313.1395
313.1385
313.1375
313.1365
313.1356
313.1347
313.1227
313.0996
313.0765
313.0535
313.0305
313.0184
313.0171
313.0158
313.0145
313.0132
313.0121
313.0113
313.0107
313.0106
313.0108
313.1495
313.1484
313.1473
313.146
313.1445
313.1432
313.1423
313.1414
313.1404
313.1394
313.1384
313.1375
313.1495
313.1484
313.1473
313.1461
313.1446
313.1433
313.1423
313.1414
313.1404
313.1394
313.1384
313.1374
313.1365
313.1495
313.1485
313.1474
313.1462
313.1447
313.1434
313.1424
313.1414
313.1404
313.1394
313.1384
313.1374
313.1364
313.1354
313.1495
313.1485
313.1475
313.1463
313.145
313.1435
313.1425
313.1414
313.1404
313.1394
313.1384
313.1373
313.1363
313.1353
313.1342
313.1495
313.1486
313.1476
313.1466
313.1454
313.1436
313.1425
313.1415
313.1404
313.1394
313.1384
313.1373
313.1362
313.1351
313.1339
313.1123
313.1495
313.1486
313.1477
313.1468
313.146
313.1444
313.1424
313.1407
313.1385
313.1349
313.1309
313.1263
313.1196
313.1078
313.0802
313.0371
313.0314
313.1496
313.1487
313.1478
313.1471
313.1465
313.1448
313.1418
313.139
313.1345
313.1265
313.1173
313.1065
313.0918
313.0691
313.0322
313.0022
313.0005
312.997
313.1496
313.1487
313.1479
313.1472
313.1468
313.1448
313.141
313.1373
313.131
313.1199
313.1065
313.0914
313.0719
313.045
313.0077
312.9833
312.9823
312.9805
312.9781
313.1496
313.1488
313.148
313.1474
313.147
313.1447
313.1403
313.136
313.1286
313.1154
313.0993
313.0816
313.0597
313.0312
312.995
312.9732
312.9723
312.9708
312.9691
312.9672
313.1496
313.1488
313.148
313.1474
313.1471
313.1447
313.1399
313.1351
313.1275
313.1134
313.0959
313.0769
313.054
313.0251
312.9897
312.9689
312.968
312.9664
312.9646
312.9628
312.9626
313.1496
313.1488
313.148
313.1474
313.1471
313.1446
313.1399
313.135
313.1276
313.1138
313.0962
313.0772
313.0543
313.0254
312.99
312.9692
312.9681
312.9664
312.9642
312.9618
312.961
312.9624
313.1496
313.1488
313.148
313.1474
313.147
313.1447
313.1402
313.1357
313.129
313.1164
313.1001
313.0823
313.0604
313.032
312.9959
312.974
312.9727
312.9706
312.9677
312.9643
312.9626
312.9634
312.9647
313.1496
313.1487
313.1479
313.1472
313.1468
313.1447
313.1408
313.137
313.1315
313.1211
313.1075
313.0923
313.0729
313.046
313.0089
312.9844
312.9827
312.9797
312.9756
312.9706
312.9678
312.9679
312.9685
312.9697
313.1496
313.1487
313.1478
313.1471
313.1465
313.1447
313.1416
313.1387
313.1349
313.1277
313.1182
313.1074
313.0927
313.0702
313.0333
313.0031
313.0003
312.9954
312.9889
312.9813
312.9769
312.9765
312.9764
312.9769
312.9778
313.1495
313.1486
313.1477
313.1468
313.146
313.1444
313.1423
313.1406
313.1387
313.1355
313.1314
313.1267
313.1201
313.1083
313.0808
313.0374
313.0307
313.0207
313.009
312.9965
312.9896
312.9888
312.9882
312.9878
312.988
312.9887
313.1495
313.1486
313.1476
313.1466
313.1454
313.1436
313.1425
313.1415
313.1405
313.1395
313.1385
313.1374
313.1363
313.1352
313.1339
313.1122
313.0811
313.0557
313.0337
313.0136
313.0035
313.0023
313.0012
313.0003
312.9997
312.9996
313
313.1495
313.1485
313.1475
313.1464
313.145
313.1435
313.1425
313.1415
313.1405
313.1395
313.1385
313.1374
313.1364
313.1353
313.1342
313.1202
313.094
313.0693
313.0459
313.0235
313.0121
313.0108
313.0095
313.0083
313.0073
313.0067
313.0066
313.0068
313.1495
313.1485
313.1474
313.1462
313.1448
313.1434
313.1424
313.1415
313.1405
313.1395
313.1385
313.1375
313.1365
313.1354
313.1345
313.1219
313.0979
313.0742
313.0509
313.0281
313.0162
313.0149
313.0135
313.0123
313.0111
313.0102
313.0096
313.0094
313.0096
313.1495
313.1484
313.1473
313.1461
313.1446
313.1433
313.1424
313.1414
313.1405
313.1395
313.1385
313.1375
313.1365
313.1355
313.1346
313.1225
313.0992
313.0759
313.0529
313.03
313.0179
313.0166
313.0153
313.014
313.0127
313.0117
313.0108
313.0103
313.0101
313.0103
313.1495
313.1484
313.1473
313.146
313.1446
313.1433
313.1424
313.1414
313.1405
313.1395
313.1385
313.1375
313.1365
313.1356
313.1347
313.1227
313.0996
313.0765
313.0536
313.0306
313.0186
313.0173
313.016
313.0147
313.0134
313.0123
313.0113
313.0105
313.01
313.0099
313.0101
313.1495
313.1484
313.1473
313.146
313.1445
313.1432
313.1423
313.1414
313.1404
313.1394
313.1384
313.1375
313.1365
313.1495
313.1484
313.1473
313.1461
313.1446
313.1433
313.1424
313.1414
313.1404
313.1394
313.1384
313.1374
313.1364
313.1355
313.1495
313.1485
313.1474
313.1462
313.1447
313.1434
313.1424
313.1414
313.1404
313.1394
313.1384
313.1374
313.1364
313.1354
313.1344
313.1495
313.1485
313.1475
313.1463
313.145
313.1435
313.1425
313.1415
313.1404
313.1394
313.1384
313.1373
313.1363
313.1352
313.1342
313.1202
313.1495
313.1486
313.1476
313.1466
313.1454
313.1436
313.1425
313.1415
313.1405
313.1394
313.1384
313.1373
313.1362
313.1351
313.1338
313.1121
313.0813
313.1495
313.1486
313.1477
313.1468
313.146
313.1444
313.1424
313.1407
313.1385
313.135
313.131
313.1263
313.1197
313.1078
313.0801
313.0366
313.0306
313.0217
313.1496
313.1487
313.1478
313.1471
313.1465
313.1448
313.1417
313.139
313.1345
313.1268
313.1174
313.1066
313.0919
313.0692
313.0322
313.002
312.9997
312.9959
312.9909
313.1496
313.1487
313.1479
313.1472
313.1468
313.1448
313.141
313.1373
313.1311
313.1201
313.1068
313.0916
313.0721
313.0452
313.0079
312.9833
312.9819
312.9796
312.9767
312.9735
313.1496
313.1488
313.148
313.1474
313.147
313.1447
313.1403
313.1359
313.1287
313.1157
313.0996
313.0818
313.0599
313.0315
312.9953
312.9734
312.9723
312.9704
312.9681
312.9657
312.9652
313.1496
313.1488
313.148
313.1474
313.1471
313.1446
313.1399
313.135
313.1276
313.1138
313.0962
313.0772
313.0543
313.0254
312.99
312.9692
312.9681
312.9664
312.9642
312.9618
312.961
312.9624
313.1496
313.1488
313.148
313.1474
313.1471
313.1446
313.1398
313.1349
313.1278
313.1141
313.0965
313.0774
313.0545
313.0256
312.9903
312.9695
312.9684
312.9666
312.9642
312.9614
312.96
312.9608
312.9621
313.1496
313.1488
313.148
313.1474
313.147
313.1447
313.1402
313.1356
313.1291
313.1167
313.1003
313.0825
313.0606
313.0322
312.9961
312.9743
312.9731
312.9709
312.9679
312.9643
312.9622
312.9623
312.9631
312.9643
313.1496
313.1487
313.1479
313.1472
313.1468
313.1447
313.1408
313.1369
313.1316
313.1213
313.1077
313.0925
313.073
313.0462
313.0091
312.9846
312.983
312.98
312.9759
312.9708
312.9678
312.9675
312.9675
312.9682
312.9692
313.1496
313.1487
313.1478
313.1471
313.1465
313.1447
313.1416
313.1387
313.1349
313.1278
313.1183
313.1075
313.0928
313.0703
313.0335
313.0033
313.0006
312.9957
312.9892
312.9816
312.977
312.9764
312.976
312.9759
312.9763
312.9773
313.1495
313.1486
313.1477
313.1468
313.146
313.1444
313.1423
313.1406
313.1387
313.1355
313.1314
313.1267
313.1201
313.1084
313.0809
313.0375
313.0309
313.0209
313.0093
312.9968
312.9899
312.989
312.9881
312.9875
312.9871
312.9874
312.9881
313.1495
313.1486
313.1476
313.1466
313.1454
313.1436
313.1425
313.1415
313.1405
313.1395
313.1385
313.1374
313.1363
313.1352
313.1339
313.1123
313.0811
313.0559
313.0339
313.0138
313.0037
313.0025
313.0014
313.0003
312.9994
312.9988
312.9989
312.9993
313.1495
313.1485
313.1475
313.1463
313.145
313.1435
313.1425
313.1415
313.1405
313.1395
313.1385
313.1374
313.1364
313.1353
313.1342
313.1202
313.0941
313.0694
313.046
313.0237
313.0123
313.011
313.0097
313.0085
313.0073
313.0064
313.0058
313.0058
313.006
313.1495
313.1485
313.1474
313.1462
313.1448
313.1434
313.1424
313.1415
313.1405
313.1395
313.1385
313.1375
313.1365
313.1354
313.1345
313.1219
313.0979
313.0742
313.051
313.0282
313.0164
313.0151
313.0138
313.0125
313.0112
313.0102
313.0093
313.0088
313.0087
313.0089
313.1495
313.1484
313.1473
313.1461
313.1446
313.1433
313.1424
313.1414
313.1405
313.1395
313.1385
313.1375
313.1365
313.1355
313.1346
313.1225
313.0992
313.076
313.053
313.0301
313.0181
313.0168
313.0155
313.0142
313.0129
313.0118
313.0108
313.01
313.0095
313.0094
313.0096
313.1495
313.1484
313.1473
313.146
313.1446
313.1433
313.1424
313.1414
313.1405
313.1395
313.1385
313.1375
313.1365
313.1356
313.1347
313.1227
313.0996
313.0766
313.0536
313.0307
313.0187
313.0175
313.0162
313.0149
313.0136
313.0125
313.0114
313.0105
313.0097
313.0092
313.0092
313.0094
313.1495
313.1484
313.1473
313.146
313.1445
313.1432
313.1423
313.1414
313.1404
313.1394
313.1384
313.1374
313.1365
313.1355
313.1495
313.1484
313.1473
313.1461
313.1446
313.1433
313.1424
313.1414
313.1404
313.1394
313.1384
313.1374
313.1364
313.1355
313.1346
313.1495
313.1485
313.1474
313.1462
313.1447
313.1434
313.1424
313.1414
313.1404
313.1394
313.1384
313.1374
313.1364
313.1353
313.1344
313.1219
313.1495
313.1485
313.1475
313.1463
313.145
313.1435
313.1425
313.1415
313.1405
313.1394
313.1384
313.1374
313.1363
313.1352
313.1341
313.1201
313.0942
313.1495
313.1486
313.1476
313.1466
313.1454
313.1436
313.1425
313.1415
313.1405
313.1394
313.1384
313.1373
313.1362
313.1351
313.1338
313.112
313.0809
313.0563
313.1495
313.1486
313.1477
313.1468
313.146
313.1444
313.1424
313.1407
313.1385
313.1351
313.131
313.1264
313.1197
313.1079
313.0801
313.0364
313.03
313.0208
313.0104
313.1496
313.1487
313.1478
313.1471
313.1465
313.1448
313.1417
313.139
313.1346
313.1269
313.1176
313.1068
313.092
313.0694
313.0323
313.0019
312.9994
312.9951
312.9897
312.9838
313.1496
313.1487
313.1479
313.1472
313.1468
313.1448
313.1409
313.1372
313.1312
313.1204
313.107
313.0918
313.0724
313.0454
313.0081
312.9835
312.9819
312.9792
312.9758
312.972
312.9707
313.1496
313.1488
313.148
313.1474
313.147
313.1447
313.1402
313.1358
313.1289
313.1161
313.0999
313.0821
313.0602
313.0317
312.9956
312.9737
312.9725
312.9704
312.9677
312.9647
312.9636
312.9649
313.1496
313.1488
313.148
313.1474
313.1471
313.1446
313.1398
313.1349
313.1278
313.1141
313.0965
313.0774
313.0545
313.0256
312.9903
312.9695
312.9684
312.9666
312.9642
312.9614
312.96
312.9608
312.9621
313.1496
313.1488
313.148
313.1474
313.1471
313.1446
313.1398
313.1349
313.1279
313.1145
313.0967
313.0776
313.0547
313.0259
312.9905
312.9699
312.9688
312.9669
312.9644
312.9613
312.9596
312.9598
312.9606
312.9618
313.1496
313.1488
313.148
313.1474
313.147
313.1447
313.1401
313.1355
313.1292
313.1169
313.1006
313.0827
313.0608
313.0324
312.9964
312.9746
312.9734
312.9712
312.9682
312.9645
312.9622
312.9619
312.962
312.9628
312.9639
313.1496
313.1487
313.1479
313.1472
313.1468
313.1447
313.1408
313.1369
313.1316
313.1215
313.1079
313.0926
313.0732
313.0464
313.0093
312.9849
312.9832
312.9803
312.9762
312.9711
312.9679
312.9674
312.9671
312.9671
312.9677
312.9688
313.1496
313.1487
313.1478
313.1471
313.1465
313.1447
313.1415
313.1386
313.1349
313.1279
313.1184
313.1075
313.0928
313.0704
313.0336
313.0035
313.0008
312.996
312.9895
312.9819
312.9773
312.9766
312.976
312.9755
312.9753
312.9758
312.9768
313.1495
313.1486
313.1477
313.1468
313.146
313.1444
313.1423
313.1406
313.1387
313.1356
313.1314
313.1268
313.1202
313.1084
313.0809
313.0377
313.031
313.0211
313.0095
312.9971
312.9902
312.9892
312.9883
312.9874
312.9868
312.9865
312.9868
312.9875
313.1495
313.1486
313.1476
313.1466
313.1454
313.1436
313.1425
313.1415
313.1405
313.1395
313.1385
313.1374
313.1363
313.1352
313.1339
313.1123
313.0812
313.056
313.0341
313.0141
313.004
313.0028
313.0016
313.0004
312.9994
312.9985
312.9981
312.9982
312.9986
313.1495
313.1485
313.1475
313.1464
313.145
313.1435
313.1425
313.1415
313.1405
313.1395
313.1385
313.1374
313.1364
313.1353
313.1342
313.1202
313.0941
313.0695
313.0461
313.0239
313.0125
313.0112
313.01
313.0087
313.0074
313.0064
313.0056
313.005
313.005
313.0053
313.1495
313.1485
313.1474
313.1462
313.1448
313.1434
313.1424
313.1415
313.1405
313.1395
313.1385
313.1375
313.1365
313.1354
313.1345
313.1219
313.0979
313.0743
313.0511
313.0284
313.0166
313.0153
313.014
313.0127
313.0114
313.0103
313.0093
313.0085
313.008
313.008
313.0082
313.1495
313.1484
313.1473
313.1461
313.1446
313.1433
313.1424
313.1414
313.1405
313.1395
313.1385
313.1375
313.1365
313.1355
313.1346
313.1225
313.0992
313.076
313.053
313.0302
313.0182
313.017
313.0157
313.0145
313.0132
313.012
313.0109
313.01
313.0092
313.0087
313.0087
313.009
313.1495
313.1484
313.1473
313.146
313.1446
313.1433
313.1424
313.1414
313.1405
313.1395
313.1385
313.1375
313.1365
313.1356
313.1347
313.1227
313.0996
313.0766
313.0537
313.0308
313.0188
313.0176
313.0164
313.0152
313.0139
313.0127
313.0116
313.0106
313.0097
313.0089
313.0085
313.0084
313.0088
313.1495
313.1484
313.1473
313.146
313.1446
313.1432
313.1423
313.1414
313.1404
313.1394
313.1384
313.1374
313.1364
313.1355
313.1346
313.1495
313.1484
313.1473
313.1461
313.1446
313.1433
313.1424
313.1414
313.1404
313.1394
313.1384
313.1374
313.1364
313.1354
313.1345
313.1224
313.1495
313.1485
313.1474
313.1462
313.1448
313.1434
313.1424
313.1414
313.1404
313.1394
313.1384
313.1374
313.1364
313.1353
313.1343
313.1218
313.0979
313.1495
313.1485
313.1475
313.1464
313.145
313.1435
313.1425
313.1415
313.1405
313.1394
313.1384
313.1374
313.1363
313.1352
313.1341
313.12
313.0938
313.0696
313.1495
313.1486
313.1476
313.1466
313.1454
313.1436
313.1425
313.1415
313.1405
313.1394
313.1384
313.1374
313.1363
313.1351
313.1338
313.1119
313.0806
313.0556
313.0346
313.1495
313.1486
313.1477
313.1468
313.146
313.1444
313.1424
313.1407
313.1386
313.1352
313.1311
313.1264
313.1198
313.1079
313.0801
313.0364
313.0298
313.0201
313.0094
312.9984
313.1496
313.1487
313.1478
313.1471
313.1465
313.1447
313.1417
313.1389
313.1347
313.1271
313.1177
313.1069
313.0922
313.0696
313.0325
313.0021
312.9994
312.9948
312.9889
312.9824
312.9796
313.1496
313.1487
313.1479
313.1472
313.1468
313.1448
313.1409
313.1371
313.1313
313.1206
313.1072
313.092
313.0726
313.0456
313.0084
312.9838
312.9821
312.9792
312.9754
312.971
312.9692
312.9704
313.1496
313.1488
313.148
313.1474
313.147
313.1447
313.1402
313.1357
313.129
313.1164
313.1001
313.0823
313.0604
313.032
312.9959
312.974
312.9727
312.9706
312.9677
312.9643
312.9626
312.9634
312.9647
313.1496
313.1488
313.148
313.1474
313.1471
313.1446
313.1398
313.1349
313.1279
313.1145
313.0967
313.0776
313.0547
313.0259
312.9905
312.9699
312.9688
312.9669
312.9644
312.9613
312.9596
312.9598
312.9606
312.9618
313.1496
313.1488
313.148
313.1474
313.1471
313.1446
313.1397
313.1348
313.128
313.1147
313.097
313.0778
313.0549
313.0261
312.9908
312.9701
312.9691
312.9673
312.9647
312.9615
312.9595
312.9593
312.9595
312.9602
312.9615
313.1496
313.1488
313.148
313.1474
313.147
313.1447
313.1401
313.1355
313.1292
313.1171
313.1007
313.0829
313.0609
313.0326
312.9966
312.9749
312.9737
312.9715
312.9686
312.9648
312.9623
312.9619
312.9616
312.9617
312.9624
312.9635
313.1496
313.1487
313.1479
313.1472
313.1468
313.1447
313.1407
313.1368
313.1317
313.1216
313.108
313.0928
313.0733
313.0465
313.0095
312.9851
312.9835
312.9806
312.9765
312.9715
312.9682
312.9676
312.9671
312.9667
312.9666
312.9672
312.9684
313.1496
313.1487
313.1478
313.1471
313.1465
313.1447
313.1416
313.1386
313.135
313.128
313.1185
313.1076
313.0929
313.0705
313.0337
313.0037
313.001
312.9962
312.9898
312.9822
312.9777
312.9769
312.9761
312.9754
312.9749
312.9748
312.9753
312.9763
313.1495
313.1486
313.1477
313.1468
313.146
313.1444
313.1423
313.1406
313.1387
313.1356
313.1315
313.1268
313.1202
313.1084
313.081
313.0378
313.0311
313.0213
313.0097
312.9973
312.9905
312.9895
312.9886
312.9876
312.9867
312.9861
312.9858
312.9862
312.9869
313.1495
313.1486
313.1476
313.1466
313.1454
313.1436
313.1425
313.1415
313.1405
313.1395
313.1385
313.1374
313.1363
313.1352
313.1339
313.1123
313.0813
313.0561
313.0342
313.0143
313.0042
313.0031
313.0019
313.0007
312.9995
312.9985
312.9977
312.9973
312.9974
312.9979
313.1495
313.1485
313.1475
313.1464
313.145
313.1435
313.1425
313.1415
313.1405
313.1395
313.1385
313.1374
313.1364
313.1353
313.1342
313.1202
313.0942
313.0695
313.0462
313.024
313.0127
313.0115
313.0102
313.0089
313.0077
313.0065
313.0055
313.0047
313.0043
313.0043
313.0046
313.1495
313.1485
313.1474
313.1462
313.1448
313.1434
313.1424
313.1415
313.1405
313.1395
313.1385
313.1375
313.1365
313.1354
313.1345
313.1219
313.098
313.0743
313.0512
313.0285
313.0167
313.0155
313.0142
313.013
313.0117
313.0105
313.0094
313.0085
313.0077
313.0072
313.0072
313.0075
313.1495
313.1484
313.1473
313.1461
313.1446
313.1433
313.1424
313.1414
313.1405
313.1395
313.1385
313.1375
313.1365
313.1355
313.1346
313.1225
313.0992
313.0761
313.0531
313.0303
313.0183
313.0171
313.0159
313.0147
313.0134
313.0122
313.0111
313.0101
313.0092
313.0084
313.008
313.008
313.0083
313.1495
313.1484
313.1473
313.146
313.1446
313.1433
313.1424
313.1414
313.1405
313.1395
313.1385
313.1375
313.1365
313.1356
313.1347
313.1227
313.0996
313.0766
313.0537
313.0309
313.0189
313.0177
313.0165
313.0153
313.0141
313.0129
313.0118
313.0108
313.0098
313.0089
313.0081
313.0077
313.0078
313.0082
313.1495
313.1484
313.1473
313.146
313.1446
313.1433
313.1423
313.1414
313.1404
313.1394
313.1384
313.1374
313.1364
313.1355
313.1346
313.1226
313.1495
313.1484
313.1473
313.1461
313.1446
313.1433
313.1424
313.1414
313.1404
313.1394
313.1384
313.1374
313.1364
313.1354
313.1345
313.1223
313.0991
313.1495
313.1485
313.1474
313.1462
313.1448
313.1434
313.1424
313.1414
313.1404
313.1394
313.1384
313.1374
313.1364
313.1353
313.1343
313.1217
313.0976
313.0743
313.1495
313.1485
313.1475
313.1464
313.145
313.1435
313.1425
313.1415
313.1405
313.1394
313.1384
313.1374
313.1363
313.1352
313.1341
313.1199
313.0936
313.0691
313.0464
313.1495
313.1486
313.1476
313.1466
313.1454
313.1436
313.1425
313.1415
313.1405
313.1395
313.1384
313.1374
313.1363
313.1351
313.1338
313.1119
313.0805
313.0552
313.0338
313.0149
313.1495
313.1486
313.1477
313.1468
313.146
313.1444
313.1423
313.1407
313.1386
313.1352
313.1312
313.1265
313.1199
313.108
313.0802
313.0365
313.0298
313.0199
313.0087
312.9972
312.9919
313.1496
313.1487
313.1478
313.1471
313.1465
313.1447
313.1417
313.1388
313.1347
313.1272
313.1179
313.1071
313.0923
313.0697
313.0327
313.0023
312.9996
312.9947
312.9885
312.9815
312.9782
312.9792
313.1496
313.1487
313.1479
313.1472
313.1468
313.1447
313.1409
313.1371
313.1314
313.1209
313.1074
313.0922
313.0727
313.0458
313.0087
312.9841
312.9824
312.9794
312.9754
312.9707
312.9682
312.9689
312.97
313.1496
313.1488
313.148
313.1474
313.147
313.1447
313.1402
313.1356
313.1291
313.1167
313.1003
313.0825
313.0606
313.0322
312.9961
312.9743
312.9731
312.9709
312.9679
312.9643
312.9622
312.9623
312.9631
312.9643
313.1496
313.1488
313.148
313.1474
313.1471
313.1446
313.1397
313.1348
313.128
313.1147
313.097
313.0778
313.0549
313.0261
312.9908
312.9701
312.9691
312.9673
312.9647
312.9615
312.9595
312.9593
312.9595
312.9602
312.9615
313.1496
313.1488
313.148
313.1474
313.1471
313.1446
313.1397
313.1347
313.1281
313.1149
313.0972
313.078
313.0551
313.0263
312.9911
312.9704
312.9694
312.9676
312.9651
312.9618
312.9597
312.9593
312.9591
312.9591
312.9598
312.9611
313.1496
313.1488
313.148
313.1474
313.147
313.1447
313.1401
313.1354
313.1293
313.1173
313.1009
313.083
313.0611
313.0327
312.9968
312.9751
312.974
312.9718
312.9689
312.9651
312.9627
312.9621
312.9616
312.9613
312.9613
312.9619
312.9631
313.1496
313.1487
313.1479
313.1472
313.1468
313.1447
313.1407
313.1368
313.1317
313.1218
313.1081
313.0928
313.0734
313.0466
313.0096
312.9853
312.9838
312.9809
312.9768
312.9718
312.9686
312.9679
312.9673
312.9667
312.9662
312.9661
312.9668
312.9679
313.1496
313.1487
313.1478
313.1471
313.1465
313.1447
313.1416
313.1386
313.135
313.1281
313.1185
313.1077
313.093
313.0705
313.0339
313.0038
313.0012
312.9964
312.99
312.9825
312.978
312.9772
312.9764
312.9756
312.9749
312.9744
312.9742
312.9747
312.9757
313.1495
313.1486
313.1477
313.1468
313.146
313.1444
313.1423
313.1405
313.1387
313.1356
313.1315
313.1268
313.1202
313.1084
313.081
313.0379
313.0312
313.0214
313.0099
312.9975
312.9907
312.9898
312.9889
312.9879
312.9869
312.9861
312.9854
312.9852
312.9855
312.9863
313.1495
313.1486
313.1476
313.1466
313.1454
313.1436
313.1425
313.1415
313.1405
313.1395
313.1385
313.1374
313.1363
313.1352
313.1339
313.1123
313.0813
313.0561
313.0343
313.0144
313.0044
313.0033
313.0021
313.0009
312.9997
312.9986
312.9977
312.997
312.9966
312.9967
312.9972
313.1495
313.1485
313.1475
313.1464
313.145
313.1435
313.1425
313.1415
313.1405
313.1395
313.1385
313.1374
313.1364
313.1353
313.1342
313.1202
313.0942
313.0696
313.0463
313.0241
313.0129
313.0116
313.0104
313.0092
313.0079
313.0067
313.0057
313.0047
313.0039
313.0035
313.0036
313.0039
313.1495
313.1485
313.1474
313.1462
313.1448
313.1434
313.1424
313.1415
313.1405
313.1395
313.1385
313.1375
313.1365
313.1354
313.1345
313.1219
313.098
313.0744
313.0512
313.0286
313.0168
313.0156
313.0144
313.0132
313.0119
313.0107
313.0096
313.0086
313.0077
313.0069
313.0065
313.0065
313.0069
313.1495
313.1484
313.1473
313.1461
313.1446
313.1433
313.1424
313.1414
313.1405
313.1395
313.1385
313.1375
313.1365
313.1355
313.1346
313.1225
313.0992
313.0761
313.0531
313.0303
313.0184
313.0172
313.016
313.0148
313.0136
313.0125
313.0114
313.0103
313.0093
313.0084
313.0077
313.0072
313.0073
313.0077
313.1495
313.1484
313.1473
313.146
313.1446
313.1433
313.1424
313.1414
313.1405
313.1395
313.1385
313.1375
313.1365
313.1356
313.1347
313.1227
313.0996
313.0766
313.0537
313.0309
313.019
313.0178
313.0166
313.0154
313.0143
313.0132
313.0121
313.011
313.01
313.009
313.0081
313.0074
313.007
313.0071
313.0076
313.1495
313.1484
313.1473
313.146
313.1446
313.1433
313.1423
313.1414
313.1404
313.1394
313.1384
313.1374
313.1364
313.1355
313.1345
313.1225
313.0995
313.1495
313.1484
313.1473
313.1461
313.1446
313.1433
313.1424
313.1414
313.1404
313.1394
313.1384
313.1374
313.1364
313.1354
313.1345
313.1222
313.0989
313.076
313.1495
313.1485
313.1474
313.1462
313.1448
313.1434
313.1424
313.1414
313.1405
313.1395
313.1384
313.1374
313.1364
313.1353
313.1343
313.1216
313.0974
313.0739
313.0512
313.1495
313.1485
313.1475
313.1464
313.145
313.1435
313.1425
313.1415
313.1405
313.1395
313.1384
313.1374
313.1363
313.1352
313.1341
313.1199
313.0935
313.0688
313.0458
313.0243
313.1495
313.1486
313.1476
313.1466
313.1454
313.1436
313.1425
313.1415
313.1405
313.1395
313.1384
313.1374
313.1363
313.1351
313.1338
313.1119
313.0805
313.055
313.0332
313.0139
313.0051
313.1495
313.1486
313.1477
313.1468
313.146
313.1444
313.1423
313.1407
313.1386
313.1353
313.1312
313.1265
313.1199
313.1081
313.0804
313.0366
313.0299
313.0199
313.0084
312.9964
312.9907
312.9912
313.1496
313.1487
313.1478
313.1471
313.1465
313.1447
313.1416
313.1388
313.1348
313.1274
313.118
313.1072
313.0925
313.0699
313.0329
313.0026
312.9998
312.9949
312.9885
312.9812
312.9773
312.9778
312.9787
313.1496
313.1487
313.1479
313.1472
313.1468
313.1447
313.1408
313.137
313.1315
313.1211
313.1075
313.0923
313.0729
313.046
313.0089
312.9844
312.9827
312.9797
312.9756
312.9706
312.9678
312.9679
312.9685
312.9697
313.1496
313.1488
313.148
313.1474
313.147
313.1447
313.1401
313.1355
313.1292
313.1169
313.1006
313.0827
313.0608
313.0324
312.9964
312.9746
312.9734
312.9712
312.9682
312.9645
312.9622
312.9619
312.962
312.9628
312.9639
313.1496
313.1488
313.148
313.1474
313.1471
313.1446
313.1397
313.1347
313.1281
313.1149
313.0972
313.078
313.0551
313.0263
312.9911
312.9704
312.9694
312.9676
312.9651
312.9618
312.9597
312.9593
312.9591
312.9591
312.9598
312.9611
313.1496
313.1488
313.148
313.1474
313.1471
313.1446
313.1397
313.1347
313.1282
313.1151
313.0973
313.0782
313.0553
313.0264
312.9912
312.9707
312.9697
312.9679
312.9654
312.9622
312.96
312.9595
312.959
312.9587
312.9587
312.9594
312.9607
313.1496
313.1488
313.148
313.1474
313.147
313.1447
313.1401
313.1354
313.1294
313.1175
313.101
313.0831
313.0612
313.0329
312.997
312.9753
312.9742
312.9721
312.9692
312.9655
312.963
312.9624
312.9618
312.9612
312.9608
312.9608
312.9615
312.9627
313.1496
313.1487
313.1479
313.1472
313.1468
313.1447
313.1408
313.1368
313.1318
313.1219
313.1082
313.0929
313.0735
313.0467
313.0098
312.9855
312.9839
312.9811
312.9771
312.9721
312.9689
312.9683
312.9676
312.9668
312.9662
312.9657
312.9657
312.9663
312.9674
313.1496
313.1487
313.1478
313.1471
313.1465
313.1447
313.1416
313.1386
313.1351
313.1282
313.1186
313.1077
313.093
313.0706
313.0339
313.004
313.0013
312.9966
312.9903
312.9828
312.9783
312.9775
312.9768
312.9759
312.975
312.9743
312.9738
312.9737
312.9742
312.9752
313.1495
313.1486
313.1477
313.1468
313.146
313.1444
313.1423
313.1406
313.1387
313.1357
313.1315
313.1268
313.1202
313.1085
313.081
313.0379
313.0314
313.0215
313.01
312.9977
312.991
312.9901
312.9892
312.9882
312.9872
312.9862
312.9854
312.9848
312.9845
312.9849
312.9857
313.1495
313.1486
313.1476
313.1466
313.1454
313.1436
313.1425
313.1415
313.1405
313.1395
313.1385
313.1374
313.1363
313.1352
313.1339
313.1124
313.0814
313.0562
313.0344
313.0145
313.0046
313.0035
313.0024
313.0012
313
312.9989
312.9979
312.9969
312.9962
312.9958
312.996
312.9965
313.1495
313.1485
313.1475
313.1464
313.145
313.1435
313.1425
313.1415
313.1405
313.1395
313.1385
313.1374
313.1364
313.1353
313.1342
313.1202
313.0942
313.0696
313.0464
313.0242
313.013
313.0118
313.0106
313.0094
313.0082
313.007
313.0059
313.0049
313.0039
313.0032
313.0027
313.0028
313.0033
313.1495
313.1485
313.1474
313.1462
313.1448
313.1434
313.1424
313.1415
313.1405
313.1395
313.1385
313.1375
313.1365
313.1354
313.1345
313.1219
313.098
313.0744
313.0513
313.0286
313.0169
313.0157
313.0145
313.0134
313.0122
313.011
313.0099
313.0088
313.0078
313.0069
313.0061
313.0057
313.0058
313.0063
313.1495
313.1484
313.1473
313.1461
313.1446
313.1433
313.1424
313.1414
313.1405
313.1395
313.1385
313.1375
313.1365
313.1355
313.1346
313.1225
313.0992
313.0761
313.0531
313.0304
313.0185
313.0173
313.0161
313.015
313.0138
313.0127
313.0116
313.0105
313.0095
313.0085
313.0076
313.0069
313.0065
313.0066
313.0071
313.1495
313.1484
313.1473
313.146
313.1446
313.1433
313.1424
313.1414
313.1405
313.1395
313.1385
313.1375
313.1365
313.1356
313.1347
313.1227
313.0996
313.0766
313.0538
313.031
313.0191
313.0179
313.0167
313.0156
313.0144
313.0134
313.0124
313.0113
313.0102
313.0092
313.0082
313.0073
313.0066
313.0063
313.0065
313.0068
313.1495
313.1484
313.1473
313.146
313.1446
313.1433
313.1423
313.1414
313.1404
313.1394
313.1384
313.1374
313.1364
313.1355
313.1345
313.1224
313.0993
313.0765
313.1495
313.1484
313.1473
313.1461
313.1446
313.1433
313.1424
313.1414
313.1404
313.1395
313.1384
313.1374
313.1364
313.1354
313.1345
313.1222
313.0987
313.0756
313.053
313.1495
313.1485
313.1474
313.1462
313.1448
313.1434
313.1424
313.1414
313.1405
313.1395
313.1384
313.1374
313.1364
313.1354
313.1343
313.1216
313.0973
313.0736
313.0506
313.0286
313.1495
313.1485
313.1475
313.1464
313.145
313.1435
313.1425
313.1415
313.1405
313.1395
313.1384
313.1374
313.1363
313.1352
313.1341
313.1199
313.0935
313.0686
313.0453
313.0235
313.0132
313.1495
313.1486
313.1476
313.1466
313.1454
313.1436
313.1425
313.1415
313.1405
313.1395
313.1384
313.1374
313.1363
313.1351
313.1339
313.112
313.0805
313.055
313.033
313.0133
313.0041
313.0042
313.1495
313.1486
313.1477
313.1468
313.146
313.1444
313.1423
313.1407
313.1386
313.1353
313.1313
313.1266
313.12
313.1082
313.0805
313.0369
313.0301
313.02
313.0084
312.9961
312.9898
312.99
312.9906
313.1496
313.1487
313.1478
313.1471
313.1465
313.1447
313.1416
313.1388
313.1348
313.1276
313.1181
313.1073
313.0926
313.07
313.0331
313.0029
313.0001
312.9952
312.9887
312.9811
312.9769
312.9768
312.9773
312.9783
313.1496
313.1487
313.1479
313.1472
313.1468
313.1447
313.1408
313.1369
313.1316
313.1213
313.1077
313.0925
313.073
313.0462
313.0091
312.9846
312.983
312.98
312.9759
312.9708
312.9678
312.9675
312.9675
312.9681
312.9692
313.1496
313.1488
313.148
313.1474
313.147
313.1447
313.1401
313.1355
313.1292
313.1171
313.1007
313.0829
313.0609
313.0326
312.9966
312.9749
312.9737
312.9715
312.9686
312.9648
312.9623
312.9619
312.9616
312.9617
312.9624
312.9635
313.1496
313.1488
313.148
313.1474
313.1471
313.1446
313.1397
313.1347
313.1282
313.1151
313.0973
313.0782
313.0553
313.0264
312.9912
312.9707
312.9697
312.9679
312.9654
312.9622
312.96
312.9595
312.959
312.9587
312.9587
312.9594
312.9607
313.1496
313.1488
313.148
313.1474
313.1471
313.1446
313.1397
313.1346
313.1282
313.1154
313.0975
313.0783
313.0554
313.0266
312.9914
312.9709
312.9699
312.9682
312.9657
312.9625
312.9604
312.9598
312.9592
312.9587
312.9583
312.9583
312.959
312.9602
313.1496
313.1488
313.148
313.1474
313.147
313.1447
313.1401
313.1354
313.1295
313.1177
313.1011
313.0832
313.0613
313.033
312.9972
312.9755
312.9744
312.9724
312.9695
312.9658
312.9634
312.9628
312.9621
312.9614
312.9608
312.9604
312.9603
312.961
312.9621
313.1496
313.1487
313.1479
313.1472
313.1468
313.1447
313.1408
313.1368
313.1319
313.1221
313.1083
313.093
313.0735
313.0468
313.0099
312.9856
312.9841
312.9813
312.9773
312.9724
312.9692
312.9686
312.9679
312.9671
312.9664
312.9657
312.9652
312.9651
312.9657
312.9668
313.1496
313.1487
313.1478
313.1471
313.1465
313.1447
313.1416
313.1386
313.1351
313.1283
313.1187
313.1077
313.093
313.0706
313.034
313.0041
313.0015
312.9967
312.9904
312.983
312.9785
312.9778
312.9771
312.9762
312.9753
312.9745
312.9738
312.9732
312.973
312.9736
312.9745
313.1495
313.1486
313.1477
313.1468
313.146
313.1444
313.1423
313.1406
313.1388
313.1357
313.1315
313.1268
313.1202
313.1084
313.0811
313.038
313.0314
313.0216
313.0102
312.9979
312.9912
312.9903
312.9894
312.9885
312.9875
312.9865
312.9856
312.9847
312.9841
312.9838
312.9842
312.985
313.1495
313.1486
313.1476
313.1466
313.1454
313.1436
313.1425
313.1415
313.1405
313.1395
313.1385
313.1374
313.1363
313.1352
313.1339
313.1124
313.0814
313.0563
313.0345
313.0147
313.0048
313.0037
313.0026
313.0015
313.0003
312.9992
312.9981
312.9971
312.9962
312.9955
312.995
312.9953
312.9959
313.1495
313.1485
313.1475
313.1464
313.145
313.1435
313.1425
313.1415
313.1405
313.1395
313.1385
313.1374
313.1364
313.1353
313.1342
313.1202
313.0942
313.0697
313.0465
313.0243
313.0131
313.0119
313.0108
313.0096
313.0084
313.0073
313.0062
313.0051
313.0041
313.0031
313.0024
313.0019
313.0021
313.0027
313.1495
313.1485
313.1474
313.1462
313.1448
313.1434
313.1424
313.1415
313.1405
313.1395
313.1385
313.1375
313.1365
313.1354
313.1345
313.1219
313.098
313.0744
313.0513
313.0287
313.017
313.0158
313.0147
313.0135
313.0123
313.0112
313.0102
313.0091
313.008
313.007
313.0061
313.0054
313.005
313.0052
313.0057
313.1495
313.1484
313.1473
313.1461
313.1446
313.1433
313.1424
313.1414
313.1405
313.1395
313.1385
313.1375
313.1365
313.1355
313.1346
313.1225
313.0992
313.0761
313.0532
313.0304
313.0186
313.0174
313.0162
313.0151
313.014
313.0129
313.0119
313.0108
313.0098
313.0087
313.0077
313.0068
313.0061
313.0058
313.006
313.0063
313.1495
313.1484
313.1473
313.146
313.1446
313.1433
313.1424
313.1414
313.1405
313.1395
313.1385
313.1375
313.1365
313.1356
313.1347
313.1227
313.0996
313.0766
313.0537
313.031
313.0191
313.0179
313.0168
313.0157
313.0145
313.0135
313.0125
313.0115
313.0105
313.0095
313.0085
313.0075
313.0066
313.0059
313.0056
313.0056
313.0069
313.1495
313.1484
313.1473
313.146
313.1446
313.1433
313.1423
313.1414
313.1404
313.1395
313.1385
313.1375
313.1365
313.1355
313.1345
313.1224
313.0991
313.0761
313.0536
313.1495
313.1484
313.1473
313.1461
313.1446
313.1433
313.1424
313.1414
313.1404
313.1395
313.1385
313.1375
313.1364
313.1354
313.1345
313.1222
313.0986
313.0753
313.0525
313.0303
313.1495
313.1485
313.1474
313.1462
313.1448
313.1434
313.1424
313.1415
313.1405
313.1395
313.1385
313.1374
313.1364
313.1354
313.1344
313.1217
313.0973
313.0735
313.0502
313.0279
313.017
313.1495
313.1485
313.1475
313.1464
313.145
313.1435
313.1425
313.1415
313.1405
313.1395
313.1384
313.1374
313.1364
313.1353
313.1342
313.12
313.0936
313.0686
313.0451
313.023
313.0123
313.0122
313.1495
313.1486
313.1476
313.1466
313.1454
313.1436
313.1425
313.1415
313.1405
313.1395
313.1384
313.1374
313.1363
313.1352
313.1339
313.112
313.0806
313.0551
313.033
313.013
313.0034
313.0032
313.0033
313.1495
313.1486
313.1477
313.1468
313.146
313.1444
313.1423
313.1406
313.1387
313.1354
313.1313
313.1266
313.12
313.1082
313.0806
313.037
313.0303
313.0202
313.0085
312.9961
312.9895
312.9892
312.9894
312.99
313.1496
313.1487
313.1478
313.1471
313.1465
313.1447
313.1416
313.1387
313.1349
313.1277
313.1182
313.1074
313.0927
313.0702
313.0333
313.0031
313.0003
312.9954
312.9889
312.9813
312.9769
312.9765
312.9764
312.9769
312.9778
313.1496
313.1487
313.1479
313.1472
313.1468
313.1447
313.1408
313.1369
313.1316
313.1215
313.1079
313.0926
313.0732
313.0464
313.0093
312.9849
312.9832
312.9803
312.9762
312.9711
312.9679
312.9674
312.9671
312.9671
312.9677
312.9688
313.1496
313.1488
313.148
313.1474
313.147
313.1447
313.1401
313.1354
313.1293
313.1173
313.1009
313.083
313.0611
313.0327
312.9968
312.9751
312.974
312.9718
312.9689
312.9651
312.9627
312.9621
312.9616
312.9613
312.9613
312.9619
312.9631
313.1496
313.1488
313.148
313.1474
313.1471
313.1446
313.1397
313.1346
313.1282
313.1154
313.0975
313.0783
313.0554
313.0266
312.9914
312.9709
312.9699
312.9682
312.9657
312.9625
312.9604
312.9598
312.9592
312.9587
312.9583
312.9583
312.959
312.9602
313.1496
313.1488
313.148
313.1474
313.1471
313.1446
313.1397
313.1347
313.1283
313.1155
313.0976
313.0784
313.0555
313.0267
312.9916
312.9711
312.9701
312.9685
312.966
312.9629
312.9608
312.9602
312.9596
312.9589
312.9583
312.9579
312.9578
312.9585
312.9597
313.1496
313.1488
313.148
313.1474
313.147
313.1447
313.1401
313.1354
313.1295
313.1178
313.1013
313.0833
313.0614
313.0331
312.9973
312.9757
312.9746
312.9726
312.9697
312.9661
312.9637
312.9631
312.9625
312.9617
312.961
312.9603
312.9599
312.9598
312.9604
312.9616
313.1496
313.1487
313.1479
313.1472
313.1468
313.1448
313.1408
313.1368
313.1319
313.1222
313.1084
313.093
313.0735
313.0468
313.01
312.9857
312.9843
312.9814
312.9775
312.9726
312.9695
312.9689
312.9683
312.9675
312.9667
312.9659
312.9652
312.9647
312.9645
312.9651
312.9662
313.1496
313.1487
313.1478
313.1471
313.1465
313.1447
313.1416
313.1386
313.1351
313.1283
313.1187
313.1078
313.093
313.0706
313.034
313.0041
313.0016
312.9969
312.9906
312.9832
312.9788
312.9781
312.9774
312.9766
312.9757
312.9748
312.9739
312.9732
312.9726
312.9724
312.9729
312.9739
313.1495
313.1486
313.1477
313.1468
313.146
313.1444
313.1423
313.1406
313.1387
313.1357
313.1315
313.1268
313.1202
313.1085
313.081
313.038
313.0315
313.0217
313.0103
312.998
312.9914
312.9906
312.9897
312.9887
312.9878
312.9868
312.9858
312.9849
312.984
312.9834
312.9831
312.9835
312.9843
313.1495
313.1486
313.1476
313.1466
313.1454
313.1436
313.1425
313.1415
313.1405
313.1395
313.1385
313.1374
313.1363
313.1352
313.1339
313.1123
313.0814
313.0563
313.0346
313.0148
313.0049
313.0038
313.0028
313.0017
313.0006
312.9995
312.9984
312.9973
312.9963
312.9954
312.9947
312.9943
312.9945
312.9952
313.1495
313.1485
313.1475
313.1464
313.145
313.1435
313.1425
313.1415
313.1405
313.1395
313.1385
313.1374
313.1364
313.1353
313.1342
313.1202
313.0942
313.0697
313.0465
313.0244
313.0132
313.012
313.0109
313.0098
313.0086
313.0075
313.0064
313.0054
313.0043
313.0033
313.0023
313.0016
313.0012
313.0015
313.002
313.1495
313.1485
313.1474
313.1462
313.1448
313.1434
313.1424
313.1415
313.1405
313.1395
313.1385
313.1375
313.1365
313.1354
313.1345
313.1219
313.0979
313.0744
313.0513
313.0287
313.0171
313.0159
313.0148
313.0136
313.0125
313.0114
313.0104
313.0094
313.0083
313.0072
313.0062
313.0053
313.0046
313.0042
313.0045
313.0048
313.1495
313.1484
313.1473
313.1461
313.1446
313.1433
313.1424
313.1414
313.1405
313.1395
313.1385
313.1375
313.1365
313.1355
313.1346
313.1225
313.0992
313.0761
313.0531
313.0304
313.0186
313.0175
313.0163
313.0152
313.0141
313.013
313.0121
313.0111
313.01
313.009
313.008
313.007
313.0061
313.0054
313.0051
313.0051
313.0065
313.1495
313.1484
313.1473
313.146
313.1446
313.1433
313.1424
313.1414
313.1405
313.1395
313.1385
313.1375
313.1365
313.1356
313.1347
313.1227
313.0996
313.0766
313.0537
313.0309
313.0191
313.018
313.0169
313.0157
313.0146
313.0136
313.0127
313.0117
313.0108
313.0098
313.0087
313.0077
313.0067
313.0058
313.0052
313.0047
313.0058
313.0076
313.1495
313.1484
313.1473
313.146
313.1446
313.1433
313.1424
313.1414
313.1404
313.1395
313.1385
313.1375
313.1365
313.1355
313.1345
313.1224
313.0991
313.0759
313.0531
313.0308
313.1495
313.1484
313.1473
313.1461
313.1446
313.1433
313.1424
313.1414
313.1405
313.1395
313.1385
313.1375
313.1365
313.1355
313.1345
313.1222
313.0986
313.0752
313.0521
313.0296
313.0184
313.1495
313.1485
313.1474
313.1462
313.1448
313.1434
313.1424
313.1415
313.1405
313.1395
313.1385
313.1374
313.1364
313.1354
313.1344
313.1217
313.0974
313.0735
313.0501
313.0274
313.0162
313.0159
313.1495
313.1485
313.1475
313.1464
313.145
313.1435
313.1425
313.1415
313.1405
313.1395
313.1385
313.1374
313.1364
313.1353
313.1342
313.12
313.0937
313.0687
313.0451
313.0228
313.0117
313.0113
313.0111
313.1495
313.1486
313.1476
313.1466
313.1454
313.1436
313.1425
313.1415
313.1405
313.1395
313.1384
313.1374
313.1363
313.1352
313.1339
313.1121
313.0807
313.0553
313.0331
313.013
313.0031
313.0025
313.0023
313.0024
313.1495
313.1486
313.1477
313.1468
313.146
313.1444
313.1423
313.1406
313.1387
313.1354
313.1313
313.1267
313.1201
313.1083
313.0807
313.0372
313.0305
313.0205
313.0087
312.9962
312.9895
312.9888
312.9885
312.9887
312.9893
313.1496
313.1487
313.1478
313.1471
313.1465
313.1447
313.1416
313.1387
313.1349
313.1278
313.1183
313.1075
313.0928
313.0703
313.0335
313.0033
313.0006
312.9957
312.9892
312.9816
312.977
312.9764
312.976
312.9759
312.9763
312.9773
313.1496
313.1487
313.1479
313.1472
313.1468
313.1447
313.1407
313.1368
313.1317
313.1216
313.108
313.0928
313.0733
313.0465
313.0095
312.9851
312.9835
312.9806
312.9765
312.9715
312.9682
312.9676
312.9671
312.9667
312.9666
312.9672
312.9684
313.1496
313.1488
313.148
313.1474
313.147
313.1447
313.1401
313.1354
313.1294
313.1175
313.101
313.0831
313.0612
313.0329
312.997
312.9753
312.9742
312.9721
312.9692
312.9655
312.963
312.9624
312.9618
312.9612
312.9608
312.9608
312.9615
312.9627
313.1496
313.1488
313.148
313.1474
313.1471
313.1446
313.1397
313.1347
313.1283
313.1155
313.0976
313.0784
313.0555
313.0267
312.9916
312.9711
312.9701
312.9685
312.966
312.9629
312.9608
312.9602
312.9596
312.9589
312.9583
312.9579
312.9578
312.9585
312.9597
313.1496
313.1488
313.148
313.1474
313.1471
313.1446
313.1398
313.1347
313.1283
313.1157
313.0977
313.0785
313.0556
313.0268
312.9917
312.9713
312.9703
312.9686
312.9663
312.9632
312.9611
312.9605
312.9599
312.9592
312.9585
312.9578
312.9574
312.9573
312.9579
312.9591
313.1496
313.1488
313.148
313.1474
313.147
313.1447
313.1402
313.1355
313.1295
313.1179
313.1014
313.0833
313.0614
313.0331
312.9973
312.9758
312.9748
312.9728
312.9699
312.9664
312.964
312.9634
312.9628
312.9621
312.9613
312.9605
312.9598
312.9593
312.9592
312.9598
312.961
313.1496
313.1487
313.1479
313.1472
313.1468
313.1448
313.1408
313.1369
313.1318
313.1222
313.1084
313.0931
313.0736
313.0468
313.01
312.9858
312.9844
312.9816
312.9777
312.9728
312.9698
312.9692
312.9686
312.9678
312.967
312.9662
312.9653
312.9646
312.964
312.9639
312.9644
312.9655
313.1496
313.1487
313.1478
313.1471
313.1465
313.1447
313.1416
313.1387
313.1351
313.1283
313.1187
313.1078
313.0931
313.0706
313.0339
313.0041
313.0016
312.997
312.9908
312.9833
312.979
312.9784
312.9777
312.9768
312.976
312.9751
312.9742
312.9733
312.9725
312.9719
312.9717
312.9722
312.9732
313.1495
313.1486
313.1477
313.1468
313.146
313.1444
313.1423
313.1406
313.1387
313.1356
313.1315
313.1268
313.1202
313.1085
313.081
313.0379
313.0315
313.0217
313.0104
312.9982
312.9915
312.9907
312.9899
312.989
312.988
312.9871
312.9861
312.9852
312.9842
312.9833
312.9827
312.9823
312.9827
312.9836
313.1495
313.1486
313.1476
313.1466
313.1454
313.1436
313.1425
313.1415
313.1405
313.1395
313.1385
313.1374
313.1363
313.1352
313.1339
313.1123
313.0813
313.0563
313.0346
313.0149
313.005
313.004
313.0029
313.0019
313.0008
312.9997
312.9987
312.9976
312.9966
312.9955
312.9946
312.9939
312.9935
312.9938
312.9946
313.1495
313.1485
313.1475
313.1464
313.145
313.1435
313.1425
313.1415
313.1405
313.1395
313.1385
313.1374
313.1364
313.1353
313.1342
313.1202
313.0942
313.0696
313.0465
313.0244
313.0133
313.0121
313.011
313.0099
313.0088
313.0077
313.0067
313.0056
313.0046
313.0035
313.0025
313.0015
313.0008
313.0005
313.0008
313.0012
313.1495
313.1485
313.1474
313.1462
313.1448
313.1434
313.1424
313.1415
313.1405
313.1395
313.1385
313.1375
313.1365
313.1354
313.1345
313.1219
313.0979
313.0744
313.0513
313.0287
313.0171
313.016
313.0149
313.0137
313.0126
313.0116
313.0106
313.0096
313.0086
313.0075
313.0065
313.0054
313.0045
313.0039
313.0035
313.0036
313.005
313.1495
313.1484
313.1473
313.1461
313.1446
313.1433
313.1424
313.1414
313.1405
313.1395
313.1385
313.1375
313.1365
313.1355
313.1346
313.1225
313.0992
313.0761
313.0531
313.0304
313.0186
313.0175
313.0164
313.0153
313.0142
313.0131
313.0122
313.0113
313.0103
313.0093
313.0082
313.0072
313.0062
313.0053
313.0047
313.0042
313.0053
313.0071
313.1495
313.1484
313.1473
313.146
313.1446
313.1433
313.1424
313.1414
313.1405
313.1395
313.1385
313.1375
313.1365
313.1356
313.1347
313.1227
313.0996
313.0766
313.0537
313.0309
313.0191
313.018
313.0169
313.0158
313.0147
313.0137
313.0128
313.0119
313.011
313.01
313.009
313.0079
313.0069
313.006
313.0051
313.0042
313.0048
313.0064
313.0086
313.1495
313.1484
313.1473
313.146
313.1446
313.1433
313.1424
313.1414
313.1404
313.1395
313.1385
313.1375
313.1365
313.1355
313.1346
313.1224
313.0991
313.0758
313.0527
313.0302
313.0189
313.1495
313.1484
313.1473
313.1461
313.1446
313.1433
313.1424
313.1414
313.1405
313.1395
313.1385
313.1375
313.1365
313.1355
313.1345
313.1223
313.0987
313.0752
313.052
313.0291
313.0177
313.0173
313.1495
313.1485
313.1474
313.1462
313.1448
313.1434
313.1424
313.1415
313.1405
313.1395
313.1385
313.1375
313.1364
313.1354
313.1344
313.1217
313.0975
313.0735
313.0501
313.0272
313.0156
313.0151
313.0148
313.1495
313.1485
313.1475
313.1464
313.145
313.1435
313.1425
313.1415
313.1405
313.1395
313.1385
313.1374
313.1364
313.1353
313.1342
313.1201
313.0937
313.0688
313.0452
313.0228
313.0115
313.0107
313.0102
313.0101
313.1495
313.1486
313.1476
313.1466
313.1454
313.1436
313.1425
313.1415
313.1405
313.1395
313.1385
313.1374
313.1363
313.1352
313.1339
313.1122
313.0809
313.0554
313.0333
313.0131
313.0031
313.0022
313.0015
313.0014
313.0015
313.1495
313.1486
313.1477
313.1468
313.146
313.1444
313.1423
313.1406
313.1387
313.1355
313.1314
313.1267
313.1201
313.1083
313.0808
313.0374
313.0307
313.0207
313.009
312.9965
312.9896
312.9888
312.9882
312.9878
312.988
312.9887
313.1496
313.1487
313.1478
313.1471
313.1465
313.1447
313.1415
313.1386
313.1349
313.1279
313.1184
313.1075
313.0928
313.0704
313.0336
313.0035
313.0008
312.996
312.9895
312.9819
312.9773
312.9766
312.976
312.9755
312.9753
312.9758
312.9768
313.1496
313.1487
313.1479
313.1472
313.1468
313.1447
313.1407
313.1368
313.1317
313.1218
313.1081
313.0928
313.0734
313.0466
313.0096
312.9853
312.9838
312.9809
312.9768
312.9718
312.9686
312.9679
312.9673
312.9667
312.9662
312.9661
312.9668
312.9679
313.1496
313.1488
313.148
313.1474
313.147
313.1447
313.1401
313.1354
313.1295
313.1177
313.1011
313.0832
313.0613
313.033
312.9972
312.9755
312.9744
312.9724
312.9695
312.9658
312.9634
312.9628
312.9621
312.9614
312.9608
312.9604
312.9603
312.961
312.9621
313.1496
313.1488
313.148
313.1474
313.1471
313.1446
313.1398
313.1347
313.1283
313.1157
313.0977
313.0785
313.0556
313.0268
312.9917
312.9713
312.9703
312.9686
312.9663
312.9632
312.9611
312.9605
312.9599
312.9592
312.9585
312.9578
312.9574
312.9573
312.9579
312.9591
313.1496
313.1488
313.148
313.1474
313.1471
313.1447
313.1398
313.1348
313.1283
313.1157
313.0978
313.0786
313.0556
313.0269
312.9918
312.9714
312.9705
312.9688
312.9665
312.9635
312.9614
312.9609
312.9603
312.9596
312.9588
312.958
312.9573
312.9568
312.9567
312.9573
312.9585
313.1496
313.1488
313.148
313.1474
313.147
313.1447
313.1402
313.1355
313.1295
313.1178
313.1014
313.0834
313.0614
313.0331
312.9973
312.9758
312.9749
312.973
312.9701
312.9666
312.9643
312.9638
312.9631
312.9624
312.9617
312.9608
312.96
312.9593
312.9587
312.9586
312.9591
312.9602
313.1496
313.1487
313.1479
313.1472
313.1468
313.1448
313.1409
313.1369
313.1318
313.1221
313.1084
313.0931
313.0736
313.0468
313.0099
312.9858
312.9844
312.9817
312.9779
312.973
312.97
312.9695
312.9689
312.9681
312.9674
312.9665
312.9656
312.9648
312.964
312.9634
312.9632
312.9637
312.9648
313.1496
313.1487
313.1478
313.1471
313.1465
313.1448
313.1417
313.1387
313.135
313.1282
313.1187
313.1078
313.0931
313.0706
313.0339
313.004
313.0016
312.997
312.9909
312.9835
312.9791
312.9785
312.9779
312.9771
312.9763
312.9754
312.9746
312.9736
312.9727
312.9718
312.9712
312.9709
312.9714
312.9724
313.1495
313.1486
313.1477
313.1468
313.146
313.1444
313.1423
313.1406
313.1387
313.1356
313.1315
313.1268
313.1202
313.1085
313.081
313.0379
313.0314
313.0217
313.0104
312.9983
312.9917
312.9909
312.9901
312.9892
312.9883
312.9874
312.9865
312.9855
312.9845
312.9835
312.9826
312.9819
312.9815
312.982
312.9829
313.1495
313.1486
313.1476
313.1466
313.1454
313.1436
313.1425
313.1415
313.1405
313.1395
313.1384
313.1374
313.1363
313.1352
313.1339
313.1123
313.0813
313.0563
313.0346
313.0149
313.0051
313.0041
313.0031
313.002
313.001
312.9999
312.9989
312.9979
312.9969
312.9958
312.9947
312.9938
312.9931
312.9927
312.9931
312.9937
313.1495
313.1485
313.1475
313.1464
313.145
313.1435
313.1425
313.1415
313.1405
313.1395
313.1385
313.1374
313.1364
313.1353
313.1342
313.1202
313.0942
313.0696
313.0464
313.0244
313.0133
313.0122
313.0111
313.01
313.0089
313.0079
313.0069
313.0059
313.0049
313.0038
313.0027
313.0017
313.0007
313.0001
312.9997
312.9999
313.0013
313.1495
313.1485
313.1474
313.1462
313.1448
313.1434
313.1424
313.1415
313.1405
313.1395
313.1385
313.1375
313.1365
313.1354
313.1345
313.1219
313.098
313.0744
313.0513
313.0287
313.0171
313.016
313.0149
313.0138
313.0127
313.0117
313.0107
313.0098
313.0088
313.0078
313.0067
313.0057
313.0047
313.0038
313.0031
313.0026
313.0038
313.0057
313.1495
313.1484
313.1473
313.1461
313.1446
313.1433
313.1424
313.1414
313.1405
313.1395
313.1385
313.1375
313.1365
313.1355
313.1346
313.1225
313.0992
313.0761
313.0531
313.0304
313.0186
313.0175
313.0164
313.0153
313.0143
313.0132
313.0123
313.0114
313.0105
313.0096
313.0085
313.0074
313.0064
313.0054
313.0046
313.0037
313.0042
313.0059
313.0081
313.1495
313.1484
313.1473
313.146
313.1446
313.1433
313.1424
313.1414
313.1405
313.1395
313.1385
313.1375
313.1365
313.1356
313.1347
313.1227
313.0996
313.0766
313.0537
313.0309
313.019
313.0179
313.0169
313.0158
313.0148
313.0138
313.0129
313.012
313.0111
313.0102
313.0093
313.0082
313.0072
313.0062
313.0052
313.0041
313.0043
313.0054
313.0074
313.0099
313.1495
313.1484
313.1473
313.146
313.1446
313.1433
313.1424
313.1414
313.1404
313.1395
313.1385
313.1375
313.1365
313.1355
313.1346
313.1225
313.0991
313.0758
313.0526
313.0297
313.0182
313.0178
313.1495
313.1484
313.1473
313.1461
313.1446
313.1433
313.1424
313.1414
313.1405
313.1395
313.1385
313.1375
313.1365
313.1355
313.1345
313.1223
313.0988
313.0753
313.052
313.0289
313.0172
313.0166
313.0163
313.1495
313.1485
313.1474
313.1462
313.1448
313.1434
313.1424
313.1415
313.1405
313.1395
313.1385
313.1375
313.1364
313.1354
313.1344
313.1218
313.0975
313.0736
313.0502
313.0272
313.0154
313.0145
313.014
313.0138
313.1495
313.1485
313.1475
313.1464
313.145
313.1435
313.1425
313.1415
313.1405
313.1395
313.1385
313.1374
313.1364
313.1353
313.1342
313.1201
313.0938
313.069
313.0454
313.0229
313.0115
313.0104
313.0096
313.0092
313.0092
313.1495
313.1486
313.1476
313.1466
313.1454
313.1436
313.1425
313.1415
313.1405
313.1395
313.1385
313.1374
313.1363
313.1352
313.1339
313.1122
313.081
313.0556
313.0335
313.0134
313.0032
313.0022
313.0012
313.0006
313.0005
313.0007
313.1495
313.1486
313.1477
313.1468
313.146
313.1444
313.1423
313.1406
313.1387
313.1355
313.1314
313.1267
313.1201
313.1084
313.0809
313.0375
313.0309
313.0209
313.0093
312.9968
312.9899
312.989
312.9881
312.9875
312.9871
312.9874
312.9881
313.1496
313.1487
313.1478
313.1471
313.1465
313.1447
313.1416
313.1386
313.135
313.128
313.1185
313.1076
313.0929
313.0705
313.0337
313.0037
313.001
312.9962
312.9898
312.9822
312.9777
312.9769
312.9761
312.9754
312.9749
312.9748
312.9753
312.9763
313.1496
313.1487
313.1479
313.1472
313.1468
313.1447
313.1408
313.1368
313.1318
313.1219
313.1082
313.0929
313.0735
313.0467
313.0098
312.9855
312.9839
312.9811
312.9771
312.9721
312.9689
312.9683
312.9676
312.9668
312.9662
312.9657
312.9657
312.9663
312.9674
313.1496
313.1488
313.148
313.1474
313.147
313.1447
313.1401
313.1354
313.1295
313.1178
313.1013
313.0833
313.0614
313.0331
312.9973
312.9757
312.9746
312.9726
312.9697
312.9661
312.9637
312.9631
312.9625
312.9617
312.961
312.9603
312.9599
312.9598
312.9604
312.9616
313.1496
313.1488
313.148
313.1474
313.1471
313.1447
313.1398
313.1348
313.1283
313.1157
313.0978
313.0786
313.0556
313.0269
312.9918
312.9714
312.9705
312.9688
312.9665
312.9635
312.9614
312.9609
312.9603
312.9596
312.9588
312.958
312.9573
312.9568
312.9567
312.9573
312.9585
313.1496
313.1488
313.148
313.1474
313.1471
313.1447
313.1399
313.1348
313.1282
313.1155
313.0979
313.0786
313.0556
313.0268
312.9918
312.9714
312.9706
312.969
312.9667
312.9637
312.9617
312.9612
312.9606
312.9599
312.9592
312.9583
312.9575
312.9568
312.9562
312.9561
312.9566
312.9577
313.1496
313.1488
313.148
313.1474
313.147
313.1447
313.1403
313.1356
313.1294
313.1177
313.1014
313.0834
313.0615
313.0331
312.9973
312.9759
312.9749
312.9731
312.9703
312.9668
312.9645
312.964
312.9635
312.9628
312.962
312.9612
312.9603
312.9595
312.9586
312.9581
312.9578
312.9584
312.9595
313.1496
313.1487
313.1479
313.1472
313.1468
313.1448
313.1409
313.137
313.1318
313.1219
313.1084
313.0931
313.0737
313.0468
313.0099
312.9857
312.9844
312.9818
312.978
312.9732
312.9702
312.9697
312.9691
312.9685
312.9677
312.9669
312.966
312.9651
312.9641
312.9633
312.9626
312.9623
312.9629
312.964
313.1496
313.1487
313.1478
313.1471
313.1465
313.1448
313.1417
313.1387
313.135
313.1281
313.1186
313.1078
313.0931
313.0706
313.034
313.004
313.0015
312.997
312.9909
312.9836
312.9793
312.9787
312.9781
312.9774
312.9766
312.9757
312.9749
312.974
312.973
312.972
312.9711
312.9704
312.9701
312.9706
312.9716
313.1495
313.1486
313.1477
313.1468
313.146
313.1444
313.1424
313.1406
313.1387
313.1356
313.1315
313.1268
313.1202
313.1085
313.081
313.0379
313.0314
313.0217
313.0104
312.9983
312.9918
312.991
312.9902
312.9894
312.9885
312.9876
312.9867
312.9858
312.9848
312.9838
312.9827
312.9818
312.981
312.9807
312.9812
312.9819
313.1495
313.1486
313.1476
313.1466
313.1454
313.1436
313.1425
313.1415
313.1405
313.1395
313.1385
313.1374
313.1363
313.1352
313.1339
313.1124
313.0813
313.0563
313.0346
313.0149
313.0051
313.0042
313.0032
313.0021
313.0011
313.0001
312.9992
312.9982
312.9972
312.9961
312.995
312.9939
312.993
312.9923
312.992
312.9922
312.9938
313.1495
313.1485
313.1475
313.1464
313.145
313.1435
313.1425
313.1415
313.1405
313.1395
313.1385
313.1374
313.1364
313.1353
313.1342
313.1202
313.0942
313.0696
313.0464
313.0244
313.0133
313.0123
313.0112
313.0101
313.009
313.008
313.0071
313.0061
313.0051
313.0041
313.003
313.0019
313.0009
313
312.9993
312.9988
313
313.002
313.1495
313.1485
313.1474
313.1462
313.1448
313.1434
313.1424
313.1415
313.1405
313.1395
313.1385
313.1375
313.1365
313.1354
313.1345
313.1219
313.098
313.0744
313.0513
313.0287
313.0171
313.016
313.015
313.0139
313.0128
313.0118
313.0109
313.0099
313.009
313.0081
313.007
313.0059
313.0049
313.0039
313.003
313.0022
313.0027
313.0044
313.0067
313.1495
313.1484
313.1473
313.1461
313.1446
313.1433
313.1424
313.1414
313.1405
313.1395
313.1385
313.1375
313.1365
313.1355
313.1346
313.1225
313.0992
313.0761
313.0531
313.0304
313.0186
313.0175
313.0164
313.0154
313.0143
313.0133
313.0124
313.0115
313.0106
313.0098
313.0088
313.0078
313.0067
313.0057
313.0047
313.0036
313.0038
313.0049
313.0069
313.0094
313.1484
313.1473
313.146
313.1446
313.1433
313.1424
313.1414
313.1405
313.1395
313.1385
313.1375
313.1365
313.1356
313.1347
313.1227
313.0996
313.0766
313.0537
313.0309
313.019
313.0179
313.0169
313.0158
313.0148
313.0139
313.013
313.0121
313.0112
313.0104
313.0095
313.0086
313.0075
313.0065
313.0055
313.0043
313.0042
313.005
313.0064
313.0087
313.0114
313.1495
313.1484
313.1473
313.146
313.1446
313.1433
313.1424
313.1414
313.1405
313.1395
313.1385
313.1375
313.1365
313.1355
313.1346
313.1225
313.0992
313.0758
313.0526
313.0295
313.0177
313.0171
313.0167
313.1495
313.1484
313.1473
313.1461
313.1446
313.1433
313.1424
313.1414
313.1405
313.1395
313.1385
313.1375
313.1365
313.1355
313.1345
313.1223
313.0988
313.0754
313.0521
313.0289
313.017
313.0161
313.0155
313.0152
313.1495
313.1485
313.1474
313.1462
313.1448
313.1434
313.1424
313.1415
313.1405
313.1395
313.1385
313.1375
313.1364
313.1354
313.1344
313.1218
313.0976
313.0738
313.0503
313.0273
313.0154
313.0143
313.0134
313.013
313.0128
313.1495
313.1485
313.1475
313.1464
313.145
313.1435
313.1425
313.1415
313.1405
313.1395
313.1385
313.1374
313.1364
313.1353
313.1342
313.1201
313.0939
313.0691
313.0455
313.0231
313.0116
313.0104
313.0094
313.0086
313.0083
313.0083
313.1495
313.1486
313.1476
313.1466
313.1454
313.1436
313.1425
313.1415
313.1405
313.1395
313.1385
313.1374
313.1363
313.1352
313.1339
313.1122
313.0811
313.0557
313.0337
313.0136
313.0035
313.0023
313.0012
313.0003
312.9997
312.9996
313
313.1495
313.1486
313.1477
313.1468
313.146
313.1444
313.1423
313.1406
313.1387
313.1356
313.1314
313.1268
313.1202
313.1084
313.0809
313.0377
313.031
313.0211
313.0095
312.9971
312.9902
312.9892
312.9883
312.9874
312.9868
312.9865
312.9868
312.9875
313.1496
313.1487
313.1478
313.1471
313.1465
313.1447
313.1416
313.1386
313.135
313.1281
313.1185
313.1077
313.093
313.0705
313.0339
313.0038
313.0012
312.9964
312.99
312.9825
312.978
312.9772
312.9764
312.9756
312.9749
312.9744
312.9742
312.9747
312.9757
313.1496
313.1487
313.1479
313.1472
313.1468
313.1447
313.1408
313.1368
313.1319
313.1221
313.1083
313.093
313.0735
313.0468
313.0099
312.9856
312.9841
312.9813
312.9773
312.9724
312.9692
312.9686
312.9679
312.9671
312.9664
312.9657
312.9652
312.9651
312.9657
312.9668
313.1496
313.1488
313.148
313.1474
313.147
313.1447
313.1402
313.1355
313.1295
313.1179
313.1014
313.0833
313.0614
313.0331
312.9973
312.9758
312.9748
312.9728
312.9699
312.9664
312.964
312.9634
312.9628
312.9621
312.9613
312.9605
312.9598
312.9593
312.9592
312.9598
312.961
313.1496
313.1488
313.148
313.1474
313.1471
313.1447
313.1399
313.1348
313.1282
313.1155
313.0979
313.0786
313.0556
313.0268
312.9918
312.9714
312.9706
312.969
312.9667
312.9637
312.9617
312.9612
312.9606
312.9599
312.9592
312.9583
312.9575
312.9568
312.9562
312.9561
312.9566
312.9577
313.1496
313.1488
313.148
313.1474
313.1471
313.1447
313.1399
313.1349
313.1282
313.1154
313.0978
313.0787
313.0557
313.0269
312.9917
312.9714
312.9707
312.9692
312.9669
312.9639
312.9619
312.9615
312.9609
312.9602
312.9595
312.9587
312.9578
312.957
312.9562
312.9555
312.9553
312.9558
312.957
313.1496
313.1488
313.148
313.1474
313.147
313.1447
313.1403
313.1357
313.1294
313.1175
313.1013
313.0834
313.0615
313.0332
312.9973
312.9758
312.9749
312.9731
312.9704
312.967
312.9647
312.9642
312.9637
312.9631
312.9623
312.9615
312.9607
312.9598
312.9588
312.958
312.9573
312.957
312.9575
312.9586
313.1496
313.1487
313.1479
313.1472
313.1468
313.1448
313.1409
313.137
313.1318
313.1218
313.1082
313.0931
313.0737
313.0469
313.0099
312.9857
312.9844
312.9818
312.978
312.9733
312.9704
312.9699
312.9693
312.9687
312.968
312.9672
312.9664
312.9654
312.9644
312.9635
312.9625
312.9618
312.9615
312.962
312.9631
313.1496
313.1487
313.1478
313.1471
313.1465
313.1448
313.1417
313.1388
313.135
313.1281
313.1186
313.1077
313.0931
313.0706
313.034
313.0041
313.0015
312.997
312.9909
312.9837
312.9794
312.9789
312.9783
312.9776
312.9768
312.9761
312.9752
312.9743
312.9733
312.9723
312.9712
312.9703
312.9695
312.9692
312.9697
312.9706
313.1495
313.1486
313.1477
313.1468
313.146
313.1444
313.1424
313.1407
313.1387
313.1356
313.1315
313.1268
313.1202
313.1085
313.0811
313.0379
313.0314
313.0217
313.0104
312.9983
312.9918
312.9911
312.9904
312.9896
312.9887
312.9879
312.987
312.9861
312.9851
312.9841
312.983
312.9819
312.9809
312.9802
312.9799
312.9802
312.9819
313.1495
313.1486
313.1476
313.1466
313.1454
313.1436
313.1425
313.1415
313.1405
313.1395
313.1385
313.1374
313.1363
313.1352
313.1339
313.1124
313.0814
313.0563
313.0346
313.0149
313.0052
313.0042
313.0033
313.0023
313.0013
313.0003
312.9994
312.9984
312.9974
312.9964
312.9953
312.9942
312.9931
312.9922
312.9915
312.991
312.9923
312.9944
313.1495
313.1485
313.1475
313.1464
313.145
313.1435
313.1425
313.1415
313.1405
313.1395
313.1385
313.1374
313.1364
313.1353
313.1342
313.1202
313.0942
313.0696
313.0464
313.0244
313.0133
313.0123
313.0112
313.0102
313.0091
313.0081
313.0072
313.0063
313.0053
313.0044
313.0033
313.0022
313.0011
313.0001
312.9992
312.9983
312.9989
313.0006
313.003
313.1495
313.1485
313.1474
313.1462
313.1448
313.1434
313.1424
313.1415
313.1405
313.1395
313.1385
313.1375
313.1365
313.1354
313.1345
313.1219
313.098
313.0744
313.0513
313.0287
313.0171
313.016
313.015
313.0139
313.0129
313.0119
313.011
313.0101
313.0092
313.0083
313.0073
313.0063
313.0052
313.0041
313.0032
313.0021
313.0022
313.0033
313.0054
313.0079
313.1484
313.1473
313.1461
313.1446
313.1433
313.1424
313.1414
313.1405
313.1395
313.1385
313.1375
313.1365
313.1355
313.1346
313.1225
313.0992
313.0761
313.0531
313.0304
313.0186
313.0174
313.0164
313.0154
313.0143
313.0134
313.0125
313.0116
313.0108
313.0099
313.009
313.0081
313.007
313.006
313.005
313.0037
313.0037
313.0044
313.0059
313.0082
313.0109
313.1473
313.146
313.1446
313.1433
313.1424
313.1414
313.1405
313.1395
313.1385
313.1375
313.1365
313.1356
313.1347
313.1227
313.0996
313.0766
313.0537
313.031
313.0191
313.0179
313.0168
313.0158
313.0148
313.0139
313.013
313.0122
313.0113
313.0105
313.0097
313.0088
313.0078
313.0068
313.0058
313.0045
313.0043
313.0048
313.006
313.0077
313.0102
313.013
313.1495
313.1484
313.1473
313.146
313.1446
313.1433
313.1424
313.1414
313.1405
313.1395
313.1385
313.1375
313.1365
313.1355
313.1346
313.1225
313.0992
313.0759
313.0527
313.0295
313.0175
313.0166
313.016
313.0157
313.1495
313.1484
313.1473
313.1461
313.1446
313.1433
313.1424
313.1414
313.1405
313.1395
313.1385
313.1375
313.1365
313.1355
313.1346
313.1224
313.0989
313.0755
313.0522
313.0291
313.017
313.0158
313.015
313.0144
313.0142
313.1495
313.1485
313.1474
313.1462
313.1448
313.1434
313.1424
313.1415
313.1405
313.1395
313.1385
313.1375
313.1364
313.1354
313.1344
313.1218
313.0977
313.0739
313.0505
313.0275
313.0155
313.0143
313.0132
313.0124
313.012
313.0119
313.1495
313.1485
313.1475
313.1464
313.145
313.1435
313.1425
313.1415
313.1405
313.1395
313.1385
313.1374
313.1364
313.1353
313.1342
313.1202
313.094
313.0692
313.0457
313.0233
313.0118
313.0105
313.0094
313.0083
313.0076
313.0074
313.0075
313.1495
313.1486
313.1476
313.1466
313.1454
313.1436
313.1425
313.1415
313.1405
313.1395
313.1385
313.1374
313.1363
313.1352
313.1339
313.1123
313.0811
313.0559
313.0339
313.0138
313.0037
313.0025
313.0014
313.0003
312.9994
312.9988
312.9989
312.9993
313.1495
313.1486
313.1477
313.1468
313.146
313.1444
313.1423
313.1406
313.1387
313.1356
313.1315
313.1268
313.1202
313.1084
313.081
313.0378
313.0311
313.0213
313.0097
312.9973
312.9905
312.9895
312.9886
312.9876
312.9867
312.9861
312.9858
312.9862
312.9869
313.1496
313.1487
313.1478
313.1471
313.1465
313.1447
313.1416
313.1386
313.1351
313.1282
313.1186
313.1077
313.093
313.0706
313.0339
313.004
313.0013
312.9966
312.9903
312.9828
312.9783
312.9775
312.9768
312.9759
312.975
312.9743
312.9738
312.9737
312.9742
312.9752
313.1496
313.1487
313.1479
313.1472
313.1468
313.1448
313.1408
313.1368
313.1319
313.1222
313.1084
313.093
313.0735
313.0468
313.0099
312.9857
312.9843
312.9814
312.9775
312.9726
312.9695
312.9689
312.9682
312.9675
312.9667
312.9659
312.9652
312.9647
312.9645
312.9651
312.9662
313.1496
313.1488
313.148
313.1474
313.147
313.1447
313.1402
313.1355
313.1295
313.1178
313.1014
313.0834
313.0614
313.0331
312.9973
312.9758
312.9749
312.973
312.9701
312.9666
312.9643
312.9638
312.9631
312.9624
312.9617
312.9608
312.96
312.9593
312.9587
312.9586
312.9591
312.9602
313.1496
313.1488
313.148
313.1474
313.1471
313.1447
313.1399
313.1349
313.1282
313.1154
313.0978
313.0787
313.0557
313.0269
312.9917
312.9714
312.9707
312.9692
312.9669
312.9639
312.9619
312.9615
312.9609
312.9602
312.9595
312.9587
312.9578
312.957
312.9562
312.9555
312.9553
312.9558
312.957
313.1496
313.1488
313.148
313.1474
313.1471
313.1447
313.14
313.135
313.1282
313.1153
313.0977
313.0786
313.0557
313.0269
312.9918
312.9713
312.9707
312.9692
312.967
312.9641
312.9621
312.9617
312.9612
312.9606
312.9598
312.9591
312.9582
312.9573
312.9563
312.9555
312.9548
312.9545
312.955
312.9561
313.1496
313.1488
313.148
313.1474
313.147
313.1448
313.1403
313.1358
313.1294
313.1174
313.1012
313.0834
313.0615
313.0332
312.9973
312.9758
312.9749
312.9731
312.9705
312.9671
312.9649
312.9644
312.9639
312.9634
312.9627
312.9619
312.9611
312.9602
312.9591
312.9581
312.9572
312.9564
312.9561
312.9566
312.9577
313.1496
313.1487
313.1479
313.1472
313.1468
313.1448
313.141
313.1371
313.1317
313.1218
313.1082
313.093
313.0736
313.0469
313.01
312.9857
312.9844
312.9817
312.978
312.9734
312.9705
312.9701
312.9695
312.9689
312.9683
312.9675
312.9667
312.9658
312.9648
312.9638
312.9627
312.9617
312.9609
312.9606
312.9611
312.962
313.1496
313.1487
313.1478
313.1471
313.1465
313.1448
313.1417
313.1388
313.135
313.128
313.1185
313.1077
313.093
313.0706
313.034
313.0041
313.0015
312.997
312.9908
312.9837
312.9795
312.979
312.9785
312.9778
312.977
312.9763
312.9755
312.9746
312.9737
312.9727
312.9715
312.9704
312.9694
312.9686
312.9683
312.9686
312.9705
313.1495
313.1486
313.1477
313.1468
313.146
313.1444
313.1424
313.1407
313.1387
313.1355
313.1314
313.1268
313.1202
313.1084
313.0811
313.038
313.0314
313.0217
313.0104
312.9983
312.9918
312.9912
312.9905
312.9897
312.9889
312.9881
312.9872
312.9864
312.9854
312.9844
312.9833
312.9822
312.981
312.9801
312.9793
312.9788
312.9801
312.9824
313.1495
313.1486
313.1476
313.1466
313.1454
313.1436
313.1425
313.1415
313.1405
313.1395
313.1385
313.1374
313.1363
313.1352
313.1339
313.1124
313.0814
313.0563
313.0346
313.0148
313.0051
313.0042
313.0033
313.0024
313.0014
313.0004
312.9995
312.9986
312.9977
312.9967
312.9956
312.9945
312.9934
312.9923
312.9914
312.9904
312.991
312.9928
312.9953
313.1495
313.1485
313.1475
313.1464
313.145
313.1435
313.1425
313.1415
313.1405
313.1395
313.1385
313.1374
313.1364
313.1353
313.1342
313.1202
313.0942
313.0697
313.0465
313.0244
313.0132
313.0122
313.0112
313.0102
313.0092
313.0082
313.0073
313.0064
313.0055
313.0046
313.0036
313.0025
313.0014
313.0003
312.9993
312.9982
312.9984
312.9995
313.0016
313.0042
313.1485
313.1474
313.1462
313.1448
313.1434
313.1424
313.1415
313.1405
313.1395
313.1385
313.1375
313.1365
313.1354
313.1345
313.1219
313.0979
313.0744
313.0513
313.0287
313.0171
313.016
313.0149
313.0139
313.0129
313.012
313.0111
313.0102
313.0093
313.0084
313.0075
313.0066
313.0055
313.0044
313.0034
313.0022
313.0021
313.0028
313.0043
313.0066
313.0094
313.1473
313.1461
313.1446
313.1433
313.1424
313.1414
313.1405
313.1395
313.1385
313.1375
313.1365
313.1355
313.1346
313.1225
313.0992
313.076
313.0531
313.0304
313.0186
313.0174
313.0164
313.0153
313.0144
313.0134
313.0126
313.0117
313.0109
313.01
313.0092
313.0083
313.0073
313.0063
313.0053
313.004
313.0038
313.0043
313.0054
313.0071
313.0097
313.0125
313.146
313.1446
313.1433
313.1424
313.1414
313.1405
313.1395
313.1385
313.1375
313.1366
313.1356
313.1347
313.1227
313.0996
313.0766
313.0537
313.031
313.0191
313.0179
313.0168
313.0158
313.0148
313.0139
313.0131
313.0123
313.0114
313.0106
313.0098
313.0089
313.0081
313.0072
313.0061
313.0048
313.0046
313.005
313.0058
313.0072
313.0092
313.0119
313.0147
313.1495
313.1484
313.1473
313.146
313.1446
313.1433
313.1424
313.1414
313.1405
313.1395
313.1385
313.1375
313.1365
313.1356
313.1346
313.1226
313.0993
313.0761
313.0528
313.0296
313.0175
313.0163
313.0155
313.0149
313.0147
313.1495
313.1484
313.1473
313.1461
313.1446
313.1433
313.1424
313.1414
313.1405
313.1395
313.1385
313.1375
313.1365
313.1355
313.1346
313.1224
313.099
313.0756
313.0523
313.0292
313.0171
313.0158
313.0147
313.0139
313.0134
313.0133
313.1495
313.1485
313.1474
313.1462
313.1448
313.1434
313.1424
313.1415
313.1405
313.1395
313.1385
313.1375
313.1365
313.1354
313.1344
313.1219
313.0978
313.074
313.0507
313.0277
313.0157
313.0144
313.0132
313.0121
313.0114
313.011
313.0111
313.1495
313.1485
313.1475
313.1464
313.145
313.1435
313.1425
313.1415
313.1405
313.1395
313.1385
313.1374
313.1364
313.1353
313.1342
313.1202
313.094
313.0693
313.0459
313.0235
313.0121
313.0108
313.0095
313.0083
313.0073
313.0067
313.0066
313.0068
313.1495
313.1486
313.1476
313.1466
313.1454
313.1436
313.1425
313.1415
313.1405
313.1395
313.1385
313.1374
313.1363
313.1352
313.1339
313.1123
313.0812
313.056
313.0341
313.0141
313.004
313.0028
313.0016
313.0004
312.9994
312.9985
312.9981
312.9982
312.9986
313.1495
313.1486
313.1477
313.1468
313.146
313.1444
313.1423
313.1405
313.1387
313.1356
313.1315
313.1268
313.1202
313.1084
313.081
313.0379
313.0312
313.0214
313.0099
312.9975
312.9907
312.9898
312.9889
312.9879
312.9869
312.9861
312.9854
312.9852
312.9855
312.9863
313.1496
313.1487
313.1478
313.1471
313.1465
313.1447
313.1416
313.1386
313.1351
313.1283
313.1187
313.1077
313.093
313.0706
313.034
313.0041
313.0015
312.9967
312.9904
312.983
312.9785
312.9778
312.9771
312.9762
312.9753
312.9745
312.9738
312.9732
312.973
312.9736
312.9745
313.1496
313.1487
313.1479
313.1472
313.1468
313.1448
313.1408
313.1369
313.1318
313.1222
313.1084
313.0931
313.0736
313.0468
313.01
312.9858
312.9844
312.9816
312.9777
312.9728
312.9698
312.9692
312.9686
312.9678
312.967
312.9662
312.9653
312.9646
312.964
312.9639
312.9644
312.9655
313.1496
313.1488
313.148
313.1474
313.147
313.1447
313.1403
313.1356
313.1294
313.1177
313.1014
313.0834
313.0615
313.0331
312.9973
312.9759
312.9749
312.9731
312.9703
312.9668
312.9645
312.964
312.9635
312.9628
312.962
312.9612
312.9603
312.9595
312.9586
312.9581
312.9578
312.9584
312.9595
313.1496
313.1488
313.148
313.1474
313.1471
313.1447
313.14
313.135
313.1282
313.1153
313.0977
313.0786
313.0557
313.0269
312.9918
312.9713
312.9707
312.9692
312.967
312.9641
312.9621
312.9617
312.9612
312.9606
312.9598
312.9591
312.9582
312.9573
312.9563
312.9555
312.9548
312.9545
312.955
312.9561
313.1496
313.1488
313.148
313.1474
313.1471
313.1447
313.14
313.1351
313.1281
313.1152
313.0976
313.0786
313.0557
313.0269
312.9918
312.9714
312.9706
312.9692
312.967
312.9642
312.9623
312.9619
312.9614
312.9609
312.9602
312.9594
312.9586
312.9577
312.9567
312.9556
312.9547
312.9539
312.9536
312.9541
312.9552
313.1496
313.1488
313.148
313.1474
313.147
313.1448
313.1404
313.1358
313.1294
313.1173
313.1011
313.0833
313.0615
313.0332
312.9974
312.9758
312.9749
312.973
312.9705
312.9671
312.965
312.9647
312.9641
312.9636
312.963
312.9622
312.9614
312.9605
312.9595
312.9585
312.9574
312.9563
312.9555
312.9551
312.9556
312.9566
313.1496
313.1487
313.1479
313.1472
313.1468
313.1448
313.141
313.1372
313.1317
313.1217
313.1081
313.0929
313.0735
313.0469
313.01
312.9858
312.9844
312.9817
312.978
312.9734
312.9706
312.9702
312.9697
312.9691
312.9685
312.9678
312.967
312.9661
312.9652
312.9642
312.963
312.9618
312.9608
312.9599
312.9596
312.9599
312.9618
313.1496
313.1487
313.1478
313.1471
313.1465
313.1448
313.1417
313.1389
313.135
313.128
313.1185
313.1077
313.093
313.0705
313.034
313.0041
313.0016
312.997
312.9908
312.9836
312.9795
312.9791
312.9786
312.978
312.9772
312.9765
312.9758
312.9749
312.974
312.973
312.9719
312.9707
312.9695
312.9684
312.9676
312.9671
312.9684
312.9708
313.1495
313.1486
313.1477
313.1468
313.146
313.1444
313.1424
313.1407
313.1387
313.1355
313.1314
313.1268
313.1202
313.1084
313.081
313.038
313.0315
313.0217
313.0104
312.9983
312.9917
312.9912
312.9905
312.9898
312.989
312.9882
312.9874
312.9866
312.9857
312.9847
312.9837
312.9825
312.9813
312.9802
312.9792
312.9782
312.9787
312.9806
312.9832
313.1495
313.1486
313.1476
313.1466
313.1454
313.1436
313.1425
313.1415
313.1405
313.1395
313.1385
313.1374
313.1363
313.1352
313.1339
313.1123
313.0814
313.0563
313.0346
313.0148
313.0051
313.0042
313.0033
313.0024
313.0015
313.0006
312.9997
312.9988
312.9979
312.9969
312.9959
312.9948
312.9937
312.9925
312.9915
312.9903
312.9904
312.9915
312.9937
312.9964
313.1485
313.1475
313.1464
313.145
313.1435
313.1425
313.1415
313.1405
313.1395
313.1385
313.1374
313.1364
313.1353
313.1342
313.1202
313.0942
313.0696
313.0465
313.0244
313.0132
313.0122
313.0112
313.0102
313.0092
313.0083
313.0074
313.0065
313.0056
313.0048
313.0038
313.0028
313.0017
313.0007
312.9996
312.9983
312.9982
312.999
313.0004
313.0028
313.0056
313.1474
313.1462
313.1448
313.1434
313.1424
313.1415
313.1405
313.1395
313.1385
313.1375
313.1365
313.1355
313.1345
313.1219
313.0979
313.0743
313.0513
313.0287
313.0171
313.016
313.0149
313.0139
313.0129
313.012
313.0111
313.0103
313.0094
313.0086
313.0077
313.0068
313.0058
313.0048
313.0037
313.0024
313.0022
313.0027
313.0038
313.0056
313.0081
313.011
313.1461
313.1446
313.1433
313.1424
313.1414
313.1405
313.1395
313.1385
313.1375
313.1365
313.1355
313.1346
313.1225
313.0992
313.076
313.0531
313.0304
313.0186
313.0175
313.0164
313.0153
313.0143
313.0134
313.0126
313.0118
313.011
313.0102
313.0093
313.0084
313.0076
313.0067
313.0056
313.0043
313.0041
313.0044
313.0053
313.0067
313.0087
313.0113
313.0142
313.1446
313.1433
313.1424
313.1414
313.1405
313.1395
313.1385
313.1375
313.1366
313.1356
313.1347
313.1227
313.0996
313.0766
313.0537
313.0309
313.0191
313.018
313.0169
313.0158
313.0148
313.0139
313.0131
313.0123
313.0115
313.0107
313.0099
313.0091
313.0082
313.0074
313.0065
313.0052
313.0049
313.0052
313.006
313.0071
313.0088
313.0109
313.0136
313.0164
313.1495
313.1484
313.1473
313.146
313.1446
313.1433
313.1424
313.1414
313.1405
313.1395
313.1385
313.1375
313.1365
313.1356
313.1346
313.1226
313.0994
313.0762
313.053
313.0298
313.0176
313.0163
313.0152
313.0144
313.0139
313.0137
313.1495
313.1484
313.1473
313.1461
313.1446
313.1433
313.1424
313.1414
313.1405
313.1395
313.1385
313.1375
313.1365
313.1355
313.1346
313.1224
313.099
313.0757
313.0525
313.0294
313.0173
313.016
313.0147
313.0137
313.0128
313.0125
313.0125
313.1495
313.1485
313.1474
313.1462
313.1448
313.1434
313.1424
313.1415
313.1405
313.1395
313.1385
313.1375
313.1365
313.1354
313.1345
313.1219
313.0978
313.0741
313.0508
313.0279
313.016
313.0146
313.0133
313.0121
313.0111
313.0104
313.0102
313.0103
313.1495
313.1485
313.1475
313.1463
313.145
313.1435
313.1425
313.1415
313.1405
313.1395
313.1385
313.1374
313.1364
313.1353
313.1342
313.1202
313.0941
313.0694
313.046
313.0237
313.0123
313.011
313.0097
313.0085
313.0073
313.0064
313.0058
313.0058
313.006
313.1495
313.1486
313.1476
313.1466
313.1454
313.1436
313.1425
313.1415
313.1405
313.1395
313.1385
313.1374
313.1363
313.1352
313.1339
313.1123
313.0813
313.0561
313.0342
313.0143
313.0042
313.0031
313.0019
313.0007
312.9995
312.9985
312.9977
312.9973
312.9974
312.9979
313.1495
313.1486
313.1477
313.1468
313.146
313.1444
313.1423
313.1406
313.1387
313.1357
313.1315
313.1268
313.1202
313.1085
313.081
313.0379
313.0314
313.0215
313.01
312.9977
312.991
312.9901
312.9892
312.9882
312.9872
312.9862
312.9854
312.9848
312.9845
312.9849
312.9857
313.1496
313.1487
313.1478
313.1471
313.1465
313.1447
313.1416
313.1386
313.1351
313.1283
313.1187
313.1078
313.093
313.0706
313.034
313.0041
313.0016
312.9969
312.9906
312.9832
312.9788
312.9781
312.9774
312.9766
312.9757
312.9748
312.9739
312.9732
312.9726
312.9724
312.9729
312.9739
313.1496
313.1487
313.1479
313.1472
313.1468
313.1448
313.1409
313.1369
313.1318
313.1221
313.1084
313.0931
313.0736
313.0468
313.0099
312.9858
312.9844
312.9817
312.9779
312.973
312.97
312.9695
312.9689
312.9681
312.9674
312.9665
312.9656
312.9648
312.964
312.9634
312.9632
312.9637
312.9648
313.1496
313.1488
313.148
313.1474
313.147
313.1447
313.1403
313.1357
313.1294
313.1175
313.1013
313.0834
313.0615
313.0332
312.9973
312.9758
312.9749
312.9731
312.9704
312.967
312.9647
312.9642
312.9637
312.9631
312.9623
312.9615
312.9607
312.9598
312.9588
312.958
312.9573
312.957
312.9575
312.9586
313.1496
313.1488
313.148
313.1474
313.1471
313.1447
313.14
313.1351
313.1281
313.1152
313.0976
313.0786
313.0557
313.0269
312.9918
312.9714
312.9706
312.9692
312.967
312.9642
312.9623
312.9619
312.9614
312.9609
312.9602
312.9594
312.9586
312.9577
312.9567
312.9556
312.9547
312.9539
312.9536
312.9541
312.9552
313.1496
313.1488
313.148
313.1474
313.1471
313.1447
313.14
313.1351
313.1281
313.115
313.0975
313.0785
313.0557
313.027
312.9918
312.9714
312.9706
312.9691
312.967
312.9642
312.9624
312.9621
312.9616
312.9611
312.9605
312.9597
312.9589
312.958
312.957
312.956
312.9549
312.9538
312.953
312.9526
312.9531
312.954
313.1496
313.1488
313.148
313.1474
313.147
313.1448
313.1404
313.1359
313.1294
313.1172
313.101
313.0832
313.0614
313.0332
312.9974
312.9758
312.9749
312.9731
312.9704
312.9672
312.9651
312.9648
312.9644
312.9638
312.9632
312.9625
312.9617
312.9608
312.9599
312.9589
312.9577
312.9565
312.9554
312.9545
312.9541
312.9544
312.9564
313.1496
313.1487
313.1479
313.1472
313.1468
313.1448
313.141
313.1372
313.1317
313.1217
313.1081
313.0929
313.0735
313.0468
313.01
312.9858
312.9844
312.9817
312.978
312.9733
312.9706
312.9703
312.9699
312.9693
312.9687
312.968
312.9673
312.9665
312.9655
312.9645
312.9634
312.9621
312.9609
312.9598
312.9589
312.9583
312.9597
312.9621
313.1496
313.1487
313.1478
313.1471
313.1465
313.1448
313.1418
313.1389
313.135
313.1279
313.1185
313.1076
313.093
313.0705
313.0339
313.0041
313.0016
312.997
312.9908
312.9836
312.9794
312.9791
312.9786
312.9781
312.9774
312.9767
312.976
312.9752
312.9743
312.9733
312.9723
312.9711
312.9698
312.9686
312.9675
312.9664
312.9668
312.9688
312.9715
313.1495
313.1486
313.1477
313.1468
313.146
313.1444
313.1424
313.1407
313.1387
313.1355
313.1314
313.1268
313.1202
313.1084
313.081
313.0379
313.0315
313.0218
313.0104
312.9983
312.9917
312.9911
312.9905
312.9899
312.9891
312.9884
312.9876
312.9868
312.986
312.985
312.984
312.9829
312.9817
312.9805
312.9793
312.978
312.978
312.9791
312.9813
312.9841
313.1486
313.1476
313.1466
313.1454
313.1436
313.1425
313.1415
313.1405
313.1395
313.1385
313.1374
313.1363
313.1352
313.1339
313.1123
313.0813
313.0563
313.0346
313.0149
313.0051
313.0042
313.0033
313.0024
313.0015
313.0007
312.9998
312.9989
312.998
312.9972
312.9962
312.9951
312.994
312.9929
312.9917
312.9904
312.9903
312.991
312.9924
312.9949
312.9978
313.1475
313.1464
313.145
313.1435
313.1425
313.1415
313.1405
313.1395
313.1385
313.1375
313.1364
313.1353
313.1342
313.1202
313.0942
313.0696
313.0465
313.0244
313.0133
313.0122
313.0112
313.0102
313.0092
313.0084
313.0075
313.0067
313.0058
313.0049
313.004
313.0031
313.0021
313.001
312.9999
312.9986
312.9983
312.9988
312.9999
313.0016
313.0043
313.0072
313.1462
313.1448
313.1434
313.1424
313.1415
313.1405
313.1395
313.1385
313.1375
313.1365
313.1355
313.1345
313.1219
313.0979
313.0743
313.0512
313.0287
313.0171
313.016
313.0149
313.0139
313.0129
313.012
313.0112
313.0104
313.0095
313.0087
313.0078
313.007
313.0061
313.0051
313.0041
313.0027
313.0025
313.0028
313.0037
313.0051
313.0071
313.0098
313.0126
313.1446
313.1433
313.1424
313.1414
313.1405
313.1395
313.1385
313.1375
313.1365
313.1356
313.1346
313.1225
313.0992
313.076
313.0531
313.0303
313.0186
313.0175
313.0164
313.0153
313.0143
313.0134
313.0126
313.0118
313.011
313.0103
313.0094
313.0086
313.0077
313.0069
313.006
313.0047
313.0044
313.0047
313.0054
313.0066
313.0082
313.0104
313.013
313.0159
313.1433
313.1424
313.1414
313.1405
313.1395
313.1385
313.1375
313.1366
313.1356
313.1347
313.1227
313.0996
313.0766
313.0537
313.0309
313.019
313.0179
313.0169
313.0158
313.0148
313.0138
313.013
313.0123
313.0115
313.0108
313.01
313.0092
313.0084
313.0076
313.0067
313.0056
313.0053
313.0055
313.0062
313.0072
313.0087
313.0105
313.0126
313.0153
313.0182
313.1495
313.1484
313.1473
313.146
313.1446
313.1433
313.1424
313.1414
313.1405
313.1395
313.1385
313.1375
313.1365
313.1356
313.1346
313.1226
313.0994
313.0763
313.0531
313.03
313.0178
313.0165
313.0152
313.0142
313.0133
313.013
313.0129
313.1495
313.1484
313.1473
313.1461
313.1446
313.1433
313.1424
313.1414
313.1405
313.1395
313.1385
313.1375
313.1365
313.1355
313.1346
313.1224
313.0991
313.0758
313.0527
313.0296
313.0175
313.0162
313.0149
313.0137
313.0126
313.0119
313.0117
313.0117
313.1495
313.1485
313.1474
313.1462
313.1448
313.1434
313.1424
313.1415
313.1405
313.1395
313.1385
313.1375
313.1365
313.1354
313.1345
313.1219
313.0979
313.0742
313.0509
313.0281
313.0162
313.0149
313.0135
313.0123
313.0111
313.0102
313.0096
313.0094
313.0096
313.1495
313.1485
313.1475
313.1463
313.145
313.1435
313.1425
313.1415
313.1405
313.1395
313.1385
313.1374
313.1364
313.1353
313.1342
313.1202
313.0941
313.0695
313.0461
313.0239
313.0125
313.0112
313.01
313.0087
313.0074
313.0064
313.0056
313.005
313.005
313.0053
313.1495
313.1486
313.1476
313.1466
313.1454
313.1436
313.1425
313.1415
313.1405
313.1395
313.1385
313.1374
313.1363
313.1352
313.1339
313.1123
313.0813
313.0561
313.0343
313.0144
313.0044
313.0033
313.0021
313.0009
312.9997
312.9986
312.9977
312.997
312.9966
312.9967
312.9972
313.1495
313.1486
313.1477
313.1468
313.146
313.1444
313.1423
313.1406
313.1388
313.1357
313.1315
313.1268
313.1202
313.1084
313.0811
313.038
313.0314
313.0216
313.0102
312.9979
312.9912
312.9903
312.9894
312.9885
312.9875
312.9865
312.9856
312.9847
312.9841
312.9838
312.9842
312.985
313.1496
313.1487
313.1478
313.1471
313.1465
313.1447
313.1416
313.1387
313.1351
313.1283
313.1187
313.1078
313.0931
313.0706
313.0339
313.0041
313.0016
312.997
312.9908
312.9833
312.979
312.9784
312.9776
312.9768
312.976
312.9751
312.9742
312.9733
312.9725
312.9719
312.9717
312.9722
312.9732
313.1496
313.1487
313.1479
313.1472
313.1468
313.1448
313.1409
313.137
313.1318
313.1219
313.1084
313.0931
313.0737
313.0468
313.0099
312.9857
312.9844
312.9818
312.978
312.9732
312.9702
312.9697
312.9691
312.9685
312.9677
312.9669
312.966
312.9651
312.9641
312.9633
312.9626
312.9623
312.9629
312.964
313.1496
313.1488
313.148
313.1474
313.147
313.1448
313.1403
313.1358
313.1294
313.1174
313.1012
313.0834
313.0615
313.0332
312.9973
312.9758
312.9749
312.9731
312.9705
312.9671
312.9649
312.9644
312.9639
312.9634
312.9627
312.9619
312.9611
312.9602
312.9591
312.9581
312.9572
312.9564
312.9561
312.9566
312.9577
313.1496
313.1488
313.148
313.1474
313.1471
313.1447
313.14
313.1351
313.1281
313.115
313.0975
313.0785
313.0557
313.027
312.9918
312.9714
312.9706
312.9691
312.967
312.9642
312.9624
312.9621
312.9616
312.9611
312.9605
312.9597
312.9589
312.958
312.957
312.956
312.9549
312.9538
312.953
312.9526
312.9531
312.954
313.1496
313.1488
313.148
313.1474
313.1471
313.1447
313.1401
313.1352
313.1281
313.1149
313.0974
313.0784
313.0556
313.0269
312.9919
312.9714
312.9706
312.9691
312.9669
312.9643
312.9625
312.9622
312.9618
312.9613
312.9607
312.96
312.9593
312.9584
312.9574
312.9564
312.9552
312.954
312.9528
312.9519
312.9515
312.9518
312.9538
313.1496
313.1488
313.148
313.1474
313.147
313.1448
313.1404
313.136
313.1293
313.1172
313.1009
313.0832
313.0613
313.0331
312.9974
312.9759
312.9749
312.9731
312.9704
312.9671
312.9651
312.9648
312.9645
312.964
312.9634
312.9627
312.962
312.9612
312.9602
312.9592
312.9581
312.9568
312.9555
312.9543
312.9534
312.9528
312.9541
312.9566
313.1496
313.1487
313.1479
313.1472
313.1468
313.1448
313.141
313.1373
313.1316
313.1216
313.1081
313.0929
313.0735
313.0467
313.0099
312.9858
312.9845
312.9818
312.978
312.9733
312.9705
312.9703
312.9699
312.9695
312.9689
312.9682
312.9675
312.9668
312.9659
312.9649
312.9638
312.9625
312.9612
312.9599
312.9587
312.9576
312.958
312.9599
312.9627
313.1496
313.1487
313.1478
313.1471
313.1465
313.1448
313.1418
313.1389
313.1349
313.1278
313.1185
313.1076
313.0929
313.0705
313.0339
313.004
313.0016
312.9971
312.9909
312.9836
312.9794
312.979
312.9786
312.9781
312.9775
312.9769
312.9762
312.9754
312.9746
312.9737
312.9726
312.9714
312.9702
312.9689
312.9676
312.9662
312.9661
312.9671
312.9694
312.9723
313.1486
313.1477
313.1468
313.146
313.1444
313.1424
313.1407
313.1387
313.1355
313.1314
313.1268
313.1202
313.1084
313.081
313.0379
313.0314
313.0217
313.0104
312.9983
312.9917
312.9911
312.9905
312.9899
312.9892
312.9885
312.9878
312.987
312.9861
312.9853
312.9843
312.9832
312.9821
312.9808
312.9796
312.9781
312.9778
312.9784
312.9798
312.9823
312.9853
313.1476
313.1466
313.1454
313.1436
313.1425
313.1415
313.1405
313.1395
313.1385
313.1374
313.1364
313.1352
313.1339
313.1123
313.0813
313.0562
313.0346
313.0149
313.0051
313.0042
313.0032
313.0024
313.0015
313.0007
312.9999
312.9991
312.9982
312.9973
312.9964
312.9954
312.9943
312.9932
312.9921
312.9907
312.9904
312.9908
312.9919
312.9935
312.9962
312.9993
313.1463
313.145
313.1435
313.1425
313.1415
313.1405
313.1395
313.1385
313.1375
313.1364
313.1353
313.1342
313.1202
313.0942
313.0696
313.0464
313.0244
313.0133
313.0122
313.0112
313.0102
313.0092
313.0084
313.0076
313.0067
313.0059
313.005
313.0042
313.0032
313.0023
313.0013
313.0003
312.9989
312.9986
312.9989
312.9998
313.0011
313.0031
313.0059
313.0088
313.1448
313.1434
313.1424
313.1415
313.1405
313.1395
313.1385
313.1375
313.1365
313.1355
313.1345
313.1219
313.0979
313.0743
313.0512
313.0286
313.0171
313.016
313.0149
313.0139
313.0129
313.012
313.0112
313.0104
313.0096
313.0088
313.008
313.0071
313.0062
313.0054
313.0044
313.0031
313.0028
313.0031
313.0038
313.005
313.0066
313.0087
313.0114
313.0143
313.1433
313.1424
313.1414
313.1405
313.1395
313.1385
313.1375
313.1365
313.1356
313.1346
313.1225
313.0992
313.076
313.0531
313.0303
313.0185
313.0175
313.0164
313.0153
313.0143
313.0134
313.0126
313.0118
313.0111
313.0103
313.0095
313.0087
313.0079
313.0071
313.0062
313.0051
313.0047
313.005
313.0057
313.0067
313.0081
313.0099
313.0121
313.0148
313.0177
313.1424
313.1414
313.1405
313.1395
313.1385
313.1375
313.1365
313.1356
313.1347
313.1227
313.0997
313.0766
313.0537
313.0309
313.019
313.0179
313.0169
313.0158
313.0148
313.0138
313.013
313.0123
313.0115
313.0108
313.0101
313.0093
313.0085
313.0077
313.0069
313.0058
313.0057
313.0059
313.0065
313.0075
313.0088
313.0104
313.0122
313.0144
313.0171
313.0287
313.1495
313.1484
313.1473
313.146
313.1446
313.1433
313.1424
313.1414
313.1405
313.1395
313.1385
313.1375
313.1365
313.1356
313.1346
313.1226
313.0995
313.0764
313.0533
313.0302
313.018
313.0167
313.0154
313.0142
313.0131
313.0124
313.0121
313.0122
313.1495
313.1484
313.1473
313.1461
313.1446
313.1433
313.1424
313.1414
313.1405
313.1395
313.1385
313.1375
313.1365
313.1355
313.1346
313.1225
313.0991
313.0759
313.0528
313.0298
313.0177
313.0164
313.0151
313.0138
313.0126
313.0117
313.0111
313.0109
313.011
313.1495
313.1485
313.1474
313.1462
313.1448
313.1434
313.1424
313.1415
313.1405
313.1395
313.1385
313.1375
313.1365
313.1354
313.1345
313.1219
313.0979
313.0742
313.051
313.0282
313.0164
313.0151
313.0138
313.0125
313.0112
313.0102
313.0093
313.0088
313.0087
313.0089
313.1495
313.1485
313.1475
313.1464
313.145
313.1435
313.1425
313.1415
313.1405
313.1395
313.1385
313.1374
313.1364
313.1353
313.1342
313.1202
313.0942
313.0695
313.0462
313.024
313.0127
313.0115
313.0102
313.0089
313.0077
313.0065
313.0055
313.0047
313.0043
313.0043
313.0046
313.1495
313.1486
313.1476
313.1466
313.1454
313.1436
313.1425
313.1415
313.1405
313.1395
313.1385
313.1374
313.1363
313.1352
313.1339
313.1124
313.0814
313.0562
313.0344
313.0145
313.0046
313.0035
313.0024
313.0012
313
312.9989
312.9979
312.9969
312.9962
312.9958
312.996
312.9965
313.1495
313.1486
313.1477
313.1468
313.146
313.1444
313.1423
313.1406
313.1387
313.1357
313.1315
313.1268
313.1202
313.1085
313.081
313.038
313.0315
313.0217
313.0103
312.998
312.9914
312.9906
312.9897
312.9887
312.9878
312.9868
312.9858
312.9849
312.984
312.9834
312.9831
312.9835
312.9843
313.1496
313.1487
313.1478
313.1471
313.1465
313.1448
313.1417
313.1387
313.135
313.1282
313.1187
313.1078
313.0931
313.0706
313.0339
313.004
313.0016
312.997
312.9909
312.9835
312.9791
312.9785
312.9779
312.9771
312.9763
312.9754
312.9746
312.9736
312.9727
312.9718
312.9712
312.9709
312.9714
312.9724
313.1496
313.1487
313.1479
313.1472
313.1468
313.1448
313.1409
313.137
313.1318
313.1218
313.1082
313.0931
313.0737
313.0469
313.0099
312.9857
312.9843
312.9818
312.978
312.9733
312.9704
312.9699
312.9693
312.9687
312.968
312.9672
312.9664
312.9654
312.9644
312.9635
312.9625
312.9618
312.9615
312.962
312.9631
313.1496
313.1488
313.148
313.1474
313.147
313.1448
313.1404
313.1358
313.1294
313.1173
313.1011
313.0833
313.0615
313.0332
312.9974
312.9758
312.9749
312.973
312.9705
312.9671
312.965
312.9647
312.9641
312.9636
312.963
312.9622
312.9614
312.9605
312.9595
312.9585
312.9574
312.9563
312.9555
312.9551
312.9556
312.9566
313.1496
313.1488
313.148
313.1474
313.1471
313.1447
313.1401
313.1352
313.1281
313.1149
313.0974
313.0784
313.0556
313.0269
312.9919
312.9714
312.9706
312.9691
312.9669
312.9643
312.9625
312.9622
312.9618
312.9613
312.9607
312.96
312.9593
312.9584
312.9574
312.9564
312.9552
312.954
312.9528
312.9519
312.9515
312.9518
312.9538
313.1496
313.1488
313.148
313.1474
313.1471
313.1448
313.1401
313.1353
313.1281
313.1149
313.0973
313.0784
313.0555
313.0268
312.9918
312.9715
312.9707
312.9692
312.967
312.9642
312.9625
312.9623
312.962
312.9615
312.9609
312.9602
312.9596
312.9587
312.9578
312.9567
312.9556
312.9543
312.953
312.9518
312.9508
312.9502
312.9515
312.954
313.1496
313.1488
313.148
313.1474
313.147
313.1448
313.1405
313.136
313.1292
313.117
313.1009
313.0831
313.0613
313.033
312.9972
312.9759
312.975
312.9731
312.9704
312.9671
312.965
312.9648
312.9645
312.9641
312.9636
312.9629
312.9623
312.9615
312.9606
312.9596
312.9585
312.9572
312.9558
312.9545
312.9532
312.9521
312.9524
312.9543
312.9571
313.1496
313.1487
313.1479
313.1472
313.1468
313.1449
313.1411
313.1373
313.1315
313.1214
313.108
313.0929
313.0735
313.0468
313.0098
312.9856
312.9844
312.9818
312.978
312.9733
312.9705
312.9702
312.9699
312.9695
312.969
312.9684
312.9677
312.967
312.9662
312.9652
312.9641
312.9629
312.9616
312.9602
312.9588
312.9574
312.9573
312.9582
312.9604
312.9634
313.1487
313.1478
313.1471
313.1465
313.1448
313.1418
313.139
313.1349
313.1277
313.1184
313.1077
313.093
313.0705
313.0339
313.004
313.0015
312.997
312.9909
312.9837
312.9794
312.979
312.9785
312.9781
312.9776
312.977
312.9764
312.9756
312.9748
312.974
312.973
312.9718
312.9706
312.9693
312.9679
312.9663
312.9659
312.9664
312.9677
312.9702
312.9734
313.1477
313.1468
313.146
313.1444
313.1424
313.1407
313.1387
313.1354
313.1314
313.1268
313.1202
313.1085
313.081
313.0379
313.0314
313.0216
313.0104
312.9984
312.9918
312.9911
312.9905
312.9898
312.9892
312.9885
312.9879
312.9871
312.9863
312.9855
312.9846
312.9835
312.9824
312.9812
312.9799
312.9784
312.9779
312.9782
312.9791
312.9808
312.9835
312.9866
313.1466
313.1454
313.1436
313.1425
313.1415
313.1405
313.1395
313.1385
313.1374
313.1364
313.1352
313.134
313.1123
313.0813
313.0562
313.0345
313.0149
313.0052
313.0042
313.0032
313.0023
313.0015
313.0007
312.9999
312.9992
312.9983
312.9975
312.9966
312.9956
312.9946
312.9936
312.9925
312.991
312.9907
312.9909
312.9917
312.993
312.995
312.9977
313.0008
313.145
313.1435
313.1425
313.1415
313.1405
313.1395
313.1385
313.1375
313.1364
313.1353
313.1343
313.1202
313.0942
313.0696
313.0464
313.0243
313.0133
313.0123
313.0112
313.0102
313.0092
313.0083
313.0076
313.0068
313.006
313.0052
313.0043
313.0034
313.0025
313.0016
313.0006
312.9993
312.9989
312.9992
312.9999
313.001
313.0026
313.0048
313.0075
313.0105
313.1434
313.1424
313.1415
313.1405
313.1395
313.1385
313.1375
313.1365
313.1355
313.1345
313.122
313.098
313.0743
313.0512
313.0286
313.017
313.016
313.015
313.0139
313.0128
313.0119
313.0111
313.0104
313.0096
313.0089
313.0081
313.0072
313.0064
313.0056
313.0047
313.0035
313.0032
313.0034
313.0041
313.0051
313.0065
313.0083
313.0104
313.0132
313.0161
313.1424
313.1414
313.1405
313.1395
313.1385
313.1375
313.1365
313.1356
313.1346
313.1225
313.0993
313.0761
313.0531
313.0303
313.0185
313.0174
313.0164
313.0154
313.0143
313.0134
313.0126
313.0118
313.0111
313.0104
313.0096
313.0088
313.008
313.0072
313.0064
313.0053
313.0051
313.0054
313.006
313.0069
313.0082
313.0098
313.0116
313.0139
313.0166
313.0281
313.1414
313.1405
313.1395
313.1385
313.1375
313.1365
313.1356
313.1347
313.1227
313.0997
313.0767
313.0538
313.0309
313.019
313.0179
313.0168
313.0158
313.0148
313.0139
313.013
313.0122
313.0115
313.0108
313.0101
313.0094
313.0086
313.0078
313.0071
313.006
313.0059
313.0063
313.0069
313.0078
313.009
313.0105
313.0121
313.014
313.0162
313.0278
313.048
313.1495
313.1484
313.1473
313.146
313.1446
313.1433
313.1424
313.1414
313.1405
313.1395
313.1385
313.1375
313.1365
313.1356
313.1347
313.1227
313.0995
313.0764
313.0534
313.0304
313.0182
313.0169
313.0155
313.0143
313.0131
313.0121
313.0115
313.0113
313.0115
313.1495
313.1484
313.1473
313.1461
313.1446
313.1433
313.1424
313.1414
313.1405
313.1395
313.1385
313.1375
313.1365
313.1355
313.1346
313.1225
313.0992
313.0759
313.0529
313.03
313.0179
313.0166
313.0153
313.014
313.0127
313.0117
313.0108
313.0103
313.0101
313.0103
313.1495
313.1485
313.1474
313.1462
313.1448
313.1434
313.1424
313.1415
313.1405
313.1395
313.1385
313.1375
313.1365
313.1354
313.1345
313.1219
313.0979
313.0743
313.0511
313.0284
313.0166
313.0153
313.014
313.0127
313.0114
313.0103
313.0093
313.0085
313.008
313.008
313.0082
313.1495
313.1485
313.1475
313.1464
313.145
313.1435
313.1425
313.1415
313.1405
313.1395
313.1385
313.1374
313.1364
313.1353
313.1342
313.1202
313.0942
313.0696
313.0463
313.0241
313.0129
313.0116
313.0104
313.0092
313.0079
313.0067
313.0057
313.0047
313.0039
313.0035
313.0036
313.0039
313.1495
313.1486
313.1476
313.1466
313.1454
313.1436
313.1425
313.1415
313.1405
313.1395
313.1385
313.1374
313.1363
313.1352
313.1339
313.1124
313.0814
313.0563
313.0345
313.0147
313.0048
313.0037
313.0026
313.0015
313.0003
312.9992
312.9981
312.9971
312.9962
312.9955
312.995
312.9953
312.9959
313.1495
313.1486
313.1477
313.1468
313.146
313.1444
313.1423
313.1406
313.1387
313.1356
313.1315
313.1268
313.1202
313.1085
313.081
313.0379
313.0315
313.0217
313.0104
312.9982
312.9915
312.9907
312.9899
312.989
312.988
312.9871
312.9861
312.9852
312.9842
312.9833
312.9827
312.9823
312.9827
312.9836
313.1496
313.1487
313.1478
313.1471
313.1465
313.1448
313.1417
313.1387
313.135
313.1281
313.1186
313.1078
313.0931
313.0706
313.0339
313.004
313.0015
312.997
312.9909
312.9836
312.9793
312.9787
312.9781
312.9774
312.9766
312.9757
312.9749
312.974
312.973
312.972
312.9711
312.9704
312.9701
312.9706
312.9716
313.1496
313.1487
313.1479
313.1472
313.1468
313.1448
313.141
313.1371
313.1317
313.1218
313.1082
313.093
313.0736
313.0469
313.01
312.9857
312.9844
312.9817
312.978
312.9734
312.9705
312.9701
312.9695
312.9689
312.9683
312.9675
312.9667
312.9658
312.9648
312.9638
312.9627
312.9617
312.9609
312.9605
312.9611
312.962
313.1496
313.1488
313.148
313.1474
313.147
313.1448
313.1404
313.1359
313.1294
313.1172
313.101
313.0832
313.0614
313.0332
312.9974
312.9758
312.9749
312.9731
312.9704
312.9671
312.9651
312.9648
312.9644
312.9638
312.9632
312.9625
312.9617
312.9608
312.9599
312.9589
312.9577
312.9565
312.9554
312.9545
312.9541
312.9544
312.9564
313.1496
313.1488
313.148
313.1474
313.1471
313.1448
313.1401
313.1353
313.1281
313.1149
313.0973
313.0784
313.0555
313.0268
312.9918
312.9715
312.9707
312.9692
312.967
312.9642
312.9625
312.9623
312.962
312.9615
312.9609
312.9602
312.9596
312.9587
312.9578
312.9567
312.9556
312.9543
312.953
312.9518
312.9508
312.9502
312.9515
312.954
313.1496
313.1488
313.148
313.1474
313.1471
313.1448
313.1401
313.1353
313.1279
313.1148
313.0973
313.0783
313.0555
313.0268
312.9917
312.9715
312.9707
312.9692
312.967
312.9642
312.9624
312.9623
312.962
312.9616
312.9611
312.9605
312.9598
312.959
312.9581
312.9571
312.956
312.9547
312.9533
312.9519
312.9506
312.9494
312.9498
312.9517
312.9545
313.1496
313.1488
313.148
313.1474
313.147
313.1448
313.1405
313.1361
313.1291
313.1168
313.1009
313.0831
313.0613
313.033
312.9972
312.9757
312.975
312.9732
312.9705
312.9671
312.965
312.9647
312.9645
312.9642
312.9637
312.9632
312.9625
312.9617
312.9609
312.96
312.9588
312.9576
312.9563
312.9548
312.9534
312.9518
312.9517
312.9526
312.9548
312.9578
313.1487
313.1479
313.1472
313.1468
313.1449
313.1411
313.1374
313.1315
313.1212
313.108
313.0929
313.0735
313.0467
313.0099
312.9856
312.9843
312.9818
312.9781
312.9734
312.9705
312.9702
312.9698
312.9695
312.9691
312.9685
312.9679
312.9672
312.9664
312.9655
312.9645
312.9633
312.962
312.9606
312.9592
312.9575
312.957
312.9574
312.9587
312.9612
312.9643
313.1478
313.1471
313.1465
313.1448
313.1418
313.139
313.1348
313.1276
313.1183
313.1076
313.093
313.0706
313.0339
313.004
313.0015
312.9969
312.9909
312.9837
312.9795
312.979
312.9785
312.978
312.9776
312.9771
312.9765
312.9758
312.975
312.9742
312.9732
312.9722
312.9709
312.9697
312.9683
312.9666
312.966
312.9662
312.967
312.9686
312.9712
312.9744
313.1468
313.146
313.1444
313.1424
313.1407
313.1387
313.1354
313.1314
313.1268
313.1202
313.1085
313.0811
313.0379
313.0314
313.0216
313.0103
312.9983
312.9918
312.9912
312.9905
312.9898
312.9891
312.9885
312.9879
312.9872
312.9865
312.9857
312.9848
312.9838
312.9827
312.9816
312.9803
312.9788
312.9782
312.9783
312.9789
312.9801
312.982
312.9847
312.9879
313.1454
313.1436
313.1425
313.1415
313.1405
313.1395
313.1385
313.1374
313.1364
313.1352
313.134
313.1124
313.0813
313.0562
313.0345
313.0148
313.0051
313.0042
313.0033
313.0023
313.0014
313.0006
313
312.9992
312.9984
312.9976
312.9967
312.9958
312.9949
312.9939
312.9928
312.9914
312.991
312.9912
312.9918
312.9928
312.9944
312.9965
312.9993
313.0023
313.1435
313.1425
313.1415
313.1405
313.1395
313.1385
313.1374
313.1364
313.1353
313.1343
313.1203
313.0942
313.0696
313.0464
313.0243
313.0132
313.0122
313.0112
313.0102
313.0092
313.0083
313.0075
313.0068
313.006
313.0053
313.0044
313.0035
313.0027
313.0018
313.0009
312.9996
312.9993
312.9995
313.0001
313.0011
313.0025
313.0043
313.0064
313.0092
313.0122
313.1424
313.1415
313.1405
313.1395
313.1385
313.1375
313.1365
313.1355
313.1345
313.122
313.098
313.0744
313.0512
313.0286
313.017
313.0159
313.0149
313.0139
313.0129
313.0119
313.0111
313.0104
313.0097
313.0089
313.0082
313.0073
313.0065
313.0057
313.0049
313.0038
313.0036
313.0038
313.0044
313.0053
313.0066
313.0082
313.01
313.0122
313.0149
313.0264
313.1414
313.1405
313.1395
313.1385
313.1375
313.1365
313.1355
313.1346
313.1225
313.0993
313.0762
313.0532
313.0303
313.0185
313.0174
313.0163
313.0153
313.0143
313.0134
313.0126
313.0118
313.011
313.0104
313.0096
313.0089
313.0081
313.0073
313.0066
313.0055
313.0054
313.0058
313.0064
313.0072
313.0085
313.0099
313.0115
313.0134
313.0157
313.0271
313.0474
313.1405
313.1395
313.1385
313.1375
313.1365
313.1356
313.1347
313.1227
313.0997
313.0768
313.0538
313.031
313.019
313.0179
313.0168
313.0157
313.0148
313.0139
313.013
313.0122
313.0115
313.0108
313.0101
313.0094
313.0087
313.0079
313.0072
313.0062
313.0061
313.0066
313.0073
313.0081
313.0093
313.0107
313.0122
313.0139
313.0158
313.027
313.0474
313.0675
313.1495
313.1484
313.1473
313.146
313.1446
313.1433
313.1424
313.1414
313.1405
313.1395
313.1385
313.1375
313.1365
313.1356
313.1347
313.1227
313.0996
313.0765
313.0535
313.0305
313.0184
313.0171
313.0158
313.0145
313.0132
313.0121
313.0113
313.0107
313.0106
313.0108
313.1495
313.1484
313.1473
313.1461
313.1446
313.1433
313.1424
313.1414
313.1405
313.1395
313.1385
313.1375
313.1365
313.1355
313.1346
313.1225
313.0992
313.076
313.0529
313.0301
313.0181
313.0168
313.0155
313.0142
313.0129
313.0118
313.0108
313.01
313.0095
313.0094
313.0096
313.1495
313.1485
313.1474
313.1462
313.1448
313.1434
313.1424
313.1415
313.1405
313.1395
313.1385
313.1375
313.1365
313.1354
313.1345
313.1219
313.098
313.0743
313.0512
313.0285
313.0167
313.0155
313.0142
313.013
313.0117
313.0105
313.0094
313.0085
313.0077
313.0072
313.0072
313.0075
313.1495
313.1485
313.1475
313.1464
313.145
313.1435
313.1425
313.1415
313.1405
313.1395
313.1385
313.1374
313.1364
313.1353
313.1342
313.1202
313.0942
313.0696
313.0464
313.0242
313.013
313.0118
313.0106
313.0094
313.0082
313.007
313.0059
313.0049
313.0039
313.0032
313.0027
313.0028
313.0033
313.1495
313.1486
313.1476
313.1466
313.1454
313.1436
313.1425
313.1415
313.1405
313.1395
313.1385
313.1374
313.1363
313.1352
313.1339
313.1123
313.0814
313.0563
313.0346
313.0148
313.0049
313.0038
313.0028
313.0017
313.0006
312.9995
312.9984
312.9973
312.9963
312.9954
312.9947
312.9943
312.9945
312.9952
313.1495
313.1486
313.1477
313.1468
313.146
313.1444
313.1423
313.1406
313.1387
313.1356
313.1315
313.1268
313.1202
313.1085
313.081
313.0379
313.0314
313.0217
313.0104
312.9983
312.9917
312.9909
312.9901
312.9892
312.9883
312.9874
312.9865
312.9855
312.9845
312.9835
312.9826
312.9819
312.9815
312.982
312.9829
313.1496
313.1487
313.1478
313.1471
313.1465
313.1448
313.1417
313.1388
313.135
313.1281
313.1186
313.1077
313.0931
313.0706
313.034
313.0041
313.0015
312.997
312.9909
312.9837
312.9794
312.9789
312.9783
312.9776
312.9768
312.9761
312.9752
312.9743
312.9733
312.9723
312.9712
312.9703
312.9695
312.9692
312.9697
312.9706
313.1496
313.1487
313.1479
313.1472
313.1468
313.1448
313.141
313.1372
313.1317
313.1217
313.1081
313.0929
313.0735
313.0469
313.01
312.9858
312.9844
312.9817
312.978
312.9734
312.9706
312.9702
312.9697
312.9691
312.9685
312.9678
312.967
312.9661
312.9652
312.9642
312.963
312.9618
312.9608
312.9599
312.9596
312.9599
312.9618
313.1496
313.1488
313.148
313.1474
313.147
313.1448
313.1404
313.136
313.1293
313.1172
313.1009
313.0832
313.0613
313.0331
312.9974
312.9759
312.9749
312.9731
312.9704
312.9671
312.9651
312.9648
312.9645
312.964
312.9634
312.9627
312.962
312.9612
312.9602
312.9592
312.9581
312.9568
312.9555
312.9543
312.9534
312.9528
312.9541
312.9566
313.1496
313.1488
313.148
313.1474
313.1471
313.1448
313.1401
313.1353
313.1279
313.1148
313.0973
313.0783
313.0555
313.0268
312.9917
312.9715
312.9707
312.9692
312.967
312.9642
312.9624
312.9623
312.962
312.9616
312.9611
312.9605
312.9598
312.959
312.9581
312.9571
312.956
312.9547
312.9533
312.9519
312.9506
312.9494
312.9498
312.9517
312.9545
313.1496
313.1488
313.148
313.1474
313.1471
313.1448
313.1402
313.1354
313.1278
313.1145
313.0973
313.0783
313.0554
313.0268
312.9917
312.9713
312.9707
312.9693
312.967
312.9642
312.9624
312.9622
312.962
312.9617
312.9612
312.9607
312.96
312.9593
312.9584
312.9575
312.9563
312.9551
312.9537
312.9523
312.9508
312.9492
312.9491
312.9499
312.9521
312.9551
313.1488
313.148
313.1474
313.147
313.1448
313.1406
313.1361
313.129
313.1166
313.1008
313.0831
313.0613
313.033
312.9972
312.9757
312.9748
312.9731
312.9705
312.9671
312.965
312.9648
312.9644
312.9642
312.9638
312.9633
312.9627
312.9619
312.9611
312.9603
312.9592
312.958
312.9567
312.9552
312.9537
312.952
312.9514
312.9518
312.953
312.9554
312.9587
313.1479
313.1472
313.1468
313.1449
313.1412
313.1374
313.1314
313.1211
313.1078
313.0929
313.0736
313.0468
313.0098
312.9857
312.9843
312.9816
312.978
312.9734
312.9705
312.9702
312.9698
312.9694
312.9691
312.9686
312.9681
312.9674
312.9666
312.9658
312.9648
312.9637
312.9624
312.961
312.9596
312.9578
312.9571
312.9572
312.9579
312.9594
312.9621
312.9653
313.1471
313.1465
313.1448
313.1418
313.139
313.1348
313.1275
313.1183
313.1076
313.0931
313.0707
313.034
313.004
313.0015
312.9969
312.9908
312.9837
312.9795
312.9791
312.9785
312.978
312.9775
312.9771
312.9765
312.9759
312.9752
312.9744
312.9735
312.9725
312.9713
312.97
312.9687
312.967
312.9663
312.9663
312.9668
312.9678
312.9696
312.9723
312.9755
313.146
313.1444
313.1424
313.1408
313.1387
313.1354
313.1314
313.1268
313.1202
313.1085
313.0812
313.038
313.0314
313.0217
313.0103
312.9982
312.9918
312.9912
312.9905
312.9898
312.9891
312.9885
312.9879
312.9873
312.9866
312.9858
312.9849
312.984
312.983
312.9819
312.9807
312.9792
312.9786
312.9786
312.979
312.9799
312.9813
312.9833
312.986
312.9892
313.1436
313.1425
313.1415
313.1405
313.1395
313.1385
313.1374
313.1364
313.1352
313.134
313.1124
313.0814
313.0562
313.0345
313.0148
313.005
313.0042
313.0033
313.0024
313.0014
313.0006
312.9999
312.9992
312.9985
312.9977
312.9969
312.996
312.9951
312.9941
312.9931
312.9918
312.9914
312.9915
312.992
312.9929
312.9942
312.9959
312.998
313.0008
313.0039
313.1425
313.1415
313.1405
313.1395
313.1385
313.1374
313.1364
313.1353
313.1343
313.1203
313.0943
313.0697
313.0464
313.0243
313.0132
313.0121
313.0112
313.0102
313.0092
313.0083
313.0075
313.0067
313.006
313.0053
313.0045
313.0037
313.0028
313.002
313.0011
312.9999
312.9997
312.9999
313.0005
313.0013
313.0026
313.0041
313.0059
313.0081
313.0109
313.0221
313.1415
313.1405
313.1395
313.1385
313.1375
313.1365
313.1355
313.1345
313.122
313.0981
313.0745
313.0513
313.0286
313.017
313.0159
313.0148
313.0139
313.0129
313.012
313.0111
313.0103
313.0096
313.0089
313.0082
313.0074
313.0066
313.0058
313.005
313.004
313.0039
313.0042
313.0048
313.0056
313.0068
313.0083
313.0099
313.0117
313.014
313.0253
313.0456
313.1405
313.1395
313.1385
313.1375
313.1365
313.1355
313.1346
313.1225
313.0993
313.0762
313.0533
313.0304
313.0185
313.0174
313.0163
313.0153
313.0143
313.0134
313.0126
313.0118
313.011
313.0103
313.0096
313.0089
313.0082
313.0075
313.0067
313.0057
313.0056
313.0061
313.0068
313.0076
313.0088
313.0102
313.0116
313.0133
313.0152
313.0264
313.0467
313.0669
313.1395
313.1385
313.1375
313.1365
313.1356
313.1347
313.1227
313.0997
313.0768
313.0539
313.0311
313.0191
313.0179
313.0168
313.0157
313.0147
313.0139
313.0131
313.0123
313.0115
313.0108
313.0101
313.0094
313.0087
313.008
313.0073
313.0063
313.0063
313.0068
313.0076
313.0086
313.0097
313.011
313.0124
313.014
313.0157
313.0267
313.0469
313.0671
313.087
313.1495
313.1484
313.1473
313.146
313.1446
313.1433
313.1424
313.1414
313.1405
313.1395
313.1385
313.1375
313.1365
313.1356
313.1347
313.1227
313.0996
313.0765
313.0536
313.0306
313.0186
313.0173
313.016
313.0147
313.0134
313.0123
313.0113
313.0105
313.01
313.0099
313.0101
313.1495
313.1484
313.1473
313.1461
313.1446
313.1433
313.1424
313.1414
313.1405
313.1395
313.1385
313.1375
313.1365
313.1355
313.1346
313.1225
313.0992
313.076
313.053
313.0302
313.0182
313.017
313.0157
313.0145
313.0132
313.012
313.0109
313.01
313.0092
313.0087
313.0087
313.009
313.1495
313.1485
313.1474
313.1462
313.1448
313.1434
313.1424
313.1415
313.1405
313.1395
313.1385
313.1375
313.1365
313.1354
313.1345
313.1219
313.098
313.0744
313.0512
313.0286
313.0168
313.0156
313.0144
313.0132
313.0119
313.0107
313.0096
313.0086
313.0077
313.0069
313.0065
313.0065
313.0069
313.1495
313.1485
313.1475
313.1464
313.145
313.1435
313.1425
313.1415
313.1405
313.1395
313.1385
313.1374
313.1364
313.1353
313.1342
313.1202
313.0942
313.0697
313.0465
313.0243
313.0131
313.0119
313.0108
313.0096
313.0084
313.0073
313.0062
313.0051
313.0041
313.0031
313.0024
313.0019
313.0021
313.0027
313.1495
313.1486
313.1476
313.1466
313.1454
313.1436
313.1425
313.1415
313.1405
313.1395
313.1385
313.1374
313.1363
313.1352
313.1339
313.1123
313.0813
313.0563
313.0346
313.0149
313.005
313.004
313.0029
313.0019
313.0008
312.9997
312.9987
312.9976
312.9966
312.9955
312.9946
312.9939
312.9935
312.9938
312.9946
313.1495
313.1486
313.1477
313.1468
313.146
313.1444
313.1424
313.1406
313.1387
313.1356
313.1315
313.1268
313.1202
313.1085
313.081
313.0379
313.0314
313.0217
313.0104
312.9983
312.9918
312.991
312.9902
312.9894
312.9885
312.9876
312.9867
312.9858
312.9848
312.9838
312.9827
312.9818
312.981
312.9807
312.9812
312.9819
313.1496
313.1487
313.1478
313.1471
313.1465
313.1448
313.1417
313.1388
313.135
313.128
313.1185
313.1077
313.093
313.0706
313.034
313.0041
313.0015
312.997
312.9908
312.9837
312.9795
312.979
312.9784
312.9778
312.977
312.9763
312.9755
312.9746
312.9737
312.9727
312.9715
312.9704
312.9694
312.9686
312.9683
312.9686
312.9705
313.1496
313.1487
313.1479
313.1472
313.1468
313.1448
313.141
313.1372
313.1317
313.1217
313.1081
313.0929
313.0735
313.0468
313.01
312.9858
312.9844
312.9817
312.978
312.9733
312.9706
312.9703
312.9699
312.9693
312.9687
312.968
312.9673
312.9665
312.9655
312.9645
312.9634
312.9621
312.9609
312.9598
312.9589
312.9583
312.9597
312.9621
313.1496
313.1488
313.148
313.1474
313.147
313.1448
313.1405
313.136
313.1292
313.117
313.1009
313.0831
313.0613
313.033
312.9972
312.9759
312.975
312.9731
312.9704
312.9671
312.965
312.9648
312.9645
312.9641
312.9636
312.9629
312.9623
312.9615
312.9606
312.9596
312.9585
312.9572
312.9558
312.9545
312.9532
312.9521
312.9524
312.9543
312.9571
313.1496
313.1488
313.148
313.1474
313.1471
313.1448
313.1402
313.1354
313.1278
313.1145
313.0973
313.0783
313.0554
313.0268
312.9917
312.9713
312.9707
312.9693
312.967
312.9642
312.9624
312.9622
312.962
312.9617
312.9612
312.9607
312.96
312.9593
312.9584
312.9575
312.9563
312.9551
312.9537
312.9523
312.9508
312.9492
312.9491
312.9499
312.9521
312.9551
313.1488
313.148
313.1474
313.1471
313.1448
313.1403
313.1355
313.1277
313.1143
313.0972
313.0783
313.0555
313.0267
312.9917
312.9713
312.9705
312.9692
312.9671
312.9642
312.9624
312.9622
312.9619
312.9617
312.9613
312.9608
312.9602
312.9595
312.9587
312.9578
312.9567
312.9555
312.9541
312.9527
312.9511
312.9494
312.9488
312.9491
312.9504
312.9528
312.956
313.148
313.1474
313.147
313.1448
313.1406
313.1362
313.129
313.1165
313.1006
313.0831
313.0614
313.0331
312.9972
312.9758
312.9748
312.973
312.9705
312.9672
312.9651
312.9648
312.9645
312.9641
312.9638
312.9633
312.9628
312.9622
312.9614
312.9605
312.9595
312.9584
312.957
312.9556
312.9541
312.9523
312.9516
312.9516
312.9522
312.9537
312.9563
312.9595
313.1472
313.1468
313.1449
313.1412
313.1375
313.1314
313.1209
313.1077
313.0928
313.0736
313.047
313.01
312.9857
312.9843
312.9816
312.9779
312.9734
312.9706
312.9702
312.9698
312.9694
312.969
312.9686
312.9681
312.9675
312.9668
312.966
312.965
312.964
312.9628
312.9614
312.96
312.9582
312.9575
312.9573
312.9577
312.9586
312.9603
312.963
312.9663
313.1465
313.1448
313.1419
313.1391
313.1348
313.1275
313.1182
313.1075
313.093
313.0707
313.0342
313.0042
313.0015
312.9969
312.9908
312.9835
312.9795
312.9791
312.9786
312.9781
312.9775
312.977
312.9765
312.976
312.9753
312.9746
312.9737
312.9727
312.9716
312.9704
312.9691
312.9674
312.9668
312.9666
312.9668
312.9675
312.9688
312.9707
312.9734
312.9766
313.1444
313.1424
313.1408
313.1387
313.1353
313.1313
313.1267
313.1202
313.1085
313.0812
313.0381
313.0315
313.0216
313.0103
312.9982
312.9917
312.9912
312.9906
312.9898
312.9891
312.9885
312.9879
312.9873
312.9867
312.9859
312.9851
312.9842
312.9832
312.9822
312.9811
312.9795
312.979
312.979
312.9793
312.98
312.9811
312.9826
312.9845
312.9873
312.9905
313.1425
313.1415
313.1405
313.1395
313.1385
313.1374
313.1364
313.1352
313.134
313.1124
313.0815
313.0563
313.0345
313.0148
313.005
313.0041
313.0033
313.0024
313.0015
313.0006
312.9999
312.9992
312.9985
312.9978
312.997
312.9961
312.9952
312.9943
312.9934
312.9921
312.9918
312.9919
312.9924
312.9932
312.9943
312.9958
312.9975
312.9996
313.0024
313.0131
313.1415
313.1405
313.1395
313.1385
313.1374
313.1364
313.1353
313.1343
313.1203
313.0943
313.0698
313.0465
313.0243
313.0132
313.0121
313.0111
313.0102
313.0092
313.0083
313.0075
313.0067
313.006
313.0053
313.0046
313.0038
313.003
313.0021
313.0013
313.0002
313
313.0003
313.0009
313.0017
313.0028
313.0042
313.0058
313.0076
313.0098
313.021
313.0411
313.1405
313.1395
313.1385
313.1375
313.1365
313.1355
313.1345
313.122
313.0981
313.0745
313.0514
313.0287
313.017
313.0159
313.0148
313.0138
313.0129
313.012
313.0111
313.0103
313.0096
313.0089
313.0082
313.0075
313.0067
313.006
313.0052
313.0041
313.0041
313.0045
313.0052
313.006
313.0072
313.0085
313.01
313.0116
313.0135
313.0245
313.0448
313.0652
313.1395
313.1385
313.1375
313.1365
313.1355
313.1346
313.1225
313.0993
313.0762
313.0533
313.0306
313.0186
313.0174
313.0163
313.0153
313.0142
313.0134
313.0126
313.0118
313.011
313.0103
313.0096
313.0089
313.0082
313.0075
313.0068
313.0058
313.0058
313.0063
313.0071
313.008
313.0091
313.0105
313.0119
313.0134
313.0151
313.026
313.0462
313.0665
313.0866
313.1385
313.1375
313.1365
313.1356
313.1347
313.1227
313.0997
313.0767
313.0539
313.0312
313.0192
313.018
313.0168
313.0157
313.0147
313.0138
313.013
313.0123
313.0115
313.0108
313.0101
313.0094
313.0087
313.0081
313.0074
313.0064
313.0064
313.0069
313.0078
313.0088
313.0101
313.0114
313.0127
313.0142
313.0158
313.0266
313.0467
313.0668
313.0869
313.1067
313.1495
313.1484
313.1473
313.146
313.1446
313.1433
313.1424
313.1414
313.1405
313.1395
313.1385
313.1375
313.1365
313.1356
313.1347
313.1227
313.0996
313.0766
313.0536
313.0307
313.0187
313.0175
313.0162
313.0149
313.0136
313.0125
313.0114
313.0105
313.0097
313.0092
313.0092
313.0094
313.1495
313.1484
313.1473
313.1461
313.1446
313.1433
313.1424
313.1414
313.1405
313.1395
313.1385
313.1375
313.1365
313.1355
313.1346
313.1225
313.0992
313.0761
313.0531
313.0303
313.0183
313.0171
313.0159
313.0147
313.0134
313.0122
313.0111
313.0101
313.0092
313.0084
313.008
313.008
313.0083
313.1495
313.1485
313.1474
313.1462
313.1448
313.1434
313.1424
313.1415
313.1405
313.1395
313.1385
313.1375
313.1365
313.1354
313.1345
313.1219
313.098
313.0744
313.0513
313.0286
313.0169
313.0157
313.0145
313.0134
313.0122
313.011
313.0099
313.0088
313.0078
313.0069
313.0061
313.0057
313.0058
313.0063
313.1495
313.1485
313.1475
313.1464
313.145
313.1435
313.1425
313.1415
313.1405
313.1395
313.1385
313.1374
313.1364
313.1353
313.1342
313.1202
313.0942
313.0697
313.0465
313.0244
313.0132
313.012
313.0109
313.0098
313.0086
313.0075
313.0064
313.0054
313.0043
313.0033
313.0023
313.0016
313.0012
313.0015
313.002
313.1495
313.1486
313.1476
313.1466
313.1454
313.1436
313.1425
313.1415
313.1405
313.1395
313.1384
313.1374
313.1363
313.1352
313.1339
313.1123
313.0813
313.0563
313.0346
313.0149
313.0051
313.0041
313.0031
313.002
313.001
312.9999
312.9989
312.9979
312.9969
312.9958
312.9947
312.9938
312.9931
312.9927
312.9931
312.9937
313.1495
313.1486
313.1477
313.1468
313.146
313.1444
313.1424
313.1406
313.1387
313.1356
313.1315
313.1268
313.1202
313.1085
313.0811
313.0379
313.0314
313.0217
313.0104
312.9983
312.9918
312.9911
312.9904
312.9896
312.9887
312.9879
312.987
312.9861
312.9851
312.9841
312.983
312.9819
312.9809
312.9802
312.9799
312.9802
312.9819
313.1496
313.1487
313.1478
313.1471
313.1465
313.1448
313.1417
313.1389
313.135
313.128
313.1185
313.1077
313.093
313.0705
313.034
313.0041
313.0016
312.997
312.9908
312.9836
312.9795
312.9791
312.9786
312.978
312.9772
312.9765
312.9758
312.9749
312.974
312.973
312.9719
312.9707
312.9695
312.9684
312.9676
312.9671
312.9684
312.9708
313.1496
313.1487
313.1479
313.1472
313.1468
313.1448
313.141
313.1373
313.1316
313.1216
313.1081
313.0929
313.0735
313.0467
313.0098
312.9858
312.9845
312.9818
312.978
312.9733
312.9705
312.9703
312.9699
312.9695
312.9689
312.9682
312.9675
312.9668
312.9659
312.9649
312.9638
312.9625
312.9612
312.9599
312.9587
312.9576
312.958
312.9599
312.9627
313.1496
313.1488
313.148
313.1474
313.147
313.1448
313.1405
313.1361
313.1291
313.1168
313.1009
313.0831
313.0613
313.033
312.9972
312.9757
312.975
312.9732
312.9705
312.9671
312.965
312.9647
312.9645
312.9642
312.9637
312.9632
312.9625
312.9617
312.9609
312.96
312.9588
312.9576
312.9563
312.9548
312.9534
312.9518
312.9517
312.9526
312.9548
312.9578
313.1488
313.148
313.1474
313.1471
313.1448
313.1403
313.1355
313.1277
313.1143
313.0972
313.0783
313.0555
313.0267
312.9917
312.9713
312.9705
312.9692
312.9671
312.9642
312.9624
312.9622
312.9619
312.9617
312.9613
312.9608
312.9602
312.9595
312.9587
312.9578
312.9567
312.9555
312.9541
312.9527
312.9511
312.9494
312.9488
312.9491
312.9504
312.9528
312.956
313.148
313.1474
313.1471
313.1448
313.1403
313.1356
313.1277
313.1141
313.097
313.0783
313.0556
313.0269
312.9917
312.9713
312.9705
312.969
312.9671
312.9643
312.9625
312.9622
312.962
312.9616
312.9613
312.9609
312.9604
312.9597
312.9589
312.958
312.9571
312.9559
312.9545
312.9531
312.9516
312.9497
312.9489
312.9489
312.9496
312.951
312.9536
312.9568
313.1474
313.147
313.1449
313.1406
313.1363
313.129
313.1163
313.1005
313.083
313.0614
313.0333
312.9974
312.9757
312.9748
312.973
312.9703
312.9672
312.9651
312.9648
312.9645
312.9641
312.9637
312.9633
312.9629
312.9623
312.9616
312.9607
312.9598
312.9587
312.9574
312.956
312.9545
312.9527
312.9519
312.9517
312.952
312.9529
312.9545
312.9572
312.9604
313.1468
313.1449
313.1412
313.1376
313.1314
313.1209
313.1076
313.0927
313.0736
313.047
313.0102
312.9859
312.9843
312.9817
312.9779
312.9732
312.9706
312.9703
312.9699
312.9694
312.969
312.9685
312.9681
312.9676
312.967
312.9662
312.9653
312.9642
312.9631
312.9618
312.9604
312.9587
312.9579
312.9576
312.9578
312.9584
312.9595
312.9613
312.964
312.9672
313.1448
313.1419
313.1391
313.1348
313.1274
313.1182
313.1075
313.093
313.0707
313.0343
313.0044
313.0017
312.9969
312.9908
312.9835
312.9793
312.9791
312.9787
312.9781
312.9775
312.977
312.9765
312.976
312.9754
312.9747
312.9739
312.9729
312.9719
312.9708
312.9695
312.9678
312.9672
312.967
312.9671
312.9676
312.9686
312.9699
312.9717
312.9744
312.9777
313.1424
313.1408
313.1386
313.1353
313.1313
313.1267
313.1202
313.1085
313.0812
313.0382
313.0317
313.0218
313.0103
312.9982
312.9917
312.991
312.9905
312.9899
312.9892
312.9885
312.9879
312.9872
312.9867
312.986
312.9852
312.9844
312.9834
312.9824
312.9814
312.98
312.9794
312.9794
312.9797
312.9803
312.9812
312.9824
312.9839
312.9858
312.9886
312.9979
313.1415
313.1405
313.1395
313.1385
313.1374
313.1364
313.1352
313.134
313.1124
313.0815
313.0564
313.0346
313.0148
313.005
313.0041
313.0032
313.0024
313.0015
313.0007
312.9999
312.9991
312.9984
312.9978
312.997
312.9962
312.9954
312.9945
312.9936
312.9924
312.9921
312.9923
312.9928
312.9935
312.9946
312.9959
312.9973
312.999
313.0012
313.0117
313.0309
313.1405
313.1395
313.1385
313.1374
313.1364
313.1353
313.1343
313.1203
313.0943
313.0698
313.0466
313.0244
313.0132
313.0121
313.0111
313.0101
313.0092
313.0083
313.0075
313.0067
313.006
313.0052
313.0046
313.0038
313.003
313.0023
313.0014
313.0003
313.0002
313.0006
313.0012
313.0021
313.0032
313.0045
313.0059
313.0075
313.0093
313.02
313.0402
313.061
313.1395
313.1385
313.1375
313.1365
313.1355
313.1345
313.122
313.098
313.0745
313.0515
313.0289
313.0171
313.0159
313.0148
313.0138
313.0128
313.012
313.0112
313.0104
313.0096
313.0089
313.0082
313.0075
313.0068
313.0061
313.0053
313.0043
313.0042
313.0047
313.0055
313.0064
313.0075
313.0088
313.0102
313.0117
313.0134
313.0241
313.0443
313.0648
313.0853
313.1385
313.1375
313.1365
313.1355
313.1346
313.1225
313.0993
313.0762
313.0533
313.0306
313.0188
313.0175
313.0163
313.0153
313.0142
313.0133
313.0126
313.0118
313.011
313.0103
313.0096
313.0089
313.0082
313.0076
313.0069
313.0059
313.0059
313.0064
313.0073
313.0083
313.0095
313.0108
313.0122
313.0137
313.0152
313.0259
313.046
313.0662
313.0864
313.1064
313.1375
313.1365
313.1356
313.1347
313.1227
313.0997
313.0767
313.0539
313.0312
313.0193
313.0181
313.0169
313.0157
313.0147
313.0138
313.013
313.0123
313.0115
313.0108
313.0101
313.0093
313.0087
313.0081
313.0074
313.0065
313.0066
313.0071
313.0079
313.009
313.0103
313.0118
313.0131
313.0145
313.016
313.0267
313.0467
313.0668
313.0869
313.1068
313.1173
313.1495
313.1484
313.1473
313.146
313.1446
313.1433
313.1424
313.1414
313.1405
313.1395
313.1385
313.1375
313.1365
313.1356
313.1347
313.1227
313.0996
313.0766
313.0537
313.0308
313.0188
313.0176
313.0164
313.0152
313.0139
313.0127
313.0116
313.0106
313.0097
313.0089
313.0085
313.0084
313.0088
313.1495
313.1484
313.1473
313.1461
313.1446
313.1433
313.1424
313.1414
313.1405
313.1395
313.1385
313.1375
313.1365
313.1355
313.1346
313.1225
313.0992
313.0761
313.0531
313.0303
313.0184
313.0172
313.016
313.0148
313.0136
313.0125
313.0114
313.0103
313.0093
313.0084
313.0077
313.0072
313.0073
313.0077
313.1495
313.1485
313.1474
313.1462
313.1448
313.1434
313.1424
313.1415
313.1405
313.1395
313.1385
313.1375
313.1365
313.1354
313.1345
313.1219
313.098
313.0744
313.0513
313.0287
313.017
313.0158
313.0147
313.0135
313.0123
313.0112
313.0102
313.0091
313.008
313.007
313.0061
313.0054
313.005
313.0052
313.0057
313.1495
313.1485
313.1475
313.1464
313.145
313.1435
313.1425
313.1415
313.1405
313.1395
313.1385
313.1374
313.1364
313.1353
313.1342
313.1202
313.0942
313.0696
313.0465
313.0244
313.0133
313.0121
313.011
313.0099
313.0088
313.0077
313.0067
313.0056
313.0046
313.0035
313.0025
313.0015
313.0008
313.0005
313.0008
313.0012
313.1495
313.1486
313.1476
313.1466
313.1454
313.1436
313.1425
313.1415
313.1405
313.1395
313.1385
313.1374
313.1363
313.1352
313.1339
313.1124
313.0813
313.0563
313.0346
313.0149
313.0051
313.0042
313.0032
313.0021
313.0011
313.0001
312.9992
312.9982
312.9972
312.9961
312.995
312.9939
312.993
312.9923
312.992
312.9922
312.9938
313.1495
313.1486
313.1477
313.1468
313.146
313.1444
313.1424
313.1407
313.1387
313.1355
313.1314
313.1268
313.1202
313.1084
313.0811
313.038
313.0314
313.0217
313.0104
312.9983
312.9918
312.9912
312.9905
312.9897
312.9889
312.988
312.9872
312.9864
312.9854
312.9844
312.9833
312.9822
312.981
312.9801
312.9793
312.9788
312.9801
312.9824
313.1496
313.1487
313.1478
313.1471
313.1465
313.1448
313.1418
313.1389
313.135
313.1279
313.1185
313.1076
313.093
313.0705
313.0339
313.0041
313.0016
312.997
312.9908
312.9836
312.9794
312.9791
312.9786
312.9781
312.9774
312.9767
312.976
312.9752
312.9743
312.9733
312.9723
312.9711
312.9698
312.9686
312.9675
312.9664
312.9668
312.9688
312.9715
313.1496
313.1487
313.1479
313.1472
313.1468
313.1449
313.1411
313.1373
313.1315
313.1214
313.108
313.0929
313.0735
313.0468
313.0098
312.9856
312.9844
312.9818
312.978
312.9733
312.9705
312.9702
312.9699
312.9695
312.969
312.9684
312.9677
312.967
312.9662
312.9652
312.9641
312.9629
312.9616
312.9602
312.9588
312.9574
312.9573
312.9582
312.9604
312.9634
313.1488
313.148
313.1474
313.147
313.1448
313.1406
313.1361
313.129
313.1166
313.1008
313.0831
313.0613
313.033
312.9972
312.9757
312.9748
312.9731
312.9705
312.9671
312.965
312.9648
312.9644
312.9642
312.9638
312.9633
312.9627
312.9619
312.9611
312.9603
312.9592
312.958
312.9567
312.9552
312.9537
312.952
312.9514
312.9518
312.953
312.9554
312.9587
313.148
313.1474
313.1471
313.1448
313.1403
313.1356
313.1277
313.1141
313.097
313.0783
313.0556
313.0269
312.9917
312.9713
312.9705
312.969
312.9671
312.9643
312.9625
312.9622
312.962
312.9616
312.9613
312.9609
312.9604
312.9597
312.9589
312.958
312.9571
312.9559
312.9545
312.9531
312.9516
312.9497
312.9489
312.9489
312.9496
312.951
312.9536
312.9568
313.1474
313.1471
313.1448
313.1403
313.1356
313.1276
313.1139
313.0969
313.0782
313.0556
313.027
312.9919
312.9713
312.9706
312.9691
312.9669
312.9643
312.9626
312.9623
312.962
312.9616
312.9612
312.9609
312.9604
312.9598
312.9591
312.9583
312.9573
312.9562
312.9549
312.9535
312.952
312.9501
312.9493
312.949
312.9493
312.9502
312.9518
312.9544
312.9576
313.147
313.1449
313.1407
313.1364
313.1288
313.1162
313.1004
313.0829
313.0614
313.0333
312.9976
312.9759
312.9748
312.973
312.9703
312.967
312.9651
312.9649
312.9645
312.9641
312.9637
312.9632
312.9629
312.9624
312.9617
312.961
312.96
312.9589
312.9578
312.9565
312.955
312.9532
312.9523
312.952
312.9521
312.9526
312.9537
312.9554
312.958
312.9612
313.1449
313.1412
313.1376
313.1313
313.1207
313.1076
313.0926
313.0735
313.047
313.0103
312.9861
312.9845
312.9816
312.9779
312.9732
312.9704
312.9703
312.97
312.9695
312.969
312.9685
312.968
312.9676
312.967
312.9663
312.9655
312.9645
312.9634
312.9622
312.9608
312.9591
312.9583
312.9581
312.9581
312.9585
312.9593
312.9605
312.9622
312.9649
312.9681
313.1419
313.1391
313.1348
313.1273
313.1181
313.1075
313.0929
313.0707
313.0343
313.0045
313.0019
312.9971
312.9908
312.9836
312.9793
312.9789
312.9786
312.9782
312.9776
312.977
312.9765
312.9759
312.9754
312.9748
312.974
312.9731
312.9721
312.971
312.9698
312.9683
312.9676
312.9674
312.9676
312.9679
312.9687
312.9697
312.971
312.9728
312.9755
312.9837
313.1407
313.1387
313.1353
313.1313
313.1267
313.1202
313.1085
313.0812
313.0383
313.0318
313.022
313.0105
312.9982
312.9917
312.991
312.9904
312.9899
312.9892
312.9885
312.9878
312.9872
312.9866
312.986
312.9853
312.9845
312.9836
312.9826
312.9816
312.9803
312.9798
312.9798
312.9801
312.9807
312.9815
312.9824
312.9836
312.9851
312.9871
312.9961
313.0114
313.1405
313.1395
313.1385
313.1374
313.1364
313.1352
313.134
313.1124
313.0815
313.0565
313.0348
313.0149
313.005
313.0041
313.0032
313.0023
313.0015
313.0007
312.9999
312.9991
312.9984
312.9977
312.997
312.9963
312.9955
312.9947
312.9938
312.9926
312.9924
312.9927
312.9932
312.9939
312.9949
312.9961
312.9974
312.9989
313.0006
313.0106
313.0297
313.0502
313.1395
313.1385
313.1374
313.1364
313.1353
313.1343
313.1203
313.0943
313.0698
313.0467
313.0246
313.0133
313.0121
313.0111
313.0101
313.0091
313.0083
313.0075
313.0067
313.006
313.0052
313.0045
313.0038
313.0031
313.0024
313.0016
313.0005
313.0004
313.0008
313.0016
313.0024
313.0036
313.0048
313.0061
313.0076
313.0092
313.0196
313.0395
313.0604
313.0819
313.1385
313.1375
313.1365
313.1355
313.1345
313.122
313.098
313.0745
313.0515
313.029
313.0173
313.016
313.0148
313.0138
313.0128
313.0119
313.0112
313.0104
313.0096
313.0089
313.0081
313.0074
313.0068
313.0061
313.0054
313.0044
313.0044
313.0049
313.0057
313.0067
313.0079
313.0092
313.0105
313.012
313.0135
313.0241
313.044
313.0645
313.0851
313.1056
313.1375
313.1365
313.1355
313.1346
313.1225
313.0993
313.0762
313.0533
313.0306
313.0188
313.0176
313.0164
313.0152
313.0142
313.0133
313.0125
313.0118
313.0111
313.0103
313.0096
313.0089
313.0082
313.0076
313.0069
313.006
313.006
313.0066
313.0074
313.0085
313.0098
313.0112
313.0125
313.0139
313.0155
313.0261
313.046
313.0662
313.0864
313.1066
313.1171
313.1365
313.1356
313.1347
313.1227
313.0997
313.0767
313.0539
313.0312
313.0193
313.0182
313.017
313.0158
313.0147
313.0138
313.013
313.0122
313.0115
313.0108
313.0101
313.0093
313.0087
313.008
313.0074
313.0066
313.0066
313.0072
313.0081
313.0092
313.0106
313.012
313.0135
313.0149
313.0163
313.0269
313.0468
313.0669
313.0871
313.1071
313.1176
313.1191
313.1495
313.1484
313.1473
313.146
313.1446
313.1433
313.1424
313.1414
313.1405
313.1395
313.1385
313.1375
313.1365
313.1356
313.1347
313.1227
313.0996
313.0766
313.0537
313.0309
313.0189
313.0177
313.0165
313.0153
313.0141
313.0129
313.0118
313.0108
313.0098
313.0089
313.0081
313.0077
313.0078
313.0082
313.1495
313.1484
313.1473
313.1461
313.1446
313.1433
313.1424
313.1414
313.1405
313.1395
313.1385
313.1375
313.1365
313.1355
313.1346
313.1225
313.0992
313.0761
313.0531
313.0304
313.0185
313.0173
313.0161
313.015
313.0138
313.0127
313.0116
313.0105
313.0095
313.0085
313.0076
313.0069
313.0065
313.0066
313.0071
313.1495
313.1485
313.1474
313.1462
313.1448
313.1434
313.1424
313.1415
313.1405
313.1395
313.1385
313.1375
313.1365
313.1354
313.1345
313.1219
313.0979
313.0744
313.0513
313.0287
313.0171
313.0159
313.0148
313.0136
313.0125
313.0114
313.0104
313.0094
313.0083
313.0072
313.0062
313.0053
313.0046
313.0042
313.0045
313.0048
313.1495
313.1485
313.1475
313.1464
313.145
313.1435
313.1425
313.1415
313.1405
313.1395
313.1385
313.1374
313.1364
313.1353
313.1342
313.1202
313.0942
313.0696
313.0464
313.0244
313.0133
313.0122
313.0111
313.01
313.0089
313.0079
313.0069
313.0059
313.0049
313.0038
313.0027
313.0017
313.0007
313.0001
312.9997
312.9999
313.0013
313.1495
313.1486
313.1476
313.1466
313.1454
313.1436
313.1425
313.1415
313.1405
313.1395
313.1385
313.1374
313.1363
313.1352
313.1339
313.1124
313.0814
313.0563
313.0346
313.0149
313.0051
313.0042
313.0033
313.0023
313.0013
313.0003
312.9994
312.9984
312.9974
312.9964
312.9953
312.9942
312.9931
312.9922
312.9915
312.991
312.9923
312.9944
313.1495
313.1486
313.1477
313.1468
313.146
313.1444
313.1424
313.1407
313.1387
313.1355
313.1314
313.1268
313.1202
313.1084
313.081
313.038
313.0315
313.0217
313.0104
312.9983
312.9917
312.9912
312.9905
312.9898
312.989
312.9882
312.9874
312.9866
312.9857
312.9847
312.9837
312.9825
312.9813
312.9802
312.9792
312.9782
312.9787
312.9806
312.9832
313.1496
313.1487
313.1478
313.1471
313.1465
313.1448
313.1418
313.1389
313.1349
313.1278
313.1185
313.1076
313.0929
313.0705
313.0339
313.004
313.0016
312.9971
312.9909
312.9836
312.9794
312.979
312.9786
312.9781
312.9775
312.9769
312.9762
312.9754
312.9746
312.9737
312.9726
312.9714
312.9702
312.9689
312.9676
312.9662
312.9661
312.9671
312.9694
312.9723
313.1487
313.1479
313.1472
313.1468
313.1449
313.1411
313.1374
313.1315
313.1212
313.108
313.0929
313.0735
313.0467
313.0099
312.9856
312.9843
312.9818
312.9781
312.9734
312.9705
312.9702
312.9698
312.9695
312.9691
312.9685
312.9679
312.9672
312.9664
312.9655
312.9645
312.9633
312.962
312.9606
312.9592
312.9575
312.957
312.9574
312.9587
312.9612
312.9643
313.148
313.1474
313.147
313.1448
313.1406
313.1362
313.129
313.1165
313.1006
313.0831
313.0614
313.0331
312.9972
312.9758
312.9748
312.973
312.9705
312.9672
312.965
312.9648
312.9645
312.9641
312.9638
312.9633
312.9628
312.9622
312.9614
312.9605
312.9595
312.9584
312.957
312.9556
312.9541
312.9523
312.9516
312.9516
312.9522
312.9537
312.9563
312.9595
313.1474
313.1471
313.1448
313.1403
313.1356
313.1276
313.1139
313.0969
313.0782
313.0556
313.027
312.9919
312.9713
312.9706
312.9691
312.9669
312.9643
312.9626
312.9623
312.962
312.9616
312.9612
312.9609
312.9604
312.9598
312.9591
312.9583
312.9573
312.9562
312.9549
312.9535
312.952
312.9501
312.9493
312.949
312.9493
312.9502
312.9518
312.9544
312.9576
313.1471
313.1448
313.1404
313.1357
313.1275
313.1138
313.0967
313.0781
313.0556
313.0271
312.9921
312.9715
312.9705
312.9691
312.9669
312.9641
312.9625
312.9624
312.962
312.9616
312.9612
312.9608
312.9604
312.9599
312.9593
312.9585
312.9575
312.9565
312.9553
312.9539
312.9524
312.9506
312.9497
312.9493
312.9494
312.9499
312.951
312.9526
312.9552
312.9584
313.1449
313.1407
313.1364
313.1288
313.1159
313.1003
313.0828
313.0613
313.0333
312.9977
312.9762
312.975
312.973
312.9704
312.967
312.9649
312.9649
312.9646
312.9642
312.9637
312.9633
312.9628
312.9624
312.9618
312.9611
312.9603
312.9592
312.9581
312.9568
312.9554
312.9536
312.9528
312.9524
312.9524
312.9527
312.9535
312.9546
312.9562
312.9588
312.962
313.1413
313.1376
313.1313
313.1205
313.1075
313.0926
313.0734
313.047
313.0103
312.9862
312.9847
312.9819
312.9779
312.9733
312.9704
312.9701
312.9699
312.9696
312.969
312.9685
312.968
312.9675
312.967
312.9664
312.9656
312.9647
312.9636
312.9625
312.9612
312.9595
312.9588
312.9585
312.9585
312.9588
312.9594
312.9602
312.9614
312.9631
312.9657
312.9732
313.1391
313.1349
313.1273
313.1181
313.1074
313.0929
313.0706
313.0342
313.0045
313.002
312.9973
312.991
312.9835
312.9794
312.9789
312.9785
312.9781
312.9776
312.977
312.9765
312.9759
312.9753
312.9748
312.9741
312.9733
312.9723
312.9712
312.9701
312.9686
312.968
312.9678
312.968
312.9684
312.969
312.9697
312.9707
312.972
312.9738
312.9815
312.9942
313.139
313.1354
313.1313
313.1267
313.1202
313.1085
313.0812
313.0382
313.0318
313.0221
313.0107
312.9984
312.9917
312.9911
312.9904
312.9897
312.9892
312.9886
312.9879
312.9872
312.9866
312.9859
312.9853
312.9846
312.9837
312.9828
312.9818
312.9805
312.9801
312.9802
312.9805
312.9811
312.9819
312.9827
312.9837
312.9849
312.9864
312.9946
313.0096
313.0246
313.1395
313.1385
313.1374
313.1363
313.1352
313.134
313.1124
313.0815
313.0565
313.0349
313.0151
313.0052
313.0041
313.0032
313.0023
313.0014
313.0007
313
312.9992
312.9984
312.9977
312.997
312.9963
312.9955
312.9948
312.9939
312.9928
312.9926
312.9929
312.9936
312.9943
312.9953
312.9965
312.9976
312.999
313.0005
313.0101
313.0288
313.0493
313.0719
313.1385
313.1374
313.1364
313.1353
313.1343
313.1203
313.0943
313.0698
313.0467
313.0247
313.0135
313.0123
313.0111
313.0101
313.0091
313.0082
313.0075
313.0068
313.006
313.0052
313.0045
313.0038
313.0031
313.0024
313.0017
313.0007
313.0006
313.001
313.0018
313.0028
313.0039
313.0052
313.0065
313.0078
313.0093
313.0195
313.0393
313.06
313.0817
313.1039
313.1375
313.1365
313.1355
313.1345
313.122
313.098
313.0745
313.0515
313.029
313.0174
313.0162
313.015
313.0138
313.0128
313.0119
313.0111
313.0104
313.0096
313.0089
313.0081
313.0074
313.0067
313.0061
313.0054
313.0045
313.0045
313.005
313.0058
313.0069
313.0082
313.0096
313.0109
313.0123
313.0137
313.0242
313.044
313.0644
313.0851
313.1058
313.1167
313.1365
313.1355
313.1346
313.1225
313.0993
313.0762
313.0533
313.0306
313.0188
313.0177
313.0166
313.0154
313.0142
313.0133
313.0125
313.0117
313.0111
313.0104
313.0096
313.0089
313.0082
313.0075
313.0069
313.0061
313.0061
313.0067
313.0076
313.0087
313.01
313.0115
313.0129
313.0143
313.0157
313.0263
313.0461
313.0663
313.0866
313.1068
313.1174
313.1189
313.1356
313.1347
313.1227
313.0997
313.0767
313.0539
313.0311
313.0193
313.0182
313.0171
313.016
313.0148
313.0138
313.013
313.0122
313.0114
313.0108
313.0101
313.0094
313.0087
313.008
313.0074
313.0066
313.0067
313.0073
313.0082
313.0093
313.0107
313.0122
313.0137
313.0152
313.0167
313.0272
313.047
313.067
313.0872
313.1074
313.118
313.1194
313.1209
313.1495
313.1484
313.1473
313.146
313.1446
313.1433
313.1424
313.1414
313.1405
313.1395
313.1385
313.1375
313.1365
313.1356
313.1347
313.1227
313.0996
313.0766
313.0537
313.0309
313.019
313.0178
313.0166
313.0154
313.0143
313.0132
313.0121
313.011
313.01
313.009
313.0081
313.0074
313.007
313.0071
313.0076
313.1495
313.1484
313.1473
313.1461
313.1446
313.1433
313.1424
313.1414
313.1405
313.1395
313.1385
313.1375
313.1365
313.1355
313.1346
313.1225
313.0992
313.0761
313.0532
313.0304
313.0186
313.0174
313.0162
313.0151
313.014
313.0129
313.0119
313.0108
313.0098
313.0087
313.0077
313.0068
313.0061
313.0058
313.006
313.0063
313.1495
313.1485
313.1474
313.1462
313.1448
313.1434
313.1424
313.1415
313.1405
313.1395
313.1385
313.1375
313.1365
313.1354
313.1345
313.1219
313.0979
313.0744
313.0513
313.0287
313.0171
313.016
313.0149
313.0137
313.0126
313.0116
313.0106
313.0096
313.0086
313.0075
313.0065
313.0054
313.0045
313.0039
313.0035
313.0036
313.005
313.1495
313.1485
313.1475
313.1464
313.145
313.1435
313.1425
313.1415
313.1405
313.1395
313.1385
313.1374
313.1364
313.1353
313.1342
313.1202
313.0942
313.0696
313.0464
313.0244
313.0133
313.0123
313.0112
313.0101
313.009
313.008
313.0071
313.0061
313.0051
313.0041
313.003
313.0019
313.0009
313
312.9993
312.9988
313
313.002
313.1495
313.1486
313.1476
313.1466
313.1454
313.1436
313.1425
313.1415
313.1405
313.1395
313.1385
313.1374
313.1363
313.1352
313.1339
313.1124
313.0814
313.0563
313.0346
313.0148
313.0051
313.0042
313.0033
313.0024
313.0014
313.0004
312.9995
312.9986
312.9977
312.9967
312.9956
312.9945
312.9934
312.9923
312.9914
312.9904
312.991
312.9928
312.9953
313.1495
313.1486
313.1477
313.1468
313.146
313.1444
313.1424
313.1407
313.1387
313.1355
313.1314
313.1268
313.1202
313.1084
313.081
313.0379
313.0315
313.0218
313.0104
312.9983
312.9917
312.9911
312.9905
312.9899
312.9891
312.9884
312.9876
312.9868
312.986
312.985
312.984
312.9829
312.9817
312.9805
312.9793
312.978
312.978
312.9791
312.9813
312.9841
313.1487
313.1478
313.1471
313.1465
313.1448
313.1418
313.139
313.1349
313.1277
313.1184
313.1077
313.093
313.0705
313.0339
313.004
313.0015
312.997
312.9909
312.9837
312.9794
312.979
312.9785
312.9781
312.9776
312.977
312.9764
312.9756
312.9748
312.974
312.973
312.9718
312.9706
312.9693
312.9679
312.9663
312.9659
312.9664
312.9677
312.9702
312.9734
313.1479
313.1472
313.1468
313.1449
313.1412
313.1374
313.1314
313.1211
313.1078
313.0929
313.0736
313.0468
313.0098
312.9857
312.9843
312.9816
312.978
312.9734
312.9705
312.9702
312.9698
312.9694
312.9691
312.9686
312.9681
312.9674
312.9666
312.9658
312.9648
312.9637
312.9624
312.961
312.9596
312.9578
312.9571
312.9572
312.9579
312.9594
312.9621
312.9653
313.1474
313.147
313.1449
313.1406
313.1363
313.129
313.1163
313.1005
313.083
313.0614
313.0333
312.9974
312.9757
312.9748
312.973
312.9703
312.9672
312.9651
312.9648
312.9645
312.9641
312.9637
312.9633
312.9629
312.9623
312.9616
312.9607
312.9598
312.9587
312.9574
312.956
312.9545
312.9527
312.9519
312.9517
312.952
312.9529
312.9545
312.9572
312.9604
313.1471
313.1448
313.1404
313.1357
313.1275
313.1138
313.0967
313.0781
313.0556
313.0271
312.9921
312.9715
312.9705
312.9691
312.9669
312.9641
312.9625
312.9624
312.962
312.9616
312.9612
312.9608
312.9604
312.9599
312.9593
312.9585
312.9575
312.9565
312.9553
312.9539
312.9524
312.9506
312.9497
312.9493
312.9494
312.9499
312.951
312.9526
312.9552
312.9584
313.1449
313.1404
313.1358
313.1274
313.1135
313.0966
313.078
313.0555
313.0271
312.9922
312.9718
312.9708
312.9691
312.9669
312.9641
312.9623
312.9623
312.9621
312.9617
312.9612
312.9608
312.9603
312.9599
312.9593
312.9586
312.9578
312.9567
312.9555
312.9543
312.9528
312.951
312.9502
312.9498
312.9497
312.95
312.9507
312.9518
312.9534
312.956
312.9592
313.1408
313.1365
313.1288
313.1158
313.1001
313.0828
313.0612
313.0333
312.9977
312.9763
312.9753
312.9732
312.9703
312.967
312.9649
312.9647
312.9646
312.9642
312.9638
312.9633
312.9628
312.9623
312.9618
312.9612
312.9604
312.9594
312.9583
312.9571
312.9558
312.9541
312.9532
312.9529
312.9529
312.953
312.9536
312.9543
312.9554
312.957
312.9596
312.9665
313.1376
313.1317
313.1206
313.1074
313.0925
313.0734
313.0469
313.0103
312.9863
312.9849
312.9821
312.9781
312.9732
312.9705
312.9701
312.9697
312.9695
312.9691
312.9686
312.9681
312.9675
312.9669
312.9664
312.9657
312.9648
312.9639
312.9627
312.9615
312.9599
312.9592
312.9589
312.959
312.9592
312.9597
312.9603
312.9611
312.9623
312.964
312.9707
312.9818
313.136
313.1276
313.1181
313.1074
313.0929
313.0706
313.0342
313.0045
313.002
312.9974
312.9912
312.9838
312.9793
312.979
312.9785
312.978
312.9776
312.9771
312.9765
312.9759
312.9753
312.9747
312.9741
312.9733
312.9724
312.9715
312.9703
312.9689
312.9684
312.9683
312.9684
312.9688
312.9694
312.97
312.9708
312.9717
312.973
312.9798
312.9918
313.0038
313.1361
313.1314
313.1267
313.1202
313.1085
313.0812
313.0382
313.0317
313.0221
313.0108
312.9986
312.9919
312.991
312.9904
312.9897
312.989
312.9885
312.9879
312.9873
312.9866
312.9859
312.9852
312.9846
312.9838
312.9829
312.982
312.9807
312.9804
312.9805
312.9809
312.9815
312.9823
312.9831
312.984
312.985
312.9862
312.9939
313.0082
313.0227
313.0369
313.1385
313.1374
313.1363
313.1352
313.134
313.1124
313.0815
313.0565
313.0349
313.0152
313.0054
313.0043
313.0032
313.0023
313.0014
313.0006
312.9999
312.9992
312.9984
312.9977
312.997
312.9962
312.9955
312.9948
312.994
312.993
312.9928
312.9932
312.9938
312.9947
312.9957
312.9968
312.998
312.9992
313.0005
313.0099
313.0284
313.0486
313.0714
313.0976
313.1374
313.1364
313.1353
313.1343
313.1203
313.0943
313.0698
313.0467
313.0247
313.0136
313.0124
313.0113
313.0101
313.0091
313.0082
313.0074
313.0068
313.006
313.0053
313.0045
313.0037
313.0031
313.0024
313.0017
313.0008
313.0007
313.0012
313.002
313.003
313.0042
313.0055
313.0068
313.0081
313.0095
313.0196
313.0392
313.0599
313.0816
313.104
313.1161
313.1365
313.1354
313.1345
313.122
313.098
313.0745
313.0514
313.0289
313.0174
313.0163
313.0151
313.0139
313.0128
313.0119
313.0111
313.0103
313.0096
313.0089
313.0082
313.0074
313.0067
313.0061
313.0054
313.0045
313.0046
313.0052
313.006
313.0071
313.0084
313.0098
313.0112
313.0126
313.014
313.0244
313.0441
313.0645
313.0852
313.1061
313.1171
313.1186
313.1355
313.1346
313.1225
313.0993
313.0762
313.0533
313.0306
313.0188
313.0177
313.0167
313.0155
313.0144
313.0133
313.0125
313.0117
313.011
313.0103
313.0096
313.0089
313.0082
313.0075
313.0069
313.0061
313.0062
313.0068
313.0077
313.0088
313.0102
313.0117
313.0132
313.0147
313.0161
313.0265
313.0463
313.0664
313.0867
313.1071
313.1178
313.1192
313.1208
313.1347
313.1227
313.0997
313.0767
313.0538
313.0311
313.0192
313.0182
313.0171
313.0161
313.015
313.0139
313.013
313.0122
313.0114
313.0107
313.0101
313.0094
313.0087
313.008
313.0074
313.0065
313.0067
313.0073
313.0083
313.0095
313.0109
313.0124
313.0139
313.0155
313.017
313.0275
313.0472
313.0672
313.0873
313.1076
313.1183
313.1197
313.1212
313.1229
313.1495
313.1484
313.1473
313.146
313.1446
313.1433
313.1424
313.1414
313.1405
313.1395
313.1385
313.1375
313.1365
313.1356
313.1347
313.1227
313.0996
313.0766
313.0538
313.031
313.0191
313.0179
313.0167
313.0156
313.0144
313.0134
313.0124
313.0113
313.0102
313.0092
313.0082
313.0073
313.0066
313.0063
313.0065
313.0068
313.1495
313.1484
313.1473
313.1461
313.1446
313.1433
313.1424
313.1414
313.1405
313.1395
313.1385
313.1375
313.1365
313.1355
313.1346
313.1225
313.0992
313.0761
313.0531
313.0304
313.0186
313.0175
313.0163
313.0152
313.0141
313.013
313.0121
313.0111
313.01
313.009
313.008
313.007
313.0061
313.0054
313.0051
313.0051
313.0065
313.1495
313.1485
313.1474
313.1462
313.1448
313.1434
313.1424
313.1415
313.1405
313.1395
313.1385
313.1375
313.1365
313.1354
313.1345
313.1219
313.098
313.0744
313.0513
313.0287
313.0171
313.016
313.0149
313.0138
313.0127
313.0117
313.0107
313.0098
313.0088
313.0078
313.0067
313.0057
313.0047
313.0038
313.0031
313.0026
313.0038
313.0057
313.1495
313.1485
313.1475
313.1464
313.145
313.1435
313.1425
313.1415
313.1405
313.1395
313.1385
313.1374
313.1364
313.1353
313.1342
313.1202
313.0942
313.0696
313.0464
313.0244
313.0133
313.0123
313.0112
313.0102
313.0091
313.0081
313.0072
313.0063
313.0053
313.0044
313.0033
313.0022
313.0011
313.0001
312.9992
312.9983
312.9989
313.0006
313.003
313.1495
313.1486
313.1476
313.1466
313.1454
313.1436
313.1425
313.1415
313.1405
313.1395
313.1385
313.1374
313.1363
313.1352
313.1339
313.1123
313.0814
313.0563
313.0346
313.0148
313.0051
313.0042
313.0033
313.0024
313.0015
313.0006
312.9997
312.9988
312.9979
312.9969
312.9959
312.9948
312.9937
312.9925
312.9915
312.9903
312.9904
312.9915
312.9937
312.9964
313.1486
313.1477
313.1468
313.146
313.1444
313.1424
313.1407
313.1387
313.1355
313.1314
313.1268
313.1202
313.1084
313.081
313.0379
313.0314
313.0217
313.0104
312.9983
312.9917
312.9911
312.9905
312.9899
312.9892
312.9885
312.9878
312.987
312.9861
312.9853
312.9843
312.9832
312.9821
312.9808
312.9796
312.9781
312.9778
312.9784
312.9798
312.9823
312.9853
313.1478
313.1471
313.1465
313.1448
313.1418
313.139
313.1348
313.1276
313.1183
313.1076
313.093
313.0706
313.0339
313.004
313.0015
312.9969
312.9909
312.9837
312.9795
312.979
312.9785
312.978
312.9776
312.9771
312.9765
312.9758
312.975
312.9742
312.9732
312.9722
312.9709
312.9697
312.9683
312.9666
312.966
312.9662
312.967
312.9686
312.9712
312.9744
313.1472
313.1468
313.1449
313.1412
313.1375
313.1314
313.1209
313.1077
313.0928
313.0736
313.0469
313.01
312.9857
312.9843
312.9816
312.9779
312.9734
312.9706
312.9702
312.9698
312.9694
312.969
312.9686
312.9681
312.9675
312.9668
312.966
312.965
312.964
312.9628
312.9614
312.96
312.9582
312.9575
312.9573
312.9577
312.9586
312.9603
312.963
312.9663
313.147
313.1449
313.1407
313.1364
313.1288
313.1162
313.1004
313.0829
313.0614
313.0333
312.9976
312.9759
312.9748
312.973
312.9703
312.967
312.9651
312.9649
312.9645
312.9641
312.9637
312.9632
312.9629
312.9624
312.9617
312.961
312.96
312.9589
312.9578
312.9565
312.955
312.9532
312.9523
312.952
312.9521
312.9526
312.9537
312.9554
312.958
312.9612
313.1449
313.1404
313.1358
313.1274
313.1135
313.0966
313.078
313.0555
313.0271
312.9922
312.9718
312.9708
312.9691
312.9669
312.9641
312.9623
312.9623
312.9621
312.9617
312.9612
312.9608
312.9603
312.9599
312.9593
312.9586
312.9578
312.9567
312.9555
312.9543
312.9528
312.951
312.9502
312.9498
312.9497
312.95
312.9507
312.9518
312.9534
312.956
312.9592
313.1405
313.1358
313.1275
313.1133
313.0965
313.0779
313.0554
313.027
312.9922
312.972
312.971
312.9693
312.9669
312.9642
312.9623
312.9621
312.9621
312.9618
312.9613
312.9608
312.9604
312.9598
312.9594
312.9587
312.9579
312.957
312.9558
312.9546
312.9532
312.9515
312.9506
312.9502
312.9502
312.9503
312.9508
312.9515
312.9526
312.9542
312.9567
312.9634
313.1365
313.1293
313.1158
313.1
313.0827
313.0612
313.0332
312.9977
312.9764
312.9754
312.9735
312.9706
312.967
312.965
312.9647
312.9644
312.9642
312.9638
312.9633
312.9628
312.9623
312.9617
312.9612
312.9605
312.9596
312.9586
312.9573
312.9561
312.9545
312.9537
312.9533
312.9533
312.9535
312.9539
312.9544
312.9551
312.9562
312.9578
312.964
312.9741
313.1335
313.1211
313.1074
313.0925
313.0733
313.0468
313.0102
312.9862
312.9849
312.9823
312.9784
312.9735
312.9704
312.9702
312.9698
312.9693
312.9691
312.9686
312.9681
312.9675
312.9669
312.9663
312.9657
312.9649
312.964
312.9629
312.9617
312.9602
312.9596
312.9594
312.9594
312.9597
312.9601
312.9606
312.9612
312.962
312.9631
312.9689
312.9792
312.9897
313.1296
313.1183
313.1074
313.0929
313.0706
313.0342
313.0044
313.002
312.9974
312.9913
312.984
312.9796
312.9789
312.9785
312.978
312.9774
312.9771
312.9766
312.976
312.9753
312.9747
312.974
312.9733
312.9725
312.9716
312.9705
312.9691
312.9687
312.9687
312.9689
312.9692
312.9698
312.9705
312.9711
312.9718
312.9728
312.9789
312.9901
313.0013
313.0124
313.1319
313.1268
313.1202
313.1085
313.0811
313.0382
313.0317
313.022
313.0108
312.9987
312.9921
312.9912
312.9904
312.9898
312.989
312.9884
312.9879
312.9873
312.9866
312.9859
312.9852
312.9845
312.9838
312.983
312.9821
312.9809
312.9806
312.9808
312.9813
312.9819
312.9826
312.9835
312.9844
312.9853
312.9863
312.9937
313.0074
313.0213
313.0349
313.0476
313.1374
313.1363
313.1352
313.134
313.1124
313.0815
313.0564
313.0349
313.0152
313.0055
313.0044
313.0033
313.0023
313.0014
313.0006
312.9998
312.9992
312.9985
312.9977
312.997
312.9962
312.9955
312.9948
312.9941
312.9931
312.993
312.9934
312.994
312.9949
312.9961
312.9972
312.9984
312.9996
313.0008
313.01
313.0283
313.0484
313.071
313.0975
313.1152
313.1364
313.1353
313.1343
313.1203
313.0943
313.0698
313.0466
313.0247
313.0136
313.0125
313.0114
313.0102
313.0091
313.0082
313.0074
313.0066
313.006
313.0053
313.0045
313.0037
313.003
313.0024
313.0017
313.0008
313.0008
313.0014
313.0022
313.0032
313.0045
313.0058
313.0072
313.0085
313.0099
313.0198
313.0393
313.0599
313.0816
313.1042
313.1165
313.1182
313.1354
313.1345
313.122
313.098
313.0745
313.0514
313.0289
313.0173
313.0163
313.0152
313.0141
313.0129
313.0119
313.0111
313.0103
313.0095
313.0089
313.0082
313.0074
313.0067
313.006
313.0054
313.0046
313.0047
313.0053
313.0061
313.0072
313.0086
313.01
313.0115
313.013
313.0144
313.0247
313.0443
313.0646
313.0853
313.1064
313.1174
313.1189
313.1206
313.1346
313.1225
313.0993
313.0762
313.0532
313.0306
313.0188
313.0177
313.0167
313.0156
313.0145
313.0134
313.0125
313.0117
313.011
313.0102
313.0096
313.0089
313.0082
313.0075
313.0069
313.006
313.0062
313.0068
313.0078
313.0089
313.0103
313.0118
313.0134
313.0149
313.0164
313.0268
313.0465
313.0665
313.0868
313.1073
313.1182
313.1196
313.1211
313.1228
313.1227
313.0996
313.0767
313.0539
313.0311
313.0192
313.0181
313.0171
313.0161
313.015
313.014
313.0131
313.0122
313.0114
313.0107
313.01
313.0094
313.0087
313.008
313.0074
313.0065
313.0067
313.0074
313.0083
313.0095
313.011
313.0125
313.0141
313.0157
313.0173
313.0278
313.0474
313.0673
313.0875
313.1077
313.1186
313.1201
313.1216
313.1232
313.1249
313.1495
313.1484
313.1473
313.146
313.1446
313.1433
313.1424
313.1414
313.1405
313.1395
313.1385
313.1375
313.1365
313.1356
313.1347
313.1227
313.0996
313.0766
313.0537
313.031
313.0191
313.0179
313.0168
313.0157
313.0145
313.0135
313.0125
313.0115
313.0105
313.0095
313.0085
313.0075
313.0066
313.0059
313.0056
313.0056
313.0069
313.1495
313.1484
313.1473
313.1461
313.1446
313.1433
313.1424
313.1414
313.1405
313.1395
313.1385
313.1375
313.1365
313.1355
313.1346
313.1225
313.0992
313.0761
313.0531
313.0304
313.0186
313.0175
313.0164
313.0153
313.0142
313.0131
313.0122
313.0113
313.0103
313.0093
313.0082
313.0072
313.0062
313.0053
313.0047
313.0042
313.0053
313.0071
313.1495
313.1485
313.1474
313.1462
313.1448
313.1434
313.1424
313.1415
313.1405
313.1395
313.1385
313.1375
313.1365
313.1354
313.1345
313.1219
313.098
313.0744
313.0513
313.0287
313.0171
313.016
313.015
313.0139
313.0128
313.0118
313.0109
313.0099
313.009
313.0081
313.007
313.0059
313.0049
313.0039
313.003
313.0022
313.0027
313.0044
313.0067
313.1495
313.1485
313.1475
313.1464
313.145
313.1435
313.1425
313.1415
313.1405
313.1395
313.1385
313.1374
313.1364
313.1353
313.1342
313.1202
313.0942
313.0697
313.0465
313.0244
313.0132
313.0122
313.0112
313.0102
313.0092
313.0082
313.0073
313.0064
313.0055
313.0046
313.0036
313.0025
313.0014
313.0003
312.9993
312.9982
312.9984
312.9995
313.0016
313.0042
313.1486
313.1476
313.1466
313.1454
313.1436
313.1425
313.1415
313.1405
313.1395
313.1385
313.1374
313.1363
313.1352
313.1339
313.1123
313.0813
313.0563
313.0346
313.0149
313.0051
313.0042
313.0033
313.0024
313.0015
313.0007
312.9998
312.9989
312.998
312.9972
312.9962
312.9951
312.994
312.9929
312.9917
312.9904
312.9903
312.991
312.9924
312.9949
312.9978
313.1477
313.1468
313.146
313.1444
313.1424
313.1407
313.1387
313.1354
313.1314
313.1268
313.1202
313.1085
313.081
313.0379
313.0314
313.0216
313.0104
312.9984
312.9918
312.9911
312.9905
312.9898
312.9892
312.9885
312.9879
312.9871
312.9863
312.9855
312.9846
312.9835
312.9824
312.9812
312.9799
312.9784
312.9779
312.9782
312.9791
312.9808
312.9835
312.9866
313.1471
313.1465
313.1448
313.1418
313.139
313.1348
313.1275
313.1183
313.1076
313.0931
313.0707
313.034
313.004
313.0015
312.9969
312.9908
312.9837
312.9795
312.979
312.9785
312.978
312.9775
312.9771
312.9765
312.9759
312.9752
312.9744
312.9735
312.9725
312.9713
312.97
312.9687
312.967
312.9663
312.9663
312.9668
312.9678
312.9696
312.9723
312.9755
313.1468
313.1449
313.1412
313.1376
313.1314
313.1209
313.1076
313.0927
313.0736
313.047
313.0102
312.9859
312.9843
312.9817
312.9779
312.9732
312.9706
312.9703
312.9699
312.9694
312.969
312.9685
312.9681
312.9676
312.967
312.9662
312.9653
312.9642
312.9631
312.9618
312.9604
312.9587
312.9579
312.9576
312.9578
312.9584
312.9595
312.9613
312.9639
312.9672
313.1449
313.1407
313.1364
313.1288
313.1159
313.1003
313.0828
313.0613
313.0333
312.9977
312.9762
312.975
312.973
312.9704
312.967
312.9649
312.9649
312.9646
312.9642
312.9637
312.9633
312.9628
312.9624
312.9618
312.9611
312.9603
312.9592
312.9581
312.9568
312.9554
312.9536
312.9528
312.9524
312.9524
312.9527
312.9535
312.9546
312.9562
312.9588
312.962
313.1405
313.1358
313.1275
313.1133
313.0965
313.0779
313.0554
313.027
312.9922
312.972
312.971
312.9693
312.9669
312.9642
312.9623
312.9621
312.9621
312.9618
312.9613
312.9608
312.9604
312.9598
312.9594
312.9587
312.9579
312.957
312.9558
312.9546
312.9532
312.9515
312.9506
312.9502
312.9502
312.9503
312.9508
312.9515
312.9526
312.9542
312.9567
312.9634
313.1359
313.1281
313.1133
313.0964
313.0778
313.0553
313.0269
312.9922
312.972
312.9712
312.9696
312.9671
312.9641
312.9624
312.9621
312.9619
312.9617
312.9614
312.9609
312.9604
312.9598
312.9592
312.9587
312.958
312.9571
312.9561
312.9548
312.9535
312.9519
312.9511
312.9507
312.9506
312.9508
312.9511
312.9516
312.9523
312.9533
312.9549
312.9607
312.9705
313.1317
313.1166
313.1001
313.0826
313.0611
313.0331
312.9976
312.9763
312.9755
312.9736
312.9708
312.9672
312.9649
312.9647
312.9644
312.964
312.9638
312.9634
312.9629
312.9623
312.9617
312.9611
312.9605
312.9596
312.9587
312.9576
312.9563
312.9547
312.9541
312.9538
312.9538
312.9539
312.9543
312.9547
312.9552
312.9559
312.9569
312.9621
312.9713
312.9811
313.1243
313.1078
313.0925
313.0733
313.0468
313.0102
312.9861
312.9849
312.9823
312.9785
312.9737
312.9707
312.9701
312.9698
312.9694
312.9689
312.9686
312.9682
312.9676
312.967
312.9663
312.9656
312.9649
312.9641
312.9631
312.962
312.9605
312.9599
312.9598
312.9599
312.9601
312.9606
312.961
312.9615
312.9621
312.9628
312.9679
312.9772
312.9868
312.9966
313.1199
313.1076
313.0929
313.0706
313.0341
313.0044
313.0019
312.9974
312.9913
312.9841
312.9798
312.9792
312.9785
312.978
312.9774
312.9769
312.9765
312.976
312.9754
312.9747
312.974
312.9732
312.9725
312.9717
312.9707
312.9694
312.9689
312.969
312.9693
312.9697
312.9702
312.9709
312.9715
312.9721
312.9728
312.9786
312.9891
312.9994
313.0097
313.0196
313.1272
313.1202
313.1085
313.0812
313.0381
313.0317
313.022
313.0107
312.9987
312.9922
312.9914
312.9906
312.9897
312.9891
312.9884
312.9878
312.9873
312.9867
312.986
312.9852
312.9845
312.9837
312.983
312.9822
312.9811
312.9808
312.981
312.9815
312.9822
312.9831
312.9839
312.9848
312.9856
312.9865
312.9937
313.0071
313.0205
313.0335
313.0454
313.079
313.1363
313.1352
313.134
313.1124
313.0815
313.0564
313.0348
313.0152
313.0055
313.0045
313.0035
313.0024
313.0014
313.0006
312.9998
312.9991
312.9985
312.9978
312.997
312.9962
312.9955
312.9948
312.9941
312.9931
312.9931
312.9935
312.9942
312.9952
312.9963
312.9976
312.9987
312.9999
313.0011
313.0102
313.0284
313.0483
313.0709
313.0976
313.1156
313.1177
313.1353
313.1342
313.1203
313.0943
313.0698
313.0466
313.0246
313.0135
313.0125
313.0115
313.0104
313.0093
313.0082
313.0074
313.0066
313.0059
313.0053
313.0046
313.0038
313.003
313.0023
313.0017
313.0008
313.0009
313.0015
313.0023
313.0034
313.0047
313.0061
313.0075
313.0088
313.0102
313.0201
313.0395
313.0601
313.0818
313.1045
313.1169
313.1185
313.1204
313.1345
313.1219
313.098
313.0745
313.0514
313.0289
313.0173
313.0162
313.0152
313.0142
313.0131
313.012
313.0111
313.0103
313.0095
313.0088
313.0082
313.0075
313.0067
313.006
313.0054
313.0045
313.0047
313.0053
313.0062
313.0074
313.0087
313.0102
313.0117
313.0132
313.0147
313.025
313.0445
313.0647
313.0855
313.1066
313.1178
313.1193
313.1209
313.1227
313.1225
313.0992
313.0762
313.0533
313.0305
313.0188
313.0177
313.0166
313.0156
313.0146
313.0136
313.0126
313.0117
313.011
313.0102
313.0095
313.0089
313.0082
313.0075
313.0069
313.006
313.0061
313.0068
313.0078
313.009
313.0104
313.012
313.0135
313.0151
313.0167
313.0271
313.0467
313.0667
313.087
313.1074
313.1184
313.1199
313.1215
313.1231
313.1249
313.0997
313.0766
313.0538
313.0311
313.0192
313.0181
313.017
313.016
313.015
313.0141
313.0132
313.0123
313.0114
313.0107
313.01
313.0093
313.0087
313.0081
313.0074
313.0065
313.0066
313.0073
313.0084
313.0096
313.0111
313.0126
313.0142
313.0158
313.0175
313.028
313.0476
313.0675
313.0876
313.1078
313.1187
313.1203
313.1219
313.1235
313.1252
313.127
313.1495
313.1484
313.1473
313.146
313.1446
313.1433
313.1424
313.1414
313.1405
313.1395
313.1385
313.1375
313.1365
313.1356
313.1347
313.1227
313.0996
313.0766
313.0537
313.0309
313.0191
313.018
313.0169
313.0157
313.0146
313.0136
313.0127
313.0117
313.0108
313.0098
313.0087
313.0077
313.0067
313.0058
313.0052
313.0047
313.0058
313.0076
313.1495
313.1484
313.1473
313.1461
313.1446
313.1433
313.1424
313.1414
313.1405
313.1395
313.1385
313.1375
313.1365
313.1355
313.1346
313.1225
313.0992
313.0761
313.0531
313.0304
313.0186
313.0175
313.0164
313.0153
313.0143
313.0132
313.0123
313.0114
313.0105
313.0096
313.0085
313.0074
313.0064
313.0054
313.0046
313.0037
313.0042
313.0059
313.0081
313.1495
313.1485
313.1474
313.1462
313.1448
313.1434
313.1424
313.1415
313.1405
313.1395
313.1385
313.1375
313.1365
313.1354
313.1345
313.1219
313.098
313.0744
313.0513
313.0287
313.0171
313.016
313.015
313.0139
313.0129
313.0119
313.011
313.0101
313.0092
313.0083
313.0073
313.0063
313.0052
313.0041
313.0032
313.0021
313.0022
313.0033
313.0054
313.0079
313.1485
313.1475
313.1464
313.145
313.1435
313.1425
313.1415
313.1405
313.1395
313.1385
313.1374
313.1364
313.1353
313.1342
313.1202
313.0942
313.0696
313.0465
313.0244
313.0132
313.0122
313.0112
313.0102
313.0092
313.0083
313.0074
313.0065
313.0056
313.0048
313.0038
313.0028
313.0017
313.0007
312.9996
312.9983
312.9982
312.999
313.0004
313.0028
313.0056
313.1476
313.1466
313.1454
313.1436
313.1425
313.1415
313.1405
313.1395
313.1385
313.1374
313.1364
313.1352
313.1339
313.1123
313.0813
313.0562
313.0346
313.0149
313.0051
313.0042
313.0032
313.0024
313.0015
313.0007
312.9999
312.9991
312.9982
312.9973
312.9964
312.9954
312.9943
312.9932
312.9921
312.9907
312.9904
312.9908
312.9919
312.9935
312.9962
312.9993
313.1468
313.146
313.1444
313.1424
313.1407
313.1387
313.1354
313.1314
313.1268
313.1202
313.1085
313.0811
313.0379
313.0314
313.0216
313.0103
312.9983
312.9918
312.9911
312.9905
312.9898
312.9891
312.9885
312.9879
312.9872
312.9865
312.9857
312.9848
312.9838
312.9827
312.9816
312.9803
312.9788
312.9782
312.9783
312.9789
312.9801
312.982
312.9847
312.9879
313.1465
313.1448
313.1419
313.1391
313.1348
313.1275
313.1182
313.1075
313.093
313.0707
313.0342
313.0042
313.0015
312.9969
312.9908
312.9835
312.9795
312.9791
312.9786
312.978
312.9775
312.977
312.9765
312.976
312.9753
312.9746
312.9737
312.9727
312.9716
312.9704
312.9691
312.9674
312.9668
312.9666
312.9668
312.9675
312.9688
312.9707
312.9734
312.9766
313.1449
313.1412
313.1376
313.1313
313.1207
313.1076
313.0926
313.0735
313.047
313.0103
312.9861
312.9845
312.9816
312.9779
312.9732
312.9704
312.9703
312.97
312.9695
312.969
312.9685
312.968
312.9676
312.967
312.9663
312.9655
312.9645
312.9634
312.9622
312.9608
312.9591
312.9583
312.9581
312.9581
312.9585
312.9593
312.9605
312.9622
312.9649
312.9681
313.1408
313.1365
313.1288
313.1158
313.1001
313.0828
313.0612
313.0333
312.9977
312.9763
312.9753
312.9732
312.9703
312.967
312.9649
312.9647
312.9646
312.9642
312.9638
312.9633
312.9628
312.9623
312.9618
312.9612
312.9604
312.9594
312.9583
312.9571
312.9558
312.9541
312.9532
312.9529
312.9529
312.953
312.9535
312.9543
312.9554
312.957
312.9596
312.9665
313.1359
313.1281
313.1133
313.0964
313.0778
313.0553
313.0269
312.9922
312.972
312.9712
312.9696
312.9671
312.9641
312.9624
312.9621
312.9619
312.9617
312.9614
312.9609
312.9604
312.9598
312.9592
312.9587
312.958
312.9571
312.9561
312.9548
312.9535
312.9519
312.9511
312.9507
312.9506
312.9508
312.9511
312.9516
312.9523
312.9533
312.9549
312.9607
312.9705
313.1307
313.1143
313.0964
313.0777
313.0553
313.0269
312.992
312.9719
312.9712
312.9697
312.9674
312.9644
312.9623
312.9622
312.9619
312.9615
312.9613
312.9609
312.9604
312.9599
312.9593
312.9586
312.958
312.9572
312.9562
312.9551
312.9538
312.9522
312.9515
312.9512
312.9511
312.9512
312.9516
312.9519
312.9524
312.953
312.954
312.9588
312.9676
312.977
313.1207
313.1007
313.0827
313.0611
313.0331
312.9976
312.9762
312.9754
312.9737
312.971
312.9675
312.9652
312.9647
312.9644
312.964
312.9636
312.9634
312.9629
312.9624
312.9617
312.9611
312.9604
312.9597
312.9588
312.9578
312.9566
312.955
312.9544
312.9542
312.9542
312.9544
312.9548
312.9552
312.9555
312.956
312.9566
312.9611
312.9693
312.978
312.9872
313.1103
313.0928
313.0734
313.0468
313.0102
312.9861
312.9848
312.9822
312.9785
312.9739
312.9709
312.9704
312.9698
312.9694
312.9689
312.9684
312.9681
312.9676
312.967
312.9663
312.9656
312.9648
312.9641
312.9632
312.9621
312.9607
312.9602
312.9601
312.9603
312.9606
312.961
312.9615
312.9619
312.9624
312.9629
312.9676
312.9761
312.9847
312.9935
313.0026
313.1088
313.093
313.0706
313.0341
313.0044
313.0019
312.9973
312.9913
312.9841
312.98
312.9794
312.9787
312.978
312.9775
312.9769
312.9764
312.976
312.9754
312.9747
312.974
312.9732
312.9724
312.9717
312.9708
312.9695
312.9692
312.9692
312.9695
312.9701
312.9707
312.9713
312.9719
312.9725
312.9731
312.9786
312.9886
312.9983
313.0077
313.0166
313.0436
313.1205
313.1085
313.0811
313.0382
313.0317
313.022
313.0107
312.9987
312.9922
312.9916
312.9908
312.9899
312.989
312.9884
312.9878
312.9871
312.9867
312.986
312.9853
312.9845
312.9837
312.983
312.9822
312.9811
312.981
312.9812
312.9817
312.9825
312.9834
312.9843
312.9852
312.986
312.9869
312.9939
313.0071
313.0201
313.0326
313.0438
313.0779
313.0986
313.1352
313.1339
313.1124
313.0815
313.0564
313.0348
313.0151
313.0054
313.0046
313.0036
313.0026
313.0016
313.0006
312.9998
312.9991
312.9983
312.9978
312.997
312.9962
312.9955
312.9948
312.994
312.9931
312.9932
312.9937
312.9944
312.9954
312.9965
312.9978
312.9991
313.0003
313.0015
313.0105
313.0286
313.0484
313.0709
313.0978
313.116
313.1181
313.12
313.1342
313.1202
313.0943
313.0698
313.0466
313.0246
313.0135
313.0125
313.0115
313.0105
313.0094
313.0084
313.0074
313.0067
313.0059
313.0052
313.0045
313.0038
313.0031
313.0023
313.0017
313.0008
313.0009
313.0015
313.0024
313.0035
313.0048
313.0063
313.0077
313.0091
313.0105
313.0204
313.0398
313.0602
313.0819
313.1047
313.1172
313.1189
313.1207
313.1225
313.122
313.098
313.0745
313.0514
313.0289
313.0173
313.0162
313.0152
313.0142
313.0132
313.0122
313.0112
313.0103
313.0095
313.0088
313.0081
313.0074
313.0068
313.0061
313.0054
313.0045
313.0046
313.0053
313.0063
313.0075
313.0089
313.0104
313.0119
313.0134
313.015
313.0253
313.0448
313.0649
313.0856
313.1067
313.1181
313.1197
313.1213
313.123
313.1248
313.0993
313.0761
313.0532
313.0306
313.0187
313.0176
313.0166
313.0156
313.0146
313.0137
313.0128
313.0118
313.011
313.0103
313.0095
313.0088
313.0082
313.0076
313.0069
313.006
313.0061
313.0068
313.0078
313.0091
313.0105
313.0121
313.0137
313.0153
313.0169
313.0273
313.0469
313.0668
313.0871
313.1075
313.1186
313.1202
313.1218
313.1234
313.1252
313.127
313.0767
313.0538
313.0311
313.0192
313.0181
313.017
313.016
313.015
313.0141
313.0133
313.0124
313.0116
313.0107
313.01
313.0093
313.0086
313.008
313.0074
313.0065
313.0066
313.0073
313.0083
313.0096
313.0111
313.0127
313.0143
313.016
313.0176
313.0282
313.0478
313.0676
313.0876
313.1079
313.1188
313.1204
313.1221
313.1238
313.1255
313.1272
313.1291
313.1495
313.1484
313.1473
313.146
313.1446
313.1433
313.1424
313.1414
313.1405
313.1395
313.1385
313.1375
313.1365
313.1356
313.1347
313.1227
313.0996
313.0766
313.0537
313.0309
313.0191
313.018
313.0169
313.0158
313.0147
313.0137
313.0128
313.0119
313.011
313.01
313.009
313.0079
313.0069
313.006
313.0051
313.0042
313.0048
313.0064
313.0086
313.1495
313.1484
313.1473
313.1461
313.1446
313.1433
313.1424
313.1414
313.1405
313.1395
313.1385
313.1375
313.1365
313.1355
313.1346
313.1225
313.0992
313.0761
313.0531
313.0304
313.0186
313.0175
313.0164
313.0154
313.0143
313.0133
313.0124
313.0115
313.0106
313.0098
313.0088
313.0078
313.0067
313.0057
313.0047
313.0036
313.0038
313.0049
313.0069
313.0094
313.1485
313.1474
313.1462
313.1448
313.1434
313.1424
313.1415
313.1405
313.1395
313.1385
313.1375
313.1365
313.1354
313.1345
313.1219
313.0979
313.0744
313.0513
313.0287
313.0171
313.016
313.0149
313.0139
313.0129
313.012
313.0111
313.0102
313.0093
313.0084
313.0075
313.0066
313.0055
313.0044
313.0034
313.0022
313.0021
313.0028
313.0043
313.0066
313.0094
313.1475
313.1464
313.145
313.1435
313.1425
313.1415
313.1405
313.1395
313.1385
313.1375
313.1364
313.1353
313.1342
313.1202
313.0942
313.0696
313.0465
313.0244
313.0133
313.0122
313.0112
313.0102
313.0092
313.0084
313.0075
313.0067
313.0058
313.0049
313.004
313.0031
313.0021
313.001
312.9999
312.9986
312.9983
312.9988
312.9999
313.0016
313.0043
313.0072
313.1466
313.1454
313.1436
313.1425
313.1415
313.1405
313.1395
313.1385
313.1374
313.1364
313.1352
313.134
313.1123
313.0813
313.0562
313.0345
313.0149
313.0051
313.0042
313.0032
313.0023
313.0015
313.0007
312.9999
312.9992
312.9983
312.9975
312.9966
312.9956
312.9946
312.9936
312.9925
312.991
312.9907
312.9909
312.9917
312.993
312.995
312.9977
313.0008
313.146
313.1444
313.1424
313.1408
313.1387
313.1354
313.1314
313.1268
313.1202
313.1085
313.0812
313.038
313.0314
313.0217
313.0103
312.9982
312.9918
312.9912
312.9905
312.9898
312.9891
312.9885
312.9879
312.9873
312.9866
312.9858
312.9849
312.984
312.983
312.9819
312.9807
312.9792
312.9786
312.9786
312.979
312.9799
312.9813
312.9833
312.986
312.9892
313.1448
313.1419
313.1391
313.1348
313.1274
313.1182
313.1075
313.093
313.0707
313.0343
313.0044
313.0017
312.9969
312.9908
312.9835
312.9793
312.9791
312.9786
312.9781
312.9775
312.977
312.9765
312.976
312.9754
312.9747
312.9739
312.9729
312.9719
312.9708
312.9695
312.9678
312.9672
312.967
312.9671
312.9676
312.9686
312.9699
312.9717
312.9744
312.9777
313.1413
313.1376
313.1313
313.1205
313.1075
313.0926
313.0734
313.047
313.0103
312.9862
312.9847
312.9819
312.9779
312.9733
312.9704
312.9701
312.9699
312.9696
312.969
312.9685
312.968
312.9675
312.967
312.9664
312.9656
312.9647
312.9636
312.9625
312.9612
312.9595
312.9588
312.9585
312.9585
312.9588
312.9594
312.9602
312.9614
312.9631
312.9657
312.9732
313.1365
313.1293
313.1158
313.1
313.0827
313.0612
313.0332
312.9977
312.9764
312.9754
312.9735
312.9706
312.967
312.965
312.9647
312.9644
312.9642
312.9638
312.9633
312.9628
312.9623
312.9617
312.9612
312.9605
312.9596
312.9586
312.9573
312.9561
312.9545
312.9537
312.9533
312.9533
312.9535
312.9539
312.9544
312.9551
312.9562
312.9578
312.964
312.9741
313.1307
313.1143
313.0964
313.0777
313.0553
313.0269
312.992
312.9719
312.9712
312.9697
312.9674
312.9644
312.9623
312.9622
312.9619
312.9615
312.9613
312.9609
312.9604
312.9599
312.9593
312.9586
312.958
312.9572
312.9562
312.9551
312.9538
312.9522
312.9515
312.9512
312.9511
312.9512
312.9516
312.9519
312.9524
312.953
312.954
312.9588
312.9676
312.977
313.1188
313.0971
313.0778
313.0552
313.0268
312.992
312.9718
312.9712
312.9698
312.9676
312.9646
312.9626
312.9621
312.9619
312.9615
312.9611
312.9609
312.9605
312.9599
312.9593
312.9586
312.9579
312.9572
312.9563
312.9552
312.954
312.9524
312.9518
312.9516
312.9516
312.9517
312.952
312.9524
312.9527
312.9531
312.9537
312.9578
312.9655
312.9739
312.9829
313.1038
313.0831
313.0611
313.0331
312.9975
312.9762
312.9753
312.9736
312.971
312.9677
312.9654
312.9649
312.9644
312.9641
312.9636
312.9632
312.9629
312.9624
312.9618
312.9611
312.9604
312.9596
312.9588
312.9578
312.9567
312.9553
312.9547
312.9545
312.9547
312.9549
312.9552
312.9556
312.956
312.9563
312.9567
312.9607
312.9681
312.9757
312.9839
312.9926
313.0947
313.0735
313.0468
313.0102
312.9861
312.9847
312.9821
312.9785
312.9739
312.9711
312.9706
312.97
312.9694
312.969
312.9684
312.968
312.9676
312.9671
312.9664
312.9656
312.9648
312.964
312.9632
312.9622
312.9609
312.9604
312.9604
312.9606
312.961
312.9615
312.9619
312.9624
312.9628
312.9632
312.9676
312.9756
312.9834
312.9912
312.9991
313.0236
313.0938
313.0706
313.0341
313.0044
313.0019
312.9973
312.9912
312.9841
312.98
312.9795
312.9789
312.9782
312.9774
312.9769
312.9764
312.9758
312.9754
312.9748
312.9741
312.9732
312.9724
312.9716
312.9708
312.9696
312.9693
312.9695
312.9698
312.9703
312.9711
312.9718
312.9723
312.9729
312.9735
312.9789
312.9886
312.9978
313.0063
313.0144
313.0412
313.0707
313.1087
313.081
313.0382
313.0317
313.0219
313.0107
312.9986
312.9922
312.9916
312.9909
312.9901
312.9892
312.9884
312.9878
312.9872
312.9865
312.986
312.9853
312.9845
312.9837
312.9829
312.9821
312.9811
312.981
312.9814
312.982
312.9827
312.9837
312.9847
312.9856
312.9864
312.9873
312.9943
313.0073
313.02
313.0321
313.0427
313.0772
313.0982
313.1082
313.134
313.1124
313.0815
313.0564
313.0348
313.0151
313.0054
313.0045
313.0036
313.0027
313.0017
313.0007
312.9998
312.9991
312.9984
312.9976
312.997
312.9963
312.9955
312.9947
312.994
312.9931
312.9932
312.9937
312.9945
312.9955
312.9967
312.998
312.9994
313.0006
313.0018
313.0109
313.0288
313.0485
313.071
313.098
313.1164
313.1185
313.1204
313.1223
313.1203
313.0942
313.0698
313.0466
313.0246
313.0135
313.0124
313.0115
313.0105
313.0095
313.0085
313.0076
313.0066
313.0059
313.0052
313.0044
313.0038
313.0031
313.0024
313.0017
313.0008
313.0009
313.0015
313.0025
313.0036
313.005
313.0064
313.0079
313.0094
313.0108
313.0207
313.04
313.0604
313.082
313.1049
313.1175
313.1193
313.121
313.1228
313.1247
313.098
313.0744
313.0514
313.0289
313.0173
313.0162
313.0151
313.0141
313.0132
313.0123
313.0114
313.0104
313.0095
313.0088
313.0081
313.0073
313.0067
313.0061
313.0054
313.0045
313.0046
313.0053
313.0063
313.0075
313.009
313.0105
313.012
313.0136
313.0152
313.0255
313.045
313.0651
313.0857
313.1068
313.1182
313.1199
313.1216
313.1233
313.1251
313.1269
313.0761
313.0532
313.0305
313.0188
313.0176
313.0166
313.0155
313.0146
313.0137
313.0129
313.012
313.0111
313.0102
313.0095
313.0088
313.0081
313.0076
313.0069
313.006
313.0061
313.0068
313.0078
313.0091
313.0106
313.0122
313.0138
313.0154
313.0171
313.0275
313.0471
313.067
313.0872
313.1076
313.1186
313.1203
313.122
313.1238
313.1255
313.1272
313.1291
313.0538
313.031
313.0192
313.0181
313.017
313.016
313.015
313.0141
313.0133
313.0125
313.0117
313.0108
313.01
313.0093
313.0086
313.008
313.0074
313.0066
313.0066
313.0073
313.0083
313.0096
313.0111
313.0128
313.0144
313.0161
313.0178
313.0283
313.0479
313.0677
313.0877
313.1079
313.1188
313.1205
313.1222
313.124
313.1258
313.1275
313.1293
313.1311
313.1495
313.1484
313.1473
313.146
313.1446
313.1433
313.1424
313.1414
313.1405
313.1395
313.1385
313.1375
313.1365
313.1356
313.1346
313.1227
313.0996
313.0766
313.0537
313.0309
313.019
313.0179
313.0169
313.0158
313.0148
313.0138
313.0129
313.012
313.0111
313.0102
313.0093
313.0082
313.0072
313.0062
313.0052
313.0041
313.0043
313.0054
313.0074
313.0099
313.1484
313.1473
313.1461
313.1446
313.1433
313.1424
313.1414
313.1405
313.1395
313.1385
313.1375
313.1365
313.1355
313.1346
313.1225
313.0992
313.0761
313.0531
313.0304
313.0186
313.0174
313.0164
313.0154
313.0143
313.0134
313.0125
313.0116
313.0108
313.0099
313.009
313.0081
313.007
313.006
313.005
313.0037
313.0037
313.0044
313.0059
313.0082
313.0109
313.1474
313.1462
313.1448
313.1434
313.1424
313.1415
313.1405
313.1395
313.1385
313.1375
313.1365
313.1355
313.1345
313.1219
313.0979
313.0743
313.0513
313.0287
313.0171
313.016
313.0149
313.0139
313.0129
313.012
313.0111
313.0103
313.0094
313.0086
313.0077
313.0068
313.0058
313.0048
313.0037
313.0024
313.0022
313.0027
313.0038
313.0056
313.0081
313.011
313.1463
313.145
313.1435
313.1425
313.1415
313.1405
313.1395
313.1385
313.1375
313.1364
313.1353
313.1342
313.1202
313.0942
313.0696
313.0464
313.0244
313.0133
313.0122
313.0112
313.0102
313.0092
313.0084
313.0075
313.0067
313.0059
313.005
313.0042
313.0032
313.0023
313.0013
313.0003
312.9989
312.9986
312.9989
312.9998
313.0011
313.0031
313.0059
313.0088
313.1454
313.1436
313.1425
313.1415
313.1405
313.1395
313.1385
313.1374
313.1364
313.1352
313.134
313.1124
313.0813
313.0562
313.0345
313.0148
313.0051
313.0042
313.0033
313.0023
313.0014
313.0006
313
312.9992
312.9984
312.9976
312.9967
312.9958
312.9949
312.9939
312.9928
312.9914
312.991
312.9912
312.9918
312.9928
312.9944
312.9965
312.9993
313.0023
313.1444
313.1424
313.1408
313.1387
313.1353
313.1313
313.1267
313.1202
313.1085
313.0812
313.0381
313.0315
313.0216
313.0103
312.9982
312.9917
312.9912
312.9905
312.9898
312.9891
312.9885
312.9879
312.9873
312.9867
312.9859
312.9851
312.9842
312.9832
312.9822
312.9811
312.9795
312.979
312.979
312.9793
312.98
312.9811
312.9826
312.9845
312.9873
312.9905
313.1419
313.1391
313.1348
313.1273
313.1181
313.1075
313.0929
313.0707
313.0343
313.0045
313.0019
312.9971
312.9908
312.9836
312.9793
312.9789
312.9786
312.9782
312.9776
312.977
312.9765
312.9759
312.9754
312.9748
312.974
312.9731
312.9721
312.971
312.9698
312.9683
312.9676
312.9674
312.9676
312.9679
312.9687
312.9697
312.971
312.9728
312.9755
312.9837
313.1376
313.1317
313.1206
313.1074
313.0925
313.0734
313.0469
313.0103
312.9863
312.9849
312.9821
312.9781
312.9732
312.9705
312.9701
312.9697
312.9695
312.9691
312.9686
312.968
312.9675
312.9669
312.9664
312.9657
312.9648
312.9639
312.9627
312.9615
312.9599
312.9592
312.9589
312.959
312.9592
312.9597
312.9603
312.9611
312.9623
312.964
312.9707
312.9818
313.1317
313.1166
313.1001
313.0826
313.0611
313.0331
312.9976
312.9763
312.9755
312.9736
312.9708
312.9672
312.9649
312.9647
312.9644
312.964
312.9638
312.9634
312.9629
312.9623
312.9617
312.9611
312.9605
312.9596
312.9587
312.9576
312.9563
312.9547
312.9541
312.9538
312.9538
312.9539
312.9543
312.9547
312.9552
312.9559
312.9569
312.9621
312.9713
312.9811
313.1188
313.0971
313.0778
313.0552
313.0268
312.992
312.9718
312.9712
312.9698
312.9676
312.9646
312.9626
312.9621
312.9619
312.9615
312.9611
312.9609
312.9605
312.9599
312.9593
312.9586
312.9579
312.9572
312.9563
312.9552
312.954
312.9524
312.9518
312.9516
312.9516
312.9517
312.952
312.9524
312.9527
312.9531
312.9537
312.9578
312.9655
312.9739
312.9829
313.1005
313.0782
313.0553
313.0268
312.992
312.9718
312.9711
312.9697
312.9676
312.9648
312.9629
312.9624
312.9619
312.9616
312.9611
312.9607
312.9605
312.96
312.9593
312.9587
312.9579
312.9571
312.9563
312.9553
312.9542
312.9527
312.9521
312.9519
312.952
312.9522
312.9525
312.9528
312.9531
312.9534
312.9537
312.9575
312.9643
312.9716
312.9794
312.988
313.0854
313.0613
313.0331
312.9975
312.9762
312.9753
312.9735
312.971
312.9677
312.9656
312.9652
312.9646
312.964
312.9637
312.9632
312.9627
312.9624
312.9619
312.9612
312.9604
312.9596
312.9587
312.9579
312.9568
312.9555
312.955
312.9548
312.955
312.9553
312.9557
312.9561
312.9564
312.9567
312.957
312.9607
312.9676
312.9744
312.9814
312.9889
313.0123
313.0748
313.0468
313.0102
312.9861
312.9847
312.9821
312.9784
312.9739
312.9711
312.9708
312.9703
312.9696
312.9689
312.9685
312.968
312.9674
312.967
312.9665
312.9657
312.9648
312.964
312.9631
312.9622
312.961
312.9606
312.9606
312.9609
312.9613
312.9619
312.9624
312.9628
312.9632
312.9636
312.9679
312.9755
312.9828
312.9897
312.9966
313.0206
313.0522
313.0711
313.034
313.0044
313.0019
312.9973
312.9912
312.984
312.9799
312.9796
312.9791
312.9784
312.9777
312.9769
312.9764
312.9758
312.9752
312.9748
312.9741
312.9733
312.9724
312.9716
312.9707
312.9696
312.9694
312.9696
312.9701
312.9706
312.9714
312.9721
312.9728
312.9733
312.9739
312.9793
312.9888
312.9976
313.0057
313.0128
313.0395
313.0692
313.0882
313.0812
313.038
313.0317
313.022
313.0106
312.9986
312.9921
312.9915
312.9909
312.9903
312.9895
312.9886
312.9878
312.9872
312.9865
312.9859
312.9853
312.9846
312.9838
312.9829
312.9821
312.9811
312.9811
312.9815
312.9821
312.9829
312.9839
312.9849
312.9859
312.9868
312.9877
312.9947
313.0076
313.0202
313.032
313.0421
313.0766
313.098
313.1081
313.1145
313.1124
313.0814
313.0564
313.0348
313.0151
313.0054
313.0044
313.0036
313.0027
313.0019
313.0009
313
312.9991
312.9984
312.9976
312.9969
312.9963
312.9956
312.9948
312.994
312.9931
312.9931
312.9937
312.9946
312.9957
312.9969
312.9982
312.9996
313.0009
313.0022
313.0112
313.0291
313.0487
313.0711
313.0981
313.1167
313.1188
313.1208
313.1226
313.1246
313.0943
313.0697
313.0466
313.0246
313.0135
313.0124
313.0114
313.0105
313.0095
313.0086
313.0077
313.0068
313.0059
313.0052
313.0044
313.0037
313.0031
313.0024
313.0017
313.0007
313.0008
313.0015
313.0025
313.0037
313.0051
313.0066
313.008
313.0096
313.0111
313.021
313.0402
313.0606
313.0821
313.105
313.1177
313.1195
313.1214
313.1232
313.125
313.1269
313.0745
313.0513
313.0289
313.0173
313.0162
313.0151
313.0141
313.0131
313.0123
313.0114
313.0106
313.0097
313.0088
313.0081
313.0073
313.0066
313.0061
313.0054
313.0045
313.0046
313.0052
313.0063
313.0075
313.009
313.0106
313.0122
313.0138
313.0154
313.0257
313.0452
313.0652
313.0858
313.1069
313.1183
313.1201
313.1218
313.1236
313.1254
313.1272
313.1291
313.0532
313.0305
313.0187
313.0177
313.0166
313.0155
313.0145
313.0137
313.0129
313.0121
313.0112
313.0104
313.0095
313.0088
313.0081
313.0075
313.0069
313.0061
313.0061
313.0068
313.0078
313.009
313.0106
313.0122
313.0139
313.0155
313.0172
313.0277
313.0472
313.067
313.0872
313.1076
313.1187
313.1204
313.1222
313.124
313.1257
313.1275
313.1293
313.1311
313.0311
313.0191
313.0181
313.017
313.016
313.015
313.0141
313.0133
313.0125
313.0118
313.011
313.0101
313.0093
313.0086
313.008
313.0073
313.0065
313.0067
313.0073
313.0083
313.0095
313.0111
313.0128
313.0145
313.0162
313.0179
313.0284
313.048
313.0677
313.0877
313.1079
313.1188
313.1205
313.1223
313.1241
313.126
313.1278
313.1295
313.1313
313.1331
313.1484
313.1473
313.146
313.1446
313.1433
313.1424
313.1414
313.1405
313.1395
313.1385
313.1375
313.1365
313.1356
313.1347
313.1227
313.0996
313.0766
313.0537
313.0309
313.019
313.0179
313.0169
313.0158
313.0148
313.0139
313.013
313.0121
313.0112
313.0104
313.0095
313.0086
313.0075
313.0065
313.0055
313.0043
313.0042
313.005
313.0064
313.0087
313.0114
313.1473
313.1461
313.1446
313.1433
313.1424
313.1414
313.1405
313.1395
313.1385
313.1375
313.1365
313.1355
313.1346
313.1225
313.0992
313.076
313.0531
313.0304
313.0186
313.0174
313.0164
313.0153
313.0144
313.0134
313.0126
313.0117
313.0109
313.01
313.0092
313.0083
313.0073
313.0063
313.0053
313.004
313.0038
313.0043
313.0054
313.0071
313.0097
313.0125
313.1462
313.1448
313.1434
313.1424
313.1415
313.1405
313.1395
313.1385
313.1375
313.1365
313.1355
313.1345
313.1219
313.0979
313.0743
313.0512
313.0287
313.0171
313.016
313.0149
313.0139
313.0129
313.012
313.0112
313.0104
313.0095
313.0087
313.0078
313.007
313.0061
313.0051
313.0041
313.0027
313.0025
313.0028
313.0037
313.0051
313.0071
313.0098
313.0126
313.145
313.1435
313.1425
313.1415
313.1405
313.1395
313.1385
313.1375
313.1364
313.1353
313.1343
313.1202
313.0942
313.0696
313.0464
313.0243
313.0133
313.0123
313.0112
313.0102
313.0092
313.0083
313.0076
313.0068
313.006
313.0052
313.0043
313.0034
313.0025
313.0016
313.0006
312.9993
312.9989
312.9992
312.9999
313.001
313.0026
313.0048
313.0075
313.0105
313.1436
313.1425
313.1415
313.1405
313.1395
313.1385
313.1374
313.1364
313.1352
313.134
313.1124
313.0814
313.0562
313.0345
313.0148
313.005
313.0042
313.0033
313.0024
313.0014
313.0006
312.9999
312.9992
312.9985
312.9977
312.9969
312.996
312.9951
312.9941
312.9931
312.9918
312.9914
312.9915
312.992
312.9929
312.9942
312.9959
312.998
313.0008
313.0039
313.1424
313.1408
313.1386
313.1353
313.1313
313.1267
313.1202
313.1085
313.0812
313.0382
313.0317
313.0218
313.0103
312.9982
312.9917
312.991
312.9905
312.9899
312.9891
312.9885
312.9878
312.9872
312.9867
312.986
312.9852
312.9844
312.9834
312.9824
312.9814
312.98
312.9794
312.9794
312.9797
312.9803
312.9812
312.9824
312.9839
312.9858
312.9886
312.9979
313.1391
313.1349
313.1273
313.1181
313.1074
313.0929
313.0706
313.0342
313.0045
313.002
312.9973
312.991
312.9835
312.9794
312.9789
312.9784
312.9781
312.9776
312.977
312.9765
312.9759
312.9753
312.9748
312.9741
312.9732
312.9723
312.9712
312.9701
312.9686
312.968
312.9678
312.968
312.9684
312.969
312.9697
312.9707
312.972
312.9738
312.9815
312.9942
313.1335
313.1211
313.1074
313.0925
313.0733
313.0468
313.0102
312.9862
312.9849
312.9822
312.9783
312.9735
312.9704
312.9702
312.9697
312.9693
312.9691
312.9686
312.9681
312.9675
312.9669
312.9663
312.9657
312.9649
312.964
312.9629
312.9617
312.9602
312.9596
312.9594
312.9594
312.9597
312.9601
312.9606
312.9612
312.962
312.9631
312.9689
312.9792
312.9897
313.1207
313.1007
313.0827
313.0611
313.0331
312.9976
312.9762
312.9754
312.9737
312.971
312.9675
312.9652
312.9647
312.9644
312.964
312.9636
312.9634
312.9629
312.9624
312.9617
312.9611
312.9604
312.9597
312.9588
312.9578
312.9566
312.955
312.9544
312.9542
312.9542
312.9544
312.9548
312.9552
312.9555
312.956
312.9566
312.9611
312.9693
312.978
312.9872
313.1005
313.0782
313.0553
313.0268
312.992
312.9718
312.9711
312.9697
312.9676
312.9648
312.9629
312.9624
312.9619
312.9616
312.9611
312.9607
312.9605
312.96
312.9593
312.9587
312.9579
312.9571
312.9563
312.9553
312.9542
312.9527
312.9521
312.9519
312.952
312.9522
312.9525
312.9528
312.9531
312.9534
312.9537
312.9575
312.9643
312.9716
312.9794
312.988
313.0808
313.0555
313.0268
312.992
312.9718
312.971
312.9696
312.9676
312.9648
312.9631
312.9627
312.9621
312.9615
312.9612
312.9607
312.9603
312.96
312.9594
312.9587
312.9579
312.9571
312.9562
312.9553
312.9543
312.9529
312.9524
312.9522
312.9523
312.9526
312.953
312.9533
312.9536
312.9538
312.954
312.9575
312.9638
312.9701
312.9769
312.9842
313.0071
313.063
313.0331
312.9976
312.9762
312.9753
312.9735
312.9709
312.9677
312.9656
312.9654
312.9649
312.9643
312.9636
312.9632
312.9627
312.9622
312.9618
312.9612
312.9605
312.9596
312.9587
312.9578
312.9568
312.9555
312.9551
312.9551
312.9553
312.9556
312.9561
312.9565
312.9569
312.9572
312.9574
312.961
312.9675
312.9737
312.9798
312.9862
313.009
313.0411
313.0477
313.0099
312.9861
312.9847
312.9821
312.9784
312.9737
312.9711
312.9708
312.9704
312.9699
312.9692
312.9684
312.968
312.9674
312.9669
312.9664
312.9658
312.9649
312.964
312.9631
312.9621
312.961
312.9607
312.9608
312.9611
312.9616
312.9622
312.9628
312.9633
312.9637
312.964
312.9683
312.9757
312.9826
312.9889
312.9948
313.0184
313.0501
313.0734
313.0343
313.0041
313.0019
312.9973
312.9912
312.984
312.9798
312.9795
312.9791
312.9786
312.9779
312.9771
312.9764
312.9759
312.9752
312.9746
312.9741
312.9734
312.9725
312.9716
312.9707
312.9695
312.9694
312.9697
312.9702
312.9709
312.9716
312.9724
312.9732
312.9738
312.9743
312.9797
312.9891
312.9978
313.0055
313.012
313.0382
313.0683
313.0873
313.1003
313.0381
313.0315
313.022
313.0107
312.9986
312.9921
312.9915
312.9909
312.9903
312.9896
312.9888
312.988
312.9871
312.9865
312.9859
312.9852
312.9846
312.9838
312.983
312.9821
312.9811
312.981
312.9815
312.9822
312.9831
312.9841
312.9851
312.9862
312.9872
312.9881
312.995
313.0079
313.0205
313.0321
313.0419
313.0764
313.098
313.1082
313.1145
313.1192
313.0814
313.0563
313.0348
313.0151
313.0054
313.0044
313.0035
313.0027
313.0019
313.001
313.0002
312.9993
312.9983
312.9977
312.9969
312.9961
312.9955
312.9948
312.9941
312.9931
312.9931
312.9937
312.9946
312.9957
312.997
312.9984
312.9998
313.0011
313.0025
313.0115
313.0294
313.0489
313.0713
313.0982
313.1169
313.1191
313.1211
313.123
313.1249
313.1268
313.0697
313.0465
313.0246
313.0135
313.0124
313.0114
313.0104
313.0095
313.0086
313.0078
313.007
313.0061
313.0052
313.0044
313.0037
313.003
313.0024
313.0017
313.0008
313.0008
313.0015
313.0024
313.0037
313.0051
313.0067
313.0082
313.0097
313.0113
313.0212
313.0404
313.0607
313.0822
313.105
313.1177
313.1197
313.1216
313.1235
313.1253
313.1271
313.129
313.0514
313.0288
313.0173
313.0162
313.0151
313.0141
313.0131
313.0122
313.0115
313.0107
313.0098
313.0089
313.0081
313.0074
313.0067
313.006
313.0054
313.0046
313.0046
313.0052
313.0062
313.0075
313.009
313.0106
313.0123
313.0139
313.0155
313.0258
313.0453
313.0653
313.0859
313.1069
313.1183
313.1201
313.122
313.1238
313.1257
313.1275
313.1293
313.1312
313.0305
313.0186
313.0176
313.0166
313.0155
313.0145
313.0136
313.0128
313.0121
313.0113
313.0105
313.0097
313.0088
313.0081
313.0075
313.0068
313.006
313.0062
313.0068
313.0078
313.009
313.0105
313.0122
313.0139
313.0156
313.0173
313.0278
313.0473
313.0671
313.0872
313.1076
313.1187
313.1204
313.1222
313.1241
313.1259
313.1278
313.1295
313.1313
313.1332
313.0192
313.018
313.017
313.016
313.0149
313.014
313.0132
313.0125
313.0118
313.0111
313.0103
313.0094
313.0086
313.008
313.0073
313.0065
313.0067
313.0073
313.0083
313.0095
313.0111
313.0127
313.0145
313.0162
313.018
313.0285
313.048
313.0678
313.0877
313.1078
313.1187
313.1205
313.1223
313.1242
313.1261
313.1279
313.1298
313.1316
313.1333
313.1351
313.1473
313.146
313.1446
313.1433
313.1424
313.1414
313.1405
313.1395
313.1385
313.1375
313.1365
313.1356
313.1347
313.1227
313.0996
313.0766
313.0537
313.031
313.0191
313.0179
313.0168
313.0158
313.0148
313.0139
313.013
313.0122
313.0113
313.0105
313.0097
313.0088
313.0078
313.0068
313.0058
313.0045
313.0043
313.0048
313.006
313.0077
313.0102
313.013
313.1461
313.1446
313.1433
313.1424
313.1414
313.1405
313.1395
313.1385
313.1375
313.1365
313.1355
313.1346
313.1225
313.0992
313.076
313.0531
313.0304
313.0186
313.0175
313.0164
313.0153
313.0143
313.0134
313.0126
313.0118
313.011
313.0102
313.0093
313.0084
313.0076
313.0067
313.0056
313.0043
313.0041
313.0044
313.0053
313.0067
313.0087
313.0113
313.0142
313.1448
313.1434
313.1424
313.1415
313.1405
313.1395
313.1385
313.1375
313.1365
313.1355
313.1345
313.1219
313.0979
313.0743
313.0512
313.0286
313.0171
313.016
313.0149
313.0139
313.0129
313.012
313.0112
313.0104
313.0096
313.0088
313.008
313.0071
313.0062
313.0054
313.0044
313.0031
313.0028
313.0031
313.0038
313.005
313.0066
313.0087
313.0114
313.0143
313.1435
313.1425
313.1415
313.1405
313.1395
313.1385
313.1374
313.1364
313.1353
313.1343
313.1203
313.0942
313.0696
313.0464
313.0243
313.0132
313.0122
313.0112
313.0102
313.0092
313.0083
313.0075
313.0068
313.006
313.0053
313.0044
313.0035
313.0027
313.0018
313.0009
312.9996
312.9993
312.9995
313.0001
313.0011
313.0025
313.0043
313.0064
313.0092
313.0122
313.1425
313.1415
313.1405
313.1395
313.1385
313.1374
313.1364
313.1352
313.134
313.1124
313.0815
313.0563
313.0345
313.0148
313.005
313.0041
313.0033
313.0024
313.0015
313.0006
312.9999
312.9992
312.9985
312.9978
312.997
312.9961
312.9952
312.9943
312.9934
312.9921
312.9918
312.9919
312.9924
312.9932
312.9943
312.9958
312.9975
312.9996
313.0024
313.0131
313.1407
313.1387
313.1353
313.1313
313.1267
313.1202
313.1085
313.0812
313.0383
313.0318
313.0219
313.0105
312.9982
312.9917
312.991
312.9904
312.9899
312.9892
312.9885
312.9878
312.9872
312.9866
312.986
312.9853
312.9845
312.9836
312.9826
312.9816
312.9803
312.9798
312.9798
312.9801
312.9807
312.9815
312.9824
312.9836
312.9851
312.9871
312.9961
313.0114
313.136
313.1276
313.1181
313.1074
313.0929
313.0706
313.0342
313.0045
313.002
312.9974
312.9912
312.9837
312.9793
312.979
312.9785
312.978
312.9776
312.9771
312.9765
312.9759
312.9753
312.9747
312.9741
312.9733
312.9724
312.9715
312.9703
312.9689
312.9684
312.9683
312.9684
312.9688
312.9694
312.97
312.9708
312.9717
312.973
312.9798
312.9918
313.0038
313.1243
313.1078
313.0925
313.0733
313.0468
313.0102
312.9861
312.9849
312.9823
312.9785
312.9737
312.9706
312.9701
312.9698
312.9693
312.9689
312.9686
312.9682
312.9676
312.967
312.9663
312.9656
312.9649
312.9641
312.9631
312.962
312.9605
312.9599
312.9598
312.9599
312.9601
312.9606
312.961
312.9615
312.9621
312.9628
312.9679
312.9772
312.9868
312.9966
313.1038
313.0831
313.0611
313.0331
312.9975
312.9762
312.9753
312.9736
312.971
312.9677
312.9654
312.9649
312.9644
312.9641
312.9636
312.9632
312.9629
312.9624
312.9618
312.9611
312.9604
312.9596
312.9588
312.9578
312.9567
312.9553
312.9547
312.9545
312.9547
312.9549
312.9552
312.9556
312.956
312.9563
312.9567
312.9607
312.9681
312.9757
312.9839
312.9926
313.0808
313.0555
313.0268
312.992
312.9718
312.971
312.9696
312.9676
312.9648
312.9631
312.9627
312.9621
312.9615
312.9612
312.9607
312.9603
312.96
312.9594
312.9587
312.9579
312.9571
312.9562
312.9553
312.9543
312.9529
312.9524
312.9522
312.9523
312.9526
312.953
312.9533
312.9536
312.9538
312.954
312.9575
312.9638
312.9701
312.9769
312.9842
313.0071
313.0573
313.0268
312.992
312.9718
312.971
312.9696
312.9674
312.9648
312.9631
312.9629
312.9624
312.9618
312.9611
312.9608
312.9603
312.9597
312.9594
312.9588
312.958
312.9571
312.9562
312.9552
312.9543
312.953
312.9525
312.9525
312.9526
312.9529
312.9534
312.9538
312.954
312.9543
312.9545
312.9578
312.9638
312.9695
312.9753
312.9815
313.0037
313.0359
313.0342
312.9973
312.9762
312.9753
312.9735
312.9708
312.9675
312.9656
312.9654
312.9651
312.9646
312.9639
312.9632
312.9628
312.9622
312.9616
312.9612
312.9605
312.9596
312.9587
312.9578
312.9567
312.9556
312.9552
312.9553
312.9556
312.9559
312.9565
312.957
312.9573
312.9576
312.9579
312.9614
312.9677
312.9736
312.9791
312.9844
313.0066
313.0386
313.0639
313.0104
312.9858
312.9847
312.9821
312.9784
312.9737
312.9709
312.9708
312.9705
312.97
312.9694
312.9687
312.968
312.9675
312.9669
312.9662
312.9657
312.965
312.9641
312.9631
312.9621
312.9609
312.9607
312.9609
312.9613
312.9618
312.9625
312.9631
312.9637
312.9641
312.9645
312.9687
312.9761
312.9828
312.9887
312.994
313.0169
313.0487
313.072
313.0892
313.0043
313.0016
312.9973
312.9912
312.984
312.9798
312.9794
312.9791
312.9786
312.9781
312.9774
312.9766
312.9758
312.9753
312.9746
312.9739
312.9733
312.9726
312.9717
312.9707
312.9695
312.9693
312.9697
312.9703
312.971
312.9719
312.9727
312.9735
312.9742
312.9748
312.9801
312.9895
312.9981
313.0056
313.0117
313.0376
313.0676
313.0867
313.0998
313.1094
313.0316
313.0217
313.0107
312.9986
312.9921
312.9915
312.9908
312.9902
312.9896
312.9889
312.9882
312.9874
312.9865
312.9859
312.9852
312.9844
312.9838
312.983
312.9822
312.9811
312.981
312.9814
312.9822
312.9831
312.9842
312.9854
312.9864
312.9874
312.9884
312.9954
313.0083
313.0208
313.0323
313.042
313.0763
313.098
313.1082
313.1146
313.1193
313.1232
313.0564
313.0346
313.0151
313.0054
313.0044
313.0035
313.0026
313.0018
313.001
313.0003
312.9994
312.9985
312.9976
312.9969
312.9961
312.9954
312.9948
312.9941
312.9931
312.9931
312.9937
312.9946
312.9957
312.9971
312.9985
312.9999
313.0013
313.0027
313.0118
313.0296
313.0491
313.0714
313.0983
313.117
313.1193
313.1214
313.1233
313.1252
313.1271
313.129
313.0466
313.0245
313.0135
313.0124
313.0114
313.0104
313.0094
313.0086
313.0079
313.0071
313.0062
313.0053
313.0044
313.0037
313.003
313.0023
313.0017
313.0008
313.0009
313.0014
313.0024
313.0036
313.0051
313.0067
313.0083
313.0099
313.0114
313.0214
313.0406
313.0608
313.0823
313.1051
313.1178
313.1198
313.1218
313.1237
313.1256
313.1274
313.1293
313.1312
313.0289
313.0171
313.0162
313.0151
313.0141
313.0131
313.0122
313.0114
313.0107
313.0099
313.0091
313.0082
313.0073
313.0067
313.006
313.0053
313.0045
313.0047
313.0053
313.0062
313.0075
313.009
313.0106
313.0123
313.014
313.0156
313.0259
313.0454
313.0653
313.0859
313.1069
313.1183
313.1201
313.1221
313.124
313.1259
313.1277
313.1295
313.1314
313.1333
313.0187
313.0175
313.0166
313.0155
313.0145
313.0136
313.0128
313.0121
313.0113
313.0106
313.0098
313.0089
313.0081
313.0075
313.0068
313.006
313.0062
313.0068
313.0078
313.009
313.0105
313.0122
313.0139
313.0157
313.0174
313.0279
313.0474
313.0671
313.0872
313.1075
313.1186
313.1204
313.1222
313.1241
313.126
313.1279
313.1298
313.1316
313.1334
313.1352
313.0181
313.0169
313.016
313.015
313.014
313.0132
313.0125
313.0118
313.0111
313.0104
313.0096
313.0088
313.008
313.0073
313.0065
313.0066
313.0073
313.0083
313.0096
313.011
313.0127
313.0144
313.0162
313.018
313.0286
313.0481
313.0678
313.0877
313.1077
313.1186
313.1204
313.1223
313.1242
313.1261
313.1281
313.1299
313.1318
313.1335
313.1353
313.1379
313.146
313.1446
313.1433
313.1424
313.1414
313.1405
313.1395
313.1385
313.1375
313.1366
313.1356
313.1347
313.1227
313.0996
313.0766
313.0537
313.031
313.0191
313.0179
313.0168
313.0158
313.0148
313.0139
313.0131
313.0123
313.0114
313.0106
313.0098
313.0089
313.0081
313.0072
313.0061
313.0048
313.0046
313.005
313.0058
313.0072
313.0092
313.0119
313.0147
313.1446
313.1433
313.1424
313.1414
313.1405
313.1395
313.1385
313.1375
313.1365
313.1356
313.1346
313.1225
313.0992
313.076
313.0531
313.0303
313.0186
313.0175
313.0164
313.0153
313.0143
313.0134
313.0126
313.0118
313.011
313.0103
313.0094
313.0086
313.0077
313.0069
313.006
313.0047
313.0044
313.0047
313.0054
313.0066
313.0082
313.0104
313.013
313.0159
313.1434
313.1424
313.1415
313.1405
313.1395
313.1385
313.1375
313.1365
313.1355
313.1345
313.122
313.098
313.0743
313.0512
313.0286
313.017
313.016
313.015
313.0139
313.0128
313.0119
313.0111
313.0104
313.0096
313.0089
313.0081
313.0072
313.0064
313.0056
313.0047
313.0035
313.0032
313.0034
313.0041
313.0051
313.0065
313.0083
313.0104
313.0132
313.0161
313.1425
313.1415
313.1405
313.1395
313.1385
313.1374
313.1364
313.1353
313.1343
313.1203
313.0943
313.0697
313.0464
313.0243
313.0132
313.0121
313.0112
313.0102
313.0092
313.0083
313.0075
313.0067
313.006
313.0053
313.0045
313.0037
313.0028
313.002
313.0011
312.9999
312.9997
312.9999
313.0005
313.0013
313.0026
313.0041
313.0059
313.0081
313.0109
313.0221
313.1415
313.1405
313.1395
313.1385
313.1374
313.1364
313.1352
313.134
313.1124
313.0815
313.0564
313.0346
313.0148
313.005
313.0041
313.0032
313.0024
313.0015
313.0007
312.9999
312.9991
312.9984
312.9978
312.997
312.9962
312.9954
312.9945
312.9936
312.9924
312.9921
312.9923
312.9928
312.9935
312.9946
312.9959
312.9973
312.999
313.0012
313.0117
313.0309
313.139
313.1354
313.1313
313.1267
313.1202
313.1085
313.0812
313.0382
313.0318
313.0221
313.0106
312.9984
312.9917
312.9911
312.9904
312.9897
312.9892
312.9886
312.9879
312.9872
312.9866
312.9859
312.9853
312.9846
312.9837
312.9828
312.9818
312.9805
312.9801
312.9802
312.9805
312.9811
312.9818
312.9827
312.9837
312.9849
312.9864
312.9946
313.0096
313.0246
313.1296
313.1183
313.1074
313.0929
313.0706
313.0341
313.0044
313.002
312.9974
312.9913
312.984
312.9796
312.9789
312.9785
312.978
312.9774
312.9771
312.9766
312.9759
312.9753
312.9747
312.974
312.9733
312.9725
312.9716
312.9705
312.9691
312.9687
312.9687
312.9689
312.9692
312.9698
312.9705
312.9711
312.9718
312.9728
312.9789
312.9901
313.0013
313.0124
313.1103
313.0928
313.0734
313.0468
313.0102
312.9861
312.9848
312.9822
312.9785
312.9739
312.9709
312.9703
312.9698
312.9694
312.9689
312.9684
312.9681
312.9676
312.967
312.9663
312.9656
312.9648
312.9641
312.9632
312.9621
312.9607
312.9602
312.9601
312.9603
312.9606
312.961
312.9615
312.9619
312.9624
312.9629
312.9676
312.9761
312.9847
312.9935
313.0026
313.0854
313.0613
313.0331
312.9975
312.9762
312.9753
312.9735
312.971
312.9677
312.9656
312.9652
312.9646
312.964
312.9637
312.9632
312.9627
312.9624
312.9619
312.9612
312.9604
312.9596
312.9587
312.9579
312.9568
312.9555
312.955
312.9548
312.955
312.9553
312.9557
312.9561
312.9564
312.9567
312.957
312.9607
312.9676
312.9744
312.9814
312.9889
313.0123
313.0573
313.0268
312.992
312.9718
312.971
312.9696
312.9674
312.9648
312.9631
312.9629
312.9624
312.9618
312.9611
312.9608
312.9603
312.9597
312.9594
312.9588
312.958
312.9571
312.9562
312.9552
312.9543
312.953
312.9525
312.9525
312.9526
312.9529
312.9534
312.9538
312.954
312.9543
312.9545
312.9578
312.9638
312.9695
312.9753
312.9815
313.0037
313.0359
313.028
312.9918
312.9718
312.971
312.9696
312.9674
312.9646
312.963
312.9629
312.9626
312.9621
312.9614
312.9607
312.9603
312.9598
312.9592
312.9588
312.9581
312.9572
312.9562
312.9553
312.9542
312.953
312.9526
312.9527
312.9529
312.9532
312.9537
312.9542
312.9545
312.9547
312.9549
312.9582
312.964
312.9694
312.9745
312.9796
313.0012
313.0332
313.0593
312.9979
312.9758
312.9753
312.9735
312.9708
312.9675
312.9655
312.9654
312.9651
312.9648
312.9642
312.9635
312.9627
312.9623
312.9616
312.961
312.9605
312.9597
312.9588
312.9578
312.9568
312.9555
312.9552
312.9554
312.9557
312.9562
312.9567
312.9573
312.9578
312.9581
312.9583
312.9619
312.9681
312.9737
312.9788
312.9835
313.0049
313.0369
313.0621
313.0818
312.986
312.9844
312.9821
312.9784
312.9737
312.9709
312.9706
312.9704
312.9701
312.9696
312.969
312.9682
312.9674
312.9669
312.9663
312.9655
312.9649
312.9641
312.9632
312.9621
312.9609
312.9606
312.9609
312.9614
312.962
312.9628
312.9634
312.964
312.9646
312.965
312.9692
312.9765
312.9831
312.9888
312.9936
313.0161
313.0476
313.071
313.0883
313.1014
313.0018
312.997
312.9912
312.984
312.9798
312.9794
312.9789
312.9786
312.9781
312.9775
312.9769
312.9761
312.9752
312.9747
312.9739
312.9732
312.9725
312.9717
312.9707
312.9695
312.9693
312.9696
312.9703
312.9711
312.972
312.9729
312.9737
312.9745
312.9752
312.9806
312.9899
312.9985
313.0059
313.0118
313.0374
313.0672
313.0864
313.0995
313.1091
313.1166
313.0219
313.0104
312.9986
312.9921
312.9914
312.9908
312.9902
312.9896
312.989
312.9883
312.9876
312.9867
312.9859
312.9852
312.9844
312.9837
312.983
312.9822
312.9811
312.981
312.9814
312.9821
312.9831
312.9843
312.9855
312.9866
312.9877
312.9887
312.9958
313.0087
313.0211
313.0326
313.0422
313.0764
313.098
313.1083
313.1147
313.1195
313.1233
313.1268
313.0348
313.0149
313.0054
313.0045
313.0035
313.0026
313.0018
313.001
313.0003
312.9996
312.9987
312.9978
312.9969
312.9962
312.9954
312.9947
312.9941
312.9932
312.9931
312.9936
312.9945
312.9957
312.9971
312.9986
313.0001
313.0015
313.0029
313.012
313.0298
313.0493
313.0715
313.0983
313.117
313.1193
313.1215
313.1235
313.1255
313.1274
313.1292
313.1312
313.0246
313.0133
313.0124
313.0114
313.0104
313.0094
313.0086
313.0078
313.0071
313.0063
313.0055
313.0046
313.0037
313.003
313.0023
313.0016
313.0008
313.0009
313.0015
313.0024
313.0036
313.0051
313.0067
313.0084
313.01
313.0116
313.0215
313.0407
313.0609
313.0823
313.105
313.1178
313.1198
313.1218
313.1238
313.1258
313.1277
313.1295
313.1314
313.1334
313.0173
313.0161
313.0151
313.0141
313.0131
313.0122
313.0114
313.0106
313.0099
313.0092
313.0084
313.0075
313.0066
313.006
313.0053
313.0044
313.0046
313.0053
313.0062
313.0074
313.0089
313.0106
313.0123
313.014
313.0157
313.0261
313.0455
313.0654
313.0859
313.1068
313.1182
313.1201
313.1221
313.124
313.126
313.1279
313.1298
313.1316
313.1335
313.1354
313.0176
313.0165
313.0155
313.0145
313.0136
313.0128
313.012
313.0113
313.0106
313.0099
313.0091
313.0083
313.0075
313.0068
313.006
313.0061
313.0068
313.0078
313.009
313.0105
313.0122
313.0139
313.0157
313.0174
313.028
313.0474
313.0672
313.0872
313.1074
313.1185
313.1203
313.1222
313.1242
313.1261
313.128
313.1299
313.1318
313.1336
313.1353
313.1381
313.017
313.0159
313.0149
313.014
313.0132
313.0125
313.0117
313.0111
313.0104
313.0097
313.0089
313.0081
313.0073
313.0065
313.0066
313.0072
313.0083
313.0096
313.0111
313.0127
313.0144
313.0162
313.018
313.0286
313.0482
313.0679
313.0877
313.1077
313.1185
313.1203
313.1222
313.1242
313.1261
313.1281
313.13
313.1319
313.1337
313.1355
313.1381
313.1412
313.1446
313.1433
313.1424
313.1414
313.1405
313.1395
313.1385
313.1375
313.1366
313.1356
313.1347
313.1227
313.0996
313.0766
313.0537
313.0309
313.0191
313.018
313.0169
313.0158
313.0148
313.0139
313.0131
313.0123
313.0115
313.0107
313.0099
313.0091
313.0082
313.0074
313.0065
313.0052
313.0049
313.0052
313.006
313.0071
313.0088
313.0109
313.0136
313.0164
313.1433
313.1424
313.1414
313.1405
313.1395
313.1385
313.1375
313.1365
313.1356
313.1346
313.1225
313.0992
313.076
313.0531
313.0303
313.0185
313.0175
313.0164
313.0153
313.0143
313.0134
313.0126
313.0118
313.0111
313.0103
313.0095
313.0087
313.0079
313.0071
313.0062
313.0051
313.0047
313.005
313.0057
313.0067
313.0081
313.0099
313.0121
313.0148
313.0177
313.1424
313.1415
313.1405
313.1395
313.1385
313.1375
313.1365
313.1355
313.1345
313.122
313.098
313.0744
313.0512
313.0286
313.017
313.0159
313.0149
313.0139
313.0129
313.0119
313.0111
313.0104
313.0097
313.0089
313.0082
313.0073
313.0065
313.0057
313.0049
313.0038
313.0036
313.0038
313.0044
313.0053
313.0066
313.0082
313.01
313.0122
313.0149
313.0264
313.1415
313.1405
313.1395
313.1385
313.1374
313.1364
313.1353
313.1343
313.1203
313.0943
313.0698
313.0465
313.0243
313.0132
313.0121
313.0111
313.0102
313.0092
313.0083
313.0075
313.0067
313.006
313.0053
313.0046
313.0038
313.003
313.0021
313.0013
313.0002
313
313.0003
313.0009
313.0017
313.0028
313.0042
313.0058
313.0076
313.0098
313.021
313.0411
313.1405
313.1395
313.1385
313.1374
313.1364
313.1352
313.134
313.1124
313.0815
313.0565
313.0348
313.0149
313.005
313.0041
313.0032
313.0023
313.0015
313.0007
312.9999
312.9991
312.9984
312.9977
312.997
312.9963
312.9955
312.9947
312.9938
312.9926
312.9924
312.9927
312.9932
312.9939
312.9949
312.9961
312.9974
312.9989
313.0006
313.0106
313.0297
313.0502
313.1361
313.1314
313.1267
313.1202
313.1085
313.0812
313.0382
313.0317
313.0221
313.0108
312.9986
312.9919
312.991
312.9904
312.9897
312.989
312.9885
312.9879
312.9873
312.9866
312.9859
312.9852
312.9846
312.9838
312.9829
312.982
312.9807
312.9804
312.9805
312.9809
312.9815
312.9823
312.9831
312.984
312.985
312.9862
312.9939
313.0082
313.0227
313.0369
313.1199
313.1076
313.0929
313.0706
313.0341
313.0044
313.0019
312.9974
312.9913
312.9841
312.9798
312.9791
312.9785
312.978
312.9774
312.9769
312.9765
312.976
312.9754
312.9747
312.974
312.9732
312.9725
312.9717
312.9707
312.9694
312.9689
312.9689
312.9693
312.9697
312.9702
312.9709
312.9715
312.9721
312.9728
312.9786
312.9891
312.9994
313.0097
313.0196
313.0947
313.0735
313.0468
313.0102
312.9861
312.9847
312.9821
312.9785
312.9739
312.9711
312.9706
312.97
312.9694
312.969
312.9684
312.9679
312.9676
312.9671
312.9664
312.9656
312.9648
312.964
312.9632
312.9622
312.9609
312.9604
312.9604
312.9606
312.961
312.9615
312.9619
312.9624
312.9628
312.9632
312.9676
312.9756
312.9834
312.9912
312.9991
313.0236
313.063
313.0331
312.9976
312.9762
312.9753
312.9735
312.9709
312.9677
312.9656
312.9654
312.9649
312.9643
312.9636
312.9632
312.9627
312.9622
312.9618
312.9612
312.9604
312.9596
312.9587
312.9578
312.9568
312.9555
312.9551
312.9551
312.9553
312.9556
312.9561
312.9565
312.9569
312.9572
312.9574
312.961
312.9675
312.9737
312.9798
312.9862
313.009
313.0411
313.028
312.9918
312.9718
312.971
312.9696
312.9674
312.9646
312.963
312.9629
312.9626
312.9621
312.9614
312.9607
312.9603
312.9598
312.9592
312.9588
312.9581
312.9572
312.9562
312.9553
312.9542
312.953
312.9526
312.9527
312.9529
312.9532
312.9537
312.9542
312.9545
312.9547
312.9549
312.9582
312.964
312.9694
312.9745
312.9796
313.0012
313.0332
313.0593
312.9924
312.9714
312.971
312.9696
312.9674
312.9646
312.9629
312.9628
312.9626
312.9623
312.9617
312.961
312.9603
312.9598
312.9592
312.9586
312.958
312.9572
312.9563
312.9553
312.9542
312.9529
312.9526
312.9527
312.9531
312.9535
312.954
312.9545
312.955
312.9552
312.9554
312.9586
312.9644
312.9695
312.9743
312.9787
312.9995
313.0314
313.0574
313.078
312.9761
312.9749
312.9735
312.9708
312.9675
312.9654
312.9652
312.9651
312.9648
312.9643
312.9637
312.963
312.9622
312.9617
312.961
312.9603
312.9597
312.9589
312.9578
312.9568
312.9555
312.9551
312.9554
312.9558
312.9564
312.957
312.9576
312.9581
312.9585
312.9588
312.9623
312.9686
312.9741
312.9789
312.9832
313.0041
313.0357
313.061
313.0805
313.0958
312.9847
312.9817
312.9784
312.9737
312.9709
312.9706
312.9703
312.97
312.9696
312.9691
312.9685
312.9677
312.9669
312.9663
312.9656
312.9648
312.9641
312.9632
312.9622
312.9609
312.9606
312.9608
312.9614
312.9621
312.9629
312.9637
312.9643
312.9649
312.9654
312.9697
312.977
312.9835
312.9891
312.9937
313.0158
313.0471
313.0703
313.0877
313.1007
313.1111
312.9973
312.9909
312.984
312.9798
312.9794
312.9789
312.9785
312.978
312.9776
312.977
312.9763
312.9755
312.9746
312.974
312.9732
312.9724
312.9717
312.9708
312.9696
312.9693
312.9696
312.9702
312.9711
312.9721
312.9731
312.974
312.9748
312.9755
312.981
312.9904
312.9989
313.0062
313.012
313.0374
313.0671
313.0862
313.0993
313.109
313.1164
313.1226
313.0106
312.9983
312.9921
312.9915
312.9908
312.9901
312.9895
312.9889
312.9884
312.9877
312.9869
312.9861
312.9852
312.9845
312.9837
312.9829
312.9822
312.9812
312.981
312.9814
312.9821
312.9831
312.9843
312.9856
312.9868
312.9879
312.9889
312.996
313.009
313.0215
313.0329
313.0424
313.0765
313.0981
313.1084
313.1149
313.1196
313.1235
313.1269
313.1302
313.0151
313.0052
313.0044
313.0036
313.0026
313.0017
313.0009
313.0003
312.9996
312.9988
312.998
312.9971
312.9961
312.9954
312.9947
312.994
312.9931
312.9932
312.9937
312.9945
312.9957
312.9971
312.9986
313.0001
313.0016
313.003
313.0121
313.03
313.0495
313.0716
313.0983
313.117
313.1194
313.1216
313.1237
313.1257
313.1276
313.1295
313.1314
313.1335
313.0135
313.0123
313.0114
313.0104
313.0094
313.0086
313.0078
313.0071
313.0063
313.0056
313.0048
313.0038
313.003
313.0023
313.0016
313.0007
313.0009
313.0015
313.0024
313.0036
313.0051
313.0067
313.0084
313.01
313.0117
313.0216
313.0408
313.061
313.0823
313.105
313.1177
313.1198
313.1218
313.1239
313.1259
313.1279
313.1298
313.1317
313.1336
313.1356
313.0162
313.015
313.0141
313.0131
313.0122
313.0114
313.0106
313.0099
313.0092
313.0085
313.0076
313.0068
313.006
313.0053
313.0044
313.0045
313.0053
313.0063
313.0075
313.0089
313.0106
313.0123
313.014
313.0158
313.0261
313.0455
313.0654
313.0859
313.1067
313.1181
313.1201
313.1221
313.124
313.126
313.128
313.1299
313.1318
313.1337
313.1355
313.1383
313.0165
313.0154
313.0145
313.0136
313.0128
313.012
313.0113
313.0106
313.0099
313.0092
313.0084
313.0076
313.0068
313.006
313.0061
313.0067
313.0078
313.0091
313.0105
313.0122
313.0139
313.0156
313.0174
313.028
313.0475
313.0672
313.0872
313.1074
313.1184
313.1202
313.1222
313.1241
313.1261
313.1281
313.13
313.1319
313.1338
313.1355
313.1382
313.1413
313.016
313.0148
313.014
313.0132
313.0124
313.0117
313.011
313.0104
313.0097
313.009
313.0082
313.0075
313.0065
313.0066
313.0072
313.0082
313.0096
313.0111
313.0127
313.0144
313.0162
313.018
313.0286
313.0482
313.0679
313.0877
313.1076
313.1185
313.1202
313.1221
313.1241
313.1261
313.1281
313.1301
313.132
313.1338
313.1356
313.1382
313.1413
313.144
313.1433
313.1424
313.1414
313.1405
313.1395
313.1385
313.1375
313.1366
313.1356
313.1347
313.1227
313.0996
313.0766
313.0537
313.0309
313.019
313.0179
313.0169
313.0158
313.0147
313.0138
313.013
313.0123
313.0115
313.0108
313.01
313.0092
313.0084
313.0076
313.0067
313.0056
313.0053
313.0055
313.0062
313.0072
313.0087
313.0105
313.0126
313.0153
313.0182
313.1424
313.1414
313.1405
313.1395
313.1385
313.1375
313.1365
313.1356
313.1346
313.1225
313.0993
313.0761
313.0531
313.0303
313.0185
313.0174
313.0164
313.0154
313.0143
313.0134
313.0126
313.0118
313.0111
313.0104
313.0096
313.0088
313.008
313.0072
313.0064
313.0053
313.0051
313.0054
313.006
313.0069
313.0082
313.0098
313.0116
313.0139
313.0166
313.0281
313.1415
313.1405
313.1395
313.1385
313.1375
313.1365
313.1355
313.1345
313.122
313.0981
313.0745
313.0513
313.0286
313.017
313.0159
313.0148
313.0139
313.0129
313.012
313.0111
313.0103
313.0096
313.0089
313.0082
313.0074
313.0066
313.0058
313.005
313.004
313.0039
313.0042
313.0048
313.0056
313.0068
313.0083
313.0099
313.0117
313.014
313.0253
313.0456
313.1405
313.1395
313.1385
313.1374
313.1364
313.1353
313.1343
313.1203
313.0943
313.0698
313.0466
313.0244
313.0132
313.0121
313.0111
313.0101
313.0092
313.0083
313.0075
313.0067
313.006
313.0052
313.0046
313.0038
313.003
313.0023
313.0014
313.0003
313.0002
313.0006
313.0012
313.0021
313.0032
313.0045
313.0059
313.0075
313.0093
313.02
313.0402
313.061
313.1395
313.1385
313.1374
313.1363
313.1352
313.134
313.1124
313.0815
313.0565
313.0349
313.0151
313.0052
313.0041
313.0032
313.0023
313.0014
313.0007
313
312.9992
312.9984
312.9977
312.997
312.9963
312.9955
312.9948
312.9939
312.9928
312.9926
312.9929
312.9936
312.9943
312.9953
312.9965
312.9976
312.999
313.0005
313.0101
313.0288
313.0493
313.0719
313.1319
313.1268
313.1202
313.1085
313.0811
313.0382
313.0317
313.022
313.0108
312.9987
312.9921
312.9912
312.9904
312.9897
312.989
312.9884
312.9879
312.9873
312.9866
312.9859
312.9852
312.9845
312.9838
312.983
312.9821
312.9809
312.9806
312.9808
312.9813
312.9819
312.9826
312.9835
312.9844
312.9853
312.9863
312.9937
313.0074
313.0213
313.0349
313.0476
313.1088
313.093
313.0706
313.0341
313.0044
313.0019
312.9973
312.9913
312.9841
312.98
312.9794
312.9787
312.978
312.9775
312.9769
312.9764
312.976
312.9754
312.9747
312.974
312.9732
312.9724
312.9717
312.9708
312.9695
312.9692
312.9692
312.9695
312.9701
312.9707
312.9713
312.9719
312.9725
312.9731
312.9786
312.9886
312.9983
313.0077
313.0166
313.0436
313.0748
313.0468
313.0102
312.9861
312.9847
312.9821
312.9784
312.9739
312.9711
312.9708
312.9702
312.9696
312.9689
312.9685
312.968
312.9674
312.967
312.9665
312.9657
312.9648
312.964
312.9631
312.9622
312.961
312.9606
312.9606
312.9609
312.9613
312.9619
312.9624
312.9628
312.9632
312.9636
312.9679
312.9755
312.9828
312.9897
312.9966
313.0206
313.0522
313.0342
312.9973
312.9762
312.9753
312.9735
312.9708
312.9675
312.9656
312.9654
312.9651
312.9646
312.9639
312.9632
312.9628
312.9622
312.9616
312.9612
312.9605
312.9596
312.9587
312.9578
312.9567
312.9556
312.9552
312.9553
312.9556
312.9559
312.9565
312.957
312.9573
312.9576
312.9579
312.9614
312.9677
312.9736
312.9791
312.9844
313.0066
313.0386
313.0639
312.9924
312.9714
312.971
312.9696
312.9674
312.9646
312.9629
312.9628
312.9626
312.9623
312.9617
312.961
312.9603
312.9598
312.9592
312.9585
312.958
312.9572
312.9563
312.9553
312.9542
312.9529
312.9526
312.9527
312.9531
312.9535
312.954
312.9545
312.955
312.9552
312.9554
312.9586
312.9644
312.9695
312.9743
312.9787
312.9995
313.0314
313.0574
313.078
312.9717
312.9706
312.9696
312.9674
312.9646
312.9629
312.9627
312.9626
312.9623
312.9619
312.9613
312.9605
312.9598
312.9593
312.9586
312.9578
312.9572
312.9564
312.9553
312.9542
312.9529
312.9525
312.9528
312.9532
312.9537
312.9543
312.9548
312.9553
312.9557
312.9559
312.9591
312.9648
312.9699
312.9744
312.9784
312.9986
313.0301
313.0561
313.0767
313.093
312.9752
312.9731
312.9708
312.9675
312.9654
312.9652
312.9649
312.9647
312.9644
312.9639
312.9633
312.9625
312.9616
312.9611
312.9603
312.9595
312.9588
312.9579
312.9568
312.9555
312.9552
312.9553
312.9558
312.9565
312.9572
312.9579
312.9584
312.9589
312.9593
312.9628
312.969
312.9745
312.9793
312.9833
313.0037
313.0351
313.0601
313.0797
313.095
313.1071
312.982
312.978
312.9737
312.9709
312.9706
312.9703
312.9699
312.9696
312.9692
312.9687
312.968
312.9671
312.9662
312.9656
312.9648
312.9639
312.9632
312.9623
312.961
312.9606
312.9608
312.9613
312.9621
312.963
312.9639
312.9646
312.9652
312.9657
312.9701
312.9775
312.984
312.9895
312.994
313.0158
313.0469
313.07
313.0872
313.1004
313.1107
313.1191
312.9912
312.9837
312.9798
312.9794
312.9789
312.9785
312.9779
312.9775
312.977
312.9765
312.9757
312.9749
312.9739
312.9732
312.9724
312.9715
312.9708
312.9697
312.9694
312.9696
312.9702
312.971
312.9721
312.9732
312.9741
312.975
312.9758
312.9813
312.9909
312.9994
313.0067
313.0124
313.0376
313.0671
313.0862
313.0993
313.1089
313.1164
313.1226
313.1281
312.9986
312.9918
312.9915
312.9908
312.9901
312.9895
312.9888
312.9883
312.9877
312.9871
312.9863
312.9854
312.9844
312.9837
312.9829
312.9821
312.9811
312.9811
312.9814
312.9821
312.9831
312.9843
312.9856
312.9868
312.988
312.9891
312.9963
313.0093
313.0219
313.0333
313.0428
313.0766
313.0981
313.1085
313.115
313.1198
313.1237
313.1271
313.1303
313.1336
313.0053
313.0043
313.0035
313.0027
313.0017
313.0009
313.0002
312.9995
312.9989
312.9981
312.9973
312.9963
312.9954
312.9947
312.994
312.993
312.9932
312.9937
312.9946
312.9957
312.997
312.9986
313.0001
313.0017
313.0032
313.0123
313.0301
313.0496
313.0717
313.0983
313.1169
313.1193
313.1216
313.1237
313.1258
313.1278
313.1297
313.1317
313.1337
313.1358
313.0124
313.0113
313.0104
313.0094
313.0085
313.0078
313.007
313.0063
313.0056
313.0049
313.004
313.0031
313.0023
313.0016
313.0007
313.0008
313.0015
313.0025
313.0036
313.0051
313.0067
313.0083
313.01
313.0117
313.0217
313.0409
313.061
313.0824
313.1049
313.1176
313.1197
313.1218
313.1239
313.126
313.128
313.1299
313.1319
313.1338
313.1357
313.1388
313.0151
313.014
313.0131
313.0122
313.0113
313.0106
313.0098
313.0092
313.0085
313.0078
313.007
313.0061
313.0053
313.0045
313.0046
313.0052
313.0063
313.0075
313.009
313.0106
313.0123
313.014
313.0158
313.0262
313.0456
313.0655
313.0859
313.1067
313.118
313.12
313.122
313.124
313.1261
313.1281
313.13
313.132
313.1339
313.1357
313.1385
313.1415
313.0155
313.0144
313.0136
313.0128
313.012
313.0113
313.0106
313.0099
313.0092
313.0085
313.0078
313.007
313.006
313.0061
313.0067
313.0077
313.009
313.0106
313.0122
313.0139
313.0156
313.0174
313.028
313.0475
313.0673
313.0872
313.1074
313.1183
313.1201
313.1221
313.1241
313.1261
313.1281
313.1301
313.132
313.1339
313.1357
313.1383
313.1414
313.144
313.0149
313.0139
313.0132
313.0125
313.0117
313.011
313.0103
313.0097
313.009
313.0083
313.0076
313.0066
313.0066
313.0073
313.0083
313.0095
313.0111
313.0128
313.0144
313.0162
313.018
313.0286
313.0482
313.0679
313.0877
313.1076
313.1184
313.1202
313.122
313.124
313.1261
313.1281
313.1301
313.132
313.1339
313.1357
313.1383
313.1414
313.144
313.1465
313.1424
313.1414
313.1405
313.1395
313.1385
313.1375
313.1365
313.1356
313.1347
313.1227
313.0997
313.0766
313.0537
313.0309
313.019
313.0179
313.0169
313.0158
313.0148
313.0138
313.013
313.0123
313.0115
313.0108
313.0101
313.0093
313.0085
313.0077
313.0069
313.0058
313.0057
313.0059
313.0065
313.0075
313.0088
313.0104
313.0122
313.0144
313.0171
313.0287
313.1414
313.1405
313.1395
313.1385
313.1375
313.1365
313.1355
313.1346
313.1225
313.0993
313.0762
313.0532
313.0303
313.0185
313.0174
313.0163
313.0153
313.0143
313.0134
313.0126
313.0118
313.011
313.0104
313.0096
313.0089
313.0081
313.0073
313.0066
313.0055
313.0054
313.0058
313.0064
313.0072
313.0085
313.0099
313.0115
313.0134
313.0157
313.0271
313.0474
313.1405
313.1395
313.1385
313.1375
313.1365
313.1355
313.1345
313.122
313.0981
313.0745
313.0514
313.0287
313.017
313.0159
313.0148
313.0138
313.0129
313.012
313.0111
313.0103
313.0096
313.0089
313.0082
313.0075
313.0067
313.006
313.0052
313.0041
313.0041
313.0045
313.0052
313.006
313.0072
313.0085
313.01
313.0116
313.0135
313.0245
313.0448
313.0652
313.1395
313.1385
313.1374
313.1364
313.1353
313.1343
313.1203
313.0943
313.0698
313.0467
313.0246
313.0133
313.0121
313.0111
313.0101
313.0091
313.0083
313.0075
313.0067
313.0059
313.0052
313.0045
313.0038
313.0031
313.0024
313.0016
313.0005
313.0004
313.0008
313.0016
313.0024
313.0036
313.0048
313.0061
313.0076
313.0092
313.0196
313.0395
313.0604
313.0819
313.1385
313.1374
313.1363
313.1352
313.134
313.1124
313.0815
313.0565
313.0349
313.0152
313.0053
313.0043
313.0032
313.0023
313.0014
313.0005
312.9999
312.9992
312.9984
312.9977
312.997
312.9962
312.9955
312.9948
312.994
312.993
312.9928
312.9932
312.9938
312.9947
312.9957
312.9968
312.998
312.9992
313.0005
313.0099
313.0284
313.0486
313.0714
313.0976
313.1272
313.1202
313.1085
313.0812
313.0381
313.0317
313.022
313.0107
312.9987
312.9922
312.9914
312.9906
312.9897
312.9891
312.9884
312.9878
312.9873
312.9867
312.986
312.9852
312.9845
312.9837
312.983
312.9822
312.9811
312.9808
312.981
312.9815
312.9822
312.9831
312.9839
312.9848
312.9856
312.9865
312.9937
313.0071
313.0205
313.0335
313.0454
313.079
313.0938
313.0706
313.0341
313.0044
313.0019
312.9973
312.9912
312.9841
312.98
312.9795
312.9789
312.9782
312.9774
312.9769
312.9764
312.9758
312.9754
312.9748
312.974
312.9732
312.9724
312.9716
312.9708
312.9696
312.9693
312.9695
312.9698
312.9703
312.9711
312.9718
312.9723
312.9729
312.9735
312.9789
312.9886
312.9978
313.0063
313.0144
313.0412
313.0707
313.0477
313.0099
312.9861
312.9847
312.9821
312.9784
312.9737
312.971
312.9708
312.9704
312.9698
312.9691
312.9684
312.968
312.9674
312.9668
312.9664
312.9658
312.9649
312.964
312.9631
312.9621
312.961
312.9607
312.9608
312.9611
312.9616
312.9622
312.9628
312.9633
312.9637
312.964
312.9683
312.9757
312.9826
312.9889
312.9948
313.0184
313.0501
313.0734
312.9979
312.9758
312.9753
312.9735
312.9708
312.9675
312.9655
312.9654
312.9651
312.9647
312.9641
312.9634
312.9627
312.9623
312.9616
312.961
312.9605
312.9597
312.9588
312.9578
312.9568
312.9555
312.9552
312.9554
312.9557
312.9562
312.9567
312.9573
312.9578
312.9581
312.9583
312.9619
312.9681
312.9737
312.9788
312.9835
313.0049
313.0369
313.0621
313.0818
312.9717
312.9706
312.9696
312.9674
312.9646
312.9629
312.9627
312.9626
312.9623
312.9619
312.9613
312.9605
312.9598
312.9593
312.9586
312.9578
312.9572
312.9564
312.9553
312.9542
312.9529
312.9525
312.9528
312.9532
312.9537
312.9543
312.9548
312.9553
312.9557
312.9559
312.9591
312.9648
312.9699
312.9744
312.9784
312.9986
313.0301
313.0561
313.0767
313.093
312.971
312.9691
312.9674
312.9646
312.9629
312.9627
312.9624
312.9622
312.9619
312.9615
312.9608
312.96
312.9592
312.9586
312.9578
312.957
312.9563
312.9554
312.9543
312.9529
312.9526
312.9527
312.9532
312.9538
312.9545
312.9551
312.9556
312.956
312.9564
312.9596
312.9653
312.9704
312.9747
312.9784
312.9983
313.0294
313.0551
313.0758
313.092
313.1051
312.9734
312.9704
312.9675
312.9654
312.9652
312.9649
312.9646
312.9643
312.9639
312.9635
312.9628
312.9619
312.961
312.9604
312.9595
312.9586
312.9579
312.9569
312.9555
312.9552
312.9553
312.9557
312.9565
312.9573
312.9581
312.9587
312.9592
312.9596
312.9633
312.9696
312.975
312.9797
312.9836
313.0038
313.0348
313.0596
313.0791
313.0945
313.1066
313.1165
312.9783
312.9733
312.9709
312.9706
312.9703
312.9699
312.9694
312.9691
312.9687
312.9681
312.9674
312.9665
312.9656
312.9648
312.9639
312.963
312.9622
312.961
312.9607
312.9608
312.9613
312.962
312.963
312.9639
312.9648
312.9655
312.966
312.9705
312.9781
312.9846
312.99
312.9944
313.0161
313.0469
313.0699
313.087
313.1001
313.1105
313.1189
313.1261
312.984
312.9795
312.9794
312.979
312.9784
312.9779
312.9774
312.977
312.9765
312.9759
312.9751
312.9742
312.9732
312.9724
312.9715
312.9706
312.9696
312.9695
312.9697
312.9702
312.971
312.9721
312.9732
312.9742
312.9752
312.976
312.9816
312.9912
312.9999
313.0072
313.0129
313.0379
313.0673
313.0862
313.0992
313.1089
313.1164
313.1226
313.1281
313.1333
312.9921
312.9912
312.9908
312.9902
312.9895
312.9888
312.9882
312.9877
312.9871
312.9864
312.9856
312.9846
312.9837
312.9829
312.9821
312.981
312.9811
312.9815
312.9822
312.9831
312.9843
312.9855
312.9868
312.9881
312.9893
312.9965
313.0095
313.0221
313.0338
313.0432
313.0768
313.0982
313.1085
313.115
313.1199
313.1238
313.1273
313.1305
313.1338
313.1377
313.0044
313.0033
313.0026
313.0018
313.0009
313.0002
312.9995
312.9988
312.9981
312.9974
312.9965
312.9956
312.9947
312.994
312.993
312.993
312.9937
312.9946
312.9957
312.997
312.9985
313.0001
313.0017
313.0032
313.0124
313.0303
313.0497
313.0718
313.0983
313.1168
313.1193
313.1216
313.1238
313.1259
313.1279
313.1299
313.1319
313.1339
313.136
313.1396
313.0114
313.0103
313.0094
313.0086
313.0077
313.007
313.0062
313.0056
313.0049
313.0041
313.0033
313.0025
313.0016
313.0007
313.0008
313.0014
313.0025
313.0037
313.0051
313.0067
313.0083
313.01
313.0117
313.0218
313.041
313.0611
313.0824
313.1049
313.1175
313.1196
313.1218
313.1239
313.126
313.128
313.13
313.132
313.134
313.1359
313.1389
313.1418
313.0141
313.013
313.0122
313.0114
313.0106
313.0098
313.0091
313.0085
313.0078
313.0071
313.0063
313.0055
313.0044
313.0046
313.0052
313.0062
313.0075
313.009
313.0106
313.0122
313.014
313.0157
313.0262
313.0456
313.0655
313.0859
313.1066
313.1179
313.1198
313.1219
313.124
313.126
313.1281
313.1301
313.1321
313.134
313.1359
313.1386
313.1416
313.1442
313.0145
313.0135
313.0128
313.012
313.0112
313.0105
313.0098
313.0092
313.0085
313.0079
313.0071
313.0061
313.0061
313.0067
313.0077
313.009
313.0106
313.0122
313.0139
313.0156
313.0174
313.028
313.0475
313.0673
313.0872
313.1073
313.1182
313.12
313.122
313.124
313.126
313.1281
313.1301
313.1321
313.134
313.1358
313.1385
313.1415
313.1441
313.1465
313.014
313.0131
313.0124
313.0117
313.011
313.0103
313.0096
313.009
313.0084
313.0077
313.0067
313.0067
313.0072
313.0083
313.0095
313.011
313.0127
313.0145
313.0162
313.0179
313.0286
313.0482
313.0679
313.0877
313.1076
313.1184
313.1201
313.122
313.1239
313.126
313.128
313.1301
313.132
313.134
313.1358
313.1384
313.1415
313.1441
313.1465
313.1488
313.1414
313.1405
313.1395
313.1385
313.1375
313.1365
313.1356
313.1347
313.1227
313.0997
313.0767
313.0538
313.0309
313.019
313.0179
313.0168
313.0158
313.0148
313.0139
313.013
313.0122
313.0115
313.0108
313.0101
313.0094
313.0086
313.0078
313.0071
313.006
313.0059
313.0063
313.0069
313.0078
313.009
313.0105
313.0121
313.014
313.0162
313.0278
313.048
313.1405
313.1395
313.1385
313.1375
313.1365
313.1355
313.1346
313.1225
313.0993
313.0762
313.0532
313.0304
313.0185
313.0174
313.0163
313.0153
313.0143
313.0134
313.0126
313.0118
313.011
313.0103
313.0096
313.0089
313.0082
313.0075
313.0067
313.0057
313.0056
313.0061
313.0068
313.0076
313.0088
313.0102
313.0116
313.0133
313.0152
313.0264
313.0467
313.0669
313.1395
313.1385
313.1375
313.1365
313.1355
313.1345
313.122
313.098
313.0745
313.0515
313.0289
313.0171
313.0159
313.0148
313.0138
313.0128
313.012
313.0112
313.0104
313.0096
313.0089
313.0082
313.0075
313.0068
313.0061
313.0053
313.0043
313.0042
313.0047
313.0055
313.0064
313.0075
313.0088
313.0102
313.0117
313.0134
313.0241
313.0443
313.0648
313.0853
313.1385
313.1374
313.1364
313.1353
313.1343
313.1203
313.0943
313.0698
313.0467
313.0247
313.0135
313.0123
313.0111
313.0101
313.0091
313.0082
313.0075
313.0068
313.006
313.0052
313.0045
313.0038
313.0031
313.0024
313.0017
313.0007
313.0006
313.001
313.0018
313.0028
313.0039
313.0052
313.0065
313.0078
313.0093
313.0195
313.0393
313.06
313.0817
313.1039
313.1374
313.1363
313.1352
313.134
313.1124
313.0815
313.0564
313.0349
313.0152
313.0055
313.0044
313.0033
313.0023
313.0014
313.0006
312.9998
312.9992
312.9985
312.9977
312.997
312.9962
312.9955
312.9948
312.9941
312.9931
312.993
312.9934
312.994
312.9949
312.9961
312.9972
312.9984
312.9996
313.0008
313.01
313.0283
313.0484
313.071
313.0975
313.1152
313.1205
313.1085
313.0811
313.0382
313.0317
313.022
313.0107
312.9987
312.9922
312.9916
312.9908
312.9899
312.989
312.9884
312.9878
312.9871
312.9866
312.986
312.9853
312.9845
312.9837
312.983
312.9822
312.9811
312.981
312.9812
312.9817
312.9825
312.9834
312.9843
312.9852
312.986
312.9869
312.9939
313.0071
313.0201
313.0326
313.0438
313.0779
313.0986
313.0711
313.034
313.0044
313.0019
312.9973
312.9912
312.984
312.9799
312.9796
312.9791
312.9784
312.9777
312.9769
312.9764
312.9758
312.9752
312.9748
312.9741
312.9733
312.9724
312.9716
312.9707
312.9696
312.9694
312.9696
312.9701
312.9706
312.9714
312.9721
312.9728
312.9733
312.9739
312.9793
312.9888
312.9976
313.0057
313.0128
313.0395
313.0692
313.0882
313.0104
312.9858
312.9847
312.9821
312.9784
312.9737
312.9709
312.9708
312.9705
312.97
312.9694
312.9687
312.968
312.9675
312.9669
312.9662
312.9657
312.965
312.9641
312.9631
312.9621
312.9609
312.9607
312.9609
312.9613
312.9618
312.9625
312.9631
312.9637
312.9641
312.9645
312.9687
312.9761
312.9828
312.9887
312.994
313.0169
313.0487
313.072
313.0892
312.9761
312.9749
312.9735
312.9708
312.9675
312.9654
312.9652
312.9651
312.9648
312.9643
312.9637
312.963
312.9622
312.9617
312.961
312.9603
312.9597
312.9589
312.9578
312.9568
312.9555
312.9551
312.9554
312.9558
312.9564
312.957
312.9576
312.9581
312.9585
312.9588
312.9623
312.9686
312.9741
312.9789
312.9832
313.0041
313.0357
313.061
313.0805
313.0958
312.971
312.9691
312.9674
312.9646
312.9629
312.9627
312.9624
312.9622
312.9619
312.9615
312.9608
312.96
312.9592
312.9586
312.9578
312.957
312.9563
312.9554
312.9543
312.9529
312.9526
312.9527
312.9532
312.9538
312.9545
312.9551
312.9556
312.956
312.9564
312.9596
312.9653
312.9704
312.9747
312.9784
312.9983
313.0294
313.0551
313.0758
313.092
313.1051
312.9695
312.967
312.9646
312.9629
312.9627
312.9624
312.9621
312.9619
312.9615
312.961
312.9603
312.9595
312.9586
312.9579
312.957
312.9561
312.9554
312.9544
312.953
312.9526
312.9527
312.9531
312.9538
312.9546
312.9553
312.9559
312.9563
312.9567
312.9601
312.9659
312.9709
312.9752
312.9788
312.9983
313.0292
313.0546
313.0751
313.0915
313.1045
313.1152
312.9708
312.9671
312.9655
312.9652
312.9649
312.9646
312.9642
312.9639
312.9635
312.963
312.9622
312.9613
312.9603
312.9596
312.9586
312.9577
312.9569
312.9556
312.9552
312.9553
312.9558
312.9564
312.9573
312.9581
312.9589
312.9595
312.9599
312.9637
312.9702
312.9756
312.9802
312.984
313.004
313.0348
313.0595
313.0788
313.0941
313.1063
313.1162
313.1247
312.9737
312.9705
312.9706
312.9703
312.9699
312.9694
312.969
312.9686
312.9682
312.9676
312.9668
312.9658
312.9648
312.964
312.963
312.9621
312.961
312.9608
312.9609
312.9613
312.962
312.9629
312.964
312.9648
312.9656
312.9663
312.9708
312.9784
312.9852
312.9907
312.9949
313.0164
313.0471
313.0699
313.087
313.1
313.1103
313.1188
313.126
313.1327
312.9798
312.9791
312.979
312.9785
312.9779
312.9774
312.9769
312.9765
312.9759
312.9753
312.9744
312.9734
312.9724
312.9716
312.9706
312.9695
312.9694
312.9698
312.9703
312.971
312.9721
312.9731
312.9742
312.9753
312.9762
312.9818
312.9915
313.0003
313.0078
313.0134
313.0382
313.0674
313.0863
313.0993
313.1089
313.1164
313.1227
313.1282
313.1333
313.1388
312.9914
312.9906
312.9902
312.9895
312.9888
312.9882
312.9876
312.9871
312.9865
312.9858
312.9849
312.9839
312.9829
312.9821
312.981
312.9809
312.9815
312.9822
312.9831
312.9843
312.9855
312.9868
312.9881
312.9894
312.9966
313.0097
313.0224
313.034
313.0437
313.077
313.0982
313.1085
313.115
313.1199
313.1239
313.1274
313.1307
313.1339
313.1378
313.141
313.0035
313.0024
313.0017
313.0009
313.0002
312.9995
312.9987
312.9981
312.9974
312.9967
312.9958
312.9949
312.994
312.993
312.9931
312.9936
312.9946
312.9957
312.9971
312.9985
313.0001
313.0016
313.0032
313.0125
313.0304
313.0498
313.0718
313.0982
313.1167
313.1192
313.1215
313.1237
313.1259
313.128
313.13
313.132
313.1341
313.1361
313.1397
313.1423
313.0104
313.0093
313.0085
313.0078
313.007
313.0062
313.0055
313.0049
313.0042
313.0034
313.0026
313.0018
313.0007
313.0008
313.0014
313.0024
313.0037
313.0051
313.0067
313.0083
313.01
313.0117
313.0218
313.041
313.0611
313.0824
313.1048
313.1174
313.1195
313.1216
313.1238
313.1259
313.128
313.1301
313.1321
313.1341
313.1361
313.1391
313.1419
313.1443
313.0131
313.012
313.0114
313.0106
313.0098
313.0091
313.0084
313.0077
313.0071
313.0064
313.0056
313.0046
313.0046
313.0052
313.0062
313.0074
313.009
313.0106
313.0123
313.014
313.0157
313.0261
313.0456
313.0655
313.0859
313.1066
313.1179
313.1198
313.1218
313.1239
313.126
313.128
313.1301
313.1321
313.1341
313.136
313.1387
313.1417
313.1442
313.1466
313.0136
313.0127
313.012
313.0113
313.0105
313.0098
313.0091
313.0085
313.0079
313.0072
313.0062
313.0062
313.0067
313.0077
313.009
313.0105
313.0122
313.0139
313.0156
313.0174
313.0279
313.0475
313.0673
313.0872
313.1073
313.1182
313.12
313.1219
313.1239
313.1259
313.128
313.1301
313.1321
313.134
313.1359
313.1386
313.1416
313.1442
313.1465
313.1488
313.0132
313.0123
313.0117
313.011
313.0103
313.0096
313.0089
313.0083
313.0077
313.0068
313.0069
313.0074
313.0083
313.0095
313.011
313.0127
313.0144
313.0162
313.018
313.0286
313.0481
313.0679
313.0877
313.1076
313.1183
313.1201
313.1219
313.1239
313.1259
313.128
313.13
313.132
313.134
313.1358
313.1385
313.1415
313.1442
313.1466
313.1489
313.1405
313.1395
313.1385
313.1375
313.1365
313.1356
313.1347
313.1227
313.0997
313.0768
313.0538
313.031
313.019
313.0179
313.0168
313.0157
313.0148
313.0139
313.013
313.0122
313.0115
313.0108
313.0101
313.0094
313.0087
313.0079
313.0072
313.0062
313.0061
313.0066
313.0073
313.0081
313.0093
313.0107
313.0122
313.0139
313.0158
313.027
313.0474
313.0675
313.1395
313.1385
313.1375
313.1365
313.1355
313.1346
313.1225
313.0993
313.0762
313.0533
313.0306
313.0186
313.0174
313.0163
313.0153
313.0142
313.0134
313.0126
313.0118
313.011
313.0103
313.0096
313.0089
313.0082
313.0075
313.0068
313.0058
313.0058
313.0063
313.0071
313.008
313.0091
313.0105
313.0119
313.0134
313.0151
313.026
313.0462
313.0665
313.0866
313.1385
313.1375
313.1365
313.1355
313.1345
313.122
313.098
313.0745
313.0515
313.029
313.0173
313.016
313.0148
313.0138
313.0128
313.0119
313.0112
313.0104
313.0096
313.0089
313.0081
313.0074
313.0068
313.0061
313.0054
313.0044
313.0044
313.0049
313.0057
313.0067
313.0079
313.0092
313.0105
313.012
313.0135
313.0241
313.044
313.0645
313.0851
313.1056
313.1374
313.1364
313.1353
313.1343
313.1203
313.0943
313.0698
313.0467
313.0247
313.0136
313.0124
313.0112
313.0101
313.0091
313.0082
313.0074
313.0067
313.006
313.0053
313.0045
313.0037
313.0031
313.0024
313.0017
313.0008
313.0007
313.0012
313.002
313.003
313.0042
313.0055
313.0068
313.0081
313.0095
313.0196
313.0392
313.0599
313.0816
313.104
313.1161
313.1363
313.1352
313.134
313.1124
313.0815
313.0564
313.0348
313.0152
313.0055
313.0045
313.0035
313.0024
313.0014
313.0006
312.9998
312.9991
312.9985
312.9978
312.997
312.9962
312.9955
312.9948
312.9941
312.9931
312.9931
312.9935
312.9942
312.9952
312.9963
312.9976
312.9987
312.9999
313.0011
313.0102
313.0284
313.0483
313.0709
313.0976
313.1156
313.1177
313.1087
313.081
313.0381
313.0317
313.0219
313.0107
312.9986
312.9922
312.9916
312.9909
312.9901
312.9892
312.9884
312.9878
312.9871
312.9865
312.986
312.9853
312.9845
312.9837
312.9829
312.9821
312.9811
312.981
312.9814
312.982
312.9827
312.9837
312.9847
312.9856
312.9864
312.9873
312.9943
313.0073
313.02
313.0321
313.0427
313.0772
313.0982
313.1082
313.0343
313.0041
313.0019
312.9973
312.9912
312.984
312.9798
312.9795
312.9791
312.9786
312.9779
312.9771
312.9764
312.9759
312.9752
312.9746
312.9741
312.9734
312.9725
312.9716
312.9707
312.9695
312.9694
312.9697
312.9702
312.9709
312.9716
312.9724
312.9732
312.9738
312.9743
312.9797
312.9891
312.9978
313.0055
313.012
313.0382
313.0683
313.0873
313.1003
312.986
312.9844
312.9821
312.9784
312.9737
312.9709
312.9706
312.9704
312.9701
312.9696
312.9689
312.9682
312.9674
312.9669
312.9662
312.9655
312.9649
312.9641
312.9632
312.9621
312.9609
312.9606
312.9609
312.9614
312.962
312.9628
312.9634
312.964
312.9646
312.965
312.9692
312.9765
312.9831
312.9888
312.9936
313.0161
313.0476
313.071
313.0883
313.1014
312.9752
312.9731
312.9708
312.9675
312.9654
312.9652
312.9649
312.9647
312.9644
312.9639
312.9633
312.9625
312.9616
312.9611
312.9603
312.9595
312.9588
312.9579
312.9568
312.9555
312.9552
312.9553
312.9558
312.9564
312.9572
312.9579
312.9584
312.9589
312.9593
312.9628
312.969
312.9745
312.9793
312.9833
313.0037
313.0351
313.0601
313.0797
313.095
313.1071
312.9695
312.967
312.9646
312.9629
312.9627
312.9624
312.9621
312.9619
312.9615
312.961
312.9603
312.9595
312.9586
312.9579
312.957
312.9561
312.9554
312.9544
312.953
312.9526
312.9527
312.9531
312.9538
312.9546
312.9553
312.9559
312.9563
312.9567
312.9601
312.9659
312.9709
312.9752
312.9788
312.9983
313.0292
313.0546
313.0751
313.0915
313.1045
313.1152
312.9673
312.9642
312.9629
312.9627
312.9624
312.9621
312.9617
312.9614
312.961
312.9605
312.9597
312.9588
312.9578
312.9571
312.9561
312.9552
312.9543
312.9531
312.9526
312.9527
312.9531
312.9537
312.9546
312.9554
312.9561
312.9566
312.957
312.9605
312.9664
312.9715
312.9757
312.9792
312.9985
313.0292
313.0544
313.0747
313.091
313.1041
313.1148
313.1239
312.9675
312.965
312.9652
312.9649
312.9646
312.9642
312.9638
312.9634
312.963
312.9624
312.9616
312.9606
312.9595
312.9587
312.9577
312.9567
312.9556
312.9553
312.9554
312.9558
312.9564
312.9572
312.9582
312.959
312.9596
312.9602
312.964
312.9706
312.9763
312.9809
312.9846
313.0044
313.035
313.0595
313.0787
313.0939
313.106
313.116
313.1245
313.1321
312.9709
312.9702
312.9703
312.9699
312.9694
312.969
312.9685
312.9681
312.9676
312.967
312.9661
312.965
312.9639
312.9631
312.9621
312.9608
312.9607
312.961
312.9614
312.962
312.963
312.9639
312.9649
312.9657
312.9665
312.971
312.9788
312.9856
312.9913
312.9956
313.0168
313.0473
313.07
313.087
313.1
313.1103
313.1187
313.126
313.1327
313.1391
312.9794
312.9786
312.9785
312.9779
312.9774
312.9769
312.9763
312.9759
312.9753
312.9746
312.9737
312.9726
312.9715
312.9707
312.9695
312.9693
312.9697
312.9704
312.9711
312.9721
312.9731
312.9742
312.9753
312.9763
312.982
312.9918
313.0006
313.0082
313.0141
313.0387
313.0676
313.0864
313.0993
313.1089
313.1165
313.1227
313.1282
313.1335
313.1389
313.1419
312.9908
312.9899
312.9895
312.9888
312.9882
312.9876
312.987
312.9864
312.9858
312.985
312.9841
312.9831
312.9821
312.981
312.9809
312.9813
312.9822
312.9832
312.9843
312.9855
312.9868
312.988
312.9894
312.9967
313.0099
313.0226
313.0343
313.044
313.0773
313.0983
313.1085
313.115
313.1199
313.124
313.1275
313.1308
313.1341
313.1379
313.1411
313.1428
313.0026
313.0016
313.0009
313.0002
312.9994
312.9987
312.998
312.9974
312.9967
312.9959
312.9951
312.9942
312.993
312.9931
312.9936
312.9945
312.9957
312.9971
312.9986
313
313.0016
313.0032
313.0125
313.0304
313.0499
313.0719
313.0982
313.1166
313.119
313.1214
313.1237
313.1258
313.128
313.1301
313.1321
313.1342
313.1363
313.1399
313.1424
313.1446
313.0094
313.0084
313.0077
313.007
313.0062
313.0055
313.0048
313.0041
313.0034
313.0027
313.0019
313.0009
313.0008
313.0014
313.0024
313.0036
313.0051
313.0067
313.0083
313.0099
313.0117
313.0217
313.041
313.0612
313.0824
313.1048
313.1173
313.1194
313.1215
313.1237
313.1259
313.128
313.1301
313.1321
313.1342
313.1362
313.1392
313.142
313.1444
313.1467
313.0122
313.0112
313.0106
313.0099
313.0091
313.0084
313.0077
313.0071
313.0064
313.0058
313.0048
313.0047
313.0052
313.0062
313.0074
313.0089
313.0106
313.0123
313.014
313.0157
313.0261
313.0456
313.0655
313.0859
313.1066
313.1179
313.1197
313.1217
313.1238
313.1259
313.128
313.1301
313.1321
313.1341
313.136
313.1388
313.1418
313.1443
313.1466
313.1489
313.0128
313.0119
313.0112
313.0106
313.0098
313.0091
313.0085
313.0079
313.0073
313.0064
313.0064
313.0069
313.0077
313.009
313.0105
313.0121
313.0139
313.0157
313.0174
313.0279
313.0475
313.0672
313.0872
313.1073
313.1182
313.1199
313.1218
313.1238
313.1259
313.1279
313.13
313.132
313.134
313.1359
313.1386
313.1416
313.1442
313.1466
313.1489
313.0124
313.0116
313.011
313.0103
313.0096
313.0089
313.0083
313.0077
313.0069
313.007
313.0075
313.0084
313.0095
313.011
313.0127
313.0144
313.0162
313.018
313.0286
313.0481
313.0678
313.0877
313.1076
313.1183
313.12
313.1219
313.1238
313.1258
313.1279
313.1299
313.132
313.1339
313.1358
313.1385
313.1416
313.1442
313.1466
313.1489
313.1395
313.1385
313.1375
313.1365
313.1356
313.1347
313.1227
313.0997
313.0768
313.0539
313.0311
313.0191
313.0179
313.0168
313.0157
313.0147
313.0139
313.0131
313.0123
313.0115
313.0108
313.0101
313.0094
313.0087
313.008
313.0073
313.0063
313.0063
313.0068
313.0076
313.0086
313.0097
313.011
313.0124
313.014
313.0157
313.0267
313.0469
313.0671
313.087
313.1385
313.1375
313.1365
313.1355
313.1346
313.1225
313.0993
313.0762
313.0533
313.0306
313.0187
313.0175
313.0163
313.0153
313.0142
313.0133
313.0126
313.0118
313.011
313.0103
313.0096
313.0089
313.0082
313.0076
313.0069
313.0059
313.0059
313.0064
313.0073
313.0083
313.0095
313.0108
313.0122
313.0137
313.0152
313.0259
313.046
313.0662
313.0864
313.1064
313.1375
313.1365
313.1355
313.1345
313.122
313.098
313.0745
313.0515
313.029
313.0174
313.0162
313.015
313.0138
313.0128
313.0119
313.0111
313.0104
313.0096
313.0089
313.0081
313.0074
313.0067
313.0061
313.0054
313.0045
313.0045
313.005
313.0058
313.0069
313.0082
313.0096
313.0109
313.0123
313.0137
313.0242
313.044
313.0644
313.0851
313.1058
313.1167
313.1364
313.1353
313.1343
313.1203
313.0943
313.0698
313.0466
313.0247
313.0136
313.0125
313.0114
313.0102
313.0091
313.0082
313.0074
313.0066
313.006
313.0053
313.0045
313.0037
313.003
313.0024
313.0017
313.0008
313.0008
313.0014
313.0022
313.0032
313.0045
313.0058
313.0072
313.0085
313.0099
313.0198
313.0393
313.0599
313.0816
313.1042
313.1165
313.1182
313.1352
313.1339
313.1124
313.0815
313.0564
313.0348
313.0151
313.0054
313.0046
313.0036
313.0026
313.0015
313.0005
312.9998
312.9991
312.9983
312.9978
312.997
312.9962
312.9955
312.9948
312.994
312.9931
312.9932
312.9937
312.9944
312.9954
312.9965
312.9978
312.9991
313.0003
313.0015
313.0105
313.0286
313.0484
313.0709
313.0978
313.116
313.1181
313.12
313.0812
313.038
313.0317
313.022
313.0106
312.9986
312.9921
312.9915
312.9909
312.9903
312.9894
312.9886
312.9878
312.9872
312.9865
312.9858
312.9853
312.9846
312.9838
312.9829
312.9821
312.9811
312.981
312.9814
312.9821
312.9829
312.9839
312.9849
312.9859
312.9868
312.9877
312.9947
313.0076
313.0202
313.032
313.0421
313.0766
313.098
313.1081
313.1145
313.0043
313.0016
312.9973
312.9912
312.984
312.9798
312.9794
312.9791
312.9786
312.9781
312.9774
312.9766
312.9758
312.9753
312.9746
312.9739
312.9733
312.9726
312.9716
312.9707
312.9695
312.9693
312.9697
312.9703
312.971
312.9719
312.9727
312.9735
312.9742
312.9748
312.9801
312.9895
312.9981
313.0056
313.0117
313.0376
313.0676
313.0867
313.0998
313.1094
312.9847
312.9817
312.9784
312.9737
312.9709
312.9706
312.9703
312.97
312.9696
312.9691
312.9685
312.9677
312.9669
312.9663
312.9655
312.9648
312.9641
312.9632
312.9622
312.9609
312.9606
312.9608
312.9614
312.9621
312.9629
312.9637
312.9643
312.9649
312.9654
312.9697
312.977
312.9835
312.9891
312.9937
313.0158
313.0471
313.0703
313.0877
313.1007
313.1111
312.9734
312.9704
312.9675
312.9654
312.9652
312.9649
312.9646
312.9643
312.9639
312.9635
312.9627
312.9619
312.961
312.9604
312.9595
312.9586
312.9579
312.9569
312.9555
312.9552
312.9553
312.9557
312.9565
312.9573
312.9581
312.9587
312.9592
312.9596
312.9633
312.9696
312.975
312.9797
312.9836
313.0038
313.0348
313.0596
313.0791
313.0945
313.1066
313.1165
312.9673
312.9642
312.9629
312.9627
312.9624
312.9621
312.9617
312.9614
312.961
312.9605
312.9597
312.9588
312.9578
312.9571
312.9561
312.9552
312.9543
312.9531
312.9526
312.9527
312.9531
312.9537
312.9546
312.9554
312.9561
312.9566
312.957
312.9605
312.9664
312.9715
312.9757
312.9792
312.9985
313.0292
313.0544
313.0747
313.091
313.1041
313.1148
313.1239
312.9646
312.9624
312.9627
312.9624
312.9621
312.9617
312.9613
312.961
312.9605
312.96
312.9591
312.9581
312.957
312.9562
312.9552
312.9541
312.953
312.9527
312.9528
312.9531
312.9537
312.9545
312.9554
312.9562
312.9568
312.9573
312.9608
312.9668
312.9721
312.9764
312.9798
312.9989
313.0294
313.0544
313.0746
313.0908
313.1038
313.1146
313.1237
313.1318
312.9654
312.9648
312.9649
312.9646
312.9642
312.9637
312.9633
312.9629
312.9624
312.9618
312.9609
312.9598
312.9586
312.9578
312.9567
312.9554
312.9553
312.9555
312.9558
312.9564
312.9572
312.9581
312.959
312.9597
312.9604
312.9643
312.9709
312.9767
312.9816
312.9853
313.0049
313.0353
313.0596
313.0787
313.0938
313.1059
313.1159
313.1244
313.132
313.1393
312.9706
312.9699
312.9699
312.9694
312.969
312.9685
312.968
312.9676
312.967
312.9663
312.9653
312.9642
312.963
312.9621
312.9608
312.9605
312.9609
312.9615
312.9621
312.963
312.9639
312.9648
312.9657
312.9665
312.9712
312.979
312.9859
312.9918
312.9963
313.0174
313.0476
313.0701
313.087
313.1
313.1103
313.1187
313.126
313.1327
313.1392
313.1426
312.9789
312.9781
312.9779
312.9774
312.9769
312.9763
312.9758
312.9753
312.9746
312.9738
312.9729
312.9718
312.9706
312.9695
312.9693
312.9696
312.9703
312.9712
312.9721
312.9731
312.9742
312.9752
312.9763
312.9821
312.9919
313.0009
313.0085
313.0146
313.0392
313.0678
313.0865
313.0994
313.109
313.1165
313.1228
313.1283
313.1336
313.139
313.142
313.1433
312.9901
312.9892
312.9888
312.9882
312.9876
312.987
312.9863
312.9857
312.985
312.9843
312.9833
312.9823
312.981
312.981
312.9813
312.9821
312.9832
312.9844
312.9856
312.9868
312.988
312.9893
312.9967
313.0099
313.0227
313.0345
313.0443
313.0774
313.0983
313.1085
313.115
313.1199
313.124
313.1276
313.1309
313.1342
313.1381
313.1412
313.1429
313.1448
313.0017
313.0007
313.0002
312.9995
312.9987
312.998
312.9973
312.9966
312.996
312.9952
312.9944
312.9932
312.993
312.9936
312.9945
312.9956
312.9971
312.9986
313.0001
313.0016
313.0032
313.0124
313.0304
313.0499
313.0719
313.0982
313.1165
313.119
313.1213
313.1236
313.1258
313.1279
313.1301
313.1322
313.1343
313.1364
313.14
313.1425
313.1446
313.1468
313.0085
313.0076
313.007
313.0063
313.0055
313.0048
313.0041
313.0034
313.0028
313.0021
313.001
313.001
313.0014
313.0024
313.0036
313.005
313.0067
313.0084
313.01
313.0116
313.0217
313.041
313.0612
313.0824
313.1048
313.1173
313.1194
313.1215
313.1236
313.1258
313.1279
313.1301
313.1321
313.1342
313.1362
313.1393
313.1421
313.1445
313.1467
313.1489
313.0114
313.0105
313.0098
313.0091
313.0084
313.0077
313.007
313.0064
313.0058
313.0049
313.0049
313.0054
313.0062
313.0074
313.0089
313.0105
313.0123
313.014
313.0157
313.0261
313.0456
313.0655
313.0859
313.1066
313.1178
313.1197
313.1217
313.1237
313.1258
313.1279
313.13
313.1321
313.1341
313.1361
313.1389
313.1419
313.1444
313.1467
313.1489
313.012
313.0111
313.0105
313.0099
313.0091
313.0085
313.0078
313.0072
313.0064
313.0065
313.007
313.0079
313.009
313.0105
313.0121
313.0138
313.0156
313.0174
313.028
313.0475
313.0672
313.0872
313.1073
313.1182
313.1199
313.1218
313.1238
313.1258
313.1279
313.1299
313.132
313.134
313.1359
313.1386
313.1417
313.1443
313.1466
313.1489
313.0117
313.0109
313.0103
313.0096
313.0089
313.0083
313.0077
313.0068
313.007
313.0076
313.0085
313.0096
313.011
313.0127
313.0144
313.0161
313.018
313.0286
313.0482
313.0678
313.0877
313.1076
313.1183
313.12
313.1219
313.1238
313.1258
313.1278
313.1299
313.1319
313.1339
313.1358
313.1385
313.1416
313.1442
313.1466
313.1489
313.1385
313.1375
313.1365
313.1356
313.1347
313.1227
313.0997
313.0767
313.0539
313.0312
313.0192
313.018
313.0168
313.0157
313.0147
313.0138
313.013
313.0123
313.0115
313.0108
313.0101
313.0094
313.0087
313.0081
313.0074
313.0064
313.0064
313.0069
313.0078
313.0088
313.0101
313.0114
313.0127
313.0142
313.0158
313.0266
313.0467
313.0668
313.0869
313.1067
313.1375
313.1365
313.1355
313.1346
313.1225
313.0993
313.0762
313.0533
313.0306
313.0188
313.0176
313.0164
313.0152
313.0142
313.0133
313.0125
313.0118
313.0111
313.0103
313.0096
313.0089
313.0082
313.0076
313.0069
313.006
313.006
313.0066
313.0074
313.0085
313.0098
313.0112
313.0125
313.0139
313.0155
313.0261
313.046
313.0662
313.0864
313.1066
313.1171
313.1365
313.1354
313.1345
313.122
313.098
313.0745
313.0514
313.0289
313.0174
313.0163
313.0151
313.0139
313.0128
313.0119
313.0111
313.0103
313.0096
313.0089
313.0082
313.0074
313.0067
313.0061
313.0054
313.0045
313.0046
313.0052
313.006
313.0071
313.0084
313.0098
313.0112
313.0126
313.014
313.0244
313.0441
313.0645
313.0852
313.1061
313.1171
313.1186
313.1353
313.1342
313.1203
313.0943
313.0698
313.0466
313.0246
313.0135
313.0125
313.0115
313.0104
313.0093
313.0082
313.0074
313.0066
313.0059
313.0053
313.0046
313.0038
313.003
313.0023
313.0017
313.0008
313.0009
313.0015
313.0023
313.0033
313.0047
313.0061
313.0075
313.0088
313.0102
313.0201
313.0395
313.0601
313.0818
313.1045
313.1169
313.1185
313.1204
313.134
313.1124
313.0815
313.0564
313.0348
313.0151
313.0054
313.0045
313.0036
313.0027
313.0017
313.0007
312.9998
312.9991
312.9983
312.9976
312.997
312.9963
312.9955
312.9947
312.994
312.9931
312.9932
312.9937
312.9945
312.9955
312.9967
312.998
312.9994
313.0006
313.0018
313.0109
313.0288
313.0485
313.071
313.098
313.1164
313.1185
313.1204
313.1223
313.0381
313.0315
313.022
313.0107
312.9986
312.9921
312.9915
312.9909
312.9903
312.9896
312.9888
312.988
312.9871
312.9865
312.9859
312.9852
312.9846
312.9838
312.983
312.9821
312.9811
312.981
312.9815
312.9822
312.9831
312.9841
312.9851
312.9862
312.9872
312.9881
312.995
313.0079
313.0205
313.0321
313.0419
313.0764
313.098
313.1082
313.1145
313.1192
313.0018
312.997
312.9912
312.984
312.9798
312.9794
312.9789
312.9786
312.9781
312.9775
312.9768
312.9761
312.9752
312.9747
312.9739
312.9732
312.9725
312.9717
312.9707
312.9695
312.9693
312.9696
312.9703
312.9711
312.972
312.9729
312.9737
312.9745
312.9752
312.9806
312.9899
312.9985
313.0059
313.0118
313.0374
313.0672
313.0864
313.0995
313.1091
313.1166
312.982
312.978
312.9737
312.9709
312.9706
312.9703
312.9699
312.9696
312.9691
312.9687
312.9679
312.9671
312.9662
312.9656
312.9648
312.9639
312.9632
312.9623
312.9609
312.9606
312.9608
312.9613
312.9621
312.963
312.9639
312.9646
312.9652
312.9657
312.9701
312.9775
312.984
312.9895
312.994
313.0158
313.0469
313.07
313.0872
313.1004
313.1107
313.1191
312.9708
312.9671
312.9654
312.9652
312.9649
312.9646
312.9642
312.9639
312.9635
312.963
312.9622
312.9613
312.9603
312.9596
312.9586
312.9577
312.9569
312.9556
312.9552
312.9553
312.9558
312.9564
312.9573
312.9581
312.9589
312.9595
312.9599
312.9637
312.9702
312.9756
312.9802
312.984
313.004
313.0348
313.0595
313.0788
313.0941
313.1063
313.1162
313.1247
312.9646
312.9624
312.9627
312.9624
312.9621
312.9617
312.9613
312.961
312.9605
312.96
312.9591
312.9581
312.957
312.9562
312.9552
312.9541
312.953
312.9527
312.9527
312.9531
312.9537
312.9545
312.9554
312.9562
312.9568
312.9573
312.9608
312.9668
312.9721
312.9764
312.9798
312.9989
313.0294
313.0544
313.0746
313.0908
313.1038
313.1146
313.1237
313.1318
312.9628
312.9622
312.9624
312.9621
312.9617
312.9613
312.9609
312.9605
312.96
312.9593
312.9584
312.9573
312.9561
312.9553
312.9541
312.9528
312.9527
312.9528
312.9532
312.9537
312.9545
312.9553
312.9562
312.9569
312.9575
312.9611
312.9672
312.9726
312.9771
312.9805
312.9994
313.0296
313.0545
313.0746
313.0907
313.1037
313.1144
313.1236
313.1317
313.1393
312.9652
312.9645
312.9646
312.9642
312.9637
312.9633
312.9628
312.9624
312.9618
312.9611
312.9601
312.9589
312.9577
312.9568
312.9554
312.9551
312.9554
312.9559
312.9565
312.9572
312.9581
312.9589
312.9597
312.9605
312.9645
312.9712
312.9771
312.9821
312.986
313.0055
313.0356
313.0598
313.0788
313.0938
313.1059
313.1159
313.1244
313.1321
313.1393
313.143
312.9702
312.9695
312.9694
312.969
312.9685
312.968
312.9674
312.9669
312.9663
312.9655
312.9645
312.9633
312.9621
312.9609
312.9606
312.9608
312.9614
312.9622
312.963
312.9639
312.9648
312.9656
312.9666
312.9713
312.9792
312.9862
312.9921
312.9969
313.0181
313.0479
313.0703
313.0871
313.1001
313.1103
313.1188
313.1261
313.1328
313.1393
313.1427
313.1437
312.9784
312.9776
312.9774
312.9769
312.9763
312.9758
312.9752
312.9746
312.9739
312.9731
312.972
312.9709
312.9695
312.9693
312.9696
312.9702
312.9711
312.9722
312.9732
312.9742
312.9752
312.9762
312.9821
312.992
313.001
313.0088
313.0149
313.0396
313.0682
313.0866
313.0994
313.109
313.1165
313.1228
313.1284
313.1336
313.1391
313.1422
313.1434
313.1451
312.9895
312.9886
312.9882
312.9876
312.987
312.9863
312.9856
312.985
312.9843
312.9835
312.9825
312.9812
312.9809
312.9814
312.9821
312.983
312.9843
312.9856
312.9868
312.988
312.9893
312.9967
313.01
313.0228
313.0346
313.0445
313.0776
313.0984
313.1085
313.115
313.1199
313.124
313.1276
313.1309
313.1343
313.1382
313.1413
313.143
313.1449
313.1469
313.0009
313
312.9995
312.9988
312.998
312.9973
312.9966
312.9959
312.9952
312.9945
312.9934
312.9932
312.9936
312.9945
312.9956
312.997
312.9986
313.0001
313.0016
313.0031
313.0124
313.0304
313.0499
313.072
313.0982
313.1165
313.1189
313.1212
313.1235
313.1257
313.1279
313.13
313.1322
313.1343
313.1365
313.1401
313.1426
313.1447
313.1468
313.1489
313.0077
313.0068
313.0062
313.0055
313.0048
313.0041
313.0034
313.0027
313.0021
313.0012
313.0011
313.0016
313.0024
313.0036
313.005
313.0066
313.0083
313.01
313.0117
313.0217
313.0409
313.0611
313.0824
313.1048
313.1173
313.1193
313.1214
313.1236
313.1257
313.1279
313.13
313.1321
313.1342
313.1363
313.1393
313.1422
313.1445
313.1467
313.1489
313.0106
313.0097
313.0091
313.0084
313.0077
313.007
313.0063
313.0058
313.0049
313.005
313.0055
313.0063
313.0074
313.0089
313.0105
313.0122
313.014
313.0158
313.0261
313.0456
313.0655
313.0859
313.1066
313.1178
313.1197
313.1216
313.1237
313.1257
313.1278
313.1299
313.132
313.1341
313.1361
313.1389
313.1419
313.1444
313.1467
313.1489
313.0113
313.0104
313.0098
313.0091
313.0084
313.0078
313.0072
313.0064
313.0065
313.0071
313.008
313.0091
313.0105
313.0121
313.0138
313.0156
313.0174
313.028
313.0475
313.0672
313.0872
313.1073
313.1181
313.1199
313.1218
313.1237
313.1258
313.1278
313.1299
313.1319
313.1339
313.1359
313.1386
313.1417
313.1443
313.1467
313.1489
313.011
313.0102
313.0096
313.0089
313.0083
313.0077
313.0068
313.007
313.0077
313.0087
313.0098
313.0112
313.0127
313.0144
313.0161
313.0179
313.0286
313.0482
313.0679
313.0876
313.1075
313.1183
313.12
313.1219
313.1238
313.1258
313.1278
313.1298
313.1318
313.1338
313.1358
313.1385
313.1416
313.1443
313.1466
313.1489
313.1375
313.1365
313.1356
313.1347
313.1227
313.0997
313.0767
313.0539
313.0312
313.0193
313.0181
313.0169
313.0157
313.0147
313.0138
313.013
313.0123
313.0115
313.0108
313.01
313.0093
313.0087
313.0081
313.0074
313.0065
313.0066
313.0071
313.0079
313.009
313.0103
313.0118
313.0131
313.0145
313.016
313.0267
313.0467
313.0668
313.0869
313.1068
313.1173
313.1365
313.1355
313.1346
313.1225
313.0993
313.0762
313.0533
313.0306
313.0188
313.0177
313.0166
313.0154
313.0142
313.0133
313.0125
313.0117
313.0111
313.0104
313.0096
313.0089
313.0082
313.0075
313.0069
313.0061
313.0061
313.0067
313.0076
313.0087
313.01
313.0115
313.0129
313.0143
313.0157
313.0263
313.0461
313.0663
313.0866
313.1068
313.1174
313.1189
313.1354
313.1345
313.122
313.098
313.0745
313.0514
313.0289
313.0173
313.0163
313.0152
313.0141
313.0129
313.0119
313.0111
313.0103
313.0095
313.0089
313.0082
313.0074
313.0067
313.006
313.0054
313.0046
313.0047
313.0053
313.0061
313.0072
313.0086
313.01
313.0115
313.013
313.0144
313.0247
313.0443
313.0646
313.0853
313.1064
313.1174
313.1189
313.1206
313.1342
313.1202
313.0943
313.0698
313.0466
313.0246
313.0135
313.0125
313.0115
313.0105
313.0094
313.0084
313.0074
313.0067
313.0059
313.0052
313.0045
313.0038
313.0031
313.0023
313.0017
313.0008
313.0009
313.0015
313.0024
313.0035
313.0048
313.0063
313.0077
313.0091
313.0105
313.0204
313.0398
313.0602
313.0819
313.1047
313.1172
313.1189
313.1207
313.1225
313.1124
313.0814
313.0564
313.0348
313.0151
313.0054
313.0044
313.0036
313.0027
313.0018
313.0009
313
312.9991
312.9984
312.9976
312.9969
312.9963
312.9956
312.9948
312.994
312.9931
312.9931
312.9937
312.9946
312.9957
312.9969
312.9982
312.9996
313.0009
313.0022
313.0112
313.0291
313.0487
313.0711
313.0981
313.1167
313.1188
313.1208
313.1226
313.1246
313.0316
313.0217
313.0107
312.9986
312.9921
312.9915
312.9908
312.9902
312.9896
312.9889
312.9882
312.9874
312.9865
312.9859
312.9852
312.9844
312.9838
312.983
312.9822
312.9811
312.981
312.9814
312.9822
312.9831
312.9842
312.9854
312.9864
312.9874
312.9884
312.9954
313.0083
313.0208
313.0323
313.042
313.0763
313.098
313.1082
313.1146
313.1193
313.1232
312.9973
312.9909
312.984
312.9798
312.9794
312.9789
312.9785
312.978
312.9776
312.977
312.9763
312.9755
312.9746
312.974
312.9732
312.9724
312.9717
312.9708
312.9696
312.9693
312.9696
312.9702
312.9711
312.9721
312.9731
312.974
312.9748
312.9755
312.981
312.9904
312.9989
313.0062
313.012
313.0374
313.0671
313.0862
313.0993
313.109
313.1164
313.1226
312.9783
312.9733
312.9709
312.9706
312.9703
312.9699
312.9694
312.9691
312.9687
312.9681
312.9674
312.9665
312.9656
312.9648
312.9639
312.963
312.9622
312.961
312.9607
312.9608
312.9613
312.962
312.963
312.9639
312.9648
312.9655
312.966
312.9705
312.9781
312.9846
312.99
312.9944
313.0161
313.0469
313.0699
313.087
313.1001
313.1105
313.1189
313.1261
312.9675
312.965
312.9652
312.9649
312.9646
312.9642
312.9638
312.9634
312.963
312.9624
312.9616
312.9606
312.9595
312.9587
312.9577
312.9567
312.9556
312.9553
312.9554
312.9558
312.9564
312.9572
312.9582
312.9589
312.9596
312.9602
312.964
312.9706
312.9763
312.9809
312.9846
313.0044
313.035
313.0595
313.0787
313.0939
313.106
313.116
313.1245
313.1321
312.9628
312.9622
312.9624
312.9621
312.9617
312.9613
312.9609
312.9605
312.96
312.9593
312.9584
312.9573
312.9561
312.9553
312.9541
312.9528
312.9527
312.9528
312.9532
312.9537
312.9545
312.9553
312.9562
312.9569
312.9575
312.9611
312.9672
312.9726
312.9771
312.9805
312.9994
313.0296
313.0545
313.0746
313.0907
313.1037
313.1144
313.1236
313.1317
313.1393
312.9626
312.9619
312.9621
312.9617
312.9613
312.9608
312.9604
312.9599
312.9594
312.9586
312.9576
312.9564
312.9552
312.9542
312.9528
312.9525
312.9528
312.9533
312.9538
312.9545
312.9553
312.9561
312.9569
312.9576
312.9613
312.9675
312.9729
312.9776
312.9813
313
313.03
313.0547
313.0747
313.0907
313.1036
313.1144
313.1235
313.1317
313.1394
313.1432
312.9649
312.9641
312.9642
312.9637
312.9633
312.9628
312.9622
312.9618
312.9611
312.9603
312.9592
312.958
312.9567
312.9555
312.9551
312.9552
312.9559
312.9565
312.9573
312.9581
312.9589
312.9597
312.9605
312.9646
312.9714
312.9774
312.9825
312.9866
313.0062
313.036
313.06
313.0789
313.0939
313.1059
313.1159
313.1244
313.1321
313.1394
313.1431
313.144
312.9698
312.969
312.969
312.9685
312.968
312.9674
312.9668
312.9663
312.9655
312.9647
312.9636
312.9623
312.9608
312.9606
312.9608
312.9613
312.9622
312.9631
312.9639
312.9648
312.9657
312.9665
312.9713
312.9793
312.9864
312.9925
312.9973
313.0186
313.0484
313.0705
313.0872
313.1001
313.1103
313.1188
313.1261
313.1328
313.1394
313.1428
313.1438
313.1453
312.9779
312.9771
312.9769
312.9764
312.9758
312.9751
312.9745
312.9738
312.9731
312.9722
312.9711
312.9697
312.9693
312.9696
312.9702
312.971
312.9722
312.9732
312.9742
312.9752
312.9762
312.982
312.9921
313.0011
313.009
313.0152
313.0399
313.0684
313.0868
313.0995
313.109
313.1165
313.1228
313.1284
313.1337
313.1392
313.1423
313.1435
313.1451
313.147
312.9888
312.988
312.9876
312.987
312.9863
312.9856
312.9849
312.9843
312.9835
312.9827
312.9815
312.9811
312.9813
312.9821
312.983
312.9842
312.9856
312.9869
312.9881
312.9893
312.9967
313.0099
313.0228
313.0347
313.0446
313.0777
313.0984
313.1085
313.1149
313.1198
313.1239
313.1276
313.1309
313.1343
313.1382
313.1414
313.1431
313.145
313.1469
313.149
313.0002
312.9993
312.9987
312.9981
312.9973
312.9966
312.9958
312.9952
312.9945
312.9936
312.9934
312.9938
312.9945
312.9956
312.997
312.9985
313.0001
313.0017
313.0032
313.0124
313.0304
313.0499
313.072
313.0982
313.1165
313.1189
313.1212
313.1234
313.1256
313.1278
313.13
313.1321
313.1343
313.1365
313.1401
313.1426
313.1448
313.1469
313.1489
313.007
313.0061
313.0055
313.0048
313.004
313.0034
313.0027
313.0021
313.0012
313.0013
313.0018
313.0025
313.0036
313.005
313.0066
313.0082
313.01
313.0117
313.0217
313.0409
313.0611
313.0824
313.1048
313.1172
313.1193
313.1214
313.1235
313.1256
313.1278
313.1299
313.1321
313.1342
313.1363
313.1394
313.1422
313.1446
313.1468
313.1489
313.0098
313.009
313.0084
313.0077
313.007
313.0063
313.0057
313.0049
313.005
313.0056
313.0065
313.0076
313.0089
313.0105
313.0122
313.0139
313.0158
313.0262
313.0456
313.0655
313.0858
313.1065
313.1178
313.1196
313.1216
313.1236
313.1257
313.1278
313.1299
313.132
313.134
313.136
313.1389
313.1419
313.1444
313.1467
313.1489
313.0105
313.0097
313.0091
313.0085
313.0078
313.0072
313.0063
313.0065
313.0072
313.0081
313.0093
313.0106
313.0121
313.0138
313.0156
313.0173
313.028
313.0475
313.0672
313.0872
313.1073
313.1181
313.1199
313.1218
313.1237
313.1257
313.1278
313.1298
313.1319
313.1339
313.1359
313.1386
313.1417
313.1443
313.1467
313.1489
313.0103
313.0095
313.0089
313.0083
313.0077
313.0068
313.0069
313.0076
313.0087
313.0099
313.0113
313.0128
313.0144
313.0161
313.0179
313.0285
313.0482
313.0679
313.0877
313.1075
313.1183
313.12
313.1218
313.1238
313.1257
313.1278
313.1298
313.1318
313.1338
313.1357
313.1385
313.1416
313.1443
313.1466
313.1489
313.1365
313.1356
313.1347
313.1227
313.0997
313.0767
313.0539
313.0312
313.0193
313.0182
313.017
313.0158
313.0147
313.0138
313.013
313.0122
313.0115
313.0108
313.0101
313.0093
313.0087
313.008
313.0074
313.0066
313.0066
313.0072
313.0081
313.0092
313.0106
313.012
313.0135
313.0149
313.0163
313.0269
313.0468
313.0669
313.0871
313.1071
313.1176
313.1191
313.1355
313.1346
313.1225
313.0993
313.0762
313.0533
313.0306
313.0188
313.0177
313.0167
313.0155
313.0144
313.0133
313.0125
313.0117
313.011
313.0103
313.0096
313.0089
313.0082
313.0075
313.0069
313.0061
313.0062
313.0068
313.0077
313.0088
313.0102
313.0117
313.0132
313.0147
313.0161
313.0265
313.0463
313.0664
313.0867
313.1071
313.1178
313.1192
313.1208
313.1345
313.1219
313.098
313.0745
313.0514
313.0289
313.0173
313.0162
313.0152
313.0142
313.0131
313.012
313.0111
313.0103
313.0095
313.0088
313.0082
313.0075
313.0067
313.006
313.0054
313.0045
313.0047
313.0053
313.0062
313.0074
313.0087
313.0102
313.0117
313.0132
313.0147
313.025
313.0445
313.0647
313.0855
313.1066
313.1178
313.1193
313.1209
313.1227
313.1203
313.0942
313.0698
313.0466
313.0246
313.0135
313.0124
313.0115
313.0105
313.0095
313.0085
313.0076
313.0066
313.0059
313.0052
313.0044
313.0038
313.0031
313.0024
313.0017
313.0008
313.0009
313.0015
313.0025
313.0036
313.005
313.0064
313.0079
313.0094
313.0108
313.0207
313.04
313.0604
313.082
313.1049
313.1175
313.1193
313.121
313.1228
313.1247
313.0814
313.0563
313.0348
313.0151
313.0054
313.0044
313.0035
313.0027
313.0019
313.001
313.0002
312.9992
312.9983
312.9977
312.9969
312.9961
312.9955
312.9948
312.9941
312.9931
312.9931
312.9937
312.9946
312.9957
312.997
312.9984
312.9998
313.0011
313.0025
313.0115
313.0294
313.0489
313.0713
313.0982
313.1169
313.1191
313.1211
313.123
313.1249
313.1268
313.0219
313.0104
312.9986
312.9921
312.9914
312.9908
312.9901
312.9896
312.989
312.9883
312.9876
312.9867
312.9859
312.9852
312.9844
312.9836
312.983
312.9822
312.9811
312.981
312.9814
312.9821
312.9831
312.9843
312.9855
312.9866
312.9877
312.9887
312.9958
313.0087
313.0211
313.0326
313.0422
313.0764
313.098
313.1083
313.1147
313.1195
313.1233
313.1268
312.9912
312.9837
312.9798
312.9794
312.9789
312.9784
312.9779
312.9775
312.977
312.9765
312.9757
312.9749
312.9739
312.9732
312.9724
312.9715
312.9708
312.9697
312.9694
312.9696
312.9702
312.971
312.9721
312.9732
312.9741
312.975
312.9758
312.9813
312.9909
312.9994
313.0067
313.0124
313.0376
313.0671
313.0862
313.0993
313.1089
313.1164
313.1226
313.1281
312.9737
312.9705
312.9706
312.9703
312.9699
312.9694
312.969
312.9686
312.9682
312.9676
312.9668
312.9658
312.9648
312.964
312.963
312.962
312.961
312.9608
312.9609
312.9613
312.962
312.9629
312.964
312.9648
312.9656
312.9663
312.9708
312.9784
312.9852
312.9907
312.9949
313.0164
313.0471
313.0699
313.087
313.1
313.1103
313.1188
313.126
313.1327
312.9654
312.9648
312.9649
312.9646
312.9642
312.9637
312.9633
312.9629
312.9624
312.9618
312.9609
312.9598
312.9586
312.9578
312.9567
312.9554
312.9553
312.9555
312.9558
312.9564
312.9572
312.9581
312.959
312.9597
312.9604
312.9643
312.9709
312.9767
312.9816
312.9853
313.0049
313.0353
313.0596
313.0787
313.0938
313.1059
313.1159
313.1244
313.132
313.1393
312.9626
312.9619
312.9621
312.9617
312.9613
312.9608
312.9604
312.9599
312.9594
312.9586
312.9576
312.9564
312.9552
312.9542
312.9528
312.9525
312.9528
312.9533
312.9538
312.9545
312.9553
312.9561
312.9569
312.9576
312.9613
312.9675
312.9729
312.9776
312.9813
313
313.03
313.0547
313.0747
313.0907
313.1036
313.1144
313.1235
313.1317
313.1394
313.1432
312.9624
312.9616
312.9617
312.9613
312.9608
312.9603
312.9598
312.9593
312.9587
312.9578
312.9567
312.9555
312.9542
312.9529
312.9525
312.9526
312.9532
312.9539
312.9546
312.9553
312.9561
312.9568
312.9576
312.9614
312.9677
312.9733
312.978
312.9818
313.0008
313.0304
313.055
313.0748
313.0908
313.1037
313.1143
313.1235
313.1317
313.1394
313.1433
313.1441
312.9645
312.9637
312.9638
312.9633
312.9628
312.9622
312.9616
312.9611
312.9603
312.9594
312.9583
312.957
312.9554
312.9552
312.9552
312.9557
312.9565
312.9574
312.9581
312.9589
312.9597
312.9604
312.9646
312.9715
312.9776
312.9828
312.987
313.0068
313.0365
313.0602
313.079
313.094
313.1059
313.1159
313.1244
313.1321
313.1395
313.1432
313.144
313.1454
312.9694
312.9686
312.9685
312.968
312.9674
312.9668
312.9661
312.9655
312.9647
312.9638
312.9626
312.9611
312.9606
312.9608
312.9613
312.962
312.9631
312.964
312.9648
312.9657
312.9665
312.9713
312.9794
312.9865
312.9927
312.9976
313.0189
313.0488
313.0708
313.0873
313.1002
313.1104
313.1188
313.1261
313.1329
313.1395
313.1429
313.1439
313.1453
313.1471
312.9774
312.9766
312.9764
312.9758
312.9751
312.9745
312.9737
312.9731
312.9723
312.9713
312.97
312.9695
312.9696
312.9702
312.971
312.972
312.9732
312.9743
312.9752
312.9762
312.982
312.992
313.0012
313.0091
313.0154
313.0401
313.0686
313.087
313.0996
313.109
313.1165
313.1228
313.1284
313.1337
313.1392
313.1423
313.1436
313.1452
313.147
313.149
312.9882
312.9874
312.987
312.9864
312.9856
312.9849
312.9842
312.9835
312.9827
312.9816
312.9814
312.9816
312.9821
312.9831
312.9842
312.9855
312.9869
312.9881
312.9893
312.9966
313.0099
313.0228
313.0347
313.0447
313.0777
313.0985
313.1085
313.1149
313.1198
313.1239
313.1275
313.1309
313.1343
313.1382
313.1414
313.1431
313.145
313.147
313.149
312.9995
312.9986
312.998
312.9973
312.9966
312.9959
312.9951
312.9945
312.9936
312.9936
312.994
312.9947
312.9956
312.997
312.9985
313
313.0017
313.0032
313.0124
313.0304
313.0499
313.0719
313.0982
313.1164
313.1188
313.1211
313.1234
313.1255
313.1277
313.1299
313.1321
313.1343
313.1365
313.1401
313.1427
313.1448
313.1469
313.149
313.0062
313.0054
313.0048
313.0041
313.0033
313.0027
313.002
313.0012
313.0013
313.0019
313.0027
313.0037
313.005
313.0066
313.0082
313.0099
313.0117
313.0218
313.041
313.0611
313.0824
313.1048
313.1172
313.1193
313.1214
313.1235
313.1256
313.1277
313.1299
313.132
313.1341
313.1363
313.1394
313.1422
313.1446
313.1468
313.1489
313.0091
313.0083
313.0077
313.007
313.0063
313.0057
313.0048
313.005
313.0057
313.0066
313.0077
313.0091
313.0105
313.0122
313.0139
313.0157
313.0262
313.0456
313.0655
313.0858
313.1065
313.1178
313.1196
313.1216
313.1236
313.1257
313.1277
313.1298
313.1319
313.134
313.136
313.1389
313.1419
313.1444
313.1467
313.1489
313.0098
313.009
313.0084
313.0078
313.0072
313.0063
313.0064
313.0071
313.0082
313.0094
313.0108
313.0123
313.0138
313.0156
313.0173
313.0279
313.0475
313.0673
313.0872
313.1073
313.1181
313.1199
313.1217
313.1237
313.1257
313.1277
313.1298
313.1318
313.1338
313.1358
313.1386
313.1417
313.1443
313.1467
313.1489
313.0096
313.0088
313.0083
313.0077
313.0068
313.0069
313.0076
313.0087
313.0099
313.0114
313.013
313.0145
313.0161
313.0179
313.0285
313.0481
313.0679
313.0877
313.1075
313.1183
313.12
313.1218
313.1237
313.1257
313.1277
313.1297
313.1318
313.1337
313.1357
313.1384
313.1416
313.1442
313.1466
313.1489
313.1356
313.1347
313.1227
313.0997
313.0767
313.0539
313.0311
313.0193
313.0182
313.0171
313.016
313.0148
313.0138
313.013
313.0122
313.0114
313.0108
313.0101
313.0094
313.0087
313.008
313.0074
313.0066
313.0067
313.0073
313.0082
313.0093
313.0107
313.0122
313.0137
313.0152
313.0167
313.0272
313.047
313.067
313.0872
313.1074
313.118
313.1194
313.1209
313.1346
313.1225
313.0993
313.0762
313.0532
313.0306
313.0188
313.0177
313.0167
313.0156
313.0145
313.0134
313.0125
313.0117
313.011
313.0102
313.0096
313.0089
313.0082
313.0075
313.0069
313.006
313.0062
313.0068
313.0078
313.0089
313.0103
313.0118
313.0134
313.0149
313.0164
313.0268
313.0465
313.0665
313.0868
313.1073
313.1182
313.1196
313.1211
313.1228
313.122
313.098
313.0745
313.0514
313.0289
313.0173
313.0162
313.0152
313.0142
313.0132
313.0122
313.0112
313.0103
313.0095
313.0088
313.0081
313.0074
313.0068
313.0061
313.0054
313.0045
313.0046
313.0053
313.0063
313.0075
313.0089
313.0104
313.0119
313.0134
313.015
313.0253
313.0448
313.0649
313.0856
313.1067
313.1181
313.1197
313.1213
313.123
313.1248
313.0943
313.0697
313.0466
313.0246
313.0135
313.0124
313.0114
313.0105
313.0095
313.0086
313.0077
313.0068
313.0059
313.0052
313.0044
313.0037
313.0031
313.0024
313.0017
313.0007
313.0008
313.0015
313.0025
313.0037
313.0051
313.0066
313.008
313.0096
313.0111
313.021
313.0402
313.0606
313.0821
313.105
313.1177
313.1195
313.1214
313.1232
313.125
313.1269
313.0564
313.0346
313.0151
313.0054
313.0044
313.0035
313.0026
313.0018
313.001
313.0003
312.9994
312.9985
312.9976
312.9969
312.9961
312.9954
312.9948
312.9941
312.9931
312.9931
312.9937
312.9946
312.9957
312.9971
312.9985
312.9999
313.0013
313.0027
313.0118
313.0296
313.0491
313.0714
313.0983
313.117
313.1193
313.1214
313.1233
313.1252
313.1271
313.129
313.0106
312.9983
312.9921
312.9915
312.9908
312.9901
312.9895
312.9889
312.9884
312.9877
312.9869
312.9861
312.9852
312.9845
312.9837
312.9829
312.9822
312.9812
312.981
312.9814
312.9821
312.9831
312.9843
312.9856
312.9868
312.9879
312.9889
312.996
313.009
313.0215
313.0329
313.0424
313.0765
313.0981
313.1084
313.1149
313.1196
313.1235
313.1269
313.1302
312.984
312.9795
312.9794
312.979
312.9784
312.9779
312.9774
312.977
312.9765
312.9759
312.9751
312.9742
312.9732
312.9724
312.9715
312.9706
312.9696
312.9695
312.9697
312.9702
312.971
312.9721
312.9732
312.9742
312.9752
312.976
312.9816
312.9912
312.9999
313.0072
313.0129
313.0379
313.0673
313.0862
313.0992
313.1089
313.1164
313.1226
313.1281
313.1333
312.9709
312.9702
312.9703
312.9699
312.9694
312.969
312.9685
312.9681
312.9676
312.967
312.9661
312.965
312.9639
312.9631
312.9621
312.9608
312.9607
312.961
312.9614
312.962
312.963
312.9639
312.9649
312.9657
312.9665
312.971
312.9788
312.9856
312.9913
312.9956
313.0168
313.0473
313.07
313.087
313.1
313.1103
313.1187
313.126
313.1327
313.1391
312.9652
312.9645
312.9646
312.9642
312.9637
312.9633
312.9628
312.9624
312.9618
312.9611
312.9601
312.9589
312.9577
312.9568
312.9554
312.9551
312.9554
312.9559
312.9565
312.9572
312.9581
312.9589
312.9597
312.9605
312.9645
312.9712
312.9771
312.9821
312.986
313.0055
313.0356
313.0598
313.0788
313.0938
313.1059
313.1159
313.1244
313.1321
313.1393
313.143
312.9624
312.9616
312.9617
312.9613
312.9608
312.9603
312.9598
312.9593
312.9587
312.9578
312.9567
312.9555
312.9542
312.9529
312.9525
312.9526
312.9532
312.9539
312.9546
312.9553
312.9561
312.9568
312.9576
312.9614
312.9677
312.9733
312.978
312.9818
313.0008
313.0304
313.055
313.0748
313.0908
313.1037
313.1143
313.1235
313.1317
313.1394
313.1433
313.1441
312.962
312.9612
312.9613
312.9609
312.9603
312.9598
312.9592
312.9586
312.9578
312.9569
312.9558
312.9544
312.9529
312.9526
312.9526
312.953
312.9538
312.9547
312.9554
312.9561
312.9568
312.9575
312.9614
312.9678
312.9735
312.9783
312.9823
313.0014
313.031
313.0552
313.075
313.0908
313.1037
313.1143
313.1235
313.1317
313.1395
313.1434
313.1442
313.1455
312.9641
312.9633
312.9633
312.9628
312.9622
312.9616
312.9609
312.9603
312.9595
312.9585
312.9573
312.9557
312.9551
312.9553
312.9557
312.9563
312.9574
312.9582
312.959
312.9597
312.9604
312.9645
312.9715
312.9777
312.9831
312.9874
313.0071
313.037
313.0606
313.0792
313.094
313.106
313.1159
313.1244
313.1322
313.1396
313.1433
313.1441
313.1455
313.1472
312.9689
312.9681
312.968
312.9674
312.9668
312.9661
312.9654
312.9647
312.9638
312.9628
312.9614
312.9608
312.9608
312.9613
312.962
312.9629
312.964
312.9649
312.9657
312.9665
312.9713
312.9793
312.9866
312.9928
312.9978
313.0192
313.049
313.0712
313.0876
313.1002
313.1104
313.1188
313.1261
313.1329
313.1395
313.143
313.1439
313.1454
313.1471
313.149
312.9769
312.976
312.9758
312.9752
312.9745
312.9737
312.9729
312.9722
312.9714
312.9702
312.9698
312.9698
312.9702
312.971
312.972
312.9731
312.9743
312.9753
312.9763
312.982
312.992
313.0011
313.0091
313.0155
313.0403
313.0687
313.0871
313.0997
313.1091
313.1165
313.1228
313.1284
313.1337
313.1392
313.1424
313.1436
313.1453
313.1471
313.149
312.9876
312.9867
312.9863
312.9857
312.9849
312.9842
312.9834
312.9827
312.9817
312.9815
312.9818
312.9823
312.983
312.9842
312.9855
312.9867
312.9881
312.9894
312.9967
313.0099
313.0228
313.0347
313.0447
313.0778
313.0985
313.1085
313.1149
313.1198
313.1238
313.1274
313.1309
313.1343
313.1382
313.1415
313.1432
313.1451
313.147
313.149
312.9988
312.9979
312.9973
312.9966
312.9958
312.9951
312.9944
312.9936
312.9936
312.9942
312.9949
312.9958
312.997
312.9985
313
313.0015
313.0032
313.0125
313.0304
313.0499
313.0719
313.0982
313.1164
313.1188
313.1211
313.1233
313.1255
313.1277
313.1298
313.132
313.1342
313.1365
313.1401
313.1427
313.1448
313.1469
313.149
313.0055
313.0046
313.0041
313.0034
313.0027
313.002
313.0011
313.0013
313.0019
313.0028
313.0039
313.0052
313.0066
313.0083
313.0099
313.0116
313.0218
313.041
313.0611
313.0824
313.1047
313.1172
313.1192
313.1213
313.1235
313.1256
313.1277
313.1298
313.1319
313.1341
313.1362
313.1394
313.1422
313.1446
313.1468
313.1489
313.0084
313.0076
313.007
313.0064
313.0057
313.0048
313.0049
313.0056
313.0066
313.0078
313.0092
313.0107
313.0122
313.0139
313.0157
313.0261
313.0456
313.0655
313.0859
313.1065
313.1178
313.1196
313.1216
313.1236
313.1256
313.1277
313.1298
313.1319
313.1339
313.136
313.1389
313.1419
313.1444
313.1467
313.1489
313.0091
313.0084
313.0078
313.0072
313.0063
313.0064
313.0071
313.0081
313.0094
313.0109
313.0124
313.014
313.0156
313.0173
313.0279
313.0474
313.0672
313.0872
313.1073
313.1181
313.1199
313.1217
313.1237
313.1257
313.1277
313.1298
313.1318
313.1338
313.1358
313.1386
313.1417
313.1443
313.1467
313.1489
313.0089
313.0082
313.0077
313.0068
313.0069
313.0076
313.0086
313.0099
313.0114
313.0131
313.0147
313.0163
313.0179
313.0285
313.0481
313.0678
313.0877
313.1075
313.1183
313.12
313.1218
313.1237
313.1257
313.1277
313.1297
313.1317
313.1337
313.1356
313.1384
313.1415
313.1442
313.1466
313.1489
313.1347
313.1227
313.0997
313.0767
313.0538
313.0311
313.0192
313.0182
313.0171
313.0161
313.015
313.0139
313.0129
313.0122
313.0114
313.0107
313.0101
313.0094
313.0087
313.008
313.0074
313.0065
313.0067
313.0073
313.0083
313.0095
313.0109
313.0124
313.0139
313.0155
313.017
313.0275
313.0472
313.0672
313.0873
313.1076
313.1183
313.1197
313.1212
313.1229
313.1225
313.0992
313.0762
313.0533
313.0305
313.0188
313.0177
313.0166
313.0156
313.0146
313.0136
313.0126
313.0117
313.011
313.0102
313.0095
313.0089
313.0082
313.0075
313.0069
313.006
313.0061
313.0068
313.0078
313.009
313.0104
313.012
313.0135
313.0151
313.0167
313.0271
313.0467
313.0667
313.087
313.1074
313.1184
313.1199
313.1215
313.1231
313.1249
313.098
313.0744
313.0514
313.0289
313.0173
313.0162
313.0151
313.0141
313.0132
313.0123
313.0113
313.0104
313.0095
313.0088
313.0081
313.0073
313.0067
313.0061
313.0054
313.0045
313.0046
313.0053
313.0063
313.0075
313.009
313.0105
313.012
313.0136
313.0152
313.0255
313.045
313.0651
313.0857
313.1068
313.1182
313.1199
313.1216
313.1233
313.1251
313.1269
313.0697
313.0465
313.0246
313.0135
313.0124
313.0114
313.0104
313.0095
313.0086
313.0078
313.007
313.006
313.0052
313.0044
313.0037
313.003
313.0024
313.0017
313.0008
313.0008
313.0015
313.0024
313.0037
313.0051
313.0067
313.0082
313.0097
313.0113
313.0212
313.0404
313.0607
313.0822
313.105
313.1177
313.1197
313.1216
313.1235
313.1253
313.1271
313.129
313.0348
313.0149
313.0054
313.0045
313.0035
313.0026
313.0017
313.001
313.0003
312.9996
312.9987
312.9978
312.9969
312.9962
312.9954
312.9947
312.9941
312.9932
312.9931
312.9936
312.9945
312.9957
312.9971
312.9986
313.0001
313.0015
313.0029
313.012
313.0298
313.0493
313.0715
313.0983
313.117
313.1193
313.1215
313.1235
313.1255
313.1274
313.1292
313.1312
312.9986
312.9918
312.9915
312.9908
312.9901
312.9895
312.9888
312.9883
312.9877
312.9871
312.9863
312.9854
312.9844
312.9837
312.9829
312.9821
312.9811
312.9811
312.9814
312.9821
312.9831
312.9843
312.9856
312.9868
312.988
312.9891
312.9963
313.0093
313.0219
313.0333
313.0428
313.0766
313.0981
313.1085
313.115
313.1198
313.1237
313.1271
313.1303
313.1336
312.9798
312.9791
312.979
312.9785
312.9779
312.9774
312.9769
312.9764
312.9759
312.9753
312.9744
312.9734
312.9724
312.9716
312.9706
312.9695
312.9694
312.9698
312.9703
312.971
312.9721
312.9731
312.9742
312.9752
312.9762
312.9818
312.9915
313.0003
313.0078
313.0134
313.0382
313.0674
313.0863
313.0993
313.1089
313.1164
313.1227
313.1282
313.1333
313.1388
312.9706
312.9699
312.9699
312.9694
312.969
312.9685
312.968
312.9676
312.967
312.9663
312.9653
312.9642
312.963
312.9621
312.9608
312.9605
312.9609
312.9615
312.9621
312.963
312.9639
312.9648
312.9657
312.9665
312.9712
312.979
312.9859
312.9918
312.9963
313.0174
313.0476
313.0701
313.087
313.1
313.1103
313.1187
313.126
313.1327
313.1392
313.1426
312.9649
312.9641
312.9642
312.9637
312.9633
312.9628
312.9622
312.9618
312.9611
312.9603
312.9592
312.958
312.9567
312.9555
312.9551
312.9552
312.9559
312.9565
312.9573
312.9581
312.9589
312.9597
312.9605
312.9646
312.9714
312.9774
312.9825
312.9866
313.0062
313.036
313.06
313.0789
313.0939
313.1059
313.1159
313.1244
313.1321
313.1394
313.1431
313.144
312.962
312.9612
312.9613
312.9608
312.9603
312.9598
312.9592
312.9586
312.9578
312.9569
312.9558
312.9544
312.9529
312.9526
312.9526
312.953
312.9538
312.9547
312.9554
312.9561
312.9568
312.9575
312.9614
312.9678
312.9735
312.9783
312.9823
313.0014
313.031
313.0552
313.075
313.0908
313.1037
313.1143
313.1235
313.1317
313.1395
313.1434
313.1442
313.1455
312.9616
312.9608
312.9609
312.9604
312.9598
312.9592
312.9585
312.9578
312.957
312.956
312.9547
312.9531
312.9525
312.9527
312.953
312.9536
312.9547
312.9555
312.9562
312.9568
312.9575
312.9613
312.9679
312.9736
312.9786
312.9827
313.0018
313.0315
313.0557
313.0751
313.0909
313.1037
313.1144
313.1235
313.1318
313.1396
313.1435
313.1443
313.1456
313.1472
312.9637
312.9629
312.9628
312.9622
312.9616
312.9609
312.9601
312.9594
312.9585
312.9575
312.956
312.9554
312.9552
312.9558
312.9563
312.9572
312.9582
312.9591
312.9597
312.9604
312.9645
312.9715
312.9778
312.9832
312.9876
313.0075
313.0373
313.061
313.0795
313.0941
313.106
313.1159
313.1244
313.1322
313.1396
313.1433
313.1442
313.1456
313.1472
313.149
312.9685
312.9676
312.9674
312.9668
312.9661
312.9654
312.9645
312.9638
312.9629
312.9616
312.9611
312.9611
312.9613
312.962
312.9629
312.9638
312.9649
312.9658
312.9666
312.9713
312.9793
312.9865
312.9929
312.998
313.0194
313.0492
313.0713
313.0878
313.1004
313.1104
313.1188
313.1261
313.1329
313.1395
313.143
313.144
313.1455
313.1472
313.149
312.9763
312.9754
312.9752
312.9745
312.9737
312.9729
312.9721
312.9713
312.9702
312.97
312.9701
312.9704
312.971
312.972
312.9731
312.9741
312.9753
312.9763
312.9821
312.992
313.0011
313.0091
313.0156
313.0404
313.0688
313.0871
313.0998
313.1092
313.1166
313.1228
313.1284
313.1337
313.1392
313.1424
313.1437
313.1453
313.1471
313.149
312.987
312.9861
312.9857
312.9849
312.9842
312.9834
312.9826
312.9816
312.9816
312.982
312.9825
312.9833
312.9842
312.9855
312.9867
312.988
312.9894
312.9968
313.01
313.0228
313.0347
313.0447
313.0778
313.0985
313.1085
313.1149
313.1198
313.1238
313.1274
313.1308
313.1342
313.1382
313.1415
313.1432
313.1451
313.147
313.149
312.9981
312.9971
312.9966
312.9959
312.9951
312.9944
312.9935
312.9936
312.9942
312.995
312.996
312.9972
312.9985
313
313.0015
313.0031
313.0125
313.0304
313.0499
313.0719
313.0982
313.1164
313.1188
313.1211
313.1233
313.1255
313.1276
313.1298
313.132
313.1342
313.1365
313.1401
313.1427
313.1449
313.1469
313.149
313.0048
313.0039
313.0034
313.0027
313.002
313.0011
313.0012
313.0019
313.0029
313.004
313.0054
313.0068
313.0082
313.0099
313.0116
313.0217
313.041
313.0611
313.0824
313.1047
313.1172
313.1192
313.1213
313.1234
313.1255
313.1277
313.1298
313.1319
313.134
313.1362
313.1393
313.1422
313.1446
313.1468
313.1489
313.0077
313.0069
313.0063
313.0057
313.0048
313.0049
313.0056
313.0066
313.0079
313.0093
313.0108
313.0124
313.0139
313.0157
313.0261
313.0455
313.0655
313.0859
313.1065
313.1178
313.1196
313.1216
313.1236
313.1256
313.1277
313.1298
313.1318
313.1339
313.1359
313.1388
313.1419
313.1444
313.1467
313.1489
313.0085
313.0077
313.0072
313.0063
313.0064
313.0071
313.0081
313.0094
313.0109
313.0125
313.0141
313.0157
313.0173
313.0279
313.0474
313.0672
313.0872
313.1073
313.1181
313.1199
313.1217
313.1237
313.1257
313.1277
313.1297
313.1318
313.1338
313.1357
313.1385
313.1416
313.1443
313.1467
313.1489
313.0083
313.0076
313.0068
313.007
313.0076
313.0086
313.0098
313.0114
313.0131
313.0148
313.0164
313.018
313.0285
313.0481
313.0678
313.0876
313.1075
313.1183
313.12
313.1218
313.1237
313.1257
313.1277
313.1297
313.1317
313.1337
313.1356
313.1384
313.1415
313.1442
313.1466
313.1489
313.1227
313.0996
313.0767
313.0539
313.0311
313.0192
313.0181
313.0171
313.0161
313.015
313.014
313.0131
313.0122
313.0114
313.0107
313.01
313.0094
313.0087
313.008
313.0074
313.0065
313.0067
313.0074
313.0083
313.0095
313.011
313.0125
313.0141
313.0157
313.0173
313.0278
313.0474
313.0673
313.0875
313.1077
313.1186
313.1201
313.1216
313.1232
313.1249
313.0993
313.0761
313.0532
313.0306
313.0187
313.0176
313.0166
313.0156
313.0146
313.0137
313.0128
313.0118
313.011
313.0103
313.0095
313.0088
313.0082
313.0076
313.0069
313.006
313.0061
313.0068
313.0078
313.0091
313.0105
313.0121
313.0137
313.0153
313.0169
313.0273
313.0469
313.0668
313.0871
313.1075
313.1186
313.1202
313.1218
313.1234
313.1252
313.127
313.0745
313.0513
313.0289
313.0173
313.0162
313.0151
313.0141
313.0131
313.0123
313.0114
313.0106
313.0097
313.0088
313.0081
313.0073
313.0066
313.0061
313.0054
313.0045
313.0046
313.0052
313.0063
313.0075
313.009
313.0106
313.0122
313.0138
313.0154
313.0257
313.0452
313.0652
313.0858
313.1069
313.1183
313.1201
313.1218
313.1236
313.1254
313.1272
313.1291
313.0466
313.0245
313.0135
313.0124
313.0114
313.0104
313.0094
313.0086
313.0079
313.0071
313.0062
313.0053
313.0044
313.0037
313.003
313.0023
313.0017
313.0008
313.0009
313.0014
313.0024
313.0036
313.0051
313.0067
313.0083
313.0099
313.0114
313.0214
313.0406
313.0608
313.0823
313.1051
313.1178
313.1198
313.1218
313.1237
313.1256
313.1274
313.1293
313.1312
313.0151
313.0052
313.0044
313.0035
313.0026
313.0017
313.0009
313.0003
312.9996
312.9988
312.998
312.9971
312.9961
312.9954
312.9947
312.994
312.9931
312.9932
312.9937
312.9945
312.9957
312.9971
312.9986
313.0001
313.0016
313.003
313.0121
313.03
313.0495
313.0716
313.0983
313.117
313.1194
313.1216
313.1237
313.1257
313.1276
313.1295
313.1314
313.1335
312.9921
312.9912
312.9908
312.9902
312.9895
312.9888
312.9882
312.9877
312.9871
312.9864
312.9856
312.9846
312.9837
312.9829
312.9821
312.981
312.9811
312.9815
312.9822
312.9831
312.9843
312.9855
312.9868
312.9881
312.9893
312.9965
313.0095
313.0221
313.0338
313.0432
313.0768
313.0982
313.1085
313.115
313.1199
313.1238
313.1273
313.1305
313.1338
313.1377
312.9794
312.9786
312.9785
312.9779
312.9774
312.9769
312.9763
312.9759
312.9753
312.9746
312.9737
312.9726
312.9715
312.9707
312.9695
312.9693
312.9697
312.9704
312.9711
312.9721
312.9731
312.9742
312.9753
312.9763
312.982
312.9918
313.0006
313.0082
313.0141
313.0387
313.0676
313.0864
313.0993
313.1089
313.1165
313.1227
313.1282
313.1335
313.1389
313.1419
312.9702
312.9695
312.9694
312.969
312.9685
312.968
312.9674
312.9669
312.9663
312.9655
312.9645
312.9633
312.9621
312.9609
312.9606
312.9607
312.9614
312.9622
312.963
312.9639
312.9648
312.9656
312.9666
312.9713
312.9792
312.9862
312.9921
312.9969
313.0181
313.0479
313.0703
313.0871
313.1001
313.1103
313.1188
313.1261
313.1328
313.1393
313.1427
313.1437
312.9645
312.9637
312.9638
312.9633
312.9628
312.9622
312.9616
312.9611
312.9603
312.9594
312.9583
312.957
312.9554
312.9551
312.9552
312.9557
312.9565
312.9574
312.9581
312.9589
312.9597
312.9604
312.9646
312.9715
312.9776
312.9828
312.987
313.0068
313.0365
313.0602
313.079
313.094
313.1059
313.1159
313.1244
313.1321
313.1395
313.1432
313.144
313.1454
312.9616
312.9608
312.9609
312.9604
312.9598
312.9592
312.9585
312.9578
312.957
312.956
312.9547
312.9531
312.9525
312.9527
312.953
312.9536
312.9547
312.9555
312.9562
312.9568
312.9575
312.9613
312.9679
312.9736
312.9786
312.9827
313.0018
313.0315
313.0557
313.0751
313.0909
313.1037
313.1144
313.1235
313.1318
313.1396
313.1435
313.1443
313.1456
313.1472
312.9612
312.9604
312.9604
312.9598
312.9592
312.9585
312.9577
312.9569
312.956
312.955
312.9534
312.9528
312.9526
312.9531
312.9537
312.9545
312.9555
312.9563
312.9569
312.9575
312.9614
312.9678
312.9737
312.9787
312.9829
313.0021
313.0318
313.0561
313.0755
313.091
313.1038
313.1144
313.1235
313.1318
313.1396
313.1435
313.1443
313.1456
313.1472
313.1491
312.9633
312.9624
312.9622
312.9616
312.9609
312.9601
312.9593
312.9585
312.9575
312.9562
312.9557
312.9555
312.9557
312.9564
312.9572
312.958
312.959
312.9598
312.9605
312.9645
312.9715
312.9777
312.9832
312.9878
313.0077
313.0375
313.0612
313.0798
313.0944
313.1061
313.1159
313.1244
313.1322
313.1396
313.1434
313.1442
313.1456
313.1472
313.1491
312.968
312.967
312.9668
312.9662
312.9654
312.9645
312.9637
312.9628
312.9616
312.9613
312.9613
312.9616
312.962
312.963
312.9638
312.9647
312.9658
312.9666
312.9713
312.9793
312.9866
312.9928
312.998
313.0195
313.0494
313.0715
313.0879
313.1005
313.1105
313.1188
313.1261
313.1329
313.1395
313.143
313.144
313.1455
313.1472
313.1491
312.9758
312.9748
312.9745
312.9738
312.9729
312.9721
312.9712
312.9702
312.97
312.9703
312.9707
312.9712
312.972
312.9731
312.9741
312.9751
312.9763
312.9821
312.9921
313.0011
313.0091
313.0156
313.0404
313.0689
313.0872
313.0998
313.1092
313.1166
313.1228
313.1283
313.1337
313.1392
313.1424
313.1437
313.1453
313.1471
313.149
312.9864
312.9854
312.9849
312.9842
312.9834
312.9826
312.9815
312.9816
312.982
312.9827
312.9835
312.9844
312.9855
312.9868
312.988
312.9892
312.9967
313.01
313.0228
313.0347
313.0447
313.0778
313.0985
313.1085
313.1149
313.1198
313.1238
313.1274
313.1308
313.1342
313.1382
313.1415
313.1432
313.1451
313.147
313.149
312.9973
312.9964
312.9959
312.9952
312.9944
312.9935
312.9935
312.9942
312.9951
312.9962
312.9974
312.9987
313
313.0016
313.0031
313.0124
313.0304
313.0499
313.0719
313.0982
313.1164
313.1188
313.1211
313.1233
313.1254
313.1276
313.1298
313.1319
313.1341
313.1364
313.1401
313.1427
313.1449
313.1469
313.149
313.0041
313.0032
313.0027
313.002
313.0011
313.0012
313.0018
313.0029
313.0041
313.0055
313.007
313.0084
313.0099
313.0116
313.0217
313.0409
313.0611
313.0824
313.1047
313.1172
313.1192
313.1213
313.1234
313.1255
313.1276
313.1297
313.1319
313.134
313.1361
313.1393
313.1422
313.1446
313.1468
313.149
313.007
313.0062
313.0057
313.0048
313.0049
313.0056
313.0066
313.0078
313.0094
313.011
313.0125
313.0141
313.0157
313.0261
313.0455
313.0655
313.0859
313.1065
313.1178
313.1196
313.1216
313.1236
313.1256
313.1277
313.1297
313.1318
313.1338
313.1359
313.1388
313.1418
313.1444
313.1467
313.1489
313.0078
313.0071
313.0063
313.0065
313.0071
313.0081
313.0093
313.0109
313.0126
313.0142
313.0158
313.0175
313.0279
313.0474
313.0672
313.0871
313.1073
313.1181
313.1199
313.1217
313.1237
313.1257
313.1277
313.1297
313.1317
313.1337
313.1357
313.1385
313.1416
313.1443
313.1467
313.1489
313.0077
313.0067
313.0069
313.0076
313.0086
313.0099
313.0114
313.0131
313.0148
313.0165
313.0182
313.0287
313.0481
313.0678
313.0876
313.1075
313.1183
313.12
313.1218
313.1237
313.1257
313.1277
313.1297
313.1317
313.1337
313.1356
313.1383
313.1415
313.1442
313.1466
313.1489
313.0997
313.0766
313.0538
313.0311
313.0192
313.0181
313.017
313.016
313.015
313.0141
313.0132
313.0123
313.0114
313.0107
313.01
313.0093
313.0087
313.0081
313.0074
313.0065
313.0066
313.0073
313.0084
313.0096
313.0111
313.0126
313.0142
313.0158
313.0175
313.028
313.0476
313.0675
313.0876
313.1078
313.1187
313.1203
313.1219
313.1235
313.1252
313.127
313.0761
313.0532
313.0305
313.0188
313.0176
313.0166
313.0155
313.0146
313.0137
313.0129
313.012
313.0111
313.0102
313.0095
313.0088
313.0081
313.0076
313.0069
313.006
313.0061
313.0068
313.0078
313.0091
313.0106
313.0122
313.0138
313.0154
313.0171
313.0275
313.0471
313.067
313.0872
313.1076
313.1186
313.1203
313.122
313.1238
313.1255
313.1272
313.1291
313.0514
313.0288
313.0173
313.0162
313.0151
313.0141
313.0131
313.0122
313.0115
313.0107
313.0098
313.0089
313.0081
313.0074
313.0067
313.006
313.0054
313.0045
313.0046
313.0052
313.0062
313.0075
313.009
313.0106
313.0123
313.0139
313.0155
313.0258
313.0453
313.0653
313.0859
313.1069
313.1183
313.1201
313.122
313.1238
313.1257
313.1275
313.1293
313.1312
313.0246
313.0133
313.0124
313.0114
313.0104
313.0094
313.0086
313.0078
313.0071
313.0063
313.0055
313.0046
313.0037
313.003
313.0023
313.0016
313.0008
313.0009
313.0015
313.0024
313.0036
313.0051
313.0067
313.0084
313.01
313.0116
313.0215
313.0407
313.0609
313.0823
313.105
313.1178
313.1198
313.1218
313.1238
313.1258
313.1277
313.1295
313.1314
313.1334
313.0053
313.0043
313.0035
313.0027
313.0017
313.0009
313.0002
312.9995
312.9989
312.9981
312.9973
312.9963
312.9954
312.9947
312.994
312.993
312.9932
312.9937
312.9946
312.9957
312.997
312.9986
313.0001
313.0017
313.0032
313.0123
313.0301
313.0496
313.0717
313.0983
313.1169
313.1193
313.1216
313.1237
313.1258
313.1278
313.1297
313.1317
313.1337
313.1358
312.9914
312.9906
312.9902
312.9895
312.9888
312.9882
312.9876
312.9871
312.9865
312.9857
312.9848
312.9839
312.9829
312.9821
312.981
312.9809
312.9815
312.9822
312.9831
312.9842
312.9855
312.9868
312.9881
312.9893
312.9966
313.0097
313.0224
313.034
313.0437
313.077
313.0982
313.1085
313.115
313.1199
313.1239
313.1274
313.1307
313.1339
313.1378
313.141
312.9789
312.9781
312.9779
312.9774
312.9769
312.9763
312.9758
312.9753
312.9746
312.9738
312.9729
312.9718
312.9706
312.9695
312.9693
312.9696
312.9703
312.9712
312.9721
312.9731
312.9742
312.9752
312.9763
312.9821
312.9919
313.0009
313.0085
313.0146
313.0392
313.0678
313.0865
313.0994
313.109
313.1165
313.1228
313.1283
313.1336
313.139
313.142
313.1433
312.9698
312.969
312.969
312.9685
312.968
312.9674
312.9668
312.9663
312.9655
312.9647
312.9636
312.9623
312.9608
312.9606
312.9608
312.9613
312.9622
312.9631
312.9639
312.9648
312.9657
312.9665
312.9713
312.9793
312.9864
312.9925
312.9973
313.0186
313.0484
313.0705
313.0872
313.1001
313.1103
313.1188
313.1261
313.1328
313.1394
313.1428
313.1438
313.1453
312.9641
312.9633
312.9633
312.9628
312.9622
312.9616
312.9609
312.9603
312.9595
312.9585
312.9573
312.9557
312.9551
312.9553
312.9557
312.9563
312.9574
312.9582
312.959
312.9597
312.9604
312.9645
312.9715
312.9777
312.983
312.9874
313.0071
313.037
313.0606
313.0792
313.094
313.106
313.1159
313.1244
313.1322
313.1396
313.1433
313.1441
313.1455
313.1472
312.9612
312.9604
312.9604
312.9598
312.9592
312.9585
312.9577
312.9569
312.956
312.955
312.9534
312.9528
312.9526
312.9531
312.9537
312.9544
312.9555
312.9563
312.9569
312.9575
312.9614
312.9678
312.9737
312.9787
312.9829
313.0021
313.0318
313.0561
313.0755
313.091
313.1038
313.1144
313.1235
313.1318
313.1396
313.1435
313.1443
313.1456
313.1472
313.1491
312.9608
312.9599
312.9598
312.9592
312.9585
312.9577
312.9568
312.956
312.955
312.9537
312.9531
312.9529
312.9531
312.9537
312.9545
312.9553
312.9562
312.957
312.9576
312.9614
312.9678
312.9736
312.9788
312.9831
313.0023
313.0321
313.0563
313.0758
313.0913
313.1038
313.1144
313.1235
313.1318
313.1396
313.1436
313.1444
313.1457
313.1473
313.1491
312.9628
312.9618
312.9616
312.9609
312.9601
312.9593
312.9584
312.9575
312.9563
312.9559
312.9558
312.956
312.9563
312.9572
312.958
312.9588
312.9598
312.9606
312.9646
312.9715
312.9777
312.9832
312.9878
313.0078
313.0377
313.0614
313.08
313.0946
313.1062
313.1159
313.1244
313.1322
313.1396
313.1434
313.1443
313.1456
313.1473
313.1491
312.9674
312.9664
312.9662
312.9654
312.9645
312.9637
312.9627
312.9616
312.9614
312.9615
312.9618
312.9623
312.9629
312.9639
312.9647
312.9656
312.9666
312.9714
312.9794
312.9866
312.9928
312.998
313.0196
313.0494
313.0715
313.088
313.1006
313.1106
313.1189
313.1261
313.1329
313.1395
313.143
313.144
313.1455
313.1472
313.1491
312.9752
312.9742
312.9738
312.973
312.9721
312.9712
312.9701
312.97
312.9703
312.9709
312.9715
312.9723
312.9731
312.9742
312.9751
312.9761
312.9821
312.9921
313.0012
313.0091
313.0156
313.0404
313.0689
313.0872
313.0999
313.1092
313.1166
313.1228
313.1283
313.1336
313.1392
313.1424
313.1437
313.1453
313.1472
313.149
312.9857
312.9847
312.9842
312.9834
312.9826
312.9816
312.9815
312.982
312.9827
312.9837
312.9847
312.9857
312.9867
312.988
312.9892
312.9966
313.01
313.0229
313.0347
313.0447
313.0778
313.0985
313.1085
313.1149
313.1198
313.1238
313.1274
313.1307
313.1341
313.1382
313.1414
313.1432
313.1451
313.1471
313.149
312.9966
312.9957
312.9952
312.9945
312.9935
312.9935
312.9941
312.995
312.9962
312.9975
312.9989
313.0002
313.0015
313.0031
313.0124
313.0303
313.0499
313.072
313.0982
313.1164
313.1188
313.1211
313.1233
313.1254
313.1276
313.1297
313.1319
313.1341
313.1364
313.1401
313.1426
313.1448
313.1469
313.149
313.0034
313.0025
313.002
313.0011
313.0012
313.0018
313.0028
313.004
313.0055
313.0071
313.0086
313.0101
313.0116
313.0217
313.0409
313.0611
313.0824
313.1048
313.1172
313.1192
313.1213
313.1234
313.1255
313.1276
313.1297
313.1318
313.134
313.1361
313.1392
313.1422
313.1446
313.1468
313.149
313.0064
313.0056
313.0048
313.005
313.0056
313.0066
313.0078
313.0093
313.011
313.0126
313.0142
313.0158
313.0261
313.0455
313.0655
313.0858
313.1065
313.1178
313.1196
313.1216
313.1236
313.1256
313.1277
313.1297
313.1318
313.1338
313.1358
313.1388
313.1418
313.1444
313.1467
313.1489
313.0072
313.0062
313.0064
313.0071
313.0081
313.0093
313.0108
313.0125
313.0142
313.016
313.0176
313.028
313.0474
313.0672
313.0871
313.1072
313.1181
313.1199
313.1217
313.1237
313.1257
313.1277
313.1297
313.1317
313.1337
313.1357
313.1385
313.1416
313.1443
313.1466
313.1489
313.0068
313.0069
313.0076
313.0086
313.0098
313.0114
313.013
313.0148
313.0165
313.0183
313.0288
313.0482
313.0678
313.0876
313.1075
313.1183
313.12
313.1218
313.1237
313.1257
313.1277
313.1297
313.1317
313.1337
313.1356
313.1383
313.1415
313.1442
313.1466
313.1489
313.0767
313.0538
313.0311
313.0192
313.0181
313.017
313.016
313.015
313.0141
313.0133
313.0124
313.0116
313.0107
313.01
313.0093
313.0086
313.008
313.0074
313.0065
313.0066
313.0073
313.0083
313.0096
313.0111
313.0127
313.0143
313.016
313.0176
313.0282
313.0478
313.0676
313.0876
313.1079
313.1188
313.1204
313.1221
313.1238
313.1255
313.1272
313.1291
313.0532
313.0305
313.0187
313.0177
313.0166
313.0155
313.0145
313.0137
313.0129
313.0121
313.0112
313.0104
313.0095
313.0088
313.0081
313.0075
313.0069
313.0061
313.0061
313.0068
313.0078
313.009
313.0106
313.0122
313.0139
313.0155
313.0172
313.0277
313.0472
313.067
313.0872
313.1076
313.1187
313.1204
313.1222
313.124
313.1257
313.1275
313.1293
313.1311
313.0289
313.0171
313.0162
313.0151
313.0141
313.0131
313.0122
313.0114
313.0107
313.0099
313.0091
313.0082
313.0073
313.0067
313.006
313.0053
313.0045
313.0047
313.0053
313.0062
313.0074
313.009
313.0106
313.0123
313.014
313.0156
313.0259
313.0454
313.0653
313.0859
313.1069
313.1183
313.1201
313.1221
313.124
313.1259
313.1277
313.1295
313.1314
313.1333
313.0135
313.0123
313.0114
313.0104
313.0094
313.0086
313.0078
313.0071
313.0063
313.0056
313.0048
313.0038
313.003
313.0023
313.0016
313.0007
313.0009
313.0015
313.0024
313.0036
313.0051
313.0067
313.0084
313.01
313.0117
313.0216
313.0408
313.061
313.0823
313.105
313.1177
313.1198
313.1218
313.1239
313.1259
313.1279
313.1298
313.1317
313.1336
313.1356
313.0044
313.0033
313.0026
313.0018
313.0009
313.0002
312.9995
312.9988
312.9981
312.9974
312.9965
312.9956
312.9947
312.994
312.993
312.993
312.9937
312.9946
312.9957
312.997
312.9985
313.0001
313.0017
313.0032
313.0124
313.0303
313.0497
313.0718
313.0983
313.1168
313.1193
313.1216
313.1238
313.1259
313.1279
313.1299
313.1319
313.1339
313.136
313.1396
312.9908
312.9899
312.9895
312.9888
312.9882
312.9876
312.987
312.9864
312.9858
312.985
312.9841
312.9831
312.9821
312.981
312.9809
312.9813
312.9822
312.9832
312.9843
312.9855
312.9868
312.988
312.9894
312.9967
313.0099
313.0226
313.0343
313.044
313.0773
313.0983
313.1085
313.115
313.1199
313.124
313.1275
313.1308
313.1341
313.1379
313.1411
313.1428
312.9784
312.9776
312.9774
312.9769
312.9763
312.9758
312.9751
312.9746
312.9739
312.9731
312.972
312.9709
312.9695
312.9693
312.9696
312.9702
312.9711
312.9722
312.9732
312.9742
312.9752
312.9762
312.9821
312.992
313.001
313.0088
313.0149
313.0396
313.0682
313.0866
313.0994
313.109
313.1165
313.1228
313.1284
313.1336
313.1391
313.1422
313.1434
313.1451
312.9694
312.9686
312.9685
312.968
312.9674
312.9668
312.9661
312.9655
312.9647
312.9638
312.9626
312.9611
312.9606
312.9608
312.9613
312.962
312.9631
312.964
312.9648
312.9657
312.9665
312.9713
312.9794
312.9865
312.9927
312.9976
313.0189
313.0488
313.0708
313.0873
313.1002
313.1104
313.1188
313.1261
313.1329
313.1395
313.1429
313.1439
313.1453
313.1471
312.9637
312.9629
312.9628
312.9622
312.9616
312.9609
312.9601
312.9594
312.9585
312.9575
312.956
312.9554
312.9552
312.9558
312.9563
312.9572
312.9582
312.959
312.9597
312.9604
312.9645
312.9715
312.9778
312.9832
312.9876
313.0075
313.0373
313.061
313.0795
313.0941
313.106
313.1159
313.1244
313.1322
313.1396
313.1433
313.1442
313.1456
313.1472
313.149
312.9608
312.9599
312.9598
312.9592
312.9585
312.9577
312.9568
312.956
312.955
312.9537
312.9531
312.9529
312.9531
312.9537
312.9545
312.9553
312.9562
312.957
312.9576
312.9614
312.9678
312.9736
312.9788
312.9831
313.0023
313.0321
313.0563
313.0758
313.0913
313.1038
313.1144
313.1235
313.1318
313.1396
313.1436
313.1444
313.1457
313.1473
313.1491
312.9603
312.9593
312.9592
312.9585
312.9577
312.9568
312.9559
312.955
312.9537
312.9533
312.9532
312.9534
312.9537
312.9545
312.9553
312.956
312.957
312.9577
312.9614
312.9678
312.9736
312.9787
312.9831
313.0025
313.0322
313.0565
313.076
313.0915
313.104
313.1144
313.1235
313.1318
313.1396
313.1436
313.1444
313.1457
313.1473
313.1491
312.9622
312.9612
312.9609
312.9601
312.9593
312.9584
312.9574
312.9562
312.9559
312.9561
312.9563
312.9566
312.9572
312.9581
312.9588
312.9596
312.9605
312.9647
312.9716
312.9778
312.9832
312.9878
313.0079
313.0378
313.0615
313.0801
313.0947
313.1064
313.1161
313.1244
313.1322
313.1396
313.1434
313.1443
313.1457
313.1473
313.1491
312.9668
312.9658
312.9654
312.9646
312.9637
312.9627
312.9615
312.9613
312.9616
312.9621
312.9625
312.9632
312.9638
312.9648
312.9656
312.9664
312.9714
312.9795
312.9866
312.9928
312.998
313.0195
313.0495
313.0716
313.0881
313.1007
313.1107
313.1189
313.1261
313.1328
313.1395
313.143
313.144
313.1455
313.1473
313.1491
312.9745
312.9734
312.973
312.9721
312.9712
312.9701
312.9699
312.9703
312.9709
312.9717
312.9725
312.9733
312.9741
312.9752
312.9762
312.982
312.9921
313.0013
313.0092
313.0156
313.0404
313.0689
313.0872
313.0999
313.1092
313.1166
313.1228
313.1283
313.1336
313.1392
313.1424
313.1437
313.1453
313.1472
313.149
312.985
312.9839
312.9834
312.9826
312.9815
312.9815
312.9819
312.9827
312.9837
312.9848
312.9859
312.9869
312.988
312.9893
312.9966
313.0099
313.0228
313.0348
313.0448
313.0778
313.0985
313.1085
313.1149
313.1197
313.1238
313.1273
313.1307
313.1341
313.1381
313.1414
313.1432
313.1451
313.1471
313.149
312.9959
312.995
312.9945
312.9935
312.9935
312.9941
312.995
312.9962
312.9976
312.999
313.0004
313.0017
313.0031
313.0124
313.0303
313.0498
313.0719
313.0982
313.1164
313.1188
313.121
313.1232
313.1254
313.1276
313.1297
313.1319
313.134
313.1363
313.14
313.1426
313.1448
313.1469
313.149
313.0027
313.0019
313.0011
313.0012
313.0018
313.0028
313.004
313.0055
313.0071
313.0087
313.0102
313.0118
313.0217
313.0409
313.0611
313.0823
313.1047
313.1172
313.1192
313.1213
313.1234
313.1255
313.1276
313.1297
313.1318
313.1339
313.1361
313.1392
313.1421
313.1446
313.1468
313.1489
313.0057
313.0047
313.005
313.0056
313.0066
313.0078
313.0093
313.011
313.0127
313.0143
313.016
313.0262
313.0455
313.0655
313.0858
313.1065
313.1178
313.1196
313.1216
313.1236
313.1256
313.1276
313.1297
313.1318
313.1338
313.1358
313.1387
313.1418
313.1444
313.1467
313.1489
313.0064
313.0064
313.0071
313.0081
313.0093
313.0108
313.0125
313.0142
313.016
313.0177
313.0281
313.0475
313.0672
313.0871
313.1072
313.1181
313.1199
313.1217
313.1237
313.1257
313.1277
313.1297
313.1317
313.1337
313.1357
313.1384
313.1416
313.1442
313.1466
313.1489
313.007
313.0075
313.0086
313.0099
313.0114
313.013
313.0147
313.0165
313.0183
313.0289
313.0483
313.0679
313.0876
313.1075
313.1183
313.12
313.1218
313.1237
313.1257
313.1277
313.1297
313.1317
313.1337
313.1356
313.1383
313.1414
313.1442
313.1466
313.1489
313.0538
313.031
313.0192
313.0181
313.017
313.016
313.015
313.0141
313.0133
313.0125
313.0117
313.0108
313.01
313.0093
313.0086
313.008
313.0074
313.0066
313.0066
313.0073
313.0083
313.0096
313.0111
313.0128
313.0144
313.0161
313.0178
313.0283
313.0479
313.0677
313.0877
313.1079
313.1188
313.1205
313.1222
313.124
313.1258
313.1275
313.1293
313.1311
313.0305
313.0186
313.0176
313.0166
313.0155
313.0145
313.0136
313.0128
313.0121
313.0113
313.0105
313.0097
313.0088
313.0081
313.0075
313.0068
313.006
313.0062
313.0068
313.0078
313.009
313.0105
313.0122
313.0139
313.0156
313.0173
313.0278
313.0473
313.0671
313.0872
313.1076
313.1187
313.1204
313.1222
313.1241
313.1259
313.1278
313.1295
313.1313
313.1332
313.0173
313.0161
313.0151
313.0141
313.0131
313.0122
313.0114
313.0106
313.0099
313.0092
313.0084
313.0075
313.0066
313.006
313.0053
313.0044
313.0046
313.0053
313.0062
313.0074
313.0089
313.0106
313.0123
313.014
313.0157
313.0261
313.0455
313.0654
313.0859
313.1068
313.1182
313.1201
313.1221
313.124
313.126
313.1279
313.1298
313.1316
313.1335
313.1354
313.0124
313.0113
313.0104
313.0094
313.0085
313.0078
313.007
313.0063
313.0056
313.0049
313.004
313.0031
313.0023
313.0016
313.0007
313.0008
313.0015
313.0025
313.0036
313.0051
313.0067
313.0083
313.01
313.0117
313.0217
313.0409
313.061
313.0824
313.1049
313.1176
313.1197
313.1218
313.1239
313.126
313.128
313.1299
313.1319
313.1338
313.1357
313.1388
313.0035
313.0024
313.0017
313.0009
313.0002
312.9995
312.9987
312.9981
312.9974
312.9967
312.9958
312.9949
312.994
312.993
312.993
312.9936
312.9946
312.9957
312.9971
312.9985
313
313.0016
313.0032
313.0125
313.0304
313.0498
313.0718
313.0982
313.1167
313.1192
313.1215
313.1237
313.1259
313.128
313.13
313.132
313.1341
313.1361
313.1397
313.1423
312.9901
312.9892
312.9888
312.9882
312.9876
312.987
312.9863
312.9857
312.985
312.9843
312.9833
312.9823
312.981
312.981
312.9813
312.9821
312.9832
312.9844
312.9855
312.9868
312.988
312.9893
312.9967
313.0099
313.0227
313.0345
313.0443
313.0774
313.0983
313.1085
313.115
313.1199
313.124
313.1276
313.1309
313.1342
313.1381
313.1412
313.1429
313.1448
312.9779
312.9771
312.9769
312.9764
312.9757
312.9751
312.9745
312.9738
312.9731
312.9722
312.9711
312.9697
312.9693
312.9696
312.9702
312.971
312.9722
312.9732
312.9742
312.9752
312.9762
312.982
312.9921
313.0011
313.009
313.0152
313.0399
313.0684
313.0868
313.0995
313.109
313.1165
313.1228
313.1284
313.1337
313.1392
313.1423
313.1435
313.1451
313.147
312.9689
312.9681
312.968
312.9674
312.9668
312.9661
312.9654
312.9647
312.9638
312.9628
312.9614
312.9608
312.9608
312.9613
312.962
312.9629
312.964
312.9649
312.9657
312.9665
312.9713
312.9793
312.9866
312.9928
312.9978
313.0192
313.049
313.0712
313.0876
313.1002
313.1104
313.1188
313.1261
313.1329
313.1395
313.143
313.1439
313.1454
313.1471
313.149
312.9633
312.9624
312.9622
312.9616
312.9609
312.9601
312.9593
312.9585
312.9575
312.9562
312.9557
312.9555
312.9557
312.9564
312.9572
312.958
312.959
312.9598
312.9605
312.9645
312.9715
312.9777
312.9832
312.9878
313.0077
313.0375
313.0612
313.0798
313.0944
313.1061
313.1159
313.1244
313.1322
313.1396
313.1434
313.1442
313.1456
313.1472
313.1491
312.9603
312.9593
312.9592
312.9585
312.9577
312.9568
312.9558
312.955
312.9537
312.9533
312.9532
312.9534
312.9537
312.9545
312.9553
312.956
312.957
312.9577
312.9614
312.9678
312.9736
312.9787
312.9831
313.0025
313.0322
313.0565
313.076
313.0915
313.104
313.1144
313.1235
313.1318
313.1396
313.1436
313.1444
313.1457
313.1473
313.1491
312.9598
312.9587
312.9585
312.9577
312.9568
312.9558
312.9548
312.9537
312.9534
312.9535
312.9536
312.954
312.9545
312.9553
312.956
312.9568
312.9576
312.9615
312.9679
312.9736
312.9787
312.9831
313.0025
313.0323
313.0567
313.0761
313.0916
313.1042
313.1146
313.1235
313.1318
313.1396
313.1436
313.1444
313.1457
313.1473
313.1491
312.9616
312.9605
312.9602
312.9593
312.9583
312.9574
312.9561
312.9559
312.9561
312.9565
312.9569
312.9575
312.958
312.9589
312.9596
312.9603
312.9647
312.9716
312.9778
312.9832
312.9878
313.0078
313.0378
313.0616
313.0801
313.0948
313.1065
313.1161
313.1245
313.1321
313.1396
313.1434
313.1443
313.1457
313.1473
313.1491
312.9661
312.965
312.9646
312.9637
312.9627
312.9615
312.9612
312.9616
312.9621
312.9628
312.9635
312.9641
312.9647
312.9657
312.9664
312.9712
312.9794
312.9867
312.9929
312.998
313.0196
313.0495
313.0716
313.0881
313.1007
313.1107
313.119
313.1262
313.1329
313.1395
313.143
313.144
313.1455
313.1473
313.1491
312.9738
312.9726
312.9722
312.9713
312.9701
312.9699
312.9702
312.9709
312.9717
312.9727
312.9736
312.9744
312.9751
312.9762
312.982
312.992
313.0012
313.0092
313.0156
313.0404
313.0689
313.0872
313.0999
313.1093
313.1166
313.1228
313.1283
313.1336
313.1391
313.1423
313.1436
313.1453
313.1472
313.149
312.9842
312.9832
312.9826
312.9816
312.9815
312.9819
312.9826
312.9837
312.9849
312.9861
312.9872
312.9882
312.9892
312.9966
313.0099
313.0227
313.0348
313.0448
313.0778
313.0985
313.1085
313.1149
313.1197
313.1238
313.1273
313.1307
313.1341
313.1381
313.1414
313.1431
313.1451
313.147
313.149
312.9952
312.9943
312.9935
312.9936
312.9941
312.995
312.9961
312.9975
312.9991
313.0005
313.0019
313.0033
313.0124
313.0303
313.0498
313.0719
313.0982
313.1164
313.1188
313.121
313.1232
313.1254
313.1275
313.1297
313.1318
313.134
313.1363
313.14
313.1426
313.1448
313.1469
313.149
313.0021
313.001
313.0012
313.0019
313.0028
313.004
313.0054
313.0071
313.0087
313.0104
313.0119
313.0218
313.0409
313.0611
313.0823
313.1047
313.1172
313.1192
313.1213
313.1234
313.1255
313.1276
313.1297
313.1318
313.1339
313.136
313.1392
313.1421
313.1446
313.1468
313.1489
313.0049
313.0048
313.0056
313.0066
313.0078
313.0093
313.0109
313.0126
313.0144
313.0161
313.0263
313.0456
313.0655
313.0858
313.1065
313.1178
313.1196
313.1216
313.1236
313.1256
313.1276
313.1297
313.1318
313.1338
313.1358
313.1387
313.1418
313.1444
313.1467
313.1489
313.0065
313.007
313.0081
313.0094
313.0108
313.0125
313.0142
313.016
313.0178
313.0282
313.0476
313.0673
313.0871
313.1072
313.1181
313.1198
313.1217
313.1237
313.1257
313.1277
313.1297
313.1317
313.1337
313.1356
313.1384
313.1416
313.1442
313.1466
313.1489
313.0077
313.0085
313.0098
313.0114
313.013
313.0147
313.0164
313.0183
313.0289
313.0484
313.068
313.0877
313.1075
313.1183
313.12
313.1218
313.1237
313.1257
313.1277
313.1297
313.1317
313.1336
313.1356
313.1383
313.1414
313.1441
313.1466
313.1489
313.0311
313.0191
313.0181
313.017
313.016
313.015
313.0141
313.0133
313.0125
313.0118
313.011
313.0101
313.0093
313.0086
313.008
313.0073
313.0065
313.0067
313.0073
313.0083
313.0095
313.0111
313.0128
313.0145
313.0162
313.0179
313.0284
313.048
313.0677
313.0877
313.1079
313.1188
313.1205
313.1223
313.1241
313.126
313.1278
313.1295
313.1313
313.1331
313.0187
313.0175
313.0166
313.0155
313.0145
313.0136
313.0128
313.0121
313.0113
313.0106
313.0098
313.0089
313.0081
313.0075
313.0068
313.006
313.0062
313.0068
313.0078
313.009
313.0105
313.0122
313.0139
313.0157
313.0174
313.0279
313.0474
313.0671
313.0872
313.1075
313.1186
313.1204
313.1222
313.1241
313.126
313.1279
313.1298
313.1316
313.1334
313.1352
313.0162
313.015
313.0141
313.0131
313.0122
313.0114
313.0106
313.0099
313.0092
313.0085
313.0076
313.0068
313.006
313.0053
313.0044
313.0045
313.0053
313.0063
313.0075
313.0089
313.0106
313.0123
313.014
313.0158
313.0261
313.0455
313.0654
313.0859
313.1067
313.1181
313.1201
313.1221
313.124
313.126
313.128
313.1299
313.1318
313.1337
313.1355
313.1383
313.0114
313.0103
313.0094
313.0086
313.0077
313.007
313.0062
313.0056
313.0049
313.0041
313.0033
313.0025
313.0016
313.0007
313.0008
313.0014
313.0025
313.0037
313.0051
313.0067
313.0083
313.01
313.0117
313.0218
313.041
313.0611
313.0824
313.1049
313.1175
313.1196
313.1218
313.1239
313.126
313.128
313.13
313.132
313.134
313.1359
313.1389
313.1418
313.0026
313.0016
313.0009
313.0002
312.9994
312.9987
312.998
312.9974
312.9967
312.9959
312.9951
312.9942
312.993
312.9931
312.9936
312.9945
312.9957
312.9971
312.9986
313
313.0016
313.0032
313.0125
313.0304
313.0499
313.0719
313.0982
313.1166
313.119
313.1214
313.1237
313.1258
313.128
313.1301
313.1321
313.1342
313.1363
313.1399
313.1424
313.1446
312.9895
312.9886
312.9882
312.9876
312.987
312.9863
312.9856
312.985
312.9843
312.9835
312.9825
312.9812
312.9809
312.9814
312.9821
312.983
312.9843
312.9856
312.9868
312.988
312.9893
312.9967
313.01
313.0228
313.0346
313.0445
313.0776
313.0984
313.1085
313.115
313.1199
313.124
313.1276
313.1309
313.1343
313.1382
313.1413
313.143
313.1449
313.1469
312.9774
312.9766
312.9764
312.9758
312.9751
312.9745
312.9737
312.973
312.9723
312.9713
312.97
312.9695
312.9696
312.9702
312.971
312.972
312.9732
312.9743
312.9752
312.9762
312.982
312.992
313.0012
313.0091
313.0154
313.0401
313.0686
313.087
313.0996
313.109
313.1165
313.1228
313.1284
313.1337
313.1392
313.1423
313.1436
313.1452
313.147
313.149
312.9685
312.9676
312.9674
312.9668
312.9661
312.9654
312.9645
312.9638
312.9629
312.9616
312.9611
312.961
312.9613
312.962
312.9629
312.9638
312.9649
312.9658
312.9665
312.9713
312.9793
312.9865
312.9929
312.998
313.0194
313.0492
313.0713
313.0878
313.1004
313.1104
313.1188
313.1261
313.1329
313.1395
313.143
313.144
313.1455
313.1472
313.149
312.9628
312.9618
312.9616
312.9609
312.9601
312.9593
312.9584
312.9575
312.9563
312.9559
312.9558
312.956
312.9563
312.9572
312.958
312.9588
312.9598
312.9606
312.9646
312.9715
312.9777
312.9832
312.9878
313.0078
313.0377
313.0614
313.08
313.0946
313.1062
313.1159
313.1244
313.1322
313.1396
313.1434
313.1443
313.1456
313.1473
313.1491
312.9598
312.9587
312.9585
312.9577
312.9568
312.9558
312.9548
312.9537
312.9534
312.9535
312.9536
312.954
312.9545
312.9553
312.956
312.9568
312.9576
312.9615
312.9679
312.9736
312.9787
312.9831
313.0025
313.0323
313.0567
313.0761
313.0916
313.1042
313.1146
313.1235
313.1318
313.1396
313.1436
313.1444
313.1457
313.1473
313.1491
312.9591
312.958
312.9577
312.9568
312.9558
312.9548
312.9535
312.9533
312.9535
312.9539
312.9543
312.9548
312.9553
312.9561
312.9568
312.9574
312.9615
312.968
312.9737
312.9788
312.9831
313.0025
313.0324
313.0567
313.0762
313.0917
313.1043
313.1147
313.1236
313.1318
313.1396
313.1436
313.1444
313.1457
313.1474
313.1491
312.9609
312.9597
312.9593
312.9584
312.9574
312.9561
312.9558
312.9561
312.9566
312.9572
312.9578
312.9583
312.9588
312.9597
312.9603
312.9645
312.9716
312.9779
312.9833
312.9878
313.0079
313.0378
313.0616
313.0802
313.0948
313.1065
313.1162
313.1246
313.1322
313.1396
313.1434
313.1443
313.1457
313.1473
313.1491
312.9654
312.9642
312.9637
312.9627
312.9615
312.9612
312.9614
312.9621
312.9628
312.9637
312.9644
312.965
312.9656
312.9665
312.9712
312.9793
312.9867
312.993
312.9981
313.0196
313.0495
313.0716
313.0881
313.1007
313.1107
313.119
313.1262
313.1329
313.1395
313.143
313.144
313.1455
313.1473
313.1491
312.973
312.9718
312.9713
312.9701
312.9699
312.9702
312.9708
312.9717
312.9728
312.9738
312.9746
312.9754
312.9762
312.982
312.992
313.0011
313.0092
313.0157
313.0404
313.0689
313.0872
313.0999
313.1093
313.1166
313.1228
313.1283
313.1336
313.1391
313.1423
313.1436
313.1453
313.1472
313.149
312.9835
312.9824
312.9816
312.9815
312.9819
312.9826
312.9836
312.9848
312.9861
312.9873
312.9884
312.9895
312.9966
313.0099
313.0227
313.0347
313.0448
313.0778
313.0985
313.1085
313.1149
313.1197
313.1237
313.1273
313.1307
313.1341
313.1381
313.1413
313.1431
313.1451
313.147
313.149
312.9945
312.9933
312.9936
312.9941
312.995
312.9961
312.9975
312.999
313.0006
313.0021
313.0035
313.0125
313.0303
313.0499
313.0719
313.0982
313.1164
313.1188
313.121
313.1232
313.1254
313.1275
313.1297
313.1318
313.134
313.1363
313.14
313.1426
313.1448
313.1469
313.149
313.0012
313.0011
313.0018
313.0028
313.004
313.0054
313.007
313.0087
313.0104
313.0121
313.022
313.041
313.0611
313.0823
313.1047
313.1172
313.1192
313.1213
313.1234
313.1255
313.1276
313.1297
313.1318
313.1339
313.136
313.1392
313.1421
313.1445
313.1468
313.1489
313.005
313.0055
313.0066
313.0078
313.0093
313.0109
313.0126
313.0143
313.0161
313.0264
313.0458
313.0655
313.0858
313.1065
313.1177
313.1196
313.1215
313.1236
313.1256
313.1276
313.1297
313.1317
313.1338
313.1358
313.1387
313.1418
313.1444
313.1467
313.1489
313.0072
313.008
313.0093
313.0109
313.0125
313.0142
313.0159
313.0177
313.0283
313.0477
313.0673
313.0872
313.1072
313.1181
313.1198
313.1217
313.1237
313.1257
313.1277
313.1297
313.1317
313.1337
313.1356
313.1384
313.1415
313.1442
313.1466
313.1489
313.0087
313.0098
313.0114
313.013
313.0147
313.0165
313.0182
313.0289
313.0484
313.068
313.0877
313.1075
313.1183
313.12
313.1218
313.1237
313.1257
313.1277
313.1297
313.1317
313.1336
313.1356
313.1383
313.1414
313.1441
313.1466
313.1489
313.0192
313.018
313.017
313.016
313.0149
313.014
313.0132
313.0125
313.0118
313.0111
313.0103
313.0094
313.0086
313.008
313.0073
313.0064
313.0067
313.0073
313.0083
313.0095
313.0111
313.0127
313.0145
313.0162
313.018
313.0285
313.048
313.0678
313.0877
313.1078
313.1187
313.1205
313.1223
313.1242
313.1261
313.1279
313.1298
313.1316
313.1333
313.1351
313.0176
313.0165
313.0155
313.0145
313.0136
313.0128
313.012
313.0113
313.0106
313.0099
313.0091
313.0083
313.0075
313.0068
313.0059
313.0061
313.0068
313.0078
313.009
313.0105
313.0122
313.0139
313.0157
313.0174
313.028
313.0474
313.0672
313.0872
313.1074
313.1185
313.1203
313.1222
313.1242
313.1261
313.128
313.1299
313.1318
313.1336
313.1353
313.1381
313.0151
313.014
313.0131
313.0122
313.0113
313.0106
313.0098
313.0092
313.0085
313.0078
313.007
313.0061
313.0053
313.0045
313.0046
313.0052
313.0063
313.0075
313.009
313.0106
313.0123
313.014
313.0158
313.0262
313.0456
313.0655
313.0859
313.1067
313.118
313.12
313.122
313.124
313.1261
313.1281
313.13
313.132
313.1339
313.1357
313.1385
313.1415
313.0104
313.0093
313.0085
313.0078
313.007
313.0062
313.0055
313.0049
313.0041
313.0034
313.0026
313.0018
313.0007
313.0008
313.0014
313.0024
313.0037
313.0051
313.0067
313.0083
313.01
313.0117
313.0218
313.041
313.0611
313.0824
313.1048
313.1174
313.1195
313.1216
313.1238
313.1259
313.128
313.1301
313.1321
313.1341
313.1361
313.1391
313.1419
313.1443
313.0017
313.0007
313.0002
312.9995
312.9987
312.998
312.9973
312.9966
312.996
312.9952
312.9944
312.9932
312.993
312.9936
312.9945
312.9956
312.9971
312.9986
313.0001
313.0016
313.0032
313.0124
313.0304
313.0499
313.0719
313.0982
313.1165
313.119
313.1213
313.1236
313.1258
313.1279
313.1301
313.1322
313.1343
313.1364
313.14
313.1425
313.1446
313.1468
312.9888
312.988
312.9876
312.987
312.9863
312.9856
312.9849
312.9843
312.9835
312.9827
312.9814
312.9811
312.9813
312.9821
312.983
312.9842
312.9856
312.9869
312.9881
312.9893
312.9967
313.0099
313.0228
313.0347
313.0446
313.0777
313.0984
313.1085
313.1149
313.1198
313.1239
313.1276
313.1309
313.1343
313.1382
313.1414
313.1431
313.145
313.1469
313.149
312.9769
312.976
312.9758
312.9752
312.9745
312.9737
312.9729
312.9722
312.9714
312.9702
312.9698
312.9698
312.9702
312.971
312.972
312.973
312.9743
312.9753
312.9762
312.982
312.992
313.0011
313.0091
313.0155
313.0403
313.0687
313.0871
313.0997
313.1091
313.1165
313.1228
313.1284
313.1337
313.1392
313.1424
313.1436
313.1453
313.1471
313.149
312.968
312.967
312.9668
312.9662
312.9654
312.9645
312.9637
312.9628
312.9616
312.9613
312.9613
312.9616
312.962
312.9629
312.9638
312.9647
312.9658
312.9666
312.9713
312.9793
312.9866
312.9928
312.998
313.0195
313.0494
313.0715
313.0879
313.1005
313.1105
313.1188
313.1261
313.1329
313.1395
313.143
313.144
313.1455
313.1472
313.1491
312.9622
312.9612
312.9609
312.9601
312.9593
312.9584
312.9574
312.9562
312.9559
312.9561
312.9563
312.9566
312.9572
312.9581
312.9588
312.9596
312.9605
312.9647
312.9716
312.9778
312.9832
312.9878
313.0079
313.0378
313.0615
313.0801
313.0947
313.1064
313.1161
313.1244
313.1322
313.1396
313.1434
313.1443
313.1457
313.1473
313.1491
312.9591
312.958
312.9577
312.9568
312.9558
312.9548
312.9535
312.9533
312.9535
312.9539
312.9543
312.9548
312.9553
312.9561
312.9568
312.9574
312.9615
312.968
312.9737
312.9788
312.9831
313.0025
313.0324
313.0567
313.0762
313.0917
313.1043
313.1147
313.1236
313.1318
313.1396
313.1436
313.1444
313.1457
313.1474
313.1491
312.9585
312.9572
312.9568
312.9559
312.9548
312.9535
312.9532
312.9535
312.9539
312.9545
312.9551
312.9556
312.9561
312.9568
312.9575
312.9613
312.9679
312.9738
312.9788
312.9831
313.0025
313.0324
313.0568
313.0763
313.0918
313.1043
313.1147
313.1237
313.1318
313.1396
313.1436
313.1444
313.1457
313.1474
313.1491
312.9601
312.9589
312.9584
312.9574
312.9561
312.9558
312.9559
312.9565
312.9572
312.958
312.9586
312.9591
312.9596
312.9604
312.9645
312.9714
312.9779
312.9834
312.9879
313.0079
313.0378
313.0616
313.0802
313.0948
313.1065
313.1162
313.1246
313.1322
313.1395
313.1433
313.1443
313.1457
313.1473
313.1491
312.9646
312.9633
312.9627
312.9615
312.9612
312.9615
312.962
312.9628
312.9637
312.9646
312.9653
312.9659
312.9664
312.9713
312.9793
312.9865
312.993
312.9982
313.0196
313.0495
313.0716
313.0881
313.1007
313.1107
313.119
313.1262
313.1329
313.1394
313.1429
313.144
313.1455
313.1473
313.1491
312.9722
312.9709
312.9701
312.9699
312.9702
312.9708
312.9716
312.9727
312.9738
312.9748
312.9757
312.9764
312.982
312.992
313.0011
313.0091
313.0157
313.0405
313.0689
313.0872
313.0999
313.1092
313.1166
313.1228
313.1283
313.1336
313.1391
313.1423
313.1436
313.1453
313.1471
313.149
312.9827
312.9813
312.9815
312.9819
312.9826
312.9836
312.9848
312.9861
312.9874
312.9886
312.9897
312.9968
313.0099
313.0228
313.0347
313.0447
313.0778
313.0985
313.1085
313.1149
313.1197
313.1237
313.1273
313.1307
313.1341
313.138
313.1413
313.1431
313.145
313.147
313.149
312.9936
312.9934
312.9941
312.995
312.9961
312.9975
312.999
313.0005
313.0021
313.0036
313.0127
313.0305
313.0498
313.0719
313.0982
313.1164
313.1188
313.121
313.1232
313.1254
313.1275
313.1297
313.1318
313.134
313.1363
313.14
313.1425
313.1448
313.1469
313.149
313.0013
313.0017
313.0028
313.004
313.0054
313.007
313.0086
313.0104
313.0121
313.0221
313.0411
313.0612
313.0823
313.1047
313.1172
313.1192
313.1213
313.1234
313.1255
313.1276
313.1297
313.1318
313.1339
313.136
313.1392
313.1421
313.1445
313.1468
313.1489
313.0057
313.0065
313.0078
313.0093
313.0109
313.0126
313.0143
313.0161
313.0265
313.0458
313.0656
313.0859
313.1065
313.1177
313.1196
313.1215
313.1236
313.1256
313.1276
313.1297
313.1317
313.1338
313.1358
313.1387
313.1418
313.1443
313.1467
313.1489
313.0082
313.0092
313.0108
313.0125
313.0142
313.0159
313.0177
313.0282
313.0477
313.0674
313.0872
313.1073
313.1181
313.1198
313.1217
313.1237
313.1257
313.1277
313.1297
313.1317
313.1337
313.1356
313.1384
313.1415
313.1442
313.1466
313.1489
313.0099
313.0113
313.013
313.0147
313.0164
313.0182
313.0288
313.0484
313.068
313.0877
313.1076
313.1183
313.12
313.1218
313.1237
313.1257
313.1277
313.1297
313.1317
313.1336
313.1355
313.1383
313.1414
313.1441
313.1466
313.1489
313.0181
313.0169
313.016
313.015
313.014
313.0132
313.0125
313.0118
313.0111
313.0104
313.0096
313.0087
313.008
313.0073
313.0065
313.0066
313.0073
313.0083
313.0096
313.011
313.0127
313.0144
313.0162
313.018
313.0286
313.0481
313.0678
313.0877
313.1077
313.1186
313.1204
313.1223
313.1242
313.1261
313.1281
313.1299
313.1318
313.1335
313.1353
313.1379
313.0165
313.0154
313.0145
313.0136
313.0128
313.012
313.0113
313.0106
313.0099
313.0092
313.0084
313.0076
313.0068
313.006
313.0061
313.0067
313.0078
313.0091
313.0105
313.0122
313.0139
313.0156
313.0174
313.028
313.0475
313.0672
313.0872
313.1074
313.1184
313.1202
313.1222
313.1241
313.1261
313.1281
313.13
313.1319
313.1338
313.1355
313.1382
313.1413
313.0141
313.013
313.0122
313.0114
313.0106
313.0098
313.0091
313.0085
313.0078
313.0071
313.0063
313.0055
313.0044
313.0046
313.0052
313.0062
313.0075
313.009
313.0106
313.0122
313.014
313.0157
313.0262
313.0456
313.0655
313.0859
313.1066
313.1179
313.1198
313.1219
313.124
313.126
313.1281
313.1301
313.1321
313.134
313.1359
313.1386
313.1416
313.1442
313.0094
313.0084
313.0077
313.007
313.0062
313.0055
313.0048
313.0041
313.0034
313.0027
313.0019
313.0009
313.0008
313.0014
313.0024
313.0036
313.0051
313.0067
313.0083
313.0099
313.0117
313.0217
313.041
313.0612
313.0824
313.1048
313.1173
313.1194
313.1215
313.1237
313.1259
313.128
313.1301
313.1321
313.1342
313.1362
313.1392
313.142
313.1444
313.1467
313.0009
313
312.9995
312.9988
312.998
312.9973
312.9966
312.9959
312.9952
312.9945
312.9934
312.9932
312.9936
312.9945
312.9956
312.997
312.9986
313.0001
313.0016
313.0031
313.0124
313.0304
313.0499
313.072
313.0982
313.1165
313.1189
313.1212
313.1235
313.1257
313.1279
313.13
313.1322
313.1343
313.1365
313.1401
313.1426
313.1447
313.1468
313.1489
312.9882
312.9874
312.987
312.9864
312.9856
312.9849
312.9842
312.9835
312.9827
312.9816
312.9814
312.9816
312.9821
312.9831
312.9842
312.9854
312.9869
312.9881
312.9893
312.9966
313.0099
313.0228
313.0347
313.0447
313.0777
313.0985
313.1085
313.1149
313.1198
313.1239
313.1275
313.1309
313.1343
313.1382
313.1414
313.1431
313.145
313.147
313.149
312.9763
312.9754
312.9752
312.9745
312.9737
312.9729
312.9721
312.9713
312.9702
312.97
312.9701
312.9704
312.971
312.972
312.9731
312.9741
312.9753
312.9763
312.9821
312.992
313.0011
313.0091
313.0156
313.0404
313.0688
313.0871
313.0998
313.1092
313.1166
313.1228
313.1284
313.1337
313.1392
313.1424
313.1437
313.1453
313.1471
313.149
312.9674
312.9664
312.9662
312.9654
312.9645
312.9637
312.9627
312.9616
312.9614
312.9615
312.9618
312.9623
312.9629
312.9639
312.9647
312.9656
312.9666
312.9714
312.9794
312.9866
312.9928
312.998
313.0196
313.0494
313.0715
313.088
313.1006
313.1106
313.1189
313.1261
313.1329
313.1395
313.143
313.144
313.1455
313.1472
313.1491
312.9616
312.9605
312.9602
312.9593
312.9583
312.9574
312.9561
312.9559
312.9561
312.9565
312.9569
312.9575
312.958
312.9589
312.9596
312.9603
312.9647
312.9716
312.9778
312.9832
312.9878
313.0078
313.0378
313.0616
313.0801
313.0948
313.1065
313.1161
313.1245
313.1321
313.1396
313.1434
313.1443
313.1457
313.1473
313.1491
312.9585
312.9572
312.9568
312.9559
312.9548
312.9535
312.9532
312.9535
312.9539
312.9545
312.9551
312.9556
312.9561
312.9568
312.9575
312.9613
312.9679
312.9738
312.9788
312.9831
313.0025
313.0324
313.0568
313.0763
313.0918
313.1043
313.1147
313.1237
313.1318
313.1396
313.1436
313.1444
313.1457
313.1474
313.1491
312.9577
312.9563
312.9559
312.9549
312.9535
312.9532
312.9533
312.9539
312.9546
312.9553
312.9559
312.9564
312.9568
312.9575
312.9613
312.9677
312.9738
312.9789
312.9832
313.0025
313.0324
313.0567
313.0763
313.0918
313.1044
313.1148
313.1237
313.1318
313.1396
313.1435
313.1444
313.1457
313.1474
313.1491
312.9593
312.9579
312.9574
312.9561
312.9558
312.9559
312.9564
312.9572
312.958
312.9589
312.9594
312.9599
312.9603
312.9645
312.9714
312.9777
312.9833
312.988
313.0079
313.0378
313.0616
313.0802
313.0948
313.1066
313.1162
313.1246
313.1322
313.1395
313.1433
313.1442
313.1457
313.1473
313.1491
312.9637
312.9624
312.9615
312.9613
312.9614
312.962
312.9627
312.9637
312.9647
312.9655
312.9662
312.9667
312.9712
312.9793
312.9865
312.9928
312.9981
313.0197
313.0495
313.0716
313.0881
313.1007
313.1107
313.119
313.1262
313.1328
313.1394
313.1429
313.144
313.1455
313.1472
313.1491
312.9713
312.9698
312.9699
312.9702
312.9708
312.9716
312.9726
312.9738
312.9749
312.9759
312.9767
312.9822
312.992
313.0011
313.0091
313.0156
313.0405
313.069
313.0872
313.0999
313.1092
313.1166
313.1228
313.1283
313.1336
313.1391
313.1423
313.1436
313.1453
313.1471
313.149
312.9817
312.9813
312.9819
312.9827
312.9836
312.9848
312.986
312.9874
312.9886
312.9899
312.997
313.0101
313.0227
313.0347
313.0447
313.0778
313.0985
313.1085
313.1149
313.1197
313.1237
313.1273
313.1307
313.1341
313.138
313.1413
313.1431
313.145
313.147
313.149
312.9936
312.9939
312.995
312.9961
312.9975
312.999
313.0005
313.0021
313.0037
313.0128
313.0306
313.05
313.0719
313.0982
313.1164
313.1188
313.121
313.1232
313.1254
313.1275
313.1297
313.1318
313.134
313.1363
313.1399
313.1425
313.1448
313.1469
313.149
313.0019
313.0027
313.004
313.0055
313.007
313.0087
313.0103
313.0121
313.0221
313.0412
313.0613
313.0824
313.1047
313.1172
313.1192
313.1213
313.1234
313.1255
313.1276
313.1297
313.1318
313.1339
313.136
313.1392
313.1421
313.1445
313.1468
313.1489
313.0066
313.0077
313.0093
313.0109
313.0126
313.0143
313.016
313.0264
313.0458
313.0657
313.0859
313.1065
313.1177
313.1196
313.1215
313.1235
313.1256
313.1276
313.1297
313.1317
313.1338
313.1358
313.1387
313.1417
313.1443
313.1467
313.1489
313.0094
313.0108
313.0125
313.0142
313.0159
313.0177
313.0282
313.0477
313.0674
313.0873
313.1073
313.1181
313.1198
313.1217
313.1237
313.1256
313.1277
313.1297
313.1317
313.1337
313.1356
313.1384
313.1415
313.1442
313.1466
313.1489
313.0114
313.0129
313.0147
313.0165
313.0182
313.0288
313.0483
313.068
313.0877
313.1076
313.1183
313.12
313.1218
313.1237
313.1257
313.1277
313.1297
313.1317
313.1336
313.1355
313.1383
313.1414
313.1441
313.1466
313.1489
313.017
313.0159
313.0149
313.0141
313.0132
313.0125
313.0117
313.0111
313.0104
313.0097
313.0089
313.0081
313.0073
313.0065
313.0066
313.0072
313.0083
313.0096
313.0111
313.0127
313.0144
313.0162
313.018
313.0286
313.0482
313.0679
313.0877
313.1077
313.1185
313.1203
313.1222
313.1242
313.1261
313.1281
313.13
313.1319
313.1337
313.1355
313.1381
313.1412
313.0155
313.0144
313.0136
313.0128
313.012
313.0113
313.0106
313.0099
313.0092
313.0085
313.0078
313.007
313.006
313.0061
313.0067
313.0077
313.009
313.0106
313.0122
313.0139
313.0156
313.0174
313.028
313.0475
313.0673
313.0872
313.1074
313.1183
313.1201
313.1221
313.1241
313.1261
313.1281
313.1301
313.132
313.1339
313.1357
313.1383
313.1414
313.144
313.0131
313.012
313.0114
313.0106
313.0098
313.0091
313.0084
313.0077
313.0071
313.0064
313.0056
313.0046
313.0046
313.0052
313.0062
313.0074
313.009
313.0106
313.0123
313.014
313.0157
313.0261
313.0456
313.0655
313.0859
313.1066
313.1179
313.1198
313.1218
313.1239
313.126
313.128
313.1301
313.1321
313.1341
313.136
313.1387
313.1417
313.1442
313.1466
313.0085
313.0076
313.007
313.0063
313.0055
313.0048
313.0041
313.0034
313.0028
313.0021
313.001
313.001
313.0014
313.0024
313.0036
313.005
313.0067
313.0084
313.01
313.0116
313.0217
313.041
313.0612
313.0824
313.1048
313.1173
313.1194
313.1215
313.1236
313.1258
313.1279
313.1301
313.1321
313.1342
313.1362
313.1393
313.1421
313.1445
313.1467
313.1489
313.0002
312.9993
312.9987
312.9981
312.9973
312.9966
312.9958
312.9952
312.9945
312.9936
312.9934
312.9938
312.9945
312.9956
312.997
312.9985
313.0001
313.0017
313.0032
313.0124
313.0304
313.0499
313.072
313.0982
313.1165
313.1189
313.1212
313.1234
313.1256
313.1278
313.13
313.1321
313.1343
313.1365
313.1401
313.1426
313.1448
313.1469
313.1489
312.9876
312.9867
312.9863
312.9857
312.9849
312.9842
312.9834
312.9827
312.9817
312.9815
312.9818
312.9823
312.983
312.9842
312.9855
312.9867
312.9881
312.9894
312.9967
313.0099
313.0228
313.0347
313.0447
313.0778
313.0985
313.1085
313.1149
313.1198
313.1238
313.1274
313.1309
313.1343
313.1382
313.1415
313.1432
313.1451
313.147
313.149
312.9758
312.9748
312.9745
312.9738
312.9729
312.9721
312.9712
312.9702
312.97
312.9703
312.9707
312.9712
312.972
312.9731
312.9741
312.9751
312.9763
312.9821
312.9921
313.0011
313.0091
313.0156
313.0404
313.0689
313.0872
313.0998
313.1092
313.1166
313.1228
313.1283
313.1337
313.1392
313.1424
313.1437
313.1453
313.1471
313.149
312.9668
312.9658
312.9654
312.9646
312.9637
312.9627
312.9615
312.9613
312.9616
312.9621
312.9625
312.9632
312.9638
312.9648
312.9656
312.9664
312.9714
312.9795
312.9866
312.9928
312.998
313.0195
313.0495
313.0716
313.0881
313.1007
313.1107
313.1189
313.1261
313.1328
313.1395
313.143
313.144
313.1455
313.1473
313.1491
312.9609
312.9597
312.9593
312.9584
312.9574
312.9561
312.9558
312.9561
312.9566
312.9572
312.9578
312.9583
312.9588
312.9597
312.9603
312.9645
312.9716
312.9779
312.9833
312.9878
313.0079
313.0378
313.0616
313.0802
313.0948
313.1065
313.1162
313.1246
313.1322
313.1396
313.1434
313.1443
313.1457
313.1473
313.1491
312.9577
312.9563
312.9559
312.9549
312.9535
312.9532
312.9533
312.9539
312.9546
312.9553
312.9559
312.9563
312.9568
312.9575
312.9613
312.9677
312.9738
312.9789
312.9832
313.0025
313.0324
313.0567
313.0763
313.0918
313.1044
313.1148
313.1237
313.1318
313.1396
313.1435
313.1444
313.1457
313.1474
313.1491
312.9568
312.9554
312.9549
312.9536
312.9532
312.9533
312.9538
312.9545
312.9554
312.9561
312.9566
312.9571
312.9575
312.9614
312.9678
312.9736
312.9789
312.9833
313.0026
313.0324
313.0568
313.0763
313.0918
313.1044
313.1148
313.1237
313.1318
313.1395
313.1435
313.1444
313.1457
313.1474
313.1491
312.9584
312.957
312.9561
312.9558
312.9559
312.9564
312.957
312.958
312.9589
312.9597
312.9602
312.9606
312.9645
312.9715
312.9777
312.9832
312.988
313.008
313.0379
313.0616
313.0802
313.0948
313.1066
313.1162
313.1246
313.1322
313.1395
313.1433
313.1442
313.1456
313.1473
313.1491
312.9628
312.9611
312.9613
312.9615
312.962
312.9627
312.9636
312.9646
312.9656
312.9664
312.967
312.9715
312.9793
312.9866
312.9928
312.998
313.0197
313.0496
313.0716
313.0881
313.1007
313.1107
313.119
313.1262
313.1328
313.1394
313.1429
313.1439
313.1455
313.1472
313.1491
312.9702
312.9696
312.9703
312.9709
312.9716
312.9726
312.9737
312.9748
312.9759
312.9769
312.9825
312.9922
313.0011
313.0091
313.0156
313.0404
313.069
313.0873
313.0999
313.1092
313.1166
313.1228
313.1283
313.1336
313.1391
313.1422
313.1436
313.1453
313.1471
313.149
312.9816
312.9817
312.9827
312.9836
312.9848
312.986
312.9873
312.9886
312.9899
312.9972
313.0103
313.0229
313.0347
313.0447
313.0778
313.0985
313.1085
313.1149
313.1197
313.1237
313.1273
313.1306
313.134
313.138
313.1413
313.1431
313.145
313.147
313.149
312.9942
312.9948
312.9961
312.9975
312.999
313.0005
313.002
313.0036
313.0129
313.0307
313.0501
313.072
313.0982
313.1164
313.1188
313.121
313.1232
313.1254
313.1275
313.1297
313.1318
313.134
313.1362
313.1399
313.1425
313.1448
313.1469
313.149
313.0029
313.0039
313.0055
313.0071
313.0086
313.0103
313.012
313.0221
313.0412
313.0613
313.0825
313.1047
313.1172
313.1192
313.1213
313.1234
313.1255
313.1276
313.1297
313.1318
313.1339
313.136
313.1392
313.1421
313.1445
313.1468
313.1489
313.0079
313.0092
313.0109
313.0126
313.0143
313.016
313.0264
313.0458
313.0657
313.086
313.1066
313.1178
313.1196
313.1215
313.1235
313.1256
313.1276
313.1297
313.1317
313.1338
313.1358
313.1387
313.1417
313.1443
313.1467
313.1489
313.0109
313.0124
313.0142
313.0159
313.0177
313.0282
313.0477
313.0674
313.0873
313.1073
313.1181
313.1198
313.1217
313.1237
313.1256
313.1277
313.1297
313.1317
313.1337
313.1356
313.1384
313.1415
313.1442
313.1466
313.1489
313.013
313.0146
313.0164
313.0182
313.0288
313.0483
313.068
313.0877
313.1076
313.1183
313.12
313.1218
313.1237
313.1257
313.1277
313.1297
313.1317
313.1336
313.1355
313.1383
313.1414
313.1441
313.1466
313.1489
313.016
313.0148
313.014
313.0132
313.0124
313.0117
313.011
313.0104
313.0097
313.009
313.0082
313.0075
313.0065
313.0066
313.0072
313.0082
313.0096
313.0111
313.0127
313.0144
313.0162
313.018
313.0286
313.0482
313.0679
313.0877
313.1076
313.1185
313.1202
313.1221
313.1241
313.1261
313.1281
313.1301
313.132
313.1338
313.1356
313.1382
313.1413
313.144
313.0145
313.0135
313.0128
313.012
313.0112
313.0105
313.0098
313.0092
313.0085
313.0079
313.0071
313.0061
313.0061
313.0067
313.0077
313.009
313.0106
313.0122
313.0139
313.0156
313.0174
313.028
313.0475
313.0673
313.0872
313.1073
313.1182
313.12
313.122
313.124
313.126
313.1281
313.1301
313.1321
313.134
313.1358
313.1385
313.1415
313.1441
313.1465
313.0122
313.0112
313.0106
313.0099
313.0091
313.0084
313.0077
313.0071
313.0064
313.0058
313.0048
313.0047
313.0052
313.0062
313.0074
313.0089
313.0106
313.0123
313.014
313.0157
313.0261
313.0456
313.0655
313.0859
313.1066
313.1179
313.1197
313.1217
313.1238
313.1259
313.128
313.1301
313.1321
313.1341
313.136
313.1388
313.1418
313.1443
313.1466
313.1489
313.0077
313.0068
313.0062
313.0055
313.0048
313.0041
313.0034
313.0027
313.0021
313.0012
313.0011
313.0016
313.0024
313.0036
313.005
313.0066
313.0083
313.01
313.0117
313.0217
313.0409
313.0611
313.0824
313.1048
313.1173
313.1193
313.1214
313.1236
313.1257
313.1279
313.13
313.1321
313.1342
313.1363
313.1393
313.1422
313.1445
313.1467
313.1489
312.9995
312.9986
312.998
312.9973
312.9966
312.9959
312.9951
312.9945
312.9936
312.9936
312.994
312.9947
312.9956
312.997
312.9985
313
313.0017
313.0032
313.0124
313.0304
313.0499
313.0719
313.0982
313.1164
313.1188
313.1211
313.1234
313.1255
313.1277
313.1299
313.1321
313.1343
313.1365
313.1401
313.1427
313.1448
313.1469
313.149
312.987
312.9861
312.9857
312.9849
312.9842
312.9834
312.9826
312.9816
312.9816
312.982
312.9825
312.9832
312.9842
312.9855
312.9867
312.988
312.9894
312.9968
313.01
313.0228
313.0347
313.0447
313.0778
313.0985
313.1085
313.1149
313.1198
313.1238
313.1274
313.1308
313.1342
313.1382
313.1415
313.1432
313.1451
313.147
313.149
312.9752
312.9742
312.9738
312.973
312.9721
312.9712
312.9701
312.97
312.9703
312.9709
312.9715
312.9723
312.9731
312.9742
312.9751
312.9761
312.9821
312.9921
313.0012
313.0091
313.0156
313.0404
313.0689
313.0872
313.0999
313.1092
313.1166
313.1228
313.1283
313.1336
313.1392
313.1424
313.1437
313.1453
313.1472
313.149
312.9661
312.965
312.9646
312.9637
312.9627
312.9615
312.9612
312.9616
312.9621
312.9628
312.9634
312.9641
312.9647
312.9656
312.9664
312.9712
312.9794
312.9867
312.9929
312.998
313.0196
313.0495
313.0716
313.0881
313.1007
313.1107
313.119
313.1262
313.1329
313.1395
313.143
313.144
313.1455
313.1473
313.1491
312.9601
312.9589
312.9584
312.9574
312.9561
312.9558
312.9559
312.9565
312.9572
312.958
312.9586
312.9591
312.9596
312.9604
312.9645
312.9714
312.9779
312.9834
312.9879
313.0079
313.0378
313.0616
313.0802
313.0948
313.1065
313.1162
313.1246
313.1322
313.1395
313.1433
313.1443
313.1457
313.1473
313.1491
312.9568
312.9554
312.9549
312.9536
312.9532
312.9533
312.9538
312.9545
312.9554
312.9561
312.9566
312.9571
312.9575
312.9614
312.9678
312.9736
312.9789
312.9833
313.0026
313.0324
313.0568
313.0763
313.0918
313.1044
313.1148
313.1237
313.1318
313.1395
313.1435
313.1444
313.1457
313.1474
313.1491
312.9559
312.9544
312.9536
312.9532
312.9533
312.9538
312.9544
312.9553
312.9562
312.9569
312.9574
312.9578
312.9613
312.9678
312.9736
312.9787
312.9832
313.0027
313.0324
313.0568
313.0763
313.0918
313.1044
313.1148
313.1237
313.1318
313.1395
313.1435
313.1443
313.1457
313.1473
313.1491
312.9574
312.9557
312.9558
312.956
312.9564
312.957
312.9579
312.9589
312.9597
312.9604
312.9609
312.9648
312.9715
312.9778
312.9832
312.9878
313.008
313.0379
313.0616
313.0802
313.0948
313.1065
313.1162
313.1246
313.1322
313.1395
313.1433
313.1442
313.1456
313.1473
313.1491
312.9616
312.9609
312.9615
312.962
312.9627
312.9636
312.9645
312.9655
312.9664
312.9672
312.9718
312.9795
312.9865
312.9929
312.998
313.0195
313.0496
313.0717
313.0881
313.1007
313.1107
313.119
313.1262
313.1328
313.1394
313.1429
313.1439
313.1455
313.1472
313.1491
312.97
312.9699
312.9709
312.9717
312.9726
312.9737
312.9747
312.9759
312.9769
312.9827
312.9924
313.0013
313.0091
313.0156
313.0404
313.0689
313.0873
313.0999
313.1092
313.1166
313.1228
313.1283
313.1336
313.1391
313.1422
313.1435
313.1453
313.1471
313.149
312.982
312.9824
312.9836
312.9848
312.986
312.9873
312.9885
312.9899
312.9972
313.0104
313.0231
313.0348
313.0447
313.0778
313.0985
313.1085
313.1149
313.1197
313.1237
313.1273
313.1306
313.134
313.138
313.1413
313.1431
313.145
313.147
313.149
312.9951
312.9959
312.9975
312.999
313.0005
313.002
313.0036
313.0128
313.0307
313.0502
313.0721
313.0982
313.1164
313.1188
313.121
313.1232
313.1254
313.1275
313.1297
313.1318
313.134
313.1362
313.1399
313.1425
313.1448
313.1469
313.149
313.0041
313.0053
313.007
313.0087
313.0103
313.012
313.022
313.0412
313.0613
313.0825
313.1048
313.1172
313.1192
313.1213
313.1234
313.1255
313.1276
313.1297
313.1318
313.1339
313.136
313.1391
313.1421
313.1445
313.1468
313.1489
313.0093
313.0108
313.0126
313.0143
313.016
313.0264
313.0458
313.0657
313.086
313.1066
313.1178
313.1196
313.1215
313.1235
313.1256
313.1276
313.1297
313.1317
313.1338
313.1358
313.1387
313.1417
313.1443
313.1467
313.1489
313.0125
313.0141
313.0159
313.0177
313.0282
313.0477
313.0673
313.0873
313.1073
313.1181
313.1199
313.1217
313.1236
313.1256
313.1277
313.1297
313.1317
313.1337
313.1356
313.1384
313.1415
313.1442
313.1466
313.1489
313.0147
313.0164
313.0182
313.0288
313.0483
313.068
313.0877
313.1075
313.1183
313.12
313.1218
313.1237
313.1257
313.1277
313.1297
313.1317
313.1336
313.1355
313.1383
313.1414
313.1441
313.1466
313.1489
313.0149
313.0139
313.0132
313.0125
313.0117
313.011
313.0103
313.0097
313.009
313.0083
313.0076
313.0066
313.0066
313.0073
313.0083
313.0095
313.0111
313.0128
313.0144
313.0162
313.018
313.0286
313.0482
313.0679
313.0877
313.1076
313.1184
313.1202
313.122
313.124
313.1261
313.1281
313.1301
313.132
313.1339
313.1357
313.1383
313.1414
313.144
313.1465
313.0136
313.0127
313.012
313.0113
313.0105
313.0098
313.0091
313.0085
313.0079
313.0072
313.0062
313.0062
313.0067
313.0077
313.009
313.0105
313.0122
313.0139
313.0156
313.0174
313.0279
313.0475
313.0673
313.0872
313.1073
313.1182
313.12
313.1219
313.1239
313.1259
313.128
313.1301
313.1321
313.134
313.1359
313.1386
313.1416
313.1442
313.1465
313.1488
313.0114
313.0105
313.0098
313.0091
313.0084
313.0077
313.007
313.0064
313.0058
313.0049
313.0049
313.0054
313.0062
313.0074
313.0089
313.0105
313.0123
313.014
313.0157
313.0261
313.0456
313.0655
313.0859
313.1066
313.1178
313.1197
313.1217
313.1237
313.1258
313.1279
313.13
313.1321
313.1341
313.1361
313.1389
313.1419
313.1444
313.1467
313.1489
313.007
313.0061
313.0055
313.0048
313.004
313.0034
313.0027
313.0021
313.0012
313.0013
313.0017
313.0025
313.0036
313.005
313.0066
313.0082
313.01
313.0117
313.0217
313.0409
313.0611
313.0824
313.1048
313.1172
313.1193
313.1214
313.1235
313.1256
313.1278
313.1299
313.1321
313.1342
313.1363
313.1394
313.1422
313.1446
313.1468
313.1489
312.9988
312.9979
312.9973
312.9966
312.9958
312.9951
312.9944
312.9936
312.9936
312.9941
312.9949
312.9958
312.997
312.9985
313
313.0015
313.0032
313.0125
313.0304
313.0499
313.0719
313.0982
313.1164
313.1188
313.1211
313.1233
313.1255
313.1277
313.1298
313.132
313.1342
313.1365
313.1401
313.1427
313.1448
313.1469
313.149
312.9864
312.9854
312.9849
312.9842
312.9834
312.9826
312.9815
312.9816
312.982
312.9827
312.9835
312.9844
312.9855
312.9868
312.988
312.9892
312.9967
313.01
313.0228
313.0347
313.0447
313.0778
313.0985
313.1085
313.1149
313.1198
313.1238
313.1274
313.1308
313.1342
313.1382
313.1415
313.1432
313.1451
313.147
313.149
312.9745
312.9734
312.973
312.9721
312.9712
312.9701
312.9699
312.9703
312.9709
312.9717
312.9725
312.9733
312.9741
312.9752
312.9761
312.982
312.9921
313.0013
313.0092
313.0156
313.0404
313.0689
313.0872
313.0999
313.1092
313.1166
313.1228
313.1283
313.1336
313.1392
313.1424
313.1437
313.1453
313.1472
313.149
312.9654
312.9642
312.9637
312.9627
312.9615
312.9612
312.9614
312.9621
312.9628
312.9637
312.9644
312.965
312.9656
312.9665
312.9712
312.9793
312.9867
312.993
312.9981
313.0196
313.0495
313.0716
313.0881
313.1007
313.1107
313.119
313.1262
313.1329
313.1395
313.143
313.144
313.1455
313.1473
313.1491
312.9593
312.9579
312.9574
312.9561
312.9558
312.9559
312.9564
312.9572
312.958
312.9588
312.9594
312.9599
312.9603
312.9645
312.9714
312.9777
312.9833
312.988
313.0079
313.0378
313.0616
313.0802
313.0948
313.1066
313.1162
313.1246
313.1322
313.1395
313.1433
313.1442
313.1457
313.1473
313.1491
312.9559
312.9544
312.9536
312.9532
312.9533
312.9538
312.9544
312.9553
312.9562
312.9569
312.9574
312.9578
312.9613
312.9678
312.9736
312.9787
312.9832
313.0027
313.0324
313.0568
313.0763
313.0918
313.1044
313.1148
313.1237
313.1318
313.1395
313.1435
313.1443
313.1457
313.1473
313.1491
312.9549
312.9531
312.9533
312.9534
312.9538
312.9544
312.9552
312.9561
312.9569
312.9576
312.9581
312.9616
312.9678
312.9736
312.9787
312.9831
313.0026
313.0325
313.0568
313.0763
313.0918
313.1044
313.1148
313.1237
313.1318
313.1395
313.1435
313.1443
313.1457
313.1473
313.1491
312.9562
312.9554
312.956
312.9564
312.957
312.9579
312.9587
312.9597
312.9605
312.9612
312.9651
312.9717
312.9777
312.9832
312.9878
313.0078
313.0379
313.0617
313.0802
313.0948
313.1065
313.1162
313.1246
313.1322
313.1395
313.1433
313.1442
313.1456
313.1473
313.1491
312.9613
312.9611
312.962
312.9627
312.9636
312.9645
312.9654
312.9664
312.9673
312.972
312.9798
312.9868
312.9928
312.9981
313.0196
313.0495
313.0717
313.0882
313.1007
313.1107
313.119
313.1262
313.1328
313.1394
313.1429
313.1439
313.1455
313.1472
313.1491
312.9703
312.9705
312.9717
312.9727
312.9737
312.9747
312.9758
312.9769
312.9827
312.9926
313.0016
313.0093
313.0156
313.0404
313.0689
313.0872
313.0999
313.1093
313.1166
313.1228
313.1283
313.1336
313.1391
313.1422
313.1435
313.1453
313.1471
313.149
312.9828
312.9834
312.9848
312.9861
312.9873
312.9885
312.9898
312.9972
313.0105
313.0232
313.035
313.0449
313.0778
313.0985
313.1085
313.1149
313.1197
313.1237
313.1273
313.1306
313.134
313.138
313.1413
313.1431
313.145
313.147
313.149
312.9962
312.9973
312.999
313.0005
313.002
313.0036
313.0128
313.0307
313.0502
313.0721
313.0983
313.1164
313.1188
313.121
313.1232
313.1254
313.1275
313.1297
313.1318
313.134
313.1362
313.1399
313.1425
313.1447
313.1469
313.149
313.0055
313.0069
313.0087
313.0103
313.012
313.022
313.0412
313.0613
313.0825
313.1048
313.1172
313.1192
313.1213
313.1234
313.1255
313.1276
313.1297
313.1318
313.1339
313.136
313.1391
313.1421
313.1445
313.1468
313.1489
313.011
313.0125
313.0143
313.0161
313.0264
313.0458
313.0656
313.0859
313.1066
313.1178
313.1196
313.1215
313.1235
313.1256
313.1276
313.1297
313.1317
313.1338
313.1358
313.1387
313.1417
313.1443
313.1467
313.1489
313.0142
313.0158
313.0177
313.0282
313.0476
313.0673
313.0872
313.1073
313.1181
313.1198
313.1217
313.1237
313.1256
313.1277
313.1297
313.1317
313.1337
313.1356
313.1384
313.1415
313.1442
313.1466
313.1489
313.0165
313.0181
313.0288
313.0483
313.0679
313.0877
313.1075
313.1182
313.12
313.1218
313.1237
313.1257
313.1277
313.1297
313.1317
313.1336
313.1355
313.1383
313.1414
313.1441
313.1466
313.1489
313.014
313.0131
313.0124
313.0117
313.011
313.0103
313.0096
313.009
313.0084
313.0077
313.0067
313.0067
313.0072
313.0083
313.0095
313.011
313.0127
313.0145
313.0162
313.0179
313.0286
313.0482
313.0679
313.0877
313.1076
313.1184
313.1201
313.122
313.1239
313.126
313.128
313.1301
313.132
313.134
313.1358
313.1384
313.1415
313.1441
313.1465
313.1488
313.0128
313.0119
313.0112
313.0106
313.0098
313.0091
313.0085
313.0079
313.0073
313.0064
313.0064
313.0069
313.0077
313.009
313.0105
313.0121
313.0139
313.0157
313.0174
313.0279
313.0475
313.0672
313.0872
313.1073
313.1182
313.1199
313.1218
313.1238
313.1259
313.1279
313.13
313.132
313.134
313.1359
313.1386
313.1416
313.1442
313.1466
313.1489
313.0106
313.0097
313.0091
313.0084
313.0077
313.007
313.0063
313.0058
313.0049
313.005
313.0055
313.0063
313.0074
313.0089
313.0105
313.0122
313.014
313.0158
313.0261
313.0456
313.0655
313.0859
313.1066
313.1178
313.1197
313.1216
313.1237
313.1257
313.1278
313.1299
313.132
313.1341
313.1361
313.1389
313.1419
313.1444
313.1467
313.1489
313.0062
313.0054
313.0048
313.0041
313.0033
313.0027
313.002
313.0012
313.0013
313.0019
313.0027
313.0037
313.005
313.0066
313.0082
313.0099
313.0117
313.0218
313.041
313.0611
313.0824
313.1048
313.1172
313.1193
313.1214
313.1235
313.1256
313.1277
313.1299
313.132
313.1341
313.1363
313.1394
313.1422
313.1446
313.1468
313.1489
312.9981
312.9971
312.9966
312.9959
312.9951
312.9944
312.9935
312.9936
312.9942
312.995
312.996
312.9972
312.9985
313
313.0015
313.0031
313.0125
313.0304
313.0499
313.0719
313.0982
313.1164
313.1188
313.1211
313.1233
313.1255
313.1276
313.1298
313.132
313.1342
313.1365
313.1401
313.1427
313.1449
313.1469
313.149
312.9857
312.9847
312.9842
312.9834
312.9826
312.9816
312.9815
312.982
312.9827
312.9837
312.9847
312.9857
312.9867
312.988
312.9892
312.9966
313.01
313.0228
313.0347
313.0447
313.0778
313.0985
313.1085
313.1149
313.1198
313.1238
313.1274
313.1307
313.1341
313.1382
313.1414
313.1432
313.1451
313.1471
313.149
312.9738
312.9726
312.9721
312.9713
312.9701
312.9699
312.9702
312.9709
312.9717
312.9727
312.9736
312.9744
312.9751
312.9762
312.982
312.992
313.0012
313.0092
313.0156
313.0404
313.0689
313.0872
313.0999
313.1093
313.1166
313.1228
313.1283
313.1336
313.1391
313.1423
313.1436
313.1453
313.1472
313.149
312.9646
312.9633
312.9627
312.9615
312.9612
312.9614
312.962
312.9628
312.9637
312.9646
312.9653
312.9659
312.9664
312.9713
312.9793
312.9865
312.993
312.9982
313.0196
313.0495
313.0716
313.0881
313.1007
313.1107
313.119
313.1262
313.1329
313.1394
313.1429
313.144
313.1455
313.1473
313.1491
312.9584
312.957
312.9561
312.9558
312.9559
312.9564
312.957
312.958
312.9589
312.9597
312.9602
312.9606
312.9645
312.9715
312.9777
312.9832
312.988
313.008
313.0379
313.0616
313.0802
313.0948
313.1066
313.1162
313.1246
313.1322
313.1395
313.1433
313.1442
313.1456
313.1473
313.1491
312.9549
312.9531
312.9533
312.9534
312.9538
312.9544
312.9552
312.9561
312.9569
312.9576
312.9581
312.9616
312.9678
312.9736
312.9787
312.9831
313.0026
313.0325
313.0568
313.0763
313.0918
313.1044
313.1148
313.1237
313.1318
313.1395
313.1435
313.1443
313.1457
313.1473
313.1491
312.9536
312.9528
312.9534
312.9538
312.9544
312.9552
312.956
312.9569
312.9577
312.9583
312.9619
312.968
312.9736
312.9788
312.9831
313.0025
313.0325
313.0568
313.0763
313.0918
313.1044
313.1148
313.1237
313.1318
313.1395
313.1435
313.1443
313.1457
313.1473
313.1491
312.9559
312.9556
312.9565
312.9571
312.9579
312.9587
312.9595
312.9604
312.9612
312.9653
312.972
312.978
312.9832
312.9879
313.0079
313.0378
313.0617
313.0803
313.0949
313.1066
313.1162
313.1246
313.1322
313.1395
313.1433
313.1442
313.1456
313.1473
313.1491
312.9615
312.9616
312.9627
312.9636
312.9645
312.9654
312.9663
312.9672
312.972
312.98
312.987
312.9931
312.998
313.0196
313.0495
313.0716
313.0881
313.1008
313.1107
313.119
313.1262
313.1328
313.1394
313.1429
313.1439
313.1455
313.1472
313.1491
312.9709
312.9713
312.9727
312.9737
312.9747
312.9758
312.9768
312.9827
312.9927
313.0017
313.0095
313.0158
313.0404
313.0689
313.0872
313.0999
313.1093
313.1166
313.1228
313.1283
313.1336
313.1391
313.1422
313.1435
313.1452
313.1471
313.149
312.9837
312.9846
312.9861
312.9873
312.9885
312.9898
312.9971
313.0104
313.0233
313.0351
313.045
313.0778
313.0985
313.1085
313.1149
313.1197
313.1237
313.1273
313.1306
313.134
313.138
313.1413
313.143
313.145
313.147
313.149
312.9976
312.9988
313.0005
313.002
313.0036
313.0128
313.0307
313.0502
313.0721
313.0983
313.1164
313.1188
313.121
313.1232
313.1254
313.1275
313.1297
313.1318
313.134
313.1362
313.1399
313.1425
313.1447
313.1469
313.149
313.0071
313.0085
313.0103
313.012
313.022
313.0412
313.0613
313.0825
313.1048
313.1172
313.1192
313.1213
313.1234
313.1255
313.1276
313.1297
313.1318
313.1339
313.136
313.1391
313.1421
313.1445
313.1468
313.1489
313.0126
313.0142
313.016
313.0264
313.0458
313.0656
313.0859
313.1065
313.1177
313.1196
313.1215
313.1235
313.1256
313.1276
313.1297
313.1317
313.1338
313.1358
313.1387
313.1417
313.1443
313.1467
313.1489
313.0159
313.0176
313.0282
313.0477
313.0673
313.0872
313.1072
313.1181
313.1198
313.1217
313.1237
313.1256
313.1277
313.1297
313.1317
313.1337
313.1356
313.1384
313.1415
313.1442
313.1466
313.1489
313.0183
313.0287
313.0483
313.0679
313.0877
313.1075
313.1182
313.12
313.1218
313.1237
313.1257
313.1277
313.1297
313.1317
313.1336
313.1355
313.1383
313.1414
313.1441
313.1466
313.1489
313.0132
313.0123
313.0117
313.011
313.0103
313.0096
313.0089
313.0083
313.0077
313.0068
313.0069
313.0074
313.0082
313.0095
313.011
313.0127
313.0144
313.0162
313.018
313.0286
313.0481
313.0679
313.0877
313.1076
313.1183
313.1201
313.1219
313.1239
313.1259
313.128
313.13
313.132
313.134
313.1358
313.1385
313.1415
313.1442
313.1466
313.1489
313.012
313.0111
313.0105
313.0099
313.0091
313.0085
313.0078
313.0072
313.0064
313.0065
313.007
313.0079
313.009
313.0105
313.0121
313.0138
313.0156
313.0174
313.0279
313.0475
313.0672
313.0872
313.1073
313.1182
313.1199
313.1218
313.1238
313.1258
313.1279
313.1299
313.132
313.134
313.1359
313.1386
313.1417
313.1443
313.1466
313.1489
313.0098
313.009
313.0084
313.0077
313.007
313.0063
313.0057
313.0049
313.005
313.0056
313.0065
313.0076
313.0089
313.0105
313.0122
313.0139
313.0158
313.0262
313.0456
313.0655
313.0858
313.1065
313.1178
313.1196
313.1216
313.1236
313.1257
313.1278
313.1299
313.132
313.134
313.136
313.1389
313.1419
313.1444
313.1467
313.1489
313.0055
313.0046
313.0041
313.0034
313.0027
313.002
313.0011
313.0013
313.0019
313.0028
313.0039
313.0052
313.0066
313.0083
313.0099
313.0116
313.0218
313.041
313.0611
313.0824
313.1047
313.1172
313.1192
313.1213
313.1235
313.1256
313.1277
313.1298
313.1319
313.1341
313.1362
313.1394
313.1422
313.1446
313.1468
313.1489
312.9973
312.9964
312.9959
312.9952
312.9944
312.9935
312.9935
312.9942
312.9951
312.9962
312.9974
312.9987
313
313.0016
313.0031
313.0124
313.0304
313.0499
313.0719
313.0982
313.1164
313.1188
313.1211
313.1233
313.1254
313.1276
313.1298
313.1319
313.1341
313.1364
313.1401
313.1427
313.1449
313.1469
313.149
312.985
312.9839
312.9834
312.9826
312.9815
312.9815
312.9819
312.9827
312.9837
312.9848
312.9859
312.9869
312.988
312.9893
312.9966
313.0099
313.0228
313.0348
313.0448
313.0778
313.0985
313.1085
313.1149
313.1197
313.1238
313.1273
313.1307
313.1341
313.1381
313.1414
313.1432
313.1451
313.1471
313.149
312.973
312.9718
312.9713
312.9701
312.9699
312.9702
312.9708
312.9717
312.9728
312.9738
312.9746
312.9754
312.9761
312.982
312.992
313.0011
313.0092
313.0157
313.0404
313.0689
313.0872
313.0999
313.1093
313.1166
313.1228
313.1283
313.1336
313.1391
313.1423
313.1436
313.1453
313.1472
313.149
312.9637
312.9624
312.9615
312.9613
312.9614
312.962
312.9627
312.9637
312.9646
312.9655
312.9661
312.9667
312.9712
312.9793
312.9865
312.9928
312.9981
313.0197
313.0495
313.0716
313.0881
313.1007
313.1107
313.119
313.1262
313.1328
313.1394
313.1429
313.144
313.1455
313.1472
313.1491
312.9574
312.9557
312.9558
312.956
312.9564
312.957
312.9579
312.9589
312.9597
312.9604
312.9609
312.9648
312.9715
312.9778
312.9832
312.9878
313.008
313.0379
313.0616
313.0802
313.0948
313.1065
313.1162
313.1246
313.1322
313.1395
313.1433
313.1442
313.1456
313.1473
313.1491
312.9536
312.9528
312.9534
312.9538
312.9544
312.9552
312.956
312.9569
312.9577
312.9583
312.9619
312.968
312.9736
312.9788
312.9831
313.0025
313.0325
313.0568
313.0763
313.0918
313.1044
313.1148
313.1237
313.1318
313.1395
313.1435
313.1443
313.1457
313.1473
313.1491
312.9533
312.9529
312.9538
312.9544
312.9552
312.956
312.9568
312.9576
312.9583
312.9621
312.9683
312.9739
312.9787
312.9831
313.0025
313.0324
313.0568
313.0763
313.0919
313.1044
313.1148
313.1237
313.1318
313.1395
313.1434
313.1443
313.1457
313.1473
313.1491
312.956
312.956
312.9571
312.9579
312.9587
312.9595
312.9603
312.9612
312.9653
312.9722
312.9783
312.9835
312.9878
313.0079
313.0378
313.0616
313.0803
313.0949
313.1066
313.1162
313.1246
313.1322
313.1395
313.1432
313.1442
313.1456
313.1473
313.1491
312.9621
312.9623
312.9636
312.9645
312.9654
312.9663
312.9671
312.972
312.9801
312.9872
312.9933
312.9983
313.0196
313.0495
313.0716
313.0881
313.1008
313.1107
313.119
313.1262
313.1328
313.1394
313.1429
313.1439
313.1454
313.1472
313.1491
312.9717
312.9724
312.9737
312.9748
312.9758
312.9768
312.9826
312.9926
313.0018
313.0097
313.016
313.0406
313.0689
313.0872
313.0999
313.1092
313.1166
313.1228
313.1283
313.1336
313.1391
313.1422
313.1435
313.1452
313.1471
313.149
312.9849
312.9858
312.9873
312.9886
312.9898
312.9971
313.0104
313.0232
313.0352
313.0452
313.0779
313.0985
313.1085
313.1149
313.1197
313.1237
313.1273
313.1306
313.134
313.138
313.1413
313.143
313.145
313.147
313.149
312.999
313.0003
313.002
313.0036
313.0128
313.0307
313.0501
313.0721
313.0983
313.1164
313.1188
313.121
313.1232
313.1254
313.1275
313.1297
313.1318
313.134
313.1362
313.1399
313.1425
313.1447
313.1469
313.149
313.0087
313.0102
313.012
313.022
313.0412
313.0613
313.0825
313.1048
313.1172
313.1192
313.1213
313.1234
313.1255
313.1276
313.1297
313.1318
313.1339
313.136
313.1391
313.1421
313.1445
313.1468
313.1489
313.0143
313.0159
313.0264
313.0458
313.0656
313.0859
313.1065
313.1177
313.1196
313.1215
313.1235
313.1256
313.1276
313.1297
313.1317
313.1338
313.1358
313.1387
313.1417
313.1443
313.1467
313.1489
313.0177
313.0281
313.0476
313.0673
313.0872
313.1072
313.1181
313.1198
313.1217
313.1237
313.1256
313.1277
313.1297
313.1317
313.1337
313.1356
313.1384
313.1415
313.1442
313.1466
313.1489
313.0288
313.0482
313.0679
313.0877
313.1075
313.1182
313.1199
313.1218
313.1237
313.1257
313.1277
313.1297
313.1317
313.1336
313.1355
313.1383
313.1414
313.1441
313.1466
313.1489
313.0124
313.0116
313.011
313.0103
313.0096
313.0089
313.0083
313.0077
313.0069
313.007
313.0075
313.0084
313.0095
313.011
313.0127
313.0144
313.0162
313.018
313.0286
313.0481
313.0678
313.0877
313.1076
313.1183
313.12
313.1219
313.1238
313.1258
313.1279
313.1299
313.132
313.1339
313.1358
313.1385
313.1416
313.1442
313.1466
313.1489
313.0113
313.0104
313.0098
313.0091
313.0084
313.0078
313.0072
313.0064
313.0065
313.0071
313.008
313.0091
313.0105
313.0121
313.0138
313.0156
313.0174
313.028
313.0475
313.0672
313.0872
313.1073
313.1181
313.1199
313.1218
313.1237
313.1258
313.1278
313.1299
313.1319
313.1339
313.1359
313.1386
313.1417
313.1443
313.1467
313.1489
313.0091
313.0083
313.0077
313.007
313.0063
313.0057
313.0048
313.005
313.0057
313.0066
313.0077
313.0091
313.0105
313.0122
313.0139
313.0157
313.0262
313.0456
313.0655
313.0858
313.1065
313.1178
313.1196
313.1216
313.1236
313.1257
313.1277
313.1298
313.1319
313.134
313.136
313.1389
313.1419
313.1444
313.1467
313.1489
313.0048
313.0039
313.0034
313.0027
313.002
313.0011
313.0012
313.0019
313.0029
313.004
313.0054
313.0068
313.0082
313.0099
313.0116
313.0217
313.041
313.0611
313.0824
313.1047
313.1172
313.1192
313.1213
313.1234
313.1255
313.1277
313.1298
313.1319
313.134
313.1362
313.1393
313.1422
313.1446
313.1468
313.1489
312.9966
312.9957
312.9952
312.9945
312.9935
312.9935
312.9941
312.995
312.9962
312.9975
312.9989
313.0002
313.0015
313.0031
313.0124
313.0303
313.0499
313.072
313.0982
313.1164
313.1188
313.1211
313.1233
313.1254
313.1276
313.1297
313.1319
313.1341
313.1364
313.1401
313.1426
313.1448
313.1469
313.149
312.9842
312.9832
312.9826
312.9816
312.9815
312.9819
312.9826
312.9837
312.9849
312.9861
312.9872
312.9882
312.9892
312.9966
313.0099
313.0227
313.0348
313.0448
313.0778
313.0985
313.1085
313.1149
313.1197
313.1238
313.1273
313.1307
313.1341
313.1381
313.1414
313.1431
313.1451
313.147
313.149
312.9722
312.9709
312.9701
312.9699
312.9702
312.9708
312.9716
312.9727
312.9738
312.9748
312.9756
312.9764
312.982
312.992
313.0011
313.0091
313.0157
313.0405
313.0689
313.0872
313.0999
313.1092
313.1166
313.1228
313.1283
313.1336
313.1391
313.1423
313.1436
313.1453
313.1471
313.149
312.9628
312.9611
312.9613
312.9615
312.962
312.9627
312.9636
312.9646
312.9655
312.9664
312.967
312.9715
312.9793
312.9866
312.9928
312.998
313.0197
313.0496
313.0716
313.0881
313.1007
313.1107
313.119
313.1262
313.1328
313.1394
313.1429
313.1439
313.1455
313.1472
313.1491
312.9562
312.9554
312.956
312.9564
312.957
312.9579
312.9587
312.9597
312.9605
312.9612
312.9651
312.9717
312.9777
312.9832
312.9878
313.0078
313.0379
313.0617
313.0802
313.0948
313.1065
313.1162
313.1246
313.1322
313.1395
313.1433
313.1442
313.1456
313.1473
313.1491
312.9533
312.9529
312.9538
312.9544
312.9552
312.956
312.9568
312.9576
312.9583
312.9621
312.9683
312.9739
312.9787
312.9831
313.0025
313.0324
313.0568
313.0763
313.0919
313.1044
313.1148
313.1237
313.1318
313.1395
313.1434
313.1443
313.1457
313.1473
313.1491
312.9534
312.9534
312.9544
312.9552
312.956
312.9568
312.9575
312.9583
312.9622
312.9686
312.9742
312.979
312.9831
313.0026
313.0324
313.0568
313.0763
313.0919
313.1044
313.1148
313.1237
313.1318
313.1395
313.1434
313.1443
313.1457
313.1473
313.1491
312.9565
312.9567
312.9579
312.9588
312.9595
312.9603
312.961
312.9653
312.9723
312.9785
312.9837
312.9881
313.0079
313.0379
313.0616
313.0802
313.0949
313.1066
313.1162
313.1246
313.1322
313.1395
313.1432
313.1442
313.1456
313.1473
313.1491
312.9628
312.9632
312.9645
312.9654
312.9663
312.9671
312.9719
312.98
312.9873
312.9935
312.9985
313.0198
313.0495
313.0716
313.0881
313.1007
313.1107
313.119
313.1262
313.1328
313.1394
313.1428
313.1439
313.1454
313.1472
313.1491
312.9727
312.9734
312.9748
312.9758
312.9768
312.9826
312.9926
313.0018
313.0097
313.0162
313.0407
313.069
313.0872
313.0999
313.1092
313.1166
313.1228
313.1283
313.1336
313.1391
313.1422
313.1435
313.1452
313.1471
313.149
312.9861
312.9871
312.9886
312.9898
312.9971
313.0104
313.0232
313.0351
313.0452
313.078
313.0986
313.1085
313.1149
313.1197
313.1237
313.1273
313.1306
313.134
313.138
313.1413
313.143
313.145
313.147
313.149
313.0005
313.0018
313.0036
313.0128
313.0307
313.0501
313.0721
313.0983
313.1164
313.1188
313.121
313.1232
313.1254
313.1275
313.1297
313.1318
313.134
313.1362
313.1399
313.1425
313.1447
313.1469
313.149
313.0104
313.0119
313.022
313.0412
313.0613
313.0824
313.1047
313.1172
313.1192
313.1213
313.1234
313.1255
313.1276
313.1297
313.1318
313.1339
313.136
313.1391
313.1421
313.1445
313.1468
313.1489
313.0161
313.0263
313.0458
313.0656
313.0859
313.1065
313.1177
313.1196
313.1215
313.1235
313.1256
313.1276
313.1297
313.1317
313.1338
313.1358
313.1387
313.1417
313.1443
313.1467
313.1489
313.0282
313.0475
313.0673
313.0872
313.1072
313.1181
313.1198
313.1217
313.1236
313.1256
313.1277
313.1297
313.1317
313.1337
313.1356
313.1384
313.1415
313.1442
313.1466
313.1489
313.0483
313.0678
313.0876
313.1075
313.1182
313.1199
313.1218
313.1237
313.1257
313.1277
313.1297
313.1317
313.1336
313.1355
313.1383
313.1414
313.1441
313.1466
313.1489
313.0117
313.0109
313.0103
313.0096
313.0089
313.0083
313.0077
313.0068
313.007
313.0076
313.0085
313.0096
313.011
313.0127
313.0144
313.0161
313.018
313.0286
313.0482
313.0678
313.0877
313.1076
313.1183
313.12
313.1219
313.1238
313.1258
313.1278
313.1299
313.1319
313.1339
313.1358
313.1385
313.1416
313.1442
313.1466
313.1489
313.0105
313.0097
313.0091
313.0085
313.0078
313.0072
313.0063
313.0065
313.0072
313.0081
313.0093
313.0106
313.0121
313.0138
313.0156
313.0173
313.028
313.0475
313.0672
313.0872
313.1073
313.1181
313.1199
313.1218
313.1237
313.1257
313.1278
313.1298
313.1319
313.1339
313.1359
313.1386
313.1417
313.1443
313.1467
313.1489
313.0084
313.0076
313.007
313.0064
313.0057
313.0048
313.0049
313.0056
313.0066
313.0078
313.0092
313.0107
313.0122
313.0139
313.0157
313.0261
313.0456
313.0655
313.0859
313.1065
313.1178
313.1196
313.1216
313.1236
313.1256
313.1277
313.1298
313.1319
313.1339
313.136
313.1389
313.1419
313.1444
313.1467
313.1489
313.0041
313.0032
313.0027
313.002
313.0011
313.0012
313.0018
313.0029
313.0041
313.0055
313.007
313.0084
313.0099
313.0116
313.0217
313.0409
313.0611
313.0824
313.1047
313.1172
313.1192
313.1213
313.1234
313.1255
313.1276
313.1297
313.1319
313.134
313.1361
313.1393
313.1422
313.1446
313.1468
313.149
312.9959
312.995
312.9944
312.9935
312.9935
312.9941
312.995
312.9962
312.9976
312.999
313.0004
313.0017
313.0031
313.0124
313.0303
313.0498
313.0719
313.0982
313.1164
313.1188
313.121
313.1232
313.1254
313.1276
313.1297
313.1319
313.134
313.1363
313.14
313.1426
313.1448
313.1469
313.149
312.9835
312.9824
312.9816
312.9815
312.9819
312.9826
312.9836
312.9848
312.9861
312.9873
312.9884
312.9895
312.9966
313.0099
313.0227
313.0347
313.0448
313.0778
313.0985
313.1085
313.1149
313.1197
313.1237
313.1273
313.1307
313.1341
313.1381
313.1413
313.1431
313.1451
313.147
313.149
312.9713
312.9698
312.9699
312.9702
312.9708
312.9716
312.9726
312.9738
312.9749
312.9759
312.9767
312.9822
312.992
313.0011
313.0091
313.0156
313.0405
313.069
313.0872
313.0999
313.1092
313.1166
313.1228
313.1283
313.1336
313.1391
313.1423
313.1436
313.1453
313.1471
313.149
312.9616
312.9609
312.9615
312.962
312.9627
312.9636
312.9645
312.9655
312.9664
312.9672
312.9718
312.9795
312.9865
312.9929
312.998
313.0195
313.0496
313.0717
313.0881
313.1007
313.1107
313.119
313.1262
313.1328
313.1394
313.1429
313.1439
313.1455
313.1472
313.1491
312.9559
312.9556
312.9565
312.9571
312.9579
312.9587
312.9595
312.9604
312.9612
312.9653
312.972
312.978
312.9832
312.9879
313.0079
313.0378
313.0617
313.0803
313.0949
313.1066
313.1162
313.1246
313.1322
313.1395
313.1433
313.1442
313.1456
313.1473
313.1491
312.9534
312.9534
312.9544
312.9552
312.956
312.9568
312.9575
312.9583
312.9622
312.9686
312.9742
312.979
312.9831
313.0026
313.0324
313.0568
313.0763
313.0919
313.1044
313.1148
313.1237
313.1318
313.1395
313.1434
313.1443
313.1457
313.1473
313.1491
312.9539
312.954
312.9552
312.956
312.9568
312.9575
312.9582
312.9621
312.9686
312.9744
312.9793
312.9834
313.0025
313.0324
313.0568
313.0763
313.0919
313.1044
313.1148
313.1237
313.1318
313.1395
313.1434
313.1443
313.1457
313.1473
313.1491
312.9571
312.9575
312.9588
312.9596
312.9603
312.961
312.9652
312.9723
312.9785
312.9839
312.9883
313.0081
313.0378
313.0616
313.0802
313.0948
313.1066
313.1162
313.1246
313.1322
313.1395
313.1432
313.1442
313.1456
313.1473
313.1491
312.9637
312.9642
312.9654
312.9663
312.9671
312.9719
312.9799
312.9873
312.9936
312.9987
313.02
313.0496
313.0716
313.0881
313.1007
313.1107
313.119
313.1262
313.1328
313.1394
313.1428
313.1439
313.1454
313.1472
313.1491
312.9738
312.9745
312.9758
312.9768
312.9826
312.9926
313.0017
313.0097
313.0162
313.0408
313.0691
313.0873
313.0999
313.1092
313.1166
313.1228
313.1283
313.1336
313.1391
313.1422
313.1435
313.1452
313.1471
313.149
312.9874
312.9883
312.9898
312.9972
313.0104
313.0232
313.0351
313.0452
313.078
313.0986
313.1085
313.1149
313.1197
313.1237
313.1273
313.1306
313.134
313.138
313.1413
313.143
313.145
313.147
313.149
313.0021
313.0034
313.0128
313.0307
313.0501
313.0721
313.0982
313.1163
313.1188
313.121
313.1232
313.1254
313.1275
313.1296
313.1318
313.134
313.1362
313.1399
313.1425
313.1447
313.1469
313.149
313.0121
313.0219
313.0412
313.0613
313.0824
313.1047
313.1171
313.1192
313.1213
313.1234
313.1255
313.1276
313.1297
313.1318
313.1339
313.136
313.1391
313.1421
313.1445
313.1468
313.1489
313.0264
313.0457
313.0656
313.0859
313.1065
313.1177
313.1195
313.1215
313.1235
313.1256
313.1276
313.1297
313.1317
313.1338
313.1358
313.1387
313.1417
313.1443
313.1467
313.1489
313.0476
313.0672
313.0872
313.1072
313.118
313.1198
313.1217
313.1236
313.1256
313.1277
313.1297
313.1317
313.1337
313.1356
313.1384
313.1415
313.1442
313.1466
313.1489
313.0679
313.0876
313.1074
313.1182
313.1199
313.1218
313.1237
313.1257
313.1277
313.1297
313.1317
313.1336
313.1355
313.1383
313.1414
313.1441
313.1466
313.1489
313.011
313.0102
313.0096
313.0089
313.0083
313.0077
313.0068
313.007
313.0077
313.0087
313.0098
313.0112
313.0127
313.0144
313.0161
313.0179
313.0286
313.0482
313.0678
313.0876
313.1075
313.1183
313.12
313.1219
313.1238
313.1258
313.1278
313.1298
313.1318
313.1338
313.1358
313.1385
313.1416
313.1443
313.1466
313.1489
313.0098
313.009
313.0084
313.0078
313.0072
313.0063
313.0064
313.0071
313.0082
313.0094
313.0108
313.0123
313.0138
313.0156
313.0173
313.0279
313.0475
313.0673
313.0872
313.1073
313.1181
313.1199
313.1217
313.1237
313.1257
313.1277
313.1298
313.1318
313.1338
313.1358
313.1386
313.1417
313.1443
313.1467
313.1489
313.0077
313.0069
313.0063
313.0057
313.0048
313.0049
313.0056
313.0066
313.0079
313.0093
313.0108
313.0124
313.0139
313.0157
313.0261
313.0455
313.0655
313.0859
313.1065
313.1178
313.1196
313.1216
313.1236
313.1256
313.1277
313.1298
313.1318
313.1339
313.1359
313.1388
313.1419
313.1444
313.1467
313.1489
313.0034
313.0025
313.002
313.0011
313.0012
313.0018
313.0028
313.004
313.0055
313.0071
313.0086
313.0101
313.0116
313.0217
313.0409
313.0611
313.0824
313.1048
313.1172
313.1192
313.1213
313.1234
313.1255
313.1276
313.1297
313.1318
313.134
313.1361
313.1392
313.1422
313.1446
313.1468
313.149
312.9952
312.9943
312.9935
312.9936
312.9941
312.995
312.9961
312.9975
312.9991
313.0005
313.0019
313.0033
313.0124
313.0303
313.0498
313.0719
313.0982
313.1164
313.1188
313.121
313.1232
313.1254
313.1275
313.1297
313.1318
313.134
313.1363
313.14
313.1426
313.1448
313.1469
313.149
312.9827
312.9813
312.9815
312.9819
312.9826
312.9836
312.9848
312.9861
312.9874
312.9886
312.9897
312.9968
313.0099
313.0228
313.0347
313.0447
313.0778
313.0985
313.1085
313.1149
313.1197
313.1237
313.1273
313.1307
313.1341
313.138
313.1413
313.1431
313.145
313.147
313.149
312.9702
312.9696
312.9703
312.9709
312.9716
312.9726
312.9737
312.9748
312.9759
312.9769
312.9825
312.9922
313.0011
313.0091
313.0156
313.0404
313.069
313.0873
313.0999
313.1092
313.1166
313.1228
313.1283
313.1336
313.1391
313.1422
313.1436
313.1453
313.1471
313.149
312.9613
312.9611
312.962
312.9627
312.9636
312.9645
312.9654
312.9664
312.9673
312.972
312.9798
312.9868
312.9928
312.9981
313.0196
313.0495
313.0717
313.0882
313.1007
313.1107
313.119
313.1262
313.1328
313.1394
313.1429
313.1439
313.1455
313.1472
313.1491
312.956
312.956
312.9571
312.9579
312.9587
312.9595
312.9603
312.9612
312.9653
312.9722
312.9783
312.9835
312.9878
313.0079
313.0378
313.0616
313.0803
313.0949
313.1066
313.1162
313.1246
313.1322
313.1395
313.1432
313.1442
313.1456
313.1473
313.1491
312.9539
312.954
312.9552
312.956
312.9568
312.9575
312.9582
312.9621
312.9686
312.9744
312.9793
312.9834
313.0025
313.0324
313.0568
313.0763
313.0919
313.1044
313.1148
313.1237
313.1318
313.1395
313.1434
313.1443
313.1457
313.1473
313.1491
312.9545
312.9548
312.9561
312.9568
312.9575
312.9582
312.962
312.9686
312.9744
312.9795
312.9836
313.0028
313.0324
313.0568
313.0763
313.0918
313.1044
313.1148
313.1237
313.1318
313.1395
313.1434
313.1443
313.1457
313.1473
313.1491
312.958
312.9583
312.9596
312.9604
312.961
312.9652
312.9721
312.9785
312.984
312.9886
313.0083
313.038
313.0616
313.0802
313.0948
313.1065
313.1162
313.1246
313.1322
313.1395
313.1432
313.1442
313.1456
313.1473
313.1491
312.9646
312.965
312.9663
312.9671
312.9719
312.9799
312.9872
312.9935
312.9988
313.0201
313.0498
313.0717
313.0881
313.1007
313.1107
313.119
313.1262
313.1328
313.1394
313.1428
313.1439
313.1454
313.1472
313.1491
312.9748
312.9755
312.9768
312.9826
312.9926
313.0017
313.0097
313.0162
313.0409
313.0692
313.0874
313.0999
313.1092
313.1166
313.1228
313.1283
313.1336
313.1391
313.1422
313.1435
313.1452
313.1471
313.149
312.9886
312.9896
312.9972
313.0104
313.0232
313.0351
313.0451
313.078
313.0986
313.1086
313.1149
313.1197
313.1237
313.1273
313.1306
313.134
313.138
313.1413
313.143
313.145
313.147
313.149
313.0036
313.0126
313.0307
313.0501
313.072
313.0982
313.1163
313.1187
313.121
313.1232
313.1254
313.1275
313.1296
313.1318
313.134
313.1362
313.1399
313.1425
313.1447
313.1469
313.149
313.0221
313.041
313.0612
313.0824
313.1047
313.1171
313.1192
313.1213
313.1234
313.1255
313.1276
313.1297
313.1318
313.1339
313.136
313.1391
313.1421
313.1445
313.1468
313.1489
313.0458
313.0655
313.0858
313.1065
313.1177
313.1195
313.1215
313.1235
313.1256
313.1276
313.1297
313.1317
313.1338
313.1358
313.1387
313.1417
313.1443
313.1467
313.1489
313.0673
313.0871
313.1072
313.118
313.1198
313.1217
313.1236
313.1256
313.1276
313.1297
313.1317
313.1337
313.1356
313.1384
313.1415
313.1442
313.1466
313.1489
313.0876
313.1074
313.1181
313.1199
313.1217
313.1237
313.1256
313.1276
313.1297
313.1317
313.1336
313.1355
313.1383
313.1414
313.1441
313.1466
313.1489
313.0103
313.0095
313.0089
313.0083
313.0077
313.0068
313.0069
313.0076
313.0087
313.0099
313.0113
313.0128
313.0144
313.0161
313.0179
313.0285
313.0482
313.0679
313.0877
313.1075
313.1183
313.12
313.1218
313.1238
313.1257
313.1278
313.1298
313.1318
313.1338
313.1357
313.1385
313.1416
313.1443
313.1466
313.1489
313.0091
313.0084
313.0078
313.0072
313.0063
313.0064
313.0071
313.0081
313.0094
313.0109
313.0124
313.014
313.0156
313.0173
313.0279
313.0474
313.0672
313.0872
313.1073
313.1181
313.1199
313.1217
313.1237
313.1257
313.1277
313.1298
313.1318
313.1338
313.1358
313.1386
313.1417
313.1443
313.1467
313.1489
313.007
313.0062
313.0057
313.0048
313.0049
313.0056
313.0066
313.0078
313.0094
313.011
313.0125
313.0141
313.0157
313.0261
313.0455
313.0655
313.0859
313.1065
313.1178
313.1196
313.1216
313.1236
313.1256
313.1277
313.1297
313.1318
313.1338
313.1359
313.1388
313.1418
313.1444
313.1467
313.1489
313.0027
313.0019
313.0011
313.0012
313.0018
313.0028
313.004
313.0055
313.0071
313.0087
313.0102
313.0118
313.0217
313.0409
313.0611
313.0823
313.1047
313.1172
313.1192
313.1213
313.1234
313.1255
313.1276
313.1297
313.1318
313.1339
313.1361
313.1392
313.1421
313.1446
313.1468
313.1489
312.9945
312.9933
312.9936
312.9941
312.995
312.9961
312.9975
312.999
313.0006
313.0021
313.0035
313.0125
313.0303
313.0499
313.0719
313.0982
313.1164
313.1188
313.121
313.1232
313.1254
313.1275
313.1297
313.1318
313.134
313.1363
313.14
313.1426
313.1448
313.1469
313.149
312.9817
312.9813
312.9819
312.9827
312.9836
312.9848
312.986
312.9874
312.9886
312.9899
312.997
313.0101
313.0227
313.0347
313.0447
313.0778
313.0985
313.1085
313.1149
313.1197
313.1237
313.1273
313.1307
313.1341
313.138
313.1413
313.1431
313.145
313.147
313.149
312.97
312.9699
312.9709
312.9717
312.9726
312.9737
312.9747
312.9759
312.9769
312.9827
312.9924
313.0013
313.0091
313.0156
313.0404
313.0689
313.0873
313.0999
313.1092
313.1166
313.1228
313.1283
313.1336
313.1391
313.1422
313.1435
313.1453
313.1471
313.149
312.9615
312.9616
312.9627
312.9636
312.9645
312.9654
312.9663
312.9672
312.972
312.98
312.987
312.9931
312.998
313.0196
313.0495
313.0716
313.0881
313.1008
313.1107
313.119
313.1262
313.1328
313.1394
313.1429
313.1439
313.1455
313.1472
313.1491
312.9565
312.9567
312.9579
312.9588
312.9595
312.9603
312.961
312.9653
312.9723
312.9785
312.9837
312.9881
313.0079
313.0379
313.0616
313.0802
313.0949
313.1066
313.1162
313.1246
313.1322
313.1395
313.1432
313.1442
313.1456
313.1473
313.1491
312.9545
312.9548
312.9561
312.9568
312.9575
312.9582
312.962
312.9686
312.9744
312.9795
312.9836
313.0028
313.0324
313.0568
313.0763
313.0918
313.1044
313.1148
313.1237
313.1318
313.1395
313.1434
313.1443
313.1457
313.1473
313.1491
312.9553
312.9556
312.9568
312.9575
312.9582
312.962
312.9685
312.9744
312.9796
312.9839
313.003
313.0325
313.0568
313.0763
313.0918
313.1044
313.1148
313.1237
313.1318
313.1395
313.1434
313.1443
313.1457
313.1473
313.1491
312.9588
312.9591
312.9604
312.9611
312.9652
312.9721
312.9784
312.984
312.9886
313.0085
313.0382
313.0617
313.0802
313.0948
313.1065
313.1162
313.1246
313.1322
313.1395
313.1432
313.1442
313.1456
313.1473
313.1491
312.9655
312.9659
312.9672
312.9719
312.9799
312.9872
312.9935
312.9987
313.0202
313.0499
313.0718
313.0882
313.1007
313.1107
313.119
313.1262
313.1328
313.1394
313.1428
313.1439
313.1454
313.1472
313.1491
312.9758
312.9765
312.9826
312.9926
313.0017
313.0097
313.0161
313.0409
313.0692
313.0874
313.1
313.1093
313.1166
313.1228
313.1283
313.1336
313.1391
313.1422
313.1435
313.1452
313.1471
313.149
312.9899
312.9969
313.0104
313.0232
313.0351
313.0451
313.078
313.0986
313.1086
313.1149
313.1197
313.1237
313.1273
313.1306
313.134
313.138
313.1413
313.143
313.145
313.147
313.149
313.0128
313.0305
313.0501
313.0721
313.0982
313.1163
313.1187
313.121
313.1232
313.1254
313.1275
313.1296
313.1318
313.134
313.1362
313.1399
313.1425
313.1447
313.1469
313.149
313.0412
313.0611
313.0824
313.1047
313.1171
313.1192
313.1213
313.1234
313.1255
313.1276
313.1297
313.1318
313.1339
313.136
313.1391
313.1421
313.1445
313.1468
313.1489
313.0656
313.0858
313.1064
313.1177
313.1195
313.1215
313.1235
313.1255
313.1276
313.1297
313.1317
313.1338
313.1358
313.1387
313.1417
313.1443
313.1467
313.1489
313.0871
313.1071
313.118
313.1198
313.1216
313.1236
313.1256
313.1276
313.1297
313.1317
313.1337
313.1356
313.1384
313.1415
313.1442
313.1466
313.1489
313.1074
313.1181
313.1199
313.1217
313.1237
313.1256
313.1276
313.1296
313.1317
313.1336
313.1355
313.1383
313.1414
313.1441
313.1466
313.1489
313.0096
313.0088
313.0083
313.0077
313.0068
313.0069
313.0076
313.0087
313.0099
313.0114
313.0129
313.0145
313.0161
313.0179
313.0285
313.0481
313.0679
313.0877
313.1075
313.1183
313.12
313.1218
313.1237
313.1257
313.1277
313.1297
313.1318
313.1337
313.1357
313.1384
313.1416
313.1442
313.1466
313.1489
313.0085
313.0077
313.0072
313.0063
313.0064
313.0071
313.0081
313.0094
313.0109
313.0125
313.0141
313.0157
313.0173
313.0279
313.0474
313.0672
313.0872
313.1073
313.1181
313.1199
313.1217
313.1237
313.1257
313.1277
313.1297
313.1318
313.1338
313.1357
313.1385
313.1416
313.1443
313.1467
313.1489
313.0064
313.0056
313.0048
313.005
313.0056
313.0066
313.0078
313.0093
313.011
313.0126
313.0142
313.0158
313.0261
313.0455
313.0655
313.0858
313.1065
313.1178
313.1196
313.1215
313.1236
313.1256
313.1277
313.1297
313.1318
313.1338
313.1358
313.1388
313.1418
313.1444
313.1467
313.1489
313.0021
313.001
313.0012
313.0019
313.0028
313.004
313.0054
313.0071
313.0087
313.0104
313.0119
313.0218
313.0409
313.0611
313.0823
313.1047
313.1172
313.1192
313.1213
313.1234
313.1255
313.1276
313.1297
313.1318
313.1339
313.136
313.1392
313.1421
313.1446
313.1468
313.1489
312.9936
312.9934
312.9941
312.995
312.9961
312.9975
312.999
313.0005
313.0021
313.0036
313.0127
313.0305
313.0498
313.0719
313.0982
313.1164
313.1188
313.121
313.1232
313.1254
313.1275
313.1297
313.1318
313.134
313.1363
313.14
313.1425
313.1448
313.1469
313.149
312.9816
312.9817
312.9827
312.9836
312.9848
312.986
312.9873
312.9886
312.9899
312.9972
313.0103
313.0229
313.0347
313.0447
313.0778
313.0985
313.1085
313.1149
313.1197
313.1237
313.1273
313.1306
313.134
313.138
313.1413
313.1431
313.145
313.147
313.149
312.9703
312.9705
312.9717
312.9727
312.9737
312.9747
312.9758
312.9769
312.9827
312.9926
313.0016
313.0093
313.0156
313.0404
313.0689
313.0872
313.0999
313.1093
313.1166
313.1228
313.1283
313.1336
313.1391
313.1422
313.1435
313.1453
313.1471
313.149
312.9621
312.9623
312.9636
312.9645
312.9654
312.9663
312.9671
312.972
312.9801
312.9872
312.9933
312.9983
313.0196
313.0495
313.0716
313.0881
313.1008
313.1107
313.119
313.1262
313.1328
313.1394
313.1429
313.1439
313.1454
313.1472
313.1491
312.9571
312.9575
312.9588
312.9596
312.9603
312.961
312.9652
312.9723
312.9785
312.9839
312.9883
313.0081
313.0378
313.0616
313.0802
313.0948
313.1066
313.1162
313.1246
313.1322
313.1395
313.1432
313.1442
313.1456
313.1473
313.1491
312.9553
312.9556
312.9568
312.9575
312.9582
312.962
312.9685
312.9744
312.9796
312.9839
313.003
313.0325
313.0568
313.0763
313.0918
313.1044
313.1148
313.1237
313.1318
313.1395
313.1434
313.1443
313.1457
313.1473
313.1491
312.9561
312.9563
312.9575
312.9582
312.962
312.9685
312.9743
312.9795
312.9839
313.0032
313.0327
313.0569
313.0763
313.0918
313.1044
313.1148
313.1237
313.1318
313.1395
313.1434
313.1443
313.1457
313.1473
313.1491
312.9596
312.9599
312.9611
312.9652
312.9721
312.9784
312.9839
312.9886
313.0085
313.0383
313.0618
313.0803
313.0948
313.1065
313.1162
313.1246
313.1322
313.1395
313.1432
313.1442
313.1456
313.1473
313.1491
312.9663
312.9668
312.9719
312.98
312.9872
312.9935
312.9987
313.0202
313.0499
313.0719
313.0882
313.1008
313.1107
313.119
313.1262
313.1328
313.1394
313.1428
313.1439
313.1454
313.1472
313.1491
312.9769
312.9823
312.9926
313.0017
313.0097
313.0161
313.0408
313.0692
313.0874
313.1
313.1093
313.1166
313.1228
313.1283
313.1336
313.1391
313.1422
313.1435
313.1452
313.1471
313.149
312.9972
313.0101
313.0232
313.0351
313.0451
313.078
313.0986
313.1085
313.1149
313.1197
313.1237
313.1273
313.1306
313.134
313.138
313.1413
313.143
313.145
313.147
313.149
313.0307
313.0499
313.072
313.0982
313.1163
313.1187
313.121
313.1232
313.1254
313.1275
313.1296
313.1318
313.134
313.1362
313.1399
313.1425
313.1447
313.1469
313.149
313.0612
313.0823
313.1047
313.1171
313.1191
313.1212
313.1233
313.1255
313.1276
313.1297
313.1318
313.1339
313.136
313.1391
313.1421
313.1445
313.1468
313.1489
313.0858
313.1064
313.1176
313.1195
313.1215
313.1235
313.1255
313.1276
313.1297
313.1317
313.1338
313.1358
313.1387
313.1417
313.1443
313.1467
313.1489
313.1071
313.1179
313.1197
313.1216
313.1236
313.1256
313.1276
313.1297
313.1317
313.1337
313.1356
313.1384
313.1415
313.1442
313.1466
313.1489
313.118
313.1198
313.1217
313.1236
313.1256
313.1276
313.1296
313.1316
313.1336
313.1355
313.1383
313.1414
313.1441
313.1466
313.1489
313.0089
313.0082
313.0077
313.0068
313.0069
313.0076
313.0086
313.0099
313.0114
313.0131
313.0146
313.0163
313.0179
313.0285
313.0481
313.0678
313.0877
313.1075
313.1183
313.12
313.1218
313.1237
313.1257
313.1277
313.1297
313.1317
313.1337
313.1356
313.1384
313.1415
313.1442
313.1466
313.1489
313.0078
313.0071
313.0063
313.0065
313.0071
313.0081
313.0093
313.0109
313.0126
313.0142
313.0158
313.0175
313.0279
313.0474
313.0672
313.0871
313.1073
313.1181
313.1199
313.1217
313.1237
313.1257
313.1277
313.1297
313.1317
313.1337
313.1357
313.1385
313.1416
313.1443
313.1467
313.1489
313.0057
313.0047
313.005
313.0056
313.0066
313.0078
313.0093
313.011
313.0127
313.0143
313.016
313.0262
313.0455
313.0655
313.0858
313.1065
313.1178
313.1196
313.1216
313.1236
313.1256
313.1276
313.1297
313.1318
313.1338
313.1358
313.1387
313.1418
313.1444
313.1467
313.1489
313.0012
313.0011
313.0018
313.0028
313.004
313.0054
313.007
313.0087
313.0104
313.0121
313.022
313.041
313.0611
313.0823
313.1047
313.1172
313.1192
313.1213
313.1234
313.1255
313.1276
313.1297
313.1318
313.1339
313.136
313.1392
313.1421
313.1445
313.1468
313.1489
312.9936
312.9939
312.995
312.9961
312.9975
312.999
313.0005
313.0021
313.0037
313.0128
313.0306
313.05
313.0719
313.0982
313.1164
313.1188
313.121
313.1232
313.1254
313.1275
313.1297
313.1318
313.134
313.1363
313.1399
313.1425
313.1448
313.1469
313.149
312.982
312.9824
312.9836
312.9848
312.986
312.9873
312.9885
312.9899
312.9972
313.0104
313.0231
313.0348
313.0447
313.0778
313.0985
313.1085
313.1149
313.1197
313.1237
313.1273
313.1306
313.134
313.138
313.1413
313.1431
313.145
313.147
313.149
312.9709
312.9713
312.9727
312.9737
312.9747
312.9758
312.9768
312.9827
312.9927
313.0017
313.0095
313.0158
313.0404
313.0689
313.0872
313.0999
313.1093
313.1166
313.1228
313.1283
313.1336
313.1391
313.1422
313.1435
313.1452
313.1471
313.149
312.9628
312.9632
312.9645
312.9654
312.9663
312.9671
312.9719
312.98
312.9873
312.9935
312.9985
313.0198
313.0495
313.0716
313.0881
313.1007
313.1107
313.119
313.1262
313.1328
313.1394
313.1428
313.1439
313.1454
313.1472
313.1491
312.958
312.9583
312.9596
312.9604
312.961
312.9652
312.9721
312.9785
312.984
312.9886
313.0083
313.038
313.0616
313.0802
313.0948
313.1065
313.1162
313.1246
313.1322
313.1395
313.1432
313.1442
313.1456
313.1473
313.1491
312.9561
312.9563
312.9575
312.9582
312.962
312.9685
312.9743
312.9795
312.9839
313.0032
313.0327
313.0569
313.0763
313.0918
313.1044
313.1148
313.1237
313.1318
313.1395
313.1434
313.1443
313.1457
313.1473
313.1491
312.9568
312.9571
312.9582
312.9621
312.9685
312.9743
312.9794
312.9839
313.0032
313.0329
313.057
313.0763
313.0918
313.1044
313.1148
313.1237
313.1318
313.1395
313.1434
313.1443
313.1457
313.1473
313.1491
312.9604
312.9606
312.9652
312.9722
312.9784
312.9839
312.9885
313.0085
313.0383
313.0619
313.0804
313.0949
313.1065
313.1162
313.1246
313.1322
313.1395
313.1432
313.1442
313.1456
313.1473
313.1491
312.9672
312.9715
312.98
312.9872
312.9935
312.9987
313.0201
313.0499
313.0719
313.0883
313.1008
313.1108
313.119
313.1262
313.1328
313.1394
313.1428
313.1439
313.1454
313.1472
313.1491
312.9826
312.9923
313.0017
313.0097
313.0161
313.0408
313.0691
313.0874
313.1
313.1093
313.1167
313.1228
313.1283
313.1336
313.1391
313.1422
313.1435
313.1452
313.1471
313.149
313.0104
313.023
313.0351
313.0451
313.078
313.0985
313.1085
313.1149
313.1197
313.1237
313.1273
313.1306
313.134
313.138
313.1413
313.143
313.145
313.147
313.149
313.0501
313.0719
313.0982
313.1163
313.1187
313.121
313.1232
313.1254
313.1275
313.1296
313.1318
313.134
313.1362
313.1399
313.1425
313.1447
313.1469
313.149
313.0823
313.1046
313.1171
313.1191
313.1212
313.1233
313.1254
313.1275
313.1297
313.1318
313.1339
313.136
313.1391
313.1421
313.1445
313.1468
313.1489
313.1064
313.1176
313.1195
313.1215
313.1235
313.1255
313.1276
313.1297
313.1317
313.1338
313.1358
313.1387
313.1417
313.1443
313.1467
313.1489
313.1179
313.1197
313.1216
313.1236
313.1256
313.1276
313.1296
313.1317
313.1337
313.1356
313.1384
313.1415
313.1442
313.1466
313.1489
313.1198
313.1216
313.1236
313.1256
313.1276
313.1296
313.1316
313.1336
313.1355
313.1383
313.1414
313.1441
313.1466
313.1489
313.0083
313.0076
313.0068
313.007
313.0076
313.0086
313.0098
313.0114
313.0131
313.0148
313.0164
313.018
313.0285
313.0481
313.0678
313.0876
313.1075
313.1183
313.12
313.1218
313.1237
313.1257
313.1277
313.1297
313.1317
313.1337
313.1356
313.1384
313.1415
313.1442
313.1466
313.1489
313.0072
313.0062
313.0064
313.0071
313.0081
313.0093
313.0108
313.0125
313.0142
313.016
313.0176
313.028
313.0474
313.0672
313.0871
313.1072
313.1181
313.1199
313.1217
313.1237
313.1257
313.1277
313.1297
313.1317
313.1337
313.1357
313.1385
313.1416
313.1443
313.1466
313.1489
313.0049
313.0048
313.0056
313.0066
313.0078
313.0093
313.0109
313.0126
313.0144
313.0161
313.0263
313.0456
313.0655
313.0858
313.1065
313.1178
313.1196
313.1216
313.1236
313.1256
313.1276
313.1297
313.1317
313.1338
313.1358
313.1387
313.1418
313.1444
313.1467
313.1489
313.0013
313.0017
313.0028
313.004
313.0054
313.007
313.0086
313.0104
313.0121
313.0221
313.0411
313.0612
313.0823
313.1047
313.1172
313.1192
313.1213
313.1234
313.1255
313.1276
313.1297
313.1318
313.1339
313.136
313.1392
313.1421
313.1445
313.1468
313.1489
312.9942
312.9948
312.9961
312.9975
312.999
313.0005
313.002
313.0036
313.0129
313.0307
313.0501
313.072
313.0982
313.1164
313.1188
313.121
313.1232
313.1254
313.1275
313.1297
313.1318
313.134
313.1362
313.1399
313.1425
313.1448
313.1469
313.149
312.9828
312.9834
312.9848
312.9861
312.9873
312.9885
312.9898
312.9972
313.0105
313.0232
313.035
313.0449
313.0778
313.0985
313.1085
313.1149
313.1197
313.1237
313.1273
313.1306
313.134
313.138
313.1413
313.1431
313.145
313.147
313.149
312.9717
312.9724
312.9737
312.9748
312.9758
312.9768
312.9826
312.9926
313.0018
313.0097
313.016
313.0406
313.0689
313.0872
313.0999
313.1092
313.1166
313.1228
313.1283
313.1336
313.1391
313.1422
313.1435
313.1452
313.1471
313.149
312.9637
312.9642
312.9654
312.9663
312.9671
312.9719
312.9799
312.9873
312.9936
312.9987
313.02
313.0496
313.0716
313.0881
313.1007
313.1107
313.119
313.1262
313.1328
313.1394
313.1428
313.1439
313.1454
313.1472
313.1491
312.9588
312.9591
312.9604
312.9611
312.9652
312.9721
312.9784
312.984
312.9886
313.0085
313.0382
313.0617
313.0802
313.0948
313.1065
313.1162
313.1246
313.1322
313.1395
313.1432
313.1442
313.1456
313.1473
313.1491
312.9568
312.9571
312.9582
312.9621
312.9685
312.9743
312.9794
312.9839
313.0032
313.0329
313.057
313.0763
313.0918
313.1044
313.1148
313.1237
313.1318
313.1395
313.1434
313.1443
313.1457
313.1473
313.1491
312.9576
312.9577
312.9621
312.9685
312.9743
312.9794
312.9838
313.0032
313.0329
313.0571
313.0765
313.0919
313.1044
313.1148
313.1237
313.1318
313.1395
313.1434
313.1443
313.1457
313.1473
313.1491
312.9611
312.9648
312.9722
312.9784
312.9839
312.9885
313.0085
313.0383
313.062
313.0804
313.0949
313.1066
313.1162
313.1246
313.1322
313.1395
313.1432
313.1442
313.1456
313.1473
313.1491
312.9719
312.9796
312.9872
312.9935
312.9987
313.0201
313.0498
313.0719
313.0883
313.1009
313.1108
313.119
313.1262
313.1328
313.1394
313.1428
313.1439
313.1454
313.1472
313.1491
312.9926
313.0014
313.0097
313.0162
313.0408
313.0691
313.0874
313.1
313.1093
313.1167
313.1228
313.1283
313.1335
313.1391
313.1422
313.1435
313.1452
313.1471
313.149
313.0232
313.0349
313.0451
313.078
313.0985
313.1085
313.1149
313.1197
313.1237
313.1273
313.1306
313.134
313.138
313.1413
313.143
313.145
313.147
313.149
313.072
313.0981
313.1162
313.1187
313.121
313.1232
313.1253
313.1275
313.1296
313.1318
313.134
313.1362
313.1399
313.1425
313.1447
313.1469
313.149
313.1046
313.117
313.1191
313.1212
313.1233
313.1254
313.1275
313.1296
313.1318
313.1339
313.136
313.1391
313.1421
313.1445
313.1468
313.1489
313.1175
313.1194
313.1214
313.1235
313.1255
313.1276
313.1296
313.1317
313.1338
313.1358
313.1387
313.1417
313.1443
313.1467
313.1489
313.1196
313.1215
313.1235
313.1256
313.1276
313.1296
313.1317
313.1337
313.1356
313.1384
313.1415
313.1442
313.1466
313.1489
313.1216
313.1235
313.1256
313.1276
313.1296
313.1316
313.1336
313.1355
313.1383
313.1414
313.1441
313.1466
313.1489
313.0077
313.0067
313.0069
313.0076
313.0086
313.0099
313.0114
313.0131
313.0148
313.0165
313.0182
313.0286
313.0481
313.0678
313.0876
313.1075
313.1183
313.12
313.1218
313.1237
313.1257
313.1277
313.1297
313.1317
313.1337
313.1356
313.1383
313.1415
313.1442
313.1466
313.1489
313.0064
313.0064
313.0071
313.0081
313.0093
313.0108
313.0125
313.0142
313.016
313.0177
313.0281
313.0475
313.0672
313.0871
313.1072
313.1181
313.1199
313.1217
313.1237
313.1257
313.1277
313.1297
313.1317
313.1337
313.1357
313.1384
313.1416
313.1442
313.1466
313.1489
313.005
313.0055
313.0066
313.0078
313.0093
313.0109
313.0126
313.0143
313.0161
313.0264
313.0458
313.0655
313.0858
313.1065
313.1177
313.1196
313.1215
313.1236
313.1256
313.1276
313.1297
313.1317
313.1338
313.1358
313.1387
313.1418
313.1444
313.1467
313.1489
313.0019
313.0027
313.004
313.0055
313.007
313.0087
313.0103
313.0121
313.0221
313.0412
313.0613
313.0824
313.1047
313.1172
313.1192
313.1213
313.1234
313.1255
313.1276
313.1297
313.1318
313.1339
313.136
313.1392
313.1421
313.1445
313.1468
313.1489
312.9951
312.9959
312.9975
312.999
313.0005
313.002
313.0036
313.0128
313.0307
313.0502
313.0721
313.0982
313.1164
313.1188
313.121
313.1232
313.1254
313.1275
313.1297
313.1318
313.134
313.1362
313.1399
313.1425
313.1448
313.1469
313.149
312.9837
312.9846
312.9861
312.9873
312.9885
312.9898
312.9971
313.0104
313.0233
313.0351
313.045
313.0778
313.0985
313.1085
313.1149
313.1197
313.1237
313.1273
313.1306
313.134
313.138
313.1413
313.143
313.145
313.147
313.149
312.9727
312.9734
312.9748
312.9758
312.9768
312.9826
312.9925
313.0018
313.0097
313.0162
313.0407
313.069
313.0872
313.0999
313.1092
313.1166
313.1228
313.1283
313.1336
313.1391
313.1422
313.1435
313.1452
313.1471
313.149
312.9646
312.965
312.9663
312.9671
312.9719
312.9799
312.9872
312.9935
312.9988
313.0201
313.0498
313.0717
313.0881
313.1007
313.1107
313.119
313.1262
313.1328
313.1394
313.1428
313.1439
313.1454
313.1472
313.1491
312.9596
312.9599
312.9611
312.9652
312.9721
312.9784
312.9839
312.9886
313.0085
313.0383
313.0618
313.0803
313.0948
313.1065
313.1162
313.1246
313.1322
313.1395
313.1432
313.1442
313.1456
313.1473
313.1491
312.9576
312.9577
312.9621
312.9685
312.9743
312.9794
312.9838
313.0032
313.0329
313.0571
313.0765
313.0919
313.1044
313.1148
313.1237
313.1318
313.1395
313.1434
313.1443
313.1457
313.1473
313.1491
312.9582
312.9616
312.9685
312.9743
312.9794
312.9838
313.0031
313.0329
313.0571
313.0765
313.092
313.1044
313.1148
313.1237
313.1318
313.1395
313.1434
313.1443
313.1457
313.1473
313.1491
312.9652
312.9717
312.9785
312.9839
312.9885
313.0085
313.0383
313.0619
313.0804
313.095
313.1066
313.1163
313.1246
313.1322
313.1395
313.1432
313.1442
313.1456
313.1473
313.1491
312.98
312.9868
312.9935
312.9987
313.0201
313.0498
313.0718
313.0883
313.1008
313.1108
313.119
313.1262
313.1328
313.1394
313.1428
313.1439
313.1454
313.1472
313.1491
313.0017
313.0094
313.0162
313.0408
313.0691
313.0874
313.0999
313.1093
313.1167
313.1228
313.1283
313.1336
313.1391
313.1422
313.1435
313.1452
313.1471
313.149
313.0351
313.0449
313.0779
313.0985
313.1085
313.1149
313.1197
313.1237
313.1273
313.1306
313.134
313.138
313.1413
313.143
313.145
313.147
313.149
313.0981
313.1162
313.1186
313.1209
313.1232
313.1253
313.1275
313.1296
313.1318
313.134
313.1362
313.1399
313.1425
313.1447
313.1469
313.149
313.117
313.119
313.1212
313.1233
313.1254
313.1275
313.1296
313.1317
313.1339
313.136
313.1391
313.1421
313.1445
313.1468
313.1489
313.1194
313.1213
313.1234
313.1255
313.1276
313.1296
313.1317
313.1337
313.1358
313.1387
313.1417
313.1443
313.1467
313.1489
313.1215
313.1235
313.1255
313.1276
313.1296
313.1316
313.1336
313.1356
313.1384
313.1415
313.1442
313.1466
313.1489
313.1235
313.1255
313.1276
313.1296
313.1316
313.1336
313.1355
313.1383
313.1414
313.1441
313.1466
313.1489
313.0068
313.0069
313.0076
313.0086
313.0098
313.0114
313.013
313.0148
313.0165
313.0183
313.0288
313.0482
313.0678
313.0876
313.1075
313.1183
313.12
313.1218
313.1237
313.1257
313.1277
313.1297
313.1317
313.1337
313.1356
313.1383
313.1415
313.1442
313.1466
313.1489
313.0065
313.007
313.0081
313.0094
313.0108
313.0125
313.0142
313.016
313.0177
313.0282
313.0476
313.0673
313.0871
313.1072
313.1181
313.1198
313.1217
313.1237
313.1257
313.1277
313.1297
313.1317
313.1337
313.1356
313.1384
313.1416
313.1442
313.1466
313.1489
313.0057
313.0065
313.0078
313.0093
313.0109
313.0126
313.0143
313.0161
313.0265
313.0458
313.0656
313.0859
313.1065
313.1177
313.1196
313.1215
313.1236
313.1256
313.1276
313.1297
313.1317
313.1338
313.1358
313.1387
313.1418
313.1443
313.1467
313.1489
313.0029
313.0039
313.0055
313.0071
313.0086
313.0103
313.012
313.0221
313.0412
313.0613
313.0825
313.1047
313.1172
313.1192
313.1213
313.1234
313.1255
313.1276
313.1297
313.1318
313.1339
313.136
313.1392
313.1421
313.1445
313.1468
313.1489
312.9962
312.9973
312.999
313.0005
313.002
313.0036
313.0128
313.0307
313.0502
313.0721
313.0983
313.1164
313.1188
313.121
313.1232
313.1254
313.1275
313.1297
313.1318
313.134
313.1362
313.1399
313.1425
313.1447
313.1469
313.149
312.9849
312.9858
312.9873
312.9886
312.9898
312.9971
313.0104
313.0232
313.0352
313.0451
313.0779
313.0985
313.1085
313.1149
313.1197
313.1237
313.1273
313.1306
313.134
313.138
313.1413
313.143
313.145
313.147
313.149
312.9738
312.9745
312.9758
312.9768
312.9826
312.9926
313.0017
313.0097
313.0162
313.0408
313.0691
313.0873
313.0999
313.1092
313.1166
313.1228
313.1283
313.1336
313.1391
313.1422
313.1435
313.1452
313.1471
313.149
312.9655
312.9659
312.9672
312.9719
312.9799
312.9872
312.9935
312.9987
313.0202
313.0499
313.0718
313.0882
313.1007
313.1107
313.119
313.1262
313.1328
313.1394
313.1428
313.1439
313.1454
313.1472
313.1491
312.9604
312.9606
312.9652
312.9722
312.9784
312.9839
312.9885
313.0085
313.0383
313.0619
313.0804
313.0949
313.1065
313.1162
313.1246
313.1322
313.1395
313.1432
313.1442
313.1456
313.1473
313.1491
312.9582
312.9616
312.9685
312.9743
312.9794
312.9838
313.0031
313.0329
313.0571
313.0765
313.092
313.1044
313.1148
313.1237
313.1318
313.1395
313.1434
313.1443
313.1457
313.1473
313.1491
312.9621
312.968
312.9744
312.9795
312.9838
313.0031
313.0328
313.0571
313.0765
313.092
313.1045
313.1148
313.1237
313.1318
313.1395
313.1434
313.1443
313.1457
313.1473
313.1491
312.9722
312.978
312.9839
312.9886
313.0085
313.0383
313.0619
313.0804
313.095
313.1067
313.1163
313.1246
313.1322
313.1395
313.1432
313.1442
313.1456
313.1473
313.1491
312.9872
312.9931
312.9987
313.0201
313.0498
313.0718
313.0883
313.1008
313.1108
313.119
313.1262
313.1328
313.1394
313.1428
313.1439
313.1454
313.1472
313.1491
313.0097
313.0159
313.0408
313.0691
313.0874
313.0999
313.1093
313.1167
313.1228
313.1283
313.1336
313.1391
313.1422
313.1435
313.1452
313.1471
313.149
313.0451
313.0777
313.0985
313.1085
313.1149
313.1197
313.1237
313.1273
313.1306
313.134
313.138
313.1413
313.143
313.145
313.147
313.149
313.1161
313.1186
313.1209
313.1231
313.1253
313.1275
313.1296
313.1318
313.134
313.1362
313.1399
313.1425
313.1447
313.1469
313.149
313.119
313.1211
313.1233
313.1254
313.1275
313.1296
313.1317
313.1339
313.136
313.1391
313.1421
313.1445
313.1468
313.1489
313.1213
313.1234
313.1255
313.1275
313.1296
313.1317
313.1337
313.1358
313.1387
313.1417
313.1443
313.1467
313.1489
313.1234
313.1255
313.1275
313.1296
313.1316
313.1336
313.1356
313.1384
313.1415
313.1442
313.1466
313.1489
313.1255
313.1275
313.1296
313.1316
313.1336
313.1355
313.1383
313.1414
313.1441
313.1466
313.1489
313.007
313.0075
313.0086
313.0099
313.0114
313.013
313.0147
313.0165
313.0183
313.0289
313.0483
313.0679
313.0876
313.1075
313.1183
313.12
313.1218
313.1237
313.1257
313.1277
313.1297
313.1317
313.1337
313.1356
313.1383
313.1414
313.1442
313.1466
313.1489
313.0072
313.008
313.0093
313.0109
313.0125
313.0142
313.0159
313.0177
313.0283
313.0477
313.0673
313.0872
313.1072
313.1181
313.1198
313.1217
313.1237
313.1257
313.1277
313.1297
313.1317
313.1337
313.1356
313.1384
313.1415
313.1442
313.1466
313.1489
313.0066
313.0077
313.0093
313.0109
313.0126
313.0143
313.016
313.0264
313.0458
313.0657
313.0859
313.1065
313.1177
313.1196
313.1215
313.1235
313.1256
313.1276
313.1297
313.1317
313.1338
313.1358
313.1387
313.1417
313.1443
313.1467
313.1489
313.0041
313.0053
313.007
313.0087
313.0103
313.012
313.022
313.0412
313.0613
313.0825
313.1048
313.1172
313.1192
313.1213
313.1234
313.1255
313.1276
313.1297
313.1318
313.1339
313.136
313.1391
313.1421
313.1445
313.1468
313.1489
312.9976
312.9988
313.0005
313.002
313.0036
313.0128
313.0307
313.0502
313.0721
313.0983
313.1164
313.1188
313.121
313.1232
313.1254
313.1275
313.1297
313.1318
313.134
313.1362
313.1399
313.1425
313.1447
313.1469
313.149
312.9861
312.9871
312.9886
312.9898
312.9971
313.0104
313.0232
313.0351
313.0452
313.078
313.0986
313.1085
313.1149
313.1197
313.1237
313.1273
313.1306
313.134
313.138
313.1413
313.143
313.145
313.147
313.149
312.9748
312.9755
312.9768
312.9826
312.9926
313.0017
313.0097
313.0162
313.0409
313.0692
313.0873
313.0999
313.1092
313.1166
313.1228
313.1283
313.1336
313.1391
313.1422
313.1435
313.1452
313.1471
313.149
312.9663
312.9668
312.9719
312.98
312.9872
312.9935
312.9987
313.0202
313.0499
313.0719
313.0882
313.1008
313.1107
313.119
313.1262
313.1328
313.1394
313.1428
313.1439
313.1454
313.1472
313.1491
312.9611
312.9648
312.9722
312.9784
312.9839
312.9885
313.0085
313.0383
313.062
313.0804
313.0949
313.1066
313.1162
313.1246
313.1322
313.1395
313.1432
313.1442
313.1456
313.1473
313.1491
312.9621
312.968
312.9744
312.9795
312.9838
313.0031
313.0328
313.0571
313.0765
313.092
313.1045
313.1148
313.1237
313.1318
313.1395
313.1434
313.1443
313.1457
313.1473
313.1491
312.9685
312.9739
312.9795
312.9839
313.0032
313.0328
313.0571
313.0765
313.092
313.1045
313.1148
313.1237
313.1318
313.1395
313.1434
313.1443
313.1456
313.1473
313.1491
312.9784
312.9835
312.9886
313.0085
313.0383
313.0619
313.0804
313.095
313.1066
313.1163
313.1246
313.1322
313.1395
313.1432
313.1442
313.1456
313.1473
313.1491
312.9935
312.9983
313.0201
313.0499
313.0718
313.0882
313.1008
313.1108
313.119
313.1262
313.1328
313.1394
313.1428
313.1439
313.1454
313.1472
313.1491
313.0162
313.0405
313.0691
313.0874
313.0999
313.1093
313.1166
313.1228
313.1283
313.1336
313.1391
313.1422
313.1435
313.1452
313.1471
313.149
313.0778
313.0983
313.1085
313.1148
313.1197
313.1237
313.1273
313.1306
313.134
313.138
313.1413
313.143
313.145
313.147
313.149
313.1185
313.1208
313.1231
313.1253
313.1275
313.1296
313.1318
313.1339
313.1362
313.1399
313.1425
313.1447
313.1469
313.149
313.1211
313.1232
313.1254
313.1275
313.1296
313.1317
313.1338
313.136
313.1391
313.1421
313.1445
313.1468
313.1489
313.1233
313.1254
313.1275
313.1296
313.1317
313.1337
313.1357
313.1387
313.1417
313.1443
313.1467
313.1489
313.1254
313.1275
313.1296
313.1316
313.1336
313.1356
313.1384
313.1415
313.1442
313.1466
313.1489
313.1275
313.1295
313.1316
313.1336
313.1355
313.1382
313.1414
313.1441
313.1466
313.1489
313.0077
313.0085
313.0098
313.0114
313.013
313.0147
313.0164
313.0183
313.0289
313.0484
313.068
313.0877
313.1075
313.1183
313.12
313.1218
313.1237
313.1257
313.1277
313.1297
313.1317
313.1336
313.1356
313.1383
313.1414
313.1441
313.1466
313.1489
313.0082
313.0092
313.0108
313.0125
313.0142
313.0159
313.0177
313.0282
313.0477
313.0674
313.0872
313.1073
313.1181
313.1198
313.1217
313.1237
313.1257
313.1277
313.1297
313.1317
313.1337
313.1356
313.1384
313.1415
313.1442
313.1466
313.1489
313.0079
313.0092
313.0109
313.0126
313.0143
313.016
313.0264
313.0458
313.0657
313.086
313.1066
313.1178
313.1196
313.1215
313.1235
313.1256
313.1276
313.1297
313.1317
313.1338
313.1358
313.1387
313.1417
313.1443
313.1467
313.1489
313.0055
313.0069
313.0087
313.0103
313.012
313.022
313.0412
313.0613
313.0825
313.1048
313.1172
313.1192
313.1213
313.1234
313.1255
313.1276
313.1297
313.1318
313.1339
313.136
313.1391
313.1421
313.1445
313.1468
313.1489
312.999
313.0003
313.002
313.0036
313.0128
313.0307
313.0501
313.0721
313.0983
313.1164
313.1188
313.121
313.1232
313.1254
313.1275
313.1297
313.1318
313.134
313.1362
313.1399
313.1425
313.1447
313.1469
313.149
312.9874
312.9883
312.9898
312.9972
313.0104
313.0232
313.0351
313.0452
313.078
313.0986
313.1085
313.1149
313.1197
313.1237
313.1273
313.1306
313.134
313.138
313.1413
313.143
313.145
313.147
313.149
312.9758
312.9765
312.9826
312.9926
313.0017
313.0097
313.0161
313.0409
313.0692
313.0874
313.0999
313.1093
313.1166
313.1228
313.1283
313.1336
313.1391
313.1422
313.1435
313.1452
313.1471
313.149
312.9672
312.9715
312.98
312.9872
312.9935
312.9987
313.0201
313.0499
313.0719
313.0883
313.1008
313.1108
313.119
313.1262
313.1328
313.1394
313.1428
313.1439
313.1454
313.1472
313.1491
312.9652
312.9717
312.9785
312.9839
312.9885
313.0085
313.0383
313.0619
313.0804
313.095
313.1066
313.1163
313.1246
313.1322
313.1395
313.1432
313.1442
313.1456
313.1473
313.1491
312.9685
312.9739
312.9795
312.9839
313.0032
313.0328
313.0571
313.0765
313.092
313.1045
313.1148
313.1237
313.1318
313.1395
313.1434
313.1443
313.1456
313.1473
313.1491
312.9743
312.979
312.9839
313.0032
313.0328
313.0571
313.0765
313.092
313.1045
313.1149
313.1238
313.1318
313.1395
313.1434
313.1443
313.1456
313.1473
313.1491
312.9838
312.9881
313.0085
313.0383
313.0619
313.0804
313.095
313.1066
313.1163
313.1246
313.1322
313.1395
313.1432
313.1442
313.1456
313.1473
313.1491
312.9986
313.0196
313.0498
313.0719
313.0882
313.1008
313.1108
313.119
313.1262
313.1328
313.1394
313.1428
313.1439
313.1454
313.1472
313.1491
313.0407
313.0686
313.0873
313.0999
313.1093
313.1166
313.1228
313.1283
313.1335
313.1391
313.1422
313.1435
313.1452
313.1471
313.149
313.0983
313.1082
313.1148
313.1197
313.1237
313.1273
313.1306
313.134
313.138
313.1413
313.143
313.145
313.147
313.149
313.1208
313.123
313.1253
313.1274
313.1296
313.1317
313.1339
313.1362
313.1399
313.1425
313.1447
313.1469
313.149
313.1232
313.1253
313.1275
313.1296
313.1317
313.1338
313.136
313.1391
313.1421
313.1445
313.1468
313.1489
313.1254
313.1275
313.1296
313.1317
313.1337
313.1357
313.1386
313.1417
313.1443
313.1467
313.1489
313.1275
313.1295
313.1316
313.1336
313.1356
313.1384
313.1415
313.1442
313.1466
313.1489
313.1295
313.1315
313.1335
313.1355
313.1382
313.1414
313.1441
313.1466
313.1489
313.0087
313.0098
313.0114
313.013
313.0147
313.0165
313.0182
313.0289
313.0484
313.068
313.0877
313.1075
313.1183
313.12
313.1218
313.1237
313.1257
313.1277
313.1297
313.1317
313.1336
313.1356
313.1383
313.1414
313.1441
313.1466
313.1489
313.0094
313.0107
313.0125
313.0142
313.0159
313.0177
313.0282
313.0477
313.0674
313.0873
313.1073
313.1181
313.1198
313.1217
313.1237
313.1256
313.1277
313.1297
313.1317
313.1337
313.1356
313.1384
313.1415
313.1442
313.1466
313.1489
313.0093
313.0108
313.0126
313.0143
313.016
313.0264
313.0458
313.0657
313.086
313.1066
313.1178
313.1196
313.1215
313.1235
313.1256
313.1276
313.1297
313.1317
313.1338
313.1358
313.1387
313.1417
313.1443
313.1467
313.1489
313.0071
313.0085
313.0103
313.012
313.022
313.0412
313.0613
313.0825
313.1048
313.1172
313.1192
313.1213
313.1234
313.1255
313.1276
313.1297
313.1318
313.1339
313.136
313.1391
313.1421
313.1445
313.1468
313.1489
313.0005
313.0018
313.0036
313.0128
313.0307
313.0501
313.0721
313.0983
313.1164
313.1188
313.121
313.1232
313.1254
313.1275
313.1296
313.1318
313.134
313.1362
313.1399
313.1425
313.1447
313.1469
313.149
312.9886
312.9896
312.9972
313.0104
313.0232
313.0351
313.0451
313.078
313.0986
313.1086
313.1149
313.1197
313.1237
313.1273
313.1306
313.134
313.138
313.1413
313.143
313.145
313.147
313.149
312.9769
312.9823
312.9926
313.0017
313.0097
313.0161
313.0408
313.0692
313.0874
313.1
313.1093
313.1166
313.1228
313.1283
313.1336
313.1391
313.1422
313.1435
313.1452
313.1471
313.149
312.9719
312.9796
312.9872
312.9935
312.9987
313.0201
313.0498
313.0719
313.0883
313.1009
313.1108
313.119
313.1262
313.1328
313.1394
313.1428
313.1439
313.1454
313.1472
313.1491
312.9722
312.978
312.9839
312.9886
313.0085
313.0383
313.0619
313.0804
313.095
313.1067
313.1163
313.1246
313.1322
313.1395
313.1432
313.1442
313.1456
313.1473
313.1491
312.9743
312.979
312.9839
313.0032
313.0328
313.0571
313.0765
313.092
313.1045
313.1149
313.1238
313.1318
313.1395
313.1434
313.1443
313.1456
313.1473
313.1491
312.9794
312.9834
313.0032
313.0329
313.0571
313.0765
313.092
313.1045
313.1148
313.1238
313.1318
313.1395
313.1434
313.1443
313.1456
313.1473
313.1491
312.9885
313.0079
313.0383
313.0619
313.0804
313.0949
313.1066
313.1163
313.1246
313.1322
313.1395
313.1432
313.1442
313.1456
313.1473
313.1491
313.0198
313.0491
313.0718
313.0883
313.1008
313.1108
313.119
313.1262
313.1328
313.1394
313.1428
313.1439
313.1454
313.1472
313.1491
313.0687
313.0867
313.0999
313.1093
313.1166
313.1228
313.1283
313.1335
313.139
313.1422
313.1435
313.1452
313.1471
313.149
313.1082
313.1145
313.1196
313.1237
313.1272
313.1306
313.134
313.138
313.1413
313.143
313.145
313.147
313.149
313.123
313.1252
313.1274
313.1296
313.1317
313.1339
313.1362
313.1399
313.1425
313.1447
313.1469
313.149
313.1253
313.1274
313.1296
313.1317
313.1338
313.136
313.1391
313.142
313.1445
313.1468
313.1489
313.1274
313.1295
313.1316
313.1337
313.1357
313.1386
313.1417
313.1443
313.1467
313.1489
313.1295
313.1315
313.1336
313.1356
313.1384
313.1415
313.1442
313.1466
313.1489
313.1315
313.1335
313.1355
313.1382
313.1414
313.1441
313.1466
313.1489
313.0099
313.0113
313.013
313.0147
313.0164
313.0182
313.0288
313.0484
313.068
313.0877
313.1076
313.1183
313.12
313.1218
313.1237
313.1257
313.1277
313.1297
313.1317
313.1336
313.1355
313.1383
313.1414
313.1441
313.1466
313.1489
313.0109
313.0124
313.0142
313.0159
313.0177
313.0282
313.0477
313.0674
313.0873
313.1073
313.1181
313.1198
313.1217
313.1237
313.1256
313.1277
313.1297
313.1317
313.1337
313.1356
313.1384
313.1415
313.1442
313.1466
313.1489
313.011
313.0125
313.0143
313.0161
313.0264
313.0458
313.0656
313.0859
313.1066
313.1178
313.1196
313.1215
313.1235
313.1256
313.1276
313.1297
313.1317
313.1338
313.1358
313.1387
313.1417
313.1443
313.1467
313.1489
313.0087
313.0102
313.012
313.022
313.0412
313.0613
313.0825
313.1048
313.1172
313.1192
313.1213
313.1234
313.1255
313.1276
313.1297
313.1318
313.1339
313.136
313.1391
313.1421
313.1445
313.1468
313.1489
313.0021
313.0034
313.0128
313.0307
313.0501
313.0721
313.0982
313.1163
313.1188
313.121
313.1232
313.1254
313.1275
313.1296
313.1318
313.134
313.1362
313.1399
313.1425
313.1447
313.1469
313.149
312.9899
312.9969
313.0104
313.0232
313.0351
313.0451
313.078
313.0986
313.1086
313.1149
313.1197
313.1237
313.1273
313.1306
313.134
313.138
313.1413
313.143
313.145
313.147
313.149
312.9826
312.9923
313.0017
313.0097
313.0161
313.0408
313.0691
313.0874
313.1
313.1093
313.1167
313.1228
313.1283
313.1336
313.1391
313.1422
313.1435
313.1452
313.1471
313.149
312.98
312.9868
312.9935
312.9987
313.0201
313.0498
313.0718
313.0883
313.1008
313.1108
313.119
313.1262
313.1328
313.1394
313.1428
313.1439
313.1454
313.1472
313.1491
312.9784
312.9835
312.9886
313.0085
313.0383
313.0619
313.0804
313.095
313.1066
313.1163
313.1246
313.1322
313.1395
313.1432
313.1442
313.1456
313.1473
313.1491
312.9794
312.9834
313.0032
313.0329
313.0571
313.0765
313.092
313.1045
313.1148
313.1238
313.1318
313.1395
313.1434
313.1443
313.1456
313.1473
313.1491
312.9837
313.0025
313.0329
313.0571
313.0765
313.092
313.1045
313.1148
313.1238
313.1318
313.1395
313.1434
313.1443
313.1456
313.1473
313.1491
313.0081
313.0373
313.0619
313.0804
313.0949
313.1066
313.1163
313.1246
313.1322
313.1395
313.1432
313.1442
313.1456
313.1473
313.1491
313.0491
313.0708
313.0882
313.1008
313.1108
313.119
313.1262
313.1328
313.1394
313.1428
313.1439
313.1454
313.1472
313.1491
313.0867
313.0992
313.1092
313.1166
313.1228
313.1283
313.1335
313.139
313.1422
313.1435
313.1452
313.1471
313.149
313.1145
313.1193
313.1236
313.1272
313.1306
313.134
313.138
313.1413
313.143
313.145
313.147
313.149
313.1252
313.1273
313.1295
313.1317
313.1339
313.1362
313.1399
313.1425
313.1447
313.1469
313.149
313.1274
313.1295
313.1317
313.1338
313.1359
313.1391
313.142
313.1445
313.1468
313.1489
313.1295
313.1316
313.1337
313.1357
313.1386
313.1417
313.1443
313.1467
313.1489
313.1315
313.1335
313.1355
313.1384
313.1415
313.1442
313.1466
313.1489
313.1335
313.1354
313.1382
313.1414
313.1441
313.1466
313.1489
313.0114
313.0129
313.0147
313.0165
313.0182
313.0288
313.0483
313.068
313.0877
313.1076
313.1183
313.12
313.1218
313.1237
313.1257
313.1277
313.1297
313.1317
313.1336
313.1355
313.1383
313.1414
313.1441
313.1466
313.1489
313.0125
313.0141
313.0159
313.0177
313.0282
313.0477
313.0673
313.0873
313.1073
313.1181
313.1198
313.1217
313.1236
313.1256
313.1277
313.1297
313.1317
313.1337
313.1356
313.1384
313.1415
313.1442
313.1466
313.1489
313.0126
313.0142
313.016
313.0264
313.0458
313.0656
313.0859
313.1065
313.1177
313.1196
313.1215
313.1235
313.1256
313.1276
313.1297
313.1317
313.1338
313.1358
313.1387
313.1417
313.1443
313.1467
313.1489
313.0104
313.0119
313.022
313.0412
313.0613
313.0824
313.1047
313.1172
313.1192
313.1213
313.1234
313.1255
313.1276
313.1297
313.1318
313.1339
313.136
313.1391
313.1421
313.1445
313.1468
313.1489
313.0036
313.0126
313.0307
313.0501
313.072
313.0982
313.1163
313.1187
313.121
313.1232
313.1254
313.1275
313.1296
313.1318
313.134
313.1362
313.1399
313.1425
313.1447
313.1469
313.149
312.9972
313.0101
313.0232
313.0351
313.0451
313.078
313.0985
313.1085
313.1149
313.1197
313.1237
313.1273
313.1306
313.134
313.138
313.1413
313.143
313.145
313.147
313.149
312.9926
313.0014
313.0097
313.0162
313.0408
313.0691
313.0874
313.1
313.1093
313.1167
313.1228
313.1283
313.1335
313.1391
313.1422
313.1435
313.1452
313.1471
313.149
312.9872
312.9931
312.9987
313.0201
313.0498
313.0718
313.0883
313.1008
313.1108
313.119
313.1262
313.1328
313.1394
313.1428
313.1439
313.1454
313.1472
313.1491
312.9838
312.9881
313.0085
313.0383
313.0619
313.0804
313.095
313.1066
313.1163
313.1246
313.1322
313.1395
313.1432
313.1442
313.1456
313.1473
313.1491
312.9837
313.0025
313.0329
313.0571
313.0765
313.092
313.1045
313.1148
313.1238
313.1318
313.1395
313.1434
313.1443
313.1456
313.1473
313.1491
313.0027
313.0318
313.0571
313.0765
313.092
313.1045
313.1148
313.1238
313.1318
313.1395
313.1434
313.1443
313.1456
313.1473
313.1491
313.0373
313.0606
313.0804
313.095
313.1066
313.1163
313.1246
313.1322
313.1395
313.1432
313.1442
313.1456
313.1473
313.1491
313.0708
313.0871
313.1008
313.1108
313.119
313.1262
313.1328
313.1394
313.1428
313.1439
313.1454
313.1472
313.1491
313.0991
313.1085
313.1166
313.1228
313.1283
313.1335
313.139
313.1422
313.1435
313.1452
313.1471
313.149
313.1193
313.1234
313.1272
313.1306
313.134
313.138
313.1413
313.143
313.145
313.147
313.149
313.1273
313.1295
313.1317
313.1339
313.1362
313.1399
313.1425
313.1447
313.1469
313.149
313.1295
313.1316
313.1338
313.1359
313.1391
313.142
313.1445
313.1468
313.1489
313.1316
313.1336
313.1357
313.1386
313.1417
313.1443
313.1467
313.1489
313.1335
313.1355
313.1383
313.1415
313.1442
313.1466
313.1489
313.1354
313.1382
313.1414
313.1441
313.1466
313.1489
313.013
313.0146
313.0164
313.0182
313.0288
313.0483
313.068
313.0877
313.1076
313.1183
313.12
313.1218
313.1237
313.1257
313.1277
313.1297
313.1317
313.1336
313.1355
313.1383
313.1414
313.1441
313.1466
313.1489
313.0142
313.0158
313.0177
313.0282
313.0476
313.0673
313.0872
313.1073
313.1181
313.1198
313.1217
313.1237
313.1256
313.1277
313.1297
313.1317
313.1337
313.1356
313.1384
313.1415
313.1442
313.1466
313.1489
313.0143
313.0159
313.0264
313.0458
313.0656
313.0859
313.1065
313.1177
313.1196
313.1215
313.1235
313.1256
313.1276
313.1297
313.1317
313.1338
313.1358
313.1387
313.1417
313.1443
313.1467
313.1489
313.0121
313.0219
313.0412
313.0613
313.0824
313.1047
313.1171
313.1192
313.1213
313.1234
313.1255
313.1276
313.1297
313.1318
313.1339
313.136
313.1391
313.1421
313.1445
313.1468
313.1489
313.0128
313.0305
313.0501
313.0721
313.0982
313.1163
313.1187
313.121
313.1232
313.1254
313.1275
313.1296
313.1318
313.134
313.1362
313.1399
313.1425
313.1447
313.1469
313.149
313.0104
313.023
313.0351
313.0451
313.0779
313.0985
313.1085
313.1149
313.1197
313.1237
313.1273
313.1306
313.134
313.138
313.1413
313.143
313.145
313.147
313.149
313.0017
313.0094
313.0162
313.0408
313.0691
313.0874
313.0999
313.1093
313.1167
313.1228
313.1283
313.1336
313.1391
313.1422
313.1435
313.1452
313.1471
313.149
312.9935
312.9983
313.0201
313.0499
313.0718
313.0882
313.1008
313.1108
313.119
313.1262
313.1328
313.1394
313.1428
313.1439
313.1454
313.1472
313.1491
312.9885
313.0079
313.0383
313.0619
313.0804
313.0949
313.1066
313.1163
313.1246
313.1322
313.1395
313.1432
313.1442
313.1456
313.1473
313.1491
313.0027
313.0318
313.0571
313.0765
313.092
313.1045
313.1148
313.1238
313.1318
313.1395
313.1434
313.1443
313.1456
313.1473
313.1491
313.0318
313.0557
313.0765
313.092
313.1045
313.1148
313.1237
313.1318
313.1395
313.1434
313.1443
313.1456
313.1473
313.1491
313.0605
313.079
313.0949
313.1066
313.1163
313.1246
313.1322
313.1395
313.1432
313.1441
313.1456
313.1473
313.1491
313.087
313.0997
313.1107
313.119
313.1262
313.1328
313.1394
313.1428
313.1439
313.1454
313.1472
313.1491
313.1084
313.1159
313.1228
313.1283
313.1335
313.139
313.1422
313.1435
313.1452
313.1471
313.149
313.1233
313.127
313.1306
313.134
313.138
313.1412
313.143
313.145
313.147
313.149
313.1295
313.1316
313.1339
313.1362
313.1399
313.1425
313.1447
313.1469
313.149
313.1316
313.1337
313.1359
313.1391
313.142
313.1445
313.1467
313.1489
313.1336
313.1357
313.1386
313.1417
313.1443
313.1467
313.1489
313.1355
313.1383
313.1415
313.1442
313.1466
313.1489
313.1382
313.1413
313.1441
313.1466
313.1489
313.0147
313.0164
313.0182
313.0288
313.0483
313.068
313.0877
313.1075
313.1183
313.12
313.1218
313.1237
313.1257
313.1277
313.1297
313.1317
313.1336
313.1355
313.1383
313.1414
313.1441
313.1466
313.1489
313.0159
313.0176
313.0282
313.0477
313.0673
313.0872
313.1072
313.1181
313.1198
313.1217
313.1237
313.1256
313.1277
313.1297
313.1317
313.1337
313.1356
313.1384
313.1415
313.1442
313.1466
313.1489
313.0161
313.0263
313.0458
313.0656
313.0859
313.1065
313.1177
313.1196
313.1215
313.1235
313.1256
313.1276
313.1297
313.1317
313.1338
313.1358
313.1387
313.1417
313.1443
313.1467
313.1489
313.0221
313.041
313.0612
313.0824
313.1047
313.1171
313.1192
313.1213
313.1234
313.1255
313.1276
313.1297
313.1318
313.1339
313.136
313.1391
313.1421
313.1445
313.1468
313.1489
313.0307
313.0499
313.072
313.0982
313.1163
313.1187
313.121
313.1232
313.1254
313.1275
313.1296
313.1318
313.134
313.1362
313.1399
313.1425
313.1447
313.1469
313.149
313.0232
313.0349
313.0451
313.078
313.0985
313.1085
313.1149
313.1197
313.1237
313.1273
313.1306
313.134
313.138
313.1413
313.143
313.145
313.147
313.149
313.0097
313.0159
313.0408
313.0691
313.0874
313.0999
313.1093
313.1167
313.1228
313.1283
313.1336
313.1391
313.1422
313.1435
313.1452
313.1471
313.149
312.9986
313.0196
313.0498
313.0719
313.0882
313.1008
313.1108
313.119
313.1262
313.1328
313.1394
313.1428
313.1439
313.1454
313.1472
313.1491
313.0081
313.0373
313.0619
313.0804
313.0949
313.1066
313.1163
313.1246
313.1322
313.1395
313.1432
313.1442
313.1456
313.1473
313.1491
313.0318
313.0557
313.0765
313.092
313.1045
313.1148
313.1237
313.1318
313.1395
313.1434
313.1443
313.1456
313.1473
313.1491
313.0555
313.0749
313.092
313.1045
313.1148
313.1237
313.1318
313.1395
313.1434
313.1443
313.1456
313.1473
313.1491
313.0788
313.0935
313.1066
313.1163
313.1246
313.1322
313.1395
313.1432
313.1441
313.1456
313.1473
313.1491
313.0995
313.1097
313.119
313.1262
313.1328
313.1394
313.1428
313.1439
313.1454
313.1472
313.1491
313.1159
313.1222
313.1282
313.1335
313.139
313.1422
313.1435
313.1452
313.1471
313.149
313.1269
313.1304
313.134
313.138
313.1412
313.143
313.145
313.147
313.149
313.1316
313.1338
313.1361
313.1399
313.1425
313.1447
313.1469
313.149
313.1337
313.1359
313.1391
313.142
313.1445
313.1467
313.1489
313.1356
313.1386
313.1417
313.1443
313.1467
313.1489
313.1383
313.1414
313.1442
313.1466
313.1489
313.1413
313.1441
313.1465
313.1489
313.0165
313.0181
313.0288
313.0483
313.0679
313.0877
313.1075
313.1182
313.12
313.1218
313.1237
313.1257
313.1277
313.1297
313.1317
313.1336
313.1355
313.1383
313.1414
313.1441
313.1466
313.1489
313.0177
313.0281
313.0476
313.0673
313.0872
313.1072
313.1181
313.1198
313.1217
313.1237
313.1256
313.1277
313.1297
313.1317
313.1337
313.1356
313.1384
313.1415
313.1442
313.1466
313.1489
313.0264
313.0457
313.0656
313.0859
313.1065
313.1177
313.1195
313.1215
313.1235
313.1256
313.1276
313.1297
313.1317
313.1338
313.1358
313.1387
313.1417
313.1443
313.1467
313.1489
313.0412
313.0611
313.0824
313.1047
313.1171
313.1192
313.1213
313.1234
313.1255
313.1276
313.1297
313.1318
313.1339
313.136
313.1391
313.1421
313.1445
313.1468
313.1489
313.0501
313.0719
313.0982
313.1163
313.1187
313.121
313.1232
313.1254
313.1275
313.1296
313.1318
313.134
313.1362
313.1399
313.1425
313.1447
313.1469
313.149
313.0351
313.0449
313.0779
313.0985
313.1085
313.1149
313.1197
313.1237
313.1273
313.1306
313.134
313.138
313.1413
313.143
313.145
313.147
313.149
313.0162
313.0405
313.0691
313.0874
313.0999
313.1093
313.1166
313.1228
313.1283
313.1336
313.1391
313.1422
313.1435
313.1452
313.1471
313.149
313.0198
313.0491
313.0718
313.0883
313.1008
313.1108
313.119
313.1262
313.1328
313.1394
313.1428
313.1439
313.1454
313.1472
313.1491
313.0373
313.0606
313.0804
313.095
313.1066
313.1163
313.1246
313.1322
313.1395
313.1432
313.1441
313.1456
313.1473
313.1491
313.0555
313.0749
313.092
313.1045
313.1148
313.1237
313.1318
313.1395
313.1434
313.1443
313.1456
313.1473
313.1491
313.0746
313.0903
313.1045
313.1148
313.1237
313.1318
313.1395
313.1434
313.1443
313.1456
313.1473
313.1491
313.0933
313.1053
313.1162
313.1246
313.1322
313.1395
313.1432
313.1441
313.1456
313.1473
313.1491
313.1096
313.1181
313.1261
313.1328
313.1394
313.1428
313.1439
313.1454
313.1472
313.1491
313.1221
313.1278
313.1335
313.139
313.1422
313.1435
313.1452
313.1471
313.149
313.1303
313.1338
313.1379
313.1412
313.143
313.145
313.147
313.149
313.1338
313.1361
313.1399
313.1425
313.1447
313.1469
313.149
313.1359
313.139
313.142
313.1445
313.1467
313.1489
313.1386
313.1417
313.1443
313.1467
313.1489
313.1414
313.1441
313.1466
313.1489
313.1441
313.1465
313.1489
313.0183
313.0287
313.0483
313.0679
313.0877
313.1075
313.1182
313.12
313.1218
313.1237
313.1257
313.1277
313.1297
313.1317
313.1336
313.1355
313.1383
313.1414
313.1441
313.1466
313.1489
313.0282
313.0475
313.0673
313.0872
313.1072
313.1181
313.1198
313.1217
313.1236
313.1256
313.1277
313.1297
313.1317
313.1337
313.1356
313.1384
313.1415
313.1442
313.1466
313.1489
313.0458
313.0655
313.0858
313.1065
313.1177
313.1195
313.1215
313.1235
313.1256
313.1276
313.1297
313.1317
313.1338
313.1358
313.1387
313.1417
313.1443
313.1467
313.1489
313.0612
313.0823
313.1047
313.1171
313.1191
313.1212
313.1233
313.1255
313.1276
313.1297
313.1318
313.1339
313.136
313.1391
313.1421
313.1445
313.1468
313.1489
313.072
313.0981
313.1162
313.1187
313.121
313.1232
313.1253
313.1275
313.1296
313.1318
313.134
313.1362
313.1399
313.1425
313.1447
313.1469
313.149
313.0451
313.0777
313.0985
313.1085
313.1149
313.1197
313.1237
313.1273
313.1306
313.134
313.138
313.1413
313.143
313.145
313.147
313.149
313.0407
313.0686
313.0873
313.0999
313.1093
313.1166
313.1228
313.1283
313.1335
313.1391
313.1422
313.1435
313.1452
313.1471
313.149
313.0491
313.0708
313.0882
313.1008
313.1108
313.119
313.1262
313.1328
313.1394
313.1428
313.1439
313.1454
313.1472
313.1491
313.0605
313.079
313.0949
313.1066
313.1163
313.1246
313.1322
313.1395
313.1432
313.1441
313.1456
313.1473
313.1491
313.0746
313.0903
313.1045
313.1148
313.1237
313.1318
313.1395
313.1434
313.1443
313.1456
313.1473
313.1491
313.0901
313.103
313.1148
313.1237
313.1318
313.1395
313.1434
313.1443
313.1456
313.1473
313.1491
313.1051
313.1151
313.1246
313.1322
313.1395
313.1432
313.1441
313.1456
313.1473
313.1491
313.118
313.1255
313.1328
313.1394
313.1428
313.1439
313.1454
313.1472
313.1491
313.1278
313.1332
313.139
313.1422
313.1435
313.1452
313.1471
313.149
313.1338
313.1379
313.1412
313.143
313.145
313.147
313.149
313.1361
313.1398
313.1425
313.1447
313.1469
313.149
313.139
313.142
313.1445
313.1467
313.1489
313.1416
313.1443
313.1466
313.1489
313.1441
313.1466
313.1489
313.1465
313.1489
313.0288
313.0482
313.0679
313.0877
313.1075
313.1182
313.1199
313.1218
313.1237
313.1257
313.1277
313.1297
313.1317
313.1336
313.1355
313.1383
313.1414
313.1441
313.1466
313.1489
313.0476
313.0672
313.0872
313.1072
313.118
313.1198
313.1217
313.1236
313.1256
313.1277
313.1297
313.1317
313.1337
313.1356
313.1384
313.1415
313.1442
313.1466
313.1489
313.0656
313.0858
313.1064
313.1177
313.1195
313.1215
313.1235
313.1255
313.1276
313.1297
313.1317
313.1338
313.1358
313.1387
313.1417
313.1443
313.1467
313.1489
313.0823
313.1046
313.1171
313.1191
313.1212
313.1233
313.1254
313.1275
313.1297
313.1318
313.1339
313.136
313.1391
313.1421
313.1445
313.1468
313.1489
313.0981
313.1162
313.1186
313.1209
313.1232
313.1253
313.1275
313.1296
313.1318
313.134
313.1362
313.1399
313.1425
313.1447
313.1469
313.149
313.0778
313.0983
313.1085
313.1148
313.1197
313.1237
313.1273
313.1306
313.134
313.138
313.1413
313.143
313.145
313.147
313.149
313.0687
313.0867
313.0999
313.1093
313.1166
313.1228
313.1283
313.1335
313.139
313.1422
313.1435
313.1452
313.1471
313.149
313.0708
313.0871
313.1008
313.1108
313.119
313.1262
313.1328
313.1394
313.1428
313.1439
313.1454
313.1472
313.1491
313.0788
313.0935
313.1066
313.1163
313.1246
313.1322
313.1395
313.1432
313.1441
313.1456
313.1473
313.1491
313.0901
313.103
313.1148
313.1237
313.1318
313.1395
313.1434
313.1443
313.1456
313.1473
313.1491
313.1027
313.1136
313.1237
313.1318
313.1395
313.1434
313.1443
313.1456
313.1473
313.1491
313.115
313.1238
313.1321
313.1395
313.1432
313.1441
313.1456
313.1473
313.1491
313.1254
313.1324
313.1393
313.1428
313.1439
313.1454
313.1472
313.1491
313.1332
313.1389
313.1422
313.1435
313.1452
313.1471
313.149
313.1379
313.1412
313.143
313.145
313.147
313.149
313.1398
313.1424
313.1447
313.1469
313.149
313.142
313.1445
313.1467
313.1489
313.1443
313.1466
313.1489
313.1466
313.1489
313.1489
313.0483
313.0678
313.0876
313.1075
313.1182
313.1199
313.1218
313.1237
313.1257
313.1277
313.1297
313.1317
313.1336
313.1355
313.1383
313.1414
313.1441
313.1466
313.1489
313.0673
313.0871
313.1072
313.118
313.1198
313.1217
313.1236
313.1256
313.1276
313.1297
313.1317
313.1337
313.1356
313.1384
313.1415
313.1442
313.1466
313.1489
313.0858
313.1064
313.1176
313.1195
313.1215
313.1235
313.1255
313.1276
313.1297
313.1317
313.1338
313.1358
313.1387
313.1417
313.1443
313.1467
313.1489
313.1046
313.117
313.1191
313.1212
313.1233
313.1254
313.1275
313.1296
313.1318
313.1339
313.136
313.1391
313.1421
313.1445
313.1468
313.1489
313.1161
313.1186
313.1209
313.1231
313.1253
313.1275
313.1296
313.1318
313.134
313.1362
313.1399
313.1425
313.1447
313.1469
313.149
313.0983
313.1082
313.1148
313.1197
313.1237
313.1273
313.1306
313.134
313.138
313.1413
313.143
313.145
313.147
313.149
313.0867
313.0992
313.1092
313.1166
313.1228
313.1283
313.1335
313.139
313.1422
313.1435
313.1452
313.1471
313.149
313.087
313.0997
313.1107
313.119
313.1262
313.1328
313.1394
313.1428
313.1439
313.1454
313.1472
313.1491
313.0933
313.1053
313.1162
313.1246
313.1322
313.1395
313.1432
313.1441
313.1456
313.1473
313.1491
313.1027
313.1136
313.1237
313.1318
313.1395
313.1434
313.1443
313.1456
313.1473
313.1491
313.1134
313.1228
313.1318
313.1395
313.1434
313.1443
313.1456
313.1473
313.1491
313.1236
313.1316
313.1394
313.1432
313.1441
313.1456
313.1473
313.1491
313.1323
313.1392
313.1428
313.1439
313.1454
313.1472
313.1491
313.1389
313.1421
313.1435
313.1452
313.1471
313.149
313.1412
313.143
313.145
313.147
313.149
313.1424
313.1447
313.1468
313.149
313.1444
313.1467
313.1489
313.1466
313.1489
313.1489
313.0679
313.0876
313.1074
313.1182
313.1199
313.1218
313.1237
313.1257
313.1277
313.1297
313.1317
313.1336
313.1355
313.1383
313.1414
313.1441
313.1466
313.1489
313.0871
313.1071
313.118
313.1198
313.1216
313.1236
313.1256
313.1276
313.1297
313.1317
313.1337
313.1356
313.1384
313.1415
313.1442
313.1466
313.1489
313.1064
313.1176
313.1195
313.1215
313.1235
313.1255
313.1276
313.1297
313.1317
313.1338
313.1358
313.1387
313.1417
313.1443
313.1467
313.1489
313.117
313.119
313.1212
313.1233
313.1254
313.1275
313.1296
313.1317
313.1339
313.136
313.1391
313.1421
313.1445
313.1468
313.1489
313.1185
313.1208
313.1231
313.1253
313.1275
313.1296
313.1318
313.1339
313.1362
313.1399
313.1425
313.1447
313.1469
313.149
313.1082
313.1145
313.1196
313.1237
313.1272
313.1306
313.134
313.138
313.1413
313.143
313.145
313.147
313.149
313.0991
313.1085
313.1166
313.1228
313.1283
313.1335
313.139
313.1422
313.1435
313.1452
313.1471
313.149
313.0995
313.1097
313.119
313.1262
313.1328
313.1394
313.1428
313.1439
313.1454
313.1472
313.1491
313.1051
313.1151
313.1246
313.1322
313.1395
313.1432
313.1441
313.1456
313.1473
313.1491
313.1134
313.1228
313.1318
313.1395
313.1434
313.1443
313.1456
313.1473
313.1491
313.1227
313.1312
313.1395
313.1434
313.1443
313.1456
313.1473
313.1491
313.1316
313.1393
313.1432
313.1441
313.1456
313.1473
313.1491
313.1392
313.1428
313.1439
313.1454
313.1472
313.1491
313.1421
313.1435
313.1452
313.1471
313.149
313.143
313.1449
313.147
313.149
313.1447
313.1468
313.149
313.1467
313.1489
313.1489
313.0876
313.1074
313.1181
313.1199
313.1217
313.1237
313.1256
313.1276
313.1297
313.1317
313.1336
313.1355
313.1383
313.1414
313.1441
313.1466
313.1489
313.1071
313.1179
313.1197
313.1216
313.1236
313.1256
313.1276
313.1297
313.1317
313.1337
313.1356
313.1384
313.1415
313.1442
313.1466
313.1489
313.1175
313.1194
313.1214
313.1235
313.1255
313.1276
313.1296
313.1317
313.1338
313.1358
313.1387
313.1417
313.1443
313.1467
313.1489
313.119
313.1211
313.1233
313.1254
313.1275
313.1296
313.1317
313.1339
313.136
313.1391
313.1421
313.1445
313.1468
313.1489
313.1208
313.123
313.1253
313.1274
313.1296
313.1317
313.1339
313.1362
313.1399
313.1425
313.1447
313.1469
313.149
313.1145
313.1193
313.1236
313.1272
313.1306
313.134
313.138
313.1413
313.143
313.145
313.147
313.149
313.1084
313.1159
313.1228
313.1283
313.1335
313.139
313.1422
313.1435
313.1452
313.1471
313.149
313.1096
313.1181
313.1261
313.1328
313.1394
313.1428
313.1439
313.1454
313.1472
313.1491
313.115
313.1238
313.1321
313.1395
313.1432
313.1441
313.1456
313.1473
313.1491
313.1227
313.1312
313.1395
313.1434
313.1443
313.1456
313.1473
313.1491
313.1311
313.1393
313.1434
313.1443
313.1456
313.1473
313.1491
313.1392
313.1432
313.1441
313.1456
313.1473
313.1491
313.1428
313.1438
313.1454
313.1472
313.1491
313.1434
313.1452
313.1471
313.149
313.1449
313.147
313.149
313.1468
313.1489
313.1489
313.1074
313.1181
313.1199
313.1217
313.1237
313.1256
313.1276
313.1296
313.1317
313.1336
313.1355
313.1383
313.1414
313.1441
313.1466
313.1489
313.1179
313.1197
313.1216
313.1236
313.1256
313.1276
313.1296
313.1317
313.1337
313.1356
313.1384
313.1415
313.1442
313.1466
313.1489
313.1194
313.1213
313.1234
313.1255
313.1276
313.1296
313.1317
313.1337
313.1358
313.1387
313.1417
313.1443
313.1467
313.1489
313.1211
313.1232
313.1254
313.1275
313.1296
313.1317
313.1338
313.136
313.1391
313.1421
313.1445
313.1468
313.1489
313.123
313.1252
313.1274
313.1296
313.1317
313.1339
313.1362
313.1399
313.1425
313.1447
313.1469
313.149
313.1193
313.1234
313.1272
313.1306
313.134
313.138
313.1413
313.143
313.145
313.147
313.149
313.1159
313.1222
313.1282
313.1335
313.139
313.1422
313.1435
313.1452
313.1471
313.149
313.118
313.1255
313.1328
313.1394
313.1428
313.1439
313.1454
313.1472
313.1491
313.1236
313.1316
313.1394
313.1432
313.1441
313.1456
313.1473
313.1491
313.1311
313.1393
313.1434
313.1443
313.1456
313.1473
313.1491
313.1392
313.1433
313.1442
313.1456
313.1473
313.1491
313.1431
313.1441
313.1455
313.1472
313.1491
313.1438
313.1454
313.1472
313.1491
313.1452
313.1471
313.149
313.147
313.149
313.1489
313.118
313.1198
313.1217
313.1236
313.1256
313.1276
313.1296
313.1316
313.1336
313.1355
313.1383
313.1414
313.1441
313.1466
313.1489
313.1196
313.1215
313.1235
313.1256
313.1276
313.1296
313.1317
313.1337
313.1356
313.1384
313.1415
313.1442
313.1466
313.1489
313.1213
313.1234
313.1255
313.1275
313.1296
313.1317
313.1337
313.1358
313.1387
313.1417
313.1443
313.1467
313.1489
313.1232
313.1253
313.1275
313.1296
313.1317
313.1338
313.136
313.1391
313.1421
313.1445
313.1468
313.1489
313.1252
313.1273
313.1295
313.1317
313.1339
313.1362
313.1399
313.1425
313.1447
313.1469
313.149
313.1233
313.127
313.1306
313.134
313.138
313.1412
313.143
313.145
313.147
313.149
313.1221
313.1278
313.1335
313.139
313.1422
313.1435
313.1452
313.1471
313.149
313.1254
313.1324
313.1393
313.1428
313.1439
313.1454
313.1472
313.1491
313.1316
313.1393
313.1432
313.1441
313.1456
313.1473
313.1491
313.1392
313.1433
313.1442
313.1456
313.1473
313.1491
313.1433
313.1442
313.1456
313.1473
313.1491
313.1441
313.1455
313.1472
313.1491
313.1454
313.1472
313.149
313.1471
313.149
313.149
313.1198
313.1216
313.1236
313.1256
313.1276
313.1296
313.1316
313.1336
313.1355
313.1383
313.1414
313.1441
313.1466
313.1489
313.1215
313.1235
313.1255
313.1276
313.1296
313.1316
313.1336
313.1356
313.1384
313.1415
313.1442
313.1466
313.1489
313.1233
313.1254
313.1275
313.1296
313.1317
313.1337
313.1357
313.1387
313.1417
313.1443
313.1467
313.1489
313.1253
313.1274
313.1296
313.1317
313.1338
313.136
313.1391
313.142
313.1445
313.1468
313.1489
313.1273
313.1295
313.1317
313.1339
313.1362
313.1399
313.1425
313.1447
313.1469
313.149
313.1269
313.1304
313.134
313.138
313.1412
313.143
313.145
313.147
313.149
313.1278
313.1332
313.139
313.1422
313.1435
313.1452
313.1471
313.149
313.1323
313.1392
313.1428
313.1439
313.1454
313.1472
313.1491
313.1392
313.1432
313.1441
313.1456
313.1473
313.1491
313.1433
313.1442
313.1456
313.1473
313.1491
313.1442
313.1456
313.1473
313.1491
313.1455
313.1472
313.1491
313.1472
313.149
313.149
313.1216
313.1235
313.1256
313.1276
313.1296
313.1316
313.1336
313.1355
313.1383
313.1414
313.1441
313.1466
313.1489
313.1234
313.1255
313.1275
313.1296
313.1316
313.1336
313.1356
313.1384
313.1415
313.1442
313.1466
313.1489
313.1254
313.1275
313.1296
313.1317
313.1337
313.1357
313.1386
313.1417
313.1443
313.1467
313.1489
313.1274
313.1295
313.1317
313.1338
313.1359
313.1391
313.142
313.1445
313.1468
313.1489
313.1295
313.1316
313.1339
313.1362
313.1399
313.1425
313.1447
313.1469
313.149
313.1303
313.1338
313.1379
313.1412
313.143
313.145
313.147
313.149
313.1332
313.1389
313.1422
313.1435
313.1452
313.1471
313.149
313.1392
313.1428
313.1439
313.1454
313.1472
313.1491
313.1431
313.1441
313.1455
313.1472
313.1491
313.1442
313.1456
313.1473
313.1491
313.1456
313.1473
313.1491
313.1472
313.1491
313.149
313.1235
313.1255
313.1276
313.1296
313.1316
313.1336
313.1355
313.1383
313.1414
313.1441
313.1466
313.1489
313.1254
313.1275
313.1296
313.1316
313.1336
313.1356
313.1384
313.1415
313.1442
313.1466
313.1489
313.1274
313.1295
313.1316
313.1337
313.1357
313.1386
313.1417
313.1443
313.1467
313.1489
313.1295
313.1316
313.1338
313.1359
313.1391
313.142
313.1445
313.1468
313.1489
313.1316
313.1338
313.1361
313.1399
313.1425
313.1447
313.1469
313.149
313.1338
313.1379
313.1412
313.143
313.145
313.147
313.149
313.1389
313.1421
313.1435
313.1452
313.1471
313.149
313.1428
313.1438
313.1454
313.1472
313.1491
313.1441
313.1455
313.1472
313.1491
313.1456
313.1473
313.1491
313.1473
313.1491
313.1491
313.1255
313.1275
313.1296
313.1316
313.1336
313.1355
313.1383
313.1414
313.1441
313.1466
313.1489
313.1275
313.1295
313.1316
313.1336
313.1356
313.1384
313.1415
313.1442
313.1466
313.1489
313.1295
313.1316
313.1337
313.1357
313.1386
313.1417
313.1443
313.1467
313.1489
313.1316
313.1337
313.1359
313.1391
313.142
313.1445
313.1467
313.1489
313.1338
313.1361
313.1399
313.1425
313.1447
313.1469
313.149
313.1379
313.1412
313.143
313.145
313.147
313.149
313.1421
313.1435
313.1452
313.1471
313.149
313.1438
313.1454
313.1472
313.1491
313.1455
313.1472
313.1491
313.1473
313.1491
313.1491
313.1275
313.1295
313.1316
313.1336
313.1355
313.1382
313.1414
313.1441
313.1466
313.1489
313.1295
313.1315
313.1336
313.1356
313.1384
313.1415
313.1442
313.1466
313.1489
313.1316
313.1336
313.1357
313.1386
313.1417
313.1443
313.1467
313.1489
313.1337
313.1359
313.1391
313.142
313.1445
313.1467
313.1489
313.1361
313.1398
313.1425
313.1447
313.1469
313.149
313.1412
313.143
313.145
313.147
313.149
313.1434
313.1452
313.1471
313.149
313.1454
313.1472
313.149
313.1472
313.1491
313.1491
313.1295
313.1315
313.1335
313.1355
313.1382
313.1414
313.1441
313.1466
313.1489
313.1315
313.1335
313.1355
313.1384
313.1415
313.1442
313.1466
313.1489
313.1336
313.1357
313.1386
313.1417
313.1443
313.1467
313.1489
313.1359
313.139
313.142
313.1445
313.1467
313.1489
313.1398
313.1424
313.1447
313.1469
313.149
313.143
313.1449
313.147
313.149
313.1452
313.1471
313.149
313.1472
313.149
313.1491
313.1315
313.1335
313.1355
313.1382
313.1414
313.1441
313.1466
313.1489
313.1335
313.1355
313.1383
313.1415
313.1442
313.1466
313.1489
313.1356
313.1386
313.1417
313.1443
313.1467
313.1489
313.139
313.142
313.1445
313.1467
313.1489
313.1424
313.1447
313.1468
313.149
313.1449
313.147
313.149
313.1471
313.149
313.149
313.1335
313.1354
313.1382
313.1414
313.1441
313.1466
313.1489
313.1355
313.1383
313.1415
313.1442
313.1466
313.1489
313.1386
313.1417
313.1443
313.1467
313.1489
313.142
313.1445
313.1467
313.1489
313.1447
313.1468
313.149
313.147
313.149
313.149
313.1354
313.1382
313.1414
313.1441
313.1466
313.1489
313.1383
313.1414
313.1442
313.1466
313.1489
313.1416
313.1443
313.1466
313.1489
313.1444
313.1467
313.1489
313.1468
313.1489
313.149
313.1382
313.1413
313.1441
313.1466
313.1489
313.1414
313.1441
313.1466
313.1489
313.1443
313.1466
313.1489
313.1467
313.1489
313.1489
313.1413
313.1441
313.1465
313.1489
313.1441
313.1466
313.1489
313.1466
313.1489
313.1489
313.1441
313.1465
313.1489
313.1466
313.1489
313.1489
313.1465
313.1489
313.1489
313.1489
)
;

boundaryField
{
    interconnect0
    {
        type            fixedValue;
        value           uniform 313.15;
    }
    interconnectSides
    {
        type            zeroGradient;
    }
    airInlet
    {
        type            fixedValue;
        value           uniform 313.15;
    }
    airOutlet
    {
        type            zeroGradient;
    }
    cathodeSides
    {
        type            zeroGradient;
    }
    electrolyteSides
    {
        type            zeroGradient;
    }
    anodeSides
    {
        type            zeroGradient;
    }
    fuelInlet
    {
        type            fixedValue;
        value           uniform 313.15;
    }
    fuelOutlet
    {
        type            zeroGradient;
    }
    interconnect1
    {
        type            fixedValue;
        value           uniform 313.15;
    }
}


// ************************************************************************* //
